START,STOP,PATIENT,ENCOUNTER,CODE,DESCRIPTION
2015-07-15,,7cb39181-a309-4514-b65a-4beeb3c37848,45dbcb3b-6ac3-4591-a6ed-6196d1b32af7,49436004,Atrial Fibrillation
2010-07-23,,baa03cf0-916f-41b0-b6d6-ba71178542a0,267f12f9-714c-4b98-98d1-5692a7556669,53741008,Coronary Heart Disease
2017-08-24,,30d89e5f-17fe-4a95-aff3-2316f52a23b0,6e06baa0-4fd8-4a86-a0fd-54bf07e97cc4,53741008,Coronary Heart Disease
1964-07-30,,a0785137-114a-432c-98ea-7c2598c20a20,46000935-b7cc-4e6d-be5a-80f309e4f8a4,410429000,Cardiac Arrest
1964-07-30,,a0785137-114a-432c-98ea-7c2598c20a20,46000935-b7cc-4e6d-be5a-80f309e4f8a4,429007001,History of cardiac arrest (situation)
1990-02-22,,a0785137-114a-432c-98ea-7c2598c20a20,24835a4a-6514-4714-90df-52d8df173e16,53741008,Coronary Heart Disease
1994-06-30,,a0785137-114a-432c-98ea-7c2598c20a20,9631bafd-a0ae-4adf-86cd-7af5bf4d4587,230690007,Stroke
1999-12-30,,a0785137-114a-432c-98ea-7c2598c20a20,ae1f73bd-5ec4-4281-a1e8-8f5267b01462,22298006,Myocardial Infarction
1999-12-30,,a0785137-114a-432c-98ea-7c2598c20a20,ae1f73bd-5ec4-4281-a1e8-8f5267b01462,399211009,History of myocardial infarction (situation)
2001-02-28,,d2f5edb3-3a55-4621-88b8-75a702169f25,a47a79ce-67fa-41e3-99df-1ba7d534446a,49436004,Atrial Fibrillation
2019-08-07,,d2f5edb3-3a55-4621-88b8-75a702169f25,169d0a97-f7b8-4195-a04a-87a693d02944,230690007,Stroke
1965-05-20,,f6d38747-7f0c-4054-9857-fddf434f8fa4,9de285ff-2d93-4b0b-9282-06fcac38fc92,53741008,Coronary Heart Disease
1966-09-29,,f6d38747-7f0c-4054-9857-fddf434f8fa4,9a4f1e6a-e21e-49a9-ae3a-65eed7b86222,410429000,Cardiac Arrest
1966-09-29,,f6d38747-7f0c-4054-9857-fddf434f8fa4,9a4f1e6a-e21e-49a9-ae3a-65eed7b86222,429007001,History of cardiac arrest (situation)
2019-08-08,,31c77469-d03d-4fdc-b4b6-e804712864af,3cd7e904-ab3a-4ea4-84dd-696b376294be,53741008,Coronary Heart Disease
1996-12-22,,d6fd9bcc-cda4-42ed-b1d6-097d2b55bd89,0c17b668-b34d-41f0-8784-e818717c97cc,410429000,Cardiac Arrest
1996-12-22,,d6fd9bcc-cda4-42ed-b1d6-097d2b55bd89,0c17b668-b34d-41f0-8784-e818717c97cc,429007001,History of cardiac arrest (situation)
2016-03-13,,d6fd9bcc-cda4-42ed-b1d6-097d2b55bd89,f99a4335-3130-4311-9d61-d94b7c4cd6c3,53741008,Coronary Heart Disease
1975-07-17,,399ca9ed-a2fa-41bc-9ed4-6fd983a12c4c,ccccc3b3-f4d2-42a5-9cd5-fb808d3fb7d5,49436004,Atrial Fibrillation
2000-03-04,,6bf70e08-7541-4da8-a867-6cfd6ec00df4,a3725671-ebf3-4244-b955-380e947fcd93,49436004,Atrial Fibrillation
2001-03-10,,6bf70e08-7541-4da8-a867-6cfd6ec00df4,afc6d1df-f33c-42d9-9415-8239798e01d2,53741008,Coronary Heart Disease
2003-10-18,,6bf70e08-7541-4da8-a867-6cfd6ec00df4,820d133c-cb0b-41f4-8f5f-372cfefacb09,22298006,Myocardial Infarction
2003-10-18,,6bf70e08-7541-4da8-a867-6cfd6ec00df4,820d133c-cb0b-41f4-8f5f-372cfefacb09,399211009,History of myocardial infarction (situation)
1976-11-12,,2b942b72-4b5c-4e2e-bd79-c2b6c105a53f,fe1bf8ed-a6da-4842-8ce7-4d11b0b483a9,230690007,Stroke
2006-03-09,,e4cabce8-93fb-4143-be6a-f9e3c3649110,5e66993c-ad03-468b-bfe4-268e389578d2,53741008,Coronary Heart Disease
1991-02-14,,3cf5aa2b-1298-489d-a141-a1fec20c8167,4f1d935c-d017-4053-bdf2-c6818a212d1d,410429000,Cardiac Arrest
1991-02-14,,3cf5aa2b-1298-489d-a141-a1fec20c8167,4f1d935c-d017-4053-bdf2-c6818a212d1d,429007001,History of cardiac arrest (situation)
1999-03-11,,42c1a0e4-6954-4cda-84b8-423f0e3aec76,fe1b9795-bcc9-4411-a9e5-e55d964c012f,410429000,Cardiac Arrest
1999-03-11,,42c1a0e4-6954-4cda-84b8-423f0e3aec76,fe1b9795-bcc9-4411-a9e5-e55d964c012f,429007001,History of cardiac arrest (situation)
1998-05-13,,0c3c1e5b-9711-4bda-9c0b-3527fad37c99,f542f002-402d-4d44-aeb5-82c5b30d46ac,410429000,Cardiac Arrest
1998-05-13,,0c3c1e5b-9711-4bda-9c0b-3527fad37c99,f542f002-402d-4d44-aeb5-82c5b30d46ac,429007001,History of cardiac arrest (situation)
2007-09-19,2011-09-28,0c3c1e5b-9711-4bda-9c0b-3527fad37c99,9577c3c2-21d3-40d8-96a3-4948f9bbb928,192127007,Child attention deficit disorder
2012-05-07,,39a4f624-dd81-4390-8582-64688e61108a,f9e25941-89d1-4f43-87ac-a7c62675c1dd,49436004,Atrial Fibrillation
2012-12-23,,486e8f0f-7093-4a0d-83d1-60b4c786855c,3b045be3-2f3e-45ab-b065-d500340f83ee,230690007,Stroke
2005-03-09,,31198074-84f3-467d-aa00-623e06588723,0e7cf739-bd3c-4fc4-9205-445e309cccac,230690007,Stroke
