START,STOP,PATIENT,PAYER,ENCOUNTER,CODE,DESCRIPTION,BASE_COST,PAYER_COVERAGE,DISPENSES,TOTALCOST,REASONCODE,REASONDESCRIPTION
2015-07-15,,7cb39181-a309-4514-b65a-4beeb3c37848,b1c428d6-4f07-31e0-90f0-68ffa6ff8c76,45dbcb3b-6ac3-4591-a6ed-6196d1b32af7,855332,Warfarin Sodium 5 MG Oral Tablet,21.10,0.00,56,1181.60,,
2015-07-15,,7cb39181-a309-4514-b65a-4beeb3c37848,b1c428d6-4f07-31e0-90f0-68ffa6ff8c76,45dbcb3b-6ac3-4591-a6ed-6196d1b32af7,897718,Verapamil Hydrochloride 40 MG,141.72,0.00,56,7936.32,,
2015-07-15,,7cb39181-a309-4514-b65a-4beeb3c37848,b1c428d6-4f07-31e0-90f0-68ffa6ff8c76,45dbcb3b-6ac3-4591-a6ed-6196d1b32af7,197604,Digoxin 0.125 MG Oral Tablet,49.51,0.00,56,2772.56,,
2010-07-23,,baa03cf0-916f-41b0-b6d6-ba71178542a0,b1c428d6-4f07-31e0-90f0-68ffa6ff8c76,267f12f9-714c-4b98-98d1-5692a7556669,309362,Clopidogrel 75 MG Oral Tablet,78.07,0.00,117,9134.19,,
2010-07-23,,baa03cf0-916f-41b0-b6d6-ba71178542a0,b1c428d6-4f07-31e0-90f0-68ffa6ff8c76,267f12f9-714c-4b98-98d1-5692a7556669,312961,Simvastatin 20 MG Oral Tablet,7.15,0.00,117,836.55,,
2010-07-23,,baa03cf0-916f-41b0-b6d6-ba71178542a0,b1c428d6-4f07-31e0-90f0-68ffa6ff8c76,267f12f9-714c-4b98-98d1-5692a7556669,197361,Amlodipine 5 MG Oral Tablet,64.56,0.00,117,7553.52,,
2010-07-23,,baa03cf0-916f-41b0-b6d6-ba71178542a0,b1c428d6-4f07-31e0-90f0-68ffa6ff8c76,267f12f9-714c-4b98-98d1-5692a7556669,705129,Nitroglycerin 0.4 MG/ACTUAT Mucosal Spray,264.64,0.00,117,30962.88,,
2017-08-24,,30d89e5f-17fe-4a95-aff3-2316f52a23b0,b1c428d6-4f07-31e0-90f0-68ffa6ff8c76,6e06baa0-4fd8-4a86-a0fd-54bf07e97cc4,309362,Clopidogrel 75 MG Oral Tablet,50.22,0.00,31,1556.82,,
2017-08-24,,30d89e5f-17fe-4a95-aff3-2316f52a23b0,b1c428d6-4f07-31e0-90f0-68ffa6ff8c76,6e06baa0-4fd8-4a86-a0fd-54bf07e97cc4,312961,Simvastatin 20 MG Oral Tablet,24.54,0.00,31,760.74,,
2017-08-24,,30d89e5f-17fe-4a95-aff3-2316f52a23b0,b1c428d6-4f07-31e0-90f0-68ffa6ff8c76,6e06baa0-4fd8-4a86-a0fd-54bf07e97cc4,197361,Amlodipine 5 MG Oral Tablet,22.82,0.00,31,707.42,,
2017-08-24,,30d89e5f-17fe-4a95-aff3-2316f52a23b0,b1c428d6-4f07-31e0-90f0-68ffa6ff8c76,6e06baa0-4fd8-4a86-a0fd-54bf07e97cc4,705129,Nitroglycerin 0.4 MG/ACTUAT Mucosal Spray,158.07,0.00,31,4900.17,,
1990-02-22,1999-12-30,a0785137-114a-432c-98ea-7c2598c20a20,b1c428d6-4f07-31e0-90f0-68ffa6ff8c76,24835a4a-6514-4714-90df-52d8df173e16,705129,Nitroglycerin 0.4 MG/ACTUAT Mucosal Spray,11.73,0.00,119,1395.87,,
1991-02-28,,a0785137-114a-432c-98ea-7c2598c20a20,b1c428d6-4f07-31e0-90f0-68ffa6ff8c76,006fc772-dfeb-452b-b5be-fec705228a92,312961,Simvastatin 20 MG Oral Tablet,10.00,0.00,107,1070.00,,
1994-03-17,,a0785137-114a-432c-98ea-7c2598c20a20,b1c428d6-4f07-31e0-90f0-68ffa6ff8c76,2a68628b-40af-4c83-ab44-096849843eac,197361,Amlodipine 5 MG Oral Tablet,66.08,0.00,70,4625.60,,
1994-06-30,1994-06-30,a0785137-114a-432c-98ea-7c2598c20a20,b1c428d6-4f07-31e0-90f0-68ffa6ff8c76,9631bafd-a0ae-4adf-86cd-7af5bf4d4587,1804799,Alteplase 100 MG Injection,6090.92,0.00,1,6090.92,,
1997-04-03,1999-12-30,a0785137-114a-432c-98ea-7c2598c20a20,b1c428d6-4f07-31e0-90f0-68ffa6ff8c76,f0f82fd1-7fe9-401b-9fc4-11f378e86bd0,309362,Clopidogrel 75 MG Oral Tablet,60.23,0.00,33,1987.59,,
1999-12-30,1999-12-30,a0785137-114a-432c-98ea-7c2598c20a20,b1c428d6-4f07-31e0-90f0-68ffa6ff8c76,ae1f73bd-5ec4-4281-a1e8-8f5267b01462,259255,Atorvastatin 80 MG Oral Tablet,207.07,0.00,1,207.07,,
1999-12-30,1999-12-30,a0785137-114a-432c-98ea-7c2598c20a20,b1c428d6-4f07-31e0-90f0-68ffa6ff8c76,ae1f73bd-5ec4-4281-a1e8-8f5267b01462,833036,Captopril 25 MG Oral Tablet,85.63,0.00,1,85.63,,
2001-02-28,,d2f5edb3-3a55-4621-88b8-75a702169f25,b1c428d6-4f07-31e0-90f0-68ffa6ff8c76,a47a79ce-67fa-41e3-99df-1ba7d534446a,855332,Warfarin Sodium 5 MG Oral Tablet,129.23,0.00,231,29852.13,,
2001-02-28,,d2f5edb3-3a55-4621-88b8-75a702169f25,b1c428d6-4f07-31e0-90f0-68ffa6ff8c76,a47a79ce-67fa-41e3-99df-1ba7d534446a,897718,Verapamil Hydrochloride 40 MG,16.68,0.00,231,3853.08,,
2001-02-28,,d2f5edb3-3a55-4621-88b8-75a702169f25,b1c428d6-4f07-31e0-90f0-68ffa6ff8c76,a47a79ce-67fa-41e3-99df-1ba7d534446a,197604,Digoxin 0.125 MG Oral Tablet,123.85,0.00,231,28609.35,,
2019-08-07,2019-08-07,d2f5edb3-3a55-4621-88b8-75a702169f25,b1c428d6-4f07-31e0-90f0-68ffa6ff8c76,169d0a97-f7b8-4195-a04a-87a693d02944,309362,Clopidogrel 75 MG Oral Tablet,109.90,0.00,1,109.90,,
2019-08-07,2019-08-07,d2f5edb3-3a55-4621-88b8-75a702169f25,b1c428d6-4f07-31e0-90f0-68ffa6ff8c76,169d0a97-f7b8-4195-a04a-87a693d02944,1804799,Alteplase 100 MG Injection,6210.03,0.00,1,6210.03,,
1965-05-20,,f6d38747-7f0c-4054-9857-fddf434f8fa4,b1c428d6-4f07-31e0-90f0-68ffa6ff8c76,9de285ff-2d93-4b0b-9282-06fcac38fc92,705129,Nitroglycerin 0.4 MG/ACTUAT Mucosal Spray,155.44,0.00,16,2487.04,,
1966-09-29,1966-09-29,f6d38747-7f0c-4054-9857-fddf434f8fa4,b1c428d6-4f07-31e0-90f0-68ffa6ff8c76,9a4f1e6a-e21e-49a9-ae3a-65eed7b86222,1660014,1 ML Epinephrine 1 MG/ML Injection,4.03,0.00,1,4.03,,
1966-09-29,1966-09-29,f6d38747-7f0c-4054-9857-fddf434f8fa4,b1c428d6-4f07-31e0-90f0-68ffa6ff8c76,9a4f1e6a-e21e-49a9-ae3a-65eed7b86222,834357,3 ML Amiodarone hydrocholoride 50 MG/ML Prefilled Syringe,71.50,0.00,1,71.50,,
1966-09-29,1966-09-29,f6d38747-7f0c-4054-9857-fddf434f8fa4,b1c428d6-4f07-31e0-90f0-68ffa6ff8c76,9a4f1e6a-e21e-49a9-ae3a-65eed7b86222,1190795,Atropine Sulfate 1 MG/ML Injectable Solution,25.61,0.00,1,25.61,,
2019-08-08,,31c77469-d03d-4fdc-b4b6-e804712864af,b1c428d6-4f07-31e0-90f0-68ffa6ff8c76,3cd7e904-ab3a-4ea4-84dd-696b376294be,309362,Clopidogrel 75 MG Oral Tablet,39.76,0.00,7,278.32,,
2019-08-08,,31c77469-d03d-4fdc-b4b6-e804712864af,b1c428d6-4f07-31e0-90f0-68ffa6ff8c76,3cd7e904-ab3a-4ea4-84dd-696b376294be,312961,Simvastatin 20 MG Oral Tablet,5.89,0.00,7,41.23,,
2019-08-08,,31c77469-d03d-4fdc-b4b6-e804712864af,b1c428d6-4f07-31e0-90f0-68ffa6ff8c76,3cd7e904-ab3a-4ea4-84dd-696b376294be,197361,Amlodipine 5 MG Oral Tablet,76.77,0.00,7,537.39,,
2019-08-08,,31c77469-d03d-4fdc-b4b6-e804712864af,b1c428d6-4f07-31e0-90f0-68ffa6ff8c76,3cd7e904-ab3a-4ea4-84dd-696b376294be,705129,Nitroglycerin 0.4 MG/ACTUAT Mucosal Spray,111.52,0.00,7,780.64,,
2016-03-13,,d6fd9bcc-cda4-42ed-b1d6-097d2b55bd89,b1c428d6-4f07-31e0-90f0-68ffa6ff8c76,f99a4335-3130-4311-9d61-d94b7c4cd6c3,309362,Clopidogrel 75 MG Oral Tablet,78.81,0.00,48,3782.88,,
2016-03-13,,d6fd9bcc-cda4-42ed-b1d6-097d2b55bd89,b1c428d6-4f07-31e0-90f0-68ffa6ff8c76,f99a4335-3130-4311-9d61-d94b7c4cd6c3,312961,Simvastatin 20 MG Oral Tablet,39.85,0.00,48,1912.80,,
2016-03-13,,d6fd9bcc-cda4-42ed-b1d6-097d2b55bd89,b1c428d6-4f07-31e0-90f0-68ffa6ff8c76,f99a4335-3130-4311-9d61-d94b7c4cd6c3,197361,Amlodipine 5 MG Oral Tablet,38.11,0.00,48,1829.28,,
2016-03-13,,d6fd9bcc-cda4-42ed-b1d6-097d2b55bd89,b1c428d6-4f07-31e0-90f0-68ffa6ff8c76,f99a4335-3130-4311-9d61-d94b7c4cd6c3,705129,Nitroglycerin 0.4 MG/ACTUAT Mucosal Spray,203.85,0.00,48,9784.80,,
1975-07-17,,399ca9ed-a2fa-41bc-9ed4-6fd983a12c4c,b1c428d6-4f07-31e0-90f0-68ffa6ff8c76,ccccc3b3-f4d2-42a5-9cd5-fb808d3fb7d5,855332,Warfarin Sodium 5 MG Oral Tablet,102.25,0.00,543,55521.75,,
1975-07-17,,399ca9ed-a2fa-41bc-9ed4-6fd983a12c4c,b1c428d6-4f07-31e0-90f0-68ffa6ff8c76,ccccc3b3-f4d2-42a5-9cd5-fb808d3fb7d5,197604,Digoxin 0.125 MG Oral Tablet,109.79,0.00,543,59615.97,,
1981-08-20,,399ca9ed-a2fa-41bc-9ed4-6fd983a12c4c,b1c428d6-4f07-31e0-90f0-68ffa6ff8c76,0acb8a81-29de-4b66-82e5-6a6410a99f18,897718,Verapamil Hydrochloride 40 MG,62.28,0.00,469,29209.32,,
2000-03-04,,6bf70e08-7541-4da8-a867-6cfd6ec00df4,b1c428d6-4f07-31e0-90f0-68ffa6ff8c76,a3725671-ebf3-4244-b955-380e947fcd93,855332,Warfarin Sodium 5 MG Oral Tablet,169.51,0.00,44,7458.44,,
2000-03-04,,6bf70e08-7541-4da8-a867-6cfd6ec00df4,b1c428d6-4f07-31e0-90f0-68ffa6ff8c76,a3725671-ebf3-4244-b955-380e947fcd93,897718,Verapamil Hydrochloride 40 MG,107.30,0.00,44,4721.20,,
2000-03-04,,6bf70e08-7541-4da8-a867-6cfd6ec00df4,b1c428d6-4f07-31e0-90f0-68ffa6ff8c76,a3725671-ebf3-4244-b955-380e947fcd93,197604,Digoxin 0.125 MG Oral Tablet,17.15,0.00,44,754.60,,
2001-03-10,2003-10-18,6bf70e08-7541-4da8-a867-6cfd6ec00df4,b1c428d6-4f07-31e0-90f0-68ffa6ff8c76,afc6d1df-f33c-42d9-9415-8239798e01d2,309362,Clopidogrel 75 MG Oral Tablet,55.70,0.00,31,1726.70,,
2001-03-10,,6bf70e08-7541-4da8-a867-6cfd6ec00df4,b1c428d6-4f07-31e0-90f0-68ffa6ff8c76,afc6d1df-f33c-42d9-9415-8239798e01d2,312961,Simvastatin 20 MG Oral Tablet,5.59,0.00,31,173.29,,
2001-03-10,,6bf70e08-7541-4da8-a867-6cfd6ec00df4,b1c428d6-4f07-31e0-90f0-68ffa6ff8c76,afc6d1df-f33c-42d9-9415-8239798e01d2,197361,Amlodipine 5 MG Oral Tablet,21.86,0.00,31,677.66,,
2001-03-10,2003-10-18,6bf70e08-7541-4da8-a867-6cfd6ec00df4,b1c428d6-4f07-31e0-90f0-68ffa6ff8c76,afc6d1df-f33c-42d9-9415-8239798e01d2,705129,Nitroglycerin 0.4 MG/ACTUAT Mucosal Spray,48.41,0.00,31,1500.71,,
2003-10-18,2003-10-18,6bf70e08-7541-4da8-a867-6cfd6ec00df4,b1c428d6-4f07-31e0-90f0-68ffa6ff8c76,820d133c-cb0b-41f4-8f5f-372cfefacb09,259255,Atorvastatin 80 MG Oral Tablet,360.63,0.00,1,360.63,,
2003-10-18,2003-10-18,6bf70e08-7541-4da8-a867-6cfd6ec00df4,b1c428d6-4f07-31e0-90f0-68ffa6ff8c76,820d133c-cb0b-41f4-8f5f-372cfefacb09,833036,Captopril 25 MG Oral Tablet,60.01,0.00,1,60.01,,
2006-03-09,,e4cabce8-93fb-4143-be6a-f9e3c3649110,b1c428d6-4f07-31e0-90f0-68ffa6ff8c76,5e66993c-ad03-468b-bfe4-268e389578d2,309362,Clopidogrel 75 MG Oral Tablet,56.41,0.00,170,9589.70,,
2006-03-09,,e4cabce8-93fb-4143-be6a-f9e3c3649110,b1c428d6-4f07-31e0-90f0-68ffa6ff8c76,5e66993c-ad03-468b-bfe4-268e389578d2,312961,Simvastatin 20 MG Oral Tablet,38.77,0.00,170,6590.90,,
2006-03-09,,e4cabce8-93fb-4143-be6a-f9e3c3649110,b1c428d6-4f07-31e0-90f0-68ffa6ff8c76,5e66993c-ad03-468b-bfe4-268e389578d2,197361,Amlodipine 5 MG Oral Tablet,30.80,0.00,170,5236.00,,
2006-03-09,,e4cabce8-93fb-4143-be6a-f9e3c3649110,b1c428d6-4f07-31e0-90f0-68ffa6ff8c76,5e66993c-ad03-468b-bfe4-268e389578d2,705129,Nitroglycerin 0.4 MG/ACTUAT Mucosal Spray,189.14,0.00,170,32153.80,,
2007-09-19,2011-09-28,0c3c1e5b-9711-4bda-9c0b-3527fad37c99,b1c428d6-4f07-31e0-90f0-68ffa6ff8c76,9577c3c2-21d3-40d8-96a3-4948f9bbb928,608139,atomoxetine 100 MG Oral Capsule,237.89,0.00,49,11656.61,192127007,Child attention deficit disorder
2012-05-07,,39a4f624-dd81-4390-8582-64688e61108a,b1c428d6-4f07-31e0-90f0-68ffa6ff8c76,f9e25941-89d1-4f43-87ac-a7c62675c1dd,855332,Warfarin Sodium 5 MG Oral Tablet,47.31,0.00,95,4494.45,,
2012-05-07,,39a4f624-dd81-4390-8582-64688e61108a,b1c428d6-4f07-31e0-90f0-68ffa6ff8c76,f9e25941-89d1-4f43-87ac-a7c62675c1dd,897718,Verapamil Hydrochloride 40 MG,85.77,0.00,95,8148.15,,
2012-05-07,,39a4f624-dd81-4390-8582-64688e61108a,b1c428d6-4f07-31e0-90f0-68ffa6ff8c76,f9e25941-89d1-4f43-87ac-a7c62675c1dd,197604,Digoxin 0.125 MG Oral Tablet,36.38,0.00,95,3456.10,,
2012-12-23,2012-12-23,486e8f0f-7093-4a0d-83d1-60b4c786855c,b1c428d6-4f07-31e0-90f0-68ffa6ff8c76,3b045be3-2f3e-45ab-b065-d500340f83ee,309362,Clopidogrel 75 MG Oral Tablet,53.67,0.00,1,53.67,,
2012-12-23,2012-12-23,486e8f0f-7093-4a0d-83d1-60b4c786855c,b1c428d6-4f07-31e0-90f0-68ffa6ff8c76,3b045be3-2f3e-45ab-b065-d500340f83ee,1804799,Alteplase 100 MG Injection,6618.98,0.00,1,6618.98,,
