Id,BIRTHDATE,DEATHDATE,SSN,DRIVERS,PASSPORT,PREFIX,FIRST,LAST,SUFFIX,MAIDEN,MARITAL,RACE,ETHNICITY,GENDER,BIRTHPLACE,ADDRESS,CITY,STATE,COUNTY,ZIP,LAT,LON,HEALTHCARE_EXPENSES,HEALTHCARE_COVERAGE
ba7b5d89-86ee-4f7c-bdc8-d036af45280d,2014-12-28,,999-82-1927,,,,Sheila,Carlsson,,,,white,nonhispanic,F,Tuusula  Uusimaa  FI,812 Sojonen Katu Apt 58,Hyvinkää,Uusimaa,Hyvinkää,05620,60.623846526999735,24.957555265564352,1750.0,0.0
51fd9147-c604-4dbe-91c7-d6d52cee11ce,1988-02-27,,999-99-5362,S99945868,X19433821X,Mr.,Furkan,Vainikkala,,,M,white,nonhispanic,M,Helsinki  Uusimaa  FI,890 Sallmén Katu Suite 72,Espoo,Uusimaa,Espoo,02600,60.163708287920315,24.727185776744378,4000.0,0.0
aea0a483-b014-4b42-8c4a-b4e745dd3e5f,1971-07-09,,999-82-2890,S99914650,X68611505X,Mr.,Nikolaj,Laininen,,,S,white,nonhispanic,M,Raasepori  Uusimaa  FI,702 Norkko Katu Unit 37,Espoo,Uusimaa,Espoo,02120,60.19823803832894,24.82631454144915,4875.0,0.0
3569f8c5-5456-487b-9230-7c18dd1cff28,1972-03-25,,999-40-7443,S99964724,X67388774X,Mr.,Jarno,Fagerström,,,M,white,nonhispanic,M,Espoo  Uusimaa  FI,838 Partti Katu,Espoo,Uusimaa,Espoo,02280,60.185935049714764,24.683319323493162,4750.0,0.0
db6cb3a1-9acd-470a-89cd-49765485aa4a,1965-05-21,,999-41-6986,S99966957,X25740677X,Mr.,Bror,Taurula,,,M,white,nonhispanic,M,Espoo  Uusimaa  FI,399 Alaniva Katu Suite 54,Helsinki,Uusimaa,Helsinki,00890,60.218949019247525,25.066943023650158,5500.0,0.0
be491997-cec9-459e-acab-cfaf538d9397,1948-11-25,,999-22-6942,S99985446,X40628708X,Mrs.,Muriel,Kotro,,Filpus,M,white,nonhispanic,F,Vantaa  Uusimaa  FI,563 Martio Katu,Helsinki,Uusimaa,Helsinki,00700,60.20551242330558,25.03743663753239,7500.0,0.0
ba5288d9-fdc9-44a0-a9b3-3a22312d9c89,1942-03-24,,999-17-2113,S99986602,X49739826X,Mr.,Gianni,Lindell,,,M,white,nonhispanic,M,Helsinki  Uusimaa  FI,491 Mettovaara Katu,Lohja,Uusimaa,Lohja,08100,60.35190033345298,23.79732707531982,8375.0,0.0
00dc2e60-7021-4c5f-bdeb-d17d8bff70dc,1939-01-11,,999-79-2854,S99964781,X33782464X,Mrs.,Saaramaria,Raulahti,,Vilkanen,M,white,nonhispanic,F,Lohja  Uusimaa  FI,290 Loimusto Katu,Helsinki,Uusimaa,Helsinki,00170,60.1930978236995,24.880689110191906,8750.0,0.0
7cb39181-a309-4514-b65a-4beeb3c37848,1936-01-29,,999-37-4492,S99934726,X34043768X,Mrs.,Zandra,Hautaniemi,,Karlén,M,white,nonhispanic,F,Vantaa  Uusimaa  FI,1060 Forstén Katu,Helsinki,Uusimaa,Helsinki,00250,60.22200126829324,25.190139887957937,9125.0,0.0
12e2d6c6-80a8-45b8-bdaa-37596845cf75,1957-09-26,,999-13-6086,S99981705,X22984694X,Mrs.,Lilya,Karkaus,,Kelander,M,white,nonhispanic,F,Vantaa  Uusimaa  FI,105 Mäkiniemi Katu,Vantaa,Uusimaa,Vantaa,01390,60.29377550860878,25.113915822143635,6500.0,0.0
3bd1c0b7-5313-4278-aa58-a5d1f9022671,1954-09-02,,999-32-6868,S99945771,X86968770X,Mrs.,Heini-Maaria,Uurtamo,,Salmijärvi,M,white,nonhispanic,F,Kirkkonummi  Uusimaa  FI,875 Osmo Katu Suite 63,Porvoo,Uusimaa,Porvoo,06830,60.32388435567034,25.49958266055152,6875.0,0.0
baa03cf0-916f-41b0-b6d6-ba71178542a0,1953-06-12,,999-26-4847,S99973482,X57057621X,Mrs.,Anne-Liisa,Jusi,,Bragge,M,white,nonhispanic,F,Vantaa  Uusimaa  FI,564 Haikonen Katu,Helsinki,Uusimaa,Helsinki,00890,60.17186478707619,24.907043369287344,7125.0,0.0
e22cc0e0-d3c5-4d6f-98db-322a510c0dbc,1965-06-05,,999-57-1999,S99936200,X80342628X,Mr.,Cole,Kenttämies,,,M,white,nonhispanic,M,Vantaa  Uusimaa  FI,1037 Alasmaa Katu Apt 35,Espoo,Uusimaa,Espoo,02340,60.18805931538909,24.751317731608758,11709.42,0.0
30d89e5f-17fe-4a95-aff3-2316f52a23b0,1969-07-31,,999-25-6122,S99981361,X4804864X,Mr.,Reko,Vainikainen,,,M,white,nonhispanic,M,Lohja  Uusimaa  FI,473 Varjus Katu Suite 85,Helsinki,Uusimaa,Helsinki,00390,60.244561875764454,25.06296695083425,5125.0,0.0
88069aef-56a4-4ce4-ac67-940e6d6e7d89,1961-08-17,,999-54-7687,S99997010,X43916249X,Mr.,Silas,Lautaoja,,,M,white,nonhispanic,M,Vantaa  Uusimaa  FI,269 Tiainen Katu Suite 39,Helsinki,Uusimaa,Helsinki,00320,60.26209067369537,24.84169083652285,6000.0,0.0
a5d47443-3c55-4000-88c3-f02db6740a9a,1964-08-13,,999-42-2857,S99982444,X14273125X,Mrs.,Laetitia,Mäki-Maunus,,Rättyä,M,white,nonhispanic,F,Vantaa  Uusimaa  FI,383 Ranua Katu Apt 22,Helsinki,Uusimaa,Helsinki,00300,60.24788730499077,24.920344873490397,5625.0,0.0
1e2181e6-3e6d-4acf-87b8-e4859fef33ba,1992-01-28,,999-40-8670,S99989465,X80595042X,Mr.,Nathan,Yllikäinen,,,M,white,nonhispanic,M,Kirkkonummi  Uusimaa  FI,311 Raskila Katu,Espoo,Uusimaa,Espoo,02160,60.22452794982797,24.710516090664747,3750.0,0.0
009973f9-60b8-4153-b62a-79a4efe72bde,1984-12-22,,999-97-1216,S99915650,X39011958X,Mrs.,Essi,Välke,MD,Jäsberg,M,white,nonhispanic,F,Vantaa  Uusimaa  FI,942 Federley Katu Apt 1,Espoo,Uusimaa,Espoo,02600,60.139623668659375,24.75225725365401,4125.0,0.0
03e99ed2-8a78-4a31-ad22-842c9b5f04fc,1997-05-07,,999-24-4325,S99918603,X51235485X,Mr.,Serkan,Hyväri,,,,white,nonhispanic,M,Hyvinkää  Uusimaa  FI,109 Sarviharju Katu Suite 23,Kerava,Uusimaa,Kerava,04250,60.36653037480953,25.12438490966562,3625.0,0.0
a0785137-114a-432c-98ea-7c2598c20a20,1940-02-22,1999-12-30,999-71-8360,S99955412,X26863274X,Mrs.,Venera,Heikintalo,,Aktas,M,white,nonhispanic,F,Vantaa  Uusimaa  FI,1067 Eräkangas Katu Unit 48,Sipoo,Uusimaa,Sipoo,01120,60.254344922928254,25.49531727315469,13211.26,0.0
3d76618e-2489-47b1-885c-c2365672b953,1990-08-13,,999-35-6898,S99991499,X53705520X,Mrs.,Almaz,Päällysaho,,Kaitaniemi,M,white,nonhispanic,F,Vantaa  Uusimaa  FI,441 Peromaa Katu Suite 34,Helsinki,Uusimaa,Helsinki,00680,60.22934495693242,24.99100092051486,3875.0,0.0
d2f5edb3-3a55-4621-88b8-75a702169f25,1936-12-09,,999-98-5161,S99975488,X49473660X,Mr.,Soni,Rantaniva,,,M,white,nonhispanic,M,Kerava  Uusimaa  FI,479 Kaarnalehto Katu Suite 57,Lohja,Uusimaa,Lohja,08150,60.305091804556405,23.94057180343143,16319.93,0.0
3b1bfd35-ecf7-45fa-9cf3-f06c94e5c441,1998-01-11,,999-56-9425,S99979656,X83822244X,Mr.,Niko-Petteri,Reijola,,,,white,nonhispanic,M,Helsinki  Uusimaa  FI,508 Kullaa Katu Unit 98,Helsinki,Uusimaa,Helsinki,00220,60.200923853507426,25.062153008457198,3500.0,0.0
a51429d6-60ea-40f2-b360-09832df7172a,1943-12-04,,999-64-3307,S99942869,X87699408X,Mrs.,Taini,Aksola,,Vilminko,M,white,nonhispanic,F,Helsinki  Uusimaa  FI,954 Palsanen Katu Apt 49,Lohja,Uusimaa,Lohja,08150,60.51834224991983,24.15066255955817,8125.0,0.0
a5497453-c11e-4aff-8d29-bf395a5ab11a,2017-02-20,,999-17-6983,,,,Teressa,Ilmaniemi,,,,white,nonhispanic,F,Espoo  Uusimaa  FI,966 Kvarnström Katu Suite 32,Vantaa,Uusimaa,Vantaa,01400,60.286255769618045,24.944708469773705,1375.0,0.0
9961d761-8bf8-4810-9fdf-719367229689,1941-05-13,,999-99-2813,S99945816,X41460498X,Mrs.,Mariama,Naumanen,,Zitron,M,white,nonhispanic,F,Kauniainen  Uusimaa  FI,612 Joutsio Katu,Helsinki,Uusimaa,Helsinki,00590,60.268759662235475,24.87338846600425,8500.0,0.0
f6d38747-7f0c-4054-9857-fddf434f8fa4,1913-05-08,1966-09-29,999-13-5942,S99955438,X47150351X,Mr.,Bujar,Tynskä,,,M,white,nonhispanic,M,Espoo  Uusimaa  FI,381 Teerikorpi Katu Unit 78,Raasepori,Uusimaa,Raasepori,10570,60.11280465146846,23.83974734444914,5726.14,0.0
9c0d189f-0a2b-4312-a225-f79899ab067d,2004-12-30,,999-25-6940,,,,Ludmila,Rydenfelt,,,,white,nonhispanic,F,Kerava  Uusimaa  FI,473 Pellonperä Katu,Helsinki,Uusimaa,Helsinki,00870,60.216066781902214,24.965770038353696,3000.0,0.0
bfb24ed8-ad0c-4472-83de-28d7c3a00f7d,1975-09-17,,999-60-5816,S99982384,X80937920X,Mrs.,Sena,Törnqvist,,Luukila,M,white,nonhispanic,F,Espoo  Uusimaa  FI,530 Stormi Katu,Helsinki,Uusimaa,Helsinki,00690,60.20810005948203,24.953237305789855,4625.0,0.0
9cb07b3a-9147-4651-ba40-6ee49d83c4a1,1966-08-16,,999-58-4244,S99923078,X23423093X,Mr.,Leni,Skippari,,,M,white,nonhispanic,M,Espoo  Uusimaa  FI,204 Halttu Katu,Helsinki,Uusimaa,Helsinki,00530,60.19377603503434,24.87944783152498,5375.0,0.0
392be4a2-e19e-466f-a7f0-d8f1b476b836,1980-01-03,,999-28-4810,S99936589,X29273753X,Mr.,Alfons,Teerioja,,,M,white,nonhispanic,M,Järvenpää  Uusimaa  FI,639 Sappinen Katu,Vantaa,Uusimaa,Vantaa,01480,60.33996096680195,24.84783131412183,4375.0,0.0
31c77469-d03d-4fdc-b4b6-e804712864af,1940-02-22,,999-68-3418,S99934702,X83996752X,Mrs.,Eerin,Purtanen,,Karmala,M,white,nonhispanic,F,Hyvinkää  Uusimaa  FI,958 Viitaluoma Katu,Sipoo,Uusimaa,Sipoo,06880,60.28365235175831,25.391076907053737,8625.0,0.0
197de682-9704-42e4-bec5-80433c74c4a0,2004-09-21,,999-58-9215,,,,Marjanna,Lovén,,,,white,nonhispanic,F,Helsinki  Uusimaa  FI,588 Bingham Katu Unit 2,Vantaa,Uusimaa,Vantaa,01480,60.317296822433306,24.815355702329658,3000.0,0.0
6b876ac4-9508-45c1-867e-3c249e5afa16,1991-01-09,,999-50-2415,S99967736,X57234794X,Mr.,Erno,Sirkki,,,M,white,nonhispanic,M,Vantaa  Uusimaa  FI,990 Hyyrynen Katu,Raasepori,Uusimaa,Raasepori,10470,59.98246493447704,23.69852874363428,3875.0,0.0
bffd5325-d1bf-4a55-a630-f74142c9ba63,1958-04-11,,999-96-8815,S99971825,X56661362X,Mrs.,Ljuba,Tala,,Kallas,M,white,nonhispanic,F,Tuusula  Uusimaa  FI,918 Porokuokka Katu Apt 99,Lohja,Uusimaa,Lohja,03810,60.303630027701914,24.18906738024738,6375.0,0.0
53c3bd27-01bf-4cca-b1ba-09492bec4a20,1969-09-24,,999-11-4671,S99971927,X17407799X,Mrs.,Adéle,Vedenjuoksu,,Jukkara,M,white,nonhispanic,F,Helsinki  Uusimaa  FI,509 Ullakonoja Katu Suite 71,Helsinki,Uusimaa,Helsinki,00650,60.201644152703864,24.920771696188805,5000.0,0.0
497fe427-0e96-496e-82a9-911596f0a286,2010-02-28,,999-50-1233,,,,Gerard,Airikainen,,,,white,nonhispanic,M,Espoo  Uusimaa  FI,464 Myllyvirta Katu,Vantaa,Uusimaa,Vantaa,01600,60.34058068616513,25.035284035394298,2250.0,0.0
d54b0a37-9ceb-4baf-809b-06fb28ed32b2,1939-08-06,,999-35-9185,S99922448,X33674160X,Mr.,Domingo,Vihersola,,,M,white,nonhispanic,M,Kirkkonummi  Uusimaa  FI,837 Nurmikoski Katu,Vantaa,Uusimaa,Vantaa,01260,60.3099934059435,25.115713927427645,8750.0,0.0
2e7a614e-d9ff-4857-8673-3f885ab3c5c4,1981-01-01,,999-16-4018,S99990488,X79782591X,Ms.,Oline,Pihlajasalo,,,S,white,nonhispanic,F,Helsinki  Uusimaa  FI,386 Tanninen Katu,Nurmijärvi,Uusimaa,Nurmijärvi,01800,60.54527750049809,24.729262004131023,4250.0,0.0
87784ae1-354b-433f-922a-a93fc0fe91d3,2012-09-05,,999-52-9833,,,,Janne-Juhani,Uusikoski,,,,white,nonhispanic,M,Espoo  Uusimaa  FI,693 Rajava Katu Apt 76,Helsinki,Uusimaa,Helsinki,00580,60.168207259786975,24.87819888982757,2000.0,0.0
36cb291a-4dcb-4305-ba61-0f21cc422642,1952-07-16,,999-91-9906,S99960229,X60975711X,Mr.,Chandra,Palojärvi,,,M,white,nonhispanic,M,Espoo  Uusimaa  FI,921 Pöllönen Katu Suite 63,Tuusula,Uusimaa,Tuusula,04320,60.38401170393077,25.093969153944144,7125.0,0.0
69f382cd-6723-49d9-9993-52042b4ebd00,1963-10-21,,999-87-2185,S99922339,X85579883X,Mrs.,Lily,Luhtavaara,,Särkkinen,M,white,nonhispanic,F,Helsinki  Uusimaa  FI,798 Karlsten Katu Unit 8,Vantaa,Uusimaa,Vantaa,01710,60.2942946769701,25.100167211382484,5750.0,0.0
d6fd9bcc-cda4-42ed-b1d6-097d2b55bd89,1972-02-27,,999-29-3171,S99937722,X17964662X,Mrs.,Essi-Emilia,Styf,,Arva,M,white,nonhispanic,F,Helsinki  Uusimaa  FI,182 Ronkanen Katu,Helsinki,Uusimaa,Helsinki,00940,60.18356984916929,24.96022784826541,5260.84,0.0
399ca9ed-a2fa-41bc-9ed4-6fd983a12c4c,1913-05-08,,999-65-7607,S99974482,X36214360X,Mr.,Tobias,Skoglund,,,M,white,nonhispanic,M,Mäntsälä  Uusimaa  FI,1051 Lehtipuu Katu Unit 85,Raasepori,Uusimaa,Raasepori,10710,59.98163924695717,23.547764540271224,11875.0,0.0
f40aa9fb-8ec6-45a7-be2b-235f7b7006ba,1997-04-28,,999-58-1300,S99988883,X50831240X,Mr.,Arhippa,Pekkalin,,,,white,nonhispanic,M,Kirkkonummi  Uusimaa  FI,527 Särkiö Katu,Nurmijärvi,Uusimaa,Nurmijärvi,01830,60.397046741430295,24.758135490943666,3625.0,0.0
15ce6fe6-6f6f-45d0-bb97-b09f7a1deb54,1988-05-19,,999-51-3884,S99922092,X41434085X,Mrs.,Jouki,Havuluoto,,Rantio,M,white,nonhispanic,F,Helsinki  Uusimaa  FI,212 Ahokas Katu,Vantaa,Uusimaa,Vantaa,01390,60.29707008155381,24.813031979149887,4000.0,0.0
6bf70e08-7541-4da8-a867-6cfd6ec00df4,1912-08-03,2003-10-18,999-36-4737,S99910320,X40087512X,Mr.,Wolmar,Jernström,,,M,white,nonhispanic,M,Helsinki  Uusimaa  FI,414 Hömppi Katu,Helsinki,Uusimaa,Helsinki,00250,60.25126153649046,25.049154602640442,10649.75,0.0
cd8d0c9e-f8c3-43b6-98ef-275838bd86a3,1962-08-08,,999-77-8116,S99929160,X27356X,Mr.,Claude,Rolig,,,M,white,nonhispanic,M,Helsinki  Uusimaa  FI,832 Vähäsarja Katu,Porvoo,Uusimaa,Porvoo,06850,60.37738572397808,25.64323769334998,5875.0,0.0
7e195aea-288e-42fa-907b-569dffaf1644,1994-01-13,,999-70-1664,S99921427,X82496971X,Mr.,Federico,Savilepo,,,,white,nonhispanic,M,Nurmijärvi  Uusimaa  FI,513 Lahermaa Katu,Helsinki,Uusimaa,Helsinki,00400,60.1873926729693,24.881622937647567,3750.0,0.0
23eef313-533e-4537-b85d-1ab00a0bb2f4,1951-01-18,,999-76-9801,S99958963,X10909980X,Mrs.,Anjatta,Hörhammer,,Jalas,M,white,nonhispanic,F,Vantaa  Uusimaa  FI,418 Haarala Katu Apt 94,Helsinki,Uusimaa,Helsinki,00500,60.19688543478035,25.049116923017735,7250.0,0.0
2b942b72-4b5c-4e2e-bd79-c2b6c105a53f,1925-01-02,,999-29-4136,S99949934,X36117439X,Mr.,Ossi-Pekka,Ringbom,,,M,white,nonhispanic,M,Järvenpää  Uusimaa  FI,1052 Gullqvist Katu,Helsinki,Uusimaa,Helsinki,00330,60.31668834607847,24.9964249571026,10625.0,0.0
e220ce30-8dfa-4a35-b2f2-50371d5c38a7,1959-07-12,,999-44-4946,S99942554,X30335948X,Mrs.,Agnete,Grönmark,,Alardt,M,white,nonhispanic,F,Helsinki  Uusimaa  FI,1021 Rautamies Katu,Helsinki,Uusimaa,Helsinki,00100,60.18069893901334,24.94437058721204,6250.0,0.0
c7154713-85e7-4908-a248-9bf2fc0417cb,1983-02-04,,999-29-8760,S99981659,X38331581X,Mrs.,Evita,Östlund,,Kilpijoki,M,white,nonhispanic,F,Vantaa  Uusimaa  FI,330 Humina Katu,Helsinki,Uusimaa,Helsinki,00380,60.22270025787553,24.93000320627528,4125.0,0.0
a9dc8284-0363-43bf-8ba4-a3ce6af0a10f,2013-07-30,,999-41-3377,,,,Panunpoika,Flemmich,,,,white,nonhispanic,M,Helsinki  Uusimaa  FI,808 Gauffin Katu Suite 93,Järvenpää,Uusimaa,Järvenpää,04460,60.506906657637536,25.072537524029492,1875.0,0.0
91ca12a5-b0c9-4d40-ba47-ee14dd57401e,1955-10-02,,999-57-2173,S99961073,X81369101X,Ms.,Dalila,Dikert,,,S,white,nonhispanic,F,Hyvinkää  Uusimaa  FI,458 Kraemer Katu,Vantaa,Uusimaa,Vantaa,01520,60.24752501766288,24.77908326140465,6750.0,0.0
e4a60632-fe3d-4393-9e22-90138774da15,2006-10-08,,999-18-4490,,,,Mourad,Maaniitty,,,,white,nonhispanic,M,Helsinki  Uusimaa  FI,766 Kauranta Katu Suite 55,Karkkila,Uusimaa,Karkkila,03710,60.53283307679181,24.132874418169834,2750.0,0.0
bd2a63a1-cf5e-4268-9cd8-fca39f872bd7,2018-05-02,,999-53-3593,,,,Annu-Maria,Brodkin,,,,white,nonhispanic,F,Helsinki  Uusimaa  FI,780 Braun Katu Unit 57,Espoo,Uusimaa,Espoo,02270,60.17594761804141,24.804868519010252,1000.0,0.0
f9ea6555-fefd-4e5b-bce4-6de1fcaf0602,1966-04-16,,999-50-3342,S99978243,X73875351X,Mrs.,Mette,Abdallah,,Pöyskö,M,white,nonhispanic,F,Vantaa  Uusimaa  FI,655 Maittila Katu,Loviisa,Uusimaa,Loviisa,07750,60.46039202172729,26.250853930847633,5375.0,0.0
b5c15cbc-b387-4f2f-9195-66068c1bb5dd,1978-06-09,,999-66-5054,S99940331,X3735601X,Mr.,Niila,Haimakka,,,M,white,nonhispanic,M,Vantaa  Uusimaa  FI,677 Hoikka Katu,Helsinki,Uusimaa,Helsinki,00730,60.205987513600874,24.98061646107918,4375.0,0.0
14b6e5b4-230e-49c8-b81a-a51356befb21,1983-10-26,,999-82-8265,S99927213,X72536760X,Mrs.,Holly,Båge,,Sääski,M,white,nonhispanic,F,Porvoo  Uusimaa  FI,660 Östermark Katu Unit 11,Helsinki,Uusimaa,Helsinki,00210,60.23964644894939,25.054852725613046,4125.0,0.0
e4cabce8-93fb-4143-be6a-f9e3c3649110,1977-12-29,,999-66-8280,S99965938,X62834284X,Mrs.,Kiira,Ylä-Himanka,,Ventelä,M,white,nonhispanic,F,Porvoo  Uusimaa  FI,1031 Nieminen Katu Suite 21,Helsinki,Uusimaa,Helsinki,00950,60.234087929582145,24.904060655331612,5500.0,0.0
6d21a902-ed0c-4fe9-8adf-d8304efdac8e,1998-11-04,,999-69-9515,S99973410,X61404455X,Ms.,Hilpa,Ollikka,,,,white,nonhispanic,F,Askola  Uusimaa  FI,1013 Nurmikoski Katu Suite 67,Tuusula,Uusimaa,Tuusula,04310,60.58312055680427,25.12912243777713,3500.0,0.0
a6897b08-df00-486a-9a0c-f3d50c35d359,1974-10-08,,999-18-1262,S99962444,X87782534X,Mr.,Ronan,Virpi,,,S,white,nonhispanic,M,Helsinki  Uusimaa  FI,458 Morelius Katu Unit 12,Tuusula,Uusimaa,Tuusula,04300,60.373378606769364,24.89613883632871,4625.0,0.0
2de304fe-b139-48db-a2e9-412ebd998373,2001-12-27,,999-45-3984,S99944008,,Mr.,Carl-Göran,Päivänsalo,,,,white,nonhispanic,M,Espoo  Uusimaa  FI,958 Parkkari Katu,Vantaa,Uusimaa,Vantaa,01480,60.315567204998096,25.14041645211423,3375.0,0.0
1eb07836-d680-44b8-b149-abc14ba3810a,1965-02-09,,999-79-9616,S99952795,X43532432X,Mr.,Alexandro,Turkka,,,M,white,nonhispanic,M,Espoo  Uusimaa  FI,210 von Konow Katu,Helsinki,Uusimaa,Helsinki,00640,60.19370925882055,24.958998305881554,5500.0,0.0
1b9eb531-651e-4e86-b62f-d6f64a2d96a2,1983-03-06,,999-52-5443,S99942286,X10866746X,Mrs.,Pirjo-Sisko,Hotta,,Nahkala,M,white,nonhispanic,F,Helsinki  Uusimaa  FI,324 Joskitt Katu Unit 16,Espoo,Uusimaa,Espoo,02380,60.101744614952814,24.693581106519567,4125.0,0.0
313ccf40-a4c2-47e0-a044-208de33f3b38,2017-01-05,,999-18-7081,,,,Tuuve,Lilvanen,,,,white,nonhispanic,F,Vantaa  Uusimaa  FI,1086 Ervelius Katu Suite 72,Espoo,Uusimaa,Espoo,02210,60.145961294652984,24.86521632437659,1375.0,0.0
6a204b5b-82e1-4895-8810-b84cfda39ef3,1912-08-03,,999-54-8697,S99991052,X49507914X,Mr.,Abdalla,Röppänen,,,M,white,nonhispanic,M,Helsinki  Uusimaa  FI,681 Osmo Katu,Helsinki,Uusimaa,Helsinki,00360,60.18854330538782,24.91846799203903,12000.0,0.0
9f6f32f9-598f-42ff-89ae-0e293a210b1d,1994-07-01,,999-26-5191,S99920950,X9599701X,Mr.,Marcelo,Larjomaa,,,,white,nonhispanic,M,Nurmijärvi  Uusimaa  FI,468 Jiang Katu,Helsinki,Uusimaa,Helsinki,00170,60.178973511076876,24.974552721346043,7250.0,0.0
2eb4dea9-5b9e-4ce7-9911-05c497d5e671,2004-04-01,,999-63-7318,,,,Anessa,Jonsson,,,,white,nonhispanic,F,Helsinki  Uusimaa  FI,697 Kuljuntausta Katu,Porvoo,Uusimaa,Porvoo,01180,60.29362743227002,25.84329363388431,3000.0,0.0
3cf5aa2b-1298-489d-a141-a1fec20c8167,1959-12-24,,999-83-7082,S99910542,X53231046X,Mrs.,Sasa,Majoinen,,Paulig,M,white,nonhispanic,F,Porvoo  Uusimaa  FI,578 Wimmer Katu Suite 80,Helsinki,Uusimaa,Helsinki,00920,60.207469914867,24.998598602089288,6633.83,0.0
15e80d67-0d1d-4546-a053-8e5f76b46dd1,2007-06-23,,999-52-5387,,,,Erikka,Kaisti,,,,white,nonhispanic,F,Espoo  Uusimaa  FI,128 Vestola Katu Apt 74,Lohja,Uusimaa,Lohja,08680,60.20907731931459,24.02237054189278,2625.0,0.0
42c1a0e4-6954-4cda-84b8-423f0e3aec76,1970-04-23,,999-11-3893,S99963121,X6873366X,Mrs.,Runa,Millaskangas,,Vierto,M,white,nonhispanic,F,Hyvinkää  Uusimaa  FI,892 Nuolivirta Katu,Porvoo,Uusimaa,Porvoo,06850,60.436842808665624,25.741439455289537,5059.86,0.0
553b443b-d516-4f0b-8aaa-c4a9ec9a5ed8,2019-09-24,,999-17-6505,,,,Mai-Brit,Rahomäki,,,,white,nonhispanic,F,Helsinki  Uusimaa  FI,147 Hiiros Katu,Tuusula,Uusimaa,Tuusula,04380,60.54647169109812,25.016420300549726,500.0,0.0
4ead37cf-42b3-44e8-9170-95d847d3c4d0,1997-06-03,,999-86-4112,S99925362,X19094756X,Ms.,Hanna-Sofia,Varajärvi,,,,white,nonhispanic,F,Tuusula  Uusimaa  FI,113 Reunamäki Katu Unit 94,Helsinki,Uusimaa,Helsinki,00960,60.194705297669834,24.848808984876836,3625.0,0.0
34181855-1629-47e4-890b-2478e2c67e4b,1960-08-20,,999-87-9085,S99973489,X81741768X,Mrs.,Marija,Aalinniemi,,Sainio,M,white,nonhispanic,F,Vantaa  Uusimaa  FI,245 Mäkikangas Katu Unit 15,Vantaa,Uusimaa,Vantaa,01260,60.348898501722935,25.110059227622493,6125.0,0.0
0c3c1e5b-9711-4bda-9c0b-3527fad37c99,1993-09-22,,999-11-4834,S99997562,X50787665X,Mr.,Vinsent,Viherä,,,,white,nonhispanic,M,Siuntio  Uusimaa  FI,703 Tiikko Katu,Helsinki,Uusimaa,Helsinki,00390,60.2873918723875,24.984771310673317,4393.12,0.0
4e26447c-a6e5-4346-b106-15532ce3bdc6,1989-03-22,,999-90-9798,S99939754,X59995580X,Ms.,Eda,Bhatia,,,S,white,nonhispanic,F,Helsinki  Uusimaa  FI,862 Sederholm Katu Apt 39,Espoo,Uusimaa,Espoo,02680,60.19792543786753,24.844589171949202,3875.0,0.0
883774ef-a700-4158-a8ed-8834d1a7c658,1956-08-08,,999-27-2674,S99957314,X65913493X,Mrs.,Tekla,Hämeenniemi,,Junkala,M,white,nonhispanic,F,Helsinki  Uusimaa  FI,276 Rutanen Katu Suite 9,Raasepori,Uusimaa,Raasepori,10480,59.8920687111257,23.302517201879112,6625.0,0.0
e2ce1021-c2fd-45a4-9ba5-483705088efc,2012-03-21,,999-55-1447,,,,Jan-Åke,Koppanen,,,,white,nonhispanic,M,Lohja  Uusimaa  FI,297 Paanala Katu Suite 66,Helsinki,Uusimaa,Helsinki,00850,60.22168302664037,24.89213897848636,2000.0,0.0
bb193aab-412c-4958-ae74-df605534d5c7,1986-12-09,,999-34-3348,S99938944,X40430782X,Mrs.,Seren,Nevalampi,,Mustalampi,M,white,nonhispanic,F,Porvoo  Uusimaa  FI,981 Sahlstein Katu,Helsinki,Uusimaa,Helsinki,00740,60.2047627302475,24.986769520339397,4000.0,0.0
1b290019-d53c-4df3-bb78-82a8f919337e,1981-03-14,,999-90-3836,S99960335,X75250978X,Mr.,Phat,Eskonen,,,M,white,nonhispanic,M,Espoo  Uusimaa  FI,521 Renman Katu,Helsinki,Uusimaa,Helsinki,00650,60.177810593310696,24.996908514633365,4250.0,0.0
b7a0138c-37c8-44ce-8544-08c92cfec089,2010-04-05,,999-15-2188,,,,Dalton,Vesikallio,,,,white,nonhispanic,M,Sipoo  Uusimaa  FI,315 Karma Katu,Helsinki,Uusimaa,Helsinki,00290,60.185286505018766,25.019144341885802,2250.0,0.0
03e3e4bf-7978-404e-8b3d-4486951aa412,1962-06-14,,999-54-2765,S99994349,X22646837X,Mr.,Dylan,Vuola,,,M,white,nonhispanic,M,Tuusula  Uusimaa  FI,568 Ryttäri Katu,Kerava,Uusimaa,Kerava,04250,60.42068910529743,25.064934004161515,5875.0,0.0
6ca5e59b-8a71-4429-9186-b6eaf9b9d08a,2004-07-19,,999-90-2644,,,,Laurinpoika,Vähä-Antila,,,,white,nonhispanic,M,Helsinki  Uusimaa  FI,1060 Seikola Katu,Sipoo,Uusimaa,Sipoo,06880,60.41988307768543,25.208380779112797,3000.0,0.0
a0b2fb21-d51c-43a9-911c-79b41c70521f,1983-10-14,,999-34-6115,S99950772,X72019631X,Mr.,Abdirahim,Tilli,,,M,white,nonhispanic,M,Mäntsälä  Uusimaa  FI,1007 Nikama Katu Suite 18,Helsinki,Uusimaa,Helsinki,00220,60.20865775615584,24.983335503549647,4250.0,0.0
343ed3bf-a909-44f4-9c87-0c290783254a,1937-10-13,,999-85-9602,S99944734,X39781926X,Mr.,Eeles,Haapea,,,M,white,nonhispanic,M,Helsinki  Uusimaa  FI,220 Sundsten Katu Unit 2,Espoo,Uusimaa,Espoo,02250,60.137974585576124,24.715508130854925,8875.0,0.0
944488cf-8805-4697-bfbf-213e9141c8a3,1980-12-28,,999-19-8239,S99969701,X15527764X,Mr.,Barry,Laurinmaa,,,M,white,nonhispanic,M,Lohja  Uusimaa  FI,715 Länsivuori Katu Unit 45,Lohja,Uusimaa,Lohja,08150,60.489807745073186,23.877952541489748,4250.0,0.0
5291fa04-a8fb-4573-9e7b-a43a11c7b528,1984-03-04,,999-88-7632,S99931559,X29009057X,Mr.,Thorolf,Hirvivuori,,,M,white,nonhispanic,M,Helsinki  Uusimaa  FI,172 Vainikkala Katu Apt 91,Helsinki,Uusimaa,Helsinki,00540,60.26193749742698,24.88388490921123,4125.0,0.0
ba39bf12-a613-41a1-aa93-69cef0bcddd8,1921-03-17,,999-64-2045,S99964480,X59920312X,Mrs.,Ariane,Louhe,,Tolonen,M,white,nonhispanic,F,Loviisa  Uusimaa  FI,988 Rintapää Katu,Järvenpää,Uusimaa,Järvenpää,04440,60.50118074629378,25.108671231219084,11000.0,0.0
26dd8553-3dce-4e56-9cf8-934de30ba0ae,1988-10-01,,999-58-5041,S99956357,X89862050X,Mr.,Kalle-Kustaa,Katiska,,,M,white,nonhispanic,M,Helsinki  Uusimaa  FI,197 Joonala Katu Suite 62,Järvenpää,Uusimaa,Järvenpää,04460,60.540133855501864,25.101954595453513,4000.0,0.0
d6a71ae3-6a5d-4942-88bc-5bf378f35b88,1993-07-01,,999-82-2364,S99921688,X86499009X,Mr.,Oliveri,Virkola,,,,white,nonhispanic,M,Mäntsälä  Uusimaa  FI,863 Hillu Katu,Helsinki,Uusimaa,Helsinki,00440,60.183668529558666,24.972417109655055,3750.0,0.0
5f484aa0-1459-45ae-86a2-3790e62eb6d0,1998-10-07,,999-29-8881,S99998062,X70911476X,Mr.,Everett,Tuumi,,,,white,nonhispanic,M,Helsinki  Uusimaa  FI,135 Vilhelmsson Katu Apt 35,Espoo,Uusimaa,Espoo,02720,60.21263158518829,24.854138560646664,3500.0,0.0
39a4f624-dd81-4390-8582-64688e61108a,1946-02-04,,999-39-5206,S99974247,X85929749X,Mr.,Marat,Virrankoski,,,M,white,nonhispanic,M,Helsinki  Uusimaa  FI,1001 Leiramo Katu Suite 66,Helsinki,Uusimaa,Helsinki,00790,60.15199187481644,24.98589760063985,7875.0,0.0
9176304b-e4ef-4dee-93b6-9d342f6638de,2013-11-04,,999-27-1533,,,,Lusia,Eskeli,,,,white,nonhispanic,F,Toulouse  Occitanie  FR,873 Lahikainen Katu,Espoo,Uusimaa,Espoo,02920,60.197075040217406,24.727094490513952,1875.0,0.0
486e8f0f-7093-4a0d-83d1-60b4c786855c,1975-04-27,,999-50-3349,S99958526,X57902400X,Mrs.,Josefia,Sälliluoma,MD,Mäkipelto,M,white,nonhispanic,F,Helsinki  Uusimaa  FI,597 Taube Katu,Helsinki,Uusimaa,Helsinki,00380,60.2487050083787,24.91727585757899,12922.65,0.0
d36bf36b-aa8d-4ee0-9aa6-371d1b51bb1d,1976-02-05,,999-64-5277,S99910802,X40690992X,Mr.,Zachary,Halava,,,M,white,nonhispanic,M,Helsinki  Uusimaa  FI,599 Kämi Katu Unit 32,Hyvinkää,Uusimaa,Hyvinkää,05950,60.55397217868359,24.83713252985653,4625.0,0.0
aef585b6-014c-4e83-91ec-491f24ae467e,1988-06-16,,999-74-7623,S99930548,X82592352X,Mrs.,Mariah,Jytilä,,Kamal,M,white,nonhispanic,F,Espoo  Uusimaa  FI,824 Ruusumaa Katu,Vantaa,Uusimaa,Vantaa,01610,60.268201984966154,24.75264253543229,4000.0,0.0
19ba4762-5f71-4652-aba3-69ded8fc15f3,1987-02-17,,999-32-3325,S99981257,X41153830X,Mrs.,Pirve,Brelo,,Puputti,M,white,nonhispanic,F,Helsinki  Uusimaa  FI,375 Mesterton Katu Suite 6,Kirkkonummi,Uusimaa,Kirkkonummi,02520,60.28296088682335,24.46226682531483,4000.0,0.0
31198074-84f3-467d-aa00-623e06588723,1955-06-08,,999-27-3303,S99991001,X52584333X,Mr.,Jaakoppi,Länsipaltta,,,S,white,nonhispanic,M,Helsinki  Uusimaa  FI,250 Ala-Keturi Katu,Vihti,Uusimaa,Vihti,03150,60.39217481712905,24.47267354928504,13421.31,0.0
cfa5af7e-97e5-493d-a195-2f88adb131df,1956-10-02,,999-70-3577,S99980262,X87600253X,Mrs.,Erikka,Eskills,,Tingvall,M,white,nonhispanic,F,Helsinki  Uusimaa  FI,937 Uusi-Seppälä Katu Suite 72,Järvenpää,Uusimaa,Järvenpää,04430,60.444604420491125,25.11835811867836,6625.0,0.0
19945ab9-6f9c-4a00-a800-a373bf5a5b2a,1965-04-23,,999-88-4033,S99998754,X1722276X,Mr.,Matthieu,Karesti,,,M,white,nonhispanic,M,Lohja  Uusimaa  FI,563 Huumarsalo Katu,Helsinki,Uusimaa,Helsinki,00540,60.220029405858824,24.857069871962302,5625.0,0.0
dd781ba5-6930-4de4-98b9-b5ebc407df52,1927-08-22,,999-97-8598,S99921382,X64852864X,Mr.,Hatem,Teiksala,,,M,white,nonhispanic,M,Helsinki  Uusimaa  FI,881 Pönni Katu,Hyvinkää,Uusimaa,Hyvinkää,05840,60.66104707768484,24.869265129820405,10125.0,0.0
