PATIENT,START_YEAR,END_YEAR,PAYER,OWNERSHIP
51fd9147-c604-4dbe-91c7-d6d52cee11ce,1988,2006,e15e7b92-f376-374f-9285-2f59a38ad823,Guardian
aea0a483-b014-4b42-8c4a-b4e745dd3e5f,1971,1989,e15e7b92-f376-374f-9285-2f59a38ad823,Guardian
3569f8c5-5456-487b-9230-7c18dd1cff28,1972,1990,e15e7b92-f376-374f-9285-2f59a38ad823,Guardian
db6cb3a1-9acd-470a-89cd-49765485aa4a,1965,1983,e15e7b92-f376-374f-9285-2f59a38ad823,Guardian
be491997-cec9-459e-acab-cfaf538d9397,1948,1966,e15e7b92-f376-374f-9285-2f59a38ad823,Guardian
ba5288d9-fdc9-44a0-a9b3-3a22312d9c89,1942,1960,e15e7b92-f376-374f-9285-2f59a38ad823,Guardian
00dc2e60-7021-4c5f-bdeb-d17d8bff70dc,1939,1957,e15e7b92-f376-374f-9285-2f59a38ad823,Guardian
12e2d6c6-80a8-45b8-bdaa-37596845cf75,1957,1975,e15e7b92-f376-374f-9285-2f59a38ad823,Guardian
7cb39181-a309-4514-b65a-4beeb3c37848,1936,1954,e15e7b92-f376-374f-9285-2f59a38ad823,Guardian
3bd1c0b7-5313-4278-aa58-a5d1f9022671,1954,1972,e15e7b92-f376-374f-9285-2f59a38ad823,Guardian
baa03cf0-916f-41b0-b6d6-ba71178542a0,1953,1971,e15e7b92-f376-374f-9285-2f59a38ad823,Guardian
e22cc0e0-d3c5-4d6f-98db-322a510c0dbc,1965,1983,e15e7b92-f376-374f-9285-2f59a38ad823,Guardian
30d89e5f-17fe-4a95-aff3-2316f52a23b0,1969,1987,e15e7b92-f376-374f-9285-2f59a38ad823,Guardian
88069aef-56a4-4ce4-ac67-940e6d6e7d89,1961,1979,e15e7b92-f376-374f-9285-2f59a38ad823,Guardian
a5d47443-3c55-4000-88c3-f02db6740a9a,1964,1982,e15e7b92-f376-374f-9285-2f59a38ad823,Guardian
1e2181e6-3e6d-4acf-87b8-e4859fef33ba,1992,2010,e15e7b92-f376-374f-9285-2f59a38ad823,Guardian
009973f9-60b8-4153-b62a-79a4efe72bde,1984,2002,e15e7b92-f376-374f-9285-2f59a38ad823,Guardian
03e99ed2-8a78-4a31-ad22-842c9b5f04fc,1997,2015,e15e7b92-f376-374f-9285-2f59a38ad823,Guardian
a0785137-114a-432c-98ea-7c2598c20a20,1940,1958,e15e7b92-f376-374f-9285-2f59a38ad823,Guardian
3d76618e-2489-47b1-885c-c2365672b953,1990,2008,e15e7b92-f376-374f-9285-2f59a38ad823,Guardian
3b1bfd35-ecf7-45fa-9cf3-f06c94e5c441,1998,2016,e15e7b92-f376-374f-9285-2f59a38ad823,Guardian
d2f5edb3-3a55-4621-88b8-75a702169f25,1936,1954,e15e7b92-f376-374f-9285-2f59a38ad823,Guardian
a51429d6-60ea-40f2-b360-09832df7172a,1943,1961,e15e7b92-f376-374f-9285-2f59a38ad823,Guardian
9961d761-8bf8-4810-9fdf-719367229689,1941,1959,e15e7b92-f376-374f-9285-2f59a38ad823,Guardian
bfb24ed8-ad0c-4472-83de-28d7c3a00f7d,1975,1993,e15e7b92-f376-374f-9285-2f59a38ad823,Guardian
f6d38747-7f0c-4054-9857-fddf434f8fa4,1913,1931,e15e7b92-f376-374f-9285-2f59a38ad823,Guardian
f6d38747-7f0c-4054-9857-fddf434f8fa4,1932,1966,e15e7b92-f376-374f-9285-2f59a38ad823,Self
9cb07b3a-9147-4651-ba40-6ee49d83c4a1,1966,1984,e15e7b92-f376-374f-9285-2f59a38ad823,Guardian
392be4a2-e19e-466f-a7f0-d8f1b476b836,1980,1998,e15e7b92-f376-374f-9285-2f59a38ad823,Guardian
31c77469-d03d-4fdc-b4b6-e804712864af,1940,1958,e15e7b92-f376-374f-9285-2f59a38ad823,Guardian
6b876ac4-9508-45c1-867e-3c249e5afa16,1991,2009,e15e7b92-f376-374f-9285-2f59a38ad823,Guardian
bffd5325-d1bf-4a55-a630-f74142c9ba63,1958,1976,e15e7b92-f376-374f-9285-2f59a38ad823,Guardian
53c3bd27-01bf-4cca-b1ba-09492bec4a20,1969,1987,e15e7b92-f376-374f-9285-2f59a38ad823,Guardian
d54b0a37-9ceb-4baf-809b-06fb28ed32b2,1939,1957,e15e7b92-f376-374f-9285-2f59a38ad823,Guardian
2e7a614e-d9ff-4857-8673-3f885ab3c5c4,1981,1999,e15e7b92-f376-374f-9285-2f59a38ad823,Guardian
36cb291a-4dcb-4305-ba61-0f21cc422642,1952,1970,e15e7b92-f376-374f-9285-2f59a38ad823,Guardian
69f382cd-6723-49d9-9993-52042b4ebd00,1963,1981,e15e7b92-f376-374f-9285-2f59a38ad823,Guardian
d6fd9bcc-cda4-42ed-b1d6-097d2b55bd89,1972,1990,e15e7b92-f376-374f-9285-2f59a38ad823,Guardian
399ca9ed-a2fa-41bc-9ed4-6fd983a12c4c,1913,1931,e15e7b92-f376-374f-9285-2f59a38ad823,Guardian
f40aa9fb-8ec6-45a7-be2b-235f7b7006ba,1997,2015,e15e7b92-f376-374f-9285-2f59a38ad823,Guardian
15ce6fe6-6f6f-45d0-bb97-b09f7a1deb54,1988,2006,e15e7b92-f376-374f-9285-2f59a38ad823,Guardian
6bf70e08-7541-4da8-a867-6cfd6ec00df4,1912,1930,e15e7b92-f376-374f-9285-2f59a38ad823,Guardian
6bf70e08-7541-4da8-a867-6cfd6ec00df4,1931,2003,e15e7b92-f376-374f-9285-2f59a38ad823,Self
cd8d0c9e-f8c3-43b6-98ef-275838bd86a3,1962,1980,e15e7b92-f376-374f-9285-2f59a38ad823,Guardian
7e195aea-288e-42fa-907b-569dffaf1644,1994,1994,b1c428d6-4f07-31e0-90f0-68ffa6ff8c76,
7e195aea-288e-42fa-907b-569dffaf1644,1995,1995,e15e7b92-f376-374f-9285-2f59a38ad823,
7e195aea-288e-42fa-907b-569dffaf1644,1996,2012,e15e7b92-f376-374f-9285-2f59a38ad823,Guardian
23eef313-533e-4537-b85d-1ab00a0bb2f4,1951,1969,e15e7b92-f376-374f-9285-2f59a38ad823,Guardian
2b942b72-4b5c-4e2e-bd79-c2b6c105a53f,1925,1943,e15e7b92-f376-374f-9285-2f59a38ad823,Guardian
e220ce30-8dfa-4a35-b2f2-50371d5c38a7,1959,1977,e15e7b92-f376-374f-9285-2f59a38ad823,Guardian
c7154713-85e7-4908-a248-9bf2fc0417cb,1983,2001,e15e7b92-f376-374f-9285-2f59a38ad823,Guardian
91ca12a5-b0c9-4d40-ba47-ee14dd57401e,1955,1973,e15e7b92-f376-374f-9285-2f59a38ad823,Guardian
f9ea6555-fefd-4e5b-bce4-6de1fcaf0602,1966,1984,e15e7b92-f376-374f-9285-2f59a38ad823,Guardian
b5c15cbc-b387-4f2f-9195-66068c1bb5dd,1978,1996,e15e7b92-f376-374f-9285-2f59a38ad823,Guardian
e4cabce8-93fb-4143-be6a-f9e3c3649110,1977,1995,e15e7b92-f376-374f-9285-2f59a38ad823,Guardian
14b6e5b4-230e-49c8-b81a-a51356befb21,1983,2001,e15e7b92-f376-374f-9285-2f59a38ad823,Guardian
6d21a902-ed0c-4fe9-8adf-d8304efdac8e,1998,2016,e15e7b92-f376-374f-9285-2f59a38ad823,Guardian
a6897b08-df00-486a-9a0c-f3d50c35d359,1974,1992,e15e7b92-f376-374f-9285-2f59a38ad823,Guardian
2de304fe-b139-48db-a2e9-412ebd998373,2001,2019,e15e7b92-f376-374f-9285-2f59a38ad823,Guardian
1eb07836-d680-44b8-b149-abc14ba3810a,1965,1983,e15e7b92-f376-374f-9285-2f59a38ad823,Guardian
1b9eb531-651e-4e86-b62f-d6f64a2d96a2,1983,2001,e15e7b92-f376-374f-9285-2f59a38ad823,Guardian
6a204b5b-82e1-4895-8810-b84cfda39ef3,1912,1930,e15e7b92-f376-374f-9285-2f59a38ad823,Guardian
9f6f32f9-598f-42ff-89ae-0e293a210b1d,1994,2012,e15e7b92-f376-374f-9285-2f59a38ad823,Guardian
3cf5aa2b-1298-489d-a141-a1fec20c8167,1959,1977,e15e7b92-f376-374f-9285-2f59a38ad823,Guardian
42c1a0e4-6954-4cda-84b8-423f0e3aec76,1970,1988,e15e7b92-f376-374f-9285-2f59a38ad823,Guardian
4ead37cf-42b3-44e8-9170-95d847d3c4d0,1997,2015,e15e7b92-f376-374f-9285-2f59a38ad823,Guardian
34181855-1629-47e4-890b-2478e2c67e4b,1960,1978,e15e7b92-f376-374f-9285-2f59a38ad823,Guardian
0c3c1e5b-9711-4bda-9c0b-3527fad37c99,1993,2011,e15e7b92-f376-374f-9285-2f59a38ad823,Guardian
4e26447c-a6e5-4346-b106-15532ce3bdc6,1989,2007,e15e7b92-f376-374f-9285-2f59a38ad823,Guardian
883774ef-a700-4158-a8ed-8834d1a7c658,1956,1974,e15e7b92-f376-374f-9285-2f59a38ad823,Guardian
bb193aab-412c-4958-ae74-df605534d5c7,1986,2004,e15e7b92-f376-374f-9285-2f59a38ad823,Guardian
1b290019-d53c-4df3-bb78-82a8f919337e,1981,1999,e15e7b92-f376-374f-9285-2f59a38ad823,Guardian
03e3e4bf-7978-404e-8b3d-4486951aa412,1962,1980,e15e7b92-f376-374f-9285-2f59a38ad823,Guardian
a0b2fb21-d51c-43a9-911c-79b41c70521f,1983,2001,e15e7b92-f376-374f-9285-2f59a38ad823,Guardian
343ed3bf-a909-44f4-9c87-0c290783254a,1937,1955,e15e7b92-f376-374f-9285-2f59a38ad823,Guardian
944488cf-8805-4697-bfbf-213e9141c8a3,1980,1998,e15e7b92-f376-374f-9285-2f59a38ad823,Guardian
5291fa04-a8fb-4573-9e7b-a43a11c7b528,1984,2002,e15e7b92-f376-374f-9285-2f59a38ad823,Guardian
ba39bf12-a613-41a1-aa93-69cef0bcddd8,1921,1939,e15e7b92-f376-374f-9285-2f59a38ad823,Guardian
26dd8553-3dce-4e56-9cf8-934de30ba0ae,1988,2006,e15e7b92-f376-374f-9285-2f59a38ad823,Guardian
d6a71ae3-6a5d-4942-88bc-5bf378f35b88,1993,2011,e15e7b92-f376-374f-9285-2f59a38ad823,Guardian
5f484aa0-1459-45ae-86a2-3790e62eb6d0,1998,2016,e15e7b92-f376-374f-9285-2f59a38ad823,Guardian
39a4f624-dd81-4390-8582-64688e61108a,1946,1964,e15e7b92-f376-374f-9285-2f59a38ad823,Guardian
486e8f0f-7093-4a0d-83d1-60b4c786855c,1975,1993,e15e7b92-f376-374f-9285-2f59a38ad823,Guardian
d36bf36b-aa8d-4ee0-9aa6-371d1b51bb1d,1976,1994,e15e7b92-f376-374f-9285-2f59a38ad823,Guardian
aef585b6-014c-4e83-91ec-491f24ae467e,1988,2006,e15e7b92-f376-374f-9285-2f59a38ad823,Guardian
19ba4762-5f71-4652-aba3-69ded8fc15f3,1987,2005,e15e7b92-f376-374f-9285-2f59a38ad823,Guardian
31198074-84f3-467d-aa00-623e06588723,1955,1973,e15e7b92-f376-374f-9285-2f59a38ad823,Guardian
31198074-84f3-467d-aa00-623e06588723,1974,2004,b1c428d6-4f07-31e0-90f0-68ffa6ff8c76,Self
31198074-84f3-467d-aa00-623e06588723,2005,2005,e15e7b92-f376-374f-9285-2f59a38ad823,
cfa5af7e-97e5-493d-a195-2f88adb131df,1956,1974,e15e7b92-f376-374f-9285-2f59a38ad823,Guardian
dd781ba5-6930-4de4-98b9-b5ebc407df52,1927,1945,e15e7b92-f376-374f-9285-2f59a38ad823,Guardian
19945ab9-6f9c-4a00-a800-a373bf5a5b2a,1965,1983,e15e7b92-f376-374f-9285-2f59a38ad823,Guardian
