DATE,PATIENT,ENCOUNTER,CODE,DESCRIPTION,BASE_COST,REASONCODE,REASONDESCRIPTION
2015-07-15,7cb39181-a309-4514-b65a-4beeb3c37848,45dbcb3b-6ac3-4591-a6ed-6196d1b32af7,180325003,Electrical cardioversion,36011.02,49436004,Atrial Fibrillation
2016-07-20,7cb39181-a309-4514-b65a-4beeb3c37848,df9c0de0-8ace-44eb-b488-3160f9be1c38,180325003,Electrical cardioversion,25477.60,49436004,Atrial Fibrillation
2017-07-26,7cb39181-a309-4514-b65a-4beeb3c37848,aca399ce-109a-4a50-b5f7-68420178dffc,180325003,Electrical cardioversion,16214.16,49436004,Atrial Fibrillation
2018-08-01,7cb39181-a309-4514-b65a-4beeb3c37848,b0f6f866-a279-4444-8f56-b32b461e67ea,180325003,Electrical cardioversion,43491.16,49436004,Atrial Fibrillation
2019-08-07,7cb39181-a309-4514-b65a-4beeb3c37848,af696fda-5545-4c78-88a5-cf28ae0a7412,180325003,Electrical cardioversion,47239.75,49436004,Atrial Fibrillation
1994-06-30,a0785137-114a-432c-98ea-7c2598c20a20,9631bafd-a0ae-4adf-86cd-7af5bf4d4587,40701008,Echocardiography (procedure),874.17,230690007,Stroke
1994-06-30,a0785137-114a-432c-98ea-7c2598c20a20,9631bafd-a0ae-4adf-86cd-7af5bf4d4587,433112001,Percutaneous mechanical thrombectomy of portal vein using fluoroscopic guidance,16132.29,230690007,Stroke
1999-12-30,a0785137-114a-432c-98ea-7c2598c20a20,ae1f73bd-5ec4-4281-a1e8-8f5267b01462,40701008,Echocardiography (procedure),1818.76,22298006,Myocardial Infarction
1999-12-30,a0785137-114a-432c-98ea-7c2598c20a20,ae1f73bd-5ec4-4281-a1e8-8f5267b01462,415070008,Percutaneous coronary intervention,28903.90,22298006,Myocardial Infarction
1999-12-30,a0785137-114a-432c-98ea-7c2598c20a20,ae1f73bd-5ec4-4281-a1e8-8f5267b01462,232717009,Coronary artery bypass grafting,68972.70,22298006,Myocardial Infarction
2010-04-21,d2f5edb3-3a55-4621-88b8-75a702169f25,1ac88e66-ba0f-408f-a898-87c18e08e3cc,180325003,Electrical cardioversion,34387.70,49436004,Atrial Fibrillation
2011-04-27,d2f5edb3-3a55-4621-88b8-75a702169f25,5f8fcebc-69a2-4e90-bc3b-038e2ff07559,180325003,Electrical cardioversion,33507.32,49436004,Atrial Fibrillation
2012-05-02,d2f5edb3-3a55-4621-88b8-75a702169f25,a4221625-fab6-4ece-bf23-95c522f8752b,18286008,Catheter ablation of tissue of heart,17416.32,49436004,Atrial Fibrillation
2013-05-08,d2f5edb3-3a55-4621-88b8-75a702169f25,8ed01565-80e1-497f-84d2-5542dc8d36e0,180325003,Electrical cardioversion,18817.15,49436004,Atrial Fibrillation
2014-05-14,d2f5edb3-3a55-4621-88b8-75a702169f25,b3a3bcff-cebc-46e3-af61-ce2deb8946ca,180325003,Electrical cardioversion,31888.60,49436004,Atrial Fibrillation
2015-05-20,d2f5edb3-3a55-4621-88b8-75a702169f25,1ea9c8f9-6b7d-42e1-8eed-3a15977aac12,180325003,Electrical cardioversion,33005.50,49436004,Atrial Fibrillation
2016-05-25,d2f5edb3-3a55-4621-88b8-75a702169f25,9a4fca6f-e3d1-4ecb-92e8-9f578cbecef0,18286008,Catheter ablation of tissue of heart,12788.04,49436004,Atrial Fibrillation
2017-05-31,d2f5edb3-3a55-4621-88b8-75a702169f25,d83aac6a-3967-43b4-bf6e-9a10ddc248ba,180325003,Electrical cardioversion,19625.07,49436004,Atrial Fibrillation
2018-06-06,d2f5edb3-3a55-4621-88b8-75a702169f25,8a2031a4-70d4-424f-bcae-344ad94b16bb,180325003,Electrical cardioversion,32108.75,49436004,Atrial Fibrillation
2019-06-12,d2f5edb3-3a55-4621-88b8-75a702169f25,66efa94b-129a-4bf9-8fa6-884710e46393,180325003,Electrical cardioversion,27914.25,49436004,Atrial Fibrillation
2019-08-07,d2f5edb3-3a55-4621-88b8-75a702169f25,169d0a97-f7b8-4195-a04a-87a693d02944,40701008,Echocardiography (procedure),1575.92,230690007,Stroke
2019-08-07,d2f5edb3-3a55-4621-88b8-75a702169f25,169d0a97-f7b8-4195-a04a-87a693d02944,433112001,Percutaneous mechanical thrombectomy of portal vein using fluoroscopic guidance,30771.78,230690007,Stroke
1966-09-29,f6d38747-7f0c-4054-9857-fddf434f8fa4,9a4f1e6a-e21e-49a9-ae3a-65eed7b86222,40701008,Echocardiography (procedure),757.96,410429000,Cardiac Arrest
1966-09-29,f6d38747-7f0c-4054-9857-fddf434f8fa4,9a4f1e6a-e21e-49a9-ae3a-65eed7b86222,447365002,Insertion of biventricular implantable cardioverter defibrillator,29868.59,410429000,Cardiac Arrest
1966-09-29,f6d38747-7f0c-4054-9857-fddf434f8fa4,9a4f1e6a-e21e-49a9-ae3a-65eed7b86222,18286008,Catheter ablation of tissue of heart,11644.02,410429000,Cardiac Arrest
2011-02-03,399ca9ed-a2fa-41bc-9ed4-6fd983a12c4c,8b4f442b-432c-4510-b237-d2fc3b90454a,180325003,Electrical cardioversion,23865.09,49436004,Atrial Fibrillation
2012-02-09,399ca9ed-a2fa-41bc-9ed4-6fd983a12c4c,6059db08-5f2b-483d-92a2-022306801da1,180325003,Electrical cardioversion,37434.21,49436004,Atrial Fibrillation
2013-02-14,399ca9ed-a2fa-41bc-9ed4-6fd983a12c4c,392cabdd-000a-41f8-a5bc-f88e505339b8,180325003,Electrical cardioversion,47369.37,49436004,Atrial Fibrillation
2014-02-20,399ca9ed-a2fa-41bc-9ed4-6fd983a12c4c,b3b22e8a-8511-4df8-9338-c1f841b8f733,180325003,Electrical cardioversion,41758.23,49436004,Atrial Fibrillation
2015-02-26,399ca9ed-a2fa-41bc-9ed4-6fd983a12c4c,99002255-4ad1-49c6-8646-6d916fd7a49e,18286008,Catheter ablation of tissue of heart,17512.64,49436004,Atrial Fibrillation
2016-03-03,399ca9ed-a2fa-41bc-9ed4-6fd983a12c4c,75b79df3-943a-4c4b-a6b0-44108dbcace0,18286008,Catheter ablation of tissue of heart,12671.26,49436004,Atrial Fibrillation
2017-03-09,399ca9ed-a2fa-41bc-9ed4-6fd983a12c4c,aab1ae81-3cc4-49f1-afb8-d49fec6759aa,180325003,Electrical cardioversion,23213.64,49436004,Atrial Fibrillation
2018-03-15,399ca9ed-a2fa-41bc-9ed4-6fd983a12c4c,9d5e0e07-e750-4e68-8826-1aa879e482e9,180325003,Electrical cardioversion,29279.35,49436004,Atrial Fibrillation
2019-03-21,399ca9ed-a2fa-41bc-9ed4-6fd983a12c4c,7ee906eb-462d-42a2-98a8-60b4854e4488,180325003,Electrical cardioversion,31652.78,49436004,Atrial Fibrillation
2000-03-04,6bf70e08-7541-4da8-a867-6cfd6ec00df4,a3725671-ebf3-4244-b955-380e947fcd93,180325003,Electrical cardioversion,29854.20,49436004,Atrial Fibrillation
2001-03-10,6bf70e08-7541-4da8-a867-6cfd6ec00df4,afc6d1df-f33c-42d9-9415-8239798e01d2,18286008,Catheter ablation of tissue of heart,5578.69,49436004,Atrial Fibrillation
2002-03-16,6bf70e08-7541-4da8-a867-6cfd6ec00df4,52321bef-2f98-4f95-9df8-78c71cc607b2,18286008,Catheter ablation of tissue of heart,12242.49,49436004,Atrial Fibrillation
2003-03-22,6bf70e08-7541-4da8-a867-6cfd6ec00df4,9325199f-c7ef-4b87-b1ce-907a3a4a575c,18286008,Catheter ablation of tissue of heart,11232.88,49436004,Atrial Fibrillation
2003-10-18,6bf70e08-7541-4da8-a867-6cfd6ec00df4,820d133c-cb0b-41f4-8f5f-372cfefacb09,40701008,Echocardiography (procedure),1058.89,22298006,Myocardial Infarction
2003-10-18,6bf70e08-7541-4da8-a867-6cfd6ec00df4,820d133c-cb0b-41f4-8f5f-372cfefacb09,415070008,Percutaneous coronary intervention,31633.41,22298006,Myocardial Infarction
2003-10-18,6bf70e08-7541-4da8-a867-6cfd6ec00df4,820d133c-cb0b-41f4-8f5f-372cfefacb09,232717009,Coronary artery bypass grafting,24662.59,22298006,Myocardial Infarction
2012-05-07,39a4f624-dd81-4390-8582-64688e61108a,f9e25941-89d1-4f43-87ac-a7c62675c1dd,180325003,Electrical cardioversion,41419.99,49436004,Atrial Fibrillation
2013-05-13,39a4f624-dd81-4390-8582-64688e61108a,be6950e9-8ab3-41a7-92b0-54189aaf6e4f,180325003,Electrical cardioversion,23129.43,49436004,Atrial Fibrillation
2014-05-19,39a4f624-dd81-4390-8582-64688e61108a,927b7cfe-8f02-4885-b6f3-2a783aad9df9,18286008,Catheter ablation of tissue of heart,8567.50,49436004,Atrial Fibrillation
2015-05-25,39a4f624-dd81-4390-8582-64688e61108a,baf881e1-9c82-41b7-8909-7173db1ac1f8,180325003,Electrical cardioversion,18165.20,49436004,Atrial Fibrillation
2016-05-30,39a4f624-dd81-4390-8582-64688e61108a,dbaf53c4-6d4e-42a9-b2f6-79cc620dd1f7,180325003,Electrical cardioversion,39783.70,49436004,Atrial Fibrillation
2017-06-05,39a4f624-dd81-4390-8582-64688e61108a,2c006532-672f-4e20-8350-a6a64b045e92,180325003,Electrical cardioversion,36372.08,49436004,Atrial Fibrillation
2018-06-11,39a4f624-dd81-4390-8582-64688e61108a,80ba52f6-89d4-4d32-9626-9e3357d498ca,180325003,Electrical cardioversion,45290.95,49436004,Atrial Fibrillation
2019-06-17,39a4f624-dd81-4390-8582-64688e61108a,840c0a14-54aa-4a5f-af95-1ad6481ee326,180325003,Electrical cardioversion,37713.18,49436004,Atrial Fibrillation
2012-12-23,486e8f0f-7093-4a0d-83d1-60b4c786855c,3b045be3-2f3e-45ab-b065-d500340f83ee,40701008,Echocardiography (procedure),732.09,230690007,Stroke
2012-12-23,486e8f0f-7093-4a0d-83d1-60b4c786855c,3b045be3-2f3e-45ab-b065-d500340f83ee,433112001,Percutaneous mechanical thrombectomy of portal vein using fluoroscopic guidance,19234.06,230690007,Stroke
