Id,ORGANIZATION,NAME,GENDER,SPECIALITY,ADDRESS,CITY,STATE,ZIP,LAT,LON,UTILIZATION
d31ac13a-83d6-3d66-993f-9e9f420f81e4,6e3a689b-5f4c-3946-be10-180a8ba7c680,Yukio Hautakoski,M,GENERAL PRACTICE,Nordenskiöldinkatu 20,Helsinki,18,00250,60.19244,24.92811,13
be35d7f8-801a-31bf-aab1-bd791ced9418,319baef9-e8e6-3320-9e0b-7991d9c167b8,Alise Myllykoski,F,GENERAL PRACTICE,Haartmaninkatu 4,Helsinki,18,00290,60.189159,24.909081,2
62f5549f-445b-30a8-8e3a-72eb60bfd16c,ecfc6f5c-d314-339d-a46c-e26b3f10e6e9,Trude Kaunisto,F,GENERAL PRACTICE,Välskärinkatu 12,Helsinki,18,00260,60.17998,24.91999,1
436ce3ed-2aad-30a3-a0cc-406320b8b107,d8f91bff-b1eb-3e4d-8936-10924c36977a,Raimonpoika Ilveskero,M,GENERAL PRACTICE,Meilahdentie 2,Helsinki,18,00250,60.19263,24.89436,1
3adc0acf-88fd-3f5f-a27a-03c848cd1e8c,410e8cf7-76a3-307f-b421-5fa7760177f1,Vsevolod Aulamo,M,GENERAL PRACTICE,Kasarmikatu 11-13,Helsinki,18,00130,60.16102,24.94834,28
500b25f6-194d-3e2b-9da4-95590442d69b,39010280-b8e5-3b1a-b835-bafbeea21968,Salih Malo,M,GENERAL PRACTICE,Turuntie 150,Espoo,18,02740,60.22589,24.77581,49
3b5082c2-0f56-3f8f-930b-bf81f664854a,af916982-f5f8-341b-b159-69e72695294c,Gracia Väntti,F,GENERAL PRACTICE,Sairaalakatu 1,Vantaa,18,01400,60.3299,25.0608,3
4fd7081f-6c50-3909-a453-bb1866dfa981,8af774ed-7635-320a-ad8c-a63aa309a858,Solange Pullola,F,GENERAL PRACTICE,Sairaalatie 8,Lohja,18,08200,60.2247,24.01885,8
9297072e-d439-3c45-af95-0415d3d26d3e,d8b3cbb1-88db-3fc1-bb2b-6a9c0037e6e5,Avelina Strang,F,GENERAL PRACTICE,Sairaalantie 1,Porvoo,18,06200,60.37911,25.69576,1
d6611fa8-f578-31c9-a630-f8966ef11ec9,738aef7e-a279-3f65-9dba-fead16b27400,Yukio Hautakoski,M,GENERAL PRACTICE,Turuntie 150,Espoo,18,02740,60.22589,24.77581,1198
c3cb832f-f5e3-32e3-adb4-f9b4e3ac91a1,9a3e6919-4ed0-32fe-a1e2-7184b06c415f,Lis-Beth Hollsten,F,GENERAL PRACTICE,Karvasmäentie 6,Espoo,18,02740,60.22011,24.6848,305
c68e1fd1-8eca-3909-9354-fcce624c1df4,a70486b2-c33a-37b3-a4cf-b3dc06cb9d84,Mirva Paatelma,F,GENERAL PRACTICE,Sairaalakatu 1,Vantaa,18,01400,60.3299,25.0608,1476
e6e21405-3a13-3ac2-bd4a-7d9b941157b5,bf25636d-50a4-3cf2-b937-0e59fd37503f,Alise Myllykoski,F,GENERAL PRACTICE,Sairaalankatu 1,Hyvinkää,18,05830,60.612,24.82486,166
e6bd16a0-c43a-308a-8c27-ef3cc6747e04,4eddd774-a01b-3a0b-b4c6-736a5581aba4,Terhi-Tuulia Särkioja,F,GENERAL PRACTICE,Ohkolantie 10,Kellokoski,18,04500,60.53054,25.10548,244
513c2287-a1e7-3dbf-8bea-86c2acb3eb2b,942171f0-df04-34cc-9c85-1a11b2f08717,Ninni-Maria Malm,F,GENERAL PRACTICE,Sairaalatie 8,Lohja,18,08200,60.2247,24.01885,555
4e1c74fd-0f97-38f7-a6d1-3c381fdc1f76,216a84b2-6287-356d-9bcf-655abf00debb,Mari-Anne Hakko,F,GENERAL PRACTICE,Sairaalantie 1,Porvoo,18,06200,60.37911,25.69576,327
9ef2a37b-4f08-3b7b-8fc0-812319c49e0c,319baef9-e8e6-3320-9e0b-7991d9c167b8,Yukio Hautakoski,M,GENERAL PRACTICE,Haartmaninkatu 4,Helsinki,18,00290,60.189159,24.909081,1
ca768685-d666-33f6-b65e-88bda87bbb59,7b74aa83-5335-38dd-a213-d6df36c7f627,Alise Myllykoski,F,GENERAL PRACTICE,Karvasmäentie 6,Espoo,18,02740,60.22011,24.6848,1
f98a13d1-0d42-3e59-9db7-cd26c0ed9b6b,af916982-f5f8-341b-b159-69e72695294c,Terhi-Tuulia Särkioja,F,GENERAL PRACTICE,Sairaalakatu 1,Vantaa,18,01400,60.3299,25.0608,1
a5f3208f-0560-342d-b7f7-07b954c5b327,8af774ed-7635-320a-ad8c-a63aa309a858,Mari-Anne Hakko,F,GENERAL PRACTICE,Sairaalatie 8,Lohja,18,08200,60.2247,24.01885,2
1d68f8d9-ec1a-33b0-95b1-f2c4bea988b0,d8b3cbb1-88db-3fc1-bb2b-6a9c0037e6e5,Trude Kaunisto,F,GENERAL PRACTICE,Sairaalantie 1,Porvoo,18,06200,60.37911,25.69576,3
