location_id,address_1,address_2,city,state,zip,county,location_source_value
2068,731 Vestergård Katu,,Helsinki,Uusimaa,00250,Helsinki,d0973d93-bb8b-4bcc-a3aa-b2a5dbf8ff34
2069,331 Innamaa Katu Suite 88,,Hyvinkää,Uusimaa,05860,Hyvinkää,3135b4d9-53f9-4035-aed1-1a9087518524
2070,125 Kalavainen Katu,,Vantaa,Uusimaa,01260,Vantaa,09855116-a5a1-4a6a-a9fe-03542ca05857
2071,326 Grekula Katu,,Helsinki,Uusimaa,00640,Helsinki,b2a9676c-9bba-434b-b974-c209212ca0d9
2072,423 Soppi Katu,,Espoo,Uusimaa,02170,Espoo,8b0a4432-4940-43d7-bd25-28e66f823296
2073,501 Salonius Katu,,Vihti,Uusimaa,03400,Vihti,bcc19393-91d6-4698-a971-d1e120db6da6
2074,1087 Vieras Katu Unit 14,,Vantaa,Uusimaa,01300,Vantaa,78e4cbbb-f91d-4cc8-9a9b-146d8c34b956
2075,782 Riihikoski Katu Suite 69,,Vantaa,Uusimaa,01740,Vantaa,b9bd4b0c-6a64-4c7a-a62e-9e7934539280
2076,283 Tarjanne Katu Apt 35,,Helsinki,Uusimaa,00230,Helsinki,7955ab25-de91-479f-a434-dde8d7fc5b4a
2077,600 Huldén Katu,,Porvoo,Uusimaa,06150,Porvoo,b2b32098-dd5a-493a-a4f1-6c763705a464
2078,258 Kylliö Katu Unit 1,,Helsinki,Uusimaa,00580,Helsinki,4574e0f9-b6bb-44ab-a575-f7d6eeb97e4f
2079,387 Lisma Katu,,Helsinki,Uusimaa,00800,Helsinki,9b765f91-3681-4d35-85f2-3a26f0ec9020
2080,897 Luusua Katu,,Helsinki,Uusimaa,00360,Helsinki,d8669e78-a83e-4b52-a6a4-80d1d0d0c91d
2081,317 Salim Katu,,Espoo,Uusimaa,02270,Espoo,3f5bf650-bf72-4e21-9f1a-a94d220afe5e
2082,791 Äkräs Katu Suite 71,,Helsinki,Uusimaa,00870,Helsinki,4dfc6664-349a-4b40-9d5c-66a32f58902e
2083,711 Autere Katu,,Kerava,Uusimaa,04250,Kerava,1e10f06e-3da6-4703-83d1-8d145199cec5
2084,241 Niilekselä Katu,,Helsinki,Uusimaa,00740,Helsinki,682b2839-49a6-4d6c-9b52-53987b978a3d
2085,829 Järvimaa Katu Unit 34,,Porvoo,Uusimaa,06850,Porvoo,03c22def-e9c4-41c3-bf9a-d2324681bdf3
2086,400 Koskenniemi Katu Suite 69,,Helsinki,Uusimaa,00760,Helsinki,c26f3d20-5872-4f6d-8708-d73b9d5201d4
2087,984 Soinne Katu Apt 46,,Vantaa,Uusimaa,01630,Vantaa,056690f2-56c3-4238-b5ff-aedb00b23ac4
2088,208 Mutku Katu,,Helsinki,Uusimaa,00680,Helsinki,4f92dd1a-48c0-491e-b091-502aa547dbc6
2089,801 Nyman Katu,,Vantaa,Uusimaa,01450,Vantaa,87e8f6eb-88b7-4935-9f6e-ef820aa861b2
2090,788 Vastela Katu Unit 50,,Helsinki,Uusimaa,00360,Helsinki,c02a1046-0ae1-423f-abd3-5ca8c903f3f1
2091,1030 Petälä Katu Unit 28,,Vantaa,Uusimaa,01690,Vantaa,2e48caa8-40f1-4f60-9ef9-eeb6f6628a60
2092,303 Snygg Katu,,Helsinki,Uusimaa,00180,Helsinki,9af44a53-75a0-4c64-9aaf-eeef240ad855
2093,640 Keskiruusi Katu,,Helsinki,Uusimaa,00750,Helsinki,0ebfebea-50af-46ed-a4d1-b73b6ec43adf
2094,800 Francis Katu,,Helsinki,Uusimaa,00920,Helsinki,8df9e8bb-e8cf-4cbf-a7ef-3585b10943db
2095,1008 Juopperi Katu Apt 93,,Helsinki,Uusimaa,00540,Helsinki,9997b4ee-8bd9-4b6b-b4be-78f92880e0df
2096,954 Harttunen Katu Unit 54,,Helsinki,Uusimaa,00590,Helsinki,0ecfe974-41fc-4355-9ee6-fd11a5e7c32a
2097,1006 Kurkola Katu Apt 46,,Lohja,Uusimaa,08150,Lohja,20aa18bf-44b7-4670-b2d6-dc1ccaf710b8
2098,674 Kymén Katu Suite 78,,Helsinki,Uusimaa,00530,Helsinki,328cb1d2-0b40-4c47-8caf-9c1aff3d4a47
2099,1076 Raunio Katu Suite 85,,Helsinki,Uusimaa,00890,Helsinki,f43d49c5-80de-4305-911c-59aeffc887f5
2100,427 Kuri Katu,,Vantaa,Uusimaa,01600,Vantaa,9fc07abe-0845-4c4d-a67a-e8e9588d532f
2101,1078 Kaarnakorpi Katu Apt 65,,Helsinki,Uusimaa,00750,Helsinki,bc99a775-eafb-4d06-a8c3-f407ad1ed683
2102,909 Sievilä Katu Suite 93,,Raasepori,Uusimaa,10620,Raasepori,93c1f1cd-bf9c-4023-a79c-136532e8f7b8
2103,650 Jalal Katu,,Porvoo,Uusimaa,07370,Porvoo,12f033ff-87f9-489b-880a-85fd5e9c2921
2104,646 Katiska Katu Unit 3,,Sipoo,Uusimaa,01120,Sipoo,02297d80-32eb-4703-819e-590c9148de11
2105,994 Huusman Katu,,Vantaa,Uusimaa,01620,Vantaa,4b48e2c1-2182-4638-93e7-a5d3a599f26e
2106,702 Valli Katu Unit 29,,Porvoo,Uusimaa,07110,Porvoo,525765ea-2bc6-4955-8427-be576c712303
2107,521 Leandersson Katu,,Helsinki,Uusimaa,00970,Helsinki,019088d7-c14d-444a-9d11-91e6f77e4d55
2108,876 Toivola Katu,,Vantaa,Uusimaa,01450,Vantaa,0e1cd3cb-c086-4708-888e-b46f2ae7f2ce
2109,1073 Turner Katu,,Raasepori,Uusimaa,10620,Raasepori,b782ffe8-847c-4853-9e7d-15621e6bd584
2110,424 Särkijärvi Katu,,Kerava,Uusimaa,04200,Kerava,82b07a2e-a113-408b-94f3-80e6a1cf44e9
2111,928 Haddad Katu Unit 88,,Järvenpää,Uusimaa,04440,Järvenpää,7f612840-4c4d-4ccb-8965-631588d1d595
2112,686 Juvala Katu,,Espoo,Uusimaa,02240,Espoo,724acb60-d9d4-4c71-909e-db6f0d02a5fd
2113,343 Sirkesalo Katu,,Helsinki,Uusimaa,00540,Helsinki,6d715b2e-6bde-41c4-bca7-578706afd2fa
2114,547 Ritakorpi Katu Unit 98,,Helsinki,Uusimaa,00280,Helsinki,77857a89-8029-4513-940a-0eb88d89c09b
2115,332 Hannukkala Katu,,Vantaa,Uusimaa,01360,Vantaa,11a9f97c-1d96-4d9d-b5ec-80b32b717f1a
2116,755 Ruonansuu Katu Unit 4,,Helsinki,Uusimaa,00500,Helsinki,8600debd-950e-468b-a96d-eae3c43724fd
2117,201 Kyrönlahti Katu,,Espoo,Uusimaa,02610,Espoo,9c4d435d-aeeb-482d-a23a-5d0f64c2abef
2118,594 Evers Katu,,Kirkkonummi,Uusimaa,02390,Kirkkonummi,dddfbb37-e748-471d-81e7-7a73a82c1c73
2119,371 Aksoy Katu Suite 86,,Helsinki,Uusimaa,00800,Helsinki,6ce50973-b6ab-4b38-9c12-589e9819b1aa
2120,588 Ala-Honkola Katu,,Lohja,Uusimaa,03810,Lohja,41f8001c-7c56-4edd-9f0a-f62873a95849
2121,365 Pyrylä Katu Unit 45,,Lapinjärvi,Uusimaa,07850,Lapinjärvi,2d5caada-637c-4524-9eaa-806fc6b87b1f
2122,349 Petman Katu Suite 46,,Vantaa,Uusimaa,01630,Vantaa,965c9391-b379-4326-8fb0-3565391e3018
2123,757 Perkkalainen Katu,,Helsinki,Uusimaa,00270,Helsinki,b7646dbd-e75b-4bc9-882f-5d5d5ca45a79
2124,868 Tuomainen Katu,,Helsinki,Uusimaa,00590,Helsinki,7400c4a2-0fbb-49f9-8b5b-7a27b70ecad6
2125,489 Tertsonen Katu,,Vantaa,Uusimaa,01300,Vantaa,725dc764-3d65-42cd-b832-a9fdb9cd6495
2126,1078 Läheniemi Katu Unit 96,,Porvoo,Uusimaa,07220,Porvoo,1faf52b1-0e08-4eb7-b1b3-16905d0f0cb8
2127,493 Anttolainen Katu,,Helsinki,Uusimaa,00590,Helsinki,a3f8b00f-74cc-4f41-86ac-e99b4149f279
2128,361 Saarnisalo Katu Suite 1,,Helsinki,Uusimaa,00360,Helsinki,8c0e4aa5-1c56-4e78-9f4b-a62428f3e909
2129,816 Viinonen Katu Apt 83,,Vantaa,Uusimaa,01660,Vantaa,c7795274-83e0-4cce-bfc9-6a6d9c7c988e
2130,167 Laaja Katu Apt 19,,Tuusula,Uusimaa,04320,Tuusula,f988f30d-d7ea-468e-baff-b1b464cfcda9
2131,550 Rytky Katu,,Espoo,Uusimaa,02920,Espoo,345b507f-826b-4384-a443-936d3b6fa9ca
2132,946 Kuosma Katu Apt 16,,Helsinki,Uusimaa,00580,Helsinki,56bceee3-febb-4085-b2a8-bbb3b9f0af3f
2133,772 Henriksson Katu,,Espoo,Uusimaa,02380,Espoo,d9a6a89e-b4db-4147-9eb1-77f097c6c726
2134,428 Valkeakari Katu,,Espoo,Uusimaa,02130,Espoo,fac3b092-734f-4e56-af5d-1362bc06214f
2135,1002 Alakunnas Katu Unit 15,,Kerava,Uusimaa,04250,Kerava,5ff2cc42-8497-4dfe-b2e1-baa46f600fe9
2136,413 Clayhills Katu,,Hyvinkää,Uusimaa,05860,Hyvinkää,c9a30323-fe58-4c87-8218-3c186c06ca94
2137,694 Quach Katu Unit 15,,Helsinki,Uusimaa,00500,Helsinki,40b4d8c3-35aa-4e37-8270-bd29d52ce37c
2138,1050 Onkila Katu,,Espoo,Uusimaa,02980,Espoo,fe443083-c95c-4c6c-83e1-cf4b6f8c3438
2139,795 Schroderus Katu Unit 31,,Lohja,Uusimaa,03870,Lohja,3aee8baa-0ac4-4d29-85c8-dc51a1f1769a
2140,951 Nylund Katu,,Helsinki,Uusimaa,00780,Helsinki,79d5a13e-2222-4dea-bf09-e78913e242d5
2141,911 Virpinen Katu,,Tuusula,Uusimaa,05430,Tuusula,89874b94-4338-47fb-9dc6-2535e46684dd
2142,852 Pautamo Katu,,Helsinki,Uusimaa,00750,Helsinki,ab5f20ff-68b6-40f3-a8cb-70706bb388e0
2143,779 Arvilahti Katu Unit 19,,Nurmijärvi,Uusimaa,01840,Nurmijärvi,ec856eea-d28d-4e1c-9c97-372ac5c20d0b
2144,132 Baumann Katu Suite 43,,Vantaa,Uusimaa,01670,Vantaa,a35bd056-a0c9-4b91-8ea1-6a14ecc0f302
2145,601 Ylivirta Katu,,Espoo,Uusimaa,02360,Espoo,f055ae2e-3130-4708-b448-374f24b34004
2146,901 Hjelt Katu,,Lohja,Uusimaa,09630,Lohja,1b3871c3-0746-45fd-81cc-f96829b38d66
2147,373 Ellä Katu,,Helsinki,Uusimaa,00760,Helsinki,a71662cf-a735-4e09-8b99-f7831da9afea
2148,850 Ruokoranta Katu Apt 6,,Vantaa,Uusimaa,01280,Vantaa,45aaf77a-c794-4ccf-a35a-430503eabe0b
2149,435 Suurhasko Katu,,Mäntsälä,Uusimaa,04920,Mäntsälä,ce4ec8f7-2b55-463c-b39f-b14da0d9894e
2150,673 Surakka Katu Unit 48,,Nurmijärvi,Uusimaa,05100,Nurmijärvi,6dd077de-f68a-4bb6-9f74-02e4f94b61d4
2151,550 Pitkonen Katu Suite 22,,Espoo,Uusimaa,02110,Espoo,b86664eb-c168-4e4b-a0f1-9dd63bfb1017
2152,235 Myllyviita Katu Unit 44,,Helsinki,Uusimaa,00540,Helsinki,24eee597-4fb6-4c65-8c72-c60c99782588
2153,307 Pekari Katu Apt 86,,Espoo,Uusimaa,02380,Espoo,17d063ed-7717-4f97-956c-95426bf2943e
2154,981 Maja Katu Apt 52,,Espoo,Uusimaa,02360,Espoo,c1ef27b9-d893-449f-b986-5fc07863d132
2155,644 Kyytinen Katu,,Helsinki,Uusimaa,00610,Helsinki,3b49cf08-2376-4105-aee1-e455e002bbdf
2156,956 Duncker Katu,,Vantaa,Uusimaa,01200,Vantaa,b8c9b6cb-4d25-4b7b-9932-e47735702d8a
2157,931 Prauda Katu,,Järvenpää,Uusimaa,04410,Järvenpää,5b9f864c-07c1-45a9-bef2-2c97c0aee845
2158,981 Käld Katu,,Helsinki,Uusimaa,00150,Helsinki,b5eeaecf-fd0f-4fdd-8ec0-ac19a7ed7364
2159,488 Hamara Katu,,Kerava,Uusimaa,04230,Kerava,9ba61f34-0cbd-4246-b4a6-1d02db6363b2
2160,794 Hauska Katu,,Helsinki,Uusimaa,00530,Helsinki,d1eda910-1696-444d-ab1b-cec44fe5553b
2161,645 Turtonen Katu Suite 4,,Helsinki,Uusimaa,00100,Helsinki,b962ef08-fa68-4cd5-a7cf-fbd6af2d277a
2162,525 Horto Katu Suite 62,,Helsinki,Uusimaa,00290,Helsinki,525e45b9-a65c-44a1-b5e9-7ffd7c5ae7c5
2163,349 Maljonen Katu Suite 10,,Espoo,Uusimaa,02720,Espoo,fde686dc-4c59-4909-bd40-134a9af7fde8
2164,751 Gromov Katu Unit 40,,Helsinki,Uusimaa,00820,Helsinki,11559efe-946f-47fe-9f04-aefc7e4183fb
2165,316 Koivukari Katu Unit 68,,Porvoo,Uusimaa,07220,Porvoo,c44f94e4-9fa8-4804-ac02-66810e6b90da
2166,844 Mikkolanaho Katu Unit 82,,Järvenpää,Uusimaa,04400,Järvenpää,e883f6c3-4951-4607-8f3a-13bf8f6a302e
2167,941 Saarenkylä Katu,,Vantaa,Uusimaa,01360,Vantaa,f2eefa19-f4c4-40a9-8c09-f0cf189b4479
2168,178 Ihanus Katu,,Espoo,Uusimaa,02290,Espoo,918febc5-ee18-4057-8668-900bb0598948
2169,780 Hykkyrä Katu,,Espoo,Uusimaa,02160,Espoo,13667d9f-9566-4fbc-8d79-0ee27ec9a03f
2170,240 Woltter Katu,,Helsinki,Uusimaa,00200,Helsinki,48841961-a5e9-4c4e-a68f-ef30998c3a33
2171,649 Iijolainen Katu Suite 97,,Helsinki,Uusimaa,00550,Helsinki,e608f466-ca15-4149-a343-99f253ca075a
2172,548 Juhala Katu,,Kirkkonummi,Uusimaa,02450,Kirkkonummi,919bc5fb-fe2d-4493-962f-2cfa5166464f
2173,535 Mahlavuori Katu,,Helsinki,Uusimaa,00160,Helsinki,9bf121bf-04e9-46b9-b675-a965a78d839a
