person_id,gender_concept_id,year_of_birth,month_of_birth,day_of_birth,birth_datetime,race_concept_id,ethnicity_concept_id,location_id,provider_id,care_site_id,person_source_value,gender_source_value,gender_source_concept_id,race_source_value,race_source_concept_id,ethnicity_source_value,ethnicity_source_concept_id
2068,8507,2017,1,21,,8527,0,2068,,,d0973d93-bb8b-4bcc-a3aa-b2a5dbf8ff34,M,0,white,0,nonhispanic,0
2069,8507,2010,2,23,,8527,0,2069,,,3135b4d9-53f9-4035-aed1-1a9087518524,M,0,white,0,nonhispanic,0
2070,8507,1994,2,28,,8527,0,2070,,,09855116-a5a1-4a6a-a9fe-03542ca05857,M,0,white,0,nonhispanic,0
2071,8532,1991,4,18,,8527,0,2071,,,b2a9676c-9bba-434b-b974-c209212ca0d9,F,0,white,0,nonhispanic,0
2072,8507,1981,7,13,,8527,0,2072,,,8b0a4432-4940-43d7-bd25-28e66f823296,M,0,white,0,nonhispanic,0
2073,8507,1980,4,27,,8527,0,2073,,,bcc19393-91d6-4698-a971-d1e120db6da6,M,0,white,0,nonhispanic,0
2074,8507,2001,7,20,,8527,0,2074,,,78e4cbbb-f91d-4cc8-9a9b-146d8c34b956,M,0,white,0,nonhispanic,0
2075,8532,2016,8,2,,8527,0,2075,,,b9bd4b0c-6a64-4c7a-a62e-9e7934539280,F,0,white,0,nonhispanic,0
2076,8532,1957,2,16,,8527,0,2076,,,7955ab25-de91-479f-a434-dde8d7fc5b4a,F,0,white,0,nonhispanic,0
2077,8532,1991,12,9,,8527,0,2077,,,b2b32098-dd5a-493a-a4f1-6c763705a464,F,0,white,0,nonhispanic,0
2078,8507,1966,4,14,,8527,0,2078,,,4574e0f9-b6bb-44ab-a575-f7d6eeb97e4f,M,0,white,0,nonhispanic,0
2079,8532,1984,6,27,,8527,0,2079,,,9b765f91-3681-4d35-85f2-3a26f0ec9020,F,0,white,0,nonhispanic,0
2080,8532,1938,3,17,,8527,0,2080,,,d8669e78-a83e-4b52-a6a4-80d1d0d0c91d,F,0,white,0,nonhispanic,0
2081,8532,1939,11,27,,8527,0,2081,,,3f5bf650-bf72-4e21-9f1a-a94d220afe5e,F,0,white,0,nonhispanic,0
2082,8532,1956,8,16,,8527,0,2082,,,4dfc6664-349a-4b40-9d5c-66a32f58902e,F,0,white,0,nonhispanic,0
2083,8532,2016,5,22,,8527,0,2083,,,1e10f06e-3da6-4703-83d1-8d145199cec5,F,0,white,0,nonhispanic,0
2084,8532,1992,4,2,,8527,0,2084,,,682b2839-49a6-4d6c-9b52-53987b978a3d,F,0,white,0,nonhispanic,0
2085,8507,1994,1,4,,8527,0,2085,,,03c22def-e9c4-41c3-bf9a-d2324681bdf3,M,0,white,0,nonhispanic,0
2086,8532,1975,1,10,,8527,0,2086,,,c26f3d20-5872-4f6d-8708-d73b9d5201d4,F,0,white,0,nonhispanic,0
2087,8532,1985,11,22,,8527,0,2087,,,056690f2-56c3-4238-b5ff-aedb00b23ac4,F,0,white,0,nonhispanic,0
2088,8532,1987,12,31,,8527,0,2088,,,4f92dd1a-48c0-491e-b091-502aa547dbc6,F,0,white,0,nonhispanic,0
2089,8532,1947,5,3,,8527,0,2089,,,87e8f6eb-88b7-4935-9f6e-ef820aa861b2,F,0,white,0,nonhispanic,0
2090,8532,1997,8,2,,8527,0,2090,,,c02a1046-0ae1-423f-abd3-5ca8c903f3f1,F,0,white,0,nonhispanic,0
2091,8507,1966,9,1,,8527,0,2091,,,2e48caa8-40f1-4f60-9ef9-eeb6f6628a60,M,0,white,0,nonhispanic,0
2092,8532,2011,1,3,,8527,0,2092,,,9af44a53-75a0-4c64-9aaf-eeef240ad855,F,0,white,0,nonhispanic,0
2093,8507,1999,2,7,,8527,0,2093,,,0ebfebea-50af-46ed-a4d1-b73b6ec43adf,M,0,white,0,nonhispanic,0
2094,8507,1942,8,7,,8527,0,2094,,,8df9e8bb-e8cf-4cbf-a7ef-3585b10943db,M,0,white,0,nonhispanic,0
2095,8532,1957,1,27,,8527,0,2095,,,9997b4ee-8bd9-4b6b-b4be-78f92880e0df,F,0,white,0,nonhispanic,0
2096,8507,1972,3,18,,8527,0,2096,,,0ecfe974-41fc-4355-9ee6-fd11a5e7c32a,M,0,white,0,nonhispanic,0
2097,8532,1985,1,1,,8527,0,2097,,,20aa18bf-44b7-4670-b2d6-dc1ccaf710b8,F,0,white,0,nonhispanic,0
2098,8532,2015,11,19,,8527,0,2098,,,328cb1d2-0b40-4c47-8caf-9c1aff3d4a47,F,0,white,0,nonhispanic,0
2099,8532,1968,7,1,,8527,0,2099,,,f43d49c5-80de-4305-911c-59aeffc887f5,F,0,white,0,nonhispanic,0
2100,8507,1982,10,26,,8527,0,2100,,,9fc07abe-0845-4c4d-a67a-e8e9588d532f,M,0,white,0,nonhispanic,0
2101,8507,1914,5,26,,8527,0,2101,,,bc99a775-eafb-4d06-a8c3-f407ad1ed683,M,0,white,0,nonhispanic,0
2102,8507,2012,2,9,,8527,0,2102,,,93c1f1cd-bf9c-4023-a79c-136532e8f7b8,M,0,white,0,nonhispanic,0
2103,8507,2000,5,1,,8527,0,2103,,,12f033ff-87f9-489b-880a-85fd5e9c2921,M,0,white,0,nonhispanic,0
2104,8532,2009,1,24,,8527,0,2104,,,02297d80-32eb-4703-819e-590c9148de11,F,0,white,0,nonhispanic,0
2105,8507,2016,3,28,,8527,0,2105,,,4b48e2c1-2182-4638-93e7-a5d3a599f26e,M,0,white,0,nonhispanic,0
2106,8532,1983,11,7,,8527,0,2106,,,525765ea-2bc6-4955-8427-be576c712303,F,0,white,0,nonhispanic,0
2107,8532,2012,2,12,,8527,0,2107,,,019088d7-c14d-444a-9d11-91e6f77e4d55,F,0,white,0,nonhispanic,0
2108,8507,1982,10,26,,8527,0,2108,,,0e1cd3cb-c086-4708-888e-b46f2ae7f2ce,M,0,white,0,nonhispanic,0
2109,8507,1975,6,29,,8527,0,2109,,,b782ffe8-847c-4853-9e7d-15621e6bd584,M,0,white,0,nonhispanic,0
2110,8532,1966,12,23,,8527,0,2110,,,82b07a2e-a113-408b-94f3-80e6a1cf44e9,F,0,white,0,nonhispanic,0
2111,8507,1977,10,9,,8527,0,2111,,,7f612840-4c4d-4ccb-8965-631588d1d595,M,0,white,0,nonhispanic,0
2112,8507,1940,9,29,,8527,0,2112,,,724acb60-d9d4-4c71-909e-db6f0d02a5fd,M,0,white,0,nonhispanic,0
2113,8532,2013,2,25,,8527,0,2113,,,6d715b2e-6bde-41c4-bca7-578706afd2fa,F,0,white,0,nonhispanic,0
2114,8507,2011,1,21,,8527,0,2114,,,77857a89-8029-4513-940a-0eb88d89c09b,M,0,white,0,nonhispanic,0
2115,8507,1982,1,17,,8527,0,2115,,,11a9f97c-1d96-4d9d-b5ec-80b32b717f1a,M,0,white,0,nonhispanic,0
2116,8507,1989,11,24,,8527,0,2116,,,8600debd-950e-468b-a96d-eae3c43724fd,M,0,white,0,nonhispanic,0
2117,8532,1946,11,28,,8527,0,2117,,,9c4d435d-aeeb-482d-a23a-5d0f64c2abef,F,0,white,0,nonhispanic,0
2118,8532,1958,5,21,,8527,0,2118,,,dddfbb37-e748-471d-81e7-7a73a82c1c73,F,0,white,0,nonhispanic,0
2119,8507,1999,11,21,,8527,0,2119,,,6ce50973-b6ab-4b38-9c12-589e9819b1aa,M,0,white,0,nonhispanic,0
2120,8507,1992,4,16,,8527,0,2120,,,41f8001c-7c56-4edd-9f0a-f62873a95849,M,0,white,0,nonhispanic,0
2121,8532,1968,2,20,,8527,0,2121,,,2d5caada-637c-4524-9eaa-806fc6b87b1f,F,0,white,0,nonhispanic,0
2122,8507,1982,1,17,,8527,0,2122,,,965c9391-b379-4326-8fb0-3565391e3018,M,0,white,0,nonhispanic,0
2123,8507,1946,1,17,,8527,0,2123,,,b7646dbd-e75b-4bc9-882f-5d5d5ca45a79,M,0,white,0,nonhispanic,0
2124,8532,1997,9,26,,8527,0,2124,,,7400c4a2-0fbb-49f9-8b5b-7a27b70ecad6,F,0,white,0,nonhispanic,0
2125,8532,2004,7,17,,8527,0,2125,,,725dc764-3d65-42cd-b832-a9fdb9cd6495,F,0,white,0,nonhispanic,0
2126,8507,2007,4,20,,8527,0,2126,,,1faf52b1-0e08-4eb7-b1b3-16905d0f0cb8,M,0,white,0,nonhispanic,0
2127,8532,1986,2,2,,8527,0,2127,,,a3f8b00f-74cc-4f41-86ac-e99b4149f279,F,0,white,0,nonhispanic,0
2128,8532,2020,2,14,,8527,0,2128,,,8c0e4aa5-1c56-4e78-9f4b-a62428f3e909,F,0,white,0,nonhispanic,0
2129,8532,2020,2,28,,8527,0,2129,,,c7795274-83e0-4cce-bfc9-6a6d9c7c988e,F,0,white,0,nonhispanic,0
2130,8507,2015,4,8,,8527,0,2130,,,f988f30d-d7ea-468e-baff-b1b464cfcda9,M,0,white,0,nonhispanic,0
2131,8507,2018,4,20,,8527,0,2131,,,345b507f-826b-4384-a443-936d3b6fa9ca,M,0,white,0,nonhispanic,0
2132,8507,1946,8,25,,8527,0,2132,,,56bceee3-febb-4085-b2a8-bbb3b9f0af3f,M,0,white,0,nonhispanic,0
2133,8507,1940,9,29,,8527,0,2133,,,d9a6a89e-b4db-4147-9eb1-77f097c6c726,M,0,white,0,nonhispanic,0
2134,8532,1975,11,10,,8527,0,2134,,,fac3b092-734f-4e56-af5d-1362bc06214f,F,0,white,0,nonhispanic,0
2135,8532,1995,9,2,,8527,0,2135,,,5ff2cc42-8497-4dfe-b2e1-baa46f600fe9,F,0,white,0,nonhispanic,0
2136,8532,1994,11,12,,8527,0,2136,,,c9a30323-fe58-4c87-8218-3c186c06ca94,F,0,white,0,nonhispanic,0
2137,8507,1946,8,25,,8527,0,2137,,,40b4d8c3-35aa-4e37-8270-bd29d52ce37c,M,0,white,0,nonhispanic,0
2138,8507,1978,10,21,,8527,0,2138,,,fe443083-c95c-4c6c-83e1-cf4b6f8c3438,M,0,white,0,nonhispanic,0
2139,8532,1964,11,4,,8527,0,2139,,,3aee8baa-0ac4-4d29-85c8-dc51a1f1769a,F,0,white,0,nonhispanic,0
2140,8507,1989,7,13,,8527,0,2140,,,79d5a13e-2222-4dea-bf09-e78913e242d5,M,0,white,0,nonhispanic,0
2141,8507,1966,3,24,,8527,0,2141,,,89874b94-4338-47fb-9dc6-2535e46684dd,M,0,white,0,nonhispanic,0
2142,8507,1972,7,29,,8527,0,2142,,,ab5f20ff-68b6-40f3-a8cb-70706bb388e0,M,0,white,0,nonhispanic,0
2143,8532,1965,6,3,,8527,0,2143,,,ec856eea-d28d-4e1c-9c97-372ac5c20d0b,F,0,white,0,nonhispanic,0
2144,8532,2015,3,24,,8527,0,2144,,,a35bd056-a0c9-4b91-8ea1-6a14ecc0f302,F,0,white,0,nonhispanic,0
2145,8532,1985,12,15,,8527,0,2145,,,f055ae2e-3130-4708-b448-374f24b34004,F,0,white,0,nonhispanic,0
2146,8507,2013,3,9,,8527,0,2146,,,1b3871c3-0746-45fd-81cc-f96829b38d66,M,0,white,0,nonhispanic,0
2147,8507,1956,11,7,,8527,0,2147,,,a71662cf-a735-4e09-8b99-f7831da9afea,M,0,white,0,nonhispanic,0
2148,8532,1996,1,26,,8527,0,2148,,,45aaf77a-c794-4ccf-a35a-430503eabe0b,F,0,white,0,nonhispanic,0
2149,8532,2008,5,5,,8527,0,2149,,,ce4ec8f7-2b55-463c-b39f-b14da0d9894e,F,0,white,0,nonhispanic,0
2150,8507,2003,4,13,,8527,0,2150,,,6dd077de-f68a-4bb6-9f74-02e4f94b61d4,M,0,white,0,nonhispanic,0
2151,8532,1957,4,19,,8527,0,2151,,,b86664eb-c168-4e4b-a0f1-9dd63bfb1017,F,0,white,0,nonhispanic,0
2152,8507,1946,8,25,,8527,0,2152,,,24eee597-4fb6-4c65-8c72-c60c99782588,M,0,white,0,nonhispanic,0
2153,8532,1987,1,18,,8527,0,2153,,,17d063ed-7717-4f97-956c-95426bf2943e,F,0,white,0,nonhispanic,0
2154,8532,1964,9,6,,8527,0,2154,,,c1ef27b9-d893-449f-b986-5fc07863d132,F,0,white,0,nonhispanic,0
2155,8507,1974,8,11,,8527,0,2155,,,3b49cf08-2376-4105-aee1-e455e002bbdf,M,0,white,0,nonhispanic,0
2156,8507,1965,12,2,,8527,0,2156,,,b8c9b6cb-4d25-4b7b-9932-e47735702d8a,M,0,white,0,nonhispanic,0
2157,8507,1995,7,25,,8527,0,2157,,,5b9f864c-07c1-45a9-bef2-2c97c0aee845,M,0,white,0,nonhispanic,0
2158,8532,1977,1,13,,8527,0,2158,,,b5eeaecf-fd0f-4fdd-8ec0-ac19a7ed7364,F,0,white,0,nonhispanic,0
2159,8532,1968,9,1,,8527,0,2159,,,9ba61f34-0cbd-4246-b4a6-1d02db6363b2,F,0,white,0,nonhispanic,0
2160,8532,2009,10,10,,8527,0,2160,,,d1eda910-1696-444d-ab1b-cec44fe5553b,F,0,white,0,nonhispanic,0
2161,8507,1979,9,22,,8527,0,2161,,,b962ef08-fa68-4cd5-a7cf-fbd6af2d277a,M,0,white,0,nonhispanic,0
2162,8532,1972,9,22,,8527,0,2162,,,525e45b9-a65c-44a1-b5e9-7ffd7c5ae7c5,F,0,white,0,nonhispanic,0
2163,8532,1969,12,19,,8527,0,2163,,,fde686dc-4c59-4909-bd40-134a9af7fde8,F,0,white,0,nonhispanic,0
2164,8507,1946,8,25,,8527,0,2164,,,11559efe-946f-47fe-9f04-aefc7e4183fb,M,0,white,0,nonhispanic,0
2165,8532,2017,8,30,,8527,0,2165,,,c44f94e4-9fa8-4804-ac02-66810e6b90da,F,0,white,0,nonhispanic,0
2166,8507,1942,1,25,,8527,0,2166,,,e883f6c3-4951-4607-8f3a-13bf8f6a302e,M,0,white,0,nonhispanic,0
2167,8532,1958,3,14,,8527,0,2167,,,f2eefa19-f4c4-40a9-8c09-f0cf189b4479,F,0,white,0,nonhispanic,0
2168,8507,1955,1,26,,8527,0,2168,,,918febc5-ee18-4057-8668-900bb0598948,M,0,white,0,nonhispanic,0
2169,8507,1997,9,13,,8527,0,2169,,,13667d9f-9566-4fbc-8d79-0ee27ec9a03f,M,0,white,0,nonhispanic,0
2170,8507,1951,11,22,,8527,0,2170,,,48841961-a5e9-4c4e-a68f-ef30998c3a33,M,0,white,0,nonhispanic,0
2171,8507,1968,11,9,,8527,0,2171,,,e608f466-ca15-4149-a343-99f253ca075a,M,0,white,0,nonhispanic,0
2172,8507,1955,7,27,,8527,0,2172,,,919bc5fb-fe2d-4493-962f-2cfa5166464f,M,0,white,0,nonhispanic,0
2173,8507,1973,9,26,,8527,0,2173,,,9bf121bf-04e9-46b9-b675-a965a78d839a,M,0,white,0,nonhispanic,0
