START,STOP,PATIENT,ENCOUNTER,CODE,DESCRIPTION
1966-12-03,,06dbfe2e-bfc2-4a0b-92d1-58d4f3bf3cf3,4f6e839e-7798-475b-8a75-9ecbc171367c,410429000,Cardiac Arrest
1966-12-03,,06dbfe2e-bfc2-4a0b-92d1-58d4f3bf3cf3,4f6e839e-7798-475b-8a75-9ecbc171367c,429007001,History of cardiac arrest (situation)
2007-01-13,,06dbfe2e-bfc2-4a0b-92d1-58d4f3bf3cf3,53046f11-555c-45d7-a925-c209e00463d8,230690007,Stroke
1999-02-20,,3d5623e4-221e-461d-9b10-ec2794d255c5,995b3bfb-5fd8-4256-a701-581548eaa0ea,53741008,Coronary Heart Disease
2010-04-22,,e8bc1b6d-027f-404e-a74d-3339a9575a57,7647ec6e-7347-4ff1-a9b9-8cc8730a60fc,49436004,Atrial Fibrillation
1984-04-11,,610824d0-901a-4993-9d66-f01cf0f9b4d0,ba82fd13-593c-4365-8440-e03fc2800b0a,230690007,Stroke
2015-11-11,,610824d0-901a-4993-9d66-f01cf0f9b4d0,7ea01369-2039-4592-9c86-dc6b4b0f9ec4,49436004,Atrial Fibrillation
1999-12-18,,8d4d704f-faf2-4b0b-9a26-0a427a274418,3969d908-de69-438b-9bb6-8b1c252d2af2,53741008,Coronary Heart Disease
2009-09-19,,8d4d704f-faf2-4b0b-9a26-0a427a274418,5724d7cc-65e6-476a-9b7b-fc5f5c1ba25e,410429000,Cardiac Arrest
2009-09-19,,8d4d704f-faf2-4b0b-9a26-0a427a274418,5724d7cc-65e6-476a-9b7b-fc5f5c1ba25e,429007001,History of cardiac arrest (situation)
2008-11-25,,a4287f57-c4bd-4d12-8c95-1d4360e999c4,9b16cdac-60d3-42dc-8f37-d0b9109a94eb,53741008,Coronary Heart Disease
2014-10-28,,a4287f57-c4bd-4d12-8c95-1d4360e999c4,4266dd91-0d3a-47a1-92d2-48acd4595bba,22298006,Myocardial Infarction
2014-10-28,,a4287f57-c4bd-4d12-8c95-1d4360e999c4,4266dd91-0d3a-47a1-92d2-48acd4595bba,399211009,History of myocardial infarction (situation)
2018-05-29,,684c639c-5a5b-4a7f-8fcb-905c23a5672e,f754906c-b78b-424c-aa29-483c5d46821e,53741008,Coronary Heart Disease
2017-05-28,,d12b0ad0-50a5-453d-9540-fd43897281a0,6aefc1b2-8ecb-4e2e-8fcb-bc39d62ee61c,230690007,Stroke
1984-09-15,,62b3fffc-798e-4684-b9d6-db2c3a25bfd5,bf374aaf-19c4-445d-b8e2-12abcb4427f9,53741008,Coronary Heart Disease
1981-07-11,,ecba1d81-7d33-4024-9b9a-771fa075b336,03057a9c-40e2-4664-a36b-e9f5236db74b,53741008,Coronary Heart Disease
1990-06-30,,ecba1d81-7d33-4024-9b9a-771fa075b336,10dbe007-43dd-4a85-979c-12cbafed4781,22298006,Myocardial Infarction
1990-06-30,,ecba1d81-7d33-4024-9b9a-771fa075b336,10dbe007-43dd-4a85-979c-12cbafed4781,399211009,History of myocardial infarction (situation)
2004-07-16,,d0c62f54-9af7-49c5-b8ac-018a582be75b,e43e9814-ef94-4400-8d30-2ba72907907f,410429000,Cardiac Arrest
2004-07-16,,d0c62f54-9af7-49c5-b8ac-018a582be75b,e43e9814-ef94-4400-8d30-2ba72907907f,429007001,History of cardiac arrest (situation)
2012-09-14,,e2196a60-f0f8-4a48-b43d-cd8f66f9c638,293d17c6-32d7-4529-a71c-687964369a90,49436004,Atrial Fibrillation
1951-06-09,,c7e80420-223d-474d-8f1e-b8149155c0ed,902e25d7-4ed1-4c84-8210-eaf5804acc23,410429000,Cardiac Arrest
1951-06-09,,c7e80420-223d-474d-8f1e-b8149155c0ed,902e25d7-4ed1-4c84-8210-eaf5804acc23,429007001,History of cardiac arrest (situation)
1994-05-25,,34561170-2028-4318-9a3f-a41ec94e3ad9,77872951-0224-4c58-a368-13ed144d2486,53741008,Coronary Heart Disease
1998-06-17,,34561170-2028-4318-9a3f-a41ec94e3ad9,fecace77-01cc-4463-b36d-152e752f6c1a,49436004,Atrial Fibrillation
2014-06-04,,34561170-2028-4318-9a3f-a41ec94e3ad9,652f8cf6-d002-41bf-9a03-d2de183f6940,230690007,Stroke
