START,STOP,PATIENT,PAYER,ENCOUNTER,CODE,DESCRIPTION,BASE_COST,PAYER_COVERAGE,DISPENSES,TOTALCOST,REASONCODE,REASONDESCRIPTION
1999-02-20,,3d5623e4-221e-461d-9b10-ec2794d255c5,b1c428d6-4f07-31e0-90f0-68ffa6ff8c76,995b3bfb-5fd8-4256-a701-581548eaa0ea,309362,Clopidogrel 75 MG Oral Tablet,60.38,0.00,256,15457.28,,
1999-02-20,,3d5623e4-221e-461d-9b10-ec2794d255c5,b1c428d6-4f07-31e0-90f0-68ffa6ff8c76,995b3bfb-5fd8-4256-a701-581548eaa0ea,312961,Simvastatin 20 MG Oral Tablet,10.59,0.00,256,2711.04,,
1999-02-20,,3d5623e4-221e-461d-9b10-ec2794d255c5,b1c428d6-4f07-31e0-90f0-68ffa6ff8c76,995b3bfb-5fd8-4256-a701-581548eaa0ea,197361,Amlodipine 5 MG Oral Tablet,8.81,0.00,256,2255.36,,
1999-02-20,,3d5623e4-221e-461d-9b10-ec2794d255c5,b1c428d6-4f07-31e0-90f0-68ffa6ff8c76,995b3bfb-5fd8-4256-a701-581548eaa0ea,705129,Nitroglycerin 0.4 MG/ACTUAT Mucosal Spray,67.63,0.00,256,17313.28,,
2010-04-22,,e8bc1b6d-027f-404e-a74d-3339a9575a57,b1c428d6-4f07-31e0-90f0-68ffa6ff8c76,7647ec6e-7347-4ff1-a9b9-8cc8730a60fc,855332,Warfarin Sodium 5 MG Oral Tablet,210.50,0.00,120,25260.00,,
2010-04-22,,e8bc1b6d-027f-404e-a74d-3339a9575a57,b1c428d6-4f07-31e0-90f0-68ffa6ff8c76,7647ec6e-7347-4ff1-a9b9-8cc8730a60fc,897718,Verapamil Hydrochloride 40 MG,202.66,0.00,120,24319.20,,
2010-04-22,,e8bc1b6d-027f-404e-a74d-3339a9575a57,b1c428d6-4f07-31e0-90f0-68ffa6ff8c76,7647ec6e-7347-4ff1-a9b9-8cc8730a60fc,197604,Digoxin 0.125 MG Oral Tablet,56.12,0.00,120,6734.40,,
2015-11-11,,610824d0-901a-4993-9d66-f01cf0f9b4d0,b1c428d6-4f07-31e0-90f0-68ffa6ff8c76,7ea01369-2039-4592-9c86-dc6b4b0f9ec4,855332,Warfarin Sodium 5 MG Oral Tablet,33.22,0.00,52,1727.44,,
2015-11-11,,610824d0-901a-4993-9d66-f01cf0f9b4d0,b1c428d6-4f07-31e0-90f0-68ffa6ff8c76,7ea01369-2039-4592-9c86-dc6b4b0f9ec4,897718,Verapamil Hydrochloride 40 MG,28.38,0.00,52,1475.76,,
2015-11-11,,610824d0-901a-4993-9d66-f01cf0f9b4d0,b1c428d6-4f07-31e0-90f0-68ffa6ff8c76,7ea01369-2039-4592-9c86-dc6b4b0f9ec4,197604,Digoxin 0.125 MG Oral Tablet,65.19,0.00,52,3389.88,,
1999-12-18,,8d4d704f-faf2-4b0b-9a26-0a427a274418,b1c428d6-4f07-31e0-90f0-68ffa6ff8c76,3969d908-de69-438b-9bb6-8b1c252d2af2,309362,Clopidogrel 75 MG Oral Tablet,52.49,0.00,246,12912.54,,
1999-12-18,,8d4d704f-faf2-4b0b-9a26-0a427a274418,b1c428d6-4f07-31e0-90f0-68ffa6ff8c76,3969d908-de69-438b-9bb6-8b1c252d2af2,312961,Simvastatin 20 MG Oral Tablet,8.22,0.00,246,2022.12,,
1999-12-18,,8d4d704f-faf2-4b0b-9a26-0a427a274418,b1c428d6-4f07-31e0-90f0-68ffa6ff8c76,3969d908-de69-438b-9bb6-8b1c252d2af2,197361,Amlodipine 5 MG Oral Tablet,21.10,0.00,246,5190.60,,
1999-12-18,,8d4d704f-faf2-4b0b-9a26-0a427a274418,b1c428d6-4f07-31e0-90f0-68ffa6ff8c76,3969d908-de69-438b-9bb6-8b1c252d2af2,705129,Nitroglycerin 0.4 MG/ACTUAT Mucosal Spray,13.14,0.00,246,3232.44,,
2008-11-25,2014-10-28,a4287f57-c4bd-4d12-8c95-1d4360e999c4,b1c428d6-4f07-31e0-90f0-68ffa6ff8c76,9b16cdac-60d3-42dc-8f37-d0b9109a94eb,309362,Clopidogrel 75 MG Oral Tablet,21.22,0.00,72,1527.84,,
2008-11-25,,a4287f57-c4bd-4d12-8c95-1d4360e999c4,b1c428d6-4f07-31e0-90f0-68ffa6ff8c76,9b16cdac-60d3-42dc-8f37-d0b9109a94eb,312961,Simvastatin 20 MG Oral Tablet,6.65,0.00,72,478.80,,
2008-11-25,,a4287f57-c4bd-4d12-8c95-1d4360e999c4,b1c428d6-4f07-31e0-90f0-68ffa6ff8c76,9b16cdac-60d3-42dc-8f37-d0b9109a94eb,197361,Amlodipine 5 MG Oral Tablet,20.97,0.00,72,1509.84,,
2008-11-25,2014-10-28,a4287f57-c4bd-4d12-8c95-1d4360e999c4,b1c428d6-4f07-31e0-90f0-68ffa6ff8c76,9b16cdac-60d3-42dc-8f37-d0b9109a94eb,705129,Nitroglycerin 0.4 MG/ACTUAT Mucosal Spray,66.36,0.00,72,4777.92,,
2014-10-28,2014-10-28,a4287f57-c4bd-4d12-8c95-1d4360e999c4,b1c428d6-4f07-31e0-90f0-68ffa6ff8c76,4266dd91-0d3a-47a1-92d2-48acd4595bba,259255,Atorvastatin 80 MG Oral Tablet,347.02,0.00,1,347.02,,
2014-10-28,2014-10-28,a4287f57-c4bd-4d12-8c95-1d4360e999c4,b1c428d6-4f07-31e0-90f0-68ffa6ff8c76,4266dd91-0d3a-47a1-92d2-48acd4595bba,833036,Captopril 25 MG Oral Tablet,98.74,0.00,1,98.74,,
2018-05-29,,684c639c-5a5b-4a7f-8fcb-905c23a5672e,b1c428d6-4f07-31e0-90f0-68ffa6ff8c76,f754906c-b78b-424c-aa29-483c5d46821e,309362,Clopidogrel 75 MG Oral Tablet,100.09,0.00,21,2101.89,,
2018-05-29,,684c639c-5a5b-4a7f-8fcb-905c23a5672e,b1c428d6-4f07-31e0-90f0-68ffa6ff8c76,f754906c-b78b-424c-aa29-483c5d46821e,312961,Simvastatin 20 MG Oral Tablet,29.72,0.00,21,624.12,,
2018-05-29,,684c639c-5a5b-4a7f-8fcb-905c23a5672e,b1c428d6-4f07-31e0-90f0-68ffa6ff8c76,f754906c-b78b-424c-aa29-483c5d46821e,197361,Amlodipine 5 MG Oral Tablet,38.64,0.00,21,811.44,,
2018-05-29,,684c639c-5a5b-4a7f-8fcb-905c23a5672e,b1c428d6-4f07-31e0-90f0-68ffa6ff8c76,f754906c-b78b-424c-aa29-483c5d46821e,705129,Nitroglycerin 0.4 MG/ACTUAT Mucosal Spray,47.94,0.00,21,1006.74,,
2017-05-28,2017-05-28,d12b0ad0-50a5-453d-9540-fd43897281a0,b1c428d6-4f07-31e0-90f0-68ffa6ff8c76,6aefc1b2-8ecb-4e2e-8fcb-bc39d62ee61c,309362,Clopidogrel 75 MG Oral Tablet,117.10,0.00,1,117.10,,
2017-05-28,2017-05-28,d12b0ad0-50a5-453d-9540-fd43897281a0,b1c428d6-4f07-31e0-90f0-68ffa6ff8c76,6aefc1b2-8ecb-4e2e-8fcb-bc39d62ee61c,1804799,Alteplase 100 MG Injection,6532.03,0.00,1,6532.03,,
1984-09-15,,62b3fffc-798e-4684-b9d6-db2c3a25bfd5,b1c428d6-4f07-31e0-90f0-68ffa6ff8c76,bf374aaf-19c4-445d-b8e2-12abcb4427f9,705129,Nitroglycerin 0.4 MG/ACTUAT Mucosal Spray,116.86,0.00,432,50483.52,,
1991-10-26,,62b3fffc-798e-4684-b9d6-db2c3a25bfd5,b1c428d6-4f07-31e0-90f0-68ffa6ff8c76,ef91716e-1e9b-4a6e-a981-9cfc865af796,312961,Simvastatin 20 MG Oral Tablet,34.13,0.00,345,11774.85,,
1994-11-12,,62b3fffc-798e-4684-b9d6-db2c3a25bfd5,b1c428d6-4f07-31e0-90f0-68ffa6ff8c76,d44eaff6-7514-4159-8585-23950226edea,197361,Amlodipine 5 MG Oral Tablet,48.85,0.00,308,15045.80,,
1997-11-29,,62b3fffc-798e-4684-b9d6-db2c3a25bfd5,b1c428d6-4f07-31e0-90f0-68ffa6ff8c76,e9834519-619f-42ac-81a3-cf4af3914029,309362,Clopidogrel 75 MG Oral Tablet,41.19,0.00,271,11162.49,,
1981-07-11,1990-06-30,ecba1d81-7d33-4024-9b9a-771fa075b336,b1c428d6-4f07-31e0-90f0-68ffa6ff8c76,03057a9c-40e2-4664-a36b-e9f5236db74b,705129,Nitroglycerin 0.4 MG/ACTUAT Mucosal Spray,259.38,0.00,109,28272.42,,
1990-06-30,1990-06-30,ecba1d81-7d33-4024-9b9a-771fa075b336,b1c428d6-4f07-31e0-90f0-68ffa6ff8c76,10dbe007-43dd-4a85-979c-12cbafed4781,833036,Captopril 25 MG Oral Tablet,43.76,0.00,1,43.76,,
2012-09-14,,e2196a60-f0f8-4a48-b43d-cd8f66f9c638,b1c428d6-4f07-31e0-90f0-68ffa6ff8c76,293d17c6-32d7-4529-a71c-687964369a90,855332,Warfarin Sodium 5 MG Oral Tablet,192.09,0.00,91,17480.19,,
2012-09-14,,e2196a60-f0f8-4a48-b43d-cd8f66f9c638,b1c428d6-4f07-31e0-90f0-68ffa6ff8c76,293d17c6-32d7-4529-a71c-687964369a90,897718,Verapamil Hydrochloride 40 MG,73.20,0.00,91,6661.20,,
2012-09-14,,e2196a60-f0f8-4a48-b43d-cd8f66f9c638,b1c428d6-4f07-31e0-90f0-68ffa6ff8c76,293d17c6-32d7-4529-a71c-687964369a90,197604,Digoxin 0.125 MG Oral Tablet,61.04,0.00,91,5554.64,,
1994-05-25,,34561170-2028-4318-9a3f-a41ec94e3ad9,b1c428d6-4f07-31e0-90f0-68ffa6ff8c76,77872951-0224-4c58-a368-13ed144d2486,312961,Simvastatin 20 MG Oral Tablet,32.03,0.00,314,10057.42,,
1994-05-25,,34561170-2028-4318-9a3f-a41ec94e3ad9,b1c428d6-4f07-31e0-90f0-68ffa6ff8c76,77872951-0224-4c58-a368-13ed144d2486,197361,Amlodipine 5 MG Oral Tablet,32.72,0.00,314,10274.08,,
1994-05-25,,34561170-2028-4318-9a3f-a41ec94e3ad9,b1c428d6-4f07-31e0-90f0-68ffa6ff8c76,77872951-0224-4c58-a368-13ed144d2486,705129,Nitroglycerin 0.4 MG/ACTUAT Mucosal Spray,76.88,0.00,314,24140.32,,
1997-06-11,2014-06-04,34561170-2028-4318-9a3f-a41ec94e3ad9,b1c428d6-4f07-31e0-90f0-68ffa6ff8c76,17378e50-124b-47fb-b970-551ae08f3e54,309362,Clopidogrel 75 MG Oral Tablet,9.39,0.00,206,1934.34,,
1998-06-17,,34561170-2028-4318-9a3f-a41ec94e3ad9,b1c428d6-4f07-31e0-90f0-68ffa6ff8c76,fecace77-01cc-4463-b36d-152e752f6c1a,855332,Warfarin Sodium 5 MG Oral Tablet,85.30,0.00,264,22519.20,,
1998-06-17,,34561170-2028-4318-9a3f-a41ec94e3ad9,b1c428d6-4f07-31e0-90f0-68ffa6ff8c76,fecace77-01cc-4463-b36d-152e752f6c1a,897718,Verapamil Hydrochloride 40 MG,18.57,0.00,264,4902.48,,
1998-06-17,,34561170-2028-4318-9a3f-a41ec94e3ad9,b1c428d6-4f07-31e0-90f0-68ffa6ff8c76,fecace77-01cc-4463-b36d-152e752f6c1a,197604,Digoxin 0.125 MG Oral Tablet,63.81,0.00,264,16845.84,,
2014-06-04,2014-06-04,34561170-2028-4318-9a3f-a41ec94e3ad9,b1c428d6-4f07-31e0-90f0-68ffa6ff8c76,652f8cf6-d002-41bf-9a03-d2de183f6940,1804799,Alteplase 100 MG Injection,6390.11,0.00,1,6390.11,,
2014-09-17,,34561170-2028-4318-9a3f-a41ec94e3ad9,b1c428d6-4f07-31e0-90f0-68ffa6ff8c76,f74893d0-80c9-429a-b3e5-7114f0b134d2,309362,Clopidogrel 75 MG Oral Tablet,42.86,0.00,66,2828.76,,
