Id,BIRTHDATE,DEATHDATE,SSN,DRIVERS,PASSPORT,PREFIX,FIRST,LAST,SUFFIX,MAIDEN,MARITAL,RACE,ETHNICITY,GENDER,BIRTHPLACE,ADDRESS,CITY,STATE,COUNTY,ZIP,LAT,LON,HEALTHCARE_EXPENSES,HEALTHCARE_COVERAGE
18f6d26f-d362-4acd-95d0-8ef1bb1464b2,2015-08-08,,999-71-6355,,,,Raman,Saurén,,,,white,nonhispanic,M,Kirkkonummi  Uusimaa  FI,161 Sailas Katu,Vantaa,Uusimaa,Vantaa,01530,60.295176076595084,25.039427141437713,1625.0,0.0
8430f009-34b8-42f3-b4d8-f2fb708a3af3,1987-03-08,,999-99-1695,S99918589,X80867560X,Mrs.,Emira,Vaarapuro,,Nesterinen,M,white,nonhispanic,F,Hyvinkää  Uusimaa  FI,892 Ala-Hynnilä Katu Suite 26,Helsinki,Uusimaa,Helsinki,00960,60.235085887494634,24.84348020934789,4000.0,0.0
e581d82a-dfbe-4872-8204-703ba274b0cb,1983-01-21,,999-61-9300,S99988865,X9990704X,Mr.,Moritz,Ylirinne,,,M,white,nonhispanic,M,Raasepori  Uusimaa  FI,623 Patel Katu Apt 14,Helsinki,Uusimaa,Helsinki,00420,60.17550407583775,25.006089574501008,4125.0,0.0
be2c06ee-0f11-4305-bcee-24e920e87f1f,1990-12-07,,999-19-4890,S99981958,X1372832X,Mr.,Ka,Kuljula,,,S,white,nonhispanic,M,Espoo  Uusimaa  FI,417 Krause Katu,Helsinki,Uusimaa,Helsinki,00760,60.24013593575474,24.90841440089518,3875.0,0.0
87415f7c-2d97-4a5f-bbcf-9e3cd1f7478e,1977-06-24,,999-92-4478,S99923385,X65787924X,Mr.,The,Sneitz,,,M,white,nonhispanic,M,Helsinki  Uusimaa  FI,194 Tikka Katu Apt 78,Helsinki,Uusimaa,Helsinki,00250,60.232712807407275,24.848364926655538,4500.0,0.0
afec0907-9cc0-4abe-b203-fd2b10131ac0,1979-07-31,,999-35-4686,S99910847,X75625821X,Mrs.,Akiliina,Finström,,Kalliosalo,M,white,nonhispanic,F,Järvenpää  Uusimaa  FI,420 Vaskimo Katu Apt 44,Espoo,Uusimaa,Espoo,02680,60.26394747795791,24.790779636106386,4375.0,0.0
06dbfe2e-bfc2-4a0b-92d1-58d4f3bf3cf3,1962-10-06,,999-46-5022,S99993563,X36522310X,Mrs.,Kerttu-Liisa,Sahanen,,Gammelgård,M,white,nonhispanic,F,Espoo  Uusimaa  FI,787 Rahiala Katu Apt 64,Porvoo,Uusimaa,Porvoo,06650,60.43628366293693,25.900848136577146,12527.09,0.0
7b8d6aae-322b-4510-9d15-31d965ce4a00,1999-06-08,,999-37-8462,S99920284,X11248396X,Ms.,Mikaelsdotter,Mauro,,,,white,nonhispanic,F,Raasepori  Uusimaa  FI,567 Murray Katu,Espoo,Uusimaa,Espoo,02680,60.133678023650326,24.647958310361986,3500.0,0.0
3d5623e4-221e-461d-9b10-ec2794d255c5,1957-02-09,,999-84-1221,S99911830,X87155290X,Mr.,Jevgeni,Ahvalo,,,M,white,nonhispanic,M,Pukkila  Uusimaa  FI,160 Juvala Katu Suite 48,Kerava,Uusimaa,Kerava,04230,60.40160784117357,25.129365610610428,7000.0,0.0
d47efb09-9773-4175-9810-58f4b0c6ba72,1999-05-25,,999-15-9526,S99912742,X52387324X,Ms.,Merita,Koreasalo,,,,white,nonhispanic,F,Helsinki  Uusimaa  FI,439 Osma Katu Suite 86,Helsinki,Uusimaa,Helsinki,00830,60.22674196976612,24.96764022306711,3500.0,0.0
e8bc1b6d-027f-404e-a74d-3339a9575a57,1949-02-17,,999-59-4308,S99964603,X20377876X,Mrs.,Deniz,Ala-Vannesluoma,,Nyrönen,M,white,nonhispanic,F,Vantaa  Uusimaa  FI,633 Sailio Katu Unit 38,Helsinki,Uusimaa,Helsinki,00610,60.215252387168086,24.963085141845717,7500.0,0.0
762b79ac-06a3-4a73-a9e9-605d9decfc63,1960-12-29,,999-79-9897,S99915108,X35156439X,Mrs.,Sanaa,Kiehelä,,Tuurinmäki,M,white,nonhispanic,F,Porvoo  Uusimaa  FI,528 Boström Katu,Helsinki,Uusimaa,Helsinki,00840,60.26922398464883,24.909143127938197,6125.0,0.0
433b256c-4232-4861-96ac-d8e80b768b27,2004-05-18,,999-58-5888,,,,Marcel,Kivi,,,,white,nonhispanic,M,Helsinki  Uusimaa  FI,1072 Vihola Katu Suite 20,Espoo,Uusimaa,Espoo,02920,60.176804318899,24.81757389364286,3000.0,0.0
d2308998-f990-4257-b6cd-183dd8c053be,1972-05-19,,999-99-2651,S99919447,X82601483X,Mr.,Perttu,Listokorpi,,,M,white,nonhispanic,M,Kirkkonummi  Uusimaa  FI,377 Korpi Katu Apt 18,Vantaa,Uusimaa,Vantaa,01730,60.39819056957401,24.92148730472686,4750.0,0.0
a2a54b21-78f3-489a-a94c-2aebcae82bb2,1979-09-29,,999-94-3603,S99970065,X5619269X,Mrs.,Susannah,Alakurtti,,Klen,M,white,nonhispanic,F,Helsinki  Uusimaa  FI,458 Pajukanta Katu Suite 75,Sipoo,Uusimaa,Sipoo,04130,60.48452198880159,25.25403120935623,4375.0,0.0
ef761996-a211-4dd4-b65e-822cdf925393,1984-06-24,,999-14-3667,S99936053,X5470141X,Mr.,Man,Aflecht,,,M,white,nonhispanic,M,Hyvinkää  Uusimaa  FI,999 Soivio Katu,Helsinki,Uusimaa,Helsinki,00220,60.223442318485276,24.894224134553824,4125.0,0.0
42d19c33-b858-4fc5-a058-9306c81e904d,1982-10-08,,999-41-4058,S99981197,X72789477X,Mrs.,Tarja-Liisa,Kälkäinen,,Tammenkoski,M,white,nonhispanic,F,Helsinki  Uusimaa  FI,631 Kotajärvi Katu Suite 46,Siuntio,Uusimaa,Siuntio,02580,60.223814824813665,24.06488097272465,4250.0,0.0
5fc1dfab-4917-4a3a-a0f7-2783f8984505,1949-04-13,,999-11-8340,S99974292,X3217970X,Mr.,Eli,Kemola,,,M,white,nonhispanic,M,Espoo  Uusimaa  FI,181 Ståhlstedt Katu Unit 4,Helsinki,Uusimaa,Helsinki,00770,60.23157419615841,24.973096315187103,7500.0,0.0
8678ee46-c195-4911-8b5d-980fff275bd5,1974-01-23,,999-51-3069,S99992530,X7838129X,Mrs.,Aileen,Scheiman,,Littow,M,white,nonhispanic,F,Helsinki  Uusimaa  FI,763 Latvakangas Katu,Hyvinkää,Uusimaa,Hyvinkää,05820,60.60430012802084,24.85617604871166,4750.0,0.0
b3f612cd-7c87-4621-bf3c-87f1d7e19f14,1976-04-16,,999-30-5905,S99972505,X60971553X,Mrs.,Lucy,Först,,Isomursu,M,white,nonhispanic,F,Espoo  Uusimaa  FI,408 Schultz Katu,Helsinki,Uusimaa,Helsinki,00940,60.250056431752334,24.982761160337557,4500.0,0.0
0a12ff72-888c-4238-981f-cd42e9c2d9b2,1981-07-16,,999-86-4867,S99962429,X52828112X,Mrs.,Nanja,Hantula,,Rauhaniemi,M,white,nonhispanic,F,Loviisa  Uusimaa  FI,502 Granath Katu,Espoo,Uusimaa,Espoo,02610,60.12230760132581,24.739339914315497,4250.0,0.0
1c2d7679-7ece-4a4d-8c17-a3a05a290768,1979-02-17,,999-37-6198,S99981931,X30419833X,Mr.,Luca,Husari,,,M,white,nonhispanic,M,Kerava  Uusimaa  FI,691 Kullaa Katu,Espoo,Uusimaa,Espoo,02260,60.15685849047105,24.813003805595482,4375.0,0.0
6bea3430-f552-40ed-849d-4558d9109177,2013-11-28,,999-16-9419,,,,Thomas,Rautaporras,,,,white,nonhispanic,M,Espoo  Uusimaa  FI,938 Tiimo Katu Unit 49,Helsinki,Uusimaa,Helsinki,00390,60.20169699848426,25.10408815630893,1875.0,0.0
74d7ff13-5f86-4774-b7cc-a6601d384fd5,2012-01-13,,999-94-4686,,,,Anttuuna,Niinilampi,,,,white,nonhispanic,F,Espoo  Uusimaa  FI,928 Santapukki Katu,Helsinki,Uusimaa,Helsinki,00290,60.167064255709754,25.093413519259112,2125.0,0.0
a7600ec0-441b-4bab-8ca9-fb0220b0a018,1960-03-02,,999-56-1776,S99951980,X33180998X,Mrs.,Nathali,Loutti,,von Hertzen,M,white,nonhispanic,F,Vantaa  Uusimaa  FI,405 Hevosmaa Katu Suite 97,Espoo,Uusimaa,Espoo,02610,60.31205199050999,24.774625991147342,6125.0,0.0
610824d0-901a-4993-9d66-f01cf0f9b4d0,1963-10-30,,999-15-7659,S99969493,X29477481X,Mr.,Leif-Johan,Nilsson,JD,,M,white,nonhispanic,M,Kirkkonummi  Uusimaa  FI,1092 Kukkoaho Katu Apt 36,Porvoo,Uusimaa,Porvoo,06400,60.51477262644482,25.821190392720435,5875.0,0.0
2dbe6347-a791-48da-8ab7-243ab1b66d80,1964-03-17,,999-84-7108,S99914972,X33020021X,Mr.,Jan-Stefan,Toura,,,M,white,nonhispanic,M,Järvenpää  Uusimaa  FI,183 Lauren Katu,Helsinki,Uusimaa,Helsinki,00280,60.21350213973682,24.937476597105217,5625.0,0.0
70ef56a7-19ee-41c5-abf4-ba1b77a3e118,1963-09-30,,999-24-4609,S99912727,X79414237X,Mr.,Iippo,Kyheröinen,,,M,white,nonhispanic,M,Espoo  Uusimaa  FI,1068 Seikkala Katu Unit 38,Mäntsälä,Uusimaa,Mäntsälä,04920,60.61308984833802,25.196420970333108,5750.0,0.0
b807dd04-f5e8-443c-ac5e-43f3822f4cf4,1964-02-22,,999-36-1318,S99944752,X18240485X,Mrs.,Anielka,Tuiskula,,Kannonlahti,M,white,nonhispanic,F,Helsinki  Uusimaa  FI,885 Majanen Katu Suite 66,Helsinki,Uusimaa,Helsinki,00800,60.21506640672903,25.09948092262887,5625.0,0.0
ffe94990-4a20-4701-8324-1fc8020a7c8e,1978-11-14,,999-46-9743,S99981669,X32641831X,Ms.,Minessa,Finsk,,,S,white,nonhispanic,F,Helsinki  Uusimaa  FI,116 Helläkoski Katu,Helsinki,Uusimaa,Helsinki,00540,60.233872987249555,24.85184120906102,4375.0,0.0
4daacd15-24b7-4472-af65-e5e6a26cff9e,1969-01-28,,999-94-8616,S99933657,X56778527X,Mr.,Bujar,Heinola,,,M,white,nonhispanic,M,Helsinki  Uusimaa  FI,517 Malvikko Katu,Helsinki,Uusimaa,Helsinki,00210,60.27397924349831,24.98671964908975,5125.0,0.0
dc5c63d8-4099-4bff-b30c-eff014aa8435,1995-12-29,,999-43-1781,S99963343,X62723398X,Ms.,Viveca,Ryan,,,,white,nonhispanic,F,Raasepori  Uusimaa  FI,734 Palo-oja Katu Unit 53,Vihti,Uusimaa,Vihti,03220,60.297222664341035,24.444158343415875,3625.0,0.0
cb369a43-e4ba-4fbc-84bf-8e603fbf2e86,1998-07-17,,999-37-6179,S99976648,X40058632X,Ms.,Jinka,Pakarinen,,,,white,nonhispanic,F,Hyvinkää  Uusimaa  FI,497 Hallama Katu Unit 54,Hyvinkää,Uusimaa,Hyvinkää,05950,60.66268224322863,24.875350182544107,3500.0,0.0
6078fd70-a6bb-4806-949e-b4b42eac3b18,2001-09-03,,999-69-9263,S99984479,,Ms.,Anmari,Hirva,,,,white,nonhispanic,F,Espoo  Uusimaa  FI,323 Vähä-Karvia Katu Suite 37,Vihti,Uusimaa,Vihti,03400,60.380064106071615,24.203953507292056,3375.0,0.0
64bf5a11-7083-4868-b420-a7f8e229fbbf,1970-03-17,,999-23-6120,S99970009,X54499570X,Mr.,Mirsad,Enckelman,,,M,white,nonhispanic,M,Helsinki  Uusimaa  FI,254 Sulkunen Katu Unit 84,Helsinki,Uusimaa,Helsinki,00220,60.140454827519655,24.905867096980774,4875.0,0.0
46fabef0-1d5f-44e4-87c7-f8d720ee67b4,1994-10-03,,999-65-9486,S99983793,X27276449X,Ms.,Ida-Marie,Öster,,,,white,nonhispanic,F,Helsinki  Uusimaa  FI,378 Kimonen Katu,Helsinki,Uusimaa,Helsinki,00210,60.18120039516616,24.924899536623982,3750.0,0.0
78fe9da8-8024-4dfe-b95a-6ce1510a4ac4,2015-03-20,,999-56-5207,,,,Severin,Kujanpää,,,,white,nonhispanic,M,Helsinki  Uusimaa  FI,302 Porko Katu Suite 44,Mäntsälä,Uusimaa,Mäntsälä,04820,60.619149525358615,25.430647620582402,1750.0,0.0
573591f9-4e24-4425-8039-0be6cdab9c88,1994-01-10,,999-30-3543,S99936221,X18366388X,Ms.,Valma,Råberg,,,,white,nonhispanic,F,Helsinki  Uusimaa  FI,491 Siemssen Katu,Vantaa,Uusimaa,Vantaa,01740,60.29097068098644,25.08739173583543,3750.0,0.0
037ad6fd-fe19-4c5a-a719-fc038616ae41,1965-11-13,,999-80-6966,S99976666,X68573013X,Mr.,Ringo,Marno,,,M,white,nonhispanic,M,Kerava  Uusimaa  FI,1099 Frick Katu,Espoo,Uusimaa,Espoo,02740,60.18991596642895,24.676774722821527,5500.0,0.0
c0316922-bc63-47db-aa44-5d83e010558b,1934-12-01,,999-55-5272,S99972261,X23134867X,Ms.,Alvina,Nummenranta,,,S,white,nonhispanic,F,Vantaa  Uusimaa  FI,700 Pyhäluoto Katu,Helsinki,Uusimaa,Helsinki,00870,60.232438247906735,25.0378176142959,9250.0,0.0
cea645cc-81e1-491a-88f8-4ab4d12fe7d1,1953-03-06,,999-80-7821,S99985454,X10736049X,Mr.,Saulinpoika,Nevalainen,,,M,white,nonhispanic,M,Helsinki  Uusimaa  FI,996 Jylö Katu Apt 35,Espoo,Uusimaa,Espoo,02760,60.19286810763904,24.698683275841102,7000.0,0.0
a7566274-279c-4666-bb88-e111a808d413,1947-11-20,,999-14-4476,S99986724,X84246788X,Mrs.,Catherina,Nietula,,Selänne,M,white,nonhispanic,F,Espoo  Uusimaa  FI,354 Kiekara Katu Apt 70,Helsinki,Uusimaa,Helsinki,00940,60.2418204882461,24.945956796108618,7625.0,0.0
136fbb61-f197-4b15-ac78-ddcd08abd275,1989-07-22,,999-30-5634,S99971015,X13821741X,Mr.,Peeti,Morko,,,M,white,nonhispanic,M,Tuusula  Uusimaa  FI,509 Senilä Katu,Helsinki,Uusimaa,Helsinki,00770,60.14688811710127,24.931177231019124,3875.0,0.0
960e95ef-8c57-4873-82c7-ff8fdd124684,2000-10-19,,999-94-2968,S99943421,,Mr.,Jouni-Matti,Simoska,,,,white,nonhispanic,M,Hyvinkää  Uusimaa  FI,821 Poppius Katu Suite 18,Vantaa,Uusimaa,Vantaa,01420,60.32593727806148,24.85292682385148,3500.0,0.0
f0b0cfcd-ecf2-4515-88ac-adf815ca3cda,1999-12-13,,999-81-7381,S99976229,X55522626X,Mr.,Marko,Wickman,,,,white,nonhispanic,M,Helsinki  Uusimaa  FI,735 Larvi Katu,Helsinki,Uusimaa,Helsinki,00870,60.18810022122501,24.88400080470782,3500.0,0.0
1f670362-d8a5-44ab-8474-a64d31376acb,1966-11-26,,999-70-1111,S99915976,X16843399X,Mr.,Caius,Weman,,,S,white,nonhispanic,M,Kerava  Uusimaa  FI,1029 Leppisaari Katu Suite 10,Helsinki,Uusimaa,Helsinki,00340,60.228630100105605,25.095140985288943,5375.0,0.0
38e9fe1d-dc94-4978-9ec6-58cd887e085e,2015-01-03,,999-70-2364,,,,Leena-Kaarina,Karhatsu,,,,white,nonhispanic,F,Helsinki  Uusimaa  FI,201 Rikman Katu,Loviisa,Uusimaa,Loviisa,07955,60.474599739599505,26.238044787586613,1750.0,0.0
e321cdbf-541e-4cd1-b1b3-268777104fca,1994-11-10,,999-70-9351,S99944198,X3317891X,Ms.,Sanni-Sofia,Moksi,,,,white,nonhispanic,F,Helsinki  Uusimaa  FI,659 Honkakari Katu Apt 44,Espoo,Uusimaa,Espoo,02140,60.20228778086396,24.725386549967777,3750.0,0.0
76c79790-58ee-4583-a0ec-294bc521a05e,1991-12-13,,999-52-8762,S99930994,X45405291X,Mrs.,Sihaam,Sillgren,,Vihreäluoto,M,white,nonhispanic,F,Faro  Algarve  PT,403 Kotaja Katu,Helsinki,Uusimaa,Helsinki,00570,60.21315023381157,25.002655095005373,3875.0,0.0
17fd7292-d6b4-405f-9419-f39e4c4db3a0,2015-09-11,,999-72-7018,,,,Nikole,Saikanmäki,,,,white,nonhispanic,F,Helsinki  Uusimaa  FI,462 Ruoppa Katu Suite 11,Tuusula,Uusimaa,Tuusula,04390,60.54830769768756,25.154123267376505,1625.0,0.0
8bf94d4a-b017-4498-96c6-2b352983c746,2008-12-31,,999-15-9854,,,,Pilke,Halmesaari,,,,white,nonhispanic,F,Vantaa  Uusimaa  FI,518 Soppa Katu Suite 35,Lohja,Uusimaa,Lohja,09630,60.42692173374808,23.761670909765314,2500.0,0.0
28039c5f-a78e-4844-b338-2ce72132a07e,2000-08-18,,999-65-2846,S99934987,,Ms.,Aala,Salojoki,,,,white,nonhispanic,F,Kauniainen  Uusimaa  FI,631 Juho Katu Suite 58,Espoo,Uusimaa,Espoo,02780,60.17377941783098,24.59159897282515,3500.0,0.0
85ccf9a9-cb40-402f-8acc-b418ce1ca437,2000-02-05,,999-56-8109,S99920597,X46393115X,Ms.,Ruth,Kara,,,,white,nonhispanic,F,Espoo  Uusimaa  FI,721 Nuortio Katu,Helsinki,Uusimaa,Helsinki,00890,60.208120520810525,24.919649861765123,3500.0,0.0
6f29cd55-d5a7-49a5-9baa-cc10820f00ca,2005-01-19,,999-12-4271,,,,Harrison,Etuaho,,,,white,nonhispanic,M,Helsinki  Uusimaa  FI,684 Tocklin Katu,Helsinki,Uusimaa,Helsinki,00390,60.15197856018161,24.852625896682767,3000.0,0.0
8d2d2e46-990f-40c9-915f-aaca8eb5e3e9,2009-08-11,,999-79-1809,,,,Leena-Maria,Kotsalo,,,,white,nonhispanic,F,Kerava  Uusimaa  FI,1098 Sallmén Katu,Nurmijärvi,Uusimaa,Nurmijärvi,01900,60.385183150014306,24.848199087889082,2375.0,0.0
8d4d704f-faf2-4b0b-9a26-0a427a274418,1945-11-24,,999-34-4093,S99917433,X33601321X,Mr.,Cai,Luomapuro,,,M,white,nonhispanic,M,Helsinki  Uusimaa  FI,861 Wallasvaara Katu Suite 33,Helsinki,Uusimaa,Helsinki,00730,60.19559885959088,24.9090224164894,8239.9,0.0
48a37aab-b666-4323-b7c9-c1ea5a2aff4e,2018-07-27,,999-13-6983,,,,Julien,Hedberg,,,,white,nonhispanic,M,Espoo  Uusimaa  FI,677 Kolhi Katu,Helsinki,Uusimaa,Helsinki,00180,60.1859842267524,25.084892403088226,1000.0,0.0
94083aa0-6beb-4901-b9db-ede7d1d85700,1957-06-18,,999-27-1084,S99914000,X40316413X,Mr.,Matheo,Koskue,,,M,white,nonhispanic,M,Vantaa  Uusimaa  FI,854 Pehrsson Katu Unit 59,Espoo,Uusimaa,Espoo,02240,60.19318198616169,24.631764481328066,6500.0,0.0
55eb4d61-3ce3-4007-b153-d174ed518a7b,1938-12-23,,999-74-3588,S99958993,X8595777X,Mrs.,Zanna,Köpsi,,Vuoto,M,white,nonhispanic,F,Helsinki  Uusimaa  FI,436 Panula Katu,Helsinki,Uusimaa,Helsinki,00410,60.173121656324604,25.155012548803416,8750.0,0.0
b6fa6e85-6224-456c-86a1-30c110f8b693,1953-06-18,,999-50-6301,S99954872,X3329145X,Mr.,Wäinö,Törnberg,,,M,white,nonhispanic,M,Helsinki  Uusimaa  FI,755 Kuittinen Katu,Helsinki,Uusimaa,Helsinki,00250,60.271107723154515,25.01078267046045,7000.0,0.0
a4287f57-c4bd-4d12-8c95-1d4360e999c4,1989-09-26,2014-10-28,999-52-6250,S99980544,X53272125X,Mr.,Saman,Huutonen,,,,white,nonhispanic,M,Helsinki  Uusimaa  FI,996 Roselius Katu,Vantaa,Uusimaa,Vantaa,01510,60.301307299620454,25.04629042721375,4783.34,0.0
fc447b26-9f4f-4f39-aae1-31db3c359a6b,1950-03-31,,999-46-1586,S99942042,X66634949X,Mrs.,Kareniina,Karimi,,Mäkeläinen,M,white,nonhispanic,F,Kauniainen  Uusimaa  FI,828 Orsila Katu Apt 60,Tuusula,Uusimaa,Tuusula,04330,60.35649334281549,24.98571214602146,7375.0,0.0
c67cc913-9301-4a9d-838f-b37f74a805d0,1980-04-28,,999-22-9304,S99976833,X6863783X,Mr.,Willie,Mentunen,,,M,white,nonhispanic,M,Tuusula  Uusimaa  FI,291 Siitari Katu Unit 36,Espoo,Uusimaa,Espoo,02970,60.19991293773219,24.71898779561022,4250.0,0.0
5134f305-50b7-4ade-912c-47fc9fe02c19,1981-06-30,,999-68-9290,S99959301,X37259232X,Mr.,Ville,Ylikerälä,,,M,white,nonhispanic,M,Porvoo  Uusimaa  FI,192 Järvenranta Katu Apt 45,Lohja,Uusimaa,Lohja,08480,60.454856602779444,23.83490927797221,4250.0,0.0
da3a0291-2414-4333-ac64-a8510d82b443,1975-10-23,,999-20-9902,S99920824,X72683620X,Mrs.,Kaisa-Maija,Aronsson,,Kivirasi,M,white,nonhispanic,F,Espoo  Uusimaa  FI,496 Luomanperä Katu,Helsinki,Uusimaa,Helsinki,00220,60.238347295991225,24.902849831304696,4625.0,0.0
933db6c4-361f-45a4-8402-b2dbed0019f8,2001-09-01,,999-45-3550,S99962758,,Ms.,Ursula,Rinnemäki,,,,white,nonhispanic,F,Nurmijärvi  Uusimaa  FI,492 Kuljunlahti Katu Unit 59,Hyvinkää,Uusimaa,Hyvinkää,05440,60.600951938446315,24.650658842450973,3375.0,0.0
7c1deb30-2f9f-4497-b361-4f70dbd863fc,1955-07-08,,999-65-7228,S99954999,X65268812X,Mrs.,Soila,Maasalo,,Notko,M,white,nonhispanic,F,Espoo  Uusimaa  FI,998 Peltovuori Katu Unit 22,Helsinki,Uusimaa,Helsinki,00880,60.165138637114424,24.889200585070782,6750.0,0.0
1b54c034-f5e6-421d-b5e8-949c10b9f21d,1972-01-21,,999-63-9957,S99935785,X49736824X,Mr.,Mohamed,Peltotalo,,,S,white,nonhispanic,M,Espoo  Uusimaa  FI,1064 Haho Katu,Porvoo,Uusimaa,Porvoo,06850,60.34743316082978,25.79410787342366,4875.0,0.0
2ed73b5d-934e-47ad-b44c-eb4b2b9b31e5,2001-05-26,,999-81-3750,S99978316,,Mr.,Reinonpoika,Käräjämies,,,,white,nonhispanic,M,Nurmijärvi  Uusimaa  FI,221 Koskensalo Katu Suite 68,Kauniainen,Uusimaa,Kauniainen,02700,60.26279517924633,24.683797004724056,3375.0,0.0
bb09427f-f16b-4f3c-a60a-a42803ac2590,1989-09-26,,999-90-9874,S99960024,X77768331X,Mr.,Kunto,Helttunen,,,S,white,nonhispanic,M,Vantaa  Uusimaa  FI,342 Ansamaa Katu Unit 84,Vantaa,Uusimaa,Vantaa,01650,60.288513655845335,24.968035766142425,3875.0,0.0
684c639c-5a5b-4a7f-8fcb-905c23a5672e,2007-05-15,,999-71-3807,,,,Jonte,Freyberg,,,,white,nonhispanic,M,Espoo  Uusimaa  FI,541 Fredrikson Katu,Espoo,Uusimaa,Espoo,02320,60.180035790330905,24.651205247771834,2625.0,0.0
d12b0ad0-50a5-453d-9540-fd43897281a0,1983-07-24,,999-48-1212,S99989221,X60750416X,Mr.,Veikka,Alipirjelä,,,M,white,nonhispanic,M,Espoo  Uusimaa  FI,663 Kaske Katu,Helsinki,Uusimaa,Helsinki,00300,60.21833846746475,25.09500539779942,10899.130000000001,0.0
315c31b2-10b8-401e-9039-cf2fafed89c9,1976-07-06,,999-37-8696,S99953930,X67287930X,Mr.,Jafet,Björkbom,,,M,white,nonhispanic,M,Espoo  Uusimaa  FI,336 Arino Katu,Vantaa,Uusimaa,Vantaa,01420,60.322766289664564,24.787100293532546,4500.0,0.0
613920f9-e222-4d27-9cb7-b49c7400c1b5,2000-11-21,,999-61-4671,S99995762,,Mr.,Kaaleppi,Vedenjuoksu,,,,white,nonhispanic,M,Vihti  Uusimaa  FI,220 Jokilahti Katu,Espoo,Uusimaa,Espoo,02250,60.22066463009685,24.65008956788245,3500.0,0.0
bff64bf4-ccc6-45e9-8d0f-bc037f1a6ca0,1976-08-14,,999-77-4471,S99994497,X87475262X,Mr.,Avi,Mitronen,,,M,white,nonhispanic,M,Vantaa  Uusimaa  FI,169 Iso-Hirvelä Katu Apt 90,Vantaa,Uusimaa,Vantaa,01730,60.28694105729785,24.844479166987455,4500.0,0.0
eabd7684-0aca-4046-bfc1-f019e22796c0,1982-05-17,,999-68-6567,S99973568,X23394192X,Ms.,Isa,Holtinkoski,,,S,white,nonhispanic,F,Hyvinkää  Uusimaa  FI,492 Rapila Katu,Helsinki,Uusimaa,Helsinki,00270,60.16362286932998,24.937783260100073,4250.0,0.0
bc73f953-355a-4559-b088-118b203e3cf7,1997-04-21,,999-43-8931,S99915379,X24349938X,Mr.,Allani,Gallén,,,,white,nonhispanic,M,Hyvinkää  Uusimaa  FI,597 Forsbäck Katu,Vantaa,Uusimaa,Vantaa,01710,60.28079503863967,25.042427860393932,3625.0,0.0
eba328dc-0333-4023-bac9-adfc5bac78cd,2013-09-22,,999-36-6350,,,,Siina,Löyttynen,,,,white,nonhispanic,F,Helsinki  Uusimaa  FI,190 Lusminki Katu Apt 7,Hyvinkää,Uusimaa,Hyvinkää,05800,60.62242823312876,24.908350206036822,1875.0,0.0
8d39424b-2b26-4294-a390-983a2e342bea,1985-11-30,,999-24-5810,S99927394,X20076213X,Ms.,Andréa,Sarjomaa,,,S,white,nonhispanic,F,Espoo  Uusimaa  FI,135 Salow Katu Unit 70,Porvoo,Uusimaa,Porvoo,06750,60.366982289926895,25.818121594329227,4125.0,0.0
4111076f-f9a4-437d-8697-e9032505296a,1968-05-03,,999-52-9880,S99997145,X32329882X,Mr.,Markku-Juhani,Vahteristo,,,S,white,nonhispanic,M,Helsinki  Uusimaa  FI,881 Ravantti Katu Unit 11,Vantaa,Uusimaa,Vantaa,01750,60.28155338732958,24.865291326811708,5125.0,0.0
5004b5a2-ce94-499b-908c-efb5d2af1526,1990-02-19,,999-28-5943,S99942124,X86955407X,Mrs.,Anthea,Uuskartano,,Jelekäinen,M,white,nonhispanic,F,Vantaa  Uusimaa  FI,660 Pietiläinen Katu,Espoo,Uusimaa,Espoo,02780,60.17854335691614,24.788862456014247,3875.0,0.0
5367c166-e083-4608-b7be-d4093704f924,1968-06-23,,999-41-4827,S99939065,X39293197X,Mr.,Gunnarson,Mäki-Tuuri,,,M,white,nonhispanic,M,Vantaa  Uusimaa  FI,431 Orjatsalo Katu Apt 76,Vantaa,Uusimaa,Vantaa,01400,60.22660969204496,24.927879443866725,5125.0,0.0
68d9139a-f7b6-45b3-b5f6-700ccde00d8e,1977-06-03,,999-49-6947,S99967731,X83779660X,Mr.,Abdullahi,Oivo,,,M,white,nonhispanic,M,Espoo  Uusimaa  FI,325 Malmborg Katu,Helsinki,Uusimaa,Helsinki,00290,60.24822900293649,25.102228036499227,4500.0,0.0
c3cd64c5-d728-4125-8969-735d07f1918f,2003-05-16,,999-52-8260,S99919796,,,Hadi,Tahvanainen,,,,white,nonhispanic,F,Espoo  Uusimaa  FI,959 Saeed Katu Apt 69,Raasepori,Uusimaa,Raasepori,10320,60.10244253324691,23.56558164480694,3125.0,0.0
62b3fffc-798e-4684-b9d6-db2c3a25bfd5,1959-07-11,,999-58-8215,S99950710,X32696635X,Mr.,Marshall,Soisalo,,,S,white,nonhispanic,M,Helsinki  Uusimaa  FI,869 Häkkänen Katu Apt 28,Raasepori,Uusimaa,Raasepori,10650,60.17600550402903,23.586524711186936,8000.0,0.0
ae37e620-dd73-4b91-8c1c-8ece9fc90272,2001-09-01,,999-57-5560,S99935586,,Ms.,Lada,Laurema,,,,white,nonhispanic,F,Helsinki  Uusimaa  FI,964 Yli-Kiikka Katu Apt 62,Hyvinkää,Uusimaa,Hyvinkää,05510,60.621636692224094,24.837761031426123,3375.0,0.0
c2383722-b785-4599-b798-a58dcfd79ddb,1976-06-16,,999-92-8712,S99967952,X89843218X,Mr.,Jasse,Huitti,,,M,white,nonhispanic,M,Helsinki  Uusimaa  FI,237 Ritokangas Katu,Espoo,Uusimaa,Espoo,02920,60.19798345196724,24.632841275128044,4500.0,0.0
57d57b7e-5b27-4684-b596-eb5e326173d7,1958-10-10,,999-27-7880,S99988670,X78118282X,Ms.,Aynur,Ylä-Rotiala,,,S,white,nonhispanic,F,Helsinki  Uusimaa  FI,1088 Kuusikko Katu Apt 34,Kerava,Uusimaa,Kerava,04250,60.373089151238794,25.10040342986289,6375.0,0.0
58f414a1-512b-4482-94ea-0c2cb06c832b,1970-04-26,,999-33-8130,S99943773,X65604874X,Mr.,Hessu,Savisaari,,,M,white,nonhispanic,M,Nurmijärvi  Uusimaa  FI,594 Rautaheimo Katu Apt 12,Helsinki,Uusimaa,Helsinki,00440,60.191754712222796,25.018548673037174,4875.0,0.0
f5ac64e6-2298-4707-a5a1-fac2bb992eb3,1975-07-25,,999-49-2179,S99969333,X37049598X,Mrs.,Abdifatah,Prusila,,Tammiranta,M,white,nonhispanic,F,Helsinki  Uusimaa  FI,279 von Hertzen Katu Unit 18,Helsinki,Uusimaa,Helsinki,00880,60.124195565477855,24.95673197250328,4625.0,0.0
ecba1d81-7d33-4024-9b9a-771fa075b336,1953-05-02,1990-06-30,999-86-8047,S99949426,X34896770X,Mr.,Cole,Hisinger,,,M,white,nonhispanic,M,Järvenpää  Uusimaa  FI,375 Santakangas Katu Apt 22,Helsinki,Uusimaa,Helsinki,00200,60.199425705928554,24.855796067746837,5303.14,0.0
d0c62f54-9af7-49c5-b8ac-018a582be75b,1975-07-04,,999-26-7537,S99954445,X75128784X,Mr.,Roy,Vaske,,,S,white,nonhispanic,M,Lohja  Uusimaa  FI,215 Anoschkin Katu,Helsinki,Uusimaa,Helsinki,00400,60.23470309142569,25.168010897791483,4917.52,0.0
ea0abe72-60a2-4b0f-a378-62a6d644f069,1949-03-29,,999-62-5839,S99995669,X61122002X,Ms.,Ann,Keurulainen,,,S,white,nonhispanic,F,Espoo  Uusimaa  FI,837 Freudenthal Katu,Helsinki,Uusimaa,Helsinki,00950,60.217546107908134,24.975015402630735,7500.0,0.0
112fe2db-cf7c-4951-9d6f-9e55544d0b35,1970-05-17,,999-92-3373,S99999716,X89410557X,Mr.,Mats-Johan,Kaira,,,M,white,nonhispanic,M,Vantaa  Uusimaa  FI,412 Vallivaara Katu Apt 82,Espoo,Uusimaa,Espoo,02290,60.19077858778061,24.779847796612895,4875.0,0.0
6eb31588-f763-422c-a53c-76698521efaa,1987-02-25,,999-58-9639,S99919262,X75987075X,Mrs.,Terhi,Ryymin,,Alamikkula,M,white,nonhispanic,F,Helsinki  Uusimaa  FI,720 Dyster Katu Suite 47,Espoo,Uusimaa,Espoo,02630,60.1290265308853,24.688291659896326,4000.0,0.0
109ef578-75b2-4f7d-834d-1620027128bd,1966-05-16,,999-77-5980,S99958495,X18040376X,Mr.,Haydar,Karnaattu,,,M,white,nonhispanic,M,Espoo  Uusimaa  FI,986 Pätilä Katu,Vantaa,Uusimaa,Vantaa,01340,60.368004700331326,25.139159131918884,5375.0,0.0
5a255334-a4b4-4225-927f-5132a6fc4406,1990-10-31,,999-82-8265,S99933887,X82165932X,Ms.,Mansikka,Vaskela,,,S,white,nonhispanic,F,Helsinki  Uusimaa  FI,493 Wirlander Katu Suite 20,Helsinki,Uusimaa,Helsinki,00920,60.293066133618396,24.982333064621095,3875.0,0.0
e2196a60-f0f8-4a48-b43d-cd8f66f9c638,1947-06-20,,999-30-5941,S99982068,X4254823X,Mr.,Vu,Alhonoja,,,S,white,nonhispanic,M,Helsinki  Uusimaa  FI,941 Kaarlehto Katu,Järvenpää,Uusimaa,Järvenpää,04430,60.49484218436994,25.062654600598496,7750.0,0.0
16d8454b-7548-47fc-b7a4-4f137242272b,1964-05-28,,999-57-1872,S99922720,X32985765X,Mrs.,Beatrix,Umpala,,Knihti,M,white,nonhispanic,F,Espoo  Uusimaa  FI,233 Partia Katu Unit 89,Helsinki,Uusimaa,Helsinki,00580,60.24109109532809,24.89313364759764,5625.0,0.0
c7e80420-223d-474d-8f1e-b8149155c0ed,1939-11-11,,999-45-8653,S99986965,X85002812X,Mr.,Vilbert,Urpelainen,,,S,white,nonhispanic,M,Tuusula  Uusimaa  FI,992 Lohilahti Katu Apt 56,Kirkkonummi,Uusimaa,Kirkkonummi,02410,60.171828635460336,24.549266592568323,8779.01,0.0
539d8a35-dc5d-4711-801f-8ffed506a36f,1953-05-02,,999-83-1069,S99915650,X73629719X,Mr.,Dariush,Saini,,,M,white,nonhispanic,M,Kirkkonummi  Uusimaa  FI,617 Brännström Katu,Helsinki,Uusimaa,Helsinki,00950,60.22501527286895,24.866525236508693,7000.0,0.0
34561170-2028-4318-9a3f-a41ec94e3ad9,1912-11-27,,999-43-7516,S99993195,X8993561X,Mr.,Brandon,Molarius,,,M,white,nonhispanic,M,Helsinki  Uusimaa  FI,968 Mahamud Katu,Tuusula,Uusimaa,Tuusula,04500,60.400510030572725,25.06924162925645,18524.5,0.0
