PATIENT,START_YEAR,END_YEAR,PAYER,OWNERSHIP
8430f009-34b8-42f3-b4d8-f2fb708a3af3,1987,2005,e15e7b92-f376-374f-9285-2f59a38ad823,Guardian
e581d82a-dfbe-4872-8204-703ba274b0cb,1983,2001,e15e7b92-f376-374f-9285-2f59a38ad823,Guardian
be2c06ee-0f11-4305-bcee-24e920e87f1f,1990,2008,e15e7b92-f376-374f-9285-2f59a38ad823,Guardian
87415f7c-2d97-4a5f-bbcf-9e3cd1f7478e,1977,1995,e15e7b92-f376-374f-9285-2f59a38ad823,Guardian
afec0907-9cc0-4abe-b203-fd2b10131ac0,1979,1997,e15e7b92-f376-374f-9285-2f59a38ad823,Guardian
06dbfe2e-bfc2-4a0b-92d1-58d4f3bf3cf3,1962,1980,e15e7b92-f376-374f-9285-2f59a38ad823,Guardian
7b8d6aae-322b-4510-9d15-31d965ce4a00,1999,2017,e15e7b92-f376-374f-9285-2f59a38ad823,Guardian
3d5623e4-221e-461d-9b10-ec2794d255c5,1957,1975,e15e7b92-f376-374f-9285-2f59a38ad823,Guardian
d47efb09-9773-4175-9810-58f4b0c6ba72,1999,2017,e15e7b92-f376-374f-9285-2f59a38ad823,Guardian
e8bc1b6d-027f-404e-a74d-3339a9575a57,1949,1967,e15e7b92-f376-374f-9285-2f59a38ad823,Guardian
762b79ac-06a3-4a73-a9e9-605d9decfc63,1960,1978,e15e7b92-f376-374f-9285-2f59a38ad823,Guardian
d2308998-f990-4257-b6cd-183dd8c053be,1972,1990,e15e7b92-f376-374f-9285-2f59a38ad823,Guardian
a2a54b21-78f3-489a-a94c-2aebcae82bb2,1979,1997,e15e7b92-f376-374f-9285-2f59a38ad823,Guardian
ef761996-a211-4dd4-b65e-822cdf925393,1984,2002,e15e7b92-f376-374f-9285-2f59a38ad823,Guardian
42d19c33-b858-4fc5-a058-9306c81e904d,1982,2000,e15e7b92-f376-374f-9285-2f59a38ad823,Guardian
8678ee46-c195-4911-8b5d-980fff275bd5,1974,1992,e15e7b92-f376-374f-9285-2f59a38ad823,Guardian
5fc1dfab-4917-4a3a-a0f7-2783f8984505,1949,1967,e15e7b92-f376-374f-9285-2f59a38ad823,Guardian
b3f612cd-7c87-4621-bf3c-87f1d7e19f14,1976,1994,e15e7b92-f376-374f-9285-2f59a38ad823,Guardian
0a12ff72-888c-4238-981f-cd42e9c2d9b2,1981,1999,e15e7b92-f376-374f-9285-2f59a38ad823,Guardian
1c2d7679-7ece-4a4d-8c17-a3a05a290768,1979,1997,e15e7b92-f376-374f-9285-2f59a38ad823,Guardian
a7600ec0-441b-4bab-8ca9-fb0220b0a018,1960,1978,e15e7b92-f376-374f-9285-2f59a38ad823,Guardian
610824d0-901a-4993-9d66-f01cf0f9b4d0,1963,1981,e15e7b92-f376-374f-9285-2f59a38ad823,Guardian
2dbe6347-a791-48da-8ab7-243ab1b66d80,1964,1982,e15e7b92-f376-374f-9285-2f59a38ad823,Guardian
70ef56a7-19ee-41c5-abf4-ba1b77a3e118,1963,1981,e15e7b92-f376-374f-9285-2f59a38ad823,Guardian
b807dd04-f5e8-443c-ac5e-43f3822f4cf4,1964,1982,e15e7b92-f376-374f-9285-2f59a38ad823,Guardian
ffe94990-4a20-4701-8324-1fc8020a7c8e,1978,1996,e15e7b92-f376-374f-9285-2f59a38ad823,Guardian
4daacd15-24b7-4472-af65-e5e6a26cff9e,1969,1987,e15e7b92-f376-374f-9285-2f59a38ad823,Guardian
dc5c63d8-4099-4bff-b30c-eff014aa8435,1995,2013,e15e7b92-f376-374f-9285-2f59a38ad823,Guardian
cb369a43-e4ba-4fbc-84bf-8e603fbf2e86,1998,2016,e15e7b92-f376-374f-9285-2f59a38ad823,Guardian
6078fd70-a6bb-4806-949e-b4b42eac3b18,2001,2019,e15e7b92-f376-374f-9285-2f59a38ad823,Guardian
64bf5a11-7083-4868-b420-a7f8e229fbbf,1970,1988,e15e7b92-f376-374f-9285-2f59a38ad823,Guardian
46fabef0-1d5f-44e4-87c7-f8d720ee67b4,1994,2012,e15e7b92-f376-374f-9285-2f59a38ad823,Guardian
573591f9-4e24-4425-8039-0be6cdab9c88,1994,2012,e15e7b92-f376-374f-9285-2f59a38ad823,Guardian
037ad6fd-fe19-4c5a-a719-fc038616ae41,1965,1983,e15e7b92-f376-374f-9285-2f59a38ad823,Guardian
c0316922-bc63-47db-aa44-5d83e010558b,1934,1952,e15e7b92-f376-374f-9285-2f59a38ad823,Guardian
cea645cc-81e1-491a-88f8-4ab4d12fe7d1,1953,1971,e15e7b92-f376-374f-9285-2f59a38ad823,Guardian
a7566274-279c-4666-bb88-e111a808d413,1947,1965,e15e7b92-f376-374f-9285-2f59a38ad823,Guardian
136fbb61-f197-4b15-ac78-ddcd08abd275,1989,2007,e15e7b92-f376-374f-9285-2f59a38ad823,Guardian
960e95ef-8c57-4873-82c7-ff8fdd124684,2000,2018,e15e7b92-f376-374f-9285-2f59a38ad823,Guardian
f0b0cfcd-ecf2-4515-88ac-adf815ca3cda,1999,2017,e15e7b92-f376-374f-9285-2f59a38ad823,Guardian
1f670362-d8a5-44ab-8474-a64d31376acb,1966,1984,e15e7b92-f376-374f-9285-2f59a38ad823,Guardian
e321cdbf-541e-4cd1-b1b3-268777104fca,1994,2012,e15e7b92-f376-374f-9285-2f59a38ad823,Guardian
76c79790-58ee-4583-a0ec-294bc521a05e,1991,2009,e15e7b92-f376-374f-9285-2f59a38ad823,Guardian
28039c5f-a78e-4844-b338-2ce72132a07e,2000,2018,e15e7b92-f376-374f-9285-2f59a38ad823,Guardian
85ccf9a9-cb40-402f-8acc-b418ce1ca437,2000,2018,e15e7b92-f376-374f-9285-2f59a38ad823,Guardian
8d4d704f-faf2-4b0b-9a26-0a427a274418,1945,1963,e15e7b92-f376-374f-9285-2f59a38ad823,Guardian
94083aa0-6beb-4901-b9db-ede7d1d85700,1957,1975,e15e7b92-f376-374f-9285-2f59a38ad823,Guardian
55eb4d61-3ce3-4007-b153-d174ed518a7b,1938,1956,e15e7b92-f376-374f-9285-2f59a38ad823,Guardian
b6fa6e85-6224-456c-86a1-30c110f8b693,1953,1971,e15e7b92-f376-374f-9285-2f59a38ad823,Guardian
a4287f57-c4bd-4d12-8c95-1d4360e999c4,1989,2007,e15e7b92-f376-374f-9285-2f59a38ad823,Guardian
a4287f57-c4bd-4d12-8c95-1d4360e999c4,2008,2014,e15e7b92-f376-374f-9285-2f59a38ad823,Self
fc447b26-9f4f-4f39-aae1-31db3c359a6b,1950,1968,e15e7b92-f376-374f-9285-2f59a38ad823,Guardian
c67cc913-9301-4a9d-838f-b37f74a805d0,1980,1998,e15e7b92-f376-374f-9285-2f59a38ad823,Guardian
5134f305-50b7-4ade-912c-47fc9fe02c19,1981,1999,e15e7b92-f376-374f-9285-2f59a38ad823,Guardian
da3a0291-2414-4333-ac64-a8510d82b443,1975,1993,e15e7b92-f376-374f-9285-2f59a38ad823,Guardian
933db6c4-361f-45a4-8402-b2dbed0019f8,2001,2019,e15e7b92-f376-374f-9285-2f59a38ad823,Guardian
7c1deb30-2f9f-4497-b361-4f70dbd863fc,1955,1973,e15e7b92-f376-374f-9285-2f59a38ad823,Guardian
1b54c034-f5e6-421d-b5e8-949c10b9f21d,1972,1990,e15e7b92-f376-374f-9285-2f59a38ad823,Guardian
2ed73b5d-934e-47ad-b44c-eb4b2b9b31e5,2001,2019,e15e7b92-f376-374f-9285-2f59a38ad823,Guardian
bb09427f-f16b-4f3c-a60a-a42803ac2590,1989,2007,e15e7b92-f376-374f-9285-2f59a38ad823,Guardian
d12b0ad0-50a5-453d-9540-fd43897281a0,1983,2001,e15e7b92-f376-374f-9285-2f59a38ad823,Guardian
315c31b2-10b8-401e-9039-cf2fafed89c9,1976,1994,e15e7b92-f376-374f-9285-2f59a38ad823,Guardian
613920f9-e222-4d27-9cb7-b49c7400c1b5,2000,2018,e15e7b92-f376-374f-9285-2f59a38ad823,Guardian
bff64bf4-ccc6-45e9-8d0f-bc037f1a6ca0,1976,1994,e15e7b92-f376-374f-9285-2f59a38ad823,Guardian
eabd7684-0aca-4046-bfc1-f019e22796c0,1982,2000,e15e7b92-f376-374f-9285-2f59a38ad823,Guardian
bc73f953-355a-4559-b088-118b203e3cf7,1997,2015,e15e7b92-f376-374f-9285-2f59a38ad823,Guardian
8d39424b-2b26-4294-a390-983a2e342bea,1985,2003,e15e7b92-f376-374f-9285-2f59a38ad823,Guardian
4111076f-f9a4-437d-8697-e9032505296a,1968,1986,e15e7b92-f376-374f-9285-2f59a38ad823,Guardian
5004b5a2-ce94-499b-908c-efb5d2af1526,1990,2008,e15e7b92-f376-374f-9285-2f59a38ad823,Guardian
5367c166-e083-4608-b7be-d4093704f924,1968,1986,e15e7b92-f376-374f-9285-2f59a38ad823,Guardian
68d9139a-f7b6-45b3-b5f6-700ccde00d8e,1977,1995,e15e7b92-f376-374f-9285-2f59a38ad823,Guardian
62b3fffc-798e-4684-b9d6-db2c3a25bfd5,1959,1977,e15e7b92-f376-374f-9285-2f59a38ad823,Guardian
ae37e620-dd73-4b91-8c1c-8ece9fc90272,2001,2019,e15e7b92-f376-374f-9285-2f59a38ad823,Guardian
c2383722-b785-4599-b798-a58dcfd79ddb,1976,1994,e15e7b92-f376-374f-9285-2f59a38ad823,Guardian
57d57b7e-5b27-4684-b596-eb5e326173d7,1958,1976,e15e7b92-f376-374f-9285-2f59a38ad823,Guardian
58f414a1-512b-4482-94ea-0c2cb06c832b,1970,1988,e15e7b92-f376-374f-9285-2f59a38ad823,Guardian
f5ac64e6-2298-4707-a5a1-fac2bb992eb3,1975,1993,e15e7b92-f376-374f-9285-2f59a38ad823,Guardian
ecba1d81-7d33-4024-9b9a-771fa075b336,1953,1971,e15e7b92-f376-374f-9285-2f59a38ad823,Guardian
ecba1d81-7d33-4024-9b9a-771fa075b336,1972,1990,e15e7b92-f376-374f-9285-2f59a38ad823,Self
d0c62f54-9af7-49c5-b8ac-018a582be75b,1975,1993,e15e7b92-f376-374f-9285-2f59a38ad823,Guardian
ea0abe72-60a2-4b0f-a378-62a6d644f069,1949,1967,e15e7b92-f376-374f-9285-2f59a38ad823,Guardian
112fe2db-cf7c-4951-9d6f-9e55544d0b35,1970,1988,e15e7b92-f376-374f-9285-2f59a38ad823,Guardian
6eb31588-f763-422c-a53c-76698521efaa,1987,1987,b1c428d6-4f07-31e0-90f0-68ffa6ff8c76,
6eb31588-f763-422c-a53c-76698521efaa,1988,1988,e15e7b92-f376-374f-9285-2f59a38ad823,
6eb31588-f763-422c-a53c-76698521efaa,1989,2005,e15e7b92-f376-374f-9285-2f59a38ad823,Guardian
109ef578-75b2-4f7d-834d-1620027128bd,1966,1984,e15e7b92-f376-374f-9285-2f59a38ad823,Guardian
5a255334-a4b4-4225-927f-5132a6fc4406,1990,2008,e15e7b92-f376-374f-9285-2f59a38ad823,Guardian
e2196a60-f0f8-4a48-b43d-cd8f66f9c638,1947,1965,e15e7b92-f376-374f-9285-2f59a38ad823,Guardian
16d8454b-7548-47fc-b7a4-4f137242272b,1964,1982,e15e7b92-f376-374f-9285-2f59a38ad823,Guardian
c7e80420-223d-474d-8f1e-b8149155c0ed,1939,1957,e15e7b92-f376-374f-9285-2f59a38ad823,Guardian
539d8a35-dc5d-4711-801f-8ffed506a36f,1953,1971,e15e7b92-f376-374f-9285-2f59a38ad823,Guardian
34561170-2028-4318-9a3f-a41ec94e3ad9,1912,1930,e15e7b92-f376-374f-9285-2f59a38ad823,Guardian
