DATE,PATIENT,ENCOUNTER,CODE,DESCRIPTION,BASE_COST,REASONCODE,REASONDESCRIPTION
2010-04-22,e8bc1b6d-027f-404e-a74d-3339a9575a57,7647ec6e-7347-4ff1-a9b9-8cc8730a60fc,18286008,Catheter ablation of tissue of heart,12966.33,49436004,Atrial Fibrillation
2011-04-28,e8bc1b6d-027f-404e-a74d-3339a9575a57,d69cd958-46d4-4534-a90a-1884ab10cee1,180325003,Electrical cardioversion,24242.89,49436004,Atrial Fibrillation
2012-05-03,e8bc1b6d-027f-404e-a74d-3339a9575a57,bd546141-5d8b-460d-af92-5509408887a0,180325003,Electrical cardioversion,17085.28,49436004,Atrial Fibrillation
2013-05-09,e8bc1b6d-027f-404e-a74d-3339a9575a57,c353f1d6-546c-43cd-97c5-fe64e549b4a5,180325003,Electrical cardioversion,34921.17,49436004,Atrial Fibrillation
2014-05-15,e8bc1b6d-027f-404e-a74d-3339a9575a57,71b696d3-110b-4ebd-b108-3cc0b61f23ad,180325003,Electrical cardioversion,29524.42,49436004,Atrial Fibrillation
2015-05-21,e8bc1b6d-027f-404e-a74d-3339a9575a57,cf8d5a76-724e-447a-97be-b6baafb3a49a,180325003,Electrical cardioversion,22563.45,49436004,Atrial Fibrillation
2016-05-26,e8bc1b6d-027f-404e-a74d-3339a9575a57,ff3f8e63-a23f-4985-9fbe-4011ced697c7,180325003,Electrical cardioversion,16313.02,49436004,Atrial Fibrillation
2017-06-01,e8bc1b6d-027f-404e-a74d-3339a9575a57,4d46ca86-1d51-4281-b7de-8bdcc060250c,180325003,Electrical cardioversion,44236.07,49436004,Atrial Fibrillation
2018-06-07,e8bc1b6d-027f-404e-a74d-3339a9575a57,ff729088-1830-4464-b557-d0e82737bee8,180325003,Electrical cardioversion,26391.08,49436004,Atrial Fibrillation
2019-06-13,e8bc1b6d-027f-404e-a74d-3339a9575a57,54feaa28-5ac0-4e0a-ab8c-7d18bf0536f9,180325003,Electrical cardioversion,31456.57,49436004,Atrial Fibrillation
2015-11-11,610824d0-901a-4993-9d66-f01cf0f9b4d0,7ea01369-2039-4592-9c86-dc6b4b0f9ec4,180325003,Electrical cardioversion,34341.80,49436004,Atrial Fibrillation
2016-11-16,610824d0-901a-4993-9d66-f01cf0f9b4d0,8f14ed63-451b-4f22-8ee0-3c5527be267e,180325003,Electrical cardioversion,17926.17,49436004,Atrial Fibrillation
2017-11-22,610824d0-901a-4993-9d66-f01cf0f9b4d0,9c8fbe85-94bb-40ea-a750-51e9422e4712,180325003,Electrical cardioversion,24501.02,49436004,Atrial Fibrillation
2018-11-28,610824d0-901a-4993-9d66-f01cf0f9b4d0,c7cbe8ab-19fb-408c-962d-0920a56de8fe,180325003,Electrical cardioversion,35260.93,49436004,Atrial Fibrillation
2019-12-04,610824d0-901a-4993-9d66-f01cf0f9b4d0,dcee5c00-6846-479d-b924-7b312fbac72a,180325003,Electrical cardioversion,16850.41,49436004,Atrial Fibrillation
2014-10-28,a4287f57-c4bd-4d12-8c95-1d4360e999c4,4266dd91-0d3a-47a1-92d2-48acd4595bba,40701008,Echocardiography (procedure),1057.82,22298006,Myocardial Infarction
2014-10-28,a4287f57-c4bd-4d12-8c95-1d4360e999c4,4266dd91-0d3a-47a1-92d2-48acd4595bba,415070008,Percutaneous coronary intervention,30534.43,22298006,Myocardial Infarction
2014-10-28,a4287f57-c4bd-4d12-8c95-1d4360e999c4,4266dd91-0d3a-47a1-92d2-48acd4595bba,232717009,Coronary artery bypass grafting,28256.27,22298006,Myocardial Infarction
2017-05-28,d12b0ad0-50a5-453d-9540-fd43897281a0,6aefc1b2-8ecb-4e2e-8fcb-bc39d62ee61c,40701008,Echocardiography (procedure),983.60,230690007,Stroke
2017-05-28,d12b0ad0-50a5-453d-9540-fd43897281a0,6aefc1b2-8ecb-4e2e-8fcb-bc39d62ee61c,433112001,Percutaneous mechanical thrombectomy of portal vein using fluoroscopic guidance,28057.72,230690007,Stroke
1990-06-30,ecba1d81-7d33-4024-9b9a-771fa075b336,10dbe007-43dd-4a85-979c-12cbafed4781,40701008,Echocardiography (procedure),815.02,22298006,Myocardial Infarction
1990-06-30,ecba1d81-7d33-4024-9b9a-771fa075b336,10dbe007-43dd-4a85-979c-12cbafed4781,415070008,Percutaneous coronary intervention,22973.28,22298006,Myocardial Infarction
1990-06-30,ecba1d81-7d33-4024-9b9a-771fa075b336,10dbe007-43dd-4a85-979c-12cbafed4781,232717009,Coronary artery bypass grafting,37783.12,22298006,Myocardial Infarction
2012-09-14,e2196a60-f0f8-4a48-b43d-cd8f66f9c638,293d17c6-32d7-4529-a71c-687964369a90,180325003,Electrical cardioversion,25703.33,49436004,Atrial Fibrillation
2013-09-20,e2196a60-f0f8-4a48-b43d-cd8f66f9c638,235f44e0-a973-42fc-a1a0-75b6dd7761b1,180325003,Electrical cardioversion,28312.86,49436004,Atrial Fibrillation
2014-09-26,e2196a60-f0f8-4a48-b43d-cd8f66f9c638,8db5d383-5ea1-49dd-a6a9-2405f1310be9,180325003,Electrical cardioversion,32933.19,49436004,Atrial Fibrillation
2015-10-02,e2196a60-f0f8-4a48-b43d-cd8f66f9c638,ec5149e4-733f-4e71-a446-d85ade59fe0d,180325003,Electrical cardioversion,34893.79,49436004,Atrial Fibrillation
2016-10-07,e2196a60-f0f8-4a48-b43d-cd8f66f9c638,9763fc85-ba66-4047-ac0b-e70b3cf9859f,180325003,Electrical cardioversion,31919.48,49436004,Atrial Fibrillation
2017-10-13,e2196a60-f0f8-4a48-b43d-cd8f66f9c638,c0298ff1-bd92-43ba-a202-5972b7a4fe8c,180325003,Electrical cardioversion,44679.56,49436004,Atrial Fibrillation
2018-10-19,e2196a60-f0f8-4a48-b43d-cd8f66f9c638,11d30aa4-78c5-49cf-a085-712db97296b5,180325003,Electrical cardioversion,42628.33,49436004,Atrial Fibrillation
2019-10-25,e2196a60-f0f8-4a48-b43d-cd8f66f9c638,b16b1b34-b73e-4ba7-adda-6261e4a1bd05,18286008,Catheter ablation of tissue of heart,9128.06,49436004,Atrial Fibrillation
2010-08-25,34561170-2028-4318-9a3f-a41ec94e3ad9,f1fa8316-7b19-4218-a274-a3c836956b9a,180325003,Electrical cardioversion,32463.72,49436004,Atrial Fibrillation
2011-08-31,34561170-2028-4318-9a3f-a41ec94e3ad9,be9bb906-17e6-47d3-8948-abacb2cfd68f,18286008,Catheter ablation of tissue of heart,8336.49,49436004,Atrial Fibrillation
2012-09-05,34561170-2028-4318-9a3f-a41ec94e3ad9,9c010edc-b3a2-49cd-8a2e-91b1e15bb4ba,180325003,Electrical cardioversion,33007.95,49436004,Atrial Fibrillation
2013-09-11,34561170-2028-4318-9a3f-a41ec94e3ad9,06f9a9fc-8917-4a4e-85e5-057804aaa1f4,18286008,Catheter ablation of tissue of heart,15794.90,49436004,Atrial Fibrillation
2014-06-04,34561170-2028-4318-9a3f-a41ec94e3ad9,652f8cf6-d002-41bf-9a03-d2de183f6940,40701008,Echocardiography (procedure),1330.41,230690007,Stroke
2014-06-04,34561170-2028-4318-9a3f-a41ec94e3ad9,652f8cf6-d002-41bf-9a03-d2de183f6940,433112001,Percutaneous mechanical thrombectomy of portal vein using fluoroscopic guidance,32260.21,230690007,Stroke
2014-09-17,34561170-2028-4318-9a3f-a41ec94e3ad9,f74893d0-80c9-429a-b3e5-7114f0b134d2,18286008,Catheter ablation of tissue of heart,14747.53,49436004,Atrial Fibrillation
2015-09-23,34561170-2028-4318-9a3f-a41ec94e3ad9,ade5dc1c-0939-4cca-8a61-eff879aa5d8f,180325003,Electrical cardioversion,23786.89,49436004,Atrial Fibrillation
2016-09-28,34561170-2028-4318-9a3f-a41ec94e3ad9,4b574aca-4c21-4106-9af9-5f67b0f42beb,18286008,Catheter ablation of tissue of heart,17117.09,49436004,Atrial Fibrillation
2017-10-04,34561170-2028-4318-9a3f-a41ec94e3ad9,ef52017a-e849-4f80-afd8-4531fc3980cb,180325003,Electrical cardioversion,26631.54,49436004,Atrial Fibrillation
2018-10-10,34561170-2028-4318-9a3f-a41ec94e3ad9,c810d1fe-ec7f-4d8f-9311-ff23c0309bc7,18286008,Catheter ablation of tissue of heart,6787.03,49436004,Atrial Fibrillation
2019-10-16,34561170-2028-4318-9a3f-a41ec94e3ad9,0ea8b490-d281-4a16-95ed-40e2e9ab69d6,18286008,Catheter ablation of tissue of heart,13638.47,49436004,Atrial Fibrillation
