Id,ORGANIZATION,NAME,GENDER,SPECIALITY,ADDRESS,CITY,STATE,ZIP,LAT,LON,UTILIZATION
4a0d07e2-01d1-325b-9b8e-fbaebb767a45,319baef9-e8e6-3320-9e0b-7991d9c167b8,Zebastian Alajoki,M,GENERAL PRACTICE,Haartmaninkatu 4,Helsinki,18,00290,60.189159,24.909081,2
6498aeee-3a11-3af8-95cb-62bf371b33b4,7b74aa83-5335-38dd-a213-d6df36c7f627,Benjam Lehtikevari,M,GENERAL PRACTICE,Karvasmäentie 6,Espoo,18,02740,60.22011,24.6848,1
a3709679-3d2b-32a0-b182-d0c161265a8d,af916982-f5f8-341b-b159-69e72695294c,Mariela Kant,F,GENERAL PRACTICE,Sairaalakatu 1,Vantaa,18,01400,60.3299,25.0608,2
7846b744-b34c-346e-8c67-5b89005666dd,d8b3cbb1-88db-3fc1-bb2b-6a9c0037e6e5,Lioubov Päällysaho,F,GENERAL PRACTICE,Sairaalantie 1,Porvoo,18,06200,60.37911,25.69576,1
0677b2af-ece2-3518-b16b-b55e61b38703,738aef7e-a279-3f65-9dba-fead16b27400,Eilert Syreeni,M,GENERAL PRACTICE,Turuntie 150,Espoo,18,02740,60.22589,24.77581,1255
0120661f-b369-36d7-a6ab-0f313cc4d99d,9a3e6919-4ed0-32fe-a1e2-7184b06c415f,Brita-Liisa Kansanniva,F,GENERAL PRACTICE,Karvasmäentie 6,Espoo,18,02740,60.22011,24.6848,514
a247fd89-e632-35b9-bf91-41a6d779721b,a70486b2-c33a-37b3-a4cf-b3dc06cb9d84,Jasin Oijennus,M,GENERAL PRACTICE,Sairaalakatu 1,Vantaa,18,01400,60.3299,25.0608,1394
7efa7419-65da-3a57-a487-94093f51c941,bf25636d-50a4-3cf2-b937-0e59fd37503f,Zebastian Alajoki,M,GENERAL PRACTICE,Sairaalankatu 1,Hyvinkää,18,05830,60.612,24.82486,135
99024696-58a2-3341-9c92-56efe81e22a8,4eddd774-a01b-3a0b-b4c6-736a5581aba4,Antto Niskakoski,M,GENERAL PRACTICE,Ohkolantie 10,Kellokoski,18,04500,60.53054,25.10548,170
6720686f-207b-3c40-b8df-0ca1852644e3,942171f0-df04-34cc-9c85-1a11b2f08717,Vivianna Ritakorpi,F,GENERAL PRACTICE,Sairaalatie 8,Lohja,18,08200,60.2247,24.01885,204
03462771-9bc2-3dca-823c-fd9188293165,216a84b2-6287-356d-9bcf-655abf00debb,Leona Vedenoja,F,GENERAL PRACTICE,Sairaalantie 1,Porvoo,18,06200,60.37911,25.69576,179
127d86f6-7e48-3af8-bf5b-ba0e8feb93ab,af916982-f5f8-341b-b159-69e72695294c,Antto Niskakoski,M,GENERAL PRACTICE,Sairaalakatu 1,Vantaa,18,01400,60.3299,25.0608,2
a6184a3f-f9ff-3f65-9e89-15a7a04c4231,d8b3cbb1-88db-3fc1-bb2b-6a9c0037e6e5,Sanniina Sierilä,F,GENERAL PRACTICE,Sairaalantie 1,Porvoo,18,06200,60.37911,25.69576,2
