location_id,address_1,address_2,city,state,zip,county,location_source_value
1863,579 Hutri Katu,,Mäntsälä,Uusimaa,04940,Mäntsälä,6ef995be-167c-438d-b23f-12b2313c30f8
1864,515 Virtanen Katu Unit 9,,Helsinki,Uusimaa,00590,Helsinki,5ce12587-8582-454f-9e48-cbc4797ddce4
1865,1013 Angerpuro Katu Unit 91,,Helsinki,Uusimaa,00930,Helsinki,49f82625-9fcb-4204-b58b-8791ef353eab
1866,991 Gåsström Katu,,Helsinki,Uusimaa,00520,Helsinki,991e58cf-86de-4820-8748-a34387b0c262
1867,597 Iso-Järvenpää Katu,,Hyvinkää,Uusimaa,05900,Hyvinkää,8f002348-8856-4f9a-9515-9ee9ee9f0bce
1868,257 Mäentalo Katu Apt 5,,Helsinki,Uusimaa,00220,Helsinki,2a3215c2-d463-4b89-88c8-d479b9c152c5
1869,475 Karimaa Katu Apt 13,,Helsinki,Uusimaa,00810,Helsinki,daaa675b-e86e-4186-b590-a9e91af7eca3
1870,896 Inkeroinen Katu,,Porvoo,Uusimaa,06530,Porvoo,8f7d56a4-0abe-4e35-8e40-34d173bb61b3
1871,799 Kalander Katu,,Espoo,Uusimaa,02820,Espoo,3738204a-b64a-4793-855a-460e2e61cb25
1872,258 Hall Katu Apt 4,,Helsinki,Uusimaa,00660,Helsinki,9d392784-b9c9-4a7b-a555-f2b31531bdd7
1873,582 Vehkala Katu Suite 4,,Espoo,Uusimaa,02180,Espoo,953dc76c-061a-445a-8378-005c6095f2cc
1874,483 Jokkala Katu Unit 84,,Espoo,Uusimaa,02230,Espoo,83709bae-b6d7-4f93-8ee9-904c039da3da
1875,961 Carlson Katu,,Kirkkonummi,Uusimaa,02420,Kirkkonummi,d13d7d7c-d1f5-4efd-b7e0-dc149628c9ae
1876,211 Herranen Katu,,Nurmijärvi,Uusimaa,01840,Nurmijärvi,4d6534f0-9599-4680-b857-0d2a6da5e321
1877,1041 Muse Katu,,Helsinki,Uusimaa,00380,Helsinki,901360a2-f2b1-4927-9e2f-7a632d67e199
1878,1063 Maaronen Katu,,Helsinki,Uusimaa,00610,Helsinki,57b024ba-15ec-49dc-b8b6-0c204aa48e18
1879,166 Iso-Kuusela Katu,,Helsinki,Uusimaa,00870,Helsinki,859263ec-9cd5-445b-838f-f64336720e82
1880,895 Kask Katu,,Helsinki,Uusimaa,00540,Helsinki,71282186-cf98-4914-b163-9835438f646d
1881,1047 Vahanen Katu Unit 4,,Helsinki,Uusimaa,00530,Helsinki,20bdf4a3-e506-486a-b164-002551443139
1882,679 Rautama Katu,,Porvoo,Uusimaa,06150,Porvoo,23c0f091-a771-4b1d-9425-c9b904a192ac
1883,241 Evijoki Katu,,Helsinki,Uusimaa,00580,Helsinki,75a16056-37c3-4218-acbb-60114230c3e9
1884,650 Sjö Katu Unit 82,,Espoo,Uusimaa,02660,Espoo,10ec1994-424c-4a1d-9791-6648e726d439
1885,697 Raiskinmäki Katu,,Vantaa,Uusimaa,01390,Vantaa,cf91703b-d5ec-4069-b0e7-3099412e51c3
1886,1082 Gross Katu Unit 9,,Espoo,Uusimaa,02230,Espoo,46be58ca-a496-442e-8c0e-c85ac1bba0d1
1887,108 Etula Katu Unit 24,,Helsinki,Uusimaa,00410,Helsinki,3f826db0-98c1-43ed-a5ba-a2bf9d0febda
1888,303 Nordling Katu Suite 54,,Helsinki,Uusimaa,00850,Helsinki,5eeaf4b0-4795-40e0-84fc-0a41a0b3764a
1889,635 Peisa Katu,,Helsinki,Uusimaa,00950,Helsinki,84304d12-f276-43c3-9830-4afe2fa0c942
1890,743 Syvävirta Katu,,Espoo,Uusimaa,02610,Espoo,910e1537-63e2-4dcf-bcb7-c79d41470f96
1891,783 Merivalo Katu Suite 60,,Helsinki,Uusimaa,00250,Helsinki,2eb29d90-e32d-4b83-a752-1acaa8ad4421
1892,936 Blick Katu Suite 21,,Vantaa,Uusimaa,01660,Vantaa,74bc2802-eaf4-4fdf-a49c-47b1380987d6
1893,1048 Vilppala Katu,,Helsinki,Uusimaa,00710,Helsinki,a472fd7f-bfe8-4efb-82da-bffa8e6cef16
1894,588 Ylä-Mella Katu Suite 39,,Espoo,Uusimaa,02240,Espoo,6db1a3a7-afc7-462d-8f8d-249d8635cb58
1895,1005 Rehnbäck Katu Suite 42,,Vantaa,Uusimaa,01350,Vantaa,5601993b-9f46-45fa-86fc-79d077825d04
1896,929 Niinimaa Katu Unit 34,,Vantaa,Uusimaa,01490,Vantaa,f45169ca-9f4a-4a8e-82c9-34c91e128232
1897,1074 Liila Katu Apt 16,,Vantaa,Uusimaa,01770,Vantaa,6b1d88be-6d7b-4f2c-94a9-a75383b8e24a
1898,1095 Salonoja Katu Suite 46,,Helsinki,Uusimaa,00270,Helsinki,1c5435e2-2859-475b-8b89-9caa2b838437
1899,637 Kiiltomäki Katu Apt 81,,Helsinki,Uusimaa,00300,Helsinki,88d74757-c3ca-4773-8493-c739a42a91d6
1900,856 Viro Katu,,Järvenpää,Uusimaa,04460,Järvenpää,2fb0f772-ec7b-4597-b35c-33e23fa5aba5
1901,919 Roiko-Jokela Katu,,Lohja,Uusimaa,08350,Lohja,88da7660-d5a9-4587-b9d8-66c9efcbb0cc
1902,1028 Huikkala Katu Suite 76,,Helsinki,Uusimaa,00600,Helsinki,adc3e2b5-999d-4280-bc96-76a2ef6be120
1903,439 Polvisalo Katu,,Helsinki,Uusimaa,00810,Helsinki,46067068-3983-44c2-8e1e-e4b7c68b84db
1904,435 Pekkalin Katu,,Porvoo,Uusimaa,07350,Porvoo,b0e4204d-3bba-45fc-adee-70305bce167c
1905,973 Steenari Katu Apt 13,,Vantaa,Uusimaa,01760,Vantaa,05a648f3-ad9c-4484-8612-d4e3d98144c6
1906,512 Välipakka Katu,,Helsinki,Uusimaa,00940,Helsinki,73b2c7f6-07bf-40ca-a9c1-f5a61846fc51
1907,307 Naisniemi Katu Apt 73,,Helsinki,Uusimaa,00180,Helsinki,1205f499-ada6-48d2-9a37-d0853f0252a1
1908,277 Uuskartano Katu Apt 40,,Porvoo,Uusimaa,07360,Porvoo,c68fa2a2-ee90-4cc4-8ce8-591d4d00650b
1909,750 Haaksi Katu,,Helsinki,Uusimaa,00800,Helsinki,6eb8162d-6c6f-45c4-9ef2-2c3e2e3728a9
1910,393 Lenkola Katu Suite 17,,Espoo,Uusimaa,02770,Espoo,b52e9374-6215-4429-ad14-bc7916146c8c
1911,910 Fetula Katu Unit 52,,Espoo,Uusimaa,02860,Espoo,a130250a-9e11-4fbb-bf88-40e39bfc3fa8
1912,1006 Vuosjoki Katu Suite 44,,Pukkila,Uusimaa,07550,Pukkila,7176399f-b82b-4435-9eba-e1715e7147c3
1913,676 Jonninen Katu,,Espoo,Uusimaa,02130,Espoo,fe75f0d7-9d0e-483e-b5ca-15ef128bb518
1914,150 Räikkönen Katu Apt 48,,Espoo,Uusimaa,02250,Espoo,de7e1e69-0747-4d51-ac08-e115fd1e0f4b
1915,473 Horsma Katu,,Helsinki,Uusimaa,00950,Helsinki,b2a5dc2a-50dd-4036-9299-259fa085aa89
1916,539 Wimmer Katu Suite 31,,Espoo,Uusimaa,02140,Espoo,cffdd760-f2c2-4d93-a820-a8f75c18b604
1917,560 de Wit Katu Unit 87,,Espoo,Uusimaa,02100,Espoo,10afbe70-cf5c-4101-92b1-413efd2bbca5
1918,823 Sevänen Katu,,Lohja,Uusimaa,08350,Lohja,fd544b0b-b0c9-4e39-9ef9-2bd536a224b2
1919,192 Levander Katu,,Helsinki,Uusimaa,00360,Helsinki,d9714a69-0188-41a6-8029-f45d1b144d18
1920,119 Petrov Katu Unit 42,,Kauniainen,Uusimaa,02700,Kauniainen,c080c02d-4e92-4f27-9455-7fd027aea079
1921,271 Weiland Katu Apt 64,,Helsinki,Uusimaa,00650,Helsinki,e4c78b0a-4c64-4037-a396-5e2af70e7f8c
1922,925 Dufva Katu Apt 98,,Espoo,Uusimaa,02680,Espoo,d7933a34-bdc5-452b-b8ce-27a571645ade
1923,751 Dietz Katu Apt 76,,Loviisa,Uusimaa,07870,Loviisa,b86b4e8d-f46d-4e9b-a0af-956b4a7bd9b5
1924,864 Smedman Katu Unit 77,,Helsinki,Uusimaa,00950,Helsinki,dfa73650-5605-4b45-967e-192af6d9a90a
1925,807 Ruti Katu Apt 14,,Vantaa,Uusimaa,01420,Vantaa,f13bbe23-6a2a-4f1e-b6e0-ab21bdf1f257
1926,903 Veneskari Katu Apt 29,,Tuusula,Uusimaa,04330,Tuusula,77818868-a13e-48ba-90c7-9e5e9f09928d
1927,598 Raumala Katu,,Espoo,Uusimaa,02750,Espoo,33cded33-6c1f-4c51-8496-3aff2d2252bb
1928,179 Topp Katu Apt 15,,Helsinki,Uusimaa,00280,Helsinki,8e4aef6d-2f8c-4a1b-a87d-9e31f7b38bcc
1929,399 Kuopusjärvi Katu Unit 82,,Kirkkonummi,Uusimaa,02480,Kirkkonummi,eb78a0a3-59ce-406f-a42a-18ebcca2406a
1930,600 Virtamo Katu Apt 41,,Helsinki,Uusimaa,00520,Helsinki,ce5498e0-f685-4bfe-9ebf-eaacd6496842
1931,589 Franke Katu Unit 53,,Helsinki,Uusimaa,00880,Helsinki,73a05033-576e-4e00-b7b9-b18f2843cb74
1932,946 Tommilammi Katu Suite 63,,Helsinki,Uusimaa,00740,Helsinki,1d24ff46-c42c-428e-9c87-49019d75f83d
1933,358 Partanen Katu Suite 95,,Vantaa,Uusimaa,01690,Vantaa,84fa4867-6f0f-41fb-9019-cfa7f30104b2
1934,368 Jokivalli Katu,,Helsinki,Uusimaa,00430,Helsinki,238780b7-4200-4ab5-87e4-77b6aebe94c5
1935,916 Norrgård Katu,,Vantaa,Uusimaa,01400,Vantaa,3a402456-38b8-4389-ad4c-27f5545ef293
1936,522 Keski-Levijoki Katu,,Hyvinkää,Uusimaa,05950,Hyvinkää,14b516be-7a9f-42fc-a00c-c17733f71c9b
1937,585 Sammatti Katu Suite 12,,Espoo,Uusimaa,02290,Espoo,40f9d099-53ed-42d2-b897-be798713a90a
1938,106 Ekebom Katu Apt 31,,Helsinki,Uusimaa,00820,Helsinki,a6216aa5-10cf-42dd-bb58-0241548f98f6
1939,617 Lähderanta Katu,,Helsinki,Uusimaa,00150,Helsinki,e30f84d6-05cd-4bde-8255-0f9d2d5abc8b
1940,747 Mittilä Katu Suite 77,,Espoo,Uusimaa,02120,Espoo,07e65dbe-6a02-4983-a5eb-20d8d6d09209
1941,118 Hummelholm Katu,,Helsinki,Uusimaa,00970,Helsinki,6d400928-b234-4a6c-ab56-48c824089a46
1942,714 Isokivijärvi Katu,,Tuusula,Uusimaa,04360,Tuusula,35193fd0-3323-4333-8f04-f7cb4248424c
1943,848 Äikää Katu,,Hyvinkää,Uusimaa,05720,Hyvinkää,249a437b-2c6b-4320-89c4-a0ac5da6c933
1944,259 Livson Katu Apt 85,,Espoo,Uusimaa,02100,Espoo,7fce8c06-cf43-4079-98ec-282f28a96a8f
1945,369 Karhuvaara Katu,,Helsinki,Uusimaa,00400,Helsinki,8ed347fd-276b-462a-95d9-903cfd0f3063
1946,661 Siponen Katu,,Espoo,Uusimaa,02260,Espoo,671b60a5-a98e-4050-9a67-1f4be29a9b68
1947,1074 Aittokumpu Katu Apt 98,,Porvoo,Uusimaa,07410,Porvoo,89b5d827-43ef-451e-8bd4-febb4c7dd874
1948,808 Mäki-Välkkilä Katu Apt 75,,Helsinki,Uusimaa,00210,Helsinki,d2e407f1-8098-4b36-837c-8d2f3d9402a5
1949,960 Åby Katu Apt 0,,Helsinki,Uusimaa,00390,Helsinki,100e458f-ed34-4020-a6b1-12d28874004b
1950,532 Kummunmäki Katu,,Järvenpää,Uusimaa,04410,Järvenpää,283e6aa0-aeeb-4f8c-a19e-b00e5c0935d0
1951,974 Råman Katu,,Tuusula,Uusimaa,05400,Tuusula,269bdf21-6bfb-4d69-b954-c9c21a7a93d2
1952,932 Kaján Katu Apt 89,,Helsinki,Uusimaa,00690,Helsinki,3d5e7b65-e301-496a-b10f-da2478a750c5
1953,249 Joseph Katu Unit 39,,Helsinki,Uusimaa,00870,Helsinki,ef6d49b8-5d1e-4bb9-9106-4572450f81b3
1954,1097 Kyrklund Katu,,Järvenpää,Uusimaa,04420,Järvenpää,56cf991f-e955-464b-996b-a2aff9a7b00c
1955,986 Nuolikoski Katu Apt 61,,Helsinki,Uusimaa,00840,Helsinki,1f7e8506-ef75-402b-a5a9-05a8e9dbf6f5
1956,756 Smolsky Katu Suite 75,,Espoo,Uusimaa,02760,Espoo,a186269f-922f-4974-95a9-22f7d594b2bd
1957,203 Honkamaa Katu,,Helsinki,Uusimaa,00870,Helsinki,31118946-9946-461a-923e-43170fec61ff
1958,827 Laitaharju Katu,,Espoo,Uusimaa,02110,Espoo,d618ed3c-2bfc-42b3-8b1f-d8fbe182e912
1959,655 Denisov Katu,,Helsinki,Uusimaa,00730,Helsinki,34a1f8f9-bc39-46fb-92f4-dbb7cd11eb28
1960,331 Rainerma Katu Unit 22,,Espoo,Uusimaa,02610,Espoo,3f1008c4-484d-4282-8886-fde51e1ee373
1961,576 Valve Katu Suite 24,,Helsinki,Uusimaa,00160,Helsinki,b4985bbc-936e-4b01-822d-d7b4a51ba611
1962,314 Raerinne Katu Suite 27,,Vantaa,Uusimaa,01640,Vantaa,f54a1542-61d0-4b41-91b9-bbc1ef80b0fd
1963,539 Viitalahti Katu Apt 75,,Porvoo,Uusimaa,06850,Porvoo,32f80e03-f6a9-47d6-a55d-abcd5009df23
1964,787 Ahtila Katu,,Helsinki,Uusimaa,00730,Helsinki,6dd0257c-54a4-444b-8570-34d910848447
1965,839 Kempas Katu Unit 84,,Espoo,Uusimaa,02250,Espoo,bfda660c-a3ef-4fae-8bde-83eb03090e34
