person_id,gender_concept_id,year_of_birth,month_of_birth,day_of_birth,birth_datetime,race_concept_id,ethnicity_concept_id,location_id,provider_id,care_site_id,person_source_value,gender_source_value,gender_source_concept_id,race_source_value,race_source_concept_id,ethnicity_source_value,ethnicity_source_concept_id
1863,8507,2016,10,18,,8527,0,1863,,,6ef995be-167c-438d-b23f-12b2313c30f8,M,0,white,0,nonhispanic,0
1864,8532,2015,3,11,,8527,0,1864,,,5ce12587-8582-454f-9e48-cbc4797ddce4,F,0,white,0,nonhispanic,0
1865,8507,2007,1,27,,8527,0,1865,,,49f82625-9fcb-4204-b58b-8791ef353eab,M,0,white,0,nonhispanic,0
1866,8507,2007,6,9,,8527,0,1866,,,991e58cf-86de-4820-8748-a34387b0c262,M,0,white,0,nonhispanic,0
1867,8532,2011,1,8,,8527,0,1867,,,8f002348-8856-4f9a-9515-9ee9ee9f0bce,F,0,white,0,nonhispanic,0
1868,8507,2009,10,7,,8527,0,1868,,,2a3215c2-d463-4b89-88c8-d479b9c152c5,M,0,white,0,nonhispanic,0
1869,8532,2000,2,4,,8527,0,1869,,,daaa675b-e86e-4186-b590-a9e91af7eca3,F,0,white,0,nonhispanic,0
1870,8532,1995,7,28,,8527,0,1870,,,8f7d56a4-0abe-4e35-8e40-34d173bb61b3,F,0,white,0,nonhispanic,0
1871,8532,2002,12,30,,8527,0,1871,,,3738204a-b64a-4793-855a-460e2e61cb25,F,0,white,0,nonhispanic,0
1872,8532,1981,3,15,,8527,0,1872,,,9d392784-b9c9-4a7b-a555-f2b31531bdd7,F,0,white,0,nonhispanic,0
1873,8532,1993,11,9,,8527,0,1873,,,953dc76c-061a-445a-8378-005c6095f2cc,F,0,white,0,nonhispanic,0
1874,8532,1990,10,26,,8527,0,1874,,,83709bae-b6d7-4f93-8ee9-904c039da3da,F,0,white,0,nonhispanic,0
1875,8507,1982,5,19,,8527,0,1875,,,d13d7d7c-d1f5-4efd-b7e0-dc149628c9ae,M,0,white,0,nonhispanic,0
1876,8532,2008,2,5,,8527,0,1876,,,4d6534f0-9599-4680-b857-0d2a6da5e321,F,0,white,0,nonhispanic,0
1877,8532,1951,6,7,,8527,0,1877,,,901360a2-f2b1-4927-9e2f-7a632d67e199,F,0,white,0,nonhispanic,0
1878,8507,2005,6,1,,8527,0,1878,,,57b024ba-15ec-49dc-b8b6-0c204aa48e18,M,0,white,0,nonhispanic,0
1879,8507,1963,3,6,,8527,0,1879,,,859263ec-9cd5-445b-838f-f64336720e82,M,0,white,0,nonhispanic,0
1880,8507,1972,7,13,,8527,0,1880,,,71282186-cf98-4914-b163-9835438f646d,M,0,white,0,nonhispanic,0
1881,8532,1984,9,12,,8527,0,1881,,,20bdf4a3-e506-486a-b164-002551443139,F,0,white,0,nonhispanic,0
1882,8532,1977,8,16,,8527,0,1882,,,23c0f091-a771-4b1d-9425-c9b904a192ac,F,0,white,0,nonhispanic,0
1883,8507,1940,6,16,,8527,0,1883,,,75a16056-37c3-4218-acbb-60114230c3e9,M,0,white,0,nonhispanic,0
1884,8532,1991,5,26,,8527,0,1884,,,10ec1994-424c-4a1d-9791-6648e726d439,F,0,white,0,nonhispanic,0
1885,8507,1945,10,16,,8527,0,1885,,,cf91703b-d5ec-4069-b0e7-3099412e51c3,M,0,white,0,nonhispanic,0
1886,8532,1966,5,30,,8527,0,1886,,,46be58ca-a496-442e-8c0e-c85ac1bba0d1,F,0,white,0,nonhispanic,0
1887,8507,1962,8,31,,8527,0,1887,,,3f826db0-98c1-43ed-a5ba-a2bf9d0febda,M,0,white,0,nonhispanic,0
1888,8532,1994,11,2,,8527,0,1888,,,5eeaf4b0-4795-40e0-84fc-0a41a0b3764a,F,0,white,0,nonhispanic,0
1889,8532,1947,10,7,,8527,0,1889,,,84304d12-f276-43c3-9830-4afe2fa0c942,F,0,white,0,nonhispanic,0
1890,8532,1985,12,27,,8527,0,1890,,,910e1537-63e2-4dcf-bcb7-c79d41470f96,F,0,white,0,nonhispanic,0
1891,8507,1954,2,1,,8527,0,1891,,,2eb29d90-e32d-4b83-a752-1acaa8ad4421,M,0,white,0,nonhispanic,0
1892,8532,1949,9,18,,8527,0,1892,,,74bc2802-eaf4-4fdf-a49c-47b1380987d6,F,0,white,0,nonhispanic,0
1893,8507,1983,6,25,,8527,0,1893,,,a472fd7f-bfe8-4efb-82da-bffa8e6cef16,M,0,white,0,nonhispanic,0
1894,8532,1958,8,31,,8527,0,1894,,,6db1a3a7-afc7-462d-8f8d-249d8635cb58,F,0,white,0,nonhispanic,0
1895,8532,1980,9,11,,8527,0,1895,,,5601993b-9f46-45fa-86fc-79d077825d04,F,0,white,0,nonhispanic,0
1896,8507,1970,6,9,,8527,0,1896,,,f45169ca-9f4a-4a8e-82c9-34c91e128232,M,0,white,0,nonhispanic,0
1897,8507,1992,8,29,,8527,0,1897,,,6b1d88be-6d7b-4f2c-94a9-a75383b8e24a,M,0,white,0,nonhispanic,0
1898,8532,1970,11,27,,8527,0,1898,,,1c5435e2-2859-475b-8b89-9caa2b838437,F,0,white,0,nonhispanic,0
1899,8507,1971,6,1,,8527,0,1899,,,88d74757-c3ca-4773-8493-c739a42a91d6,M,0,white,0,nonhispanic,0
1900,8507,1974,1,13,,8527,0,1900,,,2fb0f772-ec7b-4597-b35c-33e23fa5aba5,M,0,white,0,nonhispanic,0
1901,8532,1959,5,7,,8527,0,1901,,,88da7660-d5a9-4587-b9d8-66c9efcbb0cc,F,0,white,0,nonhispanic,0
1902,8532,1978,4,30,,8527,0,1902,,,adc3e2b5-999d-4280-bc96-76a2ef6be120,F,0,white,0,nonhispanic,0
1903,8532,1939,7,17,,8527,0,1903,,,46067068-3983-44c2-8e1e-e4b7c68b84db,F,0,white,0,nonhispanic,0
1904,8507,2013,6,27,,8527,0,1904,,,b0e4204d-3bba-45fc-adee-70305bce167c,M,0,white,0,nonhispanic,0
1905,8532,2018,5,13,,8527,0,1905,,,05a648f3-ad9c-4484-8612-d4e3d98144c6,F,0,white,0,nonhispanic,0
1906,8532,1970,11,27,,8527,0,1906,,,73b2c7f6-07bf-40ca-a9c1-f5a61846fc51,F,0,white,0,nonhispanic,0
1907,8507,1985,10,3,,8527,0,1907,,,1205f499-ada6-48d2-9a37-d0853f0252a1,M,0,white,0,nonhispanic,0
1908,8532,1960,8,15,,8527,0,1908,,,c68fa2a2-ee90-4cc4-8ce8-591d4d00650b,F,0,white,0,nonhispanic,0
1909,8532,1980,9,10,,8527,0,1909,,,6eb8162d-6c6f-45c4-9ef2-2c3e2e3728a9,F,0,white,0,nonhispanic,0
1910,8532,2017,10,8,,8527,0,1910,,,b52e9374-6215-4429-ad14-bc7916146c8c,F,0,white,0,nonhispanic,0
1911,8532,1958,2,5,,8527,0,1911,,,a130250a-9e11-4fbb-bf88-40e39bfc3fa8,F,0,white,0,nonhispanic,0
1912,8507,1966,9,13,,8527,0,1912,,,7176399f-b82b-4435-9eba-e1715e7147c3,M,0,white,0,nonhispanic,0
1913,8507,2010,5,29,,8527,0,1913,,,fe75f0d7-9d0e-483e-b5ca-15ef128bb518,M,0,white,0,nonhispanic,0
1914,8507,1976,7,30,,8527,0,1914,,,de7e1e69-0747-4d51-ac08-e115fd1e0f4b,M,0,white,0,nonhispanic,0
1915,8507,1985,7,11,,8527,0,1915,,,b2a5dc2a-50dd-4036-9299-259fa085aa89,M,0,white,0,nonhispanic,0
1916,8507,2015,12,21,,8527,0,1916,,,cffdd760-f2c2-4d93-a820-a8f75c18b604,M,0,white,0,nonhispanic,0
1917,8532,1966,12,19,,8527,0,1917,,,10afbe70-cf5c-4101-92b1-413efd2bbca5,F,0,white,0,nonhispanic,0
1918,8532,1955,5,22,,8527,0,1918,,,fd544b0b-b0c9-4e39-9ef9-2bd536a224b2,F,0,white,0,nonhispanic,0
1919,8507,1964,12,31,,8527,0,1919,,,d9714a69-0188-41a6-8029-f45d1b144d18,M,0,white,0,nonhispanic,0
1920,8507,2015,1,12,,8527,0,1920,,,c080c02d-4e92-4f27-9455-7fd027aea079,M,0,white,0,nonhispanic,0
1921,8507,1909,10,20,,8527,0,1921,,,e4c78b0a-4c64-4037-a396-5e2af70e7f8c,M,0,white,0,nonhispanic,0
1922,8532,1987,3,3,,8527,0,1922,,,d7933a34-bdc5-452b-b8ce-27a571645ade,F,0,white,0,nonhispanic,0
1923,8532,1947,3,26,,8527,0,1923,,,b86b4e8d-f46d-4e9b-a0af-956b4a7bd9b5,F,0,white,0,nonhispanic,0
1924,8532,1952,3,29,,8527,0,1924,,,dfa73650-5605-4b45-967e-192af6d9a90a,F,0,white,0,nonhispanic,0
1925,8507,2019,3,12,,8527,0,1925,,,f13bbe23-6a2a-4f1e-b6e0-ab21bdf1f257,M,0,white,0,nonhispanic,0
1926,8532,1970,8,18,,8527,0,1926,,,77818868-a13e-48ba-90c7-9e5e9f09928d,F,0,white,0,nonhispanic,0
1927,8532,1973,4,3,,8527,0,1927,,,33cded33-6c1f-4c51-8496-3aff2d2252bb,F,0,white,0,nonhispanic,0
1928,8507,1938,10,20,,8527,0,1928,,,8e4aef6d-2f8c-4a1b-a87d-9e31f7b38bcc,M,0,white,0,nonhispanic,0
1929,8507,2006,12,30,,8527,0,1929,,,eb78a0a3-59ce-406f-a42a-18ebcca2406a,M,0,white,0,nonhispanic,0
1930,8532,2014,7,10,,8527,0,1930,,,ce5498e0-f685-4bfe-9ebf-eaacd6496842,F,0,white,0,nonhispanic,0
1931,8507,1947,1,9,,8527,0,1931,,,73a05033-576e-4e00-b7b9-b18f2843cb74,M,0,white,0,nonhispanic,0
1932,8507,2006,6,15,,8527,0,1932,,,1d24ff46-c42c-428e-9c87-49019d75f83d,M,0,white,0,nonhispanic,0
1933,8532,2002,6,4,,8527,0,1933,,,84fa4867-6f0f-41fb-9019-cfa7f30104b2,F,0,white,0,nonhispanic,0
1934,8507,1980,8,25,,8527,0,1934,,,238780b7-4200-4ab5-87e4-77b6aebe94c5,M,0,white,0,nonhispanic,0
1935,8532,1990,12,12,,8527,0,1935,,,3a402456-38b8-4389-ad4c-27f5545ef293,F,0,white,0,nonhispanic,0
1936,8507,2019,4,19,,8527,0,1936,,,14b516be-7a9f-42fc-a00c-c17733f71c9b,M,0,white,0,nonhispanic,0
1937,8532,1974,1,4,,8527,0,1937,,,40f9d099-53ed-42d2-b897-be798713a90a,F,0,white,0,nonhispanic,0
1938,8532,1949,1,4,,8527,0,1938,,,a6216aa5-10cf-42dd-bb58-0241548f98f6,F,0,white,0,nonhispanic,0
1939,8507,1967,2,3,,8527,0,1939,,,e30f84d6-05cd-4bde-8255-0f9d2d5abc8b,M,0,white,0,nonhispanic,0
1940,8507,2016,8,9,,8527,0,1940,,,07e65dbe-6a02-4983-a5eb-20d8d6d09209,M,0,white,0,nonhispanic,0
1941,8507,1996,12,2,,8527,0,1941,,,6d400928-b234-4a6c-ab56-48c824089a46,M,0,white,0,nonhispanic,0
1942,8507,1988,12,5,,8527,0,1942,,,35193fd0-3323-4333-8f04-f7cb4248424c,M,0,white,0,nonhispanic,0
1943,8532,1964,10,27,,8527,0,1943,,,249a437b-2c6b-4320-89c4-a0ac5da6c933,F,0,white,0,nonhispanic,0
1944,8507,2016,6,22,,8527,0,1944,,,7fce8c06-cf43-4079-98ec-282f28a96a8f,M,0,white,0,nonhispanic,0
1945,8507,2006,2,16,,8527,0,1945,,,8ed347fd-276b-462a-95d9-903cfd0f3063,M,0,white,0,nonhispanic,0
1946,8507,2004,6,23,,8527,0,1946,,,671b60a5-a98e-4050-9a67-1f4be29a9b68,M,0,white,0,nonhispanic,0
1947,8532,1961,5,12,,8527,0,1947,,,89b5d827-43ef-451e-8bd4-febb4c7dd874,F,0,white,0,nonhispanic,0
1948,8532,1947,11,12,,8527,0,1948,,,d2e407f1-8098-4b36-837c-8d2f3d9402a5,F,0,white,0,nonhispanic,0
1949,8507,1909,10,20,,8527,0,1949,,,100e458f-ed34-4020-a6b1-12d28874004b,M,0,white,0,nonhispanic,0
1950,8532,1984,1,31,,8527,0,1950,,,283e6aa0-aeeb-4f8c-a19e-b00e5c0935d0,F,0,white,0,nonhispanic,0
1951,8532,1979,7,9,,8527,0,1951,,,269bdf21-6bfb-4d69-b954-c9c21a7a93d2,F,0,white,0,nonhispanic,0
1952,8532,1989,12,12,,8527,0,1952,,,3d5e7b65-e301-496a-b10f-da2478a750c5,F,0,white,0,nonhispanic,0
1953,8532,1973,7,28,,8527,0,1953,,,ef6d49b8-5d1e-4bb9-9106-4572450f81b3,F,0,white,0,nonhispanic,0
1954,8507,1967,10,3,,8527,0,1954,,,56cf991f-e955-464b-996b-a2aff9a7b00c,M,0,white,0,nonhispanic,0
1955,8507,1957,8,10,,8527,0,1955,,,1f7e8506-ef75-402b-a5a9-05a8e9dbf6f5,M,0,white,0,nonhispanic,0
1956,8507,1951,4,15,,8527,0,1956,,,a186269f-922f-4974-95a9-22f7d594b2bd,M,0,white,0,nonhispanic,0
1957,8532,1930,1,12,,8527,0,1957,,,31118946-9946-461a-923e-43170fec61ff,F,0,white,0,nonhispanic,0
1958,8532,1975,10,14,,8527,0,1958,,,d618ed3c-2bfc-42b3-8b1f-d8fbe182e912,F,0,white,0,nonhispanic,0
1959,8532,1952,1,25,,8527,0,1959,,,34a1f8f9-bc39-46fb-92f4-dbb7cd11eb28,F,0,white,0,nonhispanic,0
1960,8532,1972,7,31,,8527,0,1960,,,3f1008c4-484d-4282-8886-fde51e1ee373,F,0,white,0,nonhispanic,0
1961,8532,1945,8,31,,8527,0,1961,,,b4985bbc-936e-4b01-822d-d7b4a51ba611,F,0,white,0,nonhispanic,0
1962,8532,1946,4,22,,8527,0,1962,,,f54a1542-61d0-4b41-91b9-bbc1ef80b0fd,F,0,white,0,nonhispanic,0
1963,8532,1945,9,19,,8527,0,1963,,,32f80e03-f6a9-47d6-a55d-abcd5009df23,F,0,white,0,nonhispanic,0
1964,8532,1960,3,31,,8527,0,1964,,,6dd0257c-54a4-444b-8570-34d910848447,F,0,white,0,nonhispanic,0
1965,8507,1951,4,15,,8527,0,1965,,,bfda660c-a3ef-4fae-8bde-83eb03090e34,M,0,white,0,nonhispanic,0
