location_id,address_1,address_2,city,state,zip,county,location_source_value
1966,744 Töykkälä Katu Suite 34,,Helsinki,Uusimaa,00960,Helsinki,9c6c4582-7256-43ee-abcf-cf6bc191a716
1967,374 Mesiä Katu,,Vantaa,Uusimaa,01390,Vantaa,8ddeab32-da56-4a2f-b193-6ed9cce83529
1968,262 Katunpää Katu Unit 52,,Vantaa,Uusimaa,01660,Vantaa,cee236eb-f5f2-4fdd-9576-3d00554ae8f6
1969,277 Kitti Katu,,Espoo,Uusimaa,02230,Espoo,7e8fd4fe-ce9d-4c87-9a30-a3d99c1ee872
1970,105 Hanhiniemi Katu Suite 77,,Espoo,Uusimaa,02810,Espoo,6f51e2d7-ecfb-44ff-9546-9f158fd0908c
1971,662 Räisälä Katu Suite 42,,Vantaa,Uusimaa,01620,Vantaa,584e43a1-9ed2-4d65-ba9c-ae6be2fafeb9
1972,478 Tenhovirta Katu,,Karkkila,Uusimaa,03710,Karkkila,167ae973-4dfa-4922-9231-e4e4a8381db3
1973,257 Saviaro Katu Unit 29,,Helsinki,Uusimaa,00550,Helsinki,b689ac19-d18a-48fa-8409-7c333ff13df7
1974,670 Saarteinen Katu Suite 34,,Vantaa,Uusimaa,01370,Vantaa,32804158-2a8a-45bc-a53e-3f6fb2236df6
1975,281 Klink Katu,,Helsinki,Uusimaa,00220,Helsinki,071657ae-869a-4ca2-b1f3-423726bc6eb8
1976,382 Holappa Katu Unit 95,,Vantaa,Uusimaa,01450,Vantaa,27c55f43-57f4-465e-8d95-1b3a555701b5
1977,1066 Kvarnström Katu Apt 64,,Järvenpää,Uusimaa,04420,Järvenpää,068b8250-7bfe-479b-854d-5a1e46a3915e
1978,118 Aarela Katu,,Helsinki,Uusimaa,00550,Helsinki,886b8241-8762-4802-99a7-c0a3314a45b2
1979,150 Wallenberg Katu Unit 12,,Nurmijärvi,Uusimaa,01820,Nurmijärvi,3a388440-7b2c-4f38-b773-a70f1e51fc57
1980,829 Toiminen Katu,,Helsinki,Uusimaa,00230,Helsinki,98252cb2-a4be-45ef-b151-f518d91ca5b9
1981,413 Katz Katu Apt 49,,Kirkkonummi,Uusimaa,02880,Kirkkonummi,bce2631f-ba84-44a9-bc82-a395f05178b4
1982,753 Paatelainen Katu Unit 77,,Helsinki,Uusimaa,00240,Helsinki,5ad8ca91-99f3-4c11-8dfa-7de45be27738
1983,126 Kaakkolammi Katu Unit 98,,Kirkkonummi,Uusimaa,02450,Kirkkonummi,b9c3f26b-699b-47d2-b4aa-1d55b5c4ae40
1984,1016 Rauhanlaakso Katu,,Nurmijärvi,Uusimaa,01840,Nurmijärvi,6fdf102f-b624-4f69-8602-7095100935fc
1985,811 Kartimo Katu Apt 30,,Espoo,Uusimaa,02940,Espoo,93f13baf-70b1-4631-b2c9-74a8532d500d
1986,934 Satto Katu Suite 42,,Vantaa,Uusimaa,01770,Vantaa,e1fd330b-b8ab-4801-9b26-eff84492a45e
1987,340 Aario Katu,,Espoo,Uusimaa,02810,Espoo,f1597270-8b76-4f70-9df3-45194d7b2b4c
1988,691 Häätylä Katu,,Helsinki,Uusimaa,00790,Helsinki,8d94cd0f-4efe-4ac9-bad3-144adfd6f094
1989,1081 Välijeesiö Katu,,Espoo,Uusimaa,02100,Espoo,c90ceb47-ff7f-40fa-92c7-998faf0ef4d5
1990,777 Segerstam Katu,,Vantaa,Uusimaa,01670,Vantaa,464b5b2c-4c29-4f3c-bdb2-8fbc8fb0b5df
1991,1065 Kostia Katu,,Helsinki,Uusimaa,00230,Helsinki,e519e2bd-8f7a-48c8-ae56-a15790deaac7
1992,1097 Suomi Katu Suite 23,,Lohja,Uusimaa,09120,Lohja,eab76399-f8e1-4102-81da-a239858fbc08
1993,646 Rautjoki Katu Apt 12,,Helsinki,Uusimaa,00950,Helsinki,65b75c15-6885-4173-b426-74487bd6edf9
1994,551 Westlin Katu Suite 37,,Helsinki,Uusimaa,00920,Helsinki,5db7080a-3856-4740-b733-902f7e4c1eef
1995,832 Floman Katu,,Raasepori,Uusimaa,10410,Raasepori,4cd319a4-24f7-409d-894c-8b360e7f8358
1996,620 Saaristo Katu Apt 73,,Espoo,Uusimaa,02360,Espoo,47d0a406-bdc6-4a92-8b85-a675ef1f42cb
1997,736 Yrjans Katu Unit 34,,Vantaa,Uusimaa,01640,Vantaa,6f562d0f-b1c8-4ee2-a934-b16031f9888b
1998,854 Kaataja Katu,,Järvenpää,Uusimaa,04410,Järvenpää,c22bf6c3-7e90-4244-ad91-3dd0b81ebed7
1999,1021 Yli-Hukka Katu,,Espoo,Uusimaa,02740,Espoo,097c268c-06f4-4623-b814-c74f332006e1
2000,256 Puuri Katu,,Kerava,Uusimaa,04220,Kerava,0e3802ba-ac05-4aa8-8217-96539669d055
2001,1021 Lamminsivu Katu,,Espoo,Uusimaa,02180,Espoo,7abd5ad9-f8f7-4494-82ef-245ba6dd77f4
2002,219 Ceder Katu Unit 41,,Helsinki,Uusimaa,00590,Helsinki,fc0ced46-8412-461b-be41-18bd6cd53840
2003,285 James Katu,,Nurmijärvi,Uusimaa,01800,Nurmijärvi,2787b0bd-e46d-4214-a047-df832d28d43c
2004,705 Kylmämetsä Katu,,Helsinki,Uusimaa,00610,Helsinki,2c39782c-da44-4401-babc-33314320e427
2005,624 Rannikko Katu,,Helsinki,Uusimaa,00820,Helsinki,0d1c20f4-626a-4d39-91da-efc0996f0392
2006,564 Patama Katu,,Helsinki,Uusimaa,00320,Helsinki,f342998f-cb41-4ebf-aa5b-3c3184b7d660
2007,706 Junttanen Katu,,Helsinki,Uusimaa,00650,Helsinki,8ff550b1-43f3-4443-ba3b-f1750815622e
2008,1093 Santama Katu Apt 10,,Helsinki,Uusimaa,00380,Helsinki,6bcf3604-7e37-4cc0-af02-c8c6be4ebd01
2009,114 Dillström Katu,,Helsinki,Uusimaa,00690,Helsinki,8bc5711d-db8b-4980-8678-cb93a93c12b1
2010,482 Huissi Katu Unit 66,,Hyvinkää,Uusimaa,05950,Hyvinkää,0e0c1d24-74fa-4b31-89a4-36470e15512d
2011,418 Märsynaho Katu,,Raasepori,Uusimaa,10470,Raasepori,30ad6a07-e65f-43f3-8644-cb7356e6a975
2012,841 Filander Katu,,Hyvinkää,Uusimaa,05950,Hyvinkää,5a4e216a-32a9-41ae-91ce-02ed929a3a50
2013,283 Lastuniemi Katu Unit 34,,Helsinki,Uusimaa,00140,Helsinki,8a89e7d1-e010-4269-a88f-986cb19aeb8d
2014,838 Kimanen Katu Suite 4,,Helsinki,Uusimaa,00700,Helsinki,678d5f8d-f128-4348-b3a1-11612c732188
2015,802 Puurunen Katu,,Helsinki,Uusimaa,00950,Helsinki,1ab030a2-dc3b-4069-9d39-b52d274cae96
2016,152 Vahanne Katu,,Espoo,Uusimaa,02130,Espoo,f272ed83-d530-4276-b097-b17984478340
2017,377 Shaqiri Katu Apt 82,,Vantaa,Uusimaa,01620,Vantaa,3d15f86c-b5c0-40ea-9d50-09de05c33618
2018,351 Lahnaoja Katu,,Espoo,Uusimaa,02920,Espoo,77dad316-9cc6-40c6-b385-94145789068c
2019,828 Äärynen Katu,,Helsinki,Uusimaa,00880,Helsinki,bcd004ad-5929-4f41-b2d2-179ab20b2ce2
2020,278 Kärenlampi Katu Suite 16,,Vantaa,Uusimaa,01480,Vantaa,2b4d97c4-3f48-4c4e-b9b9-999b2b875646
2021,816 Knihtilä Katu,,Vantaa,Uusimaa,01740,Vantaa,7b566984-4bef-4281-864e-d7bea03aef9a
2022,172 Otto Katu,,Helsinki,Uusimaa,00140,Helsinki,a5aeb198-9fe3-4b94-a7ec-40ba530d950a
2023,1057 Merjamaa Katu Unit 68,,Vantaa,Uusimaa,01230,Vantaa,b3fd1127-21f1-420f-b2d9-0143a0a52286
2024,303 Martti Katu Suite 51,,Helsinki,Uusimaa,00740,Helsinki,b7cd8f18-7bee-4bd2-8ece-0f867e75799e
2025,191 Fräki Katu,,Helsinki,Uusimaa,00760,Helsinki,0ba11ef8-5adf-407b-adc6-1a7443bdf678
2026,871 Setälä Katu Suite 82,,Helsinki,Uusimaa,00200,Helsinki,019f121f-4931-4a08-a017-87af7856ecd4
2027,903 Alfthan Katu,,Porvoo,Uusimaa,06830,Porvoo,db564b7b-034b-4a40-8f5c-56c76df7becb
2028,177 Söderlund Katu,,Espoo,Uusimaa,02710,Espoo,b509857a-6959-432e-aafb-bb4294b9d58e
2029,294 Keskisalo Katu,,Kerava,Uusimaa,04250,Kerava,db074846-abc5-43ec-8bb4-d353ff38b414
2030,115 Maksniemi Katu,,Vantaa,Uusimaa,01730,Vantaa,18b182d1-a134-4f5c-8fde-0fcf734cfa2f
2031,886 Uskali Katu,,Espoo,Uusimaa,02920,Espoo,531c7d57-dcbb-43c1-8e4e-be76727534c6
2032,623 Laxåback Katu,,Lohja,Uusimaa,08150,Lohja,c22d2964-2975-47d1-8cbf-8b8f227d9fc0
2033,252 Virrantalo Katu,,Helsinki,Uusimaa,00370,Helsinki,d7f4ce2c-40e7-411f-befb-954777aba0ff
2034,964 Pikkala Katu,,Helsinki,Uusimaa,00540,Helsinki,be788c7c-9708-4672-b8d7-7a8041f364ec
2035,861 Vuono Katu Suite 78,,Raasepori,Uusimaa,10640,Raasepori,d5a332f8-eb55-4f14-89a3-c828dc491bc3
2036,325 Kyrönniemi Katu,,Espoo,Uusimaa,02680,Espoo,404596a9-fd87-438c-9f32-960ef5eaae14
2037,453 Kannasmaa Katu Suite 8,,Helsinki,Uusimaa,00780,Helsinki,fb436652-d53a-4b83-a71f-e9f38e2fb21b
2038,816 Saxholm Katu,,Porvoo,Uusimaa,07320,Porvoo,a2c037aa-0bdf-421c-b98a-f2f16fad6ffa
2039,1007 Saukoniemi Katu,,Kerava,Uusimaa,04220,Kerava,c68cb4d6-084b-4069-8eb2-5b8c98554b37
2040,858 Kemiläinen Katu,,Helsinki,Uusimaa,00100,Helsinki,bf8c0789-0a29-4f75-9914-0b6328e127b4
2041,828 Uusnäkki Katu Suite 27,,Helsinki,Uusimaa,00780,Helsinki,b56275e3-26e8-4f87-9c01-aaf0cb0e2b5e
2042,842 Särkijärvi Katu,,Helsinki,Uusimaa,00770,Helsinki,fefa73ae-8c98-43b8-955d-3ed8af58c032
2043,486 Skata Katu Unit 43,,Lohja,Uusimaa,08450,Lohja,1a1236ac-dbbe-4140-975b-b2474c07af50
2044,689 Karen Katu Unit 94,,Helsinki,Uusimaa,00440,Helsinki,81f9af57-d40a-430f-a91b-0996500c7d07
2045,330 Katro Katu Unit 30,,Vantaa,Uusimaa,01200,Vantaa,5d99c217-098f-47c7-8370-81f290288364
2046,345 Selonen Katu Apt 51,,Helsinki,Uusimaa,00770,Helsinki,42ccfcea-2c8f-4647-9b73-2eb3300a3e13
2047,1084 Grönthal Katu Unit 93,,Sipoo,Uusimaa,01190,Sipoo,e7b3005b-736e-4019-a863-fbc5c69e942a
2048,391 Kotikangas Katu,,Espoo,Uusimaa,02600,Espoo,0f7629d2-d64b-48df-a2fb-6e76005cad66
2049,826 Maksniemi Katu,,Helsinki,Uusimaa,00800,Helsinki,b3cccd58-778e-43de-af6e-e5e5e2b6415f
2050,339 Tuorilainen Katu Apt 92,,Helsinki,Uusimaa,00440,Helsinki,420ad252-0b71-4292-a5c8-4b5442fe1f56
2051,496 Kukkamo Katu Unit 32,,Tuusula,Uusimaa,04350,Tuusula,b50655bb-832a-492e-ba10-688db6b07e1d
2052,532 Alaniva Katu,,Vantaa,Uusimaa,01360,Vantaa,f1d43b9b-d620-4f45-9df7-5833d8e204b1
2053,952 Juupaluoma Katu,,Helsinki,Uusimaa,00350,Helsinki,27dbcda7-b7d4-4eca-ac8d-03162e6ba882
2054,469 Annanpalo Katu Unit 12,,Porvoo,Uusimaa,07350,Porvoo,9b42373e-05ca-45af-95ed-0f71c62e2ac4
2055,210 Asplund Katu,,Helsinki,Uusimaa,00770,Helsinki,a8b6fdf2-1001-43e6-97b3-5ab19b090497
2056,288 Ravila Katu Unit 66,,Tuusula,Uusimaa,04370,Tuusula,0a0710de-95b6-4e77-aea7-9f3c2d7d5ffb
2057,852 Konttinen Katu Apt 83,,Helsinki,Uusimaa,00150,Helsinki,0c601603-4706-46fa-875d-63becffae893
2058,545 Sandstedt Katu Apt 27,,Helsinki,Uusimaa,00120,Helsinki,ab6c800c-23a2-4bd0-98df-b5fc2fc7c63b
2059,244 Tuttavainen Katu,,Lohja,Uusimaa,08500,Lohja,df3cb8e9-6da0-4b98-b70b-a164a585431e
2060,204 Wallenstjerna Katu Unit 50,,Espoo,Uusimaa,02940,Espoo,659e79fa-26a6-4d0c-b9c3-c4ce74787eb5
2061,181 Miininen Katu Apt 61,,Helsinki,Uusimaa,00510,Helsinki,28133586-8b21-496e-831c-b995b6be1ab2
2062,753 Tarsia Katu Apt 46,,Tuusula,Uusimaa,04350,Tuusula,1f3a1215-d241-41e6-9d4b-c496bfa468f0
2063,870 Vestin Katu Suite 5,,Askola,Uusimaa,07230,Askola,54e52720-5230-4aca-a9f3-1ba17f55a880
2064,393 Kaitola Katu Apt 66,,Sipoo,Uusimaa,01120,Sipoo,5d66636c-d309-4b9c-ae3f-86a358452928
2065,494 Yllikäinen Katu,,Kirkkonummi,Uusimaa,02480,Kirkkonummi,22fae300-2747-467b-8ccc-86afb21898fc
2066,976 Tavaila Katu Unit 57,,Vantaa,Uusimaa,01350,Vantaa,ace41231-ae80-4df3-b4ad-cccaf24d6321
2067,897 Ylimattila Katu,,Espoo,Uusimaa,02750,Espoo,12cc0f88-89cb-45d8-ac2f-18ad96982ccf
