person_id,gender_concept_id,year_of_birth,month_of_birth,day_of_birth,birth_datetime,race_concept_id,ethnicity_concept_id,location_id,provider_id,care_site_id,person_source_value,gender_source_value,gender_source_concept_id,race_source_value,race_source_concept_id,ethnicity_source_value,ethnicity_source_concept_id
1966,8507,2013,4,29,,8527,0,1966,,,9c6c4582-7256-43ee-abcf-cf6bc191a716,M,0,white,0,nonhispanic,0
1967,8532,2010,12,25,,8527,0,1967,,,8ddeab32-da56-4a2f-b193-6ed9cce83529,F,0,white,0,nonhispanic,0
1968,8532,2002,5,1,,8527,0,1968,,,cee236eb-f5f2-4fdd-9576-3d00554ae8f6,F,0,white,0,nonhispanic,0
1969,8507,2011,1,20,,8527,0,1969,,,7e8fd4fe-ce9d-4c87-9a30-a3d99c1ee872,M,0,white,0,nonhispanic,0
1970,8532,1988,6,30,,8527,0,1970,,,6f51e2d7-ecfb-44ff-9546-9f158fd0908c,F,0,white,0,nonhispanic,0
1971,8532,1993,8,22,,8527,0,1971,,,584e43a1-9ed2-4d65-ba9c-ae6be2fafeb9,F,0,white,0,nonhispanic,0
1972,8532,1965,4,25,,8527,0,1972,,,167ae973-4dfa-4922-9231-e4e4a8381db3,F,0,white,0,nonhispanic,0
1973,8532,1971,7,31,,8527,0,1973,,,b689ac19-d18a-48fa-8409-7c333ff13df7,F,0,white,0,nonhispanic,0
1974,8532,1968,11,4,,8527,0,1974,,,32804158-2a8a-45bc-a53e-3f6fb2236df6,F,0,white,0,nonhispanic,0
1975,8507,1986,11,9,,8527,0,1975,,,071657ae-869a-4ca2-b1f3-423726bc6eb8,M,0,white,0,nonhispanic,0
1976,8532,2010,2,14,,8527,0,1976,,,27c55f43-57f4-465e-8d95-1b3a555701b5,F,0,white,0,nonhispanic,0
1977,8507,1964,4,10,,8527,0,1977,,,068b8250-7bfe-479b-854d-5a1e46a3915e,M,0,white,0,nonhispanic,0
1978,8507,1995,4,27,,8527,0,1978,,,886b8241-8762-4802-99a7-c0a3314a45b2,M,0,white,0,nonhispanic,0
1979,8507,1949,12,28,,8527,0,1979,,,3a388440-7b2c-4f38-b773-a70f1e51fc57,M,0,white,0,nonhispanic,0
1980,8507,1959,10,14,,8527,0,1980,,,98252cb2-a4be-45ef-b151-f518d91ca5b9,M,0,white,0,nonhispanic,0
1981,8507,2005,5,15,,8527,0,1981,,,bce2631f-ba84-44a9-bc82-a395f05178b4,M,0,white,0,nonhispanic,0
1982,8532,2012,1,11,,8527,0,1982,,,5ad8ca91-99f3-4c11-8dfa-7de45be27738,F,0,white,0,nonhispanic,0
1983,8532,1942,2,25,,8527,0,1983,,,b9c3f26b-699b-47d2-b4aa-1d55b5c4ae40,F,0,white,0,nonhispanic,0
1984,8532,2016,5,6,,8527,0,1984,,,6fdf102f-b624-4f69-8602-7095100935fc,F,0,white,0,nonhispanic,0
1985,8532,2017,4,6,,8527,0,1985,,,93f13baf-70b1-4631-b2c9-74a8532d500d,F,0,white,0,nonhispanic,0
1986,8507,1984,10,13,,8527,0,1986,,,e1fd330b-b8ab-4801-9b26-eff84492a45e,M,0,white,0,nonhispanic,0
1987,8507,1967,8,17,,8527,0,1987,,,f1597270-8b76-4f70-9df3-45194d7b2b4c,M,0,white,0,nonhispanic,0
1988,8532,2010,4,13,,8527,0,1988,,,8d94cd0f-4efe-4ac9-bad3-144adfd6f094,F,0,white,0,nonhispanic,0
1989,8507,2003,8,13,,8527,0,1989,,,c90ceb47-ff7f-40fa-92c7-998faf0ef4d5,M,0,white,0,nonhispanic,0
1990,8507,1990,6,25,,8527,0,1990,,,464b5b2c-4c29-4f3c-bdb2-8fbc8fb0b5df,M,0,white,0,nonhispanic,0
1991,8507,1977,10,11,,8527,0,1991,,,e519e2bd-8f7a-48c8-ae56-a15790deaac7,M,0,white,0,nonhispanic,0
1992,8532,1943,12,4,,8527,0,1992,,,eab76399-f8e1-4102-81da-a239858fbc08,F,0,white,0,nonhispanic,0
1993,8507,1994,2,19,,8527,0,1993,,,65b75c15-6885-4173-b426-74487bd6edf9,M,0,white,0,nonhispanic,0
1994,8507,1981,3,14,,8527,0,1994,,,5db7080a-3856-4740-b733-902f7e4c1eef,M,0,white,0,nonhispanic,0
1995,8507,1935,2,12,,8527,0,1995,,,4cd319a4-24f7-409d-894c-8b360e7f8358,M,0,white,0,nonhispanic,0
1996,8507,1979,11,15,,8527,0,1996,,,47d0a406-bdc6-4a92-8b85-a675ef1f42cb,M,0,white,0,nonhispanic,0
1997,8532,2004,8,2,,8527,0,1997,,,6f562d0f-b1c8-4ee2-a934-b16031f9888b,F,0,white,0,nonhispanic,0
1998,8507,2019,4,11,,8527,0,1998,,,c22bf6c3-7e90-4244-ad91-3dd0b81ebed7,M,0,white,0,nonhispanic,0
1999,8532,1980,4,10,,8527,0,1999,,,097c268c-06f4-4623-b814-c74f332006e1,F,0,white,0,nonhispanic,0
2000,8507,1953,12,27,,8527,0,2000,,,0e3802ba-ac05-4aa8-8217-96539669d055,M,0,white,0,nonhispanic,0
2001,8532,1941,11,3,,8527,0,2001,,,7abd5ad9-f8f7-4494-82ef-245ba6dd77f4,F,0,white,0,nonhispanic,0
2002,8532,1995,2,6,,8527,0,2002,,,fc0ced46-8412-461b-be41-18bd6cd53840,F,0,white,0,nonhispanic,0
2003,8507,1995,7,5,,8527,0,2003,,,2787b0bd-e46d-4214-a047-df832d28d43c,M,0,white,0,nonhispanic,0
2004,8507,1948,7,14,,8527,0,2004,,,2c39782c-da44-4401-babc-33314320e427,M,0,white,0,nonhispanic,0
2005,8532,1982,7,30,,8527,0,2005,,,0d1c20f4-626a-4d39-91da-efc0996f0392,F,0,white,0,nonhispanic,0
2006,8507,1959,8,12,,8527,0,2006,,,f342998f-cb41-4ebf-aa5b-3c3184b7d660,M,0,white,0,nonhispanic,0
2007,8507,2014,9,7,,8527,0,2007,,,8ff550b1-43f3-4443-ba3b-f1750815622e,M,0,white,0,nonhispanic,0
2008,8532,1975,1,29,,8527,0,2008,,,6bcf3604-7e37-4cc0-af02-c8c6be4ebd01,F,0,white,0,nonhispanic,0
2009,8532,1959,9,15,,8527,0,2009,,,8bc5711d-db8b-4980-8678-cb93a93c12b1,F,0,white,0,nonhispanic,0
2010,8507,1958,8,12,,8527,0,2010,,,0e0c1d24-74fa-4b31-89a4-36470e15512d,M,0,white,0,nonhispanic,0
2011,8532,1965,5,18,,8527,0,2011,,,30ad6a07-e65f-43f3-8644-cb7356e6a975,F,0,white,0,nonhispanic,0
2012,8507,1994,8,16,,8527,0,2012,,,5a4e216a-32a9-41ae-91ce-02ed929a3a50,M,0,white,0,nonhispanic,0
2013,8532,1988,11,26,,8527,0,2013,,,8a89e7d1-e010-4269-a88f-986cb19aeb8d,F,0,white,0,nonhispanic,0
2014,8532,1984,11,24,,8527,0,2014,,,678d5f8d-f128-4348-b3a1-11612c732188,F,0,white,0,nonhispanic,0
2015,8532,1973,9,18,,8527,0,2015,,,1ab030a2-dc3b-4069-9d39-b52d274cae96,F,0,white,0,nonhispanic,0
2016,8532,1999,12,20,,8527,0,2016,,,f272ed83-d530-4276-b097-b17984478340,F,0,white,0,nonhispanic,0
2017,8532,1923,10,3,,8527,0,2017,,,3d15f86c-b5c0-40ea-9d50-09de05c33618,F,0,white,0,nonhispanic,0
2018,8507,1978,8,18,,8527,0,2018,,,77dad316-9cc6-40c6-b385-94145789068c,M,0,white,0,nonhispanic,0
2019,8507,1948,7,14,,8527,0,2019,,,bcd004ad-5929-4f41-b2d2-179ab20b2ce2,M,0,white,0,nonhispanic,0
2020,8532,2002,12,24,,8527,0,2020,,,2b4d97c4-3f48-4c4e-b9b9-999b2b875646,F,0,white,0,nonhispanic,0
2021,8532,1966,8,31,,8527,0,2021,,,7b566984-4bef-4281-864e-d7bea03aef9a,F,0,white,0,nonhispanic,0
2022,8532,2004,7,29,,8527,0,2022,,,a5aeb198-9fe3-4b94-a7ec-40ba530d950a,F,0,white,0,nonhispanic,0
2023,8507,2005,6,21,,8527,0,2023,,,b3fd1127-21f1-420f-b2d9-0143a0a52286,M,0,white,0,nonhispanic,0
2024,8507,1962,8,28,,8527,0,2024,,,b7cd8f18-7bee-4bd2-8ece-0f867e75799e,M,0,white,0,nonhispanic,0
2025,8507,1990,10,9,,8527,0,2025,,,0ba11ef8-5adf-407b-adc6-1a7443bdf678,M,0,white,0,nonhispanic,0
2026,8507,1992,4,11,,8527,0,2026,,,019f121f-4931-4a08-a017-87af7856ecd4,M,0,white,0,nonhispanic,0
2027,8507,1967,11,28,,8527,0,2027,,,db564b7b-034b-4a40-8f5c-56c76df7becb,M,0,white,0,nonhispanic,0
2028,8532,2000,9,1,,8527,0,2028,,,b509857a-6959-432e-aafb-bb4294b9d58e,F,0,white,0,nonhispanic,0
2029,8532,2004,1,16,,8527,0,2029,,,db074846-abc5-43ec-8bb4-d353ff38b414,F,0,white,0,nonhispanic,0
2030,8532,1978,2,24,,8527,0,2030,,,18b182d1-a134-4f5c-8fde-0fcf734cfa2f,F,0,white,0,nonhispanic,0
2031,8507,1999,4,17,,8527,0,2031,,,531c7d57-dcbb-43c1-8e4e-be76727534c6,M,0,white,0,nonhispanic,0
2032,8532,1954,2,6,,8527,0,2032,,,c22d2964-2975-47d1-8cbf-8b8f227d9fc0,F,0,white,0,nonhispanic,0
2033,8532,1997,2,10,,8527,0,2033,,,d7f4ce2c-40e7-411f-befb-954777aba0ff,F,0,white,0,nonhispanic,0
2034,8507,1998,3,15,,8527,0,2034,,,be788c7c-9708-4672-b8d7-7a8041f364ec,M,0,white,0,nonhispanic,0
2035,8532,1980,3,4,,8527,0,2035,,,d5a332f8-eb55-4f14-89a3-c828dc491bc3,F,0,white,0,nonhispanic,0
2036,8532,1966,4,2,,8527,0,2036,,,404596a9-fd87-438c-9f32-960ef5eaae14,F,0,white,0,nonhispanic,0
2037,8507,1968,3,21,,8527,0,2037,,,fb436652-d53a-4b83-a71f-e9f38e2fb21b,M,0,white,0,nonhispanic,0
2038,8532,1961,4,8,,8527,0,2038,,,a2c037aa-0bdf-421c-b98a-f2f16fad6ffa,F,0,white,0,nonhispanic,0
2039,8532,1979,10,13,,8527,0,2039,,,c68cb4d6-084b-4069-8eb2-5b8c98554b37,F,0,white,0,nonhispanic,0
2040,8532,1987,4,10,,8527,0,2040,,,bf8c0789-0a29-4f75-9914-0b6328e127b4,F,0,white,0,nonhispanic,0
2041,8532,1978,7,15,,8527,0,2041,,,b56275e3-26e8-4f87-9c01-aaf0cb0e2b5e,F,0,white,0,nonhispanic,0
2042,8532,1947,7,26,,8527,0,2042,,,fefa73ae-8c98-43b8-955d-3ed8af58c032,F,0,white,0,nonhispanic,0
2043,8507,1937,9,19,,8527,0,2043,,,1a1236ac-dbbe-4140-975b-b2474c07af50,M,0,white,0,nonhispanic,0
2044,8532,1994,3,25,,8527,0,2044,,,81f9af57-d40a-430f-a91b-0996500c7d07,F,0,white,0,nonhispanic,0
2045,8532,1987,11,6,,8527,0,2045,,,5d99c217-098f-47c7-8370-81f290288364,F,0,white,0,nonhispanic,0
2046,8532,2001,7,22,,8527,0,2046,,,42ccfcea-2c8f-4647-9b73-2eb3300a3e13,F,0,white,0,nonhispanic,0
2047,8532,2002,1,11,,8527,0,2047,,,e7b3005b-736e-4019-a863-fbc5c69e942a,F,0,white,0,nonhispanic,0
2048,8507,1995,2,6,,8527,0,2048,,,0f7629d2-d64b-48df-a2fb-6e76005cad66,M,0,white,0,nonhispanic,0
2049,8507,1964,6,28,,8527,0,2049,,,b3cccd58-778e-43de-af6e-e5e5e2b6415f,M,0,white,0,nonhispanic,0
2050,8507,1951,3,30,,8527,0,2050,,,420ad252-0b71-4292-a5c8-4b5442fe1f56,M,0,white,0,nonhispanic,0
2051,8507,1968,3,16,,8527,0,2051,,,b50655bb-832a-492e-ba10-688db6b07e1d,M,0,white,0,nonhispanic,0
2052,8532,2016,3,16,,8527,0,2052,,,f1d43b9b-d620-4f45-9df7-5833d8e204b1,F,0,white,0,nonhispanic,0
2053,8532,1956,2,15,,8527,0,2053,,,27dbcda7-b7d4-4eca-ac8d-03162e6ba882,F,0,white,0,nonhispanic,0
2054,8532,2002,5,13,,8527,0,2054,,,9b42373e-05ca-45af-95ed-0f71c62e2ac4,F,0,white,0,nonhispanic,0
2055,8507,2009,12,10,,8527,0,2055,,,a8b6fdf2-1001-43e6-97b3-5ab19b090497,M,0,white,0,nonhispanic,0
2056,8507,2019,5,15,,8527,0,2056,,,0a0710de-95b6-4e77-aea7-9f3c2d7d5ffb,M,0,white,0,nonhispanic,0
2057,8507,2003,8,1,,8527,0,2057,,,0c601603-4706-46fa-875d-63becffae893,M,0,white,0,nonhispanic,0
2058,8507,1940,9,28,,8527,0,2058,,,ab6c800c-23a2-4bd0-98df-b5fc2fc7c63b,M,0,white,0,nonhispanic,0
2059,8507,1937,9,19,,8527,0,2059,,,df3cb8e9-6da0-4b98-b70b-a164a585431e,M,0,white,0,nonhispanic,0
2060,8507,1976,4,26,,8527,0,2060,,,659e79fa-26a6-4d0c-b9c3-c4ce74787eb5,M,0,white,0,nonhispanic,0
2061,8507,1974,5,12,,8527,0,2061,,,28133586-8b21-496e-831c-b995b6be1ab2,M,0,white,0,nonhispanic,0
2062,8532,1959,6,16,,8527,0,2062,,,1f3a1215-d241-41e6-9d4b-c496bfa468f0,F,0,white,0,nonhispanic,0
2063,8507,1965,8,5,,8527,0,2063,,,54e52720-5230-4aca-a9f3-1ba17f55a880,M,0,white,0,nonhispanic,0
2064,8507,1965,4,9,,8527,0,2064,,,5d66636c-d309-4b9c-ae3f-86a358452928,M,0,white,0,nonhispanic,0
2065,8507,1958,7,8,,8527,0,2065,,,22fae300-2747-467b-8ccc-86afb21898fc,M,0,white,0,nonhispanic,0
2066,8532,1950,7,8,,8527,0,2066,,,ace41231-ae80-4df3-b4ad-cccaf24d6321,F,0,white,0,nonhispanic,0
2067,8507,1948,3,5,,8527,0,2067,,,12cc0f88-89cb-45d8-ac2f-18ad96982ccf,M,0,white,0,nonhispanic,0
