START,STOP,PATIENT,ENCOUNTER,CODE,DESCRIPTION
2018-09-25,,b39c60c8-9542-4d1e-9481-e346940b77fc,3473d8bf-c602-458e-9990-314ce1f2d214,53741008,Coronary Heart Disease
2011-10-26,,18a599ef-4f9f-4923-b2bd-fcf9cb4d1f77,ad96245e-060d-442d-ae03-bdd78725303f,49436004,Atrial Fibrillation
2014-06-21,,43491f2f-388a-4017-a9b6-59cc6d5c496c,1bc6c9ef-b322-4117-914d-91e6c7c52b42,53741008,Coronary Heart Disease
2006-04-06,,0d7dfa89-a8e8-4975-b122-9470f99356f5,1d9890db-4779-4ce5-a842-3644d25cd78f,230690007,Stroke
2016-02-25,,0d7dfa89-a8e8-4975-b122-9470f99356f5,fb42343a-dfce-4487-982c-385d78a3e538,410429000,Cardiac Arrest
2016-02-25,,0d7dfa89-a8e8-4975-b122-9470f99356f5,fb42343a-dfce-4487-982c-385d78a3e538,429007001,History of cardiac arrest (situation)
2004-03-19,,3dc3564a-eb79-44ac-9ed8-b88d888a0880,8535f4d8-c424-43d7-be98-9e75067de039,53741008,Coronary Heart Disease
1991-04-26,,71744751-1fb8-4ffc-b7b3-f796ad07bde3,859fed68-fb89-48dc-9a14-75aad09f443b,53741008,Coronary Heart Disease
1994-06-24,,71744751-1fb8-4ffc-b7b3-f796ad07bde3,710730e4-0271-44fb-90f4-291d34b5cbeb,22298006,Myocardial Infarction
1994-06-24,,71744751-1fb8-4ffc-b7b3-f796ad07bde3,710730e4-0271-44fb-90f4-291d34b5cbeb,399211009,History of myocardial infarction (situation)
