START,STOP,PATIENT,PAYER,ENCOUNTER,CODE,DESCRIPTION,BASE_COST,PAYER_COVERAGE,DISPENSES,TOTALCOST,REASONCODE,REASONDESCRIPTION
2018-09-25,,b39c60c8-9542-4d1e-9481-e346940b77fc,b1c428d6-4f07-31e0-90f0-68ffa6ff8c76,3473d8bf-c602-458e-9990-314ce1f2d214,309362,Clopidogrel 75 MG Oral Tablet,60.23,0.00,17,1023.91,,
2018-09-25,,b39c60c8-9542-4d1e-9481-e346940b77fc,b1c428d6-4f07-31e0-90f0-68ffa6ff8c76,3473d8bf-c602-458e-9990-314ce1f2d214,312961,Simvastatin 20 MG Oral Tablet,11.66,0.00,17,198.22,,
2018-09-25,,b39c60c8-9542-4d1e-9481-e346940b77fc,b1c428d6-4f07-31e0-90f0-68ffa6ff8c76,3473d8bf-c602-458e-9990-314ce1f2d214,197361,Amlodipine 5 MG Oral Tablet,27.00,0.00,17,459.00,,
2018-09-25,,b39c60c8-9542-4d1e-9481-e346940b77fc,b1c428d6-4f07-31e0-90f0-68ffa6ff8c76,3473d8bf-c602-458e-9990-314ce1f2d214,705129,Nitroglycerin 0.4 MG/ACTUAT Mucosal Spray,113.72,0.00,17,1933.24,,
2011-10-26,,18a599ef-4f9f-4923-b2bd-fcf9cb4d1f77,b1c428d6-4f07-31e0-90f0-68ffa6ff8c76,ad96245e-060d-442d-ae03-bdd78725303f,855332,Warfarin Sodium 5 MG Oral Tablet,35.16,0.00,101,3551.16,,
2011-10-26,,18a599ef-4f9f-4923-b2bd-fcf9cb4d1f77,b1c428d6-4f07-31e0-90f0-68ffa6ff8c76,ad96245e-060d-442d-ae03-bdd78725303f,897718,Verapamil Hydrochloride 40 MG,110.96,0.00,101,11206.96,,
2011-10-26,,18a599ef-4f9f-4923-b2bd-fcf9cb4d1f77,b1c428d6-4f07-31e0-90f0-68ffa6ff8c76,ad96245e-060d-442d-ae03-bdd78725303f,197604,Digoxin 0.125 MG Oral Tablet,120.14,0.00,101,12134.14,,
2014-06-21,,43491f2f-388a-4017-a9b6-59cc6d5c496c,b1c428d6-4f07-31e0-90f0-68ffa6ff8c76,1bc6c9ef-b322-4117-914d-91e6c7c52b42,309362,Clopidogrel 75 MG Oral Tablet,90.19,0.00,69,6223.11,,
2014-06-21,,43491f2f-388a-4017-a9b6-59cc6d5c496c,b1c428d6-4f07-31e0-90f0-68ffa6ff8c76,1bc6c9ef-b322-4117-914d-91e6c7c52b42,312961,Simvastatin 20 MG Oral Tablet,7.91,0.00,69,545.79,,
2014-06-21,,43491f2f-388a-4017-a9b6-59cc6d5c496c,b1c428d6-4f07-31e0-90f0-68ffa6ff8c76,1bc6c9ef-b322-4117-914d-91e6c7c52b42,197361,Amlodipine 5 MG Oral Tablet,81.33,0.00,69,5611.77,,
2014-06-21,,43491f2f-388a-4017-a9b6-59cc6d5c496c,b1c428d6-4f07-31e0-90f0-68ffa6ff8c76,1bc6c9ef-b322-4117-914d-91e6c7c52b42,705129,Nitroglycerin 0.4 MG/ACTUAT Mucosal Spray,237.14,0.00,69,16362.66,,
2016-02-25,2016-02-25,0d7dfa89-a8e8-4975-b122-9470f99356f5,b1c428d6-4f07-31e0-90f0-68ffa6ff8c76,fb42343a-dfce-4487-982c-385d78a3e538,1660014,1 ML Epinephrine 1 MG/ML Injection,4.47,0.00,1,4.47,,
2016-02-25,2016-02-25,0d7dfa89-a8e8-4975-b122-9470f99356f5,b1c428d6-4f07-31e0-90f0-68ffa6ff8c76,fb42343a-dfce-4487-982c-385d78a3e538,834357,3 ML Amiodarone hydrocholoride 50 MG/ML Prefilled Syringe,325.41,0.00,1,325.41,,
2016-02-25,2016-02-25,0d7dfa89-a8e8-4975-b122-9470f99356f5,b1c428d6-4f07-31e0-90f0-68ffa6ff8c76,fb42343a-dfce-4487-982c-385d78a3e538,1190795,Atropine Sulfate 1 MG/ML Injectable Solution,30.21,0.00,1,30.21,,
2004-03-19,,3dc3564a-eb79-44ac-9ed8-b88d888a0880,b1c428d6-4f07-31e0-90f0-68ffa6ff8c76,8535f4d8-c424-43d7-be98-9e75067de039,309362,Clopidogrel 75 MG Oral Tablet,47.20,0.00,194,9156.80,,
2004-03-19,,3dc3564a-eb79-44ac-9ed8-b88d888a0880,b1c428d6-4f07-31e0-90f0-68ffa6ff8c76,8535f4d8-c424-43d7-be98-9e75067de039,312961,Simvastatin 20 MG Oral Tablet,22.63,0.00,194,4390.22,,
2004-03-19,,3dc3564a-eb79-44ac-9ed8-b88d888a0880,b1c428d6-4f07-31e0-90f0-68ffa6ff8c76,8535f4d8-c424-43d7-be98-9e75067de039,197361,Amlodipine 5 MG Oral Tablet,10.64,0.00,194,2064.16,,
2004-03-19,,3dc3564a-eb79-44ac-9ed8-b88d888a0880,b1c428d6-4f07-31e0-90f0-68ffa6ff8c76,8535f4d8-c424-43d7-be98-9e75067de039,705129,Nitroglycerin 0.4 MG/ACTUAT Mucosal Spray,312.54,0.00,194,60632.76,,
1991-04-26,,71744751-1fb8-4ffc-b7b3-f796ad07bde3,b1c428d6-4f07-31e0-90f0-68ffa6ff8c76,859fed68-fb89-48dc-9a14-75aad09f443b,312961,Simvastatin 20 MG Oral Tablet,37.66,0.00,38,1431.08,,
1991-04-26,1994-06-24,71744751-1fb8-4ffc-b7b3-f796ad07bde3,b1c428d6-4f07-31e0-90f0-68ffa6ff8c76,859fed68-fb89-48dc-9a14-75aad09f443b,705129,Nitroglycerin 0.4 MG/ACTUAT Mucosal Spray,129.25,0.00,38,4911.50,,
1994-01-21,,71744751-1fb8-4ffc-b7b3-f796ad07bde3,b1c428d6-4f07-31e0-90f0-68ffa6ff8c76,9d8de566-40e0-48de-8b20-3cd893466ed4,197361,Amlodipine 5 MG Oral Tablet,55.62,0.00,5,278.10,,
1994-06-24,1994-06-24,71744751-1fb8-4ffc-b7b3-f796ad07bde3,b1c428d6-4f07-31e0-90f0-68ffa6ff8c76,710730e4-0271-44fb-90f4-291d34b5cbeb,833036,Captopril 25 MG Oral Tablet,26.03,0.00,1,26.03,,
