Id,BIRTHDATE,DEATHDATE,SSN,DRIVERS,PASSPORT,PREFIX,FIRST,LAST,SUFFIX,MAIDEN,MARITAL,RACE,ETHNICITY,GENDER,BIRTHPLACE,ADDRESS,CITY,STATE,COUNTY,ZIP,LAT,LON,HEALTHCARE_EXPENSES,HEALTHCARE_COVERAGE
d5862d2a-9111-4446-9845-b6bff161da3f,2014-05-09,,999-42-1450,,,,Huu,Töyry,,,,white,nonhispanic,M,Helsinki  Uusimaa  FI,858 Karilainen Katu,Helsinki,Uusimaa,Helsinki,00530,60.19795699223539,25.108603573091393,1750.0,0.0
69504d4b-f1b3-426e-a74a-e74fb4fbb08e,2015-02-21,,999-47-8434,,,,Toivo,Talsi,,,,white,nonhispanic,M,Helsinki  Uusimaa  FI,933 Al-Essa Katu Apt 79,Helsinki,Uusimaa,Helsinki,00350,60.199478598377425,24.871598532985583,1750.0,0.0
a42f0444-20e2-4118-a893-3c24a539727f,2002-02-05,,999-33-9352,S99993983,,Ms.,Sirja,Käräjäoja,,,,white,nonhispanic,F,Helsinki  Uusimaa  FI,275 Timola Katu Apt 27,Nurmijärvi,Uusimaa,Nurmijärvi,01810,60.39996883927998,24.60063253539207,3250.0,0.0
82880bec-d284-4e85-b161-127177f235c3,2001-01-12,,999-86-9120,S99931327,,Mr.,Asto,Takkula,,,,white,nonhispanic,M,Espoo  Uusimaa  FI,363 Ylälehto Katu Unit 43,Helsinki,Uusimaa,Helsinki,00400,60.17397453186021,25.03779287750256,3375.0,0.0
19095155-8f89-41bd-83a7-de4b6f500ba9,1986-05-01,,999-83-2885,S99996951,X53371863X,Mrs.,Julie,Hollmérus,,Vuoto,M,white,nonhispanic,F,Mäntsälä  Uusimaa  FI,711 Vaak Katu Apt 99,Helsinki,Uusimaa,Helsinki,00190,60.26311405814303,24.819679731689803,4000.0,0.0
287a54f1-6070-44dc-9d00-8a2229e4df92,1995-12-04,,999-98-7276,S99987430,X12072980X,Ms.,Seila,Riekki,,,,white,nonhispanic,F,Helsinki  Uusimaa  FI,841 Krogius Katu,Espoo,Uusimaa,Espoo,02680,60.178368671006204,24.794319498693827,3625.0,0.0
75e39a7e-e088-428e-9aa3-6598a07a9d2a,1990-08-07,,999-63-7475,S99916847,X49545330X,Mrs.,Siw,Blankenstein,,Hyrylä,M,white,nonhispanic,F,Helsinki  Uusimaa  FI,1067 Vaulasto Katu Apt 75,Helsinki,Uusimaa,Helsinki,00860,60.198527277257014,24.915579461163766,3875.0,0.0
18427e64-0afc-4e54-8977-597a049f8804,2002-12-11,,999-23-1972,S99996048,,,Hanna-Helena,Harjajärvi,,,,white,nonhispanic,F,Porvoo  Uusimaa  FI,216 Inkeröinen Katu Unit 53,Vantaa,Uusimaa,Vantaa,01700,60.351205898042934,24.78707962453538,3250.0,0.0
51378fff-06d2-4356-873d-316e769f364b,1996-08-18,,999-97-3244,S99944117,X60628873X,Ms.,Nelli,Ulenius,,,,white,nonhispanic,F,Nurmijärvi  Uusimaa  FI,643 Keturi Katu Suite 78,Järvenpää,Uusimaa,Järvenpää,04440,60.4333643261359,25.11310982614377,3625.0,0.0
6793db5a-c49f-4da2-bc1a-9526d574aff6,2017-04-15,,999-90-4492,,,,Pentintytär,Armstrong,,,,white,nonhispanic,F,Sipoo  Uusimaa  FI,1047 Kelottijärvi Katu,Helsinki,Uusimaa,Helsinki,00880,60.23578385307129,25.12441453012749,1250.0,0.0
0e08606d-11f9-4cb9-932e-25102aef79ea,1957-02-23,,999-84-1031,S99919561,X51413888X,Mrs.,Joella,Kotti,,Vähä-Pietilä,M,white,nonhispanic,F,Espoo  Uusimaa  FI,600 Gabrielsson Katu Apt 50,Helsinki,Uusimaa,Helsinki,00840,60.19579019115265,25.048399072829742,6500.0,0.0
b16560e4-893f-4ee5-b8e9-544fe163d321,1963-12-23,,999-23-6369,S99976315,X44096400X,Mrs.,Veera-Kaisa,Kahlos,,Lysinen,M,white,nonhispanic,F,Vantaa  Uusimaa  FI,1026 Alakorpi Katu,Vantaa,Uusimaa,Vantaa,01260,60.274902721860855,24.991764867167532,5750.0,0.0
b17ef59b-8597-4c55-a498-7f98e7be74a5,1950-02-27,,999-99-6438,S99964306,X51658468X,Mr.,Sune,Haljoki,,,M,white,nonhispanic,M,Vantaa  Uusimaa  FI,1061 Candelin Katu,Helsinki,Uusimaa,Helsinki,00390,60.27077671252067,24.860798682908374,7375.0,0.0
8562a48b-1244-4105-982f-4cf0ef7585a0,1996-03-06,,999-76-7826,S99925432,X42195652X,Mr.,Jarre,Huurinainen,,,,white,nonhispanic,M,Mäntsälä  Uusimaa  FI,399 Hurtta Katu,Helsinki,Uusimaa,Helsinki,00230,60.21982155813422,25.05939261183289,3625.0,0.0
4fd7f6b1-2a25-40ad-9aa8-048242fef1aa,2018-06-29,,999-81-8639,,,,Katjusha,Kekälinen,,,,white,nonhispanic,F,Helsinki  Uusimaa  FI,1031 Ylläsjärvi Katu,Helsinki,Uusimaa,Helsinki,00840,60.15004732771595,25.063324997652103,1000.0,0.0
9de1023a-dd1a-4eae-8f87-af6deb6666e0,1991-04-30,,999-36-9636,S99989874,X70335582X,Mr.,Alf-Erik,Orädd,,,M,white,nonhispanic,M,Hyvinkää  Uusimaa  FI,728 Virtasalo Katu,Helsinki,Uusimaa,Helsinki,00790,60.271254879587104,25.060283918978747,3875.0,0.0
f9e9b3cd-e85e-4eb5-b05f-a94e569b65c8,1968-12-26,,999-19-3886,S99917952,X58979404X,Mr.,Taylor,Sundvall,,,M,white,nonhispanic,M,Kerava  Uusimaa  FI,817 Haukipuro Katu Unit 5,Järvenpää,Uusimaa,Järvenpää,04410,60.446205992338456,25.06573932646911,5125.0,0.0
b042d650-909c-4c3f-b5b3-c986c8f5d024,2002-02-03,,999-48-3768,S99958939,,Mr.,Eelovi,Kytölä,,,,white,nonhispanic,M,Helsinki  Uusimaa  FI,458 Siltala Katu Unit 82,Helsinki,Uusimaa,Helsinki,00840,60.222665351895344,25.099660562805308,3250.0,0.0
b4b15b23-5c5b-48b0-8b5e-09db42815b12,1972-05-22,,999-20-9469,S99978372,X23598839X,Mrs.,Anne-Elina,Okkolin,,Vejander,M,white,nonhispanic,F,Helsinki  Uusimaa  FI,172 Lemola Katu,Mäntsälä,Uusimaa,Mäntsälä,04530,60.580456589531344,25.463918007627736,4750.0,0.0
bd5a9067-0ea3-422f-9cf5-78cfd38f3cb3,2000-06-28,,999-48-2274,S99983229,,Mr.,Everi,Törrö,,,,white,nonhispanic,M,Helsinki  Uusimaa  FI,784 Viianen Katu Suite 83,Helsinki,Uusimaa,Helsinki,00670,60.24140229712495,24.8883455302738,3500.0,0.0
b39c60c8-9542-4d1e-9481-e346940b77fc,1962-08-21,,999-26-8388,S99991496,X18854728X,Mrs.,Sara-Emilia,Eichhorn,,Kankkonen,M,white,nonhispanic,F,Helsinki  Uusimaa  FI,597 Uosukainen Katu Suite 49,Tuusula,Uusimaa,Tuusula,04350,60.432315554156794,24.950254814588682,5875.0,0.0
d501217d-6b7e-4299-8dc7-f157c8e7576e,1937-07-02,,999-40-4857,S99958928,X29818191X,Mrs.,Marjo-Riikka,Ruusuvuori,,Rehnbäck,M,white,nonhispanic,F,Espoo  Uusimaa  FI,203 Elonen Katu Apt 67,Helsinki,Uusimaa,Helsinki,00430,60.2901978768848,24.91461530291289,9000.0,0.0
5549f12d-1038-45bc-81d2-fa1f93865986,1982-04-16,,999-89-9919,S99917106,X48760101X,Ms.,Paris,Kylmämetsä,,,S,white,nonhispanic,F,Mäntsälä  Uusimaa  FI,619 Alapuranen Katu Unit 70,Helsinki,Uusimaa,Helsinki,00770,60.17154436068143,25.04593576958586,4250.0,0.0
a7053889-a560-4b7a-ba02-73a3c233663f,1979-02-06,,999-53-4433,S99914565,X83140585X,Mrs.,Almaz,Grägg,,Punto,M,white,nonhispanic,F,Helsinki  Uusimaa  FI,693 Rantapelkonen Katu Unit 43,Porvoo,Uusimaa,Porvoo,07350,60.341220447551414,25.6641289670588,4375.0,0.0
4e5cdc9e-99ab-4e93-8ef2-a19f10bdf5d4,1958-01-06,,999-82-5335,S99922965,X71256426X,Mrs.,Peppilotta,Hanner,,Airiainen,M,white,nonhispanic,F,Helsinki  Uusimaa  FI,453 Zhao Katu Unit 2,Porvoo,Uusimaa,Porvoo,07410,60.3629005108955,25.57738395643275,6375.0,0.0
3f39f58a-aecc-44aa-a7f5-c167148cf78b,2001-10-31,,999-62-7649,S99988364,,Mr.,Matthieu,Lehtojoki,,,,white,nonhispanic,M,Nurmijärvi  Uusimaa  FI,414 Savin Katu Unit 40,Espoo,Uusimaa,Espoo,02240,60.32785007480752,24.59121610946996,3375.0,0.0
9f2fb56f-73d7-4705-be92-4edf244b0477,2019-05-18,,999-82-7810,,,,Piparminttu,Alakulju,,,,white,nonhispanic,F,Helsinki  Uusimaa  FI,725 Kula Katu,Pornainen,Uusimaa,Pornainen,07150,60.511903118359236,25.285205188998255,625.0,0.0
df8c79de-370b-4ea8-ace4-c5be4ab4efa4,2007-04-25,,999-13-4495,,,,Emeliina,Perävainio,,,,white,nonhispanic,F,Vantaa  Uusimaa  FI,513 Merilampi Katu Apt 59,Vantaa,Uusimaa,Vantaa,01750,60.24358769929313,24.90057619176402,2625.0,0.0
668a292b-a496-4840-84e1-dd86b2adbbec,2006-01-26,,999-92-7650,,,,Marie-Christine,Kilpivaara,,,,white,nonhispanic,F,Espoo  Uusimaa  FI,257 Nuikka Katu Suite 17,Mäntsälä,Uusimaa,Mäntsälä,04820,60.77559652887546,25.190184555281817,2875.0,0.0
947ff0a4-b5b6-4eb1-a721-1676ef0dc7d3,2006-03-08,,999-57-5982,,,,Atanas,Bomanson,,,,white,nonhispanic,M,Espoo  Uusimaa  FI,466 Arosuo Katu Unit 68,Helsinki,Uusimaa,Helsinki,00170,60.19932967076705,24.94077942564143,2750.0,0.0
864af374-e41d-4b0f-8ee5-c7300de54891,1998-01-25,,999-49-6277,S99961970,X38759595X,Ms.,Nan,Valkosalo,,,,white,nonhispanic,F,Helsinki  Uusimaa  FI,890 Pyyvaara Katu,Helsinki,Uusimaa,Helsinki,00670,60.22425813267552,25.19700817500361,3500.0,0.0
515bf876-7981-4107-9877-1d39d65833b8,2004-06-26,,999-91-8269,,,,Desirè,Hanhisuo,,,,white,nonhispanic,F,Vantaa  Uusimaa  FI,197 Temonen Katu,Helsinki,Uusimaa,Helsinki,00520,60.22080145717208,25.025439041905212,3000.0,0.0
2be7b328-b55c-4f2a-87a3-d1c059f0e241,1984-07-21,,999-45-6750,S99988958,X33430333X,Mr.,Abdulahi,Punkki,,,M,white,nonhispanic,M,Espoo  Uusimaa  FI,504 Wennberg Katu Apt 96,Järvenpää,Uusimaa,Järvenpää,04400,60.490598947611446,25.10487695082942,4125.0,0.0
18d4577c-20d4-4cc3-86a7-8040a1eebfa6,2009-07-13,,999-26-8943,,,,Wojciech,Gordon,,,,white,nonhispanic,M,Espoo  Uusimaa  FI,629 Elevaara Katu Apt 6,Espoo,Uusimaa,Espoo,02920,60.15522020672784,24.829013494988157,2375.0,0.0
855c9d31-1739-482a-8bd1-90488102c7b2,2002-08-23,,999-75-5701,S99947077,,,Freddie,Tallavaara,,,,white,nonhispanic,M,Helsinki  Uusimaa  FI,1075 Anjala Katu,Helsinki,Uusimaa,Helsinki,00670,60.25907374338114,24.996991252549282,3250.0,0.0
76b06d5c-b9b2-48da-b434-c05eafd7ab81,1970-03-12,,999-45-2829,S99964067,X70140284X,Mrs.,Berivan,Sisto,,Keistinen,M,white,nonhispanic,F,Vantaa  Uusimaa  FI,555 Virto Katu Apt 14,Hyvinkää,Uusimaa,Hyvinkää,05880,60.64699991620383,24.69962849031004,4875.0,0.0
a7f621bb-3fff-410b-b438-71ad57bacd29,2016-04-29,,999-21-4950,,,,Gita,Latvakoski,,,,white,nonhispanic,F,Helsinki  Uusimaa  FI,1058 Yrjönheikki Katu Unit 27,Kerava,Uusimaa,Kerava,04200,60.342575060349624,25.09312202374646,1500.0,0.0
6b10d7ce-622b-4c22-911c-619033ad615b,1950-09-23,,999-28-1581,S99971296,X8577960X,Mr.,Kalle-Petteri,Junka,,,M,white,nonhispanic,M,Vantaa  Uusimaa  FI,169 Korppi Katu Suite 20,Kirkkonummi,Uusimaa,Kirkkonummi,02410,60.22907390826514,24.384197135089845,7375.0,0.0
7f8246f3-9fae-4037-8a91-a6b2da17b2ec,1989-11-27,,999-46-7729,S99923935,X84048203X,Mrs.,Jatta,Kuukka,,Vieltojärvi,M,white,nonhispanic,F,Loviisa  Uusimaa  FI,660 Viirimäki Katu,Helsinki,Uusimaa,Helsinki,00920,60.23043117682517,25.104631848581654,3875.0,0.0
faf72e41-553d-4137-9267-b8b74bf05fac,2018-02-10,,999-23-4755,,,,Venni,Angervuori,,,,white,nonhispanic,M,Helsinki  Uusimaa  FI,122 Kauranta Katu Apt 87,Vantaa,Uusimaa,Vantaa,01520,60.311400358251724,24.885832922994496,1125.0,0.0
ef143536-87c0-42c4-8df5-30b60efe9433,2009-12-24,,999-34-8083,,,,Nabi,Saloheimo,,,,white,nonhispanic,M,Hyvinkää  Uusimaa  FI,535 Kaihlanen Katu Unit 23,Helsinki,Uusimaa,Helsinki,00220,60.22035079935753,24.832232622236674,2375.0,0.0
47b76b1f-e3e2-4ed6-9bda-3b29678e3950,1969-09-11,,999-15-2124,S99916116,X14373745X,Mr.,Claude,Habbal,,,M,white,nonhispanic,M,Helsinki  Uusimaa  FI,567 Paulasaari Katu,Sipoo,Uusimaa,Sipoo,01150,60.26146205063629,25.45327084970382,5000.0,0.0
7eb9b667-f105-468a-8edb-03c161f98f8c,1978-02-08,,999-14-9192,S99947954,X40767824X,Mr.,Carl,Pikkala,,,M,white,nonhispanic,M,Helsinki  Uusimaa  FI,506 Kairi Katu Apt 72,Vihti,Uusimaa,Vihti,03320,60.53987919644302,24.534323105998833,4500.0,0.0
b675ff9b-c94d-42cb-bd1f-82a6a68109cc,1955-01-11,,999-68-7550,S99953799,X35583641X,Mrs.,Mohamoud,Hyyrynen,,Jeminen,M,white,nonhispanic,F,Helsinki  Uusimaa  FI,680 Jakkila Katu,Helsinki,Uusimaa,Helsinki,00200,60.30201567977709,25.21045012252252,6750.0,0.0
b49b8352-a283-4fdd-9dbc-7ad84a538ea3,2005-08-26,,999-70-3728,,,,Sallamari,Loipponen,,,,white,nonhispanic,F,Vihti  Uusimaa  FI,1098 Kalla Katu,Helsinki,Uusimaa,Helsinki,00790,60.183154719570226,25.017945932659806,2875.0,0.0
ea67a666-d0f0-4b7d-a668-07ad74b144ee,2014-09-28,,999-38-6846,,,,Pirja,Kaivonen,,,,white,nonhispanic,F,Hyvinkää  Uusimaa  FI,646 Tammila Katu Apt 58,Espoo,Uusimaa,Espoo,02180,60.33365250873651,24.737876556067413,1750.0,0.0
a2156d24-088e-491c-82ca-5c6b91dcc35c,1971-06-22,,999-60-7809,S99939848,X8929357X,Mrs.,Marttiina,Pietarsaari,,Puodinketo,M,white,nonhispanic,F,Helsinki  Uusimaa  FI,105 Vaani Katu Apt 65,Helsinki,Uusimaa,Helsinki,00400,60.15307567137645,25.04752559882759,4875.0,0.0
c8373496-da99-47b6-aeba-ce06120415cd,1977-02-23,,999-69-2469,S99918723,X28114360X,Mrs.,Abdikadir,Sundvik,,Pakonen,M,white,nonhispanic,F,Vihti  Uusimaa  FI,1091 Aarnipuro Katu,Vantaa,Uusimaa,Vantaa,01740,60.322113705980335,24.949261444775388,4500.0,0.0
5541a023-00be-4ba8-85d5-cfbd4ecebf1e,2009-03-28,,999-59-1856,,,,Tuike,Manelius,,,,white,nonhispanic,F,Järvenpää  Uusimaa  FI,231 Havakka Katu,Vantaa,Uusimaa,Vantaa,01670,60.250085914375966,24.82150293417167,2375.0,0.0
767926ef-f677-4b4f-9fb5-6187ecb26c17,2005-03-27,,999-70-5400,,,,Enia,Otronen,,,,white,nonhispanic,F,Vantaa  Uusimaa  FI,736 Rantasalmi Katu Suite 80,Porvoo,Uusimaa,Porvoo,07450,60.38194316215544,25.518389264447343,2875.0,0.0
18a599ef-4f9f-4923-b2bd-fcf9cb4d1f77,1933-05-17,,999-59-3060,S99922953,X46226040X,Mrs.,Eloni,Al-Kharsani,,Bär,M,white,nonhispanic,F,Järvenpää  Uusimaa  FI,197 Kopra Katu,Helsinki,Uusimaa,Helsinki,00610,60.23910220985408,24.806673557214992,9500.0,0.0
d918c5d5-7662-43d3-b6f2-59342a6837cb,2006-04-05,,999-38-6099,,,,Maria-Elena,Vahtikari,,,,white,nonhispanic,F,Helsinki  Uusimaa  FI,896 Sarrola Katu,Loviisa,Uusimaa,Loviisa,07780,60.40776161407782,26.270183512762856,2750.0,0.0
ca682ccd-14cc-46b8-8a49-a5487a47bea4,1978-10-02,,999-28-5293,S99980584,X15766630X,Mr.,Velipekka,Beckman,,,M,white,nonhispanic,M,Hyvinkää  Uusimaa  FI,387 Antinkaapo Katu,Kerava,Uusimaa,Kerava,04220,60.42805774166652,25.094309617505374,4375.0,0.0
9fa6f66e-10bd-483d-b238-982f58db2ff5,1983-01-24,,999-60-6815,S99992188,X58680516X,Mrs.,Khadija,Peitsoma,,Tsupari,M,white,nonhispanic,F,Porvoo  Uusimaa  FI,502 Ripatti Katu Apt 90,Helsinki,Uusimaa,Helsinki,00560,60.128448051226165,24.89114836876884,4125.0,0.0
eeb17f06-ac29-42c5-b5cc-dcd063844f0e,1960-09-12,,999-71-6326,S99918034,X70388851X,Ms.,Retriika,Lukkarila,,,S,white,nonhispanic,F,Lyon  Auvergne-Rhone-Alpes  FR,258 Harno Katu Unit 98,Hyvinkää,Uusimaa,Hyvinkää,05510,60.63609675508555,24.925847531827156,6125.0,0.0
f91c49fd-fc1d-43cc-b276-ccbc7ba18312,1968-03-25,,999-79-5115,S99940083,X57461561X,Mrs.,Senja,Sulkanen,,Hakava,M,white,nonhispanic,F,Hyvinkää  Uusimaa  FI,549 Lybeck Katu,Hyvinkää,Uusimaa,Hyvinkää,05860,60.6668375575731,24.795026949063356,5125.0,0.0
43491f2f-388a-4017-a9b6-59cc6d5c496c,1938-01-22,,999-86-9914,S99960510,X43868213X,Mr.,Andrea,Rytinki,,,M,white,nonhispanic,M,Kerava  Uusimaa  FI,796 Kalttonen Katu Suite 28,Raasepori,Uusimaa,Raasepori,10570,60.060182638892066,23.670447054252996,8875.0,0.0
25996bb3-a601-49a9-82eb-9b1e7b510ecd,2006-07-05,,999-28-6644,,,,Minna-Sisko,Lassander,,,,white,nonhispanic,F,Nurmijärvi  Uusimaa  FI,426 Talonen Katu Unit 50,Helsinki,Uusimaa,Helsinki,00640,60.20567676083355,24.876231013248706,2750.0,0.0
0d7dfa89-a8e8-4975-b122-9470f99356f5,1943-10-28,,999-94-3117,S99923410,X75663668X,Mrs.,Asra,Iskala,,Ruusuvuori,M,white,nonhispanic,F,Vantaa  Uusimaa  FI,729 Luikku Katu Suite 14,Askola,Uusimaa,Askola,07590,60.542787888642195,25.633768865507573,14915.23,0.0
3dc3564a-eb79-44ac-9ed8-b88d888a0880,1966-12-30,,999-55-5169,S99918776,X46402714X,Mr.,Orlando,Oljemark,,,M,white,nonhispanic,M,Hyvinkää  Uusimaa  FI,993 Helynen Katu Unit 28,Kirkkonummi,Uusimaa,Kirkkonummi,02550,60.11304430335925,24.422297303403376,6125.0,0.0
4a15092f-1f84-4c88-bd1f-84626784359c,2005-12-09,,999-88-1776,,,,Serge,Uusi-Hakala,,,,white,nonhispanic,M,Kerava  Uusimaa  FI,547 Takaneva Katu,Espoo,Uusimaa,Espoo,02180,60.25049131592428,24.78495581927684,2875.0,0.0
4b86b2d9-b89d-4242-95e8-1393b66f4de3,2004-08-25,,999-41-5029,,,,Pirketta,Dalin,,,,white,nonhispanic,F,Hyvinkää  Uusimaa  FI,1078 Tano Katu Suite 4,Kirkkonummi,Uusimaa,Kirkkonummi,02410,60.26170032877014,24.535616773725817,3000.0,0.0
16d81a91-91d5-4587-bf2b-6adaf59c0df7,2015-03-09,,999-87-8298,,,,Heloisa,Västilä,,,,white,nonhispanic,F,Kerava  Uusimaa  FI,459 Kianto Katu Unit 85,Helsinki,Uusimaa,Helsinki,00190,60.173740501143165,24.874402879887633,1750.0,0.0
a8c39284-14c5-4562-af3d-5a99045c4d0c,2008-07-13,,999-21-7816,,,,Saeed,Knuuti,,,,white,nonhispanic,M,Helsinki  Uusimaa  FI,128 Hagelberg Katu Unit 21,Espoo,Uusimaa,Espoo,02150,60.14683598042546,24.69868976914231,2500.0,0.0
72fa9d42-d972-4c23-905f-0178062e6aaa,1970-09-29,,999-37-7247,S99930568,X20606748X,Mrs.,Iina-Sofia,Lumila,,Intonen,M,white,nonhispanic,F,Lohja  Uusimaa  FI,292 Pasinen Katu,Helsinki,Uusimaa,Helsinki,00370,60.249103113235265,25.04581232350824,4875.0,0.0
4d6a1e06-9c07-4dc8-b423-fa4d1a61ea45,1988-01-12,,999-50-7062,S99986075,X66940626X,Mrs.,Mila-Maria,Romström,,Muuttoranta,M,white,nonhispanic,F,Järvenpää  Uusimaa  FI,957 Kaukinen Katu,Porvoo,Uusimaa,Porvoo,06150,60.34304943676223,25.865396470327944,4000.0,0.0
74cfc9a6-b7ae-4671-bc34-116536bb4834,1994-08-23,,999-45-1046,S99990042,X40616465X,Mr.,Josse,Ahlqvist,,,,white,nonhispanic,M,Helsinki  Uusimaa  FI,260 Ala-Kuusisto Katu,Helsinki,Uusimaa,Helsinki,00360,60.19369960856393,24.86499560869561,3750.0,0.0
6fb063a2-2adf-4c1e-a913-97b1f7cd934e,1987-01-09,,999-35-3725,S99962902,X54621274X,Mr.,Samponpoika,Pöljö,,,M,white,nonhispanic,M,Vantaa  Uusimaa  FI,138 Poikkeus Katu,Vantaa,Uusimaa,Vantaa,01620,60.344417714974945,25.024928977173758,4000.0,0.0
a508d158-424a-481e-88df-682199f98469,1989-10-05,,999-97-4648,S99953900,X76454489X,Mr.,Artjom,Gaye,,,M,white,nonhispanic,M,Helsinki  Uusimaa  FI,761 Staaf Katu Suite 12,Helsinki,Uusimaa,Helsinki,00810,60.165885866750834,25.040346221513207,3875.0,0.0
ed148d8b-76a8-4511-acb3-d77314a1a7bc,1960-06-20,,999-26-6227,S99985205,X69903886X,Mrs.,Kerttu-Liisa,Köninki,,Österholm,M,white,nonhispanic,F,Helsinki  Uusimaa  FI,165 Stude Katu Suite 21,Espoo,Uusimaa,Espoo,02980,60.168255766808,24.824332934610354,6125.0,0.0
a9e587b6-fa5b-4cad-bdf5-8f48b87f5159,1982-06-29,,999-81-2517,S99911857,X66476039X,Mrs.,Leinikki,Boisman,,Markola,M,white,nonhispanic,F,Lohja  Uusimaa  FI,550 Johans Katu,Vantaa,Uusimaa,Vantaa,01760,60.29049337761756,25.027841531942794,4250.0,0.0
b9765b9a-e5c5-4fb3-ab82-df1805fa17c8,1984-08-27,,999-96-2571,S99935237,X61360492X,Mrs.,Hanna-Katri,Lepikkö,,Rovamo,M,white,nonhispanic,F,Espoo  Uusimaa  FI,379 Pikanen Katu Unit 54,Vantaa,Uusimaa,Vantaa,01200,60.27104738531168,24.921143718985544,4125.0,0.0
6b291957-8528-4597-9f1a-03b93c41691a,2010-05-05,,999-42-7305,,,,Abdiasis,Salimäki,,,,white,nonhispanic,M,Vihti  Uusimaa  FI,851 Pronin Katu Unit 6,Vantaa,Uusimaa,Vantaa,01200,60.30859406185487,25.016333698542145,2250.0,0.0
16fa1809-02d1-455b-bf70-0f457b5fdf89,1991-11-05,,999-92-8875,S99957790,X12919733X,Mr.,Joël,Paulasto,,,S,white,nonhispanic,M,Espoo  Uusimaa  FI,725 Väntänen Katu,Espoo,Uusimaa,Espoo,02610,60.204063295867044,24.713398900641305,3875.0,0.0
211ae226-098c-4f62-a98e-c2e2ff4ae708,1947-06-29,,999-44-9319,S99977139,X29584717X,Mr.,Aare,Vehkoja,,,M,white,nonhispanic,M,Helsinki  Uusimaa  FI,376 Sarvasilta Katu Apt 5,Nurmijärvi,Uusimaa,Nurmijärvi,05250,60.40188878243926,24.7414847974939,7750.0,0.0
61a1f7a2-ed1c-4394-9656-5aa55ddc6081,2019-12-09,,999-91-2866,,,,Minttu-Maria,Hylli,,,,white,nonhispanic,F,Helsinki  Uusimaa  FI,649 Mulli Katu Apt 28,Helsinki,Uusimaa,Helsinki,00240,60.20847105584052,24.870365350640878,250.0,0.0
b2de0025-25c9-4f45-b36a-b51d59f498b2,1956-05-20,,999-52-6740,S99928881,X15294381X,Mrs.,Sinervo,Tenni,,Ylihärsilä,M,white,nonhispanic,F,Helsinki  Uusimaa  FI,400 Ohls Katu Apt 19,Lohja,Uusimaa,Lohja,08450,60.31488451400565,23.86296566541308,6625.0,0.0
a071ee49-fb83-44c9-8789-50d9d6d3d5c0,1987-12-21,,999-91-6494,S99928102,X85360060X,Mrs.,Sadie,Minni,,Aunula,M,white,nonhispanic,F,Porvoo  Uusimaa  FI,1043 Duale Katu,Helsinki,Uusimaa,Helsinki,00320,60.23081285834122,24.909243004118622,4000.0,0.0
351f4f9e-a9cd-468c-bceb-24a62dc18dab,2017-12-14,,999-18-4198,,,,Taoufik,Kortesuo,,,,white,nonhispanic,M,Helsinki  Uusimaa  FI,602 Eveli Katu,Helsinki,Uusimaa,Helsinki,00190,60.20161297375516,24.956575144271586,1125.0,0.0
acfdac10-7417-43a0-a896-0e04cdc414ba,1989-12-15,,999-85-1503,S99912151,X53133779X,Mr.,Matti-Petteri,Liimatainen,,,M,white,nonhispanic,M,Kirkkonummi  Uusimaa  FI,1073 Bodbacka Katu Suite 15,Kerava,Uusimaa,Kerava,04220,60.369602701683306,25.12577557055809,3875.0,0.0
5854ac1f-76df-45f1-b0c6-fa1f5564bb2c,1990-02-24,,999-69-7086,S99973408,X48123927X,Mr.,Kaapriel,Sjöman,,,M,white,nonhispanic,M,Loviisa  Uusimaa  FI,521 Lindqvist Katu,Hyvinkää,Uusimaa,Hyvinkää,05810,60.65096283634126,24.83034346066212,3875.0,0.0
f778e5c6-64db-4d6b-b12b-26f2a3501a26,1988-05-04,,999-81-8507,S99967313,X55104976X,Mr.,Ewert,Äyhö,,,M,white,nonhispanic,M,Thessaloniki  Thessaloniki Prefecture  GR,193 Nars Katu,Helsinki,Uusimaa,Helsinki,00440,60.26826745904842,24.9974837576253,4000.0,0.0
5e2af29a-d29c-4dcc-8417-64387ab01992,2007-09-28,,999-91-9007,,,,Katya,Puronvarsi,,,,white,nonhispanic,F,Helsinki  Uusimaa  FI,262 Saarnia Katu,Helsinki,Uusimaa,Helsinki,00840,60.16776167378629,25.058952699448273,2625.0,0.0
1732dd65-5501-4eb0-a748-eb4844d58a2b,1981-02-22,,999-23-2360,S99925759,X8804632X,Mr.,Karri-Pekka,Saukkoriipi,,,M,white,nonhispanic,M,Hyvinkää  Uusimaa  FI,271 Teerinkoski Katu,Järvenpää,Uusimaa,Järvenpää,04410,60.46033358590661,25.055779021696463,4250.0,0.0
ffd4ab43-3406-400f-b1b1-eff87bc186fe,2008-06-04,,999-93-2206,,,,Hana,Ylivaara,,,,white,nonhispanic,F,Vantaa  Uusimaa  FI,1057 Åstrand Katu,Loviisa,Uusimaa,Loviisa,07720,60.319361839672545,26.060326536668477,2500.0,0.0
c5aa214f-4675-41f3-a300-fb26da2f65f2,1992-03-30,,999-12-8399,S99975438,X80609974X,Mr.,Onni-Kalle,Nuppola,,,M,white,nonhispanic,M,Helsinki  Uusimaa  FI,328 Tillander Katu,Nurmijärvi,Uusimaa,Nurmijärvi,01900,60.44771603999643,24.907106861273558,3750.0,0.0
1fcae05c-7f9f-4df3-b6ef-842bde45065e,1978-02-26,,999-53-2535,S99928519,X87717070X,Mr.,Shayan,Salomies,,,S,white,nonhispanic,M,Espoo  Uusimaa  FI,1097 Norhomaa Katu Unit 39,Helsinki,Uusimaa,Helsinki,00350,60.19231641389865,24.951841346486766,4375.0,0.0
05d35501-8118-4058-b474-08eefed59e06,1983-10-12,,999-98-6258,S99930385,X23978337X,Mr.,Reda,Taakala,,,M,white,nonhispanic,M,Järvenpää  Uusimaa  FI,221 Sonkkila Katu,Vantaa,Uusimaa,Vantaa,01660,60.29548298999843,24.789618381112238,4125.0,0.0
541ae421-0466-4462-b322-f0ee8f709860,1950-02-17,,999-96-4192,S99978788,X78952415X,Mr.,Miio,Pyyhtiä,,,M,white,nonhispanic,M,Helsinki  Uusimaa  FI,1090 Hatula Katu,Siuntio,Uusimaa,Siuntio,02490,60.10417892406057,24.388599384758738,7375.0,0.0
71744751-1fb8-4ffc-b7b3-f796ad07bde3,1990-02-16,1994-06-24,999-56-6561,,,,Henri-Matias,Levonen,,,,white,nonhispanic,M,Helsinki  Uusimaa  FI,534 Pihtsalmi Katu,Helsinki,Uusimaa,Helsinki,00120,60.15998770631883,24.860979373946147,1905.28,0.0
121ea6a8-e289-4527-b901-1f8f7311a149,1995-11-08,,999-24-5288,S99981409,X1229106X,Ms.,Lydmila,Hämeenniemi,,,,white,nonhispanic,F,Vantaa  Uusimaa  FI,819 Mannersuo Katu,Tuusula,Uusimaa,Tuusula,04360,60.482228144051085,25.00763994583697,3625.0,0.0
6f2f1e04-3e66-4d98-83e2-40e979ac91c7,1981-06-13,,999-37-3146,S99932804,X63207028X,Mr.,Jan-Eric,Nikko,,,M,white,nonhispanic,M,Pornainen  Uusimaa  FI,777 Lautanala Katu,Vantaa,Uusimaa,Vantaa,01200,60.300594519423086,25.14846192622921,4250.0,0.0
a733f889-e378-4d1d-8bc9-daf636251526,1968-10-10,,999-81-3914,S99930200,X1526177X,Mrs.,Lisbet,Körkkö,,Mäntyvaara,M,white,nonhispanic,F,Helsinki  Uusimaa  FI,973 Keski-Hannula Katu Suite 10,Helsinki,Uusimaa,Helsinki,00780,60.18582356831769,24.89699761262295,5125.0,0.0
444476ec-a956-49c3-9362-4e7f79dfc5d4,1976-05-10,,999-41-4760,S99916529,X64203328X,Ms.,Nette,Hack,PhD,,S,white,nonhispanic,F,Helsinki  Uusimaa  FI,554 Jyrkkä Katu Apt 23,Helsinki,Uusimaa,Helsinki,00280,60.205968781320195,24.884393517350073,4500.0,0.0
d4e64a46-cd7c-4837-a83f-da55f96b4fa2,1939-09-23,,999-36-1159,S99993751,X54319502X,Mrs.,Fatime,Jyrkäs,,Iltanen,M,white,nonhispanic,F,Vihti  Uusimaa  FI,568 Warto Katu,Helsinki,Uusimaa,Helsinki,00220,60.2062982634309,25.015968649297395,8625.0,0.0
06817b4f-144e-40da-89f9-c730d7280006,1990-02-16,,999-72-5966,S99968007,X55453878X,Mr.,Klas-Erik,Riissanen,,,M,white,nonhispanic,M,Hanko  Uusimaa  FI,299 Viherkoski Katu Apt 40,Helsinki,Uusimaa,Helsinki,00880,60.12422042133779,25.002269767154377,3875.0,0.0
583363cd-6b50-4f17-8841-3ceb85deb0cd,1991-02-05,,999-90-5742,S99928640,X9188618X,Mrs.,Wivan,Syväys,,Mäyränpää,M,white,nonhispanic,F,Lohja  Uusimaa  FI,1042 Hautala Katu,Espoo,Uusimaa,Espoo,02680,60.22593739434584,24.76768938099131,3875.0,0.0
fd7f9119-3a23-49ad-855f-6b27724306e2,1971-11-07,,999-25-3825,S99974543,X87678091X,Mr.,Teemunpoika,Cohen,,,M,white,nonhispanic,M,Helsinki  Uusimaa  FI,148 Korpisalo Katu Unit 71,Kauniainen,Uusimaa,Kauniainen,02700,60.19111037073351,24.678977931482798,4875.0,0.0
1fe72adc-1a06-4e98-a1bf-6922169cc2db,1966-09-04,,999-78-1572,S99937011,X55146741X,Mr.,Zakariye,Kupsu,,,M,white,nonhispanic,M,Porvoo  Uusimaa  FI,553 Rautio Katu,Espoo,Uusimaa,Espoo,02110,60.244037693105064,24.686322675291517,5375.0,0.0
753ac6d6-087f-4f24-a433-ce819267fad9,1968-05-07,,999-52-2881,S99930378,X7099260X,Mr.,Tryggve,Beka,,,S,white,nonhispanic,M,Helsinki  Uusimaa  FI,838 Krekola Katu,Espoo,Uusimaa,Espoo,02940,60.18366964402913,24.780307715735646,5125.0,0.0
9116faeb-9b40-47ea-8dd3-e3e9be7b2ef4,1947-11-30,,999-84-9886,S99935330,X56160153X,Mrs.,Satu-Kaarina,Lahtiranta,,Smirnov,M,white,nonhispanic,F,Helsinki  Uusimaa  FI,1025 Jönsas Katu Apt 75,Mäntsälä,Uusimaa,Mäntsälä,04600,60.54425293262153,25.20476851824934,7625.0,0.0
