PATIENT,START_YEAR,END_YEAR,PAYER,OWNERSHIP
a42f0444-20e2-4118-a893-3c24a539727f,2002,2020,e15e7b92-f376-374f-9285-2f59a38ad823,Guardian
82880bec-d284-4e85-b161-127177f235c3,2001,2019,e15e7b92-f376-374f-9285-2f59a38ad823,Guardian
19095155-8f89-41bd-83a7-de4b6f500ba9,1986,2004,e15e7b92-f376-374f-9285-2f59a38ad823,Guardian
287a54f1-6070-44dc-9d00-8a2229e4df92,1995,2013,e15e7b92-f376-374f-9285-2f59a38ad823,Guardian
75e39a7e-e088-428e-9aa3-6598a07a9d2a,1990,2008,e15e7b92-f376-374f-9285-2f59a38ad823,Guardian
51378fff-06d2-4356-873d-316e769f364b,1996,2014,e15e7b92-f376-374f-9285-2f59a38ad823,Guardian
0e08606d-11f9-4cb9-932e-25102aef79ea,1957,1975,e15e7b92-f376-374f-9285-2f59a38ad823,Guardian
b16560e4-893f-4ee5-b8e9-544fe163d321,1963,1981,e15e7b92-f376-374f-9285-2f59a38ad823,Guardian
b17ef59b-8597-4c55-a498-7f98e7be74a5,1950,1968,e15e7b92-f376-374f-9285-2f59a38ad823,Guardian
8562a48b-1244-4105-982f-4cf0ef7585a0,1996,2014,e15e7b92-f376-374f-9285-2f59a38ad823,Guardian
9de1023a-dd1a-4eae-8f87-af6deb6666e0,1991,2009,e15e7b92-f376-374f-9285-2f59a38ad823,Guardian
f9e9b3cd-e85e-4eb5-b05f-a94e569b65c8,1968,1986,e15e7b92-f376-374f-9285-2f59a38ad823,Guardian
b042d650-909c-4c3f-b5b3-c986c8f5d024,2002,2020,e15e7b92-f376-374f-9285-2f59a38ad823,Guardian
b4b15b23-5c5b-48b0-8b5e-09db42815b12,1972,1990,e15e7b92-f376-374f-9285-2f59a38ad823,Guardian
bd5a9067-0ea3-422f-9cf5-78cfd38f3cb3,2000,2018,e15e7b92-f376-374f-9285-2f59a38ad823,Guardian
b39c60c8-9542-4d1e-9481-e346940b77fc,1962,1980,e15e7b92-f376-374f-9285-2f59a38ad823,Guardian
d501217d-6b7e-4299-8dc7-f157c8e7576e,1937,1955,e15e7b92-f376-374f-9285-2f59a38ad823,Guardian
a7053889-a560-4b7a-ba02-73a3c233663f,1979,1997,e15e7b92-f376-374f-9285-2f59a38ad823,Guardian
4e5cdc9e-99ab-4e93-8ef2-a19f10bdf5d4,1958,1976,e15e7b92-f376-374f-9285-2f59a38ad823,Guardian
5549f12d-1038-45bc-81d2-fa1f93865986,1982,2000,e15e7b92-f376-374f-9285-2f59a38ad823,Guardian
3f39f58a-aecc-44aa-a7f5-c167148cf78b,2001,2019,e15e7b92-f376-374f-9285-2f59a38ad823,Guardian
864af374-e41d-4b0f-8ee5-c7300de54891,1998,2016,e15e7b92-f376-374f-9285-2f59a38ad823,Guardian
2be7b328-b55c-4f2a-87a3-d1c059f0e241,1984,2002,e15e7b92-f376-374f-9285-2f59a38ad823,Guardian
76b06d5c-b9b2-48da-b434-c05eafd7ab81,1970,1988,e15e7b92-f376-374f-9285-2f59a38ad823,Guardian
6b10d7ce-622b-4c22-911c-619033ad615b,1950,1968,e15e7b92-f376-374f-9285-2f59a38ad823,Guardian
7f8246f3-9fae-4037-8a91-a6b2da17b2ec,1989,2007,e15e7b92-f376-374f-9285-2f59a38ad823,Guardian
47b76b1f-e3e2-4ed6-9bda-3b29678e3950,1969,1987,e15e7b92-f376-374f-9285-2f59a38ad823,Guardian
7eb9b667-f105-468a-8edb-03c161f98f8c,1978,1996,e15e7b92-f376-374f-9285-2f59a38ad823,Guardian
b675ff9b-c94d-42cb-bd1f-82a6a68109cc,1955,1973,e15e7b92-f376-374f-9285-2f59a38ad823,Guardian
a2156d24-088e-491c-82ca-5c6b91dcc35c,1971,1989,e15e7b92-f376-374f-9285-2f59a38ad823,Guardian
c8373496-da99-47b6-aeba-ce06120415cd,1977,1995,e15e7b92-f376-374f-9285-2f59a38ad823,Guardian
18a599ef-4f9f-4923-b2bd-fcf9cb4d1f77,1933,1951,e15e7b92-f376-374f-9285-2f59a38ad823,Guardian
ca682ccd-14cc-46b8-8a49-a5487a47bea4,1978,1996,e15e7b92-f376-374f-9285-2f59a38ad823,Guardian
9fa6f66e-10bd-483d-b238-982f58db2ff5,1983,2001,e15e7b92-f376-374f-9285-2f59a38ad823,Guardian
eeb17f06-ac29-42c5-b5cc-dcd063844f0e,1960,1978,e15e7b92-f376-374f-9285-2f59a38ad823,Guardian
f91c49fd-fc1d-43cc-b276-ccbc7ba18312,1968,1986,e15e7b92-f376-374f-9285-2f59a38ad823,Guardian
43491f2f-388a-4017-a9b6-59cc6d5c496c,1938,1956,e15e7b92-f376-374f-9285-2f59a38ad823,Guardian
0d7dfa89-a8e8-4975-b122-9470f99356f5,1943,1961,e15e7b92-f376-374f-9285-2f59a38ad823,Guardian
3dc3564a-eb79-44ac-9ed8-b88d888a0880,1966,1984,e15e7b92-f376-374f-9285-2f59a38ad823,Guardian
72fa9d42-d972-4c23-905f-0178062e6aaa,1970,1988,e15e7b92-f376-374f-9285-2f59a38ad823,Guardian
4d6a1e06-9c07-4dc8-b423-fa4d1a61ea45,1988,2006,e15e7b92-f376-374f-9285-2f59a38ad823,Guardian
74cfc9a6-b7ae-4671-bc34-116536bb4834,1994,2012,e15e7b92-f376-374f-9285-2f59a38ad823,Guardian
6fb063a2-2adf-4c1e-a913-97b1f7cd934e,1987,2005,e15e7b92-f376-374f-9285-2f59a38ad823,Guardian
a508d158-424a-481e-88df-682199f98469,1989,2007,e15e7b92-f376-374f-9285-2f59a38ad823,Guardian
ed148d8b-76a8-4511-acb3-d77314a1a7bc,1960,1978,e15e7b92-f376-374f-9285-2f59a38ad823,Guardian
a9e587b6-fa5b-4cad-bdf5-8f48b87f5159,1982,2000,e15e7b92-f376-374f-9285-2f59a38ad823,Guardian
b9765b9a-e5c5-4fb3-ab82-df1805fa17c8,1984,2002,e15e7b92-f376-374f-9285-2f59a38ad823,Guardian
16fa1809-02d1-455b-bf70-0f457b5fdf89,1991,2009,e15e7b92-f376-374f-9285-2f59a38ad823,Guardian
211ae226-098c-4f62-a98e-c2e2ff4ae708,1947,1965,e15e7b92-f376-374f-9285-2f59a38ad823,Guardian
b2de0025-25c9-4f45-b36a-b51d59f498b2,1956,1974,e15e7b92-f376-374f-9285-2f59a38ad823,Guardian
a071ee49-fb83-44c9-8789-50d9d6d3d5c0,1987,2005,e15e7b92-f376-374f-9285-2f59a38ad823,Guardian
acfdac10-7417-43a0-a896-0e04cdc414ba,1989,2007,e15e7b92-f376-374f-9285-2f59a38ad823,Guardian
5854ac1f-76df-45f1-b0c6-fa1f5564bb2c,1990,2008,e15e7b92-f376-374f-9285-2f59a38ad823,Guardian
f778e5c6-64db-4d6b-b12b-26f2a3501a26,1988,2006,e15e7b92-f376-374f-9285-2f59a38ad823,Guardian
1732dd65-5501-4eb0-a748-eb4844d58a2b,1981,1999,e15e7b92-f376-374f-9285-2f59a38ad823,Guardian
c5aa214f-4675-41f3-a300-fb26da2f65f2,1992,2010,e15e7b92-f376-374f-9285-2f59a38ad823,Guardian
1fcae05c-7f9f-4df3-b6ef-842bde45065e,1978,1996,e15e7b92-f376-374f-9285-2f59a38ad823,Guardian
05d35501-8118-4058-b474-08eefed59e06,1983,2001,e15e7b92-f376-374f-9285-2f59a38ad823,Guardian
541ae421-0466-4462-b322-f0ee8f709860,1950,1968,e15e7b92-f376-374f-9285-2f59a38ad823,Guardian
71744751-1fb8-4ffc-b7b3-f796ad07bde3,1990,1994,e15e7b92-f376-374f-9285-2f59a38ad823,Guardian
121ea6a8-e289-4527-b901-1f8f7311a149,1995,2013,e15e7b92-f376-374f-9285-2f59a38ad823,Guardian
6f2f1e04-3e66-4d98-83e2-40e979ac91c7,1981,1999,e15e7b92-f376-374f-9285-2f59a38ad823,Guardian
a733f889-e378-4d1d-8bc9-daf636251526,1968,1986,e15e7b92-f376-374f-9285-2f59a38ad823,Guardian
444476ec-a956-49c3-9362-4e7f79dfc5d4,1976,1994,e15e7b92-f376-374f-9285-2f59a38ad823,Guardian
d4e64a46-cd7c-4837-a83f-da55f96b4fa2,1939,1957,e15e7b92-f376-374f-9285-2f59a38ad823,Guardian
06817b4f-144e-40da-89f9-c730d7280006,1990,2008,e15e7b92-f376-374f-9285-2f59a38ad823,Guardian
583363cd-6b50-4f17-8841-3ceb85deb0cd,1991,2009,e15e7b92-f376-374f-9285-2f59a38ad823,Guardian
fd7f9119-3a23-49ad-855f-6b27724306e2,1971,1989,e15e7b92-f376-374f-9285-2f59a38ad823,Guardian
1fe72adc-1a06-4e98-a1bf-6922169cc2db,1966,1984,e15e7b92-f376-374f-9285-2f59a38ad823,Guardian
753ac6d6-087f-4f24-a433-ce819267fad9,1968,1986,e15e7b92-f376-374f-9285-2f59a38ad823,Guardian
9116faeb-9b40-47ea-8dd3-e3e9be7b2ef4,1947,1965,e15e7b92-f376-374f-9285-2f59a38ad823,Guardian
