DATE,PATIENT,ENCOUNTER,CODE,DESCRIPTION,BASE_COST,REASONCODE,REASONDESCRIPTION
2011-10-26,18a599ef-4f9f-4923-b2bd-fcf9cb4d1f77,ad96245e-060d-442d-ae03-bdd78725303f,180325003,Electrical cardioversion,32906.79,49436004,Atrial Fibrillation
2012-10-31,18a599ef-4f9f-4923-b2bd-fcf9cb4d1f77,aa989f77-a267-40ec-abc3-f865fc5edcc4,180325003,Electrical cardioversion,47265.28,49436004,Atrial Fibrillation
2013-11-06,18a599ef-4f9f-4923-b2bd-fcf9cb4d1f77,21f468eb-8dc1-4cca-8379-8e9040bf8d21,180325003,Electrical cardioversion,22891.84,49436004,Atrial Fibrillation
2014-11-12,18a599ef-4f9f-4923-b2bd-fcf9cb4d1f77,016d70e8-0318-41c2-8af0-f2a17d09cc3c,180325003,Electrical cardioversion,23816.29,49436004,Atrial Fibrillation
2015-11-18,18a599ef-4f9f-4923-b2bd-fcf9cb4d1f77,b0ae3ba0-d1c9-42ea-8a78-54f072ab12a0,180325003,Electrical cardioversion,33507.93,49436004,Atrial Fibrillation
2016-11-23,18a599ef-4f9f-4923-b2bd-fcf9cb4d1f77,d35a2ca9-e82c-47e1-bc33-1ae514aae37b,180325003,Electrical cardioversion,25204.68,49436004,Atrial Fibrillation
2017-11-29,18a599ef-4f9f-4923-b2bd-fcf9cb4d1f77,1509a8ab-de24-426d-a870-6aaf4a559fb4,180325003,Electrical cardioversion,34809.49,49436004,Atrial Fibrillation
2018-12-05,18a599ef-4f9f-4923-b2bd-fcf9cb4d1f77,99dbdfe5-0c76-49e2-945e-9eae6919ec23,180325003,Electrical cardioversion,36267.90,49436004,Atrial Fibrillation
2019-12-11,18a599ef-4f9f-4923-b2bd-fcf9cb4d1f77,bd25ab0f-b885-4319-b6aa-015af7f8349e,180325003,Electrical cardioversion,34824.83,49436004,Atrial Fibrillation
2016-02-25,0d7dfa89-a8e8-4975-b122-9470f99356f5,fb42343a-dfce-4487-982c-385d78a3e538,40701008,Echocardiography (procedure),1858.30,410429000,Cardiac Arrest
2016-02-25,0d7dfa89-a8e8-4975-b122-9470f99356f5,fb42343a-dfce-4487-982c-385d78a3e538,447365002,Insertion of biventricular implantable cardioverter defibrillator,36222.83,410429000,Cardiac Arrest
2016-02-25,0d7dfa89-a8e8-4975-b122-9470f99356f5,fb42343a-dfce-4487-982c-385d78a3e538,18286008,Catheter ablation of tissue of heart,9900.88,410429000,Cardiac Arrest
1994-06-24,71744751-1fb8-4ffc-b7b3-f796ad07bde3,710730e4-0271-44fb-90f4-291d34b5cbeb,40701008,Echocardiography (procedure),1226.94,22298006,Myocardial Infarction
1994-06-24,71744751-1fb8-4ffc-b7b3-f796ad07bde3,710730e4-0271-44fb-90f4-291d34b5cbeb,415070008,Percutaneous coronary intervention,15132.51,22298006,Myocardial Infarction
1994-06-24,71744751-1fb8-4ffc-b7b3-f796ad07bde3,710730e4-0271-44fb-90f4-291d34b5cbeb,232717009,Coronary artery bypass grafting,34914.34,22298006,Myocardial Infarction
