Id,ORGANIZATION,NAME,GENDER,SPECIALITY,ADDRESS,CITY,STATE,ZIP,LAT,LON,UTILIZATION
2acf27ad-cb0f-3a5e-8d07-e91568b4980b,738aef7e-a279-3f65-9dba-fead16b27400,Inga-Maj Almark,F,GENERAL PRACTICE,Turuntie 150,Espoo,18,02740,60.22589,24.77581,881
1900bbb6-3406-3d99-8d6a-745d2a0107c6,9a3e6919-4ed0-32fe-a1e2-7184b06c415f,Fakher Kima,F,GENERAL PRACTICE,Karvasmäentie 6,Espoo,18,02740,60.22011,24.6848,377
b46ff0df-7816-32be-a6b2-7d2c9e779312,a70486b2-c33a-37b3-a4cf-b3dc06cb9d84,Melania Linnanto,F,GENERAL PRACTICE,Sairaalakatu 1,Vantaa,18,01400,60.3299,25.0608,1118
ff9f0cc3-6f2e-3892-90db-20e4bf0d4b3e,bf25636d-50a4-3cf2-b937-0e59fd37503f,Lea-Liisa Polus,F,GENERAL PRACTICE,Sairaalankatu 1,Hyvinkää,18,05830,60.612,24.82486,226
7ab4b767-e293-3dbf-95a2-6f0ffde629b3,4eddd774-a01b-3a0b-b4c6-736a5581aba4,Vento Ahlman,M,GENERAL PRACTICE,Ohkolantie 10,Kellokoski,18,04500,60.53054,25.10548,290
25dda792-e810-358e-a7ac-46a43f14fde5,942171f0-df04-34cc-9c85-1a11b2f08717,Marjanna Lavi,F,GENERAL PRACTICE,Sairaalatie 8,Lohja,18,08200,60.2247,24.01885,124
b252b618-518e-3082-b0e1-7eb6e6d3efb5,216a84b2-6287-356d-9bcf-655abf00debb,Mirela Hatakka,F,GENERAL PRACTICE,Sairaalantie 1,Porvoo,18,06200,60.37911,25.69576,326
12c60d8a-4faf-3a8e-925c-ca2d13943bb0,319baef9-e8e6-3320-9e0b-7991d9c167b8,Inga-Maj Almark,F,GENERAL PRACTICE,Haartmaninkatu 4,Helsinki,18,00290,60.189159,24.909081,1
dc2f51c9-5313-36d4-87a5-3eb4769c80ab,d8b3cbb1-88db-3fc1-bb2b-6a9c0037e6e5,Valle Enström,M,GENERAL PRACTICE,Sairaalantie 1,Porvoo,18,06200,60.37911,25.69576,2
