location_id,address_1,address_2,city,state,zip,county,location_source_value
3412,268 Sillvan Katu,,Mäntsälä,Uusimaa,04820,Mäntsälä,227423d7-0bc6-48d5-922c-8781c31626c9
3413,226 Juva Katu Apt 34,,Helsinki,Uusimaa,00550,Helsinki,3a55f821-ff49-46e8-a754-7a0470092f32
3414,806 Aittomäki Katu,,Espoo,Uusimaa,02920,Espoo,9f824b41-cf8d-4083-b542-e28ebfe38c71
3415,117 Suna Katu Suite 99,,Loviisa,Uusimaa,07900,Loviisa,886c9a78-7657-42f3-bec1-d141bac5e55c
3416,195 Keppo Katu,,Vihti,Uusimaa,03430,Vihti,dd61d616-7c7b-45ce-9f05-76ce2ce148e6
3417,603 Holstikko Katu,,Helsinki,Uusimaa,00760,Helsinki,b473e2ca-6429-410c-b7fb-f628796ba9a6
3418,196 Henell Katu Unit 50,,Hyvinkää,Uusimaa,05840,Hyvinkää,0548f5bf-ffc3-464d-af0f-94de6513ea97
3419,1057 Harjumäki Katu Unit 29,,Helsinki,Uusimaa,00910,Helsinki,8f74d509-2133-4599-9846-f33a7b8ea2a5
3420,851 Leppiaho Katu Suite 77,,Helsinki,Uusimaa,00620,Helsinki,a1b290e2-9adb-40c7-8ce9-3ad31b5e6e41
3421,110 Slunga Katu,,Helsinki,Uusimaa,00620,Helsinki,866dafb2-07dc-4e7a-a403-b60923adb758
3422,1064 Pörrö Katu Apt 45,,Helsinki,Uusimaa,00840,Helsinki,14f5d125-c4ea-4660-b1eb-eb4854d06b1c
3423,1091 Soudunsaari Katu,,Helsinki,Uusimaa,00210,Helsinki,93ff0e60-77f1-44a9-9ffb-2355f4965725
3424,300 Rautamies Katu,,Helsinki,Uusimaa,00170,Helsinki,62bb68da-aec0-4755-9a32-783ccc7f4207
3425,1067 Aatola Katu,,Järvenpää,Uusimaa,04440,Järvenpää,56fc8222-df20-4a7d-88b4-7d6edf64dbdc
3426,980 Långström Katu,,Helsinki,Uusimaa,00430,Helsinki,ae8e2277-bfa8-4651-be2e-7c12d5208619
3427,544 Pohjonen Katu Apt 95,,Kerava,Uusimaa,04260,Kerava,a8c1d180-252f-4496-a541-aad6314f813b
3428,722 Priha Katu Unit 62,,Kerava,Uusimaa,04230,Kerava,4593f5a9-6d42-4281-9c68-99a512326ce1
3429,660 Korvala Katu,,Espoo,Uusimaa,02170,Espoo,52e915fb-db19-4b30-85a8-7e57f19825ef
3430,840 Tallus Katu Unit 35,,Vantaa,Uusimaa,01750,Vantaa,043b4d31-c98e-4d14-9e36-b60a8ae9b0fe
3431,991 Suoja Katu Apt 69,,Porvoo,Uusimaa,07360,Porvoo,97637b69-c217-48ed-b426-5e68f75d68ce
3432,951 Sailas Katu Suite 56,,Espoo,Uusimaa,02170,Espoo,340e2255-2bde-4e12-9ffa-d5db588779e1
3433,499 Sandberg Katu,,Helsinki,Uusimaa,00270,Helsinki,8953f246-c0b7-4246-8846-547c1ff7b535
3434,984 Vireä Katu Apt 90,,Helsinki,Uusimaa,00980,Helsinki,292d6f04-c743-4704-842e-4e98543c310d
3435,472 Ritatörmä Katu,,Kirkkonummi,Uusimaa,02430,Kirkkonummi,f0481fe5-ee44-4e59-929d-09a43e595d74
3436,773 Leisiö Katu,,Espoo,Uusimaa,02280,Espoo,0eb8443a-1697-4531-8023-b4c689c75212
3437,349 Lejonqvist Katu Unit 44,,Helsinki,Uusimaa,00840,Helsinki,df336c32-6a07-47f7-aab1-86c87776a19c
3438,735 Ruokolainen Katu,,Helsinki,Uusimaa,00680,Helsinki,aeecd98a-6b23-4afa-8212-ff874636b353
3439,1054 Meuronen Katu Suite 60,,Espoo,Uusimaa,02160,Espoo,b8a417da-2147-4b7a-958a-1dd516d7ba40
3440,823 Karos Katu Unit 24,,Porvoo,Uusimaa,07360,Porvoo,9ce5ae96-fb9d-460d-8f4f-a00cb2f80d32
3441,323 Liekola Katu,,Vantaa,Uusimaa,01630,Vantaa,7bccc209-8ce1-4cb9-9de5-226e07e606a1
3442,668 Ollinkangas Katu Apt 69,,Porvoo,Uusimaa,06150,Porvoo,d0518c90-b9a6-4ab9-b2be-ef8b557c3560
3443,673 Vuoriaho Katu Unit 25,,Helsinki,Uusimaa,00220,Helsinki,cc111a5e-5781-4c3f-9cc6-b78ed2d9c147
3444,458 Henell Katu Unit 97,,Espoo,Uusimaa,02200,Espoo,f78c5100-7f15-4ff0-8166-1943956623e3
3445,167 Kungas Katu,,Espoo,Uusimaa,02750,Espoo,efc5c24b-5361-4c02-8e92-c1de3cc6e95f
3446,344 Kulluvaara Katu,,Espoo,Uusimaa,02730,Espoo,342a6ffb-52fe-44bc-9fd4-811d3c0d02b2
3447,914 Vierunketo Katu Suite 64,,Espoo,Uusimaa,02920,Espoo,f17e9734-1464-48e3-84c9-2db8ce59b1e6
3448,800 Astola Katu Apt 62,,Kerava,Uusimaa,04250,Kerava,fb3f928b-c7ca-4bb7-9274-b0e2a1ce2e8a
3449,148 Niiniviita Katu Unit 12,,Helsinki,Uusimaa,00550,Helsinki,632b8e5d-0561-4650-8e10-a91df9c07d55
3450,118 Ahlfors Katu Apt 92,,Espoo,Uusimaa,02120,Espoo,86371ba3-8ba2-4ed2-af80-cde573d99878
3451,746 Niiva Katu,,Helsinki,Uusimaa,00100,Helsinki,35408a74-6fe0-48b5-b8e7-47c02dbf7470
3452,836 Louhisto Katu Unit 78,,Vantaa,Uusimaa,01530,Vantaa,cd81032a-0985-4971-afe1-189c762fd31c
3453,745 Kasslin Katu Unit 16,,Lohja,Uusimaa,03870,Lohja,9a00c668-b124-422e-98d8-70fa0e877a71
3454,882 Peltovuori Katu,,Vantaa,Uusimaa,01420,Vantaa,b1e6e3f0-30cd-4086-a541-e093a0747020
3455,474 Impiö Katu,,Porvoo,Uusimaa,07350,Porvoo,ebdd1a98-1d4a-48f7-a588-be7652355b7c
3456,182 Erander Katu,,Helsinki,Uusimaa,00740,Helsinki,e596cb2a-de45-4270-92a4-a54195726ce2
3457,931 Sivunen Katu Apt 40,,Nurmijärvi,Uusimaa,05200,Nurmijärvi,7edb7006-fe43-4052-85b3-272426fdf237
3458,995 Aihonen Katu,,Vantaa,Uusimaa,01660,Vantaa,7ac3fd02-bed2-4b80-8410-596331a9de4f
3459,1064 Granath Katu,,Helsinki,Uusimaa,00580,Helsinki,9f6e27e3-ebb9-4fbb-95d4-c09d75608aaf
3460,798 Normia Katu,,Helsinki,Uusimaa,00160,Helsinki,6d1751be-892d-4b68-a1ef-a6c8ed941df1
3461,562 Pöysä Katu Suite 55,,Helsinki,Uusimaa,00530,Helsinki,006cee55-b485-48d5-9f3d-785dd36f0898
3462,511 Ots Katu Apt 59,,Espoo,Uusimaa,02750,Espoo,6a020f8f-d5f6-4700-a8d3-a23761dfc3eb
3463,308 Helisevä Katu Suite 3,,Espoo,Uusimaa,02360,Espoo,ab10870b-b20d-4659-9f5e-239cd1292680
3464,682 Kuhna Katu Unit 57,,Helsinki,Uusimaa,00780,Helsinki,a68224c0-6499-42c1-90fd-ab1e2d1c7622
3465,1076 Metsänperä Katu Unit 64,,Kerava,Uusimaa,04230,Kerava,5a99a904-c0e8-48a7-a49c-25664191151c
3466,749 Kylävainio Katu Suite 46,,Sipoo,Uusimaa,04150,Sipoo,f8847eb6-73a7-418b-8d13-13a72bc70ede
3467,360 Juppi Katu Suite 35,,Vantaa,Uusimaa,01490,Vantaa,0cf15f8c-2bbc-44bc-b2d9-42e0d55da3e7
3468,856 Korjus Katu Suite 56,,Vantaa,Uusimaa,01400,Vantaa,c3fb7e3a-5763-48eb-9051-f5f51fae08dd
3469,919 Janger Katu Unit 54,,Espoo,Uusimaa,02130,Espoo,2a5bf28e-c29a-4769-9613-28397a68b6f6
3470,852 Hohti Katu,,Helsinki,Uusimaa,00980,Helsinki,51a48999-be06-4dae-800f-9a0b29188a2a
3471,222 Toivanen Katu Suite 97,,Vihti,Uusimaa,03300,Vihti,d20ef3ac-7aba-48cb-8ea8-0abcdf19a5ad
3472,217 Begu Katu,,Espoo,Uusimaa,02750,Espoo,040cbebf-676e-4da4-8c3d-e9621260b79e
3473,363 Peussa Katu,,Helsinki,Uusimaa,00330,Helsinki,02940c31-1c78-4cf3-83f2-9ca131652af9
3474,235 Stråka Katu,,Siuntio,Uusimaa,02590,Siuntio,08ab0f01-de50-41be-aee4-03e429773344
3475,855 Silván Katu,,Helsinki,Uusimaa,00660,Helsinki,0d9d703b-c3b7-47b6-8888-330ad9beec76
3476,655 Souru Katu Suite 70,,Helsinki,Uusimaa,00130,Helsinki,6b7ef4e2-8291-4bf3-8898-7abc61215025
3477,990 Mickels Katu,,Helsinki,Uusimaa,00880,Helsinki,ef7f3fff-4f15-4ba8-9b43-939e558264d5
3478,967 Nurmenrinta Katu Apt 14,,Helsinki,Uusimaa,00170,Helsinki,51fe4c75-f40f-418a-93f1-f319752d6ba7
3479,724 Hagnäs Katu,,Helsinki,Uusimaa,00410,Helsinki,06469d6a-3a36-4041-8ceb-1e479a27cc11
3480,410 Pykälä-Aho Katu Apt 64,,Hyvinkää,Uusimaa,05840,Hyvinkää,aac41d4a-5b06-4667-a8dc-39f773c88d74
3481,331 Hirvilammi Katu Suite 9,,Vantaa,Uusimaa,01520,Vantaa,01d32747-d6ad-4df5-acf9-6e65778c3c34
3482,941 Syysjoki Katu Unit 74,,Vantaa,Uusimaa,01520,Vantaa,8a4a42df-fa8a-4546-978e-8afa4af809b9
3483,638 Kekäle Katu Unit 15,,Helsinki,Uusimaa,00620,Helsinki,1219015d-ddaf-490d-b94c-98265ccfc11a
3484,708 Paloniemi Katu,,Helsinki,Uusimaa,00100,Helsinki,1c7f0989-9d31-4260-984e-3c815e684c0c
3485,873 Kyheröinen Katu Unit 39,,Helsinki,Uusimaa,00900,Helsinki,3b2585c2-94c4-46ad-b20a-401cfb35541e
3486,537 Melart Katu Unit 26,,Helsinki,Uusimaa,00510,Helsinki,0875e972-a82d-4a62-bc4f-bc17a5590567
3487,725 Karsikas Katu Suite 63,,Helsinki,Uusimaa,00660,Helsinki,0e5333ce-3e0a-4a82-a4e2-0b198c1342e3
3488,781 Martinmäki Katu Apt 75,,Karkkila,Uusimaa,03620,Karkkila,47744853-9c34-487b-af49-5d02940a8b40
3489,785 Laurio Katu,,Helsinki,Uusimaa,00160,Helsinki,ea11bd49-8192-4591-b887-b03da1e14c21
3490,457 Hukkataival Katu Unit 36,,Lohja,Uusimaa,09430,Lohja,4af40ffd-6158-4e4f-a739-5215f38f23e9
3491,125 Helen Katu Unit 74,,Raasepori,Uusimaa,10320,Raasepori,93ef3474-7036-44d3-bb3c-2d445d48bca6
3492,116 Yli-Kerttula Katu Suite 35,,Helsinki,Uusimaa,00600,Helsinki,95275660-59a0-41cc-813e-98bf4b2aa6fa
3493,869 Nietula Katu Suite 28,,Helsinki,Uusimaa,00650,Helsinki,d7ae3312-941e-40ec-a7f2-77dacf8ef376
3494,653 Piensoho Katu,,Järvenpää,Uusimaa,04420,Järvenpää,bb4f0f8a-00a0-4d77-a415-2bdd368dcaec
3495,145 Salutskij Katu,,Vantaa,Uusimaa,01610,Vantaa,451c306e-2879-47d5-b7ce-b93c1eea36f5
3496,1049 Filenius Katu,,Vantaa,Uusimaa,01420,Vantaa,42e3f68b-7415-495b-a637-6ecdcc422aa6
3497,237 Pirkola Katu,,Hyvinkää,Uusimaa,05820,Hyvinkää,7b8d5902-1e1a-4ece-a9dd-2ba145e431ad
3498,407 Liljavirta Katu,,Raasepori,Uusimaa,10330,Raasepori,d63f2057-63f2-40cf-99d4-762201c42a2f
3499,994 Jokipii Katu Suite 95,,Kirkkonummi,Uusimaa,02540,Kirkkonummi,2a7f2f89-e64e-4861-b77a-60adb14f9996
3500,251 Harttimo Katu,,Nurmijärvi,Uusimaa,01900,Nurmijärvi,1ea2125b-1cf0-4ecb-b2fc-ef132a24e9d2
3501,609 Vihinen Katu,,Helsinki,Uusimaa,00190,Helsinki,18bf7762-9578-44e0-923a-2d986edd57f8
3502,1010 Hakso Katu,,Tuusula,Uusimaa,04380,Tuusula,ae2683d9-0d2e-476d-8889-0c573e2e94d3
3503,788 Saarakkala Katu,,Vantaa,Uusimaa,01340,Vantaa,b9405bbf-254c-41ca-9dd0-5c11c6e08a98
3504,265 Lönnholm Katu Apt 50,,Helsinki,Uusimaa,00630,Helsinki,ef313d6d-7965-48c9-9646-2745f59cb02c
3505,474 Hanska Katu,,Espoo,Uusimaa,02300,Espoo,6af28d30-8423-4066-9723-48869cc33960
3506,553 Vesamo Katu Apt 67,,Helsinki,Uusimaa,00220,Helsinki,f3e59fc6-1603-48e9-afc7-9b99aaccb27f
3507,463 Breitholtz Katu,,Vihti,Uusimaa,03400,Vihti,acf1120f-c5a2-4154-aa68-73b7f7795f5d
3508,609 Yli-Kerttula Katu Unit 90,,Lohja,Uusimaa,09120,Lohja,ef5e92a2-b081-4a90-afb6-41f9df8c4e3c
3509,375 Ranttila Katu,,Helsinki,Uusimaa,00510,Helsinki,ef31d035-067e-4c4b-b8f5-f3192a9eda40
3510,232 Kilkku Katu,,Kerava,Uusimaa,04230,Kerava,02df5c82-53f6-4791-a655-f61ebbb69f4d
3511,1013 Erkas Katu Unit 3,,Siuntio,Uusimaa,02490,Siuntio,a718cf5f-0db4-4064-8f30-d7a65b405640
3512,157 Pakomaa Katu,,Espoo,Uusimaa,02980,Espoo,cda6f9eb-0297-4d91-9204-5ef2cf59a19f
