START,STOP,PATIENT,ENCOUNTER,CODE,DESCRIPTION
2013-08-09,,c91a9c83-67cd-4ab0-af9f-455073ed0704,1ec5e06a-77f3-45d8-9587-4dbc147b58a5,49436004,Atrial Fibrillation
2005-12-06,,7e46e5c0-da4c-4dc3-baf4-0b4a78d13502,a3373e3b-6482-4162-bca7-3dc11e4b2372,230690007,Stroke
1996-01-29,,bcd514b2-1818-4920-b9b4-5447967369e8,683f0fb4-f652-4f0b-9ce2-2d5c7c1b6326,410429000,Cardiac Arrest
1996-01-29,,bcd514b2-1818-4920-b9b4-5447967369e8,683f0fb4-f652-4f0b-9ce2-2d5c7c1b6326,429007001,History of cardiac arrest (situation)
1994-08-15,,52b69b32-1efe-442d-af66-c21a94c50244,82a15fb3-d4ae-4ee3-904d-824471d3322e,49436004,Atrial Fibrillation
2006-12-05,,977520a2-b1a4-4df2-a2be-fa9ad31209c1,a0d32944-6656-42c5-9050-9559c22c649d,49436004,Atrial Fibrillation
2010-12-28,,977520a2-b1a4-4df2-a2be-fa9ad31209c1,6e12a89c-998f-466c-929d-9e52496edff1,53741008,Coronary Heart Disease
2011-02-01,,977520a2-b1a4-4df2-a2be-fa9ad31209c1,15c2cb2f-5c46-489b-8e61-b0f0e1e73eaa,22298006,Myocardial Infarction
2011-02-01,,977520a2-b1a4-4df2-a2be-fa9ad31209c1,15c2cb2f-5c46-489b-8e61-b0f0e1e73eaa,399211009,History of myocardial infarction (situation)
1986-01-23,,5ad27c8b-f34f-4430-94e7-2991ec22f7ef,fac20ab9-a4bc-4249-a625-92103672dea7,230690007,Stroke
2012-01-03,,bcfa4e34-3043-43d7-8ea0-f800fa2baf41,824008b2-e028-4be7-bf0d-4c8fe090c185,49436004,Atrial Fibrillation
2015-07-07,,18550ed7-26e0-4f7c-b61d-213bf598ecc5,36ceb416-29e8-4ef1-9957-66c3ccb8a2d7,410429000,Cardiac Arrest
2015-07-07,,18550ed7-26e0-4f7c-b61d-213bf598ecc5,36ceb416-29e8-4ef1-9957-66c3ccb8a2d7,429007001,History of cardiac arrest (situation)
2012-09-08,,50b8b881-bcc8-4e55-9dfc-381524b71f66,944a4ea2-212e-48e9-9d27-1a018cd36a17,410429000,Cardiac Arrest
2012-09-08,,50b8b881-bcc8-4e55-9dfc-381524b71f66,944a4ea2-212e-48e9-9d27-1a018cd36a17,429007001,History of cardiac arrest (situation)
1999-05-25,,58f4672e-12d0-442c-8f27-3d688f235cfb,b39dcc4c-5f28-40b8-b8e0-c914af7d0640,410429000,Cardiac Arrest
1999-05-25,,58f4672e-12d0-442c-8f27-3d688f235cfb,b39dcc4c-5f28-40b8-b8e0-c914af7d0640,429007001,History of cardiac arrest (situation)
2005-07-03,,983f0eab-ba28-443d-9046-6f672f6d930c,ecc9aff7-5a74-4d69-966c-d73c6fe8c587,230690007,Stroke
1987-04-01,,da29225c-b60f-463b-b28d-6b3c63029ee4,b149404e-b589-4ea4-bc57-f68bcc91533c,53741008,Coronary Heart Disease
1982-06-01,,1a47bd19-e236-4080-9973-6f28d6116150,3dfcd173-d91a-40f2-b15f-e443b029f361,410429000,Cardiac Arrest
1982-06-01,,1a47bd19-e236-4080-9973-6f28d6116150,3dfcd173-d91a-40f2-b15f-e443b029f361,429007001,History of cardiac arrest (situation)
2018-05-14,,b0bf2724-6fe4-4c91-8b8b-a40b1b8a7f90,d4908c60-7874-4dc2-b722-c44f26b22adb,230690007,Stroke
1991-07-19,,503ecf25-234f-423b-84a5-ea4e476fb5d5,6ac43289-04d8-4171-81b5-fcb62bcd55d9,230690007,Stroke
1984-03-16,,f13d54cd-ea7d-4625-a892-aed169b99f5b,01591caf-6a25-477a-aa61-43f4bbfc394f,53741008,Coronary Heart Disease
1988-09-30,,f13d54cd-ea7d-4625-a892-aed169b99f5b,87e3a1f1-b3df-4b88-bfee-0f9a99a3fabc,22298006,Myocardial Infarction
1988-09-30,,f13d54cd-ea7d-4625-a892-aed169b99f5b,87e3a1f1-b3df-4b88-bfee-0f9a99a3fabc,399211009,History of myocardial infarction (situation)
1958-05-16,,5eb2fa0e-3803-40b7-8f30-db8ee5d87320,8a546955-bb88-4c52-b200-145b6103f773,230690007,Stroke
1996-05-24,,e1368406-0c5c-4c32-a411-1bdebcf71ee5,56de6dbb-9a87-46f5-8f22-3dda82c491f0,53741008,Coronary Heart Disease
2018-09-21,,e1368406-0c5c-4c32-a411-1bdebcf71ee5,16edb553-eaf7-43a9-a880-7b4f9b37edc4,22298006,Myocardial Infarction
2018-09-21,,e1368406-0c5c-4c32-a411-1bdebcf71ee5,16edb553-eaf7-43a9-a880-7b4f9b37edc4,399211009,History of myocardial infarction (situation)
2018-09-28,,e1368406-0c5c-4c32-a411-1bdebcf71ee5,9796817f-b44c-44ba-ac86-65c33771c7e2,49436004,Atrial Fibrillation
