START,STOP,PATIENT,PAYER,ENCOUNTER,CODE,DESCRIPTION,BASE_COST,PAYER_COVERAGE,DISPENSES,TOTALCOST,REASONCODE,REASONDESCRIPTION
2013-08-09,,c91a9c83-67cd-4ab0-af9f-455073ed0704,b1c428d6-4f07-31e0-90f0-68ffa6ff8c76,1ec5e06a-77f3-45d8-9587-4dbc147b58a5,855332,Warfarin Sodium 5 MG Oral Tablet,55.72,0.00,80,4457.60,,
2013-08-09,,c91a9c83-67cd-4ab0-af9f-455073ed0704,b1c428d6-4f07-31e0-90f0-68ffa6ff8c76,1ec5e06a-77f3-45d8-9587-4dbc147b58a5,897718,Verapamil Hydrochloride 40 MG,119.56,0.00,80,9564.80,,
2013-08-09,,c91a9c83-67cd-4ab0-af9f-455073ed0704,b1c428d6-4f07-31e0-90f0-68ffa6ff8c76,1ec5e06a-77f3-45d8-9587-4dbc147b58a5,197604,Digoxin 0.125 MG Oral Tablet,117.08,0.00,80,9366.40,,
2005-12-06,2005-12-06,7e46e5c0-da4c-4dc3-baf4-0b4a78d13502,b1c428d6-4f07-31e0-90f0-68ffa6ff8c76,a3373e3b-6482-4162-bca7-3dc11e4b2372,309362,Clopidogrel 75 MG Oral Tablet,41.97,0.00,1,41.97,,
2005-12-06,2005-12-06,7e46e5c0-da4c-4dc3-baf4-0b4a78d13502,b1c428d6-4f07-31e0-90f0-68ffa6ff8c76,a3373e3b-6482-4162-bca7-3dc11e4b2372,1804799,Alteplase 100 MG Injection,6085.06,0.00,1,6085.06,,
1994-08-15,,52b69b32-1efe-442d-af66-c21a94c50244,b1c428d6-4f07-31e0-90f0-68ffa6ff8c76,82a15fb3-d4ae-4ee3-904d-824471d3322e,855332,Warfarin Sodium 5 MG Oral Tablet,10.74,0.00,311,3340.14,,
1994-08-15,,52b69b32-1efe-442d-af66-c21a94c50244,b1c428d6-4f07-31e0-90f0-68ffa6ff8c76,82a15fb3-d4ae-4ee3-904d-824471d3322e,897718,Verapamil Hydrochloride 40 MG,42.99,0.00,311,13369.89,,
1994-08-15,,52b69b32-1efe-442d-af66-c21a94c50244,b1c428d6-4f07-31e0-90f0-68ffa6ff8c76,82a15fb3-d4ae-4ee3-904d-824471d3322e,197604,Digoxin 0.125 MG Oral Tablet,100.85,0.00,311,31364.35,,
2006-12-05,,977520a2-b1a4-4df2-a2be-fa9ad31209c1,b1c428d6-4f07-31e0-90f0-68ffa6ff8c76,a0d32944-6656-42c5-9050-9559c22c649d,855332,Warfarin Sodium 5 MG Oral Tablet,7.37,0.00,50,368.50,,
2006-12-05,,977520a2-b1a4-4df2-a2be-fa9ad31209c1,b1c428d6-4f07-31e0-90f0-68ffa6ff8c76,a0d32944-6656-42c5-9050-9559c22c649d,897718,Verapamil Hydrochloride 40 MG,39.25,0.00,50,1962.50,,
2006-12-05,,977520a2-b1a4-4df2-a2be-fa9ad31209c1,b1c428d6-4f07-31e0-90f0-68ffa6ff8c76,a0d32944-6656-42c5-9050-9559c22c649d,197604,Digoxin 0.125 MG Oral Tablet,133.50,0.00,50,6675.00,,
2010-12-28,2011-02-01,977520a2-b1a4-4df2-a2be-fa9ad31209c1,b1c428d6-4f07-31e0-90f0-68ffa6ff8c76,6e12a89c-998f-466c-929d-9e52496edff1,309362,Clopidogrel 75 MG Oral Tablet,30.89,0.00,1,30.89,,
2010-12-28,,977520a2-b1a4-4df2-a2be-fa9ad31209c1,b1c428d6-4f07-31e0-90f0-68ffa6ff8c76,6e12a89c-998f-466c-929d-9e52496edff1,312961,Simvastatin 20 MG Oral Tablet,7.77,0.00,1,7.77,,
2010-12-28,,977520a2-b1a4-4df2-a2be-fa9ad31209c1,b1c428d6-4f07-31e0-90f0-68ffa6ff8c76,6e12a89c-998f-466c-929d-9e52496edff1,197361,Amlodipine 5 MG Oral Tablet,56.03,0.00,1,56.03,,
2010-12-28,2011-02-01,977520a2-b1a4-4df2-a2be-fa9ad31209c1,b1c428d6-4f07-31e0-90f0-68ffa6ff8c76,6e12a89c-998f-466c-929d-9e52496edff1,705129,Nitroglycerin 0.4 MG/ACTUAT Mucosal Spray,76.80,0.00,1,76.80,,
2011-02-01,2011-02-01,977520a2-b1a4-4df2-a2be-fa9ad31209c1,b1c428d6-4f07-31e0-90f0-68ffa6ff8c76,15c2cb2f-5c46-489b-8e61-b0f0e1e73eaa,259255,Atorvastatin 80 MG Oral Tablet,416.75,0.00,1,416.75,,
2011-02-01,2011-02-01,977520a2-b1a4-4df2-a2be-fa9ad31209c1,b1c428d6-4f07-31e0-90f0-68ffa6ff8c76,15c2cb2f-5c46-489b-8e61-b0f0e1e73eaa,833036,Captopril 25 MG Oral Tablet,87.86,0.00,1,87.86,,
2012-01-03,,bcfa4e34-3043-43d7-8ea0-f800fa2baf41,b1c428d6-4f07-31e0-90f0-68ffa6ff8c76,824008b2-e028-4be7-bf0d-4c8fe090c185,855332,Warfarin Sodium 5 MG Oral Tablet,41.19,0.00,99,4077.81,,
2012-01-03,,bcfa4e34-3043-43d7-8ea0-f800fa2baf41,b1c428d6-4f07-31e0-90f0-68ffa6ff8c76,824008b2-e028-4be7-bf0d-4c8fe090c185,897718,Verapamil Hydrochloride 40 MG,40.91,0.00,99,4050.09,,
2012-01-03,,bcfa4e34-3043-43d7-8ea0-f800fa2baf41,b1c428d6-4f07-31e0-90f0-68ffa6ff8c76,824008b2-e028-4be7-bf0d-4c8fe090c185,197604,Digoxin 0.125 MG Oral Tablet,103.75,0.00,99,10271.25,,
2015-07-07,2015-07-07,18550ed7-26e0-4f7c-b61d-213bf598ecc5,b1c428d6-4f07-31e0-90f0-68ffa6ff8c76,36ceb416-29e8-4ef1-9957-66c3ccb8a2d7,1660014,1 ML Epinephrine 1 MG/ML Injection,3.98,0.00,1,3.98,,
2015-07-07,2015-07-07,18550ed7-26e0-4f7c-b61d-213bf598ecc5,b1c428d6-4f07-31e0-90f0-68ffa6ff8c76,36ceb416-29e8-4ef1-9957-66c3ccb8a2d7,834357,3 ML Amiodarone hydrocholoride 50 MG/ML Prefilled Syringe,170.97,0.00,1,170.97,,
2015-07-07,2015-07-07,18550ed7-26e0-4f7c-b61d-213bf598ecc5,b1c428d6-4f07-31e0-90f0-68ffa6ff8c76,36ceb416-29e8-4ef1-9957-66c3ccb8a2d7,1190795,Atropine Sulfate 1 MG/ML Injectable Solution,21.73,0.00,1,21.73,,
2012-09-08,2012-09-08,50b8b881-bcc8-4e55-9dfc-381524b71f66,b1c428d6-4f07-31e0-90f0-68ffa6ff8c76,944a4ea2-212e-48e9-9d27-1a018cd36a17,1660014,1 ML Epinephrine 1 MG/ML Injection,1.18,0.00,1,1.18,,
2012-09-08,2012-09-08,50b8b881-bcc8-4e55-9dfc-381524b71f66,b1c428d6-4f07-31e0-90f0-68ffa6ff8c76,944a4ea2-212e-48e9-9d27-1a018cd36a17,834357,3 ML Amiodarone hydrocholoride 50 MG/ML Prefilled Syringe,69.91,0.00,1,69.91,,
2012-09-08,2012-09-08,50b8b881-bcc8-4e55-9dfc-381524b71f66,b1c428d6-4f07-31e0-90f0-68ffa6ff8c76,944a4ea2-212e-48e9-9d27-1a018cd36a17,1190795,Atropine Sulfate 1 MG/ML Injectable Solution,31.94,0.00,1,31.94,,
1987-04-01,,da29225c-b60f-463b-b28d-6b3c63029ee4,b1c428d6-4f07-31e0-90f0-68ffa6ff8c76,b149404e-b589-4ea4-bc57-f68bcc91533c,705129,Nitroglycerin 0.4 MG/ACTUAT Mucosal Spray,77.89,0.00,401,31233.89,,
1991-04-24,,da29225c-b60f-463b-b28d-6b3c63029ee4,b1c428d6-4f07-31e0-90f0-68ffa6ff8c76,f858d012-b19a-4d55-80b5-562e05c7c34c,312961,Simvastatin 20 MG Oral Tablet,30.71,0.00,351,10779.21,,
1994-05-11,,da29225c-b60f-463b-b28d-6b3c63029ee4,b1c428d6-4f07-31e0-90f0-68ffa6ff8c76,31ab14e3-874a-4e9c-9c4a-cd5b86024f93,197361,Amlodipine 5 MG Oral Tablet,14.86,0.00,314,4666.04,,
1997-05-28,,da29225c-b60f-463b-b28d-6b3c63029ee4,b1c428d6-4f07-31e0-90f0-68ffa6ff8c76,07e8f251-1f94-415a-920e-a5a7dba94ae1,309362,Clopidogrel 75 MG Oral Tablet,21.83,0.00,277,6046.91,,
2018-05-14,2018-05-14,b0bf2724-6fe4-4c91-8b8b-a40b1b8a7f90,b1c428d6-4f07-31e0-90f0-68ffa6ff8c76,d4908c60-7874-4dc2-b722-c44f26b22adb,309362,Clopidogrel 75 MG Oral Tablet,64.33,0.00,1,64.33,,
2018-05-14,2018-05-14,b0bf2724-6fe4-4c91-8b8b-a40b1b8a7f90,b1c428d6-4f07-31e0-90f0-68ffa6ff8c76,d4908c60-7874-4dc2-b722-c44f26b22adb,1804799,Alteplase 100 MG Injection,6634.91,0.00,1,6634.91,,
1991-07-19,1991-07-19,503ecf25-234f-423b-84a5-ea4e476fb5d5,b1c428d6-4f07-31e0-90f0-68ffa6ff8c76,6ac43289-04d8-4171-81b5-fcb62bcd55d9,1804799,Alteplase 100 MG Injection,6288.83,0.00,1,6288.83,,
1984-03-16,1988-09-30,f13d54cd-ea7d-4625-a892-aed169b99f5b,b1c428d6-4f07-31e0-90f0-68ffa6ff8c76,01591caf-6a25-477a-aa61-43f4bbfc394f,705129,Nitroglycerin 0.4 MG/ACTUAT Mucosal Spray,128.81,0.00,55,7084.55,,
1988-09-30,1988-09-30,f13d54cd-ea7d-4625-a892-aed169b99f5b,b1c428d6-4f07-31e0-90f0-68ffa6ff8c76,87e3a1f1-b3df-4b88-bfee-0f9a99a3fabc,833036,Captopril 25 MG Oral Tablet,43.31,0.00,1,43.31,,
1996-05-24,,e1368406-0c5c-4c32-a411-1bdebcf71ee5,b1c428d6-4f07-31e0-90f0-68ffa6ff8c76,56de6dbb-9a87-46f5-8f22-3dda82c491f0,312961,Simvastatin 20 MG Oral Tablet,12.76,0.00,289,3687.64,,
1996-05-24,,e1368406-0c5c-4c32-a411-1bdebcf71ee5,b1c428d6-4f07-31e0-90f0-68ffa6ff8c76,56de6dbb-9a87-46f5-8f22-3dda82c491f0,197361,Amlodipine 5 MG Oral Tablet,26.28,0.00,289,7594.92,,
1996-05-24,2018-09-21,e1368406-0c5c-4c32-a411-1bdebcf71ee5,b1c428d6-4f07-31e0-90f0-68ffa6ff8c76,56de6dbb-9a87-46f5-8f22-3dda82c491f0,705129,Nitroglycerin 0.4 MG/ACTUAT Mucosal Spray,127.16,0.00,271,34460.36,,
1997-05-30,2018-09-21,e1368406-0c5c-4c32-a411-1bdebcf71ee5,b1c428d6-4f07-31e0-90f0-68ffa6ff8c76,40db5d39-4542-446c-8800-ac8d3cd05079,309362,Clopidogrel 75 MG Oral Tablet,21.88,0.00,259,5666.92,,
2018-09-21,2018-09-21,e1368406-0c5c-4c32-a411-1bdebcf71ee5,b1c428d6-4f07-31e0-90f0-68ffa6ff8c76,16edb553-eaf7-43a9-a880-7b4f9b37edc4,259255,Atorvastatin 80 MG Oral Tablet,100.76,0.00,1,100.76,,
2018-09-21,2018-09-21,e1368406-0c5c-4c32-a411-1bdebcf71ee5,b1c428d6-4f07-31e0-90f0-68ffa6ff8c76,16edb553-eaf7-43a9-a880-7b4f9b37edc4,833036,Captopril 25 MG Oral Tablet,72.35,0.00,1,72.35,,
2018-09-28,,e1368406-0c5c-4c32-a411-1bdebcf71ee5,b1c428d6-4f07-31e0-90f0-68ffa6ff8c76,9796817f-b44c-44ba-ac86-65c33771c7e2,309362,Clopidogrel 75 MG Oral Tablet,15.94,0.00,17,270.98,,
2018-09-28,,e1368406-0c5c-4c32-a411-1bdebcf71ee5,b1c428d6-4f07-31e0-90f0-68ffa6ff8c76,9796817f-b44c-44ba-ac86-65c33771c7e2,705129,Nitroglycerin 0.4 MG/ACTUAT Mucosal Spray,109.41,0.00,17,1859.97,,
2018-09-28,,e1368406-0c5c-4c32-a411-1bdebcf71ee5,b1c428d6-4f07-31e0-90f0-68ffa6ff8c76,9796817f-b44c-44ba-ac86-65c33771c7e2,855332,Warfarin Sodium 5 MG Oral Tablet,68.35,0.00,17,1161.95,,
2018-09-28,,e1368406-0c5c-4c32-a411-1bdebcf71ee5,b1c428d6-4f07-31e0-90f0-68ffa6ff8c76,9796817f-b44c-44ba-ac86-65c33771c7e2,897718,Verapamil Hydrochloride 40 MG,193.10,0.00,17,3282.70,,
2018-09-28,,e1368406-0c5c-4c32-a411-1bdebcf71ee5,b1c428d6-4f07-31e0-90f0-68ffa6ff8c76,9796817f-b44c-44ba-ac86-65c33771c7e2,197604,Digoxin 0.125 MG Oral Tablet,46.42,0.00,17,789.14,,
