Id,BIRTHDATE,DEATHDATE,SSN,DRIVERS,PASSPORT,PREFIX,FIRST,LAST,SUFFIX,MAIDEN,MARITAL,RACE,ETHNICITY,GENDER,BIRTHPLACE,ADDRESS,CITY,STATE,COUNTY,ZIP,LAT,LON,HEALTHCARE_EXPENSES,HEALTHCARE_COVERAGE
8882bd4c-c09d-4b26-a6e7-d906aaee90c1,2018-08-10,,999-60-5538,,,,Susi,Viinikainen,,,,white,nonhispanic,F,Helsinki  Uusimaa  FI,551 Sarkala Katu Unit 84,Vantaa,Uusimaa,Vantaa,01630,60.217411206604076,24.749358891581235,1000.0,0.0
cfced192-4634-409b-84e7-e96b9c2fd42b,1989-01-31,,999-73-7162,S99955499,X71195891X,Mr.,Nur,Hardén,,,M,white,nonhispanic,M,Lohja  Uusimaa  FI,377 Asunen Katu,Helsinki,Uusimaa,Helsinki,00770,60.20995068944956,24.91841171972034,3875.0,0.0
1757bab7-5bef-48b7-beef-de233dda13d8,2017-11-13,,999-64-7236,,,,Miljaana,Köngäs,,,,white,nonhispanic,F,Helsinki  Uusimaa  FI,376 Leisiö Katu,Helsinki,Uusimaa,Helsinki,00270,60.18311433045992,24.950098367893787,1125.0,0.0
9dc69d89-bed7-480c-9b0a-2a50972902e0,1977-10-19,,999-79-9774,S99997652,X89846792X,Mr.,Valentino,Haario,,,M,white,nonhispanic,M,Vantaa  Uusimaa  FI,684 Saksa Katu,Järvenpää,Uusimaa,Järvenpää,04410,60.45408927091321,25.088490062475458,4500.0,0.0
013a9648-924a-4d45-b9c0-fbf4e37a1f62,1964-04-24,,999-72-8169,S99961733,X62875656X,Ms.,Elbe,Periaho,,,S,white,nonhispanic,F,Nurmijärvi  Uusimaa  FI,764 Peurakoski Katu Unit 3,Nurmijärvi,Uusimaa,Nurmijärvi,01860,60.330131703619955,24.74289871232717,5625.0,0.0
3f0b6a61-afae-4f34-972b-0090a2e9c01b,1997-07-29,,999-69-5265,S99933336,X16917858X,Ms.,Minca,Viramo,,,,white,nonhispanic,F,Espoo  Uusimaa  FI,366 Haliseva Katu Unit 39,Helsinki,Uusimaa,Helsinki,00190,60.256101477424146,25.02834240172078,3625.0,0.0
d1377409-3767-4676-b5dc-3b8ebd41213a,1959-09-27,,999-50-7867,S99958080,X4782414X,Mr.,Ilo,Poulsen,,,M,white,nonhispanic,M,Rome  Lazio  IT,993 Rive Katu Apt 80,Helsinki,Uusimaa,Helsinki,00180,60.26549287530131,24.85700210172694,6250.0,0.0
2da4350e-09f4-43e2-8b61-9e147905954a,1957-04-06,,999-64-8818,S99917457,X86057188X,Mr.,Jari-Veikko,Korkka,,,M,white,nonhispanic,M,Espoo  Uusimaa  FI,913 Abbas Katu,Järvenpää,Uusimaa,Järvenpää,04420,60.528496306239134,25.05587921410806,6500.0,0.0
c91a9c83-67cd-4ab0-af9f-455073ed0704,1953-06-12,,999-85-7927,S99912978,X24755084X,Mr.,Lennon,Nikkarikoski,,,M,white,nonhispanic,M,Vantaa  Uusimaa  FI,700 Uusipaikka Katu Suite 10,Espoo,Uusimaa,Espoo,02660,60.27900268721018,24.72393002035465,7000.0,0.0
c60fa542-7594-4cf5-9ab0-f2505164778a,1946-04-08,,999-30-8963,S99958468,X87375847X,Mr.,Kajus,Mattfolk,,,M,white,nonhispanic,M,Vantaa  Uusimaa  FI,611 Storskrubb Katu,Hyvinkää,Uusimaa,Hyvinkää,05840,60.5732453496133,24.96453814865645,7875.0,0.0
78772ca8-2fec-40de-ad4f-eb9b9785d263,2008-10-31,,999-57-8952,,,,Jenna-Riikka,Maliranta,,,,white,nonhispanic,F,Sipoo  Uusimaa  FI,481 Lindroos Katu,Porvoo,Uusimaa,Porvoo,06650,60.31405119026459,25.922602012016863,2500.0,0.0
7614ca16-46ac-446d-be44-65c5f8e8c548,1978-05-20,,999-69-7273,S99955063,X16539940X,Mrs.,Blerta,Jyrkilä,,Kylävainio,M,white,nonhispanic,F,Raasepori  Uusimaa  FI,528 Fröjdlund Katu Unit 39,Hyvinkää,Uusimaa,Hyvinkää,05900,60.649284442967506,24.882312781999946,4375.0,0.0
9f9a8ad4-5e84-4cae-b40a-6f5e85de229e,1999-08-31,,999-98-8240,S99979495,X77085166X,Ms.,Rosiina,Ohraluoma,,,,white,nonhispanic,F,Sipoo  Uusimaa  FI,962 Ivars Katu,Espoo,Uusimaa,Espoo,02710,60.138543673654056,24.74731748728367,3500.0,0.0
9014c554-5a31-45b8-b603-73942bc92cf0,1987-05-10,,999-28-8464,S99997741,X19285470X,Ms.,Beatriz,Semeri,,,S,white,nonhispanic,F,Mäntsälä  Uusimaa  FI,682 Ilkko Katu Apt 99,Helsinki,Uusimaa,Helsinki,00150,60.25308385945009,24.99881984784405,4000.0,0.0
7e46e5c0-da4c-4dc3-baf4-0b4a78d13502,1914-04-07,2005-12-06,999-41-5023,S99999567,X11721857X,Mr.,Birgersson,Sauriala,,,M,white,nonhispanic,M,Helsinki  Uusimaa  FI,214 Leppälammi Katu Apt 92,Porvoo,Uusimaa,Porvoo,06830,60.448441928553585,25.63657659791167,16377.03,0.0
6ae14988-2390-4427-8f61-2320509efb80,1992-02-02,,999-52-1325,S99958859,X70627216X,Ms.,Kawsar,Valio,,,S,white,nonhispanic,F,Helsinki  Uusimaa  FI,403 Valkeasuo Katu Apt 30,Helsinki,Uusimaa,Helsinki,00190,60.14034407741193,25.032833673811755,3750.0,0.0
f8c062d2-0f7f-401d-b91a-8af2e12c7645,1998-09-27,,999-66-4791,S99929932,X89660642X,Ms.,Senita,Priha,,,,white,nonhispanic,F,Helsinki  Uusimaa  FI,234 Saviharju Katu Unit 39,Helsinki,Uusimaa,Helsinki,00400,60.145516276880535,24.939513356086042,3500.0,0.0
bcd514b2-1818-4920-b9b4-5447967369e8,1981-06-29,,999-52-7855,S99983084,X47496514X,Mrs.,Virpi-Leena,Korppoo,,Saarinen,M,white,nonhispanic,F,Helsinki  Uusimaa  FI,849 Tiltti Katu,Helsinki,Uusimaa,Helsinki,00910,60.17146005437925,25.18217525909992,4446.37,0.0
2d63b02c-1a46-4eb6-89e9-ac96304e3d89,1986-07-16,,999-51-4926,S99936204,X48256166X,Mr.,Miklas,Leidenius,,,M,white,nonhispanic,M,Askola  Uusimaa  FI,155 Harmainen Katu,Espoo,Uusimaa,Espoo,02200,60.21892122099455,24.856435715451806,4000.0,0.0
52b69b32-1efe-442d-af66-c21a94c50244,1943-08-09,,999-11-8465,S99949021,X55884789X,Mr.,Elmer,Sulinko,,,M,white,nonhispanic,M,Helsinki  Uusimaa  FI,913 Kimanen Katu Apt 15,Siuntio,Uusimaa,Siuntio,02570,60.04388003216085,24.338743549294676,8250.0,0.0
e1db2ee8-6c41-48d4-b375-af90e3bf37a0,1990-01-10,,999-46-8197,S99961242,X74168575X,Mrs.,Janka,Väättänen,,Käck,M,white,nonhispanic,F,Helsinki  Uusimaa  FI,978 Juonoja Katu,Espoo,Uusimaa,Espoo,02860,60.17534028984888,24.77368077203314,3875.0,0.0
6fe13394-6330-43ba-926a-041321f6f45a,1996-10-16,,999-13-3624,S99915106,X25459340X,Mr.,Andrea,Rintasaari,,,,white,nonhispanic,M,Sipoo  Uusimaa  FI,591 Elopuro Katu,Vantaa,Uusimaa,Vantaa,01370,60.26606304448892,24.985325422774128,3625.0,0.0
bacb1758-9e1a-46ae-b92c-5eb55f9929ae,1940-01-29,,999-52-9862,S99986953,X64352399X,Mr.,Are,Lähteenkorva,,,M,white,nonhispanic,M,Vantaa  Uusimaa  FI,498 Ellmén Katu Apt 84,Helsinki,Uusimaa,Helsinki,00140,60.19456561868351,24.99829375120299,8625.0,0.0
f3bb78e4-7793-4d90-a505-afd145f7ef45,2004-05-15,,999-20-6644,,,,Munira,Latonen,,,,white,nonhispanic,F,Hyvinkää  Uusimaa  FI,1097 Villanen Katu,Kerava,Uusimaa,Kerava,04250,60.35439812053831,25.11191601589673,3000.0,0.0
c386df22-7582-44a3-973b-d4e71d214d3f,1973-06-10,,999-93-7291,S99976816,X49731255X,Mr.,Solmu,Lauronen,,,S,white,nonhispanic,M,Helsinki  Uusimaa  FI,173 Urvanta Katu,Vantaa,Uusimaa,Vantaa,01690,60.30873251065636,25.10576221491316,4750.0,0.0
0d38f572-5322-48b3-9bc5-24cb8a4391c4,2010-03-04,,999-32-7306,,,,Suvikki,Kontti,,,,white,nonhispanic,F,Helsinki  Uusimaa  FI,925 Storås Katu,Järvenpää,Uusimaa,Järvenpää,04410,60.48559390776946,25.11653278817742,2250.0,0.0
f1295c42-5ed3-433f-973b-b58c368dbc95,1987-12-28,,999-61-4811,S99926885,X20666463X,Mrs.,Gundel,Maczulskij,,Kass,M,white,nonhispanic,F,Espoo  Uusimaa  FI,961 Kieslich Katu,Espoo,Uusimaa,Espoo,02760,60.16039263956552,24.830694181735346,4000.0,0.0
977520a2-b1a4-4df2-a2be-fa9ad31209c1,1914-04-07,2011-02-01,999-51-8993,S99915199,X58208344X,Mr.,Yusuf,Yli-Kerttula,,,M,white,nonhispanic,M,Helsinki  Uusimaa  FI,489 Sompi Katu Unit 12,Porvoo,Uusimaa,Porvoo,06850,60.423374658699146,25.59942139739331,11487.3,0.0
a5beed6b-96ef-41f8-9cc6-df00cbeb6eae,2005-04-14,,999-20-2384,,,,Tervo,Gren,,,,white,nonhispanic,M,Espoo  Uusimaa  FI,142 Kronbäck Katu Unit 91,Vantaa,Uusimaa,Vantaa,01640,60.27661596443625,24.994640287841154,2875.0,0.0
60a44691-ab2f-44e8-8ed2-969a63c1efe6,1974-06-20,,999-14-3566,S99986325,X33686237X,Mrs.,Achieng,Otsala,,Nirkko,M,white,nonhispanic,F,Siuntio  Uusimaa  FI,779 Evilä Katu,Espoo,Uusimaa,Espoo,02360,60.18881773166831,24.63406813737592,4625.0,0.0
bd9b6563-25c6-4bae-822d-c0ce80bc8bf2,1910-12-01,,999-95-9826,S99980083,X26017977X,Ms.,Minea,Nurkka-Tuorila,,,S,white,nonhispanic,F,Helsinki  Uusimaa  FI,188 Hujakka Katu,Hyvinkää,Uusimaa,Hyvinkää,05860,60.55118800669,24.776721419296052,12250.0,0.0
c1eda501-b65a-4d6d-8207-28a95dc9f1c2,1976-03-20,,999-11-7779,S99970052,X57433668X,Mr.,Bedri,Korvenranta,,,M,white,nonhispanic,M,Helsinki  Uusimaa  FI,132 Granat Katu Suite 8,Helsinki,Uusimaa,Helsinki,00430,60.16457358154095,24.99022312151774,4500.0,0.0
3886cfcf-238a-4a72-9a5e-fdcb3978b0ed,1949-03-23,,999-22-4540,S99955776,X53597667X,Mr.,Sven-Olof,Suma,,,S,white,nonhispanic,M,Kerava  Uusimaa  FI,694 Rinta-Kyttä Katu,Helsinki,Uusimaa,Helsinki,00550,60.1315894352204,24.90542822710453,7500.0,0.0
b7b65378-7c18-4d18-a283-5d425b8b3dca,1963-05-31,,999-84-4583,S99927787,X75830458X,Mr.,Bin,Matkala,,,S,white,nonhispanic,M,Espoo  Uusimaa  FI,1037 Mäki-Uuro Katu Unit 75,Hyvinkää,Uusimaa,Hyvinkää,05810,60.636234713004534,24.868083282499374,5750.0,0.0
5009576b-f683-424e-ac04-68c68fed95ce,1971-06-06,,999-27-4352,S99953926,X49540377X,Mr.,Baran,Harkkila,,,S,white,nonhispanic,M,Helsinki  Uusimaa  FI,1010 Pihlman Katu Unit 1,Lohja,Uusimaa,Lohja,09120,60.516646538968004,24.000864707651594,4875.0,0.0
7f7e8afd-623e-47c6-be54-dae4d452c7ac,1999-07-14,,999-38-8016,S99978318,X35388827X,Mr.,Aldin,Multaniemi,,,,white,nonhispanic,M,Vantaa  Uusimaa  FI,804 Keihtä Katu,Kerava,Uusimaa,Kerava,04260,60.41257033231096,25.05205942424835,3500.0,0.0
ce63f09f-72b1-41fd-ba09-a53ca223adde,1978-12-08,,999-50-2853,S99966195,X74458944X,Mr.,Aapraham,Ruoskanen,,,M,white,nonhispanic,M,Helsinki  Uusimaa  FI,841 Apilo Katu,Raasepori,Uusimaa,Raasepori,10650,60.123610800534514,23.634825180520707,4375.0,0.0
7532eff2-f2d1-4052-aedd-daf8b9a2e321,1974-07-12,,999-93-4803,S99912503,X5497099X,Mr.,Ted,Taimioja,,,M,white,nonhispanic,M,Nurmijärvi  Uusimaa  FI,805 Seipäjärvi Katu Apt 76,Vantaa,Uusimaa,Vantaa,01510,60.272355990713976,24.91860425332299,4625.0,0.0
8b3c5d67-ff00-427a-bbfb-f2fef9ed017f,1974-03-22,,999-24-9096,S99970513,X10462888X,Ms.,Besarta,Meisaari,,,S,white,nonhispanic,F,Helsinki  Uusimaa  FI,650 Tuohisto-Kokko Katu,Espoo,Uusimaa,Espoo,02320,60.223103068478274,24.62641905846461,4625.0,0.0
87c8970e-dcdf-4419-b3cd-95b681088040,2009-08-25,,999-42-8256,,,,Varvara,Båtsman,,,,white,nonhispanic,F,Raasepori  Uusimaa  FI,460 Helmikkala Katu Apt 34,Nurmijärvi,Uusimaa,Nurmijärvi,01810,60.40893125747201,24.805466260758276,2375.0,0.0
864c7b2f-9358-4e63-b24e-0d45ced266e8,1997-05-03,,999-17-7286,S99980199,X16166080X,Ms.,Lirije,Palmgrén,,,,white,nonhispanic,F,Vihti  Uusimaa  FI,773 Rautoma Katu,Vantaa,Uusimaa,Vantaa,01520,60.31132382205246,25.052588663507564,3625.0,0.0
5ad27c8b-f34f-4430-94e7-2991ec22f7ef,1945-08-16,,999-96-1379,S99920270,X4098075X,Mr.,Mohsen,Egorov,,,M,white,nonhispanic,M,Helsinki  Uusimaa  FI,884 Karsten Katu Apt 67,Hyvinkää,Uusimaa,Hyvinkää,05510,60.67920422364314,24.83517740597694,8125.0,0.0
3701bbac-30b3-4c55-aa26-479fdd4c1681,1948-11-26,,999-64-2995,S99911112,X7825863X,Mr.,Rain,Punttila,,,M,white,nonhispanic,M,Helsinki  Uusimaa  FI,585 Kuronen Katu,Järvenpää,Uusimaa,Järvenpää,04440,60.48583329709474,25.099909108142032,7500.0,0.0
657ab840-df8f-4c87-b05b-9b89067f3a5e,2012-11-23,,999-89-6603,,,,Sena,Kaaresmaa,,,,white,nonhispanic,F,Porvoo  Uusimaa  FI,134 Holmila Katu,Espoo,Uusimaa,Espoo,02750,60.12518816442666,24.686743015481092,2000.0,0.0
859c11b7-ce19-404a-bca6-da2df6645f36,1948-04-25,,999-46-4478,S99951600,X79340014X,Mrs.,Celinda,Pajuaho,,Kaskismaa,M,white,nonhispanic,F,Helsinki  Uusimaa  FI,1065 Puntti Katu,Kauniainen,Uusimaa,Kauniainen,02700,60.2345341975819,24.750423667232052,7625.0,0.0
f657708b-473c-434f-80ec-58ce4d68ffa2,1992-05-25,,999-71-8133,S99972867,X80101481X,Mr.,Valde,Uitto,,,M,white,nonhispanic,M,Vantaa  Uusimaa  FI,399 Wörlund Katu,Vantaa,Uusimaa,Vantaa,01740,60.27206834641466,24.8351944456045,3750.0,0.0
bcfa4e34-3043-43d7-8ea0-f800fa2baf41,1914-04-07,,999-87-5451,S99944245,X82709814X,Mr.,Riiko,Pohjankunnas,,,M,white,nonhispanic,M,Helsinki  Uusimaa  FI,297 Gleisner Katu,Porvoo,Uusimaa,Porvoo,06150,60.35955981590632,25.779519459124092,11875.0,0.0
8b56ac98-72c7-4a1d-9ad9-73f17d600339,1992-09-27,,999-19-8218,S99930105,X88439542X,Mrs.,Maini,Hiito,,Tirkkonen,M,white,nonhispanic,F,Helsinki  Uusimaa  FI,279 Heininen Katu,Vantaa,Uusimaa,Vantaa,01620,60.33796471661324,24.78159915352415,3750.0,0.0
bfd50d8e-3b7a-4e5b-a702-76ef1d24b747,2003-07-07,,999-23-3816,S99965176,,,Maija-Stina,Huitula,,,,white,nonhispanic,F,Espoo  Uusimaa  FI,573 Perkkalainen Katu,Pukkila,Uusimaa,Pukkila,07565,60.661921017241845,25.534462122071588,3125.0,0.0
6e9a4ee0-41d5-4be7-9545-ed488a962aac,1987-07-24,,999-12-2614,S99992846,X17560591X,Mr.,Jalle,Kupula,,,M,white,nonhispanic,M,Vantaa  Uusimaa  FI,280 Edström Katu Unit 98,Helsinki,Uusimaa,Helsinki,00760,60.18758178630914,24.86008131651864,4000.0,0.0
8f52b2a5-7adb-4c13-af5a-f0b9bb474554,1971-02-21,,999-83-7552,S99939824,X17926608X,Mr.,Artonpoika,Massa,,,S,white,nonhispanic,M,Lohja  Uusimaa  FI,640 Vaurio Katu,Tuusula,Uusimaa,Tuusula,04310,60.471758859562904,24.958258965041914,4875.0,0.0
0c1802cf-5e68-45ed-99ed-2b974eb25fa1,2006-10-09,,999-49-3483,,,,Jarkko,Florström,,,,white,nonhispanic,M,Espoo  Uusimaa  FI,852 Lievetmursu Katu Unit 31,Espoo,Uusimaa,Espoo,02380,60.20147941140841,24.678057202781808,2750.0,0.0
80d9932b-7397-4fe7-b6b6-a75f2e77324e,1961-09-10,,999-58-5161,S99918988,X73403254X,Mr.,Teuvonpoika,Aarniala,,,M,white,nonhispanic,M,Sipoo  Uusimaa  FI,468 Kallioaho Katu Suite 40,Helsinki,Uusimaa,Helsinki,00130,60.23197957397097,24.869655899197113,6000.0,0.0
6a7c8578-9004-4502-ae71-09e987bf0529,1974-10-09,,999-58-4052,S99911986,X7236597X,Mrs.,Teresia,Jalal,,Liehu,M,white,nonhispanic,F,Lohja  Uusimaa  FI,1030 Ellmén Katu,Helsinki,Uusimaa,Helsinki,00820,60.24695659322398,24.91532178111193,4625.0,0.0
5c91c4b1-d4c2-4522-a2e0-7781a9d630ab,2005-03-13,,999-60-4720,,,,Ragnar,Tölkkö,,,,white,nonhispanic,M,Espoo  Uusimaa  FI,1060 Nevanpää Katu Apt 48,Mäntsälä,Uusimaa,Mäntsälä,04680,60.593951725383164,25.180894245670217,2875.0,0.0
61902866-8869-4f60-b40a-ad52c1daa6bd,1931-09-13,,999-94-1129,S99981872,X38413848X,Mrs.,Meeli,Velikainen,,Hackman,M,white,nonhispanic,F,Helsinki  Uusimaa  FI,357 Yli-Kuivila Katu,Nurmijärvi,Uusimaa,Nurmijärvi,05250,60.428821082924365,24.70494086616714,9625.0,0.0
8c484712-8100-4916-ba85-89bf66640c5a,1977-04-24,,999-80-7924,S99914015,X31592792X,Mrs.,Marla,Tapiovaara,,Massala,M,white,nonhispanic,F,Helsinki  Uusimaa  FI,348 Alaverronen Katu Suite 6,Vantaa,Uusimaa,Vantaa,01730,60.319224285661285,25.116362470327694,4500.0,0.0
f3155995-2087-415a-8c64-7fc301c2ca5d,1993-05-23,,999-60-6676,S99918100,X32928346X,Ms.,Selda,Kivekäs,,,,white,nonhispanic,F,Nurmijärvi  Uusimaa  FI,945 Sarkaranta Katu,Helsinki,Uusimaa,Helsinki,00610,60.16505578904889,24.99175098292021,3750.0,0.0
18550ed7-26e0-4f7c-b61d-213bf598ecc5,2014-01-21,,999-69-2731,,,,Suvi-Pauliina,Mustikkakangas,,,,white,nonhispanic,F,Helsinki  Uusimaa  FI,983 Siirilä Katu,Helsinki,Uusimaa,Helsinki,00550,60.18065383815439,24.843871592447478,2196.6800000000003,0.0
8b4fe999-2c2c-46e5-87b4-a5091b5441f4,2006-10-18,,999-66-3809,,,,Dilan,Butilkin,,,,white,nonhispanic,M,Helsinki  Uusimaa  FI,509 Kaivokallio Katu,Järvenpää,Uusimaa,Järvenpää,04430,60.491836240470846,25.110528218330952,2750.0,0.0
cdc1d92c-a566-4552-a90b-c26f69032fbe,1959-02-08,,999-54-9740,S99920631,X36116936X,Mr.,Arkko,Akkanen,,,S,white,nonhispanic,M,Espoo  Uusimaa  FI,418 Vainioniemi Katu,Helsinki,Uusimaa,Helsinki,00850,60.226731088317194,25.159099908472605,6250.0,0.0
50b8b881-bcc8-4e55-9dfc-381524b71f66,1992-05-30,,999-94-7076,S99938906,X83872360X,Mr.,Arimatti,Fyrstén,,,M,white,nonhispanic,M,Helsinki  Uusimaa  FI,200 Juupaluoma Katu,Helsinki,Uusimaa,Helsinki,00800,60.216510548214345,24.96221260844934,3978.03,0.0
58f4672e-12d0-442c-8f27-3d688f235cfb,1981-05-12,,999-52-6337,S99995354,X82239668X,Mrs.,Tabita,Laakeristo,,Bergman,M,white,nonhispanic,F,Helsinki  Uusimaa  FI,460 Lövdahl Katu,Helsinki,Uusimaa,Helsinki,00180,60.19288421867834,24.922768405642778,4471.16,0.0
0875dab8-4adb-4898-80b8-3e58dd588993,2016-02-22,,999-34-8092,,,,Alrik,Rousi,,,,white,nonhispanic,M,Helsinki  Uusimaa  FI,687 Turku Katu,Espoo,Uusimaa,Espoo,02270,60.187656278630925,24.69324679448015,1625.0,0.0
21aff8af-00b2-408c-9aba-b6ebd3b5b699,1979-11-26,,999-69-6379,S99926461,X50273655X,Mr.,Wäinämö,Hummelin,,,M,white,nonhispanic,M,Helsinki  Uusimaa  FI,489 Heijala Katu,Espoo,Uusimaa,Espoo,02340,60.08224841472762,24.718938490364668,4375.0,0.0
e892988d-47a2-4be4-9f76-000a1a7c91d5,1945-12-09,,999-65-8672,S99991881,X72477989X,Mrs.,Marjaliisa,Oravala,,Antinluoma,M,white,nonhispanic,F,Espoo  Uusimaa  FI,1072 Kampman Katu Unit 41,Vantaa,Uusimaa,Vantaa,01200,60.282360328342705,25.12789336891358,7875.0,0.0
c5d10f8f-1554-4d62-9ad3-2b9a1ccaf38d,1995-03-26,,999-12-4693,S99993149,X81923809X,Mr.,Mustafa,Kohonen,,,,white,nonhispanic,M,Vantaa  Uusimaa  FI,1040 Lehtikuusi Katu,Vihti,Uusimaa,Vihti,03400,60.48607344750717,24.58375845567562,3625.0,0.0
daa0415b-0383-4d55-a2b2-671c36ab7585,1954-04-26,,999-77-5506,S99985387,X10764561X,Mrs.,Giulia,Urrila,,Kyttälä,M,white,nonhispanic,F,Vantaa  Uusimaa  FI,914 Taavo Katu Unit 12,Espoo,Uusimaa,Espoo,02810,60.136423770678675,24.766400375141604,6875.0,0.0
12678e95-582d-4513-9a1e-924c5a570a09,1975-01-27,,999-45-9366,S99937145,X61020979X,Mr.,Juusonpoika,Vanhakylä,,,S,white,nonhispanic,M,Vantaa  Uusimaa  FI,467 Granfelt Katu,Tuusula,Uusimaa,Tuusula,04310,60.46277206782494,25.068326905325705,4625.0,0.0
876ea084-d431-41c8-bc0e-f0b5fc1d02e2,1975-09-15,,999-24-9526,S99987274,X67385305X,Mrs.,Ann-Maarit,Tarmo,,Pirttimäki,M,white,nonhispanic,F,Espoo  Uusimaa  FI,1015 Söderström Katu Apt 5,Helsinki,Uusimaa,Helsinki,00540,60.235967983156705,24.832817195177878,4625.0,0.0
fbe05646-5d39-4396-8780-7892f7153c97,2016-10-18,,999-89-7420,,,,Mandi,Barkman,,,,white,nonhispanic,F,Vantaa  Uusimaa  FI,452 Mannio Katu,Mäntsälä,Uusimaa,Mäntsälä,04940,60.65812356154209,25.426762434085198,1375.0,0.0
f48d422e-0d76-4bc3-90cc-695ba7a3dfba,1983-10-31,,999-27-7722,S99927973,X27444728X,Ms.,Santra,Ääritalo,,,S,white,nonhispanic,F,Raasepori  Uusimaa  FI,519 Lamminpää Katu,Espoo,Uusimaa,Espoo,02780,60.20270416604599,24.726060939356103,4125.0,0.0
a8af3261-ceb4-420c-ad4e-b918516ae33f,1966-10-13,,999-86-3007,S99969212,X82852784X,Mr.,Ansu,Kämpe,,,M,white,nonhispanic,M,Vantaa  Uusimaa  FI,511 Selkee Katu Unit 92,Raasepori,Uusimaa,Raasepori,10360,60.126928919923266,23.563031984944374,5375.0,0.0
3c1ddfec-b896-4b0c-b850-b0a3e8b7a64e,1935-09-12,,999-75-8110,S99950301,X49659229X,Ms.,Jenniina,Ramsay,,,S,white,nonhispanic,F,Helsinki  Uusimaa  FI,349 Laurén Katu,Vantaa,Uusimaa,Vantaa,01770,60.26734543320551,24.775663240663807,9125.0,0.0
eaf78777-adfc-40db-b13a-6f844f901a0b,2013-03-01,,999-28-2596,,,,Harald,Kirjokivi,,,,white,nonhispanic,M,Vantaa  Uusimaa  FI,1065 Ohls Katu,Helsinki,Uusimaa,Helsinki,00730,60.1967156578822,25.168894314339596,2000.0,0.0
1a3269f3-6f1d-464e-a366-950fc940a21f,1946-02-02,,999-66-5886,S99949611,X57190204X,Ms.,Leone,Huuki,,,S,white,nonhispanic,F,Kirkkonummi  Uusimaa  FI,474 Ala-Hynnilä Katu,Hanko,Uusimaa,Hanko,10820,59.79270384145566,22.962966478311134,7875.0,0.0
651b5013-a73c-433b-935f-74f0743f1a45,1998-01-16,,999-86-9467,S99935369,X72622550X,Mr.,Warsame,Hovilainen,,,,white,nonhispanic,M,Vantaa  Uusimaa  FI,915 Ratala Katu Unit 61,Porvoo,Uusimaa,Porvoo,06100,60.47992145932149,25.80953573420469,3500.0,0.0
8ad5334b-78f3-45e9-879c-0363963a8b36,1970-03-14,,999-68-9894,S99985415,X43159120X,Mrs.,Pettiina,Veija,,Linteri,M,white,nonhispanic,F,Helsinki  Uusimaa  FI,1096 Järvikuona Katu,Helsinki,Uusimaa,Helsinki,00410,60.145795806775,25.092327622446668,4875.0,0.0
f4f37bd0-dad9-4996-9d6e-f8dff0e5206f,2019-12-21,,999-12-8505,,,,Anssintytär,Lehmunen,,,,white,nonhispanic,F,Espoo  Uusimaa  FI,780 Invenius Katu,Helsinki,Uusimaa,Helsinki,00310,60.31312521583186,24.929644301466546,250.0,0.0
748c11bc-95c7-44c2-9b07-98a623e68291,1947-12-12,,999-97-8868,S99926508,X69920431X,Mr.,Ilmo,Sågbom,,,M,white,nonhispanic,M,Porvoo  Uusimaa  FI,309 Tuoretmaa Katu,Helsinki,Uusimaa,Helsinki,00160,60.27202752908899,24.961481724142285,7625.0,0.0
c737c9dc-ef43-454f-b7aa-3052497295c8,1967-10-16,,999-46-2647,S99940887,X24478608X,Mrs.,Ellie,Aroalho,,Pellonperä,M,white,nonhispanic,F,Siuntio  Uusimaa  FI,598 Keskikastari Katu,Helsinki,Uusimaa,Helsinki,00330,60.174636743700354,25.068550811711376,5250.0,0.0
2865e43b-132e-4a01-aa3b-2408dc09c9da,1931-12-02,,999-15-5377,S99929996,X70997655X,Mrs.,Janeta,Kärsämänoja,,Leimala,M,white,nonhispanic,F,Espoo  Uusimaa  FI,105 Humala Katu Apt 60,Mäntsälä,Uusimaa,Mäntsälä,04660,60.78132389726629,25.442967314257096,9625.0,0.0
e210a64a-8c54-4e2a-ac7e-3dc15c7c4ada,1980-11-30,,999-78-4047,S99964692,X34520663X,Mr.,Yosef,Nummikari,,,M,white,nonhispanic,M,Helsinki  Uusimaa  FI,891 Kalijärvi Katu,Helsinki,Uusimaa,Helsinki,00240,60.175467855544156,24.98644337913822,4250.0,0.0
8f1ddd28-7637-4782-aa5b-2f11e7aa3ff6,1976-09-25,,999-12-7627,S99985625,X26206432X,Mrs.,Evastiina,Korpilauri,,Tiikko,M,white,nonhispanic,F,Kirkkonummi  Uusimaa  FI,232 Silander Katu,Raasepori,Uusimaa,Raasepori,10350,59.95182550897898,23.564638910830737,4500.0,0.0
983f0eab-ba28-443d-9046-6f672f6d930c,1958-06-01,,999-99-5928,S99976450,X67687210X,Mr.,Béla,Norokorpi,,,M,white,nonhispanic,M,Vantaa  Uusimaa  FI,1063 Jurkko Katu Apt 26,Porvoo,Uusimaa,Porvoo,06950,60.372374787403515,25.39555798140382,13133.16,0.0
ae444202-a10e-4b1c-bea7-e4ae540cb8c9,2018-07-24,,999-18-6398,,,,Mirja-Liisa,Saarniniemi,,,,white,nonhispanic,F,Vihti  Uusimaa  FI,993 Yli-Hemminki Katu,Karkkila,Uusimaa,Karkkila,03710,60.52406854126051,24.385583963781368,1000.0,0.0
da29225c-b60f-463b-b28d-6b3c63029ee4,1965-01-27,,999-48-7963,S99963768,X79685217X,Mrs.,Ingegerd,Korpinen,,Sven,M,white,nonhispanic,F,Nurmijärvi  Uusimaa  FI,501 Sälli Katu,Helsinki,Uusimaa,Helsinki,00540,60.31119895187993,24.926140124764625,7625.0,0.0
da95a780-bd21-4876-b021-2d80ceb8d6df,2017-11-26,,999-51-1455,,,,Fathi,Länsiluoto,,,,white,nonhispanic,F,Espoo  Uusimaa  FI,973 Hätelä Katu Suite 55,Kerava,Uusimaa,Kerava,04230,60.371443088853546,25.057783364373563,1125.0,0.0
aff1631c-deab-4d42-8b39-2bafde0e4c10,1992-07-30,,999-24-8264,S99993015,X10377985X,Mr.,Leijonamieli,Ilves,,,M,white,nonhispanic,M,Espoo  Uusimaa  FI,485 Kalli Katu Apt 30,Helsinki,Uusimaa,Helsinki,00350,60.24046985159474,25.10827705791032,3750.0,0.0
1aefbf91-2957-4d06-9eeb-7e64ec9ce965,1999-10-10,,999-41-5361,S99931709,X19163662X,Mr.,Falah,Saxell,,,,white,nonhispanic,M,Helsinki  Uusimaa  FI,426 Uurtamo Katu,Kauniainen,Uusimaa,Kauniainen,02700,60.184971342209174,24.702289912504366,3500.0,0.0
1a47bd19-e236-4080-9973-6f28d6116150,1965-09-28,,999-78-4543,S99998456,X11921288X,Mr.,Ewert,Keistinen,,,M,white,nonhispanic,M,Helsinki  Uusimaa  FI,751 Stranius Katu,Helsinki,Uusimaa,Helsinki,00140,60.26946726527538,25.019850083090688,5781.13,0.0
661ee981-b354-4d1a-8e10-df348cc8a0fd,1967-04-24,,999-17-6045,S99999846,X40299956X,Mr.,Nikolas,Hiedanniemi,,,M,white,nonhispanic,M,Lohja  Uusimaa  FI,661 Kelho Katu Unit 75,Espoo,Uusimaa,Espoo,02770,60.17635389404475,24.76459518084032,5250.0,0.0
34eeaed6-2884-4332-ab41-fcdf77f07a40,1997-10-19,,999-33-5297,S99922218,X9252868X,Ms.,Ida-Mari,Nikko,,,,white,nonhispanic,F,Helsinki  Uusimaa  FI,697 Ilvonsalo Katu,Lohja,Uusimaa,Lohja,09810,60.37516534541841,23.814759331406314,3625.0,0.0
b0bf2724-6fe4-4c91-8b8b-a40b1b8a7f90,1955-12-19,,999-26-6993,S99952188,X78992130X,Mr.,Isac,Pircklén,,,M,white,nonhispanic,M,Helsinki  Uusimaa  FI,118 Pärnä Katu Suite 99,Helsinki,Uusimaa,Helsinki,00710,60.243833297805644,24.91995776189829,13449.24,0.0
ef821d04-e587-4fb3-9f3f-8003f95d65c0,1950-09-21,,999-45-1539,S99971327,X32086423X,Mrs.,Marian,Raina,,Henriksén,M,white,nonhispanic,F,Helsinki  Uusimaa  FI,1090 Häggström Katu,Askola,Uusimaa,Askola,07510,60.47449114620121,25.512637717128026,7375.0,0.0
923f804c-4802-4ed2-b4c5-c5a9934879f5,1987-01-11,,999-13-4629,S99995186,X36282923X,Mr.,Evald,Kling,,,M,white,nonhispanic,M,Helsinki  Uusimaa  FI,624 Vistilä Katu Apt 23,Helsinki,Uusimaa,Helsinki,00660,60.20538641167666,24.943044379427167,4000.0,0.0
ca9b1ba8-4019-43c9-9092-90d50dc1f200,1995-11-04,,999-96-4485,S99993569,X56971724X,Ms.,Ivanova,Hurttila,,,,white,nonhispanic,F,Helsinki  Uusimaa  FI,648 Kass Katu,Helsinki,Uusimaa,Helsinki,00120,60.172312137475295,25.03001353729606,3625.0,0.0
b056228d-814b-4f8c-969d-ab270bcf545c,1936-04-12,,999-81-1531,S99983851,X74415619X,Mrs.,Wanjiku,Iisakkala,,Aholaita,M,white,nonhispanic,F,Porvoo  Uusimaa  FI,294 Marjola Katu,Askola,Uusimaa,Askola,07530,60.49940413810689,25.70713307629372,9125.0,0.0
2ff76e19-f036-4d49-bbe6-067276b87e7d,1984-12-11,,999-78-5412,S99993596,X21498325X,Mr.,Fabio,Merkkiniemi,,,M,white,nonhispanic,M,Helsinki  Uusimaa  FI,774 Suuripää Katu,Helsinki,Uusimaa,Helsinki,00560,60.19706687702073,24.863825488507068,4125.0,0.0
c6fce536-6186-4731-b0e3-217b525c34ee,1961-11-20,,999-50-5780,S99993127,X71683615X,Mrs.,Josefin,Koskitalo,,Niinivirta,M,white,nonhispanic,F,Helsinki  Uusimaa  FI,853 Sario Katu,Espoo,Uusimaa,Espoo,02780,60.18885091391462,24.700085325228613,6000.0,0.0
01e2d529-ed67-4812-bf78-fc4529aed326,1950-09-24,,999-18-9434,S99992483,X22604273X,Mrs.,Tupuna,Kreutzman,,Ylivakeri,M,white,nonhispanic,F,Lohja  Uusimaa  FI,254 Brigatti Katu Apt 17,Helsinki,Uusimaa,Helsinki,00160,60.2721087388824,25.07194583609083,7375.0,0.0
503ecf25-234f-423b-84a5-ea4e476fb5d5,1911-11-10,1991-07-19,999-34-1795,S99931455,X49811823X,Mr.,Nuno,Ollikka,,,M,white,nonhispanic,M,Helsinki  Uusimaa  FI,899 Marjusaari Katu Unit 76,Vantaa,Uusimaa,Vantaa,01740,60.240557312625775,24.7765765441141,15038.83,0.0
f13d54cd-ea7d-4625-a892-aed169b99f5b,1911-11-10,1988-09-30,999-95-3740,S99927903,X75026604X,Mr.,Hector,Nyblom,,,M,white,nonhispanic,M,Helsinki  Uusimaa  FI,677 Meloni Katu,Vantaa,Uusimaa,Vantaa,01510,60.251537984782225,25.14458844583503,8547.12,0.0
5eb2fa0e-3803-40b7-8f30-db8ee5d87320,1911-11-10,1958-05-16,999-25-2874,S99940618,X55531643X,Mr.,Jommi,Kivenjuuri,,,M,white,nonhispanic,M,Kerava  Uusimaa  FI,637 Kiviluoto Katu Apt 11,Vantaa,Uusimaa,Vantaa,01480,60.305367564465605,24.758598292038418,4875.0,0.0
e1368406-0c5c-4c32-a411-1bdebcf71ee5,1911-11-10,,999-45-1905,S99962389,X88154690X,Mr.,Rafael,Kangasalusta,,,M,white,nonhispanic,M,Helsinki  Uusimaa  FI,1042 Hyökki Katu Apt 45,Vantaa,Uusimaa,Vantaa,01750,60.27805547396133,24.83542156441995,12572.15,0.0
