DATE,PATIENT,ENCOUNTER,CODE,DESCRIPTION,BASE_COST,REASONCODE,REASONDESCRIPTION
2013-08-09,c91a9c83-67cd-4ab0-af9f-455073ed0704,1ec5e06a-77f3-45d8-9587-4dbc147b58a5,180325003,Electrical cardioversion,22329.78,49436004,Atrial Fibrillation
2014-08-15,c91a9c83-67cd-4ab0-af9f-455073ed0704,1b9a1901-a92d-4f9b-a894-214716368820,18286008,Catheter ablation of tissue of heart,11860.80,49436004,Atrial Fibrillation
2015-08-21,c91a9c83-67cd-4ab0-af9f-455073ed0704,527d5d84-2c77-4ffe-8223-c43832606947,180325003,Electrical cardioversion,20563.50,49436004,Atrial Fibrillation
2016-08-26,c91a9c83-67cd-4ab0-af9f-455073ed0704,9f83d912-e458-4271-8196-516eaf6209e0,180325003,Electrical cardioversion,38695.55,49436004,Atrial Fibrillation
2017-09-01,c91a9c83-67cd-4ab0-af9f-455073ed0704,048cf26a-68c6-4af7-b420-c383ac0ea806,180325003,Electrical cardioversion,23806.06,49436004,Atrial Fibrillation
2018-09-07,c91a9c83-67cd-4ab0-af9f-455073ed0704,066e5c2a-8baf-484b-baeb-75cb75317149,180325003,Electrical cardioversion,31359.00,49436004,Atrial Fibrillation
2019-09-13,c91a9c83-67cd-4ab0-af9f-455073ed0704,05cd6a7d-c801-4a6f-a8fe-63b60ec1faca,180325003,Electrical cardioversion,22080.28,49436004,Atrial Fibrillation
2005-12-06,7e46e5c0-da4c-4dc3-baf4-0b4a78d13502,a3373e3b-6482-4162-bca7-3dc11e4b2372,40701008,Echocardiography (procedure),818.99,230690007,Stroke
2005-12-06,7e46e5c0-da4c-4dc3-baf4-0b4a78d13502,a3373e3b-6482-4162-bca7-3dc11e4b2372,433112001,Percutaneous mechanical thrombectomy of portal vein using fluoroscopic guidance,39494.91,230690007,Stroke
2010-11-15,52b69b32-1efe-442d-af66-c21a94c50244,6cd229ec-7b70-47e3-bf61-b9c0bd8e26fb,18286008,Catheter ablation of tissue of heart,10497.33,49436004,Atrial Fibrillation
2011-11-21,52b69b32-1efe-442d-af66-c21a94c50244,a255819a-8e48-44f2-8d1d-75f14429f01d,180325003,Electrical cardioversion,50786.89,49436004,Atrial Fibrillation
2012-11-26,52b69b32-1efe-442d-af66-c21a94c50244,459634cb-aaeb-463e-8b72-3c0d48c9da3b,180325003,Electrical cardioversion,23876.14,49436004,Atrial Fibrillation
2013-12-02,52b69b32-1efe-442d-af66-c21a94c50244,961ab3d5-d90e-4a53-b6c2-ada73c829d8b,180325003,Electrical cardioversion,33325.58,49436004,Atrial Fibrillation
2014-12-08,52b69b32-1efe-442d-af66-c21a94c50244,f1ec515e-d351-45a3-a5bd-e76067c8e599,180325003,Electrical cardioversion,34819.65,49436004,Atrial Fibrillation
2015-12-14,52b69b32-1efe-442d-af66-c21a94c50244,d72f0ada-1c24-4630-a283-2f9e91d138f1,18286008,Catheter ablation of tissue of heart,8868.96,49436004,Atrial Fibrillation
2016-12-19,52b69b32-1efe-442d-af66-c21a94c50244,0db8cc2a-8efb-4ea2-bdf5-00f3af47e3a9,180325003,Electrical cardioversion,26222.65,49436004,Atrial Fibrillation
2017-12-25,52b69b32-1efe-442d-af66-c21a94c50244,6233f9cf-b643-4e6a-a0d1-2ab298e129c6,180325003,Electrical cardioversion,17191.32,49436004,Atrial Fibrillation
2018-12-31,52b69b32-1efe-442d-af66-c21a94c50244,bce7ee6c-d2d6-498f-8287-210b0d407246,180325003,Electrical cardioversion,38131.77,49436004,Atrial Fibrillation
2020-01-06,52b69b32-1efe-442d-af66-c21a94c50244,75b91678-ee4c-45a5-bd8f-220486396d66,180325003,Electrical cardioversion,29216.27,49436004,Atrial Fibrillation
2006-12-05,977520a2-b1a4-4df2-a2be-fa9ad31209c1,a0d32944-6656-42c5-9050-9559c22c649d,180325003,Electrical cardioversion,31751.61,49436004,Atrial Fibrillation
2007-12-11,977520a2-b1a4-4df2-a2be-fa9ad31209c1,5b08cdd2-fc9e-4ce7-b377-c8c150af5319,180325003,Electrical cardioversion,50664.37,49436004,Atrial Fibrillation
2008-12-16,977520a2-b1a4-4df2-a2be-fa9ad31209c1,f21f013e-1894-43f1-8b40-98fdc4cd2f62,18286008,Catheter ablation of tissue of heart,8137.63,49436004,Atrial Fibrillation
2009-12-22,977520a2-b1a4-4df2-a2be-fa9ad31209c1,873e828f-005c-43e8-92f9-dc557de67216,18286008,Catheter ablation of tissue of heart,13653.29,49436004,Atrial Fibrillation
2010-12-28,977520a2-b1a4-4df2-a2be-fa9ad31209c1,6e12a89c-998f-466c-929d-9e52496edff1,180325003,Electrical cardioversion,23181.46,49436004,Atrial Fibrillation
2011-02-01,977520a2-b1a4-4df2-a2be-fa9ad31209c1,15c2cb2f-5c46-489b-8e61-b0f0e1e73eaa,40701008,Echocardiography (procedure),1247.20,22298006,Myocardial Infarction
2011-02-01,977520a2-b1a4-4df2-a2be-fa9ad31209c1,15c2cb2f-5c46-489b-8e61-b0f0e1e73eaa,415070008,Percutaneous coronary intervention,24341.48,22298006,Myocardial Infarction
2011-02-01,977520a2-b1a4-4df2-a2be-fa9ad31209c1,15c2cb2f-5c46-489b-8e61-b0f0e1e73eaa,232717009,Coronary artery bypass grafting,39920.20,22298006,Myocardial Infarction
2012-01-03,bcfa4e34-3043-43d7-8ea0-f800fa2baf41,824008b2-e028-4be7-bf0d-4c8fe090c185,180325003,Electrical cardioversion,22230.72,49436004,Atrial Fibrillation
2013-01-08,bcfa4e34-3043-43d7-8ea0-f800fa2baf41,6bebf08f-c2f7-4ad4-b914-65c8689cf70f,180325003,Electrical cardioversion,31877.05,49436004,Atrial Fibrillation
2014-01-14,bcfa4e34-3043-43d7-8ea0-f800fa2baf41,168dd77c-8b9c-412f-82ba-fd012702ca41,180325003,Electrical cardioversion,32758.28,49436004,Atrial Fibrillation
2015-01-20,bcfa4e34-3043-43d7-8ea0-f800fa2baf41,375fbb6f-132f-4ce9-9fbb-119128ea47fe,180325003,Electrical cardioversion,24029.62,49436004,Atrial Fibrillation
2016-01-26,bcfa4e34-3043-43d7-8ea0-f800fa2baf41,65db3cd7-062d-4e98-afc0-61f690c30d4c,180325003,Electrical cardioversion,34519.93,49436004,Atrial Fibrillation
2017-01-31,bcfa4e34-3043-43d7-8ea0-f800fa2baf41,cd1a25a5-e1d6-4129-9eb3-2d1708138eb7,180325003,Electrical cardioversion,29777.97,49436004,Atrial Fibrillation
2018-02-06,bcfa4e34-3043-43d7-8ea0-f800fa2baf41,ee1dfcdd-d033-4882-a120-f0aa0b989498,180325003,Electrical cardioversion,33781.20,49436004,Atrial Fibrillation
2019-02-12,bcfa4e34-3043-43d7-8ea0-f800fa2baf41,be9a54b6-4d6a-4d3c-b7b2-d07f1493641a,180325003,Electrical cardioversion,36750.97,49436004,Atrial Fibrillation
2020-02-18,bcfa4e34-3043-43d7-8ea0-f800fa2baf41,bbfaed8e-cc87-457c-96d9-d479296ebed1,180325003,Electrical cardioversion,17642.26,49436004,Atrial Fibrillation
2015-07-07,18550ed7-26e0-4f7c-b61d-213bf598ecc5,36ceb416-29e8-4ef1-9957-66c3ccb8a2d7,40701008,Echocardiography (procedure),1548.40,410429000,Cardiac Arrest
2015-07-07,18550ed7-26e0-4f7c-b61d-213bf598ecc5,36ceb416-29e8-4ef1-9957-66c3ccb8a2d7,447365002,Insertion of biventricular implantable cardioverter defibrillator,38116.70,410429000,Cardiac Arrest
2015-07-07,18550ed7-26e0-4f7c-b61d-213bf598ecc5,36ceb416-29e8-4ef1-9957-66c3ccb8a2d7,18286008,Catheter ablation of tissue of heart,7944.28,410429000,Cardiac Arrest
2012-09-08,50b8b881-bcc8-4e55-9dfc-381524b71f66,944a4ea2-212e-48e9-9d27-1a018cd36a17,40701008,Echocardiography (procedure),876.96,410429000,Cardiac Arrest
2012-09-08,50b8b881-bcc8-4e55-9dfc-381524b71f66,944a4ea2-212e-48e9-9d27-1a018cd36a17,447365002,Insertion of biventricular implantable cardioverter defibrillator,23279.76,410429000,Cardiac Arrest
2012-09-08,50b8b881-bcc8-4e55-9dfc-381524b71f66,944a4ea2-212e-48e9-9d27-1a018cd36a17,18286008,Catheter ablation of tissue of heart,9769.27,410429000,Cardiac Arrest
2018-05-14,b0bf2724-6fe4-4c91-8b8b-a40b1b8a7f90,d4908c60-7874-4dc2-b722-c44f26b22adb,40701008,Echocardiography (procedure),1245.12,230690007,Stroke
2018-05-14,b0bf2724-6fe4-4c91-8b8b-a40b1b8a7f90,d4908c60-7874-4dc2-b722-c44f26b22adb,433112001,Percutaneous mechanical thrombectomy of portal vein using fluoroscopic guidance,31074.04,230690007,Stroke
1991-07-19,503ecf25-234f-423b-84a5-ea4e476fb5d5,6ac43289-04d8-4171-81b5-fcb62bcd55d9,40701008,Echocardiography (procedure),1237.13,230690007,Stroke
1991-07-19,503ecf25-234f-423b-84a5-ea4e476fb5d5,6ac43289-04d8-4171-81b5-fcb62bcd55d9,433112001,Percutaneous mechanical thrombectomy of portal vein using fluoroscopic guidance,33788.47,230690007,Stroke
1988-09-30,f13d54cd-ea7d-4625-a892-aed169b99f5b,87e3a1f1-b3df-4b88-bfee-0f9a99a3fabc,40701008,Echocardiography (procedure),1321.25,22298006,Myocardial Infarction
1988-09-30,f13d54cd-ea7d-4625-a892-aed169b99f5b,87e3a1f1-b3df-4b88-bfee-0f9a99a3fabc,415070008,Percutaneous coronary intervention,24425.70,22298006,Myocardial Infarction
1988-09-30,f13d54cd-ea7d-4625-a892-aed169b99f5b,87e3a1f1-b3df-4b88-bfee-0f9a99a3fabc,232717009,Coronary artery bypass grafting,57181.94,22298006,Myocardial Infarction
1958-05-16,5eb2fa0e-3803-40b7-8f30-db8ee5d87320,8a546955-bb88-4c52-b200-145b6103f773,40701008,Echocardiography (procedure),1419.05,230690007,Stroke
1958-05-16,5eb2fa0e-3803-40b7-8f30-db8ee5d87320,8a546955-bb88-4c52-b200-145b6103f773,433112001,Percutaneous mechanical thrombectomy of portal vein using fluoroscopic guidance,19812.84,230690007,Stroke
2018-09-21,e1368406-0c5c-4c32-a411-1bdebcf71ee5,16edb553-eaf7-43a9-a880-7b4f9b37edc4,40701008,Echocardiography (procedure),1409.22,22298006,Myocardial Infarction
2018-09-21,e1368406-0c5c-4c32-a411-1bdebcf71ee5,16edb553-eaf7-43a9-a880-7b4f9b37edc4,415070008,Percutaneous coronary intervention,36745.21,22298006,Myocardial Infarction
2018-09-21,e1368406-0c5c-4c32-a411-1bdebcf71ee5,16edb553-eaf7-43a9-a880-7b4f9b37edc4,232717009,Coronary artery bypass grafting,42985.34,22298006,Myocardial Infarction
2018-09-28,e1368406-0c5c-4c32-a411-1bdebcf71ee5,9796817f-b44c-44ba-ac86-65c33771c7e2,180325003,Electrical cardioversion,28488.73,49436004,Atrial Fibrillation
2019-10-04,e1368406-0c5c-4c32-a411-1bdebcf71ee5,073db00c-04ec-4854-80c5-f8c2d1a4dabc,180325003,Electrical cardioversion,45396.97,49436004,Atrial Fibrillation
