Id,ORGANIZATION,NAME,GENDER,SPECIALITY,ADDRESS,CITY,STATE,ZIP,LAT,LON,UTILIZATION
7c2acae8-0fb6-3c23-a4e3-8d5530dcb697,319baef9-e8e6-3320-9e0b-7991d9c167b8,Rene Kujansivu,F,GENERAL PRACTICE,Haartmaninkatu 4,Helsinki,18,00290,60.189159,24.909081,2
0779f7bf-375e-38dc-ac27-8c6229a82d90,39010280-b8e5-3b1a-b835-bafbeea21968,Emina Fridolfsson,F,GENERAL PRACTICE,Turuntie 150,Espoo,18,02740,60.22589,24.77581,2
2bcc74fe-aabc-3b78-9401-e9f8990d18bf,af916982-f5f8-341b-b159-69e72695294c,Antje Kyynäräinen,F,GENERAL PRACTICE,Sairaalakatu 1,Vantaa,18,01400,60.3299,25.0608,2
d3567c73-3793-3021-983c-d4253b86ba43,b9b4f8d8-b4a7-3164-a21f-c57b0c40c3ff,Castor Halmetoja,M,GENERAL PRACTICE,Sairaalankatu 1,Hyvinkää,18,05830,60.612,24.82486,1
4f8738a0-378f-3c29-9761-60818aa793b7,d8b3cbb1-88db-3fc1-bb2b-6a9c0037e6e5,Kawa Raitala,M,GENERAL PRACTICE,Sairaalantie 1,Porvoo,18,06200,60.37911,25.69576,1
e302a2d6-fcb6-3e94-8ba5-f5655f5d1ed6,738aef7e-a279-3f65-9dba-fead16b27400,Dimi Vilonen,M,GENERAL PRACTICE,Turuntie 150,Espoo,18,02740,60.22589,24.77581,1228
db5935bf-4d4f-3939-9056-2469c0267ee0,9a3e6919-4ed0-32fe-a1e2-7184b06c415f,Per-Eric Pohju,M,GENERAL PRACTICE,Karvasmäentie 6,Espoo,18,02740,60.22011,24.6848,410
37a68732-c13c-3ecd-bab8-da2cb0b24fbd,a70486b2-c33a-37b3-a4cf-b3dc06cb9d84,Gea Pylsy,F,GENERAL PRACTICE,Sairaalakatu 1,Vantaa,18,01400,60.3299,25.0608,1103
39b5d984-b6e5-334d-ae46-cbc5c7658cb8,bf25636d-50a4-3cf2-b937-0e59fd37503f,Rene Kujansivu,F,GENERAL PRACTICE,Sairaalankatu 1,Hyvinkää,18,05830,60.612,24.82486,335
82c82a45-1fe8-326a-8612-f61eb30e0770,4eddd774-a01b-3a0b-b4c6-736a5581aba4,Dante Tiiliharju,M,GENERAL PRACTICE,Ohkolantie 10,Kellokoski,18,04500,60.53054,25.10548,375
62c14dd2-9da3-3472-a68f-ec678777f2f9,942171f0-df04-34cc-9c85-1a11b2f08717,Odelia Telekäinen,F,GENERAL PRACTICE,Sairaalatie 8,Lohja,18,08200,60.2247,24.01885,311
b16e10b2-731e-304d-bfdf-992e373f9a7f,216a84b2-6287-356d-9bcf-655abf00debb,Mirco Nordman,M,GENERAL PRACTICE,Sairaalantie 1,Porvoo,18,06200,60.37911,25.69576,520
22caab0a-350d-34a0-84ad-88c817057483,319baef9-e8e6-3320-9e0b-7991d9c167b8,Dimi Vilonen,M,GENERAL PRACTICE,Haartmaninkatu 4,Helsinki,18,00290,60.189159,24.909081,2
ff9eb9f5-4cd4-329a-8d1f-d29e8dd8f674,39010280-b8e5-3b1a-b835-bafbeea21968,Gea Pylsy,F,GENERAL PRACTICE,Turuntie 150,Espoo,18,02740,60.22589,24.77581,1
7c99f382-4964-38cb-a9b9-2fc039ee35e9,af916982-f5f8-341b-b159-69e72695294c,Dante Tiiliharju,M,GENERAL PRACTICE,Sairaalakatu 1,Vantaa,18,01400,60.3299,25.0608,1
c3e9be6e-3870-3c4e-8b4b-99a5489eb74d,d8b3cbb1-88db-3fc1-bb2b-6a9c0037e6e5,Joaquim Lusua,M,GENERAL PRACTICE,Sairaalantie 1,Porvoo,18,06200,60.37911,25.69576,2
