location_id,address_1,address_2,city,state,zip,county,location_source_value
3718,812 Viitikko Katu Apt 63,,Helsinki,Uusimaa,00510,Helsinki,be119cd8-d5b4-4380-934a-0af276972155
3719,150 Sulkama Katu,,Vantaa,Uusimaa,01750,Vantaa,34339e05-283e-4e57-a18e-b83e0997ac7c
3720,400 Sallila Katu Unit 74,,Espoo,Uusimaa,02230,Espoo,70dfbb61-0fb1-452b-bc2b-cebdee9d1579
3721,729 Jaanu Katu,,Porvoo,Uusimaa,07370,Porvoo,422b0e5e-625e-467f-b54a-2155e90111a8
3722,597 Ukkola Katu,,Mäntsälä,Uusimaa,04840,Mäntsälä,b0dd1dac-fd4d-4bb7-b455-b69046c979e6
3723,624 Jiang Katu,,Helsinki,Uusimaa,00830,Helsinki,d55e18f1-c94e-498d-abb1-f5d5f0cdb505
3724,145 Saine Katu,,Järvenpää,Uusimaa,04440,Järvenpää,edf2830f-6403-44ba-b4b6-d001193d5f26
3725,909 Kamppuri Katu Apt 53,,Lohja,Uusimaa,09220,Lohja,6b485b38-ad9b-4869-98bc-5ec10f756a63
3726,158 Kupi Katu Unit 16,,Helsinki,Uusimaa,00700,Helsinki,e3f23118-0bec-4715-b962-97d98d8f9636
3727,404 Tocklin Katu Apt 1,,Espoo,Uusimaa,02920,Espoo,15c9f0e2-e203-4aba-9c44-dcd1289c5b62
3728,328 Jankeri Katu Suite 79,,Helsinki,Uusimaa,00520,Helsinki,af784d77-b4cb-4124-ab94-de563dae6c38
3729,295 Anttiroiko Katu,,Hyvinkää,Uusimaa,05880,Hyvinkää,f4fc6331-49cb-47ed-8d55-95e31e0e78f6
3730,757 Uusi-Rantala Katu Apt 8,,Helsinki,Uusimaa,00370,Helsinki,78822d9d-1a58-4841-8d2e-220088faa09b
3731,652 Karppi Katu Apt 4,,Tuusula,Uusimaa,04330,Tuusula,253a829d-ba2c-4e46-bd20-f35ade9d61e9
3732,258 Tuompo Katu Apt 37,,Espoo,Uusimaa,02810,Espoo,7e681e5c-99d4-463d-b4fe-dc649c19a10a
3733,166 Matinniemi Katu,,Helsinki,Uusimaa,00730,Helsinki,b4ab13a9-a672-4d00-bef8-54c2300239e5
3734,369 Paasonen Katu,,Helsinki,Uusimaa,00200,Helsinki,212b3f13-810f-49ed-ba84-e37977c84dbb
3735,108 Turves Katu,,Helsinki,Uusimaa,00870,Helsinki,27c1c8b8-e039-4995-a11c-16e8d2613ca5
3736,130 Filjuta Katu,,Helsinki,Uusimaa,00510,Helsinki,26b78728-db44-429f-a1c8-aa7942d117a8
3737,583 Taulu Katu Unit 68,,Espoo,Uusimaa,02100,Espoo,ea16c5ef-040a-42fb-8449-49e92a141992
3738,397 Vaajamo Katu Unit 52,,Espoo,Uusimaa,02240,Espoo,937400fd-072c-4ddb-8446-36085c9ea987
3739,975 Sunikka Katu,,Helsinki,Uusimaa,00100,Helsinki,946c020a-34d0-4b7e-9764-5bd6b7053b07
3740,623 Honkela Katu Apt 19,,Helsinki,Uusimaa,00400,Helsinki,6a6fd0d0-2ca4-4acd-b8e1-31683e4233d6
3741,871 Tersa Katu Suite 24,,Helsinki,Uusimaa,00160,Helsinki,91327787-e247-4104-8c3d-98b31b01e88d
3742,1021 Niiniharju Katu,,Karkkila,Uusimaa,03600,Karkkila,ddab64b8-f26b-4713-b478-ac3f719f5826
3743,133 Punkka Katu Apt 46,,Porvoo,Uusimaa,07220,Porvoo,fbbd15d9-fafc-4de7-b577-1bb1bd7d3500
3744,112 Juurela Katu Suite 86,,Kerava,Uusimaa,04250,Kerava,dc34de8b-c5bb-4ef0-b9de-df8984ea7034
3745,262 Kubin Katu Unit 92,,Sipoo,Uusimaa,04240,Sipoo,347d4c09-266a-47de-9d26-9c969e8d6aca
3746,780 Tyykilä Katu Unit 20,,Helsinki,Uusimaa,00500,Helsinki,63ce20c1-df88-4f94-a5ba-09fb3df86c02
3747,905 Rinta-Koski Katu Unit 88,,Helsinki,Uusimaa,00120,Helsinki,3253a621-bfe6-423f-a16f-5c36d77e4fb8
3748,660 Laiti Katu Suite 27,,Lohja,Uusimaa,08100,Lohja,7c8c25dc-aba1-4df2-9c64-834ef1b4f601
3749,342 Huynh Katu,,Vantaa,Uusimaa,01280,Vantaa,1e068eab-7c5c-419d-bf0e-2a003fddb8b9
3750,304 Raivola Katu,,Vantaa,Uusimaa,01670,Vantaa,346217da-e8f1-4d23-8b61-7488a6a3bb1a
3751,347 Soukka Katu,,Sipoo,Uusimaa,01190,Sipoo,4bb60744-6fe8-4d8a-829e-3f0c9342a09b
3752,273 Kousa Katu Unit 76,,Espoo,Uusimaa,02100,Espoo,088ad0b8-79dd-4560-91a2-0018ba9caf71
3753,887 Clemes Katu,,Tuusula,Uusimaa,04500,Tuusula,b1a92350-cbb5-4e6e-993e-4bfe4cd7cca3
3754,664 Paatsola Katu Suite 63,,Vantaa,Uusimaa,01620,Vantaa,4c8384e9-d0f8-4bfe-a68f-8d19f73282c8
3755,533 Laari Katu Unit 35,,Espoo,Uusimaa,02230,Espoo,2a6bb146-cd17-4171-be48-1bcfc1c0d679
3756,368 Erjansalo Katu Apt 74,,Espoo,Uusimaa,02940,Espoo,b1b26b25-e9ba-4df5-9781-05b73eea28f1
3757,382 Sytelä Katu,,Helsinki,Uusimaa,00170,Helsinki,eb0d2168-242e-4e39-8cc1-73c28fd56c31
3758,107 Akrenius Katu,,Helsinki,Uusimaa,00160,Helsinki,4ff9482f-e6a6-49f9-990e-776a288ca258
3759,940 Kiijärvi Katu,,Raasepori,Uusimaa,10600,Raasepori,1f166a10-7a63-4a52-8b61-722dbcd09b34
3760,578 Käld Katu Unit 62,,Nurmijärvi,Uusimaa,01940,Nurmijärvi,b0e4c6fc-9b74-44dc-815f-40c39706c9d4
3761,266 Ahvenniemi Katu Apt 66,,Helsinki,Uusimaa,00940,Helsinki,726156ec-9e26-4266-870e-8e8c2f9af4bf
3762,495 Repo Katu,,Helsinki,Uusimaa,00710,Helsinki,ef858e7f-fcaf-4537-a658-d2fdc1ea457e
3763,311 Hujala Katu Unit 79,,Vantaa,Uusimaa,01350,Vantaa,f5db7357-f76f-4c55-9436-425886a3cc81
3764,308 Marila Katu,,Helsinki,Uusimaa,00400,Helsinki,38d722a8-7174-4827-8cf5-70d22980b1b4
3765,553 Eskola Katu,,Helsinki,Uusimaa,00350,Helsinki,674a5cce-1cbc-42f5-bf18-eecef7822bef
3766,221 Järvimaa Katu,,Helsinki,Uusimaa,00510,Helsinki,58e45f8f-7598-497e-b8c8-80f09b05983f
3767,876 Lauttaanaho Katu Suite 55,,Espoo,Uusimaa,02330,Espoo,e9f08b91-1857-4c5f-bfd3-8ac54724f09d
3768,586 Jurmu Katu Unit 34,,Vantaa,Uusimaa,01380,Vantaa,272c6b41-ef03-4fde-ba8a-56de1c69c4ef
3769,948 Yli-Alho Katu Unit 12,,Helsinki,Uusimaa,00750,Helsinki,bf2c65c6-7a28-4c30-b2ce-ede5a306021c
3770,671 Kuja-Halkola Katu,,Vantaa,Uusimaa,01420,Vantaa,80e234fd-ef76-4ce6-9ab6-f8bd920fab92
3771,494 Ravander Katu,,Helsinki,Uusimaa,00920,Helsinki,39708955-88dc-4fb6-84be-1fba3fc70872
3772,1007 Kytökangas Katu Apt 84,,Helsinki,Uusimaa,00280,Helsinki,7c3585ea-9298-484d-aa45-9cb7b0116574
3773,451 Alipirjelä Katu Apt 60,,Helsinki,Uusimaa,00740,Helsinki,32370de4-37f3-483f-8d12-0a86b54da224
3774,165 Kalliolinna Katu Apt 48,,Vantaa,Uusimaa,01620,Vantaa,cca07beb-1314-4f4b-95d3-78e1ce8038dd
3775,399 Niiniluoto Katu Unit 32,,Helsinki,Uusimaa,00560,Helsinki,8ba85ab6-abc5-4a8b-8224-76f5119a272c
3776,326 Vuontisvaara Katu Unit 45,,Helsinki,Uusimaa,00300,Helsinki,4575f39a-bb80-4dfe-8538-938d00d7d679
3777,386 Laipio Katu Apt 98,,Espoo,Uusimaa,02380,Espoo,e1b57297-493c-4900-9b83-dbf6105a3e9c
3778,1023 Kulluvaara Katu,,Espoo,Uusimaa,02660,Espoo,d17a5efe-0748-41f0-9590-0ab84371443e
3779,778 Brander Katu Suite 49,,Vantaa,Uusimaa,01480,Vantaa,04240fba-924e-4733-a5b1-25b533dc452e
3780,170 Hyryläinen Katu,,Helsinki,Uusimaa,00250,Helsinki,88836e4f-144d-4e63-984f-08211f469719
3781,262 Liikala Katu,,Helsinki,Uusimaa,00730,Helsinki,49bed002-1edc-4c0a-9e95-ef94631aa5df
3782,825 Apilo Katu,,Helsinki,Uusimaa,00180,Helsinki,2e806cf7-cb45-447f-85ab-8b6c05c2b00f
3783,149 Karukka Katu Unit 84,,Porvoo,Uusimaa,07410,Porvoo,a4723c23-930c-4d2d-86d7-4bc791399200
3784,694 Tölmälä Katu,,Vantaa,Uusimaa,01640,Vantaa,d0d22ac8-d26d-4f21-930a-717b10a200d7
3785,874 Saloviin Katu,,Kirkkonummi,Uusimaa,02450,Kirkkonummi,d4b3034a-4491-4050-969e-e33bb3d96168
3786,599 Ilvesoksa Katu,,Espoo,Uusimaa,02360,Espoo,78d58324-4b39-4201-a913-f428eb3f456b
3787,841 Ravolainen Katu,,Helsinki,Uusimaa,00590,Helsinki,a597fc46-ef1b-4cde-8a6f-e91969ac6795
3788,567 Dahlbäck Katu Suite 43,,Hyvinkää,Uusimaa,05510,Hyvinkää,3434cf36-50ce-4011-9f57-923539f8184e
3789,1093 Antikainen Katu Unit 35,,Helsinki,Uusimaa,00310,Helsinki,9f789bd2-98f5-45f6-b107-7c8559a582ba
3790,672 Sjölander Katu Apt 20,,Helsinki,Uusimaa,00340,Helsinki,e5a80a5a-9fa4-42fc-92dc-9a195a9122d4
3791,115 Kivisoja Katu Unit 7,,Helsinki,Uusimaa,00140,Helsinki,633f7488-dec0-4084-98fc-a44d00f0a275
3792,227 Himberg Katu Unit 63,,Vantaa,Uusimaa,01530,Vantaa,0cc1826b-8346-4d70-9533-f36420de9cb2
3793,994 Palviainen Katu,,Espoo,Uusimaa,02180,Espoo,c5f7f690-9987-4990-a858-4aeea96b4d9a
3794,976 Alin Katu,,Kerava,Uusimaa,04220,Kerava,2c890ed1-a688-466d-98b9-75288286c83d
3795,911 Oivaranta Katu Apt 71,,Kerava,Uusimaa,04250,Kerava,14ae3d48-a2d3-4977-8b1f-c19233d3a3f1
3796,1042 Ahtola Katu,,Hyvinkää,Uusimaa,05810,Hyvinkää,6c5fd543-924c-4d16-82fb-94484919ffb5
3797,268 Hongell Katu Apt 39,,Vantaa,Uusimaa,01530,Vantaa,33628ad8-53ae-4894-86e6-42428af6b3d3
3798,742 Westergren Katu,,Vantaa,Uusimaa,01490,Vantaa,2fcc4683-52a0-400f-add6-a39291eb6151
3799,1009 Kupela Katu,,Vantaa,Uusimaa,01510,Vantaa,4dc37352-2dcc-4dd5-b740-c4c2536f020b
3800,997 Jokimaa Katu,,Vantaa,Uusimaa,01530,Vantaa,c6068590-9fff-4656-96ac-4efe2ea4f720
3801,1071 Sallmén Katu,,Helsinki,Uusimaa,00820,Helsinki,4c89f899-8c03-48fa-9842-47b1cc3624b5
3802,474 Länsiluoto Katu Suite 15,,Hyvinkää,Uusimaa,05820,Hyvinkää,d17f59f1-2a4c-4c6f-b98b-dda9b4aa81e2
3803,257 Vähä-Herttua Katu,,Vantaa,Uusimaa,01600,Vantaa,a8930fa1-cf94-4c8d-8c09-7d0cab08cbfc
3804,657 Lohiniva Katu Apt 36,,Vantaa,Uusimaa,01490,Vantaa,f226fb40-c905-439f-9341-d2de05013355
3805,388 Juntti Katu,,Vantaa,Uusimaa,01700,Vantaa,aa67d4e2-8823-4e64-b4c2-aa418fcfbd0d
3806,208 Lindh Katu,,Tuusula,Uusimaa,05430,Tuusula,25bbb8c9-bfce-4099-ad60-46326ba368b7
3807,854 Vasankari Katu,,Helsinki,Uusimaa,00620,Helsinki,a3419cb1-15a0-4b92-894b-023538bfe601
3808,451 Kuntola Katu,,Kirkkonummi,Uusimaa,02540,Kirkkonummi,f6b28328-fed8-4715-a0ea-6faed291f62c
3809,573 Kaijomaa Katu,,Espoo,Uusimaa,02300,Espoo,049245a8-b158-4f94-a988-5ceb3f100e8d
3810,982 Teppo Katu,,Helsinki,Uusimaa,00160,Helsinki,b0df81aa-39b3-4f6f-a19f-7bf824d3db2b
3811,467 Tiuttu Katu Suite 51,,Hyvinkää,Uusimaa,05880,Hyvinkää,0144b24b-4e2f-4636-baef-9765a3fba1ab
3812,370 Alalahti Katu Apt 72,,Loviisa,Uusimaa,07920,Loviisa,a6793255-d7a6-4b13-b5d6-63dbaed34c6e
3813,885 Vehmaskangas Katu Apt 90,,Nurmijärvi,Uusimaa,01860,Nurmijärvi,29e75d7c-5162-431b-b92c-60e0b58eaf8d
3814,665 Sarkanen Katu,,Helsinki,Uusimaa,00900,Helsinki,f1af6a72-010d-4718-8403-c2b215186ce7
3815,517 Ruusuvirta Katu,,Espoo,Uusimaa,02730,Espoo,b6706964-60b0-43b0-87a9-47790e3ffdb4
3816,706 Filpus Katu,,Vantaa,Uusimaa,01360,Vantaa,b416c8f7-12de-4a84-bd77-eaed60f0a2f6
3817,211 Säynäjäkangas Katu Unit 29,,Espoo,Uusimaa,02740,Espoo,924b9c1a-8789-4e04-a1ba-78176e33aee3
3818,342 Irri Katu Unit 53,,Helsinki,Uusimaa,00630,Helsinki,80c62dca-3470-4270-a0e1-fa7c663b41b7
