person_id,gender_concept_id,year_of_birth,month_of_birth,day_of_birth,birth_datetime,race_concept_id,ethnicity_concept_id,location_id,provider_id,care_site_id,person_source_value,gender_source_value,gender_source_concept_id,race_source_value,race_source_concept_id,ethnicity_source_value,ethnicity_source_concept_id
3718,8532,1984,7,24,,8527,0,3718,,,be119cd8-d5b4-4380-934a-0af276972155,F,0,white,0,nonhispanic,0
3719,8532,1984,5,13,,8527,0,3719,,,34339e05-283e-4e57-a18e-b83e0997ac7c,F,0,white,0,nonhispanic,0
3720,8532,1978,3,25,,8527,0,3720,,,70dfbb61-0fb1-452b-bc2b-cebdee9d1579,F,0,white,0,nonhispanic,0
3721,8507,1975,6,16,,8527,0,3721,,,422b0e5e-625e-467f-b54a-2155e90111a8,M,0,white,0,nonhispanic,0
3722,8507,1972,5,9,,8527,0,3722,,,b0dd1dac-fd4d-4bb7-b455-b69046c979e6,M,0,white,0,nonhispanic,0
3723,8532,1969,5,23,,8527,0,3723,,,d55e18f1-c94e-498d-abb1-f5d5f0cdb505,F,0,white,0,nonhispanic,0
3724,8507,2010,12,25,,8527,0,3724,,,edf2830f-6403-44ba-b4b6-d001193d5f26,M,0,white,0,nonhispanic,0
3725,8532,2003,8,25,,8527,0,3725,,,6b485b38-ad9b-4869-98bc-5ec10f756a63,F,0,white,0,nonhispanic,0
3726,8507,1991,9,6,,8527,0,3726,,,e3f23118-0bec-4715-b962-97d98d8f9636,M,0,white,0,nonhispanic,0
3727,8507,2018,8,6,,8527,0,3727,,,15c9f0e2-e203-4aba-9c44-dcd1289c5b62,M,0,white,0,nonhispanic,0
3728,8532,2014,4,25,,8527,0,3728,,,af784d77-b4cb-4124-ab94-de563dae6c38,F,0,white,0,nonhispanic,0
3729,8532,1940,8,12,,8527,0,3729,,,f4fc6331-49cb-47ed-8d55-95e31e0e78f6,F,0,white,0,nonhispanic,0
3730,8507,1971,6,22,,8527,0,3730,,,78822d9d-1a58-4841-8d2e-220088faa09b,M,0,white,0,nonhispanic,0
3731,8532,1922,10,27,,8527,0,3731,,,253a829d-ba2c-4e46-bd20-f35ade9d61e9,F,0,white,0,nonhispanic,0
3732,8507,1955,11,1,,8527,0,3732,,,7e681e5c-99d4-463d-b4fe-dc649c19a10a,M,0,white,0,nonhispanic,0
3733,8507,1988,3,24,,8527,0,3733,,,b4ab13a9-a672-4d00-bef8-54c2300239e5,M,0,white,0,nonhispanic,0
3734,8507,1974,10,25,,8527,0,3734,,,212b3f13-810f-49ed-ba84-e37977c84dbb,M,0,white,0,nonhispanic,0
3735,8507,1972,6,5,,8527,0,3735,,,27c1c8b8-e039-4995-a11c-16e8d2613ca5,M,0,white,0,nonhispanic,0
3736,8507,1977,11,20,,8527,0,3736,,,26b78728-db44-429f-a1c8-aa7942d117a8,M,0,white,0,nonhispanic,0
3737,8532,1938,7,15,,8527,0,3737,,,ea16c5ef-040a-42fb-8449-49e92a141992,F,0,white,0,nonhispanic,0
3738,8507,1921,11,2,,8527,0,3738,,,937400fd-072c-4ddb-8446-36085c9ea987,M,0,white,0,nonhispanic,0
3739,8532,2010,12,19,,8527,0,3739,,,946c020a-34d0-4b7e-9764-5bd6b7053b07,F,0,white,0,nonhispanic,0
3740,8507,1975,3,11,,8527,0,3740,,,6a6fd0d0-2ca4-4acd-b8e1-31683e4233d6,M,0,white,0,nonhispanic,0
3741,8507,1985,8,23,,8527,0,3741,,,91327787-e247-4104-8c3d-98b31b01e88d,M,0,white,0,nonhispanic,0
3742,8532,1949,5,29,,8527,0,3742,,,ddab64b8-f26b-4713-b478-ac3f719f5826,F,0,white,0,nonhispanic,0
3743,8532,1947,10,18,,8527,0,3743,,,fbbd15d9-fafc-4de7-b577-1bb1bd7d3500,F,0,white,0,nonhispanic,0
3744,8507,2010,1,15,,8527,0,3744,,,dc34de8b-c5bb-4ef0-b9de-df8984ea7034,M,0,white,0,nonhispanic,0
3745,8532,1955,7,25,,8527,0,3745,,,347d4c09-266a-47de-9d26-9c969e8d6aca,F,0,white,0,nonhispanic,0
3746,8532,1987,10,10,,8527,0,3746,,,63ce20c1-df88-4f94-a5ba-09fb3df86c02,F,0,white,0,nonhispanic,0
3747,8532,1942,3,27,,8527,0,3747,,,3253a621-bfe6-423f-a16f-5c36d77e4fb8,F,0,white,0,nonhispanic,0
3748,8507,1946,5,12,,8527,0,3748,,,7c8c25dc-aba1-4df2-9c64-834ef1b4f601,M,0,white,0,nonhispanic,0
3749,8532,1972,6,16,,8527,0,3749,,,1e068eab-7c5c-419d-bf0e-2a003fddb8b9,F,0,white,0,nonhispanic,0
3750,8507,1972,12,1,,8527,0,3750,,,346217da-e8f1-4d23-8b61-7488a6a3bb1a,M,0,white,0,nonhispanic,0
3751,8507,1997,12,10,,8527,0,3751,,,4bb60744-6fe8-4d8a-829e-3f0c9342a09b,M,0,white,0,nonhispanic,0
3752,8532,1946,9,5,,8527,0,3752,,,088ad0b8-79dd-4560-91a2-0018ba9caf71,F,0,white,0,nonhispanic,0
3753,8507,1977,2,5,,8527,0,3753,,,b1a92350-cbb5-4e6e-993e-4bfe4cd7cca3,M,0,white,0,nonhispanic,0
3754,8532,1947,2,7,,8527,0,3754,,,4c8384e9-d0f8-4bfe-a68f-8d19f73282c8,F,0,white,0,nonhispanic,0
3755,8507,2005,3,2,,8527,0,3755,,,2a6bb146-cd17-4171-be48-1bcfc1c0d679,M,0,white,0,nonhispanic,0
3756,8507,2006,2,11,,8527,0,3756,,,b1b26b25-e9ba-4df5-9781-05b73eea28f1,M,0,white,0,nonhispanic,0
3757,8507,2017,7,1,,8527,0,3757,,,eb0d2168-242e-4e39-8cc1-73c28fd56c31,M,0,white,0,nonhispanic,0
3758,8507,1970,1,17,,8527,0,3758,,,4ff9482f-e6a6-49f9-990e-776a288ca258,M,0,white,0,nonhispanic,0
3759,8507,2012,9,29,,8527,0,3759,,,1f166a10-7a63-4a52-8b61-722dbcd09b34,M,0,white,0,nonhispanic,0
3760,8532,2004,2,7,,8527,0,3760,,,b0e4c6fc-9b74-44dc-815f-40c39706c9d4,F,0,white,0,nonhispanic,0
3761,8532,1985,10,23,,8527,0,3761,,,726156ec-9e26-4266-870e-8e8c2f9af4bf,F,0,white,0,nonhispanic,0
3762,8507,1983,12,30,,8527,0,3762,,,ef858e7f-fcaf-4537-a658-d2fdc1ea457e,M,0,white,0,nonhispanic,0
3763,8507,1993,11,3,,8527,0,3763,,,f5db7357-f76f-4c55-9436-425886a3cc81,M,0,white,0,nonhispanic,0
3764,8532,1965,7,25,,8527,0,3764,,,38d722a8-7174-4827-8cf5-70d22980b1b4,F,0,white,0,nonhispanic,0
3765,8507,1995,8,4,,8527,0,3765,,,674a5cce-1cbc-42f5-bf18-eecef7822bef,M,0,white,0,nonhispanic,0
3766,8532,1980,12,7,,8527,0,3766,,,58e45f8f-7598-497e-b8c8-80f09b05983f,F,0,white,0,nonhispanic,0
3767,8532,1959,10,29,,8527,0,3767,,,e9f08b91-1857-4c5f-bfd3-8ac54724f09d,F,0,white,0,nonhispanic,0
3768,8507,2013,7,26,,8527,0,3768,,,272c6b41-ef03-4fde-ba8a-56de1c69c4ef,M,0,white,0,nonhispanic,0
3769,8507,1971,12,22,,8527,0,3769,,,bf2c65c6-7a28-4c30-b2ce-ede5a306021c,M,0,white,0,nonhispanic,0
3770,8532,1952,4,18,,8527,0,3770,,,80e234fd-ef76-4ce6-9ab6-f8bd920fab92,F,0,white,0,nonhispanic,0
3771,8532,1969,9,30,,8527,0,3771,,,39708955-88dc-4fb6-84be-1fba3fc70872,F,0,white,0,nonhispanic,0
3772,8532,1996,10,8,,8527,0,3772,,,7c3585ea-9298-484d-aa45-9cb7b0116574,F,0,white,0,nonhispanic,0
3773,8532,1980,10,31,,8527,0,3773,,,32370de4-37f3-483f-8d12-0a86b54da224,F,0,white,0,nonhispanic,0
3774,8507,1991,7,11,,8527,0,3774,,,cca07beb-1314-4f4b-95d3-78e1ce8038dd,M,0,white,0,nonhispanic,0
3775,8507,2016,10,20,,8527,0,3775,,,8ba85ab6-abc5-4a8b-8224-76f5119a272c,M,0,white,0,nonhispanic,0
3776,8532,2017,3,20,,8527,0,3776,,,4575f39a-bb80-4dfe-8538-938d00d7d679,F,0,white,0,nonhispanic,0
3777,8532,2010,2,27,,8527,0,3777,,,e1b57297-493c-4900-9b83-dbf6105a3e9c,F,0,white,0,nonhispanic,0
3778,8507,1980,5,15,,8527,0,3778,,,d17a5efe-0748-41f0-9590-0ab84371443e,M,0,white,0,nonhispanic,0
3779,8507,1961,1,11,,8527,0,3779,,,04240fba-924e-4733-a5b1-25b533dc452e,M,0,white,0,nonhispanic,0
3780,8507,1982,3,19,,8527,0,3780,,,88836e4f-144d-4e63-984f-08211f469719,M,0,white,0,nonhispanic,0
3781,8532,1980,3,7,,8527,0,3781,,,49bed002-1edc-4c0a-9e95-ef94631aa5df,F,0,white,0,nonhispanic,0
3782,8532,1949,2,25,,8527,0,3782,,,2e806cf7-cb45-447f-85ab-8b6c05c2b00f,F,0,white,0,nonhispanic,0
3783,8532,1966,8,13,,8527,0,3783,,,a4723c23-930c-4d2d-86d7-4bc791399200,F,0,white,0,nonhispanic,0
3784,8507,1945,2,24,,8527,0,3784,,,d0d22ac8-d26d-4f21-930a-717b10a200d7,M,0,white,0,nonhispanic,0
3785,8507,2006,7,4,,8527,0,3785,,,d4b3034a-4491-4050-969e-e33bb3d96168,M,0,white,0,nonhispanic,0
3786,8507,1980,5,15,,8527,0,3786,,,78d58324-4b39-4201-a913-f428eb3f456b,M,0,white,0,nonhispanic,0
3787,8532,1973,11,14,,8527,0,3787,,,a597fc46-ef1b-4cde-8a6f-e91969ac6795,F,0,white,0,nonhispanic,0
3788,8532,1984,3,20,,8527,0,3788,,,3434cf36-50ce-4011-9f57-923539f8184e,F,0,white,0,nonhispanic,0
3789,8532,2019,1,2,,8527,0,3789,,,9f789bd2-98f5-45f6-b107-7c8559a582ba,F,0,white,0,nonhispanic,0
3790,8532,1975,6,2,,8527,0,3790,,,e5a80a5a-9fa4-42fc-92dc-9a195a9122d4,F,0,white,0,nonhispanic,0
3791,8507,1964,12,2,,8527,0,3791,,,633f7488-dec0-4084-98fc-a44d00f0a275,M,0,white,0,nonhispanic,0
3792,8532,1950,8,16,,8527,0,3792,,,0cc1826b-8346-4d70-9533-f36420de9cb2,F,0,white,0,nonhispanic,0
3793,8507,2010,10,23,,8527,0,3793,,,c5f7f690-9987-4990-a858-4aeea96b4d9a,M,0,white,0,nonhispanic,0
3794,8507,1981,3,4,,8527,0,3794,,,2c890ed1-a688-466d-98b9-75288286c83d,M,0,white,0,nonhispanic,0
3795,8507,2002,3,3,,8527,0,3795,,,14ae3d48-a2d3-4977-8b1f-c19233d3a3f1,M,0,white,0,nonhispanic,0
3796,8507,1960,6,16,,8527,0,3796,,,6c5fd543-924c-4d16-82fb-94484919ffb5,M,0,white,0,nonhispanic,0
3797,8532,1986,9,9,,8527,0,3797,,,33628ad8-53ae-4894-86e6-42428af6b3d3,F,0,white,0,nonhispanic,0
3798,8507,1993,6,3,,8527,0,3798,,,2fcc4683-52a0-400f-add6-a39291eb6151,M,0,white,0,nonhispanic,0
3799,8532,1961,8,9,,8527,0,3799,,,4dc37352-2dcc-4dd5-b740-c4c2536f020b,F,0,white,0,nonhispanic,0
3800,8532,1958,9,30,,8527,0,3800,,,c6068590-9fff-4656-96ac-4efe2ea4f720,F,0,white,0,nonhispanic,0
3801,8507,1984,12,26,,8527,0,3801,,,4c89f899-8c03-48fa-9842-47b1cc3624b5,M,0,white,0,nonhispanic,0
3802,8532,1957,12,6,,8527,0,3802,,,d17f59f1-2a4c-4c6f-b98b-dda9b4aa81e2,F,0,white,0,nonhispanic,0
3803,8507,1977,12,7,,8527,0,3803,,,a8930fa1-cf94-4c8d-8c09-7d0cab08cbfc,M,0,white,0,nonhispanic,0
3804,8532,1974,9,9,,8527,0,3804,,,f226fb40-c905-439f-9341-d2de05013355,F,0,white,0,nonhispanic,0
3805,8507,1984,6,16,,8527,0,3805,,,aa67d4e2-8823-4e64-b4c2-aa418fcfbd0d,M,0,white,0,nonhispanic,0
3806,8507,1983,10,22,,8527,0,3806,,,25bbb8c9-bfce-4099-ad60-46326ba368b7,M,0,white,0,nonhispanic,0
3807,8532,1961,5,19,,8527,0,3807,,,a3419cb1-15a0-4b92-894b-023538bfe601,F,0,white,0,nonhispanic,0
3808,8532,1965,9,8,,8527,0,3808,,,f6b28328-fed8-4715-a0ea-6faed291f62c,F,0,white,0,nonhispanic,0
3809,8532,1948,11,10,,8527,0,3809,,,049245a8-b158-4f94-a988-5ceb3f100e8d,F,0,white,0,nonhispanic,0
3810,8532,1998,6,28,,8527,0,3810,,,b0df81aa-39b3-4f6f-a19f-7bf824d3db2b,F,0,white,0,nonhispanic,0
3811,8507,1945,6,28,,8527,0,3811,,,0144b24b-4e2f-4636-baef-9765a3fba1ab,M,0,white,0,nonhispanic,0
3812,8532,1954,12,20,,8527,0,3812,,,a6793255-d7a6-4b13-b5d6-63dbaed34c6e,F,0,white,0,nonhispanic,0
3813,8532,2002,4,8,,8527,0,3813,,,29e75d7c-5162-431b-b92c-60e0b58eaf8d,F,0,white,0,nonhispanic,0
3814,8532,1985,3,22,,8527,0,3814,,,f1af6a72-010d-4718-8403-c2b215186ce7,F,0,white,0,nonhispanic,0
3815,8507,1993,1,23,,8527,0,3815,,,b6706964-60b0-43b0-87a9-47790e3ffdb4,M,0,white,0,nonhispanic,0
3816,8507,1979,9,15,,8527,0,3816,,,b416c8f7-12de-4a84-bd77-eaed60f0a2f6,M,0,white,0,nonhispanic,0
3817,8507,1960,7,27,,8527,0,3817,,,924b9c1a-8789-4e04-a1ba-78176e33aee3,M,0,white,0,nonhispanic,0
3818,8507,1952,8,22,,8527,0,3818,,,80c62dca-3470-4270-a0e1-fa7c663b41b7,M,0,white,0,nonhispanic,0
