location_id,address_1,address_2,city,state,zip,county,location_source_value
4026,151 Partia Katu Unit 16,,Espoo,Uusimaa,02160,Espoo,9df146d0-ed6f-4026-8413-cacfe30c7a16
4027,766 Lahnasalo Katu Apt 92,,Espoo,Uusimaa,02280,Espoo,fffecd73-7877-4ec5-8420-bb3bc3ea8897
4028,891 Äärelä Katu,,Espoo,Uusimaa,02860,Espoo,73ce3c37-bed6-4845-b418-8f4f2c5679bb
4029,410 Lauhasmaa Katu Unit 5,,Espoo,Uusimaa,02200,Espoo,d56d849a-04c1-4138-b1a3-b0d26f618949
4030,625 Tiirinki Katu,,Helsinki,Uusimaa,00780,Helsinki,46c385e5-9b84-41d3-8c3e-d008d1a8388f
4031,955 Perttala Katu,,Helsinki,Uusimaa,00290,Helsinki,30ea8143-e2c3-4547-91e8-b4bb96e48c8c
4032,615 Pakkanen Katu Unit 16,,Helsinki,Uusimaa,00190,Helsinki,e730d865-a783-4e42-b132-100bb4b845ab
4033,717 Kylkisalo Katu,,Espoo,Uusimaa,02680,Espoo,896c6835-4600-42a9-b24c-11439cea1c0e
4034,689 Assola Katu,,Helsinki,Uusimaa,00870,Helsinki,0ab369cd-e0ab-4ce5-809e-688248771711
4035,576 Joas Katu Apt 5,,Mäntsälä,Uusimaa,04600,Mäntsälä,70e905d5-aeb6-4397-b696-4554e108c72e
4036,551 Ahovalli Katu Apt 12,,Lohja,Uusimaa,03870,Lohja,85a4c7e8-132b-4c8f-b0eb-95b451830c9f
4037,633 Topra Katu,,Kerava,Uusimaa,04230,Kerava,bcd804b8-31a1-4860-b2c6-8e2df7a5a6d6
4038,788 Rännäri Katu,,Vantaa,Uusimaa,01710,Vantaa,427faa89-7380-4b35-9679-e32e4a2e8bb0
4039,752 Saarelma Katu,,Vantaa,Uusimaa,01680,Vantaa,644e0321-26df-4d10-90d7-db74c3454801
4040,908 Halmeenmäki Katu Suite 33,,Vantaa,Uusimaa,01660,Vantaa,2b38cd04-e578-421f-8f33-db410e892491
4041,199 Salonaho Katu Unit 85,,Helsinki,Uusimaa,00850,Helsinki,dc9cac64-5472-4d2f-8948-cb659d789224
4042,547 Kuorelahti Katu,,Helsinki,Uusimaa,00410,Helsinki,9174c5a4-922d-4b19-9f37-674f210517a4
4043,921 Mälkönen Katu Unit 89,,Espoo,Uusimaa,02770,Espoo,10779fdf-df02-42ca-a996-eeb4c76d7aa0
4044,193 Ruoppa Katu,,Lohja,Uusimaa,03810,Lohja,fc31bcdc-8267-4621-976e-c014db103b58
4045,566 Valtanen Katu Suite 59,,Helsinki,Uusimaa,00170,Helsinki,964adbf3-78fc-4958-8a36-71071747c07d
4046,857 Aspegrén Katu Unit 97,,Helsinki,Uusimaa,00440,Helsinki,431819f6-416c-4015-b7d8-9d0ec505f1bd
4047,327 Hyytinen Katu Apt 66,,Vantaa,Uusimaa,01530,Vantaa,7de86386-58a3-4b34-b45f-4858d9a055ca
4048,574 Almenoksa Katu Apt 81,,Vantaa,Uusimaa,01380,Vantaa,fd566326-399a-49a7-9acf-f38dac57901c
4049,101 Toom Katu Suite 97,,Lohja,Uusimaa,08360,Lohja,25c3c525-338b-4b91-93ac-8b563abfa69e
4050,112 Ujala Katu Unit 11,,Helsinki,Uusimaa,00250,Helsinki,8a896b25-ec3d-4dfe-9f90-5407ecdcbe0a
4051,372 Törnroth Katu Suite 67,,Helsinki,Uusimaa,00580,Helsinki,49ab378d-ff66-4040-a2b4-62f8d2b6f63d
4052,340 Koskensalo Katu Unit 70,,Vihti,Uusimaa,03250,Vihti,1bcbce6a-34d2-432f-bb54-aeabef9c0902
4053,952 Lepikko Katu,,Siuntio,Uusimaa,02570,Siuntio,916ed2e5-bf7e-4649-b6f7-7aa411fc64ce
4054,890 Tingander Katu,,Vantaa,Uusimaa,01750,Vantaa,ab310815-3e22-4e9e-9923-696d2bebf5b0
4055,1060 Lähti Katu,,Helsinki,Uusimaa,00900,Helsinki,e5585c12-f2e6-4d15-bf8a-af7aa52be86b
4056,355 Helisvuori Katu,,Helsinki,Uusimaa,00440,Helsinki,aa0a7e9d-5401-4b77-9268-5944f150d1f4
4057,472 Välijeesiö Katu Apt 42,,Espoo,Uusimaa,02780,Espoo,9b3d73b3-30d5-4d0d-97c9-6a32f116963b
4058,470 Haapasalmi Katu Unit 90,,Espoo,Uusimaa,02770,Espoo,9f5c0be9-95af-47b1-8a01-5ecc028fbeee
4059,214 Syrjä Katu Unit 6,,Kirkkonummi,Uusimaa,02390,Kirkkonummi,1d40afbe-cd93-4164-92b7-b055ec2cca2c
4060,502 Viteli Katu,,Helsinki,Uusimaa,00890,Helsinki,444d801d-25e6-4ae3-9dd9-84e3d64b22ee
4061,1038 Tittonen Katu Apt 0,,Helsinki,Uusimaa,00530,Helsinki,9dceba9e-4228-453c-8586-4efe7d71e294
4062,260 Murray Katu,,Vantaa,Uusimaa,01380,Vantaa,b716dca5-717b-48bc-8c5e-f89d3895f2d8
4063,239 Broms Katu,,Helsinki,Uusimaa,00780,Helsinki,3b604384-27b9-46f4-bfd0-9e3bb37745f8
4064,703 Marttala Katu,,Kirkkonummi,Uusimaa,02400,Kirkkonummi,6647b3da-c276-4802-9036-f20a828ace01
4065,607 Masanen Katu,,Espoo,Uusimaa,02380,Espoo,c8f7e1e1-76ec-4e71-bc5b-ca3f98892a1c
4066,670 Kiviperä Katu Suite 55,,Helsinki,Uusimaa,00180,Helsinki,38c4d79a-d30f-408f-a381-95a8a3d30aeb
4067,921 Hyseni Katu,,Vantaa,Uusimaa,01260,Vantaa,2e1573e3-4f93-4ab9-9617-0f791c29e4ae
4068,243 Korin Katu,,Vantaa,Uusimaa,01690,Vantaa,291b6c6f-c95b-4a4e-86ef-e4504f894403
4069,371 Parta Katu,,Hyvinkää,Uusimaa,05720,Hyvinkää,dd30bf0d-41ca-487a-aba8-7d52bdb5d178
4070,234 Toni Katu Apt 22,,Espoo,Uusimaa,02260,Espoo,a643fb62-b48e-476c-a128-ad701f7d5908
4071,777 Karaksela Katu Suite 12,,Raasepori,Uusimaa,10300,Raasepori,531981b4-46ba-400c-b354-6588de293021
4072,123 Korenius Katu Suite 52,,Vantaa,Uusimaa,01660,Vantaa,06eb4224-4402-49c8-b768-ae14681dbe49
4073,207 Hakalisto Katu,,Hyvinkää,Uusimaa,05830,Hyvinkää,94fc65d3-c3da-4d95-8498-b64e48337952
4074,962 Myllyoja Katu,,Espoo,Uusimaa,02170,Espoo,30c5ec3e-25e4-400f-b480-b3b69605a56f
4075,845 Tikkaoja Katu,,Kerava,Uusimaa,04260,Kerava,9e542799-5ae7-46bd-a44e-f89e09cf64cd
4076,532 Kytösaho Katu Unit 10,,Vihti,Uusimaa,03430,Vihti,a11dc003-55a5-47f4-a50d-f166c11dc8fb
4077,918 Kulmalahti Katu Unit 45,,Vantaa,Uusimaa,01520,Vantaa,fd09c3ff-5110-47ad-b35f-426d28a8857e
4078,130 Pussinen Katu,,Vihti,Uusimaa,03100,Vihti,ab4dc2f8-dc95-42a7-b927-77450cbf0ea1
4079,662 Hammari Katu Apt 44,,Helsinki,Uusimaa,00560,Helsinki,d4f22a07-60b4-46d8-a428-e0e4d9639b8b
4080,577 Lankila Katu Unit 23,,Espoo,Uusimaa,02810,Espoo,610724d8-e7c0-434b-8f44-29de4af3405f
4081,115 Kuopus Katu Unit 9,,Lohja,Uusimaa,08500,Lohja,cf726c7c-54ce-493a-a63d-b1bfb5b7316b
4082,413 Juudin Katu Apt 89,,Lohja,Uusimaa,08100,Lohja,318c1290-df62-445b-b344-8d972891374e
4083,995 Huotinen Katu,,Loviisa,Uusimaa,07910,Loviisa,08c54ca1-de67-4f35-9ef5-8168ef456530
4084,455 Voutilainen Katu Unit 3,,Vantaa,Uusimaa,01280,Vantaa,93d2a088-4b6d-4436-af50-f5218ab2ee32
4085,127 Merenlahti Katu Apt 98,,Espoo,Uusimaa,02820,Espoo,a592afd2-e92c-4e6c-9c49-d27727d1d0c5
4086,387 Suosaari Katu,,Helsinki,Uusimaa,00200,Helsinki,54f40b5f-f408-494b-9419-8e439d2060f1
4087,998 Saahko Katu,,Sipoo,Uusimaa,06880,Sipoo,2585e149-3267-49b0-9fe6-aab7e060ecb8
4088,913 Kilpi Katu Suite 16,,Helsinki,Uusimaa,00820,Helsinki,04b5ea4e-7fb5-48f7-88f7-b789f2a7c2b4
4089,765 Joenkoski Katu,,Kirkkonummi,Uusimaa,02550,Kirkkonummi,09af5d5e-b88d-40b7-8d47-77bce1faf005
4090,547 Juurikivi Katu Unit 79,,Vantaa,Uusimaa,01680,Vantaa,7c0a75c0-56a0-4de1-8142-3ba4185b3daf
4091,495 Langinen Katu,,Helsinki,Uusimaa,00210,Helsinki,480a0b2f-5dcb-49aa-940f-fbe78a937ddd
4092,288 Ala-Luhtala Katu,,Porvoo,Uusimaa,07110,Porvoo,f275fd10-6e13-4147-83e2-f036c45c0bab
4093,502 Pihlainen Katu,,Nurmijärvi,Uusimaa,01810,Nurmijärvi,19b6354d-eb46-4b7a-a56b-63b7ca4e5ffe
4094,294 Skyttén Katu,,Helsinki,Uusimaa,00130,Helsinki,de06e9e7-c228-4b61-82d9-39ff4e2d53ce
4095,580 Grefberg Katu Unit 3,,Espoo,Uusimaa,02250,Espoo,38ed4e5c-fc46-45ae-9260-48e7856c228b
4096,606 Tempakka Katu Apt 0,,Lapinjärvi,Uusimaa,47350,Lapinjärvi,d94a8b82-2017-48a3-aa97-cab56e5e8476
4097,1054 Viittanen Katu,,Helsinki,Uusimaa,00510,Helsinki,f720d424-8022-451f-84ed-c585d81403a2
4098,211 Verkkosaari Katu,,Helsinki,Uusimaa,00680,Helsinki,563e6d18-68cc-4f04-a1c0-efee395e5d0b
4099,742 Tenn Katu Apt 77,,Helsinki,Uusimaa,00570,Helsinki,038ab1aa-8126-4023-8ed9-fbd995685135
4100,287 Teurajärvi Katu,,Helsinki,Uusimaa,00880,Helsinki,443d9b07-9924-44bd-a868-86db24d3d11c
4101,185 Säiniö Katu,,Espoo,Uusimaa,02300,Espoo,ce7ac636-b40e-4f2e-8538-a04f78b7a58d
4102,841 Viertoma Katu,,Tuusula,Uusimaa,04330,Tuusula,82026e6e-a5fa-448d-aead-3d0cefb7cdbf
4103,528 Fleming Katu,,Karkkila,Uusimaa,03600,Karkkila,738a006c-f4a5-4750-94f9-4bc922692fe1
4104,245 Metz Katu,,Vantaa,Uusimaa,01650,Vantaa,e94284cb-25e8-48b4-a82c-d00076a91352
4105,734 Köster Katu,,Helsinki,Uusimaa,00530,Helsinki,93a84576-3904-42d9-aac1-6be5c101ca24
4106,643 Vaelma Katu,,Helsinki,Uusimaa,00680,Helsinki,923c800e-692f-4354-8e91-263bae13ecc4
4107,199 Kaatikko Katu Unit 80,,Helsinki,Uusimaa,00860,Helsinki,c651a3a5-9b06-48e4-83ba-8cfdf6c524a2
4108,570 Varje Katu Apt 53,,Vantaa,Uusimaa,01360,Vantaa,a0368edb-b422-4bea-9fc6-85a34841b6f8
4109,381 Raistakka Katu Unit 10,,Järvenpää,Uusimaa,04440,Järvenpää,2863ec21-d1a9-499b-abce-34695d365156
4110,1085 Silpola Katu,,Helsinki,Uusimaa,00880,Helsinki,3f606998-3ff9-41aa-91b4-d719922654c7
4111,420 Louhimo Katu Apt 13,,Nurmijärvi,Uusimaa,01840,Nurmijärvi,b6ba5c2f-356a-49bb-b874-177ca55e79b1
4112,849 Parkkola Katu Apt 37,,Espoo,Uusimaa,02140,Espoo,f5aac91c-c1a0-4159-a109-8c75188cc338
4113,726 Leviäkangas Katu Apt 31,,Nurmijärvi,Uusimaa,01900,Nurmijärvi,c149df45-57c0-4193-8d43-f87ca860b71c
4114,127 Ala-Nikula Katu,,Helsinki,Uusimaa,00910,Helsinki,6ddbcd20-215f-491c-b5e1-406c6685cf88
4115,893 Rantatorikka Katu Suite 66,,Tuusula,Uusimaa,04340,Tuusula,270c9c03-30c5-48e5-8bba-753115dd2d84
4116,394 Olkoniemi Katu,,Siuntio,Uusimaa,02580,Siuntio,020f58e1-4d0e-4f29-a8d2-0d53e5cf0173
4117,492 Pahkajärvi Katu,,Siuntio,Uusimaa,02580,Siuntio,b2d7f5d5-d580-4e4c-8a28-a84c15256633
4118,623 Reinhardt Katu,,Vantaa,Uusimaa,01700,Vantaa,dbc6fc86-089c-4442-ba98-32a4fd0af63c
4119,942 Niittyaro Katu,,Helsinki,Uusimaa,00200,Helsinki,c1d94605-5355-48a1-a4b3-b10b0475992c
4120,273 Thiel Katu Apt 59,,Vantaa,Uusimaa,01600,Vantaa,604c76b2-4a7d-491b-80fc-f2192b2c424c
4121,256 Rotkirch Katu,,Vantaa,Uusimaa,01670,Vantaa,85daefae-60cc-49a5-bd5e-a631f767cd21
4122,143 Mansikkasalo Katu Unit 84,,Kirkkonummi,Uusimaa,02450,Kirkkonummi,3164ad58-5481-4749-8cc0-9617064f6007
4123,538 Hyväluoma Katu,,Espoo,Uusimaa,02920,Espoo,8c616e87-438d-4024-acb9-320e9fd6bc6d
4124,1015 Jolula Katu,,Vantaa,Uusimaa,01630,Vantaa,769c0718-368b-4bb4-8357-055123dc346e
4125,529 Jalvanti Katu Suite 62,,Vantaa,Uusimaa,01360,Vantaa,7efde271-b2af-44a3-be13-a0103cc11fa0
4126,896 Tynjälä Katu Unit 51,,Nurmijärvi,Uusimaa,01820,Nurmijärvi,eb826d62-ffe1-4fa1-8597-f849af3b8d93
4127,686 Mitro Katu,,Lohja,Uusimaa,09810,Lohja,a459b106-0f4e-4450-829c-5d9bcb1f8c0d
