person_id,gender_concept_id,year_of_birth,month_of_birth,day_of_birth,birth_datetime,race_concept_id,ethnicity_concept_id,location_id,provider_id,care_site_id,person_source_value,gender_source_value,gender_source_concept_id,race_source_value,race_source_concept_id,ethnicity_source_value,ethnicity_source_concept_id
4026,8532,1989,1,7,,8527,0,4026,,,9df146d0-ed6f-4026-8413-cacfe30c7a16,F,0,white,0,nonhispanic,0
4027,8532,1983,1,16,,8527,0,4027,,,fffecd73-7877-4ec5-8420-bb3bc3ea8897,F,0,white,0,nonhispanic,0
4028,8532,1978,10,31,,8527,0,4028,,,73ce3c37-bed6-4845-b418-8f4f2c5679bb,F,0,white,0,nonhispanic,0
4029,8507,1964,6,21,,8527,0,4029,,,d56d849a-04c1-4138-b1a3-b0d26f618949,M,0,white,0,nonhispanic,0
4030,8507,1966,9,28,,8527,0,4030,,,46c385e5-9b84-41d3-8c3e-d008d1a8388f,M,0,white,0,nonhispanic,0
4031,8532,1961,3,3,,8527,0,4031,,,30ea8143-e2c3-4547-91e8-b4bb96e48c8c,F,0,white,0,nonhispanic,0
4032,8532,1963,5,16,,8527,0,4032,,,e730d865-a783-4e42-b132-100bb4b845ab,F,0,white,0,nonhispanic,0
4033,8532,1942,8,26,,8527,0,4033,,,896c6835-4600-42a9-b24c-11439cea1c0e,F,0,white,0,nonhispanic,0
4034,8507,1979,4,10,,8527,0,4034,,,0ab369cd-e0ab-4ce5-809e-688248771711,M,0,white,0,nonhispanic,0
4035,8507,2008,11,19,,8527,0,4035,,,70e905d5-aeb6-4397-b696-4554e108c72e,M,0,white,0,nonhispanic,0
4036,8532,1958,5,22,,8527,0,4036,,,85a4c7e8-132b-4c8f-b0eb-95b451830c9f,F,0,white,0,nonhispanic,0
4037,8532,1972,6,7,,8527,0,4037,,,bcd804b8-31a1-4860-b2c6-8e2df7a5a6d6,F,0,white,0,nonhispanic,0
4038,8532,1914,6,5,,8527,0,4038,,,427faa89-7380-4b35-9679-e32e4a2e8bb0,F,0,white,0,nonhispanic,0
4039,8532,1958,7,5,,8527,0,4039,,,644e0321-26df-4d10-90d7-db74c3454801,F,0,white,0,nonhispanic,0
4040,8532,1946,11,17,,8527,0,4040,,,2b38cd04-e578-421f-8f33-db410e892491,F,0,white,0,nonhispanic,0
4041,8532,2002,5,28,,8527,0,4041,,,dc9cac64-5472-4d2f-8948-cb659d789224,F,0,white,0,nonhispanic,0
4042,8532,1963,5,16,,8527,0,4042,,,9174c5a4-922d-4b19-9f37-674f210517a4,F,0,white,0,nonhispanic,0
4043,8507,2006,6,10,,8527,0,4043,,,10779fdf-df02-42ca-a996-eeb4c76d7aa0,M,0,white,0,nonhispanic,0
4044,8507,1958,5,27,,8527,0,4044,,,fc31bcdc-8267-4621-976e-c014db103b58,M,0,white,0,nonhispanic,0
4045,8532,2003,5,9,,8527,0,4045,,,964adbf3-78fc-4958-8a36-71071747c07d,F,0,white,0,nonhispanic,0
4046,8507,2005,2,16,,8527,0,4046,,,431819f6-416c-4015-b7d8-9d0ec505f1bd,M,0,white,0,nonhispanic,0
4047,8532,1989,10,10,,8527,0,4047,,,7de86386-58a3-4b34-b45f-4858d9a055ca,F,0,white,0,nonhispanic,0
4048,8532,2013,8,12,,8527,0,4048,,,fd566326-399a-49a7-9acf-f38dac57901c,F,0,white,0,nonhispanic,0
4049,8507,1968,8,2,,8527,0,4049,,,25c3c525-338b-4b91-93ac-8b563abfa69e,M,0,white,0,nonhispanic,0
4050,8532,1999,9,16,,8527,0,4050,,,8a896b25-ec3d-4dfe-9f90-5407ecdcbe0a,F,0,white,0,nonhispanic,0
4051,8532,2013,1,15,,8527,0,4051,,,49ab378d-ff66-4040-a2b4-62f8d2b6f63d,F,0,white,0,nonhispanic,0
4052,8532,2004,8,7,,8527,0,4052,,,1bcbce6a-34d2-432f-bb54-aeabef9c0902,F,0,white,0,nonhispanic,0
4053,8507,1977,6,20,,8527,0,4053,,,916ed2e5-bf7e-4649-b6f7-7aa411fc64ce,M,0,white,0,nonhispanic,0
4054,8507,1945,2,26,,8527,0,4054,,,ab310815-3e22-4e9e-9923-696d2bebf5b0,M,0,white,0,nonhispanic,0
4055,8532,1980,5,16,,8527,0,4055,,,e5585c12-f2e6-4d15-bf8a-af7aa52be86b,F,0,white,0,nonhispanic,0
4056,8532,1991,5,14,,8527,0,4056,,,aa0a7e9d-5401-4b77-9268-5944f150d1f4,F,0,white,0,nonhispanic,0
4057,8532,2018,11,3,,8527,0,4057,,,9b3d73b3-30d5-4d0d-97c9-6a32f116963b,F,0,white,0,nonhispanic,0
4058,8507,2000,12,31,,8527,0,4058,,,9f5c0be9-95af-47b1-8a01-5ecc028fbeee,M,0,white,0,nonhispanic,0
4059,8507,2005,6,3,,8527,0,4059,,,1d40afbe-cd93-4164-92b7-b055ec2cca2c,M,0,white,0,nonhispanic,0
4060,8507,1973,1,20,,8527,0,4060,,,444d801d-25e6-4ae3-9dd9-84e3d64b22ee,M,0,white,0,nonhispanic,0
4061,8507,1959,2,19,,8527,0,4061,,,9dceba9e-4228-453c-8586-4efe7d71e294,M,0,white,0,nonhispanic,0
4062,8532,1973,1,8,,8527,0,4062,,,b716dca5-717b-48bc-8c5e-f89d3895f2d8,F,0,white,0,nonhispanic,0
4063,8532,1943,8,6,,8527,0,4063,,,3b604384-27b9-46f4-bfd0-9e3bb37745f8,F,0,white,0,nonhispanic,0
4064,8507,2019,10,7,,8527,0,4064,,,6647b3da-c276-4802-9036-f20a828ace01,M,0,white,0,nonhispanic,0
4065,8532,2001,3,27,,8527,0,4065,,,c8f7e1e1-76ec-4e71-bc5b-ca3f98892a1c,F,0,white,0,nonhispanic,0
4066,8507,1956,8,20,,8527,0,4066,,,38c4d79a-d30f-408f-a381-95a8a3d30aeb,M,0,white,0,nonhispanic,0
4067,8532,1987,5,8,,8527,0,4067,,,2e1573e3-4f93-4ab9-9617-0f791c29e4ae,F,0,white,0,nonhispanic,0
4068,8532,1987,3,19,,8527,0,4068,,,291b6c6f-c95b-4a4e-86ef-e4504f894403,F,0,white,0,nonhispanic,0
4069,8532,1945,7,17,,8527,0,4069,,,dd30bf0d-41ca-487a-aba8-7d52bdb5d178,F,0,white,0,nonhispanic,0
4070,8507,1969,8,18,,8527,0,4070,,,a643fb62-b48e-476c-a128-ad701f7d5908,M,0,white,0,nonhispanic,0
4071,8507,1967,8,31,,8527,0,4071,,,531981b4-46ba-400c-b354-6588de293021,M,0,white,0,nonhispanic,0
4072,8507,1996,3,16,,8527,0,4072,,,06eb4224-4402-49c8-b768-ae14681dbe49,M,0,white,0,nonhispanic,0
4073,8532,1986,1,17,,8527,0,4073,,,94fc65d3-c3da-4d95-8498-b64e48337952,F,0,white,0,nonhispanic,0
4074,8507,1990,3,10,,8527,0,4074,,,30c5ec3e-25e4-400f-b480-b3b69605a56f,M,0,white,0,nonhispanic,0
4075,8507,2018,5,12,,8527,0,4075,,,9e542799-5ae7-46bd-a44e-f89e09cf64cd,M,0,white,0,nonhispanic,0
4076,8507,1989,5,28,,8527,0,4076,,,a11dc003-55a5-47f4-a50d-f166c11dc8fb,M,0,white,0,nonhispanic,0
4077,8507,1964,5,26,,8527,0,4077,,,fd09c3ff-5110-47ad-b35f-426d28a8857e,M,0,white,0,nonhispanic,0
4078,8532,2019,7,17,,8527,0,4078,,,ab4dc2f8-dc95-42a7-b927-77450cbf0ea1,F,0,white,0,nonhispanic,0
4079,8507,1979,6,8,,8527,0,4079,,,d4f22a07-60b4-46d8-a428-e0e4d9639b8b,M,0,white,0,nonhispanic,0
4080,8507,2006,9,28,,8527,0,4080,,,610724d8-e7c0-434b-8f44-29de4af3405f,M,0,white,0,nonhispanic,0
4081,8532,1997,6,22,,8527,0,4081,,,cf726c7c-54ce-493a-a63d-b1bfb5b7316b,F,0,white,0,nonhispanic,0
4082,8507,1973,6,7,,8527,0,4082,,,318c1290-df62-445b-b344-8d972891374e,M,0,white,0,nonhispanic,0
4083,8507,1988,1,20,,8527,0,4083,,,08c54ca1-de67-4f35-9ef5-8168ef456530,M,0,white,0,nonhispanic,0
4084,8507,1970,4,24,,8527,0,4084,,,93d2a088-4b6d-4436-af50-f5218ab2ee32,M,0,white,0,nonhispanic,0
4085,8532,2017,5,5,,8527,0,4085,,,a592afd2-e92c-4e6c-9c49-d27727d1d0c5,F,0,white,0,nonhispanic,0
4086,8507,1967,11,15,,8527,0,4086,,,54f40b5f-f408-494b-9419-8e439d2060f1,M,0,white,0,nonhispanic,0
4087,8507,1965,6,29,,8527,0,4087,,,2585e149-3267-49b0-9fe6-aab7e060ecb8,M,0,white,0,nonhispanic,0
4088,8532,1962,7,10,,8527,0,4088,,,04b5ea4e-7fb5-48f7-88f7-b789f2a7c2b4,F,0,white,0,nonhispanic,0
4089,8532,1940,9,11,,8527,0,4089,,,09af5d5e-b88d-40b7-8d47-77bce1faf005,F,0,white,0,nonhispanic,0
4090,8507,1995,2,12,,8527,0,4090,,,7c0a75c0-56a0-4de1-8142-3ba4185b3daf,M,0,white,0,nonhispanic,0
4091,8507,2012,5,27,,8527,0,4091,,,480a0b2f-5dcb-49aa-940f-fbe78a937ddd,M,0,white,0,nonhispanic,0
4092,8507,1962,2,7,,8527,0,4092,,,f275fd10-6e13-4147-83e2-f036c45c0bab,M,0,white,0,nonhispanic,0
4093,8532,1972,7,23,,8527,0,4093,,,19b6354d-eb46-4b7a-a56b-63b7ca4e5ffe,F,0,white,0,nonhispanic,0
4094,8532,1969,8,16,,8527,0,4094,,,de06e9e7-c228-4b61-82d9-39ff4e2d53ce,F,0,white,0,nonhispanic,0
4095,8532,1958,9,3,,8527,0,4095,,,38ed4e5c-fc46-45ae-9260-48e7856c228b,F,0,white,0,nonhispanic,0
4096,8532,1950,4,28,,8527,0,4096,,,d94a8b82-2017-48a3-aa97-cab56e5e8476,F,0,white,0,nonhispanic,0
4097,8532,2003,3,2,,8527,0,4097,,,f720d424-8022-451f-84ed-c585d81403a2,F,0,white,0,nonhispanic,0
4098,8507,2016,8,14,,8527,0,4098,,,563e6d18-68cc-4f04-a1c0-efee395e5d0b,M,0,white,0,nonhispanic,0
4099,8507,2013,1,16,,8527,0,4099,,,038ab1aa-8126-4023-8ed9-fbd995685135,M,0,white,0,nonhispanic,0
4100,8507,1983,8,28,,8527,0,4100,,,443d9b07-9924-44bd-a868-86db24d3d11c,M,0,white,0,nonhispanic,0
4101,8507,1959,12,20,,8527,0,4101,,,ce7ac636-b40e-4f2e-8538-a04f78b7a58d,M,0,white,0,nonhispanic,0
4102,8507,1980,3,22,,8527,0,4102,,,82026e6e-a5fa-448d-aead-3d0cefb7cdbf,M,0,white,0,nonhispanic,0
4103,8507,1945,8,19,,8527,0,4103,,,738a006c-f4a5-4750-94f9-4bc922692fe1,M,0,white,0,nonhispanic,0
4104,8532,1983,5,8,,8527,0,4104,,,e94284cb-25e8-48b4-a82c-d00076a91352,F,0,white,0,nonhispanic,0
4105,8532,1958,10,14,,8527,0,4105,,,93a84576-3904-42d9-aac1-6be5c101ca24,F,0,white,0,nonhispanic,0
4106,8507,1979,8,26,,8527,0,4106,,,923c800e-692f-4354-8e91-263bae13ecc4,M,0,white,0,nonhispanic,0
4107,8507,1987,5,29,,8527,0,4107,,,c651a3a5-9b06-48e4-83ba-8cfdf6c524a2,M,0,white,0,nonhispanic,0
4108,8507,2009,3,12,,8527,0,4108,,,a0368edb-b422-4bea-9fc6-85a34841b6f8,M,0,white,0,nonhispanic,0
4109,8507,1984,5,7,,8527,0,4109,,,2863ec21-d1a9-499b-abce-34695d365156,M,0,white,0,nonhispanic,0
4110,8532,2014,3,23,,8527,0,4110,,,3f606998-3ff9-41aa-91b4-d719922654c7,F,0,white,0,nonhispanic,0
4111,8507,1940,11,8,,8527,0,4111,,,b6ba5c2f-356a-49bb-b874-177ca55e79b1,M,0,white,0,nonhispanic,0
4112,8532,1969,1,27,,8527,0,4112,,,f5aac91c-c1a0-4159-a109-8c75188cc338,F,0,white,0,nonhispanic,0
4113,8507,1941,4,9,,8527,0,4113,,,c149df45-57c0-4193-8d43-f87ca860b71c,M,0,white,0,nonhispanic,0
4114,8532,1997,9,19,,8527,0,4114,,,6ddbcd20-215f-491c-b5e1-406c6685cf88,F,0,white,0,nonhispanic,0
4115,8532,2000,10,14,,8527,0,4115,,,270c9c03-30c5-48e5-8bba-753115dd2d84,F,0,white,0,nonhispanic,0
4116,8532,1975,8,10,,8527,0,4116,,,020f58e1-4d0e-4f29-a8d2-0d53e5cf0173,F,0,white,0,nonhispanic,0
4117,8532,1963,5,25,,8527,0,4117,,,b2d7f5d5-d580-4e4c-8a28-a84c15256633,F,0,white,0,nonhispanic,0
4118,8507,1976,1,15,,8527,0,4118,,,dbc6fc86-089c-4442-ba98-32a4fd0af63c,M,0,white,0,nonhispanic,0
4119,8507,1980,10,22,,8527,0,4119,,,c1d94605-5355-48a1-a4b3-b10b0475992c,M,0,white,0,nonhispanic,0
4120,8532,1975,6,29,,8527,0,4120,,,604c76b2-4a7d-491b-80fc-f2192b2c424c,F,0,white,0,nonhispanic,0
4121,8507,1981,2,22,,8527,0,4121,,,85daefae-60cc-49a5-bd5e-a631f767cd21,M,0,white,0,nonhispanic,0
4122,8532,1974,7,6,,8527,0,4122,,,3164ad58-5481-4749-8cc0-9617064f6007,F,0,white,0,nonhispanic,0
4123,8507,1995,8,28,,8527,0,4123,,,8c616e87-438d-4024-acb9-320e9fd6bc6d,M,0,white,0,nonhispanic,0
4124,8532,2002,10,15,,8527,0,4124,,,769c0718-368b-4bb4-8357-055123dc346e,F,0,white,0,nonhispanic,0
4125,8532,1997,3,9,,8527,0,4125,,,7efde271-b2af-44a3-be13-a0103cc11fa0,F,0,white,0,nonhispanic,0
4126,8507,1940,11,8,,8527,0,4126,,,eb826d62-ffe1-4fa1-8597-f849af3b8d93,M,0,white,0,nonhispanic,0
4127,8532,1961,4,27,,8527,0,4127,,,a459b106-0f4e-4450-829c-5d9bcb1f8c0d,F,0,white,0,nonhispanic,0
