START,STOP,PATIENT,ENCOUNTER,CODE,DESCRIPTION
2020-01-23,,7e8fd4fe-ce9d-4c87-9a30-a3d99c1ee872,fdd5f56f-311b-44bc-ba81-a04bb9d9cce1,53741008,Coronary Heart Disease
2012-05-04,,068b8250-7bfe-479b-854d-5a1e46a3915e,25ec033d-a7ef-4114-848a-fd84319530cf,49436004,Atrial Fibrillation
2017-10-18,,b9c3f26b-699b-47d2-b4aa-1d55b5c4ae40,52ae2f51-b5f0-4b16-ac69-91f8d99a1b89,230690007,Stroke
1998-09-19,,eab76399-f8e1-4102-81da-a239858fbc08,decb4aa8-38de-4988-ae3d-91442d4adb3b,230690007,Stroke
2013-07-23,,4cd319a4-24f7-409d-894c-8b360e7f8358,e0a1d509-d4f6-441b-baa9-f5242a58b639,49436004,Atrial Fibrillation
2019-08-27,,4cd319a4-24f7-409d-894c-8b360e7f8358,5b94b557-57e0-4f65-8b53-968d524e86a5,53741008,Coronary Heart Disease
2018-01-28,,0e3802ba-ac05-4aa8-8217-96539669d055,0cd9e155-3700-40a5-b87d-11c1e7b96e11,230690007,Stroke
1961-08-09,,2c39782c-da44-4401-babc-33314320e427,4c5f92cb-3494-4343-bf44-86ac481f15d4,53741008,Coronary Heart Disease
1991-01-16,,2c39782c-da44-4401-babc-33314320e427,8bf5cc8d-1716-49e0-997c-1769842806ed,22298006,Myocardial Infarction
1991-01-16,,2c39782c-da44-4401-babc-33314320e427,8bf5cc8d-1716-49e0-997c-1769842806ed,399211009,History of myocardial infarction (situation)
1979-11-07,,3d15f86c-b5c0-40ea-9d50-09de05c33618,82157d1f-cb01-423e-a106-41a7ce04b7f2,49436004,Atrial Fibrillation
2003-09-08,2019-09-06,b509857a-6959-432e-aafb-bb4294b9d58e,095d2aa6-8143-4226-a2e5-b6fe49052128,446096008,Perennial allergic rhinitis
2015-03-06,,18b182d1-a134-4f5c-8fde-0fcf734cfa2f,dc1c5d96-f696-4a93-9426-856a31a9bcb8,410429000,Cardiac Arrest
2015-03-06,,18b182d1-a134-4f5c-8fde-0fcf734cfa2f,dc1c5d96-f696-4a93-9426-856a31a9bcb8,429007001,History of cardiac arrest (situation)
1984-10-06,,b56275e3-26e8-4f87-9c01-aaf0cb0e2b5e,ddf51bf1-2ab3-4300-8991-3e043543cd16,410429000,Cardiac Arrest
1984-10-06,,b56275e3-26e8-4f87-9c01-aaf0cb0e2b5e,ddf51bf1-2ab3-4300-8991-3e043543cd16,429007001,History of cardiac arrest (situation)
2019-05-12,,1a1236ac-dbbe-4140-975b-b2474c07af50,ccca3b26-4563-4012-ac53-a51719886c1d,230690007,Stroke
1986-10-05,,df3cb8e9-6da0-4b98-b70b-a164a585431e,e6354eba-e0ca-4efc-92e2-e3bb00bc1497,230690007,Stroke
2003-12-21,,df3cb8e9-6da0-4b98-b70b-a164a585431e,cb7bd123-ab25-425e-b44e-b4c01d7560ee,49436004,Atrial Fibrillation
