START,STOP,PATIENT,PAYER,ENCOUNTER,CODE,DESCRIPTION,BASE_COST,PAYER_COVERAGE,DISPENSES,TOTALCOST,REASONCODE,REASONDESCRIPTION
2020-01-23,,7e8fd4fe-ce9d-4c87-9a30-a3d99c1ee872,b1c428d6-4f07-31e0-90f0-68ffa6ff8c76,fdd5f56f-311b-44bc-ba81-a04bb9d9cce1,309362,Clopidogrel 75 MG Oral Tablet,110.41,0.00,1,110.41,,
2020-01-23,,7e8fd4fe-ce9d-4c87-9a30-a3d99c1ee872,b1c428d6-4f07-31e0-90f0-68ffa6ff8c76,fdd5f56f-311b-44bc-ba81-a04bb9d9cce1,312961,Simvastatin 20 MG Oral Tablet,14.50,0.00,1,14.50,,
2020-01-23,,7e8fd4fe-ce9d-4c87-9a30-a3d99c1ee872,b1c428d6-4f07-31e0-90f0-68ffa6ff8c76,fdd5f56f-311b-44bc-ba81-a04bb9d9cce1,197361,Amlodipine 5 MG Oral Tablet,82.91,0.00,1,82.91,,
2020-01-23,,7e8fd4fe-ce9d-4c87-9a30-a3d99c1ee872,b1c428d6-4f07-31e0-90f0-68ffa6ff8c76,fdd5f56f-311b-44bc-ba81-a04bb9d9cce1,705129,Nitroglycerin 0.4 MG/ACTUAT Mucosal Spray,259.04,0.00,1,259.04,,
1973-08-20,,b689ac19-d18a-48fa-8409-7c333ff13df7,b1c428d6-4f07-31e0-90f0-68ffa6ff8c76,8cbb85ee-a46b-42da-a419-02e8ee3c6ec1,477045,Chlorpheniramine Maleate 2 MG/ML Oral Solution,6.34,0.00,566,3588.44,,
1973-11-24,,32804158-2a8a-45bc-a53e-3f6fb2236df6,b1c428d6-4f07-31e0-90f0-68ffa6ff8c76,654dae71-c4fe-44e4-9f13-1c571cbf10c0,1049630,diphenhydrAMINE Hydrochloride 25 MG Oral Tablet,8.43,0.00,563,4746.09,,
2012-05-04,,068b8250-7bfe-479b-854d-5a1e46a3915e,b1c428d6-4f07-31e0-90f0-68ffa6ff8c76,25ec033d-a7ef-4114-848a-fd84319530cf,855332,Warfarin Sodium 5 MG Oral Tablet,6.45,0.00,95,612.75,,
2012-05-04,,068b8250-7bfe-479b-854d-5a1e46a3915e,b1c428d6-4f07-31e0-90f0-68ffa6ff8c76,25ec033d-a7ef-4114-848a-fd84319530cf,897718,Verapamil Hydrochloride 40 MG,101.72,0.00,95,9663.40,,
2012-05-04,,068b8250-7bfe-479b-854d-5a1e46a3915e,b1c428d6-4f07-31e0-90f0-68ffa6ff8c76,25ec033d-a7ef-4114-848a-fd84319530cf,197604,Digoxin 0.125 MG Oral Tablet,61.14,0.00,95,5808.30,,
2017-10-18,2017-10-18,b9c3f26b-699b-47d2-b4aa-1d55b5c4ae40,b1c428d6-4f07-31e0-90f0-68ffa6ff8c76,52ae2f51-b5f0-4b16-ac69-91f8d99a1b89,309362,Clopidogrel 75 MG Oral Tablet,35.61,0.00,1,35.61,,
2017-10-18,2017-10-18,b9c3f26b-699b-47d2-b4aa-1d55b5c4ae40,b1c428d6-4f07-31e0-90f0-68ffa6ff8c76,52ae2f51-b5f0-4b16-ac69-91f8d99a1b89,1804799,Alteplase 100 MG Injection,6273.05,0.00,1,6273.05,,
2013-07-23,,4cd319a4-24f7-409d-894c-8b360e7f8358,b1c428d6-4f07-31e0-90f0-68ffa6ff8c76,e0a1d509-d4f6-441b-baa9-f5242a58b639,855332,Warfarin Sodium 5 MG Oral Tablet,180.58,0.00,80,14446.40,,
2013-07-23,,4cd319a4-24f7-409d-894c-8b360e7f8358,b1c428d6-4f07-31e0-90f0-68ffa6ff8c76,e0a1d509-d4f6-441b-baa9-f5242a58b639,897718,Verapamil Hydrochloride 40 MG,137.30,0.00,80,10984.00,,
2013-07-23,,4cd319a4-24f7-409d-894c-8b360e7f8358,b1c428d6-4f07-31e0-90f0-68ffa6ff8c76,e0a1d509-d4f6-441b-baa9-f5242a58b639,197604,Digoxin 0.125 MG Oral Tablet,98.52,0.00,80,7881.60,,
2019-08-27,,4cd319a4-24f7-409d-894c-8b360e7f8358,b1c428d6-4f07-31e0-90f0-68ffa6ff8c76,5b94b557-57e0-4f65-8b53-968d524e86a5,309362,Clopidogrel 75 MG Oral Tablet,88.22,0.00,6,529.32,,
2019-08-27,,4cd319a4-24f7-409d-894c-8b360e7f8358,b1c428d6-4f07-31e0-90f0-68ffa6ff8c76,5b94b557-57e0-4f65-8b53-968d524e86a5,312961,Simvastatin 20 MG Oral Tablet,8.78,0.00,6,52.68,,
2019-08-27,,4cd319a4-24f7-409d-894c-8b360e7f8358,b1c428d6-4f07-31e0-90f0-68ffa6ff8c76,5b94b557-57e0-4f65-8b53-968d524e86a5,197361,Amlodipine 5 MG Oral Tablet,39.25,0.00,6,235.50,,
2019-08-27,,4cd319a4-24f7-409d-894c-8b360e7f8358,b1c428d6-4f07-31e0-90f0-68ffa6ff8c76,5b94b557-57e0-4f65-8b53-968d524e86a5,705129,Nitroglycerin 0.4 MG/ACTUAT Mucosal Spray,297.23,0.00,6,1783.38,,
2018-01-28,2018-01-28,0e3802ba-ac05-4aa8-8217-96539669d055,b1c428d6-4f07-31e0-90f0-68ffa6ff8c76,0cd9e155-3700-40a5-b87d-11c1e7b96e11,309362,Clopidogrel 75 MG Oral Tablet,75.80,0.00,1,75.80,,
2018-01-28,2018-01-28,0e3802ba-ac05-4aa8-8217-96539669d055,b1c428d6-4f07-31e0-90f0-68ffa6ff8c76,0cd9e155-3700-40a5-b87d-11c1e7b96e11,1804799,Alteplase 100 MG Injection,6401.49,0.00,1,6401.49,,
1961-08-09,1991-01-16,2c39782c-da44-4401-babc-33314320e427,b1c428d6-4f07-31e0-90f0-68ffa6ff8c76,4c5f92cb-3494-4343-bf44-86ac481f15d4,705129,Nitroglycerin 0.4 MG/ACTUAT Mucosal Spray,26.16,0.00,358,9365.28,,
1991-01-16,1991-01-16,2c39782c-da44-4401-babc-33314320e427,b1c428d6-4f07-31e0-90f0-68ffa6ff8c76,8bf5cc8d-1716-49e0-997c-1769842806ed,833036,Captopril 25 MG Oral Tablet,61.65,0.00,1,61.65,,
1964-08-31,,f342998f-cb41-4ebf-aa5b-3c3184b7d660,b1c428d6-4f07-31e0-90f0-68ffa6ff8c76,56628f6e-8bfb-4b85-b82e-df04f3dadf03,1049630,diphenhydrAMINE Hydrochloride 25 MG Oral Tablet,9.27,0.00,676,6266.52,,
1979-11-07,,3d15f86c-b5c0-40ea-9d50-09de05c33618,b1c428d6-4f07-31e0-90f0-68ffa6ff8c76,82157d1f-cb01-423e-a106-41a7ce04b7f2,855332,Warfarin Sodium 5 MG Oral Tablet,41.61,0.00,491,20430.51,,
1979-11-07,,3d15f86c-b5c0-40ea-9d50-09de05c33618,b1c428d6-4f07-31e0-90f0-68ffa6ff8c76,82157d1f-cb01-423e-a106-41a7ce04b7f2,197604,Digoxin 0.125 MG Oral Tablet,81.48,0.00,491,40006.68,,
1981-11-18,,3d15f86c-b5c0-40ea-9d50-09de05c33618,b1c428d6-4f07-31e0-90f0-68ffa6ff8c76,d4649316-da6f-4e41-aa0f-8fdedf0c9d9a,897718,Verapamil Hydrochloride 40 MG,77.72,0.00,466,36217.52,,
1965-09-17,,b7cd8f18-7bee-4bd2-8ece-0f867e75799e,b1c428d6-4f07-31e0-90f0-68ffa6ff8c76,055319de-d5a2-433a-a1d0-84ed3b55abf4,1049630,diphenhydrAMINE Hydrochloride 25 MG Oral Tablet,8.27,0.00,663,5483.01,,
2003-09-22,,b509857a-6959-432e-aafb-bb4294b9d58e,b1c428d6-4f07-31e0-90f0-68ffa6ff8c76,095d2aa6-8143-4226-a2e5-b6fe49052128,665078,Loratadine 5 MG Chewable Tablet,9.43,0.00,200,1886.00,,
2015-03-06,2015-03-06,18b182d1-a134-4f5c-8fde-0fcf734cfa2f,b1c428d6-4f07-31e0-90f0-68ffa6ff8c76,dc1c5d96-f696-4a93-9426-856a31a9bcb8,1660014,1 ML Epinephrine 1 MG/ML Injection,3.17,0.00,1,3.17,,
2015-03-06,2015-03-06,18b182d1-a134-4f5c-8fde-0fcf734cfa2f,b1c428d6-4f07-31e0-90f0-68ffa6ff8c76,dc1c5d96-f696-4a93-9426-856a31a9bcb8,834357,3 ML Amiodarone hydrocholoride 50 MG/ML Prefilled Syringe,276.64,0.00,1,276.64,,
2015-03-06,2015-03-06,18b182d1-a134-4f5c-8fde-0fcf734cfa2f,b1c428d6-4f07-31e0-90f0-68ffa6ff8c76,dc1c5d96-f696-4a93-9426-856a31a9bcb8,1190795,Atropine Sulfate 1 MG/ML Injectable Solution,22.72,0.00,1,22.72,,
1958-02-26,,c22d2964-2975-47d1-8cbf-8b8f227d9fc0,b1c428d6-4f07-31e0-90f0-68ffa6ff8c76,d70cbafe-7e93-4434-ba46-b6b7b820407f,1049630,diphenhydrAMINE Hydrochloride 25 MG Oral Tablet,5.42,0.00,755,4092.10,,
2019-05-12,2019-05-12,1a1236ac-dbbe-4140-975b-b2474c07af50,b1c428d6-4f07-31e0-90f0-68ffa6ff8c76,ccca3b26-4563-4012-ac53-a51719886c1d,309362,Clopidogrel 75 MG Oral Tablet,104.96,0.00,1,104.96,,
2019-05-12,2019-05-12,1a1236ac-dbbe-4140-975b-b2474c07af50,b1c428d6-4f07-31e0-90f0-68ffa6ff8c76,ccca3b26-4563-4012-ac53-a51719886c1d,1804799,Alteplase 100 MG Injection,6326.92,0.00,1,6326.92,,
2003-12-21,,df3cb8e9-6da0-4b98-b70b-a164a585431e,b1c428d6-4f07-31e0-90f0-68ffa6ff8c76,cb7bd123-ab25-425e-b44e-b4c01d7560ee,855332,Warfarin Sodium 5 MG Oral Tablet,65.29,0.00,197,12862.13,,
2003-12-21,,df3cb8e9-6da0-4b98-b70b-a164a585431e,b1c428d6-4f07-31e0-90f0-68ffa6ff8c76,cb7bd123-ab25-425e-b44e-b4c01d7560ee,897718,Verapamil Hydrochloride 40 MG,4.47,0.00,197,880.59,,
2003-12-21,,df3cb8e9-6da0-4b98-b70b-a164a585431e,b1c428d6-4f07-31e0-90f0-68ffa6ff8c76,cb7bd123-ab25-425e-b44e-b4c01d7560ee,197604,Digoxin 0.125 MG Oral Tablet,96.98,0.00,197,19105.06,,
1960-07-28,,22fae300-2747-467b-8ccc-86afb21898fc,b1c428d6-4f07-31e0-90f0-68ffa6ff8c76,73601036-9df9-4503-9bf8-718b562d37c7,477045,Chlorpheniramine Maleate 2 MG/ML Oral Solution,5.63,0.00,725,4081.75,,
