Id,BIRTHDATE,DEATHDATE,SSN,DRIVERS,PASSPORT,PREFIX,FIRST,LAST,SUFFIX,MAIDEN,MARITAL,RACE,ETHNICITY,GENDER,BIRTHPLACE,ADDRESS,CITY,STATE,COUNTY,ZIP,LAT,LON,HEALTHCARE_EXPENSES,HEALTHCARE_COVERAGE
9c6c4582-7256-43ee-abcf-cf6bc191a716,2013-04-29,,999-79-4761,,,,Aslakki,Veikkanen,,,,white,nonhispanic,M,Lohja  Uusimaa  FI,744 Töykkälä Katu Suite 34,Helsinki,Uusimaa,Helsinki,00960,60.15637137100423,24.877412234988014,1875.0,0.0
8ddeab32-da56-4a2f-b193-6ed9cce83529,2010-12-25,,999-56-1922,,,,Heinikki,Sörensen,,,,white,nonhispanic,F,Vantaa  Uusimaa  FI,374 Mesiä Katu,Vantaa,Uusimaa,Vantaa,01390,60.3307072809363,25.087307252086525,2250.0,0.0
cee236eb-f5f2-4fdd-9576-3d00554ae8f6,2002-05-01,,999-58-8611,S99926184,,,Amani,Rosenholm,,,,white,nonhispanic,F,Lohja  Uusimaa  FI,262 Katunpää Katu Unit 52,Vantaa,Uusimaa,Vantaa,01660,60.27399235918497,25.047867863126314,3250.0,0.0
7e8fd4fe-ce9d-4c87-9a30-a3d99c1ee872,2011-01-20,,999-88-1643,,,,Sadiq,Smedjebacka,,,,white,nonhispanic,M,Helsinki  Uusimaa  FI,277 Kitti Katu,Espoo,Uusimaa,Espoo,02230,60.28162480204811,24.69324319352138,2250.0,0.0
6f51e2d7-ecfb-44ff-9546-9f158fd0908c,1988-06-30,,999-75-6102,S99912106,X61559643X,Mrs.,Fatma,Korjansalo,,Liskola,M,white,nonhispanic,F,Kerava  Uusimaa  FI,105 Hanhiniemi Katu Suite 77,Espoo,Uusimaa,Espoo,02810,60.221149843850036,24.792075545594063,4000.0,0.0
584e43a1-9ed2-4d65-ba9c-ae6be2fafeb9,1993-08-22,,999-61-3668,S99983615,X69348444X,Ms.,Kassandra,Majaharju,,,,white,nonhispanic,F,Lohja  Uusimaa  FI,662 Räisälä Katu Suite 42,Vantaa,Uusimaa,Vantaa,01620,60.30077351481337,24.84884100553118,3750.0,0.0
167ae973-4dfa-4922-9231-e4e4a8381db3,1965-04-25,,999-11-1596,S99949899,X24580043X,Mrs.,Jyrkintytär,Vainio,,Siltainsuu,M,white,nonhispanic,F,Sipoo  Uusimaa  FI,478 Tenhovirta Katu,Karkkila,Uusimaa,Karkkila,03710,60.5904257296049,24.198591879529268,5500.0,0.0
b689ac19-d18a-48fa-8409-7c333ff13df7,1971-07-31,,999-23-2215,S99967946,X3970264X,Ms.,Theresia,Eeronheimo,,,S,white,nonhispanic,F,Nurmijärvi  Uusimaa  FI,257 Saviaro Katu Unit 29,Helsinki,Uusimaa,Helsinki,00550,60.25977230073133,24.904763641279732,5000.0,0.0
32804158-2a8a-45bc-a53e-3f6fb2236df6,1968-11-04,,999-51-9108,S99976545,X64009560X,Mrs.,Aime,Luhtio,,Aarnikko,M,white,nonhispanic,F,Espoo  Uusimaa  FI,670 Saarteinen Katu Suite 34,Vantaa,Uusimaa,Vantaa,01370,60.35847640891798,24.792597718448153,5250.0,0.0
071657ae-869a-4ca2-b1f3-423726bc6eb8,1986-11-09,,999-28-8584,S99998689,X32994035X,Mr.,Erni,Kallasaari,PhD,,M,white,nonhispanic,M,Vantaa  Uusimaa  FI,281 Klink Katu,Helsinki,Uusimaa,Helsinki,00220,60.25343986748453,24.853200874753277,4000.0,0.0
27c55f43-57f4-465e-8d95-1b3a555701b5,2010-02-14,,999-91-6443,,,,Salah,Lukkariniemi,,,,white,nonhispanic,F,Helsinki  Uusimaa  FI,382 Holappa Katu Unit 95,Vantaa,Uusimaa,Vantaa,01450,60.360599301395695,24.850472692009888,2375.0,0.0
068b8250-7bfe-479b-854d-5a1e46a3915e,1964-04-10,,999-70-4118,S99949539,X79631601X,Mr.,Anshelmi,Saloharju,,,M,white,nonhispanic,M,Helsinki  Uusimaa  FI,1066 Kvarnström Katu Apt 64,Järvenpää,Uusimaa,Järvenpää,04420,60.50494108333608,25.064925071112565,5750.0,0.0
886b8241-8762-4802-99a7-c0a3314a45b2,1995-04-27,,999-42-3210,S99995995,X16493150X,Mr.,Taoufik,Keskivinkka,,,,white,nonhispanic,M,Helsinki  Uusimaa  FI,118 Aarela Katu,Helsinki,Uusimaa,Helsinki,00550,60.18014109681283,24.886989107361636,3625.0,0.0
3a388440-7b2c-4f38-b773-a70f1e51fc57,1949-12-28,,999-37-5342,S99942123,X36107453X,Mr.,Roland,Niiniketo,,,M,white,nonhispanic,M,Vantaa  Uusimaa  FI,150 Wallenberg Katu Unit 12,Nurmijärvi,Uusimaa,Nurmijärvi,01820,60.50220604707249,24.70064006208821,7375.0,0.0
98252cb2-a4be-45ef-b151-f518d91ca5b9,1959-10-14,,999-13-1094,S99930842,X36603819X,Mr.,Evald,Haila,,,S,white,nonhispanic,M,Helsinki  Uusimaa  FI,829 Toiminen Katu,Helsinki,Uusimaa,Helsinki,00230,60.30243300088976,24.977911590160424,6250.0,0.0
bce2631f-ba84-44a9-bc82-a395f05178b4,2005-05-15,,999-50-2758,,,,Eirik,Camara,,,,white,nonhispanic,M,Espoo  Uusimaa  FI,413 Katz Katu Apt 49,Kirkkonummi,Uusimaa,Kirkkonummi,02880,59.98032210243586,24.306092066851942,2875.0,0.0
5ad8ca91-99f3-4c11-8dfa-7de45be27738,2012-01-11,,999-30-1482,,,,Ena,Björkstam,,,,white,nonhispanic,F,Nurmijärvi  Uusimaa  FI,753 Paatelainen Katu Unit 77,Helsinki,Uusimaa,Helsinki,00240,60.23429520553342,25.08466418156363,2125.0,0.0
b9c3f26b-699b-47d2-b4aa-1d55b5c4ae40,1942-02-25,,999-36-8029,S99998513,X86072589X,Mrs.,Lumina,Suikkanen,,Krooks,M,white,nonhispanic,F,Helsinki  Uusimaa  FI,126 Kaakkolammi Katu Unit 98,Kirkkonummi,Uusimaa,Kirkkonummi,02450,60.174235841290006,24.499721680814286,14808.66,0.0
6fdf102f-b624-4f69-8602-7095100935fc,2016-05-06,,999-25-1865,,,,Tasnim,Lahdensivu,,,,white,nonhispanic,F,Helsinki  Uusimaa  FI,1016 Rauhanlaakso Katu,Nurmijärvi,Uusimaa,Nurmijärvi,01840,60.40112796334042,24.765593900770074,1500.0,0.0
93f13baf-70b1-4631-b2c9-74a8532d500d,2017-04-06,,999-29-3713,,,,Sanja,Aliranta,,,,white,nonhispanic,F,Vihti  Uusimaa  FI,811 Kartimo Katu Apt 30,Espoo,Uusimaa,Espoo,02940,60.24107603294957,24.643271824156212,1250.0,0.0
e1fd330b-b8ab-4801-9b26-eff84492a45e,1984-10-13,,999-64-8692,S99915044,X83433189X,Mr.,Veli-Matti,Lounasvaara,,,M,white,nonhispanic,M,Kerava  Uusimaa  FI,934 Satto Katu Suite 42,Vantaa,Uusimaa,Vantaa,01770,60.269551228916995,24.870542385923464,4125.0,0.0
f1597270-8b76-4f70-9df3-45194d7b2b4c,1967-08-17,,999-32-9048,S99939358,X54536386X,Mr.,Liekki,Bodbacka,,,M,white,nonhispanic,M,Lohja  Uusimaa  FI,340 Aario Katu,Espoo,Uusimaa,Espoo,02810,60.13513979283137,24.861637181609947,5250.0,0.0
8d94cd0f-4efe-4ac9-bad3-144adfd6f094,2010-04-13,,999-90-4348,,,,Anu-Susanna,Martelin,,,,white,nonhispanic,F,Helsinki  Uusimaa  FI,691 Häätylä Katu,Helsinki,Uusimaa,Helsinki,00790,60.12258618057156,25.017774911042455,2250.0,0.0
c90ceb47-ff7f-40fa-92c7-998faf0ef4d5,2003-08-13,,999-16-5560,S99936245,,,Emmett,Abbas,,,,white,nonhispanic,M,Lohja  Uusimaa  FI,1081 Välijeesiö Katu,Espoo,Uusimaa,Espoo,02100,60.22512069878138,24.654177221356004,3125.0,0.0
464b5b2c-4c29-4f3c-bdb2-8fbc8fb0b5df,1990-06-25,,999-66-3651,S99915307,X8581894X,Mr.,Stanislaw,Kuirinlahti,,,M,white,nonhispanic,M,Espoo  Uusimaa  FI,777 Segerstam Katu,Vantaa,Uusimaa,Vantaa,01670,60.31865387303008,24.946677783693843,3875.0,0.0
e519e2bd-8f7a-48c8-ae56-a15790deaac7,1977-10-11,,999-35-5153,S99960728,X85756464X,Mr.,Arto-Pekka,Saikanmäki,,,M,white,nonhispanic,M,Espoo  Uusimaa  FI,1065 Kostia Katu,Helsinki,Uusimaa,Helsinki,00230,60.24955723995798,24.919811025108633,4500.0,0.0
eab76399-f8e1-4102-81da-a239858fbc08,1943-12-04,,999-79-7044,S99989055,X9166065X,Ms.,Sanny,Kiiski,,,S,white,nonhispanic,F,Mäntsälä  Uusimaa  FI,1097 Suomi Katu Suite 23,Lohja,Uusimaa,Lohja,09120,60.26001698483335,24.111697364334827,14794.51,0.0
65b75c15-6885-4173-b426-74487bd6edf9,1994-02-19,,999-71-5569,S99919705,X88756466X,Mr.,Alrik,Välineva,,,,white,nonhispanic,M,Nurmijärvi  Uusimaa  FI,646 Rautjoki Katu Apt 12,Helsinki,Uusimaa,Helsinki,00950,60.22935858798133,25.033875343669,3750.0,0.0
5db7080a-3856-4740-b733-902f7e4c1eef,1981-03-14,,999-82-5587,S99971750,X54036960X,Mr.,Anas,Seppo,,,M,white,nonhispanic,M,Järvenpää  Uusimaa  FI,551 Westlin Katu Suite 37,Helsinki,Uusimaa,Helsinki,00920,60.18223668232605,24.99153884153499,4250.0,0.0
4cd319a4-24f7-409d-894c-8b360e7f8358,1935-02-12,,999-41-9617,S99919690,X43700700X,Mr.,Kaveh,Latva-Nikkola,,,M,white,nonhispanic,M,Helsinki  Uusimaa  FI,832 Floman Katu,Raasepori,Uusimaa,Raasepori,10410,60.19601313852309,23.566761898546087,9250.0,0.0
47d0a406-bdc6-4a92-8b85-a675ef1f42cb,1979-11-15,,999-33-8593,S99995207,X75928639X,Mr.,Gordon,Lottonen,,,M,white,nonhispanic,M,Helsinki  Uusimaa  FI,620 Saaristo Katu Apt 73,Espoo,Uusimaa,Espoo,02360,60.13376822312254,24.7218255465587,4375.0,0.0
6f562d0f-b1c8-4ee2-a934-b16031f9888b,2004-08-02,,999-99-8514,,,,Sirkkaliisa,Jääskö,,,,white,nonhispanic,F,Vantaa  Uusimaa  FI,736 Yrjans Katu Unit 34,Vantaa,Uusimaa,Vantaa,01640,60.28592244629747,25.03178980793443,3000.0,0.0
c22bf6c3-7e90-4244-ad91-3dd0b81ebed7,2019-04-11,,999-62-5263,,,,Evgueni,Vik,,,,white,nonhispanic,M,Helsinki  Uusimaa  FI,854 Kaataja Katu,Järvenpää,Uusimaa,Järvenpää,04410,60.41305470181106,25.149955695531197,625.0,0.0
097c268c-06f4-4623-b814-c74f332006e1,1980-04-10,,999-89-4821,S99975856,X25264129X,Mrs.,Margarete,Luimula,,Jalasto,M,white,nonhispanic,F,Siuntio  Uusimaa  FI,1021 Yli-Hukka Katu,Espoo,Uusimaa,Espoo,02740,60.167642408335404,24.704015643919877,4250.0,0.0
0e3802ba-ac05-4aa8-8217-96539669d055,1953-12-27,,999-99-4927,S99976289,X28326149X,Mr.,Akunpoika,Eero,,,M,white,nonhispanic,M,Helsinki  Uusimaa  FI,256 Puuri Katu,Kerava,Uusimaa,Kerava,04220,60.44916785054162,25.053595309441263,13477.29,0.0
7abd5ad9-f8f7-4494-82ef-245ba6dd77f4,1941-11-03,,999-97-4281,S99934694,X76940192X,Mrs.,Maarita,Salorinne,,Wahlroos,M,white,nonhispanic,F,Helsinki  Uusimaa  FI,1021 Lamminsivu Katu,Espoo,Uusimaa,Espoo,02180,60.2229266015023,24.823652282617044,8375.0,0.0
fc0ced46-8412-461b-be41-18bd6cd53840,1995-02-06,,999-54-8863,S99931027,X60590336X,Ms.,Inari,Kanste,,,,white,nonhispanic,F,Helsinki  Uusimaa  FI,219 Ceder Katu Unit 41,Helsinki,Uusimaa,Helsinki,00590,60.20109479403679,24.982692869921554,3625.0,0.0
2787b0bd-e46d-4214-a047-df832d28d43c,1995-07-05,,999-23-7710,S99912721,X70437529X,Mr.,Viking,Vu,,,,white,nonhispanic,M,Espoo  Uusimaa  FI,285 James Katu,Nurmijärvi,Uusimaa,Nurmijärvi,01800,60.401401503211375,24.800923280449307,3625.0,0.0
2c39782c-da44-4401-babc-33314320e427,1948-07-14,1991-01-16,999-32-9262,S99939524,X58677060X,Mr.,Aston,Stubbe,,,M,white,nonhispanic,M,Vantaa  Uusimaa  FI,705 Kylmämetsä Katu,Helsinki,Uusimaa,Helsinki,00610,60.1393436571188,24.928503278647202,6462.81,0.0
0d1c20f4-626a-4d39-91da-efc0996f0392,1982-07-30,,999-38-4065,S99979234,X75937715X,Ms.,Mariann,Tolvi,,,S,white,nonhispanic,F,Vantaa  Uusimaa  FI,624 Rannikko Katu,Helsinki,Uusimaa,Helsinki,00820,60.15833557359921,24.865735069846018,4250.0,0.0
f342998f-cb41-4ebf-aa5b-3c3184b7d660,1959-08-12,,999-30-7848,S99983432,X57622954X,Mr.,Ted,Jolma,,,M,white,nonhispanic,M,Helsinki  Uusimaa  FI,564 Patama Katu,Helsinki,Uusimaa,Helsinki,00320,60.122564824966524,24.966569719500853,6375.0,0.0
8ff550b1-43f3-4443-ba3b-f1750815622e,2014-09-07,,999-68-7704,,,,Juhapekka,Rauhalammi,,,,white,nonhispanic,M,Helsinki  Uusimaa  FI,706 Junttanen Katu,Helsinki,Uusimaa,Helsinki,00650,60.14166128746189,25.04996879308129,1750.0,0.0
6bcf3604-7e37-4cc0-af02-c8c6be4ebd01,1975-01-29,,999-70-9512,S99976116,X80449843X,Mrs.,Miya,Söderström,,Wallin,M,white,nonhispanic,F,Kerava  Uusimaa  FI,1093 Santama Katu Apt 10,Helsinki,Uusimaa,Helsinki,00380,60.21824727328811,24.863011874555166,4625.0,0.0
8bc5711d-db8b-4980-8678-cb93a93c12b1,1959-09-15,,999-14-4868,S99955105,X44540868X,Mrs.,Yelena,Selin,,Klingberg,M,white,nonhispanic,F,Helsinki  Uusimaa  FI,114 Dillström Katu,Helsinki,Uusimaa,Helsinki,00690,60.29560879950247,24.902664453765258,6250.0,0.0
0e0c1d24-74fa-4b31-89a4-36470e15512d,1958-08-12,,999-74-6152,S99982703,X77087021X,Mr.,Ulf-Erik,Loukiainen,,,M,white,nonhispanic,M,Espoo  Uusimaa  FI,482 Huissi Katu Unit 66,Hyvinkää,Uusimaa,Hyvinkää,05950,60.67073957629208,24.83165055487269,6375.0,0.0
30ad6a07-e65f-43f3-8644-cb7356e6a975,1965-05-18,,999-85-8945,S99950349,X77523187X,Mrs.,Julieta,Degerström,,Haag,M,white,nonhispanic,F,Kirkkonummi  Uusimaa  FI,418 Märsynaho Katu,Raasepori,Uusimaa,Raasepori,10470,60.06635459354156,23.442387649521695,5500.0,0.0
5a4e216a-32a9-41ae-91ce-02ed929a3a50,1994-08-16,,999-24-1318,S99930144,X17605569X,Mr.,Tor-Björn,Bach,,,,white,nonhispanic,M,Järvenpää  Uusimaa  FI,841 Filander Katu,Hyvinkää,Uusimaa,Hyvinkää,05950,60.651846938587795,24.89191779604014,3750.0,0.0
8a89e7d1-e010-4269-a88f-986cb19aeb8d,1988-11-26,,999-53-6222,S99914494,X15628272X,Mrs.,Alea,Aho-Pynttäri,,Pasi,M,white,nonhispanic,F,Vantaa  Uusimaa  FI,283 Lastuniemi Katu Unit 34,Helsinki,Uusimaa,Helsinki,00140,60.23242763709312,24.933272784543192,4000.0,0.0
678d5f8d-f128-4348-b3a1-11612c732188,1984-11-24,,999-14-4486,S99932591,X12379211X,Mrs.,Niika,Kaivonurmi,,Fältmarsch,M,white,nonhispanic,F,Sipoo  Uusimaa  FI,838 Kimanen Katu Suite 4,Helsinki,Uusimaa,Helsinki,00700,60.21648337822897,24.943435619679967,4125.0,0.0
1ab030a2-dc3b-4069-9d39-b52d274cae96,1973-09-18,,999-81-8570,S99965799,X8624282X,Mrs.,Lumililja,Lankia,,Skrabb,M,white,nonhispanic,F,Hyvinkää  Uusimaa  FI,802 Puurunen Katu,Helsinki,Uusimaa,Helsinki,00950,60.30504322958712,24.951665854371978,4750.0,0.0
f272ed83-d530-4276-b097-b17984478340,1999-12-20,,999-30-7186,S99939830,X89503628X,Ms.,Pavlovna,Hakoneva,,,,white,nonhispanic,F,Raasepori  Uusimaa  FI,152 Vahanne Katu,Espoo,Uusimaa,Espoo,02130,60.178321322468534,24.795543743137838,3500.0,0.0
3d15f86c-b5c0-40ea-9d50-09de05c33618,1923-10-03,,999-53-9234,S99918948,X75416649X,Mrs.,Minni-Maria,Leppälahti,,Jonkka,M,white,nonhispanic,F,Espoo  Uusimaa  FI,377 Shaqiri Katu Apt 82,Vantaa,Uusimaa,Vantaa,01620,60.2251906108123,24.86364062406643,10625.0,0.0
77dad316-9cc6-40c6-b385-94145789068c,1978-08-18,,999-56-5086,S99922424,X70829761X,Mr.,Ville-Pertti,Poduschkin,,,M,white,nonhispanic,M,Espoo  Uusimaa  FI,351 Lahnaoja Katu,Espoo,Uusimaa,Espoo,02920,60.19119132694155,24.73383309111496,4375.0,0.0
bcd004ad-5929-4f41-b2d2-179ab20b2ce2,1948-07-14,,999-64-2039,S99993540,X39237029X,Mr.,Jan-Ove,Hoppman,,,M,white,nonhispanic,M,Sipoo  Uusimaa  FI,828 Äärynen Katu,Helsinki,Uusimaa,Helsinki,00880,60.21150021086426,24.932430242153305,7625.0,0.0
2b4d97c4-3f48-4c4e-b9b9-999b2b875646,2002-12-24,,999-64-4551,S99931838,,,Malena,Kangasalusta,,,,white,nonhispanic,F,Helsinki  Uusimaa  FI,278 Kärenlampi Katu Suite 16,Vantaa,Uusimaa,Vantaa,01480,60.221526058677334,24.78640222364869,3250.0,0.0
7b566984-4bef-4281-864e-d7bea03aef9a,1966-08-31,,999-11-5493,S99990226,X54485413X,Mrs.,Hajar,Lehtovirta,,Lahti-Nuuttila,M,white,nonhispanic,F,Kirkkonummi  Uusimaa  FI,816 Knihtilä Katu,Vantaa,Uusimaa,Vantaa,01740,60.35600888286288,24.980865400619827,5375.0,0.0
a5aeb198-9fe3-4b94-a7ec-40ba530d950a,2004-07-29,,999-78-5968,,,,Vanamo,Lanteri,,,,white,nonhispanic,F,Sipoo  Uusimaa  FI,172 Otto Katu,Helsinki,Uusimaa,Helsinki,00140,60.121242000916844,25.02941591993719,3000.0,0.0
b3fd1127-21f1-420f-b2d9-0143a0a52286,2005-06-21,,999-55-5327,,,,Jussi-Tuomas,Kronman,,,,white,nonhispanic,M,Porvoo  Uusimaa  FI,1057 Merjamaa Katu Unit 68,Vantaa,Uusimaa,Vantaa,01230,60.250188852071076,25.063617417223846,2875.0,0.0
b7cd8f18-7bee-4bd2-8ece-0f867e75799e,1962-08-28,,999-56-8029,S99928566,X74319747X,Mr.,Saveli,Mitjonen,,,M,white,nonhispanic,M,Vihti  Uusimaa  FI,303 Martti Katu Suite 51,Helsinki,Uusimaa,Helsinki,00740,60.15056407232776,24.924162367282065,6000.0,0.0
0ba11ef8-5adf-407b-adc6-1a7443bdf678,1990-10-09,,999-94-4288,S99970175,X29900059X,Mr.,Jari-Pekka,Laineenoja,,,M,white,nonhispanic,M,Helsinki  Uusimaa  FI,191 Fräki Katu,Helsinki,Uusimaa,Helsinki,00760,60.167211206438374,24.94840565054994,3875.0,0.0
019f121f-4931-4a08-a017-87af7856ecd4,1992-04-11,,999-54-6501,S99985170,X5105691X,Mr.,Cristopher,Maunonen,,,M,white,nonhispanic,M,Espoo  Uusimaa  FI,871 Setälä Katu Suite 82,Helsinki,Uusimaa,Helsinki,00200,60.210696203226185,24.956951955734365,3750.0,0.0
db564b7b-034b-4a40-8f5c-56c76df7becb,1967-11-28,,999-66-3917,S99981359,X13092025X,Mr.,Veeti,Waljus,,,M,white,nonhispanic,M,Helsinki  Uusimaa  FI,903 Alfthan Katu,Porvoo,Uusimaa,Porvoo,06830,60.293858628657105,25.605384790657546,5250.0,0.0
b509857a-6959-432e-aafb-bb4294b9d58e,2000-09-01,,999-59-7984,S99994326,,Ms.,Beda,Lakkapää,,,,white,nonhispanic,F,Helsinki  Uusimaa  FI,177 Söderlund Katu,Espoo,Uusimaa,Espoo,02710,60.175576265091514,24.637754713367727,3625.0,0.0
db074846-abc5-43ec-8bb4-d353ff38b414,2004-01-16,,999-15-4074,S99955981,,,Fannie,Tuomala,,,,white,nonhispanic,F,Vantaa  Uusimaa  FI,294 Keskisalo Katu,Kerava,Uusimaa,Kerava,04250,60.38913936803554,25.136226959626875,3125.0,0.0
18b182d1-a134-4f5c-8fde-0fcf734cfa2f,1978-02-24,,999-19-9725,S99996485,X692933X,Mrs.,Mereta,Köppä,,Skogberg,M,white,nonhispanic,F,Kerava  Uusimaa  FI,115 Maksniemi Katu,Vantaa,Uusimaa,Vantaa,01730,60.33576795087669,25.089809870426482,4927.53,0.0
531c7d57-dcbb-43c1-8e4e-be76727534c6,1999-04-17,,999-94-8371,S99953398,X2362606X,Mr.,Marek,Tarvaala,,,,white,nonhispanic,M,Helsinki  Uusimaa  FI,886 Uskali Katu,Espoo,Uusimaa,Espoo,02920,60.37133361674107,24.761878202794044,3500.0,0.0
c22d2964-2975-47d1-8cbf-8b8f227d9fc0,1954-02-06,,999-11-3695,S99999489,X83939755X,Mrs.,Liina-Maija,Metelinen,,Laajarinne,M,white,nonhispanic,F,Vantaa  Uusimaa  FI,623 Laxåback Katu,Lohja,Uusimaa,Lohja,08150,60.520998097616605,23.96063320980724,7000.0,0.0
d7f4ce2c-40e7-411f-befb-954777aba0ff,1997-02-10,,999-11-1266,S99992355,X45820045X,Ms.,Heidy,Koivusaari,,,,white,nonhispanic,F,Espoo  Uusimaa  FI,252 Virrantalo Katu,Helsinki,Uusimaa,Helsinki,00370,60.26718103892587,25.02129798495666,3625.0,0.0
be788c7c-9708-4672-b8d7-7a8041f364ec,1998-03-15,,999-88-4679,S99917685,X65377698X,Mr.,Asher,Mustaparta,,,,white,nonhispanic,M,Kerava  Uusimaa  FI,964 Pikkala Katu,Helsinki,Uusimaa,Helsinki,00540,60.201664309119984,25.042572423197967,3500.0,0.0
d5a332f8-eb55-4f14-89a3-c828dc491bc3,1980-03-04,,999-73-7291,S99985291,X65903317X,Mrs.,Noura,Kimari,,Savimäki,M,white,nonhispanic,F,Lapinjärvi  Uusimaa  FI,861 Vuono Katu Suite 78,Raasepori,Uusimaa,Raasepori,10640,60.18006434203698,23.567915509849605,4250.0,0.0
404596a9-fd87-438c-9f32-960ef5eaae14,1966-04-02,,999-52-1155,S99986647,X50219550X,Ms.,Nelli-Sofia,Kangasrääsiö,,,S,white,nonhispanic,F,Mäntsälä  Uusimaa  FI,325 Kyrönniemi Katu,Espoo,Uusimaa,Espoo,02680,60.17551809447474,24.805095945994797,5375.0,0.0
fb436652-d53a-4b83-a71f-e9f38e2fb21b,1968-03-21,,999-98-1888,S99916960,X5177439X,Mr.,Joni-Juhani,Samppala,,,S,white,nonhispanic,M,Helsinki  Uusimaa  FI,453 Kannasmaa Katu Suite 8,Helsinki,Uusimaa,Helsinki,00780,60.289038947455744,25.052698595215883,5125.0,0.0
a2c037aa-0bdf-421c-b98a-f2f16fad6ffa,1961-04-08,,999-59-3130,S99955756,X75225448X,Mrs.,Karin,Läärä,,Pilkkakangas,M,white,nonhispanic,F,Nurmijärvi  Uusimaa  FI,816 Saxholm Katu,Porvoo,Uusimaa,Porvoo,07320,60.3879107883626,25.864196810091247,6000.0,0.0
c68cb4d6-084b-4069-8eb2-5b8c98554b37,1979-10-13,,999-76-6704,S99987763,X16204454X,Mrs.,Kesia,Santtila,,Hahmo,M,white,nonhispanic,F,Helsinki  Uusimaa  FI,1007 Saukoniemi Katu,Kerava,Uusimaa,Kerava,04220,60.43868296077299,25.11540006609342,4375.0,0.0
bf8c0789-0a29-4f75-9914-0b6328e127b4,1987-04-10,,999-33-2282,S99931986,X2252113X,Ms.,Ellevi,Björklund,,,S,white,nonhispanic,F,Kerava  Uusimaa  FI,858 Kemiläinen Katu,Helsinki,Uusimaa,Helsinki,00100,60.259546758464886,24.955993084101245,4000.0,0.0
b56275e3-26e8-4f87-9c01-aaf0cb0e2b5e,1978-07-15,,999-10-7807,S99924669,X29430377X,Mrs.,Melise,Peuhkurinen,,Eteläaho,M,white,nonhispanic,F,Espoo  Uusimaa  FI,828 Uusnäkki Katu Suite 27,Helsinki,Uusimaa,Helsinki,00780,60.28283572312209,24.94953562294795,4705.73,0.0
fefa73ae-8c98-43b8-955d-3ed8af58c032,1947-07-26,,999-58-1291,S99982246,X83107970X,Ms.,Helen,Abshir,,,S,white,nonhispanic,F,Järvenpää  Uusimaa  FI,842 Särkijärvi Katu,Helsinki,Uusimaa,Helsinki,00770,60.22713335581274,24.90858103710317,7750.0,0.0
1a1236ac-dbbe-4140-975b-b2474c07af50,1937-09-19,2019-05-12,999-35-1467,S99998031,X39828247X,Mr.,Karl-Henrik,Löfgrén,,,M,white,nonhispanic,M,Helsinki  Uusimaa  FI,486 Skata Katu Unit 43,Lohja,Uusimaa,Lohja,08450,60.21537957330942,23.69863211128119,15431.880000000001,0.0
81f9af57-d40a-430f-a91b-0996500c7d07,1994-03-25,,999-75-8725,S99989702,X25442818X,Ms.,Aala,Hietanoro,,,,white,nonhispanic,F,Loviisa  Uusimaa  FI,689 Karen Katu Unit 94,Helsinki,Uusimaa,Helsinki,00440,60.16787840326651,25.182626041457706,3750.0,0.0
5d99c217-098f-47c7-8370-81f290288364,1987-11-06,,999-93-6970,S99955587,X53630927X,Ms.,Violet,Leiniäinen,,,S,white,nonhispanic,F,Espoo  Uusimaa  FI,330 Katro Katu Unit 30,Vantaa,Uusimaa,Vantaa,01200,60.305178510016646,24.818321910697147,4000.0,0.0
42ccfcea-2c8f-4647-9b73-2eb3300a3e13,2001-07-22,,999-79-1133,S99928716,,Ms.,Suleiman,Peevo,,,,white,nonhispanic,F,Vantaa  Uusimaa  FI,345 Selonen Katu Apt 51,Helsinki,Uusimaa,Helsinki,00770,60.18322958391434,25.064748244959297,3375.0,0.0
e7b3005b-736e-4019-a863-fbc5c69e942a,2002-01-11,,999-69-4866,S99915509,,Ms.,Maureen,Reunala,,,,white,nonhispanic,F,Helsinki  Uusimaa  FI,1084 Grönthal Katu Unit 93,Sipoo,Uusimaa,Sipoo,01190,60.26074387429802,25.245896867177652,3375.0,0.0
0f7629d2-d64b-48df-a2fb-6e76005cad66,1995-02-06,,999-94-9988,S99959347,X56583458X,Mr.,Waleed,Abdi,,,,white,nonhispanic,M,Helsinki  Uusimaa  FI,391 Kotikangas Katu,Espoo,Uusimaa,Espoo,02600,60.29749497489162,24.615177299332302,3625.0,0.0
b3cccd58-778e-43de-af6e-e5e5e2b6415f,1964-06-28,,999-28-4839,S99953359,X63105287X,Mr.,Timofey,Honkoliini,,,M,white,nonhispanic,M,Helsinki  Uusimaa  FI,826 Maksniemi Katu,Helsinki,Uusimaa,Helsinki,00800,60.29208994804368,24.99312883633498,5625.0,0.0
420ad252-0b71-4292-a5c8-4b5442fe1f56,1951-03-30,,999-97-4278,S99948421,X77250104X,Mr.,Lorenzo,Häggblom,,,M,white,nonhispanic,M,Espoo  Uusimaa  FI,339 Tuorilainen Katu Apt 92,Helsinki,Uusimaa,Helsinki,00440,60.290271215163514,25.04683546206234,7250.0,0.0
b50655bb-832a-492e-ba10-688db6b07e1d,1968-03-16,,999-15-1630,S99993230,X61364960X,Mr.,Alawi,Vainikainen,,,M,white,nonhispanic,M,Helsinki  Uusimaa  FI,496 Kukkamo Katu Unit 32,Tuusula,Uusimaa,Tuusula,04350,60.41742325016017,24.93930638942709,5125.0,0.0
f1d43b9b-d620-4f45-9df7-5833d8e204b1,2016-03-16,,999-42-9541,,,,Eden,Vanha-aho,,,,white,nonhispanic,F,Porvoo  Uusimaa  FI,532 Alaniva Katu,Vantaa,Uusimaa,Vantaa,01360,60.23760279296242,25.006354042464388,1625.0,0.0
27dbcda7-b7d4-4eca-ac8d-03162e6ba882,1956-02-15,,999-93-6990,S99929640,X87645938X,Mrs.,Jutta,Pihlajisto,,Akolahti,M,white,nonhispanic,F,Espoo  Uusimaa  FI,952 Juupaluoma Katu,Helsinki,Uusimaa,Helsinki,00350,60.248150291075206,25.07733235542013,6625.0,0.0
9b42373e-05ca-45af-95ed-0f71c62e2ac4,2002-05-13,,999-94-7403,S99911742,,,Ala,Virkkilä,,,,white,nonhispanic,F,Helsinki  Uusimaa  FI,469 Annanpalo Katu Unit 12,Porvoo,Uusimaa,Porvoo,07350,60.462213837637755,25.794878503089425,3250.0,0.0
a8b6fdf2-1001-43e6-97b3-5ab19b090497,2009-12-10,,999-94-5482,,,,Sharmarke,Kuusirati,,,,white,nonhispanic,M,Helsinki  Uusimaa  FI,210 Asplund Katu,Helsinki,Uusimaa,Helsinki,00770,60.229573190563144,24.920063483196447,2375.0,0.0
0a0710de-95b6-4e77-aea7-9f3c2d7d5ffb,2019-05-15,,999-90-1935,,,,Bedri,Boijer-Spoof,,,,white,nonhispanic,M,Espoo  Uusimaa  FI,288 Ravila Katu Unit 66,Tuusula,Uusimaa,Tuusula,04370,60.41551499770781,25.00581330055959,625.0,0.0
0c601603-4706-46fa-875d-63becffae893,2003-08-01,,999-14-8959,S99912296,,,Abdellah,Lumpo,,,,white,nonhispanic,M,Järvenpää  Uusimaa  FI,852 Konttinen Katu Apt 83,Helsinki,Uusimaa,Helsinki,00150,60.26784830300924,25.005072276531475,3125.0,0.0
ab6c800c-23a2-4bd0-98df-b5fc2fc7c63b,1940-09-28,,999-36-8821,S99992382,X3659624X,Mr.,Vadim,Erlandsson,,,M,white,nonhispanic,M,Porvoo  Uusimaa  FI,545 Sandstedt Katu Apt 27,Helsinki,Uusimaa,Helsinki,00120,60.197414252144846,25.10509010230776,8500.0,0.0
df3cb8e9-6da0-4b98-b70b-a164a585431e,1937-09-19,,999-25-7056,S99922554,X25963541X,Mr.,Araz,Nilsén,,,M,white,nonhispanic,M,Helsinki  Uusimaa  FI,244 Tuttavainen Katu,Lohja,Uusimaa,Lohja,08500,60.29306011133608,24.108929596315775,9000.0,0.0
659e79fa-26a6-4d0c-b9c3-c4ce74787eb5,1976-04-26,,999-28-9778,S99984109,X25702178X,Mr.,Nuka,Hankavuori,,,M,white,nonhispanic,M,Vantaa  Uusimaa  FI,204 Wallenstjerna Katu Unit 50,Espoo,Uusimaa,Espoo,02940,60.184371660115836,24.711505939645715,4500.0,0.0
28133586-8b21-496e-831c-b995b6be1ab2,1974-05-12,,999-59-3395,S99981156,X74705050X,Mr.,Rieti,Airas,,,M,white,nonhispanic,M,Järvenpää  Uusimaa  FI,181 Miininen Katu Apt 61,Helsinki,Uusimaa,Helsinki,00510,60.22834587161863,25.107051771346132,4625.0,0.0
1f3a1215-d241-41e6-9d4b-c496bfa468f0,1959-06-16,,999-33-3573,S99944718,X9564839X,Mrs.,Donika,Muuruvirta,,Mäki-Fossi,M,white,nonhispanic,F,Helsinki  Uusimaa  FI,753 Tarsia Katu Apt 46,Tuusula,Uusimaa,Tuusula,04350,60.56702420257137,25.02728546195021,6250.0,0.0
54e52720-5230-4aca-a9f3-1ba17f55a880,1965-08-05,,999-85-4407,S99910632,X4211261X,Mr.,Russell,Heilanen,,,M,white,nonhispanic,M,Hyvinkää  Uusimaa  FI,870 Vestin Katu Suite 5,Askola,Uusimaa,Askola,07230,60.570916144522066,25.66724954833653,5500.0,0.0
5d66636c-d309-4b9c-ae3f-86a358452928,1965-04-09,,999-67-7042,S99934778,X78154919X,Mr.,Mart,Lensu,,,M,white,nonhispanic,M,Espoo  Uusimaa  FI,393 Kaitola Katu Apt 66,Sipoo,Uusimaa,Sipoo,01120,60.40159672584879,25.178216093424307,5500.0,0.0
22fae300-2747-467b-8ccc-86afb21898fc,1958-07-08,,999-91-7731,S99977984,X39058960X,Mr.,Rafael,Rantatalo,,,M,white,nonhispanic,M,Espoo  Uusimaa  FI,494 Yllikäinen Katu,Kirkkonummi,Uusimaa,Kirkkonummi,02480,60.1380913791476,24.38521439472971,6500.0,0.0
ace41231-ae80-4df3-b4ad-cccaf24d6321,1950-07-08,,999-40-8751,S99987023,X55722790X,Ms.,Cora,Peiponen,,,S,white,nonhispanic,F,Marseille  Provence-Alpes-Cote d'Azur  FR,976 Tavaila Katu Unit 57,Vantaa,Uusimaa,Vantaa,01350,60.30608854197394,24.829866028765277,7375.0,0.0
12cc0f88-89cb-45d8-ac2f-18ad96982ccf,1948-03-05,,999-29-8463,S99951975,X15165120X,Mr.,Gábor,Breitholtz,,,M,white,nonhispanic,M,Tuusula  Uusimaa  FI,897 Ylimattila Katu,Espoo,Uusimaa,Espoo,02750,60.16716629300578,24.82385961637803,7625.0,0.0
