PATIENT,START_YEAR,END_YEAR,PAYER,OWNERSHIP
584e43a1-9ed2-4d65-ba9c-ae6be2fafeb9,1993,2011,e15e7b92-f376-374f-9285-2f59a38ad823,Guardian
6f51e2d7-ecfb-44ff-9546-9f158fd0908c,1988,2006,e15e7b92-f376-374f-9285-2f59a38ad823,Guardian
b689ac19-d18a-48fa-8409-7c333ff13df7,1971,1989,e15e7b92-f376-374f-9285-2f59a38ad823,Guardian
167ae973-4dfa-4922-9231-e4e4a8381db3,1965,1983,e15e7b92-f376-374f-9285-2f59a38ad823,Guardian
32804158-2a8a-45bc-a53e-3f6fb2236df6,1968,1986,e15e7b92-f376-374f-9285-2f59a38ad823,Guardian
071657ae-869a-4ca2-b1f3-423726bc6eb8,1986,2004,e15e7b92-f376-374f-9285-2f59a38ad823,Guardian
068b8250-7bfe-479b-854d-5a1e46a3915e,1964,1982,e15e7b92-f376-374f-9285-2f59a38ad823,Guardian
886b8241-8762-4802-99a7-c0a3314a45b2,1995,2013,e15e7b92-f376-374f-9285-2f59a38ad823,Guardian
3a388440-7b2c-4f38-b773-a70f1e51fc57,1949,1967,e15e7b92-f376-374f-9285-2f59a38ad823,Guardian
98252cb2-a4be-45ef-b151-f518d91ca5b9,1959,1977,e15e7b92-f376-374f-9285-2f59a38ad823,Guardian
b9c3f26b-699b-47d2-b4aa-1d55b5c4ae40,1942,1960,e15e7b92-f376-374f-9285-2f59a38ad823,Guardian
e1fd330b-b8ab-4801-9b26-eff84492a45e,1984,2002,e15e7b92-f376-374f-9285-2f59a38ad823,Guardian
f1597270-8b76-4f70-9df3-45194d7b2b4c,1967,1985,e15e7b92-f376-374f-9285-2f59a38ad823,Guardian
8d94cd0f-4efe-4ac9-bad3-144adfd6f094,2010,2010,b1c428d6-4f07-31e0-90f0-68ffa6ff8c76,
8d94cd0f-4efe-4ac9-bad3-144adfd6f094,2011,2014,e15e7b92-f376-374f-9285-2f59a38ad823,
464b5b2c-4c29-4f3c-bdb2-8fbc8fb0b5df,1990,2008,e15e7b92-f376-374f-9285-2f59a38ad823,Guardian
e519e2bd-8f7a-48c8-ae56-a15790deaac7,1977,1995,e15e7b92-f376-374f-9285-2f59a38ad823,Guardian
eab76399-f8e1-4102-81da-a239858fbc08,1943,1961,e15e7b92-f376-374f-9285-2f59a38ad823,Guardian
65b75c15-6885-4173-b426-74487bd6edf9,1994,2012,e15e7b92-f376-374f-9285-2f59a38ad823,Guardian
5db7080a-3856-4740-b733-902f7e4c1eef,1981,1999,e15e7b92-f376-374f-9285-2f59a38ad823,Guardian
4cd319a4-24f7-409d-894c-8b360e7f8358,1935,1953,e15e7b92-f376-374f-9285-2f59a38ad823,Guardian
47d0a406-bdc6-4a92-8b85-a675ef1f42cb,1979,1997,e15e7b92-f376-374f-9285-2f59a38ad823,Guardian
097c268c-06f4-4623-b814-c74f332006e1,1980,1998,e15e7b92-f376-374f-9285-2f59a38ad823,Guardian
0e3802ba-ac05-4aa8-8217-96539669d055,1953,1971,e15e7b92-f376-374f-9285-2f59a38ad823,Guardian
7abd5ad9-f8f7-4494-82ef-245ba6dd77f4,1941,1959,e15e7b92-f376-374f-9285-2f59a38ad823,Guardian
fc0ced46-8412-461b-be41-18bd6cd53840,1995,2013,e15e7b92-f376-374f-9285-2f59a38ad823,Guardian
2787b0bd-e46d-4214-a047-df832d28d43c,1995,2013,e15e7b92-f376-374f-9285-2f59a38ad823,Guardian
2c39782c-da44-4401-babc-33314320e427,1948,1966,e15e7b92-f376-374f-9285-2f59a38ad823,Guardian
0d1c20f4-626a-4d39-91da-efc0996f0392,1982,2000,e15e7b92-f376-374f-9285-2f59a38ad823,Guardian
f342998f-cb41-4ebf-aa5b-3c3184b7d660,1959,1977,e15e7b92-f376-374f-9285-2f59a38ad823,Guardian
6bcf3604-7e37-4cc0-af02-c8c6be4ebd01,1975,1993,e15e7b92-f376-374f-9285-2f59a38ad823,Guardian
8bc5711d-db8b-4980-8678-cb93a93c12b1,1959,1977,e15e7b92-f376-374f-9285-2f59a38ad823,Guardian
0e0c1d24-74fa-4b31-89a4-36470e15512d,1958,1976,e15e7b92-f376-374f-9285-2f59a38ad823,Guardian
30ad6a07-e65f-43f3-8644-cb7356e6a975,1965,1983,e15e7b92-f376-374f-9285-2f59a38ad823,Guardian
5a4e216a-32a9-41ae-91ce-02ed929a3a50,1994,2012,e15e7b92-f376-374f-9285-2f59a38ad823,Guardian
8a89e7d1-e010-4269-a88f-986cb19aeb8d,1988,2006,e15e7b92-f376-374f-9285-2f59a38ad823,Guardian
678d5f8d-f128-4348-b3a1-11612c732188,1984,2002,e15e7b92-f376-374f-9285-2f59a38ad823,Guardian
1ab030a2-dc3b-4069-9d39-b52d274cae96,1973,1991,e15e7b92-f376-374f-9285-2f59a38ad823,Guardian
f272ed83-d530-4276-b097-b17984478340,1999,2017,e15e7b92-f376-374f-9285-2f59a38ad823,Guardian
3d15f86c-b5c0-40ea-9d50-09de05c33618,1923,1941,e15e7b92-f376-374f-9285-2f59a38ad823,Guardian
77dad316-9cc6-40c6-b385-94145789068c,1978,1996,e15e7b92-f376-374f-9285-2f59a38ad823,Guardian
bcd004ad-5929-4f41-b2d2-179ab20b2ce2,1948,1966,e15e7b92-f376-374f-9285-2f59a38ad823,Guardian
7b566984-4bef-4281-864e-d7bea03aef9a,1966,1984,e15e7b92-f376-374f-9285-2f59a38ad823,Guardian
b7cd8f18-7bee-4bd2-8ece-0f867e75799e,1962,1980,e15e7b92-f376-374f-9285-2f59a38ad823,Guardian
0ba11ef8-5adf-407b-adc6-1a7443bdf678,1990,2008,e15e7b92-f376-374f-9285-2f59a38ad823,Guardian
019f121f-4931-4a08-a017-87af7856ecd4,1992,2010,e15e7b92-f376-374f-9285-2f59a38ad823,Guardian
db564b7b-034b-4a40-8f5c-56c76df7becb,1967,1985,e15e7b92-f376-374f-9285-2f59a38ad823,Guardian
b509857a-6959-432e-aafb-bb4294b9d58e,2000,2018,e15e7b92-f376-374f-9285-2f59a38ad823,Guardian
18b182d1-a134-4f5c-8fde-0fcf734cfa2f,1978,1996,e15e7b92-f376-374f-9285-2f59a38ad823,Guardian
531c7d57-dcbb-43c1-8e4e-be76727534c6,1999,2017,e15e7b92-f376-374f-9285-2f59a38ad823,Guardian
c22d2964-2975-47d1-8cbf-8b8f227d9fc0,1954,1972,e15e7b92-f376-374f-9285-2f59a38ad823,Guardian
d7f4ce2c-40e7-411f-befb-954777aba0ff,1997,2015,e15e7b92-f376-374f-9285-2f59a38ad823,Guardian
be788c7c-9708-4672-b8d7-7a8041f364ec,1998,2016,e15e7b92-f376-374f-9285-2f59a38ad823,Guardian
d5a332f8-eb55-4f14-89a3-c828dc491bc3,1980,1998,e15e7b92-f376-374f-9285-2f59a38ad823,Guardian
404596a9-fd87-438c-9f32-960ef5eaae14,1966,1984,e15e7b92-f376-374f-9285-2f59a38ad823,Guardian
fb436652-d53a-4b83-a71f-e9f38e2fb21b,1968,1986,e15e7b92-f376-374f-9285-2f59a38ad823,Guardian
a2c037aa-0bdf-421c-b98a-f2f16fad6ffa,1961,1979,e15e7b92-f376-374f-9285-2f59a38ad823,Guardian
c68cb4d6-084b-4069-8eb2-5b8c98554b37,1979,1997,e15e7b92-f376-374f-9285-2f59a38ad823,Guardian
b56275e3-26e8-4f87-9c01-aaf0cb0e2b5e,1978,1996,e15e7b92-f376-374f-9285-2f59a38ad823,Guardian
bf8c0789-0a29-4f75-9914-0b6328e127b4,1987,2005,e15e7b92-f376-374f-9285-2f59a38ad823,Guardian
fefa73ae-8c98-43b8-955d-3ed8af58c032,1947,1965,e15e7b92-f376-374f-9285-2f59a38ad823,Guardian
1a1236ac-dbbe-4140-975b-b2474c07af50,1937,1955,e15e7b92-f376-374f-9285-2f59a38ad823,Guardian
81f9af57-d40a-430f-a91b-0996500c7d07,1994,2012,e15e7b92-f376-374f-9285-2f59a38ad823,Guardian
5d99c217-098f-47c7-8370-81f290288364,1987,2005,e15e7b92-f376-374f-9285-2f59a38ad823,Guardian
42ccfcea-2c8f-4647-9b73-2eb3300a3e13,2001,2019,e15e7b92-f376-374f-9285-2f59a38ad823,Guardian
e7b3005b-736e-4019-a863-fbc5c69e942a,2002,2020,e15e7b92-f376-374f-9285-2f59a38ad823,Guardian
0f7629d2-d64b-48df-a2fb-6e76005cad66,1995,2013,e15e7b92-f376-374f-9285-2f59a38ad823,Guardian
b3cccd58-778e-43de-af6e-e5e5e2b6415f,1964,1982,e15e7b92-f376-374f-9285-2f59a38ad823,Guardian
420ad252-0b71-4292-a5c8-4b5442fe1f56,1951,1969,e15e7b92-f376-374f-9285-2f59a38ad823,Guardian
b50655bb-832a-492e-ba10-688db6b07e1d,1968,1986,e15e7b92-f376-374f-9285-2f59a38ad823,Guardian
27dbcda7-b7d4-4eca-ac8d-03162e6ba882,1956,1974,e15e7b92-f376-374f-9285-2f59a38ad823,Guardian
ab6c800c-23a2-4bd0-98df-b5fc2fc7c63b,1940,1958,e15e7b92-f376-374f-9285-2f59a38ad823,Guardian
df3cb8e9-6da0-4b98-b70b-a164a585431e,1937,1955,e15e7b92-f376-374f-9285-2f59a38ad823,Guardian
659e79fa-26a6-4d0c-b9c3-c4ce74787eb5,1976,1994,e15e7b92-f376-374f-9285-2f59a38ad823,Guardian
28133586-8b21-496e-831c-b995b6be1ab2,1974,1992,e15e7b92-f376-374f-9285-2f59a38ad823,Guardian
1f3a1215-d241-41e6-9d4b-c496bfa468f0,1959,1977,e15e7b92-f376-374f-9285-2f59a38ad823,Guardian
54e52720-5230-4aca-a9f3-1ba17f55a880,1965,1965,b1c428d6-4f07-31e0-90f0-68ffa6ff8c76,
54e52720-5230-4aca-a9f3-1ba17f55a880,1966,1968,e15e7b92-f376-374f-9285-2f59a38ad823,
54e52720-5230-4aca-a9f3-1ba17f55a880,1969,1983,e15e7b92-f376-374f-9285-2f59a38ad823,Guardian
5d66636c-d309-4b9c-ae3f-86a358452928,1965,1983,e15e7b92-f376-374f-9285-2f59a38ad823,Guardian
22fae300-2747-467b-8ccc-86afb21898fc,1958,1976,e15e7b92-f376-374f-9285-2f59a38ad823,Guardian
ace41231-ae80-4df3-b4ad-cccaf24d6321,1950,1968,e15e7b92-f376-374f-9285-2f59a38ad823,Guardian
12cc0f88-89cb-45d8-ac2f-18ad96982ccf,1948,1966,e15e7b92-f376-374f-9285-2f59a38ad823,Guardian
