DATE,PATIENT,ENCOUNTER,CODE,DESCRIPTION,BASE_COST,REASONCODE,REASONDESCRIPTION
2012-05-04,068b8250-7bfe-479b-854d-5a1e46a3915e,25ec033d-a7ef-4114-848a-fd84319530cf,18286008,Catheter ablation of tissue of heart,9934.32,49436004,Atrial Fibrillation
2013-05-10,068b8250-7bfe-479b-854d-5a1e46a3915e,d8ee8127-df21-4027-8d70-ea41ef3e5901,180325003,Electrical cardioversion,28329.24,49436004,Atrial Fibrillation
2014-05-16,068b8250-7bfe-479b-854d-5a1e46a3915e,e2233ff9-2211-4172-b140-4c060f7f1da6,180325003,Electrical cardioversion,29653.48,49436004,Atrial Fibrillation
2015-05-22,068b8250-7bfe-479b-854d-5a1e46a3915e,4314a24f-b2d7-4894-be97-175945607912,180325003,Electrical cardioversion,21113.17,49436004,Atrial Fibrillation
2016-05-27,068b8250-7bfe-479b-854d-5a1e46a3915e,ced67a7a-497a-42c2-a383-5d2c77e53ecd,180325003,Electrical cardioversion,27532.34,49436004,Atrial Fibrillation
2017-06-02,068b8250-7bfe-479b-854d-5a1e46a3915e,972f2bc4-e396-4092-bbc8-1e573b67cd23,180325003,Electrical cardioversion,19875.06,49436004,Atrial Fibrillation
2018-06-08,068b8250-7bfe-479b-854d-5a1e46a3915e,b1755b7d-9675-4c89-9e70-52d542707f3d,180325003,Electrical cardioversion,32128.60,49436004,Atrial Fibrillation
2019-06-14,068b8250-7bfe-479b-854d-5a1e46a3915e,532f642f-9506-41fc-a83a-4eb3582f9b82,18286008,Catheter ablation of tissue of heart,9749.28,49436004,Atrial Fibrillation
2017-10-18,b9c3f26b-699b-47d2-b4aa-1d55b5c4ae40,52ae2f51-b5f0-4b16-ac69-91f8d99a1b89,40701008,Echocardiography (procedure),1039.24,230690007,Stroke
2017-10-18,b9c3f26b-699b-47d2-b4aa-1d55b5c4ae40,52ae2f51-b5f0-4b16-ac69-91f8d99a1b89,433112001,Percutaneous mechanical thrombectomy of portal vein using fluoroscopic guidance,40283.63,230690007,Stroke
2013-07-23,4cd319a4-24f7-409d-894c-8b360e7f8358,e0a1d509-d4f6-441b-baa9-f5242a58b639,180325003,Electrical cardioversion,30604.21,49436004,Atrial Fibrillation
2014-07-29,4cd319a4-24f7-409d-894c-8b360e7f8358,3a2d0ea6-1e01-436e-ade4-c15b5a783e92,180325003,Electrical cardioversion,33168.40,49436004,Atrial Fibrillation
2015-08-04,4cd319a4-24f7-409d-894c-8b360e7f8358,6fdc056b-b6ac-424b-a881-d5dbbe984f03,180325003,Electrical cardioversion,43271.25,49436004,Atrial Fibrillation
2016-08-09,4cd319a4-24f7-409d-894c-8b360e7f8358,749bcacc-83c9-49d4-a734-4deb14d6c3cb,180325003,Electrical cardioversion,43678.98,49436004,Atrial Fibrillation
2017-08-15,4cd319a4-24f7-409d-894c-8b360e7f8358,f97cc275-c117-4ae2-aec2-4025295cc0b3,18286008,Catheter ablation of tissue of heart,8304.58,49436004,Atrial Fibrillation
2018-08-21,4cd319a4-24f7-409d-894c-8b360e7f8358,c7efde2f-9116-4b2a-9eed-55d8478f393c,18286008,Catheter ablation of tissue of heart,10787.74,49436004,Atrial Fibrillation
2019-08-27,4cd319a4-24f7-409d-894c-8b360e7f8358,5b94b557-57e0-4f65-8b53-968d524e86a5,180325003,Electrical cardioversion,21487.05,49436004,Atrial Fibrillation
2018-01-28,0e3802ba-ac05-4aa8-8217-96539669d055,0cd9e155-3700-40a5-b87d-11c1e7b96e11,40701008,Echocardiography (procedure),1279.92,230690007,Stroke
2018-01-28,0e3802ba-ac05-4aa8-8217-96539669d055,0cd9e155-3700-40a5-b87d-11c1e7b96e11,433112001,Percutaneous mechanical thrombectomy of portal vein using fluoroscopic guidance,20239.41,230690007,Stroke
1991-01-16,2c39782c-da44-4401-babc-33314320e427,8bf5cc8d-1716-49e0-997c-1769842806ed,40701008,Echocardiography (procedure),1438.97,22298006,Myocardial Infarction
1991-01-16,2c39782c-da44-4401-babc-33314320e427,8bf5cc8d-1716-49e0-997c-1769842806ed,415070008,Percutaneous coronary intervention,28499.86,22298006,Myocardial Infarction
1991-01-16,2c39782c-da44-4401-babc-33314320e427,8bf5cc8d-1716-49e0-997c-1769842806ed,232717009,Coronary artery bypass grafting,48536.83,22298006,Myocardial Infarction
2010-04-28,3d15f86c-b5c0-40ea-9d50-09de05c33618,7d23b798-e1d8-40f3-9eba-7a8345af5662,18286008,Catheter ablation of tissue of heart,10537.61,49436004,Atrial Fibrillation
2011-05-04,3d15f86c-b5c0-40ea-9d50-09de05c33618,f887689e-4198-49d2-b662-23dfa9364048,180325003,Electrical cardioversion,27550.45,49436004,Atrial Fibrillation
2012-05-09,3d15f86c-b5c0-40ea-9d50-09de05c33618,3851db46-32b5-4037-962f-c756c2f1e4d4,18286008,Catheter ablation of tissue of heart,6401.11,49436004,Atrial Fibrillation
2013-05-15,3d15f86c-b5c0-40ea-9d50-09de05c33618,ed618bb0-441e-4b95-b89f-1e386631e42e,180325003,Electrical cardioversion,18498.96,49436004,Atrial Fibrillation
2014-05-21,3d15f86c-b5c0-40ea-9d50-09de05c33618,13372f21-96d2-4682-b611-cc759beafb11,18286008,Catheter ablation of tissue of heart,10660.65,49436004,Atrial Fibrillation
2015-05-27,3d15f86c-b5c0-40ea-9d50-09de05c33618,5fa4ed51-36ea-4361-8272-b19beb42b289,180325003,Electrical cardioversion,20893.77,49436004,Atrial Fibrillation
2016-06-01,3d15f86c-b5c0-40ea-9d50-09de05c33618,0d68ab3f-d76a-4d79-8437-ce061d611453,180325003,Electrical cardioversion,26656.26,49436004,Atrial Fibrillation
2017-06-07,3d15f86c-b5c0-40ea-9d50-09de05c33618,bbb41258-1778-4d6a-a276-aedf83809ea8,180325003,Electrical cardioversion,20335.18,49436004,Atrial Fibrillation
2018-06-13,3d15f86c-b5c0-40ea-9d50-09de05c33618,58c2f082-905a-431c-8669-01dc2913340e,180325003,Electrical cardioversion,42207.48,49436004,Atrial Fibrillation
2019-06-19,3d15f86c-b5c0-40ea-9d50-09de05c33618,0ec80841-c196-4002-af1d-dd293fb0b125,180325003,Electrical cardioversion,15983.98,49436004,Atrial Fibrillation
2015-03-06,18b182d1-a134-4f5c-8fde-0fcf734cfa2f,dc1c5d96-f696-4a93-9426-856a31a9bcb8,40701008,Echocardiography (procedure),1517.68,410429000,Cardiac Arrest
2015-03-06,18b182d1-a134-4f5c-8fde-0fcf734cfa2f,dc1c5d96-f696-4a93-9426-856a31a9bcb8,447365002,Insertion of biventricular implantable cardioverter defibrillator,18931.57,410429000,Cardiac Arrest
2015-03-06,18b182d1-a134-4f5c-8fde-0fcf734cfa2f,dc1c5d96-f696-4a93-9426-856a31a9bcb8,18286008,Catheter ablation of tissue of heart,10788.74,410429000,Cardiac Arrest
2019-05-12,1a1236ac-dbbe-4140-975b-b2474c07af50,ccca3b26-4563-4012-ac53-a51719886c1d,40701008,Echocardiography (procedure),1261.42,230690007,Stroke
2019-05-12,1a1236ac-dbbe-4140-975b-b2474c07af50,ccca3b26-4563-4012-ac53-a51719886c1d,433112001,Percutaneous mechanical thrombectomy of portal vein using fluoroscopic guidance,20087.48,230690007,Stroke
2011-01-30,df3cb8e9-6da0-4b98-b70b-a164a585431e,4ec8c07f-76c8-4023-be8b-65e0e5fb4cce,18286008,Catheter ablation of tissue of heart,10315.75,49436004,Atrial Fibrillation
2012-02-05,df3cb8e9-6da0-4b98-b70b-a164a585431e,b8bd2d20-d100-458a-b084-8b1a12d6747b,180325003,Electrical cardioversion,33990.85,49436004,Atrial Fibrillation
2013-02-10,df3cb8e9-6da0-4b98-b70b-a164a585431e,9ec93149-e861-4464-9b97-aec17d60a3ab,180325003,Electrical cardioversion,31331.49,49436004,Atrial Fibrillation
2014-02-16,df3cb8e9-6da0-4b98-b70b-a164a585431e,be3463db-c4c7-4e1a-96b0-cb6a312d7d6f,180325003,Electrical cardioversion,25181.77,49436004,Atrial Fibrillation
2015-02-22,df3cb8e9-6da0-4b98-b70b-a164a585431e,07592e31-16d2-4f3e-b1f8-f565dfc2c5aa,18286008,Catheter ablation of tissue of heart,15069.60,49436004,Atrial Fibrillation
2016-02-28,df3cb8e9-6da0-4b98-b70b-a164a585431e,9094cae3-354f-4cba-b0ea-a248b13a5831,180325003,Electrical cardioversion,27956.79,49436004,Atrial Fibrillation
2017-03-05,df3cb8e9-6da0-4b98-b70b-a164a585431e,f605dbeb-cf44-4539-bf87-f1913b2cee45,180325003,Electrical cardioversion,48845.98,49436004,Atrial Fibrillation
2018-03-11,df3cb8e9-6da0-4b98-b70b-a164a585431e,7dc72842-b68b-4b50-8df9-e93dbfe38b40,180325003,Electrical cardioversion,34565.69,49436004,Atrial Fibrillation
2019-03-17,df3cb8e9-6da0-4b98-b70b-a164a585431e,f5eb47bd-06f1-4107-8831-bd423f5943cb,18286008,Catheter ablation of tissue of heart,8265.47,49436004,Atrial Fibrillation
