Id,ORGANIZATION,NAME,GENDER,SPECIALITY,ADDRESS,CITY,STATE,ZIP,LAT,LON,UTILIZATION
7caf00c4-bac1-34c6-9ea7-fc84e51dc840,319baef9-e8e6-3320-9e0b-7991d9c167b8,Vsevolod Liitti,M,GENERAL PRACTICE,Haartmaninkatu 4,Helsinki,18,00290,60.189159,24.909081,1
3ff8bcfd-9c43-3524-ad83-d71c7c149b1c,d8f91bff-b1eb-3e4d-8936-10924c36977a,Cay Koski-Tuuri,M,GENERAL PRACTICE,Meilahdentie 2,Helsinki,18,00250,60.19263,24.89436,1
89f204f6-d292-3575-83b1-95d7bf6f691c,410e8cf7-76a3-307f-b421-5fa7760177f1,Ora Ingi,M,GENERAL PRACTICE,Kasarmikatu 11-13,Helsinki,18,00130,60.16102,24.94834,2
1a6be8cd-dfe9-359a-8ece-cc82ffdca98f,39010280-b8e5-3b1a-b835-bafbeea21968,Emerson Kylä-Junnila,M,GENERAL PRACTICE,Turuntie 150,Espoo,18,02740,60.22589,24.77581,1
e5ac7ac7-5e9f-3dcb-8a0b-414edf6c681e,7b74aa83-5335-38dd-a213-d6df36c7f627,Valde Haddad,M,GENERAL PRACTICE,Karvasmäentie 6,Espoo,18,02740,60.22011,24.6848,2
890ea3e2-a753-3813-af11-13338f5ba532,af916982-f5f8-341b-b159-69e72695294c,Taisia Nykänen,F,GENERAL PRACTICE,Sairaalakatu 1,Vantaa,18,01400,60.3299,25.0608,1
1e5d505b-a814-3b04-8802-aae1594b7193,294d60d6-0e2b-396b-a8bf-77998642f6b7,Markku-Pekka Mayer,M,GENERAL PRACTICE,Ohkolantie 10,Kellokoski,18,04500,60.53054,25.10548,1
293bfa74-cab5-3a72-8be9-788c836576ca,8af774ed-7635-320a-ad8c-a63aa309a858,Elen Gullberg,F,GENERAL PRACTICE,Sairaalatie 8,Lohja,18,08200,60.2247,24.01885,2
eb0d12f5-86f7-30a2-8e25-5840ec6bd3b9,738aef7e-a279-3f65-9dba-fead16b27400,Kati-Johanna Tornivaara,F,GENERAL PRACTICE,Turuntie 150,Espoo,18,02740,60.22589,24.77581,1327
bfa1d39e-6fb8-3c4c-b4b7-7f052ec491fb,9a3e6919-4ed0-32fe-a1e2-7184b06c415f,Riina-Mari Tilles,F,GENERAL PRACTICE,Karvasmäentie 6,Espoo,18,02740,60.22011,24.6848,333
3659fbc9-5fed-3e0d-9490-bf1fb15a6402,a70486b2-c33a-37b3-a4cf-b3dc06cb9d84,Jadele Rajasuo,F,GENERAL PRACTICE,Sairaalakatu 1,Vantaa,18,01400,60.3299,25.0608,1186
13b9e780-e164-33b1-9172-183861b7915f,bf25636d-50a4-3cf2-b937-0e59fd37503f,Vsevolod Liitti,M,GENERAL PRACTICE,Sairaalankatu 1,Hyvinkää,18,05830,60.612,24.82486,140
6939c4a7-e174-31b0-b116-568167bed283,4eddd774-a01b-3a0b-b4c6-736a5581aba4,Henrita Paitula,F,GENERAL PRACTICE,Ohkolantie 10,Kellokoski,18,04500,60.53054,25.10548,186
306d7578-dce5-324a-9b05-7520c26d5584,942171f0-df04-34cc-9c85-1a11b2f08717,Rein Torkki,M,GENERAL PRACTICE,Sairaalatie 8,Lohja,18,08200,60.2247,24.01885,482
6e6395c8-b782-3d43-8069-ad50da0e9b83,216a84b2-6287-356d-9bcf-655abf00debb,Janos Saareks,M,GENERAL PRACTICE,Sairaalantie 1,Porvoo,18,06200,60.37911,25.69576,160
54796a58-ce21-3ed3-9bc2-ef6301516826,319baef9-e8e6-3320-9e0b-7991d9c167b8,Kati-Johanna Tornivaara,F,GENERAL PRACTICE,Haartmaninkatu 4,Helsinki,18,00290,60.189159,24.909081,1
ad67cff1-5625-385d-88ae-3cf243811eaa,7b74aa83-5335-38dd-a213-d6df36c7f627,Vsevolod Liitti,M,GENERAL PRACTICE,Karvasmäentie 6,Espoo,18,02740,60.22011,24.6848,1
516fdb7c-5d61-395e-8e7c-604abe93fc60,8af774ed-7635-320a-ad8c-a63aa309a858,Janos Saareks,M,GENERAL PRACTICE,Sairaalatie 8,Lohja,18,08200,60.2247,24.01885,2
