START,STOP,PATIENT,ENCOUNTER,CODE,DESCRIPTION
2013-11-18,2014-01-04,81093d0f-69f9-4a12-a0d2-7e077b63c796,82bb8a68-27c9-4da6-aeb6-e2f166f227aa,65363002,Otitis media
2016-04-23,2017-01-07,81093d0f-69f9-4a12-a0d2-7e077b63c796,7c011c83-49fe-4715-bd3f-d20949731c01,65363002,Otitis media
2017-06-05,,e252cb2b-f8a0-455e-b1cf-53385ce42269,53f045f6-a99e-43d6-8833-329881db6685,410429000,Cardiac Arrest
2017-06-05,,e252cb2b-f8a0-455e-b1cf-53385ce42269,53f045f6-a99e-43d6-8833-329881db6685,429007001,History of cardiac arrest (situation)
2014-05-10,2014-05-24,6d05a530-e0c2-4c0b-ab8e-343c06a1706e,810d7ce9-1487-49b0-ab18-58b46d415f1f,65363002,Otitis media
1986-03-14,,327201ee-be6d-4416-a5eb-a3ebbb5e8e98,27f89504-3b57-4c74-9fd1-5502225a20f7,53741008,Coronary Heart Disease
2017-05-19,,327201ee-be6d-4416-a5eb-a3ebbb5e8e98,6ea6887a-b67f-48ab-9969-43a23c1f7858,230690007,Stroke
2019-02-28,2019-06-10,bdae5f51-b171-462f-8960-06fcb1e43d59,f7b8e8a7-6c35-4ea7-bb2b-56d6a6bf6670,65363002,Otitis media
2020-02-05,,bdae5f51-b171-462f-8960-06fcb1e43d59,909e423b-fc00-4dad-9779-e4facaae5529,65363002,Otitis media
2013-01-04,2013-06-20,43c69300-1e9b-4886-8354-f4e2d8208003,1ec7ed54-1f08-49df-a5b2-caab1ebf7d22,65363002,Otitis media
2016-07-04,2017-06-29,43c69300-1e9b-4886-8354-f4e2d8208003,370de0ec-5a28-49f5-a879-62345343e750,65363002,Otitis media
2018-05-31,2018-06-21,cd206e8f-c5f7-40c1-9aad-4b3667a05fb3,34abe3c8-9f9d-48b5-8552-de651f26be98,65363002,Otitis media
2019-06-16,,cd206e8f-c5f7-40c1-9aad-4b3667a05fb3,2640bae3-8052-4f4e-888d-94ac1c4902d4,65363002,Otitis media
2014-03-10,2015-03-10,0e70b76e-7a5d-4418-9fcb-e6534b0e62c2,3ce9d781-d59d-41a8-af66-bab90345d63f,65363002,Otitis media
1985-11-12,,e19d33bd-7383-4304-9a93-e6d68dd39a62,e6f9059b-dc10-46ca-8490-9e051fdd39ae,53741008,Coronary Heart Disease
1968-06-06,,db8fa5cb-36a8-4abc-8c56-4fee67f6b2cd,20697fca-4820-4888-88a6-ee4388a6f42f,230690007,Stroke
2019-11-17,,de6db869-294e-4b3a-ac80-c25f6fedd1f9,1d0068d5-1656-40c9-836c-f13947fad705,49436004,Atrial Fibrillation
2011-12-28,2012-06-12,f4d8645d-f03a-4970-a5b2-145194f74ee1,35f410ea-353d-4d08-a36f-971a5b98eb46,65363002,Otitis media
2015-06-27,2016-06-21,f4d8645d-f03a-4970-a5b2-145194f74ee1,904a7318-7a96-479c-a73e-8cf12fa0b966,65363002,Otitis media
1957-10-24,,5e6e5540-52e8-42cf-9cd6-2557add8d923,ebe27640-b971-4744-855a-1060404ad784,53741008,Coronary Heart Disease
1962-12-06,,5e6e5540-52e8-42cf-9cd6-2557add8d923,599b3308-19b4-46c2-9fbf-3bbfc192df74,410429000,Cardiac Arrest
1962-12-06,,5e6e5540-52e8-42cf-9cd6-2557add8d923,599b3308-19b4-46c2-9fbf-3bbfc192df74,429007001,History of cardiac arrest (situation)
1974-10-10,,5e6e5540-52e8-42cf-9cd6-2557add8d923,8ce86fa2-d987-49d1-811b-fe3102ec16a0,22298006,Myocardial Infarction
1974-10-10,,5e6e5540-52e8-42cf-9cd6-2557add8d923,8ce86fa2-d987-49d1-811b-fe3102ec16a0,399211009,History of myocardial infarction (situation)
1915-08-21,,6701f62a-b4bc-4490-8d81-13281afedc7b,5a533793-debf-405e-acac-2917683bbb49,410429000,Cardiac Arrest
1915-08-21,,6701f62a-b4bc-4490-8d81-13281afedc7b,5a533793-debf-405e-acac-2917683bbb49,429007001,History of cardiac arrest (situation)
1974-02-16,,6701f62a-b4bc-4490-8d81-13281afedc7b,3391b84a-41d0-4067-a60b-e9cbf1b1db5f,49436004,Atrial Fibrillation
2009-08-29,,6701f62a-b4bc-4490-8d81-13281afedc7b,d49dd539-98d0-44b7-9158-4fd779b69229,230690007,Stroke
2018-08-30,2019-04-03,b82c2323-5164-4791-9eba-4636cc1b20cb,b1ae79c3-2081-4b53-abc1-7d3e83fb80eb,65363002,Otitis media
2018-07-14,2018-08-09,d470ed83-cc15-4b43-acca-33fa65d4e3dd,375f16c2-c53c-4ec2-aa1e-b4d1779633d2,65363002,Otitis media
1980-01-21,,2de5c98c-5dc4-42be-9968-c2e949d20d22,171e1d95-51e1-440e-9450-b6f92ea8b61a,410429000,Cardiac Arrest
1980-01-21,,2de5c98c-5dc4-42be-9968-c2e949d20d22,171e1d95-51e1-440e-9450-b6f92ea8b61a,429007001,History of cardiac arrest (situation)
2001-08-14,,de665432-32bc-4752-a234-6e139a7d3167,a66ccd8d-d7bf-4af6-b1df-9f02d2d7b2f2,53741008,Coronary Heart Disease
2009-07-21,,de665432-32bc-4752-a234-6e139a7d3167,dfa39db0-df96-4c71-a715-5ec1ba4fca4f,22298006,Myocardial Infarction
2009-07-21,,de665432-32bc-4752-a234-6e139a7d3167,dfa39db0-df96-4c71-a715-5ec1ba4fca4f,399211009,History of myocardial infarction (situation)
2011-11-20,2012-01-31,0bd108b8-1e2d-4666-a82b-4a548c85d7d9,2f5fa2f1-4fe2-4d66-9425-88c3f00f31c8,65363002,Otitis media
2015-03-16,2015-04-28,0bd108b8-1e2d-4666-a82b-4a548c85d7d9,1574b93e-a83b-4576-b06b-0233764a9910,65363002,Otitis media
2010-11-25,2011-01-06,8bb06eff-4d11-4953-ac3d-710f2a185816,2338734d-feff-405d-8636-4a5a0e8ef5b7,65363002,Otitis media
2014-06-19,2015-04-09,8bb06eff-4d11-4953-ac3d-710f2a185816,9ae273ba-09ae-4c5a-bf3a-0b157aec1218,65363002,Otitis media
2017-12-17,2018-03-30,d3206661-e2c2-4a40-9d9c-1ea8da06a0f3,472e5830-4634-4747-b4cb-369d212a5fb1,65363002,Otitis media
1998-04-13,,3208ee4b-933e-46b0-9582-be4d2c8a2072,2799cc2e-f7c1-4526-b254-2be1f0688169,230690007,Stroke
2015-10-15,2015-12-01,f38ddede-e61d-4428-84bf-45a3a86a0212,944014ad-b560-4325-9484-7acf7c4d950d,65363002,Otitis media
2014-02-27,2014-07-18,097b4356-9e55-4316-9ad9-275ec6a2b53d,33a75840-14a1-4f8d-a388-bf4b7dd621b3,65363002,Otitis media
1947-04-13,,41a8a329-af93-4a2e-aaac-0655ebc04d27,9cf764a6-503d-4986-bdd8-a21bc473338a,410429000,Cardiac Arrest
1947-04-13,,41a8a329-af93-4a2e-aaac-0655ebc04d27,9cf764a6-503d-4986-bdd8-a21bc473338a,429007001,History of cardiac arrest (situation)
2001-08-26,,41a8a329-af93-4a2e-aaac-0655ebc04d27,129f3d04-c07e-4d90-963a-84cb24bb7d8a,49436004,Atrial Fibrillation
2001-12-02,,41a8a329-af93-4a2e-aaac-0655ebc04d27,200b57a0-5ee5-4048-b01e-78b64c6c7379,230690007,Stroke
2012-09-13,,70189cf8-fb5a-493a-8e96-46c4e81d7438,77ff4aa6-d3a5-4e3d-ad93-bf0f8adf38e9,49436004,Atrial Fibrillation
2014-11-13,,70189cf8-fb5a-493a-8e96-46c4e81d7438,185d1a8f-06ca-478a-b7a3-aca4c278428c,230690007,Stroke
2018-10-18,,70189cf8-fb5a-493a-8e96-46c4e81d7438,f2746f93-2801-4efb-bd5e-158219cd23b4,53741008,Coronary Heart Disease
2017-04-15,,ef857a22-b5e1-40d1-b564-552e688f2d15,275ae7d0-f19a-4df9-84f9-b9fe04292e45,53741008,Coronary Heart Disease
