START,STOP,PATIENT,PAYER,ENCOUNTER,CODE,DESCRIPTION,BASE_COST,PAYER_COVERAGE,DISPENSES,TOTALCOST,REASONCODE,REASONDESCRIPTION
2013-11-18,2013-12-02,81093d0f-69f9-4a12-a0d2-7e077b63c796,b1c428d6-4f07-31e0-90f0-68ffa6ff8c76,82bb8a68-27c9-4da6-aeb6-e2f166f227aa,308182,Amoxicillin 250 MG Oral Capsule,4.49,0.00,1,4.49,,
2013-11-18,2013-12-02,81093d0f-69f9-4a12-a0d2-7e077b63c796,b1c428d6-4f07-31e0-90f0-68ffa6ff8c76,82bb8a68-27c9-4da6-aeb6-e2f166f227aa,198405,Ibuprofen 100 MG Oral Tablet,13.51,0.00,1,13.51,,
2016-04-23,2016-05-07,81093d0f-69f9-4a12-a0d2-7e077b63c796,b1c428d6-4f07-31e0-90f0-68ffa6ff8c76,7c011c83-49fe-4715-bd3f-d20949731c01,308182,Amoxicillin 250 MG Oral Capsule,2.60,0.00,1,2.60,,
2016-04-23,2016-05-07,81093d0f-69f9-4a12-a0d2-7e077b63c796,b1c428d6-4f07-31e0-90f0-68ffa6ff8c76,7c011c83-49fe-4715-bd3f-d20949731c01,198405,Ibuprofen 100 MG Oral Tablet,24.13,0.00,1,24.13,,
2017-06-05,2017-06-05,e252cb2b-f8a0-455e-b1cf-53385ce42269,b1c428d6-4f07-31e0-90f0-68ffa6ff8c76,53f045f6-a99e-43d6-8833-329881db6685,1660014,1 ML Epinephrine 1 MG/ML Injection,4.96,0.00,1,4.96,,
2017-06-05,2017-06-05,e252cb2b-f8a0-455e-b1cf-53385ce42269,b1c428d6-4f07-31e0-90f0-68ffa6ff8c76,53f045f6-a99e-43d6-8833-329881db6685,834357,3 ML Amiodarone hydrocholoride 50 MG/ML Prefilled Syringe,268.50,0.00,1,268.50,,
2017-06-05,2017-06-05,e252cb2b-f8a0-455e-b1cf-53385ce42269,b1c428d6-4f07-31e0-90f0-68ffa6ff8c76,53f045f6-a99e-43d6-8833-329881db6685,1190795,Atropine Sulfate 1 MG/ML Injectable Solution,22.29,0.00,1,22.29,,
2014-05-10,2014-05-24,6d05a530-e0c2-4c0b-ab8e-343c06a1706e,b1c428d6-4f07-31e0-90f0-68ffa6ff8c76,810d7ce9-1487-49b0-ab18-58b46d415f1f,308182,Amoxicillin 250 MG Oral Capsule,11.80,0.00,1,11.80,,
2014-05-10,2014-05-24,6d05a530-e0c2-4c0b-ab8e-343c06a1706e,b1c428d6-4f07-31e0-90f0-68ffa6ff8c76,810d7ce9-1487-49b0-ab18-58b46d415f1f,198405,Ibuprofen 100 MG Oral Tablet,16.49,0.00,1,16.49,,
1986-03-14,,327201ee-be6d-4416-a5eb-a3ebbb5e8e98,b1c428d6-4f07-31e0-90f0-68ffa6ff8c76,27f89504-3b57-4c74-9fd1-5502225a20f7,705129,Nitroglycerin 0.4 MG/ACTUAT Mucosal Spray,241.96,0.00,413,99929.48,,
1991-04-12,,327201ee-be6d-4416-a5eb-a3ebbb5e8e98,b1c428d6-4f07-31e0-90f0-68ffa6ff8c76,955cc39b-6b20-4184-b449-1edb61755b65,312961,Simvastatin 20 MG Oral Tablet,14.91,0.00,352,5248.32,,
1994-04-29,,327201ee-be6d-4416-a5eb-a3ebbb5e8e98,b1c428d6-4f07-31e0-90f0-68ffa6ff8c76,20eeaabf-7785-4c24-980d-30a084bd9c25,197361,Amlodipine 5 MG Oral Tablet,73.80,0.00,315,23247.00,,
1997-05-16,2017-05-19,327201ee-be6d-4416-a5eb-a3ebbb5e8e98,b1c428d6-4f07-31e0-90f0-68ffa6ff8c76,bc859d67-a883-4ae1-abb1-abdcf426adbf,309362,Clopidogrel 75 MG Oral Tablet,12.12,0.00,243,2945.16,,
2017-05-19,2017-05-19,327201ee-be6d-4416-a5eb-a3ebbb5e8e98,b1c428d6-4f07-31e0-90f0-68ffa6ff8c76,6ea6887a-b67f-48ab-9969-43a23c1f7858,1804799,Alteplase 100 MG Injection,6459.52,0.00,1,6459.52,,
2017-09-08,,327201ee-be6d-4416-a5eb-a3ebbb5e8e98,b1c428d6-4f07-31e0-90f0-68ffa6ff8c76,cd850832-2c6d-4041-9e79-6e4d88ac3da1,309362,Clopidogrel 75 MG Oral Tablet,115.75,0.00,30,3472.50,,
2019-02-28,2019-03-14,bdae5f51-b171-462f-8960-06fcb1e43d59,b1c428d6-4f07-31e0-90f0-68ffa6ff8c76,f7b8e8a7-6c35-4ea7-bb2b-56d6a6bf6670,308182,Amoxicillin 250 MG Oral Capsule,19.25,0.00,1,19.25,,
2019-02-28,2019-03-14,bdae5f51-b171-462f-8960-06fcb1e43d59,b1c428d6-4f07-31e0-90f0-68ffa6ff8c76,f7b8e8a7-6c35-4ea7-bb2b-56d6a6bf6670,198405,Ibuprofen 100 MG Oral Tablet,29.17,0.00,1,29.17,,
2020-02-05,2020-02-19,bdae5f51-b171-462f-8960-06fcb1e43d59,b1c428d6-4f07-31e0-90f0-68ffa6ff8c76,909e423b-fc00-4dad-9779-e4facaae5529,198405,Ibuprofen 100 MG Oral Tablet,3.01,0.00,1,3.01,,
2013-01-04,2013-01-18,43c69300-1e9b-4886-8354-f4e2d8208003,b1c428d6-4f07-31e0-90f0-68ffa6ff8c76,1ec7ed54-1f08-49df-a5b2-caab1ebf7d22,308182,Amoxicillin 250 MG Oral Capsule,7.90,0.00,1,7.90,,
2013-01-04,2013-01-18,43c69300-1e9b-4886-8354-f4e2d8208003,b1c428d6-4f07-31e0-90f0-68ffa6ff8c76,1ec7ed54-1f08-49df-a5b2-caab1ebf7d22,198405,Ibuprofen 100 MG Oral Tablet,11.21,0.00,1,11.21,,
2016-07-04,2016-07-18,43c69300-1e9b-4886-8354-f4e2d8208003,b1c428d6-4f07-31e0-90f0-68ffa6ff8c76,370de0ec-5a28-49f5-a879-62345343e750,308182,Amoxicillin 250 MG Oral Capsule,12.78,0.00,1,12.78,,
2016-07-04,2016-07-18,43c69300-1e9b-4886-8354-f4e2d8208003,b1c428d6-4f07-31e0-90f0-68ffa6ff8c76,370de0ec-5a28-49f5-a879-62345343e750,198405,Ibuprofen 100 MG Oral Tablet,1.62,0.00,1,1.62,,
2018-05-31,2018-06-14,cd206e8f-c5f7-40c1-9aad-4b3667a05fb3,b1c428d6-4f07-31e0-90f0-68ffa6ff8c76,34abe3c8-9f9d-48b5-8552-de651f26be98,198405,Ibuprofen 100 MG Oral Tablet,10.38,0.00,1,10.38,,
2019-06-16,2019-06-30,cd206e8f-c5f7-40c1-9aad-4b3667a05fb3,b1c428d6-4f07-31e0-90f0-68ffa6ff8c76,2640bae3-8052-4f4e-888d-94ac1c4902d4,308182,Amoxicillin 250 MG Oral Capsule,10.33,0.00,1,10.33,,
2019-06-16,2019-06-30,cd206e8f-c5f7-40c1-9aad-4b3667a05fb3,b1c428d6-4f07-31e0-90f0-68ffa6ff8c76,2640bae3-8052-4f4e-888d-94ac1c4902d4,198405,Ibuprofen 100 MG Oral Tablet,34.67,0.00,1,34.67,,
2014-03-10,2014-03-24,0e70b76e-7a5d-4418-9fcb-e6534b0e62c2,b1c428d6-4f07-31e0-90f0-68ffa6ff8c76,3ce9d781-d59d-41a8-af66-bab90345d63f,308182,Amoxicillin 250 MG Oral Capsule,9.24,0.00,1,9.24,,
2014-03-10,2014-03-24,0e70b76e-7a5d-4418-9fcb-e6534b0e62c2,b1c428d6-4f07-31e0-90f0-68ffa6ff8c76,3ce9d781-d59d-41a8-af66-bab90345d63f,198405,Ibuprofen 100 MG Oral Tablet,17.51,0.00,1,17.51,,
1985-11-12,,e19d33bd-7383-4304-9a93-e6d68dd39a62,b1c428d6-4f07-31e0-90f0-68ffa6ff8c76,e6f9059b-dc10-46ca-8490-9e051fdd39ae,705129,Nitroglycerin 0.4 MG/ACTUAT Mucosal Spray,39.43,0.00,417,16442.31,,
1991-12-17,,e19d33bd-7383-4304-9a93-e6d68dd39a62,b1c428d6-4f07-31e0-90f0-68ffa6ff8c76,cfb4a789-9efd-4d2a-918e-fd396c17e524,312961,Simvastatin 20 MG Oral Tablet,4.79,0.00,343,1642.97,,
1995-01-03,,e19d33bd-7383-4304-9a93-e6d68dd39a62,b1c428d6-4f07-31e0-90f0-68ffa6ff8c76,7941374e-c89b-4359-9208-7b504c811c33,197361,Amlodipine 5 MG Oral Tablet,38.79,0.00,306,11869.74,,
1997-01-14,,e19d33bd-7383-4304-9a93-e6d68dd39a62,b1c428d6-4f07-31e0-90f0-68ffa6ff8c76,823eb188-3f84-4460-a9a3-8dfae4544798,309362,Clopidogrel 75 MG Oral Tablet,57.95,0.00,281,16283.95,,
2019-11-17,,de6db869-294e-4b3a-ac80-c25f6fedd1f9,b1c428d6-4f07-31e0-90f0-68ffa6ff8c76,1d0068d5-1656-40c9-836c-f13947fad705,855332,Warfarin Sodium 5 MG Oral Tablet,91.13,0.00,3,273.39,,
2019-11-17,,de6db869-294e-4b3a-ac80-c25f6fedd1f9,b1c428d6-4f07-31e0-90f0-68ffa6ff8c76,1d0068d5-1656-40c9-836c-f13947fad705,897718,Verapamil Hydrochloride 40 MG,117.23,0.00,3,351.69,,
2019-11-17,,de6db869-294e-4b3a-ac80-c25f6fedd1f9,b1c428d6-4f07-31e0-90f0-68ffa6ff8c76,1d0068d5-1656-40c9-836c-f13947fad705,197604,Digoxin 0.125 MG Oral Tablet,97.15,0.00,3,291.45,,
2011-12-28,2012-01-11,f4d8645d-f03a-4970-a5b2-145194f74ee1,b1c428d6-4f07-31e0-90f0-68ffa6ff8c76,35f410ea-353d-4d08-a36f-971a5b98eb46,308182,Amoxicillin 250 MG Oral Capsule,8.90,0.00,1,8.90,,
2011-12-28,2012-01-11,f4d8645d-f03a-4970-a5b2-145194f74ee1,b1c428d6-4f07-31e0-90f0-68ffa6ff8c76,35f410ea-353d-4d08-a36f-971a5b98eb46,313820,Acetaminophen 160 MG Chewable Tablet,4.65,0.00,1,4.65,,
2015-06-27,2015-07-11,f4d8645d-f03a-4970-a5b2-145194f74ee1,b1c428d6-4f07-31e0-90f0-68ffa6ff8c76,904a7318-7a96-479c-a73e-8cf12fa0b966,309097,Cefuroxime 250 MG Oral Tablet,240.41,0.00,1,240.41,,
2015-06-27,2015-07-11,f4d8645d-f03a-4970-a5b2-145194f74ee1,b1c428d6-4f07-31e0-90f0-68ffa6ff8c76,904a7318-7a96-479c-a73e-8cf12fa0b966,313820,Acetaminophen 160 MG Chewable Tablet,4.24,0.00,1,4.24,,
1957-10-24,1974-10-10,5e6e5540-52e8-42cf-9cd6-2557add8d923,b1c428d6-4f07-31e0-90f0-68ffa6ff8c76,ebe27640-b971-4744-855a-1060404ad784,705129,Nitroglycerin 0.4 MG/ACTUAT Mucosal Spray,46.44,0.00,206,9566.64,,
1974-02-16,,6701f62a-b4bc-4490-8d81-13281afedc7b,b1c428d6-4f07-31e0-90f0-68ffa6ff8c76,3391b84a-41d0-4067-a60b-e9cbf1b1db5f,855332,Warfarin Sodium 5 MG Oral Tablet,212.35,0.00,560,118916.00,,
1974-02-16,,6701f62a-b4bc-4490-8d81-13281afedc7b,b1c428d6-4f07-31e0-90f0-68ffa6ff8c76,3391b84a-41d0-4067-a60b-e9cbf1b1db5f,197604,Digoxin 0.125 MG Oral Tablet,54.28,0.00,560,30396.80,,
1981-03-28,,6701f62a-b4bc-4490-8d81-13281afedc7b,b1c428d6-4f07-31e0-90f0-68ffa6ff8c76,bdc79b72-9d9e-4bd8-8fac-5bd3fdbd5c18,897718,Verapamil Hydrochloride 40 MG,81.26,0.00,474,38517.24,,
2018-04-07,2018-04-07,6701f62a-b4bc-4490-8d81-13281afedc7b,b1c428d6-4f07-31e0-90f0-68ffa6ff8c76,7aa9bdc5-ac9b-4514-94b1-e778cc259d30,309362,Clopidogrel 75 MG Oral Tablet,24.29,0.00,1,24.29,,
2018-04-07,2018-04-07,6701f62a-b4bc-4490-8d81-13281afedc7b,b1c428d6-4f07-31e0-90f0-68ffa6ff8c76,7aa9bdc5-ac9b-4514-94b1-e778cc259d30,1804799,Alteplase 100 MG Injection,6319.37,0.00,1,6319.37,,
2018-08-30,2018-09-13,b82c2323-5164-4791-9eba-4636cc1b20cb,b1c428d6-4f07-31e0-90f0-68ffa6ff8c76,b1ae79c3-2081-4b53-abc1-7d3e83fb80eb,308182,Amoxicillin 250 MG Oral Capsule,8.31,0.00,1,8.31,,
2018-08-30,2018-09-13,b82c2323-5164-4791-9eba-4636cc1b20cb,b1c428d6-4f07-31e0-90f0-68ffa6ff8c76,b1ae79c3-2081-4b53-abc1-7d3e83fb80eb,198405,Ibuprofen 100 MG Oral Tablet,14.27,0.00,1,14.27,,
2018-07-14,2018-07-28,d470ed83-cc15-4b43-acca-33fa65d4e3dd,b1c428d6-4f07-31e0-90f0-68ffa6ff8c76,375f16c2-c53c-4ec2-aa1e-b4d1779633d2,309097,Cefuroxime 250 MG Oral Tablet,208.75,0.00,1,208.75,,
2018-07-14,2018-07-28,d470ed83-cc15-4b43-acca-33fa65d4e3dd,b1c428d6-4f07-31e0-90f0-68ffa6ff8c76,375f16c2-c53c-4ec2-aa1e-b4d1779633d2,310965,Ibuprofen 200 MG Oral Tablet,11.58,0.00,1,11.58,,
2001-08-14,2009-07-21,de665432-32bc-4752-a234-6e139a7d3167,b1c428d6-4f07-31e0-90f0-68ffa6ff8c76,a66ccd8d-d7bf-4af6-b1df-9f02d2d7b2f2,309362,Clopidogrel 75 MG Oral Tablet,120.47,0.00,96,11565.12,,
2001-08-14,,de665432-32bc-4752-a234-6e139a7d3167,b1c428d6-4f07-31e0-90f0-68ffa6ff8c76,a66ccd8d-d7bf-4af6-b1df-9f02d2d7b2f2,312961,Simvastatin 20 MG Oral Tablet,9.91,0.00,96,951.36,,
2001-08-14,,de665432-32bc-4752-a234-6e139a7d3167,b1c428d6-4f07-31e0-90f0-68ffa6ff8c76,a66ccd8d-d7bf-4af6-b1df-9f02d2d7b2f2,197361,Amlodipine 5 MG Oral Tablet,33.12,0.00,96,3179.52,,
2001-08-14,2009-07-21,de665432-32bc-4752-a234-6e139a7d3167,b1c428d6-4f07-31e0-90f0-68ffa6ff8c76,a66ccd8d-d7bf-4af6-b1df-9f02d2d7b2f2,705129,Nitroglycerin 0.4 MG/ACTUAT Mucosal Spray,211.72,0.00,96,20325.12,,
2009-07-21,2009-07-21,de665432-32bc-4752-a234-6e139a7d3167,b1c428d6-4f07-31e0-90f0-68ffa6ff8c76,dfa39db0-df96-4c71-a715-5ec1ba4fca4f,259255,Atorvastatin 80 MG Oral Tablet,481.07,0.00,1,481.07,,
2009-07-21,2009-07-21,de665432-32bc-4752-a234-6e139a7d3167,b1c428d6-4f07-31e0-90f0-68ffa6ff8c76,dfa39db0-df96-4c71-a715-5ec1ba4fca4f,833036,Captopril 25 MG Oral Tablet,104.09,0.00,1,104.09,,
2011-11-20,2011-12-04,0bd108b8-1e2d-4666-a82b-4a548c85d7d9,b1c428d6-4f07-31e0-90f0-68ffa6ff8c76,2f5fa2f1-4fe2-4d66-9425-88c3f00f31c8,308182,Amoxicillin 250 MG Oral Capsule,5.24,0.00,1,5.24,,
2011-11-20,2011-12-04,0bd108b8-1e2d-4666-a82b-4a548c85d7d9,b1c428d6-4f07-31e0-90f0-68ffa6ff8c76,2f5fa2f1-4fe2-4d66-9425-88c3f00f31c8,313820,Acetaminophen 160 MG Chewable Tablet,6.23,0.00,1,6.23,,
2015-03-16,2015-03-30,0bd108b8-1e2d-4666-a82b-4a548c85d7d9,b1c428d6-4f07-31e0-90f0-68ffa6ff8c76,1574b93e-a83b-4576-b06b-0233764a9910,308182,Amoxicillin 250 MG Oral Capsule,1.16,0.00,1,1.16,,
2015-03-16,2015-03-30,0bd108b8-1e2d-4666-a82b-4a548c85d7d9,b1c428d6-4f07-31e0-90f0-68ffa6ff8c76,1574b93e-a83b-4576-b06b-0233764a9910,313820,Acetaminophen 160 MG Chewable Tablet,3.79,0.00,1,3.79,,
2010-11-25,2010-12-09,8bb06eff-4d11-4953-ac3d-710f2a185816,b1c428d6-4f07-31e0-90f0-68ffa6ff8c76,2338734d-feff-405d-8636-4a5a0e8ef5b7,308182,Amoxicillin 250 MG Oral Capsule,12.34,0.00,1,12.34,,
2010-11-25,2010-12-09,8bb06eff-4d11-4953-ac3d-710f2a185816,b1c428d6-4f07-31e0-90f0-68ffa6ff8c76,2338734d-feff-405d-8636-4a5a0e8ef5b7,313820,Acetaminophen 160 MG Chewable Tablet,5.33,0.00,1,5.33,,
2014-06-19,2014-07-03,8bb06eff-4d11-4953-ac3d-710f2a185816,b1c428d6-4f07-31e0-90f0-68ffa6ff8c76,9ae273ba-09ae-4c5a-bf3a-0b157aec1218,198405,Ibuprofen 100 MG Oral Tablet,17.50,0.00,1,17.50,,
2017-12-17,2017-12-31,d3206661-e2c2-4a40-9d9c-1ea8da06a0f3,b1c428d6-4f07-31e0-90f0-68ffa6ff8c76,472e5830-4634-4747-b4cb-369d212a5fb1,308182,Amoxicillin 250 MG Oral Capsule,8.16,0.00,1,8.16,,
2017-12-17,2017-12-31,d3206661-e2c2-4a40-9d9c-1ea8da06a0f3,b1c428d6-4f07-31e0-90f0-68ffa6ff8c76,472e5830-4634-4747-b4cb-369d212a5fb1,313820,Acetaminophen 160 MG Chewable Tablet,5.95,0.00,1,5.95,,
2015-10-15,2015-10-29,f38ddede-e61d-4428-84bf-45a3a86a0212,b1c428d6-4f07-31e0-90f0-68ffa6ff8c76,944014ad-b560-4325-9484-7acf7c4d950d,308182,Amoxicillin 250 MG Oral Capsule,6.91,0.00,1,6.91,,
2015-10-15,2015-10-29,f38ddede-e61d-4428-84bf-45a3a86a0212,b1c428d6-4f07-31e0-90f0-68ffa6ff8c76,944014ad-b560-4325-9484-7acf7c4d950d,313820,Acetaminophen 160 MG Chewable Tablet,4.25,0.00,1,4.25,,
2014-02-27,2014-03-13,097b4356-9e55-4316-9ad9-275ec6a2b53d,b1c428d6-4f07-31e0-90f0-68ffa6ff8c76,33a75840-14a1-4f8d-a388-bf4b7dd621b3,308182,Amoxicillin 250 MG Oral Capsule,8.62,0.00,1,8.62,,
2014-02-27,2014-03-13,097b4356-9e55-4316-9ad9-275ec6a2b53d,b1c428d6-4f07-31e0-90f0-68ffa6ff8c76,33a75840-14a1-4f8d-a388-bf4b7dd621b3,198405,Ibuprofen 100 MG Oral Tablet,7.32,0.00,1,7.32,,
2001-08-26,,41a8a329-af93-4a2e-aaac-0655ebc04d27,b1c428d6-4f07-31e0-90f0-68ffa6ff8c76,129f3d04-c07e-4d90-963a-84cb24bb7d8a,855332,Warfarin Sodium 5 MG Oral Tablet,60.58,0.00,225,13630.50,,
2001-08-26,,41a8a329-af93-4a2e-aaac-0655ebc04d27,b1c428d6-4f07-31e0-90f0-68ffa6ff8c76,129f3d04-c07e-4d90-963a-84cb24bb7d8a,897718,Verapamil Hydrochloride 40 MG,25.98,0.00,225,5845.50,,
2001-08-26,,41a8a329-af93-4a2e-aaac-0655ebc04d27,b1c428d6-4f07-31e0-90f0-68ffa6ff8c76,129f3d04-c07e-4d90-963a-84cb24bb7d8a,197604,Digoxin 0.125 MG Oral Tablet,104.13,0.00,225,23429.25,,
2014-08-31,2014-08-31,41a8a329-af93-4a2e-aaac-0655ebc04d27,b1c428d6-4f07-31e0-90f0-68ffa6ff8c76,8ce40e4b-e34a-4041-8f60-1fe48954bf38,309362,Clopidogrel 75 MG Oral Tablet,37.67,0.00,1,37.67,,
2014-08-31,2014-08-31,41a8a329-af93-4a2e-aaac-0655ebc04d27,b1c428d6-4f07-31e0-90f0-68ffa6ff8c76,8ce40e4b-e34a-4041-8f60-1fe48954bf38,1804799,Alteplase 100 MG Injection,6407.77,0.00,1,6407.77,,
2012-09-13,,70189cf8-fb5a-493a-8e96-46c4e81d7438,b1c428d6-4f07-31e0-90f0-68ffa6ff8c76,77ff4aa6-d3a5-4e3d-ad93-bf0f8adf38e9,855332,Warfarin Sodium 5 MG Oral Tablet,167.01,0.00,91,15197.91,,
2012-09-13,,70189cf8-fb5a-493a-8e96-46c4e81d7438,b1c428d6-4f07-31e0-90f0-68ffa6ff8c76,77ff4aa6-d3a5-4e3d-ad93-bf0f8adf38e9,897718,Verapamil Hydrochloride 40 MG,85.09,0.00,91,7743.19,,
2012-09-13,,70189cf8-fb5a-493a-8e96-46c4e81d7438,b1c428d6-4f07-31e0-90f0-68ffa6ff8c76,77ff4aa6-d3a5-4e3d-ad93-bf0f8adf38e9,197604,Digoxin 0.125 MG Oral Tablet,50.59,0.00,91,4603.69,,
2014-11-13,2014-11-13,70189cf8-fb5a-493a-8e96-46c4e81d7438,b1c428d6-4f07-31e0-90f0-68ffa6ff8c76,185d1a8f-06ca-478a-b7a3-aca4c278428c,309362,Clopidogrel 75 MG Oral Tablet,24.83,0.00,1,24.83,,
2014-11-13,2014-11-13,70189cf8-fb5a-493a-8e96-46c4e81d7438,b1c428d6-4f07-31e0-90f0-68ffa6ff8c76,185d1a8f-06ca-478a-b7a3-aca4c278428c,1804799,Alteplase 100 MG Injection,6659.78,0.00,1,6659.78,,
2016-01-14,2016-01-14,70189cf8-fb5a-493a-8e96-46c4e81d7438,b1c428d6-4f07-31e0-90f0-68ffa6ff8c76,57212a8e-5145-4ac7-90fb-91dcbc0b7dd4,309362,Clopidogrel 75 MG Oral Tablet,128.13,0.00,1,128.13,,
2016-01-14,2016-01-14,70189cf8-fb5a-493a-8e96-46c4e81d7438,b1c428d6-4f07-31e0-90f0-68ffa6ff8c76,57212a8e-5145-4ac7-90fb-91dcbc0b7dd4,1804799,Alteplase 100 MG Injection,6224.18,0.00,1,6224.18,,
2018-10-18,,70189cf8-fb5a-493a-8e96-46c4e81d7438,b1c428d6-4f07-31e0-90f0-68ffa6ff8c76,f2746f93-2801-4efb-bd5e-158219cd23b4,309362,Clopidogrel 75 MG Oral Tablet,39.34,0.00,17,668.78,,
2018-10-18,,70189cf8-fb5a-493a-8e96-46c4e81d7438,b1c428d6-4f07-31e0-90f0-68ffa6ff8c76,f2746f93-2801-4efb-bd5e-158219cd23b4,312961,Simvastatin 20 MG Oral Tablet,23.72,0.00,17,403.24,,
2018-10-18,,70189cf8-fb5a-493a-8e96-46c4e81d7438,b1c428d6-4f07-31e0-90f0-68ffa6ff8c76,f2746f93-2801-4efb-bd5e-158219cd23b4,197361,Amlodipine 5 MG Oral Tablet,4.72,0.00,17,80.24,,
2018-10-18,,70189cf8-fb5a-493a-8e96-46c4e81d7438,b1c428d6-4f07-31e0-90f0-68ffa6ff8c76,f2746f93-2801-4efb-bd5e-158219cd23b4,705129,Nitroglycerin 0.4 MG/ACTUAT Mucosal Spray,188.90,0.00,17,3211.30,,
2017-04-15,,ef857a22-b5e1-40d1-b564-552e688f2d15,b1c428d6-4f07-31e0-90f0-68ffa6ff8c76,275ae7d0-f19a-4df9-84f9-b9fe04292e45,309362,Clopidogrel 75 MG Oral Tablet,28.41,0.00,35,994.35,,
2017-04-15,,ef857a22-b5e1-40d1-b564-552e688f2d15,b1c428d6-4f07-31e0-90f0-68ffa6ff8c76,275ae7d0-f19a-4df9-84f9-b9fe04292e45,312961,Simvastatin 20 MG Oral Tablet,26.20,0.00,35,917.00,,
2017-04-15,,ef857a22-b5e1-40d1-b564-552e688f2d15,b1c428d6-4f07-31e0-90f0-68ffa6ff8c76,275ae7d0-f19a-4df9-84f9-b9fe04292e45,197361,Amlodipine 5 MG Oral Tablet,7.25,0.00,35,253.75,,
2017-04-15,,ef857a22-b5e1-40d1-b564-552e688f2d15,b1c428d6-4f07-31e0-90f0-68ffa6ff8c76,275ae7d0-f19a-4df9-84f9-b9fe04292e45,705129,Nitroglycerin 0.4 MG/ACTUAT Mucosal Spray,26.78,0.00,35,937.30,,
