Id,BIRTHDATE,DEATHDATE,SSN,DRIVERS,PASSPORT,PREFIX,FIRST,LAST,SUFFIX,MAIDEN,MARITAL,RACE,ETHNICITY,GENDER,BIRTHPLACE,ADDRESS,CITY,STATE,COUNTY,ZIP,LAT,LON,HEALTHCARE_EXPENSES,HEALTHCARE_COVERAGE
dd6f0a96-03d9-4f74-ad57-0faa0efdaf70,2013-01-12,,999-23-6678,,,,Nea-Emilia,Saarentaus,,,,white,nonhispanic,F,Järvenpää  Uusimaa  FI,171 Ruskeeniemi Katu,Espoo,Uusimaa,Espoo,02680,60.30223687714578,24.46650650685673,2000.0,0.0
139df6b8-59dc-4ad4-ae9e-65b5993f52e9,2005-08-26,,999-15-2323,,,,Arnevi,Reittu,,,,white,nonhispanic,F,Helsinki  Uusimaa  FI,396 Mehiläinen Katu Suite 92,Helsinki,Uusimaa,Helsinki,00990,60.20281233600209,24.899443249120612,3153.45,0.0
81093d0f-69f9-4a12-a0d2-7e077b63c796,2012-01-28,,999-40-4285,,,,Blerim,Syyrakki,,,,white,nonhispanic,M,Vantaa  Uusimaa  FI,217 Sailio Katu Suite 94,Espoo,Uusimaa,Espoo,02230,60.191421034431784,24.711490779958297,2419.73,0.0
27f65cd8-386a-4f2c-af8c-89fdcd1ac962,2002-11-06,,999-60-8734,S99992813,,,Avi,Hamari,,,,white,nonhispanic,M,Kirkkonummi  Uusimaa  FI,839 Ylisirniö Katu Suite 64,Vihti,Uusimaa,Vihti,03400,60.33924795322276,24.557988793889553,3893.12,0.0
e83697af-5a12-4bc7-9338-fa558ba160a0,1988-11-12,,999-35-8410,S99995108,X11901684X,Ms.,Maru,Savikko,,,S,white,nonhispanic,F,Hyvinkää  Uusimaa  FI,548 Mitikka Katu,Helsinki,Uusimaa,Helsinki,00970,60.2343212218797,24.906768177174243,4000.0,0.0
e98ded14-2d3a-4d08-a2bd-1a966ec308af,1970-03-19,,999-40-1372,S99932642,X10398296X,Mrs.,Trinh,Girs,,Åstedt,M,white,nonhispanic,F,Helsinki  Uusimaa  FI,223 Karioja Katu,Helsinki,Uusimaa,Helsinki,00790,60.21712428650485,24.831558416799425,5927.82,0.0
0943a209-1e88-4dbf-b3f3-fbbddf0d7276,1963-01-27,,999-65-8062,S99998431,X87579900X,Ms.,Tiinakaisa,Säynäväjärvi,,,S,white,nonhispanic,F,Helsinki  Uusimaa  FI,449 Vaskivuo Katu,Helsinki,Uusimaa,Helsinki,00190,60.25311186278335,25.011255695642234,5750.0,0.0
b54aabc7-e4cd-4c3a-9b42-ec62d2ec6029,1994-09-19,,999-81-7753,S99964812,X44258944X,Ms.,Sari-Maija,Timgren,,,,white,nonhispanic,F,Vantaa  Uusimaa  FI,1038 al-Nazary Katu Unit 69,Helsinki,Uusimaa,Helsinki,00180,60.26047656668366,24.859920581412194,3895.91,0.0
e252cb2b-f8a0-455e-b1cf-53385ce42269,1987-08-10,,999-24-7172,S99998162,X1127122X,Mrs.,Ulla-Kristiina,Nixholm,,Björkstedt,M,white,nonhispanic,F,Helsinki  Uusimaa  FI,162 Krüger Katu,Helsinki,Uusimaa,Helsinki,00580,60.212046896852215,24.87854829276215,4420.75,0.0
6d05a530-e0c2-4c0b-ab8e-343c06a1706e,2013-03-16,,999-12-9414,,,,Ancelina,Hannuniemi,,,,white,nonhispanic,F,Porvoo  Uusimaa  FI,739 Kovalainen Katu,Helsinki,Uusimaa,Helsinki,00550,60.18962327541198,25.021875502346848,2153.29,0.0
21ceaa3e-c46c-45c1-b69e-8254924d493e,1948-06-26,,999-21-9901,S99981105,X84798069X,Mr.,Esa-Petteri,Kälvälä,,,S,white,nonhispanic,M,Helsinki  Uusimaa  FI,266 Puranen Katu,Vihti,Uusimaa,Vihti,03100,60.254029736742616,24.353985075386717,7939.39,0.0
163f5020-f764-4dad-9a48-9f6212c9284f,1992-09-09,,999-76-4115,S99919981,X38604441X,Mr.,Eetu-Petteri,Niinivuo,,,M,white,nonhispanic,M,Hyvinkää  Uusimaa  FI,290 Ryytty Katu,Tuusula,Uusimaa,Tuusula,04330,60.35193952199866,25.066914692316125,3881.4,0.0
327201ee-be6d-4416-a5eb-a3ebbb5e8e98,1925-01-09,,999-26-1421,S99957092,X8400837X,Mr.,Iivar,Tuomas,,,M,white,nonhispanic,M,Helsinki  Uusimaa  FI,212 Hahkala Katu Suite 60,Lohja,Uusimaa,Lohja,09430,60.414115376854916,23.930040176723047,17230.78,0.0
06e65031-852c-481f-8670-0b87f6df9767,1985-05-08,,999-99-3877,S99963261,X50563889X,Mr.,Jesper,Pohjankunnas,,,M,white,nonhispanic,M,Helsinki  Uusimaa  FI,1051 Ekroth Katu,Helsinki,Uusimaa,Helsinki,00420,60.1606848992921,24.990521033908582,4487.18,0.0
e4381587-66b0-4027-bdf6-018d690ba61b,1974-06-21,,999-33-1543,S99979503,X23113389X,Mr.,Miles,Touru,,,M,white,nonhispanic,M,Helsinki  Uusimaa  FI,753 Niku Katu Suite 92,Espoo,Uusimaa,Espoo,02600,60.19295863974414,24.591601750633,4995.23,0.0
883426c6-a15c-42e7-a049-b659e17f7c00,1951-01-04,,999-81-9010,S99926974,X39869823X,Mr.,Jyrinpoika,Hashemi,,,M,white,nonhispanic,M,Espoo  Uusimaa  FI,475 Mäki-Fränti Katu Apt 36,Järvenpää,Uusimaa,Järvenpää,04440,60.49041565792758,25.130199012764688,7736.79,0.0
a3fb18b8-1377-4449-a738-c77b5d5e1a49,1981-05-31,,999-14-3658,S99998894,X51356046X,Mr.,Abdiaziz,Torola,,,M,white,nonhispanic,M,Helsinki  Uusimaa  FI,675 Gordon Katu Unit 86,Järvenpää,Uusimaa,Järvenpää,04440,60.45387295183463,25.150434987745157,4250.0,0.0
fe7b16f3-c23f-4979-b807-193f87984eab,1981-07-28,,999-31-8063,S99992626,X62162503X,Mr.,Arto-Pekka,Järvimäki,JD,,M,white,nonhispanic,M,Helsinki  Uusimaa  FI,1061 Wihlman Katu Apt 56,Vantaa,Uusimaa,Vantaa,01750,60.28674295052954,24.90636728038741,4383.72,0.0
43c69300-1e9b-4886-8354-f4e2d8208003,2011-07-14,,999-66-9328,,,,Lotta-Maija,Kotanen,,,,white,nonhispanic,F,Espoo  Uusimaa  FI,937 Kangasvieri Katu,Tuusula,Uusimaa,Tuusula,04300,60.40850808748246,25.01124564362487,2408.5099999999998,0.0
bdae5f51-b171-462f-8960-06fcb1e43d59,2018-10-01,,999-85-4415,,,,Minna-Elina,Hirvijoki,,,,white,nonhispanic,F,Kirkkonummi  Uusimaa  FI,599 Morgan Katu Unit 73,Vantaa,Uusimaa,Vantaa,01200,60.25116216800827,25.108061400072568,1176.4299999999998,0.0
0790ac7e-6a37-4239-92a6-6670c751b306,1911-06-28,,999-86-1640,S99911322,X28054437X,Mr.,Mici,Sämpi,,,M,white,nonhispanic,M,Nurmijärvi  Uusimaa  FI,341 Hälvä Katu,Järvenpää,Uusimaa,Järvenpää,04440,60.474575179032065,25.113566469442752,12125.0,0.0
2daade70-af90-4183-92e0-7cdf669c4a46,1999-11-23,,999-81-3518,S99995284,X52846680X,Mr.,Sere,Ma,,,,white,nonhispanic,M,Helsinki  Uusimaa  FI,119 Telén Katu Unit 22,Helsinki,Uusimaa,Helsinki,00390,60.217957482251585,24.942946831458837,3645.15,0.0
09502403-ee6e-49b1-85f0-b45f159f1fe3,1979-07-14,,999-12-3156,S99989576,X14391418X,Ms.,Adanna,Tuimala,,,S,white,nonhispanic,F,Helsinki  Uusimaa  FI,995 Linde Katu,Vantaa,Uusimaa,Vantaa,01510,60.286870073915544,24.81147889406556,4725.04,0.0
cd206e8f-c5f7-40c1-9aad-4b3667a05fb3,2015-07-16,,999-88-4167,,,,Nila,Ilmanen,,,,white,nonhispanic,F,Helsinki  Uusimaa  FI,162 Syväranta Katu,Espoo,Uusimaa,Espoo,02660,60.18286555559079,24.58426358416691,1930.38,0.0
6d10f6ae-911d-4fca-bb92-02930b5a44bd,1985-12-03,,999-25-6268,S99975310,X80260482X,Mr.,Karlos,Lahnaoja,,,M,white,nonhispanic,M,Helsinki  Uusimaa  FI,767 Wägar Katu,Helsinki,Uusimaa,Helsinki,00580,60.275247210254086,24.889187847095997,4125.0,0.0
593c6404-6a22-4126-97a4-0864e4522425,1994-07-30,,999-42-8045,S99962130,X87153635X,Ms.,Samar,Gardberg,,,,white,nonhispanic,F,Helsinki  Uusimaa  FI,616 Makaroff Katu Apt 37,Raasepori,Uusimaa,Raasepori,10350,60.149749409646255,23.37932529422053,4149.26,0.0
fd4d48f3-bc8d-464d-8313-9c8d2bbd920e,1968-07-07,,999-26-6416,S99939384,X32969581X,Mr.,August,Tiura,,,S,white,nonhispanic,M,Porvoo  Uusimaa  FI,1086 Tyvijärvi Katu Apt 96,Kirkkonummi,Uusimaa,Kirkkonummi,02430,60.25112199390134,24.3376175519899,6370.22,0.0
80b24df3-011d-465f-b56e-bd4884e78660,1940-12-15,,999-18-8991,S99938608,X5944525X,Ms.,Marie-Sofie,Sjöholm,,,S,white,nonhispanic,F,Karkkila  Uusimaa  FI,1042 Laatio Katu,Helsinki,Uusimaa,Helsinki,00790,60.23302108545583,24.90670450489058,8780.37,0.0
0369b88a-f81a-4865-9f07-b05c8dcd550c,2005-04-24,,999-97-8367,,,,Sini-Maria,Småros,,,,white,nonhispanic,F,Helsinki  Uusimaa  FI,637 Nykvist Katu Suite 99,Espoo,Uusimaa,Espoo,02660,60.24622388650298,24.84664495901324,3011.37,0.0
5b80ac1d-20b3-405c-8277-0a1c0963d0cb,1957-05-26,,999-96-4471,S99991057,X72924834X,Mr.,Nestori,Somervuo,,,M,white,nonhispanic,M,Helsinki  Uusimaa  FI,625 Fonsell Katu,Tuusula,Uusimaa,Tuusula,05400,60.418465215666444,24.96107161969731,6954.55,0.0
856873f4-fcc8-4b50-8055-a5c610448254,1970-12-07,,999-61-9793,S99954640,X86956690X,Mrs.,Eudokia,Järlström,,Kaitamäki,M,white,nonhispanic,F,Vantaa  Uusimaa  FI,1093 Jakunaho Katu Unit 63,Espoo,Uusimaa,Espoo,02160,60.28739231879752,24.657741848592092,5387.08,0.0
d3ddc0cd-d7cf-44c3-bd2a-1237fc074e43,1990-02-18,,999-18-7448,S99964127,X27260503X,Mr.,Danny,Dalgren,,,M,white,nonhispanic,M,Helsinki  Uusimaa  FI,1098 Korpeinen Katu Unit 89,Vantaa,Uusimaa,Vantaa,01600,60.34752735913792,25.09789450418065,4005.69,0.0
be9108e6-592b-445e-be44-13436229325e,1980-09-23,,999-78-7737,S99944289,X65133226X,Mr.,Ruudolf,Simu,,,M,white,nonhispanic,M,Helsinki  Uusimaa  FI,826 Kuuliala Katu,Espoo,Uusimaa,Espoo,02150,60.21541714274464,24.533194269260697,4437.98,0.0
774ce5f6-3af9-4921-ab7a-70597c59d014,1960-08-05,,999-72-5503,S99963737,X9814700X,Mrs.,Hannariikka,Pänkälä,,Sarvala,M,white,nonhispanic,F,Myrskylä  Uusimaa  FI,651 Hylkilä Katu,Kirkkonummi,Uusimaa,Kirkkonummi,02510,60.16525010037638,24.51419829978888,6125.0,0.0
0e70b76e-7a5d-4418-9fcb-e6534b0e62c2,2009-03-24,,999-94-2129,,,,Mika-Erik,Laosmaa,,,,white,nonhispanic,M,Espoo  Uusimaa  FI,969 Joki-Hollanti Katu,Vantaa,Uusimaa,Vantaa,01640,60.31793504226617,24.74803194835529,2672.7,0.0
11efbdb7-debf-4c2b-80f8-82752df39f62,2002-08-07,,999-95-4152,S99939112,,,Anne-Marie,Pitkonen,,,,white,nonhispanic,F,Espoo  Uusimaa  FI,939 Kivipensas Katu Apt 37,Porvoo,Uusimaa,Porvoo,07410,60.31793911611652,25.553166177550665,3250.0,0.0
e19d33bd-7383-4304-9a93-e6d68dd39a62,1963-09-10,,999-89-9334,S99911686,X64316746X,Mr.,Khaled,Mäkikokko,,,M,white,nonhispanic,M,Helsinki  Uusimaa  FI,267 Seessalo Katu,Siuntio,Uusimaa,Siuntio,02590,60.252918399356325,24.21499525236712,7965.9,0.0
c4bd7382-8052-4a3e-8410-bbfcd35e40c8,1993-12-09,,999-25-2395,S99914334,X30103141X,Mr.,Fritiof,Veijonen,,,,white,nonhispanic,M,Helsinki  Uusimaa  FI,963 Kyynäräinen Katu Suite 75,Helsinki,Uusimaa,Helsinki,00190,60.22893616425156,24.993399632965257,3750.0,0.0
de6db869-294e-4b3a-ac80-c25f6fedd1f9,1955-08-28,,999-94-9331,S99926554,X67220593X,Mrs.,Maini,Kaukainen,,Frestadius,M,white,nonhispanic,F,Vantaa  Uusimaa  FI,296 Ericsson Katu Apt 69,Helsinki,Uusimaa,Helsinki,00230,60.18692866644978,24.899737220819482,7710.93,0.0
db8fa5cb-36a8-4abc-8c56-4fee67f6b2cd,1922-02-23,,999-71-9616,S99911733,X38297169X,Mrs.,Eeva-Liisa,Majahalme,,Leppilampi,M,white,nonhispanic,F,Helsinki  Uusimaa  FI,517 Isolauri Katu,Helsinki,Uusimaa,Helsinki,00550,60.24085940889563,24.841721189136567,11000.0,0.0
8e8c6ac8-77b1-4320-93ac-929369f8cb10,1970-09-01,,999-94-2476,S99965718,X75065697X,Mr.,Amiel,Könnölä,,,M,white,nonhispanic,M,Pornainen  Uusimaa  FI,812 Pääskynen Katu Apt 30,Vantaa,Uusimaa,Vantaa,01230,60.35720758048039,25.14307720887207,5037.58,0.0
940b4964-00a1-4c91-af85-fc16e5e909e1,1984-08-25,,999-85-9224,S99933997,X51017445X,Mrs.,Nuura,Alkiomaa,,Horelli,M,white,nonhispanic,F,Helsinki  Uusimaa  FI,715 Rampanen Katu,Helsinki,Uusimaa,Helsinki,00520,60.18303273468312,25.02158176385755,4387.95,0.0
c5ec750c-5622-4c1f-bccb-6f22a642f1f7,1947-03-21,,999-34-3958,S99978083,X3246016X,Mrs.,Sana,Vaihinen,,Kotipelto,M,white,nonhispanic,F,Espoo  Uusimaa  FI,314 Tervapuro Katu Unit 49,Helsinki,Uusimaa,Helsinki,00780,60.24293958402407,24.857510892994405,7892.45,0.0
fb66579d-2b2f-4dea-ad0a-0652d24572f0,1995-11-02,,999-54-3825,S99960080,X42421130X,Mr.,Imanuel,Collin,,,,white,nonhispanic,M,Espoo  Uusimaa  FI,859 Vihersalo Katu Apt 13,Helsinki,Uusimaa,Helsinki,00620,60.19952114924898,24.89304925847199,3922.92,0.0
d78878b1-ac5a-4536-bdb8-2abbdde7f3cb,1991-01-23,,999-91-9547,S99965529,X77740900X,Mrs.,Eeva-Liina,Korkeamaa,,Väglund,M,white,nonhispanic,F,Espoo  Uusimaa  FI,714 Ervast Katu Suite 23,Espoo,Uusimaa,Espoo,02750,60.29856541745524,24.766236212281054,4017.25,0.0
34771d7e-f19e-4285-a696-70dd8c86e832,1991-03-07,,999-73-3821,S99972901,X15164670X,Mr.,Ralf,Björkfors,,,M,white,nonhispanic,M,Vantaa  Uusimaa  FI,512 Mäki-Pollari Katu Suite 50,Helsinki,Uusimaa,Helsinki,00340,60.23808887425869,25.06322143512721,4320.6,0.0
58735ad6-4c39-4311-857b-74ccb93bc626,1974-06-04,,999-79-9810,S99943623,X10107597X,Mrs.,Kavita,Timisjärvi,,Turhanen,M,white,nonhispanic,F,Loviisa  Uusimaa  FI,1071 Keskisimonen Katu Unit 63,Vantaa,Uusimaa,Vantaa,01610,60.31732980068328,24.97625533660569,4780.28,0.0
fba3b43e-9156-4e3b-b5bd-fc97a410f053,2017-07-22,,999-47-4717,,,,Maija-Riikka,Pouru,,,,white,nonhispanic,F,Järvenpää  Uusimaa  FI,248 Pyykkö Katu,Nurmijärvi,Uusimaa,Nurmijärvi,01820,60.46925454363657,24.85552989016028,1250.0,0.0
9429dbff-b363-49b8-b81b-ee20dada6689,1968-03-04,,999-24-8258,S99949490,X61540608X,Mrs.,Ninni,Minni,,Räfsbäck,M,white,nonhispanic,F,Helsinki  Uusimaa  FI,777 Harviainen Katu,Lohja,Uusimaa,Lohja,03870,60.28351370417208,23.928012652237186,5125.0,0.0
754fde35-0400-4a6a-a39c-8b228e582236,2006-11-19,,999-66-5832,,,,Ida-Liisa,Saariranta,,,,white,nonhispanic,F,Helsinki  Uusimaa  FI,953 Kurttio Katu,Nurmijärvi,Uusimaa,Nurmijärvi,01900,60.44991625193361,24.837130026866628,2750.0,0.0
470e1270-50ce-45dc-9159-811d9fca0b94,2019-08-26,,999-89-6870,,,,Viimo,Ekmark,,,,white,nonhispanic,M,Espoo  Uusimaa  FI,420 Potinoja Katu,Porvoo,Uusimaa,Porvoo,07370,60.254162545430795,25.455016831473078,500.0,0.0
f4d8645d-f03a-4970-a5b2-145194f74ee1,2010-07-06,,999-20-5200,,,,Kivi,Konga,,,,white,nonhispanic,M,Vantaa  Uusimaa  FI,347 Rintatalo Katu,Kirkkonummi,Uusimaa,Kirkkonummi,02540,60.04273745688951,24.60551638765845,2758.2,0.0
7ea0ed45-ed78-45ae-9ce1-bf4252e13a4d,1996-05-31,,999-74-6763,S99924096,X43975995X,Mr.,Saku-Petteri,Halli,,,,white,nonhispanic,M,Mäntsälä  Uusimaa  FI,363 Sven Katu,Helsinki,Uusimaa,Helsinki,00340,60.253870479025146,25.03774845659472,3819.95,0.0
5e6e5540-52e8-42cf-9cd6-2557add8d923,1957-02-14,1974-10-10,999-25-5778,S99967696,,,Jillian,Inna,,,,white,nonhispanic,F,Hyvinkää  Uusimaa  FI,941 Huhtiniemi Katu Suite 97,Helsinki,Uusimaa,Helsinki,00580,60.213783481083766,24.964456186359303,3777.7200000000003,0.0
baaf4716-48d5-4e24-ba1d-5f9c38e385c5,1998-05-13,,999-53-5101,S99951473,X53879106X,Ms.,Nenne,Moisanen,,,,white,nonhispanic,F,Helsinki  Uusimaa  FI,984 Tertsonen Katu Suite 27,Helsinki,Uusimaa,Helsinki,00620,60.22036160720787,25.1208456493508,3500.0,0.0
53dd1b9a-737c-40e4-b339-89f91296988f,1978-07-24,,999-77-8303,S99966418,X21061702X,Ms.,Eufrosyne,Nahkuri,,,S,white,nonhispanic,F,Espoo  Uusimaa  FI,404 Tillonen Katu,Lohja,Uusimaa,Lohja,08800,60.30621597197146,23.843512135286154,4828.49,0.0
6701f62a-b4bc-4490-8d81-13281afedc7b,1914-12-26,,999-71-7983,S99981652,X88030600X,Mr.,Ville-Waltteri,Lupala,,,S,white,nonhispanic,M,Myrskylä  Uusimaa  FI,768 Ingelius Katu Apt 47,Lohja,Uusimaa,Lohja,09520,60.21352744622294,24.02401388703703,25351.19,0.0
ecc691e4-0183-4369-b2b4-46a4c0376e84,1948-11-25,,999-25-9987,S99974783,X28185910X,Mr.,Robi,Airaksinen,,,M,white,nonhispanic,M,Kirkkonummi  Uusimaa  FI,761 Bragge Katu Apt 17,Hyvinkää,Uusimaa,Hyvinkää,05620,60.62112369216355,24.873265875431585,7738.56,0.0
48bf2261-99d5-4bf6-ad45-5f324100cdd9,1981-07-19,,999-19-5925,S99945696,X2029716X,Mrs.,Olesja,Ruisniemi,,Karma,M,white,nonhispanic,F,Helsinki  Uusimaa  FI,654 Jääskö Katu,Helsinki,Uusimaa,Helsinki,00700,60.11597060483203,25.012070486105284,4576.33,0.0
3070e04a-8b70-42a4-9b8a-36bb0e47f082,1988-04-11,,999-86-6302,S99937795,X76899501X,Mrs.,Lili,King,JD,Myllyperkiö,M,white,nonhispanic,F,Helsinki  Uusimaa  FI,739 Savelius Katu,Espoo,Uusimaa,Espoo,02770,60.301565075881555,24.653501952882436,4177.49,0.0
11b927c3-ac98-44d6-b0b4-e5d98a46246e,1975-12-29,,999-85-8686,S99973658,X48018123X,Mr.,Patu,Örnberg,,,M,white,nonhispanic,M,Helsinki  Uusimaa  FI,981 Haarni Katu,Vantaa,Uusimaa,Vantaa,01380,60.38353368784101,25.121387852330926,4625.0,0.0
228d8bb6-5f94-432f-bae8-36e5239b0797,1945-07-14,,999-36-4214,S99919021,X11540583X,Ms.,Anna-Kreeta,Roinesalo,,,S,white,nonhispanic,F,Espoo  Uusimaa  FI,142 Tillaeus Katu,Vantaa,Uusimaa,Vantaa,01760,60.37017766674956,25.078113655636876,8135.02,0.0
b82c2323-5164-4791-9eba-4636cc1b20cb,2014-04-23,,999-40-4079,,,,Tyti,Kinnaslampi,,,,white,nonhispanic,F,Mäntsälä  Uusimaa  FI,855 Haavisto Katu Apt 30,Espoo,Uusimaa,Espoo,02280,60.251375920578504,24.501759921839728,1897.58,0.0
7f04087d-a8f0-47cd-988f-063535761daa,1961-04-09,,999-25-1350,S99959533,X49306938X,Mrs.,Darya,Levänaho,,Alakiikonen,M,white,nonhispanic,F,Vantaa  Uusimaa  FI,115 Meiseri Katu,Helsinki,Uusimaa,Helsinki,00120,60.267105630707604,25.01071119955551,6318.96,0.0
d470ed83-cc15-4b43-acca-33fa65d4e3dd,1965-07-22,,999-42-2803,S99938015,X43376620X,Ms.,Kaijaleena,Kieloniemi,,,S,white,nonhispanic,F,Vantaa  Uusimaa  FI,1093 Byckling Katu,Espoo,Uusimaa,Espoo,02970,60.13647199775974,24.684310819726612,5845.33,0.0
7183af0e-8084-4301-b803-99b62d296d00,1957-02-14,,999-25-4486,S99965785,X42952089X,Mrs.,Hanna-Marja,Kyllönen,,Osola,M,white,nonhispanic,F,Helsinki  Uusimaa  FI,479 Rimpioja Katu Unit 55,Helsinki,Uusimaa,Helsinki,00220,60.17009712677598,24.988551406001456,6767.75,0.0
2e109146-c9e1-48b2-9d6f-72c06cc04384,2006-10-01,,999-74-4073,,,,Tiia-Riikka,Kokki,,,,white,nonhispanic,F,Helsinki  Uusimaa  FI,759 Adan Katu,Vantaa,Uusimaa,Vantaa,01510,60.36841099100236,25.12430203169064,2750.0,0.0
4d12ee08-3d64-40ce-8d45-eee7b12c9bb7,1973-10-29,,999-40-7966,S99981205,X12637535X,Mrs.,Tiia-Maria,Parkkima,,Maksniemi,M,white,nonhispanic,F,Helsinki  Uusimaa  FI,760 Huotelin Katu,Helsinki,Uusimaa,Helsinki,00630,60.276458705932555,24.920048659120337,5829.38,0.0
2de5c98c-5dc4-42be-9968-c2e949d20d22,1967-11-06,,999-37-2721,S99932266,X3257547X,Mrs.,Alanna,Vaajoki,,Alisaari,M,white,nonhispanic,F,Helsinki  Uusimaa  FI,886 Blomros Katu,Espoo,Uusimaa,Espoo,02270,60.18858690879619,24.63354649246743,6071.74,0.0
de665432-32bc-4752-a234-6e139a7d3167,1979-06-12,2009-07-21,999-72-4135,S99958424,X17177793X,Mrs.,Maila,Oksjärvi,,Lääti,M,white,nonhispanic,F,Helsinki  Uusimaa  FI,912 Länsivaara Katu Suite 97,Helsinki,Uusimaa,Helsinki,00950,60.205032889871184,25.070597926471617,5542.35,0.0
21a8bfdd-2c44-4c7a-b1b9-314c19192b4f,1987-04-19,,999-10-5190,S99959764,X22080507X,Mr.,Fernando,Lounas,,,S,white,nonhispanic,M,Helsinki  Uusimaa  FI,540 Setola Katu,Tuusula,Uusimaa,Tuusula,04310,60.41127216595884,24.973390226506602,4134.85,0.0
6b0a639f-6382-4c7f-b786-65c3c5745338,1970-08-15,,999-81-5302,S99987611,X28646049X,Mr.,Tanu,Porokka,,,M,white,nonhispanic,M,Espoo  Uusimaa  FI,678 Björkqvist Katu Suite 31,Hyvinkää,Uusimaa,Hyvinkää,05950,60.62210520486783,24.6909513011059,4875.0,0.0
0bd108b8-1e2d-4666-a82b-4a548c85d7d9,2011-05-24,,999-11-8048,,,,Tina-Maria,Hyhkö,,,,white,nonhispanic,F,Kirkkonummi  Uusimaa  FI,527 Raekallio Katu,Espoo,Uusimaa,Espoo,02260,60.1917845923885,24.762060018006476,2391.42,0.0
ccc4c861-25b4-42ef-bb49-7a0781cfa9f6,2015-11-10,,999-59-1190,,,,Wäinämö,Turja,,,,white,nonhispanic,M,Helsinki  Uusimaa  FI,712 Luosto Katu,Vihti,Uusimaa,Vihti,03430,60.32520609485723,24.400160457273262,1625.0,0.0
02c63890-3b3c-4e08-a99e-b680dc6d7ae8,1975-08-18,,999-81-6759,S99952640,X4957248X,Mrs.,Sesilia,Ala-Fossi,PhD,Svarts,M,white,nonhispanic,F,Helsinki  Uusimaa  FI,160 Lankinen Katu,Vantaa,Uusimaa,Vantaa,01730,60.284028229602825,25.080213091343754,5257.26,0.0
8bb06eff-4d11-4953-ac3d-710f2a185816,2010-04-29,,999-13-1442,,,,Barbara,Ehrnstén,,,,white,nonhispanic,F,Espoo  Uusimaa  FI,476 Lahtela Katu,Espoo,Uusimaa,Espoo,02770,60.324780100385425,24.47269455809228,2535.17,0.0
d3206661-e2c2-4a40-9d9c-1ea8da06a0f3,2017-04-21,,999-33-6098,,,,Eriksdotter,Duale,,,,white,nonhispanic,F,Vantaa  Uusimaa  FI,482 Pyhtinen Katu Apt 62,Vantaa,Uusimaa,Vantaa,01280,60.345577171244976,25.075181002067733,1389.1100000000001,0.0
402830f7-67e7-431b-b372-cff90232fc9e,1986-04-15,,999-63-1113,S99918662,X34169835X,Mr.,Thorolf,Spets,,,M,white,nonhispanic,M,Vantaa  Uusimaa  FI,243 Holli Katu Apt 39,Helsinki,Uusimaa,Helsinki,00940,60.17931945235191,24.981163754756018,4000.0,0.0
2645040f-4379-44f3-823b-2cdb08039276,2006-01-27,,999-55-7033,,,,Totti,Korsbäck,,,,white,nonhispanic,M,Espoo  Uusimaa  FI,654 Palmujoki Katu Suite 88,Helsinki,Uusimaa,Helsinki,00210,60.26202336166608,24.983968782482236,3068.56,0.0
232ba0bf-5b04-484f-81c6-5171830b3377,1979-06-12,,999-43-7379,S99950300,X88989665X,Mrs.,Tuija,Laaksolahti,,Koppana,M,white,nonhispanic,F,Kirkkonummi  Uusimaa  FI,752 Lagerlöf Katu Unit 92,Helsinki,Uusimaa,Helsinki,00240,60.209472188464595,24.961949735860227,4848.400000000001,0.0
6cea209c-e31f-412e-9823-58511a91b97f,1991-06-14,,999-86-9058,S99965513,X12862184X,Mr.,Jouka,Jungner,,,M,white,nonhispanic,M,Siuntio  Uusimaa  FI,150 Sotarauta Katu Suite 71,Kerava,Uusimaa,Kerava,04230,60.40704859324167,25.134295524296277,4077.09,0.0
259218b3-72d6-4e31-b831-646a3aa28099,1968-04-09,,999-26-9792,S99955170,X57049852X,Mr.,Adam,Iso-Junno,,,M,white,nonhispanic,M,Espoo  Uusimaa  FI,526 Suopajärvi Katu,Loviisa,Uusimaa,Loviisa,07940,60.58833173705098,25.987321672864685,5406.98,0.0
511b3566-fc38-48b9-80d9-e031366cb2cb,1962-12-20,,999-55-8344,S99957282,X4663679X,Ms.,Kaisli,Mechelin,,,S,white,nonhispanic,F,Espoo  Uusimaa  FI,996 Korpikallio Katu Unit 28,Espoo,Uusimaa,Espoo,02600,60.20318689449549,24.83345343754314,6298.01,0.0
ffe0feb6-c18d-44f0-a17c-17540424267b,2004-03-22,,999-12-8738,,,,Rhea,Innanen,,,,white,nonhispanic,F,Helsinki  Uusimaa  FI,791 Meronen Katu Unit 56,Helsinki,Uusimaa,Helsinki,00400,60.20902032439811,25.016415511082517,3000.0,0.0
18ea4947-c306-4d59-87b9-f5eab359ef4b,1963-08-13,,999-77-1882,S99945808,X31807543X,Mr.,Nicholas,Karvinen,JD,,S,white,nonhispanic,M,Vantaa  Uusimaa  FI,401 Turunen Katu,Helsinki,Uusimaa,Helsinki,00770,60.25437602473713,25.02595287173982,5750.0,0.0
8b32c275-40e5-4543-a071-5f4465577f9f,1989-07-06,,999-30-1260,S99936064,X16856028X,Mrs.,Maxine,Alppirinne,,Jalomäki,M,white,nonhispanic,F,Espoo  Uusimaa  FI,331 Mäkimartti Katu,Helsinki,Uusimaa,Helsinki,00220,60.17498863262427,25.100665588654227,4006.61,0.0
4c313353-9342-4c81-992a-d73b59b8e26a,1979-08-28,,999-69-1717,S99942597,X64818330X,Mr.,Åkesson,Pyöriä,,,M,white,nonhispanic,M,Hyvinkää  Uusimaa  FI,876 Hedeman Katu,Helsinki,Uusimaa,Helsinki,00580,60.17697620450677,24.885419855608895,4375.0,0.0
3208ee4b-933e-46b0-9582-be4d2c8a2072,1911-08-21,,999-59-5066,S99970055,X77337876X,Ms.,Maili,Jousea,,,S,white,nonhispanic,F,Helsinki  Uusimaa  FI,529 Sainkangas Katu,Hanko,Uusimaa,Hanko,10900,59.87802213818955,23.071913406854126,19209.72,0.0
0185ce65-cfb8-456d-9649-52ce348345bc,2018-06-24,,999-96-4528,,,,Emmi-Liina,Leipijärvi,,,,white,nonhispanic,F,Helsinki  Uusimaa  FI,856 Alanampa Katu Unit 31,Helsinki,Uusimaa,Helsinki,00140,60.202496626813954,25.061122828925782,1000.0,0.0
8a34f9f8-31ac-48de-aeb8-9bc483f1e739,1980-01-27,,999-34-9564,S99950884,X10701054X,Mrs.,Antonia,Prami,,Andrejeff,M,white,nonhispanic,F,Espoo  Uusimaa  FI,318 Aurén Katu Suite 19,Hyvinkää,Uusimaa,Hyvinkää,05440,60.59560945848651,24.83638495962263,4724.37,0.0
f38ddede-e61d-4428-84bf-45a3a86a0212,2013-12-24,,999-23-7530,,,,Oren,Manerus,,,,white,nonhispanic,M,Helsinki  Uusimaa  FI,245 Kylli Katu Suite 77,Helsinki,Uusimaa,Helsinki,00550,60.216691767318565,25.15226895868385,2011.16,0.0
c7a591a6-bba7-43cb-ac73-a9d22d383667,2018-04-19,,999-13-9320,,,,Tuuve,Tiihamäki,,,,white,nonhispanic,F,Hanko  Uusimaa  FI,608 Mantela Katu,Järvenpää,Uusimaa,Järvenpää,04410,60.49981077426113,25.08248257315327,1000.0,0.0
3c79429e-b274-453b-ad42-08ba823cc26d,2014-04-18,,999-21-1712,,,,Mai-Leena,Puotiniemi,,,,white,nonhispanic,F,Vantaa  Uusimaa  FI,100 Ukura Katu,Espoo,Uusimaa,Espoo,02650,60.1281296986816,24.745911940250885,1750.0,0.0
27bd23fd-42b4-496f-adba-e04d3f76e219,1982-11-02,,999-14-6208,S99971382,X74914450X,Ms.,Jenna-Juulia,Rusthollkarhu,,,S,white,nonhispanic,F,Helsinki  Uusimaa  FI,126 Myllyrinne Katu Unit 72,Raasepori,Uusimaa,Raasepori,10320,60.024706219103514,23.28658226910996,4406.2,0.0
51ef4fd0-becf-4b61-a86f-c8da5cf99fce,1998-07-01,,999-46-6570,S99957771,X64517086X,Ms.,Thérése,Jonasson,,,,white,nonhispanic,F,Helsinki  Uusimaa  FI,826 Rahja Katu,Tuusula,Uusimaa,Tuusula,04350,60.43616947182786,25.06014708454591,3500.0,0.0
1f43a8c6-e384-4cc5-9a13-9e144006f054,1955-06-22,,999-41-3795,S99957492,X6336243X,Mrs.,Jemima,Sauna-aho,,Torkkeli,M,white,nonhispanic,F,Vantaa  Uusimaa  FI,239 Riitakorpi Katu,Raasepori,Uusimaa,Raasepori,10320,60.07928374127636,23.576612069227995,7173.68,0.0
097b4356-9e55-4316-9ad9-275ec6a2b53d,2011-08-12,,999-37-9234,,,,Freija,Hyppölä,,,,white,nonhispanic,F,Helsinki  Uusimaa  FI,480 Vehmasto Katu,Porvoo,Uusimaa,Porvoo,07130,60.352082530958896,25.6593221639774,2265.94,0.0
845b9246-5005-4f5c-8ad1-acac24b6af54,1959-08-06,,999-49-4933,S99911011,X1629248X,Ms.,Kimberly,Linnamäki,,,S,white,nonhispanic,F,Vantaa  Uusimaa  FI,816 Lehtilahti Katu Unit 90,Vantaa,Uusimaa,Vantaa,01740,60.22961294599469,24.79862168010724,6250.0,0.0
2ee01e59-9515-44e1-b99d-02e12da5a41f,1953-10-12,,999-31-3738,S99948577,X58950721X,Mr.,Reinhold,Norrvik,,,M,white,nonhispanic,M,Vantaa  Uusimaa  FI,470 Lehtimaa Katu,Helsinki,Uusimaa,Helsinki,00510,60.2985363999483,25.013648138145644,7152.57,0.0
41a8a329-af93-4a2e-aaac-0655ebc04d27,1917-02-11,,999-76-6924,S99910424,X5823830X,Mr.,Ernst,Paakkulainen,,,M,white,nonhispanic,M,Kauniainen  Uusimaa  FI,191 Stengård Katu,Helsinki,Uusimaa,Helsinki,00320,60.1990537299874,25.001647091192734,32217.21,0.0
70189cf8-fb5a-493a-8e96-46c4e81d7438,1936-04-16,,999-25-9762,S99926771,X62043890X,Mrs.,Lilianna,Koskensilta,,Saareke,M,white,nonhispanic,F,Helsinki  Uusimaa  FI,463 Kiilamaa Katu,Vantaa,Uusimaa,Vantaa,01700,60.27623302264707,24.92920431978794,22607.86,0.0
ef857a22-b5e1-40d1-b564-552e688f2d15,1947-12-27,,999-63-6431,S99921858,X26968394X,Ms.,Klara,Jakunaho,,,S,white,nonhispanic,F,Tuusula  Uusimaa  FI,211 Huvinen Katu,Lohja,Uusimaa,Lohja,08350,60.250114797411314,24.07374335888937,7784.3,0.0
