PATIENT,START_YEAR,END_YEAR,PAYER,OWNERSHIP
e83697af-5a12-4bc7-9338-fa558ba160a0,1988,2006,e15e7b92-f376-374f-9285-2f59a38ad823,Guardian
e98ded14-2d3a-4d08-a2bd-1a966ec308af,1970,1988,e15e7b92-f376-374f-9285-2f59a38ad823,Guardian
0943a209-1e88-4dbf-b3f3-fbbddf0d7276,1963,1981,e15e7b92-f376-374f-9285-2f59a38ad823,Guardian
b54aabc7-e4cd-4c3a-9b42-ec62d2ec6029,1994,2012,e15e7b92-f376-374f-9285-2f59a38ad823,Guardian
e252cb2b-f8a0-455e-b1cf-53385ce42269,1987,2005,e15e7b92-f376-374f-9285-2f59a38ad823,Guardian
21ceaa3e-c46c-45c1-b69e-8254924d493e,1948,1966,e15e7b92-f376-374f-9285-2f59a38ad823,Guardian
163f5020-f764-4dad-9a48-9f6212c9284f,1992,2010,e15e7b92-f376-374f-9285-2f59a38ad823,Guardian
327201ee-be6d-4416-a5eb-a3ebbb5e8e98,1925,1943,e15e7b92-f376-374f-9285-2f59a38ad823,Guardian
06e65031-852c-481f-8670-0b87f6df9767,1985,2003,e15e7b92-f376-374f-9285-2f59a38ad823,Guardian
e4381587-66b0-4027-bdf6-018d690ba61b,1974,1992,e15e7b92-f376-374f-9285-2f59a38ad823,Guardian
883426c6-a15c-42e7-a049-b659e17f7c00,1951,1969,e15e7b92-f376-374f-9285-2f59a38ad823,Guardian
a3fb18b8-1377-4449-a738-c77b5d5e1a49,1981,1999,e15e7b92-f376-374f-9285-2f59a38ad823,Guardian
fe7b16f3-c23f-4979-b807-193f87984eab,1981,1999,e15e7b92-f376-374f-9285-2f59a38ad823,Guardian
0790ac7e-6a37-4239-92a6-6670c751b306,1911,1929,e15e7b92-f376-374f-9285-2f59a38ad823,Guardian
2daade70-af90-4183-92e0-7cdf669c4a46,1999,2017,e15e7b92-f376-374f-9285-2f59a38ad823,Guardian
09502403-ee6e-49b1-85f0-b45f159f1fe3,1979,1997,e15e7b92-f376-374f-9285-2f59a38ad823,Guardian
6d10f6ae-911d-4fca-bb92-02930b5a44bd,1985,2003,e15e7b92-f376-374f-9285-2f59a38ad823,Guardian
593c6404-6a22-4126-97a4-0864e4522425,1994,2012,e15e7b92-f376-374f-9285-2f59a38ad823,Guardian
fd4d48f3-bc8d-464d-8313-9c8d2bbd920e,1968,1986,e15e7b92-f376-374f-9285-2f59a38ad823,Guardian
80b24df3-011d-465f-b56e-bd4884e78660,1940,1958,e15e7b92-f376-374f-9285-2f59a38ad823,Guardian
5b80ac1d-20b3-405c-8277-0a1c0963d0cb,1957,1975,e15e7b92-f376-374f-9285-2f59a38ad823,Guardian
856873f4-fcc8-4b50-8055-a5c610448254,1970,1988,e15e7b92-f376-374f-9285-2f59a38ad823,Guardian
d3ddc0cd-d7cf-44c3-bd2a-1237fc074e43,1990,2008,e15e7b92-f376-374f-9285-2f59a38ad823,Guardian
be9108e6-592b-445e-be44-13436229325e,1980,1998,e15e7b92-f376-374f-9285-2f59a38ad823,Guardian
774ce5f6-3af9-4921-ab7a-70597c59d014,1960,1978,e15e7b92-f376-374f-9285-2f59a38ad823,Guardian
e19d33bd-7383-4304-9a93-e6d68dd39a62,1963,1981,e15e7b92-f376-374f-9285-2f59a38ad823,Guardian
c4bd7382-8052-4a3e-8410-bbfcd35e40c8,1993,2011,e15e7b92-f376-374f-9285-2f59a38ad823,Guardian
db8fa5cb-36a8-4abc-8c56-4fee67f6b2cd,1922,1940,e15e7b92-f376-374f-9285-2f59a38ad823,Guardian
de6db869-294e-4b3a-ac80-c25f6fedd1f9,1955,1973,e15e7b92-f376-374f-9285-2f59a38ad823,Guardian
8e8c6ac8-77b1-4320-93ac-929369f8cb10,1970,1988,e15e7b92-f376-374f-9285-2f59a38ad823,Guardian
940b4964-00a1-4c91-af85-fc16e5e909e1,1984,2002,e15e7b92-f376-374f-9285-2f59a38ad823,Guardian
c5ec750c-5622-4c1f-bccb-6f22a642f1f7,1947,1965,e15e7b92-f376-374f-9285-2f59a38ad823,Guardian
fb66579d-2b2f-4dea-ad0a-0652d24572f0,1995,2013,e15e7b92-f376-374f-9285-2f59a38ad823,Guardian
d78878b1-ac5a-4536-bdb8-2abbdde7f3cb,1991,2009,e15e7b92-f376-374f-9285-2f59a38ad823,Guardian
34771d7e-f19e-4285-a696-70dd8c86e832,1991,2009,e15e7b92-f376-374f-9285-2f59a38ad823,Guardian
58735ad6-4c39-4311-857b-74ccb93bc626,1974,1992,e15e7b92-f376-374f-9285-2f59a38ad823,Guardian
9429dbff-b363-49b8-b81b-ee20dada6689,1968,1986,e15e7b92-f376-374f-9285-2f59a38ad823,Guardian
7ea0ed45-ed78-45ae-9ce1-bf4252e13a4d,1996,2014,e15e7b92-f376-374f-9285-2f59a38ad823,Guardian
5e6e5540-52e8-42cf-9cd6-2557add8d923,1957,1974,e15e7b92-f376-374f-9285-2f59a38ad823,Guardian
baaf4716-48d5-4e24-ba1d-5f9c38e385c5,1998,2016,e15e7b92-f376-374f-9285-2f59a38ad823,Guardian
53dd1b9a-737c-40e4-b339-89f91296988f,1978,1996,e15e7b92-f376-374f-9285-2f59a38ad823,Guardian
6701f62a-b4bc-4490-8d81-13281afedc7b,1914,1932,e15e7b92-f376-374f-9285-2f59a38ad823,Guardian
ecc691e4-0183-4369-b2b4-46a4c0376e84,1948,1966,e15e7b92-f376-374f-9285-2f59a38ad823,Guardian
48bf2261-99d5-4bf6-ad45-5f324100cdd9,1981,1999,e15e7b92-f376-374f-9285-2f59a38ad823,Guardian
3070e04a-8b70-42a4-9b8a-36bb0e47f082,1988,2006,e15e7b92-f376-374f-9285-2f59a38ad823,Guardian
11b927c3-ac98-44d6-b0b4-e5d98a46246e,1975,1993,e15e7b92-f376-374f-9285-2f59a38ad823,Guardian
228d8bb6-5f94-432f-bae8-36e5239b0797,1945,1963,e15e7b92-f376-374f-9285-2f59a38ad823,Guardian
7f04087d-a8f0-47cd-988f-063535761daa,1961,1979,e15e7b92-f376-374f-9285-2f59a38ad823,Guardian
d470ed83-cc15-4b43-acca-33fa65d4e3dd,1965,1983,e15e7b92-f376-374f-9285-2f59a38ad823,Guardian
7183af0e-8084-4301-b803-99b62d296d00,1957,1975,e15e7b92-f376-374f-9285-2f59a38ad823,Guardian
4d12ee08-3d64-40ce-8d45-eee7b12c9bb7,1973,1991,e15e7b92-f376-374f-9285-2f59a38ad823,Guardian
2de5c98c-5dc4-42be-9968-c2e949d20d22,1967,1985,e15e7b92-f376-374f-9285-2f59a38ad823,Guardian
de665432-32bc-4752-a234-6e139a7d3167,1979,1997,e15e7b92-f376-374f-9285-2f59a38ad823,Guardian
de665432-32bc-4752-a234-6e139a7d3167,1998,2009,e15e7b92-f376-374f-9285-2f59a38ad823,Self
21a8bfdd-2c44-4c7a-b1b9-314c19192b4f,1987,2005,e15e7b92-f376-374f-9285-2f59a38ad823,Guardian
6b0a639f-6382-4c7f-b786-65c3c5745338,1970,1988,e15e7b92-f376-374f-9285-2f59a38ad823,Guardian
02c63890-3b3c-4e08-a99e-b680dc6d7ae8,1975,1993,e15e7b92-f376-374f-9285-2f59a38ad823,Guardian
402830f7-67e7-431b-b372-cff90232fc9e,1986,2004,e15e7b92-f376-374f-9285-2f59a38ad823,Guardian
232ba0bf-5b04-484f-81c6-5171830b3377,1979,1997,e15e7b92-f376-374f-9285-2f59a38ad823,Guardian
6cea209c-e31f-412e-9823-58511a91b97f,1991,2009,e15e7b92-f376-374f-9285-2f59a38ad823,Guardian
259218b3-72d6-4e31-b831-646a3aa28099,1968,1986,e15e7b92-f376-374f-9285-2f59a38ad823,Guardian
511b3566-fc38-48b9-80d9-e031366cb2cb,1962,1980,e15e7b92-f376-374f-9285-2f59a38ad823,Guardian
18ea4947-c306-4d59-87b9-f5eab359ef4b,1963,1981,e15e7b92-f376-374f-9285-2f59a38ad823,Guardian
8b32c275-40e5-4543-a071-5f4465577f9f,1989,2007,e15e7b92-f376-374f-9285-2f59a38ad823,Guardian
4c313353-9342-4c81-992a-d73b59b8e26a,1979,1997,e15e7b92-f376-374f-9285-2f59a38ad823,Guardian
3208ee4b-933e-46b0-9582-be4d2c8a2072,1911,1929,e15e7b92-f376-374f-9285-2f59a38ad823,Guardian
8a34f9f8-31ac-48de-aeb8-9bc483f1e739,1980,1998,e15e7b92-f376-374f-9285-2f59a38ad823,Guardian
27bd23fd-42b4-496f-adba-e04d3f76e219,1982,2000,e15e7b92-f376-374f-9285-2f59a38ad823,Guardian
51ef4fd0-becf-4b61-a86f-c8da5cf99fce,1998,2016,e15e7b92-f376-374f-9285-2f59a38ad823,Guardian
1f43a8c6-e384-4cc5-9a13-9e144006f054,1955,1973,e15e7b92-f376-374f-9285-2f59a38ad823,Guardian
845b9246-5005-4f5c-8ad1-acac24b6af54,1959,1977,e15e7b92-f376-374f-9285-2f59a38ad823,Guardian
2ee01e59-9515-44e1-b99d-02e12da5a41f,1953,1971,e15e7b92-f376-374f-9285-2f59a38ad823,Guardian
41a8a329-af93-4a2e-aaac-0655ebc04d27,1917,1935,e15e7b92-f376-374f-9285-2f59a38ad823,Guardian
41a8a329-af93-4a2e-aaac-0655ebc04d27,1936,2001,b1c428d6-4f07-31e0-90f0-68ffa6ff8c76,Self
41a8a329-af93-4a2e-aaac-0655ebc04d27,2002,2002,e15e7b92-f376-374f-9285-2f59a38ad823,
41a8a329-af93-4a2e-aaac-0655ebc04d27,2003,2007,b1c428d6-4f07-31e0-90f0-68ffa6ff8c76,Self
41a8a329-af93-4a2e-aaac-0655ebc04d27,2008,2008,e15e7b92-f376-374f-9285-2f59a38ad823,
41a8a329-af93-4a2e-aaac-0655ebc04d27,2009,2014,b1c428d6-4f07-31e0-90f0-68ffa6ff8c76,Spouse
41a8a329-af93-4a2e-aaac-0655ebc04d27,2015,2015,e15e7b92-f376-374f-9285-2f59a38ad823,
70189cf8-fb5a-493a-8e96-46c4e81d7438,1936,1954,e15e7b92-f376-374f-9285-2f59a38ad823,Guardian
ef857a22-b5e1-40d1-b564-552e688f2d15,1947,1965,e15e7b92-f376-374f-9285-2f59a38ad823,Guardian
