DATE,PATIENT,ENCOUNTER,CODE,DESCRIPTION,BASE_COST,REASONCODE,REASONDESCRIPTION
2017-06-05,e252cb2b-f8a0-455e-b1cf-53385ce42269,53f045f6-a99e-43d6-8833-329881db6685,40701008,Echocardiography (procedure),1276.84,410429000,Cardiac Arrest
2017-06-05,e252cb2b-f8a0-455e-b1cf-53385ce42269,53f045f6-a99e-43d6-8833-329881db6685,447365002,Insertion of biventricular implantable cardioverter defibrillator,39598.37,410429000,Cardiac Arrest
2017-06-05,e252cb2b-f8a0-455e-b1cf-53385ce42269,53f045f6-a99e-43d6-8833-329881db6685,18286008,Catheter ablation of tissue of heart,11047.68,410429000,Cardiac Arrest
2017-05-19,327201ee-be6d-4416-a5eb-a3ebbb5e8e98,6ea6887a-b67f-48ab-9969-43a23c1f7858,40701008,Echocardiography (procedure),1322.54,230690007,Stroke
2017-05-19,327201ee-be6d-4416-a5eb-a3ebbb5e8e98,6ea6887a-b67f-48ab-9969-43a23c1f7858,433112001,Percutaneous mechanical thrombectomy of portal vein using fluoroscopic guidance,24363.64,230690007,Stroke
2019-11-17,de6db869-294e-4b3a-ac80-c25f6fedd1f9,1d0068d5-1656-40c9-836c-f13947fad705,180325003,Electrical cardioversion,21149.07,49436004,Atrial Fibrillation
1974-10-10,5e6e5540-52e8-42cf-9cd6-2557add8d923,8ce86fa2-d987-49d1-811b-fe3102ec16a0,40701008,Echocardiography (procedure),1762.86,22298006,Myocardial Infarction
1974-10-10,5e6e5540-52e8-42cf-9cd6-2557add8d923,8ce86fa2-d987-49d1-811b-fe3102ec16a0,415070008,Percutaneous coronary intervention,34482.82,22298006,Myocardial Infarction
1974-10-10,5e6e5540-52e8-42cf-9cd6-2557add8d923,8ce86fa2-d987-49d1-811b-fe3102ec16a0,232717009,Coronary artery bypass grafting,43770.96,22298006,Myocardial Infarction
2010-09-11,6701f62a-b4bc-4490-8d81-13281afedc7b,97273613-b842-4603-9466-4826aca377e9,180325003,Electrical cardioversion,29968.70,49436004,Atrial Fibrillation
2011-09-17,6701f62a-b4bc-4490-8d81-13281afedc7b,68ef46f5-7e10-4c0f-9d0f-c79ac81ffd8e,180325003,Electrical cardioversion,45874.13,49436004,Atrial Fibrillation
2012-09-22,6701f62a-b4bc-4490-8d81-13281afedc7b,e99c7da5-9f55-404e-a6fc-5719e46b45f7,180325003,Electrical cardioversion,22934.17,49436004,Atrial Fibrillation
2013-09-28,6701f62a-b4bc-4490-8d81-13281afedc7b,2785dfc4-43e2-49f9-83d0-3c9f503f7764,180325003,Electrical cardioversion,19517.02,49436004,Atrial Fibrillation
2014-10-04,6701f62a-b4bc-4490-8d81-13281afedc7b,e497302c-b678-4a4c-8631-226d7ccc9259,180325003,Electrical cardioversion,22467.87,49436004,Atrial Fibrillation
2015-10-10,6701f62a-b4bc-4490-8d81-13281afedc7b,4cae575e-a78d-4e2f-80c1-27028e642a23,180325003,Electrical cardioversion,21240.10,49436004,Atrial Fibrillation
2016-10-15,6701f62a-b4bc-4490-8d81-13281afedc7b,92cd7111-3bcc-4110-9b31-815b13dea4b4,18286008,Catheter ablation of tissue of heart,15592.17,49436004,Atrial Fibrillation
2017-10-21,6701f62a-b4bc-4490-8d81-13281afedc7b,f2411672-facb-432e-bbee-52cee6c13ca8,180325003,Electrical cardioversion,27934.15,49436004,Atrial Fibrillation
2018-04-07,6701f62a-b4bc-4490-8d81-13281afedc7b,7aa9bdc5-ac9b-4514-94b1-e778cc259d30,40701008,Echocardiography (procedure),1177.45,230690007,Stroke
2018-04-07,6701f62a-b4bc-4490-8d81-13281afedc7b,7aa9bdc5-ac9b-4514-94b1-e778cc259d30,433112001,Percutaneous mechanical thrombectomy of portal vein using fluoroscopic guidance,36401.58,230690007,Stroke
2018-10-27,6701f62a-b4bc-4490-8d81-13281afedc7b,fc15b8a4-3330-41d2-bb51-d8cc1b89d1d7,180325003,Electrical cardioversion,34815.69,49436004,Atrial Fibrillation
2019-11-02,6701f62a-b4bc-4490-8d81-13281afedc7b,69bdf2a2-4e61-4701-88df-8021e592dd6f,180325003,Electrical cardioversion,23903.79,49436004,Atrial Fibrillation
2009-07-21,de665432-32bc-4752-a234-6e139a7d3167,dfa39db0-df96-4c71-a715-5ec1ba4fca4f,40701008,Echocardiography (procedure),777.40,22298006,Myocardial Infarction
2009-07-21,de665432-32bc-4752-a234-6e139a7d3167,dfa39db0-df96-4c71-a715-5ec1ba4fca4f,415070008,Percutaneous coronary intervention,22497.92,22298006,Myocardial Infarction
2009-07-21,de665432-32bc-4752-a234-6e139a7d3167,dfa39db0-df96-4c71-a715-5ec1ba4fca4f,232717009,Coronary artery bypass grafting,46082.22,22298006,Myocardial Infarction
2010-10-17,41a8a329-af93-4a2e-aaac-0655ebc04d27,efbe0f3a-8a93-49f7-a211-4bb4bc3f467f,180325003,Electrical cardioversion,23641.99,49436004,Atrial Fibrillation
2011-10-23,41a8a329-af93-4a2e-aaac-0655ebc04d27,e85be59b-e2b4-4c8c-a52a-e5d73f162627,180325003,Electrical cardioversion,22871.37,49436004,Atrial Fibrillation
2012-10-28,41a8a329-af93-4a2e-aaac-0655ebc04d27,ea946e7d-86e3-41c0-863a-a65e47e3212c,18286008,Catheter ablation of tissue of heart,9250.49,49436004,Atrial Fibrillation
2013-11-03,41a8a329-af93-4a2e-aaac-0655ebc04d27,8e051619-c904-4d43-98db-4cede25cd211,180325003,Electrical cardioversion,22067.37,49436004,Atrial Fibrillation
2014-08-31,41a8a329-af93-4a2e-aaac-0655ebc04d27,8ce40e4b-e34a-4041-8f60-1fe48954bf38,40701008,Echocardiography (procedure),1733.96,230690007,Stroke
2014-08-31,41a8a329-af93-4a2e-aaac-0655ebc04d27,8ce40e4b-e34a-4041-8f60-1fe48954bf38,433112001,Percutaneous mechanical thrombectomy of portal vein using fluoroscopic guidance,20014.78,230690007,Stroke
2014-11-09,41a8a329-af93-4a2e-aaac-0655ebc04d27,81c55952-5de0-489a-a335-45438fa5a3d2,180325003,Electrical cardioversion,21236.10,49436004,Atrial Fibrillation
2015-11-15,41a8a329-af93-4a2e-aaac-0655ebc04d27,926a60b7-3d79-44f2-abd2-4af7a0d2bdfa,180325003,Electrical cardioversion,17544.35,49436004,Atrial Fibrillation
2016-11-20,41a8a329-af93-4a2e-aaac-0655ebc04d27,d56ffb55-0e47-43f2-b2ea-8fa226b6c054,180325003,Electrical cardioversion,39388.46,49436004,Atrial Fibrillation
2017-11-26,41a8a329-af93-4a2e-aaac-0655ebc04d27,2cfebcc0-066b-45b1-a354-edc399c48ba5,180325003,Electrical cardioversion,44197.19,49436004,Atrial Fibrillation
2018-12-02,41a8a329-af93-4a2e-aaac-0655ebc04d27,12dc40f9-791e-4601-9183-665b3a261182,180325003,Electrical cardioversion,26458.35,49436004,Atrial Fibrillation
2019-12-08,41a8a329-af93-4a2e-aaac-0655ebc04d27,8c897aae-df53-4e3f-b627-baac0d57e6eb,180325003,Electrical cardioversion,51454.84,49436004,Atrial Fibrillation
2012-09-13,70189cf8-fb5a-493a-8e96-46c4e81d7438,77ff4aa6-d3a5-4e3d-ad93-bf0f8adf38e9,180325003,Electrical cardioversion,25146.39,49436004,Atrial Fibrillation
2013-09-19,70189cf8-fb5a-493a-8e96-46c4e81d7438,82f665e2-1a21-4a11-b739-93e7478bb913,180325003,Electrical cardioversion,27537.31,49436004,Atrial Fibrillation
2014-09-25,70189cf8-fb5a-493a-8e96-46c4e81d7438,0542f785-d840-4301-9421-6f1aacbfe4ce,180325003,Electrical cardioversion,27338.04,49436004,Atrial Fibrillation
2014-11-13,70189cf8-fb5a-493a-8e96-46c4e81d7438,185d1a8f-06ca-478a-b7a3-aca4c278428c,40701008,Echocardiography (procedure),1339.86,230690007,Stroke
2014-11-13,70189cf8-fb5a-493a-8e96-46c4e81d7438,185d1a8f-06ca-478a-b7a3-aca4c278428c,433112001,Percutaneous mechanical thrombectomy of portal vein using fluoroscopic guidance,25592.49,230690007,Stroke
2015-10-01,70189cf8-fb5a-493a-8e96-46c4e81d7438,41772a58-538c-4792-b7ea-4b35721fa6aa,18286008,Catheter ablation of tissue of heart,11619.63,49436004,Atrial Fibrillation
2016-01-14,70189cf8-fb5a-493a-8e96-46c4e81d7438,57212a8e-5145-4ac7-90fb-91dcbc0b7dd4,40701008,Echocardiography (procedure),1094.99,230690007,Stroke
2016-01-14,70189cf8-fb5a-493a-8e96-46c4e81d7438,57212a8e-5145-4ac7-90fb-91dcbc0b7dd4,433112001,Percutaneous mechanical thrombectomy of portal vein using fluoroscopic guidance,23455.39,230690007,Stroke
2016-10-06,70189cf8-fb5a-493a-8e96-46c4e81d7438,cd52fd2e-9484-42c1-86c3-f43abcb513b0,180325003,Electrical cardioversion,38405.58,49436004,Atrial Fibrillation
2017-10-12,70189cf8-fb5a-493a-8e96-46c4e81d7438,be6e6c06-c27c-4374-a83b-65e486d5eb92,18286008,Catheter ablation of tissue of heart,11597.95,49436004,Atrial Fibrillation
2018-10-18,70189cf8-fb5a-493a-8e96-46c4e81d7438,f2746f93-2801-4efb-bd5e-158219cd23b4,180325003,Electrical cardioversion,35780.53,49436004,Atrial Fibrillation
2019-10-24,70189cf8-fb5a-493a-8e96-46c4e81d7438,b036883e-3096-4fbc-9a7c-d73515d07af7,180325003,Electrical cardioversion,39522.70,49436004,Atrial Fibrillation
