Id,ORGANIZATION,NAME,GENDER,SPECIALITY,ADDRESS,CITY,STATE,ZIP,LAT,LON,UTILIZATION
6cdb3c0c-b2c3-3940-bb12-19e57aced8e6,6e3a689b-5f4c-3946-be10-180a8ba7c680,Ulla-Britt Oksjärvi,F,GENERAL PRACTICE,Nordenskiöldinkatu 20,Helsinki,18,00250,60.19244,24.92811,10
852ab03a-fe8a-3754-9731-7c3c37ceee0c,732148ac-8c7f-3d97-a31e-1993c0743a59,Caterina Parkkila,F,GENERAL PRACTICE,Paciuksenkatu 3,Helsinki,18,00330,60.19018,24.90218,4
8c388a3b-2313-342a-bc5b-0baa97920b53,319baef9-e8e6-3320-9e0b-7991d9c167b8,Mirza Uusiniemi,M,GENERAL PRACTICE,Haartmaninkatu 4,Helsinki,18,00290,60.189159,24.909081,5
9f524799-e8d4-324b-bd54-f2a894175016,bca99918-a2c6-32bf-af26-057c0e13c120,Angel Taari,M,GENERAL PRACTICE,Kettutie 8,Helsinki,18,00800,60.47152,22.69371,3
15c5e05b-7a6e-339c-bba2-906a6096d4df,ce60fa30-aa6f-3d23-ae34-fc3e93dae148,Rabab Helakari,F,GENERAL PRACTICE,Talvelantie 6,Helsinki,18,00700,60.47152,22.69371,1
21833486-beae-3380-b651-f9a0b97d939e,d8f91bff-b1eb-3e4d-8936-10924c36977a,Josefina Filenius,F,GENERAL PRACTICE,Meilahdentie 2,Helsinki,18,00250,60.19263,24.89436,11
37c76c02-45fa-3570-9c23-ac41e216ce67,410e8cf7-76a3-307f-b421-5fa7760177f1,Tuula-Riitta Säisänen,F,GENERAL PRACTICE,Kasarmikatu 11-13,Helsinki,18,00130,60.16102,24.94834,12
9b6cc04a-027b-3035-bc43-4c0a75c9789a,39010280-b8e5-3b1a-b835-bafbeea21968,Ilyas Tuppi,M,GENERAL PRACTICE,Turuntie 150,Espoo,18,02740,60.22589,24.77581,9
bb9f046e-07a3-3db6-9331-16bb576b1e95,7b74aa83-5335-38dd-a213-d6df36c7f627,Niki Puhilas,M,GENERAL PRACTICE,Karvasmäentie 6,Espoo,18,02740,60.22011,24.6848,22
05336e43-7e1d-34a4-8991-40127739cd61,af916982-f5f8-341b-b159-69e72695294c,Alarik Taitonen,M,GENERAL PRACTICE,Sairaalakatu 1,Vantaa,18,01400,60.3299,25.0608,24
6aef6a00-e9fb-3330-8758-bc8d5dbd6ec6,b9b4f8d8-b4a7-3164-a21f-c57b0c40c3ff,Roihu Saarikkomäki,M,GENERAL PRACTICE,Sairaalankatu 1,Hyvinkää,18,05830,60.612,24.82486,2
53f456f3-1845-3c13-8874-e212bc3a1aa4,294d60d6-0e2b-396b-a8bf-77998642f6b7,Joonathan Valerius,M,GENERAL PRACTICE,Ohkolantie 10,Kellokoski,18,04500,60.53054,25.10548,3
5db1ed6d-ed20-391d-a28a-ca1db5161b0d,8af774ed-7635-320a-ad8c-a63aa309a858,Daniela Enestam,F,GENERAL PRACTICE,Sairaalatie 8,Lohja,18,08200,60.2247,24.01885,18
5ecc8dc5-76c4-3c82-992d-e09cae82ebf8,d8b3cbb1-88db-3fc1-bb2b-6a9c0037e6e5,Maija-Stiina Björkas,F,GENERAL PRACTICE,Sairaalantie 1,Porvoo,18,06200,60.37911,25.69576,2
fb008859-940d-30b0-9eb5-95642830fd61,738aef7e-a279-3f65-9dba-fead16b27400,Ulla-Britt Oksjärvi,F,GENERAL PRACTICE,Turuntie 150,Espoo,18,02740,60.22589,24.77581,794
9e931b9e-780f-37c5-9726-086daa1f1377,9a3e6919-4ed0-32fe-a1e2-7184b06c415f,Caterina Parkkila,F,GENERAL PRACTICE,Karvasmäentie 6,Espoo,18,02740,60.22011,24.6848,473
590e8771-4a2e-3732-8524-8d3a3102df3a,a70486b2-c33a-37b3-a4cf-b3dc06cb9d84,Aino Rantajärvi,F,GENERAL PRACTICE,Sairaalakatu 1,Vantaa,18,01400,60.3299,25.0608,1391
a217d084-6196-310a-b918-44cb9381f9bf,bf25636d-50a4-3cf2-b937-0e59fd37503f,Mirza Uusiniemi,M,GENERAL PRACTICE,Sairaalankatu 1,Hyvinkää,18,05830,60.612,24.82486,166
76ce69e3-7c22-32c4-a8a2-7b17168b1881,4eddd774-a01b-3a0b-b4c6-736a5581aba4,Angel Taari,M,GENERAL PRACTICE,Ohkolantie 10,Kellokoski,18,04500,60.53054,25.10548,225
48032a11-5709-3b5f-8b74-75da73417571,942171f0-df04-34cc-9c85-1a11b2f08717,Ferdinand Piukkala,M,GENERAL PRACTICE,Sairaalatie 8,Lohja,18,08200,60.2247,24.01885,633
45bacdb0-7e6f-3407-b2fa-48432e7d8b96,216a84b2-6287-356d-9bcf-655abf00debb,Lis-Marie Ohvanainen,F,GENERAL PRACTICE,Sairaalantie 1,Porvoo,18,06200,60.37911,25.69576,88
09d6e87a-adc9-353d-9513-1f9724b3f067,319baef9-e8e6-3320-9e0b-7991d9c167b8,Ulla-Britt Oksjärvi,F,GENERAL PRACTICE,Haartmaninkatu 4,Helsinki,18,00290,60.189159,24.909081,4
8444f81f-94d3-3da6-b8af-f2da78fb4b33,39010280-b8e5-3b1a-b835-bafbeea21968,Aino Rantajärvi,F,GENERAL PRACTICE,Turuntie 150,Espoo,18,02740,60.22589,24.77581,1
bffda3a3-05f3-364b-949d-620151b5cb82,7b74aa83-5335-38dd-a213-d6df36c7f627,Mirza Uusiniemi,M,GENERAL PRACTICE,Karvasmäentie 6,Espoo,18,02740,60.22011,24.6848,1
dbf1fdde-2497-3eb7-bc2d-f015fbd32901,8af774ed-7635-320a-ad8c-a63aa309a858,Lis-Marie Ohvanainen,F,GENERAL PRACTICE,Sairaalatie 8,Lohja,18,08200,60.2247,24.01885,4
