START,STOP,PATIENT,ENCOUNTER,CODE,DESCRIPTION
2017-06-28,,84ee9240-b9f9-4a1c-8bfb-9c71167897f1,e46d6252-934d-4b5a-8fec-66d3152ddf08,53741008,Coronary Heart Disease
2016-04-18,,d957d6bb-5fbf-435a-86de-99907f72f20c,8393db83-68fe-406b-adda-c48d9ddbc54d,53741008,Coronary Heart Disease
1958-05-02,,b4581a1c-ab3b-4f61-be2b-41a49f15e268,2a5699f3-fb9b-4ddb-877f-6104399aa97c,410429000,Cardiac Arrest
1958-05-02,,b4581a1c-ab3b-4f61-be2b-41a49f15e268,2a5699f3-fb9b-4ddb-877f-6104399aa97c,429007001,History of cardiac arrest (situation)
2005-06-15,,450df372-1b88-4f78-8d9a-088eb86b5ee2,762e1d0c-7c96-4b3b-a5cb-e94559926b26,230690007,Stroke
2017-03-14,,374a9795-d436-45d7-b06b-3d90bba08d56,da04429c-7282-426e-980c-3b55fa63592a,230690007,Stroke
2006-05-11,,cce2c1e2-dfd5-449b-a7db-1c8db5f45f7a,b02cd74e-d2a8-4a66-abc6-21d7af3d684c,230690007,Stroke
1994-02-02,,8f7a1660-5243-4af9-835d-86695b607127,2f6bd566-efec-4300-945b-7c623f70a0c2,49436004,Atrial Fibrillation
1999-04-24,,8f43285a-4c83-4c2c-8714-dbb566109c1a,25c455e6-8bec-45f8-8bdb-cd65f06799ef,230690007,Stroke
2001-12-15,,e71d12a8-4268-439f-967d-61e0855dd220,b8e1a591-a313-4b2e-abc0-564b2c89f44b,230690007,Stroke
2014-11-01,,e34f1c61-735a-477e-8bc5-1adf30763da2,334eddfd-a3f8-4cb6-883b-fab88a67b3e5,410429000,Cardiac Arrest
2014-11-01,,e34f1c61-735a-477e-8bc5-1adf30763da2,334eddfd-a3f8-4cb6-883b-fab88a67b3e5,429007001,History of cardiac arrest (situation)
2014-12-05,,7b83b0e0-528c-44d0-a1d5-6fc1dfe63968,708ea5c0-77ad-467b-804b-31552a886937,410429000,Cardiac Arrest
2014-12-05,,7b83b0e0-528c-44d0-a1d5-6fc1dfe63968,708ea5c0-77ad-467b-804b-31552a886937,429007001,History of cardiac arrest (situation)
2006-01-06,,ce86f14b-2f64-414e-a007-5902671b5469,d5015ca5-9dea-4ae4-90b1-31cf6bc2327f,53741008,Coronary Heart Disease
2016-08-05,,ce86f14b-2f64-414e-a007-5902671b5469,68c239ee-c29a-4f7b-aaff-e5365ede10e6,22298006,Myocardial Infarction
2016-08-05,,ce86f14b-2f64-414e-a007-5902671b5469,68c239ee-c29a-4f7b-aaff-e5365ede10e6,399211009,History of myocardial infarction (situation)
2018-03-16,,150c57e2-e753-46c3-92a4-b235552aa5c6,64b58c25-bee2-4123-b0bb-d5cfa119706b,53741008,Coronary Heart Disease
2016-01-19,,d29a5c6b-c981-4792-90e6-9019fba57b59,669c4cc7-e8f0-4a6a-893d-e9d8e88e8c1d,49436004,Atrial Fibrillation
2016-02-05,,4533a6bc-666c-4e92-af6d-2e2b3f4c23dc,eea420e8-063a-4283-bb3b-1f948bdfe3c9,410429000,Cardiac Arrest
2016-02-05,,4533a6bc-666c-4e92-af6d-2e2b3f4c23dc,eea420e8-063a-4283-bb3b-1f948bdfe3c9,429007001,History of cardiac arrest (situation)
