START,STOP,PATIENT,PAYER,ENCOUNTER,CODE,DESCRIPTION,BASE_COST,PAYER_COVERAGE,DISPENSES,TOTALCOST,REASONCODE,REASONDESCRIPTION
2017-06-28,,84ee9240-b9f9-4a1c-8bfb-9c71167897f1,b1c428d6-4f07-31e0-90f0-68ffa6ff8c76,e46d6252-934d-4b5a-8fec-66d3152ddf08,309362,Clopidogrel 75 MG Oral Tablet,57.75,0.00,32,1848.00,,
2017-06-28,,84ee9240-b9f9-4a1c-8bfb-9c71167897f1,b1c428d6-4f07-31e0-90f0-68ffa6ff8c76,e46d6252-934d-4b5a-8fec-66d3152ddf08,312961,Simvastatin 20 MG Oral Tablet,25.48,0.00,32,815.36,,
2017-06-28,,84ee9240-b9f9-4a1c-8bfb-9c71167897f1,b1c428d6-4f07-31e0-90f0-68ffa6ff8c76,e46d6252-934d-4b5a-8fec-66d3152ddf08,197361,Amlodipine 5 MG Oral Tablet,71.71,0.00,32,2294.72,,
2017-06-28,,84ee9240-b9f9-4a1c-8bfb-9c71167897f1,b1c428d6-4f07-31e0-90f0-68ffa6ff8c76,e46d6252-934d-4b5a-8fec-66d3152ddf08,705129,Nitroglycerin 0.4 MG/ACTUAT Mucosal Spray,142.87,0.00,32,4571.84,,
2016-04-18,,d957d6bb-5fbf-435a-86de-99907f72f20c,b1c428d6-4f07-31e0-90f0-68ffa6ff8c76,8393db83-68fe-406b-adda-c48d9ddbc54d,309362,Clopidogrel 75 MG Oral Tablet,60.45,0.00,47,2841.15,,
2016-04-18,,d957d6bb-5fbf-435a-86de-99907f72f20c,b1c428d6-4f07-31e0-90f0-68ffa6ff8c76,8393db83-68fe-406b-adda-c48d9ddbc54d,312961,Simvastatin 20 MG Oral Tablet,13.27,0.00,47,623.69,,
2016-04-18,,d957d6bb-5fbf-435a-86de-99907f72f20c,b1c428d6-4f07-31e0-90f0-68ffa6ff8c76,8393db83-68fe-406b-adda-c48d9ddbc54d,197361,Amlodipine 5 MG Oral Tablet,7.25,0.00,47,340.75,,
2016-04-18,,d957d6bb-5fbf-435a-86de-99907f72f20c,b1c428d6-4f07-31e0-90f0-68ffa6ff8c76,8393db83-68fe-406b-adda-c48d9ddbc54d,705129,Nitroglycerin 0.4 MG/ACTUAT Mucosal Spray,316.25,0.00,47,14863.75,,
1977-08-24,,4e2c527e-4eac-458e-8ff3-f93bf9b81538,b1c428d6-4f07-31e0-90f0-68ffa6ff8c76,f3dd5d65-b231-463a-bba1-17bc3ebf0397,106258,Hydrocortisone 10 MG/ML Topical Cream,5.02,0.00,517,2595.34,40275004,Contact dermatitis
2017-03-14,2017-03-14,374a9795-d436-45d7-b06b-3d90bba08d56,b1c428d6-4f07-31e0-90f0-68ffa6ff8c76,da04429c-7282-426e-980c-3b55fa63592a,309362,Clopidogrel 75 MG Oral Tablet,66.02,0.00,1,66.02,,
2017-03-14,2017-03-14,374a9795-d436-45d7-b06b-3d90bba08d56,b1c428d6-4f07-31e0-90f0-68ffa6ff8c76,da04429c-7282-426e-980c-3b55fa63592a,1804799,Alteplase 100 MG Injection,6469.14,0.00,1,6469.14,,
2000-02-25,,ed55682c-5042-4704-8aa3-71ab71365d0f,b1c428d6-4f07-31e0-90f0-68ffa6ff8c76,e54ddd08-e4b1-4e9d-b179-af9e92b1a568,106258,Hydrocortisone 10 MG/ML Topical Cream,8.82,0.00,244,2152.08,40275004,Contact dermatitis
1994-02-02,,8f7a1660-5243-4af9-835d-86695b607127,b1c428d6-4f07-31e0-90f0-68ffa6ff8c76,2f6bd566-efec-4300-945b-7c623f70a0c2,855332,Warfarin Sodium 5 MG Oral Tablet,173.23,0.00,317,54913.91,,
1994-02-02,,8f7a1660-5243-4af9-835d-86695b607127,b1c428d6-4f07-31e0-90f0-68ffa6ff8c76,2f6bd566-efec-4300-945b-7c623f70a0c2,897718,Verapamil Hydrochloride 40 MG,49.62,0.00,317,15729.54,,
1994-02-02,,8f7a1660-5243-4af9-835d-86695b607127,b1c428d6-4f07-31e0-90f0-68ffa6ff8c76,2f6bd566-efec-4300-945b-7c623f70a0c2,197604,Digoxin 0.125 MG Oral Tablet,89.26,0.00,317,28295.42,,
2001-12-15,2001-12-15,e71d12a8-4268-439f-967d-61e0855dd220,b1c428d6-4f07-31e0-90f0-68ffa6ff8c76,b8e1a591-a313-4b2e-abc0-564b2c89f44b,309362,Clopidogrel 75 MG Oral Tablet,71.06,0.00,1,71.06,,
2001-12-15,2001-12-15,e71d12a8-4268-439f-967d-61e0855dd220,b1c428d6-4f07-31e0-90f0-68ffa6ff8c76,b8e1a591-a313-4b2e-abc0-564b2c89f44b,1804799,Alteplase 100 MG Injection,6190.07,0.00,1,6190.07,,
2014-11-01,2014-11-01,e34f1c61-735a-477e-8bc5-1adf30763da2,b1c428d6-4f07-31e0-90f0-68ffa6ff8c76,334eddfd-a3f8-4cb6-883b-fab88a67b3e5,1660014,1 ML Epinephrine 1 MG/ML Injection,4.08,0.00,1,4.08,,
2014-11-01,2014-11-01,e34f1c61-735a-477e-8bc5-1adf30763da2,b1c428d6-4f07-31e0-90f0-68ffa6ff8c76,334eddfd-a3f8-4cb6-883b-fab88a67b3e5,834357,3 ML Amiodarone hydrocholoride 50 MG/ML Prefilled Syringe,198.72,0.00,1,198.72,,
2014-11-01,2014-11-01,e34f1c61-735a-477e-8bc5-1adf30763da2,b1c428d6-4f07-31e0-90f0-68ffa6ff8c76,334eddfd-a3f8-4cb6-883b-fab88a67b3e5,1190795,Atropine Sulfate 1 MG/ML Injectable Solution,12.17,0.00,1,12.17,,
2014-12-05,2014-12-05,7b83b0e0-528c-44d0-a1d5-6fc1dfe63968,b1c428d6-4f07-31e0-90f0-68ffa6ff8c76,708ea5c0-77ad-467b-804b-31552a886937,1660014,1 ML Epinephrine 1 MG/ML Injection,4.98,0.00,1,4.98,,
2014-12-05,2014-12-05,7b83b0e0-528c-44d0-a1d5-6fc1dfe63968,b1c428d6-4f07-31e0-90f0-68ffa6ff8c76,708ea5c0-77ad-467b-804b-31552a886937,834357,3 ML Amiodarone hydrocholoride 50 MG/ML Prefilled Syringe,32.30,0.00,1,32.30,,
2014-12-05,2014-12-05,7b83b0e0-528c-44d0-a1d5-6fc1dfe63968,b1c428d6-4f07-31e0-90f0-68ffa6ff8c76,708ea5c0-77ad-467b-804b-31552a886937,1190795,Atropine Sulfate 1 MG/ML Injectable Solution,32.21,0.00,1,32.21,,
2006-01-06,2016-08-05,ce86f14b-2f64-414e-a007-5902671b5469,b1c428d6-4f07-31e0-90f0-68ffa6ff8c76,d5015ca5-9dea-4ae4-90b1-31cf6bc2327f,309362,Clopidogrel 75 MG Oral Tablet,56.95,0.00,128,7289.60,,
2006-01-06,,ce86f14b-2f64-414e-a007-5902671b5469,b1c428d6-4f07-31e0-90f0-68ffa6ff8c76,d5015ca5-9dea-4ae4-90b1-31cf6bc2327f,312961,Simvastatin 20 MG Oral Tablet,33.64,0.00,129,4339.56,,
2006-01-06,,ce86f14b-2f64-414e-a007-5902671b5469,b1c428d6-4f07-31e0-90f0-68ffa6ff8c76,d5015ca5-9dea-4ae4-90b1-31cf6bc2327f,197361,Amlodipine 5 MG Oral Tablet,44.51,0.00,129,5741.79,,
2006-01-06,2016-08-05,ce86f14b-2f64-414e-a007-5902671b5469,b1c428d6-4f07-31e0-90f0-68ffa6ff8c76,d5015ca5-9dea-4ae4-90b1-31cf6bc2327f,705129,Nitroglycerin 0.4 MG/ACTUAT Mucosal Spray,64.68,0.00,128,8279.04,,
2016-08-05,2016-08-05,ce86f14b-2f64-414e-a007-5902671b5469,b1c428d6-4f07-31e0-90f0-68ffa6ff8c76,68c239ee-c29a-4f7b-aaff-e5365ede10e6,259255,Atorvastatin 80 MG Oral Tablet,82.11,0.00,1,82.11,,
2016-08-05,2016-08-05,ce86f14b-2f64-414e-a007-5902671b5469,b1c428d6-4f07-31e0-90f0-68ffa6ff8c76,68c239ee-c29a-4f7b-aaff-e5365ede10e6,833036,Captopril 25 MG Oral Tablet,81.75,0.00,1,81.75,,
2018-03-16,,150c57e2-e753-46c3-92a4-b235552aa5c6,b1c428d6-4f07-31e0-90f0-68ffa6ff8c76,64b58c25-bee2-4123-b0bb-d5cfa119706b,309362,Clopidogrel 75 MG Oral Tablet,32.73,0.00,24,785.52,,
2018-03-16,,150c57e2-e753-46c3-92a4-b235552aa5c6,b1c428d6-4f07-31e0-90f0-68ffa6ff8c76,64b58c25-bee2-4123-b0bb-d5cfa119706b,312961,Simvastatin 20 MG Oral Tablet,37.76,0.00,24,906.24,,
2018-03-16,,150c57e2-e753-46c3-92a4-b235552aa5c6,b1c428d6-4f07-31e0-90f0-68ffa6ff8c76,64b58c25-bee2-4123-b0bb-d5cfa119706b,197361,Amlodipine 5 MG Oral Tablet,28.84,0.00,24,692.16,,
2018-03-16,,150c57e2-e753-46c3-92a4-b235552aa5c6,b1c428d6-4f07-31e0-90f0-68ffa6ff8c76,64b58c25-bee2-4123-b0bb-d5cfa119706b,705129,Nitroglycerin 0.4 MG/ACTUAT Mucosal Spray,182.14,0.00,24,4371.36,,
2016-01-19,,d29a5c6b-c981-4792-90e6-9019fba57b59,b1c428d6-4f07-31e0-90f0-68ffa6ff8c76,669c4cc7-e8f0-4a6a-893d-e9d8e88e8c1d,855332,Warfarin Sodium 5 MG Oral Tablet,57.84,0.00,50,2892.00,,
2016-01-19,,d29a5c6b-c981-4792-90e6-9019fba57b59,b1c428d6-4f07-31e0-90f0-68ffa6ff8c76,669c4cc7-e8f0-4a6a-893d-e9d8e88e8c1d,897718,Verapamil Hydrochloride 40 MG,157.77,0.00,50,7888.50,,
2016-01-19,,d29a5c6b-c981-4792-90e6-9019fba57b59,b1c428d6-4f07-31e0-90f0-68ffa6ff8c76,669c4cc7-e8f0-4a6a-893d-e9d8e88e8c1d,197604,Digoxin 0.125 MG Oral Tablet,16.47,0.00,50,823.50,,
2016-02-05,2016-02-05,4533a6bc-666c-4e92-af6d-2e2b3f4c23dc,b1c428d6-4f07-31e0-90f0-68ffa6ff8c76,eea420e8-063a-4283-bb3b-1f948bdfe3c9,1660014,1 ML Epinephrine 1 MG/ML Injection,3.99,0.00,1,3.99,,
2016-02-05,2016-02-05,4533a6bc-666c-4e92-af6d-2e2b3f4c23dc,b1c428d6-4f07-31e0-90f0-68ffa6ff8c76,eea420e8-063a-4283-bb3b-1f948bdfe3c9,834357,3 ML Amiodarone hydrocholoride 50 MG/ML Prefilled Syringe,44.43,0.00,1,44.43,,
2016-02-05,2016-02-05,4533a6bc-666c-4e92-af6d-2e2b3f4c23dc,b1c428d6-4f07-31e0-90f0-68ffa6ff8c76,eea420e8-063a-4283-bb3b-1f948bdfe3c9,1190795,Atropine Sulfate 1 MG/ML Injectable Solution,11.62,0.00,1,11.62,,
