Id,BIRTHDATE,DEATHDATE,SSN,DRIVERS,PASSPORT,PREFIX,FIRST,LAST,SUFFIX,MAIDEN,MARITAL,RACE,ETHNICITY,GENDER,BIRTHPLACE,ADDRESS,CITY,STATE,COUNTY,ZIP,LAT,LON,HEALTHCARE_EXPENSES,HEALTHCARE_COVERAGE
dda18c89-5e2c-49a7-acc4-5256ee7929eb,2016-10-27,,999-58-6170,,,,Juulianna,Fagernäs,,,,white,nonhispanic,F,Helsinki  Uusimaa  FI,903 Rasalahti Katu,Espoo,Uusimaa,Espoo,02620,60.195043374950934,24.663385275848217,1375.0,0.0
d75492f8-b506-498d-b21c-b80227d53f37,2015-02-08,,999-33-9717,,,,Alexandrine,Lieskivi,,,,white,nonhispanic,F,Helsinki  Uusimaa  FI,641 Metsänperä Katu,Espoo,Uusimaa,Espoo,02780,60.24787373857972,24.75604447834469,1750.0,0.0
fd8abfc7-063b-4821-9f59-b18d7df317b5,2008-08-04,,999-25-6827,,,,Mauro,Simoinen,,,,white,nonhispanic,M,Espoo  Uusimaa  FI,448 Lundman Katu,Espoo,Uusimaa,Espoo,02110,60.158378183257334,24.675160819433255,2500.0,0.0
3bdbb9c2-5828-4b63-b9d9-0d7c0dfdaa8e,2004-12-06,,999-29-5898,,,,Mohamad,Hyrkkö,,,,white,nonhispanic,M,Helsinki  Uusimaa  FI,803 Kotajärvi Katu Suite 14,Hyvinkää,Uusimaa,Hyvinkää,05860,60.57727199138235,24.76680676242717,3000.0,0.0
64e030cb-93e5-49fc-8ed6-6aa188fc36bc,1995-04-09,,999-78-8868,S99933962,X54056872X,Ms.,Meral,Kallionsivu,,,,white,nonhispanic,F,Helsinki  Uusimaa  FI,734 Simpanen Katu,Helsinki,Uusimaa,Helsinki,00780,60.19646614312656,24.98409099341647,3625.0,0.0
6636738a-9bc4-43e2-bf76-b282f0c44387,1978-02-17,,999-54-2944,S99922917,X14391888X,Mrs.,Joy,Nokkala,,Mäkiö,M,white,nonhispanic,F,Helsinki  Uusimaa  FI,269 Löppönen Katu Suite 69,Lohja,Uusimaa,Lohja,08100,60.36433602065959,24.02682350921061,4500.0,0.0
fc4262b7-a998-4d7f-817d-8569bcda7c2b,1990-12-07,,999-73-9347,S99966062,X59340292X,Mr.,Storm,Varpula,,,M,white,nonhispanic,M,Lohja  Uusimaa  FI,692 Lillman Katu Suite 41,Helsinki,Uusimaa,Helsinki,00570,60.16107892712413,25.046539031829376,3875.0,0.0
0b1aa89e-d838-4870-8811-1ea4ceb09908,2007-09-18,,999-71-3780,,,,Toni-Petri,Joukanen,,,,white,nonhispanic,M,Espoo  Uusimaa  FI,989 Joro Katu,Kirkkonummi,Uusimaa,Kirkkonummi,02450,60.109651398635435,24.379505388963018,2625.0,0.0
1c8098ee-33eb-4c96-9dd2-8aee5fbb6dca,1961-01-06,,999-58-8830,S99913566,X71494827X,Ms.,Maryan,Juurikka,,,S,white,nonhispanic,F,Hyvinkää  Uusimaa  FI,1083 Kyntäjä Katu,Vantaa,Uusimaa,Vantaa,01230,60.349679758431954,25.04490772603518,6125.0,0.0
84ee9240-b9f9-4a1c-8bfb-9c71167897f1,1955-04-20,,999-76-8928,S99919317,X70228403X,Mrs.,Annlis,Oja-Nisula,,Pyttynen,M,white,nonhispanic,F,Espoo  Uusimaa  FI,910 Ambrusin Katu Suite 67,Vantaa,Uusimaa,Vantaa,01380,60.317220758216955,24.82712609736725,6750.0,0.0
bd21b471-dea6-4ed4-a70f-0975d58e4fbd,1965-06-28,,999-90-7688,S99962298,X28919829X,Mr.,Eeka,Korelin,,,S,white,nonhispanic,M,Järvenpää  Uusimaa  FI,279 Halkonen Katu,Vantaa,Uusimaa,Vantaa,01230,60.24372982866548,24.807036960519262,5500.0,0.0
d3e7a321-bce0-46a3-9b11-a96c6fa61238,1944-12-23,,999-15-3168,S99922387,X10039668X,Mrs.,Lilianna,Juures,,Syrjäkari,M,white,nonhispanic,F,Helsinki  Uusimaa  FI,572 Soikko Katu,Helsinki,Uusimaa,Helsinki,00750,60.21266533780156,24.960980547851634,8000.0,0.0
f9804377-079b-4810-a9ca-1b5827ba7afb,1942-03-24,,999-58-9936,S99982498,X77851387X,Mrs.,Iina-Maria,Ruusala,,Pimenoff,M,white,nonhispanic,F,Helsinki  Uusimaa  FI,163 Rokosa Katu Suite 40,Helsinki,Uusimaa,Helsinki,00920,60.15036502579573,25.037628255571732,8375.0,0.0
02e4462b-5fa1-44c0-ba32-1dd468b56387,1946-12-14,,999-27-4301,S99943991,X61456748X,Mrs.,Levina,Enne,,Palkamo,M,white,nonhispanic,F,Helsinki  Uusimaa  FI,837 Ajalin Katu,Raasepori,Uusimaa,Raasepori,10320,59.97763563547874,22.981988271380853,7750.0,0.0
2976b6ea-e22d-4798-9d91-90ff3fafb400,1978-11-26,,999-21-3997,S99950617,X26960817X,Mrs.,Jarkontytär,Mäki-Asiala,MD,Skutnabb,M,white,nonhispanic,F,Vantaa  Uusimaa  FI,558 Rajaranta Katu Suite 6,Espoo,Uusimaa,Espoo,02140,60.135888453405,24.614419964587007,4375.0,0.0
e2dec5c0-bf78-49dd-81e7-c28715f42408,1984-05-07,,999-74-8492,S99991585,X86124436X,Mrs.,Siro,Sallisalmi,,Latonen,M,white,nonhispanic,F,Espoo  Uusimaa  FI,331 Peltoranta Katu Apt 37,Helsinki,Uusimaa,Helsinki,00930,60.231833917454374,25.09233622330461,4125.0,0.0
74f8c914-7e94-4753-8bf0-b849d6fa2e0d,1982-10-26,,999-60-3497,S99958891,X70899653X,Mrs.,Ka,Tiikasalo,,Lillrank,M,white,nonhispanic,F,Helsinki  Uusimaa  FI,405 Tiljander Katu,Porvoo,Uusimaa,Porvoo,06750,60.251976389981664,25.85258290026916,4250.0,0.0
829f5ac1-3a72-4f07-971a-d7d976d89991,1979-05-17,,999-28-5299,S99914902,X6036467X,Ms.,Nadezda,Niekka,,,S,white,nonhispanic,F,Helsinki  Uusimaa  FI,853 Esterinen Katu,Vantaa,Uusimaa,Vantaa,01650,60.252600157214964,24.84025405562667,4375.0,0.0
76518dbc-e273-488d-88e1-2254973b9f5b,2005-01-19,,999-12-5800,,,,Clarence,Rautvuori,,,,white,nonhispanic,M,Espoo  Uusimaa  FI,620 Strömman Katu Unit 4,Vantaa,Uusimaa,Vantaa,01690,60.27363992190744,24.905616829414065,3000.0,0.0
d20e87ca-4b1d-411b-beb9-1fb3f4ef715f,1983-12-19,,999-17-5976,S99950440,X34979664X,Mrs.,Tuyet,Linder,,Kähtävä,M,white,nonhispanic,F,Kirkkonummi  Uusimaa  FI,949 Mäyränpää Katu,Järvenpää,Uusimaa,Järvenpää,04440,60.46914812772342,25.110497838872273,4125.0,0.0
2d72d31b-f288-4677-9787-d35072f06e73,1959-06-12,,999-62-5205,S99918665,X7499597X,Mr.,Sem,Lejonqvist,,,S,white,nonhispanic,M,Vantaa  Uusimaa  FI,1046 Puljula Katu,Vantaa,Uusimaa,Vantaa,01370,60.26922209715419,24.945580883581883,6250.0,0.0
2f1119b6-050d-4bf1-8335-f6267074cbca,2002-08-05,,999-11-9352,S99967379,,,Mariela,Eckert,,,,white,nonhispanic,F,St Petersburg  St Petersburg  RU,263 Ulma Katu,Helsinki,Uusimaa,Helsinki,00850,60.21870980518307,24.998349453528323,3250.0,0.0
32870241-ca0a-4fcf-ae5a-f12acf5c8f71,1966-07-25,,999-49-2836,S99982959,X62499275X,Mrs.,Gunne,Lönnrot,,Kostensalo,M,white,nonhispanic,F,Lohja  Uusimaa  FI,572 Brändström Katu Suite 34,Helsinki,Uusimaa,Helsinki,00970,60.238790534324686,25.027408035878274,5375.0,0.0
d0c50937-3605-4988-96c6-96b7fcffb91f,1947-11-05,,999-30-7359,S99965799,X21094065X,Mr.,Erich,Karavirta,,,M,white,nonhispanic,M,Kirkkonummi  Uusimaa  FI,1076 Hirviniemi Katu Unit 34,Lohja,Uusimaa,Lohja,09810,60.24574599687315,24.242654874422165,7625.0,0.0
d957d6bb-5fbf-435a-86de-99907f72f20c,1937-11-08,,999-84-2565,S99996499,X60501286X,Ms.,Amber,Ansa,,,S,white,nonhispanic,F,Karkkila  Uusimaa  FI,887 Arstila Katu Suite 19,Helsinki,Uusimaa,Helsinki,00740,60.2409455036735,25.05720626889725,8875.0,0.0
b4581a1c-ab3b-4f61-be2b-41a49f15e268,1945-09-14,,999-43-6063,S99965465,X80915230X,Mrs.,Sara-Marie,Itälahti,,Olaussen,M,white,nonhispanic,F,Helsinki  Uusimaa  FI,744 Mangs Katu Unit 68,Vihti,Uusimaa,Vihti,03250,60.35336819880797,24.391162277716933,8146.49,0.0
1fd3e96f-096d-454c-97cb-adec2f154e4e,2011-10-02,,999-46-4542,,,,Senni,Touhunen,,,,white,nonhispanic,F,Helsinki  Uusimaa  FI,1054 Kettula-Pihlaja Katu Suite 10,Helsinki,Uusimaa,Helsinki,00560,60.1900467417378,24.920611006516214,2125.0,0.0
f3102268-9773-4813-bf19-74365921690f,1982-01-27,,999-10-4802,S99977698,X60341831X,Mrs.,Kuu,Pinolehto,,Reivilä,M,white,nonhispanic,F,Espoo  Uusimaa  FI,627 Rajakorpi Katu Apt 46,Helsinki,Uusimaa,Helsinki,00560,60.16410097340326,24.939703619022044,4250.0,0.0
494c57a9-ff76-472f-9f33-3e3ee420492a,2013-01-16,,999-29-4992,,,,Rinja,Kelonen,,,,white,nonhispanic,F,Askola  Uusimaa  FI,216 Kaunela Katu Apt 68,Raasepori,Uusimaa,Raasepori,10350,59.98699002106873,23.366412565032533,2000.0,0.0
4e2c527e-4eac-458e-8ff3-f93bf9b81538,1958-08-19,,999-14-4767,S99947708,X60801852X,Mrs.,Kasperiina,Jarho,,Koskitalo,M,white,nonhispanic,F,Vantaa  Uusimaa  FI,720 Irmola Katu,Helsinki,Uusimaa,Helsinki,00330,60.21056544167608,25.01161840277778,6625.0,0.0
51aa61ee-46ae-481d-90cc-c3935faa8311,1947-02-11,,999-14-8422,S99935665,X66248261X,Mrs.,Ingrid,Uurainen,,Kortesuo,M,white,nonhispanic,F,Espoo  Uusimaa  FI,837 Reivilä Katu,Helsinki,Uusimaa,Helsinki,00640,60.26605034279773,24.901567474619263,7750.0,0.0
f0003f7b-5972-4abf-9da8-769c6593995e,2015-03-04,,999-34-3170,,,,Miro,Asula,,,,white,nonhispanic,M,Vantaa  Uusimaa  FI,653 Rantakaulio Katu Unit 96,Helsinki,Uusimaa,Helsinki,00630,60.19404148085153,24.93325626481449,1750.0,0.0
4c4a0069-4884-4d6b-ab1a-4b8ea5e8760d,1951-08-16,,999-69-4881,S99913768,X48719495X,Mr.,Glen,Juurmaa,,,M,white,nonhispanic,M,Vantaa  Uusimaa  FI,206 Pauniranta Katu,Helsinki,Uusimaa,Helsinki,00760,60.227030489954394,25.148890698519224,7250.0,0.0
450df372-1b88-4f78-8d9a-088eb86b5ee2,1947-10-29,,999-64-3341,S99954359,X12133879X,Mr.,Zekij,Hirsto,,,S,white,nonhispanic,M,Lohja  Uusimaa  FI,351 Tocklin Katu Unit 95,Helsinki,Uusimaa,Helsinki,00720,60.233864475103246,25.124515167039164,14586.47,0.0
8999ed53-b39e-4c93-bf68-67987f0c74f1,1989-11-18,,999-58-8744,S99943687,X82560005X,Mr.,Kaspar,Åbacka,,,M,white,nonhispanic,M,Helsinki  Uusimaa  FI,277 Katvala Katu,Helsinki,Uusimaa,Helsinki,00790,60.165134559772355,24.955251826189468,3875.0,0.0
b8bdc6b6-deeb-4c7d-ba0d-14edab751c76,2005-02-21,,999-13-7158,,,,Eepi,Ahvensalmi,,,,white,nonhispanic,M,Helsinki  Uusimaa  FI,707 Mäki-Rahkola Katu Unit 23,Helsinki,Uusimaa,Helsinki,00910,60.129661644889474,24.917367047376462,2875.0,0.0
b9597ec0-7565-4888-b19d-774002d82079,1981-09-09,,999-30-2399,S99934548,X34043047X,Mrs.,Hinda,Perhe,,Nippula,M,white,nonhispanic,F,Helsinki  Uusimaa  FI,139 Sederström Katu Suite 4,Helsinki,Uusimaa,Helsinki,00760,60.30232133501606,25.024492016765755,4250.0,0.0
91f2ad5f-9938-463c-9d30-27e83d70bce3,2001-03-31,,999-79-2078,S99991718,,Ms.,Heidy,Strander,,,,white,nonhispanic,F,Järvenpää  Uusimaa  FI,144 Latvateikari Katu,Vihti,Uusimaa,Vihti,03220,60.55916005135382,24.552490604632343,3375.0,0.0
db746a17-22f5-408f-bafb-f2135fd079eb,1946-08-19,,999-62-4793,S99930290,X29749975X,Mrs.,Beda,Gross,,Joskitt,M,white,nonhispanic,F,Espoo  Uusimaa  FI,644 Lassinen Katu,Vantaa,Uusimaa,Vantaa,01380,60.34474190875868,24.800285881955077,7875.0,0.0
34f36fdf-b8e6-4bd3-96f6-3ce97d1a3d95,1976-09-15,,999-94-6664,S99947925,X38381671X,Mr.,Karl-Oskar,Lompolojärvi,,,M,white,nonhispanic,M,Kirkkonummi  Uusimaa  FI,308 Hauhio Katu Apt 90,Helsinki,Uusimaa,Helsinki,00150,60.2421364641973,24.860356875545772,4500.0,0.0
374a9795-d436-45d7-b06b-3d90bba08d56,1948-07-06,,999-30-9916,S99993036,X19763985X,Mrs.,Despina,Pavlova,,Höri,M,white,nonhispanic,F,Vantaa  Uusimaa  FI,586 Klimscheffskij Katu Suite 12,Helsinki,Uusimaa,Helsinki,00120,60.117299180457834,24.941325015626425,14285.16,0.0
fdb1f827-5826-4b0c-a875-bc168b11191e,1988-08-25,,999-85-3077,S99975426,X9987861X,Mr.,Kiet,Ypyä,,,M,white,nonhispanic,M,Sipoo  Uusimaa  FI,374 Lukander Katu Suite 86,Vantaa,Uusimaa,Vantaa,01370,60.29505841237257,24.915332573335466,4000.0,0.0
48f0c0b3-aaa2-43de-b231-6fe2be4f1436,1960-03-06,,999-82-7824,S99925230,X65726066X,Mrs.,Emma-Noora,Ristola,,Jokiperä,M,white,nonhispanic,F,Helsinki  Uusimaa  FI,421 Laatta Katu Apt 40,Espoo,Uusimaa,Espoo,02110,60.26096083210847,24.524467923182833,6125.0,0.0
b14e9fed-8d33-4e0a-9e84-be9764518891,1959-02-11,,999-40-8246,S99947123,X43182608X,Ms.,Lan,Ylä-Himanka,,,S,white,nonhispanic,F,Helsinki  Uusimaa  FI,228 Kaalikoski Katu Apt 34,Karkkila,Uusimaa,Karkkila,03600,60.48940721960899,24.35753264641321,6250.0,0.0
dbb53096-a77c-48a6-b284-58035408ee22,1970-03-10,,999-60-4114,S99997685,X88478892X,Mr.,Maksimus,Sedig,,,S,white,nonhispanic,M,Helsinki  Uusimaa  FI,655 Reku Katu,Kerava,Uusimaa,Kerava,04260,60.33540188973395,25.04708711084412,4875.0,0.0
1ed2cffb-d87a-46bc-b664-af2a035e54e0,1961-05-20,,999-82-7426,S99939810,X81529822X,Mrs.,Metti,Lahnaoja,,Holkkola,M,white,nonhispanic,F,Helsinki  Uusimaa  FI,544 Ikonen Katu,Helsinki,Uusimaa,Helsinki,00420,60.247059313513326,24.94715768051003,6000.0,0.0
d49c30c9-499a-4c41-a04e-74e1de151387,2011-03-30,,999-15-9296,,,,Nila,Guseff,,,,white,nonhispanic,F,Vihti  Uusimaa  FI,388 Larvala Katu,Nurmijärvi,Uusimaa,Nurmijärvi,01830,60.464353631684375,24.742187579313853,2125.0,0.0
74861939-0161-46c3-80c9-b3858864309b,1987-10-01,,999-31-2113,S99980075,X25793387X,Mr.,Wiktor,Peljo,,,S,white,nonhispanic,M,Porvoo  Uusimaa  FI,107 Tetri Katu,Vihti,Uusimaa,Vihti,03250,60.36057642486277,24.385483250593868,4000.0,0.0
cf861fad-8b10-4ac8-b809-ab8607a2f4e7,1960-12-08,,999-66-3230,S99952320,X53889050X,Mrs.,Carin,Saurio,,Poikajärvi,M,white,nonhispanic,F,Espoo  Uusimaa  FI,377 Ylikitti Katu Suite 62,Helsinki,Uusimaa,Helsinki,00850,60.20333681666843,25.08530421631691,6125.0,0.0
87d02492-c6a4-4c77-8a0c-4fcd0ce7e898,2019-10-18,,999-93-7162,,,,Jenica,Erviö,,,,white,nonhispanic,F,Lohja  Uusimaa  FI,492 Taavitsainen Katu Suite 44,Espoo,Uusimaa,Espoo,02620,60.31074993666735,24.54851571593167,375.0,0.0
68ed663c-1208-46eb-88ee-0eed9e49792b,1950-03-24,,999-35-5752,S99959612,X29625476X,Mrs.,Isa-Maria,Poukka,,Karimaa,M,white,nonhispanic,F,Helsinki  Uusimaa  FI,707 Myrskylä Katu Suite 37,Helsinki,Uusimaa,Helsinki,00640,60.22362033898418,24.885544804791955,7500.0,0.0
ed55682c-5042-4704-8aa3-71ab71365d0f,1972-02-19,,999-70-6323,S99940252,X61335141X,Mrs.,Hajar,Rajakorpi,,Vuolanne,M,white,nonhispanic,F,Nurmijärvi  Uusimaa  FI,415 Lapakko Katu Apt 76,Helsinki,Uusimaa,Helsinki,00590,60.229293318109015,25.15234762883342,5000.0,0.0
0c789bef-2e5b-4e96-998d-2aa60c45b8ba,1958-11-20,,999-39-5016,S99942888,X12530655X,Mrs.,Meriem,Marjusaari,,Kangasniemi,M,white,nonhispanic,F,Helsinki  Uusimaa  FI,198 Kemppanen Katu Apt 18,Vantaa,Uusimaa,Vantaa,01720,60.27184776556933,25.075535690848927,6375.0,0.0
9b7adfbe-fc69-4875-8c50-cb4fd9621347,1956-08-22,,999-63-8794,S99918067,X43708907X,Mrs.,Ulla-Riikka,Seljavaara,,Sammalniemi,M,white,nonhispanic,F,Moscow  Moscow  RU,600 Willgrén Katu Unit 92,Espoo,Uusimaa,Espoo,02330,60.19602708617571,24.83467065150529,6625.0,0.0
905dcf65-4347-4f27-9626-6801a8d56a40,1964-03-30,,999-74-3658,S99990045,X40252585X,Mr.,Enso,Lucas,,,M,white,nonhispanic,M,Espoo  Uusimaa  FI,725 Pankinaho Katu,Helsinki,Uusimaa,Helsinki,00220,60.23456184767563,24.906367141876498,5625.0,0.0
b4a58c47-9b86-4cc4-9b02-a0703b56693c,1981-11-25,,999-27-1712,S99957878,X32298575X,Mr.,Niki,Päivätie,,,M,white,nonhispanic,M,Vantaa  Uusimaa  FI,543 Majonen Katu Unit 11,Järvenpää,Uusimaa,Järvenpää,04410,60.50099946494863,25.07834578489344,4250.0,0.0
30060e2f-18cf-498b-8138-326c6d50ec00,1944-02-10,,999-72-2852,S99974287,X55122860X,Mrs.,Siiri-Maria,Ristilä,,Ylijoki,M,white,nonhispanic,F,Helsinki  Uusimaa  FI,128 Tikander Katu,Helsinki,Uusimaa,Helsinki,00250,60.196663255713005,25.085147785841762,8125.0,0.0
cce2c1e2-dfd5-449b-a7db-1c8db5f45f7a,1968-07-25,,999-98-8355,S99987898,X17121298X,Mrs.,Ainamo,Paakkala,,Löytäinen,M,white,nonhispanic,F,Helsinki  Uusimaa  FI,874 Stig Katu Apt 83,Espoo,Uusimaa,Espoo,02320,60.21528405169636,24.826392882637993,11739.83,0.0
de69c568-a8ec-45ce-ae5d-0cf15a6a0fd8,1971-05-15,,999-20-5936,S99938106,X77303771X,Mrs.,Amelie,Vuorihuhta,,Burtsoff,M,white,nonhispanic,F,Vantaa  Uusimaa  FI,649 Saukola Katu,Helsinki,Uusimaa,Helsinki,00850,60.269336792267715,25.034455371072895,4875.0,0.0
77472276-d5b3-4c05-bfa5-517899c755ff,2005-07-07,,999-46-1529,,,,Yuan,Rönty,,,,white,nonhispanic,M,Espoo  Uusimaa  FI,885 Mäkiselkä Katu Unit 60,Raasepori,Uusimaa,Raasepori,10650,60.029441902096615,23.606426813374302,2875.0,0.0
8f7a1660-5243-4af9-835d-86695b607127,1928-11-07,,999-88-2669,S99995023,X11291777X,Mr.,Alexanteri,Kuorelahti,,,S,white,nonhispanic,M,Hyvinkää  Uusimaa  FI,568 Lötjönen Katu,Helsinki,Uusimaa,Helsinki,00960,60.19646756018748,24.899025480189582,10000.0,0.0
b94a1797-3123-43be-9168-e9f96bbe436b,2006-03-11,,999-27-6218,,,,Ulla-Maija,Borenius,,,,white,nonhispanic,F,Espoo  Uusimaa  FI,1070 Metsä-Tokila Katu Apt 54,Espoo,Uusimaa,Espoo,02140,60.12453759506262,24.636621971700052,2750.0,0.0
8f43285a-4c83-4c2c-8714-dbb566109c1a,1952-04-12,,999-56-8471,S99986439,X69977848X,Mr.,Veli-Ville,Keronen,,,M,white,nonhispanic,M,Helsinki  Uusimaa  FI,475 Matintalo Katu,Tuusula,Uusimaa,Tuusula,04500,60.503972557798335,25.121151679250456,13861.02,0.0
f3e40e82-3566-40e2-b1d2-de82b7ca9b34,1988-04-09,,999-61-3885,S99962925,X1481487X,Mr.,Everi,Dahir,,,M,white,nonhispanic,M,Helsinki  Uusimaa  FI,756 Ruutu Katu Suite 71,Helsinki,Uusimaa,Helsinki,00420,60.183593141976964,25.028232271327347,4000.0,0.0
c6d5131f-9b57-4337-b519-71e035025cbc,1947-09-03,,999-15-6341,S99976496,X41826570X,Mrs.,Sini-Vuokko,Karkinen,,Kaijankoski,M,white,nonhispanic,F,Helsinki  Uusimaa  FI,817 Hattinen Katu,Vantaa,Uusimaa,Vantaa,01640,60.30775201268151,25.03915609808868,7750.0,0.0
51fd6d3b-20f1-4684-9fcb-988ce0031f38,1982-12-26,,999-72-1324,S99912139,X64941125X,Mrs.,Milly,Tamio,,Lehmusvuori,M,white,nonhispanic,F,Espoo  Uusimaa  FI,688 Kaiharju Katu,Helsinki,Uusimaa,Helsinki,00940,60.224006141134105,25.03383566861751,4250.0,0.0
b2494f3f-9962-4547-8240-63be51bc9c7f,1980-09-15,,999-39-9869,S99966518,X25587111X,Mr.,Arno,Ikonen,,,M,white,nonhispanic,M,Helsinki  Uusimaa  FI,363 Jussinniemi Katu Unit 14,Helsinki,Uusimaa,Helsinki,00530,60.19698102389726,25.06263186763942,4250.0,0.0
ff611b7e-0e6e-4ad7-8ff3-0d40ebd0c1ce,1991-06-16,,999-59-5712,S99972144,X81405258X,Mr.,Panu-Petteri,Johnston,,,S,white,nonhispanic,M,Vantaa  Uusimaa  FI,827 Katajalehto Katu Unit 63,Helsinki,Uusimaa,Helsinki,00420,60.173420093875166,25.022029864721837,3875.0,0.0
9681eaa7-cba9-4c0c-8eff-b86ce0103a4e,1966-03-22,,999-16-8523,S99922216,X86932478X,Mr.,Ilarinpoika,Longi,,,M,white,nonhispanic,M,Tuusula  Uusimaa  FI,838 Lerstrand Katu,Vihti,Uusimaa,Vihti,03100,60.42232761292064,24.52372092544229,5375.0,0.0
e71d12a8-4268-439f-967d-61e0855dd220,1951-06-30,2001-12-15,999-28-2541,S99912525,X905654X,Mrs.,Ing-Mari,Mustamaa,,Huusari,M,white,nonhispanic,F,Helsinki  Uusimaa  FI,573 Osara Katu,Tuusula,Uusimaa,Tuusula,05430,60.36919463154433,25.06107769973129,11386.130000000001,0.0
5cfd9a19-8f1e-4bff-8309-536df65f3a78,1972-09-23,,999-77-1155,S99911998,X43437953X,Mrs.,Leene,Tanska,,Nalkki,M,white,nonhispanic,F,Vantaa  Uusimaa  FI,212 Sirenius Katu,Helsinki,Uusimaa,Helsinki,00150,60.25313120872091,24.861054382313288,4750.0,0.0
33888f74-8a31-4efd-a82c-1a154f7f3fd4,1960-09-13,,999-53-5229,S99934285,X80640898X,Mr.,Soheil,Tapalinen,,,S,white,nonhispanic,M,Helsinki  Uusimaa  FI,347 Kraus Katu,Karkkila,Uusimaa,Karkkila,03710,60.54654009427937,24.281223855510472,6125.0,0.0
d8fde475-f20f-48fc-86cc-4eed774dbf00,1955-08-25,,999-61-4269,S99915072,X54726326X,Mr.,Younis,Törmänen,,,S,white,nonhispanic,M,Helsinki  Uusimaa  FI,954 Leonsaari Katu,Espoo,Uusimaa,Espoo,02360,60.28737024660225,24.718169083900452,6750.0,0.0
e34f1c61-735a-477e-8bc5-1adf30763da2,2010-03-06,,999-17-5732,,,,Åsa,Ylilauri,,,,white,nonhispanic,F,Porvoo  Uusimaa  FI,918 Asikainen Katu Unit 16,Vantaa,Uusimaa,Vantaa,01380,60.33443683310526,25.11807059525205,2589.9700000000003,0.0
206de430-1b49-4d1f-95cf-b4cd1787b40d,2000-03-19,,999-36-4193,S99931574,,Mr.,Kumar,Nuto,,,,white,nonhispanic,M,Helsinki  Uusimaa  FI,963 Lartama Katu,Helsinki,Uusimaa,Helsinki,00930,60.21876913245878,24.997021464540506,3500.0,0.0
3d2d87cb-47d9-4a1a-88ac-b9008e559d3b,1991-07-02,,999-94-7562,S99965998,X70661152X,Mrs.,Janette,Sorsamäki,,Kreus,M,white,nonhispanic,F,Tuusula  Uusimaa  FI,273 Niittylahti Katu Unit 41,Nurmijärvi,Uusimaa,Nurmijärvi,01860,60.375067283412925,24.790872752201327,3875.0,0.0
1527c7ba-c52d-40b9-8e43-8b1ac6a7325a,2018-12-15,,999-31-9161,,,,Eliisi,Vulkko,,,,white,nonhispanic,F,Hyvinkää  Uusimaa  FI,175 Kariluoto Katu,Vantaa,Uusimaa,Vantaa,01710,60.25067411332156,24.85915163934722,875.0,0.0
cd0575d2-ad82-4e16-a04d-f1056e0a4328,2019-01-22,,999-35-6108,,,,Eeli,Stig,,,,white,nonhispanic,M,Espoo  Uusimaa  FI,506 Salakoski Katu,Espoo,Uusimaa,Espoo,02740,60.249865908401716,24.833367394348233,750.0,0.0
d121cac3-1455-41e6-b01e-7f74fa95e664,2001-10-21,,999-25-3766,S99937366,,Mr.,German,Sandhu,,,,white,nonhispanic,M,Helsinki  Uusimaa  FI,545 Rehnstrand Katu,Vantaa,Uusimaa,Vantaa,01450,60.29712012576389,24.984304392354627,3375.0,0.0
69af77ab-f5f6-4667-86e8-c982155d8cd4,2019-06-13,,999-21-6316,,,,Jinna,Jakola,,,,white,nonhispanic,F,Helsinki  Uusimaa  FI,395 Kaihoniemi Katu,Espoo,Uusimaa,Espoo,02330,60.11155092877252,24.652358132699785,625.0,0.0
d35539cb-5338-4095-9ffc-5d823885310e,1941-02-20,,999-55-4248,S99931389,X72935675X,Mr.,Hemming,Otsamo,,,M,white,nonhispanic,M,Espoo  Uusimaa  FI,220 Aljasalo Katu Suite 41,Helsinki,Uusimaa,Helsinki,00520,60.15718889244518,24.902020583547348,8500.0,0.0
16297494-20ee-42ab-b2ac-b744966dcf2b,1953-11-07,,999-20-3102,S99980777,X28861088X,Mr.,Stefano,Piki,,,S,white,nonhispanic,M,Helsinki  Uusimaa  FI,156 Remesaho Katu,Vantaa,Uusimaa,Vantaa,01630,60.22992753830726,24.943131179311905,7000.0,0.0
94b42730-e5aa-4c8a-abf7-7013f4f633a9,1946-06-09,,999-45-8629,S99947410,X1983950X,Mrs.,Iliana,Orenius,,Järviharju,M,white,nonhispanic,F,Espoo  Uusimaa  FI,288 Sokolova Katu,Raasepori,Uusimaa,Raasepori,10650,59.954515570510665,23.28929868380859,7875.0,0.0
7b83b0e0-528c-44d0-a1d5-6fc1dfe63968,2003-06-20,,999-83-3588,S99922269,,,Weera,Keskipoikela,,,,white,nonhispanic,F,Helsinki  Uusimaa  FI,452 Karva Katu Suite 30,Espoo,Uusimaa,Espoo,02160,60.149297601977,24.642562178444468,3319.49,0.0
82611d97-bdd1-4b8a-9bca-581db7361b93,2008-03-26,,999-52-4378,,,,Lyydi,Candelin,,,,white,nonhispanic,F,Espoo  Uusimaa  FI,941 Vasikkaniemi Katu,Helsinki,Uusimaa,Helsinki,00330,60.21235430823818,24.94575430206338,2500.0,0.0
ccafb101-dd83-45e1-981c-f557afa87c91,1951-06-30,,999-77-7075,S99915096,X19051551X,Mrs.,Melisa,Talaskivi,,Ibishi,M,white,nonhispanic,F,Helsinki  Uusimaa  FI,309 Paaso-Rantala Katu Unit 95,Tuusula,Uusimaa,Tuusula,04320,60.52621068816808,24.948929906244366,7250.0,0.0
fc91ffcf-2ddd-45d8-8d05-182f35fdd879,1958-11-08,,999-28-5946,S99989140,X46979849X,Ms.,Delal,Frant,,,S,white,nonhispanic,F,Helsinki  Uusimaa  FI,347 Palmu Katu,Kerava,Uusimaa,Kerava,04230,60.331433360000716,25.136428962333135,6375.0,0.0
ce86f14b-2f64-414e-a007-5902671b5469,1953-12-25,2016-08-05,999-35-2182,S99957498,X69572144X,Mr.,Khamis,Upla,,,M,white,nonhispanic,M,Vantaa  Uusimaa  FI,1082 Kaarninen Katu Suite 60,Helsinki,Uusimaa,Helsinki,00750,60.27621208401887,24.87578550382682,6910.49,0.0
67401f63-40a4-40ce-b18c-731439cd1ed7,2005-08-31,,999-78-3578,,,,Lani,Roivas,,,,white,nonhispanic,F,Nurmijärvi  Uusimaa  FI,761 Rauhakylä Katu,Kirkkonummi,Uusimaa,Kirkkonummi,02420,60.192918366654666,24.46977148633316,2875.0,0.0
5ad31f31-93bb-4970-aeda-88cb88ada669,2002-07-22,,999-46-4685,S99964234,,,Johan,Jattu,,,,white,nonhispanic,M,Helsinki  Uusimaa  FI,1072 Bhuiyan Katu,Vantaa,Uusimaa,Vantaa,01390,60.30805598512675,25.109740826175262,3250.0,0.0
d614b709-fef6-4b6d-821a-8c6c98f0fd99,1949-09-17,,999-43-7113,S99989664,X60821232X,Mrs.,Mireka,Kytönen,,Vuorimäki,M,white,nonhispanic,F,Helsinki  Uusimaa  FI,708 Drufva Katu Apt 36,Helsinki,Uusimaa,Helsinki,00420,60.196820135918784,24.880938552701494,7500.0,0.0
acbf0ed1-9b79-472b-9a58-e1c71dfe84f5,2002-10-31,,999-38-7968,S99982064,,,Eliane,Nyroos,,,,white,nonhispanic,F,Helsinki  Uusimaa  FI,408 Honkoliini Katu Suite 34,Tuusula,Uusimaa,Tuusula,04320,60.5330871907455,24.98973967619088,3250.0,0.0
d71294de-c400-4c02-be1b-c0c59aadd07b,1950-07-18,,999-80-3560,S99923160,X59918636X,Ms.,Deciree,Rantakylä,,,S,white,nonhispanic,F,Paris  Ile-de-France  FR,125 Saarelainen Katu Suite 69,Järvenpää,Uusimaa,Järvenpää,04420,60.46670741361439,25.068822797102538,7375.0,0.0
fc59a1a2-eee7-4b18-96a0-5c633a1d10c0,1997-03-03,,999-85-8346,S99981998,X53666580X,Mr.,Sven-Erik,Karelius,,,,white,nonhispanic,M,Helsinki  Uusimaa  FI,428 Laitiainen Katu,Järvenpää,Uusimaa,Järvenpää,04420,60.4803502471618,25.06962852537482,3625.0,0.0
0125837d-bafb-4065-86cb-99faa13a1432,1969-12-30,,999-56-4562,S99943014,X82413486X,Mr.,Ibrahim,Sironen,,,M,white,nonhispanic,M,Sipoo  Uusimaa  FI,611 Ojanto Katu Apt 27,Pornainen,Uusimaa,Pornainen,07190,60.452128682936625,25.367650679849945,5000.0,0.0
2a3d44e9-eef6-4b2d-ac34-94f2bda6369d,1936-10-06,,999-81-9829,S99958728,X75263279X,Mr.,Lippo,Kääriö,,,M,white,nonhispanic,M,Espoo  Uusimaa  FI,499 Lahnalammi Katu Suite 31,Helsinki,Uusimaa,Helsinki,00210,60.268808121347796,24.938048211855726,9000.0,0.0
150c57e2-e753-46c3-92a4-b235552aa5c6,1953-12-25,,999-74-1450,S99931398,X42833970X,Mr.,Morad,Torvela,,,M,white,nonhispanic,M,Helsinki  Uusimaa  FI,1073 Linkinen Katu,Helsinki,Uusimaa,Helsinki,00190,60.27968637135264,25.040957937487683,6875.0,0.0
69bd47e4-b444-4880-8ee4-cb41aac1c35e,1998-02-19,,999-28-7244,S99984923,X80053916X,Ms.,Tiina-Maria,Piirala,,,,white,nonhispanic,F,Helsinki  Uusimaa  FI,470 Vanhapiha Katu,Helsinki,Uusimaa,Helsinki,00520,60.16737073822717,25.05463180389277,3500.0,0.0
d29a5c6b-c981-4792-90e6-9019fba57b59,1946-10-01,,999-38-2448,S99934606,X67916578X,Mrs.,Miriam,Jantunen,,Timmerbacka,M,white,nonhispanic,F,Kauniainen  Uusimaa  FI,111 Puha Katu Apt 1,Hanko,Uusimaa,Hanko,10960,59.86807980815027,23.26293014670976,7875.0,0.0
2d53f482-af93-425c-89de-140ee59cba28,1968-08-28,,999-31-6020,S99945129,X26733919X,Mrs.,Meimi,Rinta-Harri,,Kujo,M,white,nonhispanic,F,Helsinki  Uusimaa  FI,208 Törnroos Katu Suite 79,Vantaa,Uusimaa,Vantaa,01260,60.31341258097282,25.036847827323296,5125.0,0.0
01039ef0-f805-4bca-99c6-d30702e39909,1969-11-01,,999-75-4360,S99913308,X30458048X,Mrs.,Anna-Katri,Metsomäki,,Malin,M,white,nonhispanic,F,Vantaa  Uusimaa  FI,531 Meritähti Katu Apt 24,Vantaa,Uusimaa,Vantaa,01200,60.24436246892934,24.821883769028357,5000.0,0.0
4533a6bc-666c-4e92-af6d-2e2b3f4c23dc,1946-08-02,,999-94-8811,S99912327,X32661653X,Mrs.,Juana,Arslan,,Kontoniemi,M,white,nonhispanic,F,Mäntsälä  Uusimaa  FI,657 Kavalto Katu,Hyvinkää,Uusimaa,Hyvinkää,05840,60.64285364989949,24.873510395940098,8060.04,0.0
