PATIENT,START_YEAR,END_YEAR,PAYER,OWNERSHIP
d75492f8-b506-498d-b21c-b80227d53f37,2015,2015,b1c428d6-4f07-31e0-90f0-68ffa6ff8c76,
d75492f8-b506-498d-b21c-b80227d53f37,2016,2020,e15e7b92-f376-374f-9285-2f59a38ad823,
64e030cb-93e5-49fc-8ed6-6aa188fc36bc,1995,2013,e15e7b92-f376-374f-9285-2f59a38ad823,Guardian
6636738a-9bc4-43e2-bf76-b282f0c44387,1978,1996,e15e7b92-f376-374f-9285-2f59a38ad823,Guardian
fc4262b7-a998-4d7f-817d-8569bcda7c2b,1990,2008,e15e7b92-f376-374f-9285-2f59a38ad823,Guardian
1c8098ee-33eb-4c96-9dd2-8aee5fbb6dca,1961,1979,e15e7b92-f376-374f-9285-2f59a38ad823,Guardian
bd21b471-dea6-4ed4-a70f-0975d58e4fbd,1965,1983,e15e7b92-f376-374f-9285-2f59a38ad823,Guardian
84ee9240-b9f9-4a1c-8bfb-9c71167897f1,1955,1973,e15e7b92-f376-374f-9285-2f59a38ad823,Guardian
d3e7a321-bce0-46a3-9b11-a96c6fa61238,1944,1962,e15e7b92-f376-374f-9285-2f59a38ad823,Guardian
f9804377-079b-4810-a9ca-1b5827ba7afb,1942,1960,e15e7b92-f376-374f-9285-2f59a38ad823,Guardian
02e4462b-5fa1-44c0-ba32-1dd468b56387,1946,1964,e15e7b92-f376-374f-9285-2f59a38ad823,Guardian
e2dec5c0-bf78-49dd-81e7-c28715f42408,1984,2002,e15e7b92-f376-374f-9285-2f59a38ad823,Guardian
2976b6ea-e22d-4798-9d91-90ff3fafb400,1978,1996,e15e7b92-f376-374f-9285-2f59a38ad823,Guardian
74f8c914-7e94-4753-8bf0-b849d6fa2e0d,1982,2000,e15e7b92-f376-374f-9285-2f59a38ad823,Guardian
829f5ac1-3a72-4f07-971a-d7d976d89991,1979,1997,e15e7b92-f376-374f-9285-2f59a38ad823,Guardian
d20e87ca-4b1d-411b-beb9-1fb3f4ef715f,1983,2001,e15e7b92-f376-374f-9285-2f59a38ad823,Guardian
2d72d31b-f288-4677-9787-d35072f06e73,1959,1977,e15e7b92-f376-374f-9285-2f59a38ad823,Guardian
32870241-ca0a-4fcf-ae5a-f12acf5c8f71,1966,1984,e15e7b92-f376-374f-9285-2f59a38ad823,Guardian
d0c50937-3605-4988-96c6-96b7fcffb91f,1947,1965,e15e7b92-f376-374f-9285-2f59a38ad823,Guardian
d957d6bb-5fbf-435a-86de-99907f72f20c,1937,1955,e15e7b92-f376-374f-9285-2f59a38ad823,Guardian
b4581a1c-ab3b-4f61-be2b-41a49f15e268,1945,1963,e15e7b92-f376-374f-9285-2f59a38ad823,Guardian
f3102268-9773-4813-bf19-74365921690f,1982,2000,e15e7b92-f376-374f-9285-2f59a38ad823,Guardian
4e2c527e-4eac-458e-8ff3-f93bf9b81538,1958,1976,e15e7b92-f376-374f-9285-2f59a38ad823,Guardian
51aa61ee-46ae-481d-90cc-c3935faa8311,1947,1965,e15e7b92-f376-374f-9285-2f59a38ad823,Guardian
450df372-1b88-4f78-8d9a-088eb86b5ee2,1947,1965,e15e7b92-f376-374f-9285-2f59a38ad823,Guardian
4c4a0069-4884-4d6b-ab1a-4b8ea5e8760d,1951,1969,e15e7b92-f376-374f-9285-2f59a38ad823,Guardian
8999ed53-b39e-4c93-bf68-67987f0c74f1,1989,2007,e15e7b92-f376-374f-9285-2f59a38ad823,Guardian
b8bdc6b6-deeb-4c7d-ba0d-14edab751c76,2005,2005,b1c428d6-4f07-31e0-90f0-68ffa6ff8c76,
b8bdc6b6-deeb-4c7d-ba0d-14edab751c76,2006,2006,e15e7b92-f376-374f-9285-2f59a38ad823,
b9597ec0-7565-4888-b19d-774002d82079,1981,1999,e15e7b92-f376-374f-9285-2f59a38ad823,Guardian
91f2ad5f-9938-463c-9d30-27e83d70bce3,2001,2019,e15e7b92-f376-374f-9285-2f59a38ad823,Guardian
db746a17-22f5-408f-bafb-f2135fd079eb,1946,1964,e15e7b92-f376-374f-9285-2f59a38ad823,Guardian
34f36fdf-b8e6-4bd3-96f6-3ce97d1a3d95,1976,1994,e15e7b92-f376-374f-9285-2f59a38ad823,Guardian
374a9795-d436-45d7-b06b-3d90bba08d56,1948,1966,e15e7b92-f376-374f-9285-2f59a38ad823,Guardian
fdb1f827-5826-4b0c-a875-bc168b11191e,1988,2006,e15e7b92-f376-374f-9285-2f59a38ad823,Guardian
48f0c0b3-aaa2-43de-b231-6fe2be4f1436,1960,1978,e15e7b92-f376-374f-9285-2f59a38ad823,Guardian
b14e9fed-8d33-4e0a-9e84-be9764518891,1959,1977,e15e7b92-f376-374f-9285-2f59a38ad823,Guardian
dbb53096-a77c-48a6-b284-58035408ee22,1970,1988,e15e7b92-f376-374f-9285-2f59a38ad823,Guardian
1ed2cffb-d87a-46bc-b664-af2a035e54e0,1961,1979,e15e7b92-f376-374f-9285-2f59a38ad823,Guardian
74861939-0161-46c3-80c9-b3858864309b,1987,2005,e15e7b92-f376-374f-9285-2f59a38ad823,Guardian
cf861fad-8b10-4ac8-b809-ab8607a2f4e7,1960,1978,e15e7b92-f376-374f-9285-2f59a38ad823,Guardian
68ed663c-1208-46eb-88ee-0eed9e49792b,1950,1968,e15e7b92-f376-374f-9285-2f59a38ad823,Guardian
ed55682c-5042-4704-8aa3-71ab71365d0f,1972,1990,e15e7b92-f376-374f-9285-2f59a38ad823,Guardian
0c789bef-2e5b-4e96-998d-2aa60c45b8ba,1958,1976,e15e7b92-f376-374f-9285-2f59a38ad823,Guardian
9b7adfbe-fc69-4875-8c50-cb4fd9621347,1956,1974,e15e7b92-f376-374f-9285-2f59a38ad823,Guardian
905dcf65-4347-4f27-9626-6801a8d56a40,1964,1982,e15e7b92-f376-374f-9285-2f59a38ad823,Guardian
b4a58c47-9b86-4cc4-9b02-a0703b56693c,1981,1999,e15e7b92-f376-374f-9285-2f59a38ad823,Guardian
30060e2f-18cf-498b-8138-326c6d50ec00,1944,1962,e15e7b92-f376-374f-9285-2f59a38ad823,Guardian
cce2c1e2-dfd5-449b-a7db-1c8db5f45f7a,1968,1986,e15e7b92-f376-374f-9285-2f59a38ad823,Guardian
de69c568-a8ec-45ce-ae5d-0cf15a6a0fd8,1971,1989,e15e7b92-f376-374f-9285-2f59a38ad823,Guardian
8f7a1660-5243-4af9-835d-86695b607127,1928,1946,e15e7b92-f376-374f-9285-2f59a38ad823,Guardian
8f43285a-4c83-4c2c-8714-dbb566109c1a,1952,1970,e15e7b92-f376-374f-9285-2f59a38ad823,Guardian
f3e40e82-3566-40e2-b1d2-de82b7ca9b34,1988,2006,e15e7b92-f376-374f-9285-2f59a38ad823,Guardian
c6d5131f-9b57-4337-b519-71e035025cbc,1947,1965,e15e7b92-f376-374f-9285-2f59a38ad823,Guardian
51fd6d3b-20f1-4684-9fcb-988ce0031f38,1982,2000,e15e7b92-f376-374f-9285-2f59a38ad823,Guardian
b2494f3f-9962-4547-8240-63be51bc9c7f,1980,1998,e15e7b92-f376-374f-9285-2f59a38ad823,Guardian
ff611b7e-0e6e-4ad7-8ff3-0d40ebd0c1ce,1991,2009,e15e7b92-f376-374f-9285-2f59a38ad823,Guardian
9681eaa7-cba9-4c0c-8eff-b86ce0103a4e,1966,1984,e15e7b92-f376-374f-9285-2f59a38ad823,Guardian
e71d12a8-4268-439f-967d-61e0855dd220,1951,1969,e15e7b92-f376-374f-9285-2f59a38ad823,Guardian
e71d12a8-4268-439f-967d-61e0855dd220,1970,2001,e15e7b92-f376-374f-9285-2f59a38ad823,Self
5cfd9a19-8f1e-4bff-8309-536df65f3a78,1972,1990,e15e7b92-f376-374f-9285-2f59a38ad823,Guardian
33888f74-8a31-4efd-a82c-1a154f7f3fd4,1960,1978,e15e7b92-f376-374f-9285-2f59a38ad823,Guardian
d8fde475-f20f-48fc-86cc-4eed774dbf00,1955,1973,e15e7b92-f376-374f-9285-2f59a38ad823,Guardian
206de430-1b49-4d1f-95cf-b4cd1787b40d,2000,2018,e15e7b92-f376-374f-9285-2f59a38ad823,Guardian
3d2d87cb-47d9-4a1a-88ac-b9008e559d3b,1991,2009,e15e7b92-f376-374f-9285-2f59a38ad823,Guardian
d121cac3-1455-41e6-b01e-7f74fa95e664,2001,2019,e15e7b92-f376-374f-9285-2f59a38ad823,Guardian
d35539cb-5338-4095-9ffc-5d823885310e,1941,1959,e15e7b92-f376-374f-9285-2f59a38ad823,Guardian
16297494-20ee-42ab-b2ac-b744966dcf2b,1953,1971,e15e7b92-f376-374f-9285-2f59a38ad823,Guardian
94b42730-e5aa-4c8a-abf7-7013f4f633a9,1946,1964,e15e7b92-f376-374f-9285-2f59a38ad823,Guardian
ccafb101-dd83-45e1-981c-f557afa87c91,1951,1969,e15e7b92-f376-374f-9285-2f59a38ad823,Guardian
ce86f14b-2f64-414e-a007-5902671b5469,1953,1971,e15e7b92-f376-374f-9285-2f59a38ad823,Guardian
fc91ffcf-2ddd-45d8-8d05-182f35fdd879,1958,1976,e15e7b92-f376-374f-9285-2f59a38ad823,Guardian
d614b709-fef6-4b6d-821a-8c6c98f0fd99,1949,1967,e15e7b92-f376-374f-9285-2f59a38ad823,Guardian
d71294de-c400-4c02-be1b-c0c59aadd07b,1950,1968,e15e7b92-f376-374f-9285-2f59a38ad823,Guardian
fc59a1a2-eee7-4b18-96a0-5c633a1d10c0,1997,2015,e15e7b92-f376-374f-9285-2f59a38ad823,Guardian
0125837d-bafb-4065-86cb-99faa13a1432,1969,1987,e15e7b92-f376-374f-9285-2f59a38ad823,Guardian
2a3d44e9-eef6-4b2d-ac34-94f2bda6369d,1936,1954,e15e7b92-f376-374f-9285-2f59a38ad823,Guardian
150c57e2-e753-46c3-92a4-b235552aa5c6,1953,1971,e15e7b92-f376-374f-9285-2f59a38ad823,Guardian
69bd47e4-b444-4880-8ee4-cb41aac1c35e,1998,2016,e15e7b92-f376-374f-9285-2f59a38ad823,Guardian
d29a5c6b-c981-4792-90e6-9019fba57b59,1946,1964,e15e7b92-f376-374f-9285-2f59a38ad823,Guardian
2d53f482-af93-425c-89de-140ee59cba28,1968,1986,e15e7b92-f376-374f-9285-2f59a38ad823,Guardian
01039ef0-f805-4bca-99c6-d30702e39909,1969,1987,e15e7b92-f376-374f-9285-2f59a38ad823,Guardian
4533a6bc-666c-4e92-af6d-2e2b3f4c23dc,1946,1964,e15e7b92-f376-374f-9285-2f59a38ad823,Guardian
