DATE,PATIENT,ENCOUNTER,CODE,DESCRIPTION,BASE_COST,REASONCODE,REASONDESCRIPTION
2017-03-14,374a9795-d436-45d7-b06b-3d90bba08d56,da04429c-7282-426e-980c-3b55fa63592a,40701008,Echocardiography (procedure),1151.12,230690007,Stroke
2017-03-14,374a9795-d436-45d7-b06b-3d90bba08d56,da04429c-7282-426e-980c-3b55fa63592a,433112001,Percutaneous mechanical thrombectomy of portal vein using fluoroscopic guidance,24934.65,230690007,Stroke
2010-05-05,8f7a1660-5243-4af9-835d-86695b607127,0cf22043-bab4-4e4e-af03-5ef326360739,18286008,Catheter ablation of tissue of heart,6222.02,49436004,Atrial Fibrillation
2011-05-11,8f7a1660-5243-4af9-835d-86695b607127,e28f43d3-5925-46f2-9b16-7dc3c217335b,180325003,Electrical cardioversion,29617.30,49436004,Atrial Fibrillation
2012-05-16,8f7a1660-5243-4af9-835d-86695b607127,055c40ee-b2df-40ab-b6a5-6b372d228404,180325003,Electrical cardioversion,37260.11,49436004,Atrial Fibrillation
2013-05-22,8f7a1660-5243-4af9-835d-86695b607127,fb794e57-cc34-4814-affc-270885bc3a68,180325003,Electrical cardioversion,33539.46,49436004,Atrial Fibrillation
2014-05-28,8f7a1660-5243-4af9-835d-86695b607127,c3f6e44e-13c8-49b0-b73a-8ed2fd01ec95,180325003,Electrical cardioversion,30636.51,49436004,Atrial Fibrillation
2015-06-03,8f7a1660-5243-4af9-835d-86695b607127,34a6aca4-3dc7-442d-97ed-882922bdb222,18286008,Catheter ablation of tissue of heart,10398.45,49436004,Atrial Fibrillation
2016-06-08,8f7a1660-5243-4af9-835d-86695b607127,d7141dbf-7ab1-4920-8044-b27c99fb94a5,180325003,Electrical cardioversion,24361.43,49436004,Atrial Fibrillation
2017-06-14,8f7a1660-5243-4af9-835d-86695b607127,f003cb49-2749-41d1-b131-16181d1824f0,18286008,Catheter ablation of tissue of heart,5619.94,49436004,Atrial Fibrillation
2018-06-20,8f7a1660-5243-4af9-835d-86695b607127,61a50ad2-bea5-4059-a61e-45b700c910db,180325003,Electrical cardioversion,36785.49,49436004,Atrial Fibrillation
2019-06-26,8f7a1660-5243-4af9-835d-86695b607127,06bca453-376a-48b7-a0b6-41b197d81ff8,180325003,Electrical cardioversion,36569.56,49436004,Atrial Fibrillation
2001-12-15,e71d12a8-4268-439f-967d-61e0855dd220,b8e1a591-a313-4b2e-abc0-564b2c89f44b,40701008,Echocardiography (procedure),605.13,230690007,Stroke
2001-12-15,e71d12a8-4268-439f-967d-61e0855dd220,b8e1a591-a313-4b2e-abc0-564b2c89f44b,433112001,Percutaneous mechanical thrombectomy of portal vein using fluoroscopic guidance,26938.26,230690007,Stroke
2014-11-01,e34f1c61-735a-477e-8bc5-1adf30763da2,334eddfd-a3f8-4cb6-883b-fab88a67b3e5,40701008,Echocardiography (procedure),1565.28,410429000,Cardiac Arrest
2014-11-01,e34f1c61-735a-477e-8bc5-1adf30763da2,334eddfd-a3f8-4cb6-883b-fab88a67b3e5,447365002,Insertion of biventricular implantable cardioverter defibrillator,14679.08,410429000,Cardiac Arrest
2014-11-01,e34f1c61-735a-477e-8bc5-1adf30763da2,334eddfd-a3f8-4cb6-883b-fab88a67b3e5,18286008,Catheter ablation of tissue of heart,13764.02,410429000,Cardiac Arrest
2014-12-05,7b83b0e0-528c-44d0-a1d5-6fc1dfe63968,708ea5c0-77ad-467b-804b-31552a886937,40701008,Echocardiography (procedure),1180.31,410429000,Cardiac Arrest
2014-12-05,7b83b0e0-528c-44d0-a1d5-6fc1dfe63968,708ea5c0-77ad-467b-804b-31552a886937,447365002,Insertion of biventricular implantable cardioverter defibrillator,27305.72,410429000,Cardiac Arrest
2014-12-05,7b83b0e0-528c-44d0-a1d5-6fc1dfe63968,708ea5c0-77ad-467b-804b-31552a886937,18286008,Catheter ablation of tissue of heart,16674.97,410429000,Cardiac Arrest
2016-08-05,ce86f14b-2f64-414e-a007-5902671b5469,68c239ee-c29a-4f7b-aaff-e5365ede10e6,40701008,Echocardiography (procedure),1553.59,22298006,Myocardial Infarction
2016-08-05,ce86f14b-2f64-414e-a007-5902671b5469,68c239ee-c29a-4f7b-aaff-e5365ede10e6,415070008,Percutaneous coronary intervention,21074.55,22298006,Myocardial Infarction
2016-08-05,ce86f14b-2f64-414e-a007-5902671b5469,68c239ee-c29a-4f7b-aaff-e5365ede10e6,232717009,Coronary artery bypass grafting,29814.17,22298006,Myocardial Infarction
2016-01-19,d29a5c6b-c981-4792-90e6-9019fba57b59,669c4cc7-e8f0-4a6a-893d-e9d8e88e8c1d,180325003,Electrical cardioversion,35121.92,49436004,Atrial Fibrillation
2017-01-24,d29a5c6b-c981-4792-90e6-9019fba57b59,4d2cfe2b-c8d0-43c6-a5b0-d3e9cb2f32dc,180325003,Electrical cardioversion,16239.31,49436004,Atrial Fibrillation
2018-01-30,d29a5c6b-c981-4792-90e6-9019fba57b59,47f0ef37-4229-4015-bdde-da0e2ab0438d,180325003,Electrical cardioversion,27404.47,49436004,Atrial Fibrillation
2019-02-05,d29a5c6b-c981-4792-90e6-9019fba57b59,2fede7bc-9306-4f31-9678-3c973b799b4a,180325003,Electrical cardioversion,17921.21,49436004,Atrial Fibrillation
2020-02-11,d29a5c6b-c981-4792-90e6-9019fba57b59,86afe537-b5a6-4c72-bca2-7b2034f4e401,180325003,Electrical cardioversion,38264.61,49436004,Atrial Fibrillation
2016-02-05,4533a6bc-666c-4e92-af6d-2e2b3f4c23dc,eea420e8-063a-4283-bb3b-1f948bdfe3c9,40701008,Echocardiography (procedure),1338.11,410429000,Cardiac Arrest
2016-02-05,4533a6bc-666c-4e92-af6d-2e2b3f4c23dc,eea420e8-063a-4283-bb3b-1f948bdfe3c9,447365002,Insertion of biventricular implantable cardioverter defibrillator,44008.42,410429000,Cardiac Arrest
2016-02-05,4533a6bc-666c-4e92-af6d-2e2b3f4c23dc,eea420e8-063a-4283-bb3b-1f948bdfe3c9,18286008,Catheter ablation of tissue of heart,10551.92,410429000,Cardiac Arrest
