Id,ORGANIZATION,NAME,GENDER,SPECIALITY,ADDRESS,CITY,STATE,ZIP,LAT,LON,UTILIZATION
f7ea3a0a-8a3a-33d5-8830-18c08cd03c64,d8f91bff-b1eb-3e4d-8936-10924c36977a,Malle Peipinen,F,GENERAL PRACTICE,Meilahdentie 2,Helsinki,18,00250,60.19263,24.89436,1
1bd539e9-5d95-3d27-ab64-011147e26659,410e8cf7-76a3-307f-b421-5fa7760177f1,Arno Ray,M,GENERAL PRACTICE,Kasarmikatu 11-13,Helsinki,18,00130,60.16102,24.94834,3
44d90a2d-7b66-399a-b514-bfd98662d9ba,39010280-b8e5-3b1a-b835-bafbeea21968,Runa-Lisa Harmaa,F,GENERAL PRACTICE,Turuntie 150,Espoo,18,02740,60.22589,24.77581,1
1560dfda-db46-32b9-a63a-83caccfa5c00,7b74aa83-5335-38dd-a213-d6df36c7f627,Liis Ollonberg,F,GENERAL PRACTICE,Karvasmäentie 6,Espoo,18,02740,60.22011,24.6848,1
b852cf38-2c7d-3754-b363-2a82795fba1d,af916982-f5f8-341b-b159-69e72695294c,Kristopher Ilmonius,M,GENERAL PRACTICE,Sairaalakatu 1,Vantaa,18,01400,60.3299,25.0608,4
3dad195b-4aa0-3f74-8334-398113eaa4bc,738aef7e-a279-3f65-9dba-fead16b27400,Yngve Eloluoto,M,GENERAL PRACTICE,Turuntie 150,Espoo,18,02740,60.22589,24.77581,1093
43ad121e-8504-39a3-9577-31d9c6fd9182,9a3e6919-4ed0-32fe-a1e2-7184b06c415f,Wille Hällbacka,M,GENERAL PRACTICE,Karvasmäentie 6,Espoo,18,02740,60.22011,24.6848,457
dac0621f-911b-3a87-82b4-ba09b24e3e1d,a70486b2-c33a-37b3-a4cf-b3dc06cb9d84,Tiija Ojamies,F,GENERAL PRACTICE,Sairaalakatu 1,Vantaa,18,01400,60.3299,25.0608,1684
73c0dddd-a6bc-375a-a494-d17fe52f06fc,bf25636d-50a4-3cf2-b937-0e59fd37503f,Richart Kokka,M,GENERAL PRACTICE,Sairaalankatu 1,Hyvinkää,18,05830,60.612,24.82486,189
23b58bd2-061c-3258-b353-cc4969801e17,4eddd774-a01b-3a0b-b4c6-736a5581aba4,Joosef Kähtävä,M,GENERAL PRACTICE,Ohkolantie 10,Kellokoski,18,04500,60.53054,25.10548,278
ce3b34da-7062-3a22-a972-dcacb435aaf0,942171f0-df04-34cc-9c85-1a11b2f08717,Elwiira Widgren,F,GENERAL PRACTICE,Sairaalatie 8,Lohja,18,08200,60.2247,24.01885,373
8f4f2af8-3052-397a-9980-92dff0fdb987,216a84b2-6287-356d-9bcf-655abf00debb,Avi Mäki-Valkama,M,GENERAL PRACTICE,Sairaalantie 1,Porvoo,18,06200,60.37911,25.69576,34
d7bcf6c8-9ca7-39b5-93d5-d484fe3adb38,319baef9-e8e6-3320-9e0b-7991d9c167b8,Yngve Eloluoto,M,GENERAL PRACTICE,Haartmaninkatu 4,Helsinki,18,00290,60.189159,24.909081,2
32488b43-2d1f-30cd-a487-555fc266b71a,7b74aa83-5335-38dd-a213-d6df36c7f627,Richart Kokka,M,GENERAL PRACTICE,Karvasmäentie 6,Espoo,18,02740,60.22011,24.6848,1
2b535946-0e04-3ed2-8a51-5868678bc6e5,af916982-f5f8-341b-b159-69e72695294c,Joosef Kähtävä,M,GENERAL PRACTICE,Sairaalakatu 1,Vantaa,18,01400,60.3299,25.0608,1
06a5eb2b-dc75-3594-990f-f19817b27344,b9b4f8d8-b4a7-3164-a21f-c57b0c40c3ff,Elwiira Widgren,F,GENERAL PRACTICE,Sairaalankatu 1,Hyvinkää,18,05830,60.612,24.82486,1
af2059fa-ce2f-3c96-a28c-50731ac467de,294d60d6-0e2b-396b-a8bf-77998642f6b7,Maija-Reetta Oikarainen,F,GENERAL PRACTICE,Ohkolantie 10,Kellokoski,18,04500,60.53054,25.10548,1
