Id,START,STOP,PATIENT,ENCOUNTER,CODE,DESCRIPTION,REASONCODE,REASONDESCRIPTION
0dacbad3-096e-4fd9-ba0f-dc1c97d75874,2019-03-23,,b6682a44-d8d9-44a1-8633-9c41be2ed508,29152274-f11f-4079-9e81-3667ac653f77,386257007,Demential management,26929004,Alzheimer's disease (disorder)
de8fae7d-eec5-4ed2-9efe-27082891fbeb,2018-08-17,,d3d6e6b6-0c1d-4716-950d-488cd2bda5a3,895e41a2-e4de-4811-b8e6-fb2e8a992ba8,386257007,Demential management,26929004,Alzheimer's disease (disorder)
21eb3065-5f87-4814-9826-dc5666392b3b,2010-11-26,,aa7c2c68-a2dd-4be4-b5cf-ddb5fd4126b7,fd6e0c0a-63ed-4328-ab5c-3267f085fddd,386257007,Demential management,26929004,Alzheimer's disease (disorder)
d947fa9b-f18c-4652-acce-a1c47d0e1944,2008-11-10,,49c2c284-88c8-481b-9518-a782162f0394,6bc12fdc-cbc2-40d8-94d6-6ec509ecf05a,386257007,Demential management,230265002,Familial Alzheimer's disease of early onset (disorder)
c1ff8d50-e4f5-4b24-95ad-d2125302f92c,2018-01-03,,7a805e68-9472-4d75-94cc-0ebe3d8eef61,d844cdbb-aa58-43a5-88a1-8d491c783521,386257007,Demential management,26929004,Alzheimer's disease (disorder)
a0f13b17-3f68-491b-b3c7-6d40a70167db,1992-06-05,,08098861-18f6-4aba-bb14-c57657da363d,edaca225-2e1e-4596-9bf0-84cba664df9b,386257007,Demential management,26929004,Alzheimer's disease (disorder)
811d33f7-996c-41d4-9722-59983b45c3f5,1988-05-13,,dca29851-06da-4bcd-ac38-515dfdae5747,0570f35a-f08d-47ba-9192-809460aa7ecc,386257007,Demential management,26929004,Alzheimer's disease (disorder)
