START,STOP,PATIENT,ENCOUNTER,CODE,DESCRIPTION
2012-08-28,,aa7adadb-a4c7-4d46-98e6-e84b70bcc415,debb33b4-d803-44be-9af7-2a5af4c74692,410429000,Cardiac Arrest
2012-08-28,,aa7adadb-a4c7-4d46-98e6-e84b70bcc415,debb33b4-d803-44be-9af7-2a5af4c74692,429007001,History of cardiac arrest (situation)
2009-01-25,,5bcd0bd8-f29a-4387-a6e6-fc28d4227d2b,53d19a75-c6c2-4be5-af45-fedf04ba3167,53741008,Coronary Heart Disease
2019-03-23,,b6682a44-d8d9-44a1-8633-9c41be2ed508,29152274-f11f-4079-9e81-3667ac653f77,26929004,Alzheimer's disease (disorder)
2018-08-17,,d3d6e6b6-0c1d-4716-950d-488cd2bda5a3,895e41a2-e4de-4811-b8e6-fb2e8a992ba8,26929004,Alzheimer's disease (disorder)
2010-11-26,,aa7c2c68-a2dd-4be4-b5cf-ddb5fd4126b7,fd6e0c0a-63ed-4328-ab5c-3267f085fddd,26929004,Alzheimer's disease (disorder)
2015-07-24,,aa7c2c68-a2dd-4be4-b5cf-ddb5fd4126b7,e654ec90-8623-4e4f-9f30-0d4cb7fc54f3,230690007,Stroke
2016-09-25,,aa7c2c68-a2dd-4be4-b5cf-ddb5fd4126b7,4c50f149-1f65-4956-bc3a-9cc6c3ee6249,233604007,Pneumonia
2008-11-10,,49c2c284-88c8-481b-9518-a782162f0394,6bc12fdc-cbc2-40d8-94d6-6ec509ecf05a,53741008,Coronary Heart Disease
2008-11-10,,49c2c284-88c8-481b-9518-a782162f0394,6bc12fdc-cbc2-40d8-94d6-6ec509ecf05a,230265002,Familial Alzheimer's disease of early onset (disorder)
2018-01-03,,7a805e68-9472-4d75-94cc-0ebe3d8eef61,d844cdbb-aa58-43a5-88a1-8d491c783521,26929004,Alzheimer's disease (disorder)
2020-01-26,,294eec06-358c-4863-86b3-fce8b77cd8c0,ae9ff632-7528-4eee-826f-92fcb5aef268,230690007,Stroke
2009-06-20,,6a729668-24e9-47dc-bbe7-7a7ac0049d8a,585dad73-c6e2-45e3-a000-b7fde37702a9,410429000,Cardiac Arrest
2009-06-20,,6a729668-24e9-47dc-bbe7-7a7ac0049d8a,585dad73-c6e2-45e3-a000-b7fde37702a9,429007001,History of cardiac arrest (situation)
1992-06-05,,08098861-18f6-4aba-bb14-c57657da363d,edaca225-2e1e-4596-9bf0-84cba664df9b,26929004,Alzheimer's disease (disorder)
1988-05-13,,dca29851-06da-4bcd-ac38-515dfdae5747,0570f35a-f08d-47ba-9192-809460aa7ecc,26929004,Alzheimer's disease (disorder)
1997-02-25,,dca29851-06da-4bcd-ac38-515dfdae5747,42f4fc3c-7ab8-4d18-9d5f-680803f0f551,233604007,Pneumonia
1992-04-17,,279f42de-e6f8-4b33-99ce-4a4bca1b1e3d,93897ef7-2e53-4a55-b5bc-bdf17e981dd0,230690007,Stroke
