START,STOP,PATIENT,PAYER,ENCOUNTER,CODE,DESCRIPTION,BASE_COST,PAYER_COVERAGE,DISPENSES,TOTALCOST,REASONCODE,REASONDESCRIPTION
2012-08-28,2012-08-28,aa7adadb-a4c7-4d46-98e6-e84b70bcc415,b1c428d6-4f07-31e0-90f0-68ffa6ff8c76,debb33b4-d803-44be-9af7-2a5af4c74692,1660014,1 ML Epinephrine 1 MG/ML Injection,2.73,0.00,1,2.73,,
2012-08-28,2012-08-28,aa7adadb-a4c7-4d46-98e6-e84b70bcc415,b1c428d6-4f07-31e0-90f0-68ffa6ff8c76,debb33b4-d803-44be-9af7-2a5af4c74692,834357,3 ML Amiodarone hydrocholoride 50 MG/ML Prefilled Syringe,239.81,0.00,1,239.81,,
2012-08-28,2012-08-28,aa7adadb-a4c7-4d46-98e6-e84b70bcc415,b1c428d6-4f07-31e0-90f0-68ffa6ff8c76,debb33b4-d803-44be-9af7-2a5af4c74692,1190795,Atropine Sulfate 1 MG/ML Injectable Solution,24.96,0.00,1,24.96,,
2009-01-25,,5bcd0bd8-f29a-4387-a6e6-fc28d4227d2b,b1c428d6-4f07-31e0-90f0-68ffa6ff8c76,53d19a75-c6c2-4be5-af45-fedf04ba3167,309362,Clopidogrel 75 MG Oral Tablet,45.74,0.00,135,6174.90,,
2009-01-25,,5bcd0bd8-f29a-4387-a6e6-fc28d4227d2b,b1c428d6-4f07-31e0-90f0-68ffa6ff8c76,53d19a75-c6c2-4be5-af45-fedf04ba3167,312961,Simvastatin 20 MG Oral Tablet,19.90,0.00,135,2686.50,,
2009-01-25,,5bcd0bd8-f29a-4387-a6e6-fc28d4227d2b,b1c428d6-4f07-31e0-90f0-68ffa6ff8c76,53d19a75-c6c2-4be5-af45-fedf04ba3167,197361,Amlodipine 5 MG Oral Tablet,73.96,0.00,135,9984.60,,
2009-01-25,,5bcd0bd8-f29a-4387-a6e6-fc28d4227d2b,b1c428d6-4f07-31e0-90f0-68ffa6ff8c76,53d19a75-c6c2-4be5-af45-fedf04ba3167,705129,Nitroglycerin 0.4 MG/ACTUAT Mucosal Spray,289.72,0.00,135,39112.20,,
2019-03-23,,b6682a44-d8d9-44a1-8633-9c41be2ed508,b1c428d6-4f07-31e0-90f0-68ffa6ff8c76,29152274-f11f-4079-9e81-3667ac653f77,310436,Galantamine 4 MG Oral Tablet,129.49,0.00,11,1424.39,26929004,Alzheimer's disease (disorder)
2018-08-17,2019-07-13,d3d6e6b6-0c1d-4716-950d-488cd2bda5a3,b1c428d6-4f07-31e0-90f0-68ffa6ff8c76,895e41a2-e4de-4811-b8e6-fb2e8a992ba8,310436,Galantamine 4 MG Oral Tablet,148.00,0.00,11,1628.00,26929004,Alzheimer's disease (disorder)
2019-07-13,,d3d6e6b6-0c1d-4716-950d-488cd2bda5a3,b1c428d6-4f07-31e0-90f0-68ffa6ff8c76,ac91b2f8-95c7-4b1d-94ff-4609ed185285,1599803,24 HR Donepezil hydrochloride 10 MG / Memantine hydrochloride 28 MG Extended Release Oral Capsule,560.71,0.00,8,4485.68,26929004,Alzheimer's disease (disorder)
2010-11-26,2011-11-21,aa7c2c68-a2dd-4be4-b5cf-ddb5fd4126b7,b1c428d6-4f07-31e0-90f0-68ffa6ff8c76,fd6e0c0a-63ed-4328-ab5c-3267f085fddd,310436,Galantamine 4 MG Oral Tablet,208.93,0.00,12,2507.16,26929004,Alzheimer's disease (disorder)
2011-11-21,,aa7c2c68-a2dd-4be4-b5cf-ddb5fd4126b7,b1c428d6-4f07-31e0-90f0-68ffa6ff8c76,423e2750-a15b-4afb-b606-6471a49c7a52,996740,Memantine hydrochloride 2 MG/ML Oral Solution,378.56,0.00,59,22335.04,26929004,Alzheimer's disease (disorder)
2015-07-24,2015-07-24,aa7c2c68-a2dd-4be4-b5cf-ddb5fd4126b7,b1c428d6-4f07-31e0-90f0-68ffa6ff8c76,e654ec90-8623-4e4f-9f30-0d4cb7fc54f3,309362,Clopidogrel 75 MG Oral Tablet,94.10,0.00,1,94.10,,
2015-07-24,2015-07-24,aa7c2c68-a2dd-4be4-b5cf-ddb5fd4126b7,b1c428d6-4f07-31e0-90f0-68ffa6ff8c76,e654ec90-8623-4e4f-9f30-0d4cb7fc54f3,1804799,Alteplase 100 MG Injection,6168.37,0.00,1,6168.37,,
2008-11-10,2008-11-10,49c2c284-88c8-481b-9518-a782162f0394,b1c428d6-4f07-31e0-90f0-68ffa6ff8c76,6bc12fdc-cbc2-40d8-94d6-6ec509ecf05a,309362,Clopidogrel 75 MG Oral Tablet,112.64,0.00,1,112.64,,
2008-11-10,2008-11-10,49c2c284-88c8-481b-9518-a782162f0394,b1c428d6-4f07-31e0-90f0-68ffa6ff8c76,6bc12fdc-cbc2-40d8-94d6-6ec509ecf05a,312961,Simvastatin 20 MG Oral Tablet,26.24,0.00,1,26.24,,
2008-11-10,2008-11-10,49c2c284-88c8-481b-9518-a782162f0394,b1c428d6-4f07-31e0-90f0-68ffa6ff8c76,6bc12fdc-cbc2-40d8-94d6-6ec509ecf05a,197361,Amlodipine 5 MG Oral Tablet,55.45,0.00,1,55.45,,
2008-11-10,2008-11-10,49c2c284-88c8-481b-9518-a782162f0394,b1c428d6-4f07-31e0-90f0-68ffa6ff8c76,6bc12fdc-cbc2-40d8-94d6-6ec509ecf05a,705129,Nitroglycerin 0.4 MG/ACTUAT Mucosal Spray,178.12,0.00,1,178.12,,
2008-11-10,,49c2c284-88c8-481b-9518-a782162f0394,b1c428d6-4f07-31e0-90f0-68ffa6ff8c76,6bc12fdc-cbc2-40d8-94d6-6ec509ecf05a,309362,Clopidogrel 75 MG Oral Tablet,23.45,0.00,115,2696.75,,
2008-11-10,,49c2c284-88c8-481b-9518-a782162f0394,b1c428d6-4f07-31e0-90f0-68ffa6ff8c76,6bc12fdc-cbc2-40d8-94d6-6ec509ecf05a,705129,Nitroglycerin 0.4 MG/ACTUAT Mucosal Spray,24.56,0.00,115,2824.40,,
2008-11-10,,49c2c284-88c8-481b-9518-a782162f0394,b1c428d6-4f07-31e0-90f0-68ffa6ff8c76,6bc12fdc-cbc2-40d8-94d6-6ec509ecf05a,312961,Simvastatin 20 MG Oral Tablet,17.19,0.00,115,1976.85,,
2008-11-10,,49c2c284-88c8-481b-9518-a782162f0394,b1c428d6-4f07-31e0-90f0-68ffa6ff8c76,6bc12fdc-cbc2-40d8-94d6-6ec509ecf05a,197361,Amlodipine 5 MG Oral Tablet,9.22,0.00,115,1060.30,,
2008-11-10,2009-09-06,49c2c284-88c8-481b-9518-a782162f0394,b1c428d6-4f07-31e0-90f0-68ffa6ff8c76,6bc12fdc-cbc2-40d8-94d6-6ec509ecf05a,310436,Galantamine 4 MG Oral Tablet,129.59,0.00,10,1295.90,230265002,Familial Alzheimer's disease of early onset (disorder)
2009-09-06,,49c2c284-88c8-481b-9518-a782162f0394,b1c428d6-4f07-31e0-90f0-68ffa6ff8c76,88c55a1e-dba0-49b3-8353-5cdf41938115,996740,Memantine hydrochloride 2 MG/ML Oral Solution,627.09,0.00,105,65844.45,230265002,Familial Alzheimer's disease of early onset (disorder)
2018-01-03,2019-09-25,7a805e68-9472-4d75-94cc-0ebe3d8eef61,b1c428d6-4f07-31e0-90f0-68ffa6ff8c76,d844cdbb-aa58-43a5-88a1-8d491c783521,310436,Galantamine 4 MG Oral Tablet,83.57,0.00,21,1754.97,26929004,Alzheimer's disease (disorder)
2019-09-25,,7a805e68-9472-4d75-94cc-0ebe3d8eef61,b1c428d6-4f07-31e0-90f0-68ffa6ff8c76,8cb70c3e-2681-46ca-9620-2ea5072bee55,1599803,24 HR Donepezil hydrochloride 10 MG / Memantine hydrochloride 28 MG Extended Release Oral Capsule,499.52,0.00,5,2497.60,26929004,Alzheimer's disease (disorder)
2020-01-26,2020-01-26,294eec06-358c-4863-86b3-fce8b77cd8c0,b1c428d6-4f07-31e0-90f0-68ffa6ff8c76,ae9ff632-7528-4eee-826f-92fcb5aef268,309362,Clopidogrel 75 MG Oral Tablet,16.90,0.00,1,16.90,,
2020-01-26,2020-01-26,294eec06-358c-4863-86b3-fce8b77cd8c0,b1c428d6-4f07-31e0-90f0-68ffa6ff8c76,ae9ff632-7528-4eee-826f-92fcb5aef268,1804799,Alteplase 100 MG Injection,6087.35,0.00,1,6087.35,,
