Id,BIRTHDATE,DEATHDATE,SSN,DRIVERS,PASSPORT,PREFIX,FIRST,LAST,SUFFIX,MAIDEN,MARITAL,RACE,ETHNICITY,GENDER,BIRTHPLACE,ADDRESS,CITY,STATE,COUNTY,ZIP,LAT,LON,HEALTHCARE_EXPENSES,HEALTHCARE_COVERAGE
61d80f93-276b-44db-acfa-34ffcb15a626,2006-03-11,,999-46-2418,,,,Fatime,Toivakka,,,,white,nonhispanic,F,Helsinki  Uusimaa  FI,292 Heponiemi Katu,Sipoo,Uusimaa,Sipoo,01120,60.448482738711775,25.191380572676668,2750.0,0.0
f3d5670f-44c9-44e0-b88f-a1b5c93fd654,1987-07-06,,999-94-6223,S99999911,X24550286X,Mr.,Arber,Kraama,,,M,white,nonhispanic,M,Vantaa  Uusimaa  FI,885 Tohni Katu,Espoo,Uusimaa,Espoo,02280,60.270617409551825,24.66413923194096,4000.0,0.0
df5989b0-8c76-42d6-8a6d-0a4fb267eadd,1985-04-23,,999-74-1317,S99932576,X44813404X,Ms.,Ninel,Thomasson,,,S,white,nonhispanic,F,Helsinki  Uusimaa  FI,1074 Luoma-aho Katu Apt 22,Helsinki,Uusimaa,Helsinki,00700,60.235449209653304,24.88578333852418,4125.0,0.0
9c8942ed-5b08-4c82-bbe9-ab3d132214c5,2017-12-28,,999-71-9902,,,,Ilkka-Pekka,Grym,,,,white,nonhispanic,M,Espoo  Uusimaa  FI,993 Lemetti Katu,Porvoo,Uusimaa,Porvoo,06400,60.37590314959469,25.821138977547083,1125.0,0.0
3a3e9cec-9afa-4048-bf1c-34475bef6bc0,1975-09-14,,999-90-1631,S99916463,X13332397X,Mr.,Age,Kuuru,,,M,white,nonhispanic,M,Sipoo  Uusimaa  FI,894 Kara Katu Apt 16,Helsinki,Uusimaa,Helsinki,00570,60.287315724697116,24.91876734107463,4625.0,0.0
254e667f-7736-4f24-bb99-84e4c4078961,1978-09-13,,999-56-8893,S99964498,X49002273X,Mrs.,Lumo,Mattola,,Lyyluoma,M,white,nonhispanic,F,Espoo  Uusimaa  FI,311 Pauloff Katu Unit 73,Helsinki,Uusimaa,Helsinki,00430,60.18722313303737,24.936645908555974,4375.0,0.0
c9b60af3-9871-443d-ba33-e1f3bada3687,2018-08-29,,999-24-2879,,,,Farhan,Mäntsälä,,,,white,nonhispanic,M,Helsinki  Uusimaa  FI,963 Ala-Hukkala Katu,Espoo,Uusimaa,Espoo,02820,60.1766214947928,24.70782817004239,1000.0,0.0
d4c62df5-5381-49ca-9292-9fd08357c558,1984-11-18,,999-27-9122,S99970240,X75237822X,Ms.,Anni-Lotta,Seuna,,,S,white,nonhispanic,F,Espoo  Uusimaa  FI,994 Piilonen Katu Apt 1,Kauniainen,Uusimaa,Kauniainen,02700,60.204879304718936,24.720820099848222,4125.0,0.0
7df29c56-a5e2-4675-8e3a-f377dca297f7,1956-11-23,,999-98-2451,S99922843,X43152216X,Mr.,Walther,Hjulfors,,,M,white,nonhispanic,M,Lohja  Uusimaa  FI,306 Rantala Katu,Espoo,Uusimaa,Espoo,02740,60.36687202055877,24.61001744616703,6625.0,0.0
ee75d7cd-5bb0-4a86-b6ce-3b25e63e1434,1955-04-17,,999-41-4401,S99918601,X47696340X,Mr.,Oswald,Kontti,,,M,white,nonhispanic,M,Vantaa  Uusimaa  FI,987 Kananoja Katu,Helsinki,Uusimaa,Helsinki,00560,60.24805938754406,24.877837470870183,6750.0,0.0
04757ac0-0331-40e8-98ea-28503c378332,1950-07-28,,999-67-6571,S99953432,X54720233X,Mrs.,Merit,Kotkasaari,,Junna,M,white,nonhispanic,F,Vihti  Uusimaa  FI,163 Welling Katu,Sipoo,Uusimaa,Sipoo,01190,60.28288180598441,25.30249582163502,7375.0,0.0
4e79a919-149f-4a1b-88b0-9d73c68a9da2,2014-10-13,,999-99-4447,,,,Vahid,Petäjä,,,,white,nonhispanic,M,Helsinki  Uusimaa  FI,973 Lehtoniemi Katu,Tuusula,Uusimaa,Tuusula,04330,60.373402895703634,24.995313028478687,1750.0,0.0
b8636cb3-df20-453e-9a77-4ef53197dc0a,1979-02-08,,999-98-6102,S99965530,X80186845X,Mrs.,Gabriele,Marja-aho,,Närkki,M,white,nonhispanic,F,Helsinki  Uusimaa  FI,795 Helkamäki Katu Suite 31,Hyvinkää,Uusimaa,Hyvinkää,05830,60.58786456238994,24.76170357529128,4375.0,0.0
a33e3577-5050-4057-ada8-fa05ec9fc43a,1990-12-05,,999-10-5114,S99962146,X11093920X,Mrs.,Wilma,Kähtävä,,Pankkio,M,white,nonhispanic,F,Helsinki  Uusimaa  FI,986 Järviranta Katu,Vantaa,Uusimaa,Vantaa,01370,60.29062981230712,25.08290300200334,3875.0,0.0
df785bbe-d10e-476f-8ab3-85e12721b143,1962-09-27,,999-48-5397,S99996166,X88428323X,Mr.,Aarno,Jortikka,,,M,white,nonhispanic,M,Helsinki  Uusimaa  FI,126 Hyörtti Katu,Vantaa,Uusimaa,Vantaa,01660,60.38251447793816,24.917026659856653,5875.0,0.0
b37ad442-01f1-4b91-94d8-51e49f5fb58c,1965-10-23,,999-37-9289,S99967597,X38407705X,Mr.,Ukkopekka,Khawaja,,,M,white,nonhispanic,M,Vihti  Uusimaa  FI,1061 Ruokosalmi Katu,Vantaa,Uusimaa,Vantaa,01770,60.28364785247367,24.944851956209156,5500.0,0.0
4f951e6a-4d98-4255-9352-9980469ee096,2007-08-11,,999-57-9347,,,,Maxim,Eränummi,,,,white,nonhispanic,M,Helsinki  Uusimaa  FI,385 Fagersund Katu,Espoo,Uusimaa,Espoo,02210,60.25405478846286,24.705907402411235,2625.0,0.0
5c20fe13-483d-4184-97e9-3faf24dcfa44,1983-07-28,,999-67-2555,S99960394,X16733763X,Mrs.,Anna-Mariia,Aunula,,Poti,M,white,nonhispanic,F,Raasepori  Uusimaa  FI,251 Sidorov Katu,Helsinki,Uusimaa,Helsinki,00570,60.22374332194546,24.88277746345973,4125.0,0.0
16309c20-b967-4001-8fe5-a7759fb9412a,1973-03-18,,999-31-6443,S99988945,X29858163X,Mr.,Kalle-Eemeli,Santakangas,,,M,white,nonhispanic,M,Kirkkonummi  Uusimaa  FI,948 Petäjäniemi Katu,Helsinki,Uusimaa,Helsinki,00210,60.173505558542054,24.980791736862322,4750.0,0.0
7f114e85-938a-4eca-b18f-59a0a638eec2,1989-11-23,,999-24-2276,S99945518,X60385965X,Mr.,Thong,Autiosalo,,,M,white,nonhispanic,M,Helsinki  Uusimaa  FI,571 Piila Katu,Hyvinkää,Uusimaa,Hyvinkää,05810,60.59066378468063,24.86810514487138,3875.0,0.0
aa7adadb-a4c7-4d46-98e6-e84b70bcc415,2002-02-19,,999-98-1495,S99916474,,Ms.,Gunnel,Lumpo,,,,white,nonhispanic,F,Kerava  Uusimaa  FI,172 Raasu Katu,Espoo,Uusimaa,Espoo,02270,60.16737481822813,24.731037751550556,3642.5,0.0
8d8fa8e2-e301-459c-8008-644e41a8d69e,1939-02-08,,999-40-7157,S99910082,X79352281X,Mrs.,Kaisa-Liisa,Myllyharju,,Haakanen,M,white,nonhispanic,F,Espoo  Uusimaa  FI,248 Mulli Katu Unit 42,Nurmijärvi,Uusimaa,Nurmijärvi,05450,60.57676808939518,24.72699903870099,8750.0,0.0
2186308c-d28c-4282-be1d-90c316193421,1956-12-14,,999-48-3540,S99938335,X24523539X,Mr.,Mikko-Tapio,Ahovalli,,,M,white,nonhispanic,M,Kauniainen  Uusimaa  FI,302 Herajärvi Katu Unit 76,Helsinki,Uusimaa,Helsinki,00890,60.31576140753804,25.029611301086337,6625.0,0.0
4a98a76e-9cdf-45af-854f-efd27c375b90,1958-04-25,,999-78-8658,S99974397,X74829749X,Mr.,Ilkka-Pekka,Tuomela,,,M,white,nonhispanic,M,Tuusula  Uusimaa  FI,939 Tuulinen Katu Apt 83,Espoo,Uusimaa,Espoo,02720,60.2502411690788,24.611564368729994,6375.0,0.0
2dd02d21-92c8-4817-80fc-f5045b7a988d,1990-02-01,,999-93-3215,S99923837,X16196899X,Mrs.,Marisa,Järvilä,,Anttila,M,white,nonhispanic,F,Helsinki  Uusimaa  FI,449 Ahlskog Katu,Helsinki,Uusimaa,Helsinki,00140,60.2182095584729,24.92070649136999,3875.0,0.0
51df8a6a-e18c-4960-af01-a7b254d986db,1963-07-04,,999-68-1491,S99963172,X2516846X,Mr.,Jan-Ola,Parvi,,,S,white,nonhispanic,M,Espoo  Uusimaa  FI,584 Hernesaho Katu,Helsinki,Uusimaa,Helsinki,00260,60.24265693913585,24.8652819755685,5750.0,0.0
19433462-af6d-4683-8916-d11c6fc128b0,1982-10-14,,999-55-7379,S99935436,X65968035X,Mr.,Sixten,Parjanen,,,M,white,nonhispanic,M,Vantaa  Uusimaa  FI,252 Toiva Katu,Lohja,Uusimaa,Lohja,09630,60.34975852830897,24.066000036602333,4250.0,0.0
1d8dee24-9e45-4eb1-96a0-ff65d1b649a5,1980-07-07,,999-28-4608,S99932489,X43719162X,Mrs.,Saabiriin,Salmikuukka,,Pakarainen,M,white,nonhispanic,F,Raasepori  Uusimaa  FI,372 Stenbäck Katu,Hyvinkää,Uusimaa,Hyvinkää,05820,60.5466097442896,24.865324266776145,4250.0,0.0
1e55a690-b4af-457a-b36d-2ca4068c82e6,1968-04-29,,999-72-4911,S99915540,X18738042X,Mrs.,Mustikka,Vickström,,Koskenlahti,M,white,nonhispanic,F,Helsinki  Uusimaa  FI,1038 Kultavuori Katu,Helsinki,Uusimaa,Helsinki,00600,60.26817790868145,25.0301033530673,5125.0,0.0
c81a0538-e6f8-4ca2-9886-9550f5bb08b4,1972-09-28,,999-79-3489,S99921360,X36515692X,Mrs.,Jinna,Gango,,Sirkkunen,M,white,nonhispanic,F,Helsinki  Uusimaa  FI,1006 Rikula Katu Apt 96,Kirkkonummi,Uusimaa,Kirkkonummi,02550,60.27135889769035,24.37541537402957,4750.0,0.0
898116ac-2ba3-4340-ba27-e8ea002350cf,2010-02-04,,999-23-8568,,,,Mariisa,Haidari,,,,white,nonhispanic,F,Helsinki  Uusimaa  FI,728 Janhonen Katu Unit 54,Espoo,Uusimaa,Espoo,02810,60.21350160238984,24.79539234004674,2375.0,0.0
c0937711-1d4e-497c-868b-c4a515d49cd8,2017-05-16,,999-86-9969,,,,Rune,Ala-Rantala,,,,white,nonhispanic,M,Helsinki  Uusimaa  FI,1090 Suur-Askola Katu Suite 18,Vantaa,Uusimaa,Vantaa,01720,60.321077967506504,24.865682498858213,1250.0,0.0
23604dc3-a591-4ac2-a6cd-4f06366c345a,1995-10-20,,999-28-4744,S99943919,X62376994X,Mr.,Jaakob,Kehusmaa,,,,white,nonhispanic,M,Helsinki  Uusimaa  FI,734 Andtsjö Katu Apt 48,Vantaa,Uusimaa,Vantaa,01620,60.334496427723366,24.973941390039446,3625.0,0.0
5bcd0bd8-f29a-4387-a6e6-fc28d4227d2b,1993-12-19,,999-92-5777,S99964518,X13264680X,Ms.,Kirsi-Liisa,Mourujärvi,,,,white,nonhispanic,F,Helsinki  Uusimaa  FI,425 Nuijanmaa Katu Suite 82,Helsinki,Uusimaa,Helsinki,00930,60.16379026603551,25.087230038879444,4250.0,0.0
e2c4d80f-743a-497c-8e3a-609a07ec7b0b,2004-08-27,,999-39-9197,,,,Jussipekka,Lähdesmäki,,,,white,nonhispanic,M,Karkkila  Uusimaa  FI,270 Korell Katu,Raasepori,Uusimaa,Raasepori,10640,59.98676774555876,22.980367607451242,3000.0,0.0
ca225d9a-1c6a-4866-88bd-0c791e455bf5,1977-08-25,,999-63-9185,S99993189,X16273545X,Mrs.,Raakel,Kilpikoski,,Toikkanen,M,white,nonhispanic,F,Vantaa  Uusimaa  FI,745 Hatanpää Katu Unit 71,Raasepori,Uusimaa,Raasepori,10410,60.15820083529212,23.832217431751726,4500.0,0.0
91917e37-4e40-4c8d-a1bc-20c3be573846,1981-08-19,,999-21-7069,S99960324,X21770338X,Mrs.,Franziska,Skoog,,Molkka,M,white,nonhispanic,F,Mäntsälä  Uusimaa  FI,629 Wahtera Katu Unit 44,Vantaa,Uusimaa,Vantaa,01230,60.250918160519724,25.064697452968915,4250.0,0.0
a3f39e39-f094-4d69-b33d-7fc7a626842f,1978-09-18,,999-85-3703,S99965340,X40885299X,Mrs.,Adrienne,Kangaskorte,,Niittymaa,M,white,nonhispanic,F,Espoo  Uusimaa  FI,632 Ista Katu,Sipoo,Uusimaa,Sipoo,04150,60.29683524569787,25.292601406953054,4375.0,0.0
b4c849ca-d899-441d-8ac8-ad800a7ad0ca,1975-03-30,,999-67-8481,S99970610,X85391224X,Ms.,Ellinor,Havantola,,,S,white,nonhispanic,F,Kerava  Uusimaa  FI,639 Valorinne Katu,Espoo,Uusimaa,Espoo,02720,60.14204371220738,24.711115875671588,4625.0,0.0
c1b68549-47cb-42fe-9d1a-af0281594047,1965-11-27,,999-79-4025,S99964927,X83624563X,Mr.,Aziz,Alarto,,,M,white,nonhispanic,M,Vantaa  Uusimaa  FI,917 Lahtelin Katu Apt 51,Espoo,Uusimaa,Espoo,02600,60.14735422973996,24.698689408788002,5500.0,0.0
47aa6052-3446-4343-a8a5-99d57a96a0f9,1971-03-24,,999-58-3916,S99927846,X4091559X,Mr.,Elmar,Korpiniitty,,,M,white,nonhispanic,M,Espoo  Uusimaa  FI,107 Haanperä Katu Unit 53,Kirkkonummi,Uusimaa,Kirkkonummi,02400,60.13174890653089,24.414995832696466,4875.0,0.0
b6682a44-d8d9-44a1-8633-9c41be2ed508,1944-11-04,,999-70-4799,S99991993,X60213560X,Mr.,Jere,Hankala,,,M,white,nonhispanic,M,Espoo  Uusimaa  FI,265 Kohtala Katu,Lohja,Uusimaa,Lohja,03870,60.211616389794465,24.12327247559761,8000.0,0.0
d3d6e6b6-0c1d-4716-950d-488cd2bda5a3,1940-03-08,,999-92-4639,S99929752,X73653538X,Mrs.,Da,Liakka,,Kankaala,M,white,nonhispanic,F,Espoo  Uusimaa  FI,521 Jalola Katu,Raasepori,Uusimaa,Raasepori,10680,60.02661989372123,23.491902130442387,8898.0,0.0
b231b978-9bd8-43d0-9f28-186dde85c806,2011-03-12,,999-69-7235,,,,Tabassum,Mäkihannu,,,,white,nonhispanic,F,Vantaa  Uusimaa  FI,1053 Sarastamo Katu,Vantaa,Uusimaa,Vantaa,01340,60.30365570403564,25.104126448424942,2125.0,0.0
6bb92b5f-1dd9-4855-924c-1f709f1bd4d6,1963-07-08,,999-81-1573,S99914610,X6015357X,Mr.,Sampo,Hatinen,,,M,white,nonhispanic,M,Helsinki  Uusimaa  FI,1053 Lehdonkivi Katu Apt 28,Helsinki,Uusimaa,Helsinki,00910,60.178823764184,24.915942152998586,5750.0,0.0
d6e82f0c-3550-4af6-8beb-3508377e9588,2010-01-25,,999-23-7971,,,,Janissa,Onttonen,,,,white,nonhispanic,F,Lohja  Uusimaa  FI,797 Porter Katu Suite 21,Vantaa,Uusimaa,Vantaa,01700,60.27943489558612,25.027808016122822,2375.0,0.0
e018eb36-9c64-4ec4-803a-1d63ffd41ec1,2014-05-18,,999-92-8727,,,,Lars-Henrik,Patanen,,,,white,nonhispanic,M,Tuusula  Uusimaa  FI,358 Airaskorpi Katu,Helsinki,Uusimaa,Helsinki,00420,60.12667936526234,25.046199207317336,1750.0,0.0
6055ac23-3d76-4b10-8d48-c2d889137cb4,1995-09-17,,999-25-8560,S99925634,X70430652X,Ms.,Maurintytär,Kola,,,,white,nonhispanic,F,Helsinki  Uusimaa  FI,937 Marjakoski Katu,Helsinki,Uusimaa,Helsinki,00230,60.28838507691006,24.995795405154475,3625.0,0.0
ceae792b-bb74-439d-9588-c993d1371a82,1956-02-27,,999-58-7320,S99970342,X17176893X,Mrs.,Ada,Haapakoski,,Pöllönen,M,white,nonhispanic,F,Loviisa  Uusimaa  FI,1062 Elgbacka Katu Suite 38,Helsinki,Uusimaa,Helsinki,00910,60.12721611414736,25.078620330561883,6625.0,0.0
c6b3892d-24be-438d-a4c6-f10360c74b5c,1982-04-14,,999-27-2429,S99926518,X65852370X,Mrs.,Feride,Arosuo,,Rönnblad,M,white,nonhispanic,F,Helsinki  Uusimaa  FI,204 Ylilammi Katu Unit 66,Espoo,Uusimaa,Espoo,02770,60.310794987886844,24.52048317993706,4250.0,0.0
263e3a54-6fd1-4d6e-a761-d8bc966e9069,1965-09-09,,999-19-9039,S99976624,X61295558X,Mr.,Niko-Kristian,Wächter,,,M,white,nonhispanic,M,Vantaa  Uusimaa  FI,532 Uusi-Uola Katu,Hyvinkää,Uusimaa,Hyvinkää,05440,60.596243787022374,24.638742733350846,5500.0,0.0
3806b9ce-b0c0-44ca-b710-59b6b3c84202,2004-02-05,,999-29-4641,S99979719,,,Haydar,Jämsén,,,,white,nonhispanic,M,Karkkila  Uusimaa  FI,980 Taam Katu Apt 81,Helsinki,Uusimaa,Helsinki,00530,60.25191786232028,25.07392584764989,3000.0,0.0
a2962a37-6d33-43d5-a066-d6e4e11ea8ba,2005-12-17,,999-16-9103,,,,Meliisa,Ceder,,,,white,nonhispanic,F,Järvenpää  Uusimaa  FI,1062 Benson Katu,Kerava,Uusimaa,Kerava,04220,60.42168923302209,25.085330779050754,2875.0,0.0
aa7c2c68-a2dd-4be4-b5cf-ddb5fd4126b7,1938-07-22,2016-10-08,999-48-8618,S99914945,X49876703X,Ms.,Katriina,Korkia-Aho,,,S,white,nonhispanic,F,Helsinki  Uusimaa  FI,203 Karsisto Katu,Espoo,Uusimaa,Espoo,02970,60.12529238713903,24.726454256353144,15346.400000000001,0.0
36b2d171-b657-40ab-94a7-d7bedf2fcf8e,1963-09-04,,999-24-1967,S99961396,X58436327X,Mrs.,Aukusta,Sahlsten,,Levoska,M,white,nonhispanic,F,Raasepori  Uusimaa  FI,910 Lahdenmäki Katu,Espoo,Uusimaa,Espoo,02150,60.21188087217734,24.674376884496223,5750.0,0.0
7005233e-b844-4389-a134-2e0eee48e363,1959-09-09,,999-33-8039,S99969622,X12826172X,Ms.,Anna-Mari,Jordman,,,S,white,nonhispanic,F,Helsinki  Uusimaa  FI,140 Valtiala Katu,Vantaa,Uusimaa,Vantaa,01720,60.21504157802851,24.77967504684243,6250.0,0.0
3991ae5d-6241-4145-b762-f0c62ddff718,2013-07-05,,999-95-7528,,,,Magdaleena,Laidinen,,,,white,nonhispanic,F,Helsinki  Uusimaa  FI,748 Haiko Katu,Helsinki,Uusimaa,Helsinki,00200,60.22863596442057,25.163868849405823,1875.0,0.0
0f9cca05-fc48-4309-a7a4-f56d72dc6015,1966-06-03,,999-64-4318,S99937621,X9218534X,Mrs.,Kaisamaria,Orrela,,Mickels,M,white,nonhispanic,F,Vantaa  Uusimaa  FI,765 Sonkkila Katu Apt 96,Porvoo,Uusimaa,Porvoo,07220,60.31856654049775,25.807250736562676,5375.0,0.0
e1b5d990-14b2-4fde-bb9f-3bf3bb0206b7,2016-10-26,,999-26-1230,,,,Jori,Sirvio,,,,white,nonhispanic,M,Helsinki  Uusimaa  FI,717 Pakanen Katu,Helsinki,Uusimaa,Helsinki,00990,60.16330145959375,25.139406595410307,1375.0,0.0
b7d7d303-fe76-4dec-8fbf-6a155b5b970d,1995-04-26,,999-84-5948,S99954847,X84637914X,Ms.,Lea,Riippi,,,,white,nonhispanic,F,Helsinki  Uusimaa  FI,931 Ikäläinen Katu Apt 72,Helsinki,Uusimaa,Helsinki,00180,60.153766653939,25.018973211134057,3625.0,0.0
9647e1d6-3180-4ef7-a44a-67c71f05433a,1990-01-06,,999-83-6616,S99943532,X30837573X,Mrs.,Anu,Ahlbom,,Keski-Säntti,M,white,nonhispanic,F,Porvoo  Uusimaa  FI,328 Hjulberg Katu,Espoo,Uusimaa,Espoo,02100,60.25034245845623,24.71766825537233,3875.0,0.0
e45ffcbe-eb89-434c-9e59-65147a611969,1969-12-25,,999-59-7022,S99968065,X53158774X,Mrs.,Tuula-Maria,Älli,,Etola,M,white,nonhispanic,F,Kirkkonummi  Uusimaa  FI,490 Antus Katu,Kerava,Uusimaa,Kerava,04200,60.375720121727625,25.18493117024155,5000.0,0.0
51dfcf34-3c36-44f5-900e-26d023f74e6c,2005-07-30,,999-76-5524,,,,Sannakaisa,Hyrylä,,,,white,nonhispanic,F,Espoo  Uusimaa  FI,155 Kotila Katu,Kirkkonummi,Uusimaa,Kirkkonummi,02460,60.09881974809077,24.575928576861916,2875.0,0.0
4e556388-736c-48da-8aea-3b2db1c70036,2005-04-10,,999-61-6117,,,,Meeli,Ragnell,,,,white,nonhispanic,F,Helsinki  Uusimaa  FI,939 Takkula Katu,Vantaa,Uusimaa,Vantaa,01530,60.28094928063963,25.143325174277226,2875.0,0.0
49c2c284-88c8-481b-9518-a782162f0394,1941-08-04,2018-04-22,999-74-8359,S99973115,X47547009X,Mr.,Randolph,Yli,,,S,white,nonhispanic,M,Helsinki  Uusimaa  FI,404 Mathlin Katu,Porvoo,Uusimaa,Porvoo,07450,60.297925388947974,25.6837052684053,9127.04,0.0
a14f6b79-d98c-4ab5-970d-ad89bcb5bc5a,1986-04-23,,999-31-2636,S99917633,X25403007X,Mr.,Valentin,Pyhälammi,,,M,white,nonhispanic,M,Helsinki  Uusimaa  FI,258 Yli-Pietilä Katu Unit 40,Helsinki,Uusimaa,Helsinki,00260,60.23268867277621,24.95049115766546,4000.0,0.0
39dc4b26-25b2-449f-8819-01a41f859d44,1996-06-28,,999-50-6336,S99945562,X87995285X,Ms.,Elma,Turpeenoja,,,,white,nonhispanic,F,Espoo  Uusimaa  FI,291 Sosunov Katu,Helsinki,Uusimaa,Helsinki,00520,60.20966213581155,24.961211671587797,3625.0,0.0
d6caad98-af4c-4a7d-b3ad-6399f08c48bb,2006-06-18,,999-16-7031,,,,Wiktor,Erkkonen,,,,white,nonhispanic,M,Espoo  Uusimaa  FI,667 Helmi Katu,Helsinki,Uusimaa,Helsinki,00860,60.14819295484882,24.948719949001788,2750.0,0.0
825f8537-8256-474c-9d2d-1e9c5b739de3,2011-04-25,,999-98-2767,,,,Kalle,Tapiovaara,,,,white,nonhispanic,M,Vantaa  Uusimaa  FI,566 Korkalainen Katu Apt 98,Helsinki,Uusimaa,Helsinki,00960,60.24253310695145,24.938040030831136,2125.0,0.0
8bf655f5-ce10-4df3-94fa-4e0ff2c7a7c5,2005-11-11,,999-52-7961,,,,Edison,Vertanen,,,,white,nonhispanic,M,Helsinki  Uusimaa  FI,360 Täyränen Katu Apt 46,Helsinki,Uusimaa,Helsinki,00850,60.22350499478671,24.98320023032235,2875.0,0.0
4eb5af94-16ee-4cee-977e-cb7008026595,1975-08-18,,999-96-3991,S99910278,X19978742X,Mr.,Veijo,Leistiö,,,M,white,nonhispanic,M,Mäntsälä  Uusimaa  FI,575 Muhola Katu Unit 93,Kerava,Uusimaa,Kerava,04230,60.41265251158665,25.176651721492693,4625.0,0.0
7a805e68-9472-4d75-94cc-0ebe3d8eef61,1938-07-22,,999-39-8044,S99927874,X7212915X,Mrs.,Anne-Marjo,Kaunola,,Ahoniemi,M,white,nonhispanic,F,Tuusula  Uusimaa  FI,711 Känsälä Katu Suite 11,Espoo,Uusimaa,Espoo,02150,60.253316843704546,24.795242411383484,9083.57,0.0
2a2897e8-977d-4cc7-953b-c61d5297b2f1,2007-08-27,,999-95-3146,,,,Helli,Ala-Ilomäki,,,,white,nonhispanic,F,Helsinki  Uusimaa  FI,309 Kuhalampi Katu,Vantaa,Uusimaa,Vantaa,01280,60.242283831628804,25.061379342816778,2625.0,0.0
297a479f-a04f-45b9-bfce-d401e4bb4b1e,2015-05-21,,999-46-4116,,,,Cemal,Räike,,,,white,nonhispanic,M,Helsinki  Uusimaa  FI,837 Sora Katu Suite 47,Espoo,Uusimaa,Espoo,02200,60.11009054033749,24.650685180610843,1625.0,0.0
b86f612b-8941-4e06-bc48-d04e30bc50fe,1981-02-01,,999-83-1755,S99987190,X1043913X,Mrs.,Ting,Sharif,,Hanki,M,white,nonhispanic,F,Helsinki  Uusimaa  FI,164 Brask Katu,Espoo,Uusimaa,Espoo,02210,60.23814900051059,24.60318107016533,4250.0,0.0
3f34de49-bbfb-4cae-9e45-bd6c27a50e92,2003-05-05,,999-61-4658,S99985418,,,Noura,Pouru,,,,white,nonhispanic,F,Helsinki  Uusimaa  FI,416 Kekonen Katu,Vantaa,Uusimaa,Vantaa,01520,60.24337746937017,24.793402342230532,3125.0,0.0
1e210d61-6ac7-4c4a-a705-52585fefe0f2,1981-01-26,,999-31-6780,S99948927,X62461729X,Mr.,Usama,Miller,,,M,white,nonhispanic,M,Karkkila  Uusimaa  FI,608 Silvonen Katu Suite 81,Helsinki,Uusimaa,Helsinki,00700,60.314326876966796,25.062110214173288,4250.0,0.0
6aa216fd-0081-4830-a4cc-a97a9edc3312,1993-01-25,,999-14-8906,S99966241,X65772331X,Mr.,Jusuf,Vanala,,,M,white,nonhispanic,M,Helsinki  Uusimaa  FI,662 Heikura Katu,Helsinki,Uusimaa,Helsinki,00230,60.251612386222426,24.95141966348008,3750.0,0.0
05b9666e-3642-43fd-a0a2-2b5e60771d07,2012-05-26,,999-87-2846,,,,Viliina,Backa,,,,white,nonhispanic,F,Järvenpää  Uusimaa  FI,643 Hällström Katu Unit 1,Porvoo,Uusimaa,Porvoo,07390,60.30510119721035,25.82153266135473,2000.0,0.0
294eec06-358c-4863-86b3-fce8b77cd8c0,1920-09-05,,999-87-3530,S99944678,X51828724X,Mr.,Toussaint,Hooli,,,M,white,nonhispanic,M,Pukkila  Uusimaa  FI,166 Kiljain Katu Unit 28,Sipoo,Uusimaa,Sipoo,04170,60.37214537161744,25.145975901872447,17229.25,0.0
35979a43-4135-4aac-9c17-a0ec3e8aeb56,1941-08-04,,999-72-7462,S99958752,X67279577X,Mr.,Ilpo,Gehör,,,M,white,nonhispanic,M,Helsinki  Uusimaa  FI,408 Hilpinen Katu,Porvoo,Uusimaa,Porvoo,06400,60.41040938175633,25.768938293271415,8500.0,0.0
20f296a7-0ae8-45bd-8e22-f448260674f3,2018-04-24,,999-39-5688,,,,Jouni,Gardemeister,,,,white,nonhispanic,M,Järvenpää  Uusimaa  FI,907 Svarts Katu,Kerava,Uusimaa,Kerava,04250,60.42001870011391,25.085845952162156,1000.0,0.0
b6564dcc-dd80-4177-ab00-e3ff63e680c5,1974-09-02,,999-79-3735,S99955366,X4016730X,Mr.,Kennet,Saarenketo,,,S,white,nonhispanic,M,Vihti  Uusimaa  FI,792 Hindström Katu Suite 86,Helsinki,Uusimaa,Helsinki,00620,60.23331859076962,25.026257394507166,4625.0,0.0
b4cf438e-d291-4321-b156-b66f0db0e887,1960-02-25,,999-46-8180,S99924625,X75121307X,Mrs.,Linn,Heikell,,Blomfelt,M,white,nonhispanic,F,Espoo  Uusimaa  FI,727 Myllyrinne Katu Apt 53,Kerava,Uusimaa,Kerava,04200,60.42645877266434,25.0982698397163,6125.0,0.0
537084f2-e49b-4bd7-bdda-9d7a6c082adc,1980-02-25,,999-55-2506,S99963597,X56960442X,Mrs.,Kaisa-Leena,Hölsö,,Närä,M,white,nonhispanic,F,Espoo  Uusimaa  FI,609 Hane Katu,Helsinki,Uusimaa,Helsinki,00800,60.163029677346614,24.972073206229613,4375.0,0.0
478005ef-14e0-4d05-8f63-c6d60b2cdb00,2009-01-08,,999-91-1003,,,,Ulla-Maija,Kauvosaari,,,,white,nonhispanic,F,Helsinki  Uusimaa  FI,525 Kähtävä Katu Apt 52,Kirkkonummi,Uusimaa,Kirkkonummi,02470,60.16752673205837,24.36507071012236,2500.0,0.0
7310b8d2-22fb-42ea-b86e-0dd267d3b949,1944-04-21,,999-97-4066,S99950995,X29491386X,Mr.,Nhat,Maljanen,,,M,white,nonhispanic,M,Helsinki  Uusimaa  FI,1006 Haaslahti Katu Suite 29,Helsinki,Uusimaa,Helsinki,00390,60.21611321764851,24.896202875165223,8125.0,0.0
7a81abcf-6759-48a2-b1cb-27bb97f36f8d,2002-10-28,,999-13-6052,S99976528,,,Walpuri,Syvälähde,,,,white,nonhispanic,F,Järvenpää  Uusimaa  FI,143 Ekfors Katu,Nurmijärvi,Uusimaa,Nurmijärvi,05250,60.52067306750596,24.650485122820754,3250.0,0.0
aa9fd1e1-587b-402c-9e67-1d30a10161fa,1940-04-26,,999-29-1574,S99990148,X22211713X,Mrs.,Luise,Sokoli,,Ylieskola,M,white,nonhispanic,F,Nurmijärvi  Uusimaa  FI,260 Kalliokuusi Katu Suite 70,Espoo,Uusimaa,Espoo,02120,60.170551046524494,24.716301489900438,8625.0,0.0
67ef1d29-ce9f-4733-8c94-7cfc9b3844cb,1961-01-04,,999-97-3998,S99986963,X18640872X,Mrs.,Eeva-Sisko,Hasan,,Blomquist,M,white,nonhispanic,F,Espoo  Uusimaa  FI,614 Ylimaa Katu Apt 6,Helsinki,Uusimaa,Helsinki,00920,60.16583180548125,24.997320200600342,6125.0,0.0
c779a7c6-75e5-43fd-b627-e0f17aa0e0f6,1965-12-29,,999-42-2231,S99997649,X48310722X,Mr.,Clark,Karjala,,,S,white,nonhispanic,M,Hyvinkää  Uusimaa  FI,453 Permanto Katu,Vantaa,Uusimaa,Vantaa,01670,60.25315008221032,24.89039592073813,5500.0,0.0
e3cd8ae8-3336-4d76-81fb-f6e673b9a4be,1970-04-02,,999-13-3343,S99991741,X88300450X,Mr.,Eilo,Katajisto,,,M,white,nonhispanic,M,Vantaa  Uusimaa  FI,712 Könni Katu,Helsinki,Uusimaa,Helsinki,00900,60.193875164239635,24.83524923538334,4875.0,0.0
8efcdf29-eef8-4be1-ab42-1a3417ccbba5,1997-12-18,,999-38-2184,S99917587,X21891913X,Ms.,Semra,Kiimalainen,,,,white,nonhispanic,F,Helsinki  Uusimaa  FI,103 Sweins Katu Suite 5,Hyvinkää,Uusimaa,Hyvinkää,05440,60.66191327454433,25.07316190536411,3625.0,0.0
377b8d0c-2728-4fed-94f4-ac8e1885bd54,1960-01-18,,999-61-3668,S99945095,X54371265X,Mrs.,Shannon,Vehma,,Vehmanen,M,white,nonhispanic,F,Helsinki  Uusimaa  FI,158 Ursin Katu,Mäntsälä,Uusimaa,Mäntsälä,04920,60.489067244598495,25.147123751320148,6125.0,0.0
45383c45-8a36-4188-bf04-cadd5cf1a04c,1963-08-11,,999-16-6980,S99985322,X5455895X,Mrs.,Ritva,Elfvengren,,Körkkö,M,white,nonhispanic,F,Pornainen  Uusimaa  FI,352 Mannari Katu Suite 86,Espoo,Uusimaa,Espoo,02820,60.21541718116661,24.842844141316547,5750.0,0.0
be34c943-e84c-4223-9a2b-48faf1378fe6,1985-05-23,,999-15-5778,S99973846,X8317994X,Mrs.,Marie,Mandell,,Riska,M,white,nonhispanic,F,Helsinki  Uusimaa  FI,343 Inkerö Katu,Vantaa,Uusimaa,Vantaa,01520,60.354668921201466,25.056341137976567,4125.0,0.0
6a729668-24e9-47dc-bbe7-7a7ac0049d8a,2001-10-20,,999-93-8165,S99946865,,Mr.,Ramazan,Fagerdahl,,,,white,nonhispanic,M,Helsinki  Uusimaa  FI,265 Indrén Katu Apt 35,Mäntsälä,Uusimaa,Mäntsälä,04840,60.718491850157356,25.21154278336615,3623.01,0.0
3dc58068-1de9-4793-879a-de3759f15926,1968-04-14,,999-54-6385,S99950643,X25620387X,Mrs.,Henny,Kiilunen,,Hotokka,M,white,nonhispanic,F,Vantaa  Uusimaa  FI,970 Arajärvi Katu,Kirkkonummi,Uusimaa,Kirkkonummi,02410,60.12857094473165,24.585585557552847,5125.0,0.0
4b33ecfe-1e8e-46f7-8250-88f11ba1ab64,1974-01-06,,999-95-4208,S99975752,X64296312X,Ms.,Augustiina,Kianto,,,S,white,nonhispanic,F,Helsinki  Uusimaa  FI,273 Meloni Katu,Helsinki,Uusimaa,Helsinki,00320,60.13094851475754,24.976344176000264,4750.0,0.0
12ebff67-08dc-4640-94f4-b3a4ce32082f,1949-10-18,,999-46-8059,S99922745,X68261266X,Mr.,Quy,Mattila,,,M,white,nonhispanic,M,Vihti  Uusimaa  FI,1027 Narvanto Katu Unit 62,Vantaa,Uusimaa,Vantaa,01670,60.302400375526304,25.084399701820352,7500.0,0.0
6eaf039f-2b47-4983-8b14-d0728573f06b,1956-02-19,,999-54-6436,S99991960,X6027777X,Mrs.,Madelene,Hailikari,,Teurokoski,M,white,nonhispanic,F,Espoo  Uusimaa  FI,476 Hurttia Katu Suite 24,Helsinki,Uusimaa,Helsinki,00980,60.15688295492471,25.024331094961212,6625.0,0.0
08098861-18f6-4aba-bb14-c57657da363d,1916-01-07,1999-06-29,999-41-8700,S99962514,X24372176X,Ms.,Pettiina,Laurikka,,,S,white,nonhispanic,F,Espoo  Uusimaa  FI,539 Puukko Katu Unit 95,Kirkkonummi,Uusimaa,Kirkkonummi,02420,60.274826776799,24.432014829033893,9375.0,0.0
dca29851-06da-4bcd-ac38-515dfdae5747,1916-01-07,1997-03-07,999-84-7696,S99920882,X77135966X,Ms.,Mereta,Valsta,,,S,white,nonhispanic,F,Helsinki  Uusimaa  FI,982 Viitala Katu,Kirkkonummi,Uusimaa,Kirkkonummi,02480,60.13209039438619,24.539629254306604,9125.0,0.0
279f42de-e6f8-4b33-99ce-4a4bca1b1e3d,1916-01-07,,999-35-4758,S99991398,X40789984X,Mrs.,Milla-Riina,Huomolin,,Runsas,M,white,nonhispanic,F,Helsinki  Uusimaa  FI,464 Luiro Katu,Kirkkonummi,Uusimaa,Kirkkonummi,02540,60.246187928621026,24.464641970507753,18355.88,0.0
