PATIENT,START_YEAR,END_YEAR,PAYER,OWNERSHIP
f3d5670f-44c9-44e0-b88f-a1b5c93fd654,1987,2005,e15e7b92-f376-374f-9285-2f59a38ad823,Guardian
df5989b0-8c76-42d6-8a6d-0a4fb267eadd,1985,2003,e15e7b92-f376-374f-9285-2f59a38ad823,Guardian
254e667f-7736-4f24-bb99-84e4c4078961,1978,1996,e15e7b92-f376-374f-9285-2f59a38ad823,Guardian
3a3e9cec-9afa-4048-bf1c-34475bef6bc0,1975,1993,e15e7b92-f376-374f-9285-2f59a38ad823,Guardian
d4c62df5-5381-49ca-9292-9fd08357c558,1984,2002,e15e7b92-f376-374f-9285-2f59a38ad823,Guardian
7df29c56-a5e2-4675-8e3a-f377dca297f7,1956,1974,e15e7b92-f376-374f-9285-2f59a38ad823,Guardian
ee75d7cd-5bb0-4a86-b6ce-3b25e63e1434,1955,1973,e15e7b92-f376-374f-9285-2f59a38ad823,Guardian
04757ac0-0331-40e8-98ea-28503c378332,1950,1968,e15e7b92-f376-374f-9285-2f59a38ad823,Guardian
b8636cb3-df20-453e-9a77-4ef53197dc0a,1979,1997,e15e7b92-f376-374f-9285-2f59a38ad823,Guardian
a33e3577-5050-4057-ada8-fa05ec9fc43a,1990,2008,e15e7b92-f376-374f-9285-2f59a38ad823,Guardian
df785bbe-d10e-476f-8ab3-85e12721b143,1962,1980,e15e7b92-f376-374f-9285-2f59a38ad823,Guardian
b37ad442-01f1-4b91-94d8-51e49f5fb58c,1965,1983,e15e7b92-f376-374f-9285-2f59a38ad823,Guardian
5c20fe13-483d-4184-97e9-3faf24dcfa44,1983,2001,e15e7b92-f376-374f-9285-2f59a38ad823,Guardian
16309c20-b967-4001-8fe5-a7759fb9412a,1973,1991,e15e7b92-f376-374f-9285-2f59a38ad823,Guardian
7f114e85-938a-4eca-b18f-59a0a638eec2,1989,2007,e15e7b92-f376-374f-9285-2f59a38ad823,Guardian
8d8fa8e2-e301-459c-8008-644e41a8d69e,1939,1957,e15e7b92-f376-374f-9285-2f59a38ad823,Guardian
aa7adadb-a4c7-4d46-98e6-e84b70bcc415,2002,2020,e15e7b92-f376-374f-9285-2f59a38ad823,Guardian
2186308c-d28c-4282-be1d-90c316193421,1956,1974,e15e7b92-f376-374f-9285-2f59a38ad823,Guardian
4a98a76e-9cdf-45af-854f-efd27c375b90,1958,1976,e15e7b92-f376-374f-9285-2f59a38ad823,Guardian
2dd02d21-92c8-4817-80fc-f5045b7a988d,1990,2008,e15e7b92-f376-374f-9285-2f59a38ad823,Guardian
51df8a6a-e18c-4960-af01-a7b254d986db,1963,1981,e15e7b92-f376-374f-9285-2f59a38ad823,Guardian
19433462-af6d-4683-8916-d11c6fc128b0,1982,2000,e15e7b92-f376-374f-9285-2f59a38ad823,Guardian
1d8dee24-9e45-4eb1-96a0-ff65d1b649a5,1980,1998,e15e7b92-f376-374f-9285-2f59a38ad823,Guardian
1e55a690-b4af-457a-b36d-2ca4068c82e6,1968,1986,e15e7b92-f376-374f-9285-2f59a38ad823,Guardian
c81a0538-e6f8-4ca2-9886-9550f5bb08b4,1972,1990,e15e7b92-f376-374f-9285-2f59a38ad823,Guardian
23604dc3-a591-4ac2-a6cd-4f06366c345a,1995,2013,e15e7b92-f376-374f-9285-2f59a38ad823,Guardian
5bcd0bd8-f29a-4387-a6e6-fc28d4227d2b,1993,2011,e15e7b92-f376-374f-9285-2f59a38ad823,Guardian
ca225d9a-1c6a-4866-88bd-0c791e455bf5,1977,1995,e15e7b92-f376-374f-9285-2f59a38ad823,Guardian
91917e37-4e40-4c8d-a1bc-20c3be573846,1981,1999,e15e7b92-f376-374f-9285-2f59a38ad823,Guardian
a3f39e39-f094-4d69-b33d-7fc7a626842f,1978,1996,e15e7b92-f376-374f-9285-2f59a38ad823,Guardian
b4c849ca-d899-441d-8ac8-ad800a7ad0ca,1975,1993,e15e7b92-f376-374f-9285-2f59a38ad823,Guardian
c1b68549-47cb-42fe-9d1a-af0281594047,1965,1983,e15e7b92-f376-374f-9285-2f59a38ad823,Guardian
47aa6052-3446-4343-a8a5-99d57a96a0f9,1971,1989,e15e7b92-f376-374f-9285-2f59a38ad823,Guardian
b6682a44-d8d9-44a1-8633-9c41be2ed508,1944,1962,e15e7b92-f376-374f-9285-2f59a38ad823,Guardian
d3d6e6b6-0c1d-4716-950d-488cd2bda5a3,1940,1958,e15e7b92-f376-374f-9285-2f59a38ad823,Guardian
6bb92b5f-1dd9-4855-924c-1f709f1bd4d6,1963,1981,e15e7b92-f376-374f-9285-2f59a38ad823,Guardian
6055ac23-3d76-4b10-8d48-c2d889137cb4,1995,2013,e15e7b92-f376-374f-9285-2f59a38ad823,Guardian
ceae792b-bb74-439d-9588-c993d1371a82,1956,1974,e15e7b92-f376-374f-9285-2f59a38ad823,Guardian
c6b3892d-24be-438d-a4c6-f10360c74b5c,1982,2000,e15e7b92-f376-374f-9285-2f59a38ad823,Guardian
263e3a54-6fd1-4d6e-a761-d8bc966e9069,1965,1983,e15e7b92-f376-374f-9285-2f59a38ad823,Guardian
3806b9ce-b0c0-44ca-b710-59b6b3c84202,2004,2004,b1c428d6-4f07-31e0-90f0-68ffa6ff8c76,
3806b9ce-b0c0-44ca-b710-59b6b3c84202,2005,2006,e15e7b92-f376-374f-9285-2f59a38ad823,
a2962a37-6d33-43d5-a066-d6e4e11ea8ba,2005,2005,b1c428d6-4f07-31e0-90f0-68ffa6ff8c76,
a2962a37-6d33-43d5-a066-d6e4e11ea8ba,2006,2006,e15e7b92-f376-374f-9285-2f59a38ad823,
aa7c2c68-a2dd-4be4-b5cf-ddb5fd4126b7,1938,1956,e15e7b92-f376-374f-9285-2f59a38ad823,Guardian
aa7c2c68-a2dd-4be4-b5cf-ddb5fd4126b7,1957,2016,e15e7b92-f376-374f-9285-2f59a38ad823,Self
36b2d171-b657-40ab-94a7-d7bedf2fcf8e,1963,1981,e15e7b92-f376-374f-9285-2f59a38ad823,Guardian
7005233e-b844-4389-a134-2e0eee48e363,1959,1977,e15e7b92-f376-374f-9285-2f59a38ad823,Guardian
0f9cca05-fc48-4309-a7a4-f56d72dc6015,1966,1984,e15e7b92-f376-374f-9285-2f59a38ad823,Guardian
b7d7d303-fe76-4dec-8fbf-6a155b5b970d,1995,2013,e15e7b92-f376-374f-9285-2f59a38ad823,Guardian
9647e1d6-3180-4ef7-a44a-67c71f05433a,1990,2008,e15e7b92-f376-374f-9285-2f59a38ad823,Guardian
e45ffcbe-eb89-434c-9e59-65147a611969,1969,1987,e15e7b92-f376-374f-9285-2f59a38ad823,Guardian
49c2c284-88c8-481b-9518-a782162f0394,1941,1959,e15e7b92-f376-374f-9285-2f59a38ad823,Guardian
a14f6b79-d98c-4ab5-970d-ad89bcb5bc5a,1986,2004,e15e7b92-f376-374f-9285-2f59a38ad823,Guardian
39dc4b26-25b2-449f-8819-01a41f859d44,1996,2014,e15e7b92-f376-374f-9285-2f59a38ad823,Guardian
4eb5af94-16ee-4cee-977e-cb7008026595,1975,1993,e15e7b92-f376-374f-9285-2f59a38ad823,Guardian
7a805e68-9472-4d75-94cc-0ebe3d8eef61,1938,1956,e15e7b92-f376-374f-9285-2f59a38ad823,Guardian
b86f612b-8941-4e06-bc48-d04e30bc50fe,1981,1999,e15e7b92-f376-374f-9285-2f59a38ad823,Guardian
3f34de49-bbfb-4cae-9e45-bd6c27a50e92,2003,2003,b1c428d6-4f07-31e0-90f0-68ffa6ff8c76,
3f34de49-bbfb-4cae-9e45-bd6c27a50e92,2004,2007,e15e7b92-f376-374f-9285-2f59a38ad823,
3f34de49-bbfb-4cae-9e45-bd6c27a50e92,2008,2008,b1c428d6-4f07-31e0-90f0-68ffa6ff8c76,Guardian
3f34de49-bbfb-4cae-9e45-bd6c27a50e92,2009,2009,e15e7b92-f376-374f-9285-2f59a38ad823,
3f34de49-bbfb-4cae-9e45-bd6c27a50e92,2010,2012,b1c428d6-4f07-31e0-90f0-68ffa6ff8c76,Guardian
1e210d61-6ac7-4c4a-a705-52585fefe0f2,1981,1999,e15e7b92-f376-374f-9285-2f59a38ad823,Guardian
6aa216fd-0081-4830-a4cc-a97a9edc3312,1993,2011,e15e7b92-f376-374f-9285-2f59a38ad823,Guardian
294eec06-358c-4863-86b3-fce8b77cd8c0,1920,1920,b1c428d6-4f07-31e0-90f0-68ffa6ff8c76,
294eec06-358c-4863-86b3-fce8b77cd8c0,1921,1924,e15e7b92-f376-374f-9285-2f59a38ad823,
294eec06-358c-4863-86b3-fce8b77cd8c0,1925,1929,b1c428d6-4f07-31e0-90f0-68ffa6ff8c76,Guardian
294eec06-358c-4863-86b3-fce8b77cd8c0,1930,1940,e15e7b92-f376-374f-9285-2f59a38ad823,
294eec06-358c-4863-86b3-fce8b77cd8c0,1941,1942,b1c428d6-4f07-31e0-90f0-68ffa6ff8c76,Self
294eec06-358c-4863-86b3-fce8b77cd8c0,1943,1943,e15e7b92-f376-374f-9285-2f59a38ad823,
294eec06-358c-4863-86b3-fce8b77cd8c0,1944,1945,b1c428d6-4f07-31e0-90f0-68ffa6ff8c76,Self
294eec06-358c-4863-86b3-fce8b77cd8c0,1946,1946,e15e7b92-f376-374f-9285-2f59a38ad823,
294eec06-358c-4863-86b3-fce8b77cd8c0,1947,1948,b1c428d6-4f07-31e0-90f0-68ffa6ff8c76,Self
294eec06-358c-4863-86b3-fce8b77cd8c0,1949,1949,e15e7b92-f376-374f-9285-2f59a38ad823,
294eec06-358c-4863-86b3-fce8b77cd8c0,1950,1951,b1c428d6-4f07-31e0-90f0-68ffa6ff8c76,Self
294eec06-358c-4863-86b3-fce8b77cd8c0,1952,1952,e15e7b92-f376-374f-9285-2f59a38ad823,
294eec06-358c-4863-86b3-fce8b77cd8c0,1953,1954,b1c428d6-4f07-31e0-90f0-68ffa6ff8c76,Self
294eec06-358c-4863-86b3-fce8b77cd8c0,1955,1955,e15e7b92-f376-374f-9285-2f59a38ad823,
294eec06-358c-4863-86b3-fce8b77cd8c0,1956,1957,b1c428d6-4f07-31e0-90f0-68ffa6ff8c76,Self
294eec06-358c-4863-86b3-fce8b77cd8c0,1958,1958,e15e7b92-f376-374f-9285-2f59a38ad823,
294eec06-358c-4863-86b3-fce8b77cd8c0,1959,1960,b1c428d6-4f07-31e0-90f0-68ffa6ff8c76,Self
294eec06-358c-4863-86b3-fce8b77cd8c0,1961,1961,e15e7b92-f376-374f-9285-2f59a38ad823,
294eec06-358c-4863-86b3-fce8b77cd8c0,1962,1962,b1c428d6-4f07-31e0-90f0-68ffa6ff8c76,Self
294eec06-358c-4863-86b3-fce8b77cd8c0,1963,1963,e15e7b92-f376-374f-9285-2f59a38ad823,
294eec06-358c-4863-86b3-fce8b77cd8c0,1964,1964,b1c428d6-4f07-31e0-90f0-68ffa6ff8c76,Self
294eec06-358c-4863-86b3-fce8b77cd8c0,1965,1965,e15e7b92-f376-374f-9285-2f59a38ad823,
294eec06-358c-4863-86b3-fce8b77cd8c0,1966,1966,b1c428d6-4f07-31e0-90f0-68ffa6ff8c76,Spouse
294eec06-358c-4863-86b3-fce8b77cd8c0,1967,1967,e15e7b92-f376-374f-9285-2f59a38ad823,
294eec06-358c-4863-86b3-fce8b77cd8c0,1968,1968,b1c428d6-4f07-31e0-90f0-68ffa6ff8c76,Spouse
294eec06-358c-4863-86b3-fce8b77cd8c0,1969,1969,e15e7b92-f376-374f-9285-2f59a38ad823,
294eec06-358c-4863-86b3-fce8b77cd8c0,1970,1970,b1c428d6-4f07-31e0-90f0-68ffa6ff8c76,Spouse
35979a43-4135-4aac-9c17-a0ec3e8aeb56,1941,1959,e15e7b92-f376-374f-9285-2f59a38ad823,Guardian
b6564dcc-dd80-4177-ab00-e3ff63e680c5,1974,1992,e15e7b92-f376-374f-9285-2f59a38ad823,Guardian
b4cf438e-d291-4321-b156-b66f0db0e887,1960,1978,e15e7b92-f376-374f-9285-2f59a38ad823,Guardian
537084f2-e49b-4bd7-bdda-9d7a6c082adc,1980,1998,e15e7b92-f376-374f-9285-2f59a38ad823,Guardian
7310b8d2-22fb-42ea-b86e-0dd267d3b949,1944,1962,e15e7b92-f376-374f-9285-2f59a38ad823,Guardian
aa9fd1e1-587b-402c-9e67-1d30a10161fa,1940,1958,e15e7b92-f376-374f-9285-2f59a38ad823,Guardian
67ef1d29-ce9f-4733-8c94-7cfc9b3844cb,1961,1979,e15e7b92-f376-374f-9285-2f59a38ad823,Guardian
c779a7c6-75e5-43fd-b627-e0f17aa0e0f6,1965,1983,e15e7b92-f376-374f-9285-2f59a38ad823,Guardian
e3cd8ae8-3336-4d76-81fb-f6e673b9a4be,1970,1988,e15e7b92-f376-374f-9285-2f59a38ad823,Guardian
8efcdf29-eef8-4be1-ab42-1a3417ccbba5,1997,2015,e15e7b92-f376-374f-9285-2f59a38ad823,Guardian
377b8d0c-2728-4fed-94f4-ac8e1885bd54,1960,1978,e15e7b92-f376-374f-9285-2f59a38ad823,Guardian
45383c45-8a36-4188-bf04-cadd5cf1a04c,1963,1981,e15e7b92-f376-374f-9285-2f59a38ad823,Guardian
be34c943-e84c-4223-9a2b-48faf1378fe6,1985,2003,e15e7b92-f376-374f-9285-2f59a38ad823,Guardian
6a729668-24e9-47dc-bbe7-7a7ac0049d8a,2001,2019,e15e7b92-f376-374f-9285-2f59a38ad823,Guardian
3dc58068-1de9-4793-879a-de3759f15926,1968,1986,e15e7b92-f376-374f-9285-2f59a38ad823,Guardian
4b33ecfe-1e8e-46f7-8250-88f11ba1ab64,1974,1992,e15e7b92-f376-374f-9285-2f59a38ad823,Guardian
12ebff67-08dc-4640-94f4-b3a4ce32082f,1949,1967,e15e7b92-f376-374f-9285-2f59a38ad823,Guardian
6eaf039f-2b47-4983-8b14-d0728573f06b,1956,1974,e15e7b92-f376-374f-9285-2f59a38ad823,Guardian
08098861-18f6-4aba-bb14-c57657da363d,1916,1934,e15e7b92-f376-374f-9285-2f59a38ad823,Guardian
08098861-18f6-4aba-bb14-c57657da363d,1935,1999,e15e7b92-f376-374f-9285-2f59a38ad823,Self
dca29851-06da-4bcd-ac38-515dfdae5747,1916,1934,e15e7b92-f376-374f-9285-2f59a38ad823,Guardian
dca29851-06da-4bcd-ac38-515dfdae5747,1935,1997,e15e7b92-f376-374f-9285-2f59a38ad823,Self
279f42de-e6f8-4b33-99ce-4a4bca1b1e3d,1916,1934,e15e7b92-f376-374f-9285-2f59a38ad823,Guardian
