DATE,PATIENT,ENCOUNTER,CODE,DESCRIPTION,BASE_COST,REASONCODE,REASONDESCRIPTION
2012-08-28,aa7adadb-a4c7-4d46-98e6-e84b70bcc415,debb33b4-d803-44be-9af7-2a5af4c74692,40701008,Echocardiography (procedure),1136.10,410429000,Cardiac Arrest
2012-08-28,aa7adadb-a4c7-4d46-98e6-e84b70bcc415,debb33b4-d803-44be-9af7-2a5af4c74692,447365002,Insertion of biventricular implantable cardioverter defibrillator,17434.98,410429000,Cardiac Arrest
2012-08-28,aa7adadb-a4c7-4d46-98e6-e84b70bcc415,debb33b4-d803-44be-9af7-2a5af4c74692,18286008,Catheter ablation of tissue of heart,11616.73,410429000,Cardiac Arrest
2015-07-24,aa7c2c68-a2dd-4be4-b5cf-ddb5fd4126b7,e654ec90-8623-4e4f-9f30-0d4cb7fc54f3,40701008,Echocardiography (procedure),1241.90,230690007,Stroke
2015-07-24,aa7c2c68-a2dd-4be4-b5cf-ddb5fd4126b7,e654ec90-8623-4e4f-9f30-0d4cb7fc54f3,433112001,Percutaneous mechanical thrombectomy of portal vein using fluoroscopic guidance,34382.50,230690007,Stroke
2020-01-26,294eec06-358c-4863-86b3-fce8b77cd8c0,ae9ff632-7528-4eee-826f-92fcb5aef268,40701008,Echocardiography (procedure),808.53,230690007,Stroke
2020-01-26,294eec06-358c-4863-86b3-fce8b77cd8c0,ae9ff632-7528-4eee-826f-92fcb5aef268,433112001,Percutaneous mechanical thrombectomy of portal vein using fluoroscopic guidance,17376.52,230690007,Stroke
