Id,ORGANIZATION,NAME,GENDER,SPECIALITY,ADDRESS,CITY,STATE,ZIP,LAT,LON,UTILIZATION
99dfc40f-9c5a-3b44-82bb-48715a547212,39010280-b8e5-3b1a-b835-bafbeea21968,Ingalis Jakunaho,F,GENERAL PRACTICE,Turuntie 150,Espoo,18,02740,60.22589,24.77581,1
f6208dbe-5ae6-3dfc-bb94-88ebf0475a31,7b74aa83-5335-38dd-a213-d6df36c7f627,Muzaffer Michelsson,M,GENERAL PRACTICE,Karvasmäentie 6,Espoo,18,02740,60.22011,24.6848,12
adaf33b9-cffe-39ca-b28b-43dee866d0c3,af916982-f5f8-341b-b159-69e72695294c,Karenina Sarpakunnas,F,GENERAL PRACTICE,Sairaalakatu 1,Vantaa,18,01400,60.3299,25.0608,1
c785f601-c621-38fa-85a9-e2d361677dac,8af774ed-7635-320a-ad8c-a63aa309a858,Jere-Petteri Satopää,M,GENERAL PRACTICE,Sairaalatie 8,Lohja,18,08200,60.2247,24.01885,1
13f559a2-c0f7-3e77-921f-8df584ac316d,d8b3cbb1-88db-3fc1-bb2b-6a9c0037e6e5,Jony Salermo,M,GENERAL PRACTICE,Sairaalantie 1,Porvoo,18,06200,60.37911,25.69576,3
b532dff9-96af-329e-9d20-eaae5f61a454,738aef7e-a279-3f65-9dba-fead16b27400,Mimosa Nahkuri,F,GENERAL PRACTICE,Turuntie 150,Espoo,18,02740,60.22589,24.77581,669
3328a80d-7868-3746-822a-a92b898a8d32,9a3e6919-4ed0-32fe-a1e2-7184b06c415f,Hatice Puiras,F,GENERAL PRACTICE,Karvasmäentie 6,Espoo,18,02740,60.22011,24.6848,998
65040d94-621c-3f7a-ab52-ba7a429732f9,a70486b2-c33a-37b3-a4cf-b3dc06cb9d84,Melek Kortström,F,GENERAL PRACTICE,Sairaalakatu 1,Vantaa,18,01400,60.3299,25.0608,1429
aeb34c05-796d-3787-9912-0ae81705bad5,bf25636d-50a4-3cf2-b937-0e59fd37503f,Peppi-Lotta Pikkumaa,F,GENERAL PRACTICE,Sairaalankatu 1,Hyvinkää,18,05830,60.612,24.82486,240
4ba3b8e0-e893-3401-b034-601388dda6bf,4eddd774-a01b-3a0b-b4c6-736a5581aba4,Malak Kajanki,F,GENERAL PRACTICE,Ohkolantie 10,Kellokoski,18,04500,60.53054,25.10548,164
ba9223e4-d2f8-3e3b-9603-a0801a1ca324,942171f0-df04-34cc-9c85-1a11b2f08717,Miiko Çetin,M,GENERAL PRACTICE,Sairaalatie 8,Lohja,18,08200,60.2247,24.01885,227
2346404f-ac45-3bc9-87cf-f44ddc841d51,216a84b2-6287-356d-9bcf-655abf00debb,Lothar Silvola,M,GENERAL PRACTICE,Sairaalantie 1,Porvoo,18,06200,60.37911,25.69576,203
fac45ff2-95d4-3115-950e-674ec841593e,7b74aa83-5335-38dd-a213-d6df36c7f627,Peppi-Lotta Pikkumaa,F,GENERAL PRACTICE,Karvasmäentie 6,Espoo,18,02740,60.22011,24.6848,2
dd64614b-33bb-33f1-a90e-636f24c7a5c5,294d60d6-0e2b-396b-a8bf-77998642f6b7,Dimitri Rönkkö,M,GENERAL PRACTICE,Ohkolantie 10,Kellokoski,18,04500,60.53054,25.10548,1
