location_id,address_1,address_2,city,state,zip,county,location_source_value
2895,554 Poraharju Katu Apt 76,,Helsinki,Uusimaa,00390,Helsinki,a6d334f3-8ead-4397-ae56-c4797d264bb2
2896,673 Nykopp Katu Suite 79,,Espoo,Uusimaa,02730,Espoo,c8e92089-b26e-478f-9506-0036d5a894b2
2897,258 Outavaara Katu Apt 32,,Helsinki,Uusimaa,00720,Helsinki,7f7484a8-0e73-4b7f-aec3-7cefe74f4012
2898,1029 Konsala Katu,,Tuusula,Uusimaa,04390,Tuusula,269c219a-5845-4f0c-88dd-e1cfc598996b
2899,1036 Ollila Katu Suite 32,,Lohja,Uusimaa,03850,Lohja,1db1b15c-4196-4ce0-bce2-51753e7d41bc
2900,500 Jantunen Katu Apt 42,,Helsinki,Uusimaa,00840,Helsinki,b03ac7ce-7fe0-4e84-b7b1-d13e359c77ad
2901,666 Toivakainen Katu,,Espoo,Uusimaa,02270,Espoo,25ee341d-d459-435b-9b2f-003ace5eaf52
2902,890 Silpola Katu,,Nurmijärvi,Uusimaa,01820,Nurmijärvi,7cb9c4cd-e9aa-425b-9835-015417989f56
2903,808 Lasarov Katu,,Helsinki,Uusimaa,00660,Helsinki,a90ab7a0-da1f-4cc6-bd25-8aae1f4c52f5
2904,1042 Rehnström Katu,,Espoo,Uusimaa,02110,Espoo,1e654a1e-ccce-489a-9251-13b865028b74
2905,512 Mertamo Katu,,Järvenpää,Uusimaa,04420,Järvenpää,3ffed9ae-bd1a-4d40-850d-8f9870e76f4f
2906,597 Fagerman Katu,,Helsinki,Uusimaa,00790,Helsinki,bc67304d-fed2-4f28-a8fa-04b885dfce61
2907,945 Potapoff Katu Suite 16,,Vantaa,Uusimaa,01520,Vantaa,f7b3ac98-8d2f-4e90-b330-362f16189356
2908,486 Pramila Katu,,Helsinki,Uusimaa,00230,Helsinki,4822c6a6-a741-4c0b-abf4-f7cf4ec41585
2909,370 Ala-Mantila Katu Unit 4,,Helsinki,Uusimaa,00860,Helsinki,0ff3555a-75b1-413d-bc40-a13e370b356c
2910,833 Garcia Katu,,Porvoo,Uusimaa,07310,Porvoo,5bd5f2a0-0edb-4929-a6cd-6e9ea5b8fd52
2911,297 Wörlund Katu,,Vantaa,Uusimaa,01740,Vantaa,7d7807cb-5bea-45b9-9422-f0f62127579d
2912,758 Uksila Katu,,Espoo,Uusimaa,02660,Espoo,b17d8718-4245-4f66-aa9c-d3581d19a615
2913,784 Lundsten Katu Suite 2,,Espoo,Uusimaa,02740,Espoo,c0f4bf9a-af08-41a5-8f10-f866791b7504
2914,677 Lietsala Katu Suite 59,,Hyvinkää,Uusimaa,05440,Hyvinkää,74f07ba6-6b4b-486f-a723-2ee93006cdba
2915,224 Hakasuo Katu,,Vantaa,Uusimaa,01720,Vantaa,c858c997-a4c9-488c-803c-ec630dc87ffa
2916,540 Michelsson Katu,,Espoo,Uusimaa,02680,Espoo,5e5858a0-f30b-4104-a2ab-c583a8c04cb0
2917,555 Byholm Katu,,Helsinki,Uusimaa,00140,Helsinki,8c8a5799-ed65-4765-b2f6-7cee9f1b20b6
2918,313 Langhoff Katu,,Lapinjärvi,Uusimaa,07840,Lapinjärvi,6f5cf35a-5281-48fb-acf4-26c7c378638e
2919,1077 Ilonen Katu,,Vantaa,Uusimaa,01630,Vantaa,b89a0223-7cca-4a79-b439-2d5f3c032cf3
2920,680 Kinnari Katu Unit 3,,Nurmijärvi,Uusimaa,01840,Nurmijärvi,6dfc52a4-9fad-46cd-a53b-223256fae2d3
2921,104 Kostin Katu,,Järvenpää,Uusimaa,04430,Järvenpää,b51fb6e2-2021-4f44-ab75-346a3e313835
2922,870 Reponen Katu,,Helsinki,Uusimaa,00980,Helsinki,a384dc3d-e900-4a68-80eb-d966eaa03db5
2923,829 Huhtiranta Katu,,Tuusula,Uusimaa,04340,Tuusula,68a0854c-2ccb-4afb-bc91-dbf940efe8f0
2924,471 Priuska Katu,,Helsinki,Uusimaa,00930,Helsinki,d7c1e207-686b-412d-9cfb-492893ddcd04
2925,1079 Jormanainen Katu,,Tuusula,Uusimaa,04390,Tuusula,2e15038e-8ff3-4a97-9010-7ebd654f9112
2926,150 Revahl Katu,,Helsinki,Uusimaa,00610,Helsinki,df64a81b-bec8-4767-b65f-0f9d9d03bd22
2927,102 Pilhjerta Katu,,Espoo,Uusimaa,02100,Espoo,be9cd329-f5f3-4f6f-8aa7-e55f9d56308b
2928,608 Nisukangas Katu,,Helsinki,Uusimaa,00840,Helsinki,f6f1ffcb-0970-4e9e-acfc-aa4cd1c2b569
2929,232 Ekbom Katu Apt 14,,Helsinki,Uusimaa,00160,Helsinki,293c8e1d-4703-4bc6-b20b-2f38aca6e933
2930,774 Seine Katu,,Helsinki,Uusimaa,00720,Helsinki,5a80a68d-b9b9-4d0c-99c7-cdcd8a8cffb3
2931,805 Niittyaro Katu Unit 79,,Helsinki,Uusimaa,00690,Helsinki,73849065-b1c0-480e-9150-4ec7d537bcb8
2932,104 Ala-Louko Katu,,Helsinki,Uusimaa,00690,Helsinki,7513c333-6200-44d0-b405-765ff30e10d3
2933,679 Merta Katu Unit 98,,Vantaa,Uusimaa,01300,Vantaa,113b160b-3487-4f9d-bd9e-c6cf770d1a03
2934,1021 Wassholm Katu,,Helsinki,Uusimaa,00260,Helsinki,734a4001-b7ab-43d4-9107-2b3d04e58a04
2935,437 Loimi Katu Apt 64,,Helsinki,Uusimaa,00120,Helsinki,bee4f788-cad5-4398-b7cf-c6535371c307
2936,764 Sulopuisto Katu,,Vantaa,Uusimaa,01710,Vantaa,23fa03b1-5e84-4697-921e-75128f4f4ce1
2937,1020 Hyväkkä Katu,,Helsinki,Uusimaa,00220,Helsinki,469456ed-0247-4afa-ae8e-b0cd81591cd4
2938,813 Iho Katu Unit 53,,Espoo,Uusimaa,02340,Espoo,a566cf57-b2b2-46b6-b050-7317542fd573
2939,314 Sandman Katu,,Vihti,Uusimaa,03320,Vihti,a141d557-f98d-482a-8607-38220eabb973
2940,948 Paalasmaa Katu,,Kerava,Uusimaa,04250,Kerava,e412ba4b-25bd-407d-92e7-958c3080901d
2941,689 Haapalahti Katu Apt 46,,Espoo,Uusimaa,02320,Espoo,e4a862d5-98ce-4684-9726-cd6e3d8408f1
2942,465 Holmstén Katu,,Helsinki,Uusimaa,00880,Helsinki,cb1df21e-451d-434d-830c-1c0c540c7c5e
2943,216 Isoaho Katu,,Espoo,Uusimaa,02290,Espoo,29e709de-f4b4-43d2-82ba-01a4cd218104
2944,1020 Siikaranta Katu Apt 99,,Helsinki,Uusimaa,00740,Helsinki,f2625f7d-2124-47bc-8971-e9fd2d722eac
2945,474 Morgan Katu,,Espoo,Uusimaa,02100,Espoo,a8e41bff-f12a-4d1c-8613-371f92c350fc
2946,799 Vaaranto Katu,,Helsinki,Uusimaa,00860,Helsinki,402faf4a-076f-4e05-9698-713238bc5534
2947,1008 Rötsä Katu,,Vantaa,Uusimaa,01750,Vantaa,92857b82-cd40-4c52-86bf-81ce6d225fd1
2948,440 Mella-Aho Katu,,Helsinki,Uusimaa,00740,Helsinki,6b084af4-cd0c-475c-8970-60f2b10431ea
2949,841 Silaste Katu,,Hanko,Uusimaa,10940,Hanko,bc294951-00ee-4106-8931-1de658b01a78
2950,996 Loimu Katu,,Helsinki,Uusimaa,00520,Helsinki,d63e530c-ff50-4c60-b14d-a185b06e512e
2951,827 Vestergård Katu,,Espoo,Uusimaa,02820,Espoo,b9fb20a5-6412-4e14-bc79-bdef8dff5052
2952,543 Annanolli Katu,,Järvenpää,Uusimaa,04430,Järvenpää,84a1a13d-75d0-4122-b1fd-2f6a4bf23f49
2953,593 Powell Katu,,Helsinki,Uusimaa,00690,Helsinki,eab2d040-673c-4f40-ac97-ac7db3f2ddc1
2954,173 Nordfors Katu,,Vantaa,Uusimaa,01390,Vantaa,4707ba24-f0ca-4dbf-94e0-dd5dd1dbf6cd
2955,504 Ruohomäki Katu,,Vantaa,Uusimaa,01600,Vantaa,827c4ee8-8582-4092-a1fa-108fad06fa79
2956,477 Edelmann Katu,,Helsinki,Uusimaa,00190,Helsinki,cd776da9-a540-4bbe-829c-99e3517eb42a
2957,519 Rapeli Katu Suite 12,,Mäntsälä,Uusimaa,04630,Mäntsälä,67221b38-269f-49d9-9d08-5e0a09b39e70
2958,1048 Hynnälä Katu,,Espoo,Uusimaa,02380,Espoo,5a6ac65f-9ca7-42f8-941f-0f9a66945e01
2959,697 Sievinen Katu,,Nurmijärvi,Uusimaa,01940,Nurmijärvi,cd6e4825-b95c-4416-9210-486e3e50f648
2960,239 Korpinen Katu,,Helsinki,Uusimaa,00150,Helsinki,2194c6c1-b34b-43c7-9bdf-a9b6788719be
2961,1066 Kiilunen Katu Unit 75,,Vantaa,Uusimaa,01420,Vantaa,20731ffe-436b-4ef6-9227-ab2311776445
2962,524 Wasberg Katu Suite 46,,Espoo,Uusimaa,02160,Espoo,4e607094-e769-4ffa-92d9-624742ebcb36
2963,637 Ihantoja Katu,,Helsinki,Uusimaa,00180,Helsinki,41e1522e-1646-4163-8244-95882afa0e04
2964,838 Paunila Katu Unit 51,,Helsinki,Uusimaa,00330,Helsinki,2259dd2f-8131-4897-a797-cb3c47a73454
2965,215 Hukkamäki Katu,,Helsinki,Uusimaa,00710,Helsinki,da80805f-adc1-4f33-b8ab-f920fc181e6f
2966,652 Ruottinen Katu Unit 33,,Vihti,Uusimaa,03250,Vihti,10a1e2a4-9fe5-4d16-b721-6fb3b5030f11
2967,496 Kovapohja Katu,,Helsinki,Uusimaa,00320,Helsinki,f1cb0812-3f76-4e53-a978-2ddc963e6f3f
2968,770 Kallionsivu Katu Unit 39,,Vantaa,Uusimaa,01520,Vantaa,258a18df-2dc7-4827-a86d-d91e324ddc7d
2969,1047 Holmgård Katu,,Hyvinkää,Uusimaa,05620,Hyvinkää,6fae068a-f2f0-4c99-847e-d240448d010f
2970,692 Djupsjö Katu,,Espoo,Uusimaa,02360,Espoo,d299c69c-2e5d-4e11-9bea-5c03853d2234
2971,682 Säkö Katu Suite 31,,Kerava,Uusimaa,04230,Kerava,135ab75f-1dc1-4fa9-b889-922df25065dc
2972,1071 Mansala Katu,,Helsinki,Uusimaa,00860,Helsinki,177e5eae-9a53-48e6-82d7-7148fd21b531
2973,746 Aholaita Katu,,Hyvinkää,Uusimaa,05880,Hyvinkää,be825f7c-8d62-49cb-b2aa-cf8539f255be
2974,237 Vestenius Katu,,Kirkkonummi,Uusimaa,02880,Kirkkonummi,86cd80e1-1b57-45fd-bcac-60e391c22d9d
2975,552 Linja Katu Unit 89,,Espoo,Uusimaa,02760,Espoo,0f40aea0-4ed0-4f3b-8a82-9825429b8279
2976,483 Heljanko Katu Suite 65,,Helsinki,Uusimaa,00640,Helsinki,068f26d7-4f0f-4ad4-bd2e-f43837dc3135
2977,533 Lövgren Katu,,Helsinki,Uusimaa,00580,Helsinki,6aa96af3-746c-4271-bdc7-9e92dc29cd54
2978,735 Aadan Katu,,Kerava,Uusimaa,04250,Kerava,97900311-7f0a-4544-baa6-d58fd1faf819
2979,554 Paloposki Katu,,Kerava,Uusimaa,04230,Kerava,71823a16-d6ab-4cb6-9a67-723af8599a72
2980,952 Drockila Katu Apt 43,,Helsinki,Uusimaa,00350,Helsinki,ca3cdd78-7e55-4c9d-bd5e-d559c1c3b4a2
2981,897 Hast Katu Unit 23,,Hyvinkää,Uusimaa,05830,Hyvinkää,39e26065-fc6f-4683-9154-0b490612fe90
2982,264 Toivari Katu,,Kirkkonummi,Uusimaa,02410,Kirkkonummi,dffaf5e3-c596-4951-bd00-3dbe931bf82e
2983,827 Buuri Katu Suite 93,,Porvoo,Uusimaa,07310,Porvoo,19d4cfe9-ea3b-4d0e-9f54-984591568fb7
2984,773 Tiltti Katu,,Porvoo,Uusimaa,06200,Porvoo,134af016-b662-4555-a0b5-8ce52d3712c0
2985,598 Näslund Katu Unit 25,,Helsinki,Uusimaa,00510,Helsinki,8c63c83b-91e6-46e8-8a7a-5999b53222f0
2986,1072 Savikangas Katu,,Helsinki,Uusimaa,00990,Helsinki,dfeaa5d0-a990-4c84-999a-aca40ee8d405
2987,227 Väistö Katu Unit 67,,Espoo,Uusimaa,02180,Espoo,62044846-21da-4ffa-87bc-9e79b4c439df
2988,914 Rantasaari Katu,,Vantaa,Uusimaa,01740,Vantaa,6f998889-28db-42a1-9c8c-57d99f2e76c4
2989,136 Kurtelius Katu Suite 63,,Espoo,Uusimaa,02240,Espoo,d1d10dc9-f7e0-4a78-a2fb-493e5aa72291
2990,208 Ahmavuo Katu,,Espoo,Uusimaa,02710,Espoo,378ac910-4b1b-4c85-832f-68bf7a0932d7
2991,907 Manneri Katu Suite 0,,Helsinki,Uusimaa,00640,Helsinki,cf6a85d1-fade-43c0-aa72-182a025892f4
2992,774 Hulkkonen Katu Suite 10,,Vantaa,Uusimaa,01200,Vantaa,057a8ec0-acf5-4c57-b929-51eba1985ac7
2993,338 von Boehm Katu Apt 3,,Helsinki,Uusimaa,00910,Helsinki,4145c42d-12f3-4840-8430-49bd6bec9828
2994,920 Perjus Katu,,Sipoo,Uusimaa,04170,Sipoo,7f8b5cd4-e1f9-44ba-93de-e978207eef6c
2995,460 Suvilahti Katu,,Helsinki,Uusimaa,00720,Helsinki,2dd1e4cd-a25c-46a3-b336-5f6d1825928c
2996,699 Puuska Katu,,Vantaa,Uusimaa,01420,Vantaa,b290ddac-586a-4102-bd68-7a2ed934ef8d
2997,215 Keltakangas Katu Apt 45,,Helsinki,Uusimaa,00550,Helsinki,cdaa28b9-6f6e-493f-ab70-b9ee46a7d1eb
2998,348 Kalinainen Katu Suite 14,,Helsinki,Uusimaa,00310,Helsinki,db9ff487-6698-4dc7-b3a4-58009cc6df07
2999,741 Esberg Katu Unit 79,,Espoo,Uusimaa,02320,Espoo,07f2771f-4cb4-4242-8261-055a4ad6a189
