START,STOP,PATIENT,ENCOUNTER,CODE,DESCRIPTION
2008-05-15,,3b48d3f5-9761-4c94-b688-46947fdb0722,cfc99a5f-9752-4ef9-bb88-af3596e9bca4,53741008,Coronary Heart Disease
2014-12-22,,b958fd97-5e75-4ab1-acde-a63cf0827b01,7dd36562-d9c1-4b04-b69d-5d1edb34e1bd,49436004,Atrial Fibrillation
2014-10-13,,27c49162-4c48-4830-93cb-dd7bb16e0115,fe53fb3c-04c1-4069-ae27-6a816f1369b2,49436004,Atrial Fibrillation
2004-03-18,,41d0c959-c3fa-43e9-81ce-80ed1b0bd0b4,a62e5388-4220-4b58-97a9-08c96cbd0c2a,53741008,Coronary Heart Disease
2012-02-16,,b785019e-6902-46ef-b372-c2f05eae4c9a,c1bcd4e6-edd1-4c0a-8a56-964ba194cea8,53741008,Coronary Heart Disease
2008-12-29,,b73bd56e-cf88-4a29-98cc-10a407c9cf78,dfc1b05e-5747-41cb-9f55-617481995c49,410429000,Cardiac Arrest
2008-12-29,,b73bd56e-cf88-4a29-98cc-10a407c9cf78,dfc1b05e-5747-41cb-9f55-617481995c49,429007001,History of cardiac arrest (situation)
1981-09-26,,dd77f502-b38d-462c-a469-47e051d99910,7c1c8183-1b22-4a59-b870-2b966ba25a25,410429000,Cardiac Arrest
1981-09-26,,dd77f502-b38d-462c-a469-47e051d99910,7c1c8183-1b22-4a59-b870-2b966ba25a25,429007001,History of cardiac arrest (situation)
1997-10-11,,972c281f-266f-44e3-8d62-8fb05241547f,5489bf0d-e5d5-4393-bae4-828b1e8d5ab0,230690007,Stroke
