START,STOP,PATIENT,PAYER,ENCOUNTER,CODE,DESCRIPTION,BASE_COST,PAYER_COVERAGE,DISPENSES,TOTALCOST,REASONCODE,REASONDESCRIPTION
2012-08-27,2013-08-22,663f97ce-a6f8-4085-98cb-d5a8f9cb9270,b1c428d6-4f07-31e0-90f0-68ffa6ff8c76,10e272e4-6969-4ec5-9f54-90dff2acedd9,978950,Natazia 28 Day Pack,46.11,0.00,12,553.32,,
2015-08-12,2016-08-06,663f97ce-a6f8-4085-98cb-d5a8f9cb9270,b1c428d6-4f07-31e0-90f0-68ffa6ff8c76,a5073d23-9dcc-4c31-be26-9c29da9978d1,831533,Errin 28 Day Pack,27.55,0.00,12,330.60,,
2017-08-01,2018-07-27,663f97ce-a6f8-4085-98cb-d5a8f9cb9270,b1c428d6-4f07-31e0-90f0-68ffa6ff8c76,096e0089-c656-4127-ac4a-8a692bdbfcdb,748962,Camila 28 Day Pack,17.17,0.00,12,206.04,,
2019-07-22,,663f97ce-a6f8-4085-98cb-d5a8f9cb9270,b1c428d6-4f07-31e0-90f0-68ffa6ff8c76,944780bb-1c64-401f-a25f-ac6d0c12ab7f,1367439,NuvaRing 0.12/0.015 MG per 24HR 21 Day Vaginal Ring,22.49,0.00,7,157.43,,
2009-06-07,2010-06-07,82f44313-9a18-45de-8032-dfc6fa57f67e,b1c428d6-4f07-31e0-90f0-68ffa6ff8c76,5c59693d-6c66-4dca-a917-cec73065fb95,807283,Mirena 52 MG Intrauterine System,946.16,0.00,12,11353.92,,
2014-05-17,2015-05-18,82f44313-9a18-45de-8032-dfc6fa57f67e,b1c428d6-4f07-31e0-90f0-68ffa6ff8c76,3b0552e2-9700-4dcf-9e8b-65d5c8a555e5,807283,Mirena 52 MG Intrauterine System,1301.77,0.00,12,15621.24,,
2015-05-18,2016-05-12,82f44313-9a18-45de-8032-dfc6fa57f67e,b1c428d6-4f07-31e0-90f0-68ffa6ff8c76,d35f9afe-f28c-4e48-b651-10bdd537201c,978950,Natazia 28 Day Pack,29.81,0.00,12,357.72,,
2016-05-12,2017-05-07,82f44313-9a18-45de-8032-dfc6fa57f67e,b1c428d6-4f07-31e0-90f0-68ffa6ff8c76,d91a915d-5226-447b-8d8e-f38b9dd28d52,751905,Trinessa 28 Day Pack,24.10,0.00,12,289.20,,
2008-05-15,,3b48d3f5-9761-4c94-b688-46947fdb0722,b1c428d6-4f07-31e0-90f0-68ffa6ff8c76,cfc99a5f-9752-4ef9-bb88-af3596e9bca4,309362,Clopidogrel 75 MG Oral Tablet,43.70,0.00,143,6249.10,,
2008-05-15,,3b48d3f5-9761-4c94-b688-46947fdb0722,b1c428d6-4f07-31e0-90f0-68ffa6ff8c76,cfc99a5f-9752-4ef9-bb88-af3596e9bca4,312961,Simvastatin 20 MG Oral Tablet,24.35,0.00,143,3482.05,,
2008-05-15,,3b48d3f5-9761-4c94-b688-46947fdb0722,b1c428d6-4f07-31e0-90f0-68ffa6ff8c76,cfc99a5f-9752-4ef9-bb88-af3596e9bca4,197361,Amlodipine 5 MG Oral Tablet,12.82,0.00,143,1833.26,,
2008-05-15,,3b48d3f5-9761-4c94-b688-46947fdb0722,b1c428d6-4f07-31e0-90f0-68ffa6ff8c76,cfc99a5f-9752-4ef9-bb88-af3596e9bca4,705129,Nitroglycerin 0.4 MG/ACTUAT Mucosal Spray,216.36,0.00,143,30939.48,,
2014-12-22,,b958fd97-5e75-4ab1-acde-a63cf0827b01,b1c428d6-4f07-31e0-90f0-68ffa6ff8c76,7dd36562-d9c1-4b04-b69d-5d1edb34e1bd,855332,Warfarin Sodium 5 MG Oral Tablet,47.75,0.00,63,3008.25,,
2014-12-22,,b958fd97-5e75-4ab1-acde-a63cf0827b01,b1c428d6-4f07-31e0-90f0-68ffa6ff8c76,7dd36562-d9c1-4b04-b69d-5d1edb34e1bd,897718,Verapamil Hydrochloride 40 MG,78.91,0.00,63,4971.33,,
2014-12-22,,b958fd97-5e75-4ab1-acde-a63cf0827b01,b1c428d6-4f07-31e0-90f0-68ffa6ff8c76,7dd36562-d9c1-4b04-b69d-5d1edb34e1bd,197604,Digoxin 0.125 MG Oral Tablet,117.17,0.00,63,7381.71,,
2010-04-12,2011-04-07,fa2fb38e-afb3-48d9-a2a0-e99ded8409df,b1c428d6-4f07-31e0-90f0-68ffa6ff8c76,f8772f95-78d7-40b8-828e-4a3e1a926f26,751905,Trinessa 28 Day Pack,26.07,0.00,12,312.84,,
2016-03-11,2017-03-06,fa2fb38e-afb3-48d9-a2a0-e99ded8409df,b1c428d6-4f07-31e0-90f0-68ffa6ff8c76,cb0d210a-e0c9-4e36-8f8f-e9f8db6d9aef,748879,Levora 0.15/30 28 Day Pack,33.44,0.00,12,401.28,,
2017-03-06,2018-03-01,fa2fb38e-afb3-48d9-a2a0-e99ded8409df,b1c428d6-4f07-31e0-90f0-68ffa6ff8c76,3fb7ce65-e87a-489f-8b00-7b611f64749a,751905,Trinessa 28 Day Pack,25.48,0.00,12,305.76,,
2018-03-01,2019-02-24,fa2fb38e-afb3-48d9-a2a0-e99ded8409df,b1c428d6-4f07-31e0-90f0-68ffa6ff8c76,b3e4fba1-25a1-4181-b287-7b21a565bc7a,389221,Etonogestrel 68 MG Drug Implant,720.63,0.00,12,8647.56,,
2019-02-24,2020-02-19,fa2fb38e-afb3-48d9-a2a0-e99ded8409df,b1c428d6-4f07-31e0-90f0-68ffa6ff8c76,66d61826-6d81-4c3e-8785-043e998e098e,978950,Natazia 28 Day Pack,40.26,0.00,12,483.12,,
2016-04-01,2017-03-27,d5e7d5de-f3f7-4f46-8f96-a6891fefa99f,b1c428d6-4f07-31e0-90f0-68ffa6ff8c76,9ed8a541-0d23-465a-a371-96bbeac2dfb7,749762,Seasonique 91 Day Pack,30.21,0.00,12,362.52,,
2018-03-22,2019-03-17,d5e7d5de-f3f7-4f46-8f96-a6891fefa99f,b1c428d6-4f07-31e0-90f0-68ffa6ff8c76,6e964bcd-2779-4a13-a962-f1388149992b,748856,Yaz 28 Day Pack,37.24,0.00,12,446.88,,
2009-11-14,2010-11-09,74579bc3-e950-4cdb-aa3f-b485dc1fead9,b1c428d6-4f07-31e0-90f0-68ffa6ff8c76,965a8079-e7a8-4d2b-a852-e8096827e661,1367439,NuvaRing 0.12/0.015 MG per 24HR 21 Day Vaginal Ring,38.39,0.00,12,460.68,,
2014-10-19,2015-10-14,74579bc3-e950-4cdb-aa3f-b485dc1fead9,b1c428d6-4f07-31e0-90f0-68ffa6ff8c76,ec9c80bf-516b-4f76-9f22-8baa39ea8ece,978950,Natazia 28 Day Pack,37.65,0.00,12,451.80,,
2017-10-03,2018-09-28,74579bc3-e950-4cdb-aa3f-b485dc1fead9,b1c428d6-4f07-31e0-90f0-68ffa6ff8c76,79615d17-cc32-4a43-b594-0b2921e2a8cd,1534809,168 HR Ethinyl Estradiol 0.00146 MG/HR / norelgestromin 0.00625 MG/HR Transdermal System,45.28,0.00,12,543.36,,
2009-11-07,2010-11-02,c794731e-4b27-4e4f-bfb2-241fdb4d174e,b1c428d6-4f07-31e0-90f0-68ffa6ff8c76,4ea2b0e3-3eaa-4c23-bb02-6b85c44e63ed,751905,Trinessa 28 Day Pack,28.37,0.00,12,340.44,,
2010-11-02,2011-10-28,c794731e-4b27-4e4f-bfb2-241fdb4d174e,b1c428d6-4f07-31e0-90f0-68ffa6ff8c76,e5f8a033-737e-4f17-9fb3-54e8acfce72d,751905,Trinessa 28 Day Pack,44.70,0.00,12,536.40,,
2012-10-22,2013-10-20,c794731e-4b27-4e4f-bfb2-241fdb4d174e,b1c428d6-4f07-31e0-90f0-68ffa6ff8c76,fc352f21-9a89-40b1-b733-817bb466c699,807283,Mirena 52 MG Intrauterine System,1032.04,0.00,12,12384.48,,
2013-03-28,2014-03-23,acda562d-4cb0-4260-934c-59a98bb5e8a0,b1c428d6-4f07-31e0-90f0-68ffa6ff8c76,009aeff6-be46-493a-a483-37e162de033f,978950,Natazia 28 Day Pack,21.19,0.00,12,254.28,,
2014-03-23,2015-03-18,acda562d-4cb0-4260-934c-59a98bb5e8a0,b1c428d6-4f07-31e0-90f0-68ffa6ff8c76,68d13fe2-7c1c-4b23-948d-dfd87c341b54,748879,Levora 0.15/30 28 Day Pack,43.64,0.00,12,523.68,,
2019-02-25,2020-02-20,acda562d-4cb0-4260-934c-59a98bb5e8a0,b1c428d6-4f07-31e0-90f0-68ffa6ff8c76,cffcb2ad-0c85-41ab-a71a-588d4f4e0295,749762,Seasonique 91 Day Pack,21.95,0.00,12,263.40,,
2009-06-16,2010-06-11,afe90de7-622b-4fcb-a54b-92db1e4d883f,b1c428d6-4f07-31e0-90f0-68ffa6ff8c76,f7a97e1b-6277-4ef8-a337-7a018b25bf01,749785,Ortho Tri-Cyclen 28 Day Pack,24.28,0.00,12,291.36,,
2010-06-11,2011-06-06,afe90de7-622b-4fcb-a54b-92db1e4d883f,b1c428d6-4f07-31e0-90f0-68ffa6ff8c76,6bbc466b-d99a-47f2-b407-00d04eedd837,389221,Etonogestrel 68 MG Drug Implant,538.98,0.00,12,6467.76,,
2011-06-06,2012-05-31,afe90de7-622b-4fcb-a54b-92db1e4d883f,b1c428d6-4f07-31e0-90f0-68ffa6ff8c76,42f48c8e-0326-4e78-b7c5-8264c3e6ab40,1000126,1 ML medroxyprogesterone acetate 150 MG/ML Injection,142.11,0.00,12,1705.32,,
2012-05-31,2013-05-26,afe90de7-622b-4fcb-a54b-92db1e4d883f,b1c428d6-4f07-31e0-90f0-68ffa6ff8c76,3669d9bc-f59a-42a6-8d89-26fe3c1aaf82,749762,Seasonique 91 Day Pack,35.96,0.00,12,431.52,,
2014-05-21,2015-05-16,afe90de7-622b-4fcb-a54b-92db1e4d883f,b1c428d6-4f07-31e0-90f0-68ffa6ff8c76,33c2ddad-5783-4c3a-b85d-1770908bac37,757594,Jolivette 28 Day Pack,40.49,0.00,12,485.88,,
2015-05-16,2016-05-10,afe90de7-622b-4fcb-a54b-92db1e4d883f,b1c428d6-4f07-31e0-90f0-68ffa6ff8c76,c14c14ac-b9c3-4b3d-bef0-a90e8597d9ed,748962,Camila 28 Day Pack,28.61,0.00,12,343.32,,
2016-05-10,2017-05-05,afe90de7-622b-4fcb-a54b-92db1e4d883f,b1c428d6-4f07-31e0-90f0-68ffa6ff8c76,cbfe4297-1f4f-4e8c-9b90-ebc5a757ccb9,749762,Seasonique 91 Day Pack,32.77,0.00,12,393.24,,
2017-05-05,2018-04-30,afe90de7-622b-4fcb-a54b-92db1e4d883f,b1c428d6-4f07-31e0-90f0-68ffa6ff8c76,344a5dbb-14ed-44a3-8b9a-694edb98fc8e,389221,Etonogestrel 68 MG Drug Implant,738.78,0.00,12,8865.36,,
2018-04-30,2019-04-25,afe90de7-622b-4fcb-a54b-92db1e4d883f,b1c428d6-4f07-31e0-90f0-68ffa6ff8c76,8f3d370d-202c-4b9b-96de-be2a4c145feb,1000126,1 ML medroxyprogesterone acetate 150 MG/ML Injection,593.54,0.00,12,7122.48,,
2019-04-25,,afe90de7-622b-4fcb-a54b-92db1e4d883f,b1c428d6-4f07-31e0-90f0-68ffa6ff8c76,f0ff8f9b-8ecb-4fb1-b607-d3d0a68b5c38,1856546,Kyleena 19.5 MG Intrauterine System,1220.16,0.00,10,12201.60,,
2009-08-05,2010-08-04,8051e14f-52da-447f-8ad7-d68ba4c727d7,b1c428d6-4f07-31e0-90f0-68ffa6ff8c76,19da8b9a-990b-4e44-979f-93fea3ae3ba6,807283,Mirena 52 MG Intrauterine System,1193.40,0.00,12,14320.80,,
2010-08-04,2011-07-30,8051e14f-52da-447f-8ad7-d68ba4c727d7,b1c428d6-4f07-31e0-90f0-68ffa6ff8c76,7218ddb2-38d9-4887-872a-f37fad88806e,389221,Etonogestrel 68 MG Drug Implant,739.50,0.00,12,8874.00,,
2012-07-24,2013-07-19,8051e14f-52da-447f-8ad7-d68ba4c727d7,b1c428d6-4f07-31e0-90f0-68ffa6ff8c76,ec4c4cf0-6d89-4a82-ac45-ea03a32fd1c1,1534809,168 HR Ethinyl Estradiol 0.00146 MG/HR / norelgestromin 0.00625 MG/HR Transdermal System,30.35,0.00,12,364.20,,
2013-07-19,2014-07-14,8051e14f-52da-447f-8ad7-d68ba4c727d7,b1c428d6-4f07-31e0-90f0-68ffa6ff8c76,cb39a020-a2c5-4c0e-967a-d44eab72ce8f,831533,Errin 28 Day Pack,20.61,0.00,12,247.32,,
2014-07-14,2015-07-09,8051e14f-52da-447f-8ad7-d68ba4c727d7,b1c428d6-4f07-31e0-90f0-68ffa6ff8c76,0cf58a9e-fb5e-4b52-828a-67aeb638750f,1534809,168 HR Ethinyl Estradiol 0.00146 MG/HR / norelgestromin 0.00625 MG/HR Transdermal System,23.66,0.00,12,283.92,,
2016-07-03,2017-06-28,8051e14f-52da-447f-8ad7-d68ba4c727d7,b1c428d6-4f07-31e0-90f0-68ffa6ff8c76,8975a657-3205-45b0-a3a1-b26ffb346015,389221,Etonogestrel 68 MG Drug Implant,528.62,0.00,12,6343.44,,
2014-10-13,,27c49162-4c48-4830-93cb-dd7bb16e0115,b1c428d6-4f07-31e0-90f0-68ffa6ff8c76,fe53fb3c-04c1-4069-ae27-6a816f1369b2,855332,Warfarin Sodium 5 MG Oral Tablet,39.42,0.00,65,2562.30,,
2014-10-13,,27c49162-4c48-4830-93cb-dd7bb16e0115,b1c428d6-4f07-31e0-90f0-68ffa6ff8c76,fe53fb3c-04c1-4069-ae27-6a816f1369b2,897718,Verapamil Hydrochloride 40 MG,61.99,0.00,65,4029.35,,
2014-10-13,,27c49162-4c48-4830-93cb-dd7bb16e0115,b1c428d6-4f07-31e0-90f0-68ffa6ff8c76,fe53fb3c-04c1-4069-ae27-6a816f1369b2,197604,Digoxin 0.125 MG Oral Tablet,76.70,0.00,65,4985.50,,
2018-09-04,2019-08-30,8590e191-a991-47af-8edb-69841f2e071e,b1c428d6-4f07-31e0-90f0-68ffa6ff8c76,99ea1372-12bd-4cf7-ba0b-3df75f2c7523,831533,Errin 28 Day Pack,31.12,0.00,12,373.44,,
2019-08-30,,8590e191-a991-47af-8edb-69841f2e071e,b1c428d6-4f07-31e0-90f0-68ffa6ff8c76,1614a133-ad35-467b-aff7-e4a78af87007,831533,Errin 28 Day Pack,24.43,0.00,6,146.58,,
2010-10-04,2011-09-29,b9fda069-6c93-42bc-adf4-91725d29b7e0,b1c428d6-4f07-31e0-90f0-68ffa6ff8c76,15278821-ed74-4179-aa6f-c94dab2f83ce,748962,Camila 28 Day Pack,35.43,0.00,12,425.16,,
2012-09-23,2013-09-18,b9fda069-6c93-42bc-adf4-91725d29b7e0,b1c428d6-4f07-31e0-90f0-68ffa6ff8c76,3871b991-2be7-408f-bf50-84c38a502344,757594,Jolivette 28 Day Pack,33.96,0.00,12,407.52,,
2014-09-13,2015-09-08,b9fda069-6c93-42bc-adf4-91725d29b7e0,b1c428d6-4f07-31e0-90f0-68ffa6ff8c76,6d1f6e16-a9e9-402b-a29d-4b8e35c70040,831533,Errin 28 Day Pack,45.16,0.00,12,541.92,,
2015-09-08,2016-09-02,b9fda069-6c93-42bc-adf4-91725d29b7e0,b1c428d6-4f07-31e0-90f0-68ffa6ff8c76,239d733a-5da1-4750-af40-e6a26fd85407,831533,Errin 28 Day Pack,29.30,0.00,12,351.60,,
2017-08-28,2018-08-23,b9fda069-6c93-42bc-adf4-91725d29b7e0,b1c428d6-4f07-31e0-90f0-68ffa6ff8c76,1ed43da3-8f54-48a6-afa2-1a207c4de69b,1367439,NuvaRing 0.12/0.015 MG per 24HR 21 Day Vaginal Ring,33.65,0.00,12,403.80,,
2018-08-23,2019-08-18,b9fda069-6c93-42bc-adf4-91725d29b7e0,b1c428d6-4f07-31e0-90f0-68ffa6ff8c76,2f2ee7fd-5acb-4a48-9036-28a70a374b1f,748962,Camila 28 Day Pack,40.89,0.00,12,490.68,,
2010-07-17,2011-07-12,3d52ef36-3afd-4998-9a0a-4255b5eadffd,b1c428d6-4f07-31e0-90f0-68ffa6ff8c76,ecac1320-33e7-455e-85ee-ab9bac10a6ea,831533,Errin 28 Day Pack,38.55,0.00,12,462.60,,
2012-07-15,2013-07-10,3d52ef36-3afd-4998-9a0a-4255b5eadffd,b1c428d6-4f07-31e0-90f0-68ffa6ff8c76,563fa201-4fbb-4a5c-aa2d-9d3ef25116b5,748856,Yaz 28 Day Pack,41.90,0.00,12,502.80,,
2013-07-10,2014-07-05,3d52ef36-3afd-4998-9a0a-4255b5eadffd,b1c428d6-4f07-31e0-90f0-68ffa6ff8c76,e656540a-7324-475f-b947-74406fd99005,978950,Natazia 28 Day Pack,20.07,0.00,12,240.84,,
2014-07-05,2015-06-30,3d52ef36-3afd-4998-9a0a-4255b5eadffd,b1c428d6-4f07-31e0-90f0-68ffa6ff8c76,e3a287de-074d-4ce3-aab8-2d13a73cf466,389221,Etonogestrel 68 MG Drug Implant,536.32,0.00,12,6435.84,,
2016-06-24,2017-06-19,3d52ef36-3afd-4998-9a0a-4255b5eadffd,b1c428d6-4f07-31e0-90f0-68ffa6ff8c76,0dfa142d-3938-4206-9524-97f8f5f954ef,389221,Etonogestrel 68 MG Drug Implant,628.56,0.00,12,7542.72,,
2018-06-14,2019-06-09,3d52ef36-3afd-4998-9a0a-4255b5eadffd,b1c428d6-4f07-31e0-90f0-68ffa6ff8c76,efac7fb7-c9e5-4235-9a7f-26d3ac150a12,1000126,1 ML medroxyPROGESTERone acetate 150 MG/ML Injection,118.81,0.00,12,1425.72,,
2004-03-18,,41d0c959-c3fa-43e9-81ce-80ed1b0bd0b4,b1c428d6-4f07-31e0-90f0-68ffa6ff8c76,a62e5388-4220-4b58-97a9-08c96cbd0c2a,309362,Clopidogrel 75 MG Oral Tablet,81.22,0.00,194,15756.68,,
2004-03-18,,41d0c959-c3fa-43e9-81ce-80ed1b0bd0b4,b1c428d6-4f07-31e0-90f0-68ffa6ff8c76,a62e5388-4220-4b58-97a9-08c96cbd0c2a,312961,Simvastatin 20 MG Oral Tablet,8.01,0.00,194,1553.94,,
2004-03-18,,41d0c959-c3fa-43e9-81ce-80ed1b0bd0b4,b1c428d6-4f07-31e0-90f0-68ffa6ff8c76,a62e5388-4220-4b58-97a9-08c96cbd0c2a,197361,Amlodipine 5 MG Oral Tablet,59.92,0.00,194,11624.48,,
2004-03-18,,41d0c959-c3fa-43e9-81ce-80ed1b0bd0b4,b1c428d6-4f07-31e0-90f0-68ffa6ff8c76,a62e5388-4220-4b58-97a9-08c96cbd0c2a,705129,Nitroglycerin 0.4 MG/ACTUAT Mucosal Spray,352.54,0.00,194,68392.76,,
2009-10-14,2010-10-09,33b2eab0-ed0e-456f-8669-e87dd32f3752,b1c428d6-4f07-31e0-90f0-68ffa6ff8c76,78749f07-339b-4faf-9456-3c970b9ce9e0,751905,Trinessa 28 Day Pack,35.00,0.00,12,420.00,,
2012-09-28,2013-09-23,33b2eab0-ed0e-456f-8669-e87dd32f3752,b1c428d6-4f07-31e0-90f0-68ffa6ff8c76,fb1e9930-14e4-4800-a97f-ca02b95648bd,748856,Yaz 28 Day Pack,32.91,0.00,12,394.92,,
2014-09-18,2015-09-13,33b2eab0-ed0e-456f-8669-e87dd32f3752,b1c428d6-4f07-31e0-90f0-68ffa6ff8c76,3db770f8-1f55-41bf-b157-008b0bae5d2e,749762,Seasonique 91 Day Pack,38.99,0.00,12,467.88,,
2017-09-02,2018-08-28,33b2eab0-ed0e-456f-8669-e87dd32f3752,b1c428d6-4f07-31e0-90f0-68ffa6ff8c76,f693451a-7acd-4116-8ff0-ca5302528862,978950,Natazia 28 Day Pack,35.80,0.00,12,429.60,,
2015-09-10,2016-09-04,97a8ff9a-aa91-4b8d-a3f3-9d43254df9c3,b1c428d6-4f07-31e0-90f0-68ffa6ff8c76,47722c3a-be43-4e3a-9eb5-1dc2f35cc4b0,748879,Levora 0.15/30 28 Day Pack,31.38,0.00,12,376.56,,
2019-08-20,,97a8ff9a-aa91-4b8d-a3f3-9d43254df9c3,b1c428d6-4f07-31e0-90f0-68ffa6ff8c76,f1805f8a-e45a-4336-9e89-5d6782ee5dca,749762,Seasonique 91 Day Pack,22.22,0.00,6,133.32,,
2009-04-28,2010-04-23,b196e06f-f186-4f11-b611-56497c335d1f,b1c428d6-4f07-31e0-90f0-68ffa6ff8c76,56390ab1-3820-47ce-8711-37323854c946,749785,Ortho Tri-Cyclen 28 Day Pack,21.43,0.00,12,257.16,,
2011-04-18,2012-04-12,b196e06f-f186-4f11-b611-56497c335d1f,b1c428d6-4f07-31e0-90f0-68ffa6ff8c76,ae600b3f-d7d2-4cde-a743-9683e780ba24,749762,Seasonique 91 Day Pack,44.48,0.00,12,533.76,,
2014-04-02,2015-03-28,b196e06f-f186-4f11-b611-56497c335d1f,b1c428d6-4f07-31e0-90f0-68ffa6ff8c76,0b44eb06-a12f-4c15-9b81-3b867c6445b5,1367439,NuvaRing 0.12/0.015 MG per 24HR 21 Day Vaginal Ring,39.26,0.00,12,471.12,,
2015-03-28,2016-03-22,b196e06f-f186-4f11-b611-56497c335d1f,b1c428d6-4f07-31e0-90f0-68ffa6ff8c76,5c1737bf-c6fb-4a15-8713-180ee54991c2,1000126,1 ML medroxyPROGESTERone acetate 150 MG/ML Injection,344.03,0.00,12,4128.36,,
2017-03-17,2018-03-12,b196e06f-f186-4f11-b611-56497c335d1f,b1c428d6-4f07-31e0-90f0-68ffa6ff8c76,0648ed23-b298-4171-92f2-76484e6f5174,389221,Etonogestrel 68 MG Drug Implant,507.83,0.00,12,6093.96,,
2018-03-12,2019-03-07,b196e06f-f186-4f11-b611-56497c335d1f,b1c428d6-4f07-31e0-90f0-68ffa6ff8c76,3fb27981-af0a-4045-b65d-cdc16b95ca49,749762,Seasonique 91 Day Pack,26.20,0.00,12,314.40,,
2011-11-08,2012-11-02,85932ea5-ba35-41b9-93a6-eed4388c8bca,b1c428d6-4f07-31e0-90f0-68ffa6ff8c76,1857d837-6cfe-4ca9-819d-f9673c622342,389221,Etonogestrel 68 MG Drug Implant,531.11,0.00,12,6373.32,,
2012-11-02,2013-10-28,85932ea5-ba35-41b9-93a6-eed4388c8bca,b1c428d6-4f07-31e0-90f0-68ffa6ff8c76,f3ad777d-55ca-4a1b-88c5-42f819dbbfa6,757594,Jolivette 28 Day Pack,40.49,0.00,12,485.88,,
2014-10-23,2015-10-18,85932ea5-ba35-41b9-93a6-eed4388c8bca,b1c428d6-4f07-31e0-90f0-68ffa6ff8c76,c335fe29-a04c-4904-807b-2aba94ae16d3,748962,Camila 28 Day Pack,41.24,0.00,12,494.88,,
2016-10-15,2017-10-10,85932ea5-ba35-41b9-93a6-eed4388c8bca,b1c428d6-4f07-31e0-90f0-68ffa6ff8c76,9a13eb58-190b-4794-93f8-98534b3c614f,748879,Levora 0.15/30 28 Day Pack,32.46,0.00,12,389.52,,
2017-10-10,2018-10-05,85932ea5-ba35-41b9-93a6-eed4388c8bca,b1c428d6-4f07-31e0-90f0-68ffa6ff8c76,e129f2eb-68ef-42e5-b304-b8486125aab5,748856,Yaz 28 Day Pack,38.18,0.00,12,458.16,,
2019-09-30,,85932ea5-ba35-41b9-93a6-eed4388c8bca,b1c428d6-4f07-31e0-90f0-68ffa6ff8c76,dbe3c6fb-c58b-4b78-8de0-4bb4ed85ebd2,748879,Levora 0.15/30 28 Day Pack,19.98,0.00,5,99.90,,
2011-05-12,2012-05-06,b90bbca2-98c9-43db-8b2b-70ffb400a9c5,b1c428d6-4f07-31e0-90f0-68ffa6ff8c76,04ed9eca-5361-4b2a-910c-f9c29fff6849,978950,Natazia 28 Day Pack,30.48,0.00,12,365.76,,
2013-05-01,2014-04-26,b90bbca2-98c9-43db-8b2b-70ffb400a9c5,b1c428d6-4f07-31e0-90f0-68ffa6ff8c76,394d53b5-02d7-4ba8-a80e-d9119da7dd30,1367439,NuvaRing 0.12/0.015 MG per 24HR 21 Day Vaginal Ring,26.44,0.00,12,317.28,,
2017-04-10,2018-04-05,b90bbca2-98c9-43db-8b2b-70ffb400a9c5,b1c428d6-4f07-31e0-90f0-68ffa6ff8c76,c223e4f8-4670-485c-ac28-eda8204671a8,1000126,1 ML medroxyprogesterone acetate 150 MG/ML Injection,160.61,0.00,12,1927.32,,
2012-02-16,,b785019e-6902-46ef-b372-c2f05eae4c9a,b1c428d6-4f07-31e0-90f0-68ffa6ff8c76,c1bcd4e6-edd1-4c0a-8a56-964ba194cea8,309362,Clopidogrel 75 MG Oral Tablet,61.09,0.00,98,5986.82,,
2012-02-16,,b785019e-6902-46ef-b372-c2f05eae4c9a,b1c428d6-4f07-31e0-90f0-68ffa6ff8c76,c1bcd4e6-edd1-4c0a-8a56-964ba194cea8,312961,Simvastatin 20 MG Oral Tablet,13.48,0.00,98,1321.04,,
2012-02-16,,b785019e-6902-46ef-b372-c2f05eae4c9a,b1c428d6-4f07-31e0-90f0-68ffa6ff8c76,c1bcd4e6-edd1-4c0a-8a56-964ba194cea8,197361,Amlodipine 5 MG Oral Tablet,42.79,0.00,98,4193.42,,
2012-02-16,,b785019e-6902-46ef-b372-c2f05eae4c9a,b1c428d6-4f07-31e0-90f0-68ffa6ff8c76,c1bcd4e6-edd1-4c0a-8a56-964ba194cea8,705129,Nitroglycerin 0.4 MG/ACTUAT Mucosal Spray,268.93,0.00,98,26355.14,,
2009-05-11,2010-05-06,cf66e0f3-2704-4a64-8276-93801457ace0,b1c428d6-4f07-31e0-90f0-68ffa6ff8c76,e4955a6d-88c4-4124-afef-9d73cdf5b9d5,748962,Camila 28 Day Pack,26.56,0.00,12,318.72,,
2010-05-06,2011-05-01,cf66e0f3-2704-4a64-8276-93801457ace0,b1c428d6-4f07-31e0-90f0-68ffa6ff8c76,7985efc7-98f7-4816-ad49-f12bcb025c4b,978950,Natazia 28 Day Pack,18.86,0.00,12,226.32,,
2014-04-15,2015-04-10,cf66e0f3-2704-4a64-8276-93801457ace0,b1c428d6-4f07-31e0-90f0-68ffa6ff8c76,b7a74531-6e1f-4bbe-8cb0-840057f73c71,1000126,1 ML medroxyprogesterone acetate 150 MG/ML Injection,59.38,0.00,12,712.56,,
2015-04-10,2016-04-04,cf66e0f3-2704-4a64-8276-93801457ace0,b1c428d6-4f07-31e0-90f0-68ffa6ff8c76,e9e5629d-c26c-48bc-9ec9-471eaa988c76,978950,Natazia 28 Day Pack,22.32,0.00,12,267.84,,
2016-04-04,2017-03-30,cf66e0f3-2704-4a64-8276-93801457ace0,b1c428d6-4f07-31e0-90f0-68ffa6ff8c76,b284d544-7e20-46de-8493-af3507600fbf,748879,Levora 0.15/30 28 Day Pack,25.71,0.00,12,308.52,,
2014-06-02,2015-05-28,b73bd56e-cf88-4a29-98cc-10a407c9cf78,b1c428d6-4f07-31e0-90f0-68ffa6ff8c76,4f7f5814-ad50-416e-8410-8bc3750927e7,748856,Yaz 28 Day Pack,42.88,0.00,12,514.56,,
2017-05-17,2018-05-12,b73bd56e-cf88-4a29-98cc-10a407c9cf78,b1c428d6-4f07-31e0-90f0-68ffa6ff8c76,d3700c98-773a-4a66-953b-84ea351e14b7,831533,Errin 28 Day Pack,39.48,0.00,12,473.76,,
2019-03-20,,cf66e0f3-2704-4a64-8276-93801457ace0,b1c428d6-4f07-31e0-90f0-68ffa6ff8c76,b3cb45d6-e3c3-47e0-820d-6ca01a9edab7,1605257,Liletta 52 MG Intrauterine System,951.70,0.00,11,10468.70,,
2009-09-27,2010-09-22,a8c29b4b-14cd-4ec2-91cc-7d6b259b3410,b1c428d6-4f07-31e0-90f0-68ffa6ff8c76,fa9716e5-95df-4304-87b6-4bff39bf7cc2,1367439,NuvaRing 0.12/0.015 MG per 24HR 21 Day Vaginal Ring,18.10,0.00,12,217.20,,
2013-12-25,2014-12-20,a8169d50-b89b-4a2f-8c72-311c124c1b41,b1c428d6-4f07-31e0-90f0-68ffa6ff8c76,7d237ecd-2199-47c5-a6b8-aaf3e857bb18,757594,Jolivette 28 Day Pack,33.85,0.00,12,406.20,,
2015-12-15,2016-12-09,a8169d50-b89b-4a2f-8c72-311c124c1b41,b1c428d6-4f07-31e0-90f0-68ffa6ff8c76,652a0aed-7803-4f62-849e-e9840b32a0c5,748856,Yaz 28 Day Pack,43.38,0.00,12,520.56,,
2016-12-09,2017-12-04,a8169d50-b89b-4a2f-8c72-311c124c1b41,b1c428d6-4f07-31e0-90f0-68ffa6ff8c76,3b75ab4f-06e3-4ce3-9f7f-9956caf3d43a,978950,Natazia 28 Day Pack,29.35,0.00,12,352.20,,
2017-12-04,2018-11-29,a8169d50-b89b-4a2f-8c72-311c124c1b41,b1c428d6-4f07-31e0-90f0-68ffa6ff8c76,c8003a94-b40c-4f08-b505-c760842cc81e,749762,Seasonique 91 Day Pack,18.48,0.00,12,221.76,,
2019-11-24,,a8169d50-b89b-4a2f-8c72-311c124c1b41,b1c428d6-4f07-31e0-90f0-68ffa6ff8c76,a442d07d-ced6-4c64-88a8-e0564a82ce6b,749762,Seasonique 91 Day Pack,37.31,0.00,3,111.93,,
2010-02-03,2011-01-29,76ff43f7-d51a-4b09-a171-34b46776f769,b1c428d6-4f07-31e0-90f0-68ffa6ff8c76,26ab6cc1-d243-452d-a905-f4b6a1bbf201,389221,Etonogestrel 68 MG Drug Implant,514.12,0.00,12,6169.44,,
2014-01-13,2015-01-08,76ff43f7-d51a-4b09-a171-34b46776f769,b1c428d6-4f07-31e0-90f0-68ffa6ff8c76,995c14f7-d537-42de-a612-b784e2d509e2,389221,Etonogestrel 68 MG Drug Implant,561.78,0.00,12,6741.36,,
2015-01-08,2016-01-03,76ff43f7-d51a-4b09-a171-34b46776f769,b1c428d6-4f07-31e0-90f0-68ffa6ff8c76,a208cd1c-17f0-459c-9d6c-15d0babccd06,749762,Seasonique 91 Day Pack,28.20,0.00,12,338.40,,
2016-12-28,2017-12-23,76ff43f7-d51a-4b09-a171-34b46776f769,b1c428d6-4f07-31e0-90f0-68ffa6ff8c76,48484b0f-667b-4ff7-a429-a9b59085c06b,831533,Errin 28 Day Pack,23.09,0.00,12,277.08,,
2010-10-07,2011-10-02,23d0eabb-78ee-42c9-a43e-322b30fdeb3d,b1c428d6-4f07-31e0-90f0-68ffa6ff8c76,40e0b04d-89ee-4a04-9e2b-418bc8c444d0,389221,Etonogestrel 68 MG Drug Implant,646.21,0.00,12,7754.52,,
2014-09-16,2015-09-11,23d0eabb-78ee-42c9-a43e-322b30fdeb3d,b1c428d6-4f07-31e0-90f0-68ffa6ff8c76,ff2f1899-35cc-4ee0-8266-23093ec9d8e1,1000126,1 ML medroxyprogesterone acetate 150 MG/ML Injection,574.14,0.00,12,6889.68,,
2015-09-11,2016-09-05,23d0eabb-78ee-42c9-a43e-322b30fdeb3d,b1c428d6-4f07-31e0-90f0-68ffa6ff8c76,0935f24c-d854-4620-a8f7-22c9bdf87484,751905,Trinessa 28 Day Pack,28.64,0.00,12,343.68,,
2016-09-05,2017-08-31,23d0eabb-78ee-42c9-a43e-322b30fdeb3d,b1c428d6-4f07-31e0-90f0-68ffa6ff8c76,29c144b1-2a97-4e4b-9d3f-000ce146e32e,749762,Seasonique 91 Day Pack,38.52,0.00,12,462.24,,
2018-08-26,2019-08-21,23d0eabb-78ee-42c9-a43e-322b30fdeb3d,b1c428d6-4f07-31e0-90f0-68ffa6ff8c76,8f064e81-418a-46da-b134-79402393f0b0,751905,Trinessa 28 Day Pack,41.86,0.00,12,502.32,,
2019-08-21,,23d0eabb-78ee-42c9-a43e-322b30fdeb3d,b1c428d6-4f07-31e0-90f0-68ffa6ff8c76,d35751ec-904a-45cc-90ae-c413a21b8f0d,748879,Levora 0.15/30 28 Day Pack,36.90,0.00,6,221.40,,
2010-11-26,2011-11-21,ea240d16-f4ab-4e37-82f8-4daadafd6be1,b1c428d6-4f07-31e0-90f0-68ffa6ff8c76,6571dfb7-faa3-4169-8869-62646239c984,1367439,NuvaRing 0.12/0.015 MG per 24HR 21 Day Vaginal Ring,38.57,0.00,12,462.84,,
2011-11-21,2012-11-15,ea240d16-f4ab-4e37-82f8-4daadafd6be1,b1c428d6-4f07-31e0-90f0-68ffa6ff8c76,6b016a28-ec0a-46e0-8be4-344a27715c31,748856,Yaz 28 Day Pack,39.61,0.00,12,475.32,,
2016-10-25,2017-10-23,ea240d16-f4ab-4e37-82f8-4daadafd6be1,b1c428d6-4f07-31e0-90f0-68ffa6ff8c76,44b20908-a1a6-4f8d-a3f9-6bd6b4a8a01a,1605257,Liletta 52 MG Intrauterine System,1201.60,0.00,12,14419.20,,
2018-10-18,2019-10-13,ea240d16-f4ab-4e37-82f8-4daadafd6be1,b1c428d6-4f07-31e0-90f0-68ffa6ff8c76,8ada4607-e36d-4b1f-845e-89a01a8e6888,748879,Levora 0.15/30 28 Day Pack,41.35,0.00,12,496.20,,
2019-09-01,,e62ea5a0-2a2d-4323-a0dc-709e5b8d9dc3,b1c428d6-4f07-31e0-90f0-68ffa6ff8c76,32b6979d-fa48-4ebb-a78b-a5d0d13d7911,807283,Mirena 52 MG Intrauterine System,928.04,0.00,6,5568.24,,
2010-08-28,2011-08-23,cb611921-dfab-48e8-bf7f-0363badb4109,b1c428d6-4f07-31e0-90f0-68ffa6ff8c76,d82218f6-3fc5-4544-9fea-579993ae32b8,751905,Trinessa 28 Day Pack,26.74,0.00,12,320.88,,
2011-08-23,2012-08-17,cb611921-dfab-48e8-bf7f-0363badb4109,b1c428d6-4f07-31e0-90f0-68ffa6ff8c76,629022ba-35ce-4dd4-b0b0-db6c796c9e82,757594,Jolivette 28 Day Pack,45.15,0.00,12,541.80,,
2015-08-02,2016-07-27,cb611921-dfab-48e8-bf7f-0363badb4109,b1c428d6-4f07-31e0-90f0-68ffa6ff8c76,55d7e968-a668-4ee8-b0f5-9afe8040715b,748962,Camila 28 Day Pack,34.12,0.00,12,409.44,,
2017-07-22,2018-07-17,cb611921-dfab-48e8-bf7f-0363badb4109,b1c428d6-4f07-31e0-90f0-68ffa6ff8c76,25e525cf-5b8a-4e6d-a99c-3c3312157e66,1000126,1 ML medroxyprogesterone acetate 150 MG/ML Injection,119.88,0.00,12,1438.56,,
2018-07-17,2019-07-18,cb611921-dfab-48e8-bf7f-0363badb4109,b1c428d6-4f07-31e0-90f0-68ffa6ff8c76,6c8f6750-e068-469f-b94f-6de09f5b5680,1856546,Kyleena 19.5 MG Intrauterine System,1273.39,0.00,12,15280.68,,
