Id,BIRTHDATE,DEATHDATE,SSN,DRIVERS,PASSPORT,PREFIX,FIRST,LAST,SUFFIX,MAIDEN,MARITAL,RACE,ETHNICITY,GENDER,BIRTHPLACE,ADDRESS,CITY,STATE,COUNTY,ZIP,LAT,LON,HEALTHCARE_EXPENSES,HEALTHCARE_COVERAGE
9ed187bc-beeb-47e6-a469-aa7cd0c42c52,2008-06-06,,999-31-3442,,,,Eldin,Vasanen,,,,white,nonhispanic,M,Helsinki  Uusimaa  FI,126 Kautiala Katu,Helsinki,Uusimaa,Helsinki,00150,60.15623296483922,24.93710752093911,2500.0,0.0
4a96e71a-989a-4621-b418-f7f34b3fe87b,2002-10-04,,999-42-3701,S99941687,,,Netta,Rautaparta,,,,white,nonhispanic,F,Kerava  Uusimaa  FI,225 Nakkula Katu,Helsinki,Uusimaa,Helsinki,00420,60.132189692619946,25.02517463160319,3250.0,0.0
663f97ce-a6f8-4085-98cb-d5a8f9cb9270,1989-10-17,,999-66-8027,S99933280,X60923322X,Ms.,Sanni-Mari,Viertokangas,,,S,white,nonhispanic,F,Nurmijärvi  Uusimaa  FI,472 Hatinen Katu Unit 1,Helsinki,Uusimaa,Helsinki,00590,60.154710614543916,25.02427743826779,4615.81,0.0
40bdd9f7-4c51-453f-a416-fe743662012b,2008-03-26,,999-50-9639,,,,Davin,Kurka,,,,white,nonhispanic,M,Espoo  Uusimaa  FI,482 Thun Katu,Helsinki,Uusimaa,Helsinki,00360,60.25331880796177,25.07497938679796,2500.0,0.0
bb36c886-9f14-4297-a251-a481149647fb,2013-05-14,,999-59-6606,,,,Pentti,Larva,,,,white,nonhispanic,M,Hyvinkää  Uusimaa  FI,856 Talasmo Katu Apt 62,Espoo,Uusimaa,Espoo,02180,60.2612477961888,24.822158602263872,1875.0,0.0
718ec8dc-c157-4487-af60-b3b12758373d,2012-11-06,,999-88-4438,,,,Sofi,Yrjälä,,,,white,nonhispanic,F,Vantaa  Uusimaa  FI,461 Mörk Katu Apt 95,Vantaa,Uusimaa,Vantaa,01280,60.293104340926384,25.02129509952979,2000.0,0.0
2ec686b7-57d8-4f71-9c04-79a109c08312,2019-11-24,,999-39-8024,,,,Sinervo,Sorola,,,,white,nonhispanic,F,Helsinki  Uusimaa  FI,636 Haaja Katu,Kirkkonummi,Uusimaa,Kirkkonummi,02440,60.1370520036628,24.40325131635118,375.0,0.0
2537b1d4-7285-4ca6-b93b-aa806dee9a07,1971-08-15,,999-94-6437,S99951436,X63538610X,Mrs.,Nea-Emilia,Lammenranta,,Doktar,M,white,nonhispanic,F,Vantaa  Uusimaa  FI,860 Graeffe Katu,Helsinki,Uusimaa,Helsinki,00930,60.177791545575424,24.971964811334274,7861.91,0.0
82f44313-9a18-45de-8032-dfc6fa57f67e,1980-08-15,,999-58-6988,S99951384,X56654096X,Ms.,Ronja,Järvikari,,,S,white,nonhispanic,F,Helsinki  Uusimaa  FI,999 Sarviharju Katu,Helsinki,Uusimaa,Helsinki,00240,60.224957827710696,24.81055785479852,9752.72,0.0
bc41b8b1-8a4c-443d-af93-576d703c4c7e,1958-06-09,,999-21-3581,S99938610,X43512329X,Mrs.,Anu-Marja,Kyyrö,,Lintuniemi,M,white,nonhispanic,F,Vantaa  Uusimaa  FI,669 Sahlström Katu,Helsinki,Uusimaa,Helsinki,00550,60.206006945226534,24.84369978990908,7840.5,0.0
0104085b-2955-414f-9a7a-a1fe4ae86e46,1957-03-26,,999-42-6214,S99984873,X61341766X,Mrs.,Salla,Matala-aho,,Sundstedt,M,white,nonhispanic,F,Kirkkonummi  Uusimaa  FI,601 Lillkvist Katu Apt 9,Helsinki,Uusimaa,Helsinki,00440,60.132086728396125,24.92464545505301,10484.23,0.0
3b48d3f5-9761-4c94-b688-46947fdb0722,1947-03-13,,999-39-6758,S99982524,X155523X,Mr.,Olli-Matti,Rive,,,M,white,nonhispanic,M,Hanko  Uusimaa  FI,306 Merta Katu,Karkkila,Uusimaa,Karkkila,03710,60.53074636497466,24.351763651936537,7750.0,0.0
6a5f5c2f-4a35-4066-9347-9fd15db371b8,2012-04-17,,999-16-3453,,,,Eirene,Sarimo,,,,white,nonhispanic,F,Helsinki  Uusimaa  FI,271 Wathén Katu Unit 10,Hyvinkää,Uusimaa,Hyvinkää,05880,60.58391149499294,24.877046564487802,2000.0,0.0
0117abd6-54e4-43e6-b646-68e4e268e47a,1991-08-16,,999-55-7578,S99963074,X73482308X,Mr.,Franco,Multala,,,M,white,nonhispanic,M,Helsinki  Uusimaa  FI,775 Viitakangas Katu Apt 35,Hyvinkää,Uusimaa,Hyvinkää,05840,60.652925942705394,24.873877469029164,3875.0,0.0
b958fd97-5e75-4ab1-acde-a63cf0827b01,1939-07-31,,999-65-2708,S99953593,X76323905X,Mr.,Miclas,Suntila,,,M,white,nonhispanic,M,Helsinki  Uusimaa  FI,211 Sysi-Aho Katu,Espoo,Uusimaa,Espoo,02250,60.3389635193307,24.672558815645832,8750.0,0.0
8c4a00d0-41b1-4fa4-b6a2-aad4d831b873,2008-05-23,,999-55-8280,,,,Suvianna,Autio,,,,white,nonhispanic,F,Vantaa  Uusimaa  FI,647 Rannanjärvi Katu,Mäntsälä,Uusimaa,Mäntsälä,04940,60.64746539082683,25.301598694622303,2500.0,0.0
b8cbb97b-7ad8-4e31-9d44-8aa2fc78604c,1989-12-19,,999-64-3991,S99914302,X74316999X,Mr.,Angelos,Dag,,,S,white,nonhispanic,M,Tuusula  Uusimaa  FI,641 Rasi Katu Apt 87,Kerava,Uusimaa,Kerava,04250,60.340315544675434,25.10877879740178,3875.0,0.0
71e0aad0-c3f8-4976-acb6-af1268305d67,2006-11-10,,999-63-4640,,,,Yassin,Lindén,,,,white,nonhispanic,F,Helsinki  Uusimaa  FI,788 Fogelström Katu,Nurmijärvi,Uusimaa,Nurmijärvi,01820,60.44503152526726,24.7784768143182,2750.0,0.0
fa2fb38e-afb3-48d9-a2a0-e99ded8409df,1987-06-02,,999-53-2486,S99967116,X21537394X,Mrs.,Nona,Lavila,,Viiperi,M,white,nonhispanic,F,Helsinki  Uusimaa  FI,754 Nybjörk Katu Suite 53,Helsinki,Uusimaa,Helsinki,00200,60.18447865637808,24.81514665107628,5939.83,0.0
63e204df-8427-43bc-900e-d7cdb7f840f7,1970-11-19,,999-80-5076,S99954183,X81727695X,Mr.,Juhananpoika,Vartola,,,S,white,nonhispanic,M,Helsinki  Uusimaa  FI,183 Vakkari Katu,Vantaa,Uusimaa,Vantaa,01370,60.33540444811493,25.072058764975484,4875.0,0.0
d5e7d5de-f3f7-4f46-8f96-a6891fefa99f,2002-04-05,,999-85-1447,S99988544,,,Reetriikka,Ekblad,,,,white,nonhispanic,F,Karkkila  Uusimaa  FI,860 Vesander Katu,Helsinki,Uusimaa,Helsinki,00820,60.22468556773498,24.94219944821958,3567.45,0.0
113a2a6f-8960-4931-974a-07a4e433df90,2017-04-19,,999-76-4356,,,,Riad,Ollakka,,,,white,nonhispanic,M,Vantaa  Uusimaa  FI,491 Pirttimaa Katu Unit 19,Vihti,Uusimaa,Vihti,03300,60.427630911041625,24.35139472782528,1250.0,0.0
74579bc3-e950-4cdb-aa3f-b485dc1fead9,1993-11-28,,999-77-2308,S99916402,X26470792X,Ms.,Sarianna,Hersi,,,,white,nonhispanic,F,Espoo  Uusimaa  FI,456 Rekola Katu,Vantaa,Uusimaa,Vantaa,01230,60.21418309635289,24.85528281590534,4246.32,0.0
c794731e-4b27-4e4f-bfb2-241fdb4d174e,1978-02-09,,999-32-5999,S99998081,X52615189X,Mrs.,Vanessa,Kaatrakoski,,Joenniemi,M,white,nonhispanic,F,Espoo  Uusimaa  FI,981 Åkerblad Katu,Helsinki,Uusimaa,Helsinki,00510,60.13375677868155,24.91961711639192,9175.96,0.0
1625ecf6-834d-4f57-8d42-471133809baf,2017-10-06,,999-16-4912,,,,Klas,Uusivirta,,,,white,nonhispanic,M,Järvenpää  Uusimaa  FI,431 Sinikumpu Katu,Helsinki,Uusimaa,Helsinki,00930,60.22021534525576,24.963963227246204,1125.0,0.0
f27b0980-e3da-4bb3-963e-b364c736d9a6,2013-05-20,,999-35-6716,,,,Orhan,Ketonen,,,,white,nonhispanic,M,Nurmijärvi  Uusimaa  FI,832 Hartman Katu Unit 89,Pornainen,Uusimaa,Pornainen,07170,60.45166097027197,25.33027290033459,1875.0,0.0
acda562d-4cb0-4260-934c-59a98bb5e8a0,1969-08-09,,999-29-8263,S99927822,X15803890X,Mrs.,Mariette,Sarvikivi,,Valsta,M,white,nonhispanic,F,Espoo  Uusimaa  FI,533 Kotiaho Katu Unit 19,Espoo,Uusimaa,Espoo,02620,60.254960610686496,24.76258944855686,10287.78,0.0
afe90de7-622b-4fcb-a54b-92db1e4d883f,1972-10-07,,999-47-9187,S99951107,X85375383X,Mrs.,Irené,Burtsoff,,Karkkonen,M,white,nonhispanic,F,Vantaa  Uusimaa  FI,373 Vaajanen Katu Unit 52,Tuusula,Uusimaa,Tuusula,04370,60.411684059814014,24.962359326052482,10998.44,0.0
b830533c-a30e-4bbc-96fc-73c7c983d566,1941-05-20,,999-80-1660,S99923327,X87249318X,Ms.,Erna,Vatjus-Anttila,,,S,white,nonhispanic,F,Tuusula  Uusimaa  FI,914 Baer Katu,Helsinki,Uusimaa,Helsinki,00880,60.1920961963895,24.928232876960106,10420.99,0.0
9289e997-7e7e-4c32-9a9c-22d4e905c561,1959-06-19,,999-11-5918,S99995510,X17738788X,Mr.,Etvi,Lystimäki,JD,,M,white,nonhispanic,M,Porvoo  Uusimaa  FI,587 Noopila Katu Apt 66,Espoo,Uusimaa,Espoo,02100,60.19175936187683,24.569793782450898,6250.0,0.0
ed95b61f-660f-489c-b8f0-84687d50eb92,1946-12-12,,999-64-6849,S99961396,X69144366X,Mr.,Assar,Åkerback,,,M,white,nonhispanic,M,Helsinki  Uusimaa  FI,491 Rajakorpi Katu Suite 74,Helsinki,Uusimaa,Helsinki,00500,60.20100588905746,24.870455599886853,7750.0,0.0
3b25a2d5-86b2-4e4e-a7cb-c40983bf8010,2010-11-03,,999-89-6833,,,,Ben,Perttala,,,,white,nonhispanic,M,Helsinki  Uusimaa  FI,327 Paulasaari Katu,Helsinki,Uusimaa,Helsinki,00430,60.26302559832032,24.909989889110342,2250.0,0.0
79738cc6-f547-4103-80a5-e2086ef7fa32,2018-08-20,,999-74-1644,,,,Outi-Maria,Mäcklin,,,,white,nonhispanic,F,Vantaa  Uusimaa  FI,913 Hamberg Katu Unit 10,Vantaa,Uusimaa,Vantaa,01720,60.249313973806586,24.826590086794223,1000.0,0.0
2746b166-0758-424a-abd1-0f16ee26438e,1958-12-19,,999-89-7958,S99933730,X25381503X,Ms.,Marijaana,Antman,,,S,white,nonhispanic,F,Helsinki  Uusimaa  FI,422 Kursukangas Katu,Lohja,Uusimaa,Lohja,09120,60.22778856560243,24.074924816379863,8490.53,0.0
9507e236-3ba4-4a5c-8c1b-a44272927954,1977-05-12,,999-83-9099,S99962878,X89735098X,Mr.,Naim,Lithovius,,,M,white,nonhispanic,M,Helsinki  Uusimaa  FI,306 Pohja Katu Suite 0,Helsinki,Uusimaa,Helsinki,00900,60.19893693057667,24.904628316014104,4500.0,0.0
2fe27989-e36c-4db1-82c8-d58281a16dad,1957-11-30,,999-70-8599,S99953414,X69405926X,Mr.,Ingolf,Sanna,,,M,white,nonhispanic,M,Helsinki  Uusimaa  FI,430 Piirtola Katu,Lohja,Uusimaa,Lohja,08150,60.299012189417304,24.037243252068606,6500.0,0.0
8051e14f-52da-447f-8ad7-d68ba4c727d7,1972-12-03,,999-84-4935,S99998621,X46728463X,Mrs.,Lai,Eilu,,Prunnila,M,white,nonhispanic,F,Hyvinkää  Uusimaa  FI,468 Linde Katu Unit 20,Helsinki,Uusimaa,Helsinki,00130,60.291708467175134,24.894170644994695,10839.83,0.0
f2a285c8-70b4-4af2-bf23-62f94043e135,1992-06-19,,999-86-7466,S99994738,X15468781X,Mr.,Pave,Weckroth,,,M,white,nonhispanic,M,Helsinki  Uusimaa  FI,963 Santalo Katu,Lohja,Uusimaa,Lohja,09430,60.44041478630063,24.126415745166227,3750.0,0.0
27c49162-4c48-4830-93cb-dd7bb16e0115,1924-02-25,,999-14-4690,S99933730,X18332841X,Mrs.,Jacqueline,Laituri,,Ritaranta,M,white,nonhispanic,F,Hyvinkää  Uusimaa  FI,601 Puputti Katu Suite 84,Helsinki,Uusimaa,Helsinki,00300,60.19344128162878,25.086890025224566,11489.66,0.0
fe886184-a388-4d72-9cb9-1a24aa30a1d5,1950-09-04,,999-63-6229,S99987456,X64943546X,Mrs.,Kristin,Hiekkaranta,,Saloharju,M,white,nonhispanic,F,Espoo  Uusimaa  FI,197 Grant Katu,Vantaa,Uusimaa,Vantaa,01760,60.310706916326716,24.739759227512888,8499.61,0.0
6d28a374-a316-4af7-bb27-e6d4807f857a,2006-06-29,,999-49-1711,,,,Kjell,Kero,,,,white,nonhispanic,M,Lohja  Uusimaa  FI,783 Kemppinen Katu,Raasepori,Uusimaa,Raasepori,10440,60.083996093084494,23.599751021688732,2750.0,0.0
8590e191-a991-47af-8edb-69841f2e071e,2001-09-23,,999-10-7215,S99919378,,Ms.,Kaarin,Schütten,,,,white,nonhispanic,F,Helsinki  Uusimaa  FI,824 Paavisto Katu,Espoo,Uusimaa,Espoo,02300,60.221503446407645,24.7091471122964,3656.12,0.0
59ef1529-4de4-401f-a129-f9fadb01fec8,2011-03-26,,999-45-8040,,,,Daalia,Ala-Fossi,,,,white,nonhispanic,F,Vantaa  Uusimaa  FI,582 Hirviniemi Katu Suite 43,Lohja,Uusimaa,Lohja,09220,60.3326025907178,23.994678206657515,2125.0,0.0
52591a48-2251-451e-97e7-6f19f51ff246,1972-02-21,,999-32-3179,S99950716,X16717406X,Mrs.,Iina-Mari,Rinta-Keturi,,Kajatsalo,M,white,nonhispanic,F,Helsinki  Uusimaa  FI,825 Greijer Katu,Helsinki,Uusimaa,Helsinki,00310,60.15101747578987,25.053490949329554,5486.96,0.0
2782980a-6bb7-4451-9d1a-3c4fc09d8bcc,1942-02-27,,999-33-9762,S99925349,X56723081X,Mr.,Wihtori,Keski-Heikkilä,,,M,white,nonhispanic,M,Helsinki  Uusimaa  FI,184 Visala Katu,Espoo,Uusimaa,Espoo,02300,60.152160488620595,24.762427474211762,8375.0,0.0
334931e6-a1c3-4ba5-8a32-91ea4dd3c0a4,1941-01-13,,999-53-8207,S99950498,X80709901X,Mrs.,Mahad,Harju-Seppänen,,Liljanko,M,white,nonhispanic,F,Helsinki  Uusimaa  FI,302 Cox Katu,Helsinki,Uusimaa,Helsinki,00900,60.30907494373703,25.09199211828255,11075.55,0.0
ca359753-712c-46a4-abc6-f3cf737eebca,1980-02-01,,999-61-9298,S99963939,X68708681X,Mr.,Harley,Heikurinen,PhD,,M,white,nonhispanic,M,Kirkkonummi  Uusimaa  FI,721 Halko Katu,Helsinki,Uusimaa,Helsinki,00720,60.262479667469904,25.09574348755339,4375.0,0.0
377176ea-0ed6-4ce7-a6ea-e5e3a6ef4416,2019-04-29,,999-39-8015,,,,Tauno,Kannonlahti,,,,white,nonhispanic,M,Espoo  Uusimaa  FI,1049 Fischer Katu Suite 79,Espoo,Uusimaa,Espoo,02140,60.262224000060925,24.777905207952315,625.0,0.0
08769a48-2c69-4b63-b9c3-50b2862f9fd9,1967-04-15,,999-51-4353,S99922466,X83976871X,Mr.,Freddy,Lemiläinen,,,M,white,nonhispanic,M,Helsinki  Uusimaa  FI,450 Vähä-Ypyä Katu Suite 62,Helsinki,Uusimaa,Helsinki,00540,60.17225925944355,24.92017804491942,5250.0,0.0
94ba58f4-d57a-4ba1-a93c-5d6ab7440aa0,1981-05-25,,999-43-7926,S99935446,X42250829X,Mr.,Amaru,Habbal,,,S,white,nonhispanic,M,Vihti  Uusimaa  FI,487 Turva Katu Unit 22,Espoo,Uusimaa,Espoo,02100,60.361452777390106,24.715824060908442,4250.0,0.0
39ec648f-8512-4e4f-8589-094c7262c80a,1978-11-10,,999-88-1055,S99982420,X61653106X,Mr.,Gaston,Someroja,,,M,white,nonhispanic,M,Helsinki  Uusimaa  FI,881 Kosola Katu,Helsinki,Uusimaa,Helsinki,00130,60.21137353874905,24.919558913374612,4375.0,0.0
b9fda069-6c93-42bc-adf4-91725d29b7e0,1994-10-18,,999-93-7344,S99943303,X84491631X,Ms.,Hajar,Kuopusjärvi,,,,white,nonhispanic,F,Espoo  Uusimaa  FI,112 Kolppanen Katu,Helsinki,Uusimaa,Helsinki,00530,60.26963980814209,25.0950750141915,4870.75,0.0
8f136537-121a-4921-adc3-461241b085f4,2008-08-05,,999-80-8288,,,,Eulalia,Joensuu,,,,white,nonhispanic,F,Lohja  Uusimaa  FI,598 Uitto Katu Apt 35,Loviisa,Uusimaa,Loviisa,07910,60.53898191138134,26.06661530359617,2500.0,0.0
9f8cd471-fc54-4d1f-9769-2cae0524069e,1971-11-25,,999-74-2539,S99990572,X67649194X,Mrs.,Nanny,Grönbacka,,Asunta,M,white,nonhispanic,F,Helsinki  Uusimaa  FI,464 Väänänen Katu,Helsinki,Uusimaa,Helsinki,00890,60.210477262277465,24.95165955646382,8350.98,0.0
e463293a-bb16-4fa5-a5f7-dcf4febd68aa,1976-03-20,,999-26-3636,S99999575,X68079316X,Mrs.,Henrikka,Uutinen,,Pouta,M,white,nonhispanic,F,Vantaa  Uusimaa  FI,925 Ahrens Katu,Nurmijärvi,Uusimaa,Nurmijärvi,01830,60.45952303128473,24.85200798713566,7396.55,0.0
74d076f1-5228-4a9d-8eca-4b65cca88d65,1966-07-31,,999-73-5695,S99966996,X27777262X,Mr.,Aldur,Matinen,,,M,white,nonhispanic,M,Helsinki  Uusimaa  FI,1002 Koskimaa Katu Apt 40,Järvenpää,Uusimaa,Järvenpää,04430,60.52468577353937,25.08507812652254,5375.0,0.0
53fba0a3-89f6-4894-9291-b701783c0150,2005-09-13,,999-87-5412,,,,Gunnarsson,Kylmälahti,,,,white,nonhispanic,M,Helsinki  Uusimaa  FI,750 Ridell Katu,Vihti,Uusimaa,Vihti,03250,60.3396178349885,24.32304482665183,2875.0,0.0
3d52ef36-3afd-4998-9a0a-4255b5eadffd,1993-08-05,,999-46-5170,S99976285,X57581718X,Ms.,Mona-Liisa,Lauhamo,,,,white,nonhispanic,F,Helsinki  Uusimaa  FI,464 Siurua Katu,Helsinki,Uusimaa,Helsinki,00570,60.265612647844165,24.90316952465715,6134.21,0.0
41d0c959-c3fa-43e9-81ce-80ed1b0bd0b4,1958-02-27,,999-35-7995,S99949451,X54147692X,Mr.,Nikolay,Juho,,,M,white,nonhispanic,M,Helsinki  Uusimaa  FI,282 Hutko Katu,Helsinki,Uusimaa,Helsinki,00390,60.1823687485745,24.971836000516944,6625.0,0.0
9dd6199e-d602-456f-85b9-74cca4997bec,1970-03-06,,999-87-7407,S99939073,X25755321X,Mr.,Kosti,Jauhanen,,,M,white,nonhispanic,M,Helsinki  Uusimaa  FI,515 Keihänen Katu,Tuusula,Uusimaa,Tuusula,04380,60.36561103207133,24.990772136645237,5000.0,0.0
33b2eab0-ed0e-456f-8669-e87dd32f3752,1989-11-18,,999-44-4432,S99997892,X72771750X,Ms.,Anna-Pauliina,Viitakoski,,,S,white,nonhispanic,F,Helsinki  Uusimaa  FI,1010 Maher Katu,Raasepori,Uusimaa,Raasepori,10570,60.02992899302172,23.58623465411563,5161.59,0.0
fb477464-bf5e-429f-a404-10c8576ebab6,1992-02-29,,999-96-8757,S99957782,X30167398X,Mr.,Marshall,Vähänen,,,M,white,nonhispanic,M,Helsinki  Uusimaa  FI,292 Petälä Katu Apt 91,Helsinki,Uusimaa,Helsinki,00120,60.19577370343651,25.043624466623466,3750.0,0.0
5f520cc9-5c21-4576-b70a-7f2fb4a2ddd7,1948-12-29,,999-47-9497,S99936488,X16387350X,Mrs.,Silvi,Kurppa,,Liekola,M,white,nonhispanic,F,Espoo  Uusimaa  FI,228 Taulaniemi Katu,Nurmijärvi,Uusimaa,Nurmijärvi,01830,60.539299143998115,24.72418352298385,10634.78,0.0
97a8ff9a-aa91-4b8d-a3f3-9d43254df9c3,2001-09-13,,999-18-5434,S99984004,,Ms.,Ritu,Jasmavaara,,,,white,nonhispanic,F,Sipoo  Uusimaa  FI,173 Rongas Katu Suite 34,Helsinki,Uusimaa,Helsinki,00560,60.25024056576052,25.016896540777605,3656.38,0.0
b196e06f-f186-4f11-b611-56497c335d1f,1991-05-23,,999-58-5439,S99911225,X3222997X,Mrs.,Aynur,Tulijoki,,Salovaara,M,white,nonhispanic,F,Helsinki  Uusimaa  FI,959 Vierula Katu,Espoo,Uusimaa,Espoo,02150,60.1998332467699,24.841646404409527,5775.93,0.0
85932ea5-ba35-41b9-93a6-eed4388c8bca,1975-03-12,,999-66-8985,S99995126,X58854154X,Mrs.,Alfrida,Mäki-Pollari,,Marstio,M,white,nonhispanic,F,Mäntsälä  Uusimaa  FI,310 Haukipää Katu Unit 20,Helsinki,Uusimaa,Helsinki,00850,60.18910688967875,24.911693093898197,9034.39,0.0
622ee8ad-f563-4e34-bb82-e15d24a8e10d,1954-09-08,,999-94-4228,S99955995,X5364164X,Mrs.,Hafsa,Varpu-Luoma,,Vironmäki,M,white,nonhispanic,F,Helsinki  Uusimaa  FI,339 Kuohukivi Katu,Pukkila,Uusimaa,Pukkila,07560,60.69113480898289,25.713070285296375,10685.09,0.0
b90bbca2-98c9-43db-8b2b-70ffb400a9c5,1988-07-01,,999-27-3487,S99961262,X72962393X,Ms.,Helena,Tainio,,,S,white,nonhispanic,F,Helsinki  Uusimaa  FI,325 Himilä Katu Unit 96,Espoo,Uusimaa,Espoo,02320,60.15839056594776,24.83064638434742,5060.93,0.0
b785019e-6902-46ef-b372-c2f05eae4c9a,1942-10-29,,999-71-4227,S99942082,X87420505X,Mr.,Woitto,Tuupanen,,,M,white,nonhispanic,M,Espoo  Uusimaa  FI,209 Teder Katu Suite 35,Mäntsälä,Uusimaa,Mäntsälä,04480,60.72113249443924,25.408874714115303,8250.0,0.0
7c13d320-047d-4d76-9e89-3675f608c78f,1992-12-25,,999-72-2044,S99933697,X34302744X,Mr.,Aristoteles,Pilkama,,,M,white,nonhispanic,M,Helsinki  Uusimaa  FI,551 Ylijoutsijärvi Katu Unit 89,Vantaa,Uusimaa,Vantaa,01450,60.292228047724336,25.18209280003955,3750.0,0.0
c94d8ae6-7dd4-43dc-8426-9fe25432c9ac,2019-12-14,,999-75-6782,,,,Heddy,Isuls,,,,white,nonhispanic,F,Kauniainen  Uusimaa  FI,1011 Mahlakaarto Katu Apt 78,Espoo,Uusimaa,Espoo,02140,60.276704262099095,24.509061651836443,250.0,0.0
cf66e0f3-2704-4a64-8276-93801457ace0,1977-08-09,,999-19-9172,S99942830,X72887953X,Mrs.,Margalit,Hurmeranta,,Heliövaara,M,white,nonhispanic,F,Vantaa  Uusimaa  FI,411 Pettersen Katu,Karkkila,Uusimaa,Karkkila,03620,60.51188660039962,24.34696543603543,6539.68,0.0
b73bd56e-cf88-4a29-98cc-10a407c9cf78,1986-08-18,,999-20-8184,S99987026,X22366527X,Ms.,Ann-Charlotta,Lukkaroinen,,,S,white,nonhispanic,F,Tuusula  Uusimaa  FI,726 Vuorelma Katu,Helsinki,Uusimaa,Helsinki,00870,60.23861768399007,25.056033478548077,5747.85,0.0
d70fc7b9-4511-45f4-82f9-0171ffe4ca40,1959-01-04,,999-19-2735,S99920981,X75634822X,Mr.,Tariq,Brännare,,,M,white,nonhispanic,M,Espoo  Uusimaa  FI,1018 Teider Katu Suite 5,Vantaa,Uusimaa,Vantaa,01350,60.308949672750934,25.068517007585037,6250.0,0.0
3ba0ddf6-7c0f-49f6-aa45-0119d275e839,2010-02-05,,999-91-9018,,,,Toni-Matti,Pölkky,,,,white,nonhispanic,M,Kirkkonummi  Uusimaa  FI,293 Järä Katu Unit 62,Helsinki,Uusimaa,Helsinki,00380,60.17489720792461,24.907544742898114,2375.0,0.0
34b52bff-190b-444a-93e0-f5cc53ae8f2b,1956-05-21,,999-80-4050,S99982566,X52949329X,Mr.,Kalle,Pykälistö,,,S,white,nonhispanic,M,Vantaa  Uusimaa  FI,441 Prusti Katu Apt 69,Vantaa,Uusimaa,Vantaa,01640,60.28960757188867,25.005893653640182,6875.0,0.0
d466976c-b5ca-4bca-a0da-47c14eaa9053,2018-08-22,,999-56-7679,,,,Emmelie,Krekelä,,,,white,nonhispanic,F,Helsinki  Uusimaa  FI,468 Takalo Katu,Espoo,Uusimaa,Espoo,02980,60.20497889022151,24.703984768813932,1000.0,0.0
a8c29b4b-14cd-4ec2-91cc-7d6b259b3410,1975-01-19,,999-48-5276,S99928663,X24411198X,Mrs.,Majlen,Häggström,,Pohjus,M,white,nonhispanic,F,Helsinki  Uusimaa  FI,407 Haikkola Katu,Järvenpää,Uusimaa,Järvenpää,04400,60.49902089298218,25.047328447755216,5972.67,0.0
a0469df2-f66b-4fea-9b35-85ce7f8b4e2e,2013-06-17,,999-44-4765,,,,Niila,Köngäs,,,,white,nonhispanic,M,Helsinki  Uusimaa  FI,760 Tatti Katu Suite 77,Helsinki,Uusimaa,Helsinki,00820,60.27025068128787,24.90200535189939,1875.0,0.0
a8169d50-b89b-4a2f-8c72-311c124c1b41,1998-01-08,,999-45-2491,S99931971,X75161848X,Ms.,Uyen,Björkstedt,,,,white,nonhispanic,F,Helsinki  Uusimaa  FI,954 Kaisla Katu Apt 85,Helsinki,Uusimaa,Helsinki,00440,60.21342798019531,24.89226641235256,4250.06,0.0
76ff43f7-d51a-4b09-a171-34b46776f769,1967-06-22,,999-69-7257,S99996938,X61375128X,Mrs.,Sissel,Sarvasilta,,Hovinen,M,white,nonhispanic,F,Espoo  Uusimaa  FI,371 Miiluniemi Katu,Hyvinkää,Uusimaa,Hyvinkää,05620,60.65883570420021,24.88694961121852,9630.45,0.0
841bb4dd-97bf-4f95-acd5-6a526db2efbf,1994-10-19,,999-83-6768,S99997969,X46798612X,Mr.,Vaito,Takkinen,,,,white,nonhispanic,M,Helsinki  Uusimaa  FI,454 Jaarinen Katu,Lohja,Uusimaa,Lohja,09930,60.28212561486651,24.09061784673969,3750.0,0.0
23d0eabb-78ee-42c9-a43e-322b30fdeb3d,1979-12-31,,999-23-9019,S99945434,X36042454X,Ms.,Seija-Liisa,Rinta-Möykky,,,S,white,nonhispanic,F,Espoo  Uusimaa  FI,407 Vickholm Katu Unit 64,Helsinki,Uusimaa,Helsinki,00910,60.20032407433442,24.977316249368688,7310.28,0.0
536b243e-a31e-47ed-b0b7-8a01ba1dda17,1976-11-28,,999-55-2430,S99912676,X8948640X,Mr.,Aleksanteri,Simpanen,,,S,white,nonhispanic,M,Helsinki  Uusimaa  FI,991 Högbäck Katu Apt 58,Vantaa,Uusimaa,Vantaa,01520,60.26843389030298,24.767569249226167,4500.0,0.0
30c47999-7652-4d0a-be1a-63ad870a7f57,1996-10-26,,999-60-8212,S99999908,X6040242X,Mr.,Kasimir,Silven,,,,white,nonhispanic,M,Espoo  Uusimaa  FI,281 Lähteelä Katu,Kerava,Uusimaa,Kerava,04250,60.37816296953663,25.081447556316604,3625.0,0.0
c6bc295e-c92b-4960-857e-f73ac8d75eaf,2011-11-17,,999-72-1277,,,,Hope,Itä,,,,white,nonhispanic,F,Vantaa  Uusimaa  FI,842 Sarastamo Katu,Helsinki,Uusimaa,Helsinki,00720,60.21958376076332,24.877126902017228,2125.0,0.0
ef1519ee-9955-4339-bef5-c821b8a15008,1968-08-29,,999-85-4495,S99938827,X3475906X,Mr.,Jussi-Heikki,Korpas,,,M,white,nonhispanic,M,Vantaa  Uusimaa  FI,576 Kervinen Katu Apt 71,Helsinki,Uusimaa,Helsinki,00730,60.27937916708738,25.143953772842234,5125.0,0.0
ea240d16-f4ab-4e37-82f8-4daadafd6be1,1996-11-29,,999-21-7726,S99937750,X21311164X,Ms.,Eedi,Kristo,,,,white,nonhispanic,F,Vantaa  Uusimaa  FI,695 Strandman Katu Apt 93,Porvoo,Uusimaa,Porvoo,01180,60.43937800111723,25.903559687334827,5571.13,0.0
44080f98-5b0e-407e-b7c5-51941cefbced,1991-01-19,,999-96-1098,S99916660,X62910639X,Mr.,Nhut,Visanen,,,M,white,nonhispanic,M,Helsinki  Uusimaa  FI,607 Siikamäki Katu Apt 40,Helsinki,Uusimaa,Helsinki,00850,60.238221228098375,24.897166157070867,3875.0,0.0
7a2dec9c-34ea-4e45-b28f-675e0c25cc17,1910-05-02,,999-66-7445,S99959056,X23388710X,Mrs.,Adine,Sara-aho,,Kekoni,M,white,nonhispanic,F,Porvoo  Uusimaa  FI,962 Lehtonurmi Katu Apt 86,Helsinki,Uusimaa,Helsinki,00950,60.19330759698582,24.919214154339606,12250.0,0.0
aaceb372-aa5c-440f-92b8-7e0e66e8fecd,2017-02-10,,999-43-8481,,,,Luigi,Luoti,,,,white,nonhispanic,M,Järvenpää  Uusimaa  FI,348 Remonen Katu Suite 73,Espoo,Uusimaa,Espoo,02710,60.24901259440167,24.838631956967376,1375.0,0.0
63693634-3d77-4bc8-9ba3-1e37ed070596,2016-12-21,,999-26-1830,,,,Josiah,Huhtapelto,,,,white,nonhispanic,M,Espoo  Uusimaa  FI,949 Ylirinne Katu,Hyvinkää,Uusimaa,Hyvinkää,05950,60.660558526939695,24.835522141933286,1375.0,0.0
8071b685-aa2d-46fc-a624-c4d97e2fbe10,1962-04-26,,999-96-3795,S99974684,X48046887X,Mrs.,Seija-Liisa,Männikkö,,Hilkamo,M,white,nonhispanic,F,Mäntsälä  Uusimaa  FI,1068 Naula Katu,Espoo,Uusimaa,Espoo,02210,60.26711237182939,24.524983597731907,7000.6,0.0
e62ea5a0-2a2d-4323-a0dc-709e5b8d9dc3,1985-12-18,,999-61-8098,S99943874,X39162326X,Mrs.,Sirke,Rantasila,,Vilko,M,white,nonhispanic,F,Helsinki  Uusimaa  FI,731 Koivulehto Katu Apt 91,Espoo,Uusimaa,Espoo,02180,60.201711628358304,24.72487211131893,5022.85,0.0
7369efe7-6e61-4415-a423-d3cc1cd816a7,2015-11-14,,999-59-1284,,,,Luc,Tihula,,,,white,nonhispanic,M,Helsinki  Uusimaa  FI,569 Pajulahti Katu,Helsinki,Uusimaa,Helsinki,00980,60.23991261980954,24.859175524393056,1625.0,0.0
cb611921-dfab-48e8-bf7f-0363badb4109,1978-12-04,,999-10-7885,S99981592,X16035408X,Mrs.,Sirja,Fehrmann,,Kähärä,M,white,nonhispanic,F,Helsinki  Uusimaa  FI,999 Röj Katu,Kerava,Uusimaa,Kerava,04200,60.43657308392608,25.137020785270593,8347.43,0.0
dd77f502-b38d-462c-a469-47e051d99910,1954-11-27,,999-69-4515,S99953721,X41753199X,Mrs.,Helli,Etolin,,Malmborg,M,white,nonhispanic,F,Tuusula  Uusimaa  FI,264 Salakari Katu Suite 11,Helsinki,Uusimaa,Helsinki,00270,60.18167607064558,24.992319854706615,10131.67,0.0
972c281f-266f-44e3-8d62-8fb05241547f,1940-03-09,,999-64-7565,S99981261,X69295166X,Mr.,Sammy,Sorell,,,S,white,nonhispanic,M,Lohja  Uusimaa  FI,343 Toom Katu,Helsinki,Uusimaa,Helsinki,00610,60.27312483980759,24.978646699837057,15190.720000000001,0.0
7ae27fff-b597-49ed-b76a-d94d852f32f7,1966-05-03,,999-25-1585,S99953357,X35157674X,Mr.,Tapio,Suuntala,,,S,white,nonhispanic,M,Vantaa  Uusimaa  FI,393 Yli-Paavola Katu Unit 44,Vantaa,Uusimaa,Vantaa,01480,60.25143460021855,24.833278023244862,5375.0,0.0
823a0ed9-a8e5-4e49-9435-4939465638b7,1947-12-15,,999-77-1840,S99988131,X56469120X,Mrs.,Jolin,Ylioja,,Usenius,M,white,nonhispanic,F,Nurmijärvi  Uusimaa  FI,689 Teinonen Katu Suite 51,Vantaa,Uusimaa,Vantaa,01670,60.33068562540892,24.892549789042377,8818.82,0.0
