PATIENT,START_YEAR,END_YEAR,PAYER,OWNERSHIP
663f97ce-a6f8-4085-98cb-d5a8f9cb9270,1989,2007,e15e7b92-f376-374f-9285-2f59a38ad823,Guardian
2537b1d4-7285-4ca6-b93b-aa806dee9a07,1971,1989,e15e7b92-f376-374f-9285-2f59a38ad823,Guardian
82f44313-9a18-45de-8032-dfc6fa57f67e,1980,1998,e15e7b92-f376-374f-9285-2f59a38ad823,Guardian
bc41b8b1-8a4c-443d-af93-576d703c4c7e,1958,1976,e15e7b92-f376-374f-9285-2f59a38ad823,Guardian
0104085b-2955-414f-9a7a-a1fe4ae86e46,1957,1975,e15e7b92-f376-374f-9285-2f59a38ad823,Guardian
3b48d3f5-9761-4c94-b688-46947fdb0722,1947,1965,e15e7b92-f376-374f-9285-2f59a38ad823,Guardian
0117abd6-54e4-43e6-b646-68e4e268e47a,1991,2009,e15e7b92-f376-374f-9285-2f59a38ad823,Guardian
b958fd97-5e75-4ab1-acde-a63cf0827b01,1939,1957,e15e7b92-f376-374f-9285-2f59a38ad823,Guardian
b8cbb97b-7ad8-4e31-9d44-8aa2fc78604c,1989,2007,e15e7b92-f376-374f-9285-2f59a38ad823,Guardian
fa2fb38e-afb3-48d9-a2a0-e99ded8409df,1987,2005,e15e7b92-f376-374f-9285-2f59a38ad823,Guardian
63e204df-8427-43bc-900e-d7cdb7f840f7,1970,1988,e15e7b92-f376-374f-9285-2f59a38ad823,Guardian
74579bc3-e950-4cdb-aa3f-b485dc1fead9,1993,2011,e15e7b92-f376-374f-9285-2f59a38ad823,Guardian
c794731e-4b27-4e4f-bfb2-241fdb4d174e,1978,1996,e15e7b92-f376-374f-9285-2f59a38ad823,Guardian
acda562d-4cb0-4260-934c-59a98bb5e8a0,1969,1987,e15e7b92-f376-374f-9285-2f59a38ad823,Guardian
afe90de7-622b-4fcb-a54b-92db1e4d883f,1972,1990,e15e7b92-f376-374f-9285-2f59a38ad823,Guardian
9289e997-7e7e-4c32-9a9c-22d4e905c561,1959,1977,e15e7b92-f376-374f-9285-2f59a38ad823,Guardian
b830533c-a30e-4bbc-96fc-73c7c983d566,1941,1959,e15e7b92-f376-374f-9285-2f59a38ad823,Guardian
ed95b61f-660f-489c-b8f0-84687d50eb92,1946,1964,e15e7b92-f376-374f-9285-2f59a38ad823,Guardian
2746b166-0758-424a-abd1-0f16ee26438e,1958,1976,e15e7b92-f376-374f-9285-2f59a38ad823,Guardian
9507e236-3ba4-4a5c-8c1b-a44272927954,1977,1995,e15e7b92-f376-374f-9285-2f59a38ad823,Guardian
2fe27989-e36c-4db1-82c8-d58281a16dad,1957,1975,e15e7b92-f376-374f-9285-2f59a38ad823,Guardian
8051e14f-52da-447f-8ad7-d68ba4c727d7,1972,1990,e15e7b92-f376-374f-9285-2f59a38ad823,Guardian
f2a285c8-70b4-4af2-bf23-62f94043e135,1992,2010,e15e7b92-f376-374f-9285-2f59a38ad823,Guardian
27c49162-4c48-4830-93cb-dd7bb16e0115,1924,1942,e15e7b92-f376-374f-9285-2f59a38ad823,Guardian
fe886184-a388-4d72-9cb9-1a24aa30a1d5,1950,1968,e15e7b92-f376-374f-9285-2f59a38ad823,Guardian
8590e191-a991-47af-8edb-69841f2e071e,2001,2019,e15e7b92-f376-374f-9285-2f59a38ad823,Guardian
52591a48-2251-451e-97e7-6f19f51ff246,1972,1990,e15e7b92-f376-374f-9285-2f59a38ad823,Guardian
2782980a-6bb7-4451-9d1a-3c4fc09d8bcc,1942,1960,e15e7b92-f376-374f-9285-2f59a38ad823,Guardian
334931e6-a1c3-4ba5-8a32-91ea4dd3c0a4,1941,1959,e15e7b92-f376-374f-9285-2f59a38ad823,Guardian
ca359753-712c-46a4-abc6-f3cf737eebca,1980,1998,e15e7b92-f376-374f-9285-2f59a38ad823,Guardian
08769a48-2c69-4b63-b9c3-50b2862f9fd9,1967,1985,e15e7b92-f376-374f-9285-2f59a38ad823,Guardian
94ba58f4-d57a-4ba1-a93c-5d6ab7440aa0,1981,1999,e15e7b92-f376-374f-9285-2f59a38ad823,Guardian
39ec648f-8512-4e4f-8589-094c7262c80a,1978,1996,e15e7b92-f376-374f-9285-2f59a38ad823,Guardian
b9fda069-6c93-42bc-adf4-91725d29b7e0,1994,2012,e15e7b92-f376-374f-9285-2f59a38ad823,Guardian
9f8cd471-fc54-4d1f-9769-2cae0524069e,1971,1989,e15e7b92-f376-374f-9285-2f59a38ad823,Guardian
e463293a-bb16-4fa5-a5f7-dcf4febd68aa,1976,1994,e15e7b92-f376-374f-9285-2f59a38ad823,Guardian
74d076f1-5228-4a9d-8eca-4b65cca88d65,1966,1984,e15e7b92-f376-374f-9285-2f59a38ad823,Guardian
3d52ef36-3afd-4998-9a0a-4255b5eadffd,1993,2011,e15e7b92-f376-374f-9285-2f59a38ad823,Guardian
41d0c959-c3fa-43e9-81ce-80ed1b0bd0b4,1958,1976,e15e7b92-f376-374f-9285-2f59a38ad823,Guardian
9dd6199e-d602-456f-85b9-74cca4997bec,1970,1988,e15e7b92-f376-374f-9285-2f59a38ad823,Guardian
33b2eab0-ed0e-456f-8669-e87dd32f3752,1989,2007,e15e7b92-f376-374f-9285-2f59a38ad823,Guardian
fb477464-bf5e-429f-a404-10c8576ebab6,1992,2010,e15e7b92-f376-374f-9285-2f59a38ad823,Guardian
5f520cc9-5c21-4576-b70a-7f2fb4a2ddd7,1948,1966,e15e7b92-f376-374f-9285-2f59a38ad823,Guardian
97a8ff9a-aa91-4b8d-a3f3-9d43254df9c3,2001,2019,e15e7b92-f376-374f-9285-2f59a38ad823,Guardian
b196e06f-f186-4f11-b611-56497c335d1f,1991,2009,e15e7b92-f376-374f-9285-2f59a38ad823,Guardian
85932ea5-ba35-41b9-93a6-eed4388c8bca,1975,1993,e15e7b92-f376-374f-9285-2f59a38ad823,Guardian
622ee8ad-f563-4e34-bb82-e15d24a8e10d,1954,1972,e15e7b92-f376-374f-9285-2f59a38ad823,Guardian
b90bbca2-98c9-43db-8b2b-70ffb400a9c5,1988,2006,e15e7b92-f376-374f-9285-2f59a38ad823,Guardian
b785019e-6902-46ef-b372-c2f05eae4c9a,1942,1960,e15e7b92-f376-374f-9285-2f59a38ad823,Guardian
7c13d320-047d-4d76-9e89-3675f608c78f,1992,2010,e15e7b92-f376-374f-9285-2f59a38ad823,Guardian
b73bd56e-cf88-4a29-98cc-10a407c9cf78,1986,2004,e15e7b92-f376-374f-9285-2f59a38ad823,Guardian
cf66e0f3-2704-4a64-8276-93801457ace0,1977,1995,e15e7b92-f376-374f-9285-2f59a38ad823,Guardian
d70fc7b9-4511-45f4-82f9-0171ffe4ca40,1959,1977,e15e7b92-f376-374f-9285-2f59a38ad823,Guardian
34b52bff-190b-444a-93e0-f5cc53ae8f2b,1956,1974,e15e7b92-f376-374f-9285-2f59a38ad823,Guardian
a8c29b4b-14cd-4ec2-91cc-7d6b259b3410,1975,1993,e15e7b92-f376-374f-9285-2f59a38ad823,Guardian
a8169d50-b89b-4a2f-8c72-311c124c1b41,1998,2016,e15e7b92-f376-374f-9285-2f59a38ad823,Guardian
76ff43f7-d51a-4b09-a171-34b46776f769,1967,1985,e15e7b92-f376-374f-9285-2f59a38ad823,Guardian
841bb4dd-97bf-4f95-acd5-6a526db2efbf,1994,2012,e15e7b92-f376-374f-9285-2f59a38ad823,Guardian
23d0eabb-78ee-42c9-a43e-322b30fdeb3d,1979,1997,e15e7b92-f376-374f-9285-2f59a38ad823,Guardian
536b243e-a31e-47ed-b0b7-8a01ba1dda17,1976,1994,e15e7b92-f376-374f-9285-2f59a38ad823,Guardian
30c47999-7652-4d0a-be1a-63ad870a7f57,1996,2014,e15e7b92-f376-374f-9285-2f59a38ad823,Guardian
ef1519ee-9955-4339-bef5-c821b8a15008,1968,1986,e15e7b92-f376-374f-9285-2f59a38ad823,Guardian
ea240d16-f4ab-4e37-82f8-4daadafd6be1,1996,2014,e15e7b92-f376-374f-9285-2f59a38ad823,Guardian
44080f98-5b0e-407e-b7c5-51941cefbced,1991,2009,e15e7b92-f376-374f-9285-2f59a38ad823,Guardian
7a2dec9c-34ea-4e45-b28f-675e0c25cc17,1910,1928,e15e7b92-f376-374f-9285-2f59a38ad823,Guardian
8071b685-aa2d-46fc-a624-c4d97e2fbe10,1962,1980,e15e7b92-f376-374f-9285-2f59a38ad823,Guardian
e62ea5a0-2a2d-4323-a0dc-709e5b8d9dc3,1985,2003,e15e7b92-f376-374f-9285-2f59a38ad823,Guardian
cb611921-dfab-48e8-bf7f-0363badb4109,1978,1996,e15e7b92-f376-374f-9285-2f59a38ad823,Guardian
dd77f502-b38d-462c-a469-47e051d99910,1954,1972,e15e7b92-f376-374f-9285-2f59a38ad823,Guardian
972c281f-266f-44e3-8d62-8fb05241547f,1940,1958,e15e7b92-f376-374f-9285-2f59a38ad823,Guardian
7ae27fff-b597-49ed-b76a-d94d852f32f7,1966,1984,e15e7b92-f376-374f-9285-2f59a38ad823,Guardian
823a0ed9-a8e5-4e49-9435-4939465638b7,1947,1965,e15e7b92-f376-374f-9285-2f59a38ad823,Guardian
