DATE,PATIENT,ENCOUNTER,CODE,DESCRIPTION,BASE_COST,REASONCODE,REASONDESCRIPTION
2014-05-19,82f44313-9a18-45de-8032-dfc6fa57f67e,978f3c4f-cd4e-43cd-affb-785d984ce716,65200003,Insertion of intrauterine contraceptive device,6928.72,,
2014-12-22,b958fd97-5e75-4ab1-acde-a63cf0827b01,7dd36562-d9c1-4b04-b69d-5d1edb34e1bd,18286008,Catheter ablation of tissue of heart,9150.30,49436004,Atrial Fibrillation
2015-12-28,b958fd97-5e75-4ab1-acde-a63cf0827b01,a03725f0-df63-41e0-aac0-e157f0aae73f,180325003,Electrical cardioversion,18474.55,49436004,Atrial Fibrillation
2017-01-02,b958fd97-5e75-4ab1-acde-a63cf0827b01,65459e49-2904-47a0-8ef8-d398d64cb415,180325003,Electrical cardioversion,33044.08,49436004,Atrial Fibrillation
2018-01-08,b958fd97-5e75-4ab1-acde-a63cf0827b01,488d4391-71a4-43fe-af6d-a50bd4d86b93,180325003,Electrical cardioversion,27427.70,49436004,Atrial Fibrillation
2019-01-14,b958fd97-5e75-4ab1-acde-a63cf0827b01,85911741-56cc-4265-b299-f0fb7bfbb7fd,180325003,Electrical cardioversion,22932.44,49436004,Atrial Fibrillation
2020-01-20,b958fd97-5e75-4ab1-acde-a63cf0827b01,9f4c96cf-7c0e-4a2e-981d-43aa35e45d59,180325003,Electrical cardioversion,15441.76,49436004,Atrial Fibrillation
2018-03-01,fa2fb38e-afb3-48d9-a2a0-e99ded8409df,b3e4fba1-25a1-4181-b287-7b21a565bc7a,169553002,Insertion of subcutaneous contraceptive,14633.88,,
2012-10-24,c794731e-4b27-4e4f-bfb2-241fdb4d174e,acd391f7-e048-4296-8ec5-bdf9196cf6cc,65200003,Insertion of intrauterine contraceptive device,11680.52,,
2013-11-03,c794731e-4b27-4e4f-bfb2-241fdb4d174e,6224761c-65b2-4095-bb37-3144a2f1b314,287664005,Bilateral tubal ligation,7618.56,,
2010-06-11,afe90de7-622b-4fcb-a54b-92db1e4d883f,6bbc466b-d99a-47f2-b407-00d04eedd837,169553002,Insertion of subcutaneous contraceptive,13253.41,,
2011-06-06,afe90de7-622b-4fcb-a54b-92db1e4d883f,42f48c8e-0326-4e78-b7c5-8264c3e6ab40,76601001,Intramuscular injection,2119.86,,
2017-05-05,afe90de7-622b-4fcb-a54b-92db1e4d883f,344a5dbb-14ed-44a3-8b9a-694edb98fc8e,169553002,Insertion of subcutaneous contraceptive,13548.89,,
2018-04-30,afe90de7-622b-4fcb-a54b-92db1e4d883f,8f3d370d-202c-4b9b-96de-be2a4c145feb,76601001,Intramuscular injection,3329.50,,
2019-04-29,afe90de7-622b-4fcb-a54b-92db1e4d883f,6c8a0d33-3f00-4a12-bf67-5d5e0f785fe5,65200003,Insertion of intrauterine contraceptive device,7877.49,,
2010-08-04,8051e14f-52da-447f-8ad7-d68ba4c727d7,7218ddb2-38d9-4887-872a-f37fad88806e,169553002,Insertion of subcutaneous contraceptive,11402.52,,
2016-07-03,8051e14f-52da-447f-8ad7-d68ba4c727d7,8975a657-3205-45b0-a3a1-b26ffb346015,169553002,Insertion of subcutaneous contraceptive,7182.64,,
2017-06-30,8051e14f-52da-447f-8ad7-d68ba4c727d7,78cc5d12-f3f0-4265-84f9-e438f767826d,65200003,Insertion of intrauterine contraceptive device,10124.72,,
2014-10-13,27c49162-4c48-4830-93cb-dd7bb16e0115,fe53fb3c-04c1-4069-ae27-6a816f1369b2,180325003,Electrical cardioversion,33486.20,49436004,Atrial Fibrillation
2015-10-19,27c49162-4c48-4830-93cb-dd7bb16e0115,a49b9eca-43de-44ce-83fe-f02af427f875,180325003,Electrical cardioversion,22240.42,49436004,Atrial Fibrillation
2016-10-24,27c49162-4c48-4830-93cb-dd7bb16e0115,5c919ee3-e670-4b67-a400-f25f7b22c097,18286008,Catheter ablation of tissue of heart,9973.34,49436004,Atrial Fibrillation
2017-10-30,27c49162-4c48-4830-93cb-dd7bb16e0115,1c5643e8-82ed-41ec-a4bf-2f0d02cf742c,180325003,Electrical cardioversion,24984.13,49436004,Atrial Fibrillation
2018-11-05,27c49162-4c48-4830-93cb-dd7bb16e0115,cbb8fed6-b9ae-47ff-8618-517f881c0207,180325003,Electrical cardioversion,44792.54,49436004,Atrial Fibrillation
2019-11-11,27c49162-4c48-4830-93cb-dd7bb16e0115,58f400e8-c184-4310-baf9-826523a18363,180325003,Electrical cardioversion,20546.75,49436004,Atrial Fibrillation
2011-12-12,e463293a-bb16-4fa5-a5f7-dcf4febd68aa,ca890693-689c-401a-8dac-fef4764b9d87,287664005,Bilateral tubal ligation,7440.70,,
2011-07-16,3d52ef36-3afd-4998-9a0a-4255b5eadffd,6b522e6c-c904-4466-bb93-1dfbcb4f2f69,65200003,Insertion of intrauterine contraceptive device,9365.54,,
2014-07-05,3d52ef36-3afd-4998-9a0a-4255b5eadffd,e3a287de-074d-4ce3-aab8-2d13a73cf466,169553002,Insertion of subcutaneous contraceptive,13833.68,,
2016-06-24,3d52ef36-3afd-4998-9a0a-4255b5eadffd,0dfa142d-3938-4206-9524-97f8f5f954ef,169553002,Insertion of subcutaneous contraceptive,9290.26,,
2018-06-14,3d52ef36-3afd-4998-9a0a-4255b5eadffd,efac7fb7-c9e5-4235-9a7f-26d3ac150a12,76601001,Intramuscular injection,2668.56,,
2015-03-28,b196e06f-f186-4f11-b611-56497c335d1f,5c1737bf-c6fb-4a15-8713-180ee54991c2,76601001,Intramuscular injection,3171.28,,
2017-03-17,b196e06f-f186-4f11-b611-56497c335d1f,0648ed23-b298-4171-92f2-76484e6f5174,169553002,Insertion of subcutaneous contraceptive,11651.93,,
2011-11-08,85932ea5-ba35-41b9-93a6-eed4388c8bca,1857d837-6cfe-4ca9-819d-f9673c622342,169553002,Insertion of subcutaneous contraceptive,10648.15,,
2015-10-21,85932ea5-ba35-41b9-93a6-eed4388c8bca,346e228d-547b-479c-80cc-2ddebc4f1832,65200003,Insertion of intrauterine contraceptive device,8523.79,,
2017-04-10,b90bbca2-98c9-43db-8b2b-70ffb400a9c5,c223e4f8-4670-485c-ac28-eda8204671a8,76601001,Intramuscular injection,4197.48,,
2014-04-15,cf66e0f3-2704-4a64-8276-93801457ace0,b7a74531-6e1f-4bbe-8cb0-840057f73c71,76601001,Intramuscular injection,2137.47,,
2019-03-24,cf66e0f3-2704-4a64-8276-93801457ace0,1c8e5a2f-da26-402a-95d1-8b3cd3a45343,65200003,Insertion of intrauterine contraceptive device,8165.32,,
2010-09-29,a8c29b4b-14cd-4ec2-91cc-7d6b259b3410,861d7d4a-bff5-40ac-887d-5e3eb7966fb8,287664005,Bilateral tubal ligation,9048.68,,
2014-01-13,76ff43f7-d51a-4b09-a171-34b46776f769,995c14f7-d537-42de-a612-b784e2d509e2,169553002,Insertion of subcutaneous contraceptive,9822.51,,
2010-10-07,23d0eabb-78ee-42c9-a43e-322b30fdeb3d,40e0b04d-89ee-4a04-9e2b-418bc8c444d0,169553002,Insertion of subcutaneous contraceptive,9070.99,,
2014-09-16,23d0eabb-78ee-42c9-a43e-322b30fdeb3d,ff2f1899-35cc-4ee0-8266-23093ec9d8e1,76601001,Intramuscular injection,3027.15,,
2016-10-27,ea240d16-f4ab-4e37-82f8-4daadafd6be1,0b85ae2f-cbab-42d6-82c2-f9b51b2a58c9,65200003,Insertion of intrauterine contraceptive device,10401.57,,
2019-09-05,e62ea5a0-2a2d-4323-a0dc-709e5b8d9dc3,e69a5874-593a-41de-9a43-ea28cfad0d71,65200003,Insertion of intrauterine contraceptive device,6699.18,,
2017-07-22,cb611921-dfab-48e8-bf7f-0363badb4109,25e525cf-5b8a-4e6d-a99c-3c3312157e66,76601001,Intramuscular injection,2439.42,,
2018-07-20,cb611921-dfab-48e8-bf7f-0363badb4109,61b4ace9-2bee-4eaa-810d-8c2b11142d03,65200003,Insertion of intrauterine contraceptive device,15078.21,,
