Id,ORGANIZATION,NAME,GENDER,SPECIALITY,ADDRESS,CITY,STATE,ZIP,LAT,LON,UTILIZATION
f4190f23-2d90-36ff-a7f0-78e4f1c7e9d8,6e3a689b-5f4c-3946-be10-180a8ba7c680,Michal Jaanus,F,GENERAL PRACTICE,Nordenskiöldinkatu 20,Helsinki,18,00250,60.19244,24.92811,27
a487848d-5559-36d6-8fd8-e95acab750e0,319baef9-e8e6-3320-9e0b-7991d9c167b8,Arho Åkerberg,M,GENERAL PRACTICE,Haartmaninkatu 4,Helsinki,18,00290,60.189159,24.909081,1
37bfb509-f1a1-30cc-a4cf-81a7c83352ed,d8f91bff-b1eb-3e4d-8936-10924c36977a,Hari Emet,M,GENERAL PRACTICE,Meilahdentie 2,Helsinki,18,00250,60.19263,24.89436,64
3ac541c8-0e0d-3883-b478-6c16762f94c4,410e8cf7-76a3-307f-b421-5fa7760177f1,Henrique Träskbäck,M,GENERAL PRACTICE,Kasarmikatu 11-13,Helsinki,18,00130,60.16102,24.94834,85
a13b1362-8daf-3a32-9b25-e7713356b16e,d0cc41cb-59f2-3552-a63c-b2534971b510,Ville-Pekka Lehtolahti,M,GENERAL PRACTICE,Haartmaninkatu 2,Helsinki,18,00290,60.18876,24.90976,17
c6f0e442-a8e2-3d0b-a06a-4753930e9311,39010280-b8e5-3b1a-b835-bafbeea21968,Ailakki Kivilaakso,F,GENERAL PRACTICE,Turuntie 150,Espoo,18,02740,60.22589,24.77581,53
b180872b-c63b-3825-a120-ccfa26cbdb72,7b74aa83-5335-38dd-a213-d6df36c7f627,Maurinpoika Soppi,M,GENERAL PRACTICE,Karvasmäentie 6,Espoo,18,02740,60.22011,24.6848,16
9a1a5df9-2f6d-3cb6-b199-72f236e95b4a,af916982-f5f8-341b-b159-69e72695294c,Tommie Niinimäki,M,GENERAL PRACTICE,Sairaalakatu 1,Vantaa,18,01400,60.3299,25.0608,61
25b70cbe-91a9-307c-946b-2bfc7b673449,b9b4f8d8-b4a7-3164-a21f-c57b0c40c3ff,Lauri Martela,M,GENERAL PRACTICE,Sairaalankatu 1,Hyvinkää,18,05830,60.612,24.82486,46
bbec11a1-4cd7-366b-b66f-05aeaa215375,294d60d6-0e2b-396b-a8bf-77998642f6b7,Vanja Tanttu,M,GENERAL PRACTICE,Ohkolantie 10,Kellokoski,18,04500,60.53054,25.10548,22
34adb98d-a2d2-342d-8c1e-67b81243e3d2,8af774ed-7635-320a-ad8c-a63aa309a858,Muharrem Wesander,M,GENERAL PRACTICE,Sairaalatie 8,Lohja,18,08200,60.2247,24.01885,36
b7deefc8-7c4c-3a2d-bfb1-cbd5fca409c4,d8b3cbb1-88db-3fc1-bb2b-6a9c0037e6e5,Tiina-Maria Kyngäs,F,GENERAL PRACTICE,Sairaalantie 1,Porvoo,18,06200,60.37911,25.69576,22
7c2fdde8-e070-36bb-917a-520e03297e9b,738aef7e-a279-3f65-9dba-fead16b27400,Michal Jaanus,F,GENERAL PRACTICE,Turuntie 150,Espoo,18,02740,60.22589,24.77581,1250
97e2019e-5478-35e7-8403-914226d768c8,9a3e6919-4ed0-32fe-a1e2-7184b06c415f,Serafim Dahlberg,M,GENERAL PRACTICE,Karvasmäentie 6,Espoo,18,02740,60.22011,24.6848,274
21b13641-776d-3ca8-9702-c59a0bdccdb3,a70486b2-c33a-37b3-a4cf-b3dc06cb9d84,Emma-Liina Nissilä,F,GENERAL PRACTICE,Sairaalakatu 1,Vantaa,18,01400,60.3299,25.0608,1114
fce0d5e3-8d0c-3e32-9619-992f86a73c77,bf25636d-50a4-3cf2-b937-0e59fd37503f,Arho Åkerberg,M,GENERAL PRACTICE,Sairaalankatu 1,Hyvinkää,18,05830,60.612,24.82486,218
b4cb38ea-dca0-3e05-a5df-9ea03a466356,4eddd774-a01b-3a0b-b4c6-736a5581aba4,Leslie Ala-Herttuala,F,GENERAL PRACTICE,Ohkolantie 10,Kellokoski,18,04500,60.53054,25.10548,216
bab753c6-da68-370e-a103-86c2bc04e2b1,942171f0-df04-34cc-9c85-1a11b2f08717,Esa-Matti Immilä,M,GENERAL PRACTICE,Sairaalatie 8,Lohja,18,08200,60.2247,24.01885,364
cfad1e49-d117-38cd-bab9-df6da72f406e,216a84b2-6287-356d-9bcf-655abf00debb,Riina-Lotta Kavilo,F,GENERAL PRACTICE,Sairaalantie 1,Porvoo,18,06200,60.37911,25.69576,104
01ab0f66-32e0-3cf8-8d84-0419f115f48f,af916982-f5f8-341b-b159-69e72695294c,Leslie Ala-Herttuala,F,GENERAL PRACTICE,Sairaalakatu 1,Vantaa,18,01400,60.3299,25.0608,2
