location_id,address_1,address_2,city,state,zip,county,location_source_value
3513,858 Karilainen Katu,,Helsinki,Uusimaa,00530,Helsinki,d5862d2a-9111-4446-9845-b6bff161da3f
3514,933 Al-Essa Katu Apt 79,,Helsinki,Uusimaa,00350,Helsinki,69504d4b-f1b3-426e-a74a-e74fb4fbb08e
3515,275 Timola Katu Apt 27,,Nurmijärvi,Uusimaa,01810,Nurmijärvi,a42f0444-20e2-4118-a893-3c24a539727f
3516,363 Ylälehto Katu Unit 43,,Helsinki,Uusimaa,00400,Helsinki,82880bec-d284-4e85-b161-127177f235c3
3517,711 Vaak Katu Apt 99,,Helsinki,Uusimaa,00190,Helsinki,19095155-8f89-41bd-83a7-de4b6f500ba9
3518,841 Krogius Katu,,Espoo,Uusimaa,02680,Espoo,287a54f1-6070-44dc-9d00-8a2229e4df92
3519,1067 Vaulasto Katu Apt 75,,Helsinki,Uusimaa,00860,Helsinki,75e39a7e-e088-428e-9aa3-6598a07a9d2a
3520,216 Inkeröinen Katu Unit 53,,Vantaa,Uusimaa,01700,Vantaa,18427e64-0afc-4e54-8977-597a049f8804
3521,643 Keturi Katu Suite 78,,Järvenpää,Uusimaa,04440,Järvenpää,51378fff-06d2-4356-873d-316e769f364b
3522,1047 Kelottijärvi Katu,,Helsinki,Uusimaa,00880,Helsinki,6793db5a-c49f-4da2-bc1a-9526d574aff6
3523,600 Gabrielsson Katu Apt 50,,Helsinki,Uusimaa,00840,Helsinki,0e08606d-11f9-4cb9-932e-25102aef79ea
3524,1026 Alakorpi Katu,,Vantaa,Uusimaa,01260,Vantaa,b16560e4-893f-4ee5-b8e9-544fe163d321
3525,1061 Candelin Katu,,Helsinki,Uusimaa,00390,Helsinki,b17ef59b-8597-4c55-a498-7f98e7be74a5
3526,399 Hurtta Katu,,Helsinki,Uusimaa,00230,Helsinki,8562a48b-1244-4105-982f-4cf0ef7585a0
3527,1031 Ylläsjärvi Katu,,Helsinki,Uusimaa,00840,Helsinki,4fd7f6b1-2a25-40ad-9aa8-048242fef1aa
3528,728 Virtasalo Katu,,Helsinki,Uusimaa,00790,Helsinki,9de1023a-dd1a-4eae-8f87-af6deb6666e0
3529,817 Haukipuro Katu Unit 5,,Järvenpää,Uusimaa,04410,Järvenpää,f9e9b3cd-e85e-4eb5-b05f-a94e569b65c8
3530,458 Siltala Katu Unit 82,,Helsinki,Uusimaa,00840,Helsinki,b042d650-909c-4c3f-b5b3-c986c8f5d024
3531,172 Lemola Katu,,Mäntsälä,Uusimaa,04530,Mäntsälä,b4b15b23-5c5b-48b0-8b5e-09db42815b12
3532,784 Viianen Katu Suite 83,,Helsinki,Uusimaa,00670,Helsinki,bd5a9067-0ea3-422f-9cf5-78cfd38f3cb3
3533,597 Uosukainen Katu Suite 49,,Tuusula,Uusimaa,04350,Tuusula,b39c60c8-9542-4d1e-9481-e346940b77fc
3534,203 Elonen Katu Apt 67,,Helsinki,Uusimaa,00430,Helsinki,d501217d-6b7e-4299-8dc7-f157c8e7576e
3535,619 Alapuranen Katu Unit 70,,Helsinki,Uusimaa,00770,Helsinki,5549f12d-1038-45bc-81d2-fa1f93865986
3536,693 Rantapelkonen Katu Unit 43,,Porvoo,Uusimaa,07350,Porvoo,a7053889-a560-4b7a-ba02-73a3c233663f
3537,453 Zhao Katu Unit 2,,Porvoo,Uusimaa,07410,Porvoo,4e5cdc9e-99ab-4e93-8ef2-a19f10bdf5d4
3538,414 Savin Katu Unit 40,,Espoo,Uusimaa,02240,Espoo,3f39f58a-aecc-44aa-a7f5-c167148cf78b
3539,725 Kula Katu,,Pornainen,Uusimaa,07150,Pornainen,9f2fb56f-73d7-4705-be92-4edf244b0477
3540,513 Merilampi Katu Apt 59,,Vantaa,Uusimaa,01750,Vantaa,df8c79de-370b-4ea8-ace4-c5be4ab4efa4
3541,257 Nuikka Katu Suite 17,,Mäntsälä,Uusimaa,04820,Mäntsälä,668a292b-a496-4840-84e1-dd86b2adbbec
3542,466 Arosuo Katu Unit 68,,Helsinki,Uusimaa,00170,Helsinki,947ff0a4-b5b6-4eb1-a721-1676ef0dc7d3
3543,890 Pyyvaara Katu,,Helsinki,Uusimaa,00670,Helsinki,864af374-e41d-4b0f-8ee5-c7300de54891
3544,197 Temonen Katu,,Helsinki,Uusimaa,00520,Helsinki,515bf876-7981-4107-9877-1d39d65833b8
3545,504 Wennberg Katu Apt 96,,Järvenpää,Uusimaa,04400,Järvenpää,2be7b328-b55c-4f2a-87a3-d1c059f0e241
3546,629 Elevaara Katu Apt 6,,Espoo,Uusimaa,02920,Espoo,18d4577c-20d4-4cc3-86a7-8040a1eebfa6
3547,1075 Anjala Katu,,Helsinki,Uusimaa,00670,Helsinki,855c9d31-1739-482a-8bd1-90488102c7b2
3548,555 Virto Katu Apt 14,,Hyvinkää,Uusimaa,05880,Hyvinkää,76b06d5c-b9b2-48da-b434-c05eafd7ab81
3549,1058 Yrjönheikki Katu Unit 27,,Kerava,Uusimaa,04200,Kerava,a7f621bb-3fff-410b-b438-71ad57bacd29
3550,169 Korppi Katu Suite 20,,Kirkkonummi,Uusimaa,02410,Kirkkonummi,6b10d7ce-622b-4c22-911c-619033ad615b
3551,660 Viirimäki Katu,,Helsinki,Uusimaa,00920,Helsinki,7f8246f3-9fae-4037-8a91-a6b2da17b2ec
3552,122 Kauranta Katu Apt 87,,Vantaa,Uusimaa,01520,Vantaa,faf72e41-553d-4137-9267-b8b74bf05fac
3553,535 Kaihlanen Katu Unit 23,,Helsinki,Uusimaa,00220,Helsinki,ef143536-87c0-42c4-8df5-30b60efe9433
3554,567 Paulasaari Katu,,Sipoo,Uusimaa,01150,Sipoo,47b76b1f-e3e2-4ed6-9bda-3b29678e3950
3555,506 Kairi Katu Apt 72,,Vihti,Uusimaa,03320,Vihti,7eb9b667-f105-468a-8edb-03c161f98f8c
3556,680 Jakkila Katu,,Helsinki,Uusimaa,00200,Helsinki,b675ff9b-c94d-42cb-bd1f-82a6a68109cc
3557,1098 Kalla Katu,,Helsinki,Uusimaa,00790,Helsinki,b49b8352-a283-4fdd-9dbc-7ad84a538ea3
3558,646 Tammila Katu Apt 58,,Espoo,Uusimaa,02180,Espoo,ea67a666-d0f0-4b7d-a668-07ad74b144ee
3559,105 Vaani Katu Apt 65,,Helsinki,Uusimaa,00400,Helsinki,a2156d24-088e-491c-82ca-5c6b91dcc35c
3560,1091 Aarnipuro Katu,,Vantaa,Uusimaa,01740,Vantaa,c8373496-da99-47b6-aeba-ce06120415cd
3561,231 Havakka Katu,,Vantaa,Uusimaa,01670,Vantaa,5541a023-00be-4ba8-85d5-cfbd4ecebf1e
3562,736 Rantasalmi Katu Suite 80,,Porvoo,Uusimaa,07450,Porvoo,767926ef-f677-4b4f-9fb5-6187ecb26c17
3563,197 Kopra Katu,,Helsinki,Uusimaa,00610,Helsinki,18a599ef-4f9f-4923-b2bd-fcf9cb4d1f77
3564,896 Sarrola Katu,,Loviisa,Uusimaa,07780,Loviisa,d918c5d5-7662-43d3-b6f2-59342a6837cb
3565,387 Antinkaapo Katu,,Kerava,Uusimaa,04220,Kerava,ca682ccd-14cc-46b8-8a49-a5487a47bea4
3566,502 Ripatti Katu Apt 90,,Helsinki,Uusimaa,00560,Helsinki,9fa6f66e-10bd-483d-b238-982f58db2ff5
3567,258 Harno Katu Unit 98,,Hyvinkää,Uusimaa,05510,Hyvinkää,eeb17f06-ac29-42c5-b5cc-dcd063844f0e
3568,549 Lybeck Katu,,Hyvinkää,Uusimaa,05860,Hyvinkää,f91c49fd-fc1d-43cc-b276-ccbc7ba18312
3569,796 Kalttonen Katu Suite 28,,Raasepori,Uusimaa,10570,Raasepori,43491f2f-388a-4017-a9b6-59cc6d5c496c
3570,426 Talonen Katu Unit 50,,Helsinki,Uusimaa,00640,Helsinki,25996bb3-a601-49a9-82eb-9b1e7b510ecd
3571,729 Luikku Katu Suite 14,,Askola,Uusimaa,07590,Askola,0d7dfa89-a8e8-4975-b122-9470f99356f5
3572,993 Helynen Katu Unit 28,,Kirkkonummi,Uusimaa,02550,Kirkkonummi,3dc3564a-eb79-44ac-9ed8-b88d888a0880
3573,547 Takaneva Katu,,Espoo,Uusimaa,02180,Espoo,4a15092f-1f84-4c88-bd1f-84626784359c
3574,1078 Tano Katu Suite 4,,Kirkkonummi,Uusimaa,02410,Kirkkonummi,4b86b2d9-b89d-4242-95e8-1393b66f4de3
3575,459 Kianto Katu Unit 85,,Helsinki,Uusimaa,00190,Helsinki,16d81a91-91d5-4587-bf2b-6adaf59c0df7
3576,128 Hagelberg Katu Unit 21,,Espoo,Uusimaa,02150,Espoo,a8c39284-14c5-4562-af3d-5a99045c4d0c
3577,292 Pasinen Katu,,Helsinki,Uusimaa,00370,Helsinki,72fa9d42-d972-4c23-905f-0178062e6aaa
3578,957 Kaukinen Katu,,Porvoo,Uusimaa,06150,Porvoo,4d6a1e06-9c07-4dc8-b423-fa4d1a61ea45
3579,260 Ala-Kuusisto Katu,,Helsinki,Uusimaa,00360,Helsinki,74cfc9a6-b7ae-4671-bc34-116536bb4834
3580,138 Poikkeus Katu,,Vantaa,Uusimaa,01620,Vantaa,6fb063a2-2adf-4c1e-a913-97b1f7cd934e
3581,761 Staaf Katu Suite 12,,Helsinki,Uusimaa,00810,Helsinki,a508d158-424a-481e-88df-682199f98469
3582,165 Stude Katu Suite 21,,Espoo,Uusimaa,02980,Espoo,ed148d8b-76a8-4511-acb3-d77314a1a7bc
3583,550 Johans Katu,,Vantaa,Uusimaa,01760,Vantaa,a9e587b6-fa5b-4cad-bdf5-8f48b87f5159
3584,379 Pikanen Katu Unit 54,,Vantaa,Uusimaa,01200,Vantaa,b9765b9a-e5c5-4fb3-ab82-df1805fa17c8
3585,851 Pronin Katu Unit 6,,Vantaa,Uusimaa,01200,Vantaa,6b291957-8528-4597-9f1a-03b93c41691a
3586,725 Väntänen Katu,,Espoo,Uusimaa,02610,Espoo,16fa1809-02d1-455b-bf70-0f457b5fdf89
3587,376 Sarvasilta Katu Apt 5,,Nurmijärvi,Uusimaa,05250,Nurmijärvi,211ae226-098c-4f62-a98e-c2e2ff4ae708
3588,649 Mulli Katu Apt 28,,Helsinki,Uusimaa,00240,Helsinki,61a1f7a2-ed1c-4394-9656-5aa55ddc6081
3589,400 Ohls Katu Apt 19,,Lohja,Uusimaa,08450,Lohja,b2de0025-25c9-4f45-b36a-b51d59f498b2
3590,1043 Duale Katu,,Helsinki,Uusimaa,00320,Helsinki,a071ee49-fb83-44c9-8789-50d9d6d3d5c0
3591,602 Eveli Katu,,Helsinki,Uusimaa,00190,Helsinki,351f4f9e-a9cd-468c-bceb-24a62dc18dab
3592,1073 Bodbacka Katu Suite 15,,Kerava,Uusimaa,04220,Kerava,acfdac10-7417-43a0-a896-0e04cdc414ba
3593,521 Lindqvist Katu,,Hyvinkää,Uusimaa,05810,Hyvinkää,5854ac1f-76df-45f1-b0c6-fa1f5564bb2c
3594,193 Nars Katu,,Helsinki,Uusimaa,00440,Helsinki,f778e5c6-64db-4d6b-b12b-26f2a3501a26
3595,262 Saarnia Katu,,Helsinki,Uusimaa,00840,Helsinki,5e2af29a-d29c-4dcc-8417-64387ab01992
3596,271 Teerinkoski Katu,,Järvenpää,Uusimaa,04410,Järvenpää,1732dd65-5501-4eb0-a748-eb4844d58a2b
3597,1057 Åstrand Katu,,Loviisa,Uusimaa,07720,Loviisa,ffd4ab43-3406-400f-b1b1-eff87bc186fe
3598,328 Tillander Katu,,Nurmijärvi,Uusimaa,01900,Nurmijärvi,c5aa214f-4675-41f3-a300-fb26da2f65f2
3599,1097 Norhomaa Katu Unit 39,,Helsinki,Uusimaa,00350,Helsinki,1fcae05c-7f9f-4df3-b6ef-842bde45065e
3600,221 Sonkkila Katu,,Vantaa,Uusimaa,01660,Vantaa,05d35501-8118-4058-b474-08eefed59e06
3601,1090 Hatula Katu,,Siuntio,Uusimaa,02490,Siuntio,541ae421-0466-4462-b322-f0ee8f709860
3602,534 Pihtsalmi Katu,,Helsinki,Uusimaa,00120,Helsinki,71744751-1fb8-4ffc-b7b3-f796ad07bde3
3603,819 Mannersuo Katu,,Tuusula,Uusimaa,04360,Tuusula,121ea6a8-e289-4527-b901-1f8f7311a149
3604,777 Lautanala Katu,,Vantaa,Uusimaa,01200,Vantaa,6f2f1e04-3e66-4d98-83e2-40e979ac91c7
3605,973 Keski-Hannula Katu Suite 10,,Helsinki,Uusimaa,00780,Helsinki,a733f889-e378-4d1d-8bc9-daf636251526
3606,554 Jyrkkä Katu Apt 23,,Helsinki,Uusimaa,00280,Helsinki,444476ec-a956-49c3-9362-4e7f79dfc5d4
3607,568 Warto Katu,,Helsinki,Uusimaa,00220,Helsinki,d4e64a46-cd7c-4837-a83f-da55f96b4fa2
3608,299 Viherkoski Katu Apt 40,,Helsinki,Uusimaa,00880,Helsinki,06817b4f-144e-40da-89f9-c730d7280006
3609,1042 Hautala Katu,,Espoo,Uusimaa,02680,Espoo,583363cd-6b50-4f17-8841-3ceb85deb0cd
3610,148 Korpisalo Katu Unit 71,,Kauniainen,Uusimaa,02700,Kauniainen,fd7f9119-3a23-49ad-855f-6b27724306e2
3611,553 Rautio Katu,,Espoo,Uusimaa,02110,Espoo,1fe72adc-1a06-4e98-a1bf-6922169cc2db
3612,838 Krekola Katu,,Espoo,Uusimaa,02940,Espoo,753ac6d6-087f-4f24-a433-ce819267fad9
3613,1025 Jönsas Katu Apt 75,,Mäntsälä,Uusimaa,04600,Mäntsälä,9116faeb-9b40-47ea-8dd3-e3e9be7b2ef4
