location_id,address_1,address_2,city,state,zip,county,location_source_value
1242,441 Afflekt Katu Unit 30,,Helsinki,Uusimaa,00930,Helsinki,87a40540-1e44-4897-8419-47701820f1cd
1243,763 Lindgren Katu Apt 29,,Nurmijärvi,Uusimaa,01820,Nurmijärvi,0011951b-83d4-4baa-9d74-3860c03e6064
1244,451 Kangasmetsä Katu,,Hyvinkää,Uusimaa,05880,Hyvinkää,169e19a8-6b33-48ff-9716-7de7da4c76a8
1245,244 Olamo Katu Unit 42,,Helsinki,Uusimaa,00190,Helsinki,ffc3b733-ca49-4a21-82f6-81be4d195229
1246,267 Teliö Katu,,Vantaa,Uusimaa,01680,Vantaa,e457392e-87f6-4210-ae5a-a1898cc251b2
1247,467 Raassina Katu Suite 26,,Nurmijärvi,Uusimaa,05200,Nurmijärvi,775e45c7-9d0f-4318-91a0-295a8152cf84
1248,1029 Haukkovaara Katu,,Vantaa,Uusimaa,01770,Vantaa,ccb8b607-bcad-4ccc-a3de-cb69ced56c3f
1249,126 Hartus Katu Unit 10,,Vihti,Uusimaa,03100,Vihti,5b20884a-aeb9-43e5-b3c1-a4770ad7376b
1250,1097 Kannelniemi Katu Suite 30,,Helsinki,Uusimaa,00920,Helsinki,f7774f0c-0838-4cf5-a52d-cb01d18589cf
1251,843 Harden Katu,,Helsinki,Uusimaa,00420,Helsinki,d54461f8-6104-49aa-b152-e0d5fea8d8bf
1252,909 Uronen Katu,,Helsinki,Uusimaa,00880,Helsinki,a3b0c9d9-9c28-436d-9db3-72f92617e189
1253,695 Enbuska Katu,,Nurmijärvi,Uusimaa,01820,Nurmijärvi,af8b753a-f078-46f3-9f95-d4f80a51d3f8
1254,395 Topi Katu Unit 42,,Helsinki,Uusimaa,00970,Helsinki,6f23c4aa-6ac9-430e-9054-2d556bddcaf8
1255,356 Antere Katu,,Helsinki,Uusimaa,00920,Helsinki,986b0874-80ca-42a9-b261-c4b82fb97ebb
1256,285 Pihlamaa Katu,,Helsinki,Uusimaa,00140,Helsinki,de2ae4b8-626c-481c-baf6-5a8ba8415ad1
1257,865 Tiirinki Katu Apt 12,,Helsinki,Uusimaa,00350,Helsinki,9cffe3ad-ee30-4441-96a3-76752f1a9d39
1258,503 Widing Katu Unit 1,,Kirkkonummi,Uusimaa,02480,Kirkkonummi,0c3811bc-de3a-48f5-91d2-89a7d943832b
1259,638 Turpeinen Katu Unit 24,,Vantaa,Uusimaa,01380,Vantaa,74f31d1e-252d-4176-b8fa-d9593bede612
1260,335 Lehmusjärvi Katu,,Helsinki,Uusimaa,00380,Helsinki,5b26b233-2782-4cc6-a905-fa0e142d6561
1261,230 Vähäpesola Katu,,Helsinki,Uusimaa,00330,Helsinki,9116502b-9cc9-46fa-abdd-cbeb2fa302dd
1262,460 Muurinen Katu Unit 53,,Helsinki,Uusimaa,00860,Helsinki,210fea80-8675-4c6e-bf59-23256c837ed1
1263,329 Maloku Katu,,Helsinki,Uusimaa,00160,Helsinki,928e340b-a575-4c9f-8357-2b3390c7dd66
1264,902 Porkholm Katu Apt 27,,Espoo,Uusimaa,02130,Espoo,4205d9a9-dc4a-4021-9035-b2d0d5c77571
1265,327 Lallukka Katu Apt 66,,Helsinki,Uusimaa,00980,Helsinki,cab4f653-51f7-4062-bb44-089b118e19cd
1266,1046 Lääkkölä Katu,,Nurmijärvi,Uusimaa,05200,Nurmijärvi,22786aaf-8689-422f-8a0a-cf529ed99b58
1267,365 Saksa Katu,,Nurmijärvi,Uusimaa,01940,Nurmijärvi,76ac4600-2242-43ae-84e8-2bc88cba0f66
1268,512 Lange Katu Suite 47,,Kirkkonummi,Uusimaa,02550,Kirkkonummi,094fb8f1-a26d-44d1-860d-6a4df03d8ebb
1269,513 Lennes Katu,,Helsinki,Uusimaa,00580,Helsinki,a40e7d08-b04b-42c1-afcf-aebc8ad95ffa
1270,921 Viitaluoma Katu,,Raasepori,Uusimaa,10330,Raasepori,ecf8caa9-f42f-46cb-9870-ea4454bd4c3a
1271,1059 Hughes Katu,,Järvenpää,Uusimaa,04420,Järvenpää,91a7dd5a-66af-4ae1-a18b-8c45da93f19e
1272,1018 Kauppila Katu Suite 38,,Helsinki,Uusimaa,00310,Helsinki,290ab112-2ddf-43d5-aee0-cf23c03a92f3
1273,975 Södö Katu Unit 30,,Vantaa,Uusimaa,01340,Vantaa,d01c1e1c-cf98-4449-8c82-271510bc9582
1274,474 Peltoniemi Katu,,Helsinki,Uusimaa,00430,Helsinki,16ba1a02-f88a-4122-95b8-bb8e81a485eb
1275,454 Breitenstein Katu,,Porvoo,Uusimaa,06100,Porvoo,ab2ec9ae-8a32-4383-8806-c5229793294e
1276,757 Pykäläniemi Katu,,Vihti,Uusimaa,03320,Vihti,f36c5471-7c01-4de7-8889-40502ae35832
1277,439 Konttaniemi Katu,,Helsinki,Uusimaa,00130,Helsinki,9ff4f33c-ff6c-44e0-86b2-628e3fba16de
1278,132 Kurtelius Katu,,Helsinki,Uusimaa,00520,Helsinki,30f07d90-ebba-458d-aa94-982d9a5bb4fa
1279,989 Tavaila Katu Suite 95,,Helsinki,Uusimaa,00170,Helsinki,a37a2ca7-b8fb-42b5-8800-6b0f079b71bc
1280,801 Tomperi Katu Apt 13,,Helsinki,Uusimaa,00320,Helsinki,d846ab29-f2a6-4833-b3d4-265d6bf7b6be
1281,341 Keiski Katu,,Espoo,Uusimaa,02630,Espoo,29dcd6fb-e0d1-4808-b4a8-0caeff27e0b5
1282,462 Krogars Katu,,Espoo,Uusimaa,02620,Espoo,0b59c2b9-5254-4217-989f-538644feeea7
1283,1005 Willgren Katu,,Helsinki,Uusimaa,00750,Helsinki,030dcbc2-90b6-4f2d-972e-6c33daadc357
1284,553 Punna Katu Suite 29,,Porvoo,Uusimaa,06450,Porvoo,16eb6e31-b9b1-4c67-a278-5f320f1c0d0f
1285,336 Vesanen Katu,,Espoo,Uusimaa,02260,Espoo,1bb98935-398c-4727-b614-df5c8ee52f23
1286,946 Salmivainio Katu,,Kirkkonummi,Uusimaa,02400,Kirkkonummi,298c5c27-8f8c-45f8-9b80-90bf87e82228
1287,1031 Heikinmatti Katu,,Järvenpää,Uusimaa,04410,Järvenpää,bb4e1040-d564-4332-880f-f09e09bace78
1288,845 Hyyrynen Katu Apt 60,,Järvenpää,Uusimaa,04400,Järvenpää,4513d6e6-26d4-47f2-a702-48b2ba967698
1289,137 Talvasto Katu,,Espoo,Uusimaa,02650,Espoo,08a157a3-9ea9-4e16-b480-83b191dbd146
1290,863 Tervaportti Katu Apt 14,,Helsinki,Uusimaa,00390,Helsinki,747710a0-e618-4d3f-87f8-d5d3cbdc15dd
1291,386 Erlin Katu,,Helsinki,Uusimaa,00150,Helsinki,6cf78085-0d36-4f08-82e2-5e210736afe6
1292,352 Tukio Katu,,Espoo,Uusimaa,02760,Espoo,17263137-aa58-4f1e-9468-4abf155084f4
1293,914 Pukaralammi Katu,,Nurmijärvi,Uusimaa,05250,Nurmijärvi,f6f0202b-e98b-4283-b89a-e004a0413273
1294,961 Salmivaara Katu Apt 92,,Espoo,Uusimaa,02300,Espoo,b2e4e1ab-1dd8-4c30-88ef-216ac2dfef2c
1295,1099 Torppala Katu,,Helsinki,Uusimaa,00440,Helsinki,988e6912-bfe8-4d6d-85f6-e3c6acfe0f8f
1296,746 Iivonen Katu,,Vantaa,Uusimaa,01670,Vantaa,cab70a29-fbfc-4430-a1d8-655eee6daba8
1297,1075 Lakka Katu,,Vihti,Uusimaa,03100,Vihti,fa6bb93d-ac8c-4c1f-93f0-dcea55576de3
1298,870 Ruoppa Katu Unit 17,,Helsinki,Uusimaa,00150,Helsinki,5b2a26a6-e1df-4df1-bd29-18a08b4b4776
1299,546 Oikuri Katu Unit 97,,Kirkkonummi,Uusimaa,02420,Kirkkonummi,7667f9da-f56f-44cc-99e1-a504b6cc0f4f
1300,939 Saarelma Katu,,Raasepori,Uusimaa,10620,Raasepori,5cb79905-63e1-45e9-b730-9977e7b52328
1301,244 Larsson Katu,,Vantaa,Uusimaa,01230,Vantaa,fa95009e-f7d6-47d1-8921-b45724b6ea33
1302,257 Auramaa Katu,,Helsinki,Uusimaa,00370,Helsinki,66d14765-5160-4553-81f6-7a98dcdfafd7
1303,588 Voltti Katu,,Porvoo,Uusimaa,06830,Porvoo,3e9a0ab3-a948-46a5-a350-d3dca812b3a0
1304,148 Ikäheimonen Katu,,Tuusula,Uusimaa,04330,Tuusula,288bd4e1-6150-48cc-bce7-979be02aa565
1305,375 Harno Katu,,Helsinki,Uusimaa,00320,Helsinki,f83beebd-9842-409d-9232-d5819b1048ea
1306,328 Ruhtinas Katu,,Vantaa,Uusimaa,01380,Vantaa,f0ad0f78-f596-417a-b4a0-56778138033b
1307,580 Sukari Katu,,Espoo,Uusimaa,02730,Espoo,a10b5671-5d2b-494f-8eb9-ab9c7c585a86
1308,749 Kiviluoma Katu Apt 99,,Tuusula,Uusimaa,04310,Tuusula,907e7697-0945-4090-a3ac-27997e484a3d
1309,212 Puodinketo Katu,,Helsinki,Uusimaa,00420,Helsinki,c2265ed1-3953-47b1-b018-ed27da66e915
1310,471 Alaperä Katu,,Järvenpää,Uusimaa,04400,Järvenpää,ed4f1128-8781-4a7e-b464-ec9a7ff270c0
1311,639 Vallinmäki Katu Apt 79,,Helsinki,Uusimaa,00350,Helsinki,240a96fb-daae-495b-914e-d8d058b7c86b
1312,908 Yrtti Katu Suite 8,,Helsinki,Uusimaa,00730,Helsinki,c3cd38d2-145b-40e4-a9b4-8b9d5c56d8c4
1313,739 Ruotsala Katu Suite 73,,Vantaa,Uusimaa,01710,Vantaa,52e403dc-8fb8-4e2c-87d0-b2c656bd4811
1314,742 Koppeli Katu Suite 0,,Vantaa,Uusimaa,01520,Vantaa,de69e8eb-703c-4447-a571-06bf38f46924
1315,528 Hiekkataipale Katu Unit 53,,Vantaa,Uusimaa,01650,Vantaa,a3ddff9e-5dc6-45dd-a38a-fec0cffa2610
1316,639 Sirkiä Katu,,Espoo,Uusimaa,02130,Espoo,fc85b681-e6e6-4887-a2b7-7af707609233
1317,227 Hamppula Katu Unit 50,,Espoo,Uusimaa,02650,Espoo,7ede2c55-efb6-4f18-8e28-8cb8f0d571dc
1318,666 Mettala Katu Unit 95,,Espoo,Uusimaa,02760,Espoo,05e93261-4f9e-4532-becb-5eab900b6a87
1319,557 Näppi Katu Suite 50,,Kirkkonummi,Uusimaa,02470,Kirkkonummi,ea363004-c391-4405-b209-6e4091a37568
1320,160 Gratscheff Katu,,Helsinki,Uusimaa,00740,Helsinki,485e9ed9-81e1-4801-aea5-a7b1d43aa711
1321,938 Palokoski Katu Apt 28,,Helsinki,Uusimaa,00190,Helsinki,14ab9132-65c2-4145-9004-14c7f3c0ef2b
1322,545 Kanamäki Katu,,Helsinki,Uusimaa,00760,Helsinki,d17c10f0-7874-41a2-adce-7ff71c005b9a
1323,483 Willström Katu Suite 39,,Porvoo,Uusimaa,07350,Porvoo,6672e6ef-c24c-4676-bf32-4455f481a254
1324,983 Bal Katu,,Nurmijärvi,Uusimaa,01940,Nurmijärvi,82f8b2ca-1543-4647-9269-760fee5fad42
1325,413 Tschokkinen Katu,,Lohja,Uusimaa,08480,Lohja,a7fadb88-18e3-4c06-bba3-736dd29d62a5
1326,720 Shaw Katu Apt 52,,Helsinki,Uusimaa,00440,Helsinki,2aef48b7-4177-4fc7-ab5c-1fd841bc1f0a
1327,165 Ylänkö Katu Unit 29,,Vantaa,Uusimaa,01640,Vantaa,d317b597-2c8a-48a0-b3ec-df870c7f2e83
1328,280 Mäkivuoti Katu,,Loviisa,Uusimaa,07920,Loviisa,35a3d49b-c5e5-4843-a3a1-d7163b4aec41
1329,658 Peltoluhta Katu,,Helsinki,Uusimaa,00130,Helsinki,f07e6d48-681e-43d9-95a4-4ae0eb1cb4be
1330,482 Hoskonen Katu,,Hyvinkää,Uusimaa,05840,Hyvinkää,5d2bec29-6ee1-48a2-a22d-54f07f481a1c
1331,313 Guillou Katu,,Helsinki,Uusimaa,00630,Helsinki,6d687ed7-e5b8-4648-8907-a5f6b9e44248
1332,970 Jokilahti Katu Unit 40,,Vihti,Uusimaa,03250,Vihti,acd6641a-5c26-4b5b-a214-5af1776a919b
1333,298 Alamikkelä Katu Suite 78,,Vantaa,Uusimaa,01490,Vantaa,4fb6623c-3600-42b1-b687-5ed69acc1197
1334,602 Hakoköngäs Katu Suite 66,,Helsinki,Uusimaa,00220,Helsinki,5f957a45-70b9-40c1-9d69-9d20e599a76a
1335,354 Siegfrids Katu Suite 24,,Vantaa,Uusimaa,01230,Vantaa,a3389366-a0b3-47d8-9045-443eaf33dad1
1336,265 Viljava Katu Suite 55,,Espoo,Uusimaa,02940,Espoo,5e625a15-e4d3-419b-b446-c5eafa686547
1337,110 Uusimäki Katu Suite 34,,Vantaa,Uusimaa,01380,Vantaa,e72ad49e-513d-4d1c-bad2-3c673d6ded49
1338,1097 Änkiläinen Katu Apt 54,,Tuusula,Uusimaa,05400,Tuusula,fb850f0a-671e-4fd0-82f8-0e70905a0edc
1339,976 Veräjänkorva Katu,,Espoo,Uusimaa,02360,Espoo,acfc6191-559c-4c02-bebf-a8ce43c42fed
1340,701 Purmola Katu,,Helsinki,Uusimaa,00900,Helsinki,2bc98eff-5e09-4785-8de4-a6166ad39711
1341,104 Hirviniemi Katu,,Vantaa,Uusimaa,01690,Vantaa,97316d7b-0d32-4cf2-aa9d-a247f1cf138c
1342,572 Silen Katu Apt 54,,Espoo,Uusimaa,02160,Espoo,2bb56f83-d41f-4217-a378-abf5908bc1d8
1343,734 Jokipelto Katu,,Helsinki,Uusimaa,00860,Helsinki,3d713095-5da0-493b-913b-eb0a735384c2
1344,298 Uhlgren Katu Suite 81,,Espoo,Uusimaa,02750,Espoo,1fb15e4d-199d-4c97-9e9c-f275c9bae163
1345,490 Lyhty Katu Unit 2,,Helsinki,Uusimaa,00680,Helsinki,4b4d8457-82c3-4dde-bf96-271b2d1edc2d
