person_id,gender_concept_id,year_of_birth,month_of_birth,day_of_birth,birth_datetime,race_concept_id,ethnicity_concept_id,location_id,provider_id,care_site_id,person_source_value,gender_source_value,gender_source_concept_id,race_source_value,race_source_concept_id,ethnicity_source_value,ethnicity_source_concept_id
1242,8507,2003,6,11,,8527,0,1242,,,87a40540-1e44-4897-8419-47701820f1cd,M,0,white,0,nonhispanic,0
1243,8532,1972,4,12,,8527,0,1243,,,0011951b-83d4-4baa-9d74-3860c03e6064,F,0,white,0,nonhispanic,0
1244,8532,1972,1,13,,8527,0,1244,,,169e19a8-6b33-48ff-9716-7de7da4c76a8,F,0,white,0,nonhispanic,0
1245,8507,1970,7,24,,8527,0,1245,,,ffc3b733-ca49-4a21-82f6-81be4d195229,M,0,white,0,nonhispanic,0
1246,8532,1964,5,15,,8527,0,1246,,,e457392e-87f6-4210-ae5a-a1898cc251b2,F,0,white,0,nonhispanic,0
1247,8507,1964,6,10,,8527,0,1247,,,775e45c7-9d0f-4318-91a0-295a8152cf84,M,0,white,0,nonhispanic,0
1248,8532,1961,4,20,,8527,0,1248,,,ccb8b607-bcad-4ccc-a3de-cb69ced56c3f,F,0,white,0,nonhispanic,0
1249,8507,2014,4,17,,8527,0,1249,,,5b20884a-aeb9-43e5-b3c1-a4770ad7376b,M,0,white,0,nonhispanic,0
1250,8507,2014,6,5,,8527,0,1250,,,f7774f0c-0838-4cf5-a52d-cb01d18589cf,M,0,white,0,nonhispanic,0
1251,8532,1984,6,15,,8527,0,1251,,,d54461f8-6104-49aa-b152-e0d5fea8d8bf,F,0,white,0,nonhispanic,0
1252,8532,1946,10,10,,8527,0,1252,,,a3b0c9d9-9c28-436d-9db3-72f92617e189,F,0,white,0,nonhispanic,0
1253,8532,1972,4,12,,8527,0,1253,,,af8b753a-f078-46f3-9f95-d4f80a51d3f8,F,0,white,0,nonhispanic,0
1254,8507,1976,3,6,,8527,0,1254,,,6f23c4aa-6ac9-430e-9054-2d556bddcaf8,M,0,white,0,nonhispanic,0
1255,8507,1989,2,27,,8527,0,1255,,,986b0874-80ca-42a9-b261-c4b82fb97ebb,M,0,white,0,nonhispanic,0
1256,8532,1993,5,21,,8527,0,1256,,,de2ae4b8-626c-481c-baf6-5a8ba8415ad1,F,0,white,0,nonhispanic,0
1257,8507,2015,12,21,,8527,0,1257,,,9cffe3ad-ee30-4441-96a3-76752f1a9d39,M,0,white,0,nonhispanic,0
1258,8532,1966,4,13,,8527,0,1258,,,0c3811bc-de3a-48f5-91d2-89a7d943832b,F,0,white,0,nonhispanic,0
1259,8507,1955,11,10,,8527,0,1259,,,74f31d1e-252d-4176-b8fa-d9593bede612,M,0,white,0,nonhispanic,0
1260,8507,1982,12,8,,8527,0,1260,,,5b26b233-2782-4cc6-a905-fa0e142d6561,M,0,white,0,nonhispanic,0
1261,8507,1977,10,8,,8527,0,1261,,,9116502b-9cc9-46fa-abdd-cbeb2fa302dd,M,0,white,0,nonhispanic,0
1262,8532,1941,3,19,,8527,0,1262,,,210fea80-8675-4c6e-bf59-23256c837ed1,F,0,white,0,nonhispanic,0
1263,8532,1959,5,31,,8527,0,1263,,,928e340b-a575-4c9f-8357-2b3390c7dd66,F,0,white,0,nonhispanic,0
1264,8507,1996,9,3,,8527,0,1264,,,4205d9a9-dc4a-4021-9035-b2d0d5c77571,M,0,white,0,nonhispanic,0
1265,8507,1977,11,14,,8527,0,1265,,,cab4f653-51f7-4062-bb44-089b118e19cd,M,0,white,0,nonhispanic,0
1266,8507,2005,9,7,,8527,0,1266,,,22786aaf-8689-422f-8a0a-cf529ed99b58,M,0,white,0,nonhispanic,0
1267,8507,1959,4,19,,8527,0,1267,,,76ac4600-2242-43ae-84e8-2bc88cba0f66,M,0,white,0,nonhispanic,0
1268,8507,1996,3,18,,8527,0,1268,,,094fb8f1-a26d-44d1-860d-6a4df03d8ebb,M,0,white,0,nonhispanic,0
1269,8532,1956,11,2,,8527,0,1269,,,a40e7d08-b04b-42c1-afcf-aebc8ad95ffa,F,0,white,0,nonhispanic,0
1270,8507,2016,8,16,,8527,0,1270,,,ecf8caa9-f42f-46cb-9870-ea4454bd4c3a,M,0,white,0,nonhispanic,0
1271,8532,2017,6,30,,8527,0,1271,,,91a7dd5a-66af-4ae1-a18b-8c45da93f19e,F,0,white,0,nonhispanic,0
1272,8507,2010,4,8,,8527,0,1272,,,290ab112-2ddf-43d5-aee0-cf23c03a92f3,M,0,white,0,nonhispanic,0
1273,8507,1955,11,10,,8527,0,1273,,,d01c1e1c-cf98-4449-8c82-271510bc9582,M,0,white,0,nonhispanic,0
1274,8532,2016,11,6,,8527,0,1274,,,16ba1a02-f88a-4122-95b8-bb8e81a485eb,F,0,white,0,nonhispanic,0
1275,8507,1959,7,8,,8527,0,1275,,,ab2ec9ae-8a32-4383-8806-c5229793294e,M,0,white,0,nonhispanic,0
1276,8507,1987,3,26,,8527,0,1276,,,f36c5471-7c01-4de7-8889-40502ae35832,M,0,white,0,nonhispanic,0
1277,8532,1957,3,15,,8527,0,1277,,,9ff4f33c-ff6c-44e0-86b2-628e3fba16de,F,0,white,0,nonhispanic,0
1278,8507,1949,6,8,,8527,0,1278,,,30f07d90-ebba-458d-aa94-982d9a5bb4fa,M,0,white,0,nonhispanic,0
1279,8532,1941,10,19,,8527,0,1279,,,a37a2ca7-b8fb-42b5-8800-6b0f079b71bc,F,0,white,0,nonhispanic,0
1280,8507,1982,9,23,,8527,0,1280,,,d846ab29-f2a6-4833-b3d4-265d6bf7b6be,M,0,white,0,nonhispanic,0
1281,8507,1988,5,23,,8527,0,1281,,,29dcd6fb-e0d1-4808-b4a8-0caeff27e0b5,M,0,white,0,nonhispanic,0
1282,8507,2015,6,13,,8527,0,1282,,,0b59c2b9-5254-4217-989f-538644feeea7,M,0,white,0,nonhispanic,0
1283,8532,1992,2,20,,8527,0,1283,,,030dcbc2-90b6-4f2d-972e-6c33daadc357,F,0,white,0,nonhispanic,0
1284,8532,2006,4,26,,8527,0,1284,,,16eb6e31-b9b1-4c67-a278-5f320f1c0d0f,F,0,white,0,nonhispanic,0
1285,8507,1936,2,26,,8527,0,1285,,,1bb98935-398c-4727-b614-df5c8ee52f23,M,0,white,0,nonhispanic,0
1286,8532,1978,6,22,,8527,0,1286,,,298c5c27-8f8c-45f8-9b80-90bf87e82228,F,0,white,0,nonhispanic,0
1287,8507,2013,8,8,,8527,0,1287,,,bb4e1040-d564-4332-880f-f09e09bace78,M,0,white,0,nonhispanic,0
1288,8507,1991,9,4,,8527,0,1288,,,4513d6e6-26d4-47f2-a702-48b2ba967698,M,0,white,0,nonhispanic,0
1289,8532,2000,1,17,,8527,0,1289,,,08a157a3-9ea9-4e16-b480-83b191dbd146,F,0,white,0,nonhispanic,0
1290,8532,2011,6,10,,8527,0,1290,,,747710a0-e618-4d3f-87f8-d5d3cbdc15dd,F,0,white,0,nonhispanic,0
1291,8532,1954,3,4,,8527,0,1291,,,6cf78085-0d36-4f08-82e2-5e210736afe6,F,0,white,0,nonhispanic,0
1292,8507,1952,11,14,,8527,0,1292,,,17263137-aa58-4f1e-9468-4abf155084f4,M,0,white,0,nonhispanic,0
1293,8532,1984,4,30,,8527,0,1293,,,f6f0202b-e98b-4283-b89a-e004a0413273,F,0,white,0,nonhispanic,0
1294,8532,2004,2,16,,8527,0,1294,,,b2e4e1ab-1dd8-4c30-88ef-216ac2dfef2c,F,0,white,0,nonhispanic,0
1295,8532,2011,5,2,,8527,0,1295,,,988e6912-bfe8-4d6d-85f6-e3c6acfe0f8f,F,0,white,0,nonhispanic,0
1296,8532,1955,12,24,,8527,0,1296,,,cab70a29-fbfc-4430-a1d8-655eee6daba8,F,0,white,0,nonhispanic,0
1297,8507,1978,12,14,,8527,0,1297,,,fa6bb93d-ac8c-4c1f-93f0-dcea55576de3,M,0,white,0,nonhispanic,0
1298,8532,1959,6,9,,8527,0,1298,,,5b2a26a6-e1df-4df1-bd29-18a08b4b4776,F,0,white,0,nonhispanic,0
1299,8532,1996,8,1,,8527,0,1299,,,7667f9da-f56f-44cc-99e1-a504b6cc0f4f,F,0,white,0,nonhispanic,0
1300,8507,1959,12,2,,8527,0,1300,,,5cb79905-63e1-45e9-b730-9977e7b52328,M,0,white,0,nonhispanic,0
1301,8532,1993,1,20,,8527,0,1301,,,fa95009e-f7d6-47d1-8921-b45724b6ea33,F,0,white,0,nonhispanic,0
1302,8532,1977,6,20,,8527,0,1302,,,66d14765-5160-4553-81f6-7a98dcdfafd7,F,0,white,0,nonhispanic,0
1303,8507,1983,6,3,,8527,0,1303,,,3e9a0ab3-a948-46a5-a350-d3dca812b3a0,M,0,white,0,nonhispanic,0
1304,8507,1971,1,30,,8527,0,1304,,,288bd4e1-6150-48cc-bce7-979be02aa565,M,0,white,0,nonhispanic,0
1305,8507,1976,7,29,,8527,0,1305,,,f83beebd-9842-409d-9232-d5819b1048ea,M,0,white,0,nonhispanic,0
1306,8532,1993,6,18,,8527,0,1306,,,f0ad0f78-f596-417a-b4a0-56778138033b,F,0,white,0,nonhispanic,0
1307,8507,1964,11,23,,8527,0,1307,,,a10b5671-5d2b-494f-8eb9-ab9c7c585a86,M,0,white,0,nonhispanic,0
1308,8507,1980,10,7,,8527,0,1308,,,907e7697-0945-4090-a3ac-27997e484a3d,M,0,white,0,nonhispanic,0
1309,8532,1979,1,3,,8527,0,1309,,,c2265ed1-3953-47b1-b018-ed27da66e915,F,0,white,0,nonhispanic,0
1310,8532,1968,6,12,,8527,0,1310,,,ed4f1128-8781-4a7e-b464-ec9a7ff270c0,F,0,white,0,nonhispanic,0
1311,8532,2008,10,19,,8527,0,1311,,,240a96fb-daae-495b-914e-d8d058b7c86b,F,0,white,0,nonhispanic,0
1312,8507,1984,1,30,,8527,0,1312,,,c3cd38d2-145b-40e4-a9b4-8b9d5c56d8c4,M,0,white,0,nonhispanic,0
1313,8507,1977,9,21,,8527,0,1313,,,52e403dc-8fb8-4e2c-87d0-b2c656bd4811,M,0,white,0,nonhispanic,0
1314,8532,1997,6,30,,8527,0,1314,,,de69e8eb-703c-4447-a571-06bf38f46924,F,0,white,0,nonhispanic,0
1315,8532,2015,5,1,,8527,0,1315,,,a3ddff9e-5dc6-45dd-a38a-fec0cffa2610,F,0,white,0,nonhispanic,0
1316,8507,2002,7,22,,8527,0,1316,,,fc85b681-e6e6-4887-a2b7-7af707609233,M,0,white,0,nonhispanic,0
1317,8507,2012,7,14,,8527,0,1317,,,7ede2c55-efb6-4f18-8e28-8cb8f0d571dc,M,0,white,0,nonhispanic,0
1318,8532,1992,5,23,,8527,0,1318,,,05e93261-4f9e-4532-becb-5eab900b6a87,F,0,white,0,nonhispanic,0
1319,8532,1990,3,30,,8527,0,1319,,,ea363004-c391-4405-b209-6e4091a37568,F,0,white,0,nonhispanic,0
1320,8532,2001,6,10,,8527,0,1320,,,485e9ed9-81e1-4801-aea5-a7b1d43aa711,F,0,white,0,nonhispanic,0
1321,8507,1951,3,7,,8527,0,1321,,,14ab9132-65c2-4145-9004-14c7f3c0ef2b,M,0,white,0,nonhispanic,0
1322,8507,1967,1,23,,8527,0,1322,,,d17c10f0-7874-41a2-adce-7ff71c005b9a,M,0,white,0,nonhispanic,0
1323,8532,2006,1,16,,8527,0,1323,,,6672e6ef-c24c-4676-bf32-4455f481a254,F,0,white,0,nonhispanic,0
1324,8507,1997,7,28,,8527,0,1324,,,82f8b2ca-1543-4647-9269-760fee5fad42,M,0,white,0,nonhispanic,0
1325,8532,1964,8,17,,8527,0,1325,,,a7fadb88-18e3-4c06-bba3-736dd29d62a5,F,0,white,0,nonhispanic,0
1326,8532,2012,10,9,,8527,0,1326,,,2aef48b7-4177-4fc7-ab5c-1fd841bc1f0a,F,0,white,0,nonhispanic,0
1327,8507,1993,11,7,,8527,0,1327,,,d317b597-2c8a-48a0-b3ec-df870c7f2e83,M,0,white,0,nonhispanic,0
1328,8532,2010,1,24,,8527,0,1328,,,35a3d49b-c5e5-4843-a3a1-d7163b4aec41,F,0,white,0,nonhispanic,0
1329,8507,1942,2,1,,8527,0,1329,,,f07e6d48-681e-43d9-95a4-4ae0eb1cb4be,M,0,white,0,nonhispanic,0
1330,8507,1943,11,27,,8527,0,1330,,,5d2bec29-6ee1-48a2-a22d-54f07f481a1c,M,0,white,0,nonhispanic,0
1331,8507,1951,3,7,,8527,0,1331,,,6d687ed7-e5b8-4648-8907-a5f6b9e44248,M,0,white,0,nonhispanic,0
1332,8507,1949,4,22,,8527,0,1332,,,acd6641a-5c26-4b5b-a214-5af1776a919b,M,0,white,0,nonhispanic,0
1333,8532,1972,4,24,,8527,0,1333,,,4fb6623c-3600-42b1-b687-5ed69acc1197,F,0,white,0,nonhispanic,0
1334,8532,1954,6,17,,8527,0,1334,,,5f957a45-70b9-40c1-9d69-9d20e599a76a,F,0,white,0,nonhispanic,0
1335,8532,1963,7,28,,8527,0,1335,,,a3389366-a0b3-47d8-9045-443eaf33dad1,F,0,white,0,nonhispanic,0
1336,8532,1986,7,7,,8527,0,1336,,,5e625a15-e4d3-419b-b446-c5eafa686547,F,0,white,0,nonhispanic,0
1337,8532,1991,12,5,,8527,0,1337,,,e72ad49e-513d-4d1c-bad2-3c673d6ded49,F,0,white,0,nonhispanic,0
1338,8532,2009,5,6,,8527,0,1338,,,fb850f0a-671e-4fd0-82f8-0e70905a0edc,F,0,white,0,nonhispanic,0
1339,8507,1947,12,16,,8527,0,1339,,,acfc6191-559c-4c02-bebf-a8ce43c42fed,M,0,white,0,nonhispanic,0
1340,8507,1990,1,17,,8527,0,1340,,,2bc98eff-5e09-4785-8de4-a6166ad39711,M,0,white,0,nonhispanic,0
1341,8507,1960,3,26,,8527,0,1341,,,97316d7b-0d32-4cf2-aa9d-a247f1cf138c,M,0,white,0,nonhispanic,0
1342,8532,1945,4,3,,8527,0,1342,,,2bb56f83-d41f-4217-a378-abf5908bc1d8,F,0,white,0,nonhispanic,0
1343,8532,1942,12,18,,8527,0,1343,,,3d713095-5da0-493b-913b-eb0a735384c2,F,0,white,0,nonhispanic,0
1344,8507,1947,12,16,,8527,0,1344,,,1fb15e4d-199d-4c97-9e9c-f275c9bae163,M,0,white,0,nonhispanic,0
1345,8532,1920,7,18,,8527,0,1345,,,4b4d8457-82c3-4dde-bf96-271b2d1edc2d,F,0,white,0,nonhispanic,0
