START,STOP,PATIENT,ENCOUNTER,CODE,DESCRIPTION
2019-04-14,2019-04-28,09855116-a5a1-4a6a-a9fe-03542ca05857,9b400ff5-e5e8-4e86-a96c-419f0520f332,444814009,Viral sinusitis (disorder)
2006-06-09,,b2a9676c-9bba-434b-b974-c209212ca0d9,ccde5510-e401-4430-b8d1-2b4aba49112c,40055000,Chronic sinusitis (disorder)
2012-03-31,2012-05-19,b2a9676c-9bba-434b-b974-c209212ca0d9,eb90a3d0-f2d5-4388-8b96-525b77b75709,36971009,Sinusitis (disorder)
2017-07-28,2017-08-04,b2a9676c-9bba-434b-b974-c209212ca0d9,564cb18d-10d1-48b6-ae8d-37a90db3bee5,444814009,Viral sinusitis (disorder)
2016-04-08,2016-04-29,8b0a4432-4940-43d7-bd25-28e66f823296,0f2ae17f-d8b4-4c0e-9b44-19d05d22d827,444814009,Viral sinusitis (disorder)
2019-08-18,2019-08-25,8b0a4432-4940-43d7-bd25-28e66f823296,3263ea0b-16c5-4d54-8199-74837f8c126f,444814009,Viral sinusitis (disorder)
2013-05-22,2013-05-29,bcc19393-91d6-4698-a971-d1e120db6da6,01be9119-9139-45c4-8195-c19883122fe1,75498004,Acute bacterial sinusitis (disorder)
2016-03-22,2016-04-12,bcc19393-91d6-4698-a971-d1e120db6da6,718d14e5-d53a-466b-8b72-2d9ba45dc1a8,444814009,Viral sinusitis (disorder)
2016-05-21,2016-06-04,78e4cbbb-f91d-4cc8-9a9b-146d8c34b956,9c6eb3b0-6acd-448b-9e8d-138f5d4bec67,444814009,Viral sinusitis (disorder)
2013-09-24,2013-10-08,7955ab25-de91-479f-a434-dde8d7fc5b4a,d6bcff89-5b9a-408d-a156-39a3a24b91ae,444814009,Viral sinusitis (disorder)
2013-07-24,2013-08-14,4574e0f9-b6bb-44ab-a575-f7d6eeb97e4f,1ab6318e-71eb-411d-a954-4ca5e4c90cb2,444814009,Viral sinusitis (disorder)
2014-03-17,2014-03-31,9b765f91-3681-4d35-85f2-3a26f0ec9020,c7bdeea3-1bd2-4094-bc5a-32f35ab1ffd2,444814009,Viral sinusitis (disorder)
2014-11-05,2014-11-19,9b765f91-3681-4d35-85f2-3a26f0ec9020,91ef37d0-5e54-410c-a9bc-4e15e3fed709,444814009,Viral sinusitis (disorder)
1989-01-26,,d8669e78-a83e-4b52-a6a4-80d1d0d0c91d,37392340-7578-41af-a769-a234f97d848e,40055000,Chronic sinusitis (disorder)
2016-01-19,2016-02-02,d8669e78-a83e-4b52-a6a4-80d1d0d0c91d,ac265429-8497-4948-a944-54cba0e83717,444814009,Viral sinusitis (disorder)
2018-04-29,2018-05-13,d8669e78-a83e-4b52-a6a4-80d1d0d0c91d,fac8fb08-d289-4805-a5a1-ae08f0375740,444814009,Viral sinusitis (disorder)
1952-09-13,,3f5bf650-bf72-4e21-9f1a-a94d220afe5e,459c3b30-71e8-4e01-9785-091c7d24b31b,40055000,Chronic sinusitis (disorder)
2015-11-08,2015-11-22,3f5bf650-bf72-4e21-9f1a-a94d220afe5e,593196ee-a3ea-446d-b81e-94b47045d967,444814009,Viral sinusitis (disorder)
2012-07-10,2012-07-31,682b2839-49a6-4d6c-9b52-53987b978a3d,7aa967da-70d4-48fc-be08-f7ad218d76e3,444814009,Viral sinusitis (disorder)
2017-07-06,2017-07-20,03c22def-e9c4-41c3-bf9a-d2324681bdf3,74aa882a-3123-4bf8-82a3-0e7f6f933521,444814009,Viral sinusitis (disorder)
2019-01-16,2019-01-23,c26f3d20-5872-4f6d-8708-d73b9d5201d4,1aad4326-a083-4676-8902-786204982f85,444814009,Viral sinusitis (disorder)
2010-10-25,2010-11-08,056690f2-56c3-4238-b5ff-aedb00b23ac4,e60bc7cf-3fd8-4ace-b001-b4bc77153ec6,444814009,Viral sinusitis (disorder)
1999-07-15,,87e8f6eb-88b7-4935-9f6e-ef820aa861b2,c5e7191e-3c86-41ee-9a2d-af4de5c15a4c,40055000,Chronic sinusitis (disorder)
2013-07-16,2013-07-23,c02a1046-0ae1-423f-abd3-5ca8c903f3f1,56620cdd-3d29-4e75-9807-0a70cf22b359,444814009,Viral sinusitis (disorder)
1980-06-28,,2e48caa8-40f1-4f60-9ef9-eeb6f6628a60,35b2d457-0652-42dd-8249-63851b267f0e,40055000,Chronic sinusitis (disorder)
2012-03-03,2012-03-17,2e48caa8-40f1-4f60-9ef9-eeb6f6628a60,aff126bd-d48a-4502-9457-6e8936ca75cc,444814009,Viral sinusitis (disorder)
2014-12-10,2014-12-17,2e48caa8-40f1-4f60-9ef9-eeb6f6628a60,0c0d4bb1-d228-4879-a41f-905f5baa34fc,444814009,Viral sinusitis (disorder)
2015-11-20,2015-12-04,2e48caa8-40f1-4f60-9ef9-eeb6f6628a60,950b3f4a-457a-4b4f-ae97-ac73ac3bc9a1,444814009,Viral sinusitis (disorder)
2016-06-07,2016-06-28,2e48caa8-40f1-4f60-9ef9-eeb6f6628a60,308c3ebb-c02e-460c-b0f4-a1fb918eb9aa,444814009,Viral sinusitis (disorder)
2018-09-21,2018-10-05,2e48caa8-40f1-4f60-9ef9-eeb6f6628a60,53bc545a-43a0-4cba-a834-4fb5d68f595a,444814009,Viral sinusitis (disorder)
2019-07-07,2019-07-21,2e48caa8-40f1-4f60-9ef9-eeb6f6628a60,b45191fb-2de7-4f36-b91a-6bec8b6313a0,444814009,Viral sinusitis (disorder)
2018-07-02,2018-07-09,9af44a53-75a0-4c64-9aaf-eeef240ad855,cf4d2f06-ba85-4159-ad18-f04cb170a5e3,444814009,Viral sinusitis (disorder)
2015-02-02,2015-03-16,0ebfebea-50af-46ed-a4d1-b73b6ec43adf,7812f9bb-6755-4d02-a006-fc9bb6ba7ea0,36971009,Sinusitis (disorder)
2016-09-11,2016-09-25,0ebfebea-50af-46ed-a4d1-b73b6ec43adf,580141a7-facc-47d8-88d7-00e2979cd119,444814009,Viral sinusitis (disorder)
2020-01-22,2020-02-12,8df9e8bb-e8cf-4cbf-a7ef-3585b10943db,a57e6cd0-1e95-42cc-a866-beaf3ec0810e,444814009,Viral sinusitis (disorder)
1957-11-03,,9997b4ee-8bd9-4b6b-b4be-78f92880e0df,a454eff8-e4a9-4331-be1a-68d066a4ab59,40055000,Chronic sinusitis (disorder)
2015-01-05,2015-01-12,0ecfe974-41fc-4355-9ee6-fd11a5e7c32a,941c20c9-bf65-41dd-b36a-5bacc2926e73,444814009,Viral sinusitis (disorder)
2018-03-02,2018-03-09,0ecfe974-41fc-4355-9ee6-fd11a5e7c32a,9a649a91-7dbe-42a1-9b56-733d2d1c8b3d,444814009,Viral sinusitis (disorder)
2013-04-07,2013-04-28,f43d49c5-80de-4305-911c-59aeffc887f5,10d0dfd9-f725-43b2-9303-e4cc69cb4cf2,444814009,Viral sinusitis (disorder)
1993-11-09,,9fc07abe-0845-4c4d-a67a-e8e9588d532f,4332eda6-cd3d-4be0-bbff-d43b230e6c08,53741008,Coronary Heart Disease
2019-01-04,2019-01-25,f43d49c5-80de-4305-911c-59aeffc887f5,87f80c01-b607-4c60-905e-d0bcfde6635a,444814009,Viral sinusitis (disorder)
2019-03-02,2019-03-16,f43d49c5-80de-4305-911c-59aeffc887f5,a0012ff5-ec6c-45fb-8e0d-abf324e0b41a,444814009,Viral sinusitis (disorder)
2001-01-24,2001-01-31,9fc07abe-0845-4c4d-a67a-e8e9588d532f,21469414-a71f-46b6-9143-897b702a2e8b,444814009,Viral sinusitis (disorder)
2004-09-21,,9fc07abe-0845-4c4d-a67a-e8e9588d532f,666556e3-99c5-4b2b-9889-47b15791399b,22298006,Myocardial Infarction
2004-09-21,,9fc07abe-0845-4c4d-a67a-e8e9588d532f,666556e3-99c5-4b2b-9889-47b15791399b,399211009,History of myocardial infarction (situation)
1984-09-18,,bc99a775-eafb-4d06-a8c3-f407ad1ed683,1b0af426-ef66-4d4a-862e-95f87170b1d4,53741008,Coronary Heart Disease
1999-03-23,,bc99a775-eafb-4d06-a8c3-f407ad1ed683,3e4f63ce-3982-498f-ac45-f75cb1dab94d,230690007,Stroke
2004-01-06,,bc99a775-eafb-4d06-a8c3-f407ad1ed683,f3d72346-a73a-4ee0-b9e3-fc58e210de8f,49436004,Atrial Fibrillation
2012-03-15,2012-04-05,02297d80-32eb-4703-819e-590c9148de11,4ab70ed9-f4fb-421e-801a-53886809c44d,444814009,Viral sinusitis (disorder)
2015-04-29,2015-05-13,02297d80-32eb-4703-819e-590c9148de11,6e61f04a-1322-4d11-9230-846c882ae736,444814009,Viral sinusitis (disorder)
2018-10-31,2018-11-07,12f033ff-87f9-489b-880a-85fd5e9c2921,5afcacf5-7f68-4d83-9a46-680e328ac0d5,444814009,Viral sinusitis (disorder)
2014-12-22,2014-12-29,525765ea-2bc6-4955-8427-be576c712303,bc19379c-872c-41b4-8991-3a726af1d67c,444814009,Viral sinusitis (disorder)
2018-01-20,2018-01-27,525765ea-2bc6-4955-8427-be576c712303,34b52597-5f81-4d62-8b63-5fbd1cdcecbb,444814009,Viral sinusitis (disorder)
2017-10-07,2017-10-28,0e1cd3cb-c086-4708-888e-b46f2ae7f2ce,9b50bbfe-c84d-4a18-9780-e378acd428da,444814009,Viral sinusitis (disorder)
1977-03-13,,b782ffe8-847c-4853-9e7d-15621e6bd584,90d1dce6-dc49-4563-a4cf-ebac1e02288d,410429000,Cardiac Arrest
1977-03-13,,b782ffe8-847c-4853-9e7d-15621e6bd584,90d1dce6-dc49-4563-a4cf-ebac1e02288d,429007001,History of cardiac arrest (situation)
2013-02-05,2013-02-26,b782ffe8-847c-4853-9e7d-15621e6bd584,8b10fe5a-c155-46f0-9351-52dd614e5fc8,444814009,Viral sinusitis (disorder)
1971-12-12,,724acb60-d9d4-4c71-909e-db6f0d02a5fd,72951283-86ff-4fe7-8c93-cfbdbc2a3970,53741008,Coronary Heart Disease
1972-08-17,1972-12-07,724acb60-d9d4-4c71-909e-db6f0d02a5fd,50f6fd5f-ba09-4298-bf69-31da61078f56,75498004,Acute bacterial sinusitis (disorder)
1972-09-21,1972-12-07,724acb60-d9d4-4c71-909e-db6f0d02a5fd,8fd47f34-16fd-4a37-8065-1b411e6d9b8f,40055000,Chronic sinusitis (disorder)
1982-04-18,,724acb60-d9d4-4c71-909e-db6f0d02a5fd,3a3dfeff-4776-4c60-ba77-95de4d16c6a8,410429000,Cardiac Arrest
1982-04-18,,724acb60-d9d4-4c71-909e-db6f0d02a5fd,3a3dfeff-4776-4c60-ba77-95de4d16c6a8,429007001,History of cardiac arrest (situation)
2014-09-26,2014-10-17,6d715b2e-6bde-41c4-bca7-578706afd2fa,0e8490b5-4f8d-4c36-b465-fe6a505ead9f,444814009,Viral sinusitis (disorder)
2015-11-18,2015-11-25,6d715b2e-6bde-41c4-bca7-578706afd2fa,3950bfaa-d3c0-49cf-ac49-4d1ed3e33b6d,444814009,Viral sinusitis (disorder)
1995-02-12,,11a9f97c-1d96-4d9d-b5ec-80b32b717f1a,79cc450f-55ed-47e4-995d-495e8e47e4c5,53741008,Coronary Heart Disease
1997-10-30,1997-11-13,11a9f97c-1d96-4d9d-b5ec-80b32b717f1a,8aebf9e0-9148-4d4e-bf6e-75f677eaaef2,444814009,Viral sinusitis (disorder)
2015-10-16,2015-10-23,8600debd-950e-468b-a96d-eae3c43724fd,9045815e-74a6-4495-9fe5-7e6241130f06,444814009,Viral sinusitis (disorder)
2007-07-29,,11a9f97c-1d96-4d9d-b5ec-80b32b717f1a,d5bb0eb8-1d0c-4a74-8b94-4401c6f42e00,22298006,Myocardial Infarction
2007-07-29,,11a9f97c-1d96-4d9d-b5ec-80b32b717f1a,d5bb0eb8-1d0c-4a74-8b94-4401c6f42e00,399211009,History of myocardial infarction (situation)
2015-11-30,2015-12-07,9c4d435d-aeeb-482d-a23a-5d0f64c2abef,fd1cd595-5d57-4727-8553-dbec191ff48b,444814009,Viral sinusitis (disorder)
2019-03-26,2019-04-16,9c4d435d-aeeb-482d-a23a-5d0f64c2abef,d1b61bd6-f554-42eb-8342-78c959ead6d9,444814009,Viral sinusitis (disorder)
2010-05-03,2010-05-24,dddfbb37-e748-471d-81e7-7a73a82c1c73,a41bed26-f276-4148-9cb1-a1de50bbec13,444814009,Viral sinusitis (disorder)
2016-07-30,2016-08-13,dddfbb37-e748-471d-81e7-7a73a82c1c73,5991438c-3c26-4646-989c-d2c2c61f5a3c,444814009,Viral sinusitis (disorder)
2009-08-06,,6ce50973-b6ab-4b38-9c12-589e9819b1aa,4c8f6ad8-4db4-4e22-bb7c-519227843654,40055000,Chronic sinusitis (disorder)
2012-05-07,2012-05-21,41f8001c-7c56-4edd-9f0a-f62873a95849,70c1a764-6d77-4bea-882b-2c46fda513e2,36971009,Sinusitis (disorder)
2016-12-20,,2d5caada-637c-4524-9eaa-806fc6b87b1f,8d118620-2405-4d55-a7ef-110385046f4b,230690007,Stroke
2010-08-03,2010-09-21,965c9391-b379-4326-8fb0-3565391e3018,8bb02dde-dc28-4ce9-90f7-80f3a03eb9bf,36971009,Sinusitis (disorder)
2012-06-20,2012-06-27,965c9391-b379-4326-8fb0-3565391e3018,32434642-93d7-43bd-b306-92840ce50c0a,444814009,Viral sinusitis (disorder)
2014-04-26,2014-05-10,b7646dbd-e75b-4bc9-882f-5d5d5ca45a79,6722b700-6db1-44e8-81f7-f7d0be5726a5,444814009,Viral sinusitis (disorder)
2015-06-12,2015-06-19,b7646dbd-e75b-4bc9-882f-5d5d5ca45a79,1925ede4-399a-4cad-9bef-0b4479287148,444814009,Viral sinusitis (disorder)
2017-05-16,2017-05-23,b7646dbd-e75b-4bc9-882f-5d5d5ca45a79,2a91c913-321c-471f-81ef-921c25686fda,444814009,Viral sinusitis (disorder)
2019-03-30,2019-04-20,7400c4a2-0fbb-49f9-8b5b-7a27b70ecad6,87220613-f289-4170-8a5f-72767ca596b8,444814009,Viral sinusitis (disorder)
2010-11-06,2010-11-20,1faf52b1-0e08-4eb7-b1b3-16905d0f0cb8,7923adb8-e6d1-4fb7-8ce8-3382b4e345cd,444814009,Viral sinusitis (disorder)
2017-01-12,2017-01-26,a3f8b00f-74cc-4f41-86ac-e99b4149f279,e78e03be-45f9-4892-b602-38325a267178,444814009,Viral sinusitis (disorder)
2011-01-28,2011-02-11,1faf52b1-0e08-4eb7-b1b3-16905d0f0cb8,91fe99a9-4d71-4288-bbfe-4e06ba78c7b0,444814009,Viral sinusitis (disorder)
2016-05-10,2016-05-17,f988f30d-d7ea-468e-baff-b1b464cfcda9,6917ca51-2889-4d79-8cfe-886af5f42dc8,444814009,Viral sinusitis (disorder)
2017-05-21,2017-06-11,f988f30d-d7ea-468e-baff-b1b464cfcda9,e1439519-f670-4ba0-96e7-35350fd62928,444814009,Viral sinusitis (disorder)
1983-10-28,1983-11-11,56bceee3-febb-4085-b2a8-bbb3b9f0af3f,72ced045-9540-423d-af19-f64c094adcc9,444814009,Viral sinusitis (disorder)
1985-10-27,,56bceee3-febb-4085-b2a8-bbb3b9f0af3f,3b6d274d-a501-43ff-9437-595a546c9812,230690007,Stroke
2019-08-18,2019-09-01,345b507f-826b-4384-a443-936d3b6fa9ca,86e91064-9371-4d56-8a97-aadfc0aea123,444814009,Viral sinusitis (disorder)
2017-07-27,2017-08-03,d9a6a89e-b4db-4147-9eb1-77f097c6c726,e845fe90-38d6-48c5-b62b-3827c17a7bed,444814009,Viral sinusitis (disorder)
2010-12-19,2011-01-02,fac3b092-734f-4e56-af5d-1362bc06214f,6979e117-b175-4db0-9a3b-4fd17eebb63c,444814009,Viral sinusitis (disorder)
2011-12-11,2011-12-25,c9a30323-fe58-4c87-8218-3c186c06ca94,34720609-ec8f-4745-92e9-0473597e5a6a,444814009,Viral sinusitis (disorder)
2017-01-03,2017-01-10,c9a30323-fe58-4c87-8218-3c186c06ca94,8e17b629-f844-4708-8dba-8b354c79a8e0,444814009,Viral sinusitis (disorder)
2019-10-04,2019-10-25,c9a30323-fe58-4c87-8218-3c186c06ca94,96a53652-876a-4ab2-ab52-cc2c39c87253,444814009,Viral sinusitis (disorder)
1966-10-16,,40b4d8c3-35aa-4e37-8270-bd29d52ce37c,56fdf7dd-0428-429c-8885-4076411e7188,230690007,Stroke
2001-04-10,,fe443083-c95c-4c6c-83e1-cf4b6f8c3438,87d2280a-8856-41bf-b9f1-722645224d34,40055000,Chronic sinusitis (disorder)
2011-03-02,2011-03-23,fe443083-c95c-4c6c-83e1-cf4b6f8c3438,ff3acafb-e9f1-408a-8fb8-e5de6653a10a,444814009,Viral sinusitis (disorder)
2015-07-08,2015-07-22,fe443083-c95c-4c6c-83e1-cf4b6f8c3438,d37e9a0a-6a3e-4fdd-9498-373009a1786d,444814009,Viral sinusitis (disorder)
2017-02-13,2017-02-20,3aee8baa-0ac4-4d29-85c8-dc51a1f1769a,c64e5520-36bd-4062-b8ca-7c5eedaa6edd,444814009,Viral sinusitis (disorder)
2017-03-15,2017-03-22,79d5a13e-2222-4dea-bf09-e78913e242d5,862c9019-d373-44ec-9ce7-8a91a14aff6a,444814009,Viral sinusitis (disorder)
2017-04-26,2017-05-03,79d5a13e-2222-4dea-bf09-e78913e242d5,bb312c1f-af38-4d4c-b9c2-0857fce1a652,444814009,Viral sinusitis (disorder)
1994-11-28,,89874b94-4338-47fb-9dc6-2535e46684dd,433963b9-c866-402b-a762-05ba20d6647f,40055000,Chronic sinusitis (disorder)
2018-08-28,2018-09-18,89874b94-4338-47fb-9dc6-2535e46684dd,c49c31b9-97dc-4f39-9881-1b155ce0ec91,444814009,Viral sinusitis (disorder)
2013-06-25,2013-07-02,ec856eea-d28d-4e1c-9c97-372ac5c20d0b,dc2bcd0d-3a8c-46dc-9fd3-3f6c3915552c,444814009,Viral sinusitis (disorder)
2000-03-12,,f055ae2e-3130-4708-b448-374f24b34004,2e07678c-0fb0-457d-8802-f5435e78a23f,410429000,Cardiac Arrest
2000-03-12,,f055ae2e-3130-4708-b448-374f24b34004,2e07678c-0fb0-457d-8802-f5435e78a23f,429007001,History of cardiac arrest (situation)
2015-01-10,2015-01-17,a71662cf-a735-4e09-8b99-f7831da9afea,8ccb7bb1-eae0-471f-87a3-1efb8b8e0e8f,444814009,Viral sinusitis (disorder)
2017-08-24,2017-09-14,1b3871c3-0746-45fd-81cc-f96829b38d66,20b03433-4191-4f56-b0c3-d4e613875bc7,444814009,Viral sinusitis (disorder)
2015-02-23,2015-03-16,45aaf77a-c794-4ccf-a35a-430503eabe0b,8842dd90-064d-4255-a020-06b0ead220d8,444814009,Viral sinusitis (disorder)
2019-12-29,2020-01-05,45aaf77a-c794-4ccf-a35a-430503eabe0b,25cb2c17-410e-4039-8864-1285e9e91439,444814009,Viral sinusitis (disorder)
2015-07-06,2015-07-27,ce4ec8f7-2b55-463c-b39f-b14da0d9894e,7933dc28-9b36-4469-85e0-10cdc0242e15,444814009,Viral sinusitis (disorder)
2010-04-15,2010-04-22,6dd077de-f68a-4bb6-9f74-02e4f94b61d4,edb3f6f1-77be-4393-9172-b91ebfe33d09,444814009,Viral sinusitis (disorder)
2014-06-09,2014-06-23,6dd077de-f68a-4bb6-9f74-02e4f94b61d4,ac0b0116-377f-4a7a-b1b5-aa90dd7a5daa,444814009,Viral sinusitis (disorder)
2011-12-04,2011-12-18,b86664eb-c168-4e4b-a0f1-9dd63bfb1017,33e7eecb-1db6-4b54-a04f-09c8aabb5d59,444814009,Viral sinusitis (disorder)
2012-05-18,,b86664eb-c168-4e4b-a0f1-9dd63bfb1017,510e16d9-092f-4fd6-9a62-d10e340ed459,53741008,Coronary Heart Disease
2016-07-02,2016-07-23,b86664eb-c168-4e4b-a0f1-9dd63bfb1017,df1383cc-53cc-45ec-9a3d-4eddcd4a0962,444814009,Viral sinusitis (disorder)
2005-10-16,,24eee597-4fb6-4c65-8c72-c60c99782588,277e0daf-f27b-415e-86cd-4114dadc9085,53741008,Coronary Heart Disease
2009-08-02,,24eee597-4fb6-4c65-8c72-c60c99782588,c9465165-e189-406c-b1e0-02bebf88afc9,22298006,Myocardial Infarction
2009-08-02,,24eee597-4fb6-4c65-8c72-c60c99782588,c9465165-e189-406c-b1e0-02bebf88afc9,399211009,History of myocardial infarction (situation)
2013-07-02,2013-07-09,17d063ed-7717-4f97-956c-95426bf2943e,587d1eac-809f-4cb1-8a94-b10cff4c39f6,444814009,Viral sinusitis (disorder)
2014-02-09,2014-03-02,17d063ed-7717-4f97-956c-95426bf2943e,54f297e7-b0a8-4a63-aa53-5b9af0219625,444814009,Viral sinusitis (disorder)
2011-12-08,2011-12-15,3b49cf08-2376-4105-aee1-e455e002bbdf,3a1cccdc-fc22-48f7-b929-f9d3eb6baf59,444814009,Viral sinusitis (disorder)
2012-02-21,2012-02-28,3b49cf08-2376-4105-aee1-e455e002bbdf,edc6f847-158d-4d91-8757-defa4650c24e,444814009,Viral sinusitis (disorder)
2014-02-26,2014-03-12,3b49cf08-2376-4105-aee1-e455e002bbdf,28bdd36f-fce6-4b07-9513-6c468fd39209,444814009,Viral sinusitis (disorder)
2014-11-12,2014-11-26,3b49cf08-2376-4105-aee1-e455e002bbdf,91ab6d52-f509-42ce-8cee-d01c8500c524,75498004,Acute bacterial sinusitis (disorder)
2011-08-22,2011-09-19,b8c9b6cb-4d25-4b7b-9932-e47735702d8a,d143f110-ad74-4da4-8763-28780d6e9b08,75498004,Acute bacterial sinusitis (disorder)
2016-06-03,2016-06-24,b8c9b6cb-4d25-4b7b-9932-e47735702d8a,f5e6a9fd-f6e1-4848-a16f-52139490008f,444814009,Viral sinusitis (disorder)
2014-11-25,2014-12-09,9ba61f34-0cbd-4246-b4a6-1d02db6363b2,1c27c6a1-83fe-49cb-9b7f-3cbc8e7ad0a5,444814009,Viral sinusitis (disorder)
2015-11-16,2015-12-07,d1eda910-1696-444d-ab1b-cec44fe5553b,1c02c052-6314-4c41-8b53-ae96156cc014,444814009,Viral sinusitis (disorder)
2017-08-04,2017-08-25,d1eda910-1696-444d-ab1b-cec44fe5553b,aeb60b87-08ca-4e9d-b961-b4da1d92ae5a,444814009,Viral sinusitis (disorder)
2019-01-23,2019-01-30,d1eda910-1696-444d-ab1b-cec44fe5553b,df0652a7-3bfb-4614-bb0d-2386c40d79ca,444814009,Viral sinusitis (disorder)
2013-11-30,2013-12-21,b962ef08-fa68-4cd5-a7cf-fbd6af2d277a,2e0a5ac8-3d9d-46a8-a923-2559c64c0c40,444814009,Viral sinusitis (disorder)
2017-08-11,2017-08-18,b962ef08-fa68-4cd5-a7cf-fbd6af2d277a,7b1512e9-304e-4b08-bad5-d8e5c2737ffc,444814009,Viral sinusitis (disorder)
2018-01-30,2018-02-20,525e45b9-a65c-44a1-b5e9-7ffd7c5ae7c5,c2f6058a-3333-4b7e-9cd1-2e8cdf44c4e1,444814009,Viral sinusitis (disorder)
2015-01-08,2015-01-15,fde686dc-4c59-4909-bd40-134a9af7fde8,a64de0b5-060c-43d3-9adc-27ebbb01e332,444814009,Viral sinusitis (disorder)
2017-05-10,2017-05-31,fde686dc-4c59-4909-bd40-134a9af7fde8,3b8bd4c5-d249-44c2-acfe-ee14b3b1f7d4,444814009,Viral sinusitis (disorder)
1957-04-18,,11559efe-946f-47fe-9f04-aefc7e4183fb,8f9398a7-9b18-429c-a9c8-ba0e42e27308,40055000,Chronic sinusitis (disorder)
1983-02-13,,11559efe-946f-47fe-9f04-aefc7e4183fb,3f9e7e1a-77c4-4117-9156-3c6ac4cb6614,410429000,Cardiac Arrest
1983-02-13,,11559efe-946f-47fe-9f04-aefc7e4183fb,3f9e7e1a-77c4-4117-9156-3c6ac4cb6614,429007001,History of cardiac arrest (situation)
2002-09-29,,11559efe-946f-47fe-9f04-aefc7e4183fb,25e71a63-64b0-42c6-84d9-8b6bcccbae98,49436004,Atrial Fibrillation
2011-01-06,2011-01-27,11559efe-946f-47fe-9f04-aefc7e4183fb,e93e5c39-7b84-4725-8a18-457cba4c85e7,444814009,Viral sinusitis (disorder)
2012-05-26,2012-06-09,11559efe-946f-47fe-9f04-aefc7e4183fb,72ed15ba-7d9b-4d29-9e9f-dc75e1682a91,444814009,Viral sinusitis (disorder)
2015-09-27,2015-10-04,11559efe-946f-47fe-9f04-aefc7e4183fb,796df26e-ad9c-4918-be9f-5db54d753d80,444814009,Viral sinusitis (disorder)
2000-04-03,,e883f6c3-4951-4607-8f3a-13bf8f6a302e,17e3f45f-709c-4674-84d3-976e1860fb14,40055000,Chronic sinusitis (disorder)
2019-06-30,,e883f6c3-4951-4607-8f3a-13bf8f6a302e,124a9a33-4472-47c1-87e5-426126662686,49436004,Atrial Fibrillation
2007-02-07,,918febc5-ee18-4057-8668-900bb0598948,a5f44e71-21bf-47c8-838d-35899667933f,53741008,Coronary Heart Disease
2018-03-30,2018-04-06,918febc5-ee18-4057-8668-900bb0598948,8670e6d5-27af-4ecb-9358-99c8a8153f71,444814009,Viral sinusitis (disorder)
2019-12-18,,918febc5-ee18-4057-8668-900bb0598948,99a03c0a-8a6b-450a-91f3-9ca9ebad7fdd,230690007,Stroke
1995-01-19,,48841961-a5e9-4c4e-a68f-ef30998c3a33,0437c289-9ade-45e6-ac08-8e681a8b58ab,230690007,Stroke
1995-02-05,,e608f466-ca15-4149-a343-99f253ca075a,27681cc8-a73f-4338-a1a7-ca49eef9ae37,40055000,Chronic sinusitis (disorder)
2012-09-08,2012-09-29,e608f466-ca15-4149-a343-99f253ca075a,4b255781-3c5a-4add-8363-0d4fde51728b,444814009,Viral sinusitis (disorder)
2018-03-10,2018-03-17,e608f466-ca15-4149-a343-99f253ca075a,4a8961cb-df27-4fd3-a17c-1a31e7ad3c63,444814009,Viral sinusitis (disorder)
2014-09-26,2014-10-10,919bc5fb-fe2d-4493-962f-2cfa5166464f,60549542-d2ef-4f79-950c-d8acfacadb32,444814009,Viral sinusitis (disorder)
2019-02-21,2019-02-28,919bc5fb-fe2d-4493-962f-2cfa5166464f,f945d096-37f1-4769-b69b-9c9f881f4e0b,444814009,Viral sinusitis (disorder)
2003-08-20,,9bf121bf-04e9-46b9-b675-a965a78d839a,eed02028-2038-455d-8218-3e22abfd8dc1,230690007,Stroke
2010-07-14,2010-07-28,9bf121bf-04e9-46b9-b675-a965a78d839a,bdb19a4e-a3a5-48b2-b9b3-9dd55466c3c0,444814009,Viral sinusitis (disorder)
2011-01-31,2011-02-21,9bf121bf-04e9-46b9-b675-a965a78d839a,900473ba-a530-49a2-be32-42b70f6d814b,444814009,Viral sinusitis (disorder)
2016-02-04,2016-02-11,9bf121bf-04e9-46b9-b675-a965a78d839a,5fcea2d4-442e-452a-9641-65352720544c,444814009,Viral sinusitis (disorder)
2017-06-11,2017-06-25,9bf121bf-04e9-46b9-b675-a965a78d839a,c4082446-3739-4ae1-a89f-bace6b1d2f17,444814009,Viral sinusitis (disorder)
