START,STOP,PATIENT,PAYER,ENCOUNTER,CODE,DESCRIPTION,BASE_COST,PAYER_COVERAGE,DISPENSES,TOTALCOST,REASONCODE,REASONDESCRIPTION
2012-03-31,2012-05-19,b2a9676c-9bba-434b-b974-c209212ca0d9,b1c428d6-4f07-31e0-90f0-68ffa6ff8c76,eb90a3d0-f2d5-4388-8b96-525b77b75709,562251,Amoxicillin 250 MG / Clavulanate 125 MG Oral Tablet,108.57,0.00,1,108.57,36971009,Sinusitis (disorder)
2013-05-22,2013-05-29,bcc19393-91d6-4698-a971-d1e120db6da6,b1c428d6-4f07-31e0-90f0-68ffa6ff8c76,01be9119-9139-45c4-8195-c19883122fe1,562251,Amoxicillin 250 MG / Clavulanate 125 MG Oral Tablet,55.01,0.00,1,55.01,75498004,Acute bacterial sinusitis (disorder)
2014-11-05,2014-11-19,9b765f91-3681-4d35-85f2-3a26f0ec9020,b1c428d6-4f07-31e0-90f0-68ffa6ff8c76,91ef37d0-5e54-410c-a9bc-4e15e3fed709,562251,Amoxicillin 250 MG / Clavulanate 125 MG Oral Tablet,49.70,0.00,1,49.70,444814009,Viral sinusitis (disorder)
2013-07-16,2013-07-23,c02a1046-0ae1-423f-abd3-5ca8c903f3f1,b1c428d6-4f07-31e0-90f0-68ffa6ff8c76,56620cdd-3d29-4e75-9807-0a70cf22b359,562251,Amoxicillin 250 MG / Clavulanate 125 MG Oral Tablet,28.06,0.00,1,28.06,444814009,Viral sinusitis (disorder)
2012-03-03,2012-03-17,2e48caa8-40f1-4f60-9ef9-eeb6f6628a60,b1c428d6-4f07-31e0-90f0-68ffa6ff8c76,aff126bd-d48a-4502-9457-6e8936ca75cc,562251,Amoxicillin 250 MG / Clavulanate 125 MG Oral Tablet,106.51,0.00,1,106.51,444814009,Viral sinusitis (disorder)
2016-06-07,2016-06-28,2e48caa8-40f1-4f60-9ef9-eeb6f6628a60,b1c428d6-4f07-31e0-90f0-68ffa6ff8c76,308c3ebb-c02e-460c-b0f4-a1fb918eb9aa,562251,Amoxicillin 250 MG / Clavulanate 125 MG Oral Tablet,18.09,0.00,1,18.09,444814009,Viral sinusitis (disorder)
2020-01-22,2020-02-12,8df9e8bb-e8cf-4cbf-a7ef-3585b10943db,b1c428d6-4f07-31e0-90f0-68ffa6ff8c76,a57e6cd0-1e95-42cc-a866-beaf3ec0810e,562251,Amoxicillin 250 MG / Clavulanate 125 MG Oral Tablet,115.19,0.00,1,115.19,444814009,Viral sinusitis (disorder)
2018-03-02,2018-03-09,0ecfe974-41fc-4355-9ee6-fd11a5e7c32a,b1c428d6-4f07-31e0-90f0-68ffa6ff8c76,9a649a91-7dbe-42a1-9b56-733d2d1c8b3d,562251,Amoxicillin 250 MG / Clavulanate 125 MG Oral Tablet,17.47,0.00,1,17.47,444814009,Viral sinusitis (disorder)
1993-11-09,,9fc07abe-0845-4c4d-a67a-e8e9588d532f,b1c428d6-4f07-31e0-90f0-68ffa6ff8c76,4332eda6-cd3d-4be0-bbff-d43b230e6c08,312961,Simvastatin 20 MG Oral Tablet,15.13,0.00,132,1997.16,,
1993-11-09,2004-09-22,9fc07abe-0845-4c4d-a67a-e8e9588d532f,b1c428d6-4f07-31e0-90f0-68ffa6ff8c76,4332eda6-cd3d-4be0-bbff-d43b230e6c08,705129,Nitroglycerin 0.4 MG/ACTUAT Mucosal Spray,22.45,0.00,132,2963.40,,
1994-11-15,,9fc07abe-0845-4c4d-a67a-e8e9588d532f,b1c428d6-4f07-31e0-90f0-68ffa6ff8c76,81bddfa7-f055-4c97-b14b-9174e44dc227,197361,Amlodipine 5 MG Oral Tablet,27.92,0.00,120,3350.40,,
1997-12-02,2004-09-22,9fc07abe-0845-4c4d-a67a-e8e9588d532f,b1c428d6-4f07-31e0-90f0-68ffa6ff8c76,6417465b-4bfa-47e3-871e-5742cd9480d4,309362,Clopidogrel 75 MG Oral Tablet,32.59,0.00,82,2672.38,,
2004-09-21,2004-09-22,9fc07abe-0845-4c4d-a67a-e8e9588d532f,b1c428d6-4f07-31e0-90f0-68ffa6ff8c76,666556e3-99c5-4b2b-9889-47b15791399b,259255,Atorvastatin 80 MG Oral Tablet,41.64,0.00,1,41.64,,
2004-09-21,2004-09-22,9fc07abe-0845-4c4d-a67a-e8e9588d532f,b1c428d6-4f07-31e0-90f0-68ffa6ff8c76,666556e3-99c5-4b2b-9889-47b15791399b,833036,Captopril 25 MG Oral Tablet,79.55,0.00,1,79.55,,
1984-09-18,,bc99a775-eafb-4d06-a8c3-f407ad1ed683,b1c428d6-4f07-31e0-90f0-68ffa6ff8c76,1b0af426-ef66-4d4a-862e-95f87170b1d4,705129,Nitroglycerin 0.4 MG/ACTUAT Mucosal Spray,146.77,0.00,431,63257.87,,
1991-10-29,,bc99a775-eafb-4d06-a8c3-f407ad1ed683,b1c428d6-4f07-31e0-90f0-68ffa6ff8c76,998b1170-d8d0-46bd-87ac-f94c2c041b81,312961,Simvastatin 20 MG Oral Tablet,41.92,0.00,345,14462.40,,
1994-11-15,,bc99a775-eafb-4d06-a8c3-f407ad1ed683,b1c428d6-4f07-31e0-90f0-68ffa6ff8c76,9ec526d1-02c4-470b-89a0-ee39eb9e923b,197361,Amlodipine 5 MG Oral Tablet,14.17,0.00,308,4364.36,,
1997-12-02,1999-03-23,bc99a775-eafb-4d06-a8c3-f407ad1ed683,b1c428d6-4f07-31e0-90f0-68ffa6ff8c76,628a7a8a-7a59-494e-92ba-feda9681a254,309362,Clopidogrel 75 MG Oral Tablet,18.17,0.00,15,272.55,,
1999-12-14,,bc99a775-eafb-4d06-a8c3-f407ad1ed683,b1c428d6-4f07-31e0-90f0-68ffa6ff8c76,6bfa73b4-706a-4b2a-9634-b173b88bbdcf,309362,Clopidogrel 75 MG Oral Tablet,58.91,0.00,246,14491.86,,
2004-01-06,,bc99a775-eafb-4d06-a8c3-f407ad1ed683,b1c428d6-4f07-31e0-90f0-68ffa6ff8c76,f3d72346-a73a-4ee0-b9e3-fc58e210de8f,855332,Warfarin Sodium 5 MG Oral Tablet,93.55,0.00,196,18335.80,,
2004-01-06,,bc99a775-eafb-4d06-a8c3-f407ad1ed683,b1c428d6-4f07-31e0-90f0-68ffa6ff8c76,f3d72346-a73a-4ee0-b9e3-fc58e210de8f,897718,Verapamil Hydrochloride 40 MG,125.53,0.00,196,24603.88,,
2004-01-06,,bc99a775-eafb-4d06-a8c3-f407ad1ed683,b1c428d6-4f07-31e0-90f0-68ffa6ff8c76,f3d72346-a73a-4ee0-b9e3-fc58e210de8f,197604,Digoxin 0.125 MG Oral Tablet,116.36,0.00,196,22806.56,,
2014-12-22,2014-12-29,525765ea-2bc6-4955-8427-be576c712303,b1c428d6-4f07-31e0-90f0-68ffa6ff8c76,bc19379c-872c-41b4-8991-3a726af1d67c,562251,Amoxicillin 250 MG / Clavulanate 125 MG Oral Tablet,49.01,0.00,1,49.01,444814009,Viral sinusitis (disorder)
1971-12-12,,724acb60-d9d4-4c71-909e-db6f0d02a5fd,b1c428d6-4f07-31e0-90f0-68ffa6ff8c76,72951283-86ff-4fe7-8c93-cfbdbc2a3970,705129,Nitroglycerin 0.4 MG/ACTUAT Mucosal Spray,40.70,0.00,126,5128.20,,
1982-04-18,1982-04-18,724acb60-d9d4-4c71-909e-db6f0d02a5fd,b1c428d6-4f07-31e0-90f0-68ffa6ff8c76,3a3dfeff-4776-4c60-ba77-95de4d16c6a8,1660014,1 ML Epinephrine 1 MG/ML Injection,4.48,0.00,1,4.48,,
1982-04-18,1982-04-18,724acb60-d9d4-4c71-909e-db6f0d02a5fd,b1c428d6-4f07-31e0-90f0-68ffa6ff8c76,3a3dfeff-4776-4c60-ba77-95de4d16c6a8,834357,3 ML Amiodarone hydrocholoride 50 MG/ML Prefilled Syringe,83.22,0.00,1,83.22,,
1982-04-18,1982-04-18,724acb60-d9d4-4c71-909e-db6f0d02a5fd,b1c428d6-4f07-31e0-90f0-68ffa6ff8c76,3a3dfeff-4776-4c60-ba77-95de4d16c6a8,1190795,Atropine Sulfate 1 MG/ML Injectable Solution,15.87,0.00,1,15.87,,
1995-02-12,,11a9f97c-1d96-4d9d-b5ec-80b32b717f1a,b1c428d6-4f07-31e0-90f0-68ffa6ff8c76,79cc450f-55ed-47e4-995d-495e8e47e4c5,312961,Simvastatin 20 MG Oral Tablet,13.91,0.00,151,2100.41,,
1995-02-12,,11a9f97c-1d96-4d9d-b5ec-80b32b717f1a,b1c428d6-4f07-31e0-90f0-68ffa6ff8c76,79cc450f-55ed-47e4-995d-495e8e47e4c5,197361,Amlodipine 5 MG Oral Tablet,12.31,0.00,151,1858.81,,
1995-02-12,2007-07-29,11a9f97c-1d96-4d9d-b5ec-80b32b717f1a,b1c428d6-4f07-31e0-90f0-68ffa6ff8c76,79cc450f-55ed-47e4-995d-495e8e47e4c5,705129,Nitroglycerin 0.4 MG/ACTUAT Mucosal Spray,206.24,0.00,151,31142.24,,
1997-02-23,2007-07-29,11a9f97c-1d96-4d9d-b5ec-80b32b717f1a,b1c428d6-4f07-31e0-90f0-68ffa6ff8c76,45e557b5-b965-416f-8701-b3bbf504a1ae,309362,Clopidogrel 75 MG Oral Tablet,53.35,0.00,126,6722.10,,
2007-07-29,2007-07-29,11a9f97c-1d96-4d9d-b5ec-80b32b717f1a,b1c428d6-4f07-31e0-90f0-68ffa6ff8c76,d5bb0eb8-1d0c-4a74-8b94-4401c6f42e00,259255,Atorvastatin 80 MG Oral Tablet,207.98,0.00,1,207.98,,
2007-07-29,2007-07-29,11a9f97c-1d96-4d9d-b5ec-80b32b717f1a,b1c428d6-4f07-31e0-90f0-68ffa6ff8c76,d5bb0eb8-1d0c-4a74-8b94-4401c6f42e00,833036,Captopril 25 MG Oral Tablet,70.25,0.00,1,70.25,,
2012-05-07,2012-05-21,41f8001c-7c56-4edd-9f0a-f62873a95849,b1c428d6-4f07-31e0-90f0-68ffa6ff8c76,70c1a764-6d77-4bea-882b-2c46fda513e2,562251,Amoxicillin 250 MG / Clavulanate 125 MG Oral Tablet,35.74,0.00,1,35.74,36971009,Sinusitis (disorder)
2016-12-20,2016-12-20,2d5caada-637c-4524-9eaa-806fc6b87b1f,b1c428d6-4f07-31e0-90f0-68ffa6ff8c76,8d118620-2405-4d55-a7ef-110385046f4b,309362,Clopidogrel 75 MG Oral Tablet,94.79,0.00,1,94.79,,
2016-12-20,2016-12-20,2d5caada-637c-4524-9eaa-806fc6b87b1f,b1c428d6-4f07-31e0-90f0-68ffa6ff8c76,8d118620-2405-4d55-a7ef-110385046f4b,1804799,Alteplase 100 MG Injection,6303.26,0.00,1,6303.26,,
2019-03-30,2019-04-20,7400c4a2-0fbb-49f9-8b5b-7a27b70ecad6,b1c428d6-4f07-31e0-90f0-68ffa6ff8c76,87220613-f289-4170-8a5f-72767ca596b8,562251,Amoxicillin 250 MG / Clavulanate 125 MG Oral Tablet,75.66,0.00,1,75.66,444814009,Viral sinusitis (disorder)
2011-01-28,2011-02-11,1faf52b1-0e08-4eb7-b1b3-16905d0f0cb8,b1c428d6-4f07-31e0-90f0-68ffa6ff8c76,91fe99a9-4d71-4288-bbfe-4e06ba78c7b0,562251,Amoxicillin 250 MG / Clavulanate 125 MG Oral Tablet,113.67,0.00,1,113.67,444814009,Viral sinusitis (disorder)
1983-10-28,1983-11-11,56bceee3-febb-4085-b2a8-bbb3b9f0af3f,b1c428d6-4f07-31e0-90f0-68ffa6ff8c76,72ced045-9540-423d-af19-f64c094adcc9,562251,Amoxicillin 250 MG / Clavulanate 125 MG Oral Tablet,48.35,0.00,1,48.35,444814009,Viral sinusitis (disorder)
2011-12-11,2011-12-25,c9a30323-fe58-4c87-8218-3c186c06ca94,b1c428d6-4f07-31e0-90f0-68ffa6ff8c76,34720609-ec8f-4745-92e9-0473597e5a6a,562251,Amoxicillin 250 MG / Clavulanate 125 MG Oral Tablet,112.13,0.00,1,112.13,444814009,Viral sinusitis (disorder)
2015-01-10,2015-01-17,a71662cf-a735-4e09-8b99-f7831da9afea,b1c428d6-4f07-31e0-90f0-68ffa6ff8c76,8ccb7bb1-eae0-471f-87a3-1efb8b8e0e8f,562251,Amoxicillin 250 MG / Clavulanate 125 MG Oral Tablet,64.65,0.00,1,64.65,444814009,Viral sinusitis (disorder)
2012-05-18,,b86664eb-c168-4e4b-a0f1-9dd63bfb1017,b1c428d6-4f07-31e0-90f0-68ffa6ff8c76,510e16d9-092f-4fd6-9a62-d10e340ed459,309362,Clopidogrel 75 MG Oral Tablet,34.27,0.00,95,3255.65,,
2012-05-18,,b86664eb-c168-4e4b-a0f1-9dd63bfb1017,b1c428d6-4f07-31e0-90f0-68ffa6ff8c76,510e16d9-092f-4fd6-9a62-d10e340ed459,312961,Simvastatin 20 MG Oral Tablet,20.66,0.00,95,1962.70,,
2012-05-18,,b86664eb-c168-4e4b-a0f1-9dd63bfb1017,b1c428d6-4f07-31e0-90f0-68ffa6ff8c76,510e16d9-092f-4fd6-9a62-d10e340ed459,197361,Amlodipine 5 MG Oral Tablet,55.51,0.00,95,5273.45,,
2012-05-18,,b86664eb-c168-4e4b-a0f1-9dd63bfb1017,b1c428d6-4f07-31e0-90f0-68ffa6ff8c76,510e16d9-092f-4fd6-9a62-d10e340ed459,705129,Nitroglycerin 0.4 MG/ACTUAT Mucosal Spray,45.53,0.00,95,4325.35,,
2005-10-16,2009-08-02,24eee597-4fb6-4c65-8c72-c60c99782588,b1c428d6-4f07-31e0-90f0-68ffa6ff8c76,277e0daf-f27b-415e-86cd-4114dadc9085,309362,Clopidogrel 75 MG Oral Tablet,41.89,0.00,46,1926.94,,
2005-10-16,,24eee597-4fb6-4c65-8c72-c60c99782588,b1c428d6-4f07-31e0-90f0-68ffa6ff8c76,277e0daf-f27b-415e-86cd-4114dadc9085,312961,Simvastatin 20 MG Oral Tablet,20.65,0.00,160,3304.00,,
2005-10-16,,24eee597-4fb6-4c65-8c72-c60c99782588,b1c428d6-4f07-31e0-90f0-68ffa6ff8c76,277e0daf-f27b-415e-86cd-4114dadc9085,197361,Amlodipine 5 MG Oral Tablet,58.02,0.00,160,9283.20,,
2005-10-16,2009-08-02,24eee597-4fb6-4c65-8c72-c60c99782588,b1c428d6-4f07-31e0-90f0-68ffa6ff8c76,277e0daf-f27b-415e-86cd-4114dadc9085,705129,Nitroglycerin 0.4 MG/ACTUAT Mucosal Spray,360.31,0.00,46,16574.26,,
2009-08-02,2009-08-02,24eee597-4fb6-4c65-8c72-c60c99782588,b1c428d6-4f07-31e0-90f0-68ffa6ff8c76,c9465165-e189-406c-b1e0-02bebf88afc9,259255,Atorvastatin 80 MG Oral Tablet,198.17,0.00,1,198.17,,
2009-08-02,2009-08-02,24eee597-4fb6-4c65-8c72-c60c99782588,b1c428d6-4f07-31e0-90f0-68ffa6ff8c76,c9465165-e189-406c-b1e0-02bebf88afc9,833036,Captopril 25 MG Oral Tablet,61.43,0.00,1,61.43,,
2009-11-08,2014-08-24,24eee597-4fb6-4c65-8c72-c60c99782588,b1c428d6-4f07-31e0-90f0-68ffa6ff8c76,5bd20ae4-930a-4e9b-a132-0dfea4ce1441,309362,Clopidogrel 75 MG Oral Tablet,83.97,0.00,58,4870.26,,
2009-11-08,2014-08-24,24eee597-4fb6-4c65-8c72-c60c99782588,b1c428d6-4f07-31e0-90f0-68ffa6ff8c76,5bd20ae4-930a-4e9b-a132-0dfea4ce1441,705129,Nitroglycerin 0.4 MG/ACTUAT Mucosal Spray,308.89,0.00,58,17915.62,,
2014-08-24,2014-08-24,24eee597-4fb6-4c65-8c72-c60c99782588,b1c428d6-4f07-31e0-90f0-68ffa6ff8c76,efb91453-bd5a-48e5-a885-e4d0c8302368,259255,Atorvastatin 80 MG Oral Tablet,219.68,0.00,1,219.68,,
2014-08-24,2014-08-24,24eee597-4fb6-4c65-8c72-c60c99782588,b1c428d6-4f07-31e0-90f0-68ffa6ff8c76,efb91453-bd5a-48e5-a885-e4d0c8302368,833036,Captopril 25 MG Oral Tablet,102.01,0.00,1,102.01,,
2014-12-07,2018-12-16,24eee597-4fb6-4c65-8c72-c60c99782588,b1c428d6-4f07-31e0-90f0-68ffa6ff8c76,b1dd50e2-a553-4a90-8cf1-a704ec91651e,309362,Clopidogrel 75 MG Oral Tablet,19.01,0.00,49,931.49,,
2014-12-07,2018-12-16,24eee597-4fb6-4c65-8c72-c60c99782588,b1c428d6-4f07-31e0-90f0-68ffa6ff8c76,b1dd50e2-a553-4a90-8cf1-a704ec91651e,705129,Nitroglycerin 0.4 MG/ACTUAT Mucosal Spray,53.32,0.00,49,2612.68,,
2018-12-16,2018-12-16,24eee597-4fb6-4c65-8c72-c60c99782588,b1c428d6-4f07-31e0-90f0-68ffa6ff8c76,54edc160-7e00-4f14-9bf0-4f4417e5493b,259255,Atorvastatin 80 MG Oral Tablet,36.91,0.00,1,36.91,,
2018-12-16,2018-12-16,24eee597-4fb6-4c65-8c72-c60c99782588,b1c428d6-4f07-31e0-90f0-68ffa6ff8c76,54edc160-7e00-4f14-9bf0-4f4417e5493b,833036,Captopril 25 MG Oral Tablet,90.41,0.00,1,90.41,,
2014-11-12,2014-11-26,3b49cf08-2376-4105-aee1-e455e002bbdf,b1c428d6-4f07-31e0-90f0-68ffa6ff8c76,91ab6d52-f509-42ce-8cee-d01c8500c524,562251,Amoxicillin 250 MG / Clavulanate 125 MG Oral Tablet,92.74,0.00,1,92.74,75498004,Acute bacterial sinusitis (disorder)
2002-09-29,,11559efe-946f-47fe-9f04-aefc7e4183fb,b1c428d6-4f07-31e0-90f0-68ffa6ff8c76,25e71a63-64b0-42c6-84d9-8b6bcccbae98,855332,Warfarin Sodium 5 MG Oral Tablet,93.57,0.00,212,19836.84,,
2002-09-29,,11559efe-946f-47fe-9f04-aefc7e4183fb,b1c428d6-4f07-31e0-90f0-68ffa6ff8c76,25e71a63-64b0-42c6-84d9-8b6bcccbae98,897718,Verapamil Hydrochloride 40 MG,110.01,0.00,212,23322.12,,
2002-09-29,,11559efe-946f-47fe-9f04-aefc7e4183fb,b1c428d6-4f07-31e0-90f0-68ffa6ff8c76,25e71a63-64b0-42c6-84d9-8b6bcccbae98,197604,Digoxin 0.125 MG Oral Tablet,105.94,0.00,212,22459.28,,
2019-06-30,,e883f6c3-4951-4607-8f3a-13bf8f6a302e,b1c428d6-4f07-31e0-90f0-68ffa6ff8c76,124a9a33-4472-47c1-87e5-426126662686,855332,Warfarin Sodium 5 MG Oral Tablet,65.97,0.00,8,527.76,,
2019-06-30,,e883f6c3-4951-4607-8f3a-13bf8f6a302e,b1c428d6-4f07-31e0-90f0-68ffa6ff8c76,124a9a33-4472-47c1-87e5-426126662686,897718,Verapamil Hydrochloride 40 MG,188.46,0.00,8,1507.68,,
2019-06-30,,e883f6c3-4951-4607-8f3a-13bf8f6a302e,b1c428d6-4f07-31e0-90f0-68ffa6ff8c76,124a9a33-4472-47c1-87e5-426126662686,197604,Digoxin 0.125 MG Oral Tablet,53.69,0.00,8,429.52,,
2007-02-07,2019-12-18,918febc5-ee18-4057-8668-900bb0598948,b1c428d6-4f07-31e0-90f0-68ffa6ff8c76,a5f44e71-21bf-47c8-838d-35899667933f,309362,Clopidogrel 75 MG Oral Tablet,26.77,0.00,156,4176.12,,
2007-02-07,,918febc5-ee18-4057-8668-900bb0598948,b1c428d6-4f07-31e0-90f0-68ffa6ff8c76,a5f44e71-21bf-47c8-838d-35899667933f,312961,Simvastatin 20 MG Oral Tablet,36.25,0.00,159,5763.75,,
2007-02-07,,918febc5-ee18-4057-8668-900bb0598948,b1c428d6-4f07-31e0-90f0-68ffa6ff8c76,a5f44e71-21bf-47c8-838d-35899667933f,197361,Amlodipine 5 MG Oral Tablet,25.67,0.00,159,4081.53,,
2007-02-07,,918febc5-ee18-4057-8668-900bb0598948,b1c428d6-4f07-31e0-90f0-68ffa6ff8c76,a5f44e71-21bf-47c8-838d-35899667933f,705129,Nitroglycerin 0.4 MG/ACTUAT Mucosal Spray,53.04,0.00,159,8433.36,,
2019-12-18,2019-12-18,918febc5-ee18-4057-8668-900bb0598948,b1c428d6-4f07-31e0-90f0-68ffa6ff8c76,99a03c0a-8a6b-450a-91f3-9ca9ebad7fdd,1804799,Alteplase 100 MG Injection,6390.01,0.00,1,6390.01,,
2016-02-04,2016-02-11,9bf121bf-04e9-46b9-b675-a965a78d839a,b1c428d6-4f07-31e0-90f0-68ffa6ff8c76,5fcea2d4-442e-452a-9641-65352720544c,562251,Amoxicillin 250 MG / Clavulanate 125 MG Oral Tablet,63.08,0.00,1,63.08,444814009,Viral sinusitis (disorder)
