Id,BIRTHDATE,DEATHDATE,SSN,DRIVERS,PASSPORT,PREFIX,FIRST,LAST,SUFFIX,MAIDEN,MARITAL,RACE,ETHNICITY,GENDER,BIRTHPLACE,ADDRESS,CITY,STATE,COUNTY,ZIP,LAT,LON,HEALTHCARE_EXPENSES,HEALTHCARE_COVERAGE
d0973d93-bb8b-4bcc-a3aa-b2a5dbf8ff34,2017-01-21,,999-12-1958,,,,Tayfun,Mustikkakangas,,,,white,nonhispanic,M,Helsinki  Uusimaa  FI,731 Vestergård Katu,Helsinki,Uusimaa,Helsinki,00250,60.25292399668901,25.03548984089303,1375.0,0.0
3135b4d9-53f9-4035-aed1-1a9087518524,2010-02-23,,999-82-4444,,,,Petrov,Hanhiniemi,,,,white,nonhispanic,M,Espoo  Uusimaa  FI,331 Innamaa Katu Suite 88,Hyvinkää,Uusimaa,Hyvinkää,05860,60.649861744291954,24.8767914922169,2375.0,0.0
09855116-a5a1-4a6a-a9fe-03542ca05857,1994-02-28,,999-38-9591,S99946810,X43046050X,Mr.,Karol,Korvenranta,,,,white,nonhispanic,M,Vihti  Uusimaa  FI,125 Kalavainen Katu,Vantaa,Uusimaa,Vantaa,01260,60.30038225421985,24.791559115998105,4000.0,0.0
b2a9676c-9bba-434b-b974-c209212ca0d9,1991-04-18,,999-55-7139,S99972913,X12226957X,Mrs.,Sarah,Sulosaari,,Kelaranta,M,white,nonhispanic,F,Helsinki  Uusimaa  FI,326 Grekula Katu,Helsinki,Uusimaa,Helsinki,00640,60.22105609130932,24.93722482357568,4500.0,0.0
8b0a4432-4940-43d7-bd25-28e66f823296,1981-07-13,,999-89-2956,S99968450,X82760387X,Mr.,Jaakonpoika,Uponen,,,M,white,nonhispanic,M,Tuusula  Uusimaa  FI,423 Soppi Katu,Espoo,Uusimaa,Espoo,02170,60.1674016252232,24.73335971436761,5375.0,0.0
bcc19393-91d6-4698-a971-d1e120db6da6,1980-04-27,,999-30-1270,S99975857,X10227396X,Mr.,Arlind,Siuruainen,,,S,white,nonhispanic,M,Helsinki  Uusimaa  FI,501 Salonius Katu,Vihti,Uusimaa,Vihti,03400,60.362949659989255,24.555289069160988,4625.0,0.0
78e4cbbb-f91d-4cc8-9a9b-146d8c34b956,2001-07-20,,999-47-6834,S99987193,,Mr.,Georg,Niittykoski,,,,white,nonhispanic,M,Helsinki  Uusimaa  FI,1087 Vieras Katu Unit 14,Vantaa,Uusimaa,Vantaa,01300,60.248737540804605,24.927139691003603,3750.0,0.0
b9bd4b0c-6a64-4c7a-a62e-9e7934539280,2016-08-02,,999-67-4436,,,,Kariina,Louhimo,,,,white,nonhispanic,F,Helsinki  Uusimaa  FI,782 Riihikoski Katu Suite 69,Vantaa,Uusimaa,Vantaa,01740,60.36436397580526,24.862743104605034,1500.0,0.0
7955ab25-de91-479f-a434-dde8d7fc5b4a,1957-02-16,,999-92-1246,S99971155,X36291574X,Mrs.,Tran,Sarkima,,Vitikka,M,white,nonhispanic,F,Tuusula  Uusimaa  FI,283 Tarjanne Katu Apt 35,Helsinki,Uusimaa,Helsinki,00230,60.11336571702152,24.893421526863342,7250.0,0.0
b2b32098-dd5a-493a-a4f1-6c763705a464,1991-12-09,,999-72-1829,S99984492,X9907580X,Mrs.,Simone,Kattilakoski,,Hietalahti,M,white,nonhispanic,F,Tuusula  Uusimaa  FI,600 Huldén Katu,Porvoo,Uusimaa,Porvoo,06150,60.27183459270379,25.413889307023517,4125.0,0.0
4574e0f9-b6bb-44ab-a575-f7d6eeb97e4f,1966-04-14,,999-75-3329,S99941289,X5810038X,Mr.,Reijonpoika,Vahala,,,M,white,nonhispanic,M,Helsinki  Uusimaa  FI,258 Kylliö Katu Unit 1,Helsinki,Uusimaa,Helsinki,00580,60.107772867185155,24.857190159057794,6625.0,0.0
9b765f91-3681-4d35-85f2-3a26f0ec9020,1984-06-27,,999-18-4917,S99973811,X78481415X,Mrs.,Hennamari,Hyryläinen,,Itäsaari,M,white,nonhispanic,F,Raasepori  Uusimaa  FI,387 Lisma Katu,Helsinki,Uusimaa,Helsinki,00800,60.2162994495563,25.087027606129944,4750.0,0.0
d8669e78-a83e-4b52-a6a4-80d1d0d0c91d,1938-03-17,,999-45-4548,S99947172,X37986353X,Mrs.,Edviina,Lutz,,Markovaara,M,white,nonhispanic,F,Helsinki  Uusimaa  FI,897 Luusua Katu,Helsinki,Uusimaa,Helsinki,00360,60.19506002243817,24.9140781209782,10625.0,0.0
3f5bf650-bf72-4e21-9f1a-a94d220afe5e,1939-11-27,,999-77-3714,S99939907,X27596051X,Mrs.,Kaisaleena,Jokilehto,,Sundström,M,white,nonhispanic,F,Helsinki  Uusimaa  FI,317 Salim Katu,Espoo,Uusimaa,Espoo,02270,60.16649938598375,24.780598242963894,10375.0,0.0
4dfc6664-349a-4b40-9d5c-66a32f58902e,1956-08-16,,999-89-8308,S99926396,X29521320X,Mrs.,Rea,Linderoos,,Kräkin,M,white,nonhispanic,F,Helsinki  Uusimaa  FI,791 Äkräs Katu Suite 71,Helsinki,Uusimaa,Helsinki,00870,60.19501325317713,25.026661206458837,7375.0,0.0
1e10f06e-3da6-4703-83d1-8d145199cec5,2016-05-22,,999-40-1534,,,,Anida,Hirvikallio,,,,white,nonhispanic,F,Vantaa  Uusimaa  FI,711 Autere Katu,Kerava,Uusimaa,Kerava,04250,60.42821942607032,25.16885026219378,1500.0,0.0
682b2839-49a6-4d6c-9b52-53987b978a3d,1992-04-02,,999-57-5578,S99962049,X4970352X,Mrs.,Sara-Marie,Laasio,,Joki-Erkkilä,M,white,nonhispanic,F,Espoo  Uusimaa  FI,241 Niilekselä Katu,Helsinki,Uusimaa,Helsinki,00740,60.167840958899106,25.053179023230527,4125.0,0.0
03c22def-e9c4-41c3-bf9a-d2324681bdf3,1994-01-04,,999-92-6704,S99991060,X25463894X,Mr.,Ilarinpoika,Alppi,,,,white,nonhispanic,M,Espoo  Uusimaa  FI,829 Järvimaa Katu Unit 34,Porvoo,Uusimaa,Porvoo,06850,60.31989694348134,25.52865295583473,4000.0,0.0
c26f3d20-5872-4f6d-8708-d73b9d5201d4,1975-01-10,,999-51-3569,S99933461,X13991643X,Ms.,Fuad,Palkio,,,S,white,nonhispanic,F,Helsinki  Uusimaa  FI,400 Koskenniemi Katu Suite 69,Helsinki,Uusimaa,Helsinki,00760,60.227893399720266,24.949908301263203,5000.0,0.0
056690f2-56c3-4238-b5ff-aedb00b23ac4,1985-11-22,,999-43-9550,S99957591,X67703246X,Ms.,Emmelie,Porrasoja,,,S,white,nonhispanic,F,Vantaa  Uusimaa  FI,984 Soinne Katu Apt 46,Vantaa,Uusimaa,Vantaa,01630,60.31054785390905,25.007477319433523,4500.0,0.0
4f92dd1a-48c0-491e-b091-502aa547dbc6,1987-12-31,,999-80-9417,S99989362,X4684118X,Ms.,Nina-Mari,Harrivaara,,,S,white,nonhispanic,F,Vantaa  Uusimaa  FI,208 Mutku Katu,Helsinki,Uusimaa,Helsinki,00680,60.19112429425244,24.89629210357566,4250.0,0.0
87e8f6eb-88b7-4935-9f6e-ef820aa861b2,1947-05-03,,999-92-9308,S99943786,X33766715X,Ms.,Jeanette,Santapakka,,,S,white,nonhispanic,F,Helsinki  Uusimaa  FI,801 Nyman Katu,Vantaa,Uusimaa,Vantaa,01450,60.3194176649806,24.975287686294614,8500.0,0.0
c02a1046-0ae1-423f-abd3-5ca8c903f3f1,1997-08-02,,999-11-5459,S99938742,X66980027X,Ms.,Inka-Maaria,Karppinen,,,,white,nonhispanic,F,Vihti  Uusimaa  FI,788 Vastela Katu Unit 50,Helsinki,Uusimaa,Helsinki,00360,60.189597616634295,24.914872687189654,3750.0,0.0
2e48caa8-40f1-4f60-9ef9-eeb6f6628a60,1966-09-01,,999-10-9150,S99945997,X44931800X,Mr.,Stefano,Kaila,,,M,white,nonhispanic,M,Vantaa  Uusimaa  FI,1030 Petälä Katu Unit 28,Vantaa,Uusimaa,Vantaa,01690,60.36510038194104,25.08099985946226,7250.0,0.0
9af44a53-75a0-4c64-9aaf-eeef240ad855,2011-01-03,,999-89-2408,,,,Ngoc,Skinnar,,,,white,nonhispanic,F,Helsinki  Uusimaa  FI,303 Snygg Katu,Helsinki,Uusimaa,Helsinki,00180,60.23713001890603,24.882976376670936,2375.0,0.0
0ebfebea-50af-46ed-a4d1-b73b6ec43adf,1999-02-07,,999-26-4634,S99931745,X57906155X,Mr.,Nooke,Karstu,,,,white,nonhispanic,M,Sipoo  Uusimaa  FI,640 Keskiruusi Katu,Helsinki,Uusimaa,Helsinki,00750,60.21385762686558,24.838442841847865,4125.0,0.0
8df9e8bb-e8cf-4cbf-a7ef-3585b10943db,1942-08-07,,999-99-5723,S99918460,X40778675X,Mr.,Mohamad,Kaukolinna,,,M,white,nonhispanic,M,Helsinki  Uusimaa  FI,800 Francis Katu,Helsinki,Uusimaa,Helsinki,00920,60.21696554096548,24.93133499489016,9750.0,0.0
9997b4ee-8bd9-4b6b-b4be-78f92880e0df,1957-01-27,,999-84-9141,S99980842,X31133042X,Mrs.,Maritza,Haasiosalo,,Yliaska,M,white,nonhispanic,F,Helsinki  Uusimaa  FI,1008 Juopperi Katu Apt 93,Helsinki,Uusimaa,Helsinki,00540,60.142274007102074,25.003391519178077,8125.0,0.0
0ecfe974-41fc-4355-9ee6-fd11a5e7c32a,1972-03-18,,999-47-3383,S99960147,X77329577X,Mr.,Umut,Huida,,,M,white,nonhispanic,M,Vantaa  Uusimaa  FI,954 Harttunen Katu Unit 54,Helsinki,Uusimaa,Helsinki,00590,60.25029031077078,25.116615026148796,5875.0,0.0
20aa18bf-44b7-4670-b2d6-dc1ccaf710b8,1985-01-01,,999-84-8427,S99976770,X5812410X,Mrs.,Nanni,Vehanen,,Nokio,M,white,nonhispanic,F,Hyvinkää  Uusimaa  FI,1006 Kurkola Katu Apt 46,Lohja,Uusimaa,Lohja,08150,60.298401119601124,23.945205713114536,4375.0,0.0
328cb1d2-0b40-4c47-8caf-9c1aff3d4a47,2015-11-19,,999-65-4496,,,,Kitta,Ämmänpää,,,,white,nonhispanic,F,Helsinki  Uusimaa  FI,674 Kymén Katu Suite 78,Helsinki,Uusimaa,Helsinki,00530,60.16936241182929,24.895480154564925,1625.0,0.0
f43d49c5-80de-4305-911c-59aeffc887f5,1968-07-01,,999-14-5824,S99931669,X73231425X,Mrs.,Pirkko-Maija,Nurkki,,Bergvall,M,white,nonhispanic,F,Vantaa  Uusimaa  FI,1076 Raunio Katu Suite 85,Helsinki,Uusimaa,Helsinki,00890,60.19188628089835,24.8736502493236,6125.0,0.0
9fc07abe-0845-4c4d-a67a-e8e9588d532f,1982-10-26,2004-09-21,999-99-7928,S99925162,X62312724X,Mr.,Veli-Tapani,Isomöttönen,,,,white,nonhispanic,M,Järvenpää  Uusimaa  FI,427 Kuri Katu,Vantaa,Uusimaa,Vantaa,01600,60.237098770906016,24.825298059509006,4426.23,0.0
bc99a775-eafb-4d06-a8c3-f407ad1ed683,1914-05-26,,999-88-2966,S99989861,X37801045X,Mr.,Latif,Hyyrynen,,,M,white,nonhispanic,M,Helsinki  Uusimaa  FI,1078 Kaarnakorpi Katu Apt 65,Helsinki,Uusimaa,Helsinki,00750,60.200752868573716,25.113717174998175,19371.97,0.0
93c1f1cd-bf9c-4023-a79c-136532e8f7b8,2012-02-09,,999-14-2643,,,,Ardian,Tavia,,,,white,nonhispanic,M,Myrskylä  Uusimaa  FI,909 Sievilä Katu Suite 93,Raasepori,Uusimaa,Raasepori,10620,59.938612052536286,23.23666544684971,2125.0,0.0
12f033ff-87f9-489b-880a-85fd5e9c2921,2000-05-01,,999-53-2852,S99964013,,Mr.,Mihail,Tolkkinen,,,,white,nonhispanic,M,Helsinki  Uusimaa  FI,650 Jalal Katu,Porvoo,Uusimaa,Porvoo,07370,60.40001849129716,25.612935188925103,3625.0,0.0
02297d80-32eb-4703-819e-590c9148de11,2009-01-24,,999-84-2433,,,,Akuliina,Isakov,,,,white,nonhispanic,F,Vantaa  Uusimaa  FI,646 Katiska Katu Unit 3,Sipoo,Uusimaa,Sipoo,01120,60.27956579391519,25.372251731094885,2750.0,0.0
4b48e2c1-2182-4638-93e7-a5d3a599f26e,2016-03-28,,999-55-3510,,,,Eero-Veikko,Päivänurmi,,,,white,nonhispanic,M,Helsinki  Uusimaa  FI,994 Huusman Katu,Vantaa,Uusimaa,Vantaa,01620,60.258570947887954,25.066497378518253,1625.0,0.0
525765ea-2bc6-4955-8427-be576c712303,1983-11-07,,999-96-6937,S99942709,X54467741X,Mrs.,Juliane,Hyssänmäki,,Konsell,M,white,nonhispanic,F,Helsinki  Uusimaa  FI,702 Valli Katu Unit 29,Porvoo,Uusimaa,Porvoo,07110,60.373796429411996,25.606584955771456,4750.0,0.0
019088d7-c14d-444a-9d11-91e6f77e4d55,2012-02-12,,999-71-9372,,,,Pouta,Flöjt,,,,white,nonhispanic,F,Järvenpää  Uusimaa  FI,521 Leandersson Katu,Helsinki,Uusimaa,Helsinki,00970,60.26711172931217,24.914147686921464,2125.0,0.0
0e1cd3cb-c086-4708-888e-b46f2ae7f2ce,1982-10-26,,999-94-5013,S99961157,X19672582X,Mr.,Olaus,Meriaho,,,M,white,nonhispanic,M,Tuusula  Uusimaa  FI,876 Toivola Katu,Vantaa,Uusimaa,Vantaa,01450,60.315359430627865,25.075071441594922,5000.0,0.0
b782ffe8-847c-4853-9e7d-15621e6bd584,1975-06-29,,999-35-7898,S99974369,X30723465X,Mr.,Torvald,Båtsman,,,M,white,nonhispanic,M,Helsinki  Uusimaa  FI,1073 Turner Katu,Raasepori,Uusimaa,Raasepori,10620,60.031014474175834,23.35593088405835,5386.1900000000005,0.0
82b07a2e-a113-408b-94f3-80e6a1cf44e9,1966-12-23,,999-85-4721,S99999528,X65868584X,Mrs.,Serafima,Luomi,,Pahankala,M,white,nonhispanic,F,Helsinki  Uusimaa  FI,424 Särkijärvi Katu,Kerava,Uusimaa,Kerava,04200,60.39208864622888,25.155248439245366,5625.0,0.0
7f612840-4c4d-4ccb-8965-631588d1d595,1977-10-09,,999-44-4279,S99987489,X20437228X,Mr.,Valio,Roponen,,,M,white,nonhispanic,M,Nurmijärvi  Uusimaa  FI,928 Haddad Katu Unit 88,Järvenpää,Uusimaa,Järvenpää,04440,60.525583018155324,25.036087849760673,4875.0,0.0
724acb60-d9d4-4c71-909e-db6f0d02a5fd,1940-09-29,1982-04-18,999-42-4890,S99932815,X37737302X,Mr.,Peeti,Aliska,,,M,white,nonhispanic,M,Helsinki  Uusimaa  FI,686 Juvala Katu,Espoo,Uusimaa,Espoo,02240,60.18856100282563,24.71484851370077,5853.57,0.0
6d715b2e-6bde-41c4-bca7-578706afd2fa,2013-02-25,,999-57-5939,,,,Tanjaana,Benson,,,,white,nonhispanic,F,Kirkkonummi  Uusimaa  FI,343 Sirkesalo Katu,Helsinki,Uusimaa,Helsinki,00540,60.21670823743305,24.879441564380723,2250.0,0.0
77857a89-8029-4513-940a-0eb88d89c09b,2011-01-21,,999-83-9870,,,,Kalle-Valtteri,Takila,,,,white,nonhispanic,M,Espoo  Uusimaa  FI,547 Ritakorpi Katu Unit 98,Helsinki,Uusimaa,Helsinki,00280,60.22617437495846,24.830912377679432,2250.0,0.0
11a9f97c-1d96-4d9d-b5ec-80b32b717f1a,1982-01-17,2007-07-29,999-44-2013,S99955925,X79522297X,Mr.,Toni-Mikael,Bhuiyan,,,,white,nonhispanic,M,Lohja  Uusimaa  FI,332 Hannukkala Katu,Vantaa,Uusimaa,Vantaa,01360,60.279660990163855,24.884803685132013,5162.82,0.0
8600debd-950e-468b-a96d-eae3c43724fd,1989-11-24,,999-82-2847,S99914043,X74302304X,Mr.,Cornelius,Savinko,,,S,white,nonhispanic,M,Thessaloniki  Thessaloniki Prefecture  GR,755 Ruonansuu Katu Unit 4,Helsinki,Uusimaa,Helsinki,00500,60.22365190567217,24.941476033326644,4875.0,0.0
9c4d435d-aeeb-482d-a23a-5d0f64c2abef,1946-11-28,,999-66-1288,S99949247,X4207388X,Mrs.,Askontytär,Pyy,,Hollsten,M,white,nonhispanic,F,Helsinki  Uusimaa  FI,201 Kyrönlahti Katu,Espoo,Uusimaa,Espoo,02610,60.301669926196745,24.470542778769115,8875.0,0.0
dddfbb37-e748-471d-81e7-7a73a82c1c73,1958-05-21,,999-77-9225,S99936432,X51892548X,Mrs.,Shakira,Etelä-Aho,,Tikkunen,M,white,nonhispanic,F,Espoo  Uusimaa  FI,594 Evers Katu,Kirkkonummi,Uusimaa,Kirkkonummi,02390,60.12565063031477,24.552918878356536,7000.0,0.0
6ce50973-b6ab-4b38-9c12-589e9819b1aa,1999-11-21,,999-16-7444,S99940453,X41984655X,Mr.,Armi,Viikki,,,,white,nonhispanic,M,Mäntsälä  Uusimaa  FI,371 Aksoy Katu Suite 86,Helsinki,Uusimaa,Helsinki,00800,60.26340219598843,24.940532936668962,4375.0,0.0
41f8001c-7c56-4edd-9f0a-f62873a95849,1992-04-16,,999-70-3616,S99949805,X29997657X,Mr.,Tor-Erik,Jouhikainen,,,M,white,nonhispanic,M,Helsinki  Uusimaa  FI,588 Ala-Honkola Katu,Lohja,Uusimaa,Lohja,03810,60.21837471291571,23.715817217417015,4125.0,0.0
2d5caada-637c-4524-9eaa-806fc6b87b1f,1968-02-20,,999-42-3046,S99987249,X45719927X,Mrs.,Miria,Fagerberg,,Saksanen,M,white,nonhispanic,F,Vantaa  Uusimaa  FI,365 Pyrylä Katu Unit 45,Lapinjärvi,Uusimaa,Lapinjärvi,07850,60.68448213338429,26.021374604368358,13023.05,0.0
965c9391-b379-4326-8fb0-3565391e3018,1982-01-17,,999-54-5955,S99918008,X76849626X,Mr.,Kaarle,Adlercreutz,,,S,white,nonhispanic,M,Tuusula  Uusimaa  FI,349 Petman Katu Suite 46,Vantaa,Uusimaa,Vantaa,01630,60.29034806567603,24.945870642257645,5500.0,0.0
b7646dbd-e75b-4bc9-882f-5d5d5ca45a79,1946-01-17,,999-89-2175,S99917498,X87477358X,Mr.,Hannunpoika,Vaetoja,,,M,white,nonhispanic,M,Helsinki  Uusimaa  FI,757 Perkkalainen Katu,Helsinki,Uusimaa,Helsinki,00270,60.21398010667915,25.06164363686485,9500.0,0.0
7400c4a2-0fbb-49f9-8b5b-7a27b70ecad6,1997-09-26,,999-32-7502,S99992845,X62416512X,Ms.,Lilya,Stenberg,,,,white,nonhispanic,F,Helsinki  Uusimaa  FI,868 Tuomainen Katu,Helsinki,Uusimaa,Helsinki,00590,60.28762850581593,24.992227367303816,3875.0,0.0
725dc764-3d65-42cd-b832-a9fdb9cd6495,2004-07-17,,999-32-5263,,,,Thanh,Yrttimaa,,,,white,nonhispanic,F,Helsinki  Uusimaa  FI,489 Tertsonen Katu,Vantaa,Uusimaa,Vantaa,01300,60.27790355553549,24.766824552782513,3000.0,0.0
1faf52b1-0e08-4eb7-b1b3-16905d0f0cb8,2007-04-20,,999-23-2353,,,,Olov,Pajasmaa,,,,white,nonhispanic,M,Espoo  Uusimaa  FI,1078 Läheniemi Katu Unit 96,Porvoo,Uusimaa,Porvoo,07220,60.36082956952766,25.58751477451774,2875.0,0.0
a3f8b00f-74cc-4f41-86ac-e99b4149f279,1986-02-02,,999-35-2991,S99931408,X40298709X,Mrs.,Mohamad,Jokisalo,,Price,M,white,nonhispanic,F,Kirkkonummi  Uusimaa  FI,493 Anttolainen Katu,Helsinki,Uusimaa,Helsinki,00590,60.257633703575216,25.102916156127144,4625.0,0.0
8c0e4aa5-1c56-4e78-9f4b-a62428f3e909,2020-02-14,,999-42-6988,,,,Anneli,Ounasvuori,,,,white,nonhispanic,F,Vantaa  Uusimaa  FI,361 Saarnisalo Katu Suite 1,Helsinki,Uusimaa,Helsinki,00360,60.256951353679106,24.907951668843417,125.0,0.0
c7795274-83e0-4cce-bfc9-6a6d9c7c988e,2020-02-28,,999-87-4348,,,,Synneve,Siggberg,,,,white,nonhispanic,F,Kerava  Uusimaa  FI,816 Viinonen Katu Apt 83,Vantaa,Uusimaa,Vantaa,01660,60.2809625493082,25.06684587848105,125.0,0.0
f988f30d-d7ea-468e-baff-b1b464cfcda9,2015-04-08,,999-18-1866,,,,Eskeli,Lindsten,,,,white,nonhispanic,M,Helsinki  Uusimaa  FI,167 Laaja Katu Apt 19,Tuusula,Uusimaa,Tuusula,04320,60.40482716133541,25.035282517081036,1875.0,0.0
345b507f-826b-4384-a443-936d3b6fa9ca,2018-04-20,,999-41-9747,,,,Terry,Dalén,,,,white,nonhispanic,M,Helsinki  Uusimaa  FI,550 Rytky Katu,Espoo,Uusimaa,Espoo,02920,60.12700715551403,24.74877641818627,1125.0,0.0
56bceee3-febb-4085-b2a8-bbb3b9f0af3f,1946-08-25,1985-10-27,999-82-3150,S99974343,X89681899X,Mr.,Klas-Göran,Perkiö,,,M,white,nonhispanic,M,Espoo  Uusimaa  FI,946 Kuosma Katu Apt 16,Helsinki,Uusimaa,Helsinki,00580,60.175138887973525,24.940242062016345,4750.0,0.0
d9a6a89e-b4db-4147-9eb1-77f097c6c726,1940-09-29,,999-91-4043,S99953158,X38114904X,Mr.,Walfrid,Kööpikkä,,,M,white,nonhispanic,M,Porvoo  Uusimaa  FI,772 Henriksson Katu,Espoo,Uusimaa,Espoo,02380,60.260877973254495,24.814085509591067,10250.0,0.0
fac3b092-734f-4e56-af5d-1362bc06214f,1975-11-10,,999-96-2927,S99992737,X64142648X,Mrs.,Jarmila,Torkki,,Möttö,M,white,nonhispanic,F,Vihti  Uusimaa  FI,428 Valkeakari Katu,Espoo,Uusimaa,Espoo,02130,60.21804747794531,24.629028064169262,5250.0,0.0
5ff2cc42-8497-4dfe-b2e1-baa46f600fe9,1995-09-02,,999-78-1203,S99960773,X26520164X,Ms.,Seliina,Laaki,,,,white,nonhispanic,F,Helsinki  Uusimaa  FI,1002 Alakunnas Katu Unit 15,Kerava,Uusimaa,Kerava,04250,60.41822267262362,25.16693276852673,3750.0,0.0
c9a30323-fe58-4c87-8218-3c186c06ca94,1994-11-12,,999-25-4824,S99978619,X1349347X,Ms.,Canan,Sahin,,,,white,nonhispanic,F,Espoo  Uusimaa  FI,413 Clayhills Katu,Hyvinkää,Uusimaa,Hyvinkää,05860,60.724678671759065,24.823486576903825,4625.0,0.0
40b4d8c3-35aa-4e37-8270-bd29d52ce37c,1946-08-25,1966-10-16,999-40-1211,S99940397,X69053113X,Mr.,Klaus,Soranta,,,,white,nonhispanic,M,Espoo  Uusimaa  FI,694 Quach Katu Unit 15,Helsinki,Uusimaa,Helsinki,00500,60.20848189085906,24.924899374829142,3750.0,0.0
fe443083-c95c-4c6c-83e1-cf4b6f8c3438,1978-10-21,,999-45-2491,S99934843,X79930209X,Mr.,Jami,Pirkonen,,,M,white,nonhispanic,M,Kerava  Uusimaa  FI,1050 Onkila Katu,Espoo,Uusimaa,Espoo,02980,60.22723375424601,24.57009912627545,5750.0,0.0
3aee8baa-0ac4-4d29-85c8-dc51a1f1769a,1964-11-04,,999-78-4649,S99919099,X10073969X,Mrs.,Satu-Elina,Wallinmaa,,Wrede,M,white,nonhispanic,F,Helsinki  Uusimaa  FI,795 Schroderus Katu Unit 31,Lohja,Uusimaa,Lohja,03870,60.382584394843654,23.99231336822383,6000.0,0.0
79d5a13e-2222-4dea-bf09-e78913e242d5,1989-07-13,,999-75-6853,S99921541,X19025809X,Mr.,Fatmir,Vähäkylä,,,M,white,nonhispanic,M,Tuusula  Uusimaa  FI,951 Nylund Katu,Helsinki,Uusimaa,Helsinki,00780,60.20152752746324,24.948365904696338,4375.0,0.0
89874b94-4338-47fb-9dc6-2535e46684dd,1966-03-24,,999-88-9502,S99921319,X3178677X,Mr.,Väinämö,Dmitrieva,,,M,white,nonhispanic,M,Järvenpää  Uusimaa  FI,911 Virpinen Katu,Tuusula,Uusimaa,Tuusula,05430,60.56410766943612,24.983120876181363,6375.0,0.0
ab5f20ff-68b6-40f3-a8cb-70706bb388e0,1972-07-29,,999-19-6148,S99957377,X45716030X,Mr.,Arkadi,Vipuveräjä,,,S,white,nonhispanic,M,Helsinki  Uusimaa  FI,852 Pautamo Katu,Helsinki,Uusimaa,Helsinki,00750,60.21148447632537,24.8977785210082,5625.0,0.0
ec856eea-d28d-4e1c-9c97-372ac5c20d0b,1965-06-03,,999-13-1659,S99920657,X78282933X,Mrs.,Marja-Sinikka,Similä,,Bozkurt,M,white,nonhispanic,F,Nurmijärvi  Uusimaa  FI,779 Arvilahti Katu Unit 19,Nurmijärvi,Uusimaa,Nurmijärvi,01840,60.45859529695061,24.751624576396182,6250.0,0.0
a35bd056-a0c9-4b91-8ea1-6a14ecc0f302,2015-03-24,,999-72-4717,,,,Soma,Virmasalo,,,,white,nonhispanic,F,Espoo  Uusimaa  FI,132 Baumann Katu Suite 43,Vantaa,Uusimaa,Vantaa,01670,60.24475163313853,24.917360963715684,1750.0,0.0
f055ae2e-3130-4708-b448-374f24b34004,1985-12-15,,999-16-5534,S99958364,X54045100X,Mrs.,Pia-Marie,Välkky,,Lumikari,M,white,nonhispanic,F,Vihti  Uusimaa  FI,601 Ylivirta Katu,Espoo,Uusimaa,Espoo,02360,60.17366405228948,24.592511682060085,5056.46,0.0
1b3871c3-0746-45fd-81cc-f96829b38d66,2013-03-09,,999-68-6346,,,,Aleksandros,Romberg,,,,white,nonhispanic,M,Espoo  Uusimaa  FI,901 Hjelt Katu,Lohja,Uusimaa,Lohja,09630,60.34417074958442,24.073970619235322,2125.0,0.0
a71662cf-a735-4e09-8b99-f7831da9afea,1956-11-07,,999-42-6890,S99990093,X48161897X,Mr.,Camillo,Tamper,,,M,white,nonhispanic,M,Helsinki  Uusimaa  FI,373 Ellä Katu,Helsinki,Uusimaa,Helsinki,00760,60.163325495410575,24.97139627432903,7750.0,0.0
45aaf77a-c794-4ccf-a35a-430503eabe0b,1996-01-26,,999-22-7983,S99925155,X88498881X,Ms.,Marja-Helena,Tiusanen,,,,white,nonhispanic,F,Vantaa  Uusimaa  FI,850 Ruokoranta Katu Apt 6,Vantaa,Uusimaa,Vantaa,01280,60.34458891924112,25.031986673251208,3875.0,0.0
ce4ec8f7-2b55-463c-b39f-b14da0d9894e,2008-05-05,,999-63-5701,,,,Idaliina,Ailus,,,,white,nonhispanic,F,Espoo  Uusimaa  FI,435 Suurhasko Katu,Mäntsälä,Uusimaa,Mäntsälä,04920,60.64019357810831,25.082530215444304,2625.0,0.0
6dd077de-f68a-4bb6-9f74-02e4f94b61d4,2003-04-13,,999-86-3801,S99919647,,,Mahmud,Jaakkonen,,,,white,nonhispanic,M,Kirkkonummi  Uusimaa  FI,673 Surakka Katu Unit 48,Nurmijärvi,Uusimaa,Nurmijärvi,05100,60.37638488146887,24.851747772684817,3375.0,0.0
b86664eb-c168-4e4b-a0f1-9dd63bfb1017,1957-04-19,,999-44-8680,S99922333,X56943121X,Mrs.,Auringonkukka,Ylä-Outinen,,Helasmäki,M,white,nonhispanic,F,Espoo  Uusimaa  FI,550 Pitkonen Katu Suite 22,Espoo,Uusimaa,Espoo,02110,60.21257771633462,24.721307637198638,7375.0,0.0
24eee597-4fb6-4c65-8c72-c60c99782588,1946-08-25,2018-12-16,999-13-3545,S99930379,X77715537X,Mr.,Renny,Tolkki,,,M,white,nonhispanic,M,Espoo  Uusimaa  FI,235 Myllyviita Katu Unit 44,Helsinki,Uusimaa,Helsinki,00540,60.148337514797575,24.88445872131943,10201.0,0.0
17d063ed-7717-4f97-956c-95426bf2943e,1987-01-18,,999-52-7889,S99947273,X22397246X,Mrs.,Pirke,Ruokoniemi,,Kairavuo,M,white,nonhispanic,F,Helsinki  Uusimaa  FI,307 Pekari Katu Apt 86,Espoo,Uusimaa,Espoo,02380,60.17013761504422,24.733052300793208,4500.0,0.0
c1ef27b9-d893-449f-b986-5fc07863d132,1964-09-06,,999-10-3041,S99925349,X10084634X,Ms.,Judit,Kynkäänniemi,,,S,white,nonhispanic,F,Helsinki  Uusimaa  FI,981 Maja Katu Apt 52,Espoo,Uusimaa,Espoo,02360,60.14700061211108,24.70879443450286,7000.0,0.0
3b49cf08-2376-4105-aee1-e455e002bbdf,1974-08-11,,999-89-3519,S99990002,X1063071X,Mr.,Ismo,Turkko,,,M,white,nonhispanic,M,Helsinki  Uusimaa  FI,644 Kyytinen Katu,Helsinki,Uusimaa,Helsinki,00610,60.20045063544268,25.14762108123178,5375.0,0.0
b8c9b6cb-4d25-4b7b-9932-e47735702d8a,1965-12-02,,999-88-7224,S99923203,X72997773X,Mr.,Marshall,Kallila,,,S,white,nonhispanic,M,Helsinki  Uusimaa  FI,956 Duncker Katu,Vantaa,Uusimaa,Vantaa,01200,60.350606832710106,25.044353318264303,6375.0,0.0
5b9f864c-07c1-45a9-bef2-2c97c0aee845,1995-07-25,,999-78-5685,S99933989,X39240604X,Mr.,Adem,Sarrola,,,,white,nonhispanic,M,Lohja  Uusimaa  FI,931 Prauda Katu,Järvenpää,Uusimaa,Järvenpää,04410,60.46809514482483,25.103026203235103,3875.0,0.0
b5eeaecf-fd0f-4fdd-8ec0-ac19a7ed7364,1977-01-13,,999-67-3447,S99996070,X70979003X,Mrs.,Corinne,Ainamo,,Pankka,M,white,nonhispanic,F,Vantaa  Uusimaa  FI,981 Käld Katu,Helsinki,Uusimaa,Helsinki,00150,60.19450657772606,25.050019551873326,4750.0,0.0
9ba61f34-0cbd-4246-b4a6-1d02db6363b2,1968-09-01,,999-42-5521,S99926610,X13512045X,Mrs.,Francilia,Evans,,Kosklin,M,white,nonhispanic,F,Helsinki  Uusimaa  FI,488 Hamara Katu,Kerava,Uusimaa,Kerava,04230,60.36995746092086,25.108860344285784,5500.0,0.0
d1eda910-1696-444d-ab1b-cec44fe5553b,2009-10-10,,999-28-3214,,,,Inari,Lauttia,,,,white,nonhispanic,F,Helsinki  Uusimaa  FI,794 Hauska Katu,Helsinki,Uusimaa,Helsinki,00530,60.14362525412682,24.962386500984174,2750.0,0.0
b962ef08-fa68-4cd5-a7cf-fbd6af2d277a,1979-09-22,,999-55-5684,S99918740,X69465992X,Mr.,Taisto,Kärsämä,,,M,white,nonhispanic,M,Helsinki  Uusimaa  FI,645 Turtonen Katu Suite 4,Helsinki,Uusimaa,Helsinki,00100,60.163150005081796,24.835167057262954,5250.0,0.0
525e45b9-a65c-44a1-b5e9-7ffd7c5ae7c5,1972-09-22,,999-89-7150,S99968941,X29788157X,Mrs.,Arlene,Pircklén,PhD,Paunio,M,white,nonhispanic,F,Espoo  Uusimaa  FI,525 Horto Katu Suite 62,Helsinki,Uusimaa,Helsinki,00290,60.229835039641834,24.988281099657325,5625.0,0.0
fde686dc-4c59-4909-bd40-134a9af7fde8,1969-12-19,,999-17-9865,S99984314,X868189X,Mrs.,Sila,Marjoranta,,Lagerkrantz,M,white,nonhispanic,F,Helsinki  Uusimaa  FI,349 Maljonen Katu Suite 10,Espoo,Uusimaa,Espoo,02720,60.199862411847135,24.672075958382123,5500.0,0.0
11559efe-946f-47fe-9f04-aefc7e4183fb,1946-08-25,,999-85-2732,S99960248,X30385536X,Mr.,Abd,Koskilahti,,,S,white,nonhispanic,M,Espoo  Uusimaa  FI,751 Gromov Katu Unit 40,Helsinki,Uusimaa,Helsinki,00820,60.21773272986596,24.928692874119477,10074.44,0.0
c44f94e4-9fa8-4804-ac02-66810e6b90da,2017-08-30,,999-15-3446,,,,Eeva-Liisa,Hughes,,,,white,nonhispanic,F,Lohja  Uusimaa  FI,316 Koivukari Katu Unit 68,Porvoo,Uusimaa,Porvoo,07220,60.3873616124326,25.3959146656484,1250.0,0.0
e883f6c3-4951-4607-8f3a-13bf8f6a302e,1942-01-25,,999-18-5320,S99962023,X41845164X,Mr.,Jan-Krister,Hujanen,,,M,white,nonhispanic,M,Helsinki  Uusimaa  FI,844 Mikkolanaho Katu Unit 82,Järvenpää,Uusimaa,Järvenpää,04400,60.429625984394754,25.163847362846475,9000.0,0.0
f2eefa19-f4c4-40a9-8c09-f0cf189b4479,1958-03-14,,999-38-5990,S99980606,X12482655X,Mrs.,Evelin,Valapuro,,Purtola,M,white,nonhispanic,F,Helsinki  Uusimaa  FI,941 Saarenkylä Katu,Vantaa,Uusimaa,Vantaa,01360,60.361423132127626,24.913506664497106,7250.0,0.0
918febc5-ee18-4057-8668-900bb0598948,1955-01-26,,999-77-2339,S99939714,X12344781X,Mr.,Per-Göran,Musse,,,M,white,nonhispanic,M,Vantaa  Uusimaa  FI,178 Ihanus Katu,Espoo,Uusimaa,Espoo,02290,60.13303610952912,24.693468697002324,14166.78,0.0
13667d9f-9566-4fbc-8d79-0ee27ec9a03f,1997-09-13,,999-70-3343,S99969116,X52108175X,Mr.,Tuong,Kilkkilä,,,,white,nonhispanic,M,Järvenpää  Uusimaa  FI,780 Hykkyrä Katu,Espoo,Uusimaa,Espoo,02160,60.2130840097891,24.694843474452146,3750.0,0.0
48841961-a5e9-4c4e-a68f-ef30998c3a33,1951-11-22,,999-25-5700,S99922418,X32232353X,Mr.,Vasilij,Puolitaival,,,M,white,nonhispanic,M,Vantaa  Uusimaa  FI,240 Woltter Katu,Helsinki,Uusimaa,Helsinki,00200,60.19445197911228,24.98062654049728,14358.119999999999,0.0
e608f466-ca15-4149-a343-99f253ca075a,1968-11-09,,999-32-8237,S99941986,X78437233X,Mr.,Mikonpoika,Vehkomäki,,,M,white,nonhispanic,M,Espoo  Uusimaa  FI,649 Iijolainen Katu Suite 97,Helsinki,Uusimaa,Helsinki,00550,60.136580397710304,24.945582804657178,7000.0,0.0
919bc5fb-fe2d-4493-962f-2cfa5166464f,1955-07-27,,999-62-7203,S99949477,X63661448X,Mr.,Mohamud,Leivonen,,,M,white,nonhispanic,M,Vantaa  Uusimaa  FI,548 Juhala Katu,Kirkkonummi,Uusimaa,Kirkkonummi,02450,60.24531449730849,24.3806158402771,7750.0,0.0
9bf121bf-04e9-46b9-b675-a965a78d839a,1973-09-26,,999-39-5609,S99979142,X56202554X,Mr.,Heikki-Jussi,Polvilampi,,,M,white,nonhispanic,M,Helsinki  Uusimaa  FI,535 Mahlavuori Katu,Helsinki,Uusimaa,Helsinki,00160,60.19265965658866,25.109619251380995,12331.21,0.0
