PATIENT,START_YEAR,END_YEAR,PAYER,OWNERSHIP
09855116-a5a1-4a6a-a9fe-03542ca05857,1994,2012,e15e7b92-f376-374f-9285-2f59a38ad823,Guardian
b2a9676c-9bba-434b-b974-c209212ca0d9,1991,2009,e15e7b92-f376-374f-9285-2f59a38ad823,Guardian
8b0a4432-4940-43d7-bd25-28e66f823296,1981,1999,e15e7b92-f376-374f-9285-2f59a38ad823,Guardian
bcc19393-91d6-4698-a971-d1e120db6da6,1980,1998,e15e7b92-f376-374f-9285-2f59a38ad823,Guardian
78e4cbbb-f91d-4cc8-9a9b-146d8c34b956,2001,2019,e15e7b92-f376-374f-9285-2f59a38ad823,Guardian
7955ab25-de91-479f-a434-dde8d7fc5b4a,1957,1975,e15e7b92-f376-374f-9285-2f59a38ad823,Guardian
b2b32098-dd5a-493a-a4f1-6c763705a464,1991,2009,e15e7b92-f376-374f-9285-2f59a38ad823,Guardian
4574e0f9-b6bb-44ab-a575-f7d6eeb97e4f,1966,1984,e15e7b92-f376-374f-9285-2f59a38ad823,Guardian
9b765f91-3681-4d35-85f2-3a26f0ec9020,1984,2002,e15e7b92-f376-374f-9285-2f59a38ad823,Guardian
d8669e78-a83e-4b52-a6a4-80d1d0d0c91d,1938,1956,e15e7b92-f376-374f-9285-2f59a38ad823,Guardian
3f5bf650-bf72-4e21-9f1a-a94d220afe5e,1939,1957,e15e7b92-f376-374f-9285-2f59a38ad823,Guardian
4dfc6664-349a-4b40-9d5c-66a32f58902e,1956,1974,e15e7b92-f376-374f-9285-2f59a38ad823,Guardian
682b2839-49a6-4d6c-9b52-53987b978a3d,1992,2010,e15e7b92-f376-374f-9285-2f59a38ad823,Guardian
03c22def-e9c4-41c3-bf9a-d2324681bdf3,1994,2012,e15e7b92-f376-374f-9285-2f59a38ad823,Guardian
c26f3d20-5872-4f6d-8708-d73b9d5201d4,1975,1993,e15e7b92-f376-374f-9285-2f59a38ad823,Guardian
056690f2-56c3-4238-b5ff-aedb00b23ac4,1985,2003,e15e7b92-f376-374f-9285-2f59a38ad823,Guardian
4f92dd1a-48c0-491e-b091-502aa547dbc6,1987,2005,e15e7b92-f376-374f-9285-2f59a38ad823,Guardian
87e8f6eb-88b7-4935-9f6e-ef820aa861b2,1947,1965,e15e7b92-f376-374f-9285-2f59a38ad823,Guardian
c02a1046-0ae1-423f-abd3-5ca8c903f3f1,1997,2015,e15e7b92-f376-374f-9285-2f59a38ad823,Guardian
2e48caa8-40f1-4f60-9ef9-eeb6f6628a60,1966,1984,e15e7b92-f376-374f-9285-2f59a38ad823,Guardian
0ebfebea-50af-46ed-a4d1-b73b6ec43adf,1999,2017,e15e7b92-f376-374f-9285-2f59a38ad823,Guardian
8df9e8bb-e8cf-4cbf-a7ef-3585b10943db,1942,1960,e15e7b92-f376-374f-9285-2f59a38ad823,Guardian
0ecfe974-41fc-4355-9ee6-fd11a5e7c32a,1972,1990,e15e7b92-f376-374f-9285-2f59a38ad823,Guardian
9997b4ee-8bd9-4b6b-b4be-78f92880e0df,1957,1975,e15e7b92-f376-374f-9285-2f59a38ad823,Guardian
20aa18bf-44b7-4670-b2d6-dc1ccaf710b8,1985,2003,e15e7b92-f376-374f-9285-2f59a38ad823,Guardian
f43d49c5-80de-4305-911c-59aeffc887f5,1968,1986,e15e7b92-f376-374f-9285-2f59a38ad823,Guardian
9fc07abe-0845-4c4d-a67a-e8e9588d532f,1982,2000,e15e7b92-f376-374f-9285-2f59a38ad823,Guardian
bc99a775-eafb-4d06-a8c3-f407ad1ed683,1914,1932,e15e7b92-f376-374f-9285-2f59a38ad823,Guardian
12f033ff-87f9-489b-880a-85fd5e9c2921,2000,2018,e15e7b92-f376-374f-9285-2f59a38ad823,Guardian
525765ea-2bc6-4955-8427-be576c712303,1983,2001,e15e7b92-f376-374f-9285-2f59a38ad823,Guardian
0e1cd3cb-c086-4708-888e-b46f2ae7f2ce,1982,2000,e15e7b92-f376-374f-9285-2f59a38ad823,Guardian
b782ffe8-847c-4853-9e7d-15621e6bd584,1975,1993,e15e7b92-f376-374f-9285-2f59a38ad823,Guardian
82b07a2e-a113-408b-94f3-80e6a1cf44e9,1966,1984,e15e7b92-f376-374f-9285-2f59a38ad823,Guardian
7f612840-4c4d-4ccb-8965-631588d1d595,1977,1995,e15e7b92-f376-374f-9285-2f59a38ad823,Guardian
724acb60-d9d4-4c71-909e-db6f0d02a5fd,1940,1958,e15e7b92-f376-374f-9285-2f59a38ad823,Guardian
8600debd-950e-468b-a96d-eae3c43724fd,1989,2007,e15e7b92-f376-374f-9285-2f59a38ad823,Guardian
11a9f97c-1d96-4d9d-b5ec-80b32b717f1a,1982,2000,e15e7b92-f376-374f-9285-2f59a38ad823,Guardian
11a9f97c-1d96-4d9d-b5ec-80b32b717f1a,2001,2007,e15e7b92-f376-374f-9285-2f59a38ad823,Self
9c4d435d-aeeb-482d-a23a-5d0f64c2abef,1946,1964,e15e7b92-f376-374f-9285-2f59a38ad823,Guardian
dddfbb37-e748-471d-81e7-7a73a82c1c73,1958,1976,e15e7b92-f376-374f-9285-2f59a38ad823,Guardian
6ce50973-b6ab-4b38-9c12-589e9819b1aa,1999,2017,e15e7b92-f376-374f-9285-2f59a38ad823,Guardian
41f8001c-7c56-4edd-9f0a-f62873a95849,1992,2010,e15e7b92-f376-374f-9285-2f59a38ad823,Guardian
2d5caada-637c-4524-9eaa-806fc6b87b1f,1968,1986,e15e7b92-f376-374f-9285-2f59a38ad823,Guardian
965c9391-b379-4326-8fb0-3565391e3018,1982,2000,e15e7b92-f376-374f-9285-2f59a38ad823,Guardian
b7646dbd-e75b-4bc9-882f-5d5d5ca45a79,1946,1964,e15e7b92-f376-374f-9285-2f59a38ad823,Guardian
7400c4a2-0fbb-49f9-8b5b-7a27b70ecad6,1997,2015,e15e7b92-f376-374f-9285-2f59a38ad823,Guardian
a3f8b00f-74cc-4f41-86ac-e99b4149f279,1986,2004,e15e7b92-f376-374f-9285-2f59a38ad823,Guardian
56bceee3-febb-4085-b2a8-bbb3b9f0af3f,1946,1964,e15e7b92-f376-374f-9285-2f59a38ad823,Guardian
56bceee3-febb-4085-b2a8-bbb3b9f0af3f,1965,1985,e15e7b92-f376-374f-9285-2f59a38ad823,Self
d9a6a89e-b4db-4147-9eb1-77f097c6c726,1940,1958,e15e7b92-f376-374f-9285-2f59a38ad823,Guardian
fac3b092-734f-4e56-af5d-1362bc06214f,1975,1993,e15e7b92-f376-374f-9285-2f59a38ad823,Guardian
5ff2cc42-8497-4dfe-b2e1-baa46f600fe9,1995,2013,e15e7b92-f376-374f-9285-2f59a38ad823,Guardian
c9a30323-fe58-4c87-8218-3c186c06ca94,1994,2012,e15e7b92-f376-374f-9285-2f59a38ad823,Guardian
40b4d8c3-35aa-4e37-8270-bd29d52ce37c,1946,1964,e15e7b92-f376-374f-9285-2f59a38ad823,Guardian
40b4d8c3-35aa-4e37-8270-bd29d52ce37c,1965,1966,e15e7b92-f376-374f-9285-2f59a38ad823,Self
fe443083-c95c-4c6c-83e1-cf4b6f8c3438,1978,1996,e15e7b92-f376-374f-9285-2f59a38ad823,Guardian
3aee8baa-0ac4-4d29-85c8-dc51a1f1769a,1964,1982,e15e7b92-f376-374f-9285-2f59a38ad823,Guardian
79d5a13e-2222-4dea-bf09-e78913e242d5,1989,2007,e15e7b92-f376-374f-9285-2f59a38ad823,Guardian
89874b94-4338-47fb-9dc6-2535e46684dd,1966,1984,e15e7b92-f376-374f-9285-2f59a38ad823,Guardian
ab5f20ff-68b6-40f3-a8cb-70706bb388e0,1972,1990,e15e7b92-f376-374f-9285-2f59a38ad823,Guardian
ec856eea-d28d-4e1c-9c97-372ac5c20d0b,1965,1983,e15e7b92-f376-374f-9285-2f59a38ad823,Guardian
f055ae2e-3130-4708-b448-374f24b34004,1985,2003,e15e7b92-f376-374f-9285-2f59a38ad823,Guardian
a71662cf-a735-4e09-8b99-f7831da9afea,1956,1974,e15e7b92-f376-374f-9285-2f59a38ad823,Guardian
45aaf77a-c794-4ccf-a35a-430503eabe0b,1996,2014,e15e7b92-f376-374f-9285-2f59a38ad823,Guardian
b86664eb-c168-4e4b-a0f1-9dd63bfb1017,1957,1975,e15e7b92-f376-374f-9285-2f59a38ad823,Guardian
24eee597-4fb6-4c65-8c72-c60c99782588,1946,1964,e15e7b92-f376-374f-9285-2f59a38ad823,Guardian
24eee597-4fb6-4c65-8c72-c60c99782588,1965,2018,e15e7b92-f376-374f-9285-2f59a38ad823,Self
17d063ed-7717-4f97-956c-95426bf2943e,1987,2005,e15e7b92-f376-374f-9285-2f59a38ad823,Guardian
c1ef27b9-d893-449f-b986-5fc07863d132,1964,1982,e15e7b92-f376-374f-9285-2f59a38ad823,Guardian
3b49cf08-2376-4105-aee1-e455e002bbdf,1974,1992,e15e7b92-f376-374f-9285-2f59a38ad823,Guardian
b8c9b6cb-4d25-4b7b-9932-e47735702d8a,1965,1983,e15e7b92-f376-374f-9285-2f59a38ad823,Guardian
5b9f864c-07c1-45a9-bef2-2c97c0aee845,1995,2013,e15e7b92-f376-374f-9285-2f59a38ad823,Guardian
b5eeaecf-fd0f-4fdd-8ec0-ac19a7ed7364,1977,1995,e15e7b92-f376-374f-9285-2f59a38ad823,Guardian
9ba61f34-0cbd-4246-b4a6-1d02db6363b2,1968,1986,e15e7b92-f376-374f-9285-2f59a38ad823,Guardian
b962ef08-fa68-4cd5-a7cf-fbd6af2d277a,1979,1979,b1c428d6-4f07-31e0-90f0-68ffa6ff8c76,
b962ef08-fa68-4cd5-a7cf-fbd6af2d277a,1980,1981,e15e7b92-f376-374f-9285-2f59a38ad823,
b962ef08-fa68-4cd5-a7cf-fbd6af2d277a,1982,1997,b1c428d6-4f07-31e0-90f0-68ffa6ff8c76,Guardian
b962ef08-fa68-4cd5-a7cf-fbd6af2d277a,1998,1998,e15e7b92-f376-374f-9285-2f59a38ad823,
b962ef08-fa68-4cd5-a7cf-fbd6af2d277a,1999,2004,b1c428d6-4f07-31e0-90f0-68ffa6ff8c76,Self
b962ef08-fa68-4cd5-a7cf-fbd6af2d277a,2005,2005,e15e7b92-f376-374f-9285-2f59a38ad823,
b962ef08-fa68-4cd5-a7cf-fbd6af2d277a,2006,2007,b1c428d6-4f07-31e0-90f0-68ffa6ff8c76,Self
b962ef08-fa68-4cd5-a7cf-fbd6af2d277a,2008,2008,e15e7b92-f376-374f-9285-2f59a38ad823,
b962ef08-fa68-4cd5-a7cf-fbd6af2d277a,2009,2013,b1c428d6-4f07-31e0-90f0-68ffa6ff8c76,Spouse
b962ef08-fa68-4cd5-a7cf-fbd6af2d277a,2014,2014,e15e7b92-f376-374f-9285-2f59a38ad823,
b962ef08-fa68-4cd5-a7cf-fbd6af2d277a,2015,2016,b1c428d6-4f07-31e0-90f0-68ffa6ff8c76,Spouse
b962ef08-fa68-4cd5-a7cf-fbd6af2d277a,2017,2017,e15e7b92-f376-374f-9285-2f59a38ad823,
525e45b9-a65c-44a1-b5e9-7ffd7c5ae7c5,1972,1990,e15e7b92-f376-374f-9285-2f59a38ad823,Guardian
fde686dc-4c59-4909-bd40-134a9af7fde8,1969,1987,e15e7b92-f376-374f-9285-2f59a38ad823,Guardian
11559efe-946f-47fe-9f04-aefc7e4183fb,1946,1964,e15e7b92-f376-374f-9285-2f59a38ad823,Guardian
e883f6c3-4951-4607-8f3a-13bf8f6a302e,1942,1960,e15e7b92-f376-374f-9285-2f59a38ad823,Guardian
f2eefa19-f4c4-40a9-8c09-f0cf189b4479,1958,1976,e15e7b92-f376-374f-9285-2f59a38ad823,Guardian
918febc5-ee18-4057-8668-900bb0598948,1955,1973,e15e7b92-f376-374f-9285-2f59a38ad823,Guardian
13667d9f-9566-4fbc-8d79-0ee27ec9a03f,1997,2015,e15e7b92-f376-374f-9285-2f59a38ad823,Guardian
48841961-a5e9-4c4e-a68f-ef30998c3a33,1951,1969,e15e7b92-f376-374f-9285-2f59a38ad823,Guardian
e608f466-ca15-4149-a343-99f253ca075a,1968,1986,e15e7b92-f376-374f-9285-2f59a38ad823,Guardian
919bc5fb-fe2d-4493-962f-2cfa5166464f,1955,1973,e15e7b92-f376-374f-9285-2f59a38ad823,Guardian
9bf121bf-04e9-46b9-b675-a965a78d839a,1973,1991,e15e7b92-f376-374f-9285-2f59a38ad823,Guardian
