DATE,PATIENT,ENCOUNTER,CODE,DESCRIPTION,BASE_COST,REASONCODE,REASONDESCRIPTION
2004-09-21,9fc07abe-0845-4c4d-a67a-e8e9588d532f,666556e3-99c5-4b2b-9889-47b15791399b,40701008,Echocardiography (procedure),1746.11,22298006,Myocardial Infarction
2004-09-21,9fc07abe-0845-4c4d-a67a-e8e9588d532f,666556e3-99c5-4b2b-9889-47b15791399b,415070008,Percutaneous coronary intervention,35219.44,22298006,Myocardial Infarction
2004-09-21,9fc07abe-0845-4c4d-a67a-e8e9588d532f,666556e3-99c5-4b2b-9889-47b15791399b,232717009,Coronary artery bypass grafting,60466.06,22298006,Myocardial Infarction
2011-02-15,bc99a775-eafb-4d06-a8c3-f407ad1ed683,bbd13229-592e-4e4c-ac84-d0d3b7658b09,180325003,Electrical cardioversion,43537.72,49436004,Atrial Fibrillation
2012-02-21,bc99a775-eafb-4d06-a8c3-f407ad1ed683,a6fe4bd9-01d8-4054-8b3f-e0693a621228,180325003,Electrical cardioversion,32583.68,49436004,Atrial Fibrillation
2013-02-26,bc99a775-eafb-4d06-a8c3-f407ad1ed683,acb52d9e-0450-4070-b230-843038a75795,180325003,Electrical cardioversion,20450.21,49436004,Atrial Fibrillation
2014-03-04,bc99a775-eafb-4d06-a8c3-f407ad1ed683,f760a013-b58f-49c6-b1e6-98693b687796,180325003,Electrical cardioversion,24927.37,49436004,Atrial Fibrillation
2015-03-10,bc99a775-eafb-4d06-a8c3-f407ad1ed683,eeb5c657-4b2a-4426-82b8-c1ea867d27ff,18286008,Catheter ablation of tissue of heart,12925.58,49436004,Atrial Fibrillation
2016-03-15,bc99a775-eafb-4d06-a8c3-f407ad1ed683,b51ab550-3e7d-4dad-828f-588756d0a4ab,180325003,Electrical cardioversion,35959.64,49436004,Atrial Fibrillation
2017-03-21,bc99a775-eafb-4d06-a8c3-f407ad1ed683,e1b395b4-a1e3-4947-94fb-a90c475968d6,180325003,Electrical cardioversion,22253.27,49436004,Atrial Fibrillation
2018-03-27,bc99a775-eafb-4d06-a8c3-f407ad1ed683,26e35b11-0346-48ff-9a9e-642d3da1b50a,180325003,Electrical cardioversion,20289.80,49436004,Atrial Fibrillation
2019-04-02,bc99a775-eafb-4d06-a8c3-f407ad1ed683,db8ff401-44d1-435a-908d-73487de2983d,18286008,Catheter ablation of tissue of heart,12511.05,49436004,Atrial Fibrillation
1972-12-07,724acb60-d9d4-4c71-909e-db6f0d02a5fd,5c70607c-97aa-4a0e-a1ba-30c83ebc365d,112790001,Nasal sinus endoscopy (procedure),5363.60,,
1982-04-18,724acb60-d9d4-4c71-909e-db6f0d02a5fd,3a3dfeff-4776-4c60-ba77-95de4d16c6a8,40701008,Echocardiography (procedure),918.48,410429000,Cardiac Arrest
1982-04-18,724acb60-d9d4-4c71-909e-db6f0d02a5fd,3a3dfeff-4776-4c60-ba77-95de4d16c6a8,447365002,Insertion of biventricular implantable cardioverter defibrillator,30554.67,410429000,Cardiac Arrest
1982-04-18,724acb60-d9d4-4c71-909e-db6f0d02a5fd,3a3dfeff-4776-4c60-ba77-95de4d16c6a8,18286008,Catheter ablation of tissue of heart,13074.26,410429000,Cardiac Arrest
2007-07-29,11a9f97c-1d96-4d9d-b5ec-80b32b717f1a,d5bb0eb8-1d0c-4a74-8b94-4401c6f42e00,40701008,Echocardiography (procedure),1150.71,22298006,Myocardial Infarction
2007-07-29,11a9f97c-1d96-4d9d-b5ec-80b32b717f1a,d5bb0eb8-1d0c-4a74-8b94-4401c6f42e00,415070008,Percutaneous coronary intervention,23922.86,22298006,Myocardial Infarction
2007-07-29,11a9f97c-1d96-4d9d-b5ec-80b32b717f1a,d5bb0eb8-1d0c-4a74-8b94-4401c6f42e00,232717009,Coronary artery bypass grafting,49067.30,22298006,Myocardial Infarction
2012-05-21,41f8001c-7c56-4edd-9f0a-f62873a95849,e515d969-8f3c-4a83-ae1b-b3572caa1b57,112790001,Nasal sinus endoscopy (procedure),5037.28,,
2016-12-20,2d5caada-637c-4524-9eaa-806fc6b87b1f,8d118620-2405-4d55-a7ef-110385046f4b,40701008,Echocardiography (procedure),1059.29,230690007,Stroke
2016-12-20,2d5caada-637c-4524-9eaa-806fc6b87b1f,8d118620-2405-4d55-a7ef-110385046f4b,433112001,Percutaneous mechanical thrombectomy of portal vein using fluoroscopic guidance,21440.10,230690007,Stroke
2010-09-21,965c9391-b379-4326-8fb0-3565391e3018,ea7b9d16-62ae-40f9-a3de-83aa6c84df2d,112790001,Nasal sinus endoscopy (procedure),3556.65,,
1985-10-27,56bceee3-febb-4085-b2a8-bbb3b9f0af3f,3b6d274d-a501-43ff-9437-595a546c9812,40701008,Echocardiography (procedure),909.03,230690007,Stroke
1985-10-27,56bceee3-febb-4085-b2a8-bbb3b9f0af3f,3b6d274d-a501-43ff-9437-595a546c9812,433112001,Percutaneous mechanical thrombectomy of portal vein using fluoroscopic guidance,27669.93,230690007,Stroke
1966-10-16,40b4d8c3-35aa-4e37-8270-bd29d52ce37c,56fdf7dd-0428-429c-8885-4076411e7188,40701008,Echocardiography (procedure),945.43,230690007,Stroke
1966-10-16,40b4d8c3-35aa-4e37-8270-bd29d52ce37c,56fdf7dd-0428-429c-8885-4076411e7188,433112001,Percutaneous mechanical thrombectomy of portal vein using fluoroscopic guidance,12486.26,230690007,Stroke
2009-08-02,24eee597-4fb6-4c65-8c72-c60c99782588,c9465165-e189-406c-b1e0-02bebf88afc9,40701008,Echocardiography (procedure),1450.89,22298006,Myocardial Infarction
2009-08-02,24eee597-4fb6-4c65-8c72-c60c99782588,c9465165-e189-406c-b1e0-02bebf88afc9,415070008,Percutaneous coronary intervention,26366.34,22298006,Myocardial Infarction
2009-08-02,24eee597-4fb6-4c65-8c72-c60c99782588,c9465165-e189-406c-b1e0-02bebf88afc9,232717009,Coronary artery bypass grafting,56013.95,22298006,Myocardial Infarction
2014-08-24,24eee597-4fb6-4c65-8c72-c60c99782588,efb91453-bd5a-48e5-a885-e4d0c8302368,40701008,Echocardiography (procedure),1488.02,22298006,Myocardial Infarction
2014-08-24,24eee597-4fb6-4c65-8c72-c60c99782588,efb91453-bd5a-48e5-a885-e4d0c8302368,415070008,Percutaneous coronary intervention,20805.25,22298006,Myocardial Infarction
2014-08-24,24eee597-4fb6-4c65-8c72-c60c99782588,efb91453-bd5a-48e5-a885-e4d0c8302368,232717009,Coronary artery bypass grafting,56076.31,22298006,Myocardial Infarction
2018-12-16,24eee597-4fb6-4c65-8c72-c60c99782588,54edc160-7e00-4f14-9bf0-4f4417e5493b,40701008,Echocardiography (procedure),1239.86,22298006,Myocardial Infarction
2018-12-16,24eee597-4fb6-4c65-8c72-c60c99782588,54edc160-7e00-4f14-9bf0-4f4417e5493b,415070008,Percutaneous coronary intervention,21401.80,22298006,Myocardial Infarction
2018-12-16,24eee597-4fb6-4c65-8c72-c60c99782588,54edc160-7e00-4f14-9bf0-4f4417e5493b,232717009,Coronary artery bypass grafting,66804.48,22298006,Myocardial Infarction
2010-11-14,11559efe-946f-47fe-9f04-aefc7e4183fb,fda3f8d5-561e-4203-b0be-fa4c28d4a47d,180325003,Electrical cardioversion,41343.39,49436004,Atrial Fibrillation
2011-11-20,11559efe-946f-47fe-9f04-aefc7e4183fb,67600ccb-ca17-4cfa-b8d3-599b6ab7a62e,180325003,Electrical cardioversion,25039.14,49436004,Atrial Fibrillation
2012-11-25,11559efe-946f-47fe-9f04-aefc7e4183fb,e3f8f095-7dce-4459-8417-0ac6c76f5485,18286008,Catheter ablation of tissue of heart,13303.87,49436004,Atrial Fibrillation
2013-12-01,11559efe-946f-47fe-9f04-aefc7e4183fb,f4695b8d-713f-4a57-8da8-ae27ab8441d2,180325003,Electrical cardioversion,46266.25,49436004,Atrial Fibrillation
2014-12-07,11559efe-946f-47fe-9f04-aefc7e4183fb,d390ab48-e558-4bbd-8e58-2bb6d9d75c58,180325003,Electrical cardioversion,26199.03,49436004,Atrial Fibrillation
2015-12-13,11559efe-946f-47fe-9f04-aefc7e4183fb,8d2b3bcc-18c4-4c03-a4dc-602c303a38e7,18286008,Catheter ablation of tissue of heart,11248.92,49436004,Atrial Fibrillation
2016-12-18,11559efe-946f-47fe-9f04-aefc7e4183fb,23ce129f-69b6-4ecc-abc8-09e212a20376,180325003,Electrical cardioversion,27460.50,49436004,Atrial Fibrillation
2017-12-24,11559efe-946f-47fe-9f04-aefc7e4183fb,e3dc5cf9-3798-4ae7-8f9a-aa4b339b3222,18286008,Catheter ablation of tissue of heart,8311.55,49436004,Atrial Fibrillation
2018-12-30,11559efe-946f-47fe-9f04-aefc7e4183fb,bd6d626c-9236-4b79-9716-5908e887dd7a,180325003,Electrical cardioversion,25634.44,49436004,Atrial Fibrillation
2020-01-05,11559efe-946f-47fe-9f04-aefc7e4183fb,34cfa5ee-641f-4e24-970f-7b46ba603e5f,180325003,Electrical cardioversion,43222.83,49436004,Atrial Fibrillation
2019-06-30,e883f6c3-4951-4607-8f3a-13bf8f6a302e,124a9a33-4472-47c1-87e5-426126662686,18286008,Catheter ablation of tissue of heart,9214.08,49436004,Atrial Fibrillation
2019-12-18,918febc5-ee18-4057-8668-900bb0598948,99a03c0a-8a6b-450a-91f3-9ca9ebad7fdd,40701008,Echocardiography (procedure),1411.87,230690007,Stroke
2019-12-18,918febc5-ee18-4057-8668-900bb0598948,99a03c0a-8a6b-450a-91f3-9ca9ebad7fdd,433112001,Percutaneous mechanical thrombectomy of portal vein using fluoroscopic guidance,31106.50,230690007,Stroke
