Id,ORGANIZATION,NAME,GENDER,SPECIALITY,ADDRESS,CITY,STATE,ZIP,LAT,LON,UTILIZATION
fc751873-2193-3ecc-9c4c-5b7e52e1d709,6e3a689b-5f4c-3946-be10-180a8ba7c680,Dunja Jätinvuori,F,GENERAL PRACTICE,Nordenskiöldinkatu 20,Helsinki,18,00250,60.19244,24.92811,82
6cc4dad6-b535-3f09-ad89-b1c3e8f7df91,319baef9-e8e6-3320-9e0b-7991d9c167b8,Egil Sergejeff,M,GENERAL PRACTICE,Haartmaninkatu 4,Helsinki,18,00290,60.189159,24.909081,6
8fbf4cf9-6baf-312d-9b2c-204d9aeca5c1,ebd887cc-0106-32c0-9700-8c4fe3455cc8,Julianna Matalalampi,F,GENERAL PRACTICE,Stenbäckinkatu 9,Helsinki,18,00290,60.18715,24.91061,1
623f970d-fde1-36a9-a009-3b926f4982f1,ecfc6f5c-d314-339d-a46c-e26b3f10e6e9,Katrine Frant,F,GENERAL PRACTICE,Välskärinkatu 12,Helsinki,18,00260,60.17998,24.91999,6
49c83cc5-6239-332d-be57-48a995255745,d8f91bff-b1eb-3e4d-8936-10924c36977a,Eelis Wallace,M,GENERAL PRACTICE,Meilahdentie 2,Helsinki,18,00250,60.19263,24.89436,52
8150c010-417a-3372-b6e4-05a5f6abe46a,410e8cf7-76a3-307f-b421-5fa7760177f1,Görel Kastarinen,F,GENERAL PRACTICE,Kasarmikatu 11-13,Helsinki,18,00130,60.16102,24.94834,63
a525e89a-36fc-32e8-a769-bf8d94ba6c2b,d0cc41cb-59f2-3552-a63c-b2534971b510,Tellu Abbas,F,GENERAL PRACTICE,Haartmaninkatu 2,Helsinki,18,00290,60.18876,24.90976,17
2686600e-0943-3806-92ed-61587f3b942e,39010280-b8e5-3b1a-b835-bafbeea21968,Fride Leppäkangas,M,GENERAL PRACTICE,Turuntie 150,Espoo,18,02740,60.22589,24.77581,37
c15fef71-ee4d-32a3-aef0-98f0ee714144,7b74aa83-5335-38dd-a213-d6df36c7f627,Karmen Tiisala,F,GENERAL PRACTICE,Karvasmäentie 6,Espoo,18,02740,60.22011,24.6848,105
fdb26291-ae69-30ab-9ec1-0b6c3367c254,af916982-f5f8-341b-b159-69e72695294c,Evertti Blässar,M,GENERAL PRACTICE,Sairaalakatu 1,Vantaa,18,01400,60.3299,25.0608,118
ec80146b-2124-3b95-8575-5e7b221644c7,b9b4f8d8-b4a7-3164-a21f-c57b0c40c3ff,Senita Koulu,F,GENERAL PRACTICE,Sairaalankatu 1,Hyvinkää,18,05830,60.612,24.82486,13
ed0b57bb-6569-3cbc-8139-78ef2bdc71a9,294d60d6-0e2b-396b-a8bf-77998642f6b7,Vi Eld,M,GENERAL PRACTICE,Ohkolantie 10,Kellokoski,18,04500,60.53054,25.10548,22
42e1f0d1-1c01-367e-a1a2-46b6881b428a,8af774ed-7635-320a-ad8c-a63aa309a858,Miika-Petteri Rusula,M,GENERAL PRACTICE,Sairaalatie 8,Lohja,18,08200,60.2247,24.01885,15
481dabd0-efa6-390a-81e1-697346006001,d8b3cbb1-88db-3fc1-bb2b-6a9c0037e6e5,Jani-Kristian Aulén,M,GENERAL PRACTICE,Sairaalantie 1,Porvoo,18,06200,60.37911,25.69576,25
194e3ae3-ddac-3b53-87a3-033b8593cb99,738aef7e-a279-3f65-9dba-fead16b27400,Dunja Jätinvuori,F,GENERAL PRACTICE,Turuntie 150,Espoo,18,02740,60.22589,24.77581,1142
6810a8be-5e02-36da-b741-bb9dc400ccbd,9a3e6919-4ed0-32fe-a1e2-7184b06c415f,Sanna-Elina Koivumetsä,F,GENERAL PRACTICE,Karvasmäentie 6,Espoo,18,02740,60.22011,24.6848,635
c992129b-ab49-3841-a691-e7145d6b7886,a70486b2-c33a-37b3-a4cf-b3dc06cb9d84,Kaj-Gustav Kortesoja,M,GENERAL PRACTICE,Sairaalakatu 1,Vantaa,18,01400,60.3299,25.0608,1283
46f7f4f6-5b36-3931-91c1-f1b94551ad0a,bf25636d-50a4-3cf2-b937-0e59fd37503f,Egil Sergejeff,M,GENERAL PRACTICE,Sairaalankatu 1,Hyvinkää,18,05830,60.612,24.82486,93
d84ccc6f-47a4-3698-8634-5662a3782bef,4eddd774-a01b-3a0b-b4c6-736a5581aba4,Tina Lemola,F,GENERAL PRACTICE,Ohkolantie 10,Kellokoski,18,04500,60.53054,25.10548,236
9393b040-ab87-3561-95ac-69e32affcec7,942171f0-df04-34cc-9c85-1a11b2f08717,Sirje Arimo,F,GENERAL PRACTICE,Sairaalatie 8,Lohja,18,08200,60.2247,24.01885,178
e7d42578-f3ad-3e5b-b70d-41df8b24953a,216a84b2-6287-356d-9bcf-655abf00debb,Abdulqadir Konttajärvi,M,GENERAL PRACTICE,Sairaalantie 1,Porvoo,18,06200,60.37911,25.69576,195
ca06e222-54f9-37db-8611-a4cbe4fc8b09,319baef9-e8e6-3320-9e0b-7991d9c167b8,Dunja Jätinvuori,F,GENERAL PRACTICE,Haartmaninkatu 4,Helsinki,18,00290,60.189159,24.909081,3
3ebcb7d9-0b8c-32fc-a62f-ade985e6c883,39010280-b8e5-3b1a-b835-bafbeea21968,Kaj-Gustav Kortesoja,M,GENERAL PRACTICE,Turuntie 150,Espoo,18,02740,60.22589,24.77581,1
fc8998c3-db81-3cc1-b693-daa1de510025,7b74aa83-5335-38dd-a213-d6df36c7f627,Egil Sergejeff,M,GENERAL PRACTICE,Karvasmäentie 6,Espoo,18,02740,60.22011,24.6848,3
73152ab6-be38-33a1-bb43-96a4ac6b6978,af916982-f5f8-341b-b159-69e72695294c,Tina Lemola,F,GENERAL PRACTICE,Sairaalakatu 1,Vantaa,18,01400,60.3299,25.0608,2
2df27a8f-02da-3ac0-bb36-d3157a5a0222,8af774ed-7635-320a-ad8c-a63aa309a858,Abdulqadir Konttajärvi,M,GENERAL PRACTICE,Sairaalatie 8,Lohja,18,08200,60.2247,24.01885,1
