location_id,address_1,address_2,city,state,zip,county,location_source_value
2583,903 Rasalahti Katu,,Espoo,Uusimaa,02620,Espoo,dda18c89-5e2c-49a7-acc4-5256ee7929eb
2584,641 Metsänperä Katu,,Espoo,Uusimaa,02780,Espoo,d75492f8-b506-498d-b21c-b80227d53f37
2585,448 Lundman Katu,,Espoo,Uusimaa,02110,Espoo,fd8abfc7-063b-4821-9f59-b18d7df317b5
2586,803 Kotajärvi Katu Suite 14,,Hyvinkää,Uusimaa,05860,Hyvinkää,3bdbb9c2-5828-4b63-b9d9-0d7c0dfdaa8e
2587,734 Simpanen Katu,,Helsinki,Uusimaa,00780,Helsinki,64e030cb-93e5-49fc-8ed6-6aa188fc36bc
2588,269 Löppönen Katu Suite 69,,Lohja,Uusimaa,08100,Lohja,6636738a-9bc4-43e2-bf76-b282f0c44387
2589,692 Lillman Katu Suite 41,,Helsinki,Uusimaa,00570,Helsinki,fc4262b7-a998-4d7f-817d-8569bcda7c2b
2590,989 Joro Katu,,Kirkkonummi,Uusimaa,02450,Kirkkonummi,0b1aa89e-d838-4870-8811-1ea4ceb09908
2591,1083 Kyntäjä Katu,,Vantaa,Uusimaa,01230,Vantaa,1c8098ee-33eb-4c96-9dd2-8aee5fbb6dca
2592,910 Ambrusin Katu Suite 67,,Vantaa,Uusimaa,01380,Vantaa,84ee9240-b9f9-4a1c-8bfb-9c71167897f1
2593,279 Halkonen Katu,,Vantaa,Uusimaa,01230,Vantaa,bd21b471-dea6-4ed4-a70f-0975d58e4fbd
2594,572 Soikko Katu,,Helsinki,Uusimaa,00750,Helsinki,d3e7a321-bce0-46a3-9b11-a96c6fa61238
2595,163 Rokosa Katu Suite 40,,Helsinki,Uusimaa,00920,Helsinki,f9804377-079b-4810-a9ca-1b5827ba7afb
2596,837 Ajalin Katu,,Raasepori,Uusimaa,10320,Raasepori,02e4462b-5fa1-44c0-ba32-1dd468b56387
2597,558 Rajaranta Katu Suite 6,,Espoo,Uusimaa,02140,Espoo,2976b6ea-e22d-4798-9d91-90ff3fafb400
2598,331 Peltoranta Katu Apt 37,,Helsinki,Uusimaa,00930,Helsinki,e2dec5c0-bf78-49dd-81e7-c28715f42408
2599,405 Tiljander Katu,,Porvoo,Uusimaa,06750,Porvoo,74f8c914-7e94-4753-8bf0-b849d6fa2e0d
2600,853 Esterinen Katu,,Vantaa,Uusimaa,01650,Vantaa,829f5ac1-3a72-4f07-971a-d7d976d89991
2601,620 Strömman Katu Unit 4,,Vantaa,Uusimaa,01690,Vantaa,76518dbc-e273-488d-88e1-2254973b9f5b
2602,949 Mäyränpää Katu,,Järvenpää,Uusimaa,04440,Järvenpää,d20e87ca-4b1d-411b-beb9-1fb3f4ef715f
2603,1046 Puljula Katu,,Vantaa,Uusimaa,01370,Vantaa,2d72d31b-f288-4677-9787-d35072f06e73
2604,263 Ulma Katu,,Helsinki,Uusimaa,00850,Helsinki,2f1119b6-050d-4bf1-8335-f6267074cbca
2605,572 Brändström Katu Suite 34,,Helsinki,Uusimaa,00970,Helsinki,32870241-ca0a-4fcf-ae5a-f12acf5c8f71
2606,1076 Hirviniemi Katu Unit 34,,Lohja,Uusimaa,09810,Lohja,d0c50937-3605-4988-96c6-96b7fcffb91f
2607,887 Arstila Katu Suite 19,,Helsinki,Uusimaa,00740,Helsinki,d957d6bb-5fbf-435a-86de-99907f72f20c
2608,744 Mangs Katu Unit 68,,Vihti,Uusimaa,03250,Vihti,b4581a1c-ab3b-4f61-be2b-41a49f15e268
2609,1054 Kettula-Pihlaja Katu Suite 10,,Helsinki,Uusimaa,00560,Helsinki,1fd3e96f-096d-454c-97cb-adec2f154e4e
2610,627 Rajakorpi Katu Apt 46,,Helsinki,Uusimaa,00560,Helsinki,f3102268-9773-4813-bf19-74365921690f
2611,216 Kaunela Katu Apt 68,,Raasepori,Uusimaa,10350,Raasepori,494c57a9-ff76-472f-9f33-3e3ee420492a
2612,720 Irmola Katu,,Helsinki,Uusimaa,00330,Helsinki,4e2c527e-4eac-458e-8ff3-f93bf9b81538
2613,837 Reivilä Katu,,Helsinki,Uusimaa,00640,Helsinki,51aa61ee-46ae-481d-90cc-c3935faa8311
2614,653 Rantakaulio Katu Unit 96,,Helsinki,Uusimaa,00630,Helsinki,f0003f7b-5972-4abf-9da8-769c6593995e
2615,206 Pauniranta Katu,,Helsinki,Uusimaa,00760,Helsinki,4c4a0069-4884-4d6b-ab1a-4b8ea5e8760d
2616,351 Tocklin Katu Unit 95,,Helsinki,Uusimaa,00720,Helsinki,450df372-1b88-4f78-8d9a-088eb86b5ee2
2617,277 Katvala Katu,,Helsinki,Uusimaa,00790,Helsinki,8999ed53-b39e-4c93-bf68-67987f0c74f1
2618,707 Mäki-Rahkola Katu Unit 23,,Helsinki,Uusimaa,00910,Helsinki,b8bdc6b6-deeb-4c7d-ba0d-14edab751c76
2619,139 Sederström Katu Suite 4,,Helsinki,Uusimaa,00760,Helsinki,b9597ec0-7565-4888-b19d-774002d82079
2620,144 Latvateikari Katu,,Vihti,Uusimaa,03220,Vihti,91f2ad5f-9938-463c-9d30-27e83d70bce3
2621,644 Lassinen Katu,,Vantaa,Uusimaa,01380,Vantaa,db746a17-22f5-408f-bafb-f2135fd079eb
2622,308 Hauhio Katu Apt 90,,Helsinki,Uusimaa,00150,Helsinki,34f36fdf-b8e6-4bd3-96f6-3ce97d1a3d95
2623,586 Klimscheffskij Katu Suite 12,,Helsinki,Uusimaa,00120,Helsinki,374a9795-d436-45d7-b06b-3d90bba08d56
2624,374 Lukander Katu Suite 86,,Vantaa,Uusimaa,01370,Vantaa,fdb1f827-5826-4b0c-a875-bc168b11191e
2625,421 Laatta Katu Apt 40,,Espoo,Uusimaa,02110,Espoo,48f0c0b3-aaa2-43de-b231-6fe2be4f1436
2626,228 Kaalikoski Katu Apt 34,,Karkkila,Uusimaa,03600,Karkkila,b14e9fed-8d33-4e0a-9e84-be9764518891
2627,655 Reku Katu,,Kerava,Uusimaa,04260,Kerava,dbb53096-a77c-48a6-b284-58035408ee22
2628,544 Ikonen Katu,,Helsinki,Uusimaa,00420,Helsinki,1ed2cffb-d87a-46bc-b664-af2a035e54e0
2629,388 Larvala Katu,,Nurmijärvi,Uusimaa,01830,Nurmijärvi,d49c30c9-499a-4c41-a04e-74e1de151387
2630,107 Tetri Katu,,Vihti,Uusimaa,03250,Vihti,74861939-0161-46c3-80c9-b3858864309b
2631,377 Ylikitti Katu Suite 62,,Helsinki,Uusimaa,00850,Helsinki,cf861fad-8b10-4ac8-b809-ab8607a2f4e7
2632,492 Taavitsainen Katu Suite 44,,Espoo,Uusimaa,02620,Espoo,87d02492-c6a4-4c77-8a0c-4fcd0ce7e898
2633,707 Myrskylä Katu Suite 37,,Helsinki,Uusimaa,00640,Helsinki,68ed663c-1208-46eb-88ee-0eed9e49792b
2634,415 Lapakko Katu Apt 76,,Helsinki,Uusimaa,00590,Helsinki,ed55682c-5042-4704-8aa3-71ab71365d0f
2635,198 Kemppanen Katu Apt 18,,Vantaa,Uusimaa,01720,Vantaa,0c789bef-2e5b-4e96-998d-2aa60c45b8ba
2636,600 Willgrén Katu Unit 92,,Espoo,Uusimaa,02330,Espoo,9b7adfbe-fc69-4875-8c50-cb4fd9621347
2637,725 Pankinaho Katu,,Helsinki,Uusimaa,00220,Helsinki,905dcf65-4347-4f27-9626-6801a8d56a40
2638,543 Majonen Katu Unit 11,,Järvenpää,Uusimaa,04410,Järvenpää,b4a58c47-9b86-4cc4-9b02-a0703b56693c
2639,128 Tikander Katu,,Helsinki,Uusimaa,00250,Helsinki,30060e2f-18cf-498b-8138-326c6d50ec00
2640,874 Stig Katu Apt 83,,Espoo,Uusimaa,02320,Espoo,cce2c1e2-dfd5-449b-a7db-1c8db5f45f7a
2641,649 Saukola Katu,,Helsinki,Uusimaa,00850,Helsinki,de69c568-a8ec-45ce-ae5d-0cf15a6a0fd8
2642,885 Mäkiselkä Katu Unit 60,,Raasepori,Uusimaa,10650,Raasepori,77472276-d5b3-4c05-bfa5-517899c755ff
2643,568 Lötjönen Katu,,Helsinki,Uusimaa,00960,Helsinki,8f7a1660-5243-4af9-835d-86695b607127
2644,1070 Metsä-Tokila Katu Apt 54,,Espoo,Uusimaa,02140,Espoo,b94a1797-3123-43be-9168-e9f96bbe436b
2645,475 Matintalo Katu,,Tuusula,Uusimaa,04500,Tuusula,8f43285a-4c83-4c2c-8714-dbb566109c1a
2646,756 Ruutu Katu Suite 71,,Helsinki,Uusimaa,00420,Helsinki,f3e40e82-3566-40e2-b1d2-de82b7ca9b34
2647,817 Hattinen Katu,,Vantaa,Uusimaa,01640,Vantaa,c6d5131f-9b57-4337-b519-71e035025cbc
2648,688 Kaiharju Katu,,Helsinki,Uusimaa,00940,Helsinki,51fd6d3b-20f1-4684-9fcb-988ce0031f38
2649,363 Jussinniemi Katu Unit 14,,Helsinki,Uusimaa,00530,Helsinki,b2494f3f-9962-4547-8240-63be51bc9c7f
2650,827 Katajalehto Katu Unit 63,,Helsinki,Uusimaa,00420,Helsinki,ff611b7e-0e6e-4ad7-8ff3-0d40ebd0c1ce
2651,838 Lerstrand Katu,,Vihti,Uusimaa,03100,Vihti,9681eaa7-cba9-4c0c-8eff-b86ce0103a4e
2652,573 Osara Katu,,Tuusula,Uusimaa,05430,Tuusula,e71d12a8-4268-439f-967d-61e0855dd220
2653,212 Sirenius Katu,,Helsinki,Uusimaa,00150,Helsinki,5cfd9a19-8f1e-4bff-8309-536df65f3a78
2654,347 Kraus Katu,,Karkkila,Uusimaa,03710,Karkkila,33888f74-8a31-4efd-a82c-1a154f7f3fd4
2655,954 Leonsaari Katu,,Espoo,Uusimaa,02360,Espoo,d8fde475-f20f-48fc-86cc-4eed774dbf00
2656,918 Asikainen Katu Unit 16,,Vantaa,Uusimaa,01380,Vantaa,e34f1c61-735a-477e-8bc5-1adf30763da2
2657,963 Lartama Katu,,Helsinki,Uusimaa,00930,Helsinki,206de430-1b49-4d1f-95cf-b4cd1787b40d
2658,273 Niittylahti Katu Unit 41,,Nurmijärvi,Uusimaa,01860,Nurmijärvi,3d2d87cb-47d9-4a1a-88ac-b9008e559d3b
2659,175 Kariluoto Katu,,Vantaa,Uusimaa,01710,Vantaa,1527c7ba-c52d-40b9-8e43-8b1ac6a7325a
2660,506 Salakoski Katu,,Espoo,Uusimaa,02740,Espoo,cd0575d2-ad82-4e16-a04d-f1056e0a4328
2661,545 Rehnstrand Katu,,Vantaa,Uusimaa,01450,Vantaa,d121cac3-1455-41e6-b01e-7f74fa95e664
2662,395 Kaihoniemi Katu,,Espoo,Uusimaa,02330,Espoo,69af77ab-f5f6-4667-86e8-c982155d8cd4
2663,220 Aljasalo Katu Suite 41,,Helsinki,Uusimaa,00520,Helsinki,d35539cb-5338-4095-9ffc-5d823885310e
2664,156 Remesaho Katu,,Vantaa,Uusimaa,01630,Vantaa,16297494-20ee-42ab-b2ac-b744966dcf2b
2665,288 Sokolova Katu,,Raasepori,Uusimaa,10650,Raasepori,94b42730-e5aa-4c8a-abf7-7013f4f633a9
2666,452 Karva Katu Suite 30,,Espoo,Uusimaa,02160,Espoo,7b83b0e0-528c-44d0-a1d5-6fc1dfe63968
2667,941 Vasikkaniemi Katu,,Helsinki,Uusimaa,00330,Helsinki,82611d97-bdd1-4b8a-9bca-581db7361b93
2668,309 Paaso-Rantala Katu Unit 95,,Tuusula,Uusimaa,04320,Tuusula,ccafb101-dd83-45e1-981c-f557afa87c91
2669,347 Palmu Katu,,Kerava,Uusimaa,04230,Kerava,fc91ffcf-2ddd-45d8-8d05-182f35fdd879
2670,1082 Kaarninen Katu Suite 60,,Helsinki,Uusimaa,00750,Helsinki,ce86f14b-2f64-414e-a007-5902671b5469
2671,761 Rauhakylä Katu,,Kirkkonummi,Uusimaa,02420,Kirkkonummi,67401f63-40a4-40ce-b18c-731439cd1ed7
2672,1072 Bhuiyan Katu,,Vantaa,Uusimaa,01390,Vantaa,5ad31f31-93bb-4970-aeda-88cb88ada669
2673,708 Drufva Katu Apt 36,,Helsinki,Uusimaa,00420,Helsinki,d614b709-fef6-4b6d-821a-8c6c98f0fd99
2674,408 Honkoliini Katu Suite 34,,Tuusula,Uusimaa,04320,Tuusula,acbf0ed1-9b79-472b-9a58-e1c71dfe84f5
2675,125 Saarelainen Katu Suite 69,,Järvenpää,Uusimaa,04420,Järvenpää,d71294de-c400-4c02-be1b-c0c59aadd07b
2676,428 Laitiainen Katu,,Järvenpää,Uusimaa,04420,Järvenpää,fc59a1a2-eee7-4b18-96a0-5c633a1d10c0
2677,611 Ojanto Katu Apt 27,,Pornainen,Uusimaa,07190,Pornainen,0125837d-bafb-4065-86cb-99faa13a1432
2678,499 Lahnalammi Katu Suite 31,,Helsinki,Uusimaa,00210,Helsinki,2a3d44e9-eef6-4b2d-ac34-94f2bda6369d
2679,1073 Linkinen Katu,,Helsinki,Uusimaa,00190,Helsinki,150c57e2-e753-46c3-92a4-b235552aa5c6
2680,470 Vanhapiha Katu,,Helsinki,Uusimaa,00520,Helsinki,69bd47e4-b444-4880-8ee4-cb41aac1c35e
2681,111 Puha Katu Apt 1,,Hanko,Uusimaa,10960,Hanko,d29a5c6b-c981-4792-90e6-9019fba57b59
2682,208 Törnroos Katu Suite 79,,Vantaa,Uusimaa,01260,Vantaa,2d53f482-af93-425c-89de-140ee59cba28
2683,531 Meritähti Katu Apt 24,,Vantaa,Uusimaa,01200,Vantaa,01039ef0-f805-4bca-99c6-d30702e39909
2684,657 Kavalto Katu,,Hyvinkää,Uusimaa,05840,Hyvinkää,4533a6bc-666c-4e92-af6d-2e2b3f4c23dc
