person_id,gender_concept_id,year_of_birth,month_of_birth,day_of_birth,birth_datetime,race_concept_id,ethnicity_concept_id,location_id,provider_id,care_site_id,person_source_value,gender_source_value,gender_source_concept_id,race_source_value,race_source_concept_id,ethnicity_source_value,ethnicity_source_concept_id
2583,8532,2016,10,27,,8527,0,2583,,,dda18c89-5e2c-49a7-acc4-5256ee7929eb,F,0,white,0,nonhispanic,0
2584,8532,2015,2,8,,8527,0,2584,,,d75492f8-b506-498d-b21c-b80227d53f37,F,0,white,0,nonhispanic,0
2585,8507,2008,8,4,,8527,0,2585,,,fd8abfc7-063b-4821-9f59-b18d7df317b5,M,0,white,0,nonhispanic,0
2586,8507,2004,12,6,,8527,0,2586,,,3bdbb9c2-5828-4b63-b9d9-0d7c0dfdaa8e,M,0,white,0,nonhispanic,0
2587,8532,1995,4,9,,8527,0,2587,,,64e030cb-93e5-49fc-8ed6-6aa188fc36bc,F,0,white,0,nonhispanic,0
2588,8532,1978,2,17,,8527,0,2588,,,6636738a-9bc4-43e2-bf76-b282f0c44387,F,0,white,0,nonhispanic,0
2589,8507,1990,12,7,,8527,0,2589,,,fc4262b7-a998-4d7f-817d-8569bcda7c2b,M,0,white,0,nonhispanic,0
2590,8507,2007,9,18,,8527,0,2590,,,0b1aa89e-d838-4870-8811-1ea4ceb09908,M,0,white,0,nonhispanic,0
2591,8532,1961,1,6,,8527,0,2591,,,1c8098ee-33eb-4c96-9dd2-8aee5fbb6dca,F,0,white,0,nonhispanic,0
2592,8532,1955,4,20,,8527,0,2592,,,84ee9240-b9f9-4a1c-8bfb-9c71167897f1,F,0,white,0,nonhispanic,0
2593,8507,1965,6,28,,8527,0,2593,,,bd21b471-dea6-4ed4-a70f-0975d58e4fbd,M,0,white,0,nonhispanic,0
2594,8532,1944,12,23,,8527,0,2594,,,d3e7a321-bce0-46a3-9b11-a96c6fa61238,F,0,white,0,nonhispanic,0
2595,8532,1942,3,24,,8527,0,2595,,,f9804377-079b-4810-a9ca-1b5827ba7afb,F,0,white,0,nonhispanic,0
2596,8532,1946,12,14,,8527,0,2596,,,02e4462b-5fa1-44c0-ba32-1dd468b56387,F,0,white,0,nonhispanic,0
2597,8532,1978,11,26,,8527,0,2597,,,2976b6ea-e22d-4798-9d91-90ff3fafb400,F,0,white,0,nonhispanic,0
2598,8532,1984,5,7,,8527,0,2598,,,e2dec5c0-bf78-49dd-81e7-c28715f42408,F,0,white,0,nonhispanic,0
2599,8532,1982,10,26,,8527,0,2599,,,74f8c914-7e94-4753-8bf0-b849d6fa2e0d,F,0,white,0,nonhispanic,0
2600,8532,1979,5,17,,8527,0,2600,,,829f5ac1-3a72-4f07-971a-d7d976d89991,F,0,white,0,nonhispanic,0
2601,8507,2005,1,19,,8527,0,2601,,,76518dbc-e273-488d-88e1-2254973b9f5b,M,0,white,0,nonhispanic,0
2602,8532,1983,12,19,,8527,0,2602,,,d20e87ca-4b1d-411b-beb9-1fb3f4ef715f,F,0,white,0,nonhispanic,0
2603,8507,1959,6,12,,8527,0,2603,,,2d72d31b-f288-4677-9787-d35072f06e73,M,0,white,0,nonhispanic,0
2604,8532,2002,8,5,,8527,0,2604,,,2f1119b6-050d-4bf1-8335-f6267074cbca,F,0,white,0,nonhispanic,0
2605,8532,1966,7,25,,8527,0,2605,,,32870241-ca0a-4fcf-ae5a-f12acf5c8f71,F,0,white,0,nonhispanic,0
2606,8507,1947,11,5,,8527,0,2606,,,d0c50937-3605-4988-96c6-96b7fcffb91f,M,0,white,0,nonhispanic,0
2607,8532,1937,11,8,,8527,0,2607,,,d957d6bb-5fbf-435a-86de-99907f72f20c,F,0,white,0,nonhispanic,0
2608,8532,1945,9,14,,8527,0,2608,,,b4581a1c-ab3b-4f61-be2b-41a49f15e268,F,0,white,0,nonhispanic,0
2609,8532,2011,10,2,,8527,0,2609,,,1fd3e96f-096d-454c-97cb-adec2f154e4e,F,0,white,0,nonhispanic,0
2610,8532,1982,1,27,,8527,0,2610,,,f3102268-9773-4813-bf19-74365921690f,F,0,white,0,nonhispanic,0
2611,8532,2013,1,16,,8527,0,2611,,,494c57a9-ff76-472f-9f33-3e3ee420492a,F,0,white,0,nonhispanic,0
2612,8532,1958,8,19,,8527,0,2612,,,4e2c527e-4eac-458e-8ff3-f93bf9b81538,F,0,white,0,nonhispanic,0
2613,8532,1947,2,11,,8527,0,2613,,,51aa61ee-46ae-481d-90cc-c3935faa8311,F,0,white,0,nonhispanic,0
2614,8507,2015,3,4,,8527,0,2614,,,f0003f7b-5972-4abf-9da8-769c6593995e,M,0,white,0,nonhispanic,0
2615,8507,1951,8,16,,8527,0,2615,,,4c4a0069-4884-4d6b-ab1a-4b8ea5e8760d,M,0,white,0,nonhispanic,0
2616,8507,1947,10,29,,8527,0,2616,,,450df372-1b88-4f78-8d9a-088eb86b5ee2,M,0,white,0,nonhispanic,0
2617,8507,1989,11,18,,8527,0,2617,,,8999ed53-b39e-4c93-bf68-67987f0c74f1,M,0,white,0,nonhispanic,0
2618,8507,2005,2,21,,8527,0,2618,,,b8bdc6b6-deeb-4c7d-ba0d-14edab751c76,M,0,white,0,nonhispanic,0
2619,8532,1981,9,9,,8527,0,2619,,,b9597ec0-7565-4888-b19d-774002d82079,F,0,white,0,nonhispanic,0
2620,8532,2001,3,31,,8527,0,2620,,,91f2ad5f-9938-463c-9d30-27e83d70bce3,F,0,white,0,nonhispanic,0
2621,8532,1946,8,19,,8527,0,2621,,,db746a17-22f5-408f-bafb-f2135fd079eb,F,0,white,0,nonhispanic,0
2622,8507,1976,9,15,,8527,0,2622,,,34f36fdf-b8e6-4bd3-96f6-3ce97d1a3d95,M,0,white,0,nonhispanic,0
2623,8532,1948,7,6,,8527,0,2623,,,374a9795-d436-45d7-b06b-3d90bba08d56,F,0,white,0,nonhispanic,0
2624,8507,1988,8,25,,8527,0,2624,,,fdb1f827-5826-4b0c-a875-bc168b11191e,M,0,white,0,nonhispanic,0
2625,8532,1960,3,6,,8527,0,2625,,,48f0c0b3-aaa2-43de-b231-6fe2be4f1436,F,0,white,0,nonhispanic,0
2626,8532,1959,2,11,,8527,0,2626,,,b14e9fed-8d33-4e0a-9e84-be9764518891,F,0,white,0,nonhispanic,0
2627,8507,1970,3,10,,8527,0,2627,,,dbb53096-a77c-48a6-b284-58035408ee22,M,0,white,0,nonhispanic,0
2628,8532,1961,5,20,,8527,0,2628,,,1ed2cffb-d87a-46bc-b664-af2a035e54e0,F,0,white,0,nonhispanic,0
2629,8532,2011,3,30,,8527,0,2629,,,d49c30c9-499a-4c41-a04e-74e1de151387,F,0,white,0,nonhispanic,0
2630,8507,1987,10,1,,8527,0,2630,,,74861939-0161-46c3-80c9-b3858864309b,M,0,white,0,nonhispanic,0
2631,8532,1960,12,8,,8527,0,2631,,,cf861fad-8b10-4ac8-b809-ab8607a2f4e7,F,0,white,0,nonhispanic,0
2632,8532,2019,10,18,,8527,0,2632,,,87d02492-c6a4-4c77-8a0c-4fcd0ce7e898,F,0,white,0,nonhispanic,0
2633,8532,1950,3,24,,8527,0,2633,,,68ed663c-1208-46eb-88ee-0eed9e49792b,F,0,white,0,nonhispanic,0
2634,8532,1972,2,19,,8527,0,2634,,,ed55682c-5042-4704-8aa3-71ab71365d0f,F,0,white,0,nonhispanic,0
2635,8532,1958,11,20,,8527,0,2635,,,0c789bef-2e5b-4e96-998d-2aa60c45b8ba,F,0,white,0,nonhispanic,0
2636,8532,1956,8,22,,8527,0,2636,,,9b7adfbe-fc69-4875-8c50-cb4fd9621347,F,0,white,0,nonhispanic,0
2637,8507,1964,3,30,,8527,0,2637,,,905dcf65-4347-4f27-9626-6801a8d56a40,M,0,white,0,nonhispanic,0
2638,8507,1981,11,25,,8527,0,2638,,,b4a58c47-9b86-4cc4-9b02-a0703b56693c,M,0,white,0,nonhispanic,0
2639,8532,1944,2,10,,8527,0,2639,,,30060e2f-18cf-498b-8138-326c6d50ec00,F,0,white,0,nonhispanic,0
2640,8532,1968,7,25,,8527,0,2640,,,cce2c1e2-dfd5-449b-a7db-1c8db5f45f7a,F,0,white,0,nonhispanic,0
2641,8532,1971,5,15,,8527,0,2641,,,de69c568-a8ec-45ce-ae5d-0cf15a6a0fd8,F,0,white,0,nonhispanic,0
2642,8507,2005,7,7,,8527,0,2642,,,77472276-d5b3-4c05-bfa5-517899c755ff,M,0,white,0,nonhispanic,0
2643,8507,1928,11,7,,8527,0,2643,,,8f7a1660-5243-4af9-835d-86695b607127,M,0,white,0,nonhispanic,0
2644,8532,2006,3,11,,8527,0,2644,,,b94a1797-3123-43be-9168-e9f96bbe436b,F,0,white,0,nonhispanic,0
2645,8507,1952,4,12,,8527,0,2645,,,8f43285a-4c83-4c2c-8714-dbb566109c1a,M,0,white,0,nonhispanic,0
2646,8507,1988,4,9,,8527,0,2646,,,f3e40e82-3566-40e2-b1d2-de82b7ca9b34,M,0,white,0,nonhispanic,0
2647,8532,1947,9,3,,8527,0,2647,,,c6d5131f-9b57-4337-b519-71e035025cbc,F,0,white,0,nonhispanic,0
2648,8532,1982,12,26,,8527,0,2648,,,51fd6d3b-20f1-4684-9fcb-988ce0031f38,F,0,white,0,nonhispanic,0
2649,8507,1980,9,15,,8527,0,2649,,,b2494f3f-9962-4547-8240-63be51bc9c7f,M,0,white,0,nonhispanic,0
2650,8507,1991,6,16,,8527,0,2650,,,ff611b7e-0e6e-4ad7-8ff3-0d40ebd0c1ce,M,0,white,0,nonhispanic,0
2651,8507,1966,3,22,,8527,0,2651,,,9681eaa7-cba9-4c0c-8eff-b86ce0103a4e,M,0,white,0,nonhispanic,0
2652,8532,1951,6,30,,8527,0,2652,,,e71d12a8-4268-439f-967d-61e0855dd220,F,0,white,0,nonhispanic,0
2653,8532,1972,9,23,,8527,0,2653,,,5cfd9a19-8f1e-4bff-8309-536df65f3a78,F,0,white,0,nonhispanic,0
2654,8507,1960,9,13,,8527,0,2654,,,33888f74-8a31-4efd-a82c-1a154f7f3fd4,M,0,white,0,nonhispanic,0
2655,8507,1955,8,25,,8527,0,2655,,,d8fde475-f20f-48fc-86cc-4eed774dbf00,M,0,white,0,nonhispanic,0
2656,8532,2010,3,6,,8527,0,2656,,,e34f1c61-735a-477e-8bc5-1adf30763da2,F,0,white,0,nonhispanic,0
2657,8507,2000,3,19,,8527,0,2657,,,206de430-1b49-4d1f-95cf-b4cd1787b40d,M,0,white,0,nonhispanic,0
2658,8532,1991,7,2,,8527,0,2658,,,3d2d87cb-47d9-4a1a-88ac-b9008e559d3b,F,0,white,0,nonhispanic,0
2659,8532,2018,12,15,,8527,0,2659,,,1527c7ba-c52d-40b9-8e43-8b1ac6a7325a,F,0,white,0,nonhispanic,0
2660,8507,2019,1,22,,8527,0,2660,,,cd0575d2-ad82-4e16-a04d-f1056e0a4328,M,0,white,0,nonhispanic,0
2661,8507,2001,10,21,,8527,0,2661,,,d121cac3-1455-41e6-b01e-7f74fa95e664,M,0,white,0,nonhispanic,0
2662,8532,2019,6,13,,8527,0,2662,,,69af77ab-f5f6-4667-86e8-c982155d8cd4,F,0,white,0,nonhispanic,0
2663,8507,1941,2,20,,8527,0,2663,,,d35539cb-5338-4095-9ffc-5d823885310e,M,0,white,0,nonhispanic,0
2664,8507,1953,11,7,,8527,0,2664,,,16297494-20ee-42ab-b2ac-b744966dcf2b,M,0,white,0,nonhispanic,0
2665,8532,1946,6,9,,8527,0,2665,,,94b42730-e5aa-4c8a-abf7-7013f4f633a9,F,0,white,0,nonhispanic,0
2666,8532,2003,6,20,,8527,0,2666,,,7b83b0e0-528c-44d0-a1d5-6fc1dfe63968,F,0,white,0,nonhispanic,0
2667,8532,2008,3,26,,8527,0,2667,,,82611d97-bdd1-4b8a-9bca-581db7361b93,F,0,white,0,nonhispanic,0
2668,8532,1951,6,30,,8527,0,2668,,,ccafb101-dd83-45e1-981c-f557afa87c91,F,0,white,0,nonhispanic,0
2669,8532,1958,11,8,,8527,0,2669,,,fc91ffcf-2ddd-45d8-8d05-182f35fdd879,F,0,white,0,nonhispanic,0
2670,8507,1953,12,25,,8527,0,2670,,,ce86f14b-2f64-414e-a007-5902671b5469,M,0,white,0,nonhispanic,0
2671,8532,2005,8,31,,8527,0,2671,,,67401f63-40a4-40ce-b18c-731439cd1ed7,F,0,white,0,nonhispanic,0
2672,8507,2002,7,22,,8527,0,2672,,,5ad31f31-93bb-4970-aeda-88cb88ada669,M,0,white,0,nonhispanic,0
2673,8532,1949,9,17,,8527,0,2673,,,d614b709-fef6-4b6d-821a-8c6c98f0fd99,F,0,white,0,nonhispanic,0
2674,8532,2002,10,31,,8527,0,2674,,,acbf0ed1-9b79-472b-9a58-e1c71dfe84f5,F,0,white,0,nonhispanic,0
2675,8532,1950,7,18,,8527,0,2675,,,d71294de-c400-4c02-be1b-c0c59aadd07b,F,0,white,0,nonhispanic,0
2676,8507,1997,3,3,,8527,0,2676,,,fc59a1a2-eee7-4b18-96a0-5c633a1d10c0,M,0,white,0,nonhispanic,0
2677,8507,1969,12,30,,8527,0,2677,,,0125837d-bafb-4065-86cb-99faa13a1432,M,0,white,0,nonhispanic,0
2678,8507,1936,10,6,,8527,0,2678,,,2a3d44e9-eef6-4b2d-ac34-94f2bda6369d,M,0,white,0,nonhispanic,0
2679,8507,1953,12,25,,8527,0,2679,,,150c57e2-e753-46c3-92a4-b235552aa5c6,M,0,white,0,nonhispanic,0
2680,8532,1998,2,19,,8527,0,2680,,,69bd47e4-b444-4880-8ee4-cb41aac1c35e,F,0,white,0,nonhispanic,0
2681,8532,1946,10,1,,8527,0,2681,,,d29a5c6b-c981-4792-90e6-9019fba57b59,F,0,white,0,nonhispanic,0
2682,8532,1968,8,28,,8527,0,2682,,,2d53f482-af93-425c-89de-140ee59cba28,F,0,white,0,nonhispanic,0
2683,8532,1969,11,1,,8527,0,2683,,,01039ef0-f805-4bca-99c6-d30702e39909,F,0,white,0,nonhispanic,0
2684,8532,1946,8,2,,8527,0,2684,,,4533a6bc-666c-4e92-af6d-2e2b3f4c23dc,F,0,white,0,nonhispanic,0
