START,STOP,PATIENT,ENCOUNTER,CODE,DESCRIPTION
2011-10-09,2011-10-16,87835246-ed57-426e-a158-1b3d3d698df7,c5c91d44-e2ab-4b7b-9617-d7c5e16305fd,195662009,Acute viral pharyngitis (disorder)
2015-04-03,2015-04-13,a75a0e79-cbab-4d5c-b2d0-3591fbc84c9a,a5c7b77b-e9e3-4e99-88aa-6eb203da4bb8,195662009,Acute viral pharyngitis (disorder)
2018-08-27,2018-09-09,a75a0e79-cbab-4d5c-b2d0-3591fbc84c9a,09cb84a3-5a43-46ee-89ed-408db4d461b1,195662009,Acute viral pharyngitis (disorder)
2011-10-01,2011-10-14,0055cc74-c636-4c4e-b292-fe63005b4804,c5872ce4-92e4-4018-b7b3-b08c87eae6fb,195662009,Acute viral pharyngitis (disorder)
2013-09-05,2013-09-15,0055cc74-c636-4c4e-b292-fe63005b4804,1b71e15a-3323-438c-a64a-07f768bdddf1,195662009,Acute viral pharyngitis (disorder)
2012-06-21,2012-07-04,6e84c0de-0580-4e64-a11a-1a8c64c19ccc,0c272e5d-37bc-4cab-b0e9-c96a23f61a3e,195662009,Acute viral pharyngitis (disorder)
2012-04-05,2012-04-18,1deeaae2-eb02-4071-a18e-898572febde3,f10ef3dc-1411-40ef-99cc-9593f3fc20a0,195662009,Acute viral pharyngitis (disorder)
2019-03-14,2019-03-22,02b163b6-dcd6-4319-ba6b-9bfee4aa4255,4becafa1-81a1-4aaf-a86a-3f572a34de5e,195662009,Acute viral pharyngitis (disorder)
2017-01-06,2017-01-14,c935812a-c785-4d22-bf65-c32f5890d199,91d63efc-00ed-4422-bcf2-c0f367b3c72c,195662009,Acute viral pharyngitis (disorder)
2013-07-15,2013-07-23,afc373d7-38af-4bb9-8d19-6b839cfcdefc,91fcb9c6-ed45-4b98-be86-f01518a1b609,195662009,Acute viral pharyngitis (disorder)
2011-07-04,2011-07-11,f6413757-25f4-4ee1-bcd1-a32acaff39ac,a949ae49-628f-4a7b-afcb-f013d5dbacc5,195662009,Acute viral pharyngitis (disorder)
2017-01-17,2017-01-27,d1f6ab3a-baf9-4520-b65c-250a30f95f0d,c7cd5c5d-2518-4c25-a4bf-4e6e57e1c7a1,43878008,Streptococcal sore throat (disorder)
2014-08-01,2014-08-14,9233021c-367f-44cd-8a79-dc319ace4856,d457ed1a-9522-463a-a35b-c40d26550728,195662009,Acute viral pharyngitis (disorder)
2011-05-24,,2cd89f1e-c6e9-42d8-9734-18f4d3deb858,ef7f569e-f53e-437b-b359-9196b57d75f1,49436004,Atrial Fibrillation
2016-07-17,2016-07-29,04429bf4-27c2-48cf-9329-5f2c9caa98a2,3bfbd854-d7aa-485c-ad3d-a28e975de2d3,195662009,Acute viral pharyngitis (disorder)
2012-05-27,2012-06-03,9abd6236-1eb5-4e1e-8fb2-881ee35ab775,4e4111e4-8edf-4be4-ae2a-90fd38bfc539,195662009,Acute viral pharyngitis (disorder)
2014-06-17,2014-06-26,44d6f4da-b11c-48c4-96c1-21fad07407ab,30faf268-2f29-48db-9ef7-181296cc6fe8,195662009,Acute viral pharyngitis (disorder)
2014-04-05,2014-04-14,38006e03-6501-4b7a-9c5f-93dd80ed4e92,b6cd1908-9d24-4036-83fa-4e53397c0042,195662009,Acute viral pharyngitis (disorder)
2018-02-24,2018-03-07,38006e03-6501-4b7a-9c5f-93dd80ed4e92,a0805640-d48a-4cc5-b75a-fa67fb89dd26,195662009,Acute viral pharyngitis (disorder)
2017-03-19,2017-03-29,c8a0ae49-cf07-468b-b106-232a887389de,d565c29d-d5f3-44ca-9d23-011d59afd7d9,195662009,Acute viral pharyngitis (disorder)
2018-09-01,2018-09-14,9921dd5a-510e-4cf0-957c-8c47c81ff051,acc07dae-ff59-4cbe-bfa1-28db3e91c891,195662009,Acute viral pharyngitis (disorder)
2014-10-14,2014-10-27,45e7c31e-63a9-45c9-b4df-13d6e4e10464,75453761-2099-449e-8757-82aee3cf8fed,195662009,Acute viral pharyngitis (disorder)
2016-01-24,2016-02-04,45e7c31e-63a9-45c9-b4df-13d6e4e10464,a3805442-5b65-4477-88e9-51c1ec3f5238,195662009,Acute viral pharyngitis (disorder)
1994-10-15,,0b362ff2-1413-4bf1-a87c-37f8f33f0a16,4ebf95e4-9f5a-43a0-9306-5f7191d4986f,49436004,Atrial Fibrillation
2015-10-02,2015-10-14,a243e5f0-00aa-40c2-9fef-2c7f35698ca6,22fc094d-73b7-4f67-a94c-728ce823fb39,43878008,Streptococcal sore throat (disorder)
2017-12-06,2017-12-14,a243e5f0-00aa-40c2-9fef-2c7f35698ca6,24c80dba-c968-48e3-8961-4bb3d48fded3,43878008,Streptococcal sore throat (disorder)
2011-07-01,2011-07-12,66b31de2-26a6-4ed3-ac03-ee410138daf1,66a0256c-d957-4a36-aeca-7eeb749d6523,195662009,Acute viral pharyngitis (disorder)
2019-10-11,2019-10-20,1766080b-4150-4830-ac5f-7c214570f586,15f9176b-3957-4e43-9e25-d68d0dd84fb6,195662009,Acute viral pharyngitis (disorder)
2016-01-28,2016-02-04,6b7c1acf-3a76-4814-9b6e-90bb0e5a45c3,1f616781-846c-4105-8d53-5eb6356f72e3,195662009,Acute viral pharyngitis (disorder)
2011-09-05,2011-09-13,d1d969af-df8a-47a2-8b63-990cd0d87c57,998e28ea-fa55-462f-87a9-2d1047c38a4b,195662009,Acute viral pharyngitis (disorder)
2018-08-10,2018-08-22,d1d969af-df8a-47a2-8b63-990cd0d87c57,fc984380-14c2-40e6-a360-a405107bb9c8,195662009,Acute viral pharyngitis (disorder)
2018-08-01,2018-08-11,4a2a7231-f769-4003-9781-f24337db3406,a9c2a31d-e2eb-42c8-ad17-e9eeec62314d,195662009,Acute viral pharyngitis (disorder)
2018-10-13,2018-10-21,4a2a7231-f769-4003-9781-f24337db3406,c159a448-b84c-41df-9e45-d68e9f04ec83,195662009,Acute viral pharyngitis (disorder)
2011-11-30,,3ff558d2-3151-4fbe-9cc5-62222229660e,bed8c6b7-56bd-4488-819d-cf4789dd54be,49436004,Atrial Fibrillation
2011-08-14,2011-08-23,dd01fcfb-ef4f-47fb-84d4-5a936b94134f,edfe79d5-e188-4e53-8d1d-af9ffcd5c89d,195662009,Acute viral pharyngitis (disorder)
2011-12-05,2011-12-12,422aa198-524a-4181-a449-878f9ea6674f,83190de1-d304-4358-ad14-649f392e056b,195662009,Acute viral pharyngitis (disorder)
2015-10-24,2015-11-04,422aa198-524a-4181-a449-878f9ea6674f,5bd2e9be-e57c-4da2-aec3-6604f339886e,195662009,Acute viral pharyngitis (disorder)
2014-12-24,2014-12-31,339f55ed-14c7-47b2-a7f9-c7a85a3e6633,3c1c2d8f-3429-4cdc-98b4-4049f4db65b5,195662009,Acute viral pharyngitis (disorder)
2011-03-20,2011-04-02,87fc3d5a-fcb5-4976-bd6d-ecaa3909a7e6,d397bf56-6d8b-4372-8f9e-295c2666b914,43878008,Streptococcal sore throat (disorder)
2016-10-03,2016-10-11,87fc3d5a-fcb5-4976-bd6d-ecaa3909a7e6,d4597c90-5d7c-4b7e-bb05-cf6d4958f520,195662009,Acute viral pharyngitis (disorder)
2014-12-04,2014-12-13,691622f4-c104-4c1e-a64b-e6bc01434026,50fd135d-aa39-4d1e-961d-8986767d4331,195662009,Acute viral pharyngitis (disorder)
2011-05-15,2011-05-28,860ef2de-0ad8-4480-83bd-8cb0bd40edc4,d99155e3-79c3-4f87-a629-873d3a67a9de,195662009,Acute viral pharyngitis (disorder)
2013-06-19,2013-06-26,860ef2de-0ad8-4480-83bd-8cb0bd40edc4,3cb2eca4-ccc5-4679-b822-8c3af84fe669,195662009,Acute viral pharyngitis (disorder)
1976-03-16,,b0f5d27c-e0bf-4090-bae0-737c147f1317,e0ad6c7b-cc93-4b05-89f9-91f105480dac,230690007,Stroke
2018-01-27,2018-02-03,4606ca22-a15d-4174-b9fd-1b4737c15a20,f5da1de4-da62-4c54-b63e-58627d472cdf,195662009,Acute viral pharyngitis (disorder)
2016-06-21,2016-07-02,ee1cab72-2677-450f-96d9-7727bd9b0254,7d30ba93-849d-4858-8a7b-500c91460082,195662009,Acute viral pharyngitis (disorder)
2016-11-02,2016-11-15,ee1cab72-2677-450f-96d9-7727bd9b0254,633fa885-3c4e-49a6-b414-7439890437cc,195662009,Acute viral pharyngitis (disorder)
2012-05-16,2012-05-29,f44d1049-0c11-4da9-9ff7-d6922ed35f80,56e6f649-7bbd-4a9b-97a4-48aef413c6f7,195662009,Acute viral pharyngitis (disorder)
2015-02-27,2015-03-06,c0252623-deb4-4a8a-9637-c1de0256e4ef,49b5e18d-b31c-4c89-b5e7-ba05652e85db,195662009,Acute viral pharyngitis (disorder)
2013-10-30,2013-11-12,0b8d8430-94df-4afe-b16f-fd8013fee2b7,40e8230f-df35-4450-9469-03f71b903f20,195662009,Acute viral pharyngitis (disorder)
2016-04-03,2016-04-10,0b8d8430-94df-4afe-b16f-fd8013fee2b7,819f5040-5d29-48da-9b2b-3980f6cbcd70,43878008,Streptococcal sore throat (disorder)
2019-09-12,2019-09-23,c0252623-deb4-4a8a-9637-c1de0256e4ef,86fa410b-94ea-4734-ad5c-c158c5a5e4ca,43878008,Streptococcal sore throat (disorder)
2004-02-13,,6e6e745d-7b0d-4700-a066-ff7c69bfdee6,33ae21c2-8310-4507-aeb2-af0592fc6b2f,49436004,Atrial Fibrillation
2012-08-26,2012-09-07,6e6e745d-7b0d-4700-a066-ff7c69bfdee6,046eea3a-8091-4508-9c08-10a63a87ddfa,195662009,Acute viral pharyngitis (disorder)
2013-03-09,2013-03-20,6e6e745d-7b0d-4700-a066-ff7c69bfdee6,1f4fb088-97af-42a9-b9ed-55a680c0aa7d,195662009,Acute viral pharyngitis (disorder)
2013-06-22,2013-07-03,6e6e745d-7b0d-4700-a066-ff7c69bfdee6,29aa7c54-edd1-49ee-9ae2-dab833bae897,195662009,Acute viral pharyngitis (disorder)
2019-01-25,,6e6e745d-7b0d-4700-a066-ff7c69bfdee6,02b318ea-ff8f-4d05-bbd4-d4cf663ae6d5,230690007,Stroke
2019-08-30,2019-09-09,8c919d75-2fa7-40ca-8416-fc6a4ad14e2e,583b44e8-88f5-40ac-b2b1-899cf9ea88e5,195662009,Acute viral pharyngitis (disorder)
2017-02-13,2017-02-20,16d571db-d6a8-4727-b387-6e0359f462cc,8d17ddcf-0f8b-4bb5-bd68-398e3b37b5ea,195662009,Acute viral pharyngitis (disorder)
2019-03-09,2019-03-18,d5e43c76-8033-4b0a-9fa9-53194a62df79,b515fa94-b7e2-46c4-b5e7-09eb2e5b01d3,195662009,Acute viral pharyngitis (disorder)
1995-08-26,,806d5a3b-334d-463c-9d9f-07a0609fe35b,e1f6d284-6f53-4593-9d83-f5ef884e87c9,53741008,Coronary Heart Disease
2014-05-23,2014-05-31,806d5a3b-334d-463c-9d9f-07a0609fe35b,04807016-99c9-42e4-8bae-6ccd3062a205,195662009,Acute viral pharyngitis (disorder)
2016-07-22,2016-07-31,806d5a3b-334d-463c-9d9f-07a0609fe35b,87c7c7cc-345b-4338-a53e-779e93a0373c,195662009,Acute viral pharyngitis (disorder)
2018-05-25,2018-06-01,806d5a3b-334d-463c-9d9f-07a0609fe35b,97d79e9b-d084-4a07-a144-02d24046f6c8,43878008,Streptococcal sore throat (disorder)
2012-04-15,2012-04-24,29ace2be-468f-4906-a09c-766d0d272402,68509310-cd9b-4337-962e-77bb394683d3,195662009,Acute viral pharyngitis (disorder)
1997-11-20,,4336ab72-952d-42ee-9bd2-128812c65e5b,b2f1baba-eba5-4247-9aa8-fd0ec5923821,230690007,Stroke
2012-07-10,2012-07-20,d619dfe3-e6af-43bd-98ed-188ccfb58c65,d12a99a4-8e72-4438-b8e3-debce6a77966,195662009,Acute viral pharyngitis (disorder)
2018-12-12,2018-12-25,f6a8c9a3-5824-4549-a2ef-ec6fd2169489,c66298bd-d61a-438c-9c2c-e188c8745a33,195662009,Acute viral pharyngitis (disorder)
2014-07-24,2014-08-02,3f760b35-9d52-4847-a93f-6d33c43f0a22,c924a624-5ab0-4b2b-aa02-33ffe0e1ff2f,195662009,Acute viral pharyngitis (disorder)
2018-05-16,2018-05-23,3f760b35-9d52-4847-a93f-6d33c43f0a22,cd69ec2e-dc90-4d96-bf38-2a8a8a2d603e,195662009,Acute viral pharyngitis (disorder)
2018-06-24,2018-07-04,3f760b35-9d52-4847-a93f-6d33c43f0a22,6be758f8-2f5a-4188-b614-0c5f9ad3a97f,195662009,Acute viral pharyngitis (disorder)
2015-10-03,2015-10-12,7a0d9ba5-9fc9-48bb-970d-6afe0d45b298,233726c0-c8bf-4f11-aebd-931d8001ae32,195662009,Acute viral pharyngitis (disorder)
2010-12-31,2011-01-11,c70c499d-d9fa-494b-a356-a677d4a6640e,ec1db864-bbd4-466b-8731-6566885115a9,43878008,Streptococcal sore throat (disorder)
1928-12-17,1928-12-30,69b9bb8d-89cc-4283-8f39-7753b0bb09f5,c8d3624c-94f9-45eb-a8d1-4a121eb79823,195662009,Acute viral pharyngitis (disorder)
1993-07-23,1993-08-02,69b9bb8d-89cc-4283-8f39-7753b0bb09f5,280d8444-1eb5-405e-8357-f1132c4af89a,195662009,Acute viral pharyngitis (disorder)
1998-02-10,1998-02-18,69b9bb8d-89cc-4283-8f39-7753b0bb09f5,b8b0d476-827a-4dbe-80b8-9f6c09f79fd1,195662009,Acute viral pharyngitis (disorder)
2011-05-18,,69b9bb8d-89cc-4283-8f39-7753b0bb09f5,f247101f-9532-4e53-9dc8-d9567c923b48,49436004,Atrial Fibrillation
2014-05-28,,69b9bb8d-89cc-4283-8f39-7753b0bb09f5,2d89c583-4271-4969-a489-3eedddbe64d4,195662009,Acute viral pharyngitis (disorder)
2014-06-04,,69b9bb8d-89cc-4283-8f39-7753b0bb09f5,36c4fc78-efa2-4324-9da6-78530e8e6e4b,230690007,Stroke
2000-09-20,,79b05b4c-bff0-49a0-acc4-c23bf54fd120,8346615a-6a8c-46eb-ab0b-b16baa139108,230690007,Stroke
2010-08-09,2010-08-16,79b05b4c-bff0-49a0-acc4-c23bf54fd120,ed2a545d-d2a4-455f-a972-f0852c0a4c2c,195662009,Acute viral pharyngitis (disorder)
