START,STOP,PATIENT,PAYER,ENCOUNTER,CODE,DESCRIPTION,BASE_COST,PAYER_COVERAGE,DISPENSES,TOTALCOST,REASONCODE,REASONDESCRIPTION
2017-01-17,2017-01-27,d1f6ab3a-baf9-4520-b65c-250a30f95f0d,b1c428d6-4f07-31e0-90f0-68ffa6ff8c76,c7cd5c5d-2518-4c25-a4bf-4e6e57e1c7a1,834061,Penicillin V Potassium 250 MG Oral Tablet,30.29,0.00,1,30.29,43878008,Streptococcal sore throat (disorder)
2011-05-24,,2cd89f1e-c6e9-42d8-9734-18f4d3deb858,b1c428d6-4f07-31e0-90f0-68ffa6ff8c76,ef7f569e-f53e-437b-b359-9196b57d75f1,855332,Warfarin Sodium 5 MG Oral Tablet,57.63,0.00,107,6166.41,,
2011-05-24,,2cd89f1e-c6e9-42d8-9734-18f4d3deb858,b1c428d6-4f07-31e0-90f0-68ffa6ff8c76,ef7f569e-f53e-437b-b359-9196b57d75f1,897718,Verapamil Hydrochloride 40 MG,15.55,0.00,107,1663.85,,
2011-05-24,,2cd89f1e-c6e9-42d8-9734-18f4d3deb858,b1c428d6-4f07-31e0-90f0-68ffa6ff8c76,ef7f569e-f53e-437b-b359-9196b57d75f1,197604,Digoxin 0.125 MG Oral Tablet,72.89,0.00,107,7799.23,,
1994-10-15,,0b362ff2-1413-4bf1-a87c-37f8f33f0a16,b1c428d6-4f07-31e0-90f0-68ffa6ff8c76,4ebf95e4-9f5a-43a0-9306-5f7191d4986f,855332,Warfarin Sodium 5 MG Oral Tablet,186.17,0.00,309,57526.53,,
1994-10-15,,0b362ff2-1413-4bf1-a87c-37f8f33f0a16,b1c428d6-4f07-31e0-90f0-68ffa6ff8c76,4ebf95e4-9f5a-43a0-9306-5f7191d4986f,897718,Verapamil Hydrochloride 40 MG,122.82,0.00,309,37951.38,,
1994-10-15,,0b362ff2-1413-4bf1-a87c-37f8f33f0a16,b1c428d6-4f07-31e0-90f0-68ffa6ff8c76,4ebf95e4-9f5a-43a0-9306-5f7191d4986f,197604,Digoxin 0.125 MG Oral Tablet,38.98,0.00,309,12044.82,,
2015-10-02,2015-10-14,a243e5f0-00aa-40c2-9fef-2c7f35698ca6,b1c428d6-4f07-31e0-90f0-68ffa6ff8c76,22fc094d-73b7-4f67-a94c-728ce823fb39,834061,Penicillin V Potassium 250 MG Oral Tablet,15.14,0.00,1,15.14,43878008,Streptococcal sore throat (disorder)
2017-12-06,2017-12-14,a243e5f0-00aa-40c2-9fef-2c7f35698ca6,b1c428d6-4f07-31e0-90f0-68ffa6ff8c76,24c80dba-c968-48e3-8961-4bb3d48fded3,834061,Penicillin V Potassium 250 MG Oral Tablet,30.96,0.00,1,30.96,43878008,Streptococcal sore throat (disorder)
2011-11-30,,3ff558d2-3151-4fbe-9cc5-62222229660e,b1c428d6-4f07-31e0-90f0-68ffa6ff8c76,bed8c6b7-56bd-4488-819d-cf4789dd54be,855332,Warfarin Sodium 5 MG Oral Tablet,174.48,0.00,100,17448.00,,
2011-11-30,,3ff558d2-3151-4fbe-9cc5-62222229660e,b1c428d6-4f07-31e0-90f0-68ffa6ff8c76,bed8c6b7-56bd-4488-819d-cf4789dd54be,897718,Verapamil Hydrochloride 40 MG,68.89,0.00,100,6889.00,,
2011-11-30,,3ff558d2-3151-4fbe-9cc5-62222229660e,b1c428d6-4f07-31e0-90f0-68ffa6ff8c76,bed8c6b7-56bd-4488-819d-cf4789dd54be,197604,Digoxin 0.125 MG Oral Tablet,33.35,0.00,100,3335.00,,
2011-03-20,2011-04-02,87fc3d5a-fcb5-4976-bd6d-ecaa3909a7e6,b1c428d6-4f07-31e0-90f0-68ffa6ff8c76,d397bf56-6d8b-4372-8f9e-295c2666b914,834061,Penicillin V Potassium 250 MG Oral Tablet,23.43,0.00,1,23.43,43878008,Streptococcal sore throat (disorder)
2016-10-03,2016-10-11,87fc3d5a-fcb5-4976-bd6d-ecaa3909a7e6,b1c428d6-4f07-31e0-90f0-68ffa6ff8c76,d4597c90-5d7c-4b7e-bb05-cf6d4958f520,834061,Penicillin V Potassium 250 MG Oral Tablet,33.67,0.00,1,33.67,195662009,Acute viral pharyngitis (disorder)
2016-04-03,2016-04-10,0b8d8430-94df-4afe-b16f-fd8013fee2b7,b1c428d6-4f07-31e0-90f0-68ffa6ff8c76,819f5040-5d29-48da-9b2b-3980f6cbcd70,834061,Penicillin V Potassium 250 MG Oral Tablet,12.14,0.00,1,12.14,43878008,Streptococcal sore throat (disorder)
2019-09-12,2019-09-23,c0252623-deb4-4a8a-9637-c1de0256e4ef,b1c428d6-4f07-31e0-90f0-68ffa6ff8c76,86fa410b-94ea-4734-ad5c-c158c5a5e4ca,834061,Penicillin V Potassium 250 MG Oral Tablet,7.04,0.00,1,7.04,43878008,Streptococcal sore throat (disorder)
2004-02-13,,6e6e745d-7b0d-4700-a066-ff7c69bfdee6,b1c428d6-4f07-31e0-90f0-68ffa6ff8c76,33ae21c2-8310-4507-aeb2-af0592fc6b2f,855332,Warfarin Sodium 5 MG Oral Tablet,49.48,0.00,195,9648.60,,
2004-02-13,,6e6e745d-7b0d-4700-a066-ff7c69bfdee6,b1c428d6-4f07-31e0-90f0-68ffa6ff8c76,33ae21c2-8310-4507-aeb2-af0592fc6b2f,897718,Verapamil Hydrochloride 40 MG,32.33,0.00,195,6304.35,,
2004-02-13,,6e6e745d-7b0d-4700-a066-ff7c69bfdee6,b1c428d6-4f07-31e0-90f0-68ffa6ff8c76,33ae21c2-8310-4507-aeb2-af0592fc6b2f,197604,Digoxin 0.125 MG Oral Tablet,45.05,0.00,195,8784.75,,
2019-01-25,2019-01-25,6e6e745d-7b0d-4700-a066-ff7c69bfdee6,b1c428d6-4f07-31e0-90f0-68ffa6ff8c76,02b318ea-ff8f-4d05-bbd4-d4cf663ae6d5,309362,Clopidogrel 75 MG Oral Tablet,74.02,0.00,1,74.02,,
2019-01-25,2019-01-25,6e6e745d-7b0d-4700-a066-ff7c69bfdee6,b1c428d6-4f07-31e0-90f0-68ffa6ff8c76,02b318ea-ff8f-4d05-bbd4-d4cf663ae6d5,1804799,Alteplase 100 MG Injection,6289.48,0.00,1,6289.48,,
1995-08-26,,806d5a3b-334d-463c-9d9f-07a0609fe35b,b1c428d6-4f07-31e0-90f0-68ffa6ff8c76,e1f6d284-6f53-4593-9d83-f5ef884e87c9,312961,Simvastatin 20 MG Oral Tablet,29.01,0.00,298,8644.98,,
1995-08-26,,806d5a3b-334d-463c-9d9f-07a0609fe35b,b1c428d6-4f07-31e0-90f0-68ffa6ff8c76,e1f6d284-6f53-4593-9d83-f5ef884e87c9,197361,Amlodipine 5 MG Oral Tablet,22.10,0.00,298,6585.80,,
1995-08-26,,806d5a3b-334d-463c-9d9f-07a0609fe35b,b1c428d6-4f07-31e0-90f0-68ffa6ff8c76,e1f6d284-6f53-4593-9d83-f5ef884e87c9,705129,Nitroglycerin 0.4 MG/ACTUAT Mucosal Spray,205.14,0.00,298,61131.72,,
1997-09-06,,806d5a3b-334d-463c-9d9f-07a0609fe35b,b1c428d6-4f07-31e0-90f0-68ffa6ff8c76,4159765e-ddcd-451d-9b9e-8d71b5cefa56,309362,Clopidogrel 75 MG Oral Tablet,45.85,0.00,274,12562.90,,
2018-05-25,2018-06-01,806d5a3b-334d-463c-9d9f-07a0609fe35b,b1c428d6-4f07-31e0-90f0-68ffa6ff8c76,97d79e9b-d084-4a07-a144-02d24046f6c8,834102,Penicillin V Potassium 500 MG Oral Tablet,9.86,0.00,1,9.86,43878008,Streptococcal sore throat (disorder)
2010-12-31,2011-01-11,c70c499d-d9fa-494b-a356-a677d4a6640e,b1c428d6-4f07-31e0-90f0-68ffa6ff8c76,ec1db864-bbd4-466b-8731-6566885115a9,834102,Penicillin V Potassium 500 MG Oral Tablet,7.00,0.00,1,7.00,43878008,Streptococcal sore throat (disorder)
2011-05-18,,69b9bb8d-89cc-4283-8f39-7753b0bb09f5,b1c428d6-4f07-31e0-90f0-68ffa6ff8c76,f247101f-9532-4e53-9dc8-d9567c923b48,855332,Warfarin Sodium 5 MG Oral Tablet,147.96,0.00,37,5474.52,,
2011-05-18,,69b9bb8d-89cc-4283-8f39-7753b0bb09f5,b1c428d6-4f07-31e0-90f0-68ffa6ff8c76,f247101f-9532-4e53-9dc8-d9567c923b48,897718,Verapamil Hydrochloride 40 MG,95.84,0.00,37,3546.08,,
2011-05-18,,69b9bb8d-89cc-4283-8f39-7753b0bb09f5,b1c428d6-4f07-31e0-90f0-68ffa6ff8c76,f247101f-9532-4e53-9dc8-d9567c923b48,197604,Digoxin 0.125 MG Oral Tablet,41.51,0.00,37,1535.87,,
2014-06-04,2014-06-04,69b9bb8d-89cc-4283-8f39-7753b0bb09f5,b1c428d6-4f07-31e0-90f0-68ffa6ff8c76,36c4fc78-efa2-4324-9da6-78530e8e6e4b,309362,Clopidogrel 75 MG Oral Tablet,46.16,0.00,1,46.16,,
2014-06-04,2014-06-04,69b9bb8d-89cc-4283-8f39-7753b0bb09f5,b1c428d6-4f07-31e0-90f0-68ffa6ff8c76,36c4fc78-efa2-4324-9da6-78530e8e6e4b,1804799,Alteplase 100 MG Injection,6396.81,0.00,1,6396.81,,
