Id,BIRTHDATE,DEATHDATE,SSN,DRIVERS,PASSPORT,PREFIX,FIRST,LAST,SUFFIX,MAIDEN,MARITAL,RACE,ETHNICITY,GENDER,BIRTHPLACE,ADDRESS,CITY,STATE,COUNTY,ZIP,LAT,LON,HEALTHCARE_EXPENSES,HEALTHCARE_COVERAGE
90be9340-d86f-4909-8845-80ee21e9acf6,2012-08-10,,999-55-2871,,,,Oodi,Majonen,,,,white,nonhispanic,F,Helsinki  Uusimaa  FI,1046 Viljander Katu Suite 11,Nurmijärvi,Uusimaa,Nurmijärvi,05100,60.364431687287905,24.714813679154183,2000.0,0.0
c0ba85bb-c3aa-4d4d-a352-f2e4ccf9d8f9,2011-08-07,,999-67-8562,,,,Jillian,Fogde,,,,white,nonhispanic,F,Helsinki  Uusimaa  FI,238 Rusula Katu,Vantaa,Uusimaa,Vantaa,01690,60.285394499834034,24.973422708271713,2125.0,0.0
87835246-ed57-426e-a158-1b3d3d698df7,1999-06-17,,999-92-9032,S99914131,X43496130X,Mr.,Veli-Antero,Kastman,,,,white,nonhispanic,M,Vantaa  Uusimaa  FI,559 Laitamäki Katu,Espoo,Uusimaa,Espoo,02820,60.206816183877685,24.77909885208046,3894.42,0.0
0bdca822-4ff4-42de-ae8e-ae4aa6b67044,1993-11-15,,999-99-2093,S99925071,X78048647X,Ms.,Jessika,Thil,,,,white,nonhispanic,F,Espoo  Uusimaa  FI,301 Varis Katu Unit 55,Helsinki,Uusimaa,Helsinki,00350,60.203681868233325,24.95592509348819,3888.77,0.0
217b4875-d15a-441c-8a99-243ebc24ec8a,1986-03-03,,999-10-1828,S99991941,X53126358X,Mr.,Dmitry,Tuulensuu,,,M,white,nonhispanic,M,Siuntio  Uusimaa  FI,654 Meinander Katu,Helsinki,Uusimaa,Helsinki,00960,60.177245432645144,24.944115985533756,4625.0,0.0
a75a0e79-cbab-4d5c-b2d0-3591fbc84c9a,1996-01-31,,999-64-5721,S99996538,X2953215X,Ms.,Matilda,Pasti,,,,white,nonhispanic,F,Helsinki  Uusimaa  FI,555 Valle Katu Unit 57,Helsinki,Uusimaa,Helsinki,00250,60.17123556450502,24.819459154266596,4250.0,0.0
2886d501-2259-425d-8819-cc3dd2a0993d,1981-02-13,,999-84-4795,S99913311,X12160152X,Mrs.,Mirjaana,Ståhl,,Asiala,M,white,nonhispanic,F,Helsinki  Uusimaa  FI,171 Piri Katu,Helsinki,Uusimaa,Helsinki,00370,60.16235573551021,24.88438566359551,4644.25,0.0
488ef1a1-8cc2-4cfe-aac8-66d47f9faedf,1982-04-15,,999-40-5910,S99984627,X67030691X,Mr.,Evgeny,Lönnblad,,,M,white,nonhispanic,M,Vantaa  Uusimaa  FI,1004 Narkiniemi Katu Unit 67,Kirkkonummi,Uusimaa,Kirkkonummi,02540,60.06099630175604,24.29879276809643,5474.21,0.0
0055cc74-c636-4c4e-b292-fe63005b4804,1981-03-25,,999-49-3464,S99958160,X6382079X,Mrs.,Catja,Seppelin,,Solaranta,M,white,nonhispanic,F,Espoo  Uusimaa  FI,669 Oksa Katu,Porvoo,Uusimaa,Porvoo,07110,60.50810906082651,25.659182014288707,5262.18,0.0
6e84c0de-0580-4e64-a11a-1a8c64c19ccc,1994-07-22,,999-53-7292,S99916021,X68571958X,Mr.,Äänis,Kittelä,,,,white,nonhispanic,M,Helsinki  Uusimaa  FI,921 Sironen Katu,Helsinki,Uusimaa,Helsinki,00180,60.24468044092873,24.97803419790845,3875.0,0.0
1deeaae2-eb02-4071-a18e-898572febde3,2003-01-20,,999-85-9695,S99945599,,,Anthony,Liitiäinen,,,,white,nonhispanic,M,Helsinki  Uusimaa  FI,781 Varpio Katu Unit 68,Sipoo,Uusimaa,Sipoo,01120,60.33252028976668,25.275398783680426,3500.0,0.0
02b163b6-dcd6-4319-ba6b-9bfee4aa4255,1978-10-30,,999-70-9335,S99963056,X51873757X,Ms.,Duyen,Tervaharju,,,S,white,nonhispanic,F,Espoo  Uusimaa  FI,437 Porkkala Katu,Tuusula,Uusimaa,Tuusula,04350,60.46144799501095,25.014727816553638,4635.45,0.0
c935812a-c785-4d22-bf65-c32f5890d199,1993-05-21,,999-99-2245,S99970417,X82628297X,Ms.,Mulki,Ehoniemi,,,,white,nonhispanic,F,Helsinki  Uusimaa  FI,438 Töllikkö Katu,Vantaa,Uusimaa,Vantaa,01390,60.29278024472355,25.14841099726274,4003.95,0.0
afc373d7-38af-4bb9-8d19-6b839cfcdefc,1986-02-27,,999-33-5150,S99940250,X60607111X,Mrs.,Tii,Turtola,,Evinsalo,M,white,nonhispanic,F,Espoo  Uusimaa  FI,702 Eilola Katu Suite 37,Espoo,Uusimaa,Espoo,02200,60.247315324383976,24.8277015133311,4254.14,0.0
e17b848e-77a6-4fde-96d1-042faa35488f,2017-09-09,,999-52-7130,,,,Keanu,Rönnblad,,,,white,nonhispanic,M,Helsinki  Uusimaa  FI,372 Höyssä Katu,Espoo,Uusimaa,Espoo,02170,60.2167069626232,24.793435888242588,1250.0,0.0
f1cb9b5e-716b-49a3-9621-f7ffa3c1c405,2014-08-08,,999-50-1801,,,,Athena,Kaarre,,,,white,nonhispanic,F,Helsinki  Uusimaa  FI,569 Mäentaka Katu Unit 70,Espoo,Uusimaa,Espoo,02820,60.205255547419846,24.737672206798628,1750.0,0.0
f6413757-25f4-4ee1-bcd1-a32acaff39ac,1935-11-21,,999-77-1875,S99992289,X16208567X,Mrs.,Hoda,Hämäri,,Vinter,M,white,nonhispanic,F,Helsinki  Uusimaa  FI,1014 Kontio Katu Unit 68,Kerava,Uusimaa,Kerava,04260,60.44436109845328,25.08302358544016,10173.74,0.0
f45442b2-39e7-426c-b643-357f6e61e8cf,2020-02-25,,999-32-3099,,,,Maiju-Leena,Pyhälahti,,,,white,nonhispanic,F,Helsinki  Uusimaa  FI,812 Horn Katu Apt 10,Kauniainen,Uusimaa,Kauniainen,02700,60.22918493359953,24.697016294225733,125.0,0.0
2eeeb93e-b7b9-4897-9149-24f42121e5d5,1977-12-03,,999-55-1123,S99941786,X13353836X,Mr.,Vasama,Sten,,,M,white,nonhispanic,M,Helsinki  Uusimaa  FI,502 Elovaara Katu Apt 58,Helsinki,Uusimaa,Helsinki,00880,60.2628881552242,25.03214073145417,4880.66,0.0
1b072b88-ef93-4484-8456-5b5c9dc281ce,1978-10-09,,999-96-5599,S99981263,X42201253X,Mr.,Ikenna,Sahlstein,,,M,white,nonhispanic,M,Helsinki  Uusimaa  FI,962 Muhojoki Katu Suite 75,Lohja,Uusimaa,Lohja,08150,60.25403500135899,23.884884876718047,4659.22,0.0
5160a901-c4e7-4654-aef3-689dd261bf8b,1964-12-28,,999-31-6012,S99924153,X80392200X,Ms.,Chantal,Olenius,MD,,S,white,nonhispanic,F,Lohja  Uusimaa  FI,223 Deniz Katu,Espoo,Uusimaa,Espoo,02270,60.13841885368413,24.835587288263028,6250.0,0.0
5dcb0dae-c166-4b18-9293-0346464e46a0,1965-12-05,,999-98-7437,S99961960,X50186344X,Mr.,Raffaele,Ruusu,,,M,white,nonhispanic,M,Espoo  Uusimaa  FI,240 Kontsas Katu,Kauniainen,Uusimaa,Kauniainen,02700,60.18273506712998,24.701271426456188,5755.45,0.0
d1f6ab3a-baf9-4520-b65c-250a30f95f0d,2016-12-16,,999-84-1719,,,,Ensiö,Vokkolainen,,,,white,nonhispanic,M,Vantaa  Uusimaa  FI,184 Aittakumpu Katu,Helsinki,Uusimaa,Helsinki,00780,60.18424762008308,24.956026907276417,1530.29,0.0
9233021c-367f-44cd-8a79-dc319ace4856,2011-05-15,,999-37-5407,,,,Kareem,Bergholm,,,,white,nonhispanic,M,Lohja  Uusimaa  FI,884 Pohjanharju Katu,Helsinki,Uusimaa,Helsinki,00260,60.22390013263917,25.015665338635,2250.0,0.0
2cd89f1e-c6e9-42d8-9734-18f4d3deb858,1945-02-20,,999-49-6217,S99996655,X53021277X,Ms.,Seera,Stadig,,,S,white,nonhispanic,F,Hyvinkää  Uusimaa  FI,633 Tsurkka Katu Apt 92,Vantaa,Uusimaa,Vantaa,01710,60.31931083591639,25.093845849051842,8530.64,0.0
e66c76eb-4974-466a-be60-b1111d792171,1970-04-17,,999-93-3064,S99917537,X43969807X,Mr.,Ollimatti,Isokivijärvi,,,M,white,nonhispanic,M,Helsinki  Uusimaa  FI,831 Stockus Katu,Tuusula,Uusimaa,Tuusula,04370,60.54645496047032,24.99659682240446,5509.81,0.0
04429bf4-27c2-48cf-9329-5f2c9caa98a2,1990-04-30,,999-23-7466,S99924546,X2114469X,Ms.,Miliza,Pellikka,,,S,white,nonhispanic,F,Vantaa  Uusimaa  FI,516 Kaukkila Katu,Helsinki,Uusimaa,Helsinki,00860,60.25068980568304,24.90424290965893,4388.34,0.0
9abd6236-1eb5-4e1e-8fb2-881ee35ab775,1961-08-27,,999-75-8375,S99944402,X6674409X,Mr.,Olli-Matti,Mesiniemi,,,M,white,nonhispanic,M,Vantaa  Uusimaa  FI,680 Poppius Katu,Vantaa,Uusimaa,Vantaa,01260,60.26484651768961,25.125363065445832,6383.69,0.0
44d6f4da-b11c-48c4-96c1-21fad07407ab,1972-06-14,,999-50-2816,S99981921,X13894226X,Mrs.,Agnesa,Laari,,Damlin,M,white,nonhispanic,F,Askola  Uusimaa  FI,395 Heiniö Katu,Tuusula,Uusimaa,Tuusula,04500,60.54451095112527,25.079866371678012,5259.07,0.0
da0b24b9-2d22-43fa-81a8-10f340522a1e,2010-09-28,,999-68-8591,,,,Cedrik,Anderssén,,,,white,nonhispanic,M,Kerava  Uusimaa  FI,608 Karbin Katu Suite 71,Kirkkonummi,Uusimaa,Kirkkonummi,02480,60.19288056916338,24.55277923415938,2250.0,0.0
38006e03-6501-4b7a-9c5f-93dd80ed4e92,2001-09-24,,999-87-7740,S99917001,,Mr.,Salah,Konttajärvi,,,,white,nonhispanic,M,Vihti  Uusimaa  FI,861 Karpoff Katu,Vantaa,Uusimaa,Vantaa,01630,60.348550347748265,24.806668090962823,3760.7,0.0
c8a0ae49-cf07-468b-b106-232a887389de,1969-06-21,,999-97-7863,S99940872,X77800075X,Mrs.,Catalina,Löhönen,,Piltz,M,white,nonhispanic,F,Vantaa  Uusimaa  FI,167 Palola Katu Unit 5,Helsinki,Uusimaa,Helsinki,00680,60.22429566247148,25.06519451409831,5750.0,0.0
9921dd5a-510e-4cf0-957c-8c47c81ff051,1950-05-02,,999-88-5972,S99956620,X72474319X,Ms.,Raija-Sisko,Kolima,,,S,white,nonhispanic,F,Porvoo  Uusimaa  FI,672 Haikio Katu Suite 26,Helsinki,Uusimaa,Helsinki,00410,60.24184095586808,24.938349171968195,8154.57,0.0
a2d1dc85-12ef-45e4-ac95-446ffbf3d465,1969-12-20,,999-51-2794,S99985996,X61159896X,Mrs.,Anselmiina,Tuomilaakso,,Kajanoja,M,white,nonhispanic,F,Lyon  Auvergne-Rhone-Alpes  FR,946 Maksniemi Katu Apt 22,Espoo,Uusimaa,Espoo,02320,60.29595133436274,24.61536306701873,5280.4,0.0
a1b74098-22aa-4a5b-af32-ee1e891380b8,1975-07-09,,999-33-4485,S99927326,X79194864X,Mrs.,Silmu,Wasén,,Kylén,M,white,nonhispanic,F,Vantaa  Uusimaa  FI,246 Alkiomaa Katu,Espoo,Uusimaa,Espoo,02210,60.19766046654339,24.827946416902314,4750.0,0.0
45e7c31e-63a9-45c9-b4df-13d6e4e10464,1996-08-17,,999-82-9552,S99946257,X64464216X,Mr.,Riku-Petteri,Vanhatupa,,,,white,nonhispanic,M,Vantaa  Uusimaa  FI,863 Mylly Katu,Espoo,Uusimaa,Espoo,02210,60.220044764323816,24.766035019180784,3875.0,0.0
01dfac8a-2680-4766-bab8-9cfc7c150aa2,2014-05-07,,999-93-4588,,,,Mariya,Murola,,,,white,nonhispanic,F,Kerava  Uusimaa  FI,144 Liljegren Katu Suite 39,Lohja,Uusimaa,Lohja,08100,60.31265753823799,23.964314219822455,1750.0,0.0
0b362ff2-1413-4bf1-a87c-37f8f33f0a16,1932-08-06,,999-23-5321,S99974400,X17961765X,Mr.,Salu,Toskala,,,M,white,nonhispanic,M,Helsinki  Uusimaa  FI,730 Korkia-aho Katu,Raasepori,Uusimaa,Raasepori,10380,60.08012310825401,23.61274689659345,10000.0,0.0
e64d82d0-4b05-47af-9f6f-32500d390f30,1966-07-16,,999-69-3418,S99972953,X48980283X,Mrs.,Rebekka,Laitasalo,,Stenfors,M,white,nonhispanic,F,Sipoo  Uusimaa  FI,172 Uhtakari Katu Suite 79,Tuusula,Uusimaa,Tuusula,04390,60.40090123427831,25.045929877333478,5750.0,0.0
a243e5f0-00aa-40c2-9fef-2c7f35698ca6,2004-02-28,,999-27-8597,S99928591,,,Bennet,Uusi-Kakkuri,,,,white,nonhispanic,M,Frankfurt  Hesse  DE,269 Yhtiö Katu,Helsinki,Uusimaa,Helsinki,00970,60.14226403803813,25.035542462624708,3296.1,0.0
05c6fd53-1828-482c-b088-66d3b2e873d2,1981-12-22,,999-10-2265,S99919377,X61799426X,Mrs.,Evelina,Sevenius,,Arveli,M,white,nonhispanic,F,Vantaa  Uusimaa  FI,611 Sauriala Katu Apt 67,Järvenpää,Uusimaa,Järvenpää,04440,60.45850932345002,25.103445233791327,4650.26,0.0
c077045e-a227-4e95-b88a-84f6fcb33248,1937-06-16,,999-46-7337,S99910472,X89993712X,Mr.,Aake,Harell,,,M,white,nonhispanic,M,Helsinki  Uusimaa  FI,1060 George Katu Unit 62,Espoo,Uusimaa,Espoo,02330,60.15121970090471,24.620239291343616,9771.74,0.0
0addc22a-c10f-45da-aa55-5531a36c575b,1982-11-20,,999-47-3201,S99999958,X2605358X,Mrs.,Nadezhda,Pikkuhookana,,Taylor,M,white,nonhispanic,F,Kirkkonummi  Uusimaa  FI,822 Latva-Kyyny Katu,Helsinki,Uusimaa,Helsinki,00530,60.261450539399895,24.92600119038779,4766.79,0.0
c7c1aa4d-23e6-4449-b64a-32561a09bc5a,1922-12-23,,999-43-2032,S99918945,X60354518X,Mrs.,Tuuni,Tuomarila,,Tavi,M,white,nonhispanic,F,Helsinki  Uusimaa  FI,604 Raitaniemi Katu,Helsinki,Uusimaa,Helsinki,00300,60.202529368867424,25.003676092149792,11895.83,0.0
66b31de2-26a6-4ed3-ac03-ee410138daf1,1956-03-04,,999-26-5661,S99914617,X81742435X,Mr.,Laszlo,Tuuva,,,M,white,nonhispanic,M,Nurmijärvi  Uusimaa  FI,378 Niininen Katu,Helsinki,Uusimaa,Helsinki,00630,60.24385397011276,25.136349951903917,6875.0,0.0
1766080b-4150-4830-ac5f-7c214570f586,1953-07-17,,999-23-5442,S99962491,X86146016X,Mrs.,Meija,Rögård,,Cavenius,M,white,nonhispanic,F,Helsinki  Uusimaa  FI,405 Vahvanen Katu,Porvoo,Uusimaa,Porvoo,06950,60.17630477034912,25.812794824766545,7500.0,0.0
e266af44-6036-4925-b367-1ba67f570d27,2015-12-25,,999-71-8016,,,,Sami-Petteri,Aronsson,,,,white,nonhispanic,M,Helsinki  Uusimaa  FI,907 Korppi-Tommola Katu Suite 7,Helsinki,Uusimaa,Helsinki,00180,60.22706504527298,24.907599836864502,1625.0,0.0
29b93dea-3d53-476b-be31-8d3d378b69b8,1987-06-21,,999-19-5090,S99929343,X61656221X,Mrs.,Lauriina,Hallanaro,,Kalinen,M,white,nonhispanic,F,Helsinki  Uusimaa  FI,1016 Pääskylä Katu Suite 55,Sipoo,Uusimaa,Sipoo,01150,60.243879006120416,25.27005683562011,4000.0,0.0
db2fb14c-fb7f-47a8-85b0-55aae79d8605,1992-08-30,,999-34-5378,S99913544,X2650964X,Mrs.,Anni-Maarit,Koski-Säntti,,Yildirim,M,white,nonhispanic,F,Lohja  Uusimaa  FI,199 Uusikartano Katu,Helsinki,Uusimaa,Helsinki,00910,60.25290398501938,25.133229410062338,3875.0,0.0
6b7c1acf-3a76-4814-9b6e-90bb0e5a45c3,1950-03-18,,999-14-2493,S99914706,X48240507X,Mrs.,Piia,Vikholm,,Poulsen,M,white,nonhispanic,F,Helsinki  Uusimaa  FI,390 Lundán Katu Suite 7,Helsinki,Uusimaa,Helsinki,00570,60.2054520784387,24.973769169931597,7750.0,0.0
d1d969af-df8a-47a2-8b63-990cd0d87c57,1977-10-22,,999-53-9652,S99955512,X32539637X,Mr.,Jormanpoika,Vesakoski,,,M,white,nonhispanic,M,Helsinki  Uusimaa  FI,210 Madekivi Katu Apt 53,Lohja,Uusimaa,Lohja,08450,60.30837381572658,24.00033125870871,5138.49,0.0
d1fd1bfe-0ca8-49f3-a6ba-f8d2f7db08b3,1973-02-26,,999-38-1521,S99924564,X3860452X,Mrs.,Hentriikka,Eurén,,Metsäpuro,M,white,nonhispanic,F,Vantaa  Uusimaa  FI,443 Heinälehto Katu,Espoo,Uusimaa,Espoo,02240,60.19909545186405,24.710574473284147,5515.6,0.0
8242b241-2864-44d7-8d93-be7c368bfd29,1975-12-28,,999-79-5508,S99939487,X22117711X,Ms.,Emila,Viherväs,,,S,white,nonhispanic,F,Helsinki  Uusimaa  FI,880 Kylmäkoski Katu Unit 35,Helsinki,Uusimaa,Helsinki,00220,60.2120366152884,24.962423641868114,4882.36,0.0
4a2a7231-f769-4003-9781-f24337db3406,1956-01-07,,999-59-1732,S99965498,X35539X,Mrs.,Helmina,Heir,,Tomppo,M,white,nonhispanic,F,Espoo  Uusimaa  FI,610 Huunonen Katu,Helsinki,Uusimaa,Helsinki,00620,60.20540836316294,24.858702840435182,7625.0,0.0
3ff558d2-3151-4fbe-9cc5-62222229660e,1925-05-06,,999-50-4490,S99939819,X16605446X,Ms.,Sanna,Frankberg,,,S,white,nonhispanic,F,Helsinki  Uusimaa  FI,847 Oijusluoma Katu,Helsinki,Uusimaa,Helsinki,00990,60.19627150868681,24.93248036924595,11375.0,0.0
dd01fcfb-ef4f-47fb-84d4-5a936b94134f,2011-06-12,,999-75-1136,,,,Arielle,Selonen,,,,white,nonhispanic,F,Espoo  Uusimaa  FI,697 Pohjonen Katu Unit 73,Porvoo,Uusimaa,Porvoo,06500,60.4056160061036,25.669067085972834,2250.0,0.0
422aa198-524a-4181-a449-878f9ea6674f,1965-10-18,,999-85-2516,S99949280,X42412970X,Mrs.,Abbas,Keski-Jyrä,,Saxman,M,white,nonhispanic,F,Helsinki  Uusimaa  FI,796 Mölkänen Katu,Vantaa,Uusimaa,Vantaa,01530,60.275875136008786,25.14430606625354,5875.0,0.0
339f55ed-14c7-47b2-a7f9-c7a85a3e6633,2003-10-24,,999-85-8831,S99930781,,,Erkinpoika,Inola,,,,white,nonhispanic,M,Lohja  Uusimaa  FI,376 Nissilä Katu,Kirkkonummi,Uusimaa,Kirkkonummi,02430,60.03727348245764,24.38927844232205,3540.65,0.0
bfca716c-54ac-49e2-b729-100f0b73e354,1991-05-17,,999-56-8787,S99923187,X43965573X,Mrs.,Sofianna,Aksentjeff,,Nybonn,M,white,nonhispanic,F,Lohja  Uusimaa  FI,529 Ylikangas Katu,Vantaa,Uusimaa,Vantaa,01700,60.289498029278185,24.996427263335363,4000.0,0.0
856b9d7c-1423-434f-8334-6a526dc1e46a,2011-09-05,,999-28-5279,,,,Farahnaz,Forsblom,,,,white,nonhispanic,F,Hyvinkää  Uusimaa  FI,640 Pyörre Katu,Järvenpää,Uusimaa,Järvenpää,04460,60.496051673937885,25.06041431803157,2125.0,0.0
87fc3d5a-fcb5-4976-bd6d-ecaa3909a7e6,2007-02-05,,999-40-5550,,,,Galina,Verno,,,,white,nonhispanic,F,Karkkila  Uusimaa  FI,515 Teitti Katu Suite 87,Järvenpää,Uusimaa,Järvenpää,04440,60.44373809748571,25.12102521066283,3057.1,0.0
691622f4-c104-4c1e-a64b-e6bc01434026,1999-03-24,,999-63-4497,S99932227,X22038354X,Mr.,Maarten,Lehmussaari,,,,white,nonhispanic,M,Kerava  Uusimaa  FI,252 Murtoperä Katu,Vantaa,Uusimaa,Vantaa,01700,60.229798851585464,24.741883749420037,3625.0,0.0
860ef2de-0ad8-4480-83bd-8cb0bd40edc4,1985-07-14,,999-24-4063,S99982310,X72131061X,Mr.,Thomas,Viljamaa,,,M,white,nonhispanic,M,Helsinki  Uusimaa  FI,961 Sävelä Katu Unit 54,Vantaa,Uusimaa,Vantaa,01770,60.29884766629644,24.777560768474665,4755.71,0.0
b0f5d27c-e0bf-4090-bae0-737c147f1317,1928-09-11,,999-52-2560,S99945533,X16282741X,Mr.,Eedvard,Heimonen,,,M,white,nonhispanic,M,Raasepori  Uusimaa  FI,810 Paattiniemi Katu,Helsinki,Uusimaa,Helsinki,00960,60.17971064376306,24.849612264821854,10892.07,0.0
0bcbc1fa-1203-45fe-905a-07bc786137d9,1987-03-02,,999-71-9954,S99942992,X6296569X,Mrs.,Eila-Maija,Koikkalainen,MD,Alioravainen,M,white,nonhispanic,F,Helsinki  Uusimaa  FI,451 Kuopio Katu Suite 84,Helsinki,Uusimaa,Helsinki,00620,60.18811995114618,24.902677549064936,4250.0,0.0
0036f304-0583-46a8-95c9-4aa18e8aafde,1959-04-14,,999-22-4741,S99929853,X43972533X,Mrs.,Julanda,Savimäki,,Voimala,M,white,nonhispanic,F,Helsinki  Uusimaa  FI,540 Krouvi Katu Suite 85,Helsinki,Uusimaa,Helsinki,00840,60.19311568818404,24.986786602160105,6778.8,0.0
4606ca22-a15d-4174-b9fd-1b4737c15a20,1965-06-19,,999-27-9777,S99953485,X80787652X,Mr.,Remu,Karkkonen,,,S,white,nonhispanic,M,Helsinki  Uusimaa  FI,1026 Hannola Katu Suite 85,Mäntsälä,Uusimaa,Mäntsälä,04920,60.49733447556205,25.140952547098905,6000.0,0.0
ee1cab72-2677-450f-96d9-7727bd9b0254,1999-03-09,,999-87-7281,S99975340,X32917863X,Mr.,Hilding,Hakoneva,,,,white,nonhispanic,M,Helsinki  Uusimaa  FI,1022 Arimo Katu,Espoo,Uusimaa,Espoo,02720,60.19377029544128,24.758724780677124,3875.0,0.0
f44d1049-0c11-4da9-9ff7-d6922ed35f80,1973-07-12,,999-30-9328,S99923877,X29497934X,Mr.,Kalle-Veikko,Grönfors Palmroth,,,M,white,nonhispanic,M,Espoo  Uusimaa  FI,986 Lintuaho Katu,Tuusula,Uusimaa,Tuusula,04340,60.42150194151182,25.063488520976836,5130.09,0.0
7720d2e4-be8b-404f-9b4b-5864698643e9,1964-08-17,,999-88-4961,S99916315,X4614736X,Mr.,Rémi,Talasterä,PhD,,S,white,nonhispanic,M,Espoo  Uusimaa  FI,484 Joutulainen Katu,Helsinki,Uusimaa,Helsinki,00160,60.203626764288074,24.963408213269723,5755.59,0.0
c0252623-deb4-4a8a-9637-c1de0256e4ef,2006-02-11,,999-82-5834,,,,Gilda,Rautavuori,,,,white,nonhispanic,F,Kerava  Uusimaa  FI,922 Rehu Katu Apt 71,Porvoo,Uusimaa,Porvoo,07390,60.33762528633964,25.437388722091686,3007.04,0.0
0b8d8430-94df-4afe-b16f-fd8013fee2b7,2005-12-24,,999-14-2339,,,,Lotta-Kaisa,Urjanheimo,,,,white,nonhispanic,F,Helsinki  Uusimaa  FI,177 Orttenvuori Katu Suite 10,Espoo,Uusimaa,Espoo,02340,60.14061708507643,24.649818416567502,3262.14,0.0
6e6e745d-7b0d-4700-a066-ff7c69bfdee6,1944-12-22,,999-33-1127,S99923846,X26073794X,Mr.,Janne-Juhani,Lesonen,,,M,white,nonhispanic,M,Kauniainen  Uusimaa  FI,855 Sankilampi Katu Apt 63,Helsinki,Uusimaa,Helsinki,00160,60.227586494951915,25.203399564032512,16167.529999999999,0.0
799011e9-434a-4856-a271-7748a9579951,2003-11-17,,999-33-2164,S99966060,,,Ilona,Tiiri,,,,white,nonhispanic,F,Espoo  Uusimaa  FI,504 Kekoni Katu,Lapinjärvi,Uusimaa,Lapinjärvi,07810,60.62307213688745,26.099887871151918,3125.0,0.0
8c919d75-2fa7-40ca-8416-fc6a4ad14e2e,1990-10-31,,999-44-3633,S99956281,X62010203X,Mr.,Yacine,Lähteenlahti,,,M,white,nonhispanic,M,Tuusula  Uusimaa  FI,214 Aaltovirta Katu Unit 45,Espoo,Uusimaa,Espoo,02100,60.15922670779013,24.72477905099361,4250.0,0.0
c979f5ee-17c7-404a-8f1f-11fb05e6f05b,2013-10-27,,999-41-1655,,,,Angus,Kjeldsen,,,,white,nonhispanic,M,Helsinki  Uusimaa  FI,182 Broända Katu Unit 13,Porvoo,Uusimaa,Porvoo,07390,60.24473720129792,25.896512579343785,1875.0,0.0
16d571db-d6a8-4727-b387-6e0359f462cc,1986-02-26,,999-21-8648,S99961418,X31781635X,Mr.,Lassenpoika,Mörttinen,,,M,white,nonhispanic,M,Järvenpää  Uusimaa  FI,1045 Haapakorva Katu,Helsinki,Uusimaa,Helsinki,00750,60.18027491430883,25.01121776934598,4409.37,0.0
d5e43c76-8033-4b0a-9fa9-53194a62df79,1964-06-19,,999-43-7596,S99949948,X70615293X,Mr.,Jeton,Mäki-Kerttula,,,M,white,nonhispanic,M,Vihti  Uusimaa  FI,620 Antere Katu Suite 54,Hanko,Uusimaa,Hanko,10940,59.86369919575131,23.017650753357646,6129.93,0.0
3e449bc9-6c39-431e-96b5-23853b5dc089,1978-01-07,,999-18-1730,S99971978,X66954044X,Mrs.,Aini,Hacklin,,Ingalsuo,M,white,nonhispanic,F,Helsinki  Uusimaa  FI,1012 Krug Katu,Espoo,Uusimaa,Espoo,02760,60.22839967800751,24.811587360573263,4875.0,0.0
af117e92-ca52-4f0e-b54b-e996ecda8db6,2012-08-04,,999-43-7408,,,,Tristan,Seluska,,,,white,nonhispanic,M,Mäntsälä  Uusimaa  FI,609 Nuru Katu Unit 15,Vantaa,Uusimaa,Vantaa,01670,60.21435126263695,24.805640425865377,2000.0,0.0
806d5a3b-334d-463c-9d9f-07a0609fe35b,1930-05-31,,999-27-6199,S99993041,X81152128X,Mr.,Abdulkarim,Paitula,,,M,white,nonhispanic,M,Espoo  Uusimaa  FI,280 Kaakkurivaara Katu Unit 63,Helsinki,Uusimaa,Helsinki,00750,60.202663913091655,24.89370783280555,10790.4,0.0
29ace2be-468f-4906-a09c-766d0d272402,1962-05-08,,999-17-1751,S99934632,X15064641X,Mr.,Konstantinos,Eronen,,,M,white,nonhispanic,M,Helsinki  Uusimaa  FI,823 Kortene Katu Apt 49,Vantaa,Uusimaa,Vantaa,01380,60.28592907791288,25.149927798208875,6250.0,0.0
329e6b82-a2dd-4ef9-b341-85099c827628,1968-12-14,,999-18-7794,S99968018,X46401456X,Mr.,Romano,Pähtilä,,,M,white,nonhispanic,M,Espoo  Uusimaa  FI,1032 Lampén Katu Suite 69,Hyvinkää,Uusimaa,Hyvinkää,05950,60.64933548451321,24.809559228752146,5751.96,0.0
4336ab72-952d-42ee-9bd2-128812c65e5b,1956-01-12,,999-25-4182,S99948119,X59514565X,Ms.,Kirsti-Liisa,Hakman,,,S,white,nonhispanic,F,Espoo  Uusimaa  FI,718 Streng Katu Apt 87,Kirkkonummi,Uusimaa,Kirkkonummi,02880,60.13271559772265,24.49581904791764,13819.11,0.0
d619dfe3-e6af-43bd-98ed-188ccfb58c65,2000-01-02,,999-68-5870,S99981212,X1600689X,Mr.,Lars-Johan,Hasko,,,,white,nonhispanic,M,Helsinki  Uusimaa  FI,403 Kaihlanen Katu,Helsinki,Uusimaa,Helsinki,00140,60.2520162584166,25.053554144517097,3750.0,0.0
427a3b6e-da0e-480c-a714-ddba1e177ed0,2015-01-13,,999-55-7753,,,,Timna,Westberg,,,,white,nonhispanic,F,Helsinki  Uusimaa  FI,117 Valtoaho Katu Unit 81,Espoo,Uusimaa,Espoo,02200,60.24720937336332,24.628823638273044,1750.0,0.0
378b70a6-90db-419c-824e-060e2e804797,1969-09-25,,999-60-7021,S99978021,X37581207X,Mrs.,Rauha,Sartolahti,,Walberg,M,white,nonhispanic,F,Nurmijärvi  Uusimaa  FI,484 Rättö Katu,Helsinki,Uusimaa,Helsinki,00950,60.198937709389355,24.93417733587654,5375.0,0.0
f6a8c9a3-5824-4549-a2ef-ec6fd2169489,1952-01-01,,999-26-7034,S99963599,X81555306X,Mrs.,Petriikka,Penkkimäki,,Demir,M,white,nonhispanic,F,Espoo  Uusimaa  FI,350 Kitula Katu Apt 33,Espoo,Uusimaa,Espoo,02650,60.13890182624486,24.75754801647227,7875.0,0.0
9173c771-92f8-46f1-a97d-c9880a513bf7,1957-09-02,,999-30-4204,S99980817,X2814825X,Mrs.,Petra,Santoo,,Tiisanoja,M,white,nonhispanic,F,Kerava  Uusimaa  FI,889 Araneva Katu Unit 24,Helsinki,Uusimaa,Helsinki,00410,60.18811452600127,24.88750408197989,6875.0,0.0
3f760b35-9d52-4847-a93f-6d33c43f0a22,1951-12-12,,999-83-7396,S99974215,X80359871X,Mr.,Khalif,Halttunen,,,M,white,nonhispanic,M,Vantaa  Uusimaa  FI,1052 Kotiluoto Katu Suite 48,Tuusula,Uusimaa,Tuusula,04350,60.35461811360295,24.98061628569615,8264.06,0.0
f7ec8101-108d-4dc4-80e5-0fc5ce2df087,2019-10-26,,999-84-8453,,,,Olliver,Vähä-Heikkilä,,,,white,nonhispanic,M,Hyvinkää  Uusimaa  FI,143 Mesikämmen Katu,Espoo,Uusimaa,Espoo,02820,60.15706909591477,24.802499834032172,375.0,0.0
7a0d9ba5-9fc9-48bb-970d-6afe0d45b298,1945-06-14,,999-42-2412,S99949146,X46696440X,Mrs.,Anna-Stiina,Carlberg,,Työppönen,M,white,nonhispanic,F,Espoo  Uusimaa  FI,631 Pynttäri Katu Suite 51,Espoo,Uusimaa,Espoo,02820,60.23273623049893,24.697150992298177,9265.75,0.0
8c1b2336-d251-420f-ac42-6af7ce61e1fe,1998-11-15,,999-46-5971,S99914730,X58532222X,Mr.,Gerald,Laukkarinen,,,,white,nonhispanic,M,Siuntio  Uusimaa  FI,809 Luhtanen Katu,Helsinki,Uusimaa,Helsinki,00220,60.242947259352476,24.966961902255193,3625.0,0.0
8e6e9c2b-7c4a-4d70-aded-0d9c1d1c5f9b,1959-08-23,,999-21-2771,S99969500,X54541339X,Mrs.,Layla,Tokee,,Lifländer,M,white,nonhispanic,F,Tuusula  Uusimaa  FI,1069 Pekko Katu,Hyvinkää,Uusimaa,Hyvinkää,05820,60.57726884595446,24.91661272377032,6888.11,0.0
ce26303a-d4ca-4842-a1f8-12b59779c6bc,1953-04-02,,999-97-5828,S99970514,X16795324X,Mrs.,Maij-Lis,Kilpinen,,Bojang,M,white,nonhispanic,F,Espoo  Uusimaa  FI,997 Juusti Katu,Helsinki,Uusimaa,Helsinki,00620,60.231575942410934,24.92999914020892,7250.0,0.0
2bef6c8c-f5d3-4214-869c-6a555bb21e2e,1985-01-27,,999-63-5515,S99993058,X12453224X,Mrs.,Sätene,Impiö,,Huiskonen,M,white,nonhispanic,F,Helsinki  Uusimaa  FI,1060 Åman Katu,Helsinki,Uusimaa,Helsinki,00290,60.18547916617943,24.889899428784783,4125.0,0.0
a0ee3132-b570-4ea5-b60f-b27b94b10a1e,1965-10-16,,999-20-6755,S99947042,X3714886X,Mrs.,Jarkontytär,Vihko,,Päivölä,M,white,nonhispanic,F,Kirkkonummi  Uusimaa  FI,275 Lähderinne Katu Apt 60,Raasepori,Uusimaa,Raasepori,10300,60.115680364052636,23.659795300338008,5875.0,0.0
c70c499d-d9fa-494b-a356-a677d4a6640e,1960-04-15,,999-30-7473,S99915497,X72327913X,Mrs.,Adelein,Eteläniemi,,Teerikorpi,M,white,nonhispanic,F,Helsinki  Uusimaa  FI,887 Syri Katu,Raasepori,Uusimaa,Raasepori,10480,60.111061092483745,23.532791076106566,6393.62,0.0
69b9bb8d-89cc-4283-8f39-7753b0bb09f5,1920-09-29,2014-06-04,999-11-3292,S99959970,X27166310X,Ms.,Hanna-Sisko,Helojoki,,,S,white,nonhispanic,F,Nurmijärvi  Uusimaa  FI,372 Altio Katu,Vantaa,Uusimaa,Vantaa,01370,60.372627797147416,25.05545285495368,17317.97,0.0
84a90773-1be2-4027-9bc9-0642d7ce8df5,1953-10-26,,999-69-8008,S99993515,X76948545X,Ms.,Viktoriya,Kiviharju,,,S,white,nonhispanic,F,Espoo  Uusimaa  FI,957 Arjovuo Katu Unit 38,Helsinki,Uusimaa,Helsinki,00930,60.14375169494573,25.0406883452061,7888.72,0.0
79b05b4c-bff0-49a0-acc4-c23bf54fd120,1920-09-29,,999-28-9509,S99994094,X10353976X,Mrs.,Mirva,Soittu,,Ylimäinen,M,white,nonhispanic,F,Espoo  Uusimaa  FI,474 Läspä Katu,Vantaa,Uusimaa,Vantaa,01720,60.33090192144664,25.1147618658549,18690.28,0.0
