PATIENT,START_YEAR,END_YEAR,PAYER,OWNERSHIP
87835246-ed57-426e-a158-1b3d3d698df7,1999,1999,b1c428d6-4f07-31e0-90f0-68ffa6ff8c76,
87835246-ed57-426e-a158-1b3d3d698df7,2000,2000,e15e7b92-f376-374f-9285-2f59a38ad823,
87835246-ed57-426e-a158-1b3d3d698df7,2001,2017,e15e7b92-f376-374f-9285-2f59a38ad823,Guardian
0bdca822-4ff4-42de-ae8e-ae4aa6b67044,1993,2011,e15e7b92-f376-374f-9285-2f59a38ad823,Guardian
217b4875-d15a-441c-8a99-243ebc24ec8a,1986,2004,e15e7b92-f376-374f-9285-2f59a38ad823,Guardian
a75a0e79-cbab-4d5c-b2d0-3591fbc84c9a,1996,2014,e15e7b92-f376-374f-9285-2f59a38ad823,Guardian
2886d501-2259-425d-8819-cc3dd2a0993d,1981,1999,e15e7b92-f376-374f-9285-2f59a38ad823,Guardian
488ef1a1-8cc2-4cfe-aac8-66d47f9faedf,1982,2000,e15e7b92-f376-374f-9285-2f59a38ad823,Guardian
0055cc74-c636-4c4e-b292-fe63005b4804,1981,1999,e15e7b92-f376-374f-9285-2f59a38ad823,Guardian
6e84c0de-0580-4e64-a11a-1a8c64c19ccc,1994,2012,e15e7b92-f376-374f-9285-2f59a38ad823,Guardian
02b163b6-dcd6-4319-ba6b-9bfee4aa4255,1978,1996,e15e7b92-f376-374f-9285-2f59a38ad823,Guardian
c935812a-c785-4d22-bf65-c32f5890d199,1993,2011,e15e7b92-f376-374f-9285-2f59a38ad823,Guardian
afc373d7-38af-4bb9-8d19-6b839cfcdefc,1986,2004,e15e7b92-f376-374f-9285-2f59a38ad823,Guardian
f6413757-25f4-4ee1-bcd1-a32acaff39ac,1935,1953,e15e7b92-f376-374f-9285-2f59a38ad823,Guardian
2eeeb93e-b7b9-4897-9149-24f42121e5d5,1977,1995,e15e7b92-f376-374f-9285-2f59a38ad823,Guardian
1b072b88-ef93-4484-8456-5b5c9dc281ce,1978,1996,e15e7b92-f376-374f-9285-2f59a38ad823,Guardian
5160a901-c4e7-4654-aef3-689dd261bf8b,1964,1982,e15e7b92-f376-374f-9285-2f59a38ad823,Guardian
5dcb0dae-c166-4b18-9293-0346464e46a0,1965,1983,e15e7b92-f376-374f-9285-2f59a38ad823,Guardian
2cd89f1e-c6e9-42d8-9734-18f4d3deb858,1945,1963,e15e7b92-f376-374f-9285-2f59a38ad823,Guardian
e66c76eb-4974-466a-be60-b1111d792171,1970,1988,e15e7b92-f376-374f-9285-2f59a38ad823,Guardian
04429bf4-27c2-48cf-9329-5f2c9caa98a2,1990,2008,e15e7b92-f376-374f-9285-2f59a38ad823,Guardian
9abd6236-1eb5-4e1e-8fb2-881ee35ab775,1961,1979,e15e7b92-f376-374f-9285-2f59a38ad823,Guardian
44d6f4da-b11c-48c4-96c1-21fad07407ab,1972,1990,e15e7b92-f376-374f-9285-2f59a38ad823,Guardian
38006e03-6501-4b7a-9c5f-93dd80ed4e92,2001,2019,e15e7b92-f376-374f-9285-2f59a38ad823,Guardian
c8a0ae49-cf07-468b-b106-232a887389de,1969,1987,e15e7b92-f376-374f-9285-2f59a38ad823,Guardian
9921dd5a-510e-4cf0-957c-8c47c81ff051,1950,1968,e15e7b92-f376-374f-9285-2f59a38ad823,Guardian
a2d1dc85-12ef-45e4-ac95-446ffbf3d465,1969,1987,e15e7b92-f376-374f-9285-2f59a38ad823,Guardian
a1b74098-22aa-4a5b-af32-ee1e891380b8,1975,1993,e15e7b92-f376-374f-9285-2f59a38ad823,Guardian
45e7c31e-63a9-45c9-b4df-13d6e4e10464,1996,2014,e15e7b92-f376-374f-9285-2f59a38ad823,Guardian
0b362ff2-1413-4bf1-a87c-37f8f33f0a16,1932,1950,e15e7b92-f376-374f-9285-2f59a38ad823,Guardian
e64d82d0-4b05-47af-9f6f-32500d390f30,1966,1984,e15e7b92-f376-374f-9285-2f59a38ad823,Guardian
05c6fd53-1828-482c-b088-66d3b2e873d2,1981,1999,e15e7b92-f376-374f-9285-2f59a38ad823,Guardian
c077045e-a227-4e95-b88a-84f6fcb33248,1937,1955,e15e7b92-f376-374f-9285-2f59a38ad823,Guardian
0addc22a-c10f-45da-aa55-5531a36c575b,1982,2000,e15e7b92-f376-374f-9285-2f59a38ad823,Guardian
c7c1aa4d-23e6-4449-b64a-32561a09bc5a,1922,1940,e15e7b92-f376-374f-9285-2f59a38ad823,Guardian
66b31de2-26a6-4ed3-ac03-ee410138daf1,1956,1974,e15e7b92-f376-374f-9285-2f59a38ad823,Guardian
1766080b-4150-4830-ac5f-7c214570f586,1953,1971,e15e7b92-f376-374f-9285-2f59a38ad823,Guardian
29b93dea-3d53-476b-be31-8d3d378b69b8,1987,2005,e15e7b92-f376-374f-9285-2f59a38ad823,Guardian
db2fb14c-fb7f-47a8-85b0-55aae79d8605,1992,2010,e15e7b92-f376-374f-9285-2f59a38ad823,Guardian
6b7c1acf-3a76-4814-9b6e-90bb0e5a45c3,1950,1968,e15e7b92-f376-374f-9285-2f59a38ad823,Guardian
d1d969af-df8a-47a2-8b63-990cd0d87c57,1977,1995,e15e7b92-f376-374f-9285-2f59a38ad823,Guardian
d1fd1bfe-0ca8-49f3-a6ba-f8d2f7db08b3,1973,1991,e15e7b92-f376-374f-9285-2f59a38ad823,Guardian
8242b241-2864-44d7-8d93-be7c368bfd29,1975,1993,e15e7b92-f376-374f-9285-2f59a38ad823,Guardian
4a2a7231-f769-4003-9781-f24337db3406,1956,1974,e15e7b92-f376-374f-9285-2f59a38ad823,Guardian
3ff558d2-3151-4fbe-9cc5-62222229660e,1925,1943,e15e7b92-f376-374f-9285-2f59a38ad823,Guardian
422aa198-524a-4181-a449-878f9ea6674f,1965,1983,e15e7b92-f376-374f-9285-2f59a38ad823,Guardian
bfca716c-54ac-49e2-b729-100f0b73e354,1991,2009,e15e7b92-f376-374f-9285-2f59a38ad823,Guardian
691622f4-c104-4c1e-a64b-e6bc01434026,1999,2017,e15e7b92-f376-374f-9285-2f59a38ad823,Guardian
860ef2de-0ad8-4480-83bd-8cb0bd40edc4,1985,2003,e15e7b92-f376-374f-9285-2f59a38ad823,Guardian
b0f5d27c-e0bf-4090-bae0-737c147f1317,1928,1946,e15e7b92-f376-374f-9285-2f59a38ad823,Guardian
0bcbc1fa-1203-45fe-905a-07bc786137d9,1987,2005,e15e7b92-f376-374f-9285-2f59a38ad823,Guardian
0036f304-0583-46a8-95c9-4aa18e8aafde,1959,1977,e15e7b92-f376-374f-9285-2f59a38ad823,Guardian
4606ca22-a15d-4174-b9fd-1b4737c15a20,1965,1983,e15e7b92-f376-374f-9285-2f59a38ad823,Guardian
ee1cab72-2677-450f-96d9-7727bd9b0254,1999,2017,e15e7b92-f376-374f-9285-2f59a38ad823,Guardian
f44d1049-0c11-4da9-9ff7-d6922ed35f80,1973,1991,e15e7b92-f376-374f-9285-2f59a38ad823,Guardian
7720d2e4-be8b-404f-9b4b-5864698643e9,1964,1982,e15e7b92-f376-374f-9285-2f59a38ad823,Guardian
6e6e745d-7b0d-4700-a066-ff7c69bfdee6,1944,1962,e15e7b92-f376-374f-9285-2f59a38ad823,Guardian
8c919d75-2fa7-40ca-8416-fc6a4ad14e2e,1990,2008,e15e7b92-f376-374f-9285-2f59a38ad823,Guardian
16d571db-d6a8-4727-b387-6e0359f462cc,1986,2004,e15e7b92-f376-374f-9285-2f59a38ad823,Guardian
d5e43c76-8033-4b0a-9fa9-53194a62df79,1964,1982,e15e7b92-f376-374f-9285-2f59a38ad823,Guardian
3e449bc9-6c39-431e-96b5-23853b5dc089,1978,1996,e15e7b92-f376-374f-9285-2f59a38ad823,Guardian
806d5a3b-334d-463c-9d9f-07a0609fe35b,1930,1948,e15e7b92-f376-374f-9285-2f59a38ad823,Guardian
29ace2be-468f-4906-a09c-766d0d272402,1962,1980,e15e7b92-f376-374f-9285-2f59a38ad823,Guardian
329e6b82-a2dd-4ef9-b341-85099c827628,1968,1986,e15e7b92-f376-374f-9285-2f59a38ad823,Guardian
4336ab72-952d-42ee-9bd2-128812c65e5b,1956,1974,e15e7b92-f376-374f-9285-2f59a38ad823,Guardian
d619dfe3-e6af-43bd-98ed-188ccfb58c65,2000,2018,e15e7b92-f376-374f-9285-2f59a38ad823,Guardian
378b70a6-90db-419c-824e-060e2e804797,1969,1987,e15e7b92-f376-374f-9285-2f59a38ad823,Guardian
f6a8c9a3-5824-4549-a2ef-ec6fd2169489,1952,1970,e15e7b92-f376-374f-9285-2f59a38ad823,Guardian
9173c771-92f8-46f1-a97d-c9880a513bf7,1957,1975,e15e7b92-f376-374f-9285-2f59a38ad823,Guardian
3f760b35-9d52-4847-a93f-6d33c43f0a22,1951,1969,e15e7b92-f376-374f-9285-2f59a38ad823,Guardian
7a0d9ba5-9fc9-48bb-970d-6afe0d45b298,1945,1963,e15e7b92-f376-374f-9285-2f59a38ad823,Guardian
8c1b2336-d251-420f-ac42-6af7ce61e1fe,1998,2016,e15e7b92-f376-374f-9285-2f59a38ad823,Guardian
8e6e9c2b-7c4a-4d70-aded-0d9c1d1c5f9b,1959,1977,e15e7b92-f376-374f-9285-2f59a38ad823,Guardian
ce26303a-d4ca-4842-a1f8-12b59779c6bc,1953,1971,e15e7b92-f376-374f-9285-2f59a38ad823,Guardian
2bef6c8c-f5d3-4214-869c-6a555bb21e2e,1985,2003,e15e7b92-f376-374f-9285-2f59a38ad823,Guardian
a0ee3132-b570-4ea5-b60f-b27b94b10a1e,1965,1983,e15e7b92-f376-374f-9285-2f59a38ad823,Guardian
c70c499d-d9fa-494b-a356-a677d4a6640e,1960,1978,e15e7b92-f376-374f-9285-2f59a38ad823,Guardian
69b9bb8d-89cc-4283-8f39-7753b0bb09f5,1920,1938,e15e7b92-f376-374f-9285-2f59a38ad823,Guardian
84a90773-1be2-4027-9bc9-0642d7ce8df5,1953,1971,e15e7b92-f376-374f-9285-2f59a38ad823,Guardian
79b05b4c-bff0-49a0-acc4-c23bf54fd120,1920,1938,e15e7b92-f376-374f-9285-2f59a38ad823,Guardian
