DATE,PATIENT,ENCOUNTER,CODE,DESCRIPTION,BASE_COST,REASONCODE,REASONDESCRIPTION
2011-10-09,87835246-ed57-426e-a158-1b3d3d698df7,c5c91d44-e2ab-4b7b-9617-d7c5e16305fd,117015009,Throat culture (procedure),1800.20,195662009,Acute viral pharyngitis (disorder)
2015-04-03,a75a0e79-cbab-4d5c-b2d0-3591fbc84c9a,a5c7b77b-e9e3-4e99-88aa-6eb203da4bb8,117015009,Throat culture (procedure),3059.89,195662009,Acute viral pharyngitis (disorder)
2011-10-01,0055cc74-c636-4c4e-b292-fe63005b4804,c5872ce4-92e4-4018-b7b3-b08c87eae6fb,117015009,Throat culture (procedure),2265.90,195662009,Acute viral pharyngitis (disorder)
2013-09-05,0055cc74-c636-4c4e-b292-fe63005b4804,1b71e15a-3323-438c-a64a-07f768bdddf1,117015009,Throat culture (procedure),2085.29,195662009,Acute viral pharyngitis (disorder)
2012-04-05,1deeaae2-eb02-4071-a18e-898572febde3,f10ef3dc-1411-40ef-99cc-9593f3fc20a0,117015009,Throat culture (procedure),2685.09,195662009,Acute viral pharyngitis (disorder)
2019-03-14,02b163b6-dcd6-4319-ba6b-9bfee4aa4255,4becafa1-81a1-4aaf-a86a-3f572a34de5e,117015009,Throat culture (procedure),1497.84,195662009,Acute viral pharyngitis (disorder)
2017-01-06,c935812a-c785-4d22-bf65-c32f5890d199,91d63efc-00ed-4422-bcf2-c0f367b3c72c,117015009,Throat culture (procedure),2646.02,195662009,Acute viral pharyngitis (disorder)
2011-05-24,2cd89f1e-c6e9-42d8-9734-18f4d3deb858,ef7f569e-f53e-437b-b359-9196b57d75f1,180325003,Electrical cardioversion,32399.79,49436004,Atrial Fibrillation
2012-05-29,2cd89f1e-c6e9-42d8-9734-18f4d3deb858,1cf157b0-9700-448e-b5f2-543830d8e291,180325003,Electrical cardioversion,25741.16,49436004,Atrial Fibrillation
2013-06-04,2cd89f1e-c6e9-42d8-9734-18f4d3deb858,eecebf92-1623-427f-851c-258e454d3166,18286008,Catheter ablation of tissue of heart,7359.58,49436004,Atrial Fibrillation
2014-06-10,2cd89f1e-c6e9-42d8-9734-18f4d3deb858,f276bda5-9f6a-4ba8-9998-ae09293fa5da,180325003,Electrical cardioversion,35579.19,49436004,Atrial Fibrillation
2015-06-16,2cd89f1e-c6e9-42d8-9734-18f4d3deb858,edea4754-64ff-4a18-b445-d07ac15d91d3,180325003,Electrical cardioversion,32455.07,49436004,Atrial Fibrillation
2016-06-21,2cd89f1e-c6e9-42d8-9734-18f4d3deb858,64672543-8675-4123-af1a-784d454e996b,180325003,Electrical cardioversion,21900.79,49436004,Atrial Fibrillation
2017-06-27,2cd89f1e-c6e9-42d8-9734-18f4d3deb858,3601fb18-6fc0-4418-aa11-20e20d8c2fce,180325003,Electrical cardioversion,28323.27,49436004,Atrial Fibrillation
2018-07-03,2cd89f1e-c6e9-42d8-9734-18f4d3deb858,9d313ee1-b7c4-4da4-8fcb-988b641ad0ca,180325003,Electrical cardioversion,22911.18,49436004,Atrial Fibrillation
2019-07-09,2cd89f1e-c6e9-42d8-9734-18f4d3deb858,a6664ae0-48f9-4bcb-8bad-6838ff3cf01f,180325003,Electrical cardioversion,25896.00,49436004,Atrial Fibrillation
2016-07-17,04429bf4-27c2-48cf-9329-5f2c9caa98a2,3bfbd854-d7aa-485c-ad3d-a28e975de2d3,117015009,Throat culture (procedure),1308.32,195662009,Acute viral pharyngitis (disorder)
2014-06-17,44d6f4da-b11c-48c4-96c1-21fad07407ab,30faf268-2f29-48db-9ef7-181296cc6fe8,117015009,Throat culture (procedure),1257.13,195662009,Acute viral pharyngitis (disorder)
2014-04-05,38006e03-6501-4b7a-9c5f-93dd80ed4e92,b6cd1908-9d24-4036-83fa-4e53397c0042,117015009,Throat culture (procedure),1380.88,195662009,Acute viral pharyngitis (disorder)
2018-09-01,9921dd5a-510e-4cf0-957c-8c47c81ff051,acc07dae-ff59-4cbe-bfa1-28db3e91c891,117015009,Throat culture (procedure),2337.95,195662009,Acute viral pharyngitis (disorder)
2016-01-24,45e7c31e-63a9-45c9-b4df-13d6e4e10464,a3805442-5b65-4477-88e9-51c1ec3f5238,117015009,Throat culture (procedure),1412.51,195662009,Acute viral pharyngitis (disorder)
2011-01-15,0b362ff2-1413-4bf1-a87c-37f8f33f0a16,8964d841-7445-40ad-ac35-0c5b68f0647f,180325003,Electrical cardioversion,28290.06,49436004,Atrial Fibrillation
2012-01-21,0b362ff2-1413-4bf1-a87c-37f8f33f0a16,d52ea568-82b1-42b8-b750-7a396ccfc992,180325003,Electrical cardioversion,27200.57,49436004,Atrial Fibrillation
2013-01-26,0b362ff2-1413-4bf1-a87c-37f8f33f0a16,faba0b93-cc55-4359-b4de-9e5e452af204,180325003,Electrical cardioversion,32866.91,49436004,Atrial Fibrillation
2014-02-01,0b362ff2-1413-4bf1-a87c-37f8f33f0a16,39975606-f337-42a4-b21f-d4e8590e79e0,180325003,Electrical cardioversion,39916.16,49436004,Atrial Fibrillation
2015-02-07,0b362ff2-1413-4bf1-a87c-37f8f33f0a16,a1c8a64b-1c49-4c84-bb3d-3bf48b68d284,180325003,Electrical cardioversion,46173.29,49436004,Atrial Fibrillation
2016-02-13,0b362ff2-1413-4bf1-a87c-37f8f33f0a16,0b4e6266-de4d-4a8b-b773-5a02b522ccc0,180325003,Electrical cardioversion,28639.71,49436004,Atrial Fibrillation
2017-02-18,0b362ff2-1413-4bf1-a87c-37f8f33f0a16,e0780ecd-c5e9-453b-8df4-6c69e94d4d3a,180325003,Electrical cardioversion,30726.03,49436004,Atrial Fibrillation
2018-02-24,0b362ff2-1413-4bf1-a87c-37f8f33f0a16,7561e4b5-baa2-4bf9-b736-f9a88fdc811d,18286008,Catheter ablation of tissue of heart,8300.59,49436004,Atrial Fibrillation
2019-03-02,0b362ff2-1413-4bf1-a87c-37f8f33f0a16,49811678-d20f-4272-b1db-85e58c4e558b,180325003,Electrical cardioversion,33189.70,49436004,Atrial Fibrillation
2020-03-07,0b362ff2-1413-4bf1-a87c-37f8f33f0a16,2c2de27c-a4c6-4e82-8e2c-70139213dd9b,180325003,Electrical cardioversion,40012.15,49436004,Atrial Fibrillation
2011-11-30,3ff558d2-3151-4fbe-9cc5-62222229660e,bed8c6b7-56bd-4488-819d-cf4789dd54be,18286008,Catheter ablation of tissue of heart,8916.22,49436004,Atrial Fibrillation
2012-12-05,3ff558d2-3151-4fbe-9cc5-62222229660e,7fdf9384-1361-41b8-a8ec-1b1ca907b07e,180325003,Electrical cardioversion,37467.08,49436004,Atrial Fibrillation
2013-12-11,3ff558d2-3151-4fbe-9cc5-62222229660e,a5fb4881-0bfa-4747-9577-1389e759fa61,180325003,Electrical cardioversion,27679.40,49436004,Atrial Fibrillation
2014-12-17,3ff558d2-3151-4fbe-9cc5-62222229660e,0e6a78d7-7dab-4dae-a9d0-c8718a778129,180325003,Electrical cardioversion,37493.13,49436004,Atrial Fibrillation
2015-12-23,3ff558d2-3151-4fbe-9cc5-62222229660e,a2607dce-5cf4-47dc-9399-581a5f6375ff,18286008,Catheter ablation of tissue of heart,12639.24,49436004,Atrial Fibrillation
2016-12-28,3ff558d2-3151-4fbe-9cc5-62222229660e,2bbc5fdc-be08-49ad-b09f-e64a6c3896a7,18286008,Catheter ablation of tissue of heart,13596.04,49436004,Atrial Fibrillation
2018-01-03,3ff558d2-3151-4fbe-9cc5-62222229660e,a1fafab4-e7c7-457e-b6dd-46f4b2ea5eef,180325003,Electrical cardioversion,34638.29,49436004,Atrial Fibrillation
2019-01-09,3ff558d2-3151-4fbe-9cc5-62222229660e,31aa8bef-548b-45aa-93fe-48ddddb8904e,180325003,Electrical cardioversion,32318.68,49436004,Atrial Fibrillation
2020-01-15,3ff558d2-3151-4fbe-9cc5-62222229660e,8c520004-e7a8-4355-963b-46372799b6c9,180325003,Electrical cardioversion,37615.60,49436004,Atrial Fibrillation
2011-08-14,dd01fcfb-ef4f-47fb-84d4-5a936b94134f,edfe79d5-e188-4e53-8d1d-af9ffcd5c89d,117015009,Throat culture (procedure),2742.72,195662009,Acute viral pharyngitis (disorder)
2011-12-05,422aa198-524a-4181-a449-878f9ea6674f,83190de1-d304-4358-ad14-649f392e056b,117015009,Throat culture (procedure),2362.72,195662009,Acute viral pharyngitis (disorder)
2013-06-19,860ef2de-0ad8-4480-83bd-8cb0bd40edc4,3cb2eca4-ccc5-4679-b822-8c3af84fe669,117015009,Throat culture (procedure),2415.16,195662009,Acute viral pharyngitis (disorder)
2016-06-21,ee1cab72-2677-450f-96d9-7727bd9b0254,7d30ba93-849d-4858-8a7b-500c91460082,117015009,Throat culture (procedure),2386.60,195662009,Acute viral pharyngitis (disorder)
2016-11-02,ee1cab72-2677-450f-96d9-7727bd9b0254,633fa885-3c4e-49a6-b414-7439890437cc,117015009,Throat culture (procedure),1944.73,195662009,Acute viral pharyngitis (disorder)
2015-02-27,c0252623-deb4-4a8a-9637-c1de0256e4ef,49b5e18d-b31c-4c89-b5e7-ba05652e85db,117015009,Throat culture (procedure),2224.86,195662009,Acute viral pharyngitis (disorder)
2013-10-30,0b8d8430-94df-4afe-b16f-fd8013fee2b7,40e8230f-df35-4450-9469-03f71b903f20,117015009,Throat culture (procedure),3432.47,195662009,Acute viral pharyngitis (disorder)
2010-03-19,6e6e745d-7b0d-4700-a066-ff7c69bfdee6,6fd8c312-69c8-46b3-b3a4-7ff4b4383360,180325003,Electrical cardioversion,34445.92,49436004,Atrial Fibrillation
2011-03-25,6e6e745d-7b0d-4700-a066-ff7c69bfdee6,53063a93-3859-4fdb-8825-413eb5c5f2f9,180325003,Electrical cardioversion,28868.19,49436004,Atrial Fibrillation
2012-03-30,6e6e745d-7b0d-4700-a066-ff7c69bfdee6,e3a1bca9-7416-4069-9406-3e1a6eaf31c7,18286008,Catheter ablation of tissue of heart,8673.82,49436004,Atrial Fibrillation
2013-04-05,6e6e745d-7b0d-4700-a066-ff7c69bfdee6,2bef9097-d6e0-41fc-a9ee-26f483c3399f,180325003,Electrical cardioversion,41091.07,49436004,Atrial Fibrillation
2014-04-11,6e6e745d-7b0d-4700-a066-ff7c69bfdee6,90530b9a-a030-4021-824d-6ce2dc3e4031,180325003,Electrical cardioversion,28855.91,49436004,Atrial Fibrillation
2015-04-17,6e6e745d-7b0d-4700-a066-ff7c69bfdee6,c803cf46-9943-47a0-9c84-6a1b413d7956,180325003,Electrical cardioversion,22924.40,49436004,Atrial Fibrillation
2016-04-22,6e6e745d-7b0d-4700-a066-ff7c69bfdee6,ce3c3765-3630-4575-b86c-19e28b871736,180325003,Electrical cardioversion,38982.44,49436004,Atrial Fibrillation
2017-04-28,6e6e745d-7b0d-4700-a066-ff7c69bfdee6,43c15e78-d185-4821-b673-d196e2f74fc5,180325003,Electrical cardioversion,25387.32,49436004,Atrial Fibrillation
2018-05-04,6e6e745d-7b0d-4700-a066-ff7c69bfdee6,954e9000-f066-4bf5-a81e-8bc33b196f4e,180325003,Electrical cardioversion,32358.93,49436004,Atrial Fibrillation
2019-01-25,6e6e745d-7b0d-4700-a066-ff7c69bfdee6,02b318ea-ff8f-4d05-bbd4-d4cf663ae6d5,40701008,Echocardiography (procedure),1004.50,230690007,Stroke
2019-01-25,6e6e745d-7b0d-4700-a066-ff7c69bfdee6,02b318ea-ff8f-4d05-bbd4-d4cf663ae6d5,433112001,Percutaneous mechanical thrombectomy of portal vein using fluoroscopic guidance,18895.59,230690007,Stroke
2019-05-10,6e6e745d-7b0d-4700-a066-ff7c69bfdee6,eb9ddd54-01dd-4ce6-ad57-4756cbc8d1cf,180325003,Electrical cardioversion,30828.05,49436004,Atrial Fibrillation
2017-02-13,16d571db-d6a8-4727-b387-6e0359f462cc,8d17ddcf-0f8b-4bb5-bd68-398e3b37b5ea,117015009,Throat culture (procedure),2215.94,195662009,Acute viral pharyngitis (disorder)
2018-05-25,806d5a3b-334d-463c-9d9f-07a0609fe35b,97d79e9b-d084-4a07-a144-02d24046f6c8,117015009,Throat culture (procedure),3078.49,43878008,Streptococcal sore throat (disorder)
2012-07-10,d619dfe3-e6af-43bd-98ed-188ccfb58c65,d12a99a4-8e72-4438-b8e3-debce6a77966,117015009,Throat culture (procedure),1506.42,195662009,Acute viral pharyngitis (disorder)
2010-12-31,c70c499d-d9fa-494b-a356-a677d4a6640e,ec1db864-bbd4-466b-8731-6566885115a9,117015009,Throat culture (procedure),2256.77,43878008,Streptococcal sore throat (disorder)
2011-05-18,69b9bb8d-89cc-4283-8f39-7753b0bb09f5,f247101f-9532-4e53-9dc8-d9567c923b48,180325003,Electrical cardioversion,20849.77,49436004,Atrial Fibrillation
2012-05-23,69b9bb8d-89cc-4283-8f39-7753b0bb09f5,b827eb0e-7680-45f5-91bb-534192d25d63,180325003,Electrical cardioversion,19363.99,49436004,Atrial Fibrillation
2013-05-29,69b9bb8d-89cc-4283-8f39-7753b0bb09f5,cfd7a7af-db82-450d-b360-4690293372b8,180325003,Electrical cardioversion,32486.85,49436004,Atrial Fibrillation
2014-06-04,69b9bb8d-89cc-4283-8f39-7753b0bb09f5,36c4fc78-efa2-4324-9da6-78530e8e6e4b,180325003,Electrical cardioversion,28525.81,49436004,Atrial Fibrillation
2014-06-04,69b9bb8d-89cc-4283-8f39-7753b0bb09f5,36c4fc78-efa2-4324-9da6-78530e8e6e4b,40701008,Echocardiography (procedure),464.87,230690007,Stroke
2014-06-04,69b9bb8d-89cc-4283-8f39-7753b0bb09f5,36c4fc78-efa2-4324-9da6-78530e8e6e4b,433112001,Percutaneous mechanical thrombectomy of portal vein using fluoroscopic guidance,28745.28,230690007,Stroke
