Id,ORGANIZATION,NAME,GENDER,SPECIALITY,ADDRESS,CITY,STATE,ZIP,LAT,LON,UTILIZATION
52e04ee2-3f5b-3ec2-90a0-8e9cb23d6c96,6e3a689b-5f4c-3946-be10-180a8ba7c680,Runo Liias,M,GENERAL PRACTICE,Nordenskiöldinkatu 20,Helsinki,18,00250,60.19244,24.92811,37
0d95b0dd-7278-37d1-a323-9f443a729b4d,732148ac-8c7f-3d97-a31e-1993c0743a59,Leif Merkkiniemi,M,GENERAL PRACTICE,Paciuksenkatu 3,Helsinki,18,00330,60.19018,24.90218,2
f59b2931-5f38-335e-bb20-4d336afed328,ce60fa30-aa6f-3d23-ae34-fc3e93dae148,Kirmo Huber,M,GENERAL PRACTICE,Talvelantie 6,Helsinki,18,00700,60.47152,22.69371,6
73bff816-d9c0-30a7-845a-b74217c9156e,d8f91bff-b1eb-3e4d-8936-10924c36977a,Asterix Augustin,M,GENERAL PRACTICE,Meilahdentie 2,Helsinki,18,00250,60.19263,24.89436,39
86c57337-4b90-320e-bd95-b05ed864a8cf,410e8cf7-76a3-307f-b421-5fa7760177f1,Bart Hemtman,M,GENERAL PRACTICE,Kasarmikatu 11-13,Helsinki,18,00130,60.16102,24.94834,36
b23e5eb1-b964-3023-8208-771d9f81ad5f,39010280-b8e5-3b1a-b835-bafbeea21968,Miika-Petteri Rummakko,M,GENERAL PRACTICE,Turuntie 150,Espoo,18,02740,60.22589,24.77581,40
a7c76a86-5c91-368b-9910-3a3442424448,7b74aa83-5335-38dd-a213-d6df36c7f627,Ibrahim Väliharju,M,GENERAL PRACTICE,Karvasmäentie 6,Espoo,18,02740,60.22011,24.6848,45
78aef64a-4700-3e5b-9c50-6cb7e7fdd4b8,af916982-f5f8-341b-b159-69e72695294c,Marco Sammalniemi,M,GENERAL PRACTICE,Sairaalakatu 1,Vantaa,18,01400,60.3299,25.0608,86
997811d6-354c-370a-b2b9-3307ad0847c9,b9b4f8d8-b4a7-3164-a21f-c57b0c40c3ff,Mansour Kangasalusta,M,GENERAL PRACTICE,Sairaalankatu 1,Hyvinkää,18,05830,60.612,24.82486,12
47a6cc6b-73b8-3c75-8aed-7c7b25322b85,294d60d6-0e2b-396b-a8bf-77998642f6b7,Aadi Ala-Nisula,M,GENERAL PRACTICE,Ohkolantie 10,Kellokoski,18,04500,60.53054,25.10548,30
42f8a623-52fc-3884-9ed2-e359fa026e77,8af774ed-7635-320a-ad8c-a63aa309a858,Yaseen Horsma,M,GENERAL PRACTICE,Sairaalatie 8,Lohja,18,08200,60.2247,24.01885,29
e3804912-f293-3282-bd99-dd6d83670aa4,d8b3cbb1-88db-3fc1-bb2b-6a9c0037e6e5,Celia Paakki,F,GENERAL PRACTICE,Sairaalantie 1,Porvoo,18,06200,60.37911,25.69576,17
c4bbe3e5-4ed3-3723-b243-37f442c03f0b,738aef7e-a279-3f65-9dba-fead16b27400,Runo Liias,M,GENERAL PRACTICE,Turuntie 150,Espoo,18,02740,60.22589,24.77581,1071
b8785362-93f4-3e95-a485-9e625a7b2527,9a3e6919-4ed0-32fe-a1e2-7184b06c415f,Leif Merkkiniemi,M,GENERAL PRACTICE,Karvasmäentie 6,Espoo,18,02740,60.22011,24.6848,439
0d1d229e-c09f-35b7-b445-a02d4e1d6891,a70486b2-c33a-37b3-a4cf-b3dc06cb9d84,Aleksander Norrlin,M,GENERAL PRACTICE,Sairaalakatu 1,Vantaa,18,01400,60.3299,25.0608,1497
ba651879-9330-382c-972a-5d0efeefc1c9,bf25636d-50a4-3cf2-b937-0e59fd37503f,Mikka Heikkeri,M,GENERAL PRACTICE,Sairaalankatu 1,Hyvinkää,18,05830,60.612,24.82486,91
0e0cc124-9535-3d41-be26-2177eda7c985,4eddd774-a01b-3a0b-b4c6-736a5581aba4,Erikka Belov,F,GENERAL PRACTICE,Ohkolantie 10,Kellokoski,18,04500,60.53054,25.10548,302
af76a28f-1314-368f-aaa7-4be17340fad1,942171f0-df04-34cc-9c85-1a11b2f08717,Hadi Viinikkala,F,GENERAL PRACTICE,Sairaalatie 8,Lohja,18,08200,60.2247,24.01885,334
92b4ca78-718b-30d5-b920-c0377ce19353,216a84b2-6287-356d-9bcf-655abf00debb,Shahid Lesell,M,GENERAL PRACTICE,Sairaalantie 1,Porvoo,18,06200,60.37911,25.69576,169
6bd876ff-02b2-33c3-b8d0-a6fdef7d57b9,319baef9-e8e6-3320-9e0b-7991d9c167b8,Runo Liias,M,GENERAL PRACTICE,Haartmaninkatu 4,Helsinki,18,00290,60.189159,24.909081,6
64c126be-22ce-36d2-9be3-4aa18bcf94bf,39010280-b8e5-3b1a-b835-bafbeea21968,Aleksander Norrlin,M,GENERAL PRACTICE,Turuntie 150,Espoo,18,02740,60.22589,24.77581,1
01d81119-9556-312a-befd-3ec898abb36f,af916982-f5f8-341b-b159-69e72695294c,Erikka Belov,F,GENERAL PRACTICE,Sairaalakatu 1,Vantaa,18,01400,60.3299,25.0608,3
