location_id,address_1,address_2,city,state,zip,county,location_source_value
3819,948 Erholm Katu Apt 4,,Helsinki,Uusimaa,00650,Helsinki,1ceda82b-a72a-49cd-af59-f9b7638f2d76
3820,465 Hankomäki Katu Apt 37,,Hyvinkää,Uusimaa,05840,Hyvinkää,89886292-dbbc-4cd2-aca8-9ac0128b85d2
3821,626 Paulin Katu Apt 18,,Helsinki,Uusimaa,00520,Helsinki,b87adf23-fc63-4b70-8c71-961227edd4f1
3822,1039 Jormalainen Katu Suite 69,,Mäntsälä,Uusimaa,04740,Mäntsälä,1398259b-abb8-45da-af06-99846e5f3760
3823,1019 Ylivuori Katu,,Helsinki,Uusimaa,00210,Helsinki,f5bd6b24-622c-422c-8f10-2bd335510cde
3824,157 Paulamäki Katu Suite 99,,Helsinki,Uusimaa,00210,Helsinki,dac39dc7-b41a-4a5e-84ed-a3a241bff0fa
3825,205 Siikakoski Katu Unit 87,,Vantaa,Uusimaa,01420,Vantaa,3e6a9c86-6296-4479-9d2b-29203a90a259
3826,944 Asuinmaa Katu Apt 23,,Helsinki,Uusimaa,00690,Helsinki,d8b9143d-d012-4713-ae6f-623c18c3339e
3827,166 Tommila Katu,,Järvenpää,Uusimaa,04440,Järvenpää,35265393-0b41-4110-8ea7-54726ae7ca09
3828,196 Broman Katu Suite 57,,Järvenpää,Uusimaa,04410,Järvenpää,35f85f61-2117-43b7-8e3b-0fa2ba923a93
3829,409 Jänkä Katu,,Kirkkonummi,Uusimaa,02540,Kirkkonummi,4ab39eb8-2bab-490e-9653-5f81a2496641
3830,1081 Söyrilä Katu,,Pukkila,Uusimaa,07565,Pukkila,0f9daf90-5d96-472b-8624-a3f99e19e400
3831,127 Rekinen Katu Suite 24,,Helsinki,Uusimaa,00930,Helsinki,e07ed1eb-93e4-4700-b9a6-a58fb9323c6c
3832,524 Suur-Nuuja Katu Unit 79,,Raasepori,Uusimaa,10570,Raasepori,5564a2e7-9806-4492-bc02-e668c6911d16
3833,829 Henttula Katu,,Järvenpää,Uusimaa,04410,Järvenpää,76cc9575-bd47-43ca-b610-3f5f3006675c
3834,680 Hakopuro Katu Apt 40,,Espoo,Uusimaa,02330,Espoo,9fcadb1e-3107-45fd-bad7-8d1689644885
3835,800 Kouvonen Katu,,Helsinki,Uusimaa,00990,Helsinki,e774a4bb-2adf-44d1-a042-57b0d0ac8d2d
3836,232 Allen Katu,,Askola,Uusimaa,07500,Askola,c666453a-7eaa-4111-9ed4-849395fc4cbd
3837,884 Loiva Katu,,Helsinki,Uusimaa,00920,Helsinki,75bb4cd6-a879-4afe-b7eb-1235476a1285
3838,330 Mäki-Kivistö Katu,,Espoo,Uusimaa,02260,Espoo,ced57819-0654-43ce-8611-41eae49da42a
3839,203 Eväsoja Katu,,Helsinki,Uusimaa,00810,Helsinki,3a4b5e81-0bc8-4e6a-86af-f524998ae0e4
3840,1075 Kaijankoski Katu Unit 49,,Järvenpää,Uusimaa,04440,Järvenpää,8d9d47cd-3033-41b8-96e1-ac4b9e0c251d
3841,460 Greijus Katu,,Järvenpää,Uusimaa,04400,Järvenpää,fa96395f-f354-45b5-bbfe-47acb9ba7278
3842,306 Antintupa Katu,,Vantaa,Uusimaa,01490,Vantaa,50a5bd1a-3f51-4821-8cdc-23925b32960d
3843,358 Ylander Katu,,Nurmijärvi,Uusimaa,01900,Nurmijärvi,de20b606-8253-4a15-aff5-e98b1e870787
3844,663 Lukkonen Katu,,Kirkkonummi,Uusimaa,02480,Kirkkonummi,ee8be799-bda2-43c7-992a-fd3064e2ad29
3845,373 Viikinkoski Katu,,Helsinki,Uusimaa,00180,Helsinki,ce9054ff-7b61-470f-ba61-ecbfe826ade1
3846,669 Mitikka Katu,,Helsinki,Uusimaa,00850,Helsinki,ea883ebd-8a50-41ee-9775-83e029d6156c
3847,762 Alapoikela Katu,,Helsinki,Uusimaa,00950,Helsinki,c4c5c5ee-09d9-485c-9e40-e8650a1419cf
3848,411 Pensas Katu Unit 79,,Helsinki,Uusimaa,00990,Helsinki,06fe97a2-79a5-4905-96c7-444952789145
3849,211 Baas Katu,,Espoo,Uusimaa,02820,Espoo,437c57a6-2819-44c9-9887-4a4b7b612372
3850,206 Sukki Katu Apt 86,,Vantaa,Uusimaa,01370,Vantaa,2beb82e3-1e3c-4fa4-a665-51691f4dc1f0
3851,688 Koskunen Katu,,Porvoo,Uusimaa,07390,Porvoo,c257cfe5-5d05-4456-b236-835e5f419e4b
3852,997 Erkko Katu Apt 82,,Espoo,Uusimaa,02920,Espoo,35980688-0b8a-496a-a012-3ce62a10ed90
3853,102 Häsänen Katu,,Helsinki,Uusimaa,00930,Helsinki,984d420a-a4d8-40db-a517-0d8cb1c5e1b0
3854,718 Kälkäjä Katu Apt 97,,Helsinki,Uusimaa,00420,Helsinki,438aa201-befb-4047-8841-5a9400741d88
3855,914 Arvio Katu Suite 61,,Porvoo,Uusimaa,07310,Porvoo,56e5987d-1f9e-426a-ad91-c77f34867012
3856,581 Roström Katu Unit 98,,Tuusula,Uusimaa,04310,Tuusula,ef077e8f-ea3b-44f7-a0c0-acbf597b4071
3857,880 Wasström Katu,,Vantaa,Uusimaa,01510,Vantaa,0777a400-1ec7-42ac-9123-14f0dc268ce5
3858,341 Kaitaniemi Katu Unit 18,,Espoo,Uusimaa,02100,Espoo,fc2e8c1a-1817-43a5-8052-f6e113109e87
3859,134 Huhti Katu,,Helsinki,Uusimaa,00660,Helsinki,3eb94e40-f3e3-4ec8-81fd-95e6019a895a
3860,120 Lähteenmäki Katu Suite 62,,Vantaa,Uusimaa,01380,Vantaa,3b6a84a1-b2d2-4ed3-b3b1-d7126a69aabd
3861,221 Vehkalahti Katu,,Vantaa,Uusimaa,01510,Vantaa,15f6dc7e-a77a-4c97-8267-e3256db8993c
3862,335 Jalava Katu Suite 77,,Helsinki,Uusimaa,00800,Helsinki,7d627025-47c7-4689-9a81-592b55be6a62
3863,540 Väliheikki Katu Apt 47,,Vantaa,Uusimaa,01530,Vantaa,ac25c396-f0c1-4244-803f-12aed1097413
3864,914 Soinila Katu Suite 84,,Kirkkonummi,Uusimaa,02440,Kirkkonummi,6c31be12-8166-4eda-8c59-d439ddd36a0d
3865,750 Invenius Katu Suite 14,,Espoo,Uusimaa,02270,Espoo,1104a255-1ac4-4549-869d-237e9042f640
3866,963 Vermilä Katu,,Espoo,Uusimaa,02120,Espoo,5df03c2c-c67b-4643-a030-11c3a3f6f2a8
3867,713 Tjäder Katu,,Vihti,Uusimaa,03790,Vihti,a3525d5b-0eac-4ede-9a64-f6b20be6ea47
3868,560 Lehosmaa Katu Apt 0,,Espoo,Uusimaa,02160,Espoo,c5a46c45-81fe-47d0-a5f5-d906f3c7d1e3
3869,781 Urtti Katu,,Helsinki,Uusimaa,00650,Helsinki,ef8509ac-0be8-42a5-9ca2-513c1e923b87
3870,606 Koskitalo Katu,,Helsinki,Uusimaa,00170,Helsinki,8c63c927-7aa9-454c-8c3b-387f4a1927ec
3871,133 Bergström Katu,,Helsinki,Uusimaa,00630,Helsinki,abf2a23a-edeb-4824-87be-4c6efbafed26
3872,944 Lipkin Katu,,Helsinki,Uusimaa,00150,Helsinki,52cbb5fb-7a23-4530-a645-b1caec0dc01a
3873,673 Waara Katu,,Helsinki,Uusimaa,00590,Helsinki,fd1ec500-e61d-495a-aaba-7a3634c84c8a
3874,616 Veranen Katu,,Helsinki,Uusimaa,00320,Helsinki,aa86faf7-8851-4486-a440-f66dd677dd2b
3875,564 Lerbacka Katu,,Vantaa,Uusimaa,01730,Vantaa,44b59889-0da9-41ee-a3da-a471dd444c9a
3876,596 Maanonen Katu Unit 12,,Vantaa,Uusimaa,01400,Vantaa,0ef5671e-ab10-4f43-8041-7f56a47cbdcc
3877,287 Kajanen Katu Unit 51,,Vantaa,Uusimaa,01300,Vantaa,3f033346-cd68-40d8-88b4-e9e038676b04
3878,101 Byckling Katu Unit 0,,Vihti,Uusimaa,03300,Vihti,5c9bd0c0-575e-47af-89b6-0484e55abb2d
3879,797 Pohjamies Katu Unit 95,,Espoo,Uusimaa,02380,Espoo,7201d22b-962d-4518-b85b-3ac8837de92b
3880,816 Swahn Katu,,Helsinki,Uusimaa,00670,Helsinki,e0f69562-0fd1-4bcf-8c78-aa82ca4e50b8
3881,157 Lehtokangas Katu Apt 61,,Espoo,Uusimaa,02620,Espoo,adf215bc-0618-4f1d-b784-88168a197907
3882,140 Häkkänen Katu,,Helsinki,Uusimaa,00790,Helsinki,540860d0-cc99-45b5-b4bd-68e851e30254
3883,554 Kalso Katu,,Helsinki,Uusimaa,00600,Helsinki,bb467c88-0c48-4864-9ea6-43b2e6beea48
3884,947 Rauvola Katu,,Vantaa,Uusimaa,01620,Vantaa,fcd1a37f-04c4-4ce4-b748-fe8985eab4ff
3885,866 Nemes Katu Unit 41,,Porvoo,Uusimaa,06850,Porvoo,54295c60-a477-46c6-9b00-f7804d728473
3886,140 Iso-oja Katu,,Kirkkonummi,Uusimaa,02440,Kirkkonummi,7624f3de-9501-40df-aa2d-c3b3d9ff86cd
3887,653 Nopanen Katu,,Helsinki,Uusimaa,00630,Helsinki,dc1cfdfc-341e-42a6-b810-a83319fdcab3
3888,1010 Vanala Katu,,Kirkkonummi,Uusimaa,02550,Kirkkonummi,1dcb76d3-6b67-420d-a165-670250237e83
3889,666 Sibelius Katu,,Kerava,Uusimaa,04250,Kerava,cee71be4-8c45-4365-9a3e-f2bd84d32cd0
3890,385 Paltta Katu,,Vantaa,Uusimaa,01650,Vantaa,d29bdc9d-3204-45f3-8a5b-87347fd4230e
3891,1072 Haapaniemi Katu,,Helsinki,Uusimaa,00280,Helsinki,43b17ae8-a0fd-4db7-a345-d5df021adfc1
3892,667 Formisto Katu Suite 23,,Vantaa,Uusimaa,01760,Vantaa,787d4d0c-188c-42b1-a9ad-7693dbe769e7
3893,586 Linnolahti Katu Apt 23,,Espoo,Uusimaa,02770,Espoo,507f1569-1fc3-489e-b2bc-6c1e75852a1b
3894,212 Tolppanen Katu,,Nurmijärvi,Uusimaa,01860,Nurmijärvi,97eff88c-3300-4265-9bdc-85ac0b4e3e30
3895,820 Pikkarainen Katu,,Vihti,Uusimaa,03150,Vihti,c18c4f77-4e6c-4a9e-8269-cdc8f10eb6c2
3896,159 Päivänen Katu Unit 65,,Helsinki,Uusimaa,00320,Helsinki,72e876fb-4152-442e-aee3-addd076d7f77
3897,232 Suonikko Katu Unit 3,,Vantaa,Uusimaa,01530,Vantaa,86223a57-7656-4c50-8126-56604d4ca5c7
3898,218 Teckenberg Katu Unit 95,,Helsinki,Uusimaa,00590,Helsinki,9939cc2a-59e1-4e03-a8cb-74930883ee56
3899,349 Jernman Katu Unit 88,,Helsinki,Uusimaa,00200,Helsinki,f467128c-b44c-43a6-881b-2d763f7d2bee
3900,229 Vikki Katu Apt 41,,Helsinki,Uusimaa,00760,Helsinki,378e2763-70c2-41b4-b5e6-4069f9040bbd
3901,962 Liistokki Katu,,Karkkila,Uusimaa,03710,Karkkila,b29a1221-3190-4c5b-b2de-0aa09becc851
3902,398 Lahdenne Katu,,Helsinki,Uusimaa,00360,Helsinki,d509e17e-e050-48fb-aae8-90b0dd6e3989
3903,862 Valander Katu Apt 31,,Helsinki,Uusimaa,00780,Helsinki,0f7ed03f-7db4-4944-8ce3-1d05982959b9
3904,292 Koverola Katu,,Tuusula,Uusimaa,05400,Tuusula,fa2f208a-2118-448a-8fc9-8f7749016e73
3905,557 Hakku Katu Suite 13,,Kerava,Uusimaa,04250,Kerava,94837116-d082-4183-a2d1-b15f803dbeb2
3906,727 Stenborg Katu,,Helsinki,Uusimaa,00330,Helsinki,27f22f92-8987-4bcd-a22c-7580898a4bf5
3907,584 Honko Katu,,Kerava,Uusimaa,04230,Kerava,188ab208-c55d-4177-b340-756c18bc06bb
3908,922 Huopalainen Katu,,Helsinki,Uusimaa,00600,Helsinki,13739728-c62a-4690-a7ac-1eb240863edf
3909,1042 Mäki-Ventelä Katu Apt 85,,Espoo,Uusimaa,02290,Espoo,9d86b7ca-6f19-48db-9eeb-6f4697e1144e
3910,371 Varin Katu,,Hyvinkää,Uusimaa,05900,Hyvinkää,d2e7e1e5-5b93-4190-bb6f-1d79cb94bf24
3911,678 Lantela Katu,,Espoo,Uusimaa,02610,Espoo,c3e0404e-44b4-43f2-861e-086a36a7f324
3912,1093 Nettamo Katu,,Lohja,Uusimaa,08360,Lohja,46100ed5-e413-4d65-9a56-e13feecfec8a
3913,898 Grekula Katu,,Lohja,Uusimaa,09930,Lohja,5d2ee412-6030-4162-a55d-a697029eff6e
3914,882 Tanska Katu,,Vihti,Uusimaa,03150,Vihti,27a5c686-cbaa-40d8-907d-30cb938c0185
3915,152 Ehnqvist Katu,,Espoo,Uusimaa,02980,Espoo,1fdc6ef5-b6fb-4878-9afa-2b5b41055340
3916,1062 Hoppendorff Katu Unit 28,,Helsinki,Uusimaa,00800,Helsinki,9ac86cce-faf7-4e9c-976a-5a79fb02a4b1
3917,688 Liiti Katu,,Espoo,Uusimaa,02100,Espoo,85fa5652-de51-42f2-84fb-167c7f77d835
3918,478 Lumikko Katu Suite 54,,Hanko,Uusimaa,10900,Hanko,9b455fa9-5fa0-418d-b3fb-60374e7c7469
3919,181 Gripenberg Katu,,Espoo,Uusimaa,02360,Espoo,1e5c787c-f196-4fb7-b96b-35ae27f5faa0
