person_id,gender_concept_id,year_of_birth,month_of_birth,day_of_birth,birth_datetime,race_concept_id,ethnicity_concept_id,location_id,provider_id,care_site_id,person_source_value,gender_source_value,gender_source_concept_id,race_source_value,race_source_concept_id,ethnicity_source_value,ethnicity_source_concept_id
3819,8507,2017,8,12,,8527,0,3819,,,1ceda82b-a72a-49cd-af59-f9b7638f2d76,M,0,white,0,nonhispanic,0
3820,8532,2019,9,27,,8527,0,3820,,,89886292-dbbc-4cd2-aca8-9ac0128b85d2,F,0,white,0,nonhispanic,0
3821,8532,2011,5,6,,8527,0,3821,,,b87adf23-fc63-4b70-8c71-961227edd4f1,F,0,white,0,nonhispanic,0
3822,8507,2006,8,2,,8527,0,3822,,,1398259b-abb8-45da-af06-99846e5f3760,M,0,white,0,nonhispanic,0
3823,8507,1998,2,12,,8527,0,3823,,,f5bd6b24-622c-422c-8f10-2bd335510cde,M,0,white,0,nonhispanic,0
3824,8507,2006,7,23,,8527,0,3824,,,dac39dc7-b41a-4a5e-84ed-a3a241bff0fa,M,0,white,0,nonhispanic,0
3825,8532,2013,11,8,,8527,0,3825,,,3e6a9c86-6296-4479-9d2b-29203a90a259,F,0,white,0,nonhispanic,0
3826,8507,1982,7,28,,8527,0,3826,,,d8b9143d-d012-4713-ae6f-623c18c3339e,M,0,white,0,nonhispanic,0
3827,8532,1964,9,19,,8527,0,3827,,,35265393-0b41-4110-8ea7-54726ae7ca09,F,0,white,0,nonhispanic,0
3828,8507,1961,1,2,,8527,0,3828,,,35f85f61-2117-43b7-8e3b-0fa2ba923a93,M,0,white,0,nonhispanic,0
3829,8507,1979,5,31,,8527,0,3829,,,4ab39eb8-2bab-490e-9653-5f81a2496641,M,0,white,0,nonhispanic,0
3830,8532,1985,7,7,,8527,0,3830,,,0f9daf90-5d96-472b-8624-a3f99e19e400,F,0,white,0,nonhispanic,0
3831,8532,1987,1,30,,8527,0,3831,,,e07ed1eb-93e4-4700-b9a6-a58fb9323c6c,F,0,white,0,nonhispanic,0
3832,8532,2018,4,23,,8527,0,3832,,,5564a2e7-9806-4492-bc02-e668c6911d16,F,0,white,0,nonhispanic,0
3833,8532,1945,8,27,,8527,0,3833,,,76cc9575-bd47-43ca-b610-3f5f3006675c,F,0,white,0,nonhispanic,0
3834,8507,1940,3,12,,8527,0,3834,,,9fcadb1e-3107-45fd-bad7-8d1689644885,M,0,white,0,nonhispanic,0
3835,8507,1996,12,1,,8527,0,3835,,,e774a4bb-2adf-44d1-a042-57b0d0ac8d2d,M,0,white,0,nonhispanic,0
3836,8532,1949,3,15,,8527,0,3836,,,c666453a-7eaa-4111-9ed4-849395fc4cbd,F,0,white,0,nonhispanic,0
3837,8507,1979,2,26,,8527,0,3837,,,75bb4cd6-a879-4afe-b7eb-1235476a1285,M,0,white,0,nonhispanic,0
3838,8532,1989,12,19,,8527,0,3838,,,ced57819-0654-43ce-8611-41eae49da42a,F,0,white,0,nonhispanic,0
3839,8507,1974,8,29,,8527,0,3839,,,3a4b5e81-0bc8-4e6a-86af-f524998ae0e4,M,0,white,0,nonhispanic,0
3840,8532,1992,9,28,,8527,0,3840,,,8d9d47cd-3033-41b8-96e1-ac4b9e0c251d,F,0,white,0,nonhispanic,0
3841,8507,1971,9,27,,8527,0,3841,,,fa96395f-f354-45b5-bbfe-47acb9ba7278,M,0,white,0,nonhispanic,0
3842,8532,1972,6,6,,8527,0,3842,,,50a5bd1a-3f51-4821-8cdc-23925b32960d,F,0,white,0,nonhispanic,0
3843,8507,1960,9,27,,8527,0,3843,,,de20b606-8253-4a15-aff5-e98b1e870787,M,0,white,0,nonhispanic,0
3844,8532,1974,12,25,,8527,0,3844,,,ee8be799-bda2-43c7-992a-fd3064e2ad29,F,0,white,0,nonhispanic,0
3845,8507,1986,4,2,,8527,0,3845,,,ce9054ff-7b61-470f-ba61-ecbfe826ade1,M,0,white,0,nonhispanic,0
3846,8507,1955,10,12,,8527,0,3846,,,ea883ebd-8a50-41ee-9775-83e029d6156c,M,0,white,0,nonhispanic,0
3847,8507,1988,7,3,,8527,0,3847,,,c4c5c5ee-09d9-485c-9e40-e8650a1419cf,M,0,white,0,nonhispanic,0
3848,8532,2019,10,7,,8527,0,3848,,,06fe97a2-79a5-4905-96c7-444952789145,F,0,white,0,nonhispanic,0
3849,8532,1986,10,21,,8527,0,3849,,,437c57a6-2819-44c9-9887-4a4b7b612372,F,0,white,0,nonhispanic,0
3850,8507,1967,3,9,,8527,0,3850,,,2beb82e3-1e3c-4fa4-a665-51691f4dc1f0,M,0,white,0,nonhispanic,0
3851,8532,2007,1,14,,8527,0,3851,,,c257cfe5-5d05-4456-b236-835e5f419e4b,F,0,white,0,nonhispanic,0
3852,8532,2010,10,5,,8527,0,3852,,,35980688-0b8a-496a-a012-3ce62a10ed90,F,0,white,0,nonhispanic,0
3853,8532,1938,5,13,,8527,0,3853,,,984d420a-a4d8-40db-a517-0d8cb1c5e1b0,F,0,white,0,nonhispanic,0
3854,8532,1996,12,28,,8527,0,3854,,,438aa201-befb-4047-8841-5a9400741d88,F,0,white,0,nonhispanic,0
3855,8532,2011,10,5,,8527,0,3855,,,56e5987d-1f9e-426a-ad91-c77f34867012,F,0,white,0,nonhispanic,0
3856,8532,1966,1,8,,8527,0,3856,,,ef077e8f-ea3b-44f7-a0c0-acbf597b4071,F,0,white,0,nonhispanic,0
3857,8507,2003,9,28,,8527,0,3857,,,0777a400-1ec7-42ac-9123-14f0dc268ce5,M,0,white,0,nonhispanic,0
3858,8507,1965,5,14,,8527,0,3858,,,fc2e8c1a-1817-43a5-8052-f6e113109e87,M,0,white,0,nonhispanic,0
3859,8507,1986,11,10,,8527,0,3859,,,3eb94e40-f3e3-4ec8-81fd-95e6019a895a,M,0,white,0,nonhispanic,0
3860,8507,1965,2,3,,8527,0,3860,,,3b6a84a1-b2d2-4ed3-b3b1-d7126a69aabd,M,0,white,0,nonhispanic,0
3861,8507,1953,6,28,,8527,0,3861,,,15f6dc7e-a77a-4c97-8267-e3256db8993c,M,0,white,0,nonhispanic,0
3862,8507,1968,6,23,,8527,0,3862,,,7d627025-47c7-4689-9a81-592b55be6a62,M,0,white,0,nonhispanic,0
3863,8507,1914,12,22,,8527,0,3863,,,ac25c396-f0c1-4244-803f-12aed1097413,M,0,white,0,nonhispanic,0
3864,8532,2006,4,17,,8527,0,3864,,,6c31be12-8166-4eda-8c59-d439ddd36a0d,F,0,white,0,nonhispanic,0
3865,8532,1986,9,7,,8527,0,3865,,,1104a255-1ac4-4549-869d-237e9042f640,F,0,white,0,nonhispanic,0
3866,8507,1974,8,6,,8527,0,3866,,,5df03c2c-c67b-4643-a030-11c3a3f6f2a8,M,0,white,0,nonhispanic,0
3867,8532,1978,8,3,,8527,0,3867,,,a3525d5b-0eac-4ede-9a64-f6b20be6ea47,F,0,white,0,nonhispanic,0
3868,8507,1994,10,16,,8527,0,3868,,,c5a46c45-81fe-47d0-a5f5-d906f3c7d1e3,M,0,white,0,nonhispanic,0
3869,8507,1957,5,22,,8527,0,3869,,,ef8509ac-0be8-42a5-9ca2-513c1e923b87,M,0,white,0,nonhispanic,0
3870,8507,1991,8,18,,8527,0,3870,,,8c63c927-7aa9-454c-8c3b-387f4a1927ec,M,0,white,0,nonhispanic,0
3871,8532,1949,10,24,,8527,0,3871,,,abf2a23a-edeb-4824-87be-4c6efbafed26,F,0,white,0,nonhispanic,0
3872,8507,1966,2,6,,8527,0,3872,,,52cbb5fb-7a23-4530-a645-b1caec0dc01a,M,0,white,0,nonhispanic,0
3873,8507,1943,4,21,,8527,0,3873,,,fd1ec500-e61d-495a-aaba-7a3634c84c8a,M,0,white,0,nonhispanic,0
3874,8532,1990,6,17,,8527,0,3874,,,aa86faf7-8851-4486-a440-f66dd677dd2b,F,0,white,0,nonhispanic,0
3875,8507,2000,12,22,,8527,0,3875,,,44b59889-0da9-41ee-a3da-a471dd444c9a,M,0,white,0,nonhispanic,0
3876,8507,2007,1,23,,8527,0,3876,,,0ef5671e-ab10-4f43-8041-7f56a47cbdcc,M,0,white,0,nonhispanic,0
3877,8507,1948,1,1,,8527,0,3877,,,3f033346-cd68-40d8-88b4-e9e038676b04,M,0,white,0,nonhispanic,0
3878,8507,2008,7,5,,8527,0,3878,,,5c9bd0c0-575e-47af-89b6-0484e55abb2d,M,0,white,0,nonhispanic,0
3879,8532,2017,1,15,,8527,0,3879,,,7201d22b-962d-4518-b85b-3ac8837de92b,F,0,white,0,nonhispanic,0
3880,8507,1979,1,3,,8527,0,3880,,,e0f69562-0fd1-4bcf-8c78-aa82ca4e50b8,M,0,white,0,nonhispanic,0
3881,8507,1995,4,16,,8527,0,3881,,,adf215bc-0618-4f1d-b784-88168a197907,M,0,white,0,nonhispanic,0
3882,8507,2003,5,28,,8527,0,3882,,,540860d0-cc99-45b5-b4bd-68e851e30254,M,0,white,0,nonhispanic,0
3883,8532,1994,6,20,,8527,0,3883,,,bb467c88-0c48-4864-9ea6-43b2e6beea48,F,0,white,0,nonhispanic,0
3884,8507,1914,12,22,,8527,0,3884,,,fcd1a37f-04c4-4ce4-b748-fe8985eab4ff,M,0,white,0,nonhispanic,0
3885,8507,2013,9,8,,8527,0,3885,,,54295c60-a477-46c6-9b00-f7804d728473,M,0,white,0,nonhispanic,0
3886,8507,1974,2,21,,8527,0,3886,,,7624f3de-9501-40df-aa2d-c3b3d9ff86cd,M,0,white,0,nonhispanic,0
3887,8507,1964,6,20,,8527,0,3887,,,dc1cfdfc-341e-42a6-b810-a83319fdcab3,M,0,white,0,nonhispanic,0
3888,8507,2006,1,22,,8527,0,3888,,,1dcb76d3-6b67-420d-a165-670250237e83,M,0,white,0,nonhispanic,0
3889,8532,2017,8,20,,8527,0,3889,,,cee71be4-8c45-4365-9a3e-f2bd84d32cd0,F,0,white,0,nonhispanic,0
3890,8532,1965,7,24,,8527,0,3890,,,d29bdc9d-3204-45f3-8a5b-87347fd4230e,F,0,white,0,nonhispanic,0
3891,8532,2020,2,14,,8527,0,3891,,,43b17ae8-a0fd-4db7-a345-d5df021adfc1,F,0,white,0,nonhispanic,0
3892,8532,1989,5,25,,8527,0,3892,,,787d4d0c-188c-42b1-a9ad-7693dbe769e7,F,0,white,0,nonhispanic,0
3893,8532,1977,3,27,,8527,0,3893,,,507f1569-1fc3-489e-b2bc-6c1e75852a1b,F,0,white,0,nonhispanic,0
3894,8507,1965,5,9,,8527,0,3894,,,97eff88c-3300-4265-9bdc-85ac0b4e3e30,M,0,white,0,nonhispanic,0
3895,8532,2014,1,2,,8527,0,3895,,,c18c4f77-4e6c-4a9e-8269-cdc8f10eb6c2,F,0,white,0,nonhispanic,0
3896,8532,1946,6,11,,8527,0,3896,,,72e876fb-4152-442e-aee3-addd076d7f77,F,0,white,0,nonhispanic,0
3897,8507,2018,3,16,,8527,0,3897,,,86223a57-7656-4c50-8126-56604d4ca5c7,M,0,white,0,nonhispanic,0
3898,8532,1970,10,26,,8527,0,3898,,,9939cc2a-59e1-4e03-a8cb-74930883ee56,F,0,white,0,nonhispanic,0
3899,8532,1959,10,31,,8527,0,3899,,,f467128c-b44c-43a6-881b-2d763f7d2bee,F,0,white,0,nonhispanic,0
3900,8507,1997,6,16,,8527,0,3900,,,378e2763-70c2-41b4-b5e6-4069f9040bbd,M,0,white,0,nonhispanic,0
3901,8507,2000,5,13,,8527,0,3901,,,b29a1221-3190-4c5b-b2de-0aa09becc851,M,0,white,0,nonhispanic,0
3902,8532,1948,2,19,,8527,0,3902,,,d509e17e-e050-48fb-aae8-90b0dd6e3989,F,0,white,0,nonhispanic,0
3903,8532,2007,2,1,,8527,0,3903,,,0f7ed03f-7db4-4944-8ce3-1d05982959b9,F,0,white,0,nonhispanic,0
3904,8532,1973,8,11,,8527,0,3904,,,fa2f208a-2118-448a-8fc9-8f7749016e73,F,0,white,0,nonhispanic,0
3905,8507,1970,11,3,,8527,0,3905,,,94837116-d082-4183-a2d1-b15f803dbeb2,M,0,white,0,nonhispanic,0
3906,8532,1989,10,22,,8527,0,3906,,,27f22f92-8987-4bcd-a22c-7580898a4bf5,F,0,white,0,nonhispanic,0
3907,8507,2018,3,28,,8527,0,3907,,,188ab208-c55d-4177-b340-756c18bc06bb,M,0,white,0,nonhispanic,0
3908,8532,1981,11,21,,8527,0,3908,,,13739728-c62a-4690-a7ac-1eb240863edf,F,0,white,0,nonhispanic,0
3909,8532,1954,3,19,,8527,0,3909,,,9d86b7ca-6f19-48db-9eeb-6f4697e1144e,F,0,white,0,nonhispanic,0
3910,8507,2002,11,24,,8527,0,3910,,,d2e7e1e5-5b93-4190-bb6f-1d79cb94bf24,M,0,white,0,nonhispanic,0
3911,8507,2000,2,4,,8527,0,3911,,,c3e0404e-44b4-43f2-861e-086a36a7f324,M,0,white,0,nonhispanic,0
3912,8507,1995,8,22,,8527,0,3912,,,46100ed5-e413-4d65-9a56-e13feecfec8a,M,0,white,0,nonhispanic,0
3913,8507,1976,9,13,,8527,0,3913,,,5d2ee412-6030-4162-a55d-a697029eff6e,M,0,white,0,nonhispanic,0
3914,8532,2018,9,3,,8527,0,3914,,,27a5c686-cbaa-40d8-907d-30cb938c0185,F,0,white,0,nonhispanic,0
3915,8507,1992,7,31,,8527,0,3915,,,1fdc6ef5-b6fb-4878-9afa-2b5b41055340,M,0,white,0,nonhispanic,0
3916,8532,1990,5,21,,8527,0,3916,,,9ac86cce-faf7-4e9c-976a-5a79fb02a4b1,F,0,white,0,nonhispanic,0
3917,8507,1996,12,17,,8527,0,3917,,,85fa5652-de51-42f2-84fb-167c7f77d835,M,0,white,0,nonhispanic,0
3918,8507,1952,3,1,,8527,0,3918,,,9b455fa9-5fa0-418d-b3fb-60374e7c7469,M,0,white,0,nonhispanic,0
3919,8507,1974,8,20,,8527,0,3919,,,1e5c787c-f196-4fb7-b96b-35ae27f5faa0,M,0,white,0,nonhispanic,0
