condition_occurrence_id,person_id,condition_concept_id,condition_start_date,condition_start_datetime,condition_end_date,condition_end_datetime,condition_type_concept_id,stop_reason,provider_id,visit_occurrence_id,visit_detail_id,condition_source_value,condition_source_concept_id,condition_status_source_value,condition_status_concept_id
824,2298,381316,2015-10-09,,,,32020,0,,12196,0,230690007,230690007,,
825,2305,313217,2016-10-16,,,,32020,0,,12249,0,49436004,49436004,,
826,2306,381316,2015-06-12,,,,32020,0,,12258,0,230690007,230690007,,
827,2308,313217,2016-04-08,,,,32020,0,,12274,0,49436004,49436004,,
828,2359,313217,2009-01-07,,,,32020,0,,12626,0,49436004,49436004,,
829,2359,317576,2018-02-28,,,,32020,0,,12640,0,53741008,53741008,,
