observation_id,person_id,observation_concept_id,observation_date,observation_datetime,observation_type_concept_id,value_as_number,value_as_string,value_as_concept_id,qualifier_concept_id,unit_concept_id,provider_id,visit_occurrence_id,visit_detail_id,observation_source_value,observation_source_concept_id,unit_source_value,qualifier_source_value
824,2298,0,2015-10-09,2015-10-09 00:00:00,38000280,,,0,0,0,,12196,0,230690007,230690007,,
825,2305,0,2016-10-16,2016-10-16 00:00:00,38000280,,,0,0,0,,12249,0,49436004,49436004,,
826,2306,0,2015-06-12,2015-06-12 00:00:00,38000280,,,0,0,0,,12258,0,230690007,230690007,,
827,2308,0,2016-04-08,2016-04-08 00:00:00,38000280,,,0,0,0,,12274,0,49436004,49436004,,
828,2359,0,2009-01-07,2009-01-07 00:00:00,38000280,,,0,0,0,,12626,0,49436004,49436004,,
829,2359,0,2018-02-28,2018-02-28 00:00:00,38000280,,,0,0,0,,12640,0,53741008,53741008,,
