location_id,address_1,address_2,city,state,zip,county,location_source_value
1656,812 Sojonen Katu Apt 58,,Hyvinkää,Uusimaa,05620,Hyvinkää,ba7b5d89-86ee-4f7c-bdc8-d036af45280d
1657,890 Sallmén Katu Suite 72,,Espoo,Uusimaa,02600,Espoo,51fd9147-c604-4dbe-91c7-d6d52cee11ce
1658,702 Norkko Katu Unit 37,,Espoo,Uusimaa,02120,Espoo,aea0a483-b014-4b42-8c4a-b4e745dd3e5f
1659,838 Partti Katu,,Espoo,Uusimaa,02280,Espoo,3569f8c5-5456-487b-9230-7c18dd1cff28
1660,399 Alaniva Katu Suite 54,,Helsinki,Uusimaa,00890,Helsinki,db6cb3a1-9acd-470a-89cd-49765485aa4a
1661,563 Martio Katu,,Helsinki,Uusimaa,00700,Helsinki,be491997-cec9-459e-acab-cfaf538d9397
1662,491 Mettovaara Katu,,Lohja,Uusimaa,08100,Lohja,ba5288d9-fdc9-44a0-a9b3-3a22312d9c89
1663,290 Loimusto Katu,,Helsinki,Uusimaa,00170,Helsinki,00dc2e60-7021-4c5f-bdeb-d17d8bff70dc
1664,1060 Forstén Katu,,Helsinki,Uusimaa,00250,Helsinki,7cb39181-a309-4514-b65a-4beeb3c37848
1665,105 Mäkiniemi Katu,,Vantaa,Uusimaa,01390,Vantaa,12e2d6c6-80a8-45b8-bdaa-37596845cf75
1666,875 Osmo Katu Suite 63,,Porvoo,Uusimaa,06830,Porvoo,3bd1c0b7-5313-4278-aa58-a5d1f9022671
1667,564 Haikonen Katu,,Helsinki,Uusimaa,00890,Helsinki,baa03cf0-916f-41b0-b6d6-ba71178542a0
1668,1037 Alasmaa Katu Apt 35,,Espoo,Uusimaa,02340,Espoo,e22cc0e0-d3c5-4d6f-98db-322a510c0dbc
1669,473 Varjus Katu Suite 85,,Helsinki,Uusimaa,00390,Helsinki,30d89e5f-17fe-4a95-aff3-2316f52a23b0
1670,269 Tiainen Katu Suite 39,,Helsinki,Uusimaa,00320,Helsinki,88069aef-56a4-4ce4-ac67-940e6d6e7d89
1671,383 Ranua Katu Apt 22,,Helsinki,Uusimaa,00300,Helsinki,a5d47443-3c55-4000-88c3-f02db6740a9a
1672,311 Raskila Katu,,Espoo,Uusimaa,02160,Espoo,1e2181e6-3e6d-4acf-87b8-e4859fef33ba
1673,942 Federley Katu Apt 1,,Espoo,Uusimaa,02600,Espoo,009973f9-60b8-4153-b62a-79a4efe72bde
1674,109 Sarviharju Katu Suite 23,,Kerava,Uusimaa,04250,Kerava,03e99ed2-8a78-4a31-ad22-842c9b5f04fc
1675,1067 Eräkangas Katu Unit 48,,Sipoo,Uusimaa,01120,Sipoo,a0785137-114a-432c-98ea-7c2598c20a20
1676,441 Peromaa Katu Suite 34,,Helsinki,Uusimaa,00680,Helsinki,3d76618e-2489-47b1-885c-c2365672b953
1677,479 Kaarnalehto Katu Suite 57,,Lohja,Uusimaa,08150,Lohja,d2f5edb3-3a55-4621-88b8-75a702169f25
1678,508 Kullaa Katu Unit 98,,Helsinki,Uusimaa,00220,Helsinki,3b1bfd35-ecf7-45fa-9cf3-f06c94e5c441
1679,954 Palsanen Katu Apt 49,,Lohja,Uusimaa,08150,Lohja,a51429d6-60ea-40f2-b360-09832df7172a
1680,966 Kvarnström Katu Suite 32,,Vantaa,Uusimaa,01400,Vantaa,a5497453-c11e-4aff-8d29-bf395a5ab11a
1681,612 Joutsio Katu,,Helsinki,Uusimaa,00590,Helsinki,9961d761-8bf8-4810-9fdf-719367229689
1682,381 Teerikorpi Katu Unit 78,,Raasepori,Uusimaa,10570,Raasepori,f6d38747-7f0c-4054-9857-fddf434f8fa4
1683,473 Pellonperä Katu,,Helsinki,Uusimaa,00870,Helsinki,9c0d189f-0a2b-4312-a225-f79899ab067d
1684,530 Stormi Katu,,Helsinki,Uusimaa,00690,Helsinki,bfb24ed8-ad0c-4472-83de-28d7c3a00f7d
1685,204 Halttu Katu,,Helsinki,Uusimaa,00530,Helsinki,9cb07b3a-9147-4651-ba40-6ee49d83c4a1
1686,639 Sappinen Katu,,Vantaa,Uusimaa,01480,Vantaa,392be4a2-e19e-466f-a7f0-d8f1b476b836
1687,958 Viitaluoma Katu,,Sipoo,Uusimaa,06880,Sipoo,31c77469-d03d-4fdc-b4b6-e804712864af
1688,588 Bingham Katu Unit 2,,Vantaa,Uusimaa,01480,Vantaa,197de682-9704-42e4-bec5-80433c74c4a0
1689,990 Hyyrynen Katu,,Raasepori,Uusimaa,10470,Raasepori,6b876ac4-9508-45c1-867e-3c249e5afa16
1690,918 Porokuokka Katu Apt 99,,Lohja,Uusimaa,03810,Lohja,bffd5325-d1bf-4a55-a630-f74142c9ba63
1691,509 Ullakonoja Katu Suite 71,,Helsinki,Uusimaa,00650,Helsinki,53c3bd27-01bf-4cca-b1ba-09492bec4a20
1692,464 Myllyvirta Katu,,Vantaa,Uusimaa,01600,Vantaa,497fe427-0e96-496e-82a9-911596f0a286
1693,837 Nurmikoski Katu,,Vantaa,Uusimaa,01260,Vantaa,d54b0a37-9ceb-4baf-809b-06fb28ed32b2
1694,386 Tanninen Katu,,Nurmijärvi,Uusimaa,01800,Nurmijärvi,2e7a614e-d9ff-4857-8673-3f885ab3c5c4
1695,693 Rajava Katu Apt 76,,Helsinki,Uusimaa,00580,Helsinki,87784ae1-354b-433f-922a-a93fc0fe91d3
1696,921 Pöllönen Katu Suite 63,,Tuusula,Uusimaa,04320,Tuusula,36cb291a-4dcb-4305-ba61-0f21cc422642
1697,798 Karlsten Katu Unit 8,,Vantaa,Uusimaa,01710,Vantaa,69f382cd-6723-49d9-9993-52042b4ebd00
1698,182 Ronkanen Katu,,Helsinki,Uusimaa,00940,Helsinki,d6fd9bcc-cda4-42ed-b1d6-097d2b55bd89
1699,1051 Lehtipuu Katu Unit 85,,Raasepori,Uusimaa,10710,Raasepori,399ca9ed-a2fa-41bc-9ed4-6fd983a12c4c
1700,527 Särkiö Katu,,Nurmijärvi,Uusimaa,01830,Nurmijärvi,f40aa9fb-8ec6-45a7-be2b-235f7b7006ba
1701,212 Ahokas Katu,,Vantaa,Uusimaa,01390,Vantaa,15ce6fe6-6f6f-45d0-bb97-b09f7a1deb54
1702,414 Hömppi Katu,,Helsinki,Uusimaa,00250,Helsinki,6bf70e08-7541-4da8-a867-6cfd6ec00df4
1703,832 Vähäsarja Katu,,Porvoo,Uusimaa,06850,Porvoo,cd8d0c9e-f8c3-43b6-98ef-275838bd86a3
1704,513 Lahermaa Katu,,Helsinki,Uusimaa,00400,Helsinki,7e195aea-288e-42fa-907b-569dffaf1644
1705,418 Haarala Katu Apt 94,,Helsinki,Uusimaa,00500,Helsinki,23eef313-533e-4537-b85d-1ab00a0bb2f4
1706,1052 Gullqvist Katu,,Helsinki,Uusimaa,00330,Helsinki,2b942b72-4b5c-4e2e-bd79-c2b6c105a53f
1707,1021 Rautamies Katu,,Helsinki,Uusimaa,00100,Helsinki,e220ce30-8dfa-4a35-b2f2-50371d5c38a7
1708,330 Humina Katu,,Helsinki,Uusimaa,00380,Helsinki,c7154713-85e7-4908-a248-9bf2fc0417cb
1709,808 Gauffin Katu Suite 93,,Järvenpää,Uusimaa,04460,Järvenpää,a9dc8284-0363-43bf-8ba4-a3ce6af0a10f
1710,458 Kraemer Katu,,Vantaa,Uusimaa,01520,Vantaa,91ca12a5-b0c9-4d40-ba47-ee14dd57401e
1711,766 Kauranta Katu Suite 55,,Karkkila,Uusimaa,03710,Karkkila,e4a60632-fe3d-4393-9e22-90138774da15
1712,780 Braun Katu Unit 57,,Espoo,Uusimaa,02270,Espoo,bd2a63a1-cf5e-4268-9cd8-fca39f872bd7
1713,655 Maittila Katu,,Loviisa,Uusimaa,07750,Loviisa,f9ea6555-fefd-4e5b-bce4-6de1fcaf0602
1714,677 Hoikka Katu,,Helsinki,Uusimaa,00730,Helsinki,b5c15cbc-b387-4f2f-9195-66068c1bb5dd
1715,660 Östermark Katu Unit 11,,Helsinki,Uusimaa,00210,Helsinki,14b6e5b4-230e-49c8-b81a-a51356befb21
1716,1031 Nieminen Katu Suite 21,,Helsinki,Uusimaa,00950,Helsinki,e4cabce8-93fb-4143-be6a-f9e3c3649110
1717,1013 Nurmikoski Katu Suite 67,,Tuusula,Uusimaa,04310,Tuusula,6d21a902-ed0c-4fe9-8adf-d8304efdac8e
1718,458 Morelius Katu Unit 12,,Tuusula,Uusimaa,04300,Tuusula,a6897b08-df00-486a-9a0c-f3d50c35d359
1719,958 Parkkari Katu,,Vantaa,Uusimaa,01480,Vantaa,2de304fe-b139-48db-a2e9-412ebd998373
1720,210 von Konow Katu,,Helsinki,Uusimaa,00640,Helsinki,1eb07836-d680-44b8-b149-abc14ba3810a
1721,324 Joskitt Katu Unit 16,,Espoo,Uusimaa,02380,Espoo,1b9eb531-651e-4e86-b62f-d6f64a2d96a2
1722,1086 Ervelius Katu Suite 72,,Espoo,Uusimaa,02210,Espoo,313ccf40-a4c2-47e0-a044-208de33f3b38
1723,681 Osmo Katu,,Helsinki,Uusimaa,00360,Helsinki,6a204b5b-82e1-4895-8810-b84cfda39ef3
1724,468 Jiang Katu,,Helsinki,Uusimaa,00170,Helsinki,9f6f32f9-598f-42ff-89ae-0e293a210b1d
1725,697 Kuljuntausta Katu,,Porvoo,Uusimaa,01180,Porvoo,2eb4dea9-5b9e-4ce7-9911-05c497d5e671
1726,578 Wimmer Katu Suite 80,,Helsinki,Uusimaa,00920,Helsinki,3cf5aa2b-1298-489d-a141-a1fec20c8167
1727,128 Vestola Katu Apt 74,,Lohja,Uusimaa,08680,Lohja,15e80d67-0d1d-4546-a053-8e5f76b46dd1
1728,892 Nuolivirta Katu,,Porvoo,Uusimaa,06850,Porvoo,42c1a0e4-6954-4cda-84b8-423f0e3aec76
1729,147 Hiiros Katu,,Tuusula,Uusimaa,04380,Tuusula,553b443b-d516-4f0b-8aaa-c4a9ec9a5ed8
1730,113 Reunamäki Katu Unit 94,,Helsinki,Uusimaa,00960,Helsinki,4ead37cf-42b3-44e8-9170-95d847d3c4d0
1731,245 Mäkikangas Katu Unit 15,,Vantaa,Uusimaa,01260,Vantaa,34181855-1629-47e4-890b-2478e2c67e4b
1732,703 Tiikko Katu,,Helsinki,Uusimaa,00390,Helsinki,0c3c1e5b-9711-4bda-9c0b-3527fad37c99
1733,862 Sederholm Katu Apt 39,,Espoo,Uusimaa,02680,Espoo,4e26447c-a6e5-4346-b106-15532ce3bdc6
1734,276 Rutanen Katu Suite 9,,Raasepori,Uusimaa,10480,Raasepori,883774ef-a700-4158-a8ed-8834d1a7c658
1735,297 Paanala Katu Suite 66,,Helsinki,Uusimaa,00850,Helsinki,e2ce1021-c2fd-45a4-9ba5-483705088efc
1736,981 Sahlstein Katu,,Helsinki,Uusimaa,00740,Helsinki,bb193aab-412c-4958-ae74-df605534d5c7
1737,521 Renman Katu,,Helsinki,Uusimaa,00650,Helsinki,1b290019-d53c-4df3-bb78-82a8f919337e
1738,315 Karma Katu,,Helsinki,Uusimaa,00290,Helsinki,b7a0138c-37c8-44ce-8544-08c92cfec089
1739,568 Ryttäri Katu,,Kerava,Uusimaa,04250,Kerava,03e3e4bf-7978-404e-8b3d-4486951aa412
1740,1060 Seikola Katu,,Sipoo,Uusimaa,06880,Sipoo,6ca5e59b-8a71-4429-9186-b6eaf9b9d08a
1741,1007 Nikama Katu Suite 18,,Helsinki,Uusimaa,00220,Helsinki,a0b2fb21-d51c-43a9-911c-79b41c70521f
1742,220 Sundsten Katu Unit 2,,Espoo,Uusimaa,02250,Espoo,343ed3bf-a909-44f4-9c87-0c290783254a
1743,715 Länsivuori Katu Unit 45,,Lohja,Uusimaa,08150,Lohja,944488cf-8805-4697-bfbf-213e9141c8a3
1744,172 Vainikkala Katu Apt 91,,Helsinki,Uusimaa,00540,Helsinki,5291fa04-a8fb-4573-9e7b-a43a11c7b528
1745,988 Rintapää Katu,,Järvenpää,Uusimaa,04440,Järvenpää,ba39bf12-a613-41a1-aa93-69cef0bcddd8
1746,197 Joonala Katu Suite 62,,Järvenpää,Uusimaa,04460,Järvenpää,26dd8553-3dce-4e56-9cf8-934de30ba0ae
1747,863 Hillu Katu,,Helsinki,Uusimaa,00440,Helsinki,d6a71ae3-6a5d-4942-88bc-5bf378f35b88
1748,135 Vilhelmsson Katu Apt 35,,Espoo,Uusimaa,02720,Espoo,5f484aa0-1459-45ae-86a2-3790e62eb6d0
1749,1001 Leiramo Katu Suite 66,,Helsinki,Uusimaa,00790,Helsinki,39a4f624-dd81-4390-8582-64688e61108a
1750,873 Lahikainen Katu,,Espoo,Uusimaa,02920,Espoo,9176304b-e4ef-4dee-93b6-9d342f6638de
1751,597 Taube Katu,,Helsinki,Uusimaa,00380,Helsinki,486e8f0f-7093-4a0d-83d1-60b4c786855c
1752,599 Kämi Katu Unit 32,,Hyvinkää,Uusimaa,05950,Hyvinkää,d36bf36b-aa8d-4ee0-9aa6-371d1b51bb1d
1753,824 Ruusumaa Katu,,Vantaa,Uusimaa,01610,Vantaa,aef585b6-014c-4e83-91ec-491f24ae467e
1754,375 Mesterton Katu Suite 6,,Kirkkonummi,Uusimaa,02520,Kirkkonummi,19ba4762-5f71-4652-aba3-69ded8fc15f3
1755,250 Ala-Keturi Katu,,Vihti,Uusimaa,03150,Vihti,31198074-84f3-467d-aa00-623e06588723
1756,937 Uusi-Seppälä Katu Suite 72,,Järvenpää,Uusimaa,04430,Järvenpää,cfa5af7e-97e5-493d-a195-2f88adb131df
1757,563 Huumarsalo Katu,,Helsinki,Uusimaa,00540,Helsinki,19945ab9-6f9c-4a00-a800-a373bf5a5b2a
1758,881 Pönni Katu,,Hyvinkää,Uusimaa,05840,Hyvinkää,dd781ba5-6930-4de4-98b9-b5ebc407df52
