location_id,address_1,address_2,city,state,zip,county,location_source_value
719,181 Mölsä Katu,,Espoo,Uusimaa,02750,Espoo,f84f51b4-8bcd-4dbf-8f54-3c900e592191
720,1013 Järvenkylä Katu Suite 95,,Helsinki,Uusimaa,00580,Helsinki,20e0fc70-eaef-449d-a389-b6baea716c1a
721,873 Polvi Katu Apt 88,,Vantaa,Uusimaa,01700,Vantaa,e17ccbe8-a167-4125-b252-540779226e91
722,358 Kaarlas Katu,,Helsinki,Uusimaa,00990,Helsinki,d30d2bb4-7fbc-421d-9aa3-af3a3e0bca7a
723,252 Fetula Katu Suite 13,,Helsinki,Uusimaa,00930,Helsinki,917dd99c-1343-4c09-9010-62e8cd566af0
724,945 Lahikainen Katu Apt 1,,Helsinki,Uusimaa,00690,Helsinki,20c01872-73c3-415a-989a-ff57148a1d26
725,879 Seppälä Katu Unit 2,,Helsinki,Uusimaa,00320,Helsinki,e134fd59-ccb3-4629-b78f-68c567cb7ee6
726,381 Huuskola Katu Suite 93,,Vantaa,Uusimaa,01340,Vantaa,0e1344c5-1648-48c0-8df9-c2f143844ce6
727,1019 Pohjois-Koivisto Katu Apt 95,,Vantaa,Uusimaa,01660,Vantaa,dcb6c9f3-23e1-4ff8-800d-b6f4537c4352
728,938 Lokkila Katu Apt 66,,Mäntsälä,Uusimaa,04940,Mäntsälä,235a12c1-e835-4118-9748-5c542466da7d
729,107 Ruusunen Katu,,Porvoo,Uusimaa,07320,Porvoo,177e2cc0-5744-4a5d-a628-f2fe0c57f126
730,646 Kraufvelin Katu,,Helsinki,Uusimaa,00290,Helsinki,16a74fbf-9615-4068-a40e-d095f707a4fd
731,146 Riihijärvi Katu Apt 70,,Espoo,Uusimaa,02780,Espoo,40024868-a478-484a-b8f2-4c7ef4d1e189
732,507 Kuurlunti Katu Apt 0,,Helsinki,Uusimaa,00670,Helsinki,b49c1bbf-420c-4169-b3bc-a928c106850a
733,295 Tervaskanto Katu Apt 8,,Helsinki,Uusimaa,00340,Helsinki,aaf7f0a7-1b90-42f5-8ba8-ff09a281db3f
734,558 Järvirova Katu,,Helsinki,Uusimaa,00510,Helsinki,2ab0a593-ea7c-4c5b-9e1e-a978c06bee80
735,293 Bachmann Katu,,Nurmijärvi,Uusimaa,05100,Nurmijärvi,2aa947bd-7cf7-4df3-86de-273d70531f56
736,882 Kivioja Katu,,Helsinki,Uusimaa,00760,Helsinki,a74fb584-a922-4ddf-9832-7033fcf821cd
737,675 Kuusenoja Katu,,Helsinki,Uusimaa,00280,Helsinki,0256ba13-cb1d-4db6-bd4b-59026a78af58
738,1091 Kristeri Katu,,Helsinki,Uusimaa,00170,Helsinki,490b482d-b06e-4537-88bd-08f8fe00b2e2
739,606 Saksholm Katu Unit 10,,Helsinki,Uusimaa,00600,Helsinki,8e5a0b43-dd06-4ad0-aa93-c9ff91925b26
740,774 Uusikoski Katu Suite 22,,Hyvinkää,Uusimaa,05880,Hyvinkää,27416ed8-83e7-44c2-b241-3d1f3ad2a3fe
741,745 Keto-Tokoi Katu,,Espoo,Uusimaa,02240,Espoo,e9ccad9b-c948-4d51-b7c3-5790514cd21e
742,583 Eloranta Katu,,Helsinki,Uusimaa,00850,Helsinki,bdd01371-b352-45fa-9d73-b2fa94e90d5e
743,129 Saha Katu Suite 98,,Helsinki,Uusimaa,00950,Helsinki,7bf6019e-8d40-412c-b689-28b24366f196
744,1009 Solkio Katu,,Helsinki,Uusimaa,00210,Helsinki,445d3ce8-dc0a-4b52-9795-84cf680a06fb
745,933 Yasin Katu Apt 53,,Helsinki,Uusimaa,00520,Helsinki,1e4bd39c-4662-4e90-8c0b-3502fa2c824f
746,581 Kurttio Katu Apt 96,,Vantaa,Uusimaa,01530,Vantaa,e0deb70d-faa8-4852-9f8b-a6ac6a347ca6
747,473 Solismaa Katu Apt 71,,Nurmijärvi,Uusimaa,01820,Nurmijärvi,caec6a82-a9b3-4441-8218-cc33309e790d
748,324 Känsäkoski Katu,,Tuusula,Uusimaa,04370,Tuusula,58f004f8-4d21-4142-b4bb-3deeca44fbe8
749,160 Weisell Katu Apt 46,,Espoo,Uusimaa,02860,Espoo,0a2d6e69-9c84-4351-9a58-f8eec2568a31
750,882 Löytökorpi Katu,,Helsinki,Uusimaa,00300,Helsinki,3025918a-a6be-49fe-a797-3103d5777991
751,534 Kankala Katu Suite 75,,Espoo,Uusimaa,02630,Espoo,b91cabc6-6917-4dbb-8295-c5094f44dfef
752,436 Kuoppa-aho Katu,,Vihti,Uusimaa,03300,Vihti,a3cb56f8-9538-4c1a-a053-e83e434f5c3c
753,285 Apunen Katu Unit 54,,Hyvinkää,Uusimaa,05800,Hyvinkää,179af1fa-9b5d-45a2-8993-088a565b48af
754,944 Poppius Katu Unit 92,,Helsinki,Uusimaa,00900,Helsinki,0d6426a7-e113-40e5-b0a8-4a4523c1e1e2
755,636 Kiiski Katu Suite 60,,Helsinki,Uusimaa,00540,Helsinki,efd4ac90-3645-49ea-bebb-30d0e737abb6
756,256 Väntönen Katu,,Espoo,Uusimaa,02100,Espoo,88aff3c6-474b-4a6a-a969-0012d8759d0f
757,400 Tiuttu Katu Suite 94,,Espoo,Uusimaa,02320,Espoo,6d062c19-b53c-4eef-80b4-a43254c28ce5
758,643 Viskari Katu Suite 51,,Sipoo,Uusimaa,01150,Sipoo,41039313-c824-4444-b525-f9ef6ea9fab4
759,451 Bolodin Katu Suite 98,,Raasepori,Uusimaa,10600,Raasepori,c645b111-e0ee-49e4-87f6-e7c2d41ff010
760,967 Uuro Katu,,Helsinki,Uusimaa,00780,Helsinki,47a6482e-379c-4799-8ea3-ff37c5a81ff8
761,266 Simos Katu,,Helsinki,Uusimaa,00540,Helsinki,23851b20-9b28-4c31-9e45-145d49e70b36
762,385 Pasonen Katu,,Vantaa,Uusimaa,01530,Vantaa,c61629bb-fdf2-46d8-a7bf-42f8eaf1afa6
763,497 Wallis Katu,,Helsinki,Uusimaa,00370,Helsinki,c044a55e-7d5c-40e0-ac36-3909a6d97d0e
764,940 Vilppu Katu,,Espoo,Uusimaa,02780,Espoo,582e14cd-4735-4816-b494-ea890f34915e
765,128 Vieruaho Katu,,Tuusula,Uusimaa,04320,Tuusula,c0ebd364-43df-48f1-a350-b2fe51fc589b
766,1011 Rinkelo Katu,,Espoo,Uusimaa,02330,Espoo,2d8421a9-742f-46f9-9743-d25b088e5c12
767,692 Frestadius Katu,,Raasepori,Uusimaa,10380,Raasepori,271c6c3e-c3da-452f-af00-ef1d445cd23e
768,757 Pajasmaa Katu Suite 36,,Espoo,Uusimaa,02920,Espoo,3117ae4e-fc6e-4434-9d07-4925f54d7e2c
769,642 Reingoldt Katu Apt 73,,Porvoo,Uusimaa,06500,Porvoo,5759cd68-395c-49d4-9fa8-fbd19e0140d6
770,984 Jokisuo Katu,,Vihti,Uusimaa,03150,Vihti,4cdb80ed-a3a1-4cd1-8a91-c34939f15bfe
771,1026 Mertaniemi Katu,,Nurmijärvi,Uusimaa,01820,Nurmijärvi,7151c180-838a-4021-b663-63ad7d32a24d
772,1076 Wallace Katu Suite 40,,Helsinki,Uusimaa,00130,Helsinki,c9a64393-e75e-4710-a96a-fbeb4bd0ddb5
773,469 Smolander Katu Unit 56,,Helsinki,Uusimaa,00740,Helsinki,a971d615-9117-4597-bc3a-ec3fbee52542
774,1037 Kaita Katu,,Helsinki,Uusimaa,00370,Helsinki,a6872f69-31a3-4b57-b28b-4cae2f05bcc9
775,163 Rajanen Katu Unit 46,,Espoo,Uusimaa,02180,Espoo,cbef5ace-6171-4c89-8419-4d9af1a13fe4
776,177 Groth Katu,,Vantaa,Uusimaa,01340,Vantaa,a9b20d89-c73a-4524-b730-bf8712d4749d
777,887 Jänkälä Katu,,Espoo,Uusimaa,02280,Espoo,e0c9ad20-465e-4b76-b84b-59925d079ccb
778,157 Huuhtiainen Katu,,Espoo,Uusimaa,02280,Espoo,2211d223-ff07-4250-8555-4c27a543a770
779,801 Tuomaila Katu Apt 45,,Espoo,Uusimaa,02150,Espoo,f4b62649-fb56-48ad-920d-d46b209d075e
780,606 Pönni Katu Suite 73,,Helsinki,Uusimaa,00600,Helsinki,f82f8ded-3c63-454c-84b4-e7a350ffb286
781,548 Vartija Katu,,Sipoo,Uusimaa,01190,Sipoo,798cb48a-d195-49db-89c9-fbe705c4a9ac
782,116 Lapinoja Katu,,Espoo,Uusimaa,02970,Espoo,e8cbe0e4-6ff5-43b0-ae60-bcefa9cecf86
783,1049 Varjakoski Katu,,Helsinki,Uusimaa,00100,Helsinki,ddf66987-811b-4057-bb66-375ff0436d99
784,107 Ilmalahti Katu,,Porvoo,Uusimaa,06530,Porvoo,51de15f9-b68d-4298-a21f-c4810ac691f3
785,1001 Kairus Katu,,Espoo,Uusimaa,02610,Espoo,b7324ba4-718b-403c-9638-d8cec3443bc8
786,955 Kautio Katu,,Lohja,Uusimaa,03810,Lohja,fb57564d-ec58-43b7-b61c-bb8bdb72e21b
787,967 Helve Katu Suite 16,,Lohja,Uusimaa,08350,Lohja,4913aad6-b0f5-4a79-a1d8-d4185863f7c1
788,756 Sora Katu,,Lohja,Uusimaa,09430,Lohja,dd0316c6-18b7-4f88-b365-c6b49f5dd6e7
789,526 Vuorenoja Katu Apt 6,,Helsinki,Uusimaa,00390,Helsinki,fea26a81-62c0-47b8-a77a-33cd47a676cc
790,544 Rietz Katu,,Helsinki,Uusimaa,00520,Helsinki,b43b1e2f-31a8-4a3e-9ff7-62b68ebfc427
791,477 Saksio Katu Suite 9,,Helsinki,Uusimaa,00410,Helsinki,3aae8122-78c4-4cad-829f-344c564bd10c
792,680 Saksio Katu,,Tuusula,Uusimaa,04320,Tuusula,ef77e0be-7a7b-4402-98de-b8310b400eab
793,612 Tapiola Katu,,Helsinki,Uusimaa,00570,Helsinki,123e6dd3-79cd-491b-8a19-e6fe607dca66
794,460 Okuloff Katu Suite 89,,Helsinki,Uusimaa,00580,Helsinki,83fdcbb8-aa18-4b2a-b478-d948a1961d6c
795,388 Pöytäkivi Katu,,Vantaa,Uusimaa,01480,Vantaa,c2d3afd1-6965-4711-83e7-5dcfd46a95d9
796,1021 Maansaari Katu Apt 61,,Vantaa,Uusimaa,01710,Vantaa,58e55eec-0b9d-4c5b-9c79-e09477a60619
797,384 Narkaus Katu Unit 92,,Espoo,Uusimaa,02130,Espoo,dd5f0772-9ca6-43d8-a6bf-eea57699be8e
798,330 Maantila Katu Suite 6,,Vantaa,Uusimaa,01360,Vantaa,df1046dc-9689-47c0-b18a-1513427656af
799,338 Toivoniemi Katu Apt 49,,Karkkila,Uusimaa,03600,Karkkila,e2dc6cbf-7cfb-4555-8c59-d26952c158f6
800,826 Soinisalo Katu,,Espoo,Uusimaa,02920,Espoo,4bf04008-7d96-45c5-8377-65540600f4f6
801,890 Flyckt Katu,,Helsinki,Uusimaa,00850,Helsinki,25e2b21e-3d48-41d1-82cf-bb808623a754
802,544 Stevander Katu,,Espoo,Uusimaa,02980,Espoo,4aed94b3-b7f2-4a36-bc0a-91b50efdc4ec
803,894 Ahveninen Katu Unit 37,,Helsinki,Uusimaa,00780,Helsinki,14c886a9-69e8-438a-b0af-083af199a5c8
804,357 Ryhänen Katu Unit 11,,Nurmijärvi,Uusimaa,01830,Nurmijärvi,8c913f37-661b-4687-875f-80c70957db5d
805,1044 Jönsson Katu,,Espoo,Uusimaa,02980,Espoo,b4d9ee28-ffab-4a04-87b2-811239c633a0
806,604 Tuurihalme Katu Apt 32,,Tuusula,Uusimaa,04370,Tuusula,be1f9503-4423-44c4-9316-2fecdc1530ed
807,351 Westersund Katu Apt 21,,Nurmijärvi,Uusimaa,01830,Nurmijärvi,da0c2b51-d722-4e89-9cb0-3f13d6e78342
808,605 Heusala Katu Apt 65,,Raasepori,Uusimaa,10330,Raasepori,fe5b5a17-4dcf-4ae0-a9c6-e3801e3a560c
809,840 Varala Katu,,Nurmijärvi,Uusimaa,05250,Nurmijärvi,94eee4ae-af8f-4116-b925-00b49dfb38a2
810,247 Domander Katu,,Helsinki,Uusimaa,00360,Helsinki,314c57c3-8fef-4240-add4-a26d12dbfe8e
811,100 Hilska Katu,,Helsinki,Uusimaa,00700,Helsinki,65f4e7f7-fa88-448e-a656-7047d2cf4545
812,593 Kemppanen Katu,,Hyvinkää,Uusimaa,05440,Hyvinkää,403927ac-ca43-4982-9458-8a830e4e4760
813,416 Bhandari Katu,,Espoo,Uusimaa,02130,Espoo,1c5acf8d-1092-4f78-babd-b032a42d1f02
814,692 Reivo Katu Suite 16,,Helsinki,Uusimaa,00270,Helsinki,fd4560c0-68fb-447c-bc0e-5bc32f70b87a
815,644 Kesä Katu,,Lohja,Uusimaa,08360,Lohja,6aa2f83b-c8df-4854-8b37-4025236b7d91
816,879 Cajander Katu Suite 58,,Loviisa,Uusimaa,07700,Loviisa,d39a7cd4-8e25-43c0-bd9a-87dbca62346e
817,1097 Jokivalo Katu,,Loviisa,Uusimaa,07920,Loviisa,22516601-7bfa-419c-b978-8c4f0e431637
818,571 Ilmivalta Katu Unit 61,,Lohja,Uusimaa,08700,Lohja,2ab691af-575b-43d3-aeb3-c023d921b8bf
819,509 Rivinen Katu Suite 58,,Helsinki,Uusimaa,00620,Helsinki,08ca8efb-a126-444a-858b-4468cb0bb45c
820,213 Janhu Katu,,Espoo,Uusimaa,02330,Espoo,c4eb2a7b-0215-4a26-b39a-9492fe56a0d9
821,456 Halko Katu Apt 65,,Loviisa,Uusimaa,07880,Loviisa,696a6153-37d8-496f-bfce-effc715ad907
