person_id,gender_concept_id,year_of_birth,month_of_birth,day_of_birth,birth_datetime,race_concept_id,ethnicity_concept_id,location_id,provider_id,care_site_id,person_source_value,gender_source_value,gender_source_concept_id,race_source_value,race_source_concept_id,ethnicity_source_value,ethnicity_source_concept_id
719,8532,2014,6,6,,8527,0,719,,,f84f51b4-8bcd-4dbf-8f54-3c900e592191,F,0,white,0,nonhispanic,0
720,8507,2004,8,9,,8527,0,720,,,20e0fc70-eaef-449d-a389-b6baea716c1a,M,0,white,0,nonhispanic,0
721,8507,1987,5,18,,8527,0,721,,,e17ccbe8-a167-4125-b252-540779226e91,M,0,white,0,nonhispanic,0
722,8532,1990,2,17,,8527,0,722,,,d30d2bb4-7fbc-421d-9aa3-af3a3e0bca7a,F,0,white,0,nonhispanic,0
723,8507,1998,6,16,,8527,0,723,,,917dd99c-1343-4c09-9010-62e8cd566af0,M,0,white,0,nonhispanic,0
724,8532,1982,8,7,,8527,0,724,,,20c01872-73c3-415a-989a-ff57148a1d26,F,0,white,0,nonhispanic,0
725,8532,1982,7,19,,8527,0,725,,,e134fd59-ccb3-4629-b78f-68c567cb7ee6,F,0,white,0,nonhispanic,0
726,8532,1973,3,22,,8527,0,726,,,0e1344c5-1648-48c0-8df9-c2f143844ce6,F,0,white,0,nonhispanic,0
727,8532,2002,4,28,,8527,0,727,,,dcb6c9f3-23e1-4ff8-800d-b6f4537c4352,F,0,white,0,nonhispanic,0
728,8532,1981,1,2,,8527,0,728,,,235a12c1-e835-4118-9748-5c542466da7d,F,0,white,0,nonhispanic,0
729,8507,1973,11,29,,8527,0,729,,,177e2cc0-5744-4a5d-a628-f2fe0c57f126,M,0,white,0,nonhispanic,0
730,8532,1983,6,12,,8527,0,730,,,16a74fbf-9615-4068-a40e-d095f707a4fd,F,0,white,0,nonhispanic,0
731,8532,1946,8,25,,8527,0,731,,,40024868-a478-484a-b8f2-4c7ef4d1e189,F,0,white,0,nonhispanic,0
732,8507,1990,5,5,,8527,0,732,,,b49c1bbf-420c-4169-b3bc-a928c106850a,M,0,white,0,nonhispanic,0
733,8532,1958,7,5,,8527,0,733,,,aaf7f0a7-1b90-42f5-8ba8-ff09a281db3f,F,0,white,0,nonhispanic,0
734,8507,1973,4,18,,8527,0,734,,,2ab0a593-ea7c-4c5b-9e1e-a978c06bee80,M,0,white,0,nonhispanic,0
735,8507,1982,7,29,,8527,0,735,,,2aa947bd-7cf7-4df3-86de-273d70531f56,M,0,white,0,nonhispanic,0
736,8507,1990,5,5,,8527,0,736,,,a74fb584-a922-4ddf-9832-7033fcf821cd,M,0,white,0,nonhispanic,0
737,8507,1978,8,15,,8527,0,737,,,0256ba13-cb1d-4db6-bd4b-59026a78af58,M,0,white,0,nonhispanic,0
738,8532,1991,7,6,,8527,0,738,,,490b482d-b06e-4537-88bd-08f8fe00b2e2,F,0,white,0,nonhispanic,0
739,8532,1979,5,24,,8527,0,739,,,8e5a0b43-dd06-4ad0-aa93-c9ff91925b26,F,0,white,0,nonhispanic,0
740,8532,2010,10,28,,8527,0,740,,,27416ed8-83e7-44c2-b241-3d1f3ad2a3fe,F,0,white,0,nonhispanic,0
741,8532,1964,12,7,,8527,0,741,,,e9ccad9b-c948-4d51-b7c3-5790514cd21e,F,0,white,0,nonhispanic,0
742,8532,1988,7,23,,8527,0,742,,,bdd01371-b352-45fa-9d73-b2fa94e90d5e,F,0,white,0,nonhispanic,0
743,8507,1951,10,24,,8527,0,743,,,7bf6019e-8d40-412c-b689-28b24366f196,M,0,white,0,nonhispanic,0
744,8532,1983,5,9,,8527,0,744,,,445d3ce8-dc0a-4b52-9795-84cf680a06fb,F,0,white,0,nonhispanic,0
745,8532,1983,8,28,,8527,0,745,,,1e4bd39c-4662-4e90-8c0b-3502fa2c824f,F,0,white,0,nonhispanic,0
746,8532,1984,9,30,,8527,0,746,,,e0deb70d-faa8-4852-9f8b-a6ac6a347ca6,F,0,white,0,nonhispanic,0
747,8507,1913,11,23,,8527,0,747,,,caec6a82-a9b3-4441-8218-cc33309e790d,M,0,white,0,nonhispanic,0
748,8532,2018,9,22,,8527,0,748,,,58f004f8-4d21-4142-b4bb-3deeca44fbe8,F,0,white,0,nonhispanic,0
749,8532,1963,10,16,,8527,0,749,,,0a2d6e69-9c84-4351-9a58-f8eec2568a31,F,0,white,0,nonhispanic,0
750,8507,1994,1,3,,8527,0,750,,,3025918a-a6be-49fe-a797-3103d5777991,M,0,white,0,nonhispanic,0
751,8532,2012,2,12,,8527,0,751,,,b91cabc6-6917-4dbb-8295-c5094f44dfef,F,0,white,0,nonhispanic,0
752,8507,1993,7,12,,8527,0,752,,,a3cb56f8-9538-4c1a-a053-e83e434f5c3c,M,0,white,0,nonhispanic,0
753,8507,1941,11,3,,8527,0,753,,,179af1fa-9b5d-45a2-8993-088a565b48af,M,0,white,0,nonhispanic,0
754,8532,1966,6,20,,8527,0,754,,,0d6426a7-e113-40e5-b0a8-4a4523c1e1e2,F,0,white,0,nonhispanic,0
755,8532,1975,2,4,,8527,0,755,,,efd4ac90-3645-49ea-bebb-30d0e737abb6,F,0,white,0,nonhispanic,0
756,8507,1978,3,24,,8527,0,756,,,88aff3c6-474b-4a6a-a969-0012d8759d0f,M,0,white,0,nonhispanic,0
757,8507,1949,8,25,,8527,0,757,,,6d062c19-b53c-4eef-80b4-a43254c28ce5,M,0,white,0,nonhispanic,0
758,8507,1951,5,18,,8527,0,758,,,41039313-c824-4444-b525-f9ef6ea9fab4,M,0,white,0,nonhispanic,0
759,8507,1982,12,16,,8527,0,759,,,c645b111-e0ee-49e4-87f6-e7c2d41ff010,M,0,white,0,nonhispanic,0
760,8507,1960,12,17,,8527,0,760,,,47a6482e-379c-4799-8ea3-ff37c5a81ff8,M,0,white,0,nonhispanic,0
761,8507,1965,11,2,,8527,0,761,,,23851b20-9b28-4c31-9e45-145d49e70b36,M,0,white,0,nonhispanic,0
762,8532,1968,8,26,,8527,0,762,,,c61629bb-fdf2-46d8-a7bf-42f8eaf1afa6,F,0,white,0,nonhispanic,0
763,8507,1995,1,6,,8527,0,763,,,c044a55e-7d5c-40e0-ac36-3909a6d97d0e,M,0,white,0,nonhispanic,0
764,8507,1948,2,4,,8527,0,764,,,582e14cd-4735-4816-b494-ea890f34915e,M,0,white,0,nonhispanic,0
765,8507,2013,1,23,,8527,0,765,,,c0ebd364-43df-48f1-a350-b2fe51fc589b,M,0,white,0,nonhispanic,0
766,8532,1990,5,16,,8527,0,766,,,2d8421a9-742f-46f9-9743-d25b088e5c12,F,0,white,0,nonhispanic,0
767,8532,1951,8,5,,8527,0,767,,,271c6c3e-c3da-452f-af00-ef1d445cd23e,F,0,white,0,nonhispanic,0
768,8507,1949,8,25,,8527,0,768,,,3117ae4e-fc6e-4434-9d07-4925f54d7e2c,M,0,white,0,nonhispanic,0
769,8507,1943,2,9,,8527,0,769,,,5759cd68-395c-49d4-9fa8-fbd19e0140d6,M,0,white,0,nonhispanic,0
770,8507,2001,9,27,,8527,0,770,,,4cdb80ed-a3a1-4cd1-8a91-c34939f15bfe,M,0,white,0,nonhispanic,0
771,8507,1979,12,24,,8527,0,771,,,7151c180-838a-4021-b663-63ad7d32a24d,M,0,white,0,nonhispanic,0
772,8507,1998,1,16,,8527,0,772,,,c9a64393-e75e-4710-a96a-fbeb4bd0ddb5,M,0,white,0,nonhispanic,0
773,8532,1988,6,6,,8527,0,773,,,a971d615-9117-4597-bc3a-ec3fbee52542,F,0,white,0,nonhispanic,0
774,8532,1954,9,14,,8527,0,774,,,a6872f69-31a3-4b57-b28b-4cae2f05bcc9,F,0,white,0,nonhispanic,0
775,8507,1964,1,21,,8527,0,775,,,cbef5ace-6171-4c89-8419-4d9af1a13fe4,M,0,white,0,nonhispanic,0
776,8507,1988,10,18,,8527,0,776,,,a9b20d89-c73a-4524-b730-bf8712d4749d,M,0,white,0,nonhispanic,0
777,8532,1966,10,15,,8527,0,777,,,e0c9ad20-465e-4b76-b84b-59925d079ccb,F,0,white,0,nonhispanic,0
778,8507,2010,8,30,,8527,0,778,,,2211d223-ff07-4250-8555-4c27a543a770,M,0,white,0,nonhispanic,0
779,8507,1953,5,18,,8527,0,779,,,f4b62649-fb56-48ad-920d-d46b209d075e,M,0,white,0,nonhispanic,0
780,8532,1993,10,1,,8527,0,780,,,f82f8ded-3c63-454c-84b4-e7a350ffb286,F,0,white,0,nonhispanic,0
781,8532,2011,12,24,,8527,0,781,,,798cb48a-d195-49db-89c9-fbe705c4a9ac,F,0,white,0,nonhispanic,0
782,8532,1988,5,3,,8527,0,782,,,e8cbe0e4-6ff5-43b0-ae60-bcefa9cecf86,F,0,white,0,nonhispanic,0
783,8507,1991,2,11,,8527,0,783,,,ddf66987-811b-4057-bb66-375ff0436d99,M,0,white,0,nonhispanic,0
784,8507,1989,7,31,,8527,0,784,,,51de15f9-b68d-4298-a21f-c4810ac691f3,M,0,white,0,nonhispanic,0
785,8532,1996,4,17,,8527,0,785,,,b7324ba4-718b-403c-9638-d8cec3443bc8,F,0,white,0,nonhispanic,0
786,8507,1979,3,16,,8527,0,786,,,fb57564d-ec58-43b7-b61c-bb8bdb72e21b,M,0,white,0,nonhispanic,0
787,8532,1953,8,16,,8527,0,787,,,4913aad6-b0f5-4a79-a1d8-d4185863f7c1,F,0,white,0,nonhispanic,0
788,8532,1970,8,5,,8527,0,788,,,dd0316c6-18b7-4f88-b365-c6b49f5dd6e7,F,0,white,0,nonhispanic,0
789,8532,2011,6,30,,8527,0,789,,,fea26a81-62c0-47b8-a77a-33cd47a676cc,F,0,white,0,nonhispanic,0
790,8532,2005,9,3,,8527,0,790,,,b43b1e2f-31a8-4a3e-9ff7-62b68ebfc427,F,0,white,0,nonhispanic,0
791,8507,2017,5,18,,8527,0,791,,,3aae8122-78c4-4cad-829f-344c564bd10c,M,0,white,0,nonhispanic,0
792,8532,1991,11,4,,8527,0,792,,,ef77e0be-7a7b-4402-98de-b8310b400eab,F,0,white,0,nonhispanic,0
793,8507,1947,7,29,,8527,0,793,,,123e6dd3-79cd-491b-8a19-e6fe607dca66,M,0,white,0,nonhispanic,0
794,8532,1995,1,16,,8527,0,794,,,83fdcbb8-aa18-4b2a-b478-d948a1961d6c,F,0,white,0,nonhispanic,0
795,8507,1992,3,27,,8527,0,795,,,c2d3afd1-6965-4711-83e7-5dcfd46a95d9,M,0,white,0,nonhispanic,0
796,8532,2008,5,18,,8527,0,796,,,58e55eec-0b9d-4c5b-9c79-e09477a60619,F,0,white,0,nonhispanic,0
797,8507,1959,10,1,,8527,0,797,,,dd5f0772-9ca6-43d8-a6bf-eea57699be8e,M,0,white,0,nonhispanic,0
798,8507,1969,12,8,,8527,0,798,,,df1046dc-9689-47c0-b18a-1513427656af,M,0,white,0,nonhispanic,0
799,8532,1955,1,9,,8527,0,799,,,e2dc6cbf-7cfb-4555-8c59-d26952c158f6,F,0,white,0,nonhispanic,0
800,8507,1971,2,21,,8527,0,800,,,4bf04008-7d96-45c5-8377-65540600f4f6,M,0,white,0,nonhispanic,0
801,8507,1961,9,23,,8527,0,801,,,25e2b21e-3d48-41d1-82cf-bb808623a754,M,0,white,0,nonhispanic,0
802,8532,2014,6,27,,8527,0,802,,,4aed94b3-b7f2-4a36-bc0a-91b50efdc4ec,F,0,white,0,nonhispanic,0
803,8507,1962,1,11,,8527,0,803,,,14c886a9-69e8-438a-b0af-083af199a5c8,M,0,white,0,nonhispanic,0
804,8532,1969,9,21,,8527,0,804,,,8c913f37-661b-4687-875f-80c70957db5d,F,0,white,0,nonhispanic,0
805,8532,1973,2,11,,8527,0,805,,,b4d9ee28-ffab-4a04-87b2-811239c633a0,F,0,white,0,nonhispanic,0
806,8532,1939,9,30,,8527,0,806,,,be1f9503-4423-44c4-9316-2fecdc1530ed,F,0,white,0,nonhispanic,0
807,8532,1940,6,4,,8527,0,807,,,da0c2b51-d722-4e89-9cb0-3f13d6e78342,F,0,white,0,nonhispanic,0
808,8532,1956,6,18,,8527,0,808,,,fe5b5a17-4dcf-4ae0-a9c6-e3801e3a560c,F,0,white,0,nonhispanic,0
809,8532,2015,3,31,,8527,0,809,,,94eee4ae-af8f-4116-b925-00b49dfb38a2,F,0,white,0,nonhispanic,0
810,8507,1989,9,9,,8527,0,810,,,314c57c3-8fef-4240-add4-a26d12dbfe8e,M,0,white,0,nonhispanic,0
811,8507,1945,7,31,,8527,0,811,,,65f4e7f7-fa88-448e-a656-7047d2cf4545,M,0,white,0,nonhispanic,0
812,8507,1958,8,6,,8527,0,812,,,403927ac-ca43-4982-9458-8a830e4e4760,M,0,white,0,nonhispanic,0
813,8507,2011,6,14,,8527,0,813,,,1c5acf8d-1092-4f78-babd-b032a42d1f02,M,0,white,0,nonhispanic,0
814,8532,2005,7,23,,8527,0,814,,,fd4560c0-68fb-447c-bc0e-5bc32f70b87a,F,0,white,0,nonhispanic,0
815,8532,1989,12,26,,8527,0,815,,,6aa2f83b-c8df-4854-8b37-4025236b7d91,F,0,white,0,nonhispanic,0
816,8507,1956,1,26,,8527,0,816,,,d39a7cd4-8e25-43c0-bd9a-87dbca62346e,M,0,white,0,nonhispanic,0
817,8507,1944,6,20,,8527,0,817,,,22516601-7bfa-419c-b978-8c4f0e431637,M,0,white,0,nonhispanic,0
818,8507,2005,11,18,,8527,0,818,,,2ab691af-575b-43d3-aeb3-c023d921b8bf,M,0,white,0,nonhispanic,0
819,8507,1983,1,2,,8527,0,819,,,08ca8efb-a126-444a-858b-4468cb0bb45c,M,0,white,0,nonhispanic,0
820,8507,1952,2,19,,8527,0,820,,,c4eb2a7b-0215-4a26-b39a-9492fe56a0d9,M,0,white,0,nonhispanic,0
821,8507,1956,1,26,,8527,0,821,,,696a6153-37d8-496f-bfce-effc715ad907,M,0,white,0,nonhispanic,0
