START,STOP,PATIENT,ENCOUNTER,CODE,DESCRIPTION
2018-09-07,,660cb3ee-f159-4a9a-99bb-8433f6d8b89e,9b35533f-2cdb-4665-93ce-4809253adc6c,53741008,Coronary Heart Disease
1993-02-12,,b5b41456-ca06-474c-b6df-a8f69d69ca1b,bea2c659-d4e6-4a42-b3f4-65a19c4ba9e3,410429000,Cardiac Arrest
1993-02-12,,b5b41456-ca06-474c-b6df-a8f69d69ca1b,bea2c659-d4e6-4a42-b3f4-65a19c4ba9e3,429007001,History of cardiac arrest (situation)
2009-08-24,,b30b9031-fb72-4776-9ab6-141d11941043,6aefbea2-d8f9-4355-9148-32322dc0ca02,230690007,Stroke
1994-06-11,,d66858cc-f084-4d8a-a7be-070aea9c2d32,79541162-5919-44d5-b760-bedaedd5cda0,230690007,Stroke
1979-04-23,,b6604f27-1d7a-4580-8804-f118e7a01f64,6c1b0314-ebff-4362-b9b2-07013240c8df,53741008,Coronary Heart Disease
1984-11-26,,b6604f27-1d7a-4580-8804-f118e7a01f64,0bec4fb3-8365-4dc6-8f0f-3674d4a6ef13,22298006,Myocardial Infarction
1984-11-26,,b6604f27-1d7a-4580-8804-f118e7a01f64,0bec4fb3-8365-4dc6-8f0f-3674d4a6ef13,399211009,History of myocardial infarction (situation)
2006-08-07,,8ab18516-9056-4d16-a98d-7fa4d9900d48,9550d4b8-b1ab-409b-acec-8fd7b16d5440,90560007,Gout
1968-01-29,,6af97b25-66f5-4cc2-97e2-6512bc18c194,92cb25d1-8540-403e-8cd1-fcb60c5d5ef7,53741008,Coronary Heart Disease
2003-02-17,,6af97b25-66f5-4cc2-97e2-6512bc18c194,476f33d6-4100-4339-b52f-b14f09a1bf37,22298006,Myocardial Infarction
2003-02-17,,6af97b25-66f5-4cc2-97e2-6512bc18c194,476f33d6-4100-4339-b52f-b14f09a1bf37,399211009,History of myocardial infarction (situation)
1996-01-31,,671cb1f7-5296-4dd8-b624-5aa1266f6f36,b8c9e08b-529e-4cbd-b1be-c1e0a103217b,230690007,Stroke
2018-10-20,,87b6c55d-3993-4d89-bd55-01604ab28e14,fe34ceec-b3f0-4b70-8101-e10b25a83518,49436004,Atrial Fibrillation
2017-03-05,,2cf20bd5-a8f9-4542-93f7-ad580b3053c3,e44a4c32-7424-4b26-95b3-25d363411a3a,53741008,Coronary Heart Disease
1959-10-09,,67917f4b-7a22-4cf3-a039-7bf94af97135,1fdbd905-91d5-4001-93e8-5cea1e037080,53741008,Coronary Heart Disease
1964-03-13,,67917f4b-7a22-4cf3-a039-7bf94af97135,1d596d0c-6e68-4cfb-9db9-78764049613c,22298006,Myocardial Infarction
1964-03-13,,67917f4b-7a22-4cf3-a039-7bf94af97135,1d596d0c-6e68-4cfb-9db9-78764049613c,399211009,History of myocardial infarction (situation)
2017-08-13,,3fee0a79-1333-4b94-a981-6b41c6af19eb,292e1484-32c1-45d0-b708-ca17b813e8f4,49436004,Atrial Fibrillation
