START,STOP,PATIENT,PAYER,ENCOUNTER,CODE,DESCRIPTION,BASE_COST,PAYER_COVERAGE,DISPENSES,TOTALCOST,REASONCODE,REASONDESCRIPTION
2018-09-07,,660cb3ee-f159-4a9a-99bb-8433f6d8b89e,b1c428d6-4f07-31e0-90f0-68ffa6ff8c76,9b35533f-2cdb-4665-93ce-4809253adc6c,309362,Clopidogrel 75 MG Oral Tablet,35.11,0.00,18,631.98,,
2018-09-07,,660cb3ee-f159-4a9a-99bb-8433f6d8b89e,b1c428d6-4f07-31e0-90f0-68ffa6ff8c76,9b35533f-2cdb-4665-93ce-4809253adc6c,312961,Simvastatin 20 MG Oral Tablet,46.92,0.00,18,844.56,,
2018-09-07,,660cb3ee-f159-4a9a-99bb-8433f6d8b89e,b1c428d6-4f07-31e0-90f0-68ffa6ff8c76,9b35533f-2cdb-4665-93ce-4809253adc6c,197361,Amlodipine 5 MG Oral Tablet,32.86,0.00,18,591.48,,
2018-09-07,,660cb3ee-f159-4a9a-99bb-8433f6d8b89e,b1c428d6-4f07-31e0-90f0-68ffa6ff8c76,9b35533f-2cdb-4665-93ce-4809253adc6c,705129,Nitroglycerin 0.4 MG/ACTUAT Mucosal Spray,313.60,0.00,18,5644.80,,
2009-08-24,2009-08-24,b30b9031-fb72-4776-9ab6-141d11941043,b1c428d6-4f07-31e0-90f0-68ffa6ff8c76,6aefbea2-d8f9-4355-9148-32322dc0ca02,309362,Clopidogrel 75 MG Oral Tablet,58.04,0.00,1,58.04,,
2009-08-24,2009-08-24,b30b9031-fb72-4776-9ab6-141d11941043,b1c428d6-4f07-31e0-90f0-68ffa6ff8c76,6aefbea2-d8f9-4355-9148-32322dc0ca02,1804799,Alteplase 100 MG Injection,6537.36,0.00,1,6537.36,,
1979-04-23,1984-11-26,b6604f27-1d7a-4580-8804-f118e7a01f64,b1c428d6-4f07-31e0-90f0-68ffa6ff8c76,6c1b0314-ebff-4362-b9b2-07013240c8df,705129,Nitroglycerin 0.4 MG/ACTUAT Mucosal Spray,131.33,0.00,68,8930.44,,
1984-11-26,1984-11-26,b6604f27-1d7a-4580-8804-f118e7a01f64,b1c428d6-4f07-31e0-90f0-68ffa6ff8c76,0bec4fb3-8365-4dc6-8f0f-3674d4a6ef13,833036,Captopril 25 MG Oral Tablet,20.53,0.00,1,20.53,,
1968-01-29,2003-02-17,6af97b25-66f5-4cc2-97e2-6512bc18c194,b1c428d6-4f07-31e0-90f0-68ffa6ff8c76,92cb25d1-8540-403e-8cd1-fcb60c5d5ef7,705129,Nitroglycerin 0.4 MG/ACTUAT Mucosal Spray,253.30,0.00,426,107905.80,,
1991-06-10,,6af97b25-66f5-4cc2-97e2-6512bc18c194,b1c428d6-4f07-31e0-90f0-68ffa6ff8c76,177e8101-3f37-4767-bf00-944c019ff051,312961,Simvastatin 20 MG Oral Tablet,43.53,0.00,142,6181.26,,
1994-06-27,,6af97b25-66f5-4cc2-97e2-6512bc18c194,b1c428d6-4f07-31e0-90f0-68ffa6ff8c76,f2510de7-1555-4c01-85d2-db5f77fbc27f,197361,Amlodipine 5 MG Oral Tablet,31.48,0.00,105,3305.40,,
1997-07-14,2003-02-17,6af97b25-66f5-4cc2-97e2-6512bc18c194,b1c428d6-4f07-31e0-90f0-68ffa6ff8c76,ac2c7044-0e31-4965-8c09-e4891aa7a02d,309362,Clopidogrel 75 MG Oral Tablet,68.61,0.00,68,4665.48,,
2003-02-17,2003-02-17,6af97b25-66f5-4cc2-97e2-6512bc18c194,b1c428d6-4f07-31e0-90f0-68ffa6ff8c76,476f33d6-4100-4339-b52f-b14f09a1bf37,259255,Atorvastatin 80 MG Oral Tablet,304.35,0.00,1,304.35,,
2003-02-17,2003-02-17,6af97b25-66f5-4cc2-97e2-6512bc18c194,b1c428d6-4f07-31e0-90f0-68ffa6ff8c76,476f33d6-4100-4339-b52f-b14f09a1bf37,833036,Captopril 25 MG Oral Tablet,81.84,0.00,1,81.84,,
2018-10-20,,87b6c55d-3993-4d89-bd55-01604ab28e14,b1c428d6-4f07-31e0-90f0-68ffa6ff8c76,fe34ceec-b3f0-4b70-8101-e10b25a83518,855332,Warfarin Sodium 5 MG Oral Tablet,34.54,0.00,17,587.18,,
2018-10-20,,87b6c55d-3993-4d89-bd55-01604ab28e14,b1c428d6-4f07-31e0-90f0-68ffa6ff8c76,fe34ceec-b3f0-4b70-8101-e10b25a83518,897718,Verapamil Hydrochloride 40 MG,105.04,0.00,17,1785.68,,
2018-10-20,,87b6c55d-3993-4d89-bd55-01604ab28e14,b1c428d6-4f07-31e0-90f0-68ffa6ff8c76,fe34ceec-b3f0-4b70-8101-e10b25a83518,197604,Digoxin 0.125 MG Oral Tablet,79.47,0.00,17,1350.99,,
2017-03-05,,2cf20bd5-a8f9-4542-93f7-ad580b3053c3,b1c428d6-4f07-31e0-90f0-68ffa6ff8c76,e44a4c32-7424-4b26-95b3-25d363411a3a,309362,Clopidogrel 75 MG Oral Tablet,4.49,0.00,36,161.64,,
2017-03-05,,2cf20bd5-a8f9-4542-93f7-ad580b3053c3,b1c428d6-4f07-31e0-90f0-68ffa6ff8c76,e44a4c32-7424-4b26-95b3-25d363411a3a,312961,Simvastatin 20 MG Oral Tablet,22.73,0.00,36,818.28,,
2017-03-05,,2cf20bd5-a8f9-4542-93f7-ad580b3053c3,b1c428d6-4f07-31e0-90f0-68ffa6ff8c76,e44a4c32-7424-4b26-95b3-25d363411a3a,197361,Amlodipine 5 MG Oral Tablet,15.84,0.00,36,570.24,,
2017-03-05,,2cf20bd5-a8f9-4542-93f7-ad580b3053c3,b1c428d6-4f07-31e0-90f0-68ffa6ff8c76,e44a4c32-7424-4b26-95b3-25d363411a3a,705129,Nitroglycerin 0.4 MG/ACTUAT Mucosal Spray,121.78,0.00,36,4384.08,,
1959-10-09,1964-03-13,67917f4b-7a22-4cf3-a039-7bf94af97135,b1c428d6-4f07-31e0-90f0-68ffa6ff8c76,1fdbd905-91d5-4001-93e8-5cea1e037080,705129,Nitroglycerin 0.4 MG/ACTUAT Mucosal Spray,67.82,0.00,53,3594.46,,
2017-08-13,,3fee0a79-1333-4b94-a981-6b41c6af19eb,b1c428d6-4f07-31e0-90f0-68ffa6ff8c76,292e1484-32c1-45d0-b708-ca17b813e8f4,855332,Warfarin Sodium 5 MG Oral Tablet,95.40,0.00,31,2957.40,,
2017-08-13,,3fee0a79-1333-4b94-a981-6b41c6af19eb,b1c428d6-4f07-31e0-90f0-68ffa6ff8c76,292e1484-32c1-45d0-b708-ca17b813e8f4,897718,Verapamil Hydrochloride 40 MG,246.71,0.00,31,7648.01,,
2017-08-13,,3fee0a79-1333-4b94-a981-6b41c6af19eb,b1c428d6-4f07-31e0-90f0-68ffa6ff8c76,292e1484-32c1-45d0-b708-ca17b813e8f4,197604,Digoxin 0.125 MG Oral Tablet,14.53,0.00,31,450.43,,
