Id,BIRTHDATE,DEATHDATE,SSN,DRIVERS,PASSPORT,PREFIX,FIRST,LAST,SUFFIX,MAIDEN,MARITAL,RACE,ETHNICITY,GENDER,BIRTHPLACE,ADDRESS,CITY,STATE,COUNTY,ZIP,LAT,LON,HEALTHCARE_EXPENSES,HEALTHCARE_COVERAGE
2053ad0f-5467-469f-ad6c-ecd1cc6b5b06,2010-08-24,,999-92-8726,,,,Tomsson,Ask,,,,white,nonhispanic,M,Espoo  Uusimaa  FI,551 Suvikunnas Katu Suite 13,Espoo,Uusimaa,Espoo,02760,60.21308515559002,24.66384786476112,2250.0,0.0
aca2ab64-8cb7-4b83-9a56-33a201e743e0,2007-11-04,,999-68-3563,,,,Jelizaveta,Härmä,,,,white,nonhispanic,F,Espoo  Uusimaa  FI,887 Tervala Katu,Espoo,Uusimaa,Espoo,02200,60.36383497335903,24.58120961699142,2625.0,0.0
111cc950-30e2-49f4-940d-8770a5c83b36,1998-01-30,,999-69-8723,S99954324,X26438064X,Mr.,Nyyrikki,Vuorjoki,,,,white,nonhispanic,M,Vihti  Uusimaa  FI,638 Lastu Katu,Vantaa,Uusimaa,Vantaa,01680,60.28914390116781,24.840604973811256,3500.0,0.0
2dfe5220-11ed-4d2f-badf-5b0582937e7b,1993-02-07,,999-18-9940,S99979203,X83230166X,Mrs.,Vanamo,Kapanen,,Toukomaa,M,white,nonhispanic,F,Lohja  Uusimaa  FI,412 Alarova Katu Suite 31,Vantaa,Uusimaa,Vantaa,01750,60.27891555024916,24.766660912465895,3750.0,0.0
3037f8f4-0180-4e20-ae00-d741349da3e9,1999-08-05,,999-48-1192,S99919610,X49082585X,Mr.,Paju,Eloluoto,,,,white,nonhispanic,M,Vantaa  Uusimaa  FI,227 Sidorov Katu Unit 26,Kerava,Uusimaa,Kerava,04230,60.418716136965244,25.08304123883015,3500.0,0.0
660cb3ee-f159-4a9a-99bb-8433f6d8b89e,1993-07-02,,999-15-9386,S99916801,X2827171X,Mr.,Tom-Peter,Pyöriä,,,,white,nonhispanic,M,Helsinki  Uusimaa  FI,704 Tulokas Katu Suite 69,Espoo,Uusimaa,Espoo,02130,60.30050444410193,24.636558301180326,3875.0,0.0
b7662cdb-7cbb-4ce6-b08c-9b1c5e0abc61,1993-09-13,,999-87-6360,S99951095,X47352122X,Mr.,Melvin,Pantsar,,,,white,nonhispanic,M,Espoo  Uusimaa  FI,477 Bimberg Katu,Helsinki,Uusimaa,Helsinki,00100,60.22117264988593,24.997729914787747,3750.0,0.0
f63efec3-8907-4f95-a8f3-8689fa6cd825,2009-05-19,,999-33-1635,,,,Juha-Martti,Kankaanranta,,,,white,nonhispanic,M,Helsinki  Uusimaa  FI,533 Juurikko Katu,Espoo,Uusimaa,Espoo,02250,60.20512320308511,24.60576563786795,2375.0,0.0
5be4d6b8-5115-4d0f-9098-728ed2a3600d,2008-08-13,,999-13-7360,,,,Waltteri,Ääpälä,,,,white,nonhispanic,M,Vantaa  Uusimaa  FI,734 Rauhamaa Katu,Mäntsälä,Uusimaa,Mäntsälä,04620,60.662771683984055,25.278382286802156,2500.0,0.0
465b4e68-5920-4576-92f0-2ca978aaf5c6,2004-01-07,,999-77-6742,S99971776,,,Sanja,Koronen,,,,white,nonhispanic,F,Helsinki  Uusimaa  FI,896 Bäckström Katu Suite 35,Espoo,Uusimaa,Espoo,02760,60.251510743969554,24.63699067133821,3125.0,0.0
2c6c2c93-35bb-4664-b35a-96544ddb0c56,1976-06-09,,999-22-3695,S99915536,X8214853X,Mrs.,Reem,Kovalenko,,Takomo,M,white,nonhispanic,F,Kauniainen  Uusimaa  FI,1099 Mursula Katu Apt 92,Kauniainen,Uusimaa,Kauniainen,02700,60.196834904179354,24.74728177371059,4500.0,0.0
b5b41456-ca06-474c-b6df-a8f69d69ca1b,1949-03-11,,999-71-9668,S99931709,X50689059X,Mr.,Mikko-Petteri,Harjuoja,,,M,white,nonhispanic,M,Kirkkonummi  Uusimaa  FI,1018 Semenius Katu,Helsinki,Uusimaa,Helsinki,00370,60.22532778759717,24.997113654531464,7886.31,0.0
a5c02f2c-48a2-4293-86df-cfa00f4b0202,2016-08-04,,999-42-8701,,,,Olofsson,Brunner,,,,white,nonhispanic,M,Espoo  Uusimaa  FI,261 Kannusmäki Katu Suite 71,Vantaa,Uusimaa,Vantaa,01530,60.379262337711154,25.060083212104008,1500.0,0.0
4c3b23a6-5c9c-4161-a1b6-45af332ef228,1965-03-08,,999-98-5230,S99912924,X85633578X,Mr.,Lillebror,Areva,,,M,white,nonhispanic,M,Munich  Bavaria  DE,469 Vihinen Katu Suite 29,Helsinki,Uusimaa,Helsinki,00790,60.25674078060964,25.03897911371207,5500.0,0.0
d481ddaa-9a44-45c0-bc3f-f6aeb62ce5c0,1957-05-17,,999-18-5305,S99983125,X62661883X,Mr.,Romi,Vahlroos,,,M,white,nonhispanic,M,Helsinki  Uusimaa  FI,253 Komscha Katu,Helsinki,Uusimaa,Helsinki,00520,60.15550537652305,24.997982018490816,6500.0,0.0
bf01bf3b-41ba-4a99-9a7b-a4ec1bb6a641,1970-10-11,,999-85-7698,S99993072,X66088097X,Mrs.,Roine,Sjöblom,PhD,Baer,M,white,nonhispanic,F,Helsinki  Uusimaa  FI,629 Nitovuori Katu Unit 11,Helsinki,Uusimaa,Helsinki,00650,60.29171076200773,24.86141893840191,4875.0,0.0
913c53ec-e099-4af9-a3ae-d619cd29c443,2004-08-19,,999-76-2964,,,,Awil,Aspfors,,,,white,nonhispanic,M,Raasepori  Uusimaa  FI,417 Sompinmäki Katu,Helsinki,Uusimaa,Helsinki,00760,60.256788067671195,24.864310001531845,3000.0,0.0
b30b9031-fb72-4776-9ab6-141d11941043,1957-02-18,2009-08-24,999-43-7976,S99918568,X31354950X,Mr.,Péter,Rönkkä,,,M,white,nonhispanic,M,Helsinki  Uusimaa  FI,282 Kytönen Katu,Helsinki,Uusimaa,Helsinki,00660,60.18075224351535,24.952538256932943,11970.4,0.0
f6329eff-7901-4811-8084-014e2b401074,1943-08-22,,999-77-4267,S99971954,X66390267X,Mr.,Torleif,Arva,,,M,white,nonhispanic,M,Helsinki  Uusimaa  FI,503 Kiviluoma Katu,Hyvinkää,Uusimaa,Hyvinkää,05840,60.672077851934596,24.951464300735726,8250.0,0.0
343f7d0c-8890-4db4-9831-0ad08d757456,2015-01-21,,999-22-6570,,,,Terence,Larmi,,,,white,nonhispanic,M,Tuusula  Uusimaa  FI,972 Heinlahti Katu Unit 30,Lohja,Uusimaa,Lohja,08450,60.20665030471764,24.04059650841676,1750.0,0.0
6232072c-dc90-4066-b326-36ad4e53c0a6,1989-01-29,,999-81-9819,S99946632,X15510724X,Mr.,Volmar,Harjulin,,,M,white,nonhispanic,M,Helsinki  Uusimaa  FI,1003 Riste Katu Suite 44,Vantaa,Uusimaa,Vantaa,01700,60.31060975282569,25.15149621105995,3875.0,0.0
d66858cc-f084-4d8a-a7be-070aea9c2d32,1947-10-11,,999-51-9482,S99922917,X50096931X,Mrs.,Marjanne,Valtasaari,,Meyer,M,white,nonhispanic,F,Helsinki  Uusimaa  FI,488 Pouhakka Katu Suite 30,Nurmijärvi,Uusimaa,Nurmijärvi,01800,60.41278434688411,24.83376788999695,14125.4,0.0
8a7796d9-13b8-4e0c-8caa-0643988ee9a8,1946-06-11,,999-11-8774,S99957264,X68164107X,Mrs.,Henna-Riikka,Majava,,Leppikorpi,M,white,nonhispanic,F,Espoo  Uusimaa  FI,606 Ehovuo Katu,Kerava,Uusimaa,Kerava,04250,60.443841668336084,25.055455719440666,7875.0,0.0
90b938d8-82ec-410d-8aa6-4b6dd04e8baf,1978-07-24,,999-85-4849,S99967684,X64358389X,Mrs.,Alliina,Junkkonen,,Nivukoski,M,white,nonhispanic,F,Siuntio  Uusimaa  FI,461 Suoja Katu Unit 70,Espoo,Uusimaa,Espoo,02770,60.115444239676854,24.697620417256516,4375.0,0.0
d94d803f-123b-4330-830e-55071bbabdec,2018-12-31,,999-76-9763,,,,Wendela,Ekqvist,,,,white,nonhispanic,F,Lohja  Uusimaa  FI,946 Raukola Katu Apt 40,Tuusula,Uusimaa,Tuusula,04500,60.40102422347672,25.009565844538326,750.0,0.0
b6604f27-1d7a-4580-8804-f118e7a01f64,1957-02-18,1984-11-26,999-55-2934,S99943171,X74100497X,Mr.,Reguel,Lehtolainen,,,M,white,nonhispanic,M,Vantaa  Uusimaa  FI,220 Dyhr Katu,Helsinki,Uusimaa,Helsinki,00380,60.220152956294065,25.089137437626867,4526.86,0.0
c9a40721-f85d-4095-8fec-a90e57deb722,1984-05-08,,999-66-4610,S99939992,X25008356X,Mr.,Veli-Mies,Läheniemi,,,M,white,nonhispanic,M,Helsinki  Uusimaa  FI,166 Lehti Katu Suite 21,Espoo,Uusimaa,Espoo,02920,60.21795109014681,24.807718500917847,4125.0,0.0
bf45e276-9b5d-425a-9c18-f2a7d851a71d,1975-07-15,,999-51-4660,S99986603,X20946732X,Mrs.,Dunja,Knutas,,Plym,M,white,nonhispanic,F,Vantaa  Uusimaa  FI,329 Ylikantola Katu Apt 68,Vantaa,Uusimaa,Vantaa,01400,60.30000595912711,25.055791407615114,4625.0,0.0
dc1b4a97-a320-4cfc-86cb-e8f66ba9ecd4,1987-05-31,,999-77-9488,S99919771,X60951611X,Mr.,Aabel,Viide,,,M,white,nonhispanic,M,Helsinki  Uusimaa  FI,1034 Långkvist Katu Unit 74,Vantaa,Uusimaa,Vantaa,01450,60.309473551384926,25.07179014359204,4000.0,0.0
1618ff78-e84f-49fd-a147-bc0b012ad183,1998-11-11,,999-91-9430,S99960552,X42476339X,Ms.,Sasha,Lempiälä,,,,white,nonhispanic,F,Helsinki  Uusimaa  FI,931 Lääkkö Katu,Helsinki,Uusimaa,Helsinki,00250,60.174627391416784,25.06027718072017,3500.0,0.0
d4719cbd-3df5-4992-8e81-2321243e1f3c,2009-07-02,,999-41-1623,,,,Antonino,Saksholm,,,,white,nonhispanic,M,Vantaa  Uusimaa  FI,391 Holmlund Katu Apt 34,Helsinki,Uusimaa,Helsinki,00940,60.20307503074342,24.924591758344732,2375.0,0.0
dd481c84-e145-4732-ab31-e4902e2b4dcb,1999-12-29,,999-98-6522,S99921036,X2568309X,Mr.,Ilo,Könönen,,,,white,nonhispanic,M,Helsinki  Uusimaa  FI,158 Roth Katu,Helsinki,Uusimaa,Helsinki,00210,60.2635663047238,25.01298515314279,3500.0,0.0
9760fb3c-2c2c-4ef1-a1e5-ec14a39af97c,1990-04-13,,999-71-2319,S99927480,X20510573X,Ms.,Desiren,Raitakivi,,,S,white,nonhispanic,F,Kirkkonummi  Uusimaa  FI,505 Selkämaa Katu,Helsinki,Uusimaa,Helsinki,00230,60.18981940026882,24.967197971285376,3875.0,0.0
56869717-57c3-4306-9eb0-d49f82b0e145,1963-02-27,,999-83-8394,S99926358,X26359414X,Ms.,Carolyn,Vehkapuro,,,S,white,nonhispanic,F,Vantaa  Uusimaa  FI,433 Riikola Katu,Vantaa,Uusimaa,Vantaa,01200,60.24634540854434,24.78237101906267,5750.0,0.0
3be9d907-e86b-44db-924a-b4f6c89abfd2,1977-05-02,,999-50-3421,S99968739,X10594319X,Mrs.,Alvi,Harjula,,Ukonmaanaho,M,white,nonhispanic,F,Helsinki  Uusimaa  FI,552 Ormio Katu,Kirkkonummi,Uusimaa,Kirkkonummi,02510,60.163497988468556,24.342401791201286,4500.0,0.0
af131e97-7947-44d2-b47b-ea316d60af0b,1948-04-14,,999-15-3516,S99934488,X76426739X,Mrs.,Martina,Paakala,,Härsilä,M,white,nonhispanic,F,Lohja  Uusimaa  FI,741 Fröjdlund Katu,Nurmijärvi,Uusimaa,Nurmijärvi,01800,60.48720736791156,24.665078736233717,7625.0,0.0
624cd8c6-7137-4571-abf7-d472ab49149e,1966-03-12,,999-17-5143,S99926204,X50014967X,Mrs.,Fatou,Väistö,,Serlachius,M,white,nonhispanic,F,Helsinki  Uusimaa  FI,893 Silenius Katu Unit 23,Vihti,Uusimaa,Vihti,03300,60.24775588642143,24.33537747748782,5375.0,0.0
c967a8c6-30ae-4815-b009-93d6fcd512db,1993-09-03,,999-28-9980,S99967060,X31300041X,Mr.,Teodor,Holmgård,,,,white,nonhispanic,M,Espoo  Uusimaa  FI,162 Mörönen Katu,Espoo,Uusimaa,Espoo,02810,60.16534246552292,24.819552669015973,3750.0,0.0
00b895ad-9345-4229-9e27-f8ce3b93cb8b,1957-02-18,,999-41-9865,S99932367,X89937733X,Mr.,Armin,Soukka,,,S,white,nonhispanic,M,Vantaa  Uusimaa  FI,956 Vaari Katu,Helsinki,Uusimaa,Helsinki,00120,60.16828415745623,24.922874647188756,6500.0,0.0
dab4c670-96da-4b91-989d-aafa6ab23d20,1945-08-25,,999-70-2185,S99995303,X1311155X,Mrs.,Svenja,Vekki,,Virokannas,M,white,nonhispanic,F,Pukkila  Uusimaa  FI,285 Kuuhimo Katu,Vihti,Uusimaa,Vihti,03250,60.29424323997708,24.391888722019626,8000.0,0.0
1ca3bdeb-d057-4c5e-9676-e4240185d23a,1995-03-13,,999-43-8845,S99962567,X79620325X,Mr.,Marcus,Bröms,,,,white,nonhispanic,M,Helsinki  Uusimaa  FI,214 Aittamäki Katu Apt 49,Kirkkonummi,Uusimaa,Kirkkonummi,02450,60.2367611458522,24.388669981873974,3625.0,0.0
c88e63b0-4703-427b-8d28-4fe3c478d4d1,1970-01-04,,999-39-5121,S99937408,X73313465X,Ms.,Anna-Sofia,Muhos,,,S,white,nonhispanic,F,Helsinki  Uusimaa  FI,1049 Porttinen Katu,Porvoo,Uusimaa,Porvoo,07130,60.2978351574472,25.875181118250673,5000.0,0.0
e538b3c7-31f6-4ed8-a2e9-bfa72d3de684,1993-10-25,,999-25-9767,S99922859,X29032550X,Ms.,Amie,Tammelin,,,,white,nonhispanic,F,Vantaa  Uusimaa  FI,446 Petsola Katu,Espoo,Uusimaa,Espoo,02340,60.186548972671474,24.779394525459207,3750.0,0.0
f2b36738-3f85-4f42-aa5b-50665a866e64,1953-03-02,,999-68-1058,S99998506,X68995569X,Mr.,Tapani,Haapanala,,,M,white,nonhispanic,M,Helsinki  Uusimaa  FI,640 Parm Katu,Helsinki,Uusimaa,Helsinki,00320,60.264732953576704,25.00178586934514,7000.0,0.0
3458df66-a6dd-4a58-9c0d-d5f2aede6721,1963-12-13,,999-91-1079,S99932012,X31444422X,Mrs.,Pia-Marie,Långvik,,Sørensen,M,white,nonhispanic,F,Siuntio  Uusimaa  FI,392 Jokisaari Katu,Helsinki,Uusimaa,Helsinki,00200,60.200054230972555,25.033371302962927,5750.0,0.0
4b34efaa-27b5-4b0f-96db-7a9ee6e03929,1965-09-09,,999-89-4424,S99959243,X13226722X,Mr.,Mauro,Larma,,,S,white,nonhispanic,M,Loviisa  Uusimaa  FI,653 Kolari Katu Suite 36,Vantaa,Uusimaa,Vantaa,01350,60.351508416698664,25.041199134468343,5500.0,0.0
40530b17-0003-4e45-b6c1-44b428021770,1994-01-29,,999-92-9927,S99938914,X52408789X,Mr.,Gunder,Utunen,,,,white,nonhispanic,M,Helsinki  Uusimaa  FI,728 Joro Katu,Helsinki,Uusimaa,Helsinki,00970,60.14933314249333,24.876967986151396,3750.0,0.0
4c27b1da-91ad-4b23-af80-f326229e14fb,1986-10-16,,999-95-8872,S99937944,X68300962X,Mr.,Rauf,Pulkkis,,,M,white,nonhispanic,M,Helsinki  Uusimaa  FI,333 Rosengren Katu Apt 81,Helsinki,Uusimaa,Helsinki,00640,60.22376651752393,25.051911042330932,4000.0,0.0
e19b1f3d-33ce-45ab-9565-46673af5c840,2017-07-07,,999-55-8593,,,,Leroy,Hiukka,,,,white,nonhispanic,M,Espoo  Uusimaa  FI,1020 Kuoremäki Katu Apt 17,Helsinki,Uusimaa,Helsinki,00250,60.16338476445161,24.975090421433443,1250.0,0.0
838d3674-841e-4e42-8805-467281f9fc1e,2013-02-15,,999-44-6425,,,,Sebastian,Eränen,,,,white,nonhispanic,M,Järvenpää  Uusimaa  FI,431 Hiippala Katu Apt 34,Helsinki,Uusimaa,Helsinki,00880,60.21015078323573,25.0603288936895,2000.0,0.0
8df7f72d-57ef-4dd8-8269-7b3774c0d736,1937-11-12,,999-29-1746,S99913064,X46000744X,Ms.,Kaisaleena,Hanhikoski,,,S,white,nonhispanic,F,Helsinki  Uusimaa  FI,764 Työppönen Katu Unit 52,Helsinki,Uusimaa,Helsinki,00150,60.3084802507556,24.977458942046223,8875.0,0.0
68960405-1565-4686-bbe4-889c3b1f836d,2008-08-11,,999-87-3457,,,,Rory,Soinisalo,,,,white,nonhispanic,M,Kirkkonummi  Uusimaa  FI,639 Ropilo Katu Suite 81,Kirkkonummi,Uusimaa,Kirkkonummi,02390,60.09827942246871,24.43691698935334,2500.0,0.0
5dd3153b-9360-4f27-a03e-06842cfbdede,1998-12-18,,999-43-8022,S99981898,X9261825X,Mr.,Sixten,Heljakka,,,,white,nonhispanic,M,Helsinki  Uusimaa  FI,139 Kortesalmi Katu Suite 65,Helsinki,Uusimaa,Helsinki,00780,60.224919797512335,25.03364260475562,3500.0,0.0
8ab18516-9056-4d16-a98d-7fa4d9900d48,1961-08-18,,999-39-7465,S99926700,X60014494X,Mr.,Jeff,Pajukko,,,M,white,nonhispanic,M,Espoo  Uusimaa  FI,148 Stein Katu,Hyvinkää,Uusimaa,Hyvinkää,05440,60.60462669356381,24.660184795577738,6827.66,0.0
71db536c-fa6b-4004-8373-49c5968137f6,1953-10-05,,999-58-6936,S99956422,X24082711X,Mr.,Bryan,Kaslin,,,M,white,nonhispanic,M,Espoo  Uusimaa  FI,314 Krekelä Katu Unit 38,Helsinki,Uusimaa,Helsinki,00530,60.186326407022555,24.858542053039155,7000.0,0.0
6af97b25-66f5-4cc2-97e2-6512bc18c194,1956-01-09,2003-02-17,999-29-7801,S99987325,X85626781X,Mrs.,Taika-Tuulia,Pohjonen,,Karlin,M,white,nonhispanic,F,Tuusula  Uusimaa  FI,875 Jantunen Katu,Helsinki,Uusimaa,Helsinki,00210,60.22310193277039,24.907410142217973,7708.1,0.0
609f77ef-3a65-43f3-a762-62534cc8baeb,1987-09-27,,999-57-1817,S99946851,X15505326X,Mrs.,Neila,Perhe,,Böös,M,white,nonhispanic,F,Espoo  Uusimaa  FI,835 Hohkuri Katu,Helsinki,Uusimaa,Helsinki,00600,60.2689729827926,24.943884124404345,4000.0,0.0
be2d4c70-6837-4ad3-9304-b44551da674d,1946-11-03,,999-26-5714,S99937876,X29028735X,Mrs.,Elisa-Maria,Leppilahti,,Heijari,M,white,nonhispanic,F,Helsinki  Uusimaa  FI,287 Norkio Katu,Kirkkonummi,Uusimaa,Kirkkonummi,02480,60.18900289147701,24.508288568728837,7750.0,0.0
0da0d57d-1dce-45a6-93ef-e4ad3fc3fc78,1991-06-18,,999-89-3099,S99963277,X71782060X,Mr.,Bengt-Olof,Karikorpi,,,M,white,nonhispanic,M,Espoo  Uusimaa  FI,102 Louhos Katu,Helsinki,Uusimaa,Helsinki,00730,60.195807010754635,25.03904120494341,3875.0,0.0
281c8c68-81bc-4a9a-bd81-46eede383a26,1975-10-22,,999-21-9545,S99927962,X32017920X,Mr.,Havu,Knip,,,M,white,nonhispanic,M,Brasilia  Federal District  BR,884 Erkheikki Katu,Espoo,Uusimaa,Espoo,02150,60.197891293427666,24.66948145666387,4625.0,0.0
5602b1b9-d976-4074-9e4c-748bb4d7b720,2008-09-22,,999-25-3351,,,,Thommy,Svanberg,,,,white,nonhispanic,M,Lohja  Uusimaa  FI,521 Vanhatupa Katu,Espoo,Uusimaa,Espoo,02270,60.28106692569013,24.72537455373555,2500.0,0.0
671cb1f7-5296-4dd8-b624-5aa1266f6f36,1955-06-22,,999-97-1486,S99924662,X39935468X,Mr.,Peeti,Kustila,,,M,white,nonhispanic,M,Vantaa  Uusimaa  FI,470 Haukioja Katu,Helsinki,Uusimaa,Helsinki,00390,60.194491562410505,24.837746884462966,13211.55,0.0
7c2f2673-2b5c-4f95-a3c6-4e57a0489b7b,1990-07-11,,999-42-9183,S99984561,X60155587X,Mrs.,Viena,Kelkka,,Sula,M,white,nonhispanic,F,Helsinki  Uusimaa  FI,409 Kuutniemi Katu,Helsinki,Uusimaa,Helsinki,00810,60.16546444668761,24.92606303581213,3875.0,0.0
c47d29d8-b46c-42d7-99ca-5d84337410aa,1956-01-09,,999-74-7854,S99982330,X1821609X,Mrs.,Ninna,Kieloniemi,,Riihiniemi,M,white,nonhispanic,F,Helsinki  Uusimaa  FI,499 Saaranen Katu,Helsinki,Uusimaa,Helsinki,00540,60.230863654236,25.130719849046173,6625.0,0.0
606ff21e-6cf2-4fed-8d3d-1d5c3b785219,1981-07-11,,999-20-3456,S99983489,X22202122X,Ms.,Rosalina,Mohamoud,,,S,white,nonhispanic,F,Helsinki  Uusimaa  FI,666 Palkonen Katu Suite 38,Järvenpää,Uusimaa,Järvenpää,04430,60.46653493964379,25.10017368541458,4250.0,0.0
47716c0c-f72b-44bc-8417-53e1ef363c9f,1966-03-26,,999-10-1619,S99996132,X63978727X,Mrs.,Miili,Rajasilta,,Tahkola,M,white,nonhispanic,F,Espoo  Uusimaa  FI,624 Taam Katu,Vantaa,Uusimaa,Vantaa,01520,60.31611062900611,25.061914352681786,5375.0,0.0
9f8b0fb5-5f69-4348-8e2f-9415d80dfd10,1977-08-03,,999-42-6323,S99952789,X35780453X,Mr.,Janusz,Arkiomaa,,,M,white,nonhispanic,M,Kerava  Uusimaa  FI,372 Palvimo Katu Apt 23,Espoo,Uusimaa,Espoo,02920,60.212450775426746,24.832459172956273,4500.0,0.0
4737b299-d96d-4e4b-94ee-34d6bbb7ab25,1974-09-08,,999-96-3974,S99951479,X78865034X,Mrs.,Benedicta,Pauni,,Lopperi,M,white,nonhispanic,F,Helsinki  Uusimaa  FI,417 Äikää Katu,Helsinki,Uusimaa,Helsinki,00800,60.2356448524643,24.938504056413507,4625.0,0.0
2f03ed55-1c4c-4b30-aa57-58be4f4de003,1946-02-05,,999-96-5582,S99986851,X808569X,Mrs.,Pella,Tuomisoja,,Sahiti,M,white,nonhispanic,F,Espoo  Uusimaa  FI,201 Nietosvaara Katu Unit 1,Porvoo,Uusimaa,Porvoo,07410,60.39639217893624,25.868025209489662,7875.0,0.0
ba6b2c72-5692-495a-b733-f5d584d86af2,1992-11-08,,999-97-3074,S99923159,X54151445X,Ms.,Tuikku,Marila,,,S,white,nonhispanic,F,Vantaa  Uusimaa  FI,1078 Jacobson Katu Apt 15,Sipoo,Uusimaa,Sipoo,04170,60.329437105859334,25.33444035489577,3750.0,0.0
e2bbc918-8647-48b9-8096-e46b13d2de1a,1986-05-16,,999-38-4241,S99988672,X80815965X,Mr.,Nikolaos,Istolainen,,,S,white,nonhispanic,M,Helsinki  Uusimaa  FI,729 Maskulin Katu,Hyvinkää,Uusimaa,Hyvinkää,05840,60.60948512236607,24.91394337280224,4000.0,0.0
5b7d803b-d0b9-4c28-bcb0-30ac72dc732a,1966-12-21,,999-23-3231,S99931547,X38992109X,Mrs.,Maruska,Kurhela,,Kanasuo,M,white,nonhispanic,F,Espoo  Uusimaa  FI,400 Ala-Hukkala Katu Apt 60,Helsinki,Uusimaa,Helsinki,00580,60.182851545375414,24.935144643575036,5375.0,0.0
9248c732-880e-4d7a-816f-04f51d8b8bbe,1946-04-17,,999-67-5694,S99983300,X30803178X,Mrs.,Ruusu,Auraneva,,Istolahti,M,white,nonhispanic,F,Helsinki  Uusimaa  FI,902 Puotiniemi Katu Apt 46,Espoo,Uusimaa,Espoo,02810,60.21169107521956,24.709197454151543,7875.0,0.0
fc3a32c0-d647-4357-9271-3e3b42b36301,1986-04-16,,999-33-5163,S99916948,X74901564X,Mrs.,Eeva-Maarit,Harva,,Virmanen,M,white,nonhispanic,F,Helsinki  Uusimaa  FI,466 Parkkola Katu Unit 75,Helsinki,Uusimaa,Helsinki,00250,60.224849901017855,24.894595752367866,4000.0,0.0
8e247a7c-ab2c-425b-832b-bfdbfb3672dc,2003-01-11,,999-25-9946,S99998670,,,Samira,Gorschelnik,,,,white,nonhispanic,F,Nurmijärvi  Uusimaa  FI,314 Russell Katu,Porvoo,Uusimaa,Porvoo,06150,60.42502167679589,25.66289171199944,3250.0,0.0
8a0d7945-9e86-437e-916a-fbb7c24075f4,1975-03-28,,999-40-9136,S99935077,X59034728X,Mrs.,Sena,Arminen,,Brunfeldt,M,white,nonhispanic,F,Tuusula  Uusimaa  FI,365 Ingelin Katu Unit 49,Helsinki,Uusimaa,Helsinki,00140,60.256255064068284,25.075063245911657,4625.0,0.0
a58b9a28-ed41-48df-9562-8dcbf9fc1df1,1988-06-30,,999-32-4175,S99995135,X18220463X,Mr.,Alejandro,Åvist,,,M,white,nonhispanic,M,Hyvinkää  Uusimaa  FI,1021 Seitajärvi Katu Apt 14,Porvoo,Uusimaa,Porvoo,06650,60.4658031712866,25.633899598997083,4000.0,0.0
5907e5df-85a8-44a9-a8b4-67b6e2c68bc3,1949-11-06,,999-81-7574,S99913029,X36079980X,Mr.,Yang,Sopenperä,,,M,white,nonhispanic,M,Hamburg  Hamburg  DE,194 Gullblom Katu Apt 91,Helsinki,Uusimaa,Helsinki,00350,60.1858922955874,25.11042502551669,7500.0,0.0
7f5996db-bc22-4577-825b-6fd6db752b4b,2005-04-14,,999-42-7165,,,,Thorvald,Vuorimies,,,,white,nonhispanic,M,Helsinki  Uusimaa  FI,1095 Blå Katu Apt 38,Espoo,Uusimaa,Espoo,02150,60.13837895842576,24.625177443804056,2875.0,0.0
87b6c55d-3993-4d89-bd55-01604ab28e14,1954-07-31,,999-54-9642,S99952606,X2252261X,Ms.,Eeva-Liisa,Sergeeva,,,S,white,nonhispanic,F,Helsinki  Uusimaa  FI,804 Vinqvist Katu,Järvenpää,Uusimaa,Järvenpää,04410,60.48025511160174,25.06919089272593,6875.0,0.0
8bd4e779-78a0-47df-ae15-92c14e983dc4,1950-09-24,,999-67-9410,S99978165,X34558820X,Ms.,Jama,Jyväs,,,S,white,nonhispanic,F,Helsinki  Uusimaa  FI,916 Wahlfors Katu,Helsinki,Uusimaa,Helsinki,00650,60.24670733573623,24.94145463671615,7375.0,0.0
0f08e5ae-a63a-41e9-8de6-0a934317a68e,2004-08-18,,999-40-9554,,,,Vesa-Mikko,Hjort,,,,white,nonhispanic,M,Espoo  Uusimaa  FI,277 Huusko Katu,Raasepori,Uusimaa,Raasepori,10660,60.128281879283016,23.821001056276256,3000.0,0.0
61d2d6b7-0ccf-4f6b-be3f-4507d0e77083,1969-06-30,,999-13-5486,S99934798,X48342525X,Mrs.,Narges,Huovari,,Kackur,M,white,nonhispanic,F,Hyvinkää  Uusimaa  FI,442 Kiviniitty Katu,Vantaa,Uusimaa,Vantaa,01420,60.29868957270311,25.14257389649588,5000.0,0.0
2cf20bd5-a8f9-4542-93f7-ad580b3053c3,2006-02-19,,999-13-9471,,,,Jenni-Kaisa,Pahkajärvi,,,,white,nonhispanic,F,Espoo  Uusimaa  FI,636 Juote Katu Suite 29,Espoo,Uusimaa,Espoo,02760,60.17904685492222,24.84273410868441,2750.0,0.0
bd4a49f9-1eb9-4826-bb43-f90ebd879020,1978-09-24,,999-91-8966,S99945676,X7978234X,Mrs.,Inge,Vähä-Karvia,,Koppeli,M,white,nonhispanic,F,Helsinki  Uusimaa  FI,995 Paakinaho Katu,Helsinki,Uusimaa,Helsinki,00250,60.25584671037685,24.86604072628488,4375.0,0.0
04e6b14f-80a5-4066-a280-221a005dc81f,1987-03-16,,999-79-7970,S99986073,X50254293X,Mr.,Valpas,Dunderberg,,,M,white,nonhispanic,M,Helsinki  Uusimaa  FI,719 Hakoluoto Katu,Helsinki,Uusimaa,Helsinki,00710,60.203567410838694,25.04540481603042,4000.0,0.0
67917f4b-7a22-4cf3-a039-7bf94af97135,1941-08-15,1964-03-13,999-13-5465,S99959850,X77901588X,Mr.,Solomon,Kallionalusta,,,,white,nonhispanic,M,St Petersburg  St Petersburg  RU,675 Kylävainio Katu Suite 19,Helsinki,Uusimaa,Helsinki,00160,60.29369907095827,24.85211688752482,4067.82,0.0
88ad043a-ddf8-4c0b-8c0a-7e9e67cb5865,1995-09-07,,999-97-3474,S99973109,X80308441X,Ms.,Neelia,Vainioranta,,,,white,nonhispanic,F,Raasepori  Uusimaa  FI,165 Sievinen Katu Suite 47,Vantaa,Uusimaa,Vantaa,01390,60.35265530696182,24.90281443693175,3625.0,0.0
a1b86344-6ee6-4e9d-b696-bb9278130560,2019-04-04,,999-26-5284,,,,Alita,Istukaissaari,,,,white,nonhispanic,F,Hanko  Uusimaa  FI,229 Kosma Katu,Helsinki,Uusimaa,Helsinki,00130,60.27728736845843,25.061572357545682,625.0,0.0
1a99dd73-ebef-45a2-8b18-75fb02fe4b9a,1992-06-03,,999-75-8121,S99921270,X64569239X,Mr.,Castor,Alku,,,M,white,nonhispanic,M,Helsinki  Uusimaa  FI,645 Haupt Katu,Vantaa,Uusimaa,Vantaa,01690,60.28512286930328,24.99646059018935,3750.0,0.0
15b9845f-f3d5-4d9a-81c6-c44c7a1b15fb,2010-06-26,,999-32-4905,,,,Alisa,Ylä-Viteli,,,,white,nonhispanic,F,Hyvinkää  Uusimaa  FI,615 Ryttäri Katu Apt 56,Sipoo,Uusimaa,Sipoo,04150,60.32174596088797,25.233792352207352,2250.0,0.0
cf3ded4d-a9b0-48b7-bcac-7e3f8aba1419,2006-04-25,,999-86-3693,,,,Amandine,Aikasalo,,,,white,nonhispanic,F,Helsinki  Uusimaa  FI,766 Lohtaja Katu Unit 3,Vantaa,Uusimaa,Vantaa,01630,60.27285864575341,24.81643445543687,2750.0,0.0
f73fb5c6-97d9-4fa5-8f3b-f646ebf684c8,2012-09-18,,999-49-8809,,,,Ann-Lis,Kassimäki,,,,white,nonhispanic,F,Helsinki  Uusimaa  FI,328 Rinta-Paavola Katu Suite 5,Raasepori,Uusimaa,Raasepori,10680,60.10175972588849,23.608112924908962,2000.0,0.0
9d938a67-3d3e-4f86-9460-d113aaf47a92,1985-12-17,,999-27-1966,S99959612,X60447883X,Mrs.,Tyra,Hagan,,Åkers,M,white,nonhispanic,F,Helsinki  Uusimaa  FI,928 Sahala Katu,Helsinki,Uusimaa,Helsinki,00190,60.23186008620235,24.942472838230103,4125.0,0.0
4c65415a-12a5-456e-8b0c-40b907deefd0,1953-06-13,,999-65-7701,S99971072,X57244139X,Mrs.,Minerva,Rantonen,,Ähkynen,M,white,nonhispanic,F,Vantaa  Uusimaa  FI,740 Lavikko Katu Unit 20,Vihti,Uusimaa,Vihti,03250,60.37883918193376,24.563512797868484,7000.0,0.0
e6307cdc-6a6b-4887-90a8-ba6196d25b54,1974-05-26,,999-38-6424,S99976751,X42422230X,Mr.,Tero-Tapio,Granvik,,,M,white,nonhispanic,M,Hyvinkää  Uusimaa  FI,417 Warteva Katu Apt 91,Järvenpää,Uusimaa,Järvenpää,04400,60.447399945921326,25.06735910479246,4625.0,0.0
3fee0a79-1333-4b94-a981-6b41c6af19eb,1969-07-20,,999-68-6178,S99927095,X73236809X,Mr.,Aryan,Soramies,,,M,white,nonhispanic,M,Vantaa  Uusimaa  FI,621 Ala-Sippola Katu Suite 45,Helsinki,Uusimaa,Helsinki,00920,60.168423579994034,24.948589324032753,5125.0,0.0
31db77b9-0be9-426d-925a-9b1eee93ddbf,1993-03-08,,999-38-7661,S99986191,X73356258X,Ms.,Lisa,Kaltto,,,,white,nonhispanic,F,Nurmijärvi  Uusimaa  FI,1044 Tervomaa Katu Suite 27,Vantaa,Uusimaa,Vantaa,01520,60.368809925561244,25.033739576363114,3750.0,0.0
ae886ec8-6016-4cbe-ac39-c162d00cf26b,1950-10-19,,999-13-7324,S99923519,X65918032X,Mr.,Kassu,Lääveri,,,M,white,nonhispanic,M,Mäntsälä  Uusimaa  FI,933 Salim Katu,Porvoo,Uusimaa,Porvoo,06650,60.40885388479323,25.645335643807673,7375.0,0.0
5ed9d13c-b96b-4aae-8da9-d0e9ff42320d,1993-08-17,,999-44-9951,S99956650,X33885397X,Ms.,Heikintytär,Hilkamo,,,,white,nonhispanic,F,Vantaa  Uusimaa  FI,274 Vienonen Katu,Espoo,Uusimaa,Espoo,02780,60.21408655210184,24.74577027665915,3750.0,0.0
f75b7386-c301-4ea9-a7c0-62efe3d6ca34,1987-05-01,,999-15-2926,S99926657,X44312672X,Mr.,Rio,Liesegang,,,M,white,nonhispanic,M,Espoo  Uusimaa  FI,619 Kivijakola Katu,Helsinki,Uusimaa,Helsinki,00690,60.23558690546556,24.919374935803795,4000.0,0.0
71f11caa-9e28-47ea-8ed1-b15029f2a5c3,1978-03-11,,999-70-2346,S99929166,X4210063X,Ms.,Grazia,Schalin,,,S,white,nonhispanic,F,Helsinki  Uusimaa  FI,366 Hynnälä Katu Unit 70,Espoo,Uusimaa,Espoo,02380,60.130672883302196,24.779171806740134,4375.0,0.0
886faf4f-5b72-4801-9f15-14ceccdf5fac,1972-10-01,,999-99-2083,S99923399,X53891451X,Ms.,Gunne,Ihamäki,,,S,white,nonhispanic,F,Helsinki  Uusimaa  FI,889 Beijar Katu Apt 35,Helsinki,Uusimaa,Helsinki,00340,60.11800389047334,24.910144144030408,4750.0,0.0
14dd8c31-65a7-4fe1-96aa-caaa7a56b3f7,1941-08-15,,999-45-5580,S99958817,X72637089X,Mr.,Oki,Jungell,,,M,white,nonhispanic,M,Novosibirsk  Novosibirsk Oblast  RU,652 Hane Katu Unit 63,Helsinki,Uusimaa,Helsinki,00870,60.127564450373136,24.957337109227062,8500.0,0.0
