PATIENT,START_YEAR,END_YEAR,PAYER,OWNERSHIP
111cc950-30e2-49f4-940d-8770a5c83b36,1998,2016,e15e7b92-f376-374f-9285-2f59a38ad823,Guardian
2dfe5220-11ed-4d2f-badf-5b0582937e7b,1993,2011,e15e7b92-f376-374f-9285-2f59a38ad823,Guardian
3037f8f4-0180-4e20-ae00-d741349da3e9,1999,2017,e15e7b92-f376-374f-9285-2f59a38ad823,Guardian
660cb3ee-f159-4a9a-99bb-8433f6d8b89e,1993,2011,e15e7b92-f376-374f-9285-2f59a38ad823,Guardian
b7662cdb-7cbb-4ce6-b08c-9b1c5e0abc61,1993,2011,e15e7b92-f376-374f-9285-2f59a38ad823,Guardian
2c6c2c93-35bb-4664-b35a-96544ddb0c56,1976,1994,e15e7b92-f376-374f-9285-2f59a38ad823,Guardian
b5b41456-ca06-474c-b6df-a8f69d69ca1b,1949,1967,e15e7b92-f376-374f-9285-2f59a38ad823,Guardian
4c3b23a6-5c9c-4161-a1b6-45af332ef228,1965,1983,e15e7b92-f376-374f-9285-2f59a38ad823,Guardian
d481ddaa-9a44-45c0-bc3f-f6aeb62ce5c0,1957,1975,e15e7b92-f376-374f-9285-2f59a38ad823,Guardian
bf01bf3b-41ba-4a99-9a7b-a4ec1bb6a641,1970,1988,e15e7b92-f376-374f-9285-2f59a38ad823,Guardian
b30b9031-fb72-4776-9ab6-141d11941043,1957,1975,e15e7b92-f376-374f-9285-2f59a38ad823,Guardian
b30b9031-fb72-4776-9ab6-141d11941043,1976,2009,e15e7b92-f376-374f-9285-2f59a38ad823,Self
f6329eff-7901-4811-8084-014e2b401074,1943,1961,e15e7b92-f376-374f-9285-2f59a38ad823,Guardian
6232072c-dc90-4066-b326-36ad4e53c0a6,1989,2007,e15e7b92-f376-374f-9285-2f59a38ad823,Guardian
d66858cc-f084-4d8a-a7be-070aea9c2d32,1947,1965,e15e7b92-f376-374f-9285-2f59a38ad823,Guardian
8a7796d9-13b8-4e0c-8caa-0643988ee9a8,1946,1964,e15e7b92-f376-374f-9285-2f59a38ad823,Guardian
90b938d8-82ec-410d-8aa6-4b6dd04e8baf,1978,1996,e15e7b92-f376-374f-9285-2f59a38ad823,Guardian
b6604f27-1d7a-4580-8804-f118e7a01f64,1957,1975,e15e7b92-f376-374f-9285-2f59a38ad823,Guardian
b6604f27-1d7a-4580-8804-f118e7a01f64,1976,1984,e15e7b92-f376-374f-9285-2f59a38ad823,Self
c9a40721-f85d-4095-8fec-a90e57deb722,1984,2002,e15e7b92-f376-374f-9285-2f59a38ad823,Guardian
bf45e276-9b5d-425a-9c18-f2a7d851a71d,1975,1993,e15e7b92-f376-374f-9285-2f59a38ad823,Guardian
dc1b4a97-a320-4cfc-86cb-e8f66ba9ecd4,1987,2005,e15e7b92-f376-374f-9285-2f59a38ad823,Guardian
1618ff78-e84f-49fd-a147-bc0b012ad183,1998,2016,e15e7b92-f376-374f-9285-2f59a38ad823,Guardian
dd481c84-e145-4732-ab31-e4902e2b4dcb,1999,2017,e15e7b92-f376-374f-9285-2f59a38ad823,Guardian
9760fb3c-2c2c-4ef1-a1e5-ec14a39af97c,1990,2008,e15e7b92-f376-374f-9285-2f59a38ad823,Guardian
56869717-57c3-4306-9eb0-d49f82b0e145,1963,1981,e15e7b92-f376-374f-9285-2f59a38ad823,Guardian
3be9d907-e86b-44db-924a-b4f6c89abfd2,1977,1995,e15e7b92-f376-374f-9285-2f59a38ad823,Guardian
af131e97-7947-44d2-b47b-ea316d60af0b,1948,1966,e15e7b92-f376-374f-9285-2f59a38ad823,Guardian
624cd8c6-7137-4571-abf7-d472ab49149e,1966,1984,e15e7b92-f376-374f-9285-2f59a38ad823,Guardian
c967a8c6-30ae-4815-b009-93d6fcd512db,1993,2011,e15e7b92-f376-374f-9285-2f59a38ad823,Guardian
00b895ad-9345-4229-9e27-f8ce3b93cb8b,1957,1975,e15e7b92-f376-374f-9285-2f59a38ad823,Guardian
dab4c670-96da-4b91-989d-aafa6ab23d20,1945,1963,e15e7b92-f376-374f-9285-2f59a38ad823,Guardian
1ca3bdeb-d057-4c5e-9676-e4240185d23a,1995,2013,e15e7b92-f376-374f-9285-2f59a38ad823,Guardian
c88e63b0-4703-427b-8d28-4fe3c478d4d1,1970,1988,e15e7b92-f376-374f-9285-2f59a38ad823,Guardian
e538b3c7-31f6-4ed8-a2e9-bfa72d3de684,1993,2011,e15e7b92-f376-374f-9285-2f59a38ad823,Guardian
f2b36738-3f85-4f42-aa5b-50665a866e64,1953,1971,e15e7b92-f376-374f-9285-2f59a38ad823,Guardian
3458df66-a6dd-4a58-9c0d-d5f2aede6721,1963,1981,e15e7b92-f376-374f-9285-2f59a38ad823,Guardian
40530b17-0003-4e45-b6c1-44b428021770,1994,2012,e15e7b92-f376-374f-9285-2f59a38ad823,Guardian
4b34efaa-27b5-4b0f-96db-7a9ee6e03929,1965,1983,e15e7b92-f376-374f-9285-2f59a38ad823,Guardian
4c27b1da-91ad-4b23-af80-f326229e14fb,1986,2004,e15e7b92-f376-374f-9285-2f59a38ad823,Guardian
8df7f72d-57ef-4dd8-8269-7b3774c0d736,1937,1955,e15e7b92-f376-374f-9285-2f59a38ad823,Guardian
5dd3153b-9360-4f27-a03e-06842cfbdede,1998,2016,e15e7b92-f376-374f-9285-2f59a38ad823,Guardian
8ab18516-9056-4d16-a98d-7fa4d9900d48,1961,1979,e15e7b92-f376-374f-9285-2f59a38ad823,Guardian
71db536c-fa6b-4004-8373-49c5968137f6,1953,1971,e15e7b92-f376-374f-9285-2f59a38ad823,Guardian
6af97b25-66f5-4cc2-97e2-6512bc18c194,1956,1974,e15e7b92-f376-374f-9285-2f59a38ad823,Guardian
6af97b25-66f5-4cc2-97e2-6512bc18c194,1975,2003,e15e7b92-f376-374f-9285-2f59a38ad823,Self
609f77ef-3a65-43f3-a762-62534cc8baeb,1987,2005,e15e7b92-f376-374f-9285-2f59a38ad823,Guardian
be2d4c70-6837-4ad3-9304-b44551da674d,1946,1964,e15e7b92-f376-374f-9285-2f59a38ad823,Guardian
0da0d57d-1dce-45a6-93ef-e4ad3fc3fc78,1991,2009,e15e7b92-f376-374f-9285-2f59a38ad823,Guardian
281c8c68-81bc-4a9a-bd81-46eede383a26,1975,1993,e15e7b92-f376-374f-9285-2f59a38ad823,Guardian
671cb1f7-5296-4dd8-b624-5aa1266f6f36,1955,1973,e15e7b92-f376-374f-9285-2f59a38ad823,Guardian
7c2f2673-2b5c-4f95-a3c6-4e57a0489b7b,1990,2008,e15e7b92-f376-374f-9285-2f59a38ad823,Guardian
c47d29d8-b46c-42d7-99ca-5d84337410aa,1956,1974,e15e7b92-f376-374f-9285-2f59a38ad823,Guardian
606ff21e-6cf2-4fed-8d3d-1d5c3b785219,1981,1999,e15e7b92-f376-374f-9285-2f59a38ad823,Guardian
47716c0c-f72b-44bc-8417-53e1ef363c9f,1966,1984,e15e7b92-f376-374f-9285-2f59a38ad823,Guardian
9f8b0fb5-5f69-4348-8e2f-9415d80dfd10,1977,1995,e15e7b92-f376-374f-9285-2f59a38ad823,Guardian
4737b299-d96d-4e4b-94ee-34d6bbb7ab25,1974,1992,e15e7b92-f376-374f-9285-2f59a38ad823,Guardian
2f03ed55-1c4c-4b30-aa57-58be4f4de003,1946,1964,e15e7b92-f376-374f-9285-2f59a38ad823,Guardian
ba6b2c72-5692-495a-b733-f5d584d86af2,1992,2010,e15e7b92-f376-374f-9285-2f59a38ad823,Guardian
e2bbc918-8647-48b9-8096-e46b13d2de1a,1986,2004,e15e7b92-f376-374f-9285-2f59a38ad823,Guardian
5b7d803b-d0b9-4c28-bcb0-30ac72dc732a,1966,1984,e15e7b92-f376-374f-9285-2f59a38ad823,Guardian
9248c732-880e-4d7a-816f-04f51d8b8bbe,1946,1964,e15e7b92-f376-374f-9285-2f59a38ad823,Guardian
fc3a32c0-d647-4357-9271-3e3b42b36301,1986,2004,e15e7b92-f376-374f-9285-2f59a38ad823,Guardian
8a0d7945-9e86-437e-916a-fbb7c24075f4,1975,1993,e15e7b92-f376-374f-9285-2f59a38ad823,Guardian
a58b9a28-ed41-48df-9562-8dcbf9fc1df1,1988,2006,e15e7b92-f376-374f-9285-2f59a38ad823,Guardian
5907e5df-85a8-44a9-a8b4-67b6e2c68bc3,1949,1967,e15e7b92-f376-374f-9285-2f59a38ad823,Guardian
87b6c55d-3993-4d89-bd55-01604ab28e14,1954,1972,e15e7b92-f376-374f-9285-2f59a38ad823,Guardian
8bd4e779-78a0-47df-ae15-92c14e983dc4,1950,1968,e15e7b92-f376-374f-9285-2f59a38ad823,Guardian
61d2d6b7-0ccf-4f6b-be3f-4507d0e77083,1969,1987,e15e7b92-f376-374f-9285-2f59a38ad823,Guardian
bd4a49f9-1eb9-4826-bb43-f90ebd879020,1978,1996,e15e7b92-f376-374f-9285-2f59a38ad823,Guardian
04e6b14f-80a5-4066-a280-221a005dc81f,1987,2005,e15e7b92-f376-374f-9285-2f59a38ad823,Guardian
67917f4b-7a22-4cf3-a039-7bf94af97135,1941,1959,e15e7b92-f376-374f-9285-2f59a38ad823,Guardian
88ad043a-ddf8-4c0b-8c0a-7e9e67cb5865,1995,2013,e15e7b92-f376-374f-9285-2f59a38ad823,Guardian
1a99dd73-ebef-45a2-8b18-75fb02fe4b9a,1992,2010,e15e7b92-f376-374f-9285-2f59a38ad823,Guardian
9d938a67-3d3e-4f86-9460-d113aaf47a92,1985,2003,e15e7b92-f376-374f-9285-2f59a38ad823,Guardian
4c65415a-12a5-456e-8b0c-40b907deefd0,1953,1971,e15e7b92-f376-374f-9285-2f59a38ad823,Guardian
e6307cdc-6a6b-4887-90a8-ba6196d25b54,1974,1992,e15e7b92-f376-374f-9285-2f59a38ad823,Guardian
3fee0a79-1333-4b94-a981-6b41c6af19eb,1969,1987,e15e7b92-f376-374f-9285-2f59a38ad823,Guardian
31db77b9-0be9-426d-925a-9b1eee93ddbf,1993,2011,e15e7b92-f376-374f-9285-2f59a38ad823,Guardian
ae886ec8-6016-4cbe-ac39-c162d00cf26b,1950,1968,e15e7b92-f376-374f-9285-2f59a38ad823,Guardian
5ed9d13c-b96b-4aae-8da9-d0e9ff42320d,1993,2011,e15e7b92-f376-374f-9285-2f59a38ad823,Guardian
f75b7386-c301-4ea9-a7c0-62efe3d6ca34,1987,2005,e15e7b92-f376-374f-9285-2f59a38ad823,Guardian
71f11caa-9e28-47ea-8ed1-b15029f2a5c3,1978,1996,e15e7b92-f376-374f-9285-2f59a38ad823,Guardian
886faf4f-5b72-4801-9f15-14ceccdf5fac,1972,1990,e15e7b92-f376-374f-9285-2f59a38ad823,Guardian
14dd8c31-65a7-4fe1-96aa-caaa7a56b3f7,1941,1959,e15e7b92-f376-374f-9285-2f59a38ad823,Guardian
