DATE,PATIENT,ENCOUNTER,CODE,DESCRIPTION,BASE_COST,REASONCODE,REASONDESCRIPTION
2009-08-24,b30b9031-fb72-4776-9ab6-141d11941043,6aefbea2-d8f9-4355-9148-32322dc0ca02,40701008,Echocardiography (procedure),1301.27,230690007,Stroke
2009-08-24,b30b9031-fb72-4776-9ab6-141d11941043,6aefbea2-d8f9-4355-9148-32322dc0ca02,433112001,Percutaneous mechanical thrombectomy of portal vein using fluoroscopic guidance,35894.38,230690007,Stroke
1984-11-26,b6604f27-1d7a-4580-8804-f118e7a01f64,0bec4fb3-8365-4dc6-8f0f-3674d4a6ef13,40701008,Echocardiography (procedure),978.46,22298006,Myocardial Infarction
1984-11-26,b6604f27-1d7a-4580-8804-f118e7a01f64,0bec4fb3-8365-4dc6-8f0f-3674d4a6ef13,415070008,Percutaneous coronary intervention,21025.15,22298006,Myocardial Infarction
1984-11-26,b6604f27-1d7a-4580-8804-f118e7a01f64,0bec4fb3-8365-4dc6-8f0f-3674d4a6ef13,232717009,Coronary artery bypass grafting,39250.05,22298006,Myocardial Infarction
2003-02-17,6af97b25-66f5-4cc2-97e2-6512bc18c194,476f33d6-4100-4339-b52f-b14f09a1bf37,40701008,Echocardiography (procedure),932.37,22298006,Myocardial Infarction
2003-02-17,6af97b25-66f5-4cc2-97e2-6512bc18c194,476f33d6-4100-4339-b52f-b14f09a1bf37,415070008,Percutaneous coronary intervention,26063.25,22298006,Myocardial Infarction
2003-02-17,6af97b25-66f5-4cc2-97e2-6512bc18c194,476f33d6-4100-4339-b52f-b14f09a1bf37,232717009,Coronary artery bypass grafting,39757.63,22298006,Myocardial Infarction
2018-10-20,87b6c55d-3993-4d89-bd55-01604ab28e14,fe34ceec-b3f0-4b70-8101-e10b25a83518,180325003,Electrical cardioversion,21714.56,49436004,Atrial Fibrillation
2019-10-26,87b6c55d-3993-4d89-bd55-01604ab28e14,357a539c-be32-4aca-bb88-c4acb8ba9947,18286008,Catheter ablation of tissue of heart,7251.56,49436004,Atrial Fibrillation
1964-03-13,67917f4b-7a22-4cf3-a039-7bf94af97135,1d596d0c-6e68-4cfb-9db9-78764049613c,40701008,Echocardiography (procedure),1356.00,22298006,Myocardial Infarction
1964-03-13,67917f4b-7a22-4cf3-a039-7bf94af97135,1d596d0c-6e68-4cfb-9db9-78764049613c,415070008,Percutaneous coronary intervention,26154.81,22298006,Myocardial Infarction
1964-03-13,67917f4b-7a22-4cf3-a039-7bf94af97135,1d596d0c-6e68-4cfb-9db9-78764049613c,232717009,Coronary artery bypass grafting,37761.46,22298006,Myocardial Infarction
2017-08-13,3fee0a79-1333-4b94-a981-6b41c6af19eb,292e1484-32c1-45d0-b708-ca17b813e8f4,180325003,Electrical cardioversion,30003.17,49436004,Atrial Fibrillation
2018-08-19,3fee0a79-1333-4b94-a981-6b41c6af19eb,36ce9b53-7d3e-4cbf-ac11-21543260181f,180325003,Electrical cardioversion,19204.41,49436004,Atrial Fibrillation
2019-08-25,3fee0a79-1333-4b94-a981-6b41c6af19eb,1c16c65f-a2da-498b-861b-4bee2b882475,180325003,Electrical cardioversion,18913.08,49436004,Atrial Fibrillation
