Id,ORGANIZATION,NAME,GENDER,SPECIALITY,ADDRESS,CITY,STATE,ZIP,LAT,LON,UTILIZATION
0931f984-3d97-35ea-a8d8-5b963027d7fc,39010280-b8e5-3b1a-b835-bafbeea21968,Faton Viljamäki,M,GENERAL PRACTICE,Turuntie 150,Espoo,18,02740,60.22589,24.77581,2
5e086e2e-e57b-3475-8bc2-fa2406ded870,b9b4f8d8-b4a7-3164-a21f-c57b0c40c3ff,Randy Rekolainen,M,GENERAL PRACTICE,Sairaalankatu 1,Hyvinkää,18,05830,60.612,24.82486,1
c9927d7d-3eff-377e-ae00-d49a758bff5f,738aef7e-a279-3f65-9dba-fead16b27400,Farhad Pihlflyckt,M,GENERAL PRACTICE,Turuntie 150,Espoo,18,02740,60.22589,24.77581,1165
0a210f77-2bba-342a-9668-3232a288600f,9a3e6919-4ed0-32fe-a1e2-7184b06c415f,Minetta Rännäri,F,GENERAL PRACTICE,Karvasmäentie 6,Espoo,18,02740,60.22011,24.6848,523
00713e10-0df5-390e-a581-3bc8471d87f5,a70486b2-c33a-37b3-a4cf-b3dc06cb9d84,Sannamaria Melasniemi,F,GENERAL PRACTICE,Sairaalakatu 1,Vantaa,18,01400,60.3299,25.0608,1356
f834f28f-152b-3c47-a6e8-af37bd4ce71f,bf25636d-50a4-3cf2-b937-0e59fd37503f,Axa Into,F,GENERAL PRACTICE,Sairaalankatu 1,Hyvinkää,18,05830,60.612,24.82486,207
47b3ee51-18f9-322b-9725-0ddd684535e8,4eddd774-a01b-3a0b-b4c6-736a5581aba4,Ulla-Kristina Nurminen,F,GENERAL PRACTICE,Ohkolantie 10,Kellokoski,18,04500,60.53054,25.10548,209
977b8597-e202-3109-a3db-db7cdde841fe,942171f0-df04-34cc-9c85-1a11b2f08717,Bengt-Göran Uusi-Vähälä,M,GENERAL PRACTICE,Sairaalatie 8,Lohja,18,08200,60.2247,24.01885,133
ac4580e6-7957-3b14-a857-bd95b19738bf,216a84b2-6287-356d-9bcf-655abf00debb,Moustafa Innamaa,M,GENERAL PRACTICE,Sairaalantie 1,Porvoo,18,06200,60.37911,25.69576,220
73ae2c14-e526-3baa-9600-7fe34446ad5f,319baef9-e8e6-3320-9e0b-7991d9c167b8,Farhad Pihlflyckt,M,GENERAL PRACTICE,Haartmaninkatu 4,Helsinki,18,00290,60.189159,24.909081,3
de195eb7-73da-3ee5-ad78-36f709d65387,39010280-b8e5-3b1a-b835-bafbeea21968,Sannamaria Melasniemi,F,GENERAL PRACTICE,Turuntie 150,Espoo,18,02740,60.22589,24.77581,1
7d6d9924-75d2-37d7-84ac-57004d8ad6c9,af916982-f5f8-341b-b159-69e72695294c,Ulla-Kristina Nurminen,F,GENERAL PRACTICE,Sairaalakatu 1,Vantaa,18,01400,60.3299,25.0608,1
