location_id,address_1,address_2,city,state,zip,county,location_source_value
926,1022 Weintraub Katu Unit 7,,Espoo,Uusimaa,02740,Espoo,181008a4-7a36-4adc-a222-ac441c203e23
927,322 Suihkonen Katu Suite 54,,Vantaa,Uusimaa,01610,Vantaa,6452dc9c-0b44-4660-968e-f2550f7f2d82
928,699 Laihonen Katu,,Espoo,Uusimaa,02250,Espoo,246f42dd-eed0-44c2-99c9-ec13e9f9f6f4
929,908 Ekonen Katu,,Helsinki,Uusimaa,00180,Helsinki,591616b6-3e91-4f39-ada8-a3a89ad14d84
930,872 Kovanen Katu,,Helsinki,Uusimaa,00710,Helsinki,0db8f2e4-bf0e-4f1c-97b8-289cbfd9bdbc
931,841 Sinervä Katu Apt 69,,Vantaa,Uusimaa,01700,Vantaa,caf024d7-7f7d-4d3d-8d03-d7e4c1379297
932,205 Gustafsson Katu,,Vantaa,Uusimaa,01380,Vantaa,f2f5d627-d241-4bc1-bd3f-5550d463b40c
933,154 Alhonpää Katu Suite 38,,Helsinki,Uusimaa,00730,Helsinki,b8db241d-39f1-4a81-873f-d57f6fb3c3ab
934,105 Mikkola Katu,,Mäntsälä,Uusimaa,04740,Mäntsälä,35c4e7ff-2353-4234-a788-252c8bad0bc4
935,1006 Kentta Katu,,Lohja,Uusimaa,08500,Lohja,0c065267-24d8-48d0-9109-2d7cfd648731
936,197 Umpala Katu,,Espoo,Uusimaa,02330,Espoo,36f4371b-b2e9-4588-b2a0-1e57de4afdbf
937,590 Hotokka Katu,,Lohja,Uusimaa,08680,Lohja,153855cb-ed12-4f11-a8a2-5dec1810fb6b
938,584 Law Katu Unit 86,,Helsinki,Uusimaa,00340,Helsinki,17ebc245-c1c4-484d-951a-90b156951a20
939,678 Sarelin Katu Suite 52,,Siuntio,Uusimaa,02580,Siuntio,24217286-e372-41dd-9101-229f34631698
940,747 Knudsen Katu,,Helsinki,Uusimaa,00290,Helsinki,7f51ec99-0c3f-4cfe-bf4e-7e0ea245b96c
941,294 Kytöniemi Katu,,Helsinki,Uusimaa,00550,Helsinki,d43abf67-9505-41f1-9bba-582aff3c6049
942,909 Repola Katu Apt 84,,Espoo,Uusimaa,02180,Espoo,cd8bfd3e-f033-4ac6-b7f4-406898b13b57
943,858 Akhtar Katu,,Kerava,Uusimaa,04250,Kerava,60deff10-4b4e-4f1b-a76b-54f0f41f9ad4
944,1028 Kunto Katu,,Helsinki,Uusimaa,00610,Helsinki,c251df38-e906-48d5-8d3c-d8cd8f6a104e
945,587 Pyrhönen Katu Apt 53,,Helsinki,Uusimaa,00170,Helsinki,8c3a5daa-7640-4b53-8a98-9d9064430632
946,563 Hinkkanen Katu Suite 38,,Espoo,Uusimaa,02740,Espoo,c6a16635-d1cf-4b5a-b617-631c7dc64588
947,1042 Tiri Katu Suite 29,,Helsinki,Uusimaa,00690,Helsinki,233a5e31-b276-439c-8d11-962358db4d91
948,496 Wink Katu Suite 44,,Helsinki,Uusimaa,00360,Helsinki,896de2be-e20e-4882-86a3-36be21484f2e
949,372 Honkonen Katu Apt 9,,Järvenpää,Uusimaa,04400,Järvenpää,746bd785-2425-467b-a1d7-bd5c77961925
950,268 George Katu,,Hyvinkää,Uusimaa,05800,Hyvinkää,fc7e45bf-3efe-4769-823f-387e2fb898f9
951,856 Koukkari Katu,,Helsinki,Uusimaa,00690,Helsinki,a835d7bb-d6e9-4efa-b28b-904e39a69c57
952,840 Maaronen Katu,,Helsinki,Uusimaa,00120,Helsinki,3b5ab367-ffd3-496d-8b01-bf28e7b0332e
953,141 Sillanmikko Katu,,Vantaa,Uusimaa,01520,Vantaa,8787c7a6-cf79-4f52-889c-4caa917b3af3
954,302 Melamies Katu Suite 91,,Helsinki,Uusimaa,00760,Helsinki,214d4e27-3c4b-439f-bb4d-dfc288d11de1
955,465 Köppä Katu,,Nurmijärvi,Uusimaa,01860,Nurmijärvi,2ee9daa7-30d8-4836-8196-88ea36a224f5
956,766 Vesiluoma Katu,,Tuusula,Uusimaa,04370,Tuusula,e8e29c69-0943-429f-990a-4277f56bab59
957,362 Remander Katu,,Helsinki,Uusimaa,00260,Helsinki,66454b6d-7fa9-458d-9a87-25defc2ab2d3
958,521 Grims Katu,,Helsinki,Uusimaa,00140,Helsinki,9d12ccd5-c2bc-45ab-bf7c-cb0519fbf456
959,345 Lillandt Katu Suite 72,,Helsinki,Uusimaa,00220,Helsinki,9e94989f-8b33-4df9-ab15-73db38ad9617
960,610 Kaltiala Katu Unit 93,,Helsinki,Uusimaa,00960,Helsinki,767bcbf0-4e00-4ca5-9e33-8ee4f7740e84
961,988 Hallén Katu Suite 5,,Helsinki,Uusimaa,00840,Helsinki,41bc6069-fa84-429b-8dcf-f7b9adfe0249
962,573 Sukanen Katu Unit 51,,Helsinki,Uusimaa,00260,Helsinki,ee634bdf-fde5-4661-b9d3-f2fae874d89d
963,676 Lundahl Katu Unit 38,,Hyvinkää,Uusimaa,05840,Hyvinkää,9c70c10f-299c-4bc8-8031-646601f3a1e2
964,764 Saahkari Katu,,Helsinki,Uusimaa,00310,Helsinki,24e13b1c-1340-4cfe-bc30-a75da317c384
965,566 Haikola Katu,,Espoo,Uusimaa,02720,Espoo,4d59371a-a2ab-4ab8-a45e-c8c7a5bcd227
966,123 Kaarlejärvi Katu,,Helsinki,Uusimaa,00870,Helsinki,f9e2743f-7a83-4b2c-aeac-cfcb91832495
967,328 Rydenfelt Katu,,Nurmijärvi,Uusimaa,01830,Nurmijärvi,83dc9ccc-7f8e-425a-9494-b4b375349fd8
968,592 Lakkonen Katu Apt 45,,Espoo,Uusimaa,02200,Espoo,55878477-835e-4409-89c0-8c365a7696fd
969,854 Ervasti Katu,,Helsinki,Uusimaa,00790,Helsinki,3d7dabef-eac4-4f2d-9b60-c0e37882ee1d
970,1082 Arjanne Katu Suite 39,,Helsinki,Uusimaa,00340,Helsinki,2cc190fe-e6db-4279-9c41-663a58fde8c6
971,375 Rinta-Kokko Katu Unit 62,,Espoo,Uusimaa,02620,Espoo,7c176b56-58ef-4ae4-b23c-711fb63733ff
972,840 Engberg Katu,,Nurmijärvi,Uusimaa,01820,Nurmijärvi,6730d85e-2599-46be-bf07-c5cbcfca7916
973,257 Kugappi Katu Suite 89,,Tuusula,Uusimaa,05430,Tuusula,95598200-4a7d-41ad-a804-68f1cc90c928
974,1034 Soppela Katu Apt 31,,Espoo,Uusimaa,02720,Espoo,6c4641df-c583-4cec-bd96-4b3cc4cc8acc
975,869 Majakangas Katu,,Vantaa,Uusimaa,01230,Vantaa,2f3c4288-c603-4da2-bc73-4a3133f033b6
976,886 Hägen Katu Apt 76,,Helsinki,Uusimaa,00540,Helsinki,d05e0511-f60e-477c-8504-d515c8ea8bf9
977,1040 Ylimaunu Katu,,Hyvinkää,Uusimaa,05860,Hyvinkää,02e211b3-c7c0-4347-b859-edd54a1c1b46
978,281 Saralahti Katu Unit 24,,Porvoo,Uusimaa,07410,Porvoo,c5ff187a-ad8c-4aee-b466-d242bc5b1688
979,546 Raassina Katu,,Helsinki,Uusimaa,00960,Helsinki,5f983320-1a1e-498e-8c5c-a8f0c6a052a6
980,622 Maisala Katu,,Järvenpää,Uusimaa,04410,Järvenpää,af818120-8562-4965-9948-8704fef35a1d
981,1002 Toivainen Katu,,Porvoo,Uusimaa,06830,Porvoo,b51c8233-c73f-4e25-8352-9c509b19bf70
982,925 Ala-Kokkila Katu Apt 74,,Espoo,Uusimaa,02210,Espoo,6035c37c-f155-4ba5-90e0-4f80e0aa3464
983,629 Silanen Katu,,Lohja,Uusimaa,09630,Lohja,0b9ef861-25ea-4e56-a4fa-03e9e39dc5f6
984,823 Hukkamäki Katu Unit 17,,Vihti,Uusimaa,03220,Vihti,cd94cb0d-000f-4549-944c-25078ca9c1d0
985,550 Pekonmäki Katu Unit 78,,Espoo,Uusimaa,02380,Espoo,a18deb5c-260a-4e22-8436-cda4fdcfb881
986,545 Karkkonen Katu,,Tuusula,Uusimaa,04350,Tuusula,0e29b3aa-378c-4568-8ba2-1cd2d7cd3504
987,532 Klén Katu Suite 78,,Raasepori,Uusimaa,10480,Raasepori,693d998a-d7ab-45b1-9492-517b0cf69e4e
988,740 Lappalainen Katu Suite 63,,Espoo,Uusimaa,02920,Espoo,3c8eed1d-a7b9-4edb-9ea2-352d40334637
989,1030 Maunuaho Katu Unit 25,,Raasepori,Uusimaa,10350,Raasepori,a770f298-7cc6-4a26-a2f1-b50a90d2a4ae
990,798 Merimäki Katu Suite 94,,Helsinki,Uusimaa,00690,Helsinki,60515b71-c40f-41fa-936e-82603a01f9ec
991,482 Kärkelä Katu,,Espoo,Uusimaa,02200,Espoo,2cf5eccc-362f-41cf-afbe-f4f785e36540
992,932 Yli-Pelkonen Katu Suite 77,,Vantaa,Uusimaa,01380,Vantaa,fc24e37e-b129-4fb9-9c6a-d84174f77978
993,665 Roslöf Katu,,Espoo,Uusimaa,02860,Espoo,5a56fac3-1c2b-4f18-be34-cbf276550704
994,605 Perkinen Katu,,Helsinki,Uusimaa,00610,Helsinki,2961a7b6-eb44-406e-812a-b96510d5aad7
995,920 Pollari Katu Apt 12,,Espoo,Uusimaa,02210,Espoo,d6d26960-486c-4f35-b99d-59535888eecf
996,138 Aitola Katu Unit 36,,Mäntsälä,Uusimaa,04820,Mäntsälä,c68e4acf-e682-4c0f-9281-fa1a8e280c1f
997,172 Lillkaas Katu,,Helsinki,Uusimaa,00220,Helsinki,909e9530-026d-47f0-9307-9b00dad52a8e
998,332 Niskala Katu Suite 89,,Helsinki,Uusimaa,00640,Helsinki,e59d27ec-4c93-4a43-a63d-0c7b3525fb4d
999,643 Vuononvirta Katu,,Karkkila,Uusimaa,03710,Karkkila,2bf39632-d042-4035-bd4a-7c8c7cd6489f
1000,233 Porvali Katu Suite 61,,Helsinki,Uusimaa,00610,Helsinki,aa1ab836-942f-47d2-9b96-4c5663b44cb0
1001,231 Juntto Katu,,Porvoo,Uusimaa,07410,Porvoo,ac911c76-eb04-4438-85fa-cd24d30d7089
1002,911 Sköld Katu,,Espoo,Uusimaa,02320,Espoo,19df1c06-34ad-47b5-9dc6-849d5f07d8a5
1003,754 Rehnstrand Katu Unit 49,,Helsinki,Uusimaa,00410,Helsinki,8f16d8dc-d325-4c65-ba6c-b730597561f0
1004,604 Taiminen Katu Apt 91,,Vantaa,Uusimaa,01770,Vantaa,4c6a6583-8f54-44d6-8510-6406208b47d7
1005,199 Ilmavirta Katu Apt 17,,Lohja,Uusimaa,03870,Lohja,aed58d2f-72d3-409e-9d02-b76f3bf1e4a0
1006,635 Yliranta Katu Apt 46,,Helsinki,Uusimaa,00940,Helsinki,c55c7a01-5e00-4e5b-ae57-03259a7a5a89
1007,172 Suuniittu Katu,,Helsinki,Uusimaa,00870,Helsinki,e2f5e022-5275-42e3-9546-4a07a2de103a
1008,342 Helsto Katu Apt 16,,Kerava,Uusimaa,04220,Kerava,ec0f11cf-9d89-4933-a27b-2d8d31793913
1009,481 Djupsund Katu,,Kirkkonummi,Uusimaa,02540,Kirkkonummi,029905fb-a9d2-4e0d-88fd-1fe19c0b6f50
1010,249 Davies Katu,,Sipoo,Uusimaa,01150,Sipoo,0c310bb1-d8f6-4105-ace7-dbc007f14d06
1011,373 Jacobs Katu,,Tuusula,Uusimaa,04320,Tuusula,78f8dd92-81f3-4f2d-a392-c725371d95f7
1012,854 Hakatie Katu Apt 37,,Espoo,Uusimaa,02180,Espoo,0aa8cbfa-3a48-4b99-b0c3-b93217648193
1013,498 Sarviluoma Katu,,Espoo,Uusimaa,02740,Espoo,5ec7c64c-0240-4215-8087-56b01f0ce49d
1014,693 Kerätär Katu,,Helsinki,Uusimaa,00860,Helsinki,6f52ed72-512c-4e19-bf42-9ef200ac5f68
1015,428 Runni Katu,,Helsinki,Uusimaa,00940,Helsinki,c5200c86-2711-4864-a5ea-84815d3ec143
1016,923 Nilsén Katu,,Helsinki,Uusimaa,00540,Helsinki,4ec6167c-de72-4417-a086-fa551324ade9
1017,777 Loimusto Katu Unit 98,,Järvenpää,Uusimaa,04460,Järvenpää,b0f4e219-4e16-4f4b-8d93-6be6908a863d
1018,375 Vähä-Peltomäki Katu Unit 77,,Vantaa,Uusimaa,01690,Vantaa,6f603992-1074-4113-bda2-60460922e76f
1019,1060 Aittolampi Katu,,Vantaa,Uusimaa,01730,Vantaa,af26ee5c-a58e-404c-9293-31a9208a97f5
1020,487 Saunala Katu Suite 8,,Helsinki,Uusimaa,00980,Helsinki,74aac221-f8c7-4250-a407-146e504dc29a
1021,1071 Sotamaa Katu,,Helsinki,Uusimaa,00520,Helsinki,b6c8a6ab-81c6-48f4-87e7-9e20bdf81c7e
1022,234 Viljakka Katu,,Porvoo,Uusimaa,07310,Porvoo,68fcd0fd-58e1-4ff2-adc2-01691870cb4b
1023,1016 Henttonen Katu Suite 93,,Helsinki,Uusimaa,00700,Helsinki,9b96903e-cab4-49b6-8356-144e866083ae
1024,475 Honkaniemi Katu Suite 53,,Helsinki,Uusimaa,00420,Helsinki,f1872faa-b3e3-456f-940d-ff7b4cb274bf
1025,716 Hemgård Katu Suite 43,,Helsinki,Uusimaa,00860,Helsinki,6660da8a-ff1b-4e26-9fcc-cbb1fd4e3f07
1026,380 Uggelberg Katu,,Lohja,Uusimaa,09630,Lohja,39a70a32-becd-46f3-8224-5ee80525c8c8
1027,285 Lantiainen Katu Apt 60,,Espoo,Uusimaa,02860,Espoo,b7915731-9717-459c-86c4-c0bad50f665c
1028,853 Rantasuomela Katu Unit 53,,Helsinki,Uusimaa,00830,Helsinki,4256e1f1-5643-4ae1-918c-e2e8b1bd792e
