location_id,address_1,address_2,city,state,zip,county,location_source_value
4541,1046 Viljander Katu Suite 11,,Nurmijärvi,Uusimaa,05100,Nurmijärvi,90be9340-d86f-4909-8845-80ee21e9acf6
4542,238 Rusula Katu,,Vantaa,Uusimaa,01690,Vantaa,c0ba85bb-c3aa-4d4d-a352-f2e4ccf9d8f9
4543,559 Laitamäki Katu,,Espoo,Uusimaa,02820,Espoo,87835246-ed57-426e-a158-1b3d3d698df7
4544,301 Varis Katu Unit 55,,Helsinki,Uusimaa,00350,Helsinki,0bdca822-4ff4-42de-ae8e-ae4aa6b67044
4545,654 Meinander Katu,,Helsinki,Uusimaa,00960,Helsinki,217b4875-d15a-441c-8a99-243ebc24ec8a
4546,555 Valle Katu Unit 57,,Helsinki,Uusimaa,00250,Helsinki,a75a0e79-cbab-4d5c-b2d0-3591fbc84c9a
4547,171 Piri Katu,,Helsinki,Uusimaa,00370,Helsinki,2886d501-2259-425d-8819-cc3dd2a0993d
4548,1004 Narkiniemi Katu Unit 67,,Kirkkonummi,Uusimaa,02540,Kirkkonummi,488ef1a1-8cc2-4cfe-aac8-66d47f9faedf
4549,669 Oksa Katu,,Porvoo,Uusimaa,07110,Porvoo,0055cc74-c636-4c4e-b292-fe63005b4804
4550,921 Sironen Katu,,Helsinki,Uusimaa,00180,Helsinki,6e84c0de-0580-4e64-a11a-1a8c64c19ccc
4551,781 Varpio Katu Unit 68,,Sipoo,Uusimaa,01120,Sipoo,1deeaae2-eb02-4071-a18e-898572febde3
4552,437 Porkkala Katu,,Tuusula,Uusimaa,04350,Tuusula,02b163b6-dcd6-4319-ba6b-9bfee4aa4255
4553,438 Töllikkö Katu,,Vantaa,Uusimaa,01390,Vantaa,c935812a-c785-4d22-bf65-c32f5890d199
4554,702 Eilola Katu Suite 37,,Espoo,Uusimaa,02200,Espoo,afc373d7-38af-4bb9-8d19-6b839cfcdefc
4555,372 Höyssä Katu,,Espoo,Uusimaa,02170,Espoo,e17b848e-77a6-4fde-96d1-042faa35488f
4556,569 Mäentaka Katu Unit 70,,Espoo,Uusimaa,02820,Espoo,f1cb9b5e-716b-49a3-9621-f7ffa3c1c405
4557,1014 Kontio Katu Unit 68,,Kerava,Uusimaa,04260,Kerava,f6413757-25f4-4ee1-bcd1-a32acaff39ac
4558,812 Horn Katu Apt 10,,Kauniainen,Uusimaa,02700,Kauniainen,f45442b2-39e7-426c-b643-357f6e61e8cf
4559,502 Elovaara Katu Apt 58,,Helsinki,Uusimaa,00880,Helsinki,2eeeb93e-b7b9-4897-9149-24f42121e5d5
4560,962 Muhojoki Katu Suite 75,,Lohja,Uusimaa,08150,Lohja,1b072b88-ef93-4484-8456-5b5c9dc281ce
4561,223 Deniz Katu,,Espoo,Uusimaa,02270,Espoo,5160a901-c4e7-4654-aef3-689dd261bf8b
4562,240 Kontsas Katu,,Kauniainen,Uusimaa,02700,Kauniainen,5dcb0dae-c166-4b18-9293-0346464e46a0
4563,184 Aittakumpu Katu,,Helsinki,Uusimaa,00780,Helsinki,d1f6ab3a-baf9-4520-b65c-250a30f95f0d
4564,884 Pohjanharju Katu,,Helsinki,Uusimaa,00260,Helsinki,9233021c-367f-44cd-8a79-dc319ace4856
4565,633 Tsurkka Katu Apt 92,,Vantaa,Uusimaa,01710,Vantaa,2cd89f1e-c6e9-42d8-9734-18f4d3deb858
4566,831 Stockus Katu,,Tuusula,Uusimaa,04370,Tuusula,e66c76eb-4974-466a-be60-b1111d792171
4567,516 Kaukkila Katu,,Helsinki,Uusimaa,00860,Helsinki,04429bf4-27c2-48cf-9329-5f2c9caa98a2
4568,680 Poppius Katu,,Vantaa,Uusimaa,01260,Vantaa,9abd6236-1eb5-4e1e-8fb2-881ee35ab775
4569,395 Heiniö Katu,,Tuusula,Uusimaa,04500,Tuusula,44d6f4da-b11c-48c4-96c1-21fad07407ab
4570,608 Karbin Katu Suite 71,,Kirkkonummi,Uusimaa,02480,Kirkkonummi,da0b24b9-2d22-43fa-81a8-10f340522a1e
4571,861 Karpoff Katu,,Vantaa,Uusimaa,01630,Vantaa,38006e03-6501-4b7a-9c5f-93dd80ed4e92
4572,167 Palola Katu Unit 5,,Helsinki,Uusimaa,00680,Helsinki,c8a0ae49-cf07-468b-b106-232a887389de
4573,672 Haikio Katu Suite 26,,Helsinki,Uusimaa,00410,Helsinki,9921dd5a-510e-4cf0-957c-8c47c81ff051
4574,946 Maksniemi Katu Apt 22,,Espoo,Uusimaa,02320,Espoo,a2d1dc85-12ef-45e4-ac95-446ffbf3d465
4575,246 Alkiomaa Katu,,Espoo,Uusimaa,02210,Espoo,a1b74098-22aa-4a5b-af32-ee1e891380b8
4576,863 Mylly Katu,,Espoo,Uusimaa,02210,Espoo,45e7c31e-63a9-45c9-b4df-13d6e4e10464
4577,144 Liljegren Katu Suite 39,,Lohja,Uusimaa,08100,Lohja,01dfac8a-2680-4766-bab8-9cfc7c150aa2
4578,730 Korkia-aho Katu,,Raasepori,Uusimaa,10380,Raasepori,0b362ff2-1413-4bf1-a87c-37f8f33f0a16
4579,172 Uhtakari Katu Suite 79,,Tuusula,Uusimaa,04390,Tuusula,e64d82d0-4b05-47af-9f6f-32500d390f30
4580,269 Yhtiö Katu,,Helsinki,Uusimaa,00970,Helsinki,a243e5f0-00aa-40c2-9fef-2c7f35698ca6
4581,611 Sauriala Katu Apt 67,,Järvenpää,Uusimaa,04440,Järvenpää,05c6fd53-1828-482c-b088-66d3b2e873d2
4582,1060 George Katu Unit 62,,Espoo,Uusimaa,02330,Espoo,c077045e-a227-4e95-b88a-84f6fcb33248
4583,822 Latva-Kyyny Katu,,Helsinki,Uusimaa,00530,Helsinki,0addc22a-c10f-45da-aa55-5531a36c575b
4584,604 Raitaniemi Katu,,Helsinki,Uusimaa,00300,Helsinki,c7c1aa4d-23e6-4449-b64a-32561a09bc5a
4585,378 Niininen Katu,,Helsinki,Uusimaa,00630,Helsinki,66b31de2-26a6-4ed3-ac03-ee410138daf1
4586,405 Vahvanen Katu,,Porvoo,Uusimaa,06950,Porvoo,1766080b-4150-4830-ac5f-7c214570f586
4587,907 Korppi-Tommola Katu Suite 7,,Helsinki,Uusimaa,00180,Helsinki,e266af44-6036-4925-b367-1ba67f570d27
4588,1016 Pääskylä Katu Suite 55,,Sipoo,Uusimaa,01150,Sipoo,29b93dea-3d53-476b-be31-8d3d378b69b8
4589,199 Uusikartano Katu,,Helsinki,Uusimaa,00910,Helsinki,db2fb14c-fb7f-47a8-85b0-55aae79d8605
4590,390 Lundán Katu Suite 7,,Helsinki,Uusimaa,00570,Helsinki,6b7c1acf-3a76-4814-9b6e-90bb0e5a45c3
4591,210 Madekivi Katu Apt 53,,Lohja,Uusimaa,08450,Lohja,d1d969af-df8a-47a2-8b63-990cd0d87c57
4592,443 Heinälehto Katu,,Espoo,Uusimaa,02240,Espoo,d1fd1bfe-0ca8-49f3-a6ba-f8d2f7db08b3
4593,880 Kylmäkoski Katu Unit 35,,Helsinki,Uusimaa,00220,Helsinki,8242b241-2864-44d7-8d93-be7c368bfd29
4594,610 Huunonen Katu,,Helsinki,Uusimaa,00620,Helsinki,4a2a7231-f769-4003-9781-f24337db3406
4595,847 Oijusluoma Katu,,Helsinki,Uusimaa,00990,Helsinki,3ff558d2-3151-4fbe-9cc5-62222229660e
4596,697 Pohjonen Katu Unit 73,,Porvoo,Uusimaa,06500,Porvoo,dd01fcfb-ef4f-47fb-84d4-5a936b94134f
4597,796 Mölkänen Katu,,Vantaa,Uusimaa,01530,Vantaa,422aa198-524a-4181-a449-878f9ea6674f
4598,376 Nissilä Katu,,Kirkkonummi,Uusimaa,02430,Kirkkonummi,339f55ed-14c7-47b2-a7f9-c7a85a3e6633
4599,529 Ylikangas Katu,,Vantaa,Uusimaa,01700,Vantaa,bfca716c-54ac-49e2-b729-100f0b73e354
4600,640 Pyörre Katu,,Järvenpää,Uusimaa,04460,Järvenpää,856b9d7c-1423-434f-8334-6a526dc1e46a
4601,515 Teitti Katu Suite 87,,Järvenpää,Uusimaa,04440,Järvenpää,87fc3d5a-fcb5-4976-bd6d-ecaa3909a7e6
4602,252 Murtoperä Katu,,Vantaa,Uusimaa,01700,Vantaa,691622f4-c104-4c1e-a64b-e6bc01434026
4603,961 Sävelä Katu Unit 54,,Vantaa,Uusimaa,01770,Vantaa,860ef2de-0ad8-4480-83bd-8cb0bd40edc4
4604,810 Paattiniemi Katu,,Helsinki,Uusimaa,00960,Helsinki,b0f5d27c-e0bf-4090-bae0-737c147f1317
4605,451 Kuopio Katu Suite 84,,Helsinki,Uusimaa,00620,Helsinki,0bcbc1fa-1203-45fe-905a-07bc786137d9
4606,540 Krouvi Katu Suite 85,,Helsinki,Uusimaa,00840,Helsinki,0036f304-0583-46a8-95c9-4aa18e8aafde
4607,1026 Hannola Katu Suite 85,,Mäntsälä,Uusimaa,04920,Mäntsälä,4606ca22-a15d-4174-b9fd-1b4737c15a20
4608,1022 Arimo Katu,,Espoo,Uusimaa,02720,Espoo,ee1cab72-2677-450f-96d9-7727bd9b0254
4609,986 Lintuaho Katu,,Tuusula,Uusimaa,04340,Tuusula,f44d1049-0c11-4da9-9ff7-d6922ed35f80
4610,484 Joutulainen Katu,,Helsinki,Uusimaa,00160,Helsinki,7720d2e4-be8b-404f-9b4b-5864698643e9
4611,922 Rehu Katu Apt 71,,Porvoo,Uusimaa,07390,Porvoo,c0252623-deb4-4a8a-9637-c1de0256e4ef
4612,177 Orttenvuori Katu Suite 10,,Espoo,Uusimaa,02340,Espoo,0b8d8430-94df-4afe-b16f-fd8013fee2b7
4613,855 Sankilampi Katu Apt 63,,Helsinki,Uusimaa,00160,Helsinki,6e6e745d-7b0d-4700-a066-ff7c69bfdee6
4614,504 Kekoni Katu,,Lapinjärvi,Uusimaa,07810,Lapinjärvi,799011e9-434a-4856-a271-7748a9579951
4615,214 Aaltovirta Katu Unit 45,,Espoo,Uusimaa,02100,Espoo,8c919d75-2fa7-40ca-8416-fc6a4ad14e2e
4616,182 Broända Katu Unit 13,,Porvoo,Uusimaa,07390,Porvoo,c979f5ee-17c7-404a-8f1f-11fb05e6f05b
4617,1045 Haapakorva Katu,,Helsinki,Uusimaa,00750,Helsinki,16d571db-d6a8-4727-b387-6e0359f462cc
4618,620 Antere Katu Suite 54,,Hanko,Uusimaa,10940,Hanko,d5e43c76-8033-4b0a-9fa9-53194a62df79
4619,1012 Krug Katu,,Espoo,Uusimaa,02760,Espoo,3e449bc9-6c39-431e-96b5-23853b5dc089
4620,609 Nuru Katu Unit 15,,Vantaa,Uusimaa,01670,Vantaa,af117e92-ca52-4f0e-b54b-e996ecda8db6
4621,280 Kaakkurivaara Katu Unit 63,,Helsinki,Uusimaa,00750,Helsinki,806d5a3b-334d-463c-9d9f-07a0609fe35b
4622,823 Kortene Katu Apt 49,,Vantaa,Uusimaa,01380,Vantaa,29ace2be-468f-4906-a09c-766d0d272402
4623,1032 Lampén Katu Suite 69,,Hyvinkää,Uusimaa,05950,Hyvinkää,329e6b82-a2dd-4ef9-b341-85099c827628
4624,718 Streng Katu Apt 87,,Kirkkonummi,Uusimaa,02880,Kirkkonummi,4336ab72-952d-42ee-9bd2-128812c65e5b
4625,403 Kaihlanen Katu,,Helsinki,Uusimaa,00140,Helsinki,d619dfe3-e6af-43bd-98ed-188ccfb58c65
4626,117 Valtoaho Katu Unit 81,,Espoo,Uusimaa,02200,Espoo,427a3b6e-da0e-480c-a714-ddba1e177ed0
4627,484 Rättö Katu,,Helsinki,Uusimaa,00950,Helsinki,378b70a6-90db-419c-824e-060e2e804797
4628,350 Kitula Katu Apt 33,,Espoo,Uusimaa,02650,Espoo,f6a8c9a3-5824-4549-a2ef-ec6fd2169489
4629,889 Araneva Katu Unit 24,,Helsinki,Uusimaa,00410,Helsinki,9173c771-92f8-46f1-a97d-c9880a513bf7
4630,1052 Kotiluoto Katu Suite 48,,Tuusula,Uusimaa,04350,Tuusula,3f760b35-9d52-4847-a93f-6d33c43f0a22
4631,143 Mesikämmen Katu,,Espoo,Uusimaa,02820,Espoo,f7ec8101-108d-4dc4-80e5-0fc5ce2df087
4632,631 Pynttäri Katu Suite 51,,Espoo,Uusimaa,02820,Espoo,7a0d9ba5-9fc9-48bb-970d-6afe0d45b298
4633,809 Luhtanen Katu,,Helsinki,Uusimaa,00220,Helsinki,8c1b2336-d251-420f-ac42-6af7ce61e1fe
4634,1069 Pekko Katu,,Hyvinkää,Uusimaa,05820,Hyvinkää,8e6e9c2b-7c4a-4d70-aded-0d9c1d1c5f9b
4635,997 Juusti Katu,,Helsinki,Uusimaa,00620,Helsinki,ce26303a-d4ca-4842-a1f8-12b59779c6bc
4636,1060 Åman Katu,,Helsinki,Uusimaa,00290,Helsinki,2bef6c8c-f5d3-4214-869c-6a555bb21e2e
4637,275 Lähderinne Katu Apt 60,,Raasepori,Uusimaa,10300,Raasepori,a0ee3132-b570-4ea5-b60f-b27b94b10a1e
4638,887 Syri Katu,,Raasepori,Uusimaa,10480,Raasepori,c70c499d-d9fa-494b-a356-a677d4a6640e
4639,372 Altio Katu,,Vantaa,Uusimaa,01370,Vantaa,69b9bb8d-89cc-4283-8f39-7753b0bb09f5
4640,957 Arjovuo Katu Unit 38,,Helsinki,Uusimaa,00930,Helsinki,84a90773-1be2-4027-9bc9-0642d7ce8df5
4641,474 Läspä Katu,,Vantaa,Uusimaa,01720,Vantaa,79b05b4c-bff0-49a0-acc4-c23bf54fd120
