person_id,gender_concept_id,year_of_birth,month_of_birth,day_of_birth,birth_datetime,race_concept_id,ethnicity_concept_id,location_id,provider_id,care_site_id,person_source_value,gender_source_value,gender_source_concept_id,race_source_value,race_source_concept_id,ethnicity_source_value,ethnicity_source_concept_id
4541,8532,2012,8,10,,8527,0,4541,,,90be9340-d86f-4909-8845-80ee21e9acf6,F,0,white,0,nonhispanic,0
4542,8532,2011,8,7,,8527,0,4542,,,c0ba85bb-c3aa-4d4d-a352-f2e4ccf9d8f9,F,0,white,0,nonhispanic,0
4543,8507,1999,6,17,,8527,0,4543,,,87835246-ed57-426e-a158-1b3d3d698df7,M,0,white,0,nonhispanic,0
4544,8532,1993,11,15,,8527,0,4544,,,0bdca822-4ff4-42de-ae8e-ae4aa6b67044,F,0,white,0,nonhispanic,0
4545,8507,1986,3,3,,8527,0,4545,,,217b4875-d15a-441c-8a99-243ebc24ec8a,M,0,white,0,nonhispanic,0
4546,8532,1996,1,31,,8527,0,4546,,,a75a0e79-cbab-4d5c-b2d0-3591fbc84c9a,F,0,white,0,nonhispanic,0
4547,8532,1981,2,13,,8527,0,4547,,,2886d501-2259-425d-8819-cc3dd2a0993d,F,0,white,0,nonhispanic,0
4548,8507,1982,4,15,,8527,0,4548,,,488ef1a1-8cc2-4cfe-aac8-66d47f9faedf,M,0,white,0,nonhispanic,0
4549,8532,1981,3,25,,8527,0,4549,,,0055cc74-c636-4c4e-b292-fe63005b4804,F,0,white,0,nonhispanic,0
4550,8507,1994,7,22,,8527,0,4550,,,6e84c0de-0580-4e64-a11a-1a8c64c19ccc,M,0,white,0,nonhispanic,0
4551,8507,2003,1,20,,8527,0,4551,,,1deeaae2-eb02-4071-a18e-898572febde3,M,0,white,0,nonhispanic,0
4552,8532,1978,10,30,,8527,0,4552,,,02b163b6-dcd6-4319-ba6b-9bfee4aa4255,F,0,white,0,nonhispanic,0
4553,8532,1993,5,21,,8527,0,4553,,,c935812a-c785-4d22-bf65-c32f5890d199,F,0,white,0,nonhispanic,0
4554,8532,1986,2,27,,8527,0,4554,,,afc373d7-38af-4bb9-8d19-6b839cfcdefc,F,0,white,0,nonhispanic,0
4555,8507,2017,9,9,,8527,0,4555,,,e17b848e-77a6-4fde-96d1-042faa35488f,M,0,white,0,nonhispanic,0
4556,8532,2014,8,8,,8527,0,4556,,,f1cb9b5e-716b-49a3-9621-f7ffa3c1c405,F,0,white,0,nonhispanic,0
4557,8532,1935,11,21,,8527,0,4557,,,f6413757-25f4-4ee1-bcd1-a32acaff39ac,F,0,white,0,nonhispanic,0
4558,8532,2020,2,25,,8527,0,4558,,,f45442b2-39e7-426c-b643-357f6e61e8cf,F,0,white,0,nonhispanic,0
4559,8507,1977,12,3,,8527,0,4559,,,2eeeb93e-b7b9-4897-9149-24f42121e5d5,M,0,white,0,nonhispanic,0
4560,8507,1978,10,9,,8527,0,4560,,,1b072b88-ef93-4484-8456-5b5c9dc281ce,M,0,white,0,nonhispanic,0
4561,8532,1964,12,28,,8527,0,4561,,,5160a901-c4e7-4654-aef3-689dd261bf8b,F,0,white,0,nonhispanic,0
4562,8507,1965,12,5,,8527,0,4562,,,5dcb0dae-c166-4b18-9293-0346464e46a0,M,0,white,0,nonhispanic,0
4563,8507,2016,12,16,,8527,0,4563,,,d1f6ab3a-baf9-4520-b65c-250a30f95f0d,M,0,white,0,nonhispanic,0
4564,8507,2011,5,15,,8527,0,4564,,,9233021c-367f-44cd-8a79-dc319ace4856,M,0,white,0,nonhispanic,0
4565,8532,1945,2,20,,8527,0,4565,,,2cd89f1e-c6e9-42d8-9734-18f4d3deb858,F,0,white,0,nonhispanic,0
4566,8507,1970,4,17,,8527,0,4566,,,e66c76eb-4974-466a-be60-b1111d792171,M,0,white,0,nonhispanic,0
4567,8532,1990,4,30,,8527,0,4567,,,04429bf4-27c2-48cf-9329-5f2c9caa98a2,F,0,white,0,nonhispanic,0
4568,8507,1961,8,27,,8527,0,4568,,,9abd6236-1eb5-4e1e-8fb2-881ee35ab775,M,0,white,0,nonhispanic,0
4569,8532,1972,6,14,,8527,0,4569,,,44d6f4da-b11c-48c4-96c1-21fad07407ab,F,0,white,0,nonhispanic,0
4570,8507,2010,9,28,,8527,0,4570,,,da0b24b9-2d22-43fa-81a8-10f340522a1e,M,0,white,0,nonhispanic,0
4571,8507,2001,9,24,,8527,0,4571,,,38006e03-6501-4b7a-9c5f-93dd80ed4e92,M,0,white,0,nonhispanic,0
4572,8532,1969,6,21,,8527,0,4572,,,c8a0ae49-cf07-468b-b106-232a887389de,F,0,white,0,nonhispanic,0
4573,8532,1950,5,2,,8527,0,4573,,,9921dd5a-510e-4cf0-957c-8c47c81ff051,F,0,white,0,nonhispanic,0
4574,8532,1969,12,20,,8527,0,4574,,,a2d1dc85-12ef-45e4-ac95-446ffbf3d465,F,0,white,0,nonhispanic,0
4575,8532,1975,7,9,,8527,0,4575,,,a1b74098-22aa-4a5b-af32-ee1e891380b8,F,0,white,0,nonhispanic,0
4576,8507,1996,8,17,,8527,0,4576,,,45e7c31e-63a9-45c9-b4df-13d6e4e10464,M,0,white,0,nonhispanic,0
4577,8532,2014,5,7,,8527,0,4577,,,01dfac8a-2680-4766-bab8-9cfc7c150aa2,F,0,white,0,nonhispanic,0
4578,8507,1932,8,6,,8527,0,4578,,,0b362ff2-1413-4bf1-a87c-37f8f33f0a16,M,0,white,0,nonhispanic,0
4579,8532,1966,7,16,,8527,0,4579,,,e64d82d0-4b05-47af-9f6f-32500d390f30,F,0,white,0,nonhispanic,0
4580,8507,2004,2,28,,8527,0,4580,,,a243e5f0-00aa-40c2-9fef-2c7f35698ca6,M,0,white,0,nonhispanic,0
4581,8532,1981,12,22,,8527,0,4581,,,05c6fd53-1828-482c-b088-66d3b2e873d2,F,0,white,0,nonhispanic,0
4582,8507,1937,6,16,,8527,0,4582,,,c077045e-a227-4e95-b88a-84f6fcb33248,M,0,white,0,nonhispanic,0
4583,8532,1982,11,20,,8527,0,4583,,,0addc22a-c10f-45da-aa55-5531a36c575b,F,0,white,0,nonhispanic,0
4584,8532,1922,12,23,,8527,0,4584,,,c7c1aa4d-23e6-4449-b64a-32561a09bc5a,F,0,white,0,nonhispanic,0
4585,8507,1956,3,4,,8527,0,4585,,,66b31de2-26a6-4ed3-ac03-ee410138daf1,M,0,white,0,nonhispanic,0
4586,8532,1953,7,17,,8527,0,4586,,,1766080b-4150-4830-ac5f-7c214570f586,F,0,white,0,nonhispanic,0
4587,8507,2015,12,25,,8527,0,4587,,,e266af44-6036-4925-b367-1ba67f570d27,M,0,white,0,nonhispanic,0
4588,8532,1987,6,21,,8527,0,4588,,,29b93dea-3d53-476b-be31-8d3d378b69b8,F,0,white,0,nonhispanic,0
4589,8532,1992,8,30,,8527,0,4589,,,db2fb14c-fb7f-47a8-85b0-55aae79d8605,F,0,white,0,nonhispanic,0
4590,8532,1950,3,18,,8527,0,4590,,,6b7c1acf-3a76-4814-9b6e-90bb0e5a45c3,F,0,white,0,nonhispanic,0
4591,8507,1977,10,22,,8527,0,4591,,,d1d969af-df8a-47a2-8b63-990cd0d87c57,M,0,white,0,nonhispanic,0
4592,8532,1973,2,26,,8527,0,4592,,,d1fd1bfe-0ca8-49f3-a6ba-f8d2f7db08b3,F,0,white,0,nonhispanic,0
4593,8532,1975,12,28,,8527,0,4593,,,8242b241-2864-44d7-8d93-be7c368bfd29,F,0,white,0,nonhispanic,0
4594,8532,1956,1,7,,8527,0,4594,,,4a2a7231-f769-4003-9781-f24337db3406,F,0,white,0,nonhispanic,0
4595,8532,1925,5,6,,8527,0,4595,,,3ff558d2-3151-4fbe-9cc5-62222229660e,F,0,white,0,nonhispanic,0
4596,8532,2011,6,12,,8527,0,4596,,,dd01fcfb-ef4f-47fb-84d4-5a936b94134f,F,0,white,0,nonhispanic,0
4597,8532,1965,10,18,,8527,0,4597,,,422aa198-524a-4181-a449-878f9ea6674f,F,0,white,0,nonhispanic,0
4598,8507,2003,10,24,,8527,0,4598,,,339f55ed-14c7-47b2-a7f9-c7a85a3e6633,M,0,white,0,nonhispanic,0
4599,8532,1991,5,17,,8527,0,4599,,,bfca716c-54ac-49e2-b729-100f0b73e354,F,0,white,0,nonhispanic,0
4600,8532,2011,9,5,,8527,0,4600,,,856b9d7c-1423-434f-8334-6a526dc1e46a,F,0,white,0,nonhispanic,0
4601,8532,2007,2,5,,8527,0,4601,,,87fc3d5a-fcb5-4976-bd6d-ecaa3909a7e6,F,0,white,0,nonhispanic,0
4602,8507,1999,3,24,,8527,0,4602,,,691622f4-c104-4c1e-a64b-e6bc01434026,M,0,white,0,nonhispanic,0
4603,8507,1985,7,14,,8527,0,4603,,,860ef2de-0ad8-4480-83bd-8cb0bd40edc4,M,0,white,0,nonhispanic,0
4604,8507,1928,9,11,,8527,0,4604,,,b0f5d27c-e0bf-4090-bae0-737c147f1317,M,0,white,0,nonhispanic,0
4605,8532,1987,3,2,,8527,0,4605,,,0bcbc1fa-1203-45fe-905a-07bc786137d9,F,0,white,0,nonhispanic,0
4606,8532,1959,4,14,,8527,0,4606,,,0036f304-0583-46a8-95c9-4aa18e8aafde,F,0,white,0,nonhispanic,0
4607,8507,1965,6,19,,8527,0,4607,,,4606ca22-a15d-4174-b9fd-1b4737c15a20,M,0,white,0,nonhispanic,0
4608,8507,1999,3,9,,8527,0,4608,,,ee1cab72-2677-450f-96d9-7727bd9b0254,M,0,white,0,nonhispanic,0
4609,8507,1973,7,12,,8527,0,4609,,,f44d1049-0c11-4da9-9ff7-d6922ed35f80,M,0,white,0,nonhispanic,0
4610,8507,1964,8,17,,8527,0,4610,,,7720d2e4-be8b-404f-9b4b-5864698643e9,M,0,white,0,nonhispanic,0
4611,8532,2006,2,11,,8527,0,4611,,,c0252623-deb4-4a8a-9637-c1de0256e4ef,F,0,white,0,nonhispanic,0
4612,8532,2005,12,24,,8527,0,4612,,,0b8d8430-94df-4afe-b16f-fd8013fee2b7,F,0,white,0,nonhispanic,0
4613,8507,1944,12,22,,8527,0,4613,,,6e6e745d-7b0d-4700-a066-ff7c69bfdee6,M,0,white,0,nonhispanic,0
4614,8532,2003,11,17,,8527,0,4614,,,799011e9-434a-4856-a271-7748a9579951,F,0,white,0,nonhispanic,0
4615,8507,1990,10,31,,8527,0,4615,,,8c919d75-2fa7-40ca-8416-fc6a4ad14e2e,M,0,white,0,nonhispanic,0
4616,8507,2013,10,27,,8527,0,4616,,,c979f5ee-17c7-404a-8f1f-11fb05e6f05b,M,0,white,0,nonhispanic,0
4617,8507,1986,2,26,,8527,0,4617,,,16d571db-d6a8-4727-b387-6e0359f462cc,M,0,white,0,nonhispanic,0
4618,8507,1964,6,19,,8527,0,4618,,,d5e43c76-8033-4b0a-9fa9-53194a62df79,M,0,white,0,nonhispanic,0
4619,8532,1978,1,7,,8527,0,4619,,,3e449bc9-6c39-431e-96b5-23853b5dc089,F,0,white,0,nonhispanic,0
4620,8507,2012,8,4,,8527,0,4620,,,af117e92-ca52-4f0e-b54b-e996ecda8db6,M,0,white,0,nonhispanic,0
4621,8507,1930,5,31,,8527,0,4621,,,806d5a3b-334d-463c-9d9f-07a0609fe35b,M,0,white,0,nonhispanic,0
4622,8507,1962,5,8,,8527,0,4622,,,29ace2be-468f-4906-a09c-766d0d272402,M,0,white,0,nonhispanic,0
4623,8507,1968,12,14,,8527,0,4623,,,329e6b82-a2dd-4ef9-b341-85099c827628,M,0,white,0,nonhispanic,0
4624,8532,1956,1,12,,8527,0,4624,,,4336ab72-952d-42ee-9bd2-128812c65e5b,F,0,white,0,nonhispanic,0
4625,8507,2000,1,2,,8527,0,4625,,,d619dfe3-e6af-43bd-98ed-188ccfb58c65,M,0,white,0,nonhispanic,0
4626,8532,2015,1,13,,8527,0,4626,,,427a3b6e-da0e-480c-a714-ddba1e177ed0,F,0,white,0,nonhispanic,0
4627,8532,1969,9,25,,8527,0,4627,,,378b70a6-90db-419c-824e-060e2e804797,F,0,white,0,nonhispanic,0
4628,8532,1952,1,1,,8527,0,4628,,,f6a8c9a3-5824-4549-a2ef-ec6fd2169489,F,0,white,0,nonhispanic,0
4629,8532,1957,9,2,,8527,0,4629,,,9173c771-92f8-46f1-a97d-c9880a513bf7,F,0,white,0,nonhispanic,0
4630,8507,1951,12,12,,8527,0,4630,,,3f760b35-9d52-4847-a93f-6d33c43f0a22,M,0,white,0,nonhispanic,0
4631,8507,2019,10,26,,8527,0,4631,,,f7ec8101-108d-4dc4-80e5-0fc5ce2df087,M,0,white,0,nonhispanic,0
4632,8532,1945,6,14,,8527,0,4632,,,7a0d9ba5-9fc9-48bb-970d-6afe0d45b298,F,0,white,0,nonhispanic,0
4633,8507,1998,11,15,,8527,0,4633,,,8c1b2336-d251-420f-ac42-6af7ce61e1fe,M,0,white,0,nonhispanic,0
4634,8532,1959,8,23,,8527,0,4634,,,8e6e9c2b-7c4a-4d70-aded-0d9c1d1c5f9b,F,0,white,0,nonhispanic,0
4635,8532,1953,4,2,,8527,0,4635,,,ce26303a-d4ca-4842-a1f8-12b59779c6bc,F,0,white,0,nonhispanic,0
4636,8532,1985,1,27,,8527,0,4636,,,2bef6c8c-f5d3-4214-869c-6a555bb21e2e,F,0,white,0,nonhispanic,0
4637,8532,1965,10,16,,8527,0,4637,,,a0ee3132-b570-4ea5-b60f-b27b94b10a1e,F,0,white,0,nonhispanic,0
4638,8532,1960,4,15,,8527,0,4638,,,c70c499d-d9fa-494b-a356-a677d4a6640e,F,0,white,0,nonhispanic,0
4639,8532,1920,9,29,,8527,0,4639,,,69b9bb8d-89cc-4283-8f39-7753b0bb09f5,F,0,white,0,nonhispanic,0
4640,8532,1953,10,26,,8527,0,4640,,,84a90773-1be2-4027-9bc9-0642d7ce8df5,F,0,white,0,nonhispanic,0
4641,8532,1920,9,29,,8527,0,4641,,,79b05b4c-bff0-49a0-acc4-c23bf54fd120,F,0,white,0,nonhispanic,0
