START,STOP,PATIENT,ENCOUNTER,CODE,DESCRIPTION
2017-12-22,,2445f20d-18de-4adb-8fdf-033005c4479e,0ed997e9-d173-43c9-a927-72fb36dd4dad,53741008,Coronary Heart Disease
1997-08-20,,13d22854-9756-4c80-9d49-e7a797843dc6,81ee4ee1-4f09-4942-8d16-f4c5604805db,254837009,Malignant neoplasm of breast (disorder)
2012-03-11,,b4dc7b69-efea-4ae3-9e3d-31896f03da4e,95b7dc6f-326a-439a-8f60-dea39013914e,49436004,Atrial Fibrillation
2012-03-15,,7a5ebab9-b956-4a13-8bb9-e0aefb5f2e18,424d1790-e7fd-402b-842b-e285fbc9f005,410429000,Cardiac Arrest
2012-03-15,,7a5ebab9-b956-4a13-8bb9-e0aefb5f2e18,424d1790-e7fd-402b-842b-e285fbc9f005,429007001,History of cardiac arrest (situation)
2018-12-08,,41bfeb49-af6c-4fed-b699-151d4b3d5fbd,cea9d703-8d9a-4ebe-beec-11f112882583,53741008,Coronary Heart Disease
1975-06-09,,2429ef2d-d0f9-47e3-8ae5-cbb7e111d2ba,b37a56d2-110f-4fb9-87f0-913379887f8e,410429000,Cardiac Arrest
1975-06-09,,2429ef2d-d0f9-47e3-8ae5-cbb7e111d2ba,b37a56d2-110f-4fb9-87f0-913379887f8e,429007001,History of cardiac arrest (situation)
2018-04-22,,379987fa-01c5-4961-a638-e9f2e0aaa5d0,7129fff9-9a9e-457b-9003-c23b77c64f0c,53741008,Coronary Heart Disease
2014-12-29,,abb97296-768d-43ae-9f59-9a9ed39b6c58,463d4255-2280-469f-ab99-8d40857acd25,49436004,Atrial Fibrillation
1969-04-30,,c74247b9-ed5d-4e35-8c37-9791ea6bf3d2,00c26cb0-037b-44ab-b6e2-dc5b94bd5701,53741008,Coronary Heart Disease
1997-01-01,,c74247b9-ed5d-4e35-8c37-9791ea6bf3d2,c6cd1587-ae8c-4156-b97f-1919d534fb11,22298006,Myocardial Infarction
1997-01-01,,c74247b9-ed5d-4e35-8c37-9791ea6bf3d2,c6cd1587-ae8c-4156-b97f-1919d534fb11,399211009,History of myocardial infarction (situation)
1988-05-13,,32e31673-67da-4017-b463-58bc48cfa73e,bd97a817-bb30-49f9-8c81-b6295862e3af,22298006,Myocardial Infarction
1988-05-13,,32e31673-67da-4017-b463-58bc48cfa73e,bd97a817-bb30-49f9-8c81-b6295862e3af,399211009,History of myocardial infarction (situation)
2016-04-08,,2dbfdc60-a2b4-4498-ac74-495b3425b9e9,8869cbc8-f253-477c-b0f0-cc1ed20f4a45,49436004,Atrial Fibrillation
1971-07-14,,97c187c9-4adf-450f-810b-d51c9b838255,1a2607b3-698a-4e7d-80e6-9c46e6cb562a,230690007,Stroke
2016-08-30,,9480ba39-245c-4e8f-8d48-1b71e0897493,b2921814-b462-4caf-a7b1-46a53d83c102,53741008,Coronary Heart Disease
2007-09-26,,84e5d143-7905-44eb-9346-2c8fbeb6a4f7,b1e93551-1069-4ab0-b4fc-6db5e1d16e6a,49436004,Atrial Fibrillation
2003-10-08,,349275b0-5f00-4f60-86f2-77be169c282c,10c60bbf-214c-4b35-bb7f-4d6a6860eaa6,410429000,Cardiac Arrest
2003-10-08,,349275b0-5f00-4f60-86f2-77be169c282c,10c60bbf-214c-4b35-bb7f-4d6a6860eaa6,429007001,History of cardiac arrest (situation)
2013-11-20,,349275b0-5f00-4f60-86f2-77be169c282c,a6033ad1-166d-4161-9de8-775e1efcb507,230690007,Stroke
