START,STOP,PATIENT,PAYER,ENCOUNTER,CODE,DESCRIPTION,BASE_COST,PAYER_COVERAGE,DISPENSES,TOTALCOST,REASONCODE,REASONDESCRIPTION
2017-12-22,,2445f20d-18de-4adb-8fdf-033005c4479e,b1c428d6-4f07-31e0-90f0-68ffa6ff8c76,0ed997e9-d173-43c9-a927-72fb36dd4dad,309362,Clopidogrel 75 MG Oral Tablet,43.46,0.00,27,1173.42,,
2017-12-22,,2445f20d-18de-4adb-8fdf-033005c4479e,b1c428d6-4f07-31e0-90f0-68ffa6ff8c76,0ed997e9-d173-43c9-a927-72fb36dd4dad,312961,Simvastatin 20 MG Oral Tablet,28.48,0.00,27,768.96,,
2017-12-22,,2445f20d-18de-4adb-8fdf-033005c4479e,b1c428d6-4f07-31e0-90f0-68ffa6ff8c76,0ed997e9-d173-43c9-a927-72fb36dd4dad,197361,Amlodipine 5 MG Oral Tablet,30.47,0.00,27,822.69,,
2017-12-22,,2445f20d-18de-4adb-8fdf-033005c4479e,b1c428d6-4f07-31e0-90f0-68ffa6ff8c76,0ed997e9-d173-43c9-a927-72fb36dd4dad,705129,Nitroglycerin 0.4 MG/ACTUAT Mucosal Spray,148.95,0.00,27,4021.65,,
2012-03-11,,b4dc7b69-efea-4ae3-9e3d-31896f03da4e,b1c428d6-4f07-31e0-90f0-68ffa6ff8c76,95b7dc6f-326a-439a-8f60-dea39013914e,855332,Warfarin Sodium 5 MG Oral Tablet,62.55,0.00,97,6067.35,,
2012-03-11,,b4dc7b69-efea-4ae3-9e3d-31896f03da4e,b1c428d6-4f07-31e0-90f0-68ffa6ff8c76,95b7dc6f-326a-439a-8f60-dea39013914e,897718,Verapamil Hydrochloride 40 MG,141.21,0.00,97,13697.37,,
2012-03-11,,b4dc7b69-efea-4ae3-9e3d-31896f03da4e,b1c428d6-4f07-31e0-90f0-68ffa6ff8c76,95b7dc6f-326a-439a-8f60-dea39013914e,197604,Digoxin 0.125 MG Oral Tablet,105.34,0.00,97,10217.98,,
2012-03-15,2012-03-15,7a5ebab9-b956-4a13-8bb9-e0aefb5f2e18,b1c428d6-4f07-31e0-90f0-68ffa6ff8c76,424d1790-e7fd-402b-842b-e285fbc9f005,1660014,1 ML Epinephrine 1 MG/ML Injection,3.19,0.00,1,3.19,,
2012-03-15,2012-03-15,7a5ebab9-b956-4a13-8bb9-e0aefb5f2e18,b1c428d6-4f07-31e0-90f0-68ffa6ff8c76,424d1790-e7fd-402b-842b-e285fbc9f005,834357,3 ML Amiodarone hydrocholoride 50 MG/ML Prefilled Syringe,54.08,0.00,1,54.08,,
2012-03-15,2012-03-15,7a5ebab9-b956-4a13-8bb9-e0aefb5f2e18,b1c428d6-4f07-31e0-90f0-68ffa6ff8c76,424d1790-e7fd-402b-842b-e285fbc9f005,1190795,Atropine Sulfate 1 MG/ML Injectable Solution,16.54,0.00,1,16.54,,
2018-12-08,,41bfeb49-af6c-4fed-b699-151d4b3d5fbd,b1c428d6-4f07-31e0-90f0-68ffa6ff8c76,cea9d703-8d9a-4ebe-beec-11f112882583,309362,Clopidogrel 75 MG Oral Tablet,24.22,0.00,15,363.30,,
2018-12-08,,41bfeb49-af6c-4fed-b699-151d4b3d5fbd,b1c428d6-4f07-31e0-90f0-68ffa6ff8c76,cea9d703-8d9a-4ebe-beec-11f112882583,312961,Simvastatin 20 MG Oral Tablet,13.05,0.00,15,195.75,,
2018-12-08,,41bfeb49-af6c-4fed-b699-151d4b3d5fbd,b1c428d6-4f07-31e0-90f0-68ffa6ff8c76,cea9d703-8d9a-4ebe-beec-11f112882583,197361,Amlodipine 5 MG Oral Tablet,49.04,0.00,15,735.60,,
2018-12-08,,41bfeb49-af6c-4fed-b699-151d4b3d5fbd,b1c428d6-4f07-31e0-90f0-68ffa6ff8c76,cea9d703-8d9a-4ebe-beec-11f112882583,705129,Nitroglycerin 0.4 MG/ACTUAT Mucosal Spray,160.53,0.00,15,2407.95,,
2018-04-22,,379987fa-01c5-4961-a638-e9f2e0aaa5d0,b1c428d6-4f07-31e0-90f0-68ffa6ff8c76,7129fff9-9a9e-457b-9003-c23b77c64f0c,309362,Clopidogrel 75 MG Oral Tablet,88.37,0.00,22,1944.14,,
2018-04-22,,379987fa-01c5-4961-a638-e9f2e0aaa5d0,b1c428d6-4f07-31e0-90f0-68ffa6ff8c76,7129fff9-9a9e-457b-9003-c23b77c64f0c,312961,Simvastatin 20 MG Oral Tablet,25.34,0.00,22,557.48,,
2018-04-22,,379987fa-01c5-4961-a638-e9f2e0aaa5d0,b1c428d6-4f07-31e0-90f0-68ffa6ff8c76,7129fff9-9a9e-457b-9003-c23b77c64f0c,197361,Amlodipine 5 MG Oral Tablet,40.80,0.00,22,897.60,,
2018-04-22,,379987fa-01c5-4961-a638-e9f2e0aaa5d0,b1c428d6-4f07-31e0-90f0-68ffa6ff8c76,7129fff9-9a9e-457b-9003-c23b77c64f0c,705129,Nitroglycerin 0.4 MG/ACTUAT Mucosal Spray,304.73,0.00,22,6704.06,,
2014-12-29,,abb97296-768d-43ae-9f59-9a9ed39b6c58,b1c428d6-4f07-31e0-90f0-68ffa6ff8c76,463d4255-2280-469f-ab99-8d40857acd25,855332,Warfarin Sodium 5 MG Oral Tablet,53.85,0.00,63,3392.55,,
2014-12-29,,abb97296-768d-43ae-9f59-9a9ed39b6c58,b1c428d6-4f07-31e0-90f0-68ffa6ff8c76,463d4255-2280-469f-ab99-8d40857acd25,897718,Verapamil Hydrochloride 40 MG,153.00,0.00,63,9639.00,,
2014-12-29,,abb97296-768d-43ae-9f59-9a9ed39b6c58,b1c428d6-4f07-31e0-90f0-68ffa6ff8c76,463d4255-2280-469f-ab99-8d40857acd25,197604,Digoxin 0.125 MG Oral Tablet,50.13,0.00,63,3158.19,,
1969-04-30,1997-01-01,c74247b9-ed5d-4e35-8c37-9791ea6bf3d2,b1c428d6-4f07-31e0-90f0-68ffa6ff8c76,00c26cb0-037b-44ab-b6e2-dc5b94bd5701,705129,Nitroglycerin 0.4 MG/ACTUAT Mucosal Spray,180.40,0.00,336,60614.40,,
1991-09-04,,c74247b9-ed5d-4e35-8c37-9791ea6bf3d2,b1c428d6-4f07-31e0-90f0-68ffa6ff8c76,1571760b-9bfe-4fcd-aab8-c63637b52e94,312961,Simvastatin 20 MG Oral Tablet,5.90,0.00,65,383.50,,
1994-09-21,,c74247b9-ed5d-4e35-8c37-9791ea6bf3d2,b1c428d6-4f07-31e0-90f0-68ffa6ff8c76,02cba86a-8b52-4029-baf0-f499d7c2f0ee,197361,Amlodipine 5 MG Oral Tablet,21.67,0.00,28,606.76,,
1997-01-01,1997-01-01,c74247b9-ed5d-4e35-8c37-9791ea6bf3d2,b1c428d6-4f07-31e0-90f0-68ffa6ff8c76,c6cd1587-ae8c-4156-b97f-1919d534fb11,259255,Atorvastatin 80 MG Oral Tablet,383.37,0.00,1,383.37,,
1997-01-01,1997-01-01,c74247b9-ed5d-4e35-8c37-9791ea6bf3d2,b1c428d6-4f07-31e0-90f0-68ffa6ff8c76,c6cd1587-ae8c-4156-b97f-1919d534fb11,833036,Captopril 25 MG Oral Tablet,133.19,0.00,1,133.19,,
1997-01-01,1997-01-01,c74247b9-ed5d-4e35-8c37-9791ea6bf3d2,b1c428d6-4f07-31e0-90f0-68ffa6ff8c76,c6cd1587-ae8c-4156-b97f-1919d534fb11,309362,Clopidogrel 75 MG Oral Tablet,42.06,0.00,1,42.06,,
1988-05-13,1988-05-13,32e31673-67da-4017-b463-58bc48cfa73e,b1c428d6-4f07-31e0-90f0-68ffa6ff8c76,bd97a817-bb30-49f9-8c81-b6295862e3af,705129,Nitroglycerin 0.4 MG/ACTUAT Mucosal Spray,172.17,0.00,1,172.17,,
1988-05-13,1988-05-13,32e31673-67da-4017-b463-58bc48cfa73e,b1c428d6-4f07-31e0-90f0-68ffa6ff8c76,bd97a817-bb30-49f9-8c81-b6295862e3af,833036,Captopril 25 MG Oral Tablet,69.48,0.00,1,69.48,,
2016-04-08,,2dbfdc60-a2b4-4498-ac74-495b3425b9e9,b1c428d6-4f07-31e0-90f0-68ffa6ff8c76,8869cbc8-f253-477c-b0f0-cc1ed20f4a45,855332,Warfarin Sodium 5 MG Oral Tablet,57.10,0.00,47,2683.70,,
2016-04-08,,2dbfdc60-a2b4-4498-ac74-495b3425b9e9,b1c428d6-4f07-31e0-90f0-68ffa6ff8c76,8869cbc8-f253-477c-b0f0-cc1ed20f4a45,897718,Verapamil Hydrochloride 40 MG,38.41,0.00,47,1805.27,,
2016-04-08,,2dbfdc60-a2b4-4498-ac74-495b3425b9e9,b1c428d6-4f07-31e0-90f0-68ffa6ff8c76,8869cbc8-f253-477c-b0f0-cc1ed20f4a45,197604,Digoxin 0.125 MG Oral Tablet,81.96,0.00,47,3852.12,,
2016-08-31,2016-08-31,97c187c9-4adf-450f-810b-d51c9b838255,b1c428d6-4f07-31e0-90f0-68ffa6ff8c76,3b8f3437-31bc-4727-bf62-098bbaa5f977,309362,Clopidogrel 75 MG Oral Tablet,83.64,0.00,1,83.64,,
2016-08-31,2016-08-31,97c187c9-4adf-450f-810b-d51c9b838255,b1c428d6-4f07-31e0-90f0-68ffa6ff8c76,3b8f3437-31bc-4727-bf62-098bbaa5f977,1804799,Alteplase 100 MG Injection,6649.50,0.00,1,6649.50,,
2018-05-23,2018-05-23,97c187c9-4adf-450f-810b-d51c9b838255,b1c428d6-4f07-31e0-90f0-68ffa6ff8c76,37055f5e-21ef-4421-85b1-e8ab4c16a9a2,309362,Clopidogrel 75 MG Oral Tablet,9.80,0.00,1,9.80,,
2018-05-23,2018-05-23,97c187c9-4adf-450f-810b-d51c9b838255,b1c428d6-4f07-31e0-90f0-68ffa6ff8c76,37055f5e-21ef-4421-85b1-e8ab4c16a9a2,1804799,Alteplase 100 MG Injection,6478.18,0.00,1,6478.18,,
2016-08-30,,9480ba39-245c-4e8f-8d48-1b71e0897493,b1c428d6-4f07-31e0-90f0-68ffa6ff8c76,b2921814-b462-4caf-a7b1-46a53d83c102,309362,Clopidogrel 75 MG Oral Tablet,90.76,0.00,42,3811.92,,
2016-08-30,,9480ba39-245c-4e8f-8d48-1b71e0897493,b1c428d6-4f07-31e0-90f0-68ffa6ff8c76,b2921814-b462-4caf-a7b1-46a53d83c102,312961,Simvastatin 20 MG Oral Tablet,14.35,0.00,42,602.70,,
2016-08-30,,9480ba39-245c-4e8f-8d48-1b71e0897493,b1c428d6-4f07-31e0-90f0-68ffa6ff8c76,b2921814-b462-4caf-a7b1-46a53d83c102,197361,Amlodipine 5 MG Oral Tablet,60.20,0.00,42,2528.40,,
2016-08-30,,9480ba39-245c-4e8f-8d48-1b71e0897493,b1c428d6-4f07-31e0-90f0-68ffa6ff8c76,b2921814-b462-4caf-a7b1-46a53d83c102,705129,Nitroglycerin 0.4 MG/ACTUAT Mucosal Spray,70.00,0.00,42,2940.00,,
2007-09-26,,84e5d143-7905-44eb-9346-2c8fbeb6a4f7,b1c428d6-4f07-31e0-90f0-68ffa6ff8c76,b1e93551-1069-4ab0-b4fc-6db5e1d16e6a,855332,Warfarin Sodium 5 MG Oral Tablet,153.43,0.00,151,23167.93,,
2007-09-26,,84e5d143-7905-44eb-9346-2c8fbeb6a4f7,b1c428d6-4f07-31e0-90f0-68ffa6ff8c76,b1e93551-1069-4ab0-b4fc-6db5e1d16e6a,897718,Verapamil Hydrochloride 40 MG,38.69,0.00,151,5842.19,,
2007-09-26,,84e5d143-7905-44eb-9346-2c8fbeb6a4f7,b1c428d6-4f07-31e0-90f0-68ffa6ff8c76,b1e93551-1069-4ab0-b4fc-6db5e1d16e6a,197604,Digoxin 0.125 MG Oral Tablet,65.97,0.00,151,9961.47,,
2013-11-20,2013-11-20,349275b0-5f00-4f60-86f2-77be169c282c,b1c428d6-4f07-31e0-90f0-68ffa6ff8c76,a6033ad1-166d-4161-9de8-775e1efcb507,309362,Clopidogrel 75 MG Oral Tablet,89.60,0.00,1,89.60,,
2013-11-20,2013-11-20,349275b0-5f00-4f60-86f2-77be169c282c,b1c428d6-4f07-31e0-90f0-68ffa6ff8c76,a6033ad1-166d-4161-9de8-775e1efcb507,1804799,Alteplase 100 MG Injection,6323.62,0.00,1,6323.62,,
