Id,BIRTHDATE,DEATHDATE,SSN,DRIVERS,PASSPORT,PREFIX,FIRST,LAST,SUFFIX,MAIDEN,MARITAL,RACE,ETHNICITY,GENDER,BIRTHPLACE,ADDRESS,CITY,STATE,COUNTY,ZIP,LAT,LON,HEALTHCARE_EXPENSES,HEALTHCARE_COVERAGE
176f052b-7433-4c09-972c-58134b47cd97,2001-12-27,,999-60-7837,S99952076,,Mr.,Gaston,Ali-Rantala,,,,white,nonhispanic,M,Helsinki  Uusimaa  FI,874 Kalilainen Katu,Karkkila,Uusimaa,Karkkila,03710,60.51531499234821,24.436705737482942,3375.0,0.0
2445f20d-18de-4adb-8fdf-033005c4479e,2000-11-03,,999-46-5441,S99935743,,Mr.,Fadil,Haijanen,,,,white,nonhispanic,M,Helsinki  Uusimaa  FI,714 Saarento Katu,Vantaa,Uusimaa,Vantaa,01710,60.34347858119947,25.04351909899185,3500.0,0.0
4e67ac53-1039-4f9e-a56a-aa885207ee04,1988-09-19,,999-66-2523,S99936320,X17761366X,Mr.,Raed,Pekurinen,,,M,white,nonhispanic,M,Helsinki  Uusimaa  FI,682 Sonkajärvi Katu,Helsinki,Uusimaa,Helsinki,00970,60.12364758550937,25.03162747447458,4000.0,0.0
6d7af9c3-9207-4747-bb63-02757521e92d,1981-03-17,,999-13-7703,S99979419,X64535052X,Mrs.,Amine,Nurmilaukas,,Kuorilehto,M,white,nonhispanic,F,Järvenpää  Uusimaa  FI,954 Guseff Katu,Helsinki,Uusimaa,Helsinki,00400,60.26657894454306,24.88687764838689,4250.0,0.0
74b79379-d6d8-4874-a429-f02ffeac45b9,1980-10-07,,999-51-8413,S99950407,X58285118X,Mr.,Markus,Bach,,,M,white,nonhispanic,M,Karkkila  Uusimaa  FI,315 Lundstedt Katu Suite 39,Helsinki,Uusimaa,Helsinki,00190,60.26385857306693,24.88361147277802,4250.0,0.0
6dd3f6e9-ca70-4064-81aa-ca11826effff,2015-08-15,,999-30-6283,,,,Anahita,Suomilammi,,,,white,nonhispanic,F,Helsinki  Uusimaa  FI,697 Verkkosaari Katu,Pornainen,Uusimaa,Pornainen,07150,60.4772885289432,25.407273320525366,1625.0,0.0
0dcbab2b-49bc-4c9f-9523-6a793b9c7126,1976-04-13,,999-60-2214,S99954958,X42618909X,Mrs.,Lauha,Ala-Reinikka,,Gratschev,M,white,nonhispanic,F,Helsinki  Uusimaa  FI,261 Kortela Katu Apt 9,Järvenpää,Uusimaa,Järvenpää,04430,60.50932448465404,25.0911481583234,4500.0,0.0
d826f1f6-988f-4422-9802-8f70d4c49e9d,1980-12-28,,999-56-7643,S99961345,X4625804X,Mr.,Jani-Markus,Ehrsten,,,M,white,nonhispanic,M,Helsinki  Uusimaa  FI,1046 Näsman Katu Unit 60,Helsinki,Uusimaa,Helsinki,00500,60.25700213344162,25.17242799667005,4250.0,0.0
8b122203-9437-4b6e-9ba9-b7ea058a2476,1958-12-12,,999-36-2766,S99948529,X62393590X,Mrs.,Eelin,Niemenmaa,,Merivuori,M,white,nonhispanic,F,Espoo  Uusimaa  FI,632 Ekblad Katu,Helsinki,Uusimaa,Helsinki,00300,60.26431777622605,24.865156640524322,6375.0,0.0
a3a2e934-3f1d-4b12-803a-d3429628aaaa,1993-07-13,,999-15-2871,S99928766,X89280326X,Mr.,Reuben,Siermala,,,,white,nonhispanic,M,Helsinki  Uusimaa  FI,939 Suosilta Katu Unit 73,Järvenpää,Uusimaa,Järvenpää,04410,60.459980819569125,25.182390992387415,3750.0,0.0
eac08efd-d162-49e6-834b-061bbc31f144,1988-07-08,,999-27-6609,S99931825,X36030172X,Mrs.,Patrizia,Elgström,,Ruskola,M,white,nonhispanic,F,Espoo  Uusimaa  FI,845 Louhivuori Katu,Vantaa,Uusimaa,Vantaa,01730,60.26638704196312,24.84569968828916,4000.0,0.0
d17aef9b-b679-4fab-a272-6211944dec71,1976-08-08,,999-46-1620,S99977403,X1137095X,Mr.,Niko-Petteri,Toivettula,,,S,white,nonhispanic,M,Espoo  Uusimaa  FI,885 Harjumaa Katu,Vantaa,Uusimaa,Vantaa,01400,60.31344348875836,25.09089409749421,4500.0,0.0
9927ca7b-30ab-42d0-843f-b8d388644707,1965-02-11,,999-27-8924,S99916662,X83830629X,Mrs.,Aneta,Peromaa,,Harell,M,white,nonhispanic,F,Espoo  Uusimaa  FI,176 Hertto Katu,Helsinki,Uusimaa,Helsinki,00900,60.19315817691654,24.91217860232348,5500.0,0.0
13d22854-9756-4c80-9d49-e7a797843dc6,1940-09-03,,999-85-2569,S99935532,X78672259X,Mrs.,Naimi,Sällilä,,Lahtio,M,white,nonhispanic,F,Helsinki  Uusimaa  FI,131 Juutilainen Katu,Hyvinkää,Uusimaa,Hyvinkää,05800,60.63693950318085,24.86129634331133,23755.0,0.0
3def7bd8-e033-4a34-bdc2-4286b70ad156,1952-08-27,,999-97-5591,S99973503,X58548415X,Mrs.,Ritja,Rantajärvi,,Harno,M,white,nonhispanic,F,Hyvinkää  Uusimaa  FI,899 Karhila Katu,Helsinki,Uusimaa,Helsinki,00330,60.245280351612465,24.84809963054177,7125.0,0.0
bec941cf-5951-4e96-893c-4156c5ed1c0b,2014-05-10,,999-61-7683,,,,Atilla,Kovakoski,,,,white,nonhispanic,M,Lohja  Uusimaa  FI,715 Hillo Katu,Espoo,Uusimaa,Espoo,02600,60.244692633557044,24.601782308824752,1750.0,0.0
c7ff12d7-d0d7-4346-832b-5a5c34c640ed,1989-05-12,,999-97-9375,S99919461,X79635898X,Ms.,Maggie,Huggare,,,S,white,nonhispanic,F,Vantaa  Uusimaa  FI,776 Änäkkälä Katu Suite 69,Vantaa,Uusimaa,Vantaa,01490,60.37567464019998,24.885021487407986,3875.0,0.0
48b0bf31-348c-4d0a-860f-e761146072b1,2017-07-10,,999-78-3187,,,,Saria,Torkkeli,,,,white,nonhispanic,F,Vantaa  Uusimaa  FI,210 Vuoksenturja Katu,Helsinki,Uusimaa,Helsinki,00330,60.18654075226498,25.03174770583186,1250.0,0.0
7b5b34ad-0f4b-4d85-a292-888fa33a4f66,1993-03-24,,999-77-5473,S99915750,X61438708X,Ms.,Ann-Caroline,Kunnela,,,,white,nonhispanic,F,Järvenpää  Uusimaa  FI,499 Valtari Katu Suite 89,Helsinki,Uusimaa,Helsinki,00780,60.21857252194802,25.02627518169811,3750.0,0.0
8e1b814d-5a7e-40ff-9447-a3be69e588d4,1975-02-07,,999-14-3459,S99946650,X47047473X,Mr.,Sadiq,Komminaho,,,S,white,nonhispanic,M,Espoo  Uusimaa  FI,542 Rahkola Katu,Vantaa,Uusimaa,Vantaa,01610,60.32699615000249,25.023090527832796,4625.0,0.0
f12b5a61-1f9a-45de-adaf-4a6297bd0775,2013-02-23,,999-71-2993,,,,Mahmood,Tuuna,,,,white,nonhispanic,M,Helsinki  Uusimaa  FI,945 Olkoniemi Katu,Porvoo,Uusimaa,Porvoo,07360,60.49168410127805,25.55000254644117,2000.0,0.0
5da25e53-e785-489d-961c-19252559f549,1989-12-17,,999-20-3195,S99943325,X48290799X,Mr.,Yassin,Lahnamaa,,,M,white,nonhispanic,M,Helsinki  Uusimaa  FI,122 Äyräs Katu Apt 72,Helsinki,Uusimaa,Helsinki,00180,60.14254282086839,24.96464069510119,3875.0,0.0
b4dc7b69-efea-4ae3-9e3d-31896f03da4e,1950-01-01,,999-16-3142,S99964332,X7814016X,Mr.,Hoang,Salolainen,,,M,white,nonhispanic,M,Helsinki  Uusimaa  FI,663 Tuomi-Nikula Katu,Espoo,Uusimaa,Espoo,02610,60.21273110007269,24.69204923837335,7375.0,0.0
7a5ebab9-b956-4a13-8bb9-e0aefb5f2e18,1966-11-03,,999-35-2724,S99923717,X84049523X,Mrs.,Seren,Gupta,MD,Könni,M,white,nonhispanic,F,Tuusula  Uusimaa  FI,1087 Vainiola Katu Suite 48,Helsinki,Uusimaa,Helsinki,00340,60.23156159702363,24.91353356567655,5573.81,0.0
26e96e3c-0864-4282-a6f5-b5a0879d284c,1980-03-28,,999-70-9882,S99948315,X36639585X,Mrs.,Yuk,Bärlund,,Väisänen,M,white,nonhispanic,F,Vantaa  Uusimaa  FI,785 Valkeajärvi Katu,Vantaa,Uusimaa,Vantaa,01380,60.36690099518033,25.065110298143388,4250.0,0.0
b0b37528-0aaf-4689-8f57-e4f9c3f7c3f8,2015-04-07,,999-58-3641,,,,Efe,Lujala,,,,white,nonhispanic,M,Hanko  Uusimaa  FI,734 Fridman Katu,Vantaa,Uusimaa,Vantaa,01420,60.219439225570234,24.846021159259077,1625.0,0.0
4276b4ee-a614-4b50-8869-3a5af0809413,1958-01-15,,999-57-5685,S99913416,X75677670X,Mrs.,Mona-Maria,Pajukari,,Kianen,M,white,nonhispanic,F,Vantaa  Uusimaa  FI,175 Potkonen Katu,Vantaa,Uusimaa,Vantaa,01420,60.30847486282449,25.079689793530918,6375.0,0.0
355888f2-42f7-4eb5-962f-08e7bdaa8481,1983-03-13,,999-68-3986,S99958169,X7434148X,Mr.,Fehmi,Vallila,,,M,white,nonhispanic,M,Espoo  Uusimaa  FI,384 Grägg Katu,Espoo,Uusimaa,Espoo,02330,60.273587574962995,24.697171567944057,4125.0,0.0
2e48ccdc-a259-4ff4-9274-f18fe8c12d9f,1952-12-21,,999-25-3956,S99989707,X58059995X,Mr.,Kent,Perta,,,M,white,nonhispanic,M,Helsinki  Uusimaa  FI,704 Partiainen Katu Suite 87,Helsinki,Uusimaa,Helsinki,00810,60.253309270699305,24.983937493965996,7000.0,0.0
b1ecb738-4016-4713-a1f3-00eeb219ed8b,2001-08-12,,999-51-7585,S99952398,,Mr.,Jesus,Kotta,,,,white,nonhispanic,M,Helsinki  Uusimaa  FI,302 Sjöbacka Katu Apt 76,Vantaa,Uusimaa,Vantaa,01730,60.325764783421675,24.841794090377885,3375.0,0.0
1056530a-0ddd-4ff8-aaa8-b12a91ab08c2,1981-12-16,,999-78-9873,S99935398,X66678662X,Mr.,Jimy,Heinola,,,M,white,nonhispanic,M,Espoo  Uusimaa  FI,291 Valima Katu,Helsinki,Uusimaa,Helsinki,00810,60.15553786021238,24.923389340113896,4250.0,0.0
fa0d06ba-53d5-4049-99af-61f3dfc42940,2001-10-21,,999-37-4330,S99992649,,Mr.,Rudy,Keipi,,,,white,nonhispanic,M,Helsinki  Uusimaa  FI,290 Purontaus Katu,Helsinki,Uusimaa,Helsinki,00320,60.168503959928174,24.87114370877363,3375.0,0.0
be82ccf3-84a9-4248-beae-181feaa128cd,1994-06-06,,999-84-4698,S99941600,X79359476X,Ms.,Ulla-Mari,Pikkumäki,,,,white,nonhispanic,F,Kerava  Uusimaa  FI,415 With Katu Unit 91,Kerava,Uusimaa,Kerava,04220,60.373343444949924,25.108949987168252,3750.0,0.0
350863b4-6792-4c79-810f-22c09acde24b,1962-04-14,,999-46-8881,S99919890,X38031999X,Mrs.,Ann-Cristin,Vesikko,,Killström,M,white,nonhispanic,F,Vantaa  Uusimaa  FI,956 Mäkitöyli Katu Suite 50,Tuusula,Uusimaa,Tuusula,04500,60.390751898110715,24.86310485367581,5875.0,0.0
8778b3fa-ee5f-423a-bf63-a8bde87bf20d,1945-10-19,,999-55-6978,S99933999,X36652154X,Mr.,Junnu,Törnroos,,,M,white,nonhispanic,M,Hyvinkää  Uusimaa  FI,559 Sumu Katu,Porvoo,Uusimaa,Porvoo,06530,60.21518890515425,25.625530467296254,8000.0,0.0
42cf7839-01d4-4c12-84cd-a8ae5a14192d,1984-09-21,,999-44-7371,S99969533,X21969677X,Mr.,Lajos,Valanta,,,M,white,nonhispanic,M,Helsinki  Uusimaa  FI,213 Lähdemäki Katu Apt 16,Espoo,Uusimaa,Espoo,02290,60.169635628285384,24.78187815750549,4125.0,0.0
a6323a67-2c4e-4028-9a7d-8ba49defc5b5,1950-07-22,,999-17-5501,S99972725,X12132875X,Mr.,Scott,Roisko,,,M,white,nonhispanic,M,Helsinki  Uusimaa  FI,296 Savikoski Katu Apt 78,Helsinki,Uusimaa,Helsinki,00430,60.24313807112282,25.14692297020953,7375.0,0.0
67e96bc0-3f2c-4e1f-b5f0-bd665f7175db,2007-01-21,,999-88-6962,,,,Velinpoika,Turu,,,,white,nonhispanic,M,Vantaa  Uusimaa  FI,144 Fromholtz Katu Unit 42,Helsinki,Uusimaa,Helsinki,00820,60.216653244848935,24.985986748474797,2750.0,0.0
41bfeb49-af6c-4fed-b699-151d4b3d5fbd,1987-09-26,,999-93-6549,S99944599,X34638459X,Mr.,Hamed,Iso-Markku,,,S,white,nonhispanic,M,Kerava  Uusimaa  FI,264 Vittaniemi Katu Apt 81,Helsinki,Uusimaa,Helsinki,00310,60.2742074140127,24.91984406799905,4125.0,0.0
b105a375-b11d-4cf1-a128-2765b3cf92c8,2010-06-02,,999-78-1634,,,,Xiang,Lahdenpohja,,,,white,nonhispanic,F,Helsinki  Uusimaa  FI,936 Attila Katu Apt 42,Helsinki,Uusimaa,Helsinki,00310,60.196689555456864,25.0189588682231,2250.0,0.0
020b4347-1858-430e-9a8b-66205488ee86,2013-09-16,,999-57-6797,,,,Nehemia,Partiainen,,,,white,nonhispanic,M,Tuusula  Uusimaa  FI,606 Tarima Katu Suite 28,Helsinki,Uusimaa,Helsinki,00150,60.19471647531876,24.854511293412283,1875.0,0.0
2bfcbedd-ab2f-4d73-8d7b-b6922e637057,1985-09-04,,999-38-8437,S99993173,X54643484X,Mr.,Nils,Kukila,,,M,white,nonhispanic,M,Helsinki  Uusimaa  FI,1066 Majors Katu,Helsinki,Uusimaa,Helsinki,00940,60.230016225878806,24.895972746273326,4125.0,0.0
72acba60-7623-4767-9a18-3d7d2dc73f02,2004-09-05,,999-72-4937,,,,Hintriikka,Maja,,,,white,nonhispanic,F,Hyvinkää  Uusimaa  FI,662 Tuhkalainen Katu Unit 55,Espoo,Uusimaa,Espoo,02920,60.26220278294948,24.78473355859511,3000.0,0.0
9fb1b2a5-b32a-44f8-9e87-ca2dcb818b2d,1951-04-10,,999-42-3776,S99919351,X57411261X,Mrs.,Satu-Marika,Jokipaltio,,Bogdanova,M,white,nonhispanic,F,Helsinki  Uusimaa  FI,433 Larkio Katu Apt 83,Helsinki,Uusimaa,Helsinki,00790,60.21940422862195,24.93305938169839,7250.0,0.0
fa2ecc75-41be-45f2-aeed-ef871b797b35,1983-09-17,,999-71-6185,S99994729,X69305491X,Mrs.,Janine,Ropponen,,Nuopponen,M,white,nonhispanic,F,Helsinki  Uusimaa  FI,546 Law Katu,Helsinki,Uusimaa,Helsinki,00100,60.168665783084315,24.982251135762873,4125.0,0.0
8d258770-5524-4291-9906-98e1301444f8,1965-11-07,,999-37-8918,S99951960,X62690539X,Mrs.,Marjukka,Tahko,,Backlund,M,white,nonhispanic,F,Porvoo  Uusimaa  FI,231 Talvisalmi Katu,Helsinki,Uusimaa,Helsinki,00800,60.1851614542826,24.905433020414918,5500.0,0.0
5fc2e33b-74ec-46f5-a82c-b86c38556612,2001-10-26,,999-57-5339,S99978155,,Ms.,Mohamed,Ollula,,,,white,nonhispanic,F,Espoo  Uusimaa  FI,217 Ijas Katu Unit 82,Järvenpää,Uusimaa,Järvenpää,04400,60.48343142674326,25.046578376228986,3375.0,0.0
2429ef2d-d0f9-47e3-8ae5-cbb7e111d2ba,1944-01-31,,999-14-5505,S99912005,X48994235X,Mrs.,Christelle,Hallia,,Hämeenheimo,M,white,nonhispanic,F,Mäntsälä  Uusimaa  FI,137 Lillkaas Katu,Vantaa,Uusimaa,Vantaa,01370,60.30878130459325,24.79746071765475,8456.27,0.0
c550ac2c-5e1e-4be1-bdce-68bd394cca99,1997-11-07,,999-92-8508,S99915105,X9121323X,Ms.,Lotte,Puuperä,,,,white,nonhispanic,F,Porvoo  Uusimaa  FI,113 Charpentier Katu Unit 69,Helsinki,Uusimaa,Helsinki,00430,60.16088257227773,24.990637075532476,3625.0,0.0
c1d019ef-1e34-4be5-9411-4f603aa3971d,1975-05-08,,999-21-5448,S99945818,X64751921X,Mr.,Jaajo,Jaskio,,,M,white,nonhispanic,M,Espoo  Uusimaa  FI,741 Kivari Katu,Helsinki,Uusimaa,Helsinki,00130,60.23748997381244,25.002219301588724,4625.0,0.0
98323edc-05f3-4004-a100-6e2fefd8a966,1973-02-16,,999-14-1534,S99980606,X27972693X,Mrs.,Dita,Rinta,,Tretjakov,M,white,nonhispanic,F,Vantaa  Uusimaa  FI,554 Montell Katu,Porvoo,Uusimaa,Porvoo,07370,60.22404285650258,25.874623260024613,4750.0,0.0
13c9afa6-f548-434b-8c18-cba1e3d0ff2e,1989-07-14,,999-91-1934,S99914584,X24259913X,Mrs.,Essie,Wigren,,Gunnarsson,M,white,nonhispanic,F,Helsinki  Uusimaa  FI,864 Chrons Katu Apt 90,Helsinki,Uusimaa,Helsinki,00690,60.25291881769729,24.915461454550886,3875.0,0.0
80ac9fce-5419-48da-944c-6fd82dd95489,2007-03-08,,999-21-8213,,,,Seelim,Nurmirinta,,,,white,nonhispanic,M,Helsinki  Uusimaa  FI,637 Pilkama Katu Unit 33,Hanko,Uusimaa,Hanko,10820,59.85865442017343,23.074669414499184,2625.0,0.0
02155433-1307-4c17-bda3-8cdac4d2f809,1983-02-22,,999-69-9233,S99987705,X67780000X,Mrs.,Iivi,Snällström,,Konkola,M,white,nonhispanic,F,Helsinki  Uusimaa  FI,577 Heikinaho Katu Suite 96,Hyvinkää,Uusimaa,Hyvinkää,05840,60.620835936870776,24.815492333372877,4125.0,0.0
f225b539-ac6e-4260-bfca-272249520b72,1970-03-31,,999-43-7919,S99934656,X14690258X,Mrs.,Karola,Näyhö,,Andersin,M,white,nonhispanic,F,Espoo  Uusimaa  FI,481 Kukkoaho Katu,Helsinki,Uusimaa,Helsinki,00230,60.22359952945148,25.08375500944266,4875.0,0.0
46de7455-4fba-4b30-9795-0585c1d51eef,1944-09-26,,999-23-6184,S99998779,X71994204X,Mrs.,Nina-Marika,Pohtola,,Kuusisaari,M,white,nonhispanic,F,Vantaa  Uusimaa  FI,407 Wegelius Katu,Hyvinkää,Uusimaa,Hyvinkää,05720,60.59638404616814,24.638629024131916,8125.0,0.0
b5956e8b-8ae0-43ab-ac49-3a544e498690,2014-03-09,,999-12-8106,,,,Sidonia,Kurvinen,,,,white,nonhispanic,F,Kirkkonummi  Uusimaa  FI,451 Kohtalo Katu,Vantaa,Uusimaa,Vantaa,01690,60.238237544256286,24.87563060147493,1875.0,0.0
8201f214-46ab-4029-9940-ba24990acc91,2013-07-03,,999-96-1548,,,,Madelene,Gertsch,,,,white,nonhispanic,F,Helsinki  Uusimaa  FI,909 Malms Katu Apt 56,Helsinki,Uusimaa,Helsinki,00670,60.15687496132583,24.923627004436927,1875.0,0.0
bd7bc740-ccae-45b9-8b5d-3af30b43b0b9,1984-03-14,,999-68-5797,S99942646,X1636603X,Mr.,Siinto,Enckell,,,M,white,nonhispanic,M,Helsinki  Uusimaa  FI,507 Ivakko Katu Unit 10,Helsinki,Uusimaa,Helsinki,00550,60.268699674177874,24.936480922148885,4125.0,0.0
336a2575-da77-4ca0-80d6-e49642d28f19,2000-06-18,,999-32-8144,S99978767,,Mr.,Dan-Anders,Archer,,,,white,nonhispanic,M,Vantaa  Uusimaa  FI,284 Viertonen Katu Apt 93,Vantaa,Uusimaa,Vantaa,01280,60.27409784793235,24.947762159907548,3500.0,0.0
f95ed1ca-d4b8-4b84-ad33-63b903c1a1cf,2018-09-09,,999-37-4034,,,,Terttu-Maija,Ahorinta,,,,white,nonhispanic,F,Hyvinkää  Uusimaa  FI,543 Vertanen Katu,Helsinki,Uusimaa,Helsinki,00290,60.2846033904929,24.872352385427725,1000.0,0.0
379987fa-01c5-4961-a638-e9f2e0aaa5d0,1943-12-05,,999-96-7929,S99915890,X68062836X,Ms.,Suvi-Maarit,Laukamo,,,S,white,nonhispanic,F,Espoo  Uusimaa  FI,156 Hirvaskoski Katu Suite 82,Espoo,Uusimaa,Espoo,02160,60.122038947934826,24.74134209797163,8125.0,0.0
6a063c5e-b5f1-4136-b48c-baaccdce2218,1982-09-07,,999-13-9817,S99994186,X89739712X,Mrs.,Cilla,Hellsberg,,Isomursu,M,white,nonhispanic,F,Espoo  Uusimaa  FI,443 Kuutschin Katu,Vantaa,Uusimaa,Vantaa,01760,60.38098105213866,25.155308907935666,4250.0,0.0
a84a7a21-0368-45f9-9436-e3300b0949d3,1965-12-11,,999-80-3620,S99931732,X38050196X,Mr.,Andrei,Fogelberg,,,M,white,nonhispanic,M,Espoo  Uusimaa  FI,658 Tainio Katu Suite 38,Helsinki,Uusimaa,Helsinki,00960,60.29313298388054,25.01370275643424,5500.0,0.0
0396e525-dc98-4e17-a180-2d5716041048,1988-03-21,,999-12-6688,S99977900,X71450479X,Mr.,Weikko,Lindegren,,,M,white,nonhispanic,M,Helsinki  Uusimaa  FI,924 Grundvall Katu Suite 11,Raasepori,Uusimaa,Raasepori,10470,59.95969791801217,23.304337715179553,4000.0,0.0
abb97296-768d-43ae-9f59-9a9ed39b6c58,1958-11-24,,999-71-1046,S99913991,X15175428X,Mr.,Karl-Olof,Loman,,,M,white,nonhispanic,M,Vantaa  Uusimaa  FI,774 Yli-Suutala Katu,Loviisa,Uusimaa,Loviisa,07930,60.348009493301625,25.975696947006018,6375.0,0.0
e9c379c8-673a-488f-b431-a06d20b9e973,2013-11-04,,999-24-7400,,,,Karela,Jussila,,,,white,nonhispanic,F,Helsinki  Uusimaa  FI,483 Huikkola Katu,Espoo,Uusimaa,Espoo,02600,60.18444588076271,24.780623015994266,1875.0,0.0
a64e91ba-b57c-4e10-9daa-8837bc2b33fd,1977-08-12,,999-70-6509,S99929372,X80767417X,Mr.,Arijoutsi,Arifi,,,M,white,nonhispanic,M,Helsinki  Uusimaa  FI,1029 Uppala Katu Unit 41,Askola,Uusimaa,Askola,07580,60.50930520866242,25.599663409475497,4500.0,0.0
c74247b9-ed5d-4e35-8c37-9791ea6bf3d2,1932-02-10,1997-01-01,999-70-4675,S99979612,X71072208X,Mr.,Jerker,Vuorema,,,M,white,nonhispanic,M,Vantaa  Uusimaa  FI,799 Laukkarinen Katu,Helsinki,Uusimaa,Helsinki,00520,60.18211766536417,24.89931366162474,8489.02,0.0
32e31673-67da-4017-b463-58bc48cfa73e,1958-05-30,1988-05-13,999-45-1551,S99970936,X67625448X,Mr.,Hilpas,Jouhkimo,,,M,white,nonhispanic,M,Nurmijärvi  Uusimaa  FI,883 Thurén Katu Suite 65,Karkkila,Uusimaa,Karkkila,03620,60.556887906989246,24.17624065159341,4241.65,0.0
9fef0578-9648-4b97-a9cd-01224e03634d,1946-06-02,,999-58-6214,S99984832,X74069024X,Mr.,Veli-Veikko,Sinjoi,,,M,white,nonhispanic,M,Vantaa  Uusimaa  FI,126 Uusihonko Katu Unit 73,Espoo,Uusimaa,Espoo,02710,60.18386205652962,24.836329639224427,7875.0,0.0
48d7a429-2809-41cd-9094-d2c87142a6a0,1976-10-07,,999-18-4861,S99980328,X72616803X,Mrs.,Myriam,Metsälampi,,Sinda,M,white,nonhispanic,F,Helsinki  Uusimaa  FI,934 Vestervik Katu,Nurmijärvi,Uusimaa,Nurmijärvi,01940,60.433135111893336,24.71676554385411,4500.0,0.0
20ea64ce-cb99-4311-adde-1c8c5cc12712,1964-04-26,,999-27-2115,S99929478,X51263408X,Mrs.,Ane,Nuolioja,,Mutikainen,M,white,nonhispanic,F,Espoo  Uusimaa  FI,667 Epäilys Katu Suite 90,Espoo,Uusimaa,Espoo,02660,60.30039815971292,24.602537737423916,5625.0,0.0
caa90456-b098-446b-9282-c5b8cf32e87c,2018-05-05,,999-13-4356,,,,Carl-Anton,Sulanterä,,,,white,nonhispanic,M,Lohja  Uusimaa  FI,1077 Julkunen Katu,Järvenpää,Uusimaa,Järvenpää,04420,60.447220073327586,25.13701960993152,1000.0,0.0
1a478aea-c490-4502-a2fc-9be82689186d,1990-06-22,,999-27-9419,S99999663,X46263686X,Mrs.,Reetta-Liisa,Roimela,,Eteläniemi,M,white,nonhispanic,F,Helsinki  Uusimaa  FI,535 Lundman Katu Suite 38,Lohja,Uusimaa,Lohja,08680,60.275208239363316,23.863500823347742,3875.0,0.0
a92e6824-358e-4c25-8cf9-1f4b259e2d50,1961-11-03,,999-92-8135,S99948861,X7607683X,Mr.,Umar,Tohola,,,M,white,nonhispanic,M,Vantaa  Uusimaa  FI,155 Köping Katu,Espoo,Uusimaa,Espoo,02610,60.116562734887395,24.697413967734366,6000.0,0.0
2dbfdc60-a2b4-4498-ac74-495b3425b9e9,1957-02-15,,999-67-2536,S99951250,X27738240X,Mr.,Jawad,Kairus,,,M,white,nonhispanic,M,Lyon  Auvergne-Rhone-Alpes  FR,167 Mäki-Kulmala Katu,Mäntsälä,Uusimaa,Mäntsälä,04920,60.59344033431531,25.308716877041714,6500.0,0.0
47fe14f0-ec04-407a-b837-fe32ac7fd4ea,2006-10-24,,999-70-3961,,,,Anett,Nuutti,,,,white,nonhispanic,F,Helsinki  Uusimaa  FI,685 Sorjamaa Katu,Helsinki,Uusimaa,Helsinki,00890,60.263513689181586,25.002826696962913,2750.0,0.0
39e39743-2120-46c2-837a-2a6f2f2686df,1962-01-17,,999-64-9950,S99971071,X49979354X,Mrs.,Mari,Aitavaara,,Lahtiluoma,M,white,nonhispanic,F,Espoo  Uusimaa  FI,1034 Guldén Katu Suite 82,Helsinki,Uusimaa,Helsinki,00340,60.20651249474357,25.048353742064762,6000.0,0.0
c402dd0d-cfce-4811-bb01-d49faee6940e,1938-11-14,,999-37-1175,S99988628,X69990346X,Ms.,Abdifatah,Heinaro,,,S,white,nonhispanic,F,Helsinki  Uusimaa  FI,184 Lohiranta Katu Suite 14,Raasepori,Uusimaa,Raasepori,10380,60.04614490447281,23.630372298888215,8750.0,0.0
fe483de5-0118-435e-a2ec-543ca71fb060,2016-03-29,,999-22-7337,,,,Tommintytär,Vähä-Tahlo,,,,white,nonhispanic,F,Askola  Uusimaa  FI,1093 Larva Katu Suite 43,Raasepori,Uusimaa,Raasepori,10410,60.103135307459766,23.659187547765022,1625.0,0.0
6ae12c49-f4a6-4069-8d86-6a8f41c27422,1998-05-26,,999-70-7664,S99991843,X63266470X,Ms.,Camilla,Saurus,,,,white,nonhispanic,F,Vantaa  Uusimaa  FI,212 Balk Katu,Kerava,Uusimaa,Kerava,04220,60.37063143654443,25.08454636511898,3500.0,0.0
1c3e45da-ef1c-45ff-ad28-823a72c27e2a,1958-05-30,,999-27-8992,S99967752,X89315087X,Mr.,Yuusuf,Merisaari,,,M,white,nonhispanic,M,Vantaa  Uusimaa  FI,667 Maanselkä Katu,Karkkila,Uusimaa,Karkkila,03600,60.54828747320204,24.223379147333276,6375.0,0.0
5a359b27-b380-41e2-a490-848584a8abf7,1991-04-07,,999-55-1013,S99978190,X7370772X,Mr.,Apollo,Yli-Kesti,,,S,white,nonhispanic,M,Rome  Lazio  IT,987 Saarits Katu,Helsinki,Uusimaa,Helsinki,00570,60.20077399921953,25.02747514875089,3875.0,0.0
97c187c9-4adf-450f-810b-d51c9b838255,1932-02-10,,999-43-8033,S99921176,X13005454X,Mr.,Mert,Länsipuro,,,M,white,nonhispanic,M,Helsinki  Uusimaa  FI,498 Hukkinen Katu Apt 78,Helsinki,Uusimaa,Helsinki,00700,60.239581626805666,25.091717678338235,23221.120000000003,0.0
37db4575-6fcd-49a9-a705-5df7c1ff6155,2015-01-08,,999-30-8614,,,,Paul-Erik,Trög,,,,white,nonhispanic,M,Järvenpää  Uusimaa  FI,325 Peteri Katu Unit 53,Helsinki,Uusimaa,Helsinki,00100,60.17176270781911,24.90511593478206,1750.0,0.0
5cd40b24-55f5-4976-b800-a8a7978eda34,1944-07-18,,999-43-4426,S99932614,X64291098X,Mrs.,Faduma,Huttu,,Mäki-Runsas,M,white,nonhispanic,F,Helsinki  Uusimaa  FI,847 Lammintausta Katu,Kerava,Uusimaa,Kerava,04200,60.394650658585945,25.083426106309094,8125.0,0.0
6ebb8ba0-9798-4df8-9131-cbe775a6c9b8,1989-03-07,,999-52-8014,S99924432,X53260731X,Mr.,Artemi,Mäkikyrö,,,M,white,nonhispanic,M,Espoo  Uusimaa  FI,415 Rajaveräjä Katu,Vantaa,Uusimaa,Vantaa,01720,60.295971573171606,24.99841476293961,3875.0,0.0
b191c4e1-6851-4d02-9d57-c922927f68d9,1993-11-11,,999-25-8420,S99924807,X59096241X,Ms.,Mari-Johanna,Ressler,,,,white,nonhispanic,F,Porvoo  Uusimaa  FI,297 Lehtelä Katu Apt 52,Helsinki,Uusimaa,Helsinki,00910,60.16950072958045,24.94864880219015,3750.0,0.0
4cabb5f6-a5c4-447a-be26-58bdada7206b,1997-02-19,,999-30-6495,S99913118,X2484632X,Ms.,Anne-Birgitta,Peterson,,,,white,nonhispanic,F,Siuntio  Uusimaa  FI,973 Hietapakka Katu Unit 29,Helsinki,Uusimaa,Helsinki,00900,60.1835192245826,25.051810468637207,3625.0,0.0
4235a4a2-cd1b-4c56-8113-81e293caa6ef,2019-03-25,,999-35-9783,,,,Riku,Helkala,,,,white,nonhispanic,M,Vantaa  Uusimaa  FI,601 Malleus Katu,Helsinki,Uusimaa,Helsinki,00920,60.22089085986143,25.086989636026804,750.0,0.0
f8aa2d20-3e54-4b28-8326-156c067161fd,1995-05-28,,999-66-5519,S99924549,X13023802X,Ms.,Kirsti-Liisa,Kelppe,,,,white,nonhispanic,F,Kirkkonummi  Uusimaa  FI,243 Telenius Katu Apt 82,Järvenpää,Uusimaa,Järvenpää,04420,60.41972443346751,25.06765919637049,3625.0,0.0
dbb697e8-970e-4986-bc28-4956ca2bb156,1991-05-14,,999-13-5747,S99929617,X62554259X,Mrs.,Aynur,Nikoskinen,,Peuralinna,M,white,nonhispanic,F,Helsinki  Uusimaa  FI,118 Yli-Villamo Katu,Helsinki,Uusimaa,Helsinki,00400,60.21594616024132,25.096227270292204,3875.0,0.0
9480ba39-245c-4e8f-8d48-1b71e0897493,2003-08-05,,999-48-9163,S99910202,,,Clifford,Merivaara,,,,white,nonhispanic,M,Espoo  Uusimaa  FI,1006 Kaukanen Katu,Tuusula,Uusimaa,Tuusula,04360,60.45123058900371,24.977320449897732,3125.0,0.0
c105cc12-3666-4718-aecf-88156758862c,2004-10-12,,999-84-9688,,,,Xavier,Miilukangas,,,,white,nonhispanic,M,Lohja  Uusimaa  FI,772 Lähteilä Katu Unit 54,Espoo,Uusimaa,Espoo,02250,60.268107063598194,24.71550109950261,3000.0,0.0
a1078988-3f12-4814-b6b8-496593216c76,1984-06-24,,999-59-3721,S99923113,X13710991X,Mrs.,Micaela,Murros,,Saanio,M,white,nonhispanic,F,Helsinki  Uusimaa  FI,1096 Alhonmäki Katu Apt 55,Espoo,Uusimaa,Espoo,02290,60.24568310120741,24.650075114030116,4125.0,0.0
ae84b22d-e72b-41d9-9853-5e48fdbc2c36,1997-04-14,,999-89-8554,S99986876,X857038X,Ms.,Hilja-Maria,Wentjärvi,,,,white,nonhispanic,F,Järvenpää  Uusimaa  FI,1056 Arpinen Katu Unit 59,Helsinki,Uusimaa,Helsinki,00100,60.287343510001676,25.004599896566383,3625.0,0.0
31f637b1-457e-4c07-a9ef-f2e02563291f,1972-11-09,,999-52-5153,S99998398,X70243478X,Mrs.,Jaqueline,Ylikärppä,,Murto,M,white,nonhispanic,F,Vantaa  Uusimaa  FI,644 Fetula Katu Unit 11,Helsinki,Uusimaa,Helsinki,00810,60.2313991856292,24.844371324504053,4750.0,0.0
54228bd3-8862-42bb-a6d2-6505650a2193,1967-02-12,,999-19-3739,S99958330,X16077072X,Mr.,Ansgarius,Tilli,,,M,white,nonhispanic,M,Vantaa  Uusimaa  FI,261 Silpola Katu Apt 47,Lohja,Uusimaa,Lohja,03870,60.484525538430475,24.093414899419876,5375.0,0.0
f7e521ef-0ff2-41c9-8796-fdeaef349020,1956-03-18,,999-15-6275,S99941612,X68010020X,Mrs.,Hilla-Maria,Flodström,,Lumimäki,M,white,nonhispanic,F,Raasepori  Uusimaa  FI,669 Pelttari Katu,Hyvinkää,Uusimaa,Hyvinkää,05800,60.68676459636238,24.869000499223976,6625.0,0.0
84e5d143-7905-44eb-9346-2c8fbeb6a4f7,1948-08-04,,999-39-3635,S99910534,X20294531X,Mr.,Henteri,Francis,,,M,white,nonhispanic,M,Helsinki  Uusimaa  FI,383 Uusnäkki Katu Unit 41,Helsinki,Uusimaa,Helsinki,00620,60.24577074669945,24.99677627216758,7625.0,0.0
349275b0-5f00-4f60-86f2-77be169c282c,1943-09-29,,999-10-4369,S99980977,X85582621X,Mr.,Ferdinand,Babitzin,,,M,white,nonhispanic,M,Helsinki  Uusimaa  FI,134 Uusi-Autti Katu,Hyvinkää,Uusimaa,Hyvinkää,05820,60.56883205163379,24.7966711262474,14954.16,0.0
