PATIENT,START_YEAR,END_YEAR,PAYER,OWNERSHIP
2445f20d-18de-4adb-8fdf-033005c4479e,2000,2018,e15e7b92-f376-374f-9285-2f59a38ad823,Guardian
176f052b-7433-4c09-972c-58134b47cd97,2001,2019,e15e7b92-f376-374f-9285-2f59a38ad823,Guardian
4e67ac53-1039-4f9e-a56a-aa885207ee04,1988,2006,e15e7b92-f376-374f-9285-2f59a38ad823,Guardian
6d7af9c3-9207-4747-bb63-02757521e92d,1981,1999,e15e7b92-f376-374f-9285-2f59a38ad823,Guardian
74b79379-d6d8-4874-a429-f02ffeac45b9,1980,1998,e15e7b92-f376-374f-9285-2f59a38ad823,Guardian
0dcbab2b-49bc-4c9f-9523-6a793b9c7126,1976,1994,e15e7b92-f376-374f-9285-2f59a38ad823,Guardian
8b122203-9437-4b6e-9ba9-b7ea058a2476,1958,1976,e15e7b92-f376-374f-9285-2f59a38ad823,Guardian
d826f1f6-988f-4422-9802-8f70d4c49e9d,1980,1998,e15e7b92-f376-374f-9285-2f59a38ad823,Guardian
a3a2e934-3f1d-4b12-803a-d3429628aaaa,1993,2011,e15e7b92-f376-374f-9285-2f59a38ad823,Guardian
eac08efd-d162-49e6-834b-061bbc31f144,1988,2006,e15e7b92-f376-374f-9285-2f59a38ad823,Guardian
d17aef9b-b679-4fab-a272-6211944dec71,1976,1994,e15e7b92-f376-374f-9285-2f59a38ad823,Guardian
9927ca7b-30ab-42d0-843f-b8d388644707,1965,1983,e15e7b92-f376-374f-9285-2f59a38ad823,Guardian
3def7bd8-e033-4a34-bdc2-4286b70ad156,1952,1970,e15e7b92-f376-374f-9285-2f59a38ad823,Guardian
13d22854-9756-4c80-9d49-e7a797843dc6,1940,1958,e15e7b92-f376-374f-9285-2f59a38ad823,Guardian
c7ff12d7-d0d7-4346-832b-5a5c34c640ed,1989,2007,e15e7b92-f376-374f-9285-2f59a38ad823,Guardian
7b5b34ad-0f4b-4d85-a292-888fa33a4f66,1993,2011,e15e7b92-f376-374f-9285-2f59a38ad823,Guardian
8e1b814d-5a7e-40ff-9447-a3be69e588d4,1975,1993,e15e7b92-f376-374f-9285-2f59a38ad823,Guardian
5da25e53-e785-489d-961c-19252559f549,1989,2007,e15e7b92-f376-374f-9285-2f59a38ad823,Guardian
b4dc7b69-efea-4ae3-9e3d-31896f03da4e,1950,1968,e15e7b92-f376-374f-9285-2f59a38ad823,Guardian
7a5ebab9-b956-4a13-8bb9-e0aefb5f2e18,1966,1984,e15e7b92-f376-374f-9285-2f59a38ad823,Guardian
26e96e3c-0864-4282-a6f5-b5a0879d284c,1980,1998,e15e7b92-f376-374f-9285-2f59a38ad823,Guardian
4276b4ee-a614-4b50-8869-3a5af0809413,1958,1976,e15e7b92-f376-374f-9285-2f59a38ad823,Guardian
355888f2-42f7-4eb5-962f-08e7bdaa8481,1983,2001,e15e7b92-f376-374f-9285-2f59a38ad823,Guardian
2e48ccdc-a259-4ff4-9274-f18fe8c12d9f,1952,1970,e15e7b92-f376-374f-9285-2f59a38ad823,Guardian
b1ecb738-4016-4713-a1f3-00eeb219ed8b,2001,2019,e15e7b92-f376-374f-9285-2f59a38ad823,Guardian
1056530a-0ddd-4ff8-aaa8-b12a91ab08c2,1981,1999,e15e7b92-f376-374f-9285-2f59a38ad823,Guardian
fa0d06ba-53d5-4049-99af-61f3dfc42940,2001,2019,e15e7b92-f376-374f-9285-2f59a38ad823,Guardian
be82ccf3-84a9-4248-beae-181feaa128cd,1994,2012,e15e7b92-f376-374f-9285-2f59a38ad823,Guardian
350863b4-6792-4c79-810f-22c09acde24b,1962,1980,e15e7b92-f376-374f-9285-2f59a38ad823,Guardian
8778b3fa-ee5f-423a-bf63-a8bde87bf20d,1945,1963,e15e7b92-f376-374f-9285-2f59a38ad823,Guardian
42cf7839-01d4-4c12-84cd-a8ae5a14192d,1984,2002,e15e7b92-f376-374f-9285-2f59a38ad823,Guardian
a6323a67-2c4e-4028-9a7d-8ba49defc5b5,1950,1968,e15e7b92-f376-374f-9285-2f59a38ad823,Guardian
41bfeb49-af6c-4fed-b699-151d4b3d5fbd,1987,2005,e15e7b92-f376-374f-9285-2f59a38ad823,Guardian
2bfcbedd-ab2f-4d73-8d7b-b6922e637057,1985,2003,e15e7b92-f376-374f-9285-2f59a38ad823,Guardian
9fb1b2a5-b32a-44f8-9e87-ca2dcb818b2d,1951,1969,e15e7b92-f376-374f-9285-2f59a38ad823,Guardian
fa2ecc75-41be-45f2-aeed-ef871b797b35,1983,2001,e15e7b92-f376-374f-9285-2f59a38ad823,Guardian
8d258770-5524-4291-9906-98e1301444f8,1965,1983,e15e7b92-f376-374f-9285-2f59a38ad823,Guardian
5fc2e33b-74ec-46f5-a82c-b86c38556612,2001,2019,e15e7b92-f376-374f-9285-2f59a38ad823,Guardian
2429ef2d-d0f9-47e3-8ae5-cbb7e111d2ba,1944,1962,e15e7b92-f376-374f-9285-2f59a38ad823,Guardian
c550ac2c-5e1e-4be1-bdce-68bd394cca99,1997,2015,e15e7b92-f376-374f-9285-2f59a38ad823,Guardian
c1d019ef-1e34-4be5-9411-4f603aa3971d,1975,1993,e15e7b92-f376-374f-9285-2f59a38ad823,Guardian
98323edc-05f3-4004-a100-6e2fefd8a966,1973,1991,e15e7b92-f376-374f-9285-2f59a38ad823,Guardian
13c9afa6-f548-434b-8c18-cba1e3d0ff2e,1989,2007,e15e7b92-f376-374f-9285-2f59a38ad823,Guardian
02155433-1307-4c17-bda3-8cdac4d2f809,1983,2001,e15e7b92-f376-374f-9285-2f59a38ad823,Guardian
f225b539-ac6e-4260-bfca-272249520b72,1970,1988,e15e7b92-f376-374f-9285-2f59a38ad823,Guardian
46de7455-4fba-4b30-9795-0585c1d51eef,1944,1962,e15e7b92-f376-374f-9285-2f59a38ad823,Guardian
bd7bc740-ccae-45b9-8b5d-3af30b43b0b9,1984,2002,e15e7b92-f376-374f-9285-2f59a38ad823,Guardian
336a2575-da77-4ca0-80d6-e49642d28f19,2000,2018,e15e7b92-f376-374f-9285-2f59a38ad823,Guardian
379987fa-01c5-4961-a638-e9f2e0aaa5d0,1943,1961,e15e7b92-f376-374f-9285-2f59a38ad823,Guardian
6a063c5e-b5f1-4136-b48c-baaccdce2218,1982,2000,e15e7b92-f376-374f-9285-2f59a38ad823,Guardian
a84a7a21-0368-45f9-9436-e3300b0949d3,1965,1983,e15e7b92-f376-374f-9285-2f59a38ad823,Guardian
0396e525-dc98-4e17-a180-2d5716041048,1988,2006,e15e7b92-f376-374f-9285-2f59a38ad823,Guardian
abb97296-768d-43ae-9f59-9a9ed39b6c58,1958,1976,e15e7b92-f376-374f-9285-2f59a38ad823,Guardian
a64e91ba-b57c-4e10-9daa-8837bc2b33fd,1977,1995,e15e7b92-f376-374f-9285-2f59a38ad823,Guardian
c74247b9-ed5d-4e35-8c37-9791ea6bf3d2,1932,1950,e15e7b92-f376-374f-9285-2f59a38ad823,Guardian
32e31673-67da-4017-b463-58bc48cfa73e,1958,1976,e15e7b92-f376-374f-9285-2f59a38ad823,Guardian
9fef0578-9648-4b97-a9cd-01224e03634d,1946,1964,e15e7b92-f376-374f-9285-2f59a38ad823,Guardian
48d7a429-2809-41cd-9094-d2c87142a6a0,1976,1994,e15e7b92-f376-374f-9285-2f59a38ad823,Guardian
20ea64ce-cb99-4311-adde-1c8c5cc12712,1964,1982,e15e7b92-f376-374f-9285-2f59a38ad823,Guardian
1a478aea-c490-4502-a2fc-9be82689186d,1990,2008,e15e7b92-f376-374f-9285-2f59a38ad823,Guardian
a92e6824-358e-4c25-8cf9-1f4b259e2d50,1961,1979,e15e7b92-f376-374f-9285-2f59a38ad823,Guardian
2dbfdc60-a2b4-4498-ac74-495b3425b9e9,1957,1975,e15e7b92-f376-374f-9285-2f59a38ad823,Guardian
39e39743-2120-46c2-837a-2a6f2f2686df,1962,1980,e15e7b92-f376-374f-9285-2f59a38ad823,Guardian
c402dd0d-cfce-4811-bb01-d49faee6940e,1938,1956,e15e7b92-f376-374f-9285-2f59a38ad823,Guardian
6ae12c49-f4a6-4069-8d86-6a8f41c27422,1998,2016,e15e7b92-f376-374f-9285-2f59a38ad823,Guardian
1c3e45da-ef1c-45ff-ad28-823a72c27e2a,1958,1976,e15e7b92-f376-374f-9285-2f59a38ad823,Guardian
5a359b27-b380-41e2-a490-848584a8abf7,1991,2009,e15e7b92-f376-374f-9285-2f59a38ad823,Guardian
97c187c9-4adf-450f-810b-d51c9b838255,1932,1950,e15e7b92-f376-374f-9285-2f59a38ad823,Guardian
5cd40b24-55f5-4976-b800-a8a7978eda34,1944,1962,e15e7b92-f376-374f-9285-2f59a38ad823,Guardian
6ebb8ba0-9798-4df8-9131-cbe775a6c9b8,1989,2007,e15e7b92-f376-374f-9285-2f59a38ad823,Guardian
b191c4e1-6851-4d02-9d57-c922927f68d9,1993,2011,e15e7b92-f376-374f-9285-2f59a38ad823,Guardian
4cabb5f6-a5c4-447a-be26-58bdada7206b,1997,2015,e15e7b92-f376-374f-9285-2f59a38ad823,Guardian
f8aa2d20-3e54-4b28-8326-156c067161fd,1995,2013,e15e7b92-f376-374f-9285-2f59a38ad823,Guardian
dbb697e8-970e-4986-bc28-4956ca2bb156,1991,2009,e15e7b92-f376-374f-9285-2f59a38ad823,Guardian
a1078988-3f12-4814-b6b8-496593216c76,1984,2002,e15e7b92-f376-374f-9285-2f59a38ad823,Guardian
ae84b22d-e72b-41d9-9853-5e48fdbc2c36,1997,2015,e15e7b92-f376-374f-9285-2f59a38ad823,Guardian
31f637b1-457e-4c07-a9ef-f2e02563291f,1972,1990,e15e7b92-f376-374f-9285-2f59a38ad823,Guardian
54228bd3-8862-42bb-a6d2-6505650a2193,1967,1985,e15e7b92-f376-374f-9285-2f59a38ad823,Guardian
f7e521ef-0ff2-41c9-8796-fdeaef349020,1956,1974,e15e7b92-f376-374f-9285-2f59a38ad823,Guardian
84e5d143-7905-44eb-9346-2c8fbeb6a4f7,1948,1966,e15e7b92-f376-374f-9285-2f59a38ad823,Guardian
349275b0-5f00-4f60-86f2-77be169c282c,1943,1961,e15e7b92-f376-374f-9285-2f59a38ad823,Guardian
349275b0-5f00-4f60-86f2-77be169c282c,1962,2013,b1c428d6-4f07-31e0-90f0-68ffa6ff8c76,Self
349275b0-5f00-4f60-86f2-77be169c282c,2014,2014,e15e7b92-f376-374f-9285-2f59a38ad823,
