DATE,PATIENT,ENCOUNTER,CODE,DESCRIPTION,BASE_COST,REASONCODE,REASONDESCRIPTION
2010-07-21,13d22854-9756-4c80-9d49-e7a797843dc6,c7c315fe-05c8-4536-bedc-3c04a22f2ae9,71651007,Mammography (procedure),500.00,254837009,Malignant neoplasm of breast (disorder)
2010-07-21,13d22854-9756-4c80-9d49-e7a797843dc6,24d308fd-2042-4707-9228-5d6ae3e55b47,35025007,Manual pelvic examination (procedure),500.00,254837009,Malignant neoplasm of breast (disorder)
2010-07-21,13d22854-9756-4c80-9d49-e7a797843dc6,24d308fd-2042-4707-9228-5d6ae3e55b47,90226004,Cytopathology procedure  preparation of smear  genital source (procedure),2742.11,254837009,Malignant neoplasm of breast (disorder)
2011-06-16,13d22854-9756-4c80-9d49-e7a797843dc6,06b2313c-55a5-47d6-a63f-9cca58b127e5,71651007,Mammography (procedure),500.00,254837009,Malignant neoplasm of breast (disorder)
2011-06-16,13d22854-9756-4c80-9d49-e7a797843dc6,3c1b7a0e-bdc9-42b2-b1f6-e1b87d56d666,35025007,Manual pelvic examination (procedure),500.00,254837009,Malignant neoplasm of breast (disorder)
2011-06-16,13d22854-9756-4c80-9d49-e7a797843dc6,3c1b7a0e-bdc9-42b2-b1f6-e1b87d56d666,90226004,Cytopathology procedure  preparation of smear  genital source (procedure),2017.07,254837009,Malignant neoplasm of breast (disorder)
2012-06-10,13d22854-9756-4c80-9d49-e7a797843dc6,7de1c398-66b2-4a35-a87d-416defd70bd2,71651007,Mammography (procedure),500.00,254837009,Malignant neoplasm of breast (disorder)
2012-06-10,13d22854-9756-4c80-9d49-e7a797843dc6,f5531963-1ea6-4783-a062-0739efd57719,35025007,Manual pelvic examination (procedure),500.00,254837009,Malignant neoplasm of breast (disorder)
2012-06-10,13d22854-9756-4c80-9d49-e7a797843dc6,f5531963-1ea6-4783-a062-0739efd57719,90226004,Cytopathology procedure  preparation of smear  genital source (procedure),2308.12,254837009,Malignant neoplasm of breast (disorder)
2013-06-05,13d22854-9756-4c80-9d49-e7a797843dc6,9351660d-1cd7-4f5d-8585-d202e5b64d6c,71651007,Mammography (procedure),500.00,254837009,Malignant neoplasm of breast (disorder)
2013-06-05,13d22854-9756-4c80-9d49-e7a797843dc6,75d4d521-6b9a-46ff-89bd-412edcef32d3,35025007,Manual pelvic examination (procedure),500.00,254837009,Malignant neoplasm of breast (disorder)
2013-06-05,13d22854-9756-4c80-9d49-e7a797843dc6,75d4d521-6b9a-46ff-89bd-412edcef32d3,90226004,Cytopathology procedure  preparation of smear  genital source (procedure),1331.85,254837009,Malignant neoplasm of breast (disorder)
2014-05-01,13d22854-9756-4c80-9d49-e7a797843dc6,b230d970-2637-4a7d-8e02-2b845436a7c8,71651007,Mammography (procedure),500.00,254837009,Malignant neoplasm of breast (disorder)
2014-05-01,13d22854-9756-4c80-9d49-e7a797843dc6,65859d8a-c9d4-4ef2-acfb-f1d5165e78a3,35025007,Manual pelvic examination (procedure),500.00,254837009,Malignant neoplasm of breast (disorder)
2014-05-01,13d22854-9756-4c80-9d49-e7a797843dc6,65859d8a-c9d4-4ef2-acfb-f1d5165e78a3,90226004,Cytopathology procedure  preparation of smear  genital source (procedure),2753.88,254837009,Malignant neoplasm of breast (disorder)
2015-03-27,13d22854-9756-4c80-9d49-e7a797843dc6,90ed189e-6fa6-4743-babd-2393453d9b03,71651007,Mammography (procedure),500.00,254837009,Malignant neoplasm of breast (disorder)
2015-03-27,13d22854-9756-4c80-9d49-e7a797843dc6,3b08399c-5621-4466-91dc-f66f882b76da,35025007,Manual pelvic examination (procedure),500.00,254837009,Malignant neoplasm of breast (disorder)
2015-03-27,13d22854-9756-4c80-9d49-e7a797843dc6,3b08399c-5621-4466-91dc-f66f882b76da,90226004,Cytopathology procedure  preparation of smear  genital source (procedure),3081.43,254837009,Malignant neoplasm of breast (disorder)
2016-02-20,13d22854-9756-4c80-9d49-e7a797843dc6,87149f45-beb4-4ac2-8da1-27c025cdcc18,71651007,Mammography (procedure),500.00,254837009,Malignant neoplasm of breast (disorder)
2016-02-20,13d22854-9756-4c80-9d49-e7a797843dc6,4a9dec28-9d42-46a8-a7d5-88c13a9e30f7,35025007,Manual pelvic examination (procedure),500.00,254837009,Malignant neoplasm of breast (disorder)
2016-02-20,13d22854-9756-4c80-9d49-e7a797843dc6,4a9dec28-9d42-46a8-a7d5-88c13a9e30f7,90226004,Cytopathology procedure  preparation of smear  genital source (procedure),2330.85,254837009,Malignant neoplasm of breast (disorder)
2017-02-14,13d22854-9756-4c80-9d49-e7a797843dc6,d2a28bdd-f471-453f-9b22-002aa853b861,71651007,Mammography (procedure),500.00,254837009,Malignant neoplasm of breast (disorder)
2017-02-14,13d22854-9756-4c80-9d49-e7a797843dc6,1f064659-c2f0-4922-bf52-afcdcf531ace,35025007,Manual pelvic examination (procedure),500.00,254837009,Malignant neoplasm of breast (disorder)
2017-02-14,13d22854-9756-4c80-9d49-e7a797843dc6,1f064659-c2f0-4922-bf52-afcdcf531ace,90226004,Cytopathology procedure  preparation of smear  genital source (procedure),2645.13,254837009,Malignant neoplasm of breast (disorder)
2018-01-10,13d22854-9756-4c80-9d49-e7a797843dc6,dc40f807-243e-494a-8d96-71f4f4c8680d,71651007,Mammography (procedure),500.00,254837009,Malignant neoplasm of breast (disorder)
2018-01-10,13d22854-9756-4c80-9d49-e7a797843dc6,a51dada4-814a-4755-8aa6-31444b546b5e,35025007,Manual pelvic examination (procedure),500.00,254837009,Malignant neoplasm of breast (disorder)
2018-01-10,13d22854-9756-4c80-9d49-e7a797843dc6,a51dada4-814a-4755-8aa6-31444b546b5e,90226004,Cytopathology procedure  preparation of smear  genital source (procedure),1361.48,254837009,Malignant neoplasm of breast (disorder)
2019-01-05,13d22854-9756-4c80-9d49-e7a797843dc6,7e1c735d-86ff-443a-8850-d68a6b43deda,71651007,Mammography (procedure),500.00,254837009,Malignant neoplasm of breast (disorder)
2019-01-05,13d22854-9756-4c80-9d49-e7a797843dc6,4c7958e3-17b4-4c51-b1e4-8304fa179688,35025007,Manual pelvic examination (procedure),500.00,254837009,Malignant neoplasm of breast (disorder)
2019-01-05,13d22854-9756-4c80-9d49-e7a797843dc6,4c7958e3-17b4-4c51-b1e4-8304fa179688,90226004,Cytopathology procedure  preparation of smear  genital source (procedure),2523.69,254837009,Malignant neoplasm of breast (disorder)
2019-12-31,13d22854-9756-4c80-9d49-e7a797843dc6,78b9d431-0329-449c-a723-2f86369746e7,71651007,Mammography (procedure),500.00,254837009,Malignant neoplasm of breast (disorder)
2019-12-31,13d22854-9756-4c80-9d49-e7a797843dc6,3112aabb-1db5-49c1-b01b-e6249ebd93bb,35025007,Manual pelvic examination (procedure),500.00,254837009,Malignant neoplasm of breast (disorder)
2019-12-31,13d22854-9756-4c80-9d49-e7a797843dc6,3112aabb-1db5-49c1-b01b-e6249ebd93bb,90226004,Cytopathology procedure  preparation of smear  genital source (procedure),1835.48,254837009,Malignant neoplasm of breast (disorder)
2012-03-11,b4dc7b69-efea-4ae3-9e3d-31896f03da4e,95b7dc6f-326a-439a-8f60-dea39013914e,180325003,Electrical cardioversion,24731.01,49436004,Atrial Fibrillation
2013-03-17,b4dc7b69-efea-4ae3-9e3d-31896f03da4e,ae964b19-fe69-4b3e-a5a1-4f5656b70d1f,180325003,Electrical cardioversion,21191.71,49436004,Atrial Fibrillation
2014-03-23,b4dc7b69-efea-4ae3-9e3d-31896f03da4e,bd901bdd-eef3-4359-9649-b0638dbf44ad,180325003,Electrical cardioversion,47483.82,49436004,Atrial Fibrillation
2015-03-29,b4dc7b69-efea-4ae3-9e3d-31896f03da4e,fa228940-1520-47f0-8f08-dbb9bbf2bc9a,180325003,Electrical cardioversion,31947.38,49436004,Atrial Fibrillation
2016-04-03,b4dc7b69-efea-4ae3-9e3d-31896f03da4e,b1d18027-dc2a-4064-b3ae-1fdf06805885,180325003,Electrical cardioversion,31189.43,49436004,Atrial Fibrillation
2017-04-09,b4dc7b69-efea-4ae3-9e3d-31896f03da4e,e1154442-01e1-4640-837e-225a175e00a0,180325003,Electrical cardioversion,29769.41,49436004,Atrial Fibrillation
2018-04-15,b4dc7b69-efea-4ae3-9e3d-31896f03da4e,75848cf4-f07f-41ed-bc81-b38208b0387a,180325003,Electrical cardioversion,30427.40,49436004,Atrial Fibrillation
2019-04-21,b4dc7b69-efea-4ae3-9e3d-31896f03da4e,0edb2b6e-814e-4380-b597-6a4f1668ca27,180325003,Electrical cardioversion,35764.39,49436004,Atrial Fibrillation
2012-03-15,7a5ebab9-b956-4a13-8bb9-e0aefb5f2e18,424d1790-e7fd-402b-842b-e285fbc9f005,40701008,Echocardiography (procedure),1160.16,410429000,Cardiac Arrest
2012-03-15,7a5ebab9-b956-4a13-8bb9-e0aefb5f2e18,424d1790-e7fd-402b-842b-e285fbc9f005,447365002,Insertion of biventricular implantable cardioverter defibrillator,24162.29,410429000,Cardiac Arrest
2012-03-15,7a5ebab9-b956-4a13-8bb9-e0aefb5f2e18,424d1790-e7fd-402b-842b-e285fbc9f005,18286008,Catheter ablation of tissue of heart,7747.91,410429000,Cardiac Arrest
2014-12-29,abb97296-768d-43ae-9f59-9a9ed39b6c58,463d4255-2280-469f-ab99-8d40857acd25,180325003,Electrical cardioversion,26341.17,49436004,Atrial Fibrillation
2016-01-04,abb97296-768d-43ae-9f59-9a9ed39b6c58,921abf36-2a44-48e2-95d0-124052bf8285,180325003,Electrical cardioversion,14627.91,49436004,Atrial Fibrillation
2017-01-09,abb97296-768d-43ae-9f59-9a9ed39b6c58,e9fde51e-32ef-45ae-ae23-4ca39f9f99c8,18286008,Catheter ablation of tissue of heart,14454.29,49436004,Atrial Fibrillation
2018-01-15,abb97296-768d-43ae-9f59-9a9ed39b6c58,a1e81fe8-9392-40cf-b275-57e67e35f0d2,18286008,Catheter ablation of tissue of heart,15775.19,49436004,Atrial Fibrillation
2019-01-21,abb97296-768d-43ae-9f59-9a9ed39b6c58,0e923ecd-883d-46cf-870c-867760187a37,180325003,Electrical cardioversion,34106.40,49436004,Atrial Fibrillation
2020-01-27,abb97296-768d-43ae-9f59-9a9ed39b6c58,e5a06da1-9baa-4092-9d8f-2203cf045c40,18286008,Catheter ablation of tissue of heart,13291.07,49436004,Atrial Fibrillation
1997-01-01,c74247b9-ed5d-4e35-8c37-9791ea6bf3d2,c6cd1587-ae8c-4156-b97f-1919d534fb11,40701008,Echocardiography (procedure),1363.28,22298006,Myocardial Infarction
1997-01-01,c74247b9-ed5d-4e35-8c37-9791ea6bf3d2,c6cd1587-ae8c-4156-b97f-1919d534fb11,415070008,Percutaneous coronary intervention,29818.35,22298006,Myocardial Infarction
1997-01-01,c74247b9-ed5d-4e35-8c37-9791ea6bf3d2,c6cd1587-ae8c-4156-b97f-1919d534fb11,232717009,Coronary artery bypass grafting,49314.89,22298006,Myocardial Infarction
1988-05-13,32e31673-67da-4017-b463-58bc48cfa73e,bd97a817-bb30-49f9-8c81-b6295862e3af,40701008,Echocardiography (procedure),1225.36,22298006,Myocardial Infarction
1988-05-13,32e31673-67da-4017-b463-58bc48cfa73e,bd97a817-bb30-49f9-8c81-b6295862e3af,415070008,Percutaneous coronary intervention,23091.81,22298006,Myocardial Infarction
1988-05-13,32e31673-67da-4017-b463-58bc48cfa73e,bd97a817-bb30-49f9-8c81-b6295862e3af,232717009,Coronary artery bypass grafting,33345.34,22298006,Myocardial Infarction
2016-04-08,2dbfdc60-a2b4-4498-ac74-495b3425b9e9,8869cbc8-f253-477c-b0f0-cc1ed20f4a45,180325003,Electrical cardioversion,19681.93,49436004,Atrial Fibrillation
2017-04-14,2dbfdc60-a2b4-4498-ac74-495b3425b9e9,d8bb079e-d092-4a13-9cf1-d423a9a80e3d,180325003,Electrical cardioversion,41589.38,49436004,Atrial Fibrillation
2018-04-20,2dbfdc60-a2b4-4498-ac74-495b3425b9e9,adbdda84-7851-4a23-b5e6-367ba2ba39b3,180325003,Electrical cardioversion,21325.68,49436004,Atrial Fibrillation
2019-04-26,2dbfdc60-a2b4-4498-ac74-495b3425b9e9,7ab881b7-44e1-4238-8045-232a2ffa066f,180325003,Electrical cardioversion,42126.27,49436004,Atrial Fibrillation
2016-08-31,97c187c9-4adf-450f-810b-d51c9b838255,3b8f3437-31bc-4727-bf62-098bbaa5f977,40701008,Echocardiography (procedure),1305.17,230690007,Stroke
2016-08-31,97c187c9-4adf-450f-810b-d51c9b838255,3b8f3437-31bc-4727-bf62-098bbaa5f977,433112001,Percutaneous mechanical thrombectomy of portal vein using fluoroscopic guidance,25000.95,230690007,Stroke
2018-05-23,97c187c9-4adf-450f-810b-d51c9b838255,37055f5e-21ef-4421-85b1-e8ab4c16a9a2,40701008,Echocardiography (procedure),1015.13,230690007,Stroke
2018-05-23,97c187c9-4adf-450f-810b-d51c9b838255,37055f5e-21ef-4421-85b1-e8ab4c16a9a2,433112001,Percutaneous mechanical thrombectomy of portal vein using fluoroscopic guidance,18590.03,230690007,Stroke
2010-10-13,84e5d143-7905-44eb-9346-2c8fbeb6a4f7,058b8ea7-01d2-4bb0-8990-e1f74fe41cd1,180325003,Electrical cardioversion,33395.22,49436004,Atrial Fibrillation
2011-10-19,84e5d143-7905-44eb-9346-2c8fbeb6a4f7,554db155-3591-4649-ab3f-636a1088046b,18286008,Catheter ablation of tissue of heart,14118.80,49436004,Atrial Fibrillation
2012-10-24,84e5d143-7905-44eb-9346-2c8fbeb6a4f7,37458ea8-77b5-4f9f-a56c-f712f7e9be7c,180325003,Electrical cardioversion,28789.12,49436004,Atrial Fibrillation
2013-10-30,84e5d143-7905-44eb-9346-2c8fbeb6a4f7,bc6554c8-82aa-4ac5-a024-2086ec9586b3,180325003,Electrical cardioversion,46622.84,49436004,Atrial Fibrillation
2014-11-05,84e5d143-7905-44eb-9346-2c8fbeb6a4f7,2773e1c6-b24a-4d50-8945-a43dca7b1138,18286008,Catheter ablation of tissue of heart,13715.34,49436004,Atrial Fibrillation
2015-11-11,84e5d143-7905-44eb-9346-2c8fbeb6a4f7,29f4d55f-f49d-4511-96e7-109c00b32024,18286008,Catheter ablation of tissue of heart,14469.62,49436004,Atrial Fibrillation
2016-11-16,84e5d143-7905-44eb-9346-2c8fbeb6a4f7,16447a8f-1b04-411a-aed9-847d966cc705,180325003,Electrical cardioversion,28605.36,49436004,Atrial Fibrillation
2017-11-22,84e5d143-7905-44eb-9346-2c8fbeb6a4f7,cd3926c2-2cb8-498c-9457-321cedde5bbf,180325003,Electrical cardioversion,24072.61,49436004,Atrial Fibrillation
2018-11-28,84e5d143-7905-44eb-9346-2c8fbeb6a4f7,3f62a4ad-d377-480d-b998-c10eacaeb874,180325003,Electrical cardioversion,37861.87,49436004,Atrial Fibrillation
2019-12-04,84e5d143-7905-44eb-9346-2c8fbeb6a4f7,326762f3-48b9-4dbe-8543-bd6b213fd42b,180325003,Electrical cardioversion,28575.82,49436004,Atrial Fibrillation
2013-11-20,349275b0-5f00-4f60-86f2-77be169c282c,a6033ad1-166d-4161-9de8-775e1efcb507,40701008,Echocardiography (procedure),1050.54,230690007,Stroke
2013-11-20,349275b0-5f00-4f60-86f2-77be169c282c,a6033ad1-166d-4161-9de8-775e1efcb507,433112001,Percutaneous mechanical thrombectomy of portal vein using fluoroscopic guidance,27031.68,230690007,Stroke
