Id,ORGANIZATION,NAME,GENDER,SPECIALITY,ADDRESS,CITY,STATE,ZIP,LAT,LON,UTILIZATION
3ccd23ca-2466-316d-803a-b27c64c4d021,39010280-b8e5-3b1a-b835-bafbeea21968,Mauricio Taka-aho,M,GENERAL PRACTICE,Turuntie 150,Espoo,18,02740,60.22589,24.77581,1
1f75e150-4f9d-396e-bc96-4b6a290c59f2,b9b4f8d8-b4a7-3164-a21f-c57b0c40c3ff,Linéa Hanna,F,GENERAL PRACTICE,Sairaalankatu 1,Hyvinkää,18,05830,60.612,24.82486,122
cd6ca522-e412-31e8-9305-75e33ad0b068,738aef7e-a279-3f65-9dba-fead16b27400,Yaser Joukanen,M,GENERAL PRACTICE,Turuntie 150,Espoo,18,02740,60.22589,24.77581,1102
6ab763b7-d49d-3ef0-8191-cad04acbfff8,9a3e6919-4ed0-32fe-a1e2-7184b06c415f,Corinna Huittari,F,GENERAL PRACTICE,Karvasmäentie 6,Espoo,18,02740,60.22011,24.6848,283
243f3f61-a92c-3f58-87c7-e88f456bcf63,a70486b2-c33a-37b3-a4cf-b3dc06cb9d84,Suvituulia Sääkslahti,F,GENERAL PRACTICE,Sairaalakatu 1,Vantaa,18,01400,60.3299,25.0608,1330
2ac31275-07fc-3303-a6be-1177b173c408,bf25636d-50a4-3cf2-b937-0e59fd37503f,Ioannis Brunni,M,GENERAL PRACTICE,Sairaalankatu 1,Hyvinkää,18,05830,60.612,24.82486,322
5d7123a0-69e5-32d2-bf49-7d252379ab5e,4eddd774-a01b-3a0b-b4c6-736a5581aba4,Axel Joronen,M,GENERAL PRACTICE,Ohkolantie 10,Kellokoski,18,04500,60.53054,25.10548,153
d544fb1c-3f8d-3766-b183-846cdc466eb7,942171f0-df04-34cc-9c85-1a11b2f08717,Mirkka Syväranta,F,GENERAL PRACTICE,Sairaalatie 8,Lohja,18,08200,60.2247,24.01885,293
f2ea8850-ea5a-3b21-b40d-1bbbdb0bde89,216a84b2-6287-356d-9bcf-655abf00debb,Reetta-Liisa Puotiniemi,F,GENERAL PRACTICE,Sairaalantie 1,Porvoo,18,06200,60.37911,25.69576,218
ac383693-1de3-3c21-af48-4edbfda78c28,319baef9-e8e6-3320-9e0b-7991d9c167b8,Yaser Joukanen,M,GENERAL PRACTICE,Haartmaninkatu 4,Helsinki,18,00290,60.189159,24.909081,2
8f3e6779-cb98-364c-9c87-3be2aa48cb4b,af916982-f5f8-341b-b159-69e72695294c,Axel Joronen,M,GENERAL PRACTICE,Sairaalakatu 1,Vantaa,18,01400,60.3299,25.0608,3
e76f2cbd-fdbf-3abe-88ad-d525e7b1cfb7,8af774ed-7635-320a-ad8c-a63aa309a858,Reetta-Liisa Puotiniemi,F,GENERAL PRACTICE,Sairaalatie 8,Lohja,18,08200,60.2247,24.01885,1
