location_id,address_1,address_2,city,state,zip,county,location_source_value
3309,904 Harvima Katu Unit 52,,Helsinki,Uusimaa,00130,Helsinki,26cfd175-ce68-4834-9cea-fc187536fb29
3310,624 Poranen Katu,,Vihti,Uusimaa,03100,Vihti,e86c6370-50be-4fa1-a3b3-bd2b278913ad
3311,315 Liikka Katu Unit 91,,Helsinki,Uusimaa,00250,Helsinki,4c673ba1-44ab-4e21-8430-8623dcc3d23a
3312,761 Purolinna Katu Unit 93,,Helsinki,Uusimaa,00500,Helsinki,dfae9d7b-f2e2-4e2c-8765-54a7e69e9129
3313,918 Lindeman Katu Suite 82,,Helsinki,Uusimaa,00530,Helsinki,879630d4-fa72-4105-81c8-81cc71b1dd6c
3314,414 Länkimäki Katu Suite 19,,Helsinki,Uusimaa,00860,Helsinki,17da8be0-a6e6-4238-b06b-be1605286537
3315,817 Ihanus Katu,,Kirkkonummi,Uusimaa,02540,Kirkkonummi,cf0141e8-5f9a-44f3-b450-ffcff4597f56
3316,460 Bärholm Katu Unit 81,,Helsinki,Uusimaa,00100,Helsinki,488264ff-0d14-4964-9832-1a8c3255c9ab
3317,342 Pettilä Katu Unit 4,,Helsinki,Uusimaa,00540,Helsinki,9e86db0c-60e1-4c18-8ada-da72149eeddc
3318,705 Nars Katu Unit 72,,Helsinki,Uusimaa,00630,Helsinki,c29b3b93-a2cf-4f06-bcfc-ba7313d0b986
3319,242 Moijanen Katu,,Vantaa,Uusimaa,01530,Vantaa,8dabb2ad-8ae3-4754-b366-013a35f05ce3
3320,432 Avikainen Katu,,Vantaa,Uusimaa,01750,Vantaa,1fde5ed4-6725-470a-8346-9ee638a6a26b
3321,627 Kivihalme Katu Apt 20,,Järvenpää,Uusimaa,04410,Järvenpää,0be09a12-3ff2-4df3-b937-6c9f19c61c28
3322,655 Sillander Katu,,Hanko,Uusimaa,10900,Hanko,0112163b-c633-439b-bdfa-a4831ce33ee3
3323,227 Kostiander Katu,,Helsinki,Uusimaa,00340,Helsinki,14f45758-2e84-4b04-acd4-dde2ef550e9a
3324,579 Ahtola Katu Apt 54,,Helsinki,Uusimaa,00120,Helsinki,3dabf612-05b3-4e47-bcaf-548eb97279d9
3325,414 Honkavuori Katu,,Helsinki,Uusimaa,00300,Helsinki,a51a1231-faee-48a2-b763-0ca956540c4f
3326,662 Teiskonen Katu Unit 15,,Vantaa,Uusimaa,01200,Vantaa,7c9ca103-3782-4730-9d79-7435536e85ef
3327,152 Ala-Risku Katu Suite 60,,Espoo,Uusimaa,02180,Espoo,68a17984-2903-49b9-b579-43fb5eae96dd
3328,267 Kiilamaa Katu,,Hyvinkää,Uusimaa,05460,Hyvinkää,4830a18b-6d1b-493d-bc35-de5c8c412039
3329,795 Kartimo Katu,,Sipoo,Uusimaa,01190,Sipoo,b2256849-8f62-46ef-b0fc-f4738536c404
3330,866 Saarilehto Katu Apt 67,,Mäntsälä,Uusimaa,04920,Mäntsälä,5fe770ff-6ebe-4eff-9b90-4130cff22322
3331,1058 Nordblom Katu Suite 35,,Kirkkonummi,Uusimaa,02520,Kirkkonummi,7a7badc4-af67-41d8-bbf3-bc760889c9f8
3332,776 Hvitfelt Katu Apt 25,,Helsinki,Uusimaa,00910,Helsinki,2a6605bc-edbe-4520-8e6e-3a895fc7fd07
3333,227 Kaaro Katu,,Hanko,Uusimaa,10820,Hanko,53c7f3a3-22cf-44d7-98d7-9df33cf03328
3334,1008 Avila Katu Apt 98,,Helsinki,Uusimaa,00300,Helsinki,3c492a63-33a8-4575-8c15-27c59f13022e
3335,999 Lindblom Katu Unit 62,,Helsinki,Uusimaa,00910,Helsinki,6087c898-cc74-400d-9493-8d5f9ba7950b
3336,156 Mauravaara Katu,,Helsinki,Uusimaa,00570,Helsinki,57e9ecbc-319e-4cf2-af6c-c4692c61cdcb
3337,597 Silveri Katu Suite 89,,Espoo,Uusimaa,02280,Espoo,0879ec7d-3008-46e4-8e17-8fda0ccb8e57
3338,979 Elijoki Katu,,Espoo,Uusimaa,02650,Espoo,cfd8482d-5711-40bf-bf3e-b82462a6e1d9
3339,763 Mällönen Katu Apt 99,,Espoo,Uusimaa,02720,Espoo,fb85d7db-bcb9-412a-bfa9-a27a7880126f
3340,1083 Koskenvaara Katu Unit 7,,Nurmijärvi,Uusimaa,01820,Nurmijärvi,fbe3fde3-0f1d-4b17-8af9-2118ebd5bad9
3341,121 Ahllund Katu,,Helsinki,Uusimaa,00600,Helsinki,fc140b86-7bf1-47a2-99f5-1bcab9e06633
3342,356 Rönnbacka Katu,,Porvoo,Uusimaa,06830,Porvoo,d6e8bf57-a11d-416a-819a-e96c91fccec6
3343,742 Pehrsson Katu Suite 27,,Helsinki,Uusimaa,00870,Helsinki,4d48c254-f807-47fd-b137-ffe304eee041
3344,1011 Honkalammi Katu,,Helsinki,Uusimaa,00140,Helsinki,42607ab0-c487-48cf-9fba-c9255e3c291f
3345,121 Fjäder Katu Suite 35,,Helsinki,Uusimaa,00510,Helsinki,574a659c-09de-4ec6-9ca4-8b6e326b6c12
3346,678 Ruosteluoma Katu,,Kerava,Uusimaa,04230,Kerava,e66d0773-f6f1-466b-b18f-97c5a13aec15
3347,1074 Santamala Katu Unit 33,,Helsinki,Uusimaa,00930,Helsinki,d54aad62-8801-43b5-8f6e-07c129bd1d18
3348,732 Helistö Katu,,Espoo,Uusimaa,02940,Espoo,6481269d-1bd6-48fb-97aa-7bd2d017921e
3349,394 Ivaska Katu,,Vihti,Uusimaa,03150,Vihti,cfbcbdac-4c7e-43bd-8947-6de222ef268b
3350,644 Tallavaara Katu Suite 64,,Raasepori,Uusimaa,10350,Raasepori,f2878159-9259-4996-abe4-6f58fb98e341
3351,900 Phan Katu Suite 93,,Espoo,Uusimaa,02660,Espoo,b4f1725b-ee7b-49a2-a0c4-97bed72c6950
3352,460 Tapaninen Katu,,Espoo,Uusimaa,02770,Espoo,cefd5b60-c80e-4f93-b093-c9afca665106
3353,1016 Polet Katu Suite 21,,Espoo,Uusimaa,02680,Espoo,a2dc533d-33d8-4cef-bb59-eba19003bda6
3354,899 Oikia Katu Unit 98,,Helsinki,Uusimaa,00680,Helsinki,46ca6d8f-1048-4413-9c23-679f177095c5
3355,1065 Kronlöf Katu,,Mäntsälä,Uusimaa,04600,Mäntsälä,9d56041e-6285-4776-9ea2-b56b00daca61
3356,193 Korttinen Katu Unit 70,,Hyvinkää,Uusimaa,05470,Hyvinkää,3f8ee65d-822c-42a2-be61-3903ca6d2d8e
3357,231 Alajuuma Katu Suite 2,,Helsinki,Uusimaa,00640,Helsinki,f98bef3e-4719-4f83-b47a-6d98563c4b64
3358,1074 Granfelt Katu Unit 51,,Helsinki,Uusimaa,00880,Helsinki,deed047b-3553-474b-b322-79d34b5724d9
3359,565 Vallin Katu,,Kirkkonummi,Uusimaa,02880,Kirkkonummi,ce3ebdc5-2179-4c9c-9e23-781a23b1a248
3360,854 Lusminki Katu,,Helsinki,Uusimaa,00410,Helsinki,2d3943ba-6101-4c02-9f05-1e38c004827c
3361,377 Byrne Katu,,Kerava,Uusimaa,04230,Kerava,4d50d50b-7ced-4102-ac7c-922087b325ee
3362,323 Fordell Katu Suite 77,,Hyvinkää,Uusimaa,05460,Hyvinkää,71843223-cfa1-4819-aa10-3b5bb32c84c9
3363,811 Rasilainen Katu Unit 79,,Espoo,Uusimaa,02200,Espoo,06483c3c-b310-4a00-aa86-db9594d33381
3364,523 Byström Katu Apt 55,,Vihti,Uusimaa,03220,Vihti,ef93c953-2152-42e3-8a8c-fa5bf026833f
3365,659 Koskelo Katu Unit 49,,Kerava,Uusimaa,04200,Kerava,77e83710-caba-4adf-b5b7-0e6ee21d4f0d
3366,529 Hurnasti Katu,,Lohja,Uusimaa,09630,Lohja,4a675c9b-d569-4c2b-9118-33eab964a486
3367,842 Raussi Katu Apt 88,,Mäntsälä,Uusimaa,04530,Mäntsälä,fe464914-dafd-4ed6-ac90-f670d262e78b
3368,1061 Palm Katu,,Helsinki,Uusimaa,00170,Helsinki,7a036386-3650-4088-be71-9e3e7a16408b
3369,440 Pakola Katu Unit 63,,Nurmijärvi,Uusimaa,01810,Nurmijärvi,28508f9b-a370-4233-9268-ba52d02f644e
3370,720 Muuraiskangas Katu,,Espoo,Uusimaa,02180,Espoo,965cad90-8a22-4b76-9e88-5166d0095d7d
3371,896 Olli Katu,,Helsinki,Uusimaa,00880,Helsinki,8dc65a7f-0c6c-4bdd-af36-12eefb9150ab
3372,618 Kajan Katu Unit 84,,Helsinki,Uusimaa,00440,Helsinki,8e3eac7d-26c5-41f6-8ff7-d653a829fb2f
3373,732 Thusberg Katu,,Vantaa,Uusimaa,01370,Vantaa,8288f3fd-3b4a-4982-9828-c3d0ce5ef28d
3374,328 Vakkari Katu Unit 70,,Espoo,Uusimaa,02140,Espoo,eca10ffe-62c3-4c40-842f-c83dbcddaec1
3375,887 Vahlqvist Katu,,Raasepori,Uusimaa,10640,Raasepori,25debc7a-9ba0-496a-9a91-0bcc11a62575
3376,1070 Asp Katu Suite 32,,Vantaa,Uusimaa,01520,Vantaa,db0889f8-6e0a-462b-a464-0f624a1bd28b
3377,807 Stenius Katu,,Järvenpää,Uusimaa,04400,Järvenpää,26b3641c-887a-4f52-9d25-3fde4b8bc81b
3378,822 Saurento Katu Unit 76,,Vantaa,Uusimaa,01420,Vantaa,181d6971-80bd-413a-84e8-810e87bb3210
3379,960 Kankaanperä Katu,,Järvenpää,Uusimaa,04400,Järvenpää,b02534b4-fc7a-48cd-b9bd-513a55c29169
3380,152 Siuro Katu Suite 15,,Helsinki,Uusimaa,00390,Helsinki,e959d914-ec77-4ce7-95ad-d718d3a12ff8
3381,759 Ådahl Katu,,Helsinki,Uusimaa,00910,Helsinki,36a9805f-985b-42a9-bc46-49491a8c9e89
3382,650 Klavér Katu,,Helsinki,Uusimaa,00930,Helsinki,73871df5-fcf3-4a08-92e3-96095f530554
3383,242 Juudin Katu Apt 56,,Nurmijärvi,Uusimaa,01820,Nurmijärvi,c8af9950-0c75-4d44-b342-165035cf8db1
3384,337 Peipinen Katu,,Helsinki,Uusimaa,00640,Helsinki,7009c5ca-502a-4092-972d-987847413b6a
3385,191 Pyhältö Katu Suite 86,,Espoo,Uusimaa,02940,Espoo,74ad93f2-c36c-425d-8d09-5f5744626616
3386,380 Tuohinen Katu Apt 48,,Tuusula,Uusimaa,04320,Tuusula,80d85c9c-9f62-4c43-bbf2-9ced8ee5d44e
3387,733 Hinds Katu,,Raasepori,Uusimaa,10470,Raasepori,dea4e7c1-7020-4060-8af2-57cda915db9f
3388,456 Fennander Katu Apt 5,,Lohja,Uusimaa,03870,Lohja,d85480e2-ed59-4a31-8668-dc71036ef742
3389,216 Salmenniemi Katu Apt 58,,Lohja,Uusimaa,09520,Lohja,e7fe928e-d9d2-4ed4-ae63-53cba0bc04ba
3390,283 Paakkanen Katu,,Vantaa,Uusimaa,01690,Vantaa,6ba8e865-091c-4dd1-aa47-c9d99c53534e
3391,985 Heikell Katu,,Vantaa,Uusimaa,01280,Vantaa,95f70bd1-6661-4987-aef6-5ef6ef300255
3392,325 Rinnet Katu,,Vantaa,Uusimaa,01680,Vantaa,2666be74-058e-4904-932e-bebb385ca8fc
3393,766 Märsylä Katu Suite 93,,Helsinki,Uusimaa,00130,Helsinki,0533292b-b421-4ae4-a305-3aa4c74d5cd5
3394,474 Sotarauta Katu Apt 51,,Helsinki,Uusimaa,00260,Helsinki,c0aa602a-5d69-46d6-8723-877f42889565
3395,857 Kannasto Katu,,Vantaa,Uusimaa,01760,Vantaa,2698fb13-b97c-4403-894b-71639c181768
3396,201 Sirama Katu,,Porvoo,Uusimaa,07310,Porvoo,eef9c357-a4ca-4470-8483-a18b3d1e14bf
3397,483 Santakallio Katu,,Helsinki,Uusimaa,00340,Helsinki,075fced0-58a0-487b-a069-b52dbe4f8271
3398,963 Ahtela Katu Apt 16,,Lohja,Uusimaa,08700,Lohja,a134c0a7-aa38-425a-af29-3fd7bdbfcd26
3399,271 Lavikkala Katu Suite 47,,Vantaa,Uusimaa,01390,Vantaa,03ac389e-50ab-454e-af30-2498eb2ada65
3400,247 Pajamo Katu Suite 82,,Helsinki,Uusimaa,00810,Helsinki,eaff0dea-97d5-4dd9-a729-3fd9ac9b382e
3401,315 Märkjärvi Katu,,Helsinki,Uusimaa,00240,Helsinki,82e8ee8d-91eb-4b46-9166-c5aa704361de
3402,343 Korkiakoski Katu Apt 38,,Helsinki,Uusimaa,00510,Helsinki,ce235f1d-260a-42c9-8df7-141d30c50bce
3403,1036 Cajanus Katu Unit 27,,Helsinki,Uusimaa,00640,Helsinki,7c880c52-1c61-4455-b94b-28273218f611
3404,473 Sysmäläinen Katu Unit 48,,Lohja,Uusimaa,03810,Lohja,23d43e0e-4e20-4928-aa39-099652e49147
3405,940 Liljeberg Katu,,Espoo,Uusimaa,02730,Espoo,dd152840-3039-4ee9-ba5d-40dc64a5c14c
3406,800 Tätilä Katu,,Vantaa,Uusimaa,01360,Vantaa,88c22430-cb67-4871-a273-cdad21ee02a7
3407,390 Hakola Katu Suite 77,,Helsinki,Uusimaa,00430,Helsinki,dae2fd4c-1bf6-48a5-a0f4-7b7d47acc30f
3408,968 Oxman Katu Suite 32,,Mäntsälä,Uusimaa,04480,Mäntsälä,fd5b9932-9d66-4cdf-a94f-2ac3b23c9456
3409,843 Hurtig Katu Suite 63,,Espoo,Uusimaa,02810,Espoo,c89fdb47-a2cd-47d1-8d68-896d80a6dafc
3410,589 Mallat Katu Unit 25,,Helsinki,Uusimaa,00250,Helsinki,ea0fe91c-0cd4-4db6-90ad-8da76989d575
3411,898 Liikaoja Katu,,Helsinki,Uusimaa,00280,Helsinki,cb8e2bce-60a8-4856-867a-e72d8e629f22
