person_id,gender_concept_id,year_of_birth,month_of_birth,day_of_birth,birth_datetime,race_concept_id,ethnicity_concept_id,location_id,provider_id,care_site_id,person_source_value,gender_source_value,gender_source_concept_id,race_source_value,race_source_concept_id,ethnicity_source_value,ethnicity_source_concept_id
3309,8507,2018,2,20,,8527,0,3309,,,26cfd175-ce68-4834-9cea-fc187536fb29,M,0,white,0,nonhispanic,0
3310,8532,2015,6,13,,8527,0,3310,,,e86c6370-50be-4fa1-a3b3-bd2b278913ad,F,0,white,0,nonhispanic,0
3311,8507,2008,10,3,,8527,0,3311,,,4c673ba1-44ab-4e21-8430-8623dcc3d23a,M,0,white,0,nonhispanic,0
3312,8507,2007,4,8,,8527,0,3312,,,dfae9d7b-f2e2-4e2c-8765-54a7e69e9129,M,0,white,0,nonhispanic,0
3313,8507,2013,12,16,,8527,0,3313,,,879630d4-fa72-4105-81c8-81cc71b1dd6c,M,0,white,0,nonhispanic,0
3314,8507,1994,4,30,,8527,0,3314,,,17da8be0-a6e6-4238-b06b-be1605286537,M,0,white,0,nonhispanic,0
3315,8507,1984,7,27,,8527,0,3315,,,cf0141e8-5f9a-44f3-b450-ffcff4597f56,M,0,white,0,nonhispanic,0
3316,8532,1980,7,15,,8527,0,3316,,,488264ff-0d14-4964-9832-1a8c3255c9ab,F,0,white,0,nonhispanic,0
3317,8532,1969,5,13,,8527,0,3317,,,9e86db0c-60e1-4c18-8ada-da72149eeddc,F,0,white,0,nonhispanic,0
3318,8532,1989,2,6,,8527,0,3318,,,c29b3b93-a2cf-4f06-bcfc-ba7313d0b986,F,0,white,0,nonhispanic,0
3319,8507,1959,10,26,,8527,0,3319,,,8dabb2ad-8ae3-4754-b366-013a35f05ce3,M,0,white,0,nonhispanic,0
3320,8507,1986,4,19,,8527,0,3320,,,1fde5ed4-6725-470a-8346-9ee638a6a26b,M,0,white,0,nonhispanic,0
3321,8532,1995,10,30,,8527,0,3321,,,0be09a12-3ff2-4df3-b937-6c9f19c61c28,F,0,white,0,nonhispanic,0
3322,8507,1941,2,14,,8527,0,3322,,,0112163b-c633-439b-bdfa-a4831ce33ee3,M,0,white,0,nonhispanic,0
3323,8507,1991,9,4,,8527,0,3323,,,14f45758-2e84-4b04-acd4-dde2ef550e9a,M,0,white,0,nonhispanic,0
3324,8532,1999,10,31,,8527,0,3324,,,3dabf612-05b3-4e47-bcaf-548eb97279d9,F,0,white,0,nonhispanic,0
3325,8532,1979,3,31,,8527,0,3325,,,a51a1231-faee-48a2-b763-0ca956540c4f,F,0,white,0,nonhispanic,0
3326,8507,1982,9,21,,8527,0,3326,,,7c9ca103-3782-4730-9d79-7435536e85ef,M,0,white,0,nonhispanic,0
3327,8532,1961,7,14,,8527,0,3327,,,68a17984-2903-49b9-b579-43fb5eae96dd,F,0,white,0,nonhispanic,0
3328,8507,1957,5,13,,8527,0,3328,,,4830a18b-6d1b-493d-bc35-de5c8c412039,M,0,white,0,nonhispanic,0
3329,8532,1947,11,22,,8527,0,3329,,,b2256849-8f62-46ef-b0fc-f4738536c404,F,0,white,0,nonhispanic,0
3330,8507,1948,4,30,,8527,0,3330,,,5fe770ff-6ebe-4eff-9b90-4130cff22322,M,0,white,0,nonhispanic,0
3331,8532,1965,9,30,,8527,0,3331,,,7a7badc4-af67-41d8-bbf3-bc760889c9f8,F,0,white,0,nonhispanic,0
3332,8532,1996,1,10,,8527,0,3332,,,2a6605bc-edbe-4520-8e6e-3a895fc7fd07,F,0,white,0,nonhispanic,0
3333,8507,1941,2,14,,8527,0,3333,,,53c7f3a3-22cf-44d7-98d7-9df33cf03328,M,0,white,0,nonhispanic,0
3334,8532,1938,4,7,,8527,0,3334,,,3c492a63-33a8-4575-8c15-27c59f13022e,F,0,white,0,nonhispanic,0
3335,8532,1981,4,8,,8527,0,3335,,,6087c898-cc74-400d-9493-8d5f9ba7950b,F,0,white,0,nonhispanic,0
3336,8532,2011,10,31,,8527,0,3336,,,57e9ecbc-319e-4cf2-af6c-c4692c61cdcb,F,0,white,0,nonhispanic,0
3337,8532,1993,10,10,,8527,0,3337,,,0879ec7d-3008-46e4-8e17-8fda0ccb8e57,F,0,white,0,nonhispanic,0
3338,8532,1973,10,21,,8527,0,3338,,,cfd8482d-5711-40bf-bf3e-b82462a6e1d9,F,0,white,0,nonhispanic,0
3339,8532,1987,5,14,,8527,0,3339,,,fb85d7db-bcb9-412a-bfa9-a27a7880126f,F,0,white,0,nonhispanic,0
3340,8532,1959,2,10,,8527,0,3340,,,fbe3fde3-0f1d-4b17-8af9-2118ebd5bad9,F,0,white,0,nonhispanic,0
3341,8507,1956,9,25,,8527,0,3341,,,fc140b86-7bf1-47a2-99f5-1bcab9e06633,M,0,white,0,nonhispanic,0
3342,8507,2015,1,2,,8527,0,3342,,,d6e8bf57-a11d-416a-819a-e96c91fccec6,M,0,white,0,nonhispanic,0
3343,8507,2003,6,3,,8527,0,3343,,,4d48c254-f807-47fd-b137-ffe304eee041,M,0,white,0,nonhispanic,0
3344,8507,1953,1,5,,8527,0,3344,,,42607ab0-c487-48cf-9fba-c9255e3c291f,M,0,white,0,nonhispanic,0
3345,8532,1989,6,26,,8527,0,3345,,,574a659c-09de-4ec6-9ca4-8b6e326b6c12,F,0,white,0,nonhispanic,0
3346,8532,2015,8,23,,8527,0,3346,,,e66d0773-f6f1-466b-b18f-97c5a13aec15,F,0,white,0,nonhispanic,0
3347,8532,1991,9,29,,8527,0,3347,,,d54aad62-8801-43b5-8f6e-07c129bd1d18,F,0,white,0,nonhispanic,0
3348,8532,1966,5,2,,8527,0,3348,,,6481269d-1bd6-48fb-97aa-7bd2d017921e,F,0,white,0,nonhispanic,0
3349,8507,2015,5,7,,8527,0,3349,,,cfbcbdac-4c7e-43bd-8947-6de222ef268b,M,0,white,0,nonhispanic,0
3350,8532,1956,12,27,,8527,0,3350,,,f2878159-9259-4996-abe4-6f58fb98e341,F,0,white,0,nonhispanic,0
3351,8532,1989,4,21,,8527,0,3351,,,b4f1725b-ee7b-49a2-a0c4-97bed72c6950,F,0,white,0,nonhispanic,0
3352,8532,1949,7,30,,8527,0,3352,,,cefd5b60-c80e-4f93-b093-c9afca665106,F,0,white,0,nonhispanic,0
3353,8507,1957,7,13,,8527,0,3353,,,a2dc533d-33d8-4cef-bb59-eba19003bda6,M,0,white,0,nonhispanic,0
3354,8532,1954,8,2,,8527,0,3354,,,46ca6d8f-1048-4413-9c23-679f177095c5,F,0,white,0,nonhispanic,0
3355,8532,1968,7,31,,8527,0,3355,,,9d56041e-6285-4776-9ea2-b56b00daca61,F,0,white,0,nonhispanic,0
3356,8507,2017,8,31,,8527,0,3356,,,3f8ee65d-822c-42a2-be61-3903ca6d2d8e,M,0,white,0,nonhispanic,0
3357,8507,1989,4,1,,8527,0,3357,,,f98bef3e-4719-4f83-b47a-6d98563c4b64,M,0,white,0,nonhispanic,0
3358,8532,1941,12,28,,8527,0,3358,,,deed047b-3553-474b-b322-79d34b5724d9,F,0,white,0,nonhispanic,0
3359,8507,2009,4,29,,8527,0,3359,,,ce3ebdc5-2179-4c9c-9e23-781a23b1a248,M,0,white,0,nonhispanic,0
3360,8532,1951,11,16,,8527,0,3360,,,2d3943ba-6101-4c02-9f05-1e38c004827c,F,0,white,0,nonhispanic,0
3361,8532,1961,12,5,,8527,0,3361,,,4d50d50b-7ced-4102-ac7c-922087b325ee,F,0,white,0,nonhispanic,0
3362,8507,2013,2,10,,8527,0,3362,,,71843223-cfa1-4819-aa10-3b5bb32c84c9,M,0,white,0,nonhispanic,0
3363,8507,1957,7,13,,8527,0,3363,,,06483c3c-b310-4a00-aa86-db9594d33381,M,0,white,0,nonhispanic,0
3364,8532,2018,9,16,,8527,0,3364,,,ef93c953-2152-42e3-8a8c-fa5bf026833f,F,0,white,0,nonhispanic,0
3365,8532,1950,12,26,,8527,0,3365,,,77e83710-caba-4adf-b5b7-0e6ee21d4f0d,F,0,white,0,nonhispanic,0
3366,8532,1973,4,23,,8527,0,3366,,,4a675c9b-d569-4c2b-9118-33eab964a486,F,0,white,0,nonhispanic,0
3367,8507,1982,7,3,,8527,0,3367,,,fe464914-dafd-4ed6-ac90-f670d262e78b,M,0,white,0,nonhispanic,0
3368,8507,1968,6,3,,8527,0,3368,,,7a036386-3650-4088-be71-9e3e7a16408b,M,0,white,0,nonhispanic,0
3369,8532,2009,12,13,,8527,0,3369,,,28508f9b-a370-4233-9268-ba52d02f644e,F,0,white,0,nonhispanic,0
3370,8532,1961,8,27,,8527,0,3370,,,965cad90-8a22-4b76-9e88-5166d0095d7d,F,0,white,0,nonhispanic,0
3371,8532,1966,9,26,,8527,0,3371,,,8dc65a7f-0c6c-4bdd-af36-12eefb9150ab,F,0,white,0,nonhispanic,0
3372,8507,1999,7,30,,8527,0,3372,,,8e3eac7d-26c5-41f6-8ff7-d653a829fb2f,M,0,white,0,nonhispanic,0
3373,8507,1996,9,29,,8527,0,3373,,,8288f3fd-3b4a-4982-9828-c3d0ce5ef28d,M,0,white,0,nonhispanic,0
3374,8532,1964,6,25,,8527,0,3374,,,eca10ffe-62c3-4c40-842f-c83dbcddaec1,F,0,white,0,nonhispanic,0
3375,8532,1957,12,11,,8527,0,3375,,,25debc7a-9ba0-496a-9a91-0bcc11a62575,F,0,white,0,nonhispanic,0
3376,8532,1961,2,20,,8527,0,3376,,,db0889f8-6e0a-462b-a464-0f624a1bd28b,F,0,white,0,nonhispanic,0
3377,8532,1959,1,24,,8527,0,3377,,,26b3641c-887a-4f52-9d25-3fde4b8bc81b,F,0,white,0,nonhispanic,0
3378,8507,1991,12,3,,8527,0,3378,,,181d6971-80bd-413a-84e8-810e87bb3210,M,0,white,0,nonhispanic,0
3379,8532,1939,8,21,,8527,0,3379,,,b02534b4-fc7a-48cd-b9bd-513a55c29169,F,0,white,0,nonhispanic,0
3380,8507,2013,11,10,,8527,0,3380,,,e959d914-ec77-4ce7-95ad-d718d3a12ff8,M,0,white,0,nonhispanic,0
3381,8507,2016,11,3,,8527,0,3381,,,36a9805f-985b-42a9-bc46-49491a8c9e89,M,0,white,0,nonhispanic,0
3382,8532,1996,11,10,,8527,0,3382,,,73871df5-fcf3-4a08-92e3-96095f530554,F,0,white,0,nonhispanic,0
3383,8507,1965,10,23,,8527,0,3383,,,c8af9950-0c75-4d44-b342-165035cf8db1,M,0,white,0,nonhispanic,0
3384,8532,1982,1,6,,8527,0,3384,,,7009c5ca-502a-4092-972d-987847413b6a,F,0,white,0,nonhispanic,0
3385,8507,1992,12,13,,8527,0,3385,,,74ad93f2-c36c-425d-8d09-5f5744626616,M,0,white,0,nonhispanic,0
3386,8532,1953,5,10,,8527,0,3386,,,80d85c9c-9f62-4c43-bbf2-9ced8ee5d44e,F,0,white,0,nonhispanic,0
3387,8532,1957,12,11,,8527,0,3387,,,dea4e7c1-7020-4060-8af2-57cda915db9f,F,0,white,0,nonhispanic,0
3388,8532,1968,6,3,,8527,0,3388,,,d85480e2-ed59-4a31-8668-dc71036ef742,F,0,white,0,nonhispanic,0
3389,8507,1956,11,22,,8527,0,3389,,,e7fe928e-d9d2-4ed4-ae63-53cba0bc04ba,M,0,white,0,nonhispanic,0
3390,8532,1966,7,10,,8527,0,3390,,,6ba8e865-091c-4dd1-aa47-c9d99c53534e,F,0,white,0,nonhispanic,0
3391,8507,1982,7,14,,8527,0,3391,,,95f70bd1-6661-4987-aef6-5ef6ef300255,M,0,white,0,nonhispanic,0
3392,8532,1979,9,12,,8527,0,3392,,,2666be74-058e-4904-932e-bebb385ca8fc,F,0,white,0,nonhispanic,0
3393,8532,1946,9,18,,8527,0,3393,,,0533292b-b421-4ae4-a305-3aa4c74d5cd5,F,0,white,0,nonhispanic,0
3394,8532,1985,5,9,,8527,0,3394,,,c0aa602a-5d69-46d6-8723-877f42889565,F,0,white,0,nonhispanic,0
3395,8532,1967,8,2,,8527,0,3395,,,2698fb13-b97c-4403-894b-71639c181768,F,0,white,0,nonhispanic,0
3396,8532,1953,8,3,,8527,0,3396,,,eef9c357-a4ca-4470-8483-a18b3d1e14bf,F,0,white,0,nonhispanic,0
3397,8532,1969,5,29,,8527,0,3397,,,075fced0-58a0-487b-a069-b52dbe4f8271,F,0,white,0,nonhispanic,0
3398,8532,1942,3,17,,8527,0,3398,,,a134c0a7-aa38-425a-af29-3fd7bdbfcd26,F,0,white,0,nonhispanic,0
3399,8507,2009,12,5,,8527,0,3399,,,03ac389e-50ab-454e-af30-2498eb2ada65,M,0,white,0,nonhispanic,0
3400,8532,1972,12,5,,8527,0,3400,,,eaff0dea-97d5-4dd9-a729-3fd9ac9b382e,F,0,white,0,nonhispanic,0
3401,8507,1947,7,30,,8527,0,3401,,,82e8ee8d-91eb-4b46-9166-c5aa704361de,M,0,white,0,nonhispanic,0
3402,8507,1994,6,12,,8527,0,3402,,,ce235f1d-260a-42c9-8df7-141d30c50bce,M,0,white,0,nonhispanic,0
3403,8532,1939,10,27,,8527,0,3403,,,7c880c52-1c61-4455-b94b-28273218f611,F,0,white,0,nonhispanic,0
3404,8532,2004,11,12,,8527,0,3404,,,23d43e0e-4e20-4928-aa39-099652e49147,F,0,white,0,nonhispanic,0
3405,8532,2011,5,13,,8527,0,3405,,,dd152840-3039-4ee9-ba5d-40dc64a5c14c,F,0,white,0,nonhispanic,0
3406,8532,1961,7,9,,8527,0,3406,,,88c22430-cb67-4871-a273-cdad21ee02a7,F,0,white,0,nonhispanic,0
3407,8532,1953,4,15,,8527,0,3407,,,dae2fd4c-1bf6-48a5-a0f4-7b7d47acc30f,F,0,white,0,nonhispanic,0
3408,8532,1978,3,1,,8527,0,3408,,,fd5b9932-9d66-4cdf-a94f-2ac3b23c9456,F,0,white,0,nonhispanic,0
3409,8507,1956,4,3,,8527,0,3409,,,c89fdb47-a2cd-47d1-8d68-896d80a6dafc,M,0,white,0,nonhispanic,0
3410,8532,1956,7,7,,8527,0,3410,,,ea0fe91c-0cd4-4db6-90ad-8da76989d575,F,0,white,0,nonhispanic,0
3411,8532,1975,8,4,,8527,0,3411,,,cb8e2bce-60a8-4856-867a-e72d8e629f22,F,0,white,0,nonhispanic,0
