START,STOP,PATIENT,ENCOUNTER,CODE,DESCRIPTION
1955-06-18,,18ddee8b-b7f9-4a28-82b6-20eed8423314,cd37a299-d37f-4b75-bd8e-731e3966c879,230690007,Stroke
2018-12-08,,18ddee8b-b7f9-4a28-82b6-20eed8423314,0bcb33e7-d0b1-42d0-aa40-0470b01ef2d9,53741008,Coronary Heart Disease
1980-07-16,,829f9061-7112-42a6-aa86-d98c0bed729f,74028cfc-86b1-41fc-a97b-925f48abb871,53741008,Coronary Heart Disease
1989-03-22,,829f9061-7112-42a6-aa86-d98c0bed729f,4bfbc7c6-de01-4007-b7ac-042ced87cc7c,22298006,Myocardial Infarction
1989-03-22,,829f9061-7112-42a6-aa86-d98c0bed729f,4bfbc7c6-de01-4007-b7ac-042ced87cc7c,399211009,History of myocardial infarction (situation)
2009-03-15,,1e87cd91-966a-4872-92b3-66072e6fe1a1,b92b3502-043f-4521-81d7-3f2234ece9b6,230690007,Stroke
1983-08-06,,175fde81-d5fb-42d1-b578-3095a393d0ab,612fa818-d773-453c-92e5-62c686286074,230690007,Stroke
2003-01-16,,d1ddbddd-5352-4360-bf54-3a2f745e7202,d74fa208-adac-4dfd-96c5-de83913b08c1,53741008,Coronary Heart Disease
2013-03-21,,d1ddbddd-5352-4360-bf54-3a2f745e7202,28ff4b2b-8a5a-4ec4-a854-07db1d9a877c,22298006,Myocardial Infarction
2013-03-21,,d1ddbddd-5352-4360-bf54-3a2f745e7202,28ff4b2b-8a5a-4ec4-a854-07db1d9a877c,399211009,History of myocardial infarction (situation)
1977-05-12,,2ac3d4cf-cf7c-4449-818e-48046017ef5f,81e1f5ef-1e1b-4894-ab7d-cf7e9a2cdbca,230690007,Stroke
1993-03-25,,2ac3d4cf-cf7c-4449-818e-48046017ef5f,a4314f9c-2fe0-43eb-89d2-38aa6ffb2d42,53741008,Coronary Heart Disease
2015-06-28,,1c58a3b9-30cd-491a-a794-b1eb2136d1d0,6d62d8a4-04f0-4fcf-9cfb-2a31482bf502,53741008,Coronary Heart Disease
2003-11-10,,ba25b575-572e-49bf-8416-9669477a16c7,a1eaf34c-07ac-46fb-836c-4f5bcebd54e3,410429000,Cardiac Arrest
2003-11-10,,ba25b575-572e-49bf-8416-9669477a16c7,a1eaf34c-07ac-46fb-836c-4f5bcebd54e3,429007001,History of cardiac arrest (situation)
1964-10-29,,ce13eb5d-b7ba-4ad5-95cf-8cbcca458581,cda97dac-6a73-4972-b8b0-0eb5a70be46a,53741008,Coronary Heart Disease
1975-10-09,,ce13eb5d-b7ba-4ad5-95cf-8cbcca458581,615f2e66-3d65-42a5-8d30-81d5fed69b88,22298006,Myocardial Infarction
1975-10-09,,ce13eb5d-b7ba-4ad5-95cf-8cbcca458581,615f2e66-3d65-42a5-8d30-81d5fed69b88,399211009,History of myocardial infarction (situation)
2014-01-09,,1a33fd9d-8fb5-40ee-b49e-0b1e8955aa25,b907c5fa-6434-45d8-b63b-0254ec149789,53741008,Coronary Heart Disease
2013-02-14,,b5d9a623-a88f-4091-9ea8-99d26c11193c,e3e0292b-2a18-49a4-a500-c517a7474f3d,49436004,Atrial Fibrillation
1994-03-28,,3c4d94bd-b4fa-4a4c-bf2b-33521e327165,9c7f80f1-97fb-4f52-8854-1cb1f8f5aab1,49436004,Atrial Fibrillation
