START,STOP,PATIENT,PAYER,ENCOUNTER,CODE,DESCRIPTION,BASE_COST,PAYER_COVERAGE,DISPENSES,TOTALCOST,REASONCODE,REASONDESCRIPTION
2018-12-08,,18ddee8b-b7f9-4a28-82b6-20eed8423314,b1c428d6-4f07-31e0-90f0-68ffa6ff8c76,0bcb33e7-d0b1-42d0-aa40-0470b01ef2d9,309362,Clopidogrel 75 MG Oral Tablet,65.05,0.00,15,975.75,,
2018-12-08,,18ddee8b-b7f9-4a28-82b6-20eed8423314,b1c428d6-4f07-31e0-90f0-68ffa6ff8c76,0bcb33e7-d0b1-42d0-aa40-0470b01ef2d9,312961,Simvastatin 20 MG Oral Tablet,39.29,0.00,15,589.35,,
2018-12-08,,18ddee8b-b7f9-4a28-82b6-20eed8423314,b1c428d6-4f07-31e0-90f0-68ffa6ff8c76,0bcb33e7-d0b1-42d0-aa40-0470b01ef2d9,197361,Amlodipine 5 MG Oral Tablet,44.20,0.00,15,663.00,,
2018-12-08,,18ddee8b-b7f9-4a28-82b6-20eed8423314,b1c428d6-4f07-31e0-90f0-68ffa6ff8c76,0bcb33e7-d0b1-42d0-aa40-0470b01ef2d9,705129,Nitroglycerin 0.4 MG/ACTUAT Mucosal Spray,271.38,0.00,15,4070.70,,
1980-07-16,1989-03-22,829f9061-7112-42a6-aa86-d98c0bed729f,b1c428d6-4f07-31e0-90f0-68ffa6ff8c76,74028cfc-86b1-41fc-a97b-925f48abb871,705129,Nitroglycerin 0.4 MG/ACTUAT Mucosal Spray,28.82,0.00,105,3026.10,,
1989-03-22,1989-03-22,829f9061-7112-42a6-aa86-d98c0bed729f,b1c428d6-4f07-31e0-90f0-68ffa6ff8c76,4bfbc7c6-de01-4007-b7ac-042ced87cc7c,833036,Captopril 25 MG Oral Tablet,86.64,0.00,1,86.64,,
1991-09-04,,829f9061-7112-42a6-aa86-d98c0bed729f,b1c428d6-4f07-31e0-90f0-68ffa6ff8c76,67fea631-ef7c-40b2-813c-af4a24e747dd,312961,Simvastatin 20 MG Oral Tablet,30.46,0.00,26,791.96,,
1991-09-04,1993-10-20,829f9061-7112-42a6-aa86-d98c0bed729f,b1c428d6-4f07-31e0-90f0-68ffa6ff8c76,67fea631-ef7c-40b2-813c-af4a24e747dd,705129,Nitroglycerin 0.4 MG/ACTUAT Mucosal Spray,108.24,0.00,25,2706.00,,
1993-10-20,1993-10-20,829f9061-7112-42a6-aa86-d98c0bed729f,b1c428d6-4f07-31e0-90f0-68ffa6ff8c76,c1732b1d-e70b-486c-9560-f9e2e37214e3,833036,Captopril 25 MG Oral Tablet,89.13,0.00,1,89.13,,
2009-03-15,2009-03-15,1e87cd91-966a-4872-92b3-66072e6fe1a1,b1c428d6-4f07-31e0-90f0-68ffa6ff8c76,b92b3502-043f-4521-81d7-3f2234ece9b6,309362,Clopidogrel 75 MG Oral Tablet,35.51,0.00,1,35.51,,
2009-03-15,2009-03-15,1e87cd91-966a-4872-92b3-66072e6fe1a1,b1c428d6-4f07-31e0-90f0-68ffa6ff8c76,b92b3502-043f-4521-81d7-3f2234ece9b6,1804799,Alteplase 100 MG Injection,6464.63,0.00,1,6464.63,,
2003-01-16,2013-03-21,d1ddbddd-5352-4360-bf54-3a2f745e7202,b1c428d6-4f07-31e0-90f0-68ffa6ff8c76,d74fa208-adac-4dfd-96c5-de83913b08c1,309362,Clopidogrel 75 MG Oral Tablet,39.73,0.00,123,4886.79,,
2003-01-16,,d1ddbddd-5352-4360-bf54-3a2f745e7202,b1c428d6-4f07-31e0-90f0-68ffa6ff8c76,d74fa208-adac-4dfd-96c5-de83913b08c1,312961,Simvastatin 20 MG Oral Tablet,15.72,0.00,124,1949.28,,
2003-01-16,,d1ddbddd-5352-4360-bf54-3a2f745e7202,b1c428d6-4f07-31e0-90f0-68ffa6ff8c76,d74fa208-adac-4dfd-96c5-de83913b08c1,197361,Amlodipine 5 MG Oral Tablet,9.38,0.00,124,1163.12,,
2003-01-16,2013-03-21,d1ddbddd-5352-4360-bf54-3a2f745e7202,b1c428d6-4f07-31e0-90f0-68ffa6ff8c76,d74fa208-adac-4dfd-96c5-de83913b08c1,705129,Nitroglycerin 0.4 MG/ACTUAT Mucosal Spray,38.20,0.00,123,4698.60,,
2013-03-21,2013-03-21,d1ddbddd-5352-4360-bf54-3a2f745e7202,b1c428d6-4f07-31e0-90f0-68ffa6ff8c76,28ff4b2b-8a5a-4ec4-a854-07db1d9a877c,259255,Atorvastatin 80 MG Oral Tablet,491.77,0.00,1,491.77,,
2013-03-21,2013-03-21,d1ddbddd-5352-4360-bf54-3a2f745e7202,b1c428d6-4f07-31e0-90f0-68ffa6ff8c76,28ff4b2b-8a5a-4ec4-a854-07db1d9a877c,833036,Captopril 25 MG Oral Tablet,120.55,0.00,1,120.55,,
1993-03-25,,2ac3d4cf-cf7c-4449-818e-48046017ef5f,b1c428d6-4f07-31e0-90f0-68ffa6ff8c76,a4314f9c-2fe0-43eb-89d2-38aa6ffb2d42,312961,Simvastatin 20 MG Oral Tablet,13.78,0.00,328,4519.84,,
1993-03-25,,2ac3d4cf-cf7c-4449-818e-48046017ef5f,b1c428d6-4f07-31e0-90f0-68ffa6ff8c76,a4314f9c-2fe0-43eb-89d2-38aa6ffb2d42,705129,Nitroglycerin 0.4 MG/ACTUAT Mucosal Spray,67.63,0.00,328,22182.64,,
1994-03-31,,2ac3d4cf-cf7c-4449-818e-48046017ef5f,b1c428d6-4f07-31e0-90f0-68ffa6ff8c76,912d608c-20e1-47a9-b5cc-0e38a5aabc6c,197361,Amlodipine 5 MG Oral Tablet,55.49,0.00,315,17479.35,,
1997-04-17,,2ac3d4cf-cf7c-4449-818e-48046017ef5f,b1c428d6-4f07-31e0-90f0-68ffa6ff8c76,7d1e9685-3671-4984-8fa6-5909b61fc26e,309362,Clopidogrel 75 MG Oral Tablet,44.41,0.00,278,12345.98,,
2015-06-28,,1c58a3b9-30cd-491a-a794-b1eb2136d1d0,b1c428d6-4f07-31e0-90f0-68ffa6ff8c76,6d62d8a4-04f0-4fcf-9cfb-2a31482bf502,309362,Clopidogrel 75 MG Oral Tablet,35.69,0.00,57,2034.33,,
2015-06-28,,1c58a3b9-30cd-491a-a794-b1eb2136d1d0,b1c428d6-4f07-31e0-90f0-68ffa6ff8c76,6d62d8a4-04f0-4fcf-9cfb-2a31482bf502,312961,Simvastatin 20 MG Oral Tablet,37.45,0.00,57,2134.65,,
2015-06-28,,1c58a3b9-30cd-491a-a794-b1eb2136d1d0,b1c428d6-4f07-31e0-90f0-68ffa6ff8c76,6d62d8a4-04f0-4fcf-9cfb-2a31482bf502,197361,Amlodipine 5 MG Oral Tablet,32.32,0.00,57,1842.24,,
2015-06-28,,1c58a3b9-30cd-491a-a794-b1eb2136d1d0,b1c428d6-4f07-31e0-90f0-68ffa6ff8c76,6d62d8a4-04f0-4fcf-9cfb-2a31482bf502,705129,Nitroglycerin 0.4 MG/ACTUAT Mucosal Spray,263.96,0.00,57,15045.72,,
1964-10-29,1975-10-09,ce13eb5d-b7ba-4ad5-95cf-8cbcca458581,b1c428d6-4f07-31e0-90f0-68ffa6ff8c76,cda97dac-6a73-4972-b8b0-0eb5a70be46a,705129,Nitroglycerin 0.4 MG/ACTUAT Mucosal Spray,249.06,0.00,133,33124.98,,
2014-01-09,,1a33fd9d-8fb5-40ee-b49e-0b1e8955aa25,b1c428d6-4f07-31e0-90f0-68ffa6ff8c76,b907c5fa-6434-45d8-b63b-0254ec149789,309362,Clopidogrel 75 MG Oral Tablet,22.35,0.00,75,1676.25,,
2014-01-09,,1a33fd9d-8fb5-40ee-b49e-0b1e8955aa25,b1c428d6-4f07-31e0-90f0-68ffa6ff8c76,b907c5fa-6434-45d8-b63b-0254ec149789,312961,Simvastatin 20 MG Oral Tablet,37.15,0.00,75,2786.25,,
2014-01-09,,1a33fd9d-8fb5-40ee-b49e-0b1e8955aa25,b1c428d6-4f07-31e0-90f0-68ffa6ff8c76,b907c5fa-6434-45d8-b63b-0254ec149789,197361,Amlodipine 5 MG Oral Tablet,41.56,0.00,75,3117.00,,
2014-01-09,,1a33fd9d-8fb5-40ee-b49e-0b1e8955aa25,b1c428d6-4f07-31e0-90f0-68ffa6ff8c76,b907c5fa-6434-45d8-b63b-0254ec149789,705129,Nitroglycerin 0.4 MG/ACTUAT Mucosal Spray,112.81,0.00,75,8460.75,,
2013-02-14,,b5d9a623-a88f-4091-9ea8-99d26c11193c,b1c428d6-4f07-31e0-90f0-68ffa6ff8c76,e3e0292b-2a18-49a4-a500-c517a7474f3d,855332,Warfarin Sodium 5 MG Oral Tablet,70.30,0.00,86,6045.80,,
2013-02-14,,b5d9a623-a88f-4091-9ea8-99d26c11193c,b1c428d6-4f07-31e0-90f0-68ffa6ff8c76,e3e0292b-2a18-49a4-a500-c517a7474f3d,897718,Verapamil Hydrochloride 40 MG,197.85,0.00,86,17015.10,,
2013-02-14,,b5d9a623-a88f-4091-9ea8-99d26c11193c,b1c428d6-4f07-31e0-90f0-68ffa6ff8c76,e3e0292b-2a18-49a4-a500-c517a7474f3d,197604,Digoxin 0.125 MG Oral Tablet,126.56,0.00,86,10884.16,,
1994-03-28,,3c4d94bd-b4fa-4a4c-bf2b-33521e327165,b1c428d6-4f07-31e0-90f0-68ffa6ff8c76,9c7f80f1-97fb-4f52-8854-1cb1f8f5aab1,855332,Warfarin Sodium 5 MG Oral Tablet,123.90,0.00,315,39028.50,,
1994-03-28,,3c4d94bd-b4fa-4a4c-bf2b-33521e327165,b1c428d6-4f07-31e0-90f0-68ffa6ff8c76,9c7f80f1-97fb-4f52-8854-1cb1f8f5aab1,897718,Verapamil Hydrochloride 40 MG,78.38,0.00,315,24689.70,,
1994-03-28,,3c4d94bd-b4fa-4a4c-bf2b-33521e327165,b1c428d6-4f07-31e0-90f0-68ffa6ff8c76,9c7f80f1-97fb-4f52-8854-1cb1f8f5aab1,197604,Digoxin 0.125 MG Oral Tablet,85.06,0.00,315,26793.90,,
