Id,BIRTHDATE,DEATHDATE,SSN,DRIVERS,PASSPORT,PREFIX,FIRST,LAST,SUFFIX,MAIDEN,MARITAL,RACE,ETHNICITY,GENDER,BIRTHPLACE,ADDRESS,CITY,STATE,COUNTY,ZIP,LAT,LON,HEALTHCARE_EXPENSES,HEALTHCARE_COVERAGE
f645e181-79ec-41a7-bfa0-d304990c043c,2007-07-19,,999-13-8454,,,,Olli-Veikko,Kiimala,,,,white,nonhispanic,M,Helsinki  Uusimaa  FI,277 Uschanoff Katu,Kirkkonummi,Uusimaa,Kirkkonummi,02880,60.03239852119524,24.35969979258263,2625.0,0.0
541a5865-8f18-4ca0-b327-440e01561fb3,2008-05-23,,999-21-4797,,,,Avi,Yasar,,,,white,nonhispanic,M,Vantaa  Uusimaa  FI,307 Uutinen Katu Unit 78,Helsinki,Uusimaa,Helsinki,00740,60.2340985391991,24.875617227146037,2500.0,0.0
4326ee5d-5fd4-44b8-84ac-bae7487b3a22,1982-04-18,,999-42-7924,S99978933,X14661877X,Mr.,Alpha,Holmborg,,,M,white,nonhispanic,M,Vantaa  Uusimaa  FI,479 Tikanoja Katu Apt 95,Helsinki,Uusimaa,Helsinki,00640,60.22441853242164,25.054807561038228,4250.0,0.0
76e8a8de-ceaa-4df1-9b90-e90dbb27254c,1980-08-26,,999-56-3945,S99945500,X27577020X,Mrs.,Sania,Nokso-Koivisto,,Tarhonen,M,white,nonhispanic,F,Helsinki  Uusimaa  FI,422 Kinanen Katu Suite 5,Espoo,Uusimaa,Espoo,02270,60.13194459304514,24.76550536529676,4250.0,0.0
f2fab566-102c-4ef6-b6b9-8ae9725543b0,1972-09-02,,999-62-5561,S99920090,X81808431X,Ms.,Kristel,Autiosuo,,,S,white,nonhispanic,F,Helsinki  Uusimaa  FI,490 Stenfors Katu Suite 39,Vantaa,Uusimaa,Vantaa,01280,60.36093623713033,25.06152334587478,4750.0,0.0
7a40ae2c-c589-479b-a470-e8a73984b5ad,1971-11-29,,999-92-5631,S99922316,X76562749X,Mrs.,Kaisamaria,Seestie,PhD,Niska,M,white,nonhispanic,F,Helsinki  Uusimaa  FI,351 Hippinen Katu,Espoo,Uusimaa,Espoo,02770,60.11829182299733,24.64415313243093,4875.0,0.0
9a87e442-3ca1-416c-b795-3718c2d5d9f4,2011-04-04,,999-53-7769,,,,Konstantinos,Källbacka,,,,white,nonhispanic,M,Espoo  Uusimaa  FI,608 Tuulenmäki Katu Suite 17,Porvoo,Uusimaa,Porvoo,06750,60.29661936436811,25.480467921631995,2125.0,0.0
ff739ce4-94bb-4b97-90da-c0a8700844a7,1956-03-21,,999-71-1811,S99910402,X19550137X,Mr.,Malek,Nätynki,,,S,white,nonhispanic,M,Tuusula  Uusimaa  FI,577 Saranen Katu,Espoo,Uusimaa,Espoo,02100,60.20274205777619,24.681783585779012,6625.0,0.0
51b46275-79ef-4fa0-ad6c-085e78768cd5,2001-04-14,,999-47-6689,S99956980,,Mr.,Ingmarsson,Damlin,,,,white,nonhispanic,M,Helsinki  Uusimaa  FI,104 Samsten Katu,Helsinki,Uusimaa,Helsinki,00600,60.2007764693241,24.923174894296015,3375.0,0.0
abc8b7fa-805a-43e6-a257-8361d80e77ed,2015-05-28,,999-25-6625,,,,Leenamari,Viitaluoma,,,,white,nonhispanic,F,Lohja  Uusimaa  FI,507 Pelto-Lampola Katu Apt 62,Porvoo,Uusimaa,Porvoo,06830,60.28952391557049,25.916592844491465,1625.0,0.0
2f475c73-7203-4925-a4b2-b49c04610209,2002-09-06,,999-11-6549,S99977338,,,Ulrica,Juhala,,,,white,nonhispanic,F,Porvoo  Uusimaa  FI,223 Hietsalo Katu,Helsinki,Uusimaa,Helsinki,00650,60.31445624224088,24.9493407463508,3250.0,0.0
17da8a12-c63b-44bd-8b6a-122b1d30816c,2003-10-21,,999-88-9151,S99932984,,,Anju,Yli-Kyyny,,,,white,nonhispanic,F,Espoo  Uusimaa  FI,488 Burman Katu Unit 95,Espoo,Uusimaa,Espoo,02810,60.27838850113084,24.51868520888984,3125.0,0.0
917dcf64-8ca0-4696-b797-6a73bad0feb3,1984-08-18,,999-22-2807,S99967370,X27802441X,Ms.,Esmeralda,Peränen,,,S,white,nonhispanic,F,Espoo  Uusimaa  FI,644 Pikkuaho Katu Suite 86,Helsinki,Uusimaa,Helsinki,00660,60.236020807244664,24.88324029622414,4125.0,0.0
a96eb551-c77d-4438-a30e-74a520f7583f,1937-11-10,,999-87-8296,S99923699,X83782753X,Mr.,Riley,Ala-Ilkka,,,M,white,nonhispanic,M,Järvenpää  Uusimaa  FI,977 Löfstedt Katu Apt 57,Espoo,Uusimaa,Espoo,02980,60.240230143123156,24.714409514968445,8875.0,0.0
18ddee8b-b7f9-4a28-82b6-20eed8423314,1915-02-06,,999-47-1864,S99970034,X33965756X,Mr.,Ahvo,Sandelin,,,M,white,nonhispanic,M,Nurmijärvi  Uusimaa  FI,104 Hagfors Katu Suite 78,Helsinki,Uusimaa,Helsinki,00600,60.25817849922811,25.176459206591925,11875.0,0.0
d789fcd1-2b71-449a-8507-d097f111d65f,2002-01-24,,999-81-9654,S99976963,,Ms.,Marella,Naapanki,,,,white,nonhispanic,F,Helsinki  Uusimaa  FI,616 Mukkila Katu Suite 46,Kirkkonummi,Uusimaa,Kirkkonummi,02400,60.287380164525985,24.442571652325178,3250.0,0.0
29aa3d79-f407-4e44-a181-78f4b1817c3c,2019-05-31,,999-78-7857,,,,Evangelos,Tiiperi,,,,white,nonhispanic,M,Vihti  Uusimaa  FI,950 Poulsen Katu,Porvoo,Uusimaa,Porvoo,07450,60.32193798017676,25.477890360554056,625.0,0.0
a82db475-2bd4-46f4-8fef-d537522e4927,2019-03-14,,999-49-6432,,,,Thor-Björn,Alakörkkö,,,,white,nonhispanic,M,Porvoo  Uusimaa  FI,960 Raukola Katu Unit 47,Pukkila,Uusimaa,Pukkila,07565,60.677336225880936,25.51267223348379,750.0,0.0
c230b4b7-59ca-4251-90f5-b023bb940e26,1948-05-06,,999-39-9762,S99947546,X49658662X,Ms.,Merle,Östring,,,S,white,nonhispanic,F,Loviisa  Uusimaa  FI,361 Okkolin Katu Suite 42,Vantaa,Uusimaa,Vantaa,01490,60.263412194300805,24.752337826902895,7625.0,0.0
829f9061-7112-42a6-aa86-d98c0bed729f,1961-05-17,1993-10-20,999-89-5883,S99949770,X73423624X,Mrs.,Piret,Storlöpare,,Reiss,M,white,nonhispanic,F,Espoo  Uusimaa  FI,410 Ahvenranta Katu Suite 34,Lohja,Uusimaa,Lohja,08500,60.44018537790197,23.95574000954109,5437.83,0.0
5cee7799-de7b-48b5-8725-3dbe67a217c5,1953-10-03,,999-61-9420,S99947017,X24204247X,Mr.,Namir,Taumala,,,M,white,nonhispanic,M,Kerava  Uusimaa  FI,930 Ronimus Katu Unit 47,Espoo,Uusimaa,Espoo,02170,60.21061658413974,24.753897448026347,7000.0,0.0
55c2f001-d91e-42bc-a96e-ffc8115d006d,1988-08-21,,999-42-3675,S99922458,X21608064X,Mr.,Nikke,Youssef,,,M,white,nonhispanic,M,Hyvinkää  Uusimaa  FI,905 Toivola Katu,Helsinki,Uusimaa,Helsinki,00290,60.19663822800516,25.186276894765626,4000.0,0.0
d6739062-b4dd-4a90-9750-e35963253e92,1983-08-07,,999-17-4391,S99978233,X85579260X,Mr.,Mehmet,Savioja,,,M,white,nonhispanic,M,Kerava  Uusimaa  FI,353 Herskoi Katu Apt 57,Tuusula,Uusimaa,Tuusula,04500,60.35071879132901,25.028100677956537,4125.0,0.0
071905f1-c1b4-4bd3-9fdb-62d6a3c60659,1987-09-23,,999-59-6484,S99992932,X49470182X,Mr.,Muzaffer,Näivä,,,M,white,nonhispanic,M,Helsinki  Uusimaa  FI,285 Uino Katu,Espoo,Uusimaa,Espoo,02810,60.37053826901499,24.642566504670036,4000.0,0.0
dd92dbd8-8a8b-404b-9714-c23dda3c20f9,1964-06-05,,999-81-8328,S99914184,X6194361X,Mr.,Muscab,Borchers,,,S,white,nonhispanic,M,Helsinki  Uusimaa  FI,1002 Wälläri Katu,Kirkkonummi,Uusimaa,Kirkkonummi,02520,60.1732125868803,24.56266446549463,5625.0,0.0
1e87cd91-966a-4872-92b3-66072e6fe1a1,1983-04-24,2009-03-15,999-73-6811,S99989689,X6963483X,Mr.,Vesa-Pekka,Asuja,,,,white,nonhispanic,M,Hyvinkää  Uusimaa  FI,220 Syrjätie Katu,Vantaa,Uusimaa,Vantaa,01340,60.31064957506793,25.03385806776818,10375.14,0.0
c9ae343c-95e4-4c66-9423-35d3ae23f806,1985-07-21,,999-43-8660,S99969713,X32977536X,Mrs.,Joséphine,Ylismaa,,Himmelä,M,white,nonhispanic,F,Helsinki  Uusimaa  FI,657 Uppala Katu,Helsinki,Uusimaa,Helsinki,00880,60.217067847719996,24.891069907663475,4125.0,0.0
66d48b67-1416-4e07-a81c-6ae2c2cd9a20,1996-03-24,,999-28-5351,S99917103,X21000809X,Ms.,Sini-Meri,Yli-Peltomaa,,,,white,nonhispanic,F,Helsinki  Uusimaa  FI,270 Matinlauri Katu,Vantaa,Uusimaa,Vantaa,01770,60.24659411871915,24.98838061892397,3625.0,0.0
e4c9dcce-dd4b-4752-98f0-9d1c38831336,1961-05-17,,999-95-6403,S99910457,X83742040X,Mrs.,Adam,Bajrami,,Styrman,M,white,nonhispanic,F,Helsinki  Uusimaa  FI,129 Sadik Katu,Lohja,Uusimaa,Lohja,03850,60.249917639538054,23.743131161743,6000.0,0.0
bdd0b1ec-0797-46a7-9d16-82058530a325,1967-10-29,,999-51-4595,S99963910,X43572467X,Mrs.,Marjo-Kaisa,Tirranen,,Intovuori,M,white,nonhispanic,F,Espoo  Uusimaa  FI,150 Multisilta Katu Unit 41,Helsinki,Uusimaa,Helsinki,00630,60.20919892535373,24.91581718465188,5250.0,0.0
13597a9e-6edd-4025-89e6-93d0a5d19efa,1947-04-26,,999-74-2104,S99918043,X52772273X,Mrs.,Aurelia,Alaloukusa,,Sieppi,M,white,nonhispanic,F,Vantaa  Uusimaa  FI,385 Juha Katu Unit 60,Helsinki,Uusimaa,Helsinki,00800,60.20748345954967,24.95637919059649,7750.0,0.0
77842af1-07d0-4a68-b3c6-b26d610bab18,1983-06-05,,999-12-1720,S99962083,X52535206X,Mr.,Jerker,Väntti,,,M,white,nonhispanic,M,Espoo  Uusimaa  FI,783 Lönegren Katu Unit 47,Vantaa,Uusimaa,Vantaa,01360,60.30583638044296,25.09492724885441,4125.0,0.0
8f8423fe-9160-42ac-84e9-eb02f79ec90b,1983-04-24,,999-50-2953,S99965450,X30011653X,Mr.,Lars-Gunnar,Kivioja,,,M,white,nonhispanic,M,Helsinki  Uusimaa  FI,801 Rakkolainen Katu,Vantaa,Uusimaa,Vantaa,01670,60.285294217522015,25.090739799502487,4125.0,0.0
175fde81-d5fb-42d1-b578-3095a393d0ab,1929-10-12,,999-52-9119,S99991622,X86396372X,Mrs.,Sani,Ojaharju,,Roppola,M,white,nonhispanic,F,Helsinki  Uusimaa  FI,473 Usva Katu Apt 59,Helsinki,Uusimaa,Helsinki,00910,60.114388417399105,24.97443572503145,10000.0,0.0
5a687947-df56-48ce-9964-d2bb9749eb08,1987-08-20,,999-46-1090,S99929300,X58033682X,Mrs.,Hetastiina,Aronen,,Vartiamäki,M,white,nonhispanic,F,Helsinki  Uusimaa  FI,275 Naatula Katu,Vantaa,Uusimaa,Vantaa,01380,60.23311648102031,24.74813321545621,4000.0,0.0
31cd650b-502b-465a-97ae-4a9ece3bffb6,2004-02-02,,999-82-3353,S99973757,,,Salu,Pomell,,,,white,nonhispanic,M,Vantaa  Uusimaa  FI,292 Vanha-Perttula Katu Suite 5,Helsinki,Uusimaa,Helsinki,00220,60.220207657770004,24.89655847259389,3000.0,0.0
27a3c24a-6790-415e-97e5-74eefbd49137,1996-11-06,,999-18-2799,S99913161,X52824480X,Ms.,Adalina,Lindblom,,,,white,nonhispanic,F,Helsinki  Uusimaa  FI,724 Jukanen Katu,Espoo,Uusimaa,Espoo,02140,60.15519830150661,24.76579184918561,3625.0,0.0
b092ae89-697d-4c1a-9243-2ac8f9e482a7,2002-09-15,,999-86-2483,S99989999,,,Akira,Lylander,,,,white,nonhispanic,M,Espoo  Uusimaa  FI,704 Koroma Katu Apt 48,Sipoo,Uusimaa,Sipoo,04150,60.29364046465334,25.506575523906346,3250.0,0.0
d1ddbddd-5352-4360-bf54-3a2f745e7202,1945-12-06,2013-03-21,999-41-5617,S99995870,X13175136X,Mrs.,Almaz,Hanson,,Kauri,M,white,nonhispanic,F,Espoo  Uusimaa  FI,918 Nybergh Katu,Espoo,Uusimaa,Espoo,02600,60.15574794624751,24.692284076578904,7940.25,0.0
8c54aa3d-cbbe-4e41-901a-6758eb2bd3c7,2001-01-09,,999-73-8660,S99934283,,Ms.,Paula,Silmunmaa,,,,white,nonhispanic,F,Helsinki  Uusimaa  FI,1070 Kirvesmäki Katu,Espoo,Uusimaa,Espoo,02260,60.19707563475179,24.741028170486832,3375.0,0.0
ed715b57-d009-4876-b05f-233783afc79d,1996-08-24,,999-14-3458,S99957732,X12199406X,Ms.,Meriitta,Sarapää,,,,white,nonhispanic,F,Kauniainen  Uusimaa  FI,1002 Ossi Katu Unit 62,Helsinki,Uusimaa,Helsinki,00330,60.24793333463864,24.845463695968338,3625.0,0.0
325f7b3c-45e4-47e0-9d9b-4ba4911c710d,1993-12-08,,999-61-9642,S99938200,X66754774X,Mr.,Nuri,Helanto,,,,white,nonhispanic,M,Espoo  Uusimaa  FI,241 Litja Katu,Helsinki,Uusimaa,Helsinki,00900,60.24137800402675,25.143545833679774,3750.0,0.0
1767c725-5247-4033-9147-9ff8538af9f4,1973-04-14,,999-74-7605,S99984386,X7226606X,Mr.,Erland,Bodman,,,M,white,nonhispanic,M,Helsinki  Uusimaa  FI,691 Itkonen Katu Suite 28,Espoo,Uusimaa,Espoo,02120,60.20898819629894,24.57265575003696,4750.0,0.0
4931e8dd-63a2-4a4f-b5a6-ed0a94df1642,1984-01-30,,999-17-2612,S99970083,X5722716X,Mrs.,Annalotta,Peräaho,,Byggningsbacka,M,white,nonhispanic,F,Hyvinkää  Uusimaa  FI,511 Ulkuniemi Katu Apt 86,Kirkkonummi,Uusimaa,Kirkkonummi,02420,60.24542709254276,24.543440570626107,4125.0,0.0
72c707ce-d2b6-46c1-b47c-ab8dbd418075,1966-10-22,,999-76-4117,S99968702,X57015531X,Mrs.,Janiela,Vitikainen,,Tinkanen,M,white,nonhispanic,F,Helsinki  Uusimaa  FI,344 Keski-Rauska Katu Apt 18,Järvenpää,Uusimaa,Järvenpää,04440,60.49249835748633,25.096864013984373,5375.0,0.0
29b6980a-92eb-4e98-9e46-94d60c5d7d40,1959-10-22,,999-86-8684,S99983838,X17986661X,Mrs.,Darlene,Lillbroända,,Hummel,M,white,nonhispanic,F,Helsinki  Uusimaa  FI,880 Stagnäs Katu Apt 21,Kerava,Uusimaa,Kerava,04220,60.39942175374596,25.142341503897196,6250.0,0.0
c16ed80f-cec3-4599-a694-de7b546c1ab1,1963-06-22,,999-11-5804,S99918031,X16004633X,Mrs.,Saramaria,Sälevä,,Matkaselkä,M,white,nonhispanic,F,Nurmijärvi  Uusimaa  FI,330 Leiman Katu,Vantaa,Uusimaa,Vantaa,01620,60.325472704272016,25.042078296453493,5750.0,0.0
c31b3b50-aced-43f6-ab73-e6ab46ebc505,2014-05-03,,999-69-3465,,,,Erfan,Savikko,,,,white,nonhispanic,M,Espoo  Uusimaa  FI,919 Hellas Katu Unit 0,Helsinki,Uusimaa,Helsinki,00340,60.31849415267993,24.964986577136685,1750.0,0.0
534f8d6a-5700-4f61-967b-353537ada4fe,2015-06-03,,999-36-7573,,,,Viliam,Åkers,,,,white,nonhispanic,M,Helsinki  Uusimaa  FI,107 Isokoski Katu Unit 91,Espoo,Uusimaa,Espoo,02860,60.25161789407352,24.777501899170346,1625.0,0.0
d08da8e3-3055-4709-8113-f818cbd72d58,1982-08-17,,999-35-8225,S99988785,X74921983X,Mr.,Glen,Nessling,,,M,white,nonhispanic,M,Helsinki  Uusimaa  FI,178 Kaijanen Katu,Kirkkonummi,Uusimaa,Kirkkonummi,02470,60.21894244825485,24.487213864305023,4250.0,0.0
a029376c-c258-41d5-8b80-94de497a5282,1984-10-31,,999-12-4148,S99915767,X30537804X,Mrs.,Taru-Tuulia,Louhisto,,Murisoja,M,white,nonhispanic,F,Vantaa  Uusimaa  FI,1097 Grabber Katu Apt 63,Kirkkonummi,Uusimaa,Kirkkonummi,02400,60.15296756833739,24.431538395876625,4125.0,0.0
1686cb37-9a40-4ae7-bb23-c0d3852ab2fc,2008-05-08,,999-33-9816,,,,Sahar,Verkasalo,,,,white,nonhispanic,F,Lohja  Uusimaa  FI,689 Paakkala Katu Suite 36,Helsinki,Uusimaa,Helsinki,00320,60.15334617699287,24.9414452213294,2500.0,0.0
889a61ef-0f1a-4ad7-b9d6-03066d24229d,1945-12-06,,999-49-6476,S99945376,X70226078X,Mrs.,Ágnes,Sarala,,Bäckmark,M,white,nonhispanic,F,Järvenpää  Uusimaa  FI,783 Norrgård Katu Unit 81,Espoo,Uusimaa,Espoo,02780,60.19630019861756,24.818955626466536,7875.0,0.0
d1e90e0b-6d0f-4061-9fdb-929d5a827770,1990-11-12,,999-49-9434,S99953434,X36290866X,Mrs.,Miitta,Hietsalo,,Seljavaara,M,white,nonhispanic,F,Espoo  Uusimaa  FI,477 Muurman Katu Suite 44,Helsinki,Uusimaa,Helsinki,00630,60.272817666057726,24.971377542840884,3875.0,0.0
ebd23b70-b022-4f78-bbb0-8963edca7248,2005-02-26,,999-64-2664,,,,Tatu-Pekka,Jussinmäki,,,,white,nonhispanic,M,Porvoo  Uusimaa  FI,612 Pätäri Katu Suite 72,Vantaa,Uusimaa,Vantaa,01730,60.33021392336382,25.027225612735393,2875.0,0.0
7316ede5-de50-47fd-a96a-1ab9e7cfcf12,1957-01-02,,999-21-9265,S99956615,X79375932X,Mr.,Anttonio,Kuusa,,,M,white,nonhispanic,M,Askola  Uusimaa  FI,483 Othman Katu Apt 20,Helsinki,Uusimaa,Helsinki,00100,60.250671452471835,25.1554407694591,6500.0,0.0
078f151a-2e9e-44c6-b784-f2133b0a1c6e,1948-10-17,,999-20-2460,S99971335,X82335206X,Mrs.,Selin,Paatero,,Haimila,M,white,nonhispanic,F,Tuusula  Uusimaa  FI,496 Vappula Katu Apt 25,Loviisa,Uusimaa,Loviisa,07700,60.42147562701897,26.156098797271497,7625.0,0.0
2ac3d4cf-cf7c-4449-818e-48046017ef5f,1953-03-19,,999-45-1108,S99949982,X75591540X,Mrs.,Eija-Helena,Broas,,Toratti,M,white,nonhispanic,F,Helsinki  Uusimaa  FI,214 Laarko Katu,Helsinki,Uusimaa,Helsinki,00190,60.29577042638863,25.039891309568745,7750.0,0.0
4bc55a5a-a780-43b8-b4ce-715c49249dd6,1987-09-27,,999-39-3362,S99925488,X64036303X,Mrs.,Leena-Riitta,Muotio,,Sipiläinen,M,white,nonhispanic,F,Espoo  Uusimaa  FI,278 Jouhkimo Katu Unit 9,Hyvinkää,Uusimaa,Hyvinkää,05840,60.58104747580857,24.849119892182767,4000.0,0.0
bf27658b-5869-4810-ae91-e607689a5301,1976-01-10,,999-29-8870,S99999735,X27368393X,Ms.,Dalia,Björksten,,,S,white,nonhispanic,F,Espoo  Uusimaa  FI,883 Hartikainen Katu,Helsinki,Uusimaa,Helsinki,00670,60.239977489905634,25.0502399907334,4625.0,0.0
90bd45a5-c540-4358-ab5d-95f7a0114f28,1938-06-28,,999-36-8491,S99999178,X21317346X,Mrs.,Marjaterttu,Puukko,,Kalliomäki,M,white,nonhispanic,F,Helsinki  Uusimaa  FI,206 Felin Katu Unit 45,Espoo,Uusimaa,Espoo,02170,60.220930248237025,24.790330988398654,8875.0,0.0
e535bc7f-dee5-4d24-b02d-90b9ec195e5d,2009-03-19,,999-71-2938,,,,Sissy,Chowdhury,,,,white,nonhispanic,F,Helsinki  Uusimaa  FI,589 Kuosa Katu Unit 81,Nurmijärvi,Uusimaa,Nurmijärvi,01800,60.393476424460445,24.842387834527717,2375.0,0.0
6696f659-a189-412d-9ceb-3abccccf1dff,1957-01-20,,999-48-9415,S99919368,X36375333X,Mrs.,Terri,Paahtio,,Martinkauppi,M,white,nonhispanic,F,Espoo  Uusimaa  FI,686 Drockila Katu Apt 2,Lohja,Uusimaa,Lohja,08450,60.324854614169716,23.976589941124082,6500.0,0.0
e4d8ee07-0365-4bd8-a0f9-83ce810b5ba7,2011-09-24,,999-76-8998,,,,Alliina,Seikkula,,,,white,nonhispanic,F,Helsinki  Uusimaa  FI,152 Bingham Katu,Helsinki,Uusimaa,Helsinki,00750,60.2013609101276,24.931692752288075,2125.0,0.0
5cea03e2-63c7-4fdf-94ab-967ada95ca27,1997-06-30,,999-88-3340,S99926689,X6426728X,Ms.,Lucinda,Sharif,,,,white,nonhispanic,F,Vantaa  Uusimaa  FI,565 Hartemo Katu Unit 75,Kerava,Uusimaa,Kerava,04260,60.36987349813499,25.097421368269714,3625.0,0.0
53944a8c-4cad-43e9-a55d-3175a2ba7c27,2011-09-03,,999-76-9598,,,,Seemi,Kristola,,,,white,nonhispanic,M,Espoo  Uusimaa  FI,888 Valo Katu,Tuusula,Uusimaa,Tuusula,04500,60.517264273126834,25.05366483434646,2125.0,0.0
22fbcb33-4feb-4778-8fcf-0a4c6ab7c486,2004-08-07,,999-37-7040,,,,Almar,Halsinaho,,,,white,nonhispanic,M,Lohja  Uusimaa  FI,566 Teinilä Katu,Porvoo,Uusimaa,Porvoo,06450,60.27002609837241,25.436059381034067,3000.0,0.0
49c04843-b440-4dd1-9213-cd971a671796,1945-12-20,,999-91-4418,S99991649,X36541729X,Mrs.,Safaa,Fredman,,Humalainen,M,white,nonhispanic,F,Espoo  Uusimaa  FI,129 Kirkko-Jaakkola Katu Unit 64,Hyvinkää,Uusimaa,Hyvinkää,05510,60.70023227278643,25.00752539220947,7875.0,0.0
78c8bf9c-1cbd-495f-9f23-428012909c9a,1987-09-18,,999-57-1924,S99965304,X49676985X,Mr.,Khadar,Pajuvesi,,,M,white,nonhispanic,M,Vihti  Uusimaa  FI,505 Jalola Katu Unit 27,Helsinki,Uusimaa,Helsinki,00760,60.23144020715038,25.137566458269024,4000.0,0.0
8217ec6c-ca3f-4811-aff8-9737cb521247,1967-05-18,,999-65-6094,S99932247,X86154090X,Mr.,Kapriel,Ha,,,S,white,nonhispanic,M,Helsinki  Uusimaa  FI,333 Ragnell Katu,Helsinki,Uusimaa,Helsinki,00310,60.19939650338991,24.949272522036786,5250.0,0.0
c7b2d2ec-1ba9-416e-80e9-f9c8a16f231b,1996-09-17,,999-45-6177,S99915718,X65498446X,Mr.,Edward,Kangas,,,,white,nonhispanic,M,Espoo  Uusimaa  FI,1081 Rundelin Katu Unit 13,Vantaa,Uusimaa,Vantaa,01490,60.30372958599507,24.854159914864248,3625.0,0.0
649fb8bb-4e15-4f17-9894-9cc9ddc157f7,1988-12-01,,999-76-4416,S99993865,X61772216X,Mrs.,Cathy,Inomaa,,Tenhovuori,M,white,nonhispanic,F,Espoo  Uusimaa  FI,356 Dahlbom Katu Suite 83,Vantaa,Uusimaa,Vantaa,01770,60.25060730928547,24.793254855005163,4000.0,0.0
7f7f8708-e946-4024-9803-324a75bf7ff7,1989-04-27,,999-67-6765,S99951850,X61268991X,Ms.,Niini,Luhtasela,,,S,white,nonhispanic,F,Helsinki  Uusimaa  FI,645 Ohlsbom Katu Unit 3,Helsinki,Uusimaa,Helsinki,00730,60.140636547876824,25.106821237118844,3875.0,0.0
db1b5426-7be3-4156-8b81-a1a1121d5695,1996-07-28,,999-56-3290,S99952328,X58474964X,Ms.,Senobia,Huhtaluhta,,,,white,nonhispanic,F,Helsinki  Uusimaa  FI,290 Kalliainen Katu,Helsinki,Uusimaa,Helsinki,00290,60.14772146979137,25.0994078025274,3625.0,0.0
4f62e135-1504-4122-981a-7e45f4741512,1958-09-14,,999-54-2273,S99910811,X68660232X,Mrs.,Narges,Herzog,,Urho,M,white,nonhispanic,F,Vantaa  Uusimaa  FI,315 Patovirta Katu Apt 83,Raasepori,Uusimaa,Raasepori,10320,59.971368531577454,23.232483173645736,6375.0,0.0
57f23a2b-0f57-4c94-8c98-f5f345e7ff7b,1940-09-30,,999-18-3116,S99921924,X19241738X,Mrs.,Vea,Ettanen,,Kants,M,white,nonhispanic,F,Vantaa  Uusimaa  FI,650 Suokonautio Katu Apt 83,Järvenpää,Uusimaa,Järvenpää,04460,60.51156505241806,25.15605562704857,8500.0,0.0
1c58a3b9-30cd-491a-a794-b1eb2136d1d0,1954-04-25,,999-40-4256,S99960356,X5512064X,Mr.,Bo-Johan,Timberg,,,S,white,nonhispanic,M,Espoo  Uusimaa  FI,812 Palmiola Katu Apt 52,Porvoo,Uusimaa,Porvoo,06400,60.332276388914,25.880824895339806,6875.0,0.0
ba25b575-572e-49bf-8416-9669477a16c7,1985-06-10,,999-69-3374,S99945030,X60597884X,Mr.,Amer,Piivek,,,S,white,nonhispanic,M,Kerava  Uusimaa  FI,987 Poraharju Katu,Helsinki,Uusimaa,Helsinki,00500,60.17979681099416,24.86992782931725,4421.89,0.0
a2701f2b-1d30-4e74-bef2-a8f0e3369604,1986-08-09,,999-67-3811,S99940858,X26604828X,Mr.,Otava,Maurola,,,M,white,nonhispanic,M,Kerava  Uusimaa  FI,632 Granat Katu Unit 36,Espoo,Uusimaa,Espoo,02730,60.12392395121245,24.79867857309017,4000.0,0.0
39351be3-e0f5-425a-b445-eda97aa8675a,1961-05-11,,999-29-7413,S99993898,X53097294X,Mr.,Salman,Saija,,,M,white,nonhispanic,M,Helsinki  Uusimaa  FI,1064 Jäsberg Katu Suite 33,Helsinki,Uusimaa,Helsinki,00700,60.17411704590601,24.822623432333273,6000.0,0.0
ce13eb5d-b7ba-4ad5-95cf-8cbcca458581,1963-11-21,1975-10-09,999-11-7902,,,,Usman,Palosaari,,,,white,nonhispanic,M,Porvoo  Uusimaa  FI,862 Nåhls Katu Suite 43,Tuusula,Uusimaa,Tuusula,04360,60.44774997239122,24.932159216246095,2874.06,0.0
af52bb04-7bc9-4a7b-8e6d-9bfab2a891a9,1971-10-30,,999-62-3430,S99988138,X32366919X,Mrs.,Rhonda,Harkkila,,Soutolahti,M,white,nonhispanic,F,Helsinki  Uusimaa  FI,493 Diallo Katu Unit 44,Helsinki,Uusimaa,Helsinki,00660,60.20900060554774,25.04303951092366,4875.0,0.0
87f30ad7-4d05-4b3f-9fb9-8dcc20fa58d4,1999-01-10,,999-77-6620,S99919668,X62362053X,Mr.,Giacomo,Willström,,,,white,nonhispanic,M,Vantaa  Uusimaa  FI,135 Hudd Katu,Helsinki,Uusimaa,Helsinki,00590,60.272917375817244,24.99320563215616,3500.0,0.0
9849e368-b10b-4534-b0c2-9b21f4f64be3,1988-04-20,,999-80-9185,S99946817,X36545844X,Mrs.,Jilla,Holck,,Palojärvi,M,white,nonhispanic,F,Helsinki  Uusimaa  FI,678 Majander Katu Unit 28,Helsinki,Uusimaa,Helsinki,00670,60.20136951397829,25.02188816983915,4000.0,0.0
4765d5fa-c6c2-49a3-b964-f19dfd85c2e0,2008-02-25,,999-29-7539,,,,Ainomaria,Nordbäck,,,,white,nonhispanic,F,Helsinki  Uusimaa  FI,835 Kandolin Katu,Hyvinkää,Uusimaa,Hyvinkää,05510,60.579133351856356,24.826986844025264,2500.0,0.0
c929bca5-83a4-45db-bed5-6d4f346234d2,1977-12-22,,999-68-5363,S99984435,X45317806X,Mrs.,Reija-Liisa,Brun,,Valpio,M,white,nonhispanic,F,Helsinki  Uusimaa  FI,258 Ranne Katu Unit 81,Helsinki,Uusimaa,Helsinki,00650,60.20972889859121,24.9443259938536,4500.0,0.0
9be0c3a9-f09c-4827-b6a0-861c255acff9,1961-12-08,,999-26-1148,S99956098,X3980615X,Mrs.,Ani,Äyhö,,Vuornos,M,white,nonhispanic,F,Espoo  Uusimaa  FI,453 Renfors Katu Apt 17,Sipoo,Uusimaa,Sipoo,04170,60.31999974927255,25.279150075628948,6000.0,0.0
5e11ea5d-9179-4020-99bd-5a690ee2276f,1956-11-02,,999-47-3757,S99915633,X20478297X,Mr.,Erling,Wilén,,,M,white,nonhispanic,M,Vantaa  Uusimaa  FI,660 Semenov Katu,Helsinki,Uusimaa,Helsinki,00120,60.169110270243316,24.95099780555505,6625.0,0.0
acc2a41e-29f6-41b7-8ac6-c218bf464d90,1986-04-02,,999-88-5361,S99941224,X20857660X,Mrs.,Repekka,Tiihala,,Kopalainen,M,white,nonhispanic,F,Vantaa  Uusimaa  FI,308 Tohni Katu Apt 56,Vantaa,Uusimaa,Vantaa,01760,60.342523772909736,25.03982539456698,4000.0,0.0
7b28df69-701c-4783-91e0-f101522370c6,1963-11-21,,999-87-7827,S99941274,X1456638X,Mr.,Atilla,Lineri,,,M,white,nonhispanic,M,Nurmijärvi  Uusimaa  FI,736 Kalli Katu,Tuusula,Uusimaa,Tuusula,04370,60.35499914878774,24.860121146173363,5750.0,0.0
45bdc061-76cc-44eb-90ac-818e42447b57,1991-12-07,,999-26-9598,S99950310,X36892692X,Mr.,Arseni,Lillrank,,,M,white,nonhispanic,M,Tuusula  Uusimaa  FI,1068 Kontro Katu,Vantaa,Uusimaa,Vantaa,01350,60.24108108320406,24.886380452764893,3875.0,0.0
d2fb80f2-afc1-4ceb-827b-ef525678a465,1993-01-27,,999-99-5671,S99939826,X26629679X,Mr.,Jose,Karos,,,M,white,nonhispanic,M,Vantaa  Uusimaa  FI,505 Luutonen Katu,Espoo,Uusimaa,Espoo,02100,60.258528066042736,24.808295549643578,3750.0,0.0
23163254-577b-42b6-af0d-955970b9632f,1997-07-05,,999-55-8511,S99977785,X18900795X,Ms.,Sissel,Uusi-Ristaniemi,,,,white,nonhispanic,F,Hyvinkää  Uusimaa  FI,1015 Kulusjärvi Katu Unit 96,Vantaa,Uusimaa,Vantaa,01640,60.35274079699844,25.063704533340545,3625.0,0.0
1a33fd9d-8fb5-40ee-b49e-0b1e8955aa25,1958-12-11,,999-72-6745,S99946206,X29306181X,Mr.,Marko-Tapani,Pälvilä,,,M,white,nonhispanic,M,Helsinki  Uusimaa  FI,750 Arohonka Katu Apt 91,Espoo,Uusimaa,Espoo,02810,60.11470642973323,24.743629043554932,6375.0,0.0
b5d9a623-a88f-4091-9ea8-99d26c11193c,1945-11-08,,999-78-4344,S99927630,X50238539X,Ms.,Kaisli,Soinio,JD,,S,white,nonhispanic,F,Kerava  Uusimaa  FI,851 Latva-Kokko Katu Apt 40,Vantaa,Uusimaa,Vantaa,01380,60.32268213118117,25.09582224070521,7875.0,0.0
fd59757c-83f0-4a2b-91fa-99e668d53530,1986-02-07,,999-60-9597,S99925739,X39303385X,Mr.,Hedi,Erkinantti,,,M,white,nonhispanic,M,Mäntsälä  Uusimaa  FI,902 Ludwig Katu,Lohja,Uusimaa,Lohja,03810,60.23481426464859,23.951207415440425,4000.0,0.0
f10ac4c2-e521-41c4-81d7-efff1ae165a7,2008-01-20,,999-31-1656,,,,Luca,Kaislaranta,,,,white,nonhispanic,M,Vantaa  Uusimaa  FI,272 Javarus Katu Unit 37,Vihti,Uusimaa,Vihti,03220,60.32861994991772,24.365560132644514,2625.0,0.0
d33f0a02-a384-4d6f-85c2-df291e3185c2,1947-09-29,,999-68-8107,S99978681,X4702234X,Mr.,Abdirisak,Urho,,,M,white,nonhispanic,M,Espoo  Uusimaa  FI,1084 Hietaranta Katu Apt 40,Espoo,Uusimaa,Espoo,02360,60.0893212942269,24.688170638734935,7750.0,0.0
3c4d94bd-b4fa-4a4c-bf2b-33521e327165,1915-10-18,,999-57-5951,S99961373,X30820298X,Mr.,Dimitris,Justander,,,M,white,nonhispanic,M,Helsinki  Uusimaa  FI,451 Kohtamäki Katu Apt 53,Hyvinkää,Uusimaa,Hyvinkää,05820,60.557008182077055,24.789249798591456,11625.0,0.0
c1df61f0-a0a1-4e30-baad-7f15db2dbf43,1973-02-05,,999-56-7144,S99935422,X60863041X,Mr.,Brahim,Pihala,,,M,white,nonhispanic,M,Espoo  Uusimaa  FI,818 Vyörykkä Katu,Espoo,Uusimaa,Espoo,02750,60.180950332669994,24.688248741226868,4750.0,0.0
a56591b5-145f-410e-a9ea-637b52b93443,1964-06-29,,999-65-3518,S99917047,X48289894X,Mr.,Hessu,Valkeejärvi,,,S,white,nonhispanic,M,Helsinki  Uusimaa  FI,401 Rotkus Katu,Helsinki,Uusimaa,Helsinki,00360,60.314612825464636,25.01633216120431,5625.0,0.0
89bfca55-8514-4e45-a3aa-bd89e6f7475c,1960-08-19,,999-33-7937,S99939866,X52801447X,Mr.,Taro,Kalske,,,M,white,nonhispanic,M,Espoo  Uusimaa  FI,697 Viitakangas Katu,Helsinki,Uusimaa,Helsinki,00680,60.25807732562179,24.95929569343689,6125.0,0.0
008bcdc8-9f94-4453-903e-2e6221aba6d1,1950-12-21,,999-37-2906,S99974778,X12215643X,Mr.,Aape,Palo,,,M,white,nonhispanic,M,Vantaa  Uusimaa  FI,998 Lae Katu Apt 24,Espoo,Uusimaa,Espoo,02290,60.15346292686472,24.630116678151715,7250.0,0.0
51c1feab-4e7f-4353-81f7-88926d43a330,1954-03-30,,999-57-9275,S99930842,X46131427X,Ms.,Abdullahi,Zetterström,,,S,white,nonhispanic,F,Helsinki  Uusimaa  FI,477 Muje Katu,Mäntsälä,Uusimaa,Mäntsälä,04840,60.67278934312147,25.422078711128457,6875.0,0.0
