PATIENT,START_YEAR,END_YEAR,PAYER,OWNERSHIP
4326ee5d-5fd4-44b8-84ac-bae7487b3a22,1982,2000,e15e7b92-f376-374f-9285-2f59a38ad823,Guardian
76e8a8de-ceaa-4df1-9b90-e90dbb27254c,1980,1998,e15e7b92-f376-374f-9285-2f59a38ad823,Guardian
f2fab566-102c-4ef6-b6b9-8ae9725543b0,1972,1990,e15e7b92-f376-374f-9285-2f59a38ad823,Guardian
7a40ae2c-c589-479b-a470-e8a73984b5ad,1971,1989,e15e7b92-f376-374f-9285-2f59a38ad823,Guardian
ff739ce4-94bb-4b97-90da-c0a8700844a7,1956,1974,e15e7b92-f376-374f-9285-2f59a38ad823,Guardian
51b46275-79ef-4fa0-ad6c-085e78768cd5,2001,2019,e15e7b92-f376-374f-9285-2f59a38ad823,Guardian
917dcf64-8ca0-4696-b797-6a73bad0feb3,1984,2002,e15e7b92-f376-374f-9285-2f59a38ad823,Guardian
a96eb551-c77d-4438-a30e-74a520f7583f,1937,1955,e15e7b92-f376-374f-9285-2f59a38ad823,Guardian
18ddee8b-b7f9-4a28-82b6-20eed8423314,1915,1933,e15e7b92-f376-374f-9285-2f59a38ad823,Guardian
d789fcd1-2b71-449a-8507-d097f111d65f,2002,2020,e15e7b92-f376-374f-9285-2f59a38ad823,Guardian
c230b4b7-59ca-4251-90f5-b023bb940e26,1948,1966,e15e7b92-f376-374f-9285-2f59a38ad823,Guardian
829f9061-7112-42a6-aa86-d98c0bed729f,1961,1979,e15e7b92-f376-374f-9285-2f59a38ad823,Guardian
829f9061-7112-42a6-aa86-d98c0bed729f,1980,1993,e15e7b92-f376-374f-9285-2f59a38ad823,Self
5cee7799-de7b-48b5-8725-3dbe67a217c5,1953,1971,e15e7b92-f376-374f-9285-2f59a38ad823,Guardian
55c2f001-d91e-42bc-a96e-ffc8115d006d,1988,2006,e15e7b92-f376-374f-9285-2f59a38ad823,Guardian
d6739062-b4dd-4a90-9750-e35963253e92,1983,2001,e15e7b92-f376-374f-9285-2f59a38ad823,Guardian
071905f1-c1b4-4bd3-9fdb-62d6a3c60659,1987,2005,e15e7b92-f376-374f-9285-2f59a38ad823,Guardian
dd92dbd8-8a8b-404b-9714-c23dda3c20f9,1964,1982,e15e7b92-f376-374f-9285-2f59a38ad823,Guardian
1e87cd91-966a-4872-92b3-66072e6fe1a1,1983,2001,e15e7b92-f376-374f-9285-2f59a38ad823,Guardian
c9ae343c-95e4-4c66-9423-35d3ae23f806,1985,2003,e15e7b92-f376-374f-9285-2f59a38ad823,Guardian
66d48b67-1416-4e07-a81c-6ae2c2cd9a20,1996,2014,e15e7b92-f376-374f-9285-2f59a38ad823,Guardian
e4c9dcce-dd4b-4752-98f0-9d1c38831336,1961,1979,e15e7b92-f376-374f-9285-2f59a38ad823,Guardian
bdd0b1ec-0797-46a7-9d16-82058530a325,1967,1985,e15e7b92-f376-374f-9285-2f59a38ad823,Guardian
13597a9e-6edd-4025-89e6-93d0a5d19efa,1947,1965,e15e7b92-f376-374f-9285-2f59a38ad823,Guardian
77842af1-07d0-4a68-b3c6-b26d610bab18,1983,2001,e15e7b92-f376-374f-9285-2f59a38ad823,Guardian
8f8423fe-9160-42ac-84e9-eb02f79ec90b,1983,2001,e15e7b92-f376-374f-9285-2f59a38ad823,Guardian
175fde81-d5fb-42d1-b578-3095a393d0ab,1929,1947,e15e7b92-f376-374f-9285-2f59a38ad823,Guardian
5a687947-df56-48ce-9964-d2bb9749eb08,1987,2005,e15e7b92-f376-374f-9285-2f59a38ad823,Guardian
27a3c24a-6790-415e-97e5-74eefbd49137,1996,2014,e15e7b92-f376-374f-9285-2f59a38ad823,Guardian
d1ddbddd-5352-4360-bf54-3a2f745e7202,1945,1963,e15e7b92-f376-374f-9285-2f59a38ad823,Guardian
8c54aa3d-cbbe-4e41-901a-6758eb2bd3c7,2001,2019,e15e7b92-f376-374f-9285-2f59a38ad823,Guardian
ed715b57-d009-4876-b05f-233783afc79d,1996,2014,e15e7b92-f376-374f-9285-2f59a38ad823,Guardian
325f7b3c-45e4-47e0-9d9b-4ba4911c710d,1993,2011,e15e7b92-f376-374f-9285-2f59a38ad823,Guardian
1767c725-5247-4033-9147-9ff8538af9f4,1973,1991,e15e7b92-f376-374f-9285-2f59a38ad823,Guardian
4931e8dd-63a2-4a4f-b5a6-ed0a94df1642,1984,2002,e15e7b92-f376-374f-9285-2f59a38ad823,Guardian
72c707ce-d2b6-46c1-b47c-ab8dbd418075,1966,1984,e15e7b92-f376-374f-9285-2f59a38ad823,Guardian
29b6980a-92eb-4e98-9e46-94d60c5d7d40,1959,1977,e15e7b92-f376-374f-9285-2f59a38ad823,Guardian
c16ed80f-cec3-4599-a694-de7b546c1ab1,1963,1981,e15e7b92-f376-374f-9285-2f59a38ad823,Guardian
d08da8e3-3055-4709-8113-f818cbd72d58,1982,2000,e15e7b92-f376-374f-9285-2f59a38ad823,Guardian
a029376c-c258-41d5-8b80-94de497a5282,1984,2002,e15e7b92-f376-374f-9285-2f59a38ad823,Guardian
889a61ef-0f1a-4ad7-b9d6-03066d24229d,1945,1963,e15e7b92-f376-374f-9285-2f59a38ad823,Guardian
d1e90e0b-6d0f-4061-9fdb-929d5a827770,1990,2008,e15e7b92-f376-374f-9285-2f59a38ad823,Guardian
7316ede5-de50-47fd-a96a-1ab9e7cfcf12,1957,1975,e15e7b92-f376-374f-9285-2f59a38ad823,Guardian
078f151a-2e9e-44c6-b784-f2133b0a1c6e,1948,1966,e15e7b92-f376-374f-9285-2f59a38ad823,Guardian
2ac3d4cf-cf7c-4449-818e-48046017ef5f,1953,1971,e15e7b92-f376-374f-9285-2f59a38ad823,Guardian
4bc55a5a-a780-43b8-b4ce-715c49249dd6,1987,2005,e15e7b92-f376-374f-9285-2f59a38ad823,Guardian
bf27658b-5869-4810-ae91-e607689a5301,1976,1994,e15e7b92-f376-374f-9285-2f59a38ad823,Guardian
90bd45a5-c540-4358-ab5d-95f7a0114f28,1938,1956,e15e7b92-f376-374f-9285-2f59a38ad823,Guardian
6696f659-a189-412d-9ceb-3abccccf1dff,1957,1975,e15e7b92-f376-374f-9285-2f59a38ad823,Guardian
5cea03e2-63c7-4fdf-94ab-967ada95ca27,1997,2015,e15e7b92-f376-374f-9285-2f59a38ad823,Guardian
49c04843-b440-4dd1-9213-cd971a671796,1945,1963,e15e7b92-f376-374f-9285-2f59a38ad823,Guardian
78c8bf9c-1cbd-495f-9f23-428012909c9a,1987,2005,e15e7b92-f376-374f-9285-2f59a38ad823,Guardian
8217ec6c-ca3f-4811-aff8-9737cb521247,1967,1985,e15e7b92-f376-374f-9285-2f59a38ad823,Guardian
c7b2d2ec-1ba9-416e-80e9-f9c8a16f231b,1996,2014,e15e7b92-f376-374f-9285-2f59a38ad823,Guardian
649fb8bb-4e15-4f17-9894-9cc9ddc157f7,1988,2006,e15e7b92-f376-374f-9285-2f59a38ad823,Guardian
7f7f8708-e946-4024-9803-324a75bf7ff7,1989,2007,e15e7b92-f376-374f-9285-2f59a38ad823,Guardian
db1b5426-7be3-4156-8b81-a1a1121d5695,1996,2014,e15e7b92-f376-374f-9285-2f59a38ad823,Guardian
4f62e135-1504-4122-981a-7e45f4741512,1958,1976,e15e7b92-f376-374f-9285-2f59a38ad823,Guardian
57f23a2b-0f57-4c94-8c98-f5f345e7ff7b,1940,1958,e15e7b92-f376-374f-9285-2f59a38ad823,Guardian
1c58a3b9-30cd-491a-a794-b1eb2136d1d0,1954,1972,e15e7b92-f376-374f-9285-2f59a38ad823,Guardian
ba25b575-572e-49bf-8416-9669477a16c7,1985,2003,e15e7b92-f376-374f-9285-2f59a38ad823,Guardian
a2701f2b-1d30-4e74-bef2-a8f0e3369604,1986,2004,e15e7b92-f376-374f-9285-2f59a38ad823,Guardian
39351be3-e0f5-425a-b445-eda97aa8675a,1961,1979,e15e7b92-f376-374f-9285-2f59a38ad823,Guardian
af52bb04-7bc9-4a7b-8e6d-9bfab2a891a9,1971,1989,e15e7b92-f376-374f-9285-2f59a38ad823,Guardian
87f30ad7-4d05-4b3f-9fb9-8dcc20fa58d4,1999,2017,e15e7b92-f376-374f-9285-2f59a38ad823,Guardian
9849e368-b10b-4534-b0c2-9b21f4f64be3,1988,2006,e15e7b92-f376-374f-9285-2f59a38ad823,Guardian
4765d5fa-c6c2-49a3-b964-f19dfd85c2e0,2008,2008,b1c428d6-4f07-31e0-90f0-68ffa6ff8c76,
4765d5fa-c6c2-49a3-b964-f19dfd85c2e0,2009,2009,e15e7b92-f376-374f-9285-2f59a38ad823,
c929bca5-83a4-45db-bed5-6d4f346234d2,1977,1995,e15e7b92-f376-374f-9285-2f59a38ad823,Guardian
9be0c3a9-f09c-4827-b6a0-861c255acff9,1961,1979,e15e7b92-f376-374f-9285-2f59a38ad823,Guardian
5e11ea5d-9179-4020-99bd-5a690ee2276f,1956,1974,e15e7b92-f376-374f-9285-2f59a38ad823,Guardian
acc2a41e-29f6-41b7-8ac6-c218bf464d90,1986,2004,e15e7b92-f376-374f-9285-2f59a38ad823,Guardian
7b28df69-701c-4783-91e0-f101522370c6,1963,1981,e15e7b92-f376-374f-9285-2f59a38ad823,Guardian
45bdc061-76cc-44eb-90ac-818e42447b57,1991,2009,e15e7b92-f376-374f-9285-2f59a38ad823,Guardian
d2fb80f2-afc1-4ceb-827b-ef525678a465,1993,2011,e15e7b92-f376-374f-9285-2f59a38ad823,Guardian
23163254-577b-42b6-af0d-955970b9632f,1997,2015,e15e7b92-f376-374f-9285-2f59a38ad823,Guardian
1a33fd9d-8fb5-40ee-b49e-0b1e8955aa25,1958,1976,e15e7b92-f376-374f-9285-2f59a38ad823,Guardian
b5d9a623-a88f-4091-9ea8-99d26c11193c,1945,1963,e15e7b92-f376-374f-9285-2f59a38ad823,Guardian
fd59757c-83f0-4a2b-91fa-99e668d53530,1986,2004,e15e7b92-f376-374f-9285-2f59a38ad823,Guardian
d33f0a02-a384-4d6f-85c2-df291e3185c2,1947,1965,e15e7b92-f376-374f-9285-2f59a38ad823,Guardian
3c4d94bd-b4fa-4a4c-bf2b-33521e327165,1915,1933,e15e7b92-f376-374f-9285-2f59a38ad823,Guardian
c1df61f0-a0a1-4e30-baad-7f15db2dbf43,1973,1991,e15e7b92-f376-374f-9285-2f59a38ad823,Guardian
a56591b5-145f-410e-a9ea-637b52b93443,1964,1982,e15e7b92-f376-374f-9285-2f59a38ad823,Guardian
89bfca55-8514-4e45-a3aa-bd89e6f7475c,1960,1978,e15e7b92-f376-374f-9285-2f59a38ad823,Guardian
008bcdc8-9f94-4453-903e-2e6221aba6d1,1950,1968,e15e7b92-f376-374f-9285-2f59a38ad823,Guardian
51c1feab-4e7f-4353-81f7-88926d43a330,1954,1972,e15e7b92-f376-374f-9285-2f59a38ad823,Guardian
