DATE,PATIENT,ENCOUNTER,CODE,DESCRIPTION,BASE_COST,REASONCODE,REASONDESCRIPTION
1989-03-22,829f9061-7112-42a6-aa86-d98c0bed729f,4bfbc7c6-de01-4007-b7ac-042ced87cc7c,40701008,Echocardiography (procedure),1020.01,22298006,Myocardial Infarction
1989-03-22,829f9061-7112-42a6-aa86-d98c0bed729f,4bfbc7c6-de01-4007-b7ac-042ced87cc7c,415070008,Percutaneous coronary intervention,33773.62,22298006,Myocardial Infarction
1989-03-22,829f9061-7112-42a6-aa86-d98c0bed729f,4bfbc7c6-de01-4007-b7ac-042ced87cc7c,232717009,Coronary artery bypass grafting,46083.88,22298006,Myocardial Infarction
1993-10-20,829f9061-7112-42a6-aa86-d98c0bed729f,c1732b1d-e70b-486c-9560-f9e2e37214e3,40701008,Echocardiography (procedure),709.34,22298006,Myocardial Infarction
1993-10-20,829f9061-7112-42a6-aa86-d98c0bed729f,c1732b1d-e70b-486c-9560-f9e2e37214e3,415070008,Percutaneous coronary intervention,19654.46,22298006,Myocardial Infarction
1993-10-20,829f9061-7112-42a6-aa86-d98c0bed729f,c1732b1d-e70b-486c-9560-f9e2e37214e3,232717009,Coronary artery bypass grafting,28180.07,22298006,Myocardial Infarction
2009-03-15,1e87cd91-966a-4872-92b3-66072e6fe1a1,b92b3502-043f-4521-81d7-3f2234ece9b6,40701008,Echocardiography (procedure),1751.19,230690007,Stroke
2009-03-15,1e87cd91-966a-4872-92b3-66072e6fe1a1,b92b3502-043f-4521-81d7-3f2234ece9b6,433112001,Percutaneous mechanical thrombectomy of portal vein using fluoroscopic guidance,16968.64,230690007,Stroke
2013-03-21,d1ddbddd-5352-4360-bf54-3a2f745e7202,28ff4b2b-8a5a-4ec4-a854-07db1d9a877c,40701008,Echocardiography (procedure),940.08,22298006,Myocardial Infarction
2013-03-21,d1ddbddd-5352-4360-bf54-3a2f745e7202,28ff4b2b-8a5a-4ec4-a854-07db1d9a877c,415070008,Percutaneous coronary intervention,23910.53,22298006,Myocardial Infarction
2013-03-21,d1ddbddd-5352-4360-bf54-3a2f745e7202,28ff4b2b-8a5a-4ec4-a854-07db1d9a877c,232717009,Coronary artery bypass grafting,43222.10,22298006,Myocardial Infarction
1975-10-09,ce13eb5d-b7ba-4ad5-95cf-8cbcca458581,615f2e66-3d65-42a5-8d30-81d5fed69b88,40701008,Echocardiography (procedure),1236.64,22298006,Myocardial Infarction
1975-10-09,ce13eb5d-b7ba-4ad5-95cf-8cbcca458581,615f2e66-3d65-42a5-8d30-81d5fed69b88,415070008,Percutaneous coronary intervention,33397.54,22298006,Myocardial Infarction
1975-10-09,ce13eb5d-b7ba-4ad5-95cf-8cbcca458581,615f2e66-3d65-42a5-8d30-81d5fed69b88,232717009,Coronary artery bypass grafting,39464.81,22298006,Myocardial Infarction
2013-02-14,b5d9a623-a88f-4091-9ea8-99d26c11193c,e3e0292b-2a18-49a4-a500-c517a7474f3d,180325003,Electrical cardioversion,24720.20,49436004,Atrial Fibrillation
2014-02-20,b5d9a623-a88f-4091-9ea8-99d26c11193c,3dd1a381-f5d4-45bf-ba82-a171219812a6,180325003,Electrical cardioversion,26907.84,49436004,Atrial Fibrillation
2015-02-26,b5d9a623-a88f-4091-9ea8-99d26c11193c,64389f02-127b-45ed-afb6-c35c06eeafda,180325003,Electrical cardioversion,24502.56,49436004,Atrial Fibrillation
2016-03-03,b5d9a623-a88f-4091-9ea8-99d26c11193c,bd14ca8c-99ba-4950-b52f-e1e0f3f33ced,180325003,Electrical cardioversion,50955.36,49436004,Atrial Fibrillation
2017-03-09,b5d9a623-a88f-4091-9ea8-99d26c11193c,16eda9f0-a575-4a40-9a98-6f3accd08667,180325003,Electrical cardioversion,30275.22,49436004,Atrial Fibrillation
2018-03-15,b5d9a623-a88f-4091-9ea8-99d26c11193c,e09dc673-9c9b-4a19-8944-60550e3e5a78,180325003,Electrical cardioversion,25047.27,49436004,Atrial Fibrillation
2019-03-21,b5d9a623-a88f-4091-9ea8-99d26c11193c,55afedf5-2b2c-467f-99c9-c78249b96f40,180325003,Electrical cardioversion,24128.33,49436004,Atrial Fibrillation
2010-06-28,3c4d94bd-b4fa-4a4c-bf2b-33521e327165,de13f031-5d48-40fc-af30-3ccca006d1ad,180325003,Electrical cardioversion,26472.86,49436004,Atrial Fibrillation
2011-07-04,3c4d94bd-b4fa-4a4c-bf2b-33521e327165,071cd21c-e7c1-4e53-ba29-75190a142075,180325003,Electrical cardioversion,31151.04,49436004,Atrial Fibrillation
2012-07-09,3c4d94bd-b4fa-4a4c-bf2b-33521e327165,e236f516-9fb4-4057-b83e-f18c60f327c6,180325003,Electrical cardioversion,33243.05,49436004,Atrial Fibrillation
2013-07-15,3c4d94bd-b4fa-4a4c-bf2b-33521e327165,409d994d-db5d-4b1a-9e1f-f4f58bc97555,180325003,Electrical cardioversion,27471.40,49436004,Atrial Fibrillation
2014-07-21,3c4d94bd-b4fa-4a4c-bf2b-33521e327165,4f019014-add4-41f0-8511-6318e05766b5,180325003,Electrical cardioversion,23712.31,49436004,Atrial Fibrillation
2015-07-27,3c4d94bd-b4fa-4a4c-bf2b-33521e327165,02829be8-4ef2-4ae9-9c9b-e362985ceff7,180325003,Electrical cardioversion,38022.92,49436004,Atrial Fibrillation
2016-08-01,3c4d94bd-b4fa-4a4c-bf2b-33521e327165,51e2eb17-4bbe-48fc-92c9-6af7e69dc565,180325003,Electrical cardioversion,24344.26,49436004,Atrial Fibrillation
2017-08-07,3c4d94bd-b4fa-4a4c-bf2b-33521e327165,97e5d5b3-45a1-48f5-bf79-f6c45d0140f2,180325003,Electrical cardioversion,30068.17,49436004,Atrial Fibrillation
2018-08-13,3c4d94bd-b4fa-4a4c-bf2b-33521e327165,90aa210f-0115-48a7-9f3f-edbbe5904c18,180325003,Electrical cardioversion,24070.49,49436004,Atrial Fibrillation
2019-08-19,3c4d94bd-b4fa-4a4c-bf2b-33521e327165,6b81cb1d-a658-4e65-a43a-0a4e2d58e2c2,180325003,Electrical cardioversion,28643.22,49436004,Atrial Fibrillation
