Id,ORGANIZATION,NAME,GENDER,SPECIALITY,ADDRESS,CITY,STATE,ZIP,LAT,LON,UTILIZATION
ed62a39c-eb04-3250-8058-502bdafbb726,8af774ed-7635-320a-ad8c-a63aa309a858,Markos Malmisalo,M,GENERAL PRACTICE,Sairaalatie 8,Lohja,18,08200,60.2247,24.01885,2
85424278-12f6-376c-a0b5-4a1e29631244,738aef7e-a279-3f65-9dba-fead16b27400,Suzette Meskus,F,GENERAL PRACTICE,Turuntie 150,Espoo,18,02740,60.22589,24.77581,1114
99b8e4c2-bb3f-383b-8ce1-d2d4dabe0902,9a3e6919-4ed0-32fe-a1e2-7184b06c415f,Kwame Istukaissaari,M,GENERAL PRACTICE,Karvasmäentie 6,Espoo,18,02740,60.22011,24.6848,687
22ad2cde-7d77-3cc3-b04e-b5a4e8ea086f,a70486b2-c33a-37b3-a4cf-b3dc06cb9d84,Eeva-Maarit Kainlauri,F,GENERAL PRACTICE,Sairaalakatu 1,Vantaa,18,01400,60.3299,25.0608,1374
ea6193fb-a4bd-39e5-8437-d6c984965491,bf25636d-50a4-3cf2-b937-0e59fd37503f,Siim Telén,M,GENERAL PRACTICE,Sairaalankatu 1,Hyvinkää,18,05830,60.612,24.82486,145
620836ff-5049-3f16-a0a4-a36a1787f455,4eddd774-a01b-3a0b-b4c6-736a5581aba4,Khamis Stenvik,M,GENERAL PRACTICE,Ohkolantie 10,Kellokoski,18,04500,60.53054,25.10548,246
ce20c360-18be-3940-b0b9-8769b52f7088,942171f0-df04-34cc-9c85-1a11b2f08717,Matintytär Puusa,F,GENERAL PRACTICE,Sairaalatie 8,Lohja,18,08200,60.2247,24.01885,223
a75f409e-a1e8-3869-b608-f3d9f7e9a1a5,216a84b2-6287-356d-9bcf-655abf00debb,Helly Kuutamo,F,GENERAL PRACTICE,Sairaalantie 1,Porvoo,18,06200,60.37911,25.69576,207
dff91895-d69c-3960-9352-4807a49aeff6,319baef9-e8e6-3320-9e0b-7991d9c167b8,Suzette Meskus,F,GENERAL PRACTICE,Haartmaninkatu 4,Helsinki,18,00290,60.189159,24.909081,2
b6c6a0d3-ca58-366c-8743-138c690b388e,7b74aa83-5335-38dd-a213-d6df36c7f627,Siim Telén,M,GENERAL PRACTICE,Karvasmäentie 6,Espoo,18,02740,60.22011,24.6848,1
38249087-2e1d-3bf4-a959-3595139e2548,af916982-f5f8-341b-b159-69e72695294c,Khamis Stenvik,M,GENERAL PRACTICE,Sairaalakatu 1,Vantaa,18,01400,60.3299,25.0608,4
