Id,START,STOP,PATIENT,ENCOUNTER,CODE,DESCRIPTION,REASONCODE,REASONDESCRIPTION
d791a569-3201-4052-9c2d-6078923592e3,2019-11-13,2019-11-20,9147f0fd-ae79-4105-927a-6aec42632595,cf0bd9f1-7584-4c64-9b40-20d314ab4528,869761000000107,Urinary tract infection care,38822007,Cystitis
60ea48cd-1b42-4cd6-a94d-461e6107a6b4,2012-04-22,2012-04-29,b8be4f5f-285c-4a33-8aa5-c392259f5c66,9980d584-e3be-4003-8f1c-f34a7059230c,869761000000107,Urinary tract infection care,301011002,Escherichia coli urinary tract infection
a5e44472-6fdc-4f9c-800d-893348f9c948,2010-06-29,2010-07-06,a694a5d5-21ea-4016-9a66-699806d97651,279a707c-0afc-4044-99b5-fe2357fccc26,869761000000107,Urinary tract infection care,38822007,Cystitis
318312d2-d330-4423-8a81-1d1de9927b0b,2015-08-01,2015-08-08,a694a5d5-21ea-4016-9a66-699806d97651,521b20ca-5921-4f84-b256-9fc4e4e09130,869761000000107,Urinary tract infection care,38822007,Cystitis
f0130881-21f8-4bd1-ad57-70ac7d90f1a9,2012-02-03,2012-02-10,07d3ebe8-e561-4194-bd75-ceb7830cd029,41cc18b8-3938-4806-955a-da895614313c,869761000000107,Urinary tract infection care,301011002,Escherichia coli urinary tract infection
69f0dea5-0296-4f48-ae7f-f98eb828a86d,2013-11-05,2013-11-12,9297d6c6-4e67-45a0-87a1-5c9e2d850620,13da9744-1c79-446c-82ae-99d5211123ad,869761000000107,Urinary tract infection care,301011002,Escherichia coli urinary tract infection
