START,STOP,PATIENT,ENCOUNTER,CODE,DESCRIPTION
1993-11-15,,5c793b34-d5ac-47e6-9f5f-38c0b6ce12b8,d1b87476-5878-44f4-81de-53fb9c7f9eda,230690007,Stroke
1993-04-09,,bc3f183e-e4e3-43cc-a652-2530bac3b591,7ca77e05-1029-46fa-a7bb-aec0cd7e23ea,197927001,Recurrent urinary tract infection
1992-02-29,,3766774f-62e2-4bce-b732-2e446d9dff1b,50b9cd5b-c15a-4338-8e03-852832310712,53741008,Coronary Heart Disease
2007-07-28,,3766774f-62e2-4bce-b732-2e446d9dff1b,2adcc61b-c4f3-4e03-a7f8-76b53f5a0e14,410429000,Cardiac Arrest
2007-07-28,,3766774f-62e2-4bce-b732-2e446d9dff1b,2adcc61b-c4f3-4e03-a7f8-76b53f5a0e14,429007001,History of cardiac arrest (situation)
2019-10-06,2019-11-20,9147f0fd-ae79-4105-927a-6aec42632595,23baf0d0-0ef5-4ff1-8720-6890076eb1ba,38822007,Cystitis
2012-03-29,2012-04-29,b8be4f5f-285c-4a33-8aa5-c392259f5c66,9980d584-e3be-4003-8f1c-f34a7059230c,301011002,Escherichia coli urinary tract infection
2009-06-21,,8d248137-1af0-4300-b8d7-d14053d07845,34439683-accb-49bb-a4bd-0989fce167f2,410429000,Cardiac Arrest
2009-06-21,,8d248137-1af0-4300-b8d7-d14053d07845,34439683-accb-49bb-a4bd-0989fce167f2,429007001,History of cardiac arrest (situation)
2010-06-03,2010-07-06,a694a5d5-21ea-4016-9a66-699806d97651,279a707c-0afc-4044-99b5-fe2357fccc26,38822007,Cystitis
2015-07-05,2015-08-08,a694a5d5-21ea-4016-9a66-699806d97651,521b20ca-5921-4f84-b256-9fc4e4e09130,38822007,Cystitis
1959-07-11,,1983de7a-e8c6-4de9-b5e0-20d3941f5baa,852c6968-54cc-46fd-92be-26d352c4261e,410429000,Cardiac Arrest
1959-07-11,,1983de7a-e8c6-4de9-b5e0-20d3941f5baa,852c6968-54cc-46fd-92be-26d352c4261e,429007001,History of cardiac arrest (situation)
1977-06-23,,0dbb63cf-da5d-4847-ac4d-a2a0720b6024,3ed7bf50-5e1d-469e-9738-a5838d902939,53741008,Coronary Heart Disease
2000-09-12,,a4c2dd38-48c8-421b-8ce7-a24f1b740830,74544676-dfb2-4287-ac1b-63e5eb80cfec,53741008,Coronary Heart Disease
2018-03-06,,a4c2dd38-48c8-421b-8ce7-a24f1b740830,d1ceaa70-0a12-4b86-8a3c-e6b0ac595d12,230690007,Stroke
2004-12-15,,ca9602ce-e4c9-4308-aaa1-5a9d90706a25,c95a4105-46b9-4e8e-91f3-4a72f6202937,53741008,Coronary Heart Disease
2009-05-06,,ca9602ce-e4c9-4308-aaa1-5a9d90706a25,f306c00f-8ca1-4e84-8c66-0508e6ce1f61,410429000,Cardiac Arrest
2009-05-06,,ca9602ce-e4c9-4308-aaa1-5a9d90706a25,f306c00f-8ca1-4e84-8c66-0508e6ce1f61,429007001,History of cardiac arrest (situation)
2019-11-21,,8c69cb9f-f422-4ed8-a274-83c65dec1558,783d4889-acc0-4811-aa8a-d480f06738a8,410429000,Cardiac Arrest
2019-11-21,,8c69cb9f-f422-4ed8-a274-83c65dec1558,783d4889-acc0-4811-aa8a-d480f06738a8,429007001,History of cardiac arrest (situation)
1992-10-15,,2bc13d1e-5c91-4585-9fdd-6a2e3f28e5de,bdef954a-13a5-4b6f-aa29-662e74050047,197927001,Recurrent urinary tract infection
1957-02-28,,7baf42b1-0840-4a06-bd23-f5a50fb3cb10,53491970-7147-4e89-b356-640f1048c3bf,53741008,Coronary Heart Disease
2014-09-11,,7baf42b1-0840-4a06-bd23-f5a50fb3cb10,4e093c59-276f-454c-b90c-873e73240466,22298006,Myocardial Infarction
2014-09-11,,7baf42b1-0840-4a06-bd23-f5a50fb3cb10,4e093c59-276f-454c-b90c-873e73240466,399211009,History of myocardial infarction (situation)
1995-10-25,,c365b6d6-9af6-4e92-99df-af9611d84be3,269e8486-f2af-4c42-b376-953719d1c82e,53741008,Coronary Heart Disease
1999-02-17,,c365b6d6-9af6-4e92-99df-af9611d84be3,7d0f5aff-dc34-482c-af2a-dc21d30556e4,410429000,Cardiac Arrest
1999-02-17,,c365b6d6-9af6-4e92-99df-af9611d84be3,7d0f5aff-dc34-482c-af2a-dc21d30556e4,429007001,History of cardiac arrest (situation)
2008-05-25,,dc2e4b63-b344-4204-8b41-bb39af9a6f32,3bc9d8e6-0a9d-4c23-b718-9acf50194f49,230690007,Stroke
2011-12-31,2012-02-10,07d3ebe8-e561-4194-bd75-ceb7830cd029,41cc18b8-3938-4806-955a-da895614313c,301011002,Escherichia coli urinary tract infection
2009-04-29,,07cc6336-f548-4073-9ca0-ceb778de3e40,2ab6eafb-f5e1-40d3-98cc-df23d686b3a5,53741008,Coronary Heart Disease
2011-07-27,,07cc6336-f548-4073-9ca0-ceb778de3e40,b2c7a4f8-4f5a-4dfa-8a4c-d34ddd821592,22298006,Myocardial Infarction
2011-07-27,,07cc6336-f548-4073-9ca0-ceb778de3e40,b2c7a4f8-4f5a-4dfa-8a4c-d34ddd821592,399211009,History of myocardial infarction (situation)
2013-09-28,2013-11-12,9297d6c6-4e67-45a0-87a1-5c9e2d850620,13da9744-1c79-446c-82ae-99d5211123ad,301011002,Escherichia coli urinary tract infection
2011-09-17,,289e05f4-4e3b-487c-a1cd-648c85f081f0,ab87afa7-bd77-4927-8931-999b948fdf6d,230690007,Stroke
1979-12-05,,b57b559c-c4cb-4fce-ada6-534705587c26,61b2c0f3-56c7-4924-9dd0-069dd6bb6451,53741008,Coronary Heart Disease
1982-01-13,,b57b559c-c4cb-4fce-ada6-534705587c26,641b8f91-abf0-4106-9148-e0726ba71cb5,22298006,Myocardial Infarction
1982-01-13,,b57b559c-c4cb-4fce-ada6-534705587c26,641b8f91-abf0-4106-9148-e0726ba71cb5,399211009,History of myocardial infarction (situation)
1993-11-24,,1f5550c3-67c1-46ee-8581-0775db0d4b1a,248513c7-071a-4a15-96f0-e01f3ea0d3e0,410429000,Cardiac Arrest
1993-11-24,,1f5550c3-67c1-46ee-8581-0775db0d4b1a,248513c7-071a-4a15-96f0-e01f3ea0d3e0,429007001,History of cardiac arrest (situation)
2018-11-02,,b8662328-c79a-4778-b3c6-864a73a206a3,0add1128-b539-4a8c-9c33-d213b965efcc,410429000,Cardiac Arrest
2018-11-02,,b8662328-c79a-4778-b3c6-864a73a206a3,0add1128-b539-4a8c-9c33-d213b965efcc,429007001,History of cardiac arrest (situation)
2002-05-05,,6e784dc1-3bdf-42c6-82f8-4c5ddf659ad4,2570357b-4224-4647-adca-7f8bb8a4b509,53741008,Coronary Heart Disease
