START,STOP,PATIENT,PAYER,ENCOUNTER,CODE,DESCRIPTION,BASE_COST,PAYER_COVERAGE,DISPENSES,TOTALCOST,REASONCODE,REASONDESCRIPTION
1993-11-15,1993-11-15,5c793b34-d5ac-47e6-9f5f-38c0b6ce12b8,b1c428d6-4f07-31e0-90f0-68ffa6ff8c76,d1b87476-5878-44f4-81de-53fb9c7f9eda,1804799,Alteplase 100 MG Injection,6130.07,0.00,1,6130.07,,
1992-02-29,,3766774f-62e2-4bce-b732-2e446d9dff1b,b1c428d6-4f07-31e0-90f0-68ffa6ff8c76,50b9cd5b-c15a-4338-8e03-852832310712,312961,Simvastatin 20 MG Oral Tablet,20.28,0.00,187,3792.36,,
1992-02-29,,3766774f-62e2-4bce-b732-2e446d9dff1b,b1c428d6-4f07-31e0-90f0-68ffa6ff8c76,50b9cd5b-c15a-4338-8e03-852832310712,705129,Nitroglycerin 0.4 MG/ACTUAT Mucosal Spray,222.14,0.00,187,41540.18,,
1994-03-12,,3766774f-62e2-4bce-b732-2e446d9dff1b,b1c428d6-4f07-31e0-90f0-68ffa6ff8c76,aa752b3d-719c-4162-9814-60604dd95412,197361,Amlodipine 5 MG Oral Tablet,40.11,0.00,163,6537.93,,
1997-03-29,,3766774f-62e2-4bce-b732-2e446d9dff1b,b1c428d6-4f07-31e0-90f0-68ffa6ff8c76,9d1f53e7-b02f-4d6d-b223-b49cb977fa7b,309362,Clopidogrel 75 MG Oral Tablet,23.07,0.00,126,2906.82,,
2007-07-28,2007-07-28,3766774f-62e2-4bce-b732-2e446d9dff1b,b1c428d6-4f07-31e0-90f0-68ffa6ff8c76,2adcc61b-c4f3-4e03-a7f8-76b53f5a0e14,1660014,1 ML Epinephrine 1 MG/ML Injection,4.57,0.00,1,4.57,,
2007-07-28,2007-07-28,3766774f-62e2-4bce-b732-2e446d9dff1b,b1c428d6-4f07-31e0-90f0-68ffa6ff8c76,2adcc61b-c4f3-4e03-a7f8-76b53f5a0e14,834357,3 ML Amiodarone hydrocholoride 50 MG/ML Prefilled Syringe,163.64,0.00,1,163.64,,
2007-07-28,2007-07-28,3766774f-62e2-4bce-b732-2e446d9dff1b,b1c428d6-4f07-31e0-90f0-68ffa6ff8c76,2adcc61b-c4f3-4e03-a7f8-76b53f5a0e14,1190795,Atropine Sulfate 1 MG/ML Injectable Solution,11.12,0.00,1,11.12,,
2019-11-13,2019-11-20,9147f0fd-ae79-4105-927a-6aec42632595,b1c428d6-4f07-31e0-90f0-68ffa6ff8c76,cf0bd9f1-7584-4c64-9b40-20d314ab4528,311989,Nitrofurantoin 5 MG/ML Oral Suspension,830.55,0.00,1,830.55,38822007,Cystitis
2019-11-13,2019-11-20,9147f0fd-ae79-4105-927a-6aec42632595,b1c428d6-4f07-31e0-90f0-68ffa6ff8c76,cf0bd9f1-7584-4c64-9b40-20d314ab4528,1094107,Phenazopyridine hydrochloride 100 MG Oral Tablet,15.75,0.00,1,15.75,38822007,Cystitis
2012-04-22,2012-04-29,b8be4f5f-285c-4a33-8aa5-c392259f5c66,b1c428d6-4f07-31e0-90f0-68ffa6ff8c76,9980d584-e3be-4003-8f1c-f34a7059230c,311989,Nitrofurantoin 5 MG/ML Oral Suspension,1163.96,0.00,1,1163.96,301011002,Escherichia coli urinary tract infection
2012-04-22,2012-04-29,b8be4f5f-285c-4a33-8aa5-c392259f5c66,b1c428d6-4f07-31e0-90f0-68ffa6ff8c76,9980d584-e3be-4003-8f1c-f34a7059230c,1094107,Phenazopyridine hydrochloride 100 MG Oral Tablet,39.87,0.00,1,39.87,301011002,Escherichia coli urinary tract infection
2010-06-29,2010-07-06,a694a5d5-21ea-4016-9a66-699806d97651,b1c428d6-4f07-31e0-90f0-68ffa6ff8c76,279a707c-0afc-4044-99b5-fe2357fccc26,311989,Nitrofurantoin 5 MG/ML Oral Suspension,3135.64,0.00,1,3135.64,38822007,Cystitis
2010-06-29,2010-07-06,a694a5d5-21ea-4016-9a66-699806d97651,b1c428d6-4f07-31e0-90f0-68ffa6ff8c76,279a707c-0afc-4044-99b5-fe2357fccc26,1094107,Phenazopyridine hydrochloride 100 MG Oral Tablet,22.91,0.00,1,22.91,38822007,Cystitis
2015-08-01,2015-08-08,a694a5d5-21ea-4016-9a66-699806d97651,b1c428d6-4f07-31e0-90f0-68ffa6ff8c76,521b20ca-5921-4f84-b256-9fc4e4e09130,311989,Nitrofurantoin 5 MG/ML Oral Suspension,998.09,0.00,1,998.09,38822007,Cystitis
2015-08-01,2015-08-08,a694a5d5-21ea-4016-9a66-699806d97651,b1c428d6-4f07-31e0-90f0-68ffa6ff8c76,521b20ca-5921-4f84-b256-9fc4e4e09130,1094107,Phenazopyridine hydrochloride 100 MG Oral Tablet,12.56,0.00,1,12.56,38822007,Cystitis
1977-06-23,,0dbb63cf-da5d-4847-ac4d-a2a0720b6024,b1c428d6-4f07-31e0-90f0-68ffa6ff8c76,3ed7bf50-5e1d-469e-9738-a5838d902939,705129,Nitroglycerin 0.4 MG/ACTUAT Mucosal Spray,59.08,0.00,520,30721.60,,
1991-09-12,,0dbb63cf-da5d-4847-ac4d-a2a0720b6024,b1c428d6-4f07-31e0-90f0-68ffa6ff8c76,b9926952-df8b-41b2-81c5-754b3c54d39c,312961,Simvastatin 20 MG Oral Tablet,15.41,0.00,346,5331.86,,
1994-09-29,,0dbb63cf-da5d-4847-ac4d-a2a0720b6024,b1c428d6-4f07-31e0-90f0-68ffa6ff8c76,33e7a1ca-9269-4c69-bad9-a3a53f3b3b00,197361,Amlodipine 5 MG Oral Tablet,10.22,0.00,309,3157.98,,
1997-10-16,,0dbb63cf-da5d-4847-ac4d-a2a0720b6024,b1c428d6-4f07-31e0-90f0-68ffa6ff8c76,dc7f769a-7735-4525-b9ac-4948235293fe,309362,Clopidogrel 75 MG Oral Tablet,78.71,0.00,272,21409.12,,
2000-09-12,2018-03-06,a4c2dd38-48c8-421b-8ce7-a24f1b740830,b1c428d6-4f07-31e0-90f0-68ffa6ff8c76,74544676-dfb2-4287-ac1b-63e5eb80cfec,309362,Clopidogrel 75 MG Oral Tablet,75.92,0.00,212,16095.04,,
2000-09-12,,a4c2dd38-48c8-421b-8ce7-a24f1b740830,b1c428d6-4f07-31e0-90f0-68ffa6ff8c76,74544676-dfb2-4287-ac1b-63e5eb80cfec,312961,Simvastatin 20 MG Oral Tablet,18.91,0.00,237,4481.67,,
2000-09-12,,a4c2dd38-48c8-421b-8ce7-a24f1b740830,b1c428d6-4f07-31e0-90f0-68ffa6ff8c76,74544676-dfb2-4287-ac1b-63e5eb80cfec,197361,Amlodipine 5 MG Oral Tablet,18.05,0.00,237,4277.85,,
2000-09-12,,a4c2dd38-48c8-421b-8ce7-a24f1b740830,b1c428d6-4f07-31e0-90f0-68ffa6ff8c76,74544676-dfb2-4287-ac1b-63e5eb80cfec,705129,Nitroglycerin 0.4 MG/ACTUAT Mucosal Spray,180.72,0.00,237,42830.64,,
2018-03-06,2018-03-06,a4c2dd38-48c8-421b-8ce7-a24f1b740830,b1c428d6-4f07-31e0-90f0-68ffa6ff8c76,d1ceaa70-0a12-4b86-8a3c-e6b0ac595d12,1804799,Alteplase 100 MG Injection,6121.38,0.00,1,6121.38,,
2018-12-25,,a4c2dd38-48c8-421b-8ce7-a24f1b740830,b1c428d6-4f07-31e0-90f0-68ffa6ff8c76,fd572c2a-3760-40b0-95c5-c1be3ebdc6a5,309362,Clopidogrel 75 MG Oral Tablet,97.66,0.00,14,1367.24,,
2004-12-15,,ca9602ce-e4c9-4308-aaa1-5a9d90706a25,b1c428d6-4f07-31e0-90f0-68ffa6ff8c76,c95a4105-46b9-4e8e-91f3-4a72f6202937,309362,Clopidogrel 75 MG Oral Tablet,64.51,0.00,53,3419.03,,
2004-12-15,,ca9602ce-e4c9-4308-aaa1-5a9d90706a25,b1c428d6-4f07-31e0-90f0-68ffa6ff8c76,c95a4105-46b9-4e8e-91f3-4a72f6202937,312961,Simvastatin 20 MG Oral Tablet,21.16,0.00,53,1121.48,,
2004-12-15,,ca9602ce-e4c9-4308-aaa1-5a9d90706a25,b1c428d6-4f07-31e0-90f0-68ffa6ff8c76,c95a4105-46b9-4e8e-91f3-4a72f6202937,197361,Amlodipine 5 MG Oral Tablet,23.06,0.00,53,1222.18,,
2004-12-15,,ca9602ce-e4c9-4308-aaa1-5a9d90706a25,b1c428d6-4f07-31e0-90f0-68ffa6ff8c76,c95a4105-46b9-4e8e-91f3-4a72f6202937,705129,Nitroglycerin 0.4 MG/ACTUAT Mucosal Spray,140.91,0.00,53,7468.23,,
2009-05-06,2009-05-06,ca9602ce-e4c9-4308-aaa1-5a9d90706a25,b1c428d6-4f07-31e0-90f0-68ffa6ff8c76,f306c00f-8ca1-4e84-8c66-0508e6ce1f61,1660014,1 ML Epinephrine 1 MG/ML Injection,2.36,0.00,1,2.36,,
2009-05-06,2009-05-06,ca9602ce-e4c9-4308-aaa1-5a9d90706a25,b1c428d6-4f07-31e0-90f0-68ffa6ff8c76,f306c00f-8ca1-4e84-8c66-0508e6ce1f61,834357,3 ML Amiodarone hydrocholoride 50 MG/ML Prefilled Syringe,29.33,0.00,1,29.33,,
2009-05-06,2009-05-06,ca9602ce-e4c9-4308-aaa1-5a9d90706a25,b1c428d6-4f07-31e0-90f0-68ffa6ff8c76,f306c00f-8ca1-4e84-8c66-0508e6ce1f61,1190795,Atropine Sulfate 1 MG/ML Injectable Solution,29.51,0.00,1,29.51,,
2019-11-21,2019-11-21,8c69cb9f-f422-4ed8-a274-83c65dec1558,b1c428d6-4f07-31e0-90f0-68ffa6ff8c76,783d4889-acc0-4811-aa8a-d480f06738a8,1660014,1 ML Epinephrine 1 MG/ML Injection,2.71,0.00,1,2.71,,
2019-11-21,2019-11-21,8c69cb9f-f422-4ed8-a274-83c65dec1558,b1c428d6-4f07-31e0-90f0-68ffa6ff8c76,783d4889-acc0-4811-aa8a-d480f06738a8,834357,3 ML Amiodarone hydrocholoride 50 MG/ML Prefilled Syringe,85.46,0.00,1,85.46,,
2019-11-21,2019-11-21,8c69cb9f-f422-4ed8-a274-83c65dec1558,b1c428d6-4f07-31e0-90f0-68ffa6ff8c76,783d4889-acc0-4811-aa8a-d480f06738a8,1190795,Atropine Sulfate 1 MG/ML Injectable Solution,15.00,0.00,1,15.00,,
1957-02-28,2014-09-11,7baf42b1-0840-4a06-bd23-f5a50fb3cb10,b1c428d6-4f07-31e0-90f0-68ffa6ff8c76,53491970-7147-4e89-b356-640f1048c3bf,705129,Nitroglycerin 0.4 MG/ACTUAT Mucosal Spray,273.97,0.00,700,191779.00,,
1991-09-12,,7baf42b1-0840-4a06-bd23-f5a50fb3cb10,b1c428d6-4f07-31e0-90f0-68ffa6ff8c76,c8a157d9-227c-4997-acea-1ba5b63ae7b1,312961,Simvastatin 20 MG Oral Tablet,14.43,0.00,346,4992.78,,
1994-09-29,,7baf42b1-0840-4a06-bd23-f5a50fb3cb10,b1c428d6-4f07-31e0-90f0-68ffa6ff8c76,8ec5c463-7e9a-490b-a520-696788129d52,197361,Amlodipine 5 MG Oral Tablet,24.28,0.00,309,7502.52,,
1997-10-16,2014-09-11,7baf42b1-0840-4a06-bd23-f5a50fb3cb10,b1c428d6-4f07-31e0-90f0-68ffa6ff8c76,e6b4636c-4e7f-4c5a-aeee-814251be9ea7,309362,Clopidogrel 75 MG Oral Tablet,31.47,0.00,205,6451.35,,
2014-09-11,2014-09-11,7baf42b1-0840-4a06-bd23-f5a50fb3cb10,b1c428d6-4f07-31e0-90f0-68ffa6ff8c76,4e093c59-276f-454c-b90c-873e73240466,259255,Atorvastatin 80 MG Oral Tablet,68.15,0.00,1,68.15,,
2014-09-11,2014-09-11,7baf42b1-0840-4a06-bd23-f5a50fb3cb10,b1c428d6-4f07-31e0-90f0-68ffa6ff8c76,4e093c59-276f-454c-b90c-873e73240466,833036,Captopril 25 MG Oral Tablet,137.10,0.00,1,137.10,,
2015-01-22,,7baf42b1-0840-4a06-bd23-f5a50fb3cb10,b1c428d6-4f07-31e0-90f0-68ffa6ff8c76,d8ee7d63-be28-4b55-9d8c-52b8b29ee043,309362,Clopidogrel 75 MG Oral Tablet,36.72,0.00,62,2276.64,,
2015-01-22,,7baf42b1-0840-4a06-bd23-f5a50fb3cb10,b1c428d6-4f07-31e0-90f0-68ffa6ff8c76,d8ee7d63-be28-4b55-9d8c-52b8b29ee043,705129,Nitroglycerin 0.4 MG/ACTUAT Mucosal Spray,138.18,0.00,62,8567.16,,
1995-10-25,,c365b6d6-9af6-4e92-99df-af9611d84be3,b1c428d6-4f07-31e0-90f0-68ffa6ff8c76,269e8486-f2af-4c42-b376-953719d1c82e,312961,Simvastatin 20 MG Oral Tablet,21.17,0.00,40,846.80,,
1995-10-25,,c365b6d6-9af6-4e92-99df-af9611d84be3,b1c428d6-4f07-31e0-90f0-68ffa6ff8c76,269e8486-f2af-4c42-b376-953719d1c82e,197361,Amlodipine 5 MG Oral Tablet,40.31,0.00,40,1612.40,,
1995-10-25,,c365b6d6-9af6-4e92-99df-af9611d84be3,b1c428d6-4f07-31e0-90f0-68ffa6ff8c76,269e8486-f2af-4c42-b376-953719d1c82e,705129,Nitroglycerin 0.4 MG/ACTUAT Mucosal Spray,89.17,0.00,40,3566.80,,
1997-11-05,,c365b6d6-9af6-4e92-99df-af9611d84be3,b1c428d6-4f07-31e0-90f0-68ffa6ff8c76,9719ab23-0ec4-4c31-8528-b3a94a3d2ccc,309362,Clopidogrel 75 MG Oral Tablet,58.00,0.00,15,870.00,,
1999-02-17,1999-02-17,c365b6d6-9af6-4e92-99df-af9611d84be3,b1c428d6-4f07-31e0-90f0-68ffa6ff8c76,7d0f5aff-dc34-482c-af2a-dc21d30556e4,1660014,1 ML Epinephrine 1 MG/ML Injection,4.55,0.00,1,4.55,,
1999-02-17,1999-02-17,c365b6d6-9af6-4e92-99df-af9611d84be3,b1c428d6-4f07-31e0-90f0-68ffa6ff8c76,7d0f5aff-dc34-482c-af2a-dc21d30556e4,834357,3 ML Amiodarone hydrocholoride 50 MG/ML Prefilled Syringe,250.36,0.00,1,250.36,,
1999-02-17,1999-02-17,c365b6d6-9af6-4e92-99df-af9611d84be3,b1c428d6-4f07-31e0-90f0-68ffa6ff8c76,7d0f5aff-dc34-482c-af2a-dc21d30556e4,1190795,Atropine Sulfate 1 MG/ML Injectable Solution,33.38,0.00,1,33.38,,
2012-02-03,2012-02-10,07d3ebe8-e561-4194-bd75-ceb7830cd029,b1c428d6-4f07-31e0-90f0-68ffa6ff8c76,41cc18b8-3938-4806-955a-da895614313c,311989,Nitrofurantoin 5 MG/ML Oral Suspension,313.89,0.00,1,313.89,301011002,Escherichia coli urinary tract infection
2012-02-03,2012-02-10,07d3ebe8-e561-4194-bd75-ceb7830cd029,b1c428d6-4f07-31e0-90f0-68ffa6ff8c76,41cc18b8-3938-4806-955a-da895614313c,1094107,Phenazopyridine hydrochloride 100 MG Oral Tablet,38.68,0.00,1,38.68,301011002,Escherichia coli urinary tract infection
2009-04-29,2011-07-27,07cc6336-f548-4073-9ca0-ceb778de3e40,b1c428d6-4f07-31e0-90f0-68ffa6ff8c76,2ab6eafb-f5e1-40d3-98cc-df23d686b3a5,309362,Clopidogrel 75 MG Oral Tablet,90.38,0.00,27,2440.26,,
2009-04-29,,07cc6336-f548-4073-9ca0-ceb778de3e40,b1c428d6-4f07-31e0-90f0-68ffa6ff8c76,2ab6eafb-f5e1-40d3-98cc-df23d686b3a5,312961,Simvastatin 20 MG Oral Tablet,16.36,0.00,27,441.72,,
2009-04-29,,07cc6336-f548-4073-9ca0-ceb778de3e40,b1c428d6-4f07-31e0-90f0-68ffa6ff8c76,2ab6eafb-f5e1-40d3-98cc-df23d686b3a5,197361,Amlodipine 5 MG Oral Tablet,45.26,0.00,27,1222.02,,
2009-04-29,2011-07-27,07cc6336-f548-4073-9ca0-ceb778de3e40,b1c428d6-4f07-31e0-90f0-68ffa6ff8c76,2ab6eafb-f5e1-40d3-98cc-df23d686b3a5,705129,Nitroglycerin 0.4 MG/ACTUAT Mucosal Spray,260.52,0.00,27,7034.04,,
2011-07-27,2011-07-27,07cc6336-f548-4073-9ca0-ceb778de3e40,b1c428d6-4f07-31e0-90f0-68ffa6ff8c76,b2c7a4f8-4f5a-4dfa-8a4c-d34ddd821592,259255,Atorvastatin 80 MG Oral Tablet,372.35,0.00,1,372.35,,
2011-07-27,2011-07-27,07cc6336-f548-4073-9ca0-ceb778de3e40,b1c428d6-4f07-31e0-90f0-68ffa6ff8c76,b2c7a4f8-4f5a-4dfa-8a4c-d34ddd821592,833036,Captopril 25 MG Oral Tablet,46.86,0.00,1,46.86,,
2013-11-05,2013-11-12,9297d6c6-4e67-45a0-87a1-5c9e2d850620,b1c428d6-4f07-31e0-90f0-68ffa6ff8c76,13da9744-1c79-446c-82ae-99d5211123ad,311989,Nitrofurantoin 5 MG/ML Oral Suspension,391.74,0.00,1,391.74,301011002,Escherichia coli urinary tract infection
2013-11-05,2013-11-12,9297d6c6-4e67-45a0-87a1-5c9e2d850620,b1c428d6-4f07-31e0-90f0-68ffa6ff8c76,13da9744-1c79-446c-82ae-99d5211123ad,1094107,Phenazopyridine hydrochloride 100 MG Oral Tablet,42.39,0.00,1,42.39,301011002,Escherichia coli urinary tract infection
2011-09-17,2011-09-17,289e05f4-4e3b-487c-a1cd-648c85f081f0,b1c428d6-4f07-31e0-90f0-68ffa6ff8c76,ab87afa7-bd77-4927-8931-999b948fdf6d,309362,Clopidogrel 75 MG Oral Tablet,107.33,0.00,1,107.33,,
2011-09-17,2011-09-17,289e05f4-4e3b-487c-a1cd-648c85f081f0,b1c428d6-4f07-31e0-90f0-68ffa6ff8c76,ab87afa7-bd77-4927-8931-999b948fdf6d,1804799,Alteplase 100 MG Injection,6421.95,0.00,1,6421.95,,
1979-12-05,1982-01-13,b57b559c-c4cb-4fce-ada6-534705587c26,b1c428d6-4f07-31e0-90f0-68ffa6ff8c76,61b2c0f3-56c7-4924-9dd0-069dd6bb6451,705129,Nitroglycerin 0.4 MG/ACTUAT Mucosal Spray,92.19,0.00,25,2304.75,,
1982-01-13,1982-01-13,b57b559c-c4cb-4fce-ada6-534705587c26,b1c428d6-4f07-31e0-90f0-68ffa6ff8c76,641b8f91-abf0-4106-9148-e0726ba71cb5,833036,Captopril 25 MG Oral Tablet,50.82,0.00,1,50.82,,
2018-11-02,2018-11-02,b8662328-c79a-4778-b3c6-864a73a206a3,b1c428d6-4f07-31e0-90f0-68ffa6ff8c76,0add1128-b539-4a8c-9c33-d213b965efcc,1660014,1 ML Epinephrine 1 MG/ML Injection,4.29,0.00,1,4.29,,
2018-11-02,2018-11-02,b8662328-c79a-4778-b3c6-864a73a206a3,b1c428d6-4f07-31e0-90f0-68ffa6ff8c76,0add1128-b539-4a8c-9c33-d213b965efcc,834357,3 ML Amiodarone hydrocholoride 50 MG/ML Prefilled Syringe,29.43,0.00,1,29.43,,
2018-11-02,2018-11-02,b8662328-c79a-4778-b3c6-864a73a206a3,b1c428d6-4f07-31e0-90f0-68ffa6ff8c76,0add1128-b539-4a8c-9c33-d213b965efcc,1190795,Atropine Sulfate 1 MG/ML Injectable Solution,23.94,0.00,1,23.94,,
2002-05-05,,6e784dc1-3bdf-42c6-82f8-4c5ddf659ad4,b1c428d6-4f07-31e0-90f0-68ffa6ff8c76,2570357b-4224-4647-adca-7f8bb8a4b509,309362,Clopidogrel 75 MG Oral Tablet,114.53,0.00,217,24853.01,,
2002-05-05,,6e784dc1-3bdf-42c6-82f8-4c5ddf659ad4,b1c428d6-4f07-31e0-90f0-68ffa6ff8c76,2570357b-4224-4647-adca-7f8bb8a4b509,312961,Simvastatin 20 MG Oral Tablet,10.87,0.00,217,2358.79,,
2002-05-05,,6e784dc1-3bdf-42c6-82f8-4c5ddf659ad4,b1c428d6-4f07-31e0-90f0-68ffa6ff8c76,2570357b-4224-4647-adca-7f8bb8a4b509,197361,Amlodipine 5 MG Oral Tablet,46.43,0.00,217,10075.31,,
2002-05-05,,6e784dc1-3bdf-42c6-82f8-4c5ddf659ad4,b1c428d6-4f07-31e0-90f0-68ffa6ff8c76,2570357b-4224-4647-adca-7f8bb8a4b509,705129,Nitroglycerin 0.4 MG/ACTUAT Mucosal Spray,352.74,0.00,217,76544.58,,
