Id,BIRTHDATE,DEATHDATE,SSN,DRIVERS,PASSPORT,PREFIX,FIRST,LAST,SUFFIX,MAIDEN,MARITAL,RACE,ETHNICITY,GENDER,BIRTHPLACE,ADDRESS,CITY,STATE,COUNTY,ZIP,LAT,LON,HEALTHCARE_EXPENSES,HEALTHCARE_COVERAGE
36a579f8-7fc0-4471-95af-98dac30af869,2004-03-16,,999-90-3565,,,,Dion,Kaatrakoski,,,,white,nonhispanic,M,Helsinki  Uusimaa  FI,431 Apukka Katu,Järvenpää,Uusimaa,Järvenpää,04400,60.46663141209115,25.036760409133347,3000.0,0.0
d7854c0d-278a-4243-ae63-f02a8b46a0e8,1982-06-25,,999-87-9919,S99972611,X12332625X,Mr.,Joao,Elimäki,,,M,white,nonhispanic,M,Sipoo  Uusimaa  FI,851 Silenius Katu,Helsinki,Uusimaa,Helsinki,00370,60.1963489639158,25.034197278769312,4250.0,0.0
b088d029-2eec-446a-ad4a-ab366542ce02,1981-03-12,,999-98-5014,S99998445,X472887X,Mrs.,Veela,Pääskynen,,Ottosson,M,white,nonhispanic,F,Nurmijärvi  Uusimaa  FI,666 Kerätär Katu Suite 96,Espoo,Uusimaa,Espoo,02980,60.15371978708588,24.662864845818685,4250.0,0.0
5c793b34-d5ac-47e6-9f5f-38c0b6ce12b8,1942-05-25,1993-11-15,999-62-9159,S99999078,X20126520X,Ms.,Ros-Maj,Näivö,,,S,white,nonhispanic,F,Kerava  Uusimaa  FI,886 Rantakari Katu,Helsinki,Uusimaa,Helsinki,00230,60.194499762747476,24.953789366854867,11380.07,0.0
7a18095d-2057-4810-84c8-a77fbaefc1fe,1956-07-14,,999-50-4125,S99927672,X80032368X,Mr.,Abdihakim,Puurila,,,S,white,nonhispanic,M,Vantaa  Uusimaa  FI,670 Lonkainen Katu Unit 7,Kirkkonummi,Uusimaa,Kirkkonummi,02420,60.18038733143252,24.474360724516558,6625.0,0.0
4aaf39bf-bcbd-4023-991a-2e73e5871a47,1955-04-09,,999-20-2836,S99968707,X67624018X,Mrs.,Karla,Turpiainen,,Gaye,M,white,nonhispanic,F,Helsinki  Uusimaa  FI,170 Uusikylä Katu,Espoo,Uusimaa,Espoo,02330,60.17438524258687,24.799868229839745,6750.0,0.0
bc3f183e-e4e3-43cc-a652-2530bac3b591,1957-11-22,,999-30-5961,S99956954,X10674238X,Mrs.,Emma-Julia,Vappula,,Hakosalmi,M,white,nonhispanic,F,Helsinki  Uusimaa  FI,211 Hepoaho Katu Apt 20,Vantaa,Uusimaa,Vantaa,01740,60.32587363607532,25.135089819300013,7250.0,0.0
3766774f-62e2-4bce-b732-2e446d9dff1b,1963-12-21,2007-07-28,999-28-4915,S99961231,X48761505X,Mr.,Astor,Santalainen,,,S,white,nonhispanic,M,Helsinki  Uusimaa  FI,268 Koukku Katu,Nurmijärvi,Uusimaa,Nurmijärvi,01820,60.339742171335786,24.689019830102865,6054.33,0.0
527c8c78-fc5c-41bc-8d60-842fefdb486a,1976-05-15,,999-21-1422,S99978689,X39537285X,Mrs.,Maura,Kaislasuo,,Siika-aho,M,white,nonhispanic,F,Helsinki  Uusimaa  FI,418 Koivuoja Katu,Pornainen,Uusimaa,Pornainen,07150,60.481662515459604,25.33098924020744,4500.0,0.0
3aae13a7-7bff-4265-bf66-983f0146bf55,1954-05-19,,999-83-2851,S99969283,X38289406X,Mrs.,Marion,Wiman,,Hinkka,M,white,nonhispanic,F,Espoo  Uusimaa  FI,910 Rautén Katu Apt 18,Helsinki,Uusimaa,Helsinki,00290,60.20000149620582,25.059514756420175,6875.0,0.0
43b678c7-9d6a-4e84-8f9b-0536553ebb57,1987-01-01,,999-80-9510,S99961523,X46665771X,Mr.,Mohamed,Pepponen,,,M,white,nonhispanic,M,Vantaa  Uusimaa  FI,1031 Auterinen Katu,Helsinki,Uusimaa,Helsinki,00380,60.182777789509885,24.943302414282897,4000.0,0.0
21f0505a-f278-48af-a2bd-e9c88646d0cb,1988-12-21,,999-11-2460,S99997436,X56800768X,Mrs.,Leene,Backgren,,Aksoy,M,white,nonhispanic,F,Helsinki  Uusimaa  FI,1021 Ala-Louvesniemi Katu,Vantaa,Uusimaa,Vantaa,01280,60.318835024086304,24.826895889543884,4000.0,0.0
d273e9e4-cbad-40bd-9849-a7c1e130d322,1986-03-03,,999-98-9575,S99985652,X89931765X,Mrs.,Merilla,Pyynönen,,Kauhanen,M,white,nonhispanic,F,Vantaa  Uusimaa  FI,1054 Mäki-Soini Katu Apt 51,Helsinki,Uusimaa,Helsinki,00560,60.19683473653944,24.881556872885668,4000.0,0.0
18b61004-2438-44a4-914a-83c650d655d1,1947-12-10,,999-10-3627,S99922684,X31931386X,Mr.,Ramzi,Tupitsa,,,M,white,nonhispanic,M,Helsinki  Uusimaa  FI,399 Hedkrok Katu Unit 71,Lohja,Uusimaa,Lohja,08360,60.3128853049208,23.900295369075195,7625.0,0.0
1499ce18-aa68-428b-ba54-9a9f6b6295eb,2015-03-10,,999-97-7410,,,,Tayfun,Santaholma,,,,white,nonhispanic,M,Helsinki  Uusimaa  FI,690 Martinoff Katu,Vantaa,Uusimaa,Vantaa,01510,60.25788948660426,24.857177317845295,1750.0,0.0
9147f0fd-ae79-4105-927a-6aec42632595,1977-10-16,,999-24-1654,S99993240,X56326508X,Mrs.,Anna-Katarina,Goldberg,,Valjanen,M,white,nonhispanic,F,Espoo  Uusimaa  FI,1027 Into Katu Apt 85,Vantaa,Uusimaa,Vantaa,01610,60.26595802951947,24.84239948217136,4625.0,0.0
2f61c29d-8f21-4dbd-9efe-92d857fcee52,1963-12-21,,999-14-5153,S99949739,X88900468X,Mr.,Georges,Aulakoski,,,M,white,nonhispanic,M,Vantaa  Uusimaa  FI,792 Uusivuori Katu Apt 17,Nurmijärvi,Uusimaa,Nurmijärvi,05450,60.38686930975465,24.715178990526883,5750.0,0.0
ef78f0ea-4817-4c05-b093-39e4dea8cecf,1995-10-02,,999-93-3890,S99928415,X48556123X,Ms.,Iida-Sofia,Nikolaeva,,,,white,nonhispanic,F,Vantaa  Uusimaa  FI,978 Asikkala Katu Unit 67,Kerava,Uusimaa,Kerava,04200,60.39300117269646,25.103346260285836,3625.0,0.0
2d407f18-df26-474c-8262-99bc1ea77560,1942-05-25,,999-67-1023,S99983247,X26939575X,Ms.,Omar,Hankia,,,S,white,nonhispanic,F,Kerava  Uusimaa  FI,627 Karra Katu,Helsinki,Uusimaa,Helsinki,00630,60.2247917053833,24.977655731901052,8375.0,0.0
79ef015f-cee2-43ad-a786-ce61b30e6d3d,1989-07-27,,999-57-5420,S99927695,X33354755X,Mrs.,La,Sotavalta,,Tirri,M,white,nonhispanic,F,Vantaa  Uusimaa  FI,1001 Huuskonen Katu Apt 56,Vantaa,Uusimaa,Vantaa,01630,60.27327490241629,24.82067185042691,3875.0,0.0
ba864b74-244e-40c9-9fa3-eebe143732ac,2019-06-05,,999-70-6199,,,,Jaajo,Juurikivi,,,,white,nonhispanic,M,Helsinki  Uusimaa  FI,121 Granlund Katu Unit 66,Karkkila,Uusimaa,Karkkila,03600,60.54915306067757,24.366898138748986,625.0,0.0
f1019c4e-387c-493d-88da-11dcc96cc247,2002-04-04,,999-11-1755,S99941677,,,Laurence,Niinistö,,,,white,nonhispanic,M,Helsinki  Uusimaa  FI,413 Törnqvist Katu,Järvenpää,Uusimaa,Järvenpää,04440,60.529026866508474,25.056159879092007,3250.0,0.0
a89c320f-321d-48cd-b36c-b317cd6dc89c,2012-10-22,,999-79-7007,,,,Juhaninpoika,Annila,,,,white,nonhispanic,M,Kerava  Uusimaa  FI,562 Hartell Katu,Vantaa,Uusimaa,Vantaa,01630,60.274951664031654,24.789096812692087,2000.0,0.0
c8d5efe8-dff7-4c8f-9107-a0829e543ef1,1946-07-28,,999-84-7389,S99948321,X21091786X,Ms.,Vania,Ala-Kanto,,,S,white,nonhispanic,F,Helsinki  Uusimaa  FI,1091 Kokka Katu,Vantaa,Uusimaa,Vantaa,01360,60.37337918093231,24.861773116954662,7875.0,0.0
fa0b5f59-10fb-45f8-8d81-90dc62b1a505,1958-04-01,,999-39-2375,S99925821,X20276647X,Mr.,Karri-Pekka,Kuoremäki,,,M,white,nonhispanic,M,Vantaa  Uusimaa  FI,459 Tupala Katu,Helsinki,Uusimaa,Helsinki,00310,60.216282688853596,24.94793615435229,6375.0,0.0
b8be4f5f-285c-4a33-8aa5-c392259f5c66,1955-04-13,,999-30-4970,S99932360,X55805225X,Mrs.,Raissa,Viherranta,,Iso-Kungas,M,white,nonhispanic,F,Helsinki  Uusimaa  FI,330 Tuomenoja Katu,Hanko,Uusimaa,Hanko,10960,59.87379529997306,23.072752250584838,6875.0,0.0
67fd09df-b398-4733-90be-fefba18afe1b,1983-05-26,,999-84-4716,S99987486,X22391155X,Mr.,Marcel,Tommola,,,M,white,nonhispanic,M,Helsinki  Uusimaa  FI,1060 Graf Katu,Vihti,Uusimaa,Vihti,03150,60.41324510093146,24.218837684699494,4125.0,0.0
15472695-5878-4b56-a1e6-318c3cd22d8d,1978-08-12,,999-59-5191,S99960227,X88878619X,Mr.,Fuat,Ortela,,,M,white,nonhispanic,M,Espoo  Uusimaa  FI,1055 Luukas Katu Suite 90,Lohja,Uusimaa,Lohja,08800,60.404790814335186,24.000047348240546,4375.0,0.0
e483e13a-a827-4222-b7f1-6d913ceac781,1944-09-02,,999-82-5917,S99953426,X15467980X,Mrs.,Berta,Vuoristo,,Pastinen,M,white,nonhispanic,F,Tuusula  Uusimaa  FI,876 Latva Katu Unit 56,Vantaa,Uusimaa,Vantaa,01700,60.28690953435395,25.13251084369141,8250.0,0.0
da38f461-a399-4d4d-96ce-4c5333e2bdd0,1981-07-15,,999-10-4234,S99975923,X76122507X,Mr.,Eera,Määränen,,,S,white,nonhispanic,M,Vantaa  Uusimaa  FI,1055 Day Katu Unit 72,Siuntio,Uusimaa,Siuntio,02490,60.104110620179924,24.342585709366737,4250.0,0.0
632f702a-d5ee-4b50-a940-afc75b522aed,1995-11-09,,999-17-9503,S99955859,X40874625X,Mr.,Younes,Pehkonen,,,,white,nonhispanic,M,Espoo  Uusimaa  FI,545 Rättäri Katu Unit 38,Helsinki,Uusimaa,Helsinki,00750,60.178922814760256,25.00646171321243,3625.0,0.0
65be7616-6a77-4cf9-9a61-101fe8f65206,1964-10-19,,999-87-4918,S99948773,X7830327X,Ms.,Elmi,Hallami,,,S,white,nonhispanic,F,Vantaa  Uusimaa  FI,318 Kalapudas Katu Apt 38,Vantaa,Uusimaa,Vantaa,01370,60.204616356628364,25.105661403607417,5625.0,0.0
8d248137-1af0-4300-b8d7-d14053d07845,1992-01-12,,999-27-1753,S99915415,X76307914X,Mr.,Lars-Eric,Korpi-Seppälä,,,M,white,nonhispanic,M,Espoo  Uusimaa  FI,913 Aranko Katu Suite 20,Lohja,Uusimaa,Lohja,03810,60.43155201986581,23.89270177892179,4103.44,0.0
a694a5d5-21ea-4016-9a66-699806d97651,1974-06-12,,999-69-4855,S99956241,X38581596X,Ms.,Sannamari,Alve,,,S,white,nonhispanic,F,Helsinki  Uusimaa  FI,142 Raidén Katu,Loviisa,Uusimaa,Loviisa,07910,60.61918779143877,26.027730467350665,4875.0,0.0
1983de7a-e8c6-4de9-b5e0-20d3941f5baa,1946-01-05,,999-36-2088,S99969654,X87084691X,Mr.,Abram,Hagen,,,M,white,nonhispanic,M,Helsinki  Uusimaa  FI,142 Helavirta Katu,Vantaa,Uusimaa,Vantaa,01400,60.36214213398948,25.034141639059758,8021.36,0.0
fb1550d3-2dba-4cd4-960d-84f589e8c15d,1982-11-13,,999-96-4289,S99930548,X22790081X,Mr.,Lenni-Kalle,Männynsalo,,,M,white,nonhispanic,M,Helsinki  Uusimaa  FI,684 Melkas Katu,Helsinki,Uusimaa,Helsinki,00440,60.23012431580789,24.972461524777184,4250.0,0.0
92b358d0-cdcf-427c-9f0e-0299e5fb97a1,1944-03-14,,999-40-4189,S99991567,X63647548X,Mrs.,Tiinamaija,Rellman,,Joki,M,white,nonhispanic,F,Helsinki  Uusimaa  FI,661 Värttö Katu,Helsinki,Uusimaa,Helsinki,00250,60.17459682308141,25.085917188464045,8125.0,0.0
14bf70be-6703-4abd-9a87-8a7e9b1f8a90,1988-11-25,,999-66-7400,S99937479,X87096062X,Ms.,Impi,Walther,,,S,white,nonhispanic,F,Helsinki  Uusimaa  FI,202 Kallaanvaara Katu,Helsinki,Uusimaa,Helsinki,00380,60.22341567777151,25.022010852510117,4000.0,0.0
10c7dd68-6be1-4400-b3dd-1b8ee73357cf,1981-09-17,,999-17-8447,S99939205,X77763776X,Mr.,Karlos,Tumanoff,,,M,white,nonhispanic,M,Helsinki  Uusimaa  FI,190 Mattsson Katu Suite 87,Helsinki,Uusimaa,Helsinki,00680,60.203917324479626,24.95080141760194,4250.0,0.0
0dbb63cf-da5d-4847-ac4d-a2a0720b6024,1967-06-15,,999-16-4464,S99965761,X36013153X,Mrs.,Salli,Rinta-Möykky,,Sievälä,M,white,nonhispanic,F,Helsinki  Uusimaa  FI,545 Zhang Katu Unit 57,Espoo,Uusimaa,Espoo,02200,60.13663263680519,24.87466571649721,7625.0,0.0
a4c2dd38-48c8-421b-8ce7-a24f1b740830,1939-07-11,,999-53-3642,S99976849,X41015648X,Mr.,Bengtsson,Saarnio,,,M,white,nonhispanic,M,Pornainen  Uusimaa  FI,774 Prinkkilä Katu,Vantaa,Uusimaa,Vantaa,01760,60.23823679706298,24.897715792932992,15072.3,0.0
ef4d9b7f-8746-4b8c-a3f7-ef7cec2df0cd,2006-04-03,,999-45-9905,,,,Kätlin,Huikko,,,,white,nonhispanic,F,Helsinki  Uusimaa  FI,671 Gästgivars Katu,Nurmijärvi,Uusimaa,Nurmijärvi,05250,60.45662892462118,24.806396759126958,2750.0,0.0
ca9602ce-e4c9-4308-aaa1-5a9d90706a25,1938-09-14,2009-05-06,999-90-8687,S99947408,X71873700X,Mr.,Erno,Ekqvist,,,M,white,nonhispanic,M,Helsinki  Uusimaa  FI,186 Kneckt Katu,Vantaa,Uusimaa,Vantaa,01400,60.36247915818204,25.11809523917975,7686.2,0.0
8c69cb9f-f422-4ed8-a274-83c65dec1558,1961-06-01,,999-97-5203,S99942473,X66573004X,Mr.,Elvin,Råmark,,,M,white,nonhispanic,M,Helsinki  Uusimaa  FI,595 Vestervik Katu Suite 28,Helsinki,Uusimaa,Helsinki,00750,60.18737488710531,24.959179693006483,6228.17,0.0
eb4e33ff-8d41-41f0-90f9-00cacdea3bfa,1998-06-12,,999-91-9905,S99992753,X43888816X,Ms.,Iiri,Sulanto,,,,white,nonhispanic,F,Helsinki  Uusimaa  FI,771 Havantola Katu,Helsinki,Uusimaa,Helsinki,00380,60.20197381042727,24.876588594415807,3500.0,0.0
2bc13d1e-5c91-4585-9fdd-6a2e3f28e5de,1953-08-29,,999-25-9160,S99998629,X65816516X,Mrs.,Lizette,Lillback,,Timperi,M,white,nonhispanic,F,Vantaa  Uusimaa  FI,1054 Sundblad Katu Unit 16,Helsinki,Uusimaa,Helsinki,00140,60.191111576445515,25.044529844870066,7250.0,0.0
7baf42b1-0840-4a06-bd23-f5a50fb3cb10,1934-12-27,,999-68-2333,S99943706,X52179935X,Ms.,Ruut,Alamikkula,,,S,white,nonhispanic,F,Espoo  Uusimaa  FI,186 Öztürk Katu Unit 92,Helsinki,Uusimaa,Helsinki,00600,60.149336182288266,24.895123504622592,12010.69,0.0
cb124d1c-ca68-41a6-b072-bd6c30967da4,1999-01-21,,999-48-8612,S99980399,X19658400X,Ms.,Piretta,Vuolukka,,,,white,nonhispanic,F,Helsinki  Uusimaa  FI,1084 Kortetmäki Katu,Raasepori,Uusimaa,Raasepori,10650,60.04695764283889,23.654055913912643,3500.0,0.0
ea5d03b1-44be-4024-9abf-6eba507a4900,1966-09-06,,999-80-3224,S99980317,X17502596X,Mrs.,Janissa,Kaapola,,Rasikannas,M,white,nonhispanic,F,Helsinki  Uusimaa  FI,302 Pikkuaho Katu Apt 19,Helsinki,Uusimaa,Helsinki,00740,60.10748660221157,24.954056049409754,5625.0,0.0
e0611ec5-1fd2-47a8-ad4d-a1d497faa371,2004-10-03,,999-71-6950,,,,Erhan,Halsti,,,,white,nonhispanic,M,Espoo  Uusimaa  FI,637 Alppiranta Katu Apt 73,Nurmijärvi,Uusimaa,Nurmijärvi,01840,60.36625336632008,24.600428650976628,3000.0,0.0
d6123a19-dfdf-4a34-8fbd-1d02ef6d6132,2007-10-12,,999-93-5607,,,,Gustavo,Ryymin,,,,white,nonhispanic,M,Espoo  Uusimaa  FI,1036 Cole Katu Unit 23,Tuusula,Uusimaa,Tuusula,04380,60.343560932585035,24.918430906429293,2625.0,0.0
02552ea6-4c30-44e4-b1d5-16a38fcb9047,1986-01-19,,999-59-3542,S99954488,X23549499X,Mr.,Magnusson,Kurko,,,M,white,nonhispanic,M,Kirkkonummi  Uusimaa  FI,1011 Ylläsjärvi Katu Unit 97,Vantaa,Uusimaa,Vantaa,01690,60.240214444305636,25.140943828382643,4000.0,0.0
caa961bb-aecd-46d6-aafe-2d7886aeaed9,2015-10-17,,999-52-1552,,,,Dong,Lojander,,,,white,nonhispanic,M,Helsinki  Uusimaa  FI,675 Kuustonen Katu,Nurmijärvi,Uusimaa,Nurmijärvi,01830,60.45321549307216,24.90977296879012,1625.0,0.0
ad7f15be-91e5-4de9-9e34-e2ce1931398a,1961-10-04,,999-17-7299,S99923434,X26492284X,Mrs.,Anna-Miia,Heng,,Simulainen,M,white,nonhispanic,F,Helsinki  Uusimaa  FI,433 Teriö Katu Unit 83,Lohja,Uusimaa,Lohja,08350,60.34201071624759,23.997122950139254,6125.0,0.0
c365b6d6-9af6-4e92-99df-af9611d84be3,1938-09-14,1999-02-17,999-78-8770,S99932490,X28382772X,Mr.,Onni-Matias,Varamäki,,,M,white,nonhispanic,M,Vantaa  Uusimaa  FI,507 Arva Katu Apt 95,Vantaa,Uusimaa,Vantaa,01380,60.3152385365613,24.82912241594051,6663.29,0.0
9ba2a7e8-5f04-4ea3-ab8a-57db99d52b92,1990-03-01,,999-99-3940,S99911023,X12586715X,Mr.,Ville-Martti,Vogel,,,M,white,nonhispanic,M,Järvenpää  Uusimaa  FI,121 Irvankoski Katu Apt 97,Nurmijärvi,Uusimaa,Nurmijärvi,01840,60.50483428921065,24.568363622183806,3875.0,0.0
dc2e4b63-b344-4204-8b41-bb39af9a6f32,1967-10-29,,999-32-8885,S99969261,X58110282X,Mr.,Nolan,Toivoniemi,,,M,white,nonhispanic,M,Helsinki  Uusimaa  FI,778 Roos Katu Unit 44,Helsinki,Uusimaa,Helsinki,00620,60.21685758889141,25.10755425326107,11931.61,0.0
0ff8d830-fc14-465a-8d8d-d8f702258146,1958-03-04,,999-25-4650,S99919295,X46815536X,Mrs.,Emmaliisa,Vesteri,,Ginlund,M,white,nonhispanic,F,Lohja  Uusimaa  FI,850 Tammikivi Katu,Porvoo,Uusimaa,Porvoo,06100,60.46982861995371,25.558898502899567,6750.0,0.0
9d116ba2-7391-48c3-9fec-3236aa661a55,2014-11-29,,999-25-2253,,,,Hans,Muteli,,,,white,nonhispanic,M,Helsinki  Uusimaa  FI,926 Leppäkoski Katu,Kerava,Uusimaa,Kerava,04260,60.38062000687808,25.168146618759835,1750.0,0.0
8c01cca8-1605-4028-a8a1-f5afae68006c,2016-05-25,,999-70-3644,,,,Ania,Raittila,,,,white,nonhispanic,F,Loviisa  Uusimaa  FI,381 Kainberg Katu,Vantaa,Uusimaa,Vantaa,01630,60.34297426465939,25.016861229852914,1500.0,0.0
5df8e51a-76c0-4071-ad1d-17a212929741,1994-08-18,,999-71-9604,S99939632,X74792656X,Ms.,Nene,Uusi-Simola,,,,white,nonhispanic,F,Helsinki  Uusimaa  FI,921 Vihmakoski Katu,Järvenpää,Uusimaa,Järvenpää,04430,60.49318740131724,25.053623199214243,3750.0,0.0
b51b4b83-a750-4bb4-9817-c1b856935545,2008-07-11,,999-65-4580,,,,Louisa,Tuohimaa,,,,white,nonhispanic,F,Helsinki  Uusimaa  FI,740 Urvikko Katu,Espoo,Uusimaa,Espoo,02650,60.2008745845828,24.845948976177265,2500.0,0.0
7403a233-aa0f-4ccd-9e31-428a854f4c7a,2004-10-24,,999-16-2483,,,,Van,Helomaa,,,,white,nonhispanic,F,Lapinjärvi  Uusimaa  FI,707 Poikkeus Katu Suite 97,Helsinki,Uusimaa,Helsinki,00580,60.26872794650756,25.05414089312179,3000.0,0.0
07d3ebe8-e561-4194-bd75-ceb7830cd029,1991-01-05,,999-26-5499,S99938030,X11939638X,Mrs.,Lotten,Leivonen,,Falkenbach,M,white,nonhispanic,F,Helsinki  Uusimaa  FI,632 Paulasto Katu,Vantaa,Uusimaa,Vantaa,01600,60.26496543063735,25.106828324543024,4000.0,0.0
f7d856bb-05ff-411d-8cb1-61fe409b288c,1985-06-21,,999-37-1755,S99961181,X2646205X,Mr.,Nabi,Vainioniemi,,,M,white,nonhispanic,M,Espoo  Uusimaa  FI,192 Viholainen Katu,Helsinki,Uusimaa,Helsinki,00360,60.18693300308465,24.871620587547948,4125.0,0.0
89dcde32-927f-4317-9437-4a0cb773a1b9,1996-03-12,,999-19-8759,S99977999,X80103641X,Mr.,Reda,Fischer,,,,white,nonhispanic,M,Helsinki  Uusimaa  FI,823 Riistaniemi Katu Unit 35,Vantaa,Uusimaa,Vantaa,01230,60.311642199438495,24.90691817120409,3625.0,0.0
c2f2d959-fc0f-4312-bd5d-4f469938ad91,1953-05-23,,999-94-2661,S99987389,X44683935X,Mrs.,Yu,Langer,,Korhonen,M,white,nonhispanic,F,Espoo  Uusimaa  FI,625 Hostila Katu,Vantaa,Uusimaa,Vantaa,01730,60.31808473768398,24.854923022788157,7000.0,0.0
c63e69cb-2ce1-4b28-a715-9c69281b0102,1939-02-03,,999-78-8563,S99915317,X39839329X,Mrs.,Magga,Uro,PhD,Reenkola,M,white,nonhispanic,F,Espoo  Uusimaa  FI,445 Nirhola Katu,Hyvinkää,Uusimaa,Hyvinkää,05830,60.563858454745734,24.786109855787327,8750.0,0.0
63bb050c-21eb-4187-a4ea-4493fe9bee42,1979-04-26,,999-74-7607,S99941295,X24320144X,Mr.,Villepekka,Kriikkula,,,M,white,nonhispanic,M,Porvoo  Uusimaa  FI,419 Simmala Katu Unit 0,Helsinki,Uusimaa,Helsinki,00100,60.18585767433897,25.00064590728988,4375.0,0.0
07cc6336-f548-4073-9ca0-ceb778de3e40,1952-03-19,2011-07-27,999-44-5792,S99927390,X64418624X,Mr.,Sointu,Åkesson,,,S,white,nonhispanic,M,Espoo  Uusimaa  FI,1028 Särkiö Katu,Helsinki,Uusimaa,Helsinki,00830,60.26867202131426,24.998926622277505,7020.11,0.0
84b5b6c7-4423-4243-872e-8ef2cb7ce6e1,1985-08-23,,999-55-9972,S99990453,X78567203X,Mr.,Pellervo,Handroos,MD,,M,white,nonhispanic,M,Vantaa  Uusimaa  FI,1040 Hedemäki Katu,Vantaa,Uusimaa,Vantaa,01200,60.307421980949094,25.0068549236743,4125.0,0.0
ed3ac268-8d7a-4d2c-a5ac-e972254de24f,1938-09-14,,999-75-9298,S99978997,X73250418X,Mr.,Anterus,Matalamäki,,,M,white,nonhispanic,M,Helsinki  Uusimaa  FI,1040 Hautalampi Katu,Vantaa,Uusimaa,Vantaa,01770,60.26571435851297,25.053853321450912,8750.0,0.0
554d5df0-7ad9-47fc-ad35-0b737b5018a3,2002-03-10,,999-11-6455,S99981557,,,Tuija-Liisa,Ots,,,,white,nonhispanic,F,Helsinki  Uusimaa  FI,523 Tjeder Katu,Porvoo,Uusimaa,Porvoo,07410,60.371112260141906,25.59941615778199,3250.0,0.0
9297d6c6-4e67-45a0-87a1-5c9e2d850620,1994-10-03,,999-72-2982,S99981427,X4363595X,Ms.,Madelen,Bergelin,,,,white,nonhispanic,F,Vantaa  Uusimaa  FI,349 Poikulainen Katu Unit 74,Helsinki,Uusimaa,Helsinki,00330,60.17366818226996,24.82644896902972,3875.0,0.0
ea8114f4-9f81-4b55-95c8-68c5e4f63f4e,1999-03-28,,999-35-1629,S99953477,X14828718X,Ms.,Martina,Pohjankivi,,,,white,nonhispanic,F,Vantaa  Uusimaa  FI,285 Autiosuo Katu Suite 49,Vihti,Uusimaa,Vihti,03250,60.37147149784401,24.50904802524996,3500.0,0.0
ea6944fd-750f-4540-8799-5fbac5acd410,2004-02-24,,999-62-2891,S99934376,,,Hanne,Honkapää,,,,white,nonhispanic,F,Vantaa  Uusimaa  FI,147 Cavén Katu,Espoo,Uusimaa,Espoo,02300,60.2040321207126,24.554147137802666,3000.0,0.0
289e05f4-4e3b-487c-a1cd-648c85f081f0,1953-04-25,,999-40-5751,S99916434,X752823X,Mrs.,Blanca,Elfström,,Hernesmaa,M,white,nonhispanic,F,Helsinki  Uusimaa  FI,1017 Kulju Katu Suite 79,Kirkkonummi,Uusimaa,Kirkkonummi,02420,60.153876607441774,24.558363435921994,13904.279999999999,0.0
e20706af-39cc-4f0e-a8e6-9d64ff39897c,1998-01-30,,999-33-9328,S99988040,X31329426X,Ms.,Jonina,Åkerfelt,,,,white,nonhispanic,F,Espoo  Uusimaa  FI,277 Öst Katu Suite 70,Vantaa,Uusimaa,Vantaa,01420,60.29793847228969,24.901881992036877,3500.0,0.0
f2135373-3732-4528-a28c-d03bb4c16d2d,2002-04-12,,999-91-2657,S99946623,,,Vilja-Maria,Nelin,,,,white,nonhispanic,F,Nurmijärvi  Uusimaa  FI,404 Arhipoff Katu,Vantaa,Uusimaa,Vantaa,01400,60.29697558756228,25.158504557623512,3250.0,0.0
6378f6e8-79c3-422e-8ec4-c5e76685dd1c,1952-09-20,,999-92-8488,S99946955,X69362094X,Mrs.,Meri-Helmi,Kivenjuuri,,Qvisén,M,white,nonhispanic,F,Espoo  Uusimaa  FI,637 Kykyri Katu,Lohja,Uusimaa,Lohja,08500,60.284896059071286,24.103058804960273,7250.0,0.0
b57b559c-c4cb-4fce-ada6-534705587c26,1961-10-11,1982-01-13,999-56-5000,S99976949,X40881975X,Mr.,Tanel,Takkala,,,,white,nonhispanic,M,Kirkkonummi  Uusimaa  FI,703 Khalif Katu,Helsinki,Uusimaa,Helsinki,00550,60.2243486237549,24.938099697157718,3893.01,0.0
74d33325-6d1b-49ae-953a-e139596c1c80,1954-12-03,,999-95-9060,S99937583,X24840037X,Mr.,Abel,Sojonen,,,M,white,nonhispanic,M,Espoo  Uusimaa  FI,969 Ylälehto Katu,Helsinki,Uusimaa,Helsinki,00670,60.19740926772538,25.085625127758494,6875.0,0.0
067caa9f-eee4-4c93-a466-bc9072a7fb82,1952-03-19,,999-79-2239,S99961368,X60002938X,Mr.,Raivo,Wasama,,,M,white,nonhispanic,M,Helsinki  Uusimaa  FI,966 Touru Katu Suite 16,Helsinki,Uusimaa,Helsinki,00400,60.171526565940646,25.075270363586263,7125.0,0.0
0ebe45c7-e0c1-4383-928a-ae90b4e91593,1983-07-26,,999-19-9053,S99966446,X57464947X,Mr.,Ollinpoika,Wirzenius,,,M,white,nonhispanic,M,Helsinki  Uusimaa  FI,720 Rytylä Katu Unit 10,Kerava,Uusimaa,Kerava,04220,60.39578143364538,25.13415801001717,4125.0,0.0
3ca523b7-1c70-48b9-adc9-c34d7b640fe0,1972-11-05,,999-80-1716,S99990344,X49106785X,Mrs.,Malin,Monthén,,Rantaharju,M,white,nonhispanic,F,Espoo  Uusimaa  FI,881 Näätänen Katu,Espoo,Uusimaa,Espoo,02260,60.192164552437724,24.703169703965003,4750.0,0.0
366835d8-ee3e-4bc7-b171-6e763cea0580,1971-09-30,,999-46-5477,S99916893,X7850767X,Mrs.,Janita,Permikangas,,Shire,M,white,nonhispanic,F,Lohja  Uusimaa  FI,173 Raasakka Katu Unit 56,Loviisa,Uusimaa,Loviisa,07990,60.39707542729366,26.15048306776876,4875.0,0.0
88f26e43-0744-47ee-98a4-75536158b1b0,2012-02-03,,999-44-2080,,,,Bodil,Wendt,,,,white,nonhispanic,F,Helsinki  Uusimaa  FI,108 Pönkänen Katu Suite 55,Helsinki,Uusimaa,Helsinki,00160,60.165924922456846,25.062607091000928,2125.0,0.0
1a29e59f-7c69-48c6-addb-2710173fcaeb,1929-04-23,,999-36-5312,S99940493,X38170327X,Mrs.,Rosa-Maria,Landen,,Jännäri,M,white,nonhispanic,F,Nurmijärvi  Uusimaa  FI,211 Flinkman Katu,Helsinki,Uusimaa,Helsinki,00250,60.30188449274718,24.883470187526292,10000.0,0.0
b295d0be-5ef6-461b-95f9-d2b36663eb5d,1989-10-19,,999-33-5429,S99939667,X76932453X,Mrs.,Satu-Maria,Käpylä,,Saaristo,M,white,nonhispanic,F,Kerava  Uusimaa  FI,761 Kaarlejärvi Katu,Helsinki,Uusimaa,Helsinki,00820,60.20848408148676,25.09883890226615,3875.0,0.0
1f5550c3-67c1-46ee-8581-0775db0d4b1a,1961-10-11,,999-88-1719,S99945892,X64517587X,Mr.,Nasir,Suontama,MD,,M,white,nonhispanic,M,Helsinki  Uusimaa  FI,511 Wester Katu Suite 57,Helsinki,Uusimaa,Helsinki,00920,60.20379382110227,24.94207406018235,6282.28,0.0
ef98e63a-2df1-4523-8deb-213fe85b0525,2002-04-19,,999-85-5730,S99910397,,,Jan-Åke,Kahilaluoma,,,,white,nonhispanic,M,Vantaa  Uusimaa  FI,1094 Buckman Katu,Helsinki,Uusimaa,Helsinki,00600,60.23796467610682,25.051429991796898,3250.0,0.0
50f37d7f-2de1-4c7e-b161-e45d47a7fbd1,1975-07-30,,999-87-1120,S99972604,X41620188X,Ms.,Neela,Veppling,,,S,white,nonhispanic,F,Lohja  Uusimaa  FI,595 Bäf Katu Unit 97,Espoo,Uusimaa,Espoo,02600,60.17531097813571,24.694086275790458,4625.0,0.0
bb3d0f8d-a457-4376-a4d3-eb217a4ff168,1981-05-15,,999-29-2905,S99960090,X52016742X,Mr.,Christoffer,Juhola,,,M,white,nonhispanic,M,Vantaa  Uusimaa  FI,554 Orjatsalo Katu,Helsinki,Uusimaa,Helsinki,00350,60.18081949766653,24.905009166187156,4250.0,0.0
68f9fc6e-2acd-476e-9142-84e9adfea13c,1947-02-16,,999-40-6263,S99972473,X86883954X,Mr.,Milian,Pirtonen,,,M,white,nonhispanic,M,Porvoo  Uusimaa  FI,299 Takatalo Katu,Nurmijärvi,Uusimaa,Nurmijärvi,01820,60.37565987496134,24.719373321584847,7750.0,0.0
906d84ed-0f98-4766-849c-674b93958475,1957-06-09,,999-65-2456,S99986030,X37929230X,Mr.,Esa-Matti,Lohenoja,,,M,white,nonhispanic,M,Espoo  Uusimaa  FI,884 Vanhanarkaus Katu,Raasepori,Uusimaa,Raasepori,10300,60.15246879251072,23.58031236579456,6500.0,0.0
b8662328-c79a-4778-b3c6-864a73a206a3,1989-02-03,,999-89-1747,S99958738,X21251617X,Mrs.,Nea-Emilia,Grönmark,,Hurskanen,M,white,nonhispanic,F,Helsinki  Uusimaa  FI,957 Hahtala Katu Unit 52,Tuusula,Uusimaa,Tuusula,05430,60.445359388621696,25.014374947958874,4307.66,0.0
b2dd355d-9e69-4de4-82f1-f44f1dc8feb9,1946-03-01,,999-21-2416,S99948705,X47602911X,Mrs.,Moa,Salihi,,Nemlander,M,white,nonhispanic,F,Porvoo  Uusimaa  FI,899 Thesleff Katu Unit 87,Lohja,Uusimaa,Lohja,08200,60.287765617888,24.026873386090145,7875.0,0.0
a5b87c0e-44be-40ce-a936-89b43c4ab063,2018-12-22,,999-94-3276,,,,Badal,Beloff,,,,white,nonhispanic,M,Kerava  Uusimaa  FI,302 Kecklund Katu,Helsinki,Uusimaa,Helsinki,00290,60.23606506303012,24.99447942124859,875.0,0.0
50b15055-e01c-4939-bd56-7ecc6ee1b178,1973-08-19,,999-66-5506,S99989999,X20018451X,Mr.,Syed,Norolahti,,,M,white,nonhispanic,M,Vantaa  Uusimaa  FI,154 Vallius Katu,Helsinki,Uusimaa,Helsinki,00290,60.19202102806587,24.850081989007176,4750.0,0.0
700c72dc-bd88-4f2f-8f89-f646575dcd77,1972-12-01,,999-23-3920,S99963357,X21665932X,Mrs.,Marle,Mässeli,,Kumin,M,white,nonhispanic,F,Kirkkonummi  Uusimaa  FI,531 Teronen Katu Suite 73,Espoo,Uusimaa,Espoo,02770,60.30371675038631,24.510473110141362,4875.0,0.0
d09cb616-dd87-42e5-b7a2-c8b1f0e6733a,1971-03-15,,999-32-9186,S99939883,X78343991X,Mr.,Grigory,Rasilainen,,,M,white,nonhispanic,M,Lohja  Uusimaa  FI,741 Karkkulainen Katu Apt 45,Helsinki,Uusimaa,Helsinki,00330,60.20879924367266,24.906116303423993,4875.0,0.0
d4913251-2df1-4a9a-a280-550d9ebb9cb5,1995-04-06,,999-78-4119,S99977390,X84641177X,Ms.,Tuulevi,Ehrnsten,,,,white,nonhispanic,F,Helsinki  Uusimaa  FI,541 Juhala Katu Unit 5,Helsinki,Uusimaa,Helsinki,00790,60.2036790519435,25.005059089076585,3625.0,0.0
e34c8e73-98f3-4f62-b1ee-5b2e47f3c14b,1970-03-29,,999-27-1027,S99943650,X30553121X,Mr.,León,Mellenius,,,S,white,nonhispanic,M,Vantaa  Uusimaa  FI,899 Hakuni Katu,Helsinki,Uusimaa,Helsinki,00360,60.213992516711805,25.07824673219335,4875.0,0.0
b1e3fc59-b5f0-4ce7-9390-4aec63a4661d,1962-04-18,,999-88-8735,S99933636,X43599602X,Mrs.,Leonilla,Pirttioja,,Sergeeva,M,white,nonhispanic,F,Espoo  Uusimaa  FI,399 Raeske Katu Suite 6,Helsinki,Uusimaa,Helsinki,00850,60.21297376103542,24.879327877850912,5875.0,0.0
0e7ed8ef-9e4a-4f5c-b9e5-18ced07a67b9,1989-05-11,,999-33-7864,S99922927,X23842012X,Mrs.,Josephina,Svensk,,Juvala,M,white,nonhispanic,F,Helsinki  Uusimaa  FI,878 Taka-Eilola Katu Apt 81,Espoo,Uusimaa,Espoo,02300,60.14083443870195,24.710427029687263,3875.0,0.0
6e784dc1-3bdf-42c6-82f8-4c5ddf659ad4,1925-12-06,,999-61-1329,S99975417,X31783135X,Mrs.,Venni,Lötjönen,,Kouvala,M,white,nonhispanic,F,Helsinki  Uusimaa  FI,851 Pipinen Katu Apt 75,Helsinki,Uusimaa,Helsinki,00330,60.13349462466007,24.981758906137685,10500.0,0.0
