PATIENT,START_YEAR,END_YEAR,PAYER,OWNERSHIP
d7854c0d-278a-4243-ae63-f02a8b46a0e8,1982,2000,e15e7b92-f376-374f-9285-2f59a38ad823,Guardian
b088d029-2eec-446a-ad4a-ab366542ce02,1981,1999,e15e7b92-f376-374f-9285-2f59a38ad823,Guardian
5c793b34-d5ac-47e6-9f5f-38c0b6ce12b8,1942,1960,e15e7b92-f376-374f-9285-2f59a38ad823,Guardian
5c793b34-d5ac-47e6-9f5f-38c0b6ce12b8,1961,1993,e15e7b92-f376-374f-9285-2f59a38ad823,Self
7a18095d-2057-4810-84c8-a77fbaefc1fe,1956,1974,e15e7b92-f376-374f-9285-2f59a38ad823,Guardian
4aaf39bf-bcbd-4023-991a-2e73e5871a47,1955,1973,e15e7b92-f376-374f-9285-2f59a38ad823,Guardian
bc3f183e-e4e3-43cc-a652-2530bac3b591,1957,1975,e15e7b92-f376-374f-9285-2f59a38ad823,Guardian
3766774f-62e2-4bce-b732-2e446d9dff1b,1963,1981,e15e7b92-f376-374f-9285-2f59a38ad823,Guardian
3aae13a7-7bff-4265-bf66-983f0146bf55,1954,1972,e15e7b92-f376-374f-9285-2f59a38ad823,Guardian
527c8c78-fc5c-41bc-8d60-842fefdb486a,1976,1994,e15e7b92-f376-374f-9285-2f59a38ad823,Guardian
43b678c7-9d6a-4e84-8f9b-0536553ebb57,1987,2005,e15e7b92-f376-374f-9285-2f59a38ad823,Guardian
d273e9e4-cbad-40bd-9849-a7c1e130d322,1986,2004,e15e7b92-f376-374f-9285-2f59a38ad823,Guardian
21f0505a-f278-48af-a2bd-e9c88646d0cb,1988,2006,e15e7b92-f376-374f-9285-2f59a38ad823,Guardian
18b61004-2438-44a4-914a-83c650d655d1,1947,1965,e15e7b92-f376-374f-9285-2f59a38ad823,Guardian
9147f0fd-ae79-4105-927a-6aec42632595,1977,1995,e15e7b92-f376-374f-9285-2f59a38ad823,Guardian
2f61c29d-8f21-4dbd-9efe-92d857fcee52,1963,1981,e15e7b92-f376-374f-9285-2f59a38ad823,Guardian
ef78f0ea-4817-4c05-b093-39e4dea8cecf,1995,2013,e15e7b92-f376-374f-9285-2f59a38ad823,Guardian
2d407f18-df26-474c-8262-99bc1ea77560,1942,1960,e15e7b92-f376-374f-9285-2f59a38ad823,Guardian
79ef015f-cee2-43ad-a786-ce61b30e6d3d,1989,2007,e15e7b92-f376-374f-9285-2f59a38ad823,Guardian
c8d5efe8-dff7-4c8f-9107-a0829e543ef1,1946,1964,e15e7b92-f376-374f-9285-2f59a38ad823,Guardian
fa0b5f59-10fb-45f8-8d81-90dc62b1a505,1958,1976,e15e7b92-f376-374f-9285-2f59a38ad823,Guardian
b8be4f5f-285c-4a33-8aa5-c392259f5c66,1955,1973,e15e7b92-f376-374f-9285-2f59a38ad823,Guardian
67fd09df-b398-4733-90be-fefba18afe1b,1983,2001,e15e7b92-f376-374f-9285-2f59a38ad823,Guardian
15472695-5878-4b56-a1e6-318c3cd22d8d,1978,1996,e15e7b92-f376-374f-9285-2f59a38ad823,Guardian
e483e13a-a827-4222-b7f1-6d913ceac781,1944,1962,e15e7b92-f376-374f-9285-2f59a38ad823,Guardian
da38f461-a399-4d4d-96ce-4c5333e2bdd0,1981,1999,e15e7b92-f376-374f-9285-2f59a38ad823,Guardian
632f702a-d5ee-4b50-a940-afc75b522aed,1995,2013,e15e7b92-f376-374f-9285-2f59a38ad823,Guardian
65be7616-6a77-4cf9-9a61-101fe8f65206,1964,1982,e15e7b92-f376-374f-9285-2f59a38ad823,Guardian
8d248137-1af0-4300-b8d7-d14053d07845,1992,2010,e15e7b92-f376-374f-9285-2f59a38ad823,Guardian
a694a5d5-21ea-4016-9a66-699806d97651,1974,1992,e15e7b92-f376-374f-9285-2f59a38ad823,Guardian
1983de7a-e8c6-4de9-b5e0-20d3941f5baa,1946,1964,e15e7b92-f376-374f-9285-2f59a38ad823,Guardian
fb1550d3-2dba-4cd4-960d-84f589e8c15d,1982,2000,e15e7b92-f376-374f-9285-2f59a38ad823,Guardian
92b358d0-cdcf-427c-9f0e-0299e5fb97a1,1944,1962,e15e7b92-f376-374f-9285-2f59a38ad823,Guardian
14bf70be-6703-4abd-9a87-8a7e9b1f8a90,1988,2006,e15e7b92-f376-374f-9285-2f59a38ad823,Guardian
10c7dd68-6be1-4400-b3dd-1b8ee73357cf,1981,1999,e15e7b92-f376-374f-9285-2f59a38ad823,Guardian
0dbb63cf-da5d-4847-ac4d-a2a0720b6024,1967,1985,e15e7b92-f376-374f-9285-2f59a38ad823,Guardian
a4c2dd38-48c8-421b-8ce7-a24f1b740830,1939,1957,e15e7b92-f376-374f-9285-2f59a38ad823,Guardian
ca9602ce-e4c9-4308-aaa1-5a9d90706a25,1938,1956,e15e7b92-f376-374f-9285-2f59a38ad823,Guardian
8c69cb9f-f422-4ed8-a274-83c65dec1558,1961,1979,e15e7b92-f376-374f-9285-2f59a38ad823,Guardian
eb4e33ff-8d41-41f0-90f9-00cacdea3bfa,1998,2016,e15e7b92-f376-374f-9285-2f59a38ad823,Guardian
2bc13d1e-5c91-4585-9fdd-6a2e3f28e5de,1953,1971,e15e7b92-f376-374f-9285-2f59a38ad823,Guardian
7baf42b1-0840-4a06-bd23-f5a50fb3cb10,1934,1952,e15e7b92-f376-374f-9285-2f59a38ad823,Guardian
cb124d1c-ca68-41a6-b072-bd6c30967da4,1999,2017,e15e7b92-f376-374f-9285-2f59a38ad823,Guardian
ea5d03b1-44be-4024-9abf-6eba507a4900,1966,1984,e15e7b92-f376-374f-9285-2f59a38ad823,Guardian
02552ea6-4c30-44e4-b1d5-16a38fcb9047,1986,2004,e15e7b92-f376-374f-9285-2f59a38ad823,Guardian
ad7f15be-91e5-4de9-9e34-e2ce1931398a,1961,1979,e15e7b92-f376-374f-9285-2f59a38ad823,Guardian
c365b6d6-9af6-4e92-99df-af9611d84be3,1938,1956,e15e7b92-f376-374f-9285-2f59a38ad823,Guardian
9ba2a7e8-5f04-4ea3-ab8a-57db99d52b92,1990,2008,e15e7b92-f376-374f-9285-2f59a38ad823,Guardian
dc2e4b63-b344-4204-8b41-bb39af9a6f32,1967,1985,e15e7b92-f376-374f-9285-2f59a38ad823,Guardian
0ff8d830-fc14-465a-8d8d-d8f702258146,1958,1976,e15e7b92-f376-374f-9285-2f59a38ad823,Guardian
5df8e51a-76c0-4071-ad1d-17a212929741,1994,2012,e15e7b92-f376-374f-9285-2f59a38ad823,Guardian
07d3ebe8-e561-4194-bd75-ceb7830cd029,1991,2009,e15e7b92-f376-374f-9285-2f59a38ad823,Guardian
f7d856bb-05ff-411d-8cb1-61fe409b288c,1985,2003,e15e7b92-f376-374f-9285-2f59a38ad823,Guardian
89dcde32-927f-4317-9437-4a0cb773a1b9,1996,2014,e15e7b92-f376-374f-9285-2f59a38ad823,Guardian
c2f2d959-fc0f-4312-bd5d-4f469938ad91,1953,1971,e15e7b92-f376-374f-9285-2f59a38ad823,Guardian
c63e69cb-2ce1-4b28-a715-9c69281b0102,1939,1957,e15e7b92-f376-374f-9285-2f59a38ad823,Guardian
63bb050c-21eb-4187-a4ea-4493fe9bee42,1979,1997,e15e7b92-f376-374f-9285-2f59a38ad823,Guardian
07cc6336-f548-4073-9ca0-ceb778de3e40,1952,1970,e15e7b92-f376-374f-9285-2f59a38ad823,Guardian
07cc6336-f548-4073-9ca0-ceb778de3e40,1971,2011,e15e7b92-f376-374f-9285-2f59a38ad823,Self
84b5b6c7-4423-4243-872e-8ef2cb7ce6e1,1985,2003,e15e7b92-f376-374f-9285-2f59a38ad823,Guardian
ed3ac268-8d7a-4d2c-a5ac-e972254de24f,1938,1956,e15e7b92-f376-374f-9285-2f59a38ad823,Guardian
554d5df0-7ad9-47fc-ad35-0b737b5018a3,2002,2002,b1c428d6-4f07-31e0-90f0-68ffa6ff8c76,
554d5df0-7ad9-47fc-ad35-0b737b5018a3,2003,2003,e15e7b92-f376-374f-9285-2f59a38ad823,
9297d6c6-4e67-45a0-87a1-5c9e2d850620,1994,2012,e15e7b92-f376-374f-9285-2f59a38ad823,Guardian
ea8114f4-9f81-4b55-95c8-68c5e4f63f4e,1999,2017,e15e7b92-f376-374f-9285-2f59a38ad823,Guardian
e20706af-39cc-4f0e-a8e6-9d64ff39897c,1998,2016,e15e7b92-f376-374f-9285-2f59a38ad823,Guardian
289e05f4-4e3b-487c-a1cd-648c85f081f0,1953,1971,e15e7b92-f376-374f-9285-2f59a38ad823,Guardian
6378f6e8-79c3-422e-8ec4-c5e76685dd1c,1952,1970,e15e7b92-f376-374f-9285-2f59a38ad823,Guardian
b57b559c-c4cb-4fce-ada6-534705587c26,1961,1979,e15e7b92-f376-374f-9285-2f59a38ad823,Guardian
74d33325-6d1b-49ae-953a-e139596c1c80,1954,1972,e15e7b92-f376-374f-9285-2f59a38ad823,Guardian
067caa9f-eee4-4c93-a466-bc9072a7fb82,1952,1970,e15e7b92-f376-374f-9285-2f59a38ad823,Guardian
0ebe45c7-e0c1-4383-928a-ae90b4e91593,1983,2001,e15e7b92-f376-374f-9285-2f59a38ad823,Guardian
3ca523b7-1c70-48b9-adc9-c34d7b640fe0,1972,1990,e15e7b92-f376-374f-9285-2f59a38ad823,Guardian
366835d8-ee3e-4bc7-b171-6e763cea0580,1971,1989,e15e7b92-f376-374f-9285-2f59a38ad823,Guardian
1a29e59f-7c69-48c6-addb-2710173fcaeb,1929,1947,e15e7b92-f376-374f-9285-2f59a38ad823,Guardian
b295d0be-5ef6-461b-95f9-d2b36663eb5d,1989,2007,e15e7b92-f376-374f-9285-2f59a38ad823,Guardian
1f5550c3-67c1-46ee-8581-0775db0d4b1a,1961,1979,e15e7b92-f376-374f-9285-2f59a38ad823,Guardian
50f37d7f-2de1-4c7e-b161-e45d47a7fbd1,1975,1993,e15e7b92-f376-374f-9285-2f59a38ad823,Guardian
bb3d0f8d-a457-4376-a4d3-eb217a4ff168,1981,1999,e15e7b92-f376-374f-9285-2f59a38ad823,Guardian
68f9fc6e-2acd-476e-9142-84e9adfea13c,1947,1965,e15e7b92-f376-374f-9285-2f59a38ad823,Guardian
906d84ed-0f98-4766-849c-674b93958475,1957,1975,e15e7b92-f376-374f-9285-2f59a38ad823,Guardian
b8662328-c79a-4778-b3c6-864a73a206a3,1989,2007,e15e7b92-f376-374f-9285-2f59a38ad823,Guardian
b2dd355d-9e69-4de4-82f1-f44f1dc8feb9,1946,1964,e15e7b92-f376-374f-9285-2f59a38ad823,Guardian
50b15055-e01c-4939-bd56-7ecc6ee1b178,1973,1991,e15e7b92-f376-374f-9285-2f59a38ad823,Guardian
700c72dc-bd88-4f2f-8f89-f646575dcd77,1972,1990,e15e7b92-f376-374f-9285-2f59a38ad823,Guardian
d09cb616-dd87-42e5-b7a2-c8b1f0e6733a,1971,1989,e15e7b92-f376-374f-9285-2f59a38ad823,Guardian
d4913251-2df1-4a9a-a280-550d9ebb9cb5,1995,2013,e15e7b92-f376-374f-9285-2f59a38ad823,Guardian
e34c8e73-98f3-4f62-b1ee-5b2e47f3c14b,1970,1988,e15e7b92-f376-374f-9285-2f59a38ad823,Guardian
b1e3fc59-b5f0-4ce7-9390-4aec63a4661d,1962,1980,e15e7b92-f376-374f-9285-2f59a38ad823,Guardian
0e7ed8ef-9e4a-4f5c-b9e5-18ced07a67b9,1989,2007,e15e7b92-f376-374f-9285-2f59a38ad823,Guardian
6e784dc1-3bdf-42c6-82f8-4c5ddf659ad4,1925,1943,e15e7b92-f376-374f-9285-2f59a38ad823,Guardian
