DATE,PATIENT,ENCOUNTER,CODE,DESCRIPTION,BASE_COST,REASONCODE,REASONDESCRIPTION
1993-11-15,5c793b34-d5ac-47e6-9f5f-38c0b6ce12b8,d1b87476-5878-44f4-81de-53fb9c7f9eda,40701008,Echocardiography (procedure),1017.54,230690007,Stroke
1993-11-15,5c793b34-d5ac-47e6-9f5f-38c0b6ce12b8,d1b87476-5878-44f4-81de-53fb9c7f9eda,433112001,Percutaneous mechanical thrombectomy of portal vein using fluoroscopic guidance,29668.62,230690007,Stroke
2007-07-28,3766774f-62e2-4bce-b732-2e446d9dff1b,2adcc61b-c4f3-4e03-a7f8-76b53f5a0e14,40701008,Echocardiography (procedure),1702.53,410429000,Cardiac Arrest
2007-07-28,3766774f-62e2-4bce-b732-2e446d9dff1b,2adcc61b-c4f3-4e03-a7f8-76b53f5a0e14,447365002,Insertion of biventricular implantable cardioverter defibrillator,36651.98,410429000,Cardiac Arrest
2007-07-28,3766774f-62e2-4bce-b732-2e446d9dff1b,2adcc61b-c4f3-4e03-a7f8-76b53f5a0e14,18286008,Catheter ablation of tissue of heart,8137.08,410429000,Cardiac Arrest
2018-03-06,a4c2dd38-48c8-421b-8ce7-a24f1b740830,d1ceaa70-0a12-4b86-8a3c-e6b0ac595d12,40701008,Echocardiography (procedure),1790.08,230690007,Stroke
2018-03-06,a4c2dd38-48c8-421b-8ce7-a24f1b740830,d1ceaa70-0a12-4b86-8a3c-e6b0ac595d12,433112001,Percutaneous mechanical thrombectomy of portal vein using fluoroscopic guidance,15236.35,230690007,Stroke
2009-05-06,ca9602ce-e4c9-4308-aaa1-5a9d90706a25,f306c00f-8ca1-4e84-8c66-0508e6ce1f61,40701008,Echocardiography (procedure),1203.98,410429000,Cardiac Arrest
2009-05-06,ca9602ce-e4c9-4308-aaa1-5a9d90706a25,f306c00f-8ca1-4e84-8c66-0508e6ce1f61,447365002,Insertion of biventricular implantable cardioverter defibrillator,19754.18,410429000,Cardiac Arrest
2009-05-06,ca9602ce-e4c9-4308-aaa1-5a9d90706a25,f306c00f-8ca1-4e84-8c66-0508e6ce1f61,18286008,Catheter ablation of tissue of heart,15863.55,410429000,Cardiac Arrest
2019-11-21,8c69cb9f-f422-4ed8-a274-83c65dec1558,783d4889-acc0-4811-aa8a-d480f06738a8,40701008,Echocardiography (procedure),1085.76,410429000,Cardiac Arrest
2019-11-21,8c69cb9f-f422-4ed8-a274-83c65dec1558,783d4889-acc0-4811-aa8a-d480f06738a8,447365002,Insertion of biventricular implantable cardioverter defibrillator,43260.69,410429000,Cardiac Arrest
2019-11-21,8c69cb9f-f422-4ed8-a274-83c65dec1558,783d4889-acc0-4811-aa8a-d480f06738a8,18286008,Catheter ablation of tissue of heart,10166.27,410429000,Cardiac Arrest
2014-09-11,7baf42b1-0840-4a06-bd23-f5a50fb3cb10,4e093c59-276f-454c-b90c-873e73240466,40701008,Echocardiography (procedure),760.53,22298006,Myocardial Infarction
2014-09-11,7baf42b1-0840-4a06-bd23-f5a50fb3cb10,4e093c59-276f-454c-b90c-873e73240466,415070008,Percutaneous coronary intervention,26377.26,22298006,Myocardial Infarction
2014-09-11,7baf42b1-0840-4a06-bd23-f5a50fb3cb10,4e093c59-276f-454c-b90c-873e73240466,232717009,Coronary artery bypass grafting,66396.80,22298006,Myocardial Infarction
1999-02-17,c365b6d6-9af6-4e92-99df-af9611d84be3,7d0f5aff-dc34-482c-af2a-dc21d30556e4,40701008,Echocardiography (procedure),800.84,410429000,Cardiac Arrest
1999-02-17,c365b6d6-9af6-4e92-99df-af9611d84be3,7d0f5aff-dc34-482c-af2a-dc21d30556e4,447365002,Insertion of biventricular implantable cardioverter defibrillator,19690.27,410429000,Cardiac Arrest
1999-02-17,c365b6d6-9af6-4e92-99df-af9611d84be3,7d0f5aff-dc34-482c-af2a-dc21d30556e4,18286008,Catheter ablation of tissue of heart,10652.10,410429000,Cardiac Arrest
2011-07-27,07cc6336-f548-4073-9ca0-ceb778de3e40,b2c7a4f8-4f5a-4dfa-8a4c-d34ddd821592,40701008,Echocardiography (procedure),1468.11,22298006,Myocardial Infarction
2011-07-27,07cc6336-f548-4073-9ca0-ceb778de3e40,b2c7a4f8-4f5a-4dfa-8a4c-d34ddd821592,415070008,Percutaneous coronary intervention,22615.05,22298006,Myocardial Infarction
2011-07-27,07cc6336-f548-4073-9ca0-ceb778de3e40,b2c7a4f8-4f5a-4dfa-8a4c-d34ddd821592,232717009,Coronary artery bypass grafting,59855.08,22298006,Myocardial Infarction
2011-09-17,289e05f4-4e3b-487c-a1cd-648c85f081f0,ab87afa7-bd77-4927-8931-999b948fdf6d,40701008,Echocardiography (procedure),1309.15,230690007,Stroke
2011-09-17,289e05f4-4e3b-487c-a1cd-648c85f081f0,ab87afa7-bd77-4927-8931-999b948fdf6d,433112001,Percutaneous mechanical thrombectomy of portal vein using fluoroscopic guidance,26017.82,230690007,Stroke
1982-01-13,b57b559c-c4cb-4fce-ada6-534705587c26,641b8f91-abf0-4106-9148-e0726ba71cb5,40701008,Echocardiography (procedure),1117.05,22298006,Myocardial Infarction
1982-01-13,b57b559c-c4cb-4fce-ada6-534705587c26,641b8f91-abf0-4106-9148-e0726ba71cb5,415070008,Percutaneous coronary intervention,17548.24,22298006,Myocardial Infarction
1982-01-13,b57b559c-c4cb-4fce-ada6-534705587c26,641b8f91-abf0-4106-9148-e0726ba71cb5,232717009,Coronary artery bypass grafting,32361.25,22298006,Myocardial Infarction
2018-11-02,b8662328-c79a-4778-b3c6-864a73a206a3,0add1128-b539-4a8c-9c33-d213b965efcc,40701008,Echocardiography (procedure),1239.02,410429000,Cardiac Arrest
2018-11-02,b8662328-c79a-4778-b3c6-864a73a206a3,0add1128-b539-4a8c-9c33-d213b965efcc,447365002,Insertion of biventricular implantable cardioverter defibrillator,24588.85,410429000,Cardiac Arrest
2018-11-02,b8662328-c79a-4778-b3c6-864a73a206a3,0add1128-b539-4a8c-9c33-d213b965efcc,18286008,Catheter ablation of tissue of heart,13568.59,410429000,Cardiac Arrest
