Id,ORGANIZATION,NAME,GENDER,SPECIALITY,ADDRESS,CITY,STATE,ZIP,LAT,LON,UTILIZATION
a12305a1-362a-3aac-9d12-afb8cf486c02,319baef9-e8e6-3320-9e0b-7991d9c167b8,Monalisa Marttiin,F,GENERAL PRACTICE,Haartmaninkatu 4,Helsinki,18,00290,60.189159,24.909081,3
138a3e12-d3e5-3a42-91b0-c43a483f4e58,47bfa17b-b0b3-3a9e-bdb9-f31c6dca9f4d,Gamal Kemell,M,GENERAL PRACTICE,Lääkärinkatu 8,Helsinki,18,00250,60.47152,22.69371,1
61912fca-041a-31e1-977a-c2eea128b75d,d8f91bff-b1eb-3e4d-8936-10924c36977a,Andriy Suua,M,GENERAL PRACTICE,Meilahdentie 2,Helsinki,18,00250,60.19263,24.89436,1
e57fb79d-6534-34cd-bca7-5d7f733d498b,410e8cf7-76a3-307f-b421-5fa7760177f1,Ake Eskonniemi,M,GENERAL PRACTICE,Kasarmikatu 11-13,Helsinki,18,00130,60.16102,24.94834,5
eac62d8e-9141-39d5-8042-5a997d15f65d,39010280-b8e5-3b1a-b835-bafbeea21968,Valte Stolt,M,GENERAL PRACTICE,Turuntie 150,Espoo,18,02740,60.22589,24.77581,2
39b05ae6-9d89-3283-8cb6-38ffa9b5ab5a,7b74aa83-5335-38dd-a213-d6df36c7f627,Nermin Mäki-Latvala,F,GENERAL PRACTICE,Karvasmäentie 6,Espoo,18,02740,60.22011,24.6848,4
225f4ee8-6c89-3acd-9a89-a2976cdf1646,af916982-f5f8-341b-b159-69e72695294c,Jimi Kuusisalo,M,GENERAL PRACTICE,Sairaalakatu 1,Vantaa,18,01400,60.3299,25.0608,13
772bcad6-dfcb-3691-b46b-ccf623bee4e4,8af774ed-7635-320a-ad8c-a63aa309a858,Taave Närkki,M,GENERAL PRACTICE,Sairaalatie 8,Lohja,18,08200,60.2247,24.01885,2
f1e22f6d-b6f7-35d9-98d7-a30e02499353,d8b3cbb1-88db-3fc1-bb2b-6a9c0037e6e5,Sorella Rasmussen,F,GENERAL PRACTICE,Sairaalantie 1,Porvoo,18,06200,60.37911,25.69576,5
f10d9494-e8bb-315d-a1b2-e85a98ca19b5,738aef7e-a279-3f65-9dba-fead16b27400,Onni-Oskari Norppa,M,GENERAL PRACTICE,Turuntie 150,Espoo,18,02740,60.22589,24.77581,1107
be5086be-311e-3763-a769-3c7dd4797458,9a3e6919-4ed0-32fe-a1e2-7184b06c415f,Fatema Hannolainen,F,GENERAL PRACTICE,Karvasmäentie 6,Espoo,18,02740,60.22011,24.6848,523
bb16e88d-41d1-39f0-8126-67739d9aefa4,a70486b2-c33a-37b3-a4cf-b3dc06cb9d84,Damaris Uuro,F,GENERAL PRACTICE,Sairaalakatu 1,Vantaa,18,01400,60.3299,25.0608,1719
d294d79e-ca0d-3d03-9392-ae703e7302e7,bf25636d-50a4-3cf2-b937-0e59fd37503f,Monalisa Marttiin,F,GENERAL PRACTICE,Sairaalankatu 1,Hyvinkää,18,05830,60.612,24.82486,136
f4bdb4ba-f969-3811-836a-88e18a97ff0d,4eddd774-a01b-3a0b-b4c6-736a5581aba4,Richardo Stockus,M,GENERAL PRACTICE,Ohkolantie 10,Kellokoski,18,04500,60.53054,25.10548,116
89f336da-8da6-3429-b185-e419c231040e,942171f0-df04-34cc-9c85-1a11b2f08717,Gamal Kemell,M,GENERAL PRACTICE,Sairaalatie 8,Lohja,18,08200,60.2247,24.01885,495
e32a22a8-ef18-3d5f-baf6-7f17148d3e61,216a84b2-6287-356d-9bcf-655abf00debb,Erkintytär Matintalo,F,GENERAL PRACTICE,Sairaalantie 1,Porvoo,18,06200,60.37911,25.69576,153
028cf037-47be-3aaa-933e-83cc5f188ff9,319baef9-e8e6-3320-9e0b-7991d9c167b8,Onni-Oskari Norppa,M,GENERAL PRACTICE,Haartmaninkatu 4,Helsinki,18,00290,60.189159,24.909081,3
83420caa-6caa-3d01-b251-f7083fbeb0cb,7b74aa83-5335-38dd-a213-d6df36c7f627,Monalisa Marttiin,F,GENERAL PRACTICE,Karvasmäentie 6,Espoo,18,02740,60.22011,24.6848,1
ce32e5ea-3857-37be-9498-3ff33965298b,af916982-f5f8-341b-b159-69e72695294c,Richardo Stockus,M,GENERAL PRACTICE,Sairaalakatu 1,Vantaa,18,01400,60.3299,25.0608,2
ddc4c524-f5e0-31a1-8ab4-7d6932c03938,8af774ed-7635-320a-ad8c-a63aa309a858,Erkintytär Matintalo,F,GENERAL PRACTICE,Sairaalatie 8,Lohja,18,08200,60.2247,24.01885,1
