procedure_occurrence_id,person_id,procedure_concept_id,procedure_date,procedure_datetime,procedure_type_concept_id,modifier_concept_id,quantity,provider_id,visit_occurrence_id,visit_detail_id,procedure_source_value,procedure_source_concept_id,modifier_source_value
2025,4391,4230911,2016-03-20,2016-03-20 00:00:00,38000275,0,,,22611,0,40701008,40701008,
2026,4391,4216130,2016-03-20,2016-03-20 00:00:00,38000275,0,,,22611,0,415070008,415070008,
2027,4391,4336464,2016-03-20,2016-03-20 00:00:00,38000275,0,,,22611,0,232717009,232717009,
2028,4399,4230911,2018-04-11,2018-04-11 00:00:00,38000275,0,,,22671,0,40701008,40701008,
2029,4399,4202451,2018-04-11,2018-04-11 00:00:00,38000275,0,,,22671,0,433112001,433112001,
