person_id,gender_concept_id,year_of_birth,month_of_birth,day_of_birth,birth_datetime,race_concept_id,ethnicity_concept_id,location_id,provider_id,care_site_id,person_source_value,gender_source_value,gender_source_concept_id,race_source_value,race_source_concept_id,ethnicity_source_value,ethnicity_source_concept_id
1134,8507,2011,3,20,,8527,0,1134,,,12dcd476-d708-4b49-80e6-cef24a2f25c0,M,0,white,0,nonhispanic,0
1135,8507,1981,8,17,,8527,0,1135,,,d2fe3230-fb19-4a65-a6aa-939c83d54774,M,0,white,0,nonhispanic,0
1136,8532,1979,4,15,,8527,0,1136,,,da059a5e-852d-42b1-a31f-b77c205ec2d0,F,0,white,0,nonhispanic,0
1137,8532,1971,2,19,,8527,0,1137,,,67f2e99e-d5b9-4741-8984-564448756529,F,0,white,0,nonhispanic,0
1138,8507,1957,4,4,,8527,0,1138,,,9afdb156-c443-4bac-ab51-33d0ffd37474,M,0,white,0,nonhispanic,0
1139,8507,1963,8,20,,8527,0,1139,,,10dcd293-7bf9-44e8-9631-a0757afa1f8e,M,0,white,0,nonhispanic,0
1140,8532,1994,10,14,,8527,0,1140,,,bf9811db-069b-42a2-a6e7-80cf3f5eb760,F,0,white,0,nonhispanic,0
1141,8507,1991,1,10,,8527,0,1141,,,609f6be1-f06e-44ef-9279-ac0d51d4db85,M,0,white,0,nonhispanic,0
1142,8507,1953,8,28,,8527,0,1142,,,6f180aed-9714-4013-a518-ba05376fc596,M,0,white,0,nonhispanic,0
1143,8532,2009,4,29,,8527,0,1143,,,544ff5a8-48d4-494a-96f8-71e2b2e8e043,F,0,white,0,nonhispanic,0
1144,8532,1950,6,8,,8527,0,1144,,,26827572-a91e-482a-a75c-6d9a059eb721,F,0,white,0,nonhispanic,0
1145,8507,1954,3,25,,8527,0,1145,,,498608ea-618a-4419-ba54-cc0495051955,M,0,white,0,nonhispanic,0
1146,8507,2005,8,16,,8527,0,1146,,,f1e07f72-3e03-41ba-947f-5d3608d8b2e5,M,0,white,0,nonhispanic,0
1147,8507,1991,1,10,,8527,0,1147,,,aa4a3756-27c6-4136-9f4a-c0b8d0a58f59,M,0,white,0,nonhispanic,0
1148,8532,1981,10,2,,8527,0,1148,,,e1e4a2d1-35a6-444f-8845-9c11e24a3d16,F,0,white,0,nonhispanic,0
1149,8507,1988,7,7,,8527,0,1149,,,f9c63ae9-01b5-4564-adff-8eea4a734b2f,M,0,white,0,nonhispanic,0
1150,8507,1961,9,22,,8527,0,1150,,,79533f05-edd1-41aa-871b-026bfe31b2b7,M,0,white,0,nonhispanic,0
1151,8532,1975,8,2,,8527,0,1151,,,4b0fd522-d22f-4212-9de1-f87c7bc29161,F,0,white,0,nonhispanic,0
1152,8507,1952,11,21,,8527,0,1152,,,cc3a0f6d-de41-4705-9c15-0abf4035f16e,M,0,white,0,nonhispanic,0
1153,8532,1988,5,29,,8527,0,1153,,,470a5114-afbd-4388-b52a-99f94c61d4ea,F,0,white,0,nonhispanic,0
1154,8507,2019,1,9,,8527,0,1154,,,02174ef2-ca9c-47a3-9655-c870a2bb3378,M,0,white,0,nonhispanic,0
1155,8507,1949,1,16,,8527,0,1155,,,57d2ca6a-533c-43c5-be98-081349bbf60f,M,0,white,0,nonhispanic,0
1156,8507,2004,10,31,,8527,0,1156,,,e9d9a624-080f-49ab-a9b5-ce5c68bf4380,M,0,white,0,nonhispanic,0
1157,8507,1988,7,7,,8527,0,1157,,,916f433d-72b6-4a46-a9e9-75290e3e0358,M,0,white,0,nonhispanic,0
1158,8532,2014,2,1,,8527,0,1158,,,5b3acb4a-a0c6-4de1-a3b6-b02af2ab3112,F,0,white,0,nonhispanic,0
1159,8532,1986,5,13,,8527,0,1159,,,6a1ecf37-859c-4da7-8a4b-346fa4a51a2c,F,0,white,0,nonhispanic,0
1160,8532,1979,4,24,,8527,0,1160,,,b41f8a71-68be-4990-8ef6-2e00f65235c2,F,0,white,0,nonhispanic,0
1161,8532,2015,9,22,,8527,0,1161,,,ee669af9-aa2d-4ba6-8ca3-e0bf14803142,F,0,white,0,nonhispanic,0
1162,8532,1970,1,31,,8527,0,1162,,,b70a9229-c117-4567-98d6-8bfad4347529,F,0,white,0,nonhispanic,0
1163,8532,1946,1,30,,8527,0,1163,,,a3ce3919-293f-4ac6-b39a-1cdd910daba5,F,0,white,0,nonhispanic,0
1164,8507,1945,3,28,,8527,0,1164,,,334d5615-5c9c-4ec3-b6f5-089feee8f879,M,0,white,0,nonhispanic,0
1165,8532,1938,6,21,,8527,0,1165,,,7a6e906a-0079-459c-ad87-df501db4c53d,F,0,white,0,nonhispanic,0
1166,8507,1980,12,17,,8527,0,1166,,,859cd9ed-ff4a-4f1d-96f4-f452a443dc78,M,0,white,0,nonhispanic,0
1167,8507,2007,2,2,,8527,0,1167,,,9f59da2d-6b2b-4e54-9032-1647c5480c9a,M,0,white,0,nonhispanic,0
1168,8532,1946,10,2,,8527,0,1168,,,b0208210-9678-42c8-96a7-4484ddf325bb,F,0,white,0,nonhispanic,0
1169,8532,1972,4,22,,8527,0,1169,,,888bd78d-dc23-4b50-b784-2cf6bdd6007d,F,0,white,0,nonhispanic,0
1170,8507,2009,1,30,,8527,0,1170,,,fad505c2-4feb-4094-9cb5-6aea137782a1,M,0,white,0,nonhispanic,0
1171,8532,1959,9,14,,8527,0,1171,,,89e30aae-d34f-4c6a-a5ee-fb1c78e6e829,F,0,white,0,nonhispanic,0
1172,8532,1993,5,31,,8527,0,1172,,,05a0aaef-7b9f-4f15-b034-ca2e79028f73,F,0,white,0,nonhispanic,0
1173,8507,1990,10,26,,8527,0,1173,,,56611186-9373-4ce3-94de-290dd46342f2,M,0,white,0,nonhispanic,0
1174,8532,1975,3,20,,8527,0,1174,,,6572b64a-552e-44bb-afb0-9760c01f8d43,F,0,white,0,nonhispanic,0
1175,8507,1942,8,2,,8527,0,1175,,,e29c94f2-f79c-4a5e-b3ed-83560184f94f,M,0,white,0,nonhispanic,0
1176,8532,2017,5,4,,8527,0,1176,,,f729cc2e-91d6-4c75-a54c-1cfb2107e7f2,F,0,white,0,nonhispanic,0
1177,8532,1945,10,12,,8527,0,1177,,,7cea7dc9-2a56-46f3-9300-42d0e844f710,F,0,white,0,nonhispanic,0
1178,8507,1995,11,7,,8527,0,1178,,,abc63d11-a491-4866-a8a2-e00bae87f3a0,M,0,white,0,nonhispanic,0
1179,8507,1945,3,28,,8527,0,1179,,,0d5210e9-bd46-4c55-8568-e0617f39b4af,M,0,white,0,nonhispanic,0
1180,8507,1941,6,19,,8527,0,1180,,,e230638a-0fa0-4000-ad23-4723467e3089,M,0,white,0,nonhispanic,0
1181,8532,1946,10,2,,8527,0,1181,,,5c38ba6e-07d8-41a9-acbb-c7a05e6c6103,F,0,white,0,nonhispanic,0
1182,8532,1975,3,20,,8527,0,1182,,,e930d200-e32e-4249-8158-4355e4cf8d6b,F,0,white,0,nonhispanic,0
1183,8507,1963,4,1,,8527,0,1183,,,706c2f7a-5ef3-4680-8e8d-1f9da8e170fb,M,0,white,0,nonhispanic,0
1184,8532,1996,5,15,,8527,0,1184,,,c3738831-4abe-4c60-9b6c-a225d8260c5e,F,0,white,0,nonhispanic,0
1185,8532,1983,12,20,,8527,0,1185,,,3da1b12f-92d5-4225-b726-2e7679923cf8,F,0,white,0,nonhispanic,0
1186,8507,1946,3,2,,8527,0,1186,,,a4247667-77ec-4a41-8a2f-94d14fd18b13,M,0,white,0,nonhispanic,0
1187,8532,2004,10,8,,8527,0,1187,,,85b1005e-636b-4c3d-99e5-28fd9208e848,F,0,white,0,nonhispanic,0
1188,8532,1980,10,23,,8527,0,1188,,,10abd2d4-b060-452d-a8bf-0fbc5cb4b186,F,0,white,0,nonhispanic,0
1189,8507,1954,6,4,,8527,0,1189,,,82f4de37-096f-4841-931c-a1308a85eeab,M,0,white,0,nonhispanic,0
1190,8532,2013,5,12,,8527,0,1190,,,70264dd4-2535-450a-8de6-d7b05935476c,F,0,white,0,nonhispanic,0
1191,8507,1979,10,24,,8527,0,1191,,,b6e0b46e-2329-4823-a1a5-8fd0d712af68,M,0,white,0,nonhispanic,0
1192,8507,1941,6,19,,8527,0,1192,,,140e9b1a-0b5f-4b1f-9c1d-67f51a5bb94a,M,0,white,0,nonhispanic,0
1193,8532,2001,11,7,,8527,0,1193,,,44d816ac-9cc4-494e-8e1b-76d9dd5efd7b,F,0,white,0,nonhispanic,0
1194,8532,1956,4,4,,8527,0,1194,,,1bac316a-5f70-4ce5-bff7-4d78b7a07087,F,0,white,0,nonhispanic,0
1195,8532,1962,9,21,,8527,0,1195,,,b3959130-770c-47a6-83d8-38076b39768d,F,0,white,0,nonhispanic,0
1196,8532,1986,5,9,,8527,0,1196,,,fd15770d-4e5b-4c37-9204-99f49b14de14,F,0,white,0,nonhispanic,0
1197,8532,1993,11,4,,8527,0,1197,,,c1df79cb-8b9c-4206-830d-959ca4dbab08,F,0,white,0,nonhispanic,0
1198,8507,1969,1,6,,8527,0,1198,,,4eca1ec0-58bd-484e-b72d-bf60749772c7,M,0,white,0,nonhispanic,0
1199,8507,1946,3,2,,8527,0,1199,,,5cd91aa5-cda8-4024-9e63-37dbf1c4cd84,M,0,white,0,nonhispanic,0
1200,8507,1946,4,7,,8527,0,1200,,,4d6b9991-ee0e-48ac-b63c-0e0284df207e,M,0,white,0,nonhispanic,0
1201,8507,1946,11,12,,8527,0,1201,,,f4acc4e5-4559-4cf9-95e6-0cb872749862,M,0,white,0,nonhispanic,0
1202,8532,1968,6,21,,8527,0,1202,,,85ec8523-a449-41ef-bf2f-131d18a5f557,F,0,white,0,nonhispanic,0
1203,8532,1997,5,22,,8527,0,1203,,,f1201c7b-eeea-4e78-a271-72d862bd5c9e,F,0,white,0,nonhispanic,0
1204,8507,1973,10,7,,8527,0,1204,,,dbca1ba2-cfd0-4dc8-816c-23a765b27e22,M,0,white,0,nonhispanic,0
1205,8507,1996,3,3,,8527,0,1205,,,75fbd23e-9a10-4d5f-ad4b-26bb1eb5ed14,M,0,white,0,nonhispanic,0
1206,8507,1979,6,11,,8527,0,1206,,,6e0d4610-9586-4f5f-aa16-d41661aaeec1,M,0,white,0,nonhispanic,0
1207,8532,1960,2,7,,8527,0,1207,,,2bb73131-22fe-4117-9690-ed7bd89ef232,F,0,white,0,nonhispanic,0
1208,8532,1995,11,15,,8527,0,1208,,,fa2d6b19-729c-4c5c-a16c-f4af4cf88aa6,F,0,white,0,nonhispanic,0
1209,8532,1956,8,19,,8527,0,1209,,,69536e8b-0264-4763-9f01-960f3fc19289,F,0,white,0,nonhispanic,0
1210,8532,2009,6,24,,8527,0,1210,,,cec02fe4-50e7-4ed1-a429-c200c83ae4c3,F,0,white,0,nonhispanic,0
1211,8507,1983,3,4,,8527,0,1211,,,8807deda-3d5f-47fd-b4b6-f8349e66b73b,M,0,white,0,nonhispanic,0
1212,8507,1950,1,27,,8527,0,1212,,,ea8fab13-8cca-43e7-9720-1eef61f67cf8,M,0,white,0,nonhispanic,0
1213,8507,2013,2,6,,8527,0,1213,,,316ad226-2b3a-4b2d-8f3d-52b86172f0be,M,0,white,0,nonhispanic,0
1214,8507,1947,11,2,,8527,0,1214,,,720c191f-4be8-437a-aa04-51ae10443f21,M,0,white,0,nonhispanic,0
1215,8532,1993,6,6,,8527,0,1215,,,92fd9781-08df-4408-ab7a-0ece757c787e,F,0,white,0,nonhispanic,0
1216,8532,2011,6,17,,8527,0,1216,,,34ecf94f-6f14-4102-b2d3-16c491472326,F,0,white,0,nonhispanic,0
1217,8532,1960,2,7,,8527,0,1217,,,ccd78ebd-a297-403b-9709-ec7abf6f18dc,F,0,white,0,nonhispanic,0
1218,8532,1942,9,29,,8527,0,1218,,,bb926972-d690-4a28-8112-b3abfb5f6ad7,F,0,white,0,nonhispanic,0
1219,8532,2016,3,6,,8527,0,1219,,,067cd17d-5395-4d1c-b817-ff2262d55e56,F,0,white,0,nonhispanic,0
1220,8507,1946,7,9,,8527,0,1220,,,5421559a-fdb2-4bd0-a54a-f585557771d6,M,0,white,0,nonhispanic,0
1221,8532,1952,10,14,,8527,0,1221,,,a5d8d28c-33e6-4b6b-b0a2-69d515e61a3e,F,0,white,0,nonhispanic,0
1222,8507,1988,6,13,,8527,0,1222,,,fbe3aa1f-47a9-4a18-b349-16c62ae6610f,M,0,white,0,nonhispanic,0
1223,8532,1928,8,30,,8527,0,1223,,,e51acf5b-0802-4b3d-9579-a04110b1a16d,F,0,white,0,nonhispanic,0
1224,8507,1983,10,10,,8527,0,1224,,,d4133eb4-2264-4f75-a8a6-8cb0f111f0fa,M,0,white,0,nonhispanic,0
1225,8507,1966,5,16,,8527,0,1225,,,43dab1fc-0075-4911-bf6d-82a6b772d061,M,0,white,0,nonhispanic,0
1226,8532,2016,6,15,,8527,0,1226,,,98e1aa7b-591a-4720-8080-b989de0a7235,F,0,white,0,nonhispanic,0
1227,8532,1986,4,12,,8527,0,1227,,,852a312f-3c6f-48be-b604-9d7478216fc4,F,0,white,0,nonhispanic,0
1228,8507,1985,4,29,,8527,0,1228,,,7bdbd0c3-eb00-4ff1-ada7-aa83160bd0fd,M,0,white,0,nonhispanic,0
1229,8532,2004,10,3,,8527,0,1229,,,b7d1337f-aa0c-4dec-a52f-3c1930d3a57c,F,0,white,0,nonhispanic,0
1230,8532,1966,3,28,,8527,0,1230,,,0159f1a6-3d85-4770-bd00-48faa78e0a4a,F,0,white,0,nonhispanic,0
1231,8532,1998,3,30,,8527,0,1231,,,697c9e66-9862-497d-bd1a-d9115502d524,F,0,white,0,nonhispanic,0
1232,8507,1989,7,23,,8527,0,1232,,,10d1c608-7258-4a31-b992-0332cb4be500,M,0,white,0,nonhispanic,0
1233,8507,2010,2,1,,8527,0,1233,,,8b91a285-5fd8-45c8-80cd-e003613f26e5,M,0,white,0,nonhispanic,0
1234,8507,1947,10,23,,8527,0,1234,,,2aff3b46-d6da-4d9f-a335-261fae08cfb2,M,0,white,0,nonhispanic,0
1235,8532,1993,3,22,,8527,0,1235,,,3a5319e7-3268-44ef-94e2-f99d4a8f466d,F,0,white,0,nonhispanic,0
1236,8532,1993,12,27,,8527,0,1236,,,61188de0-358d-4541-9662-c75b314c3323,F,0,white,0,nonhispanic,0
1237,8532,1993,7,17,,8527,0,1237,,,f214cd0b-7875-4ba2-a389-cd21e89ff596,F,0,white,0,nonhispanic,0
1238,8507,1985,4,28,,8527,0,1238,,,cff8faa8-ff71-4ba3-a836-7fe96ee1f511,M,0,white,0,nonhispanic,0
1239,8532,2003,2,1,,8527,0,1239,,,c6a4a420-ceb9-44d8-85de-3ce6e8504328,F,0,white,0,nonhispanic,0
1240,8507,1955,12,17,,8527,0,1240,,,9e36e17e-3024-4668-b6f4-218f02bc45b9,M,0,white,0,nonhispanic,0
1241,8532,1989,1,22,,8527,0,1241,,,856e631e-5873-4d09-a968-61f9ca462ce6,F,0,white,0,nonhispanic,0
