location_id,address_1,address_2,city,state,zip,county,location_source_value
2479,277 Uschanoff Katu,,Kirkkonummi,Uusimaa,02880,Kirkkonummi,f645e181-79ec-41a7-bfa0-d304990c043c
2480,307 Uutinen Katu Unit 78,,Helsinki,Uusimaa,00740,Helsinki,541a5865-8f18-4ca0-b327-440e01561fb3
2481,479 Tikanoja Katu Apt 95,,Helsinki,Uusimaa,00640,Helsinki,4326ee5d-5fd4-44b8-84ac-bae7487b3a22
2482,422 Kinanen Katu Suite 5,,Espoo,Uusimaa,02270,Espoo,76e8a8de-ceaa-4df1-9b90-e90dbb27254c
2483,490 Stenfors Katu Suite 39,,Vantaa,Uusimaa,01280,Vantaa,f2fab566-102c-4ef6-b6b9-8ae9725543b0
2484,351 Hippinen Katu,,Espoo,Uusimaa,02770,Espoo,7a40ae2c-c589-479b-a470-e8a73984b5ad
2485,608 Tuulenmäki Katu Suite 17,,Porvoo,Uusimaa,06750,Porvoo,9a87e442-3ca1-416c-b795-3718c2d5d9f4
2486,577 Saranen Katu,,Espoo,Uusimaa,02100,Espoo,ff739ce4-94bb-4b97-90da-c0a8700844a7
2487,104 Samsten Katu,,Helsinki,Uusimaa,00600,Helsinki,51b46275-79ef-4fa0-ad6c-085e78768cd5
2488,507 Pelto-Lampola Katu Apt 62,,Porvoo,Uusimaa,06830,Porvoo,abc8b7fa-805a-43e6-a257-8361d80e77ed
2489,223 Hietsalo Katu,,Helsinki,Uusimaa,00650,Helsinki,2f475c73-7203-4925-a4b2-b49c04610209
2490,488 Burman Katu Unit 95,,Espoo,Uusimaa,02810,Espoo,17da8a12-c63b-44bd-8b6a-122b1d30816c
2491,644 Pikkuaho Katu Suite 86,,Helsinki,Uusimaa,00660,Helsinki,917dcf64-8ca0-4696-b797-6a73bad0feb3
2492,977 Löfstedt Katu Apt 57,,Espoo,Uusimaa,02980,Espoo,a96eb551-c77d-4438-a30e-74a520f7583f
2493,104 Hagfors Katu Suite 78,,Helsinki,Uusimaa,00600,Helsinki,18ddee8b-b7f9-4a28-82b6-20eed8423314
2494,616 Mukkila Katu Suite 46,,Kirkkonummi,Uusimaa,02400,Kirkkonummi,d789fcd1-2b71-449a-8507-d097f111d65f
2495,950 Poulsen Katu,,Porvoo,Uusimaa,07450,Porvoo,29aa3d79-f407-4e44-a181-78f4b1817c3c
2496,960 Raukola Katu Unit 47,,Pukkila,Uusimaa,07565,Pukkila,a82db475-2bd4-46f4-8fef-d537522e4927
2497,361 Okkolin Katu Suite 42,,Vantaa,Uusimaa,01490,Vantaa,c230b4b7-59ca-4251-90f5-b023bb940e26
2498,410 Ahvenranta Katu Suite 34,,Lohja,Uusimaa,08500,Lohja,829f9061-7112-42a6-aa86-d98c0bed729f
2499,930 Ronimus Katu Unit 47,,Espoo,Uusimaa,02170,Espoo,5cee7799-de7b-48b5-8725-3dbe67a217c5
2500,905 Toivola Katu,,Helsinki,Uusimaa,00290,Helsinki,55c2f001-d91e-42bc-a96e-ffc8115d006d
2501,353 Herskoi Katu Apt 57,,Tuusula,Uusimaa,04500,Tuusula,d6739062-b4dd-4a90-9750-e35963253e92
2502,285 Uino Katu,,Espoo,Uusimaa,02810,Espoo,071905f1-c1b4-4bd3-9fdb-62d6a3c60659
2503,1002 Wälläri Katu,,Kirkkonummi,Uusimaa,02520,Kirkkonummi,dd92dbd8-8a8b-404b-9714-c23dda3c20f9
2504,220 Syrjätie Katu,,Vantaa,Uusimaa,01340,Vantaa,1e87cd91-966a-4872-92b3-66072e6fe1a1
2505,657 Uppala Katu,,Helsinki,Uusimaa,00880,Helsinki,c9ae343c-95e4-4c66-9423-35d3ae23f806
2506,270 Matinlauri Katu,,Vantaa,Uusimaa,01770,Vantaa,66d48b67-1416-4e07-a81c-6ae2c2cd9a20
2507,129 Sadik Katu,,Lohja,Uusimaa,03850,Lohja,e4c9dcce-dd4b-4752-98f0-9d1c38831336
2508,150 Multisilta Katu Unit 41,,Helsinki,Uusimaa,00630,Helsinki,bdd0b1ec-0797-46a7-9d16-82058530a325
2509,385 Juha Katu Unit 60,,Helsinki,Uusimaa,00800,Helsinki,13597a9e-6edd-4025-89e6-93d0a5d19efa
2510,783 Lönegren Katu Unit 47,,Vantaa,Uusimaa,01360,Vantaa,77842af1-07d0-4a68-b3c6-b26d610bab18
2511,801 Rakkolainen Katu,,Vantaa,Uusimaa,01670,Vantaa,8f8423fe-9160-42ac-84e9-eb02f79ec90b
2512,473 Usva Katu Apt 59,,Helsinki,Uusimaa,00910,Helsinki,175fde81-d5fb-42d1-b578-3095a393d0ab
2513,275 Naatula Katu,,Vantaa,Uusimaa,01380,Vantaa,5a687947-df56-48ce-9964-d2bb9749eb08
2514,292 Vanha-Perttula Katu Suite 5,,Helsinki,Uusimaa,00220,Helsinki,31cd650b-502b-465a-97ae-4a9ece3bffb6
2515,724 Jukanen Katu,,Espoo,Uusimaa,02140,Espoo,27a3c24a-6790-415e-97e5-74eefbd49137
2516,704 Koroma Katu Apt 48,,Sipoo,Uusimaa,04150,Sipoo,b092ae89-697d-4c1a-9243-2ac8f9e482a7
2517,918 Nybergh Katu,,Espoo,Uusimaa,02600,Espoo,d1ddbddd-5352-4360-bf54-3a2f745e7202
2518,1070 Kirvesmäki Katu,,Espoo,Uusimaa,02260,Espoo,8c54aa3d-cbbe-4e41-901a-6758eb2bd3c7
2519,1002 Ossi Katu Unit 62,,Helsinki,Uusimaa,00330,Helsinki,ed715b57-d009-4876-b05f-233783afc79d
2520,241 Litja Katu,,Helsinki,Uusimaa,00900,Helsinki,325f7b3c-45e4-47e0-9d9b-4ba4911c710d
2521,691 Itkonen Katu Suite 28,,Espoo,Uusimaa,02120,Espoo,1767c725-5247-4033-9147-9ff8538af9f4
2522,511 Ulkuniemi Katu Apt 86,,Kirkkonummi,Uusimaa,02420,Kirkkonummi,4931e8dd-63a2-4a4f-b5a6-ed0a94df1642
2523,344 Keski-Rauska Katu Apt 18,,Järvenpää,Uusimaa,04440,Järvenpää,72c707ce-d2b6-46c1-b47c-ab8dbd418075
2524,880 Stagnäs Katu Apt 21,,Kerava,Uusimaa,04220,Kerava,29b6980a-92eb-4e98-9e46-94d60c5d7d40
2525,330 Leiman Katu,,Vantaa,Uusimaa,01620,Vantaa,c16ed80f-cec3-4599-a694-de7b546c1ab1
2526,919 Hellas Katu Unit 0,,Helsinki,Uusimaa,00340,Helsinki,c31b3b50-aced-43f6-ab73-e6ab46ebc505
2527,107 Isokoski Katu Unit 91,,Espoo,Uusimaa,02860,Espoo,534f8d6a-5700-4f61-967b-353537ada4fe
2528,178 Kaijanen Katu,,Kirkkonummi,Uusimaa,02470,Kirkkonummi,d08da8e3-3055-4709-8113-f818cbd72d58
2529,1097 Grabber Katu Apt 63,,Kirkkonummi,Uusimaa,02400,Kirkkonummi,a029376c-c258-41d5-8b80-94de497a5282
2530,689 Paakkala Katu Suite 36,,Helsinki,Uusimaa,00320,Helsinki,1686cb37-9a40-4ae7-bb23-c0d3852ab2fc
2531,783 Norrgård Katu Unit 81,,Espoo,Uusimaa,02780,Espoo,889a61ef-0f1a-4ad7-b9d6-03066d24229d
2532,477 Muurman Katu Suite 44,,Helsinki,Uusimaa,00630,Helsinki,d1e90e0b-6d0f-4061-9fdb-929d5a827770
2533,612 Pätäri Katu Suite 72,,Vantaa,Uusimaa,01730,Vantaa,ebd23b70-b022-4f78-bbb0-8963edca7248
2534,483 Othman Katu Apt 20,,Helsinki,Uusimaa,00100,Helsinki,7316ede5-de50-47fd-a96a-1ab9e7cfcf12
2535,496 Vappula Katu Apt 25,,Loviisa,Uusimaa,07700,Loviisa,078f151a-2e9e-44c6-b784-f2133b0a1c6e
2536,214 Laarko Katu,,Helsinki,Uusimaa,00190,Helsinki,2ac3d4cf-cf7c-4449-818e-48046017ef5f
2537,278 Jouhkimo Katu Unit 9,,Hyvinkää,Uusimaa,05840,Hyvinkää,4bc55a5a-a780-43b8-b4ce-715c49249dd6
2538,883 Hartikainen Katu,,Helsinki,Uusimaa,00670,Helsinki,bf27658b-5869-4810-ae91-e607689a5301
2539,206 Felin Katu Unit 45,,Espoo,Uusimaa,02170,Espoo,90bd45a5-c540-4358-ab5d-95f7a0114f28
2540,589 Kuosa Katu Unit 81,,Nurmijärvi,Uusimaa,01800,Nurmijärvi,e535bc7f-dee5-4d24-b02d-90b9ec195e5d
2541,686 Drockila Katu Apt 2,,Lohja,Uusimaa,08450,Lohja,6696f659-a189-412d-9ceb-3abccccf1dff
2542,152 Bingham Katu,,Helsinki,Uusimaa,00750,Helsinki,e4d8ee07-0365-4bd8-a0f9-83ce810b5ba7
2543,565 Hartemo Katu Unit 75,,Kerava,Uusimaa,04260,Kerava,5cea03e2-63c7-4fdf-94ab-967ada95ca27
2544,888 Valo Katu,,Tuusula,Uusimaa,04500,Tuusula,53944a8c-4cad-43e9-a55d-3175a2ba7c27
2545,566 Teinilä Katu,,Porvoo,Uusimaa,06450,Porvoo,22fbcb33-4feb-4778-8fcf-0a4c6ab7c486
2546,129 Kirkko-Jaakkola Katu Unit 64,,Hyvinkää,Uusimaa,05510,Hyvinkää,49c04843-b440-4dd1-9213-cd971a671796
2547,505 Jalola Katu Unit 27,,Helsinki,Uusimaa,00760,Helsinki,78c8bf9c-1cbd-495f-9f23-428012909c9a
2548,333 Ragnell Katu,,Helsinki,Uusimaa,00310,Helsinki,8217ec6c-ca3f-4811-aff8-9737cb521247
2549,1081 Rundelin Katu Unit 13,,Vantaa,Uusimaa,01490,Vantaa,c7b2d2ec-1ba9-416e-80e9-f9c8a16f231b
2550,356 Dahlbom Katu Suite 83,,Vantaa,Uusimaa,01770,Vantaa,649fb8bb-4e15-4f17-9894-9cc9ddc157f7
2551,645 Ohlsbom Katu Unit 3,,Helsinki,Uusimaa,00730,Helsinki,7f7f8708-e946-4024-9803-324a75bf7ff7
2552,290 Kalliainen Katu,,Helsinki,Uusimaa,00290,Helsinki,db1b5426-7be3-4156-8b81-a1a1121d5695
2553,315 Patovirta Katu Apt 83,,Raasepori,Uusimaa,10320,Raasepori,4f62e135-1504-4122-981a-7e45f4741512
2554,650 Suokonautio Katu Apt 83,,Järvenpää,Uusimaa,04460,Järvenpää,57f23a2b-0f57-4c94-8c98-f5f345e7ff7b
2555,812 Palmiola Katu Apt 52,,Porvoo,Uusimaa,06400,Porvoo,1c58a3b9-30cd-491a-a794-b1eb2136d1d0
2556,987 Poraharju Katu,,Helsinki,Uusimaa,00500,Helsinki,ba25b575-572e-49bf-8416-9669477a16c7
2557,632 Granat Katu Unit 36,,Espoo,Uusimaa,02730,Espoo,a2701f2b-1d30-4e74-bef2-a8f0e3369604
2558,1064 Jäsberg Katu Suite 33,,Helsinki,Uusimaa,00700,Helsinki,39351be3-e0f5-425a-b445-eda97aa8675a
2559,862 Nåhls Katu Suite 43,,Tuusula,Uusimaa,04360,Tuusula,ce13eb5d-b7ba-4ad5-95cf-8cbcca458581
2560,493 Diallo Katu Unit 44,,Helsinki,Uusimaa,00660,Helsinki,af52bb04-7bc9-4a7b-8e6d-9bfab2a891a9
2561,135 Hudd Katu,,Helsinki,Uusimaa,00590,Helsinki,87f30ad7-4d05-4b3f-9fb9-8dcc20fa58d4
2562,678 Majander Katu Unit 28,,Helsinki,Uusimaa,00670,Helsinki,9849e368-b10b-4534-b0c2-9b21f4f64be3
2563,835 Kandolin Katu,,Hyvinkää,Uusimaa,05510,Hyvinkää,4765d5fa-c6c2-49a3-b964-f19dfd85c2e0
2564,258 Ranne Katu Unit 81,,Helsinki,Uusimaa,00650,Helsinki,c929bca5-83a4-45db-bed5-6d4f346234d2
2565,453 Renfors Katu Apt 17,,Sipoo,Uusimaa,04170,Sipoo,9be0c3a9-f09c-4827-b6a0-861c255acff9
2566,660 Semenov Katu,,Helsinki,Uusimaa,00120,Helsinki,5e11ea5d-9179-4020-99bd-5a690ee2276f
2567,308 Tohni Katu Apt 56,,Vantaa,Uusimaa,01760,Vantaa,acc2a41e-29f6-41b7-8ac6-c218bf464d90
2568,736 Kalli Katu,,Tuusula,Uusimaa,04370,Tuusula,7b28df69-701c-4783-91e0-f101522370c6
2569,1068 Kontro Katu,,Vantaa,Uusimaa,01350,Vantaa,45bdc061-76cc-44eb-90ac-818e42447b57
2570,505 Luutonen Katu,,Espoo,Uusimaa,02100,Espoo,d2fb80f2-afc1-4ceb-827b-ef525678a465
2571,1015 Kulusjärvi Katu Unit 96,,Vantaa,Uusimaa,01640,Vantaa,23163254-577b-42b6-af0d-955970b9632f
2572,750 Arohonka Katu Apt 91,,Espoo,Uusimaa,02810,Espoo,1a33fd9d-8fb5-40ee-b49e-0b1e8955aa25
2573,851 Latva-Kokko Katu Apt 40,,Vantaa,Uusimaa,01380,Vantaa,b5d9a623-a88f-4091-9ea8-99d26c11193c
2574,902 Ludwig Katu,,Lohja,Uusimaa,03810,Lohja,fd59757c-83f0-4a2b-91fa-99e668d53530
2575,272 Javarus Katu Unit 37,,Vihti,Uusimaa,03220,Vihti,f10ac4c2-e521-41c4-81d7-efff1ae165a7
2576,1084 Hietaranta Katu Apt 40,,Espoo,Uusimaa,02360,Espoo,d33f0a02-a384-4d6f-85c2-df291e3185c2
2577,451 Kohtamäki Katu Apt 53,,Hyvinkää,Uusimaa,05820,Hyvinkää,3c4d94bd-b4fa-4a4c-bf2b-33521e327165
2578,818 Vyörykkä Katu,,Espoo,Uusimaa,02750,Espoo,c1df61f0-a0a1-4e30-baad-7f15db2dbf43
2579,401 Rotkus Katu,,Helsinki,Uusimaa,00360,Helsinki,a56591b5-145f-410e-a9ea-637b52b93443
2580,697 Viitakangas Katu,,Helsinki,Uusimaa,00680,Helsinki,89bfca55-8514-4e45-a3aa-bd89e6f7475c
2581,998 Lae Katu Apt 24,,Espoo,Uusimaa,02290,Espoo,008bcdc8-9f94-4453-903e-2e6221aba6d1
2582,477 Muje Katu,,Mäntsälä,Uusimaa,04840,Mäntsälä,51c1feab-4e7f-4353-81f7-88926d43a330
