location_id,address_1,address_2,city,state,zip,county,location_source_value
3920,431 Apukka Katu,,Järvenpää,Uusimaa,04400,Järvenpää,36a579f8-7fc0-4471-95af-98dac30af869
3921,851 Silenius Katu,,Helsinki,Uusimaa,00370,Helsinki,d7854c0d-278a-4243-ae63-f02a8b46a0e8
3922,666 Kerätär Katu Suite 96,,Espoo,Uusimaa,02980,Espoo,b088d029-2eec-446a-ad4a-ab366542ce02
3923,886 Rantakari Katu,,Helsinki,Uusimaa,00230,Helsinki,5c793b34-d5ac-47e6-9f5f-38c0b6ce12b8
3924,670 Lonkainen Katu Unit 7,,Kirkkonummi,Uusimaa,02420,Kirkkonummi,7a18095d-2057-4810-84c8-a77fbaefc1fe
3925,170 Uusikylä Katu,,Espoo,Uusimaa,02330,Espoo,4aaf39bf-bcbd-4023-991a-2e73e5871a47
3926,211 Hepoaho Katu Apt 20,,Vantaa,Uusimaa,01740,Vantaa,bc3f183e-e4e3-43cc-a652-2530bac3b591
3927,268 Koukku Katu,,Nurmijärvi,Uusimaa,01820,Nurmijärvi,3766774f-62e2-4bce-b732-2e446d9dff1b
3928,418 Koivuoja Katu,,Pornainen,Uusimaa,07150,Pornainen,527c8c78-fc5c-41bc-8d60-842fefdb486a
3929,910 Rautén Katu Apt 18,,Helsinki,Uusimaa,00290,Helsinki,3aae13a7-7bff-4265-bf66-983f0146bf55
3930,1031 Auterinen Katu,,Helsinki,Uusimaa,00380,Helsinki,43b678c7-9d6a-4e84-8f9b-0536553ebb57
3931,1021 Ala-Louvesniemi Katu,,Vantaa,Uusimaa,01280,Vantaa,21f0505a-f278-48af-a2bd-e9c88646d0cb
3932,1054 Mäki-Soini Katu Apt 51,,Helsinki,Uusimaa,00560,Helsinki,d273e9e4-cbad-40bd-9849-a7c1e130d322
3933,399 Hedkrok Katu Unit 71,,Lohja,Uusimaa,08360,Lohja,18b61004-2438-44a4-914a-83c650d655d1
3934,690 Martinoff Katu,,Vantaa,Uusimaa,01510,Vantaa,1499ce18-aa68-428b-ba54-9a9f6b6295eb
3935,1027 Into Katu Apt 85,,Vantaa,Uusimaa,01610,Vantaa,9147f0fd-ae79-4105-927a-6aec42632595
3936,792 Uusivuori Katu Apt 17,,Nurmijärvi,Uusimaa,05450,Nurmijärvi,2f61c29d-8f21-4dbd-9efe-92d857fcee52
3937,978 Asikkala Katu Unit 67,,Kerava,Uusimaa,04200,Kerava,ef78f0ea-4817-4c05-b093-39e4dea8cecf
3938,627 Karra Katu,,Helsinki,Uusimaa,00630,Helsinki,2d407f18-df26-474c-8262-99bc1ea77560
3939,1001 Huuskonen Katu Apt 56,,Vantaa,Uusimaa,01630,Vantaa,79ef015f-cee2-43ad-a786-ce61b30e6d3d
3940,121 Granlund Katu Unit 66,,Karkkila,Uusimaa,03600,Karkkila,ba864b74-244e-40c9-9fa3-eebe143732ac
3941,413 Törnqvist Katu,,Järvenpää,Uusimaa,04440,Järvenpää,f1019c4e-387c-493d-88da-11dcc96cc247
3942,562 Hartell Katu,,Vantaa,Uusimaa,01630,Vantaa,a89c320f-321d-48cd-b36c-b317cd6dc89c
3943,1091 Kokka Katu,,Vantaa,Uusimaa,01360,Vantaa,c8d5efe8-dff7-4c8f-9107-a0829e543ef1
3944,459 Tupala Katu,,Helsinki,Uusimaa,00310,Helsinki,fa0b5f59-10fb-45f8-8d81-90dc62b1a505
3945,330 Tuomenoja Katu,,Hanko,Uusimaa,10960,Hanko,b8be4f5f-285c-4a33-8aa5-c392259f5c66
3946,1060 Graf Katu,,Vihti,Uusimaa,03150,Vihti,67fd09df-b398-4733-90be-fefba18afe1b
3947,1055 Luukas Katu Suite 90,,Lohja,Uusimaa,08800,Lohja,15472695-5878-4b56-a1e6-318c3cd22d8d
3948,876 Latva Katu Unit 56,,Vantaa,Uusimaa,01700,Vantaa,e483e13a-a827-4222-b7f1-6d913ceac781
3949,1055 Day Katu Unit 72,,Siuntio,Uusimaa,02490,Siuntio,da38f461-a399-4d4d-96ce-4c5333e2bdd0
3950,545 Rättäri Katu Unit 38,,Helsinki,Uusimaa,00750,Helsinki,632f702a-d5ee-4b50-a940-afc75b522aed
3951,318 Kalapudas Katu Apt 38,,Vantaa,Uusimaa,01370,Vantaa,65be7616-6a77-4cf9-9a61-101fe8f65206
3952,913 Aranko Katu Suite 20,,Lohja,Uusimaa,03810,Lohja,8d248137-1af0-4300-b8d7-d14053d07845
3953,142 Raidén Katu,,Loviisa,Uusimaa,07910,Loviisa,a694a5d5-21ea-4016-9a66-699806d97651
3954,142 Helavirta Katu,,Vantaa,Uusimaa,01400,Vantaa,1983de7a-e8c6-4de9-b5e0-20d3941f5baa
3955,684 Melkas Katu,,Helsinki,Uusimaa,00440,Helsinki,fb1550d3-2dba-4cd4-960d-84f589e8c15d
3956,661 Värttö Katu,,Helsinki,Uusimaa,00250,Helsinki,92b358d0-cdcf-427c-9f0e-0299e5fb97a1
3957,202 Kallaanvaara Katu,,Helsinki,Uusimaa,00380,Helsinki,14bf70be-6703-4abd-9a87-8a7e9b1f8a90
3958,190 Mattsson Katu Suite 87,,Helsinki,Uusimaa,00680,Helsinki,10c7dd68-6be1-4400-b3dd-1b8ee73357cf
3959,545 Zhang Katu Unit 57,,Espoo,Uusimaa,02200,Espoo,0dbb63cf-da5d-4847-ac4d-a2a0720b6024
3960,774 Prinkkilä Katu,,Vantaa,Uusimaa,01760,Vantaa,a4c2dd38-48c8-421b-8ce7-a24f1b740830
3961,671 Gästgivars Katu,,Nurmijärvi,Uusimaa,05250,Nurmijärvi,ef4d9b7f-8746-4b8c-a3f7-ef7cec2df0cd
3962,186 Kneckt Katu,,Vantaa,Uusimaa,01400,Vantaa,ca9602ce-e4c9-4308-aaa1-5a9d90706a25
3963,595 Vestervik Katu Suite 28,,Helsinki,Uusimaa,00750,Helsinki,8c69cb9f-f422-4ed8-a274-83c65dec1558
3964,771 Havantola Katu,,Helsinki,Uusimaa,00380,Helsinki,eb4e33ff-8d41-41f0-90f9-00cacdea3bfa
3965,1054 Sundblad Katu Unit 16,,Helsinki,Uusimaa,00140,Helsinki,2bc13d1e-5c91-4585-9fdd-6a2e3f28e5de
3966,186 Öztürk Katu Unit 92,,Helsinki,Uusimaa,00600,Helsinki,7baf42b1-0840-4a06-bd23-f5a50fb3cb10
3967,1084 Kortetmäki Katu,,Raasepori,Uusimaa,10650,Raasepori,cb124d1c-ca68-41a6-b072-bd6c30967da4
3968,302 Pikkuaho Katu Apt 19,,Helsinki,Uusimaa,00740,Helsinki,ea5d03b1-44be-4024-9abf-6eba507a4900
3969,637 Alppiranta Katu Apt 73,,Nurmijärvi,Uusimaa,01840,Nurmijärvi,e0611ec5-1fd2-47a8-ad4d-a1d497faa371
3970,1036 Cole Katu Unit 23,,Tuusula,Uusimaa,04380,Tuusula,d6123a19-dfdf-4a34-8fbd-1d02ef6d6132
3971,1011 Ylläsjärvi Katu Unit 97,,Vantaa,Uusimaa,01690,Vantaa,02552ea6-4c30-44e4-b1d5-16a38fcb9047
3972,675 Kuustonen Katu,,Nurmijärvi,Uusimaa,01830,Nurmijärvi,caa961bb-aecd-46d6-aafe-2d7886aeaed9
3973,433 Teriö Katu Unit 83,,Lohja,Uusimaa,08350,Lohja,ad7f15be-91e5-4de9-9e34-e2ce1931398a
3974,507 Arva Katu Apt 95,,Vantaa,Uusimaa,01380,Vantaa,c365b6d6-9af6-4e92-99df-af9611d84be3
3975,121 Irvankoski Katu Apt 97,,Nurmijärvi,Uusimaa,01840,Nurmijärvi,9ba2a7e8-5f04-4ea3-ab8a-57db99d52b92
3976,778 Roos Katu Unit 44,,Helsinki,Uusimaa,00620,Helsinki,dc2e4b63-b344-4204-8b41-bb39af9a6f32
3977,850 Tammikivi Katu,,Porvoo,Uusimaa,06100,Porvoo,0ff8d830-fc14-465a-8d8d-d8f702258146
3978,926 Leppäkoski Katu,,Kerava,Uusimaa,04260,Kerava,9d116ba2-7391-48c3-9fec-3236aa661a55
3979,381 Kainberg Katu,,Vantaa,Uusimaa,01630,Vantaa,8c01cca8-1605-4028-a8a1-f5afae68006c
3980,921 Vihmakoski Katu,,Järvenpää,Uusimaa,04430,Järvenpää,5df8e51a-76c0-4071-ad1d-17a212929741
3981,740 Urvikko Katu,,Espoo,Uusimaa,02650,Espoo,b51b4b83-a750-4bb4-9817-c1b856935545
3982,707 Poikkeus Katu Suite 97,,Helsinki,Uusimaa,00580,Helsinki,7403a233-aa0f-4ccd-9e31-428a854f4c7a
3983,632 Paulasto Katu,,Vantaa,Uusimaa,01600,Vantaa,07d3ebe8-e561-4194-bd75-ceb7830cd029
3984,192 Viholainen Katu,,Helsinki,Uusimaa,00360,Helsinki,f7d856bb-05ff-411d-8cb1-61fe409b288c
3985,823 Riistaniemi Katu Unit 35,,Vantaa,Uusimaa,01230,Vantaa,89dcde32-927f-4317-9437-4a0cb773a1b9
3986,625 Hostila Katu,,Vantaa,Uusimaa,01730,Vantaa,c2f2d959-fc0f-4312-bd5d-4f469938ad91
3987,445 Nirhola Katu,,Hyvinkää,Uusimaa,05830,Hyvinkää,c63e69cb-2ce1-4b28-a715-9c69281b0102
3988,419 Simmala Katu Unit 0,,Helsinki,Uusimaa,00100,Helsinki,63bb050c-21eb-4187-a4ea-4493fe9bee42
3989,1028 Särkiö Katu,,Helsinki,Uusimaa,00830,Helsinki,07cc6336-f548-4073-9ca0-ceb778de3e40
3990,1040 Hedemäki Katu,,Vantaa,Uusimaa,01200,Vantaa,84b5b6c7-4423-4243-872e-8ef2cb7ce6e1
3991,1040 Hautalampi Katu,,Vantaa,Uusimaa,01770,Vantaa,ed3ac268-8d7a-4d2c-a5ac-e972254de24f
3992,523 Tjeder Katu,,Porvoo,Uusimaa,07410,Porvoo,554d5df0-7ad9-47fc-ad35-0b737b5018a3
3993,349 Poikulainen Katu Unit 74,,Helsinki,Uusimaa,00330,Helsinki,9297d6c6-4e67-45a0-87a1-5c9e2d850620
3994,285 Autiosuo Katu Suite 49,,Vihti,Uusimaa,03250,Vihti,ea8114f4-9f81-4b55-95c8-68c5e4f63f4e
3995,147 Cavén Katu,,Espoo,Uusimaa,02300,Espoo,ea6944fd-750f-4540-8799-5fbac5acd410
3996,1017 Kulju Katu Suite 79,,Kirkkonummi,Uusimaa,02420,Kirkkonummi,289e05f4-4e3b-487c-a1cd-648c85f081f0
3997,277 Öst Katu Suite 70,,Vantaa,Uusimaa,01420,Vantaa,e20706af-39cc-4f0e-a8e6-9d64ff39897c
3998,404 Arhipoff Katu,,Vantaa,Uusimaa,01400,Vantaa,f2135373-3732-4528-a28c-d03bb4c16d2d
3999,637 Kykyri Katu,,Lohja,Uusimaa,08500,Lohja,6378f6e8-79c3-422e-8ec4-c5e76685dd1c
4000,703 Khalif Katu,,Helsinki,Uusimaa,00550,Helsinki,b57b559c-c4cb-4fce-ada6-534705587c26
4001,969 Ylälehto Katu,,Helsinki,Uusimaa,00670,Helsinki,74d33325-6d1b-49ae-953a-e139596c1c80
4002,966 Touru Katu Suite 16,,Helsinki,Uusimaa,00400,Helsinki,067caa9f-eee4-4c93-a466-bc9072a7fb82
4003,720 Rytylä Katu Unit 10,,Kerava,Uusimaa,04220,Kerava,0ebe45c7-e0c1-4383-928a-ae90b4e91593
4004,881 Näätänen Katu,,Espoo,Uusimaa,02260,Espoo,3ca523b7-1c70-48b9-adc9-c34d7b640fe0
4005,173 Raasakka Katu Unit 56,,Loviisa,Uusimaa,07990,Loviisa,366835d8-ee3e-4bc7-b171-6e763cea0580
4006,108 Pönkänen Katu Suite 55,,Helsinki,Uusimaa,00160,Helsinki,88f26e43-0744-47ee-98a4-75536158b1b0
4007,211 Flinkman Katu,,Helsinki,Uusimaa,00250,Helsinki,1a29e59f-7c69-48c6-addb-2710173fcaeb
4008,761 Kaarlejärvi Katu,,Helsinki,Uusimaa,00820,Helsinki,b295d0be-5ef6-461b-95f9-d2b36663eb5d
4009,511 Wester Katu Suite 57,,Helsinki,Uusimaa,00920,Helsinki,1f5550c3-67c1-46ee-8581-0775db0d4b1a
4010,1094 Buckman Katu,,Helsinki,Uusimaa,00600,Helsinki,ef98e63a-2df1-4523-8deb-213fe85b0525
4011,595 Bäf Katu Unit 97,,Espoo,Uusimaa,02600,Espoo,50f37d7f-2de1-4c7e-b161-e45d47a7fbd1
4012,554 Orjatsalo Katu,,Helsinki,Uusimaa,00350,Helsinki,bb3d0f8d-a457-4376-a4d3-eb217a4ff168
4013,299 Takatalo Katu,,Nurmijärvi,Uusimaa,01820,Nurmijärvi,68f9fc6e-2acd-476e-9142-84e9adfea13c
4014,884 Vanhanarkaus Katu,,Raasepori,Uusimaa,10300,Raasepori,906d84ed-0f98-4766-849c-674b93958475
4015,957 Hahtala Katu Unit 52,,Tuusula,Uusimaa,05430,Tuusula,b8662328-c79a-4778-b3c6-864a73a206a3
4016,899 Thesleff Katu Unit 87,,Lohja,Uusimaa,08200,Lohja,b2dd355d-9e69-4de4-82f1-f44f1dc8feb9
4017,302 Kecklund Katu,,Helsinki,Uusimaa,00290,Helsinki,a5b87c0e-44be-40ce-a936-89b43c4ab063
4018,154 Vallius Katu,,Helsinki,Uusimaa,00290,Helsinki,50b15055-e01c-4939-bd56-7ecc6ee1b178
4019,531 Teronen Katu Suite 73,,Espoo,Uusimaa,02770,Espoo,700c72dc-bd88-4f2f-8f89-f646575dcd77
4020,741 Karkkulainen Katu Apt 45,,Helsinki,Uusimaa,00330,Helsinki,d09cb616-dd87-42e5-b7a2-c8b1f0e6733a
4021,541 Juhala Katu Unit 5,,Helsinki,Uusimaa,00790,Helsinki,d4913251-2df1-4a9a-a280-550d9ebb9cb5
4022,899 Hakuni Katu,,Helsinki,Uusimaa,00360,Helsinki,e34c8e73-98f3-4f62-b1ee-5b2e47f3c14b
4023,399 Raeske Katu Suite 6,,Helsinki,Uusimaa,00850,Helsinki,b1e3fc59-b5f0-4ce7-9390-4aec63a4661d
4024,878 Taka-Eilola Katu Apt 81,,Espoo,Uusimaa,02300,Espoo,0e7ed8ef-9e4a-4f5c-b9e5-18ced07a67b9
4025,851 Pipinen Katu Apt 75,,Helsinki,Uusimaa,00330,Helsinki,6e784dc1-3bdf-42c6-82f8-4c5ddf659ad4
