person_id,gender_concept_id,year_of_birth,month_of_birth,day_of_birth,birth_datetime,race_concept_id,ethnicity_concept_id,location_id,provider_id,care_site_id,person_source_value,gender_source_value,gender_source_concept_id,race_source_value,race_source_concept_id,ethnicity_source_value,ethnicity_source_concept_id
3920,8507,2004,3,16,,8527,0,3920,,,36a579f8-7fc0-4471-95af-98dac30af869,M,0,white,0,nonhispanic,0
3921,8507,1982,6,25,,8527,0,3921,,,d7854c0d-278a-4243-ae63-f02a8b46a0e8,M,0,white,0,nonhispanic,0
3922,8532,1981,3,12,,8527,0,3922,,,b088d029-2eec-446a-ad4a-ab366542ce02,F,0,white,0,nonhispanic,0
3923,8532,1942,5,25,,8527,0,3923,,,5c793b34-d5ac-47e6-9f5f-38c0b6ce12b8,F,0,white,0,nonhispanic,0
3924,8507,1956,7,14,,8527,0,3924,,,7a18095d-2057-4810-84c8-a77fbaefc1fe,M,0,white,0,nonhispanic,0
3925,8532,1955,4,9,,8527,0,3925,,,4aaf39bf-bcbd-4023-991a-2e73e5871a47,F,0,white,0,nonhispanic,0
3926,8532,1957,11,22,,8527,0,3926,,,bc3f183e-e4e3-43cc-a652-2530bac3b591,F,0,white,0,nonhispanic,0
3927,8507,1963,12,21,,8527,0,3927,,,3766774f-62e2-4bce-b732-2e446d9dff1b,M,0,white,0,nonhispanic,0
3928,8532,1976,5,15,,8527,0,3928,,,527c8c78-fc5c-41bc-8d60-842fefdb486a,F,0,white,0,nonhispanic,0
3929,8532,1954,5,19,,8527,0,3929,,,3aae13a7-7bff-4265-bf66-983f0146bf55,F,0,white,0,nonhispanic,0
3930,8507,1987,1,1,,8527,0,3930,,,43b678c7-9d6a-4e84-8f9b-0536553ebb57,M,0,white,0,nonhispanic,0
3931,8532,1988,12,21,,8527,0,3931,,,21f0505a-f278-48af-a2bd-e9c88646d0cb,F,0,white,0,nonhispanic,0
3932,8532,1986,3,3,,8527,0,3932,,,d273e9e4-cbad-40bd-9849-a7c1e130d322,F,0,white,0,nonhispanic,0
3933,8507,1947,12,10,,8527,0,3933,,,18b61004-2438-44a4-914a-83c650d655d1,M,0,white,0,nonhispanic,0
3934,8507,2015,3,10,,8527,0,3934,,,1499ce18-aa68-428b-ba54-9a9f6b6295eb,M,0,white,0,nonhispanic,0
3935,8532,1977,10,16,,8527,0,3935,,,9147f0fd-ae79-4105-927a-6aec42632595,F,0,white,0,nonhispanic,0
3936,8507,1963,12,21,,8527,0,3936,,,2f61c29d-8f21-4dbd-9efe-92d857fcee52,M,0,white,0,nonhispanic,0
3937,8532,1995,10,2,,8527,0,3937,,,ef78f0ea-4817-4c05-b093-39e4dea8cecf,F,0,white,0,nonhispanic,0
3938,8532,1942,5,25,,8527,0,3938,,,2d407f18-df26-474c-8262-99bc1ea77560,F,0,white,0,nonhispanic,0
3939,8532,1989,7,27,,8527,0,3939,,,79ef015f-cee2-43ad-a786-ce61b30e6d3d,F,0,white,0,nonhispanic,0
3940,8507,2019,6,5,,8527,0,3940,,,ba864b74-244e-40c9-9fa3-eebe143732ac,M,0,white,0,nonhispanic,0
3941,8507,2002,4,4,,8527,0,3941,,,f1019c4e-387c-493d-88da-11dcc96cc247,M,0,white,0,nonhispanic,0
3942,8507,2012,10,22,,8527,0,3942,,,a89c320f-321d-48cd-b36c-b317cd6dc89c,M,0,white,0,nonhispanic,0
3943,8532,1946,7,28,,8527,0,3943,,,c8d5efe8-dff7-4c8f-9107-a0829e543ef1,F,0,white,0,nonhispanic,0
3944,8507,1958,4,1,,8527,0,3944,,,fa0b5f59-10fb-45f8-8d81-90dc62b1a505,M,0,white,0,nonhispanic,0
3945,8532,1955,4,13,,8527,0,3945,,,b8be4f5f-285c-4a33-8aa5-c392259f5c66,F,0,white,0,nonhispanic,0
3946,8507,1983,5,26,,8527,0,3946,,,67fd09df-b398-4733-90be-fefba18afe1b,M,0,white,0,nonhispanic,0
3947,8507,1978,8,12,,8527,0,3947,,,15472695-5878-4b56-a1e6-318c3cd22d8d,M,0,white,0,nonhispanic,0
3948,8532,1944,9,2,,8527,0,3948,,,e483e13a-a827-4222-b7f1-6d913ceac781,F,0,white,0,nonhispanic,0
3949,8507,1981,7,15,,8527,0,3949,,,da38f461-a399-4d4d-96ce-4c5333e2bdd0,M,0,white,0,nonhispanic,0
3950,8507,1995,11,9,,8527,0,3950,,,632f702a-d5ee-4b50-a940-afc75b522aed,M,0,white,0,nonhispanic,0
3951,8532,1964,10,19,,8527,0,3951,,,65be7616-6a77-4cf9-9a61-101fe8f65206,F,0,white,0,nonhispanic,0
3952,8507,1992,1,12,,8527,0,3952,,,8d248137-1af0-4300-b8d7-d14053d07845,M,0,white,0,nonhispanic,0
3953,8532,1974,6,12,,8527,0,3953,,,a694a5d5-21ea-4016-9a66-699806d97651,F,0,white,0,nonhispanic,0
3954,8507,1946,1,5,,8527,0,3954,,,1983de7a-e8c6-4de9-b5e0-20d3941f5baa,M,0,white,0,nonhispanic,0
3955,8507,1982,11,13,,8527,0,3955,,,fb1550d3-2dba-4cd4-960d-84f589e8c15d,M,0,white,0,nonhispanic,0
3956,8532,1944,3,14,,8527,0,3956,,,92b358d0-cdcf-427c-9f0e-0299e5fb97a1,F,0,white,0,nonhispanic,0
3957,8532,1988,11,25,,8527,0,3957,,,14bf70be-6703-4abd-9a87-8a7e9b1f8a90,F,0,white,0,nonhispanic,0
3958,8507,1981,9,17,,8527,0,3958,,,10c7dd68-6be1-4400-b3dd-1b8ee73357cf,M,0,white,0,nonhispanic,0
3959,8532,1967,6,15,,8527,0,3959,,,0dbb63cf-da5d-4847-ac4d-a2a0720b6024,F,0,white,0,nonhispanic,0
3960,8507,1939,7,11,,8527,0,3960,,,a4c2dd38-48c8-421b-8ce7-a24f1b740830,M,0,white,0,nonhispanic,0
3961,8532,2006,4,3,,8527,0,3961,,,ef4d9b7f-8746-4b8c-a3f7-ef7cec2df0cd,F,0,white,0,nonhispanic,0
3962,8507,1938,9,14,,8527,0,3962,,,ca9602ce-e4c9-4308-aaa1-5a9d90706a25,M,0,white,0,nonhispanic,0
3963,8507,1961,6,1,,8527,0,3963,,,8c69cb9f-f422-4ed8-a274-83c65dec1558,M,0,white,0,nonhispanic,0
3964,8532,1998,6,12,,8527,0,3964,,,eb4e33ff-8d41-41f0-90f9-00cacdea3bfa,F,0,white,0,nonhispanic,0
3965,8532,1953,8,29,,8527,0,3965,,,2bc13d1e-5c91-4585-9fdd-6a2e3f28e5de,F,0,white,0,nonhispanic,0
3966,8532,1934,12,27,,8527,0,3966,,,7baf42b1-0840-4a06-bd23-f5a50fb3cb10,F,0,white,0,nonhispanic,0
3967,8532,1999,1,21,,8527,0,3967,,,cb124d1c-ca68-41a6-b072-bd6c30967da4,F,0,white,0,nonhispanic,0
3968,8532,1966,9,6,,8527,0,3968,,,ea5d03b1-44be-4024-9abf-6eba507a4900,F,0,white,0,nonhispanic,0
3969,8507,2004,10,3,,8527,0,3969,,,e0611ec5-1fd2-47a8-ad4d-a1d497faa371,M,0,white,0,nonhispanic,0
3970,8507,2007,10,12,,8527,0,3970,,,d6123a19-dfdf-4a34-8fbd-1d02ef6d6132,M,0,white,0,nonhispanic,0
3971,8507,1986,1,19,,8527,0,3971,,,02552ea6-4c30-44e4-b1d5-16a38fcb9047,M,0,white,0,nonhispanic,0
3972,8507,2015,10,17,,8527,0,3972,,,caa961bb-aecd-46d6-aafe-2d7886aeaed9,M,0,white,0,nonhispanic,0
3973,8532,1961,10,4,,8527,0,3973,,,ad7f15be-91e5-4de9-9e34-e2ce1931398a,F,0,white,0,nonhispanic,0
3974,8507,1938,9,14,,8527,0,3974,,,c365b6d6-9af6-4e92-99df-af9611d84be3,M,0,white,0,nonhispanic,0
3975,8507,1990,3,1,,8527,0,3975,,,9ba2a7e8-5f04-4ea3-ab8a-57db99d52b92,M,0,white,0,nonhispanic,0
3976,8507,1967,10,29,,8527,0,3976,,,dc2e4b63-b344-4204-8b41-bb39af9a6f32,M,0,white,0,nonhispanic,0
3977,8532,1958,3,4,,8527,0,3977,,,0ff8d830-fc14-465a-8d8d-d8f702258146,F,0,white,0,nonhispanic,0
3978,8507,2014,11,29,,8527,0,3978,,,9d116ba2-7391-48c3-9fec-3236aa661a55,M,0,white,0,nonhispanic,0
3979,8532,2016,5,25,,8527,0,3979,,,8c01cca8-1605-4028-a8a1-f5afae68006c,F,0,white,0,nonhispanic,0
3980,8532,1994,8,18,,8527,0,3980,,,5df8e51a-76c0-4071-ad1d-17a212929741,F,0,white,0,nonhispanic,0
3981,8532,2008,7,11,,8527,0,3981,,,b51b4b83-a750-4bb4-9817-c1b856935545,F,0,white,0,nonhispanic,0
3982,8532,2004,10,24,,8527,0,3982,,,7403a233-aa0f-4ccd-9e31-428a854f4c7a,F,0,white,0,nonhispanic,0
3983,8532,1991,1,5,,8527,0,3983,,,07d3ebe8-e561-4194-bd75-ceb7830cd029,F,0,white,0,nonhispanic,0
3984,8507,1985,6,21,,8527,0,3984,,,f7d856bb-05ff-411d-8cb1-61fe409b288c,M,0,white,0,nonhispanic,0
3985,8507,1996,3,12,,8527,0,3985,,,89dcde32-927f-4317-9437-4a0cb773a1b9,M,0,white,0,nonhispanic,0
3986,8532,1953,5,23,,8527,0,3986,,,c2f2d959-fc0f-4312-bd5d-4f469938ad91,F,0,white,0,nonhispanic,0
3987,8532,1939,2,3,,8527,0,3987,,,c63e69cb-2ce1-4b28-a715-9c69281b0102,F,0,white,0,nonhispanic,0
3988,8507,1979,4,26,,8527,0,3988,,,63bb050c-21eb-4187-a4ea-4493fe9bee42,M,0,white,0,nonhispanic,0
3989,8507,1952,3,19,,8527,0,3989,,,07cc6336-f548-4073-9ca0-ceb778de3e40,M,0,white,0,nonhispanic,0
3990,8507,1985,8,23,,8527,0,3990,,,84b5b6c7-4423-4243-872e-8ef2cb7ce6e1,M,0,white,0,nonhispanic,0
3991,8507,1938,9,14,,8527,0,3991,,,ed3ac268-8d7a-4d2c-a5ac-e972254de24f,M,0,white,0,nonhispanic,0
3992,8532,2002,3,10,,8527,0,3992,,,554d5df0-7ad9-47fc-ad35-0b737b5018a3,F,0,white,0,nonhispanic,0
3993,8532,1994,10,3,,8527,0,3993,,,9297d6c6-4e67-45a0-87a1-5c9e2d850620,F,0,white,0,nonhispanic,0
3994,8532,1999,3,28,,8527,0,3994,,,ea8114f4-9f81-4b55-95c8-68c5e4f63f4e,F,0,white,0,nonhispanic,0
3995,8532,2004,2,24,,8527,0,3995,,,ea6944fd-750f-4540-8799-5fbac5acd410,F,0,white,0,nonhispanic,0
3996,8532,1953,4,25,,8527,0,3996,,,289e05f4-4e3b-487c-a1cd-648c85f081f0,F,0,white,0,nonhispanic,0
3997,8532,1998,1,30,,8527,0,3997,,,e20706af-39cc-4f0e-a8e6-9d64ff39897c,F,0,white,0,nonhispanic,0
3998,8532,2002,4,12,,8527,0,3998,,,f2135373-3732-4528-a28c-d03bb4c16d2d,F,0,white,0,nonhispanic,0
3999,8532,1952,9,20,,8527,0,3999,,,6378f6e8-79c3-422e-8ec4-c5e76685dd1c,F,0,white,0,nonhispanic,0
4000,8507,1961,10,11,,8527,0,4000,,,b57b559c-c4cb-4fce-ada6-534705587c26,M,0,white,0,nonhispanic,0
4001,8507,1954,12,3,,8527,0,4001,,,74d33325-6d1b-49ae-953a-e139596c1c80,M,0,white,0,nonhispanic,0
4002,8507,1952,3,19,,8527,0,4002,,,067caa9f-eee4-4c93-a466-bc9072a7fb82,M,0,white,0,nonhispanic,0
4003,8507,1983,7,26,,8527,0,4003,,,0ebe45c7-e0c1-4383-928a-ae90b4e91593,M,0,white,0,nonhispanic,0
4004,8532,1972,11,5,,8527,0,4004,,,3ca523b7-1c70-48b9-adc9-c34d7b640fe0,F,0,white,0,nonhispanic,0
4005,8532,1971,9,30,,8527,0,4005,,,366835d8-ee3e-4bc7-b171-6e763cea0580,F,0,white,0,nonhispanic,0
4006,8532,2012,2,3,,8527,0,4006,,,88f26e43-0744-47ee-98a4-75536158b1b0,F,0,white,0,nonhispanic,0
4007,8532,1929,4,23,,8527,0,4007,,,1a29e59f-7c69-48c6-addb-2710173fcaeb,F,0,white,0,nonhispanic,0
4008,8532,1989,10,19,,8527,0,4008,,,b295d0be-5ef6-461b-95f9-d2b36663eb5d,F,0,white,0,nonhispanic,0
4009,8507,1961,10,11,,8527,0,4009,,,1f5550c3-67c1-46ee-8581-0775db0d4b1a,M,0,white,0,nonhispanic,0
4010,8507,2002,4,19,,8527,0,4010,,,ef98e63a-2df1-4523-8deb-213fe85b0525,M,0,white,0,nonhispanic,0
4011,8532,1975,7,30,,8527,0,4011,,,50f37d7f-2de1-4c7e-b161-e45d47a7fbd1,F,0,white,0,nonhispanic,0
4012,8507,1981,5,15,,8527,0,4012,,,bb3d0f8d-a457-4376-a4d3-eb217a4ff168,M,0,white,0,nonhispanic,0
4013,8507,1947,2,16,,8527,0,4013,,,68f9fc6e-2acd-476e-9142-84e9adfea13c,M,0,white,0,nonhispanic,0
4014,8507,1957,6,9,,8527,0,4014,,,906d84ed-0f98-4766-849c-674b93958475,M,0,white,0,nonhispanic,0
4015,8532,1989,2,3,,8527,0,4015,,,b8662328-c79a-4778-b3c6-864a73a206a3,F,0,white,0,nonhispanic,0
4016,8532,1946,3,1,,8527,0,4016,,,b2dd355d-9e69-4de4-82f1-f44f1dc8feb9,F,0,white,0,nonhispanic,0
4017,8507,2018,12,22,,8527,0,4017,,,a5b87c0e-44be-40ce-a936-89b43c4ab063,M,0,white,0,nonhispanic,0
4018,8507,1973,8,19,,8527,0,4018,,,50b15055-e01c-4939-bd56-7ecc6ee1b178,M,0,white,0,nonhispanic,0
4019,8532,1972,12,1,,8527,0,4019,,,700c72dc-bd88-4f2f-8f89-f646575dcd77,F,0,white,0,nonhispanic,0
4020,8507,1971,3,15,,8527,0,4020,,,d09cb616-dd87-42e5-b7a2-c8b1f0e6733a,M,0,white,0,nonhispanic,0
4021,8532,1995,4,6,,8527,0,4021,,,d4913251-2df1-4a9a-a280-550d9ebb9cb5,F,0,white,0,nonhispanic,0
4022,8507,1970,3,29,,8527,0,4022,,,e34c8e73-98f3-4f62-b1ee-5b2e47f3c14b,M,0,white,0,nonhispanic,0
4023,8532,1962,4,18,,8527,0,4023,,,b1e3fc59-b5f0-4ce7-9390-4aec63a4661d,F,0,white,0,nonhispanic,0
4024,8532,1989,5,11,,8527,0,4024,,,0e7ed8ef-9e4a-4f5c-b9e5-18ced07a67b9,F,0,white,0,nonhispanic,0
4025,8532,1925,12,6,,8527,0,4025,,,6e784dc1-3bdf-42c6-82f8-4c5ddf659ad4,F,0,white,0,nonhispanic,0
