person_id,gender_concept_id,year_of_birth,month_of_birth,day_of_birth,birth_datetime,race_concept_id,ethnicity_concept_id,location_id,provider_id,care_site_id,person_source_value,gender_source_value,gender_source_concept_id,race_source_value,race_source_concept_id,ethnicity_source_value,ethnicity_source_concept_id
4436,8507,2005,12,29,,8527,0,4436,,,4e3761a9-cdaf-4bf6-a0df-421eb762208d,M,0,white,0,nonhispanic,0
4437,8507,1998,4,6,,8527,0,4437,,,e39286ba-613c-499d-87b0-70b3793ee3f3,M,0,white,0,nonhispanic,0
4438,8532,2009,4,8,,8527,0,4438,,,67fc13da-7253-4293-9dbb-a5e78e3e8304,F,0,white,0,nonhispanic,0
4439,8532,1981,2,3,,8527,0,4439,,,b645940c-848a-4f23-afe9-b771bb452655,F,0,white,0,nonhispanic,0
4440,8507,1982,3,21,,8527,0,4440,,,05fe74d9-9bc1-45d4-bb75-b437ad1c2bdb,M,0,white,0,nonhispanic,0
4441,8532,1983,1,17,,8527,0,4441,,,327b63bd-d735-484c-a686-77aad05c940b,F,0,white,0,nonhispanic,0
4442,8532,2018,1,30,,8527,0,4442,,,74fd19f6-ece9-431c-a956-3f18990835de,F,0,white,0,nonhispanic,0
4443,8532,2014,5,17,,8527,0,4443,,,b1fb7b96-018f-4dc4-843a-391a6ce85674,F,0,white,0,nonhispanic,0
4444,8532,2012,5,26,,8527,0,4444,,,3584490d-0fdd-4a19-9b40-986c3ab609a5,F,0,white,0,nonhispanic,0
4445,8532,1990,11,6,,8527,0,4445,,,4f8a6410-2245-47a5-963e-cda824c0a9cf,F,0,white,0,nonhispanic,0
4446,8532,1971,4,27,,8527,0,4446,,,e9cbe504-1493-417b-8b1b-ace427f4055e,F,0,white,0,nonhispanic,0
4447,8532,1956,1,25,,8527,0,4447,,,04a71026-f63e-45ad-8fe5-8594422e5435,F,0,white,0,nonhispanic,0
4448,8507,1961,8,21,,8527,0,4448,,,caddb2ec-b18f-4526-b95a-bcdba122b2fd,M,0,white,0,nonhispanic,0
4449,8532,1977,9,29,,8527,0,4449,,,6618dfc4-f0f5-490a-b2c4-56a9cf8ccad4,F,0,white,0,nonhispanic,0
4450,8532,1998,5,27,,8527,0,4450,,,538131c9-ddc5-439b-aace-0ee2ba166bf9,F,0,white,0,nonhispanic,0
4451,8507,2002,4,11,,8527,0,4451,,,b5d7a07c-c1ee-4f69-8baa-7c3a2e12ec03,M,0,white,0,nonhispanic,0
4452,8532,1974,4,2,,8527,0,4452,,,51840f95-f1c9-47d4-9425-f855be0d3436,F,0,white,0,nonhispanic,0
4453,8507,1986,2,13,,8527,0,4453,,,368b4e4e-97f5-4368-af0b-b44e9e23ec55,M,0,white,0,nonhispanic,0
4454,8532,1953,4,13,,8527,0,4454,,,857ce369-febb-4302-8802-c733679e7dcf,F,0,white,0,nonhispanic,0
4455,8507,2016,3,27,,8527,0,4455,,,6d4f74e2-3017-4d1d-850f-7ba48d603b28,M,0,white,0,nonhispanic,0
4456,8532,1985,9,4,,8527,0,4456,,,7db07bb6-68e7-4b69-bd44-eaa9a4c75c20,F,0,white,0,nonhispanic,0
4457,8507,1997,8,10,,8527,0,4457,,,4d3009a5-afcd-4dbf-b1b7-a75a1b1dbd12,M,0,white,0,nonhispanic,0
4458,8507,1990,1,20,,8527,0,4458,,,9a85f75d-c126-4aa1-8028-7c1fd4108d15,M,0,white,0,nonhispanic,0
4459,8532,2017,3,2,,8527,0,4459,,,fb34d806-cd05-40e5-ac58-22c027d56123,F,0,white,0,nonhispanic,0
4460,8507,1951,9,27,,8527,0,4460,,,18defa88-28bd-436f-9268-a8248267f652,M,0,white,0,nonhispanic,0
4461,8507,1993,1,8,,8527,0,4461,,,8c52d3ce-2503-48c7-a325-4a5b216156a6,M,0,white,0,nonhispanic,0
4462,8532,1971,8,29,,8527,0,4462,,,263016f4-da49-4563-a773-72ff89e82ddc,F,0,white,0,nonhispanic,0
4463,8532,1975,5,10,,8527,0,4463,,,54772a89-54d2-4016-af90-d6e34ca76fc1,F,0,white,0,nonhispanic,0
4464,8507,2019,3,1,,8527,0,4464,,,b8f14d3d-a647-48ed-b148-b345c02be614,M,0,white,0,nonhispanic,0
4465,8532,1987,10,11,,8527,0,4465,,,814b35b0-4d7c-48be-a969-76cfb27ae654,F,0,white,0,nonhispanic,0
4466,8507,1992,1,9,,8527,0,4466,,,f2132540-bc89-4448-a6a4-b255b9794cfd,M,0,white,0,nonhispanic,0
4467,8507,1981,10,30,,8527,0,4467,,,1146f2ee-742d-41b5-80f9-583e577734e1,M,0,white,0,nonhispanic,0
4468,8532,1953,4,13,,8527,0,4468,,,95be4c72-8f89-4dda-a966-e3bd9a0876be,F,0,white,0,nonhispanic,0
4469,8532,2005,3,20,,8527,0,4469,,,ce557116-2652-4a72-928c-c9d4881a86b7,F,0,white,0,nonhispanic,0
4470,8532,1975,5,24,,8527,0,4470,,,ac2fa77b-723f-4624-9374-e684a182aecf,F,0,white,0,nonhispanic,0
4471,8507,2008,4,23,,8527,0,4471,,,04a8096a-8a1c-4b8b-b954-c54e85bac099,M,0,white,0,nonhispanic,0
4472,8507,1954,4,29,,8527,0,4472,,,1f21d3a5-2801-4fa5-9d1a-4a18fb82dfbd,M,0,white,0,nonhispanic,0
4473,8532,1973,5,22,,8527,0,4473,,,50476a5c-65ca-4883-b2f7-33053bf95538,F,0,white,0,nonhispanic,0
4474,8532,1943,5,16,,8527,0,4474,,,e2b8f5e0-ff8e-4461-a867-96db116c84db,F,0,white,0,nonhispanic,0
4475,8532,1984,10,9,,8527,0,4475,,,414ebf72-434c-4f30-a0ed-c649e86a1a0b,F,0,white,0,nonhispanic,0
4476,8532,2008,2,11,,8527,0,4476,,,89e687b8-bf5b-4ec0-858d-3def5a253a9a,F,0,white,0,nonhispanic,0
4477,8507,2005,1,31,,8527,0,4477,,,75777583-9071-4cdb-847f-e9d31fe5b1a7,M,0,white,0,nonhispanic,0
4478,8532,1981,6,7,,8527,0,4478,,,87fd96d7-454b-4427-b1af-0d410a1e648e,F,0,white,0,nonhispanic,0
4479,8532,2017,8,22,,8527,0,4479,,,2bdf6fa4-2a3f-4b06-a3b5-8c434b8a4ac6,F,0,white,0,nonhispanic,0
4480,8532,1963,1,27,,8527,0,4480,,,a8490913-fe9d-4497-815c-4338099ef294,F,0,white,0,nonhispanic,0
4481,8532,2016,10,5,,8527,0,4481,,,2be81bc3-0e38-42e7-a09b-e6b744f8fb89,F,0,white,0,nonhispanic,0
4482,8532,1982,12,16,,8527,0,4482,,,b3ddbe8e-f594-443d-a833-b469e15925aa,F,0,white,0,nonhispanic,0
4483,8507,1979,3,2,,8527,0,4483,,,5041a9b8-99f0-449f-99b7-620adacd4b1c,M,0,white,0,nonhispanic,0
4484,8532,1990,8,24,,8527,0,4484,,,eb543c75-265c-4693-abf7-55c22f8e6df9,F,0,white,0,nonhispanic,0
4485,8532,2006,1,10,,8527,0,4485,,,48453db3-ca62-4243-ad91-6a0e7906d71e,F,0,white,0,nonhispanic,0
4486,8507,1954,1,8,,8527,0,4486,,,35cabe09-57a0-41b9-96fd-a4f4159368ae,M,0,white,0,nonhispanic,0
4487,8507,1956,3,23,,8527,0,4487,,,2305e094-198a-4c4f-a9ba-af10592e81f2,M,0,white,0,nonhispanic,0
4488,8532,1929,10,6,,8527,0,4488,,,c033c9fa-5b1e-44fc-903c-3006a14d5d5a,F,0,white,0,nonhispanic,0
4489,8532,2003,8,4,,8527,0,4489,,,48a53fb1-1279-43c6-9d01-07a402e15194,F,0,white,0,nonhispanic,0
4490,8532,1982,3,30,,8527,0,4490,,,e69398d1-d20a-4b1d-b154-ebff086a1137,F,0,white,0,nonhispanic,0
4491,8532,1973,6,19,,8527,0,4491,,,06abe4ca-2b07-41a1-bac7-113d73fdab6d,F,0,white,0,nonhispanic,0
4492,8507,2016,3,21,,8527,0,4492,,,11f35480-5d99-46a4-b267-4607621c021f,M,0,white,0,nonhispanic,0
4493,8532,1976,12,27,,8527,0,4493,,,23912ba3-c80d-48e0-8217-f2f6e26f1b82,F,0,white,0,nonhispanic,0
4494,8507,2014,7,25,,8527,0,4494,,,bbf3990f-1f09-46ff-9c85-d98d088d113f,M,0,white,0,nonhispanic,0
4495,8507,1966,1,9,,8527,0,4495,,,67e1edc7-a191-4c3f-9953-5abc082939ff,M,0,white,0,nonhispanic,0
4496,8507,1985,2,26,,8527,0,4496,,,a1a31557-394d-43ad-a6c2-94b7a6d889dd,M,0,white,0,nonhispanic,0
4497,8507,1981,12,17,,8527,0,4497,,,3a804575-cc78-4154-bec0-0912509d6252,M,0,white,0,nonhispanic,0
4498,8507,1979,3,22,,8527,0,4498,,,cb3bd21a-eec0-40ac-9e29-d218bcd6a5a5,M,0,white,0,nonhispanic,0
4499,8532,1953,11,10,,8527,0,4499,,,a6dbb394-8d41-448d-987b-d1ae93986530,F,0,white,0,nonhispanic,0
4500,8532,2006,8,5,,8527,0,4500,,,7e9bf588-9bc0-4e19-83a6-08339576dac8,F,0,white,0,nonhispanic,0
4501,8532,1989,8,29,,8527,0,4501,,,5ae43edd-aa2e-4c30-9ca2-d11b415332df,F,0,white,0,nonhispanic,0
4502,8532,1973,11,28,,8527,0,4502,,,64e8e5b9-fdb1-483e-97db-a1166d6d6b57,F,0,white,0,nonhispanic,0
4503,8507,1966,2,18,,8527,0,4503,,,d87dad48-5535-424d-8f2a-6b8e5751adcd,M,0,white,0,nonhispanic,0
4504,8507,1979,9,5,,8527,0,4504,,,5e9bb2be-79cc-498f-a49b-f07a107c2b37,M,0,white,0,nonhispanic,0
4505,8507,1997,4,21,,8527,0,4505,,,a70032c6-41ef-4632-b618-e1d24989faff,M,0,white,0,nonhispanic,0
4506,8507,1991,1,13,,8527,0,4506,,,9a9a0ae6-d180-4f0f-9fcd-b01a97675264,M,0,white,0,nonhispanic,0
4507,8507,1958,12,12,,8527,0,4507,,,f59c0e5e-6010-4544-903d-579a3757b227,M,0,white,0,nonhispanic,0
4508,8532,1945,5,27,,8527,0,4508,,,3280fd86-1276-43cf-9925-1170a317d1b7,F,0,white,0,nonhispanic,0
4509,8507,1949,1,30,,8527,0,4509,,,509f1089-51a2-4ec9-b848-454a8444b1b1,M,0,white,0,nonhispanic,0
4510,8507,1985,8,25,,8527,0,4510,,,ca5d9627-445f-497e-bedc-337db7f37401,M,0,white,0,nonhispanic,0
4511,8507,1968,6,24,,8527,0,4511,,,c372d026-1ddc-4451-8290-0803eea3fa6b,M,0,white,0,nonhispanic,0
4512,8507,1958,11,5,,8527,0,4512,,,05aa3558-4543-4909-ae08-a0e0f061bcb3,M,0,white,0,nonhispanic,0
4513,8507,1953,5,15,,8527,0,4513,,,acc020aa-5d11-49c9-8411-5e8b614b9346,M,0,white,0,nonhispanic,0
4514,8532,1945,5,15,,8527,0,4514,,,e70adeb0-31c3-431a-bc58-1aacc492f930,F,0,white,0,nonhispanic,0
4515,8532,1956,8,13,,8527,0,4515,,,12eee8f2-7ce4-4b36-9722-43b02c278d3d,F,0,white,0,nonhispanic,0
4516,8507,1985,8,25,,8527,0,4516,,,8e2c2cfa-05d6-4054-b096-085718589fb1,M,0,white,0,nonhispanic,0
4517,8507,1949,11,19,,8527,0,4517,,,e1f372e9-5445-42f8-b6ff-44caa2e8345c,M,0,white,0,nonhispanic,0
4518,8532,1967,9,7,,8527,0,4518,,,c3ff3ef2-1bee-401e-87e4-d32371e58af2,F,0,white,0,nonhispanic,0
4519,8507,1966,10,6,,8527,0,4519,,,7e43d94b-3a4b-40d8-9bdb-def549112275,M,0,white,0,nonhispanic,0
4520,8532,1963,4,15,,8527,0,4520,,,682739ea-5af1-48ab-afbf-630aa48ed29f,F,0,white,0,nonhispanic,0
4521,8507,1949,1,30,,8527,0,4521,,,cf62b0b3-0859-4989-8eac-eeec449f80dc,M,0,white,0,nonhispanic,0
4522,8532,1999,12,25,,8527,0,4522,,,a552f784-a87b-468f-bf14-bba2f2fa3b12,F,0,white,0,nonhispanic,0
4523,8532,1978,11,20,,8527,0,4523,,,6f432a03-b8b4-4c88-a538-9cd958892501,F,0,white,0,nonhispanic,0
4524,8507,2002,6,17,,8527,0,4524,,,451f0ca4-e5da-4c62-b83e-81b62a2cc634,M,0,white,0,nonhispanic,0
4525,8532,1975,2,22,,8527,0,4525,,,199894bb-a76d-4ce7-95db-710c25fd8da3,F,0,white,0,nonhispanic,0
4526,8507,1945,4,8,,8527,0,4526,,,0fdb5777-0d74-4a59-92a5-39cb583e6bb5,M,0,white,0,nonhispanic,0
4527,8532,1976,9,2,,8527,0,4527,,,c823c514-b0e9-4ab2-8b27-924df17b4b15,F,0,white,0,nonhispanic,0
4528,8532,2014,5,20,,8527,0,4528,,,3242b4e0-efa1-42ab-aa6c-f75089577441,F,0,white,0,nonhispanic,0
4529,8532,2006,3,9,,8527,0,4529,,,f374e311-1bd7-4c75-87f5-782687edb65e,F,0,white,0,nonhispanic,0
4530,8532,1944,3,27,,8527,0,4530,,,f63d07ad-2186-42ad-9b00-6d8e9f54d2b1,F,0,white,0,nonhispanic,0
4531,8532,2005,4,19,,8527,0,4531,,,248b074f-c6ff-495f-a11b-234470238abf,F,0,white,0,nonhispanic,0
4532,8532,1984,4,17,,8527,0,4532,,,6c62be7d-33f5-4c13-9e72-fbd66f4c60c7,F,0,white,0,nonhispanic,0
4533,8507,1954,2,25,,8527,0,4533,,,d54b0d4f-c192-4b10-87c2-0c1189dd6150,M,0,white,0,nonhispanic,0
4534,8507,1943,5,13,,8527,0,4534,,,7a562cc1-d057-4471-b12c-c77dcf258201,M,0,white,0,nonhispanic,0
4535,8532,1972,10,10,,8527,0,4535,,,228b7ef4-7c9d-469b-b20e-d8560ea87bbe,F,0,white,0,nonhispanic,0
4536,8532,1975,4,22,,8527,0,4536,,,14b211b9-2870-4040-8c13-4e5659b02a5f,F,0,white,0,nonhispanic,0
4537,8507,1967,12,3,,8527,0,4537,,,89595822-c0ff-4867-ae9a-f5e6c011c980,M,0,white,0,nonhispanic,0
4538,8507,1945,4,8,,8527,0,4538,,,3886d71b-e71a-4e0a-8f82-1cdc3a3f9b6e,M,0,white,0,nonhispanic,0
4539,8507,1946,9,20,,8527,0,4539,,,ad293fd3-a459-4234-b8d7-c8635998713e,M,0,white,0,nonhispanic,0
4540,8532,1972,10,10,,8527,0,4540,,,cdc2a223-50ef-4bb7-bb45-9a53742e7add,F,0,white,0,nonhispanic,0
