Id,START,STOP,PATIENT,ENCOUNTER,CODE,DESCRIPTION,REASONCODE,REASONDESCRIPTION
49c3e628-8e0c-4edd-bd02-fab1f69785aa,2015-01-25,2015-02-22,21ad24e5-5a4e-4630-adfa-affba9fd7181,d990f2e9-c7d9-4d27-b847-039a30211cb7,91251008,Physical therapy procedure,44465007,Sprain of ankle
8534ec4c-cc59-4f05-942b-0eec7c215105,2012-08-04,2012-08-18,38c3d13b-10fc-43b7-b5c2-edf425dcbd54,d994677e-b599-4b92-81bb-d2f14c223ccb,225358003,Wound care,283371005,Laceration of forearm
e8373c03-1049-42a9-9031-92b01a326486,2013-02-01,2013-03-01,78f61d16-7aa3-4ff1-8fa1-bd1761276b24,7e2abdfb-eb8a-41be-902f-0dfe1052373d,91251008,Physical therapy procedure,70704007,Sprain of wrist
efe730dc-f1c4-41a4-aedc-e180d43e79f4,2010-12-12,2011-01-02,3813ba61-a423-4e93-8d54-1a8d74941578,4a0550b9-a174-4636-9f94-5648789052ff,225358003,Wound care,370247008,Facial laceration
ff329782-f782-4f3f-b6ab-b264d5942e1f,2011-04-24,2011-05-15,7e8223c7-fa33-48d9-bbe2-19d4aec38299,e953df12-305e-44e2-ab97-b67bd9f5636d,91251008,Physical therapy procedure,44465007,Sprain of ankle
8d6935f7-2eeb-45fe-b502-acf138282da2,2012-02-11,2012-04-18,0622e9b2-f492-4ddc-a7b4-2953a5bfef16,2d982b7b-1e8e-4dcd-8431-86acc57a308c,91251008,Physical therapy procedure,444470001,Injury of anterior cruciate ligament
3ea72b62-7c4d-41d4-b5e4-3c2a60003334,2010-11-05,2010-11-19,3399bb83-5602-4663-a7c8-d0a5a26d5b5e,678b74a9-97fa-4a85-b833-910d93f6d042,225358003,Wound care,283385000,Laceration of thigh
d366dff2-b6b7-4788-b135-0cb516f99272,2019-05-06,2019-07-05,3399bb83-5602-4663-a7c8-d0a5a26d5b5e,81f6b8ee-07fd-4309-83ae-8af4473fc3dc,47387005,Head injury rehabilitation,62106007,Concussion with no loss of consciousness
f7e314c3-e97c-43f7-adb1-4356cae412ef,2019-05-23,2019-06-13,6c4a562b-37b7-4e4d-a939-d7f71e3e5a6f,05c27fd6-8af6-4e76-a5ce-a2322d5857ba,225358003,Wound care,370247008,Facial laceration
fb47bd87-2298-44ab-a774-17c4204c0209,2011-03-15,2011-04-14,6789afb5-7357-43a0-bf82-ac3ed10ca08d,f05170cb-2a73-40eb-a939-3d50a2b62c52,47387005,Head injury rehabilitation,62106007,Concussion with no loss of consciousness
48d38247-6494-445a-b630-8517fc4e306a,2013-02-02,2013-04-03,6789afb5-7357-43a0-bf82-ac3ed10ca08d,6c14e05a-7186-45b2-a02d-75459aa52eaa,47387005,Head injury rehabilitation,62564004,Concussion with loss of consciousness
2af67adc-f8a7-437c-bb81-d2f444a69075,2011-03-05,2011-04-04,78e564c4-c5e2-4f99-bb3b-88a45ceb224f,64505e21-2e47-4522-bed3-2ae218209e0d,385691007,Fracture care,263102004,Fracture subluxation of wrist
b397c38b-940f-4f20-9068-9d5799bf8dd9,2019-02-01,2019-02-22,0a7337a4-c897-45a2-b7a4-212693a30995,ceedda74-de22-4ab7-b68c-2d0b95829168,91251008,Physical therapy procedure,44465007,Sprain of ankle
ab5bc06d-9829-4ff6-8b71-1ad2b3020d95,2013-12-09,2014-01-08,554aac9d-f755-4bed-98ac-27fa10606e27,571480e4-a457-4cf0-a53d-cc5cc152a292,47387005,Head injury rehabilitation,62106007,Concussion with no loss of consciousness
9af96cdf-ff78-4dd5-8b5a-92b1deda78bf,2014-06-17,2014-07-08,0d1da049-0e2e-438b-9813-76bebf6b94f3,f45fd054-c364-48e4-93ef-e388088549ee,133901003,Burn care,403190006,First degree burn
5b703b1a-4720-4a09-b44a-9bf44edecdb7,2017-07-26,2017-09-01,038d29a5-5cb8-40dd-b1c5-6066790ab4fb,801a2199-2a65-41eb-90b2-b83a325f7129,91251008,Physical therapy procedure,444448004,Injury of medial collateral ligament of knee
5a2fd370-7b71-4dc8-8e33-738958c12e91,2018-04-10,2018-06-09,a0a9ebf5-3ae1-4e25-87ed-20b1728dc0c4,12a0035f-c10b-448e-b2b8-40a7f3a0d803,47387005,Head injury rehabilitation,62564004,Concussion with loss of consciousness
1ed88549-d150-4d01-88b7-0079bedd1d99,2019-06-04,2019-07-09,a0a9ebf5-3ae1-4e25-87ed-20b1728dc0c4,dbf3c19e-d0ef-431f-b589-072527679338,133901003,Burn care,403190006,First degree burn
b7d2a56d-f9dd-4b7a-a899-16fd53d33332,2011-10-28,2011-12-27,520e17dc-0f68-4d7f-9aa3-7c1012878097,e349c446-cfaf-4e38-bfd1-b9e4e574d3ff,91251008,Physical therapy procedure,307731004,Injury of tendon of the rotator cuff of shoulder
07967b27-abcf-4515-ae96-89664017a586,2017-06-12,2017-06-26,63c322ea-4a7d-430e-b345-7aefc78f4b53,b8bb3303-9b67-4888-957f-e45e98630b81,225358003,Wound care,284549007,Laceration of hand
05353c07-1027-4279-aa78-6a6d910a6015,2018-12-14,2019-01-04,fd46327d-7c54-40c0-9e09-d0e0feb19b3a,8536dd4b-df57-495c-aecd-d3fb785d5de3,91251008,Physical therapy procedure,44465007,Sprain of ankle
11967e4a-0c04-4a50-8f15-5c02c0f08321,2017-09-12,2017-10-17,7cddb477-092b-419d-b4b7-7a3980d596df,dda84710-59ef-4312-8e0e-71b62fd04586,91251008,Physical therapy procedure,70704007,Sprain of wrist
6b4c1b2b-7da2-4737-90e7-d76b10b7cb8d,2019-09-23,2019-10-14,8ec5d154-9d0b-4b79-9f7c-7276a8c65185,d4bc7c48-88f0-464c-81f8-8b3dca071597,225358003,Wound care,370247008,Facial laceration
2a25b4c5-3ef5-4045-bff0-1ebcc95e8818,2011-05-10,2011-06-09,82707260-33cb-4127-866e-2bbab8c67913,6c42e601-bda0-4fb5-9f03-be10f04588c4,47387005,Head injury rehabilitation,62564004,Concussion with loss of consciousness
5f0e7248-6fd6-4666-841c-6bc48fe8441b,2017-08-12,2017-09-16,bc0add3c-427a-4602-8de5-58615532db90,2d8a49b1-3893-4e29-a679-a74d9a7db670,91251008,Physical therapy procedure,44465007,Sprain of ankle
df26c12c-8465-48be-bb7f-342dd96c98d6,2018-07-13,2018-07-27,bc0add3c-427a-4602-8de5-58615532db90,d38d3694-4051-4650-95d6-47103a80a4a3,225358003,Wound care,283385000,Laceration of thigh
45133189-7304-4f09-9fb6-f370660487b5,2018-12-29,2019-01-28,82707260-33cb-4127-866e-2bbab8c67913,1dabf2df-7039-42c8-8c6e-bf18c8e8a557,385691007,Fracture care,16114001,Fracture of ankle
b0289b18-dcec-4d14-b585-cac1d16b6c40,2016-04-21,2016-05-12,1a92dcc0-41c5-4c30-89ef-c14a3557827c,1475e37d-543c-4d9a-a3aa-9b28a7b2d36b,225358003,Wound care,284551006,Laceration of foot
b71447e8-f093-4460-a0b5-a797242c2721,2011-09-22,2011-10-06,9d48a208-6b2f-46e8-acd0-abbca8f72400,47445630-405f-48b1-b7be-8f006e79b2ad,225358003,Wound care,284551006,Laceration of foot
7ee5ea40-6079-4af6-a350-1913bf8af9e0,2017-10-04,2017-12-03,9d48a208-6b2f-46e8-acd0-abbca8f72400,38fa52d4-5217-4ada-985b-bd45adfb4565,47387005,Head injury rehabilitation,62106007,Concussion with no loss of consciousness
286994ea-5ef1-4705-91cb-ecb83c0d3559,2010-08-31,2010-11-29,edd63f48-f961-4d30-a64a-51adc3ff5dcf,6d37fa79-10d4-499f-bb3f-674005480a68,385691007,Fracture care,65966004,Fracture of forearm
2f70cff8-0863-486c-ab5a-d57c863e1d33,2011-10-25,2011-11-15,edd63f48-f961-4d30-a64a-51adc3ff5dcf,24212c3f-885c-4d7d-bae7-453ea9411198,91251008,Physical therapy procedure,44465007,Sprain of ankle
0eb9fc1d-2742-4dfd-bcc0-8851f5ee110b,2014-06-02,2014-07-07,edd63f48-f961-4d30-a64a-51adc3ff5dcf,5a8dbba6-401e-4f70-b80a-7ef68fa3738e,408869004,Musculoskeletal care,39848009,Whiplash injury to neck
efeb9a13-8798-41d7-80e0-6d5931e88384,2012-07-01,2012-07-22,80083dd7-4ee0-4d96-b13c-b08bf3f80e8d,c6b96fc3-db31-4dc2-9c0c-e937029e2ca4,225358003,Wound care,370247008,Facial laceration
db3a08e4-f41b-4599-9273-58d0674088df,2016-09-13,2016-09-27,1ebb0155-3860-467f-9ff3-dd4a059a9f15,7a82a82a-3f9f-4202-a4fc-021bea12618d,225358003,Wound care,283385000,Laceration of thigh
7ceff6f6-6b3c-4a0b-88e7-2bf66e3111b9,2019-07-14,2019-09-19,1ebb0155-3860-467f-9ff3-dd4a059a9f15,bc7fde20-8a95-4520-a1d2-2e7481542a4d,91251008,Physical therapy procedure,444448004,Injury of medial collateral ligament of knee
08d52dbd-518e-4a2f-b079-a96ffc699ab7,1983-01-26,1983-02-16,46bfc78b-1b7d-4066-9c33-31df717fe3f1,5bc3b451-6678-4561-9ca2-7fc0ed5b8f45,225358003,Wound care,370247008,Facial laceration
d8e9bec4-323a-4474-bc63-8b84747cbcbb,1988-10-17,1988-12-23,46bfc78b-1b7d-4066-9c33-31df717fe3f1,e02cc6e0-7d99-44ed-9d01-b3dfe137baaa,91251008,Physical therapy procedure,307731004,Injury of tendon of the rotator cuff of shoulder
43a73105-04fe-4102-8816-0fae055a6c5e,2016-08-07,2016-09-06,8377b903-c1c0-42ec-bfa0-42d0ab80f4a0,127d1300-d973-42ef-bd92-12af8ce0b4e1,385691007,Fracture care,65966004,Fracture of forearm
e78a51a4-74bc-453c-b074-7c79ea2a6766,2018-10-10,2018-10-24,365fbf6c-3530-42e1-8c5c-f4b7c9827c66,04a4b223-cc13-4954-85ea-03f79dc36d9f,225358003,Wound care,284549007,Laceration of hand
13c11712-74e7-46d9-851d-e7b717768c7d,2010-04-28,2010-06-27,5a246261-1a47-4566-be29-8c564ff9218d,246f03e2-05d3-4b32-a2b5-32ed823d6602,91251008,Physical therapy procedure,239720000,Tear of meniscus of knee
8f491c4c-7d02-45c2-a048-80b48fc6003a,2012-06-16,2012-07-07,5a246261-1a47-4566-be29-8c564ff9218d,172faa07-86e3-4bff-b84c-08f45a36a627,225358003,Wound care,370247008,Facial laceration
00aba4cd-cc9f-46ea-a98f-76739c300e7f,2013-06-29,2013-07-13,d13ce295-76c1-45ea-8c06-0c0aa54a5476,6d7db314-2b8e-4ff5-9cce-99bc78eceff2,91251008,Physical therapy procedure,70704007,Sprain of wrist
93318888-10a6-47c5-9d4c-2233507506b8,2014-12-16,2015-01-20,e28d701b-0bea-4175-9be0-4b767601b700,ccc7e66e-eb93-4347-a393-52e0ade87ea8,133901003,Burn care,403191005,Second degree burn
5a701a1d-0a4c-4524-ade2-2278a7727c11,2012-03-11,2012-04-10,88e757e0-0fce-43d5-85ba-e778ba814059,1d5a59fb-0ae1-4cc7-b89c-1d97dae6f9f4,47387005,Head injury rehabilitation,62106007,Concussion with no loss of consciousness
44f513f9-80a4-4283-a0f1-e139b69cebed,2014-12-26,2015-03-26,88e757e0-0fce-43d5-85ba-e778ba814059,ee68e025-837d-4fe5-94cb-f74f5932398e,385691007,Fracture care,263102004,Fracture subluxation of wrist
c80142bf-b606-43e9-971a-9a6c7ed5d26f,2016-01-18,2016-02-08,252423e2-3c4d-4815-b924-4cd7972616ea,dc9d1eb3-e1fc-4c4e-bca4-29c275182b15,225358003,Wound care,283385000,Laceration of thigh
3cd2b69c-0723-483e-934d-23bef6f315ac,2014-07-04,2014-08-03,697240a1-565c-4a57-acc2-1fbc280d8dd2,cef2430c-b856-4430-95ac-41bc4d29c807,385691007,Fracture care,65966004,Fracture of forearm
b66456a5-e8ea-427e-b0e1-99882ed8b424,2015-06-29,2015-07-29,697240a1-565c-4a57-acc2-1fbc280d8dd2,060ca273-5a2d-452d-b920-e093df1dc6cd,385691007,Fracture care,33737001,Fracture of rib
4cada864-682c-4041-b545-b3e04d5f78b8,2011-11-09,2011-11-30,768b209b-471d-4d73-bfca-25442baf07fc,db8a6422-1928-42f1-8ef0-16aeea78c611,225358003,Wound care,370247008,Facial laceration
3b8fc4b0-3dfa-4458-93e6-31a93c9f800a,2014-09-15,2014-11-14,768b209b-471d-4d73-bfca-25442baf07fc,60740006-fd85-4fe3-bf34-186e01883f14,47387005,Head injury rehabilitation,62106007,Concussion with no loss of consciousness
e798250a-e3e9-485d-b3e8-212e2fe85ced,2018-04-27,2018-05-11,768b209b-471d-4d73-bfca-25442baf07fc,7b23fa7a-f1ae-49eb-a70f-e413f2fb5bf1,225358003,Wound care,284549007,Laceration of hand
b041da8b-5d65-4bcc-8002-56a2f43700be,2019-05-06,2019-06-10,768b209b-471d-4d73-bfca-25442baf07fc,a3f864e9-fb9e-44b6-8380-6b31ff6db1e1,91251008,Physical therapy procedure,70704007,Sprain of wrist
d84df1f1-d480-40fe-a2b0-a3b591a033ec,2013-11-14,2014-02-12,799600dd-cc3d-495c-b796-f23127ab9242,c13c2442-8594-40cc-9e40-46e92ab1d8e6,385691007,Fracture care,58150001,Fracture of clavicle
afdd28ac-2221-4cca-82c2-9c587a5ae294,2013-10-24,2013-11-30,5c22a040-0e26-43cc-b84c-a9264481149d,dc357f8d-70bc-4168-a9ce-e10f67ec5a31,91251008,Physical therapy procedure,444448004,Injury of medial collateral ligament of knee
1cf7604d-521a-4530-bd2f-fdad51bb044a,2010-04-03,2010-05-03,b6a10980-25ae-4d53-8096-258d1d91db02,622c4031-f9b9-405e-94db-341f5a41d3b2,385691007,Fracture care,16114001,Fracture of ankle
35b6751f-6cf4-4f57-8d50-c071bcf6e89e,2013-05-17,2013-05-31,b6a10980-25ae-4d53-8096-258d1d91db02,637f6548-8f14-4821-8d47-91eb5d91e682,225358003,Wound care,284551006,Laceration of foot
a71793cc-73eb-41bd-87ed-475e47b7d24c,2012-01-17,2012-01-31,40f3a4d5-b4da-455b-a342-a0c067a0235c,77dd7481-d9ad-45bc-bd3a-97a98f0f070a,225358003,Wound care,284549007,Laceration of hand
6ccccb46-45a4-4668-b606-09763e91bc6c,2011-05-23,2011-06-27,363e6c3c-8c7a-43df-946d-470e3c8d1c98,f6b00049-2f9c-401e-b5fb-65e630635edc,91251008,Physical therapy procedure,44465007,Sprain of ankle
5c3dd81a-91b6-41e5-9b93-a5f6a1903de0,2014-02-11,2014-04-19,363e6c3c-8c7a-43df-946d-470e3c8d1c98,1431f312-8d4e-4d55-959d-ba7cb403ba55,91251008,Physical therapy procedure,444470001,Injury of anterior cruciate ligament
6e010e60-0658-4e37-be14-9d4013fbc36b,2017-05-26,2017-06-30,313ccb28-e5c3-48a6-a933-f22eb0dd22ab,f36f6a40-c5ff-495a-b07e-da6b221b64be,408869004,Musculoskeletal care,39848009,Whiplash injury to neck
1b2d58b4-06bc-41c9-b52c-1fa0570f27fc,2018-08-24,2018-09-07,3b60eace-a44a-4e69-bbe6-6dced94d5f4c,453bc23f-158a-454c-9bdb-53acaa7bb063,225358003,Wound care,283371005,Laceration of forearm
3a4c3d34-5228-454a-b455-db6f39d4942a,2018-08-17,2018-08-31,2846e6a3-595e-4d90-92d9-5715e2637519,822d6640-cbbe-424f-9a7e-317318be6b97,225358003,Wound care,284549007,Laceration of hand
2bca0110-8673-499f-9f43-e30e37010714,2017-12-22,2018-02-20,6d3e9892-2b47-4a12-a2b3-0fcea1da13e7,5dea354d-048c-4e23-a6c0-fcf67cd4e135,385691007,Fracture care,65966004,Fracture of forearm
21909a30-b7f7-48ef-9fac-506d712f295a,2013-04-21,2013-05-05,d0d13230-3ab7-4428-8092-3453b5f26ad0,cb1f66e3-0a8f-4099-824a-cc2fb89543b0,91251008,Physical therapy procedure,44465007,Sprain of ankle
16cbac86-cf74-4dd6-8b0f-91db036c7b92,2011-03-09,2011-04-06,fe1ed84f-0615-4c84-82ae-b6bef25c597c,462a3642-86e9-4941-a287-080bb30bc2b9,91251008,Physical therapy procedure,44465007,Sprain of ankle
0e1cc426-d900-49c7-aba4-f2a8e32476c6,2019-01-24,2019-02-07,fe1ed84f-0615-4c84-82ae-b6bef25c597c,cf961c58-23a5-4282-8672-526bc6317915,225358003,Wound care,284551006,Laceration of foot
59bd5869-956d-404f-9604-5fd241782469,2010-04-14,2010-05-14,e2f99b15-9f58-42ef-822c-168ff130fce0,4536f261-7c60-4dfb-87ed-8437dd0ae010,47387005,Head injury rehabilitation,62106007,Concussion with no loss of consciousness
4792f538-be80-48fa-890d-a86ee17b6938,2010-08-28,2010-11-26,367ab981-199d-4b56-b14c-7cfb74b191b2,279ad364-5dca-4429-a8cf-c6fa17ff273d,385691007,Fracture care,65966004,Fracture of forearm
88833606-aea4-438c-bd96-d9389ee5133c,2019-02-19,2019-03-12,f008204c-c0e0-454c-a2b3-3be2a8df3365,49d0d40b-f611-40e2-ab2c-093dd5fc569c,225358003,Wound care,284549007,Laceration of hand
a8786017-d0fb-4eae-a5c6-d959c03d22cc,2017-11-06,2018-02-04,50217c6c-30c9-4806-938e-299c00e6e1db,75e95c8d-40ff-4ae1-bea8-88cf051a438b,385691007,Fracture care,16114001,Fracture of ankle
a252f084-07b2-4b9d-aa0f-4574aa22dfd7,2011-10-03,2011-10-17,060d5c5a-1ee4-4ba3-9474-d767740da7cf,d84d2bcd-3335-40c9-9242-b21d860437fc,133901003,Burn care,403190006,First degree burn
69ce4676-c342-4d24-96ca-f373f3032e94,1994-03-22,1994-04-21,fe219fac-79d8-48e5-a849-c7837db5439b,217ba9c1-b373-439a-875b-4a0cd720fc49,385691007,Fracture care,33737001,Fracture of rib
a5f8994a-aa9f-45a4-a95a-4de9e00b32c9,2013-12-10,2014-01-07,8fcbebd7-5c5a-45e3-ac8c-9868d8d0a7bd,bf498e59-0e17-4593-848f-3a1b9ec8062c,91251008,Physical therapy procedure,44465007,Sprain of ankle
30b42dc8-6c6c-47f1-b10e-fb1cdd8522df,2003-12-22,2004-01-21,3ecc5cae-fe52-4875-a066-152fc8c9e098,5f6d5643-7d5a-404d-95a9-375952d6e541,91251008,Physical therapy procedure,307731004,Injury of tendon of the rotator cuff of shoulder
c926eef4-576f-4ca7-a4de-8b3304716c92,2015-12-25,2016-03-24,92b8b4a0-9704-45e1-9527-0f43e4c8a55b,dc6df804-4f85-4875-a646-3af5b7c37375,385691007,Fracture care,65966004,Fracture of forearm
c9ac9f28-645f-4532-a35d-0623dce021e8,2018-02-05,2018-02-26,0bfcb413-d1b3-4f93-b592-c3cbc81e5756,fdcd32ce-c03c-4381-805c-c36a252346f0,225358003,Wound care,283385000,Laceration of thigh
