START,STOP,PATIENT,PAYER,ENCOUNTER,CODE,DESCRIPTION,BASE_COST,PAYER_COVERAGE,DISPENSES,TOTALCOST,REASONCODE,REASONDESCRIPTION
2015-01-25,2015-02-22,21ad24e5-5a4e-4630-adfa-affba9fd7181,b1c428d6-4f07-31e0-90f0-68ffa6ff8c76,d990f2e9-c7d9-4d27-b847-039a30211cb7,313782,Acetaminophen 325 MG Oral Tablet,4.38,0.00,1,4.38,,
2012-08-04,2012-08-18,38c3d13b-10fc-43b7-b5c2-edf425dcbd54,b1c428d6-4f07-31e0-90f0-68ffa6ff8c76,d994677e-b599-4b92-81bb-d2f14c223ccb,313820,Acetaminophen 160 MG Chewable Tablet,4.74,0.00,1,4.74,,
2013-02-01,2013-03-01,78f61d16-7aa3-4ff1-8fa1-bd1761276b24,b1c428d6-4f07-31e0-90f0-68ffa6ff8c76,7e2abdfb-eb8a-41be-902f-0dfe1052373d,849574,Naproxen sodium 220 MG Oral Tablet,12.09,0.00,1,12.09,,
2010-12-12,2011-01-02,3813ba61-a423-4e93-8d54-1a8d74941578,b1c428d6-4f07-31e0-90f0-68ffa6ff8c76,4a0550b9-a174-4636-9f94-5648789052ff,310965,Ibuprofen 200 MG Oral Tablet,14.63,0.00,1,14.63,,
2011-04-24,2011-05-15,7e8223c7-fa33-48d9-bbe2-19d4aec38299,b1c428d6-4f07-31e0-90f0-68ffa6ff8c76,e953df12-305e-44e2-ab97-b67bd9f5636d,313782,Acetaminophen 325 MG Oral Tablet,4.96,0.00,1,4.96,,
1977-06-09,,0622e9b2-f492-4ddc-a7b4-2953a5bfef16,b1c428d6-4f07-31e0-90f0-68ffa6ff8c76,5e17709d-65ef-47d8-bda7-fe30973ca653,1049221,Acetaminophen 325 MG / oxyCODONE Hydrochloride 5 MG Oral Tablet,733.99,0.00,1002,735457.98,,
2012-02-11,2012-04-18,0622e9b2-f492-4ddc-a7b4-2953a5bfef16,b1c428d6-4f07-31e0-90f0-68ffa6ff8c76,2d982b7b-1e8e-4dcd-8431-86acc57a308c,313782,Acetaminophen 325 MG Oral Tablet,5.48,0.00,2,10.96,,
2015-10-31,2015-10-31,0622e9b2-f492-4ddc-a7b4-2953a5bfef16,b1c428d6-4f07-31e0-90f0-68ffa6ff8c76,e96ea6da-6723-44b6-a821-a61e962ce2a4,309362,Clopidogrel 75 MG Oral Tablet,116.84,0.00,1,116.84,,
2015-10-31,2015-10-31,0622e9b2-f492-4ddc-a7b4-2953a5bfef16,b1c428d6-4f07-31e0-90f0-68ffa6ff8c76,e96ea6da-6723-44b6-a821-a61e962ce2a4,1804799,Alteplase 100 MG Injection,6260.16,0.00,1,6260.16,,
1993-04-30,,a44ab89f-40eb-40c7-b5d6-8f2f565cad38,b1c428d6-4f07-31e0-90f0-68ffa6ff8c76,ae067b7c-a3ce-4041-bdaa-a17984ca7920,312961,Simvastatin 20 MG Oral Tablet,11.98,0.00,327,3917.46,,
1993-04-30,,a44ab89f-40eb-40c7-b5d6-8f2f565cad38,b1c428d6-4f07-31e0-90f0-68ffa6ff8c76,ae067b7c-a3ce-4041-bdaa-a17984ca7920,705129,Nitroglycerin 0.4 MG/ACTUAT Mucosal Spray,190.16,0.00,327,62182.32,,
1994-05-06,,a44ab89f-40eb-40c7-b5d6-8f2f565cad38,b1c428d6-4f07-31e0-90f0-68ffa6ff8c76,b5931b96-6374-429c-a472-aa07bd7b1a22,197361,Amlodipine 5 MG Oral Tablet,7.95,0.00,314,2496.30,,
1997-05-23,,a44ab89f-40eb-40c7-b5d6-8f2f565cad38,b1c428d6-4f07-31e0-90f0-68ffa6ff8c76,7183c5a8-a8e9-48e8-802f-0cb7897f5a47,309362,Clopidogrel 75 MG Oral Tablet,56.59,0.00,277,15675.43,,
2010-11-05,2010-11-19,3399bb83-5602-4663-a7c8-d0a5a26d5b5e,b1c428d6-4f07-31e0-90f0-68ffa6ff8c76,678b74a9-97fa-4a85-b833-910d93f6d042,313820,Acetaminophen 160 MG Chewable Tablet,3.83,0.00,1,3.83,,
2019-05-23,2019-06-13,6c4a562b-37b7-4e4d-a939-d7f71e3e5a6f,b1c428d6-4f07-31e0-90f0-68ffa6ff8c76,05c27fd6-8af6-4e76-a5ce-a2322d5857ba,313820,Acetaminophen 160 MG Chewable Tablet,3.11,0.00,1,3.11,,
1959-11-07,,78e564c4-c5e2-4f99-bb3b-88a45ceb224f,b1c428d6-4f07-31e0-90f0-68ffa6ff8c76,620771b5-fbf8-4a43-a985-c298bb91c0b1,857005,Acetaminophen 325 MG / HYDROcodone Bitartrate 7.5 MG Oral Tablet,151.59,0.00,1574,238602.66,,
2011-03-05,2011-04-04,78e564c4-c5e2-4f99-bb3b-88a45ceb224f,b1c428d6-4f07-31e0-90f0-68ffa6ff8c76,64505e21-2e47-4522-bed3-2ae218209e0d,849574,Naproxen sodium 220 MG Oral Tablet,13.02,0.00,1,13.02,,
2019-02-01,2019-02-22,0a7337a4-c897-45a2-b7a4-212693a30995,b1c428d6-4f07-31e0-90f0-68ffa6ff8c76,ceedda74-de22-4ab7-b68c-2d0b95829168,849574,Naproxen sodium 220 MG Oral Tablet,8.99,0.00,1,8.99,,
1991-11-01,1991-11-01,6841f9f8-455a-4860-aebb-74ce4ff2d968,b1c428d6-4f07-31e0-90f0-68ffa6ff8c76,ede7246b-6fb5-4ea2-adf1-1287b1777c90,1804799,Alteplase 100 MG Injection,6052.57,0.00,1,6052.57,,
2014-06-17,2014-07-08,0d1da049-0e2e-438b-9813-76bebf6b94f3,b1c428d6-4f07-31e0-90f0-68ffa6ff8c76,f45fd054-c364-48e4-93ef-e388088549ee,310965,Ibuprofen 200 MG Oral Tablet,9.74,0.00,1,9.74,,
2017-07-26,2017-09-01,038d29a5-5cb8-40dd-b1c5-6066790ab4fb,b1c428d6-4f07-31e0-90f0-68ffa6ff8c76,801a2199-2a65-41eb-90b2-b83a325f7129,310965,Ibuprofen 200 MG Oral Tablet,9.68,0.00,1,9.68,,
2017-08-02,,038d29a5-5cb8-40dd-b1c5-6066790ab4fb,b1c428d6-4f07-31e0-90f0-68ffa6ff8c76,7792850c-b311-4005-bbc4-b55d2a05c75c,861467,Meperidine Hydrochloride 50 MG Oral Tablet,45.28,0.00,68,3079.04,,
2019-06-04,2019-07-09,a0a9ebf5-3ae1-4e25-87ed-20b1728dc0c4,b1c428d6-4f07-31e0-90f0-68ffa6ff8c76,dbf3c19e-d0ef-431f-b589-072527679338,313820,Acetaminophen 160 MG Chewable Tablet,7.45,0.00,1,7.45,,
2017-06-12,2017-06-26,63c322ea-4a7d-430e-b345-7aefc78f4b53,b1c428d6-4f07-31e0-90f0-68ffa6ff8c76,b8bb3303-9b67-4888-957f-e45e98630b81,849574,Naproxen sodium 220 MG Oral Tablet,11.70,0.00,1,11.70,,
2018-12-14,2019-01-04,fd46327d-7c54-40c0-9e09-d0e0feb19b3a,b1c428d6-4f07-31e0-90f0-68ffa6ff8c76,8536dd4b-df57-495c-aecd-d3fb785d5de3,313820,Acetaminophen 160 MG Chewable Tablet,5.25,0.00,1,5.25,,
1982-09-09,,9345b067-32b7-4aa5-8dfb-c4afa0080610,b1c428d6-4f07-31e0-90f0-68ffa6ff8c76,20eb19aa-5b8c-482c-9d3e-e3203f0ce227,861467,Meperidine Hydrochloride 50 MG Oral Tablet,61.49,0.00,978,60137.22,,
2017-09-12,2017-10-17,7cddb477-092b-419d-b4b7-7a3980d596df,b1c428d6-4f07-31e0-90f0-68ffa6ff8c76,dda84710-59ef-4312-8e0e-71b62fd04586,849574,Naproxen sodium 220 MG Oral Tablet,11.07,0.00,1,11.07,,
1946-05-02,,098ad43a-2246-41b1-9caf-1cf2133f6c73,b1c428d6-4f07-31e0-90f0-68ffa6ff8c76,eb9549fe-2831-4309-bcae-83a8af0f6edc,857005,Acetaminophen 325 MG / HYDROcodone Bitartrate 7.5 MG Oral Tablet,93.25,0.00,1828,170461.00,,
2002-09-06,2016-05-27,098ad43a-2246-41b1-9caf-1cf2133f6c73,b1c428d6-4f07-31e0-90f0-68ffa6ff8c76,9be6645f-e414-45f3-a378-4295e2fd1d9a,309362,Clopidogrel 75 MG Oral Tablet,31.03,0.00,167,5182.01,,
2002-09-06,,098ad43a-2246-41b1-9caf-1cf2133f6c73,b1c428d6-4f07-31e0-90f0-68ffa6ff8c76,9be6645f-e414-45f3-a378-4295e2fd1d9a,312961,Simvastatin 20 MG Oral Tablet,17.80,0.00,167,2972.60,,
2002-09-06,,098ad43a-2246-41b1-9caf-1cf2133f6c73,b1c428d6-4f07-31e0-90f0-68ffa6ff8c76,9be6645f-e414-45f3-a378-4295e2fd1d9a,197361,Amlodipine 5 MG Oral Tablet,32.55,0.00,167,5435.85,,
2002-09-06,2016-05-27,098ad43a-2246-41b1-9caf-1cf2133f6c73,b1c428d6-4f07-31e0-90f0-68ffa6ff8c76,9be6645f-e414-45f3-a378-4295e2fd1d9a,705129,Nitroglycerin 0.4 MG/ACTUAT Mucosal Spray,195.44,0.00,167,32638.48,,
2016-05-27,2016-05-27,098ad43a-2246-41b1-9caf-1cf2133f6c73,b1c428d6-4f07-31e0-90f0-68ffa6ff8c76,cbe6744c-fba0-4bdd-a889-b5042aecadc9,259255,Atorvastatin 80 MG Oral Tablet,436.39,0.00,1,436.39,,
2016-05-27,2016-05-27,098ad43a-2246-41b1-9caf-1cf2133f6c73,b1c428d6-4f07-31e0-90f0-68ffa6ff8c76,cbe6744c-fba0-4bdd-a889-b5042aecadc9,833036,Captopril 25 MG Oral Tablet,55.51,0.00,1,55.51,,
2019-09-23,2019-10-14,8ec5d154-9d0b-4b79-9f7c-7276a8c65185,b1c428d6-4f07-31e0-90f0-68ffa6ff8c76,d4bc7c48-88f0-464c-81f8-8b3dca071597,310965,Ibuprofen 200 MG Oral Tablet,19.64,0.00,1,19.64,,
2017-08-12,2017-09-16,bc0add3c-427a-4602-8de5-58615532db90,b1c428d6-4f07-31e0-90f0-68ffa6ff8c76,2d8a49b1-3893-4e29-a679-a74d9a7db670,849574,Naproxen sodium 220 MG Oral Tablet,11.18,0.00,1,11.18,,
2018-07-13,2018-07-27,bc0add3c-427a-4602-8de5-58615532db90,b1c428d6-4f07-31e0-90f0-68ffa6ff8c76,d38d3694-4051-4650-95d6-47103a80a4a3,310965,Ibuprofen 200 MG Oral Tablet,7.08,0.00,1,7.08,,
2018-12-29,2019-01-28,82707260-33cb-4127-866e-2bbab8c67913,b1c428d6-4f07-31e0-90f0-68ffa6ff8c76,1dabf2df-7039-42c8-8c6e-bf18c8e8a557,849574,Naproxen sodium 220 MG Oral Tablet,21.43,0.00,1,21.43,,
2013-11-05,,1a92dcc0-41c5-4c30-89ef-c14a3557827c,b1c428d6-4f07-31e0-90f0-68ffa6ff8c76,c0323a1b-e493-488e-b520-7a5b72e1c236,309362,Clopidogrel 75 MG Oral Tablet,26.75,0.00,77,2059.75,,
2013-11-05,,1a92dcc0-41c5-4c30-89ef-c14a3557827c,b1c428d6-4f07-31e0-90f0-68ffa6ff8c76,c0323a1b-e493-488e-b520-7a5b72e1c236,312961,Simvastatin 20 MG Oral Tablet,36.25,0.00,77,2791.25,,
2013-11-05,,1a92dcc0-41c5-4c30-89ef-c14a3557827c,b1c428d6-4f07-31e0-90f0-68ffa6ff8c76,c0323a1b-e493-488e-b520-7a5b72e1c236,197361,Amlodipine 5 MG Oral Tablet,12.68,0.00,77,976.36,,
2013-11-05,,1a92dcc0-41c5-4c30-89ef-c14a3557827c,b1c428d6-4f07-31e0-90f0-68ffa6ff8c76,c0323a1b-e493-488e-b520-7a5b72e1c236,705129,Nitroglycerin 0.4 MG/ACTUAT Mucosal Spray,117.59,0.00,77,9054.43,,
2016-04-21,2016-05-12,1a92dcc0-41c5-4c30-89ef-c14a3557827c,b1c428d6-4f07-31e0-90f0-68ffa6ff8c76,1475e37d-543c-4d9a-a3aa-9b28a7b2d36b,313782,Acetaminophen 325 MG Oral Tablet,7.41,0.00,1,7.41,,
2011-09-22,2011-10-06,9d48a208-6b2f-46e8-acd0-abbca8f72400,b1c428d6-4f07-31e0-90f0-68ffa6ff8c76,47445630-405f-48b1-b7be-8f006e79b2ad,313782,Acetaminophen 325 MG Oral Tablet,6.47,0.00,1,6.47,,
2010-08-31,2010-11-29,edd63f48-f961-4d30-a64a-51adc3ff5dcf,b1c428d6-4f07-31e0-90f0-68ffa6ff8c76,6d37fa79-10d4-499f-bb3f-674005480a68,198405,Ibuprofen 100 MG Oral Tablet,7.60,0.00,3,22.80,,
2011-10-25,2011-11-15,edd63f48-f961-4d30-a64a-51adc3ff5dcf,b1c428d6-4f07-31e0-90f0-68ffa6ff8c76,24212c3f-885c-4d7d-bae7-453ea9411198,198405,Ibuprofen 100 MG Oral Tablet,21.02,0.00,1,21.02,,
2014-06-02,2014-07-07,edd63f48-f961-4d30-a64a-51adc3ff5dcf,b1c428d6-4f07-31e0-90f0-68ffa6ff8c76,5a8dbba6-401e-4f70-b80a-7ef68fa3738e,849574,Naproxen sodium 220 MG Oral Tablet,18.05,0.00,1,18.05,,
2012-07-01,2012-07-22,80083dd7-4ee0-4d96-b13c-b08bf3f80e8d,b1c428d6-4f07-31e0-90f0-68ffa6ff8c76,c6b96fc3-db31-4dc2-9c0c-e937029e2ca4,313782,Acetaminophen 325 MG Oral Tablet,4.80,0.00,1,4.80,,
1998-02-22,,1ebb0155-3860-467f-9ff3-dd4a059a9f15,b1c428d6-4f07-31e0-90f0-68ffa6ff8c76,127db05e-9504-48f2-baa4-c3d068ae9ad3,857005,Acetaminophen 325 MG / HYDROcodone Bitartrate 7.5 MG Oral Tablet,68.40,0.00,575,39330.00,,
2016-09-13,2016-09-27,1ebb0155-3860-467f-9ff3-dd4a059a9f15,b1c428d6-4f07-31e0-90f0-68ffa6ff8c76,7a82a82a-3f9f-4202-a4fc-021bea12618d,313782,Acetaminophen 325 MG Oral Tablet,6.47,0.00,1,6.47,,
2019-07-14,2019-09-19,1ebb0155-3860-467f-9ff3-dd4a059a9f15,b1c428d6-4f07-31e0-90f0-68ffa6ff8c76,bc7fde20-8a95-4520-a1d2-2e7481542a4d,310965,Ibuprofen 200 MG Oral Tablet,19.55,0.00,2,39.10,,
1946-05-21,,46bfc78b-1b7d-4066-9c33-31df717fe3f1,b1c428d6-4f07-31e0-90f0-68ffa6ff8c76,29771cc6-5443-485e-a406-64f4e25135cb,861467,Meperidine Hydrochloride 50 MG Oral Tablet,55.13,0.00,1203,66321.39,,
1983-01-26,1983-02-16,46bfc78b-1b7d-4066-9c33-31df717fe3f1,b1c428d6-4f07-31e0-90f0-68ffa6ff8c76,5bc3b451-6678-4561-9ca2-7fc0ed5b8f45,243670,Aspirin 81 MG Oral Tablet,8.80,0.00,1,8.80,,
1988-10-24,1988-12-23,46bfc78b-1b7d-4066-9c33-31df717fe3f1,b1c428d6-4f07-31e0-90f0-68ffa6ff8c76,47415efe-1d77-4d80-8cc3-64c7adbc3a9e,313782,Acetaminophen 325 MG Oral Tablet,6.01,0.00,2,12.02,,
1992-06-26,1992-06-26,46bfc78b-1b7d-4066-9c33-31df717fe3f1,b1c428d6-4f07-31e0-90f0-68ffa6ff8c76,dd5cbaa7-cecb-49b4-9207-cdc7d857f9b6,1804799,Alteplase 100 MG Injection,6693.69,0.00,1,6693.69,,
2016-08-07,2016-09-06,8377b903-c1c0-42ec-bfa0-42d0ab80f4a0,b1c428d6-4f07-31e0-90f0-68ffa6ff8c76,127d1300-d973-42ef-bd92-12af8ce0b4e1,849574,Naproxen sodium 220 MG Oral Tablet,6.15,0.00,1,6.15,,
2018-10-10,2018-10-24,365fbf6c-3530-42e1-8c5c-f4b7c9827c66,b1c428d6-4f07-31e0-90f0-68ffa6ff8c76,04a4b223-cc13-4954-85ea-03f79dc36d9f,849574,Naproxen sodium 220 MG Oral Tablet,26.04,0.00,1,26.04,,
2010-04-28,2010-06-27,5a246261-1a47-4566-be29-8c564ff9218d,b1c428d6-4f07-31e0-90f0-68ffa6ff8c76,246f03e2-05d3-4b32-a2b5-32ed823d6602,310965,Ibuprofen 200 MG Oral Tablet,14.68,0.00,2,29.36,,
2012-06-16,2012-07-07,5a246261-1a47-4566-be29-8c564ff9218d,b1c428d6-4f07-31e0-90f0-68ffa6ff8c76,172faa07-86e3-4bff-b84c-08f45a36a627,310965,Ibuprofen 200 MG Oral Tablet,3.90,0.00,1,3.90,,
2013-06-29,2013-07-13,d13ce295-76c1-45ea-8c06-0c0aa54a5476,b1c428d6-4f07-31e0-90f0-68ffa6ff8c76,6d7db314-2b8e-4ff5-9cce-99bc78eceff2,849574,Naproxen sodium 220 MG Oral Tablet,12.78,0.00,1,12.78,,
1967-05-16,,84b8247f-1958-4161-bd6e-06a3ec416ad5,b1c428d6-4f07-31e0-90f0-68ffa6ff8c76,61990994-c2d0-4925-b80d-39c8d187cf0f,1049221,Acetaminophen 325 MG / oxyCODONE Hydrochloride 5 MG Oral Tablet,745.41,0.00,1377,1026429.57,,
1997-01-27,,dc486ce2-a6ce-4e00-8e46-ff86542176ce,b1c428d6-4f07-31e0-90f0-68ffa6ff8c76,ad47e879-21a4-46a2-87f9-9432a2ac4584,309362,Clopidogrel 75 MG Oral Tablet,91.20,0.00,281,25627.20,,
1997-01-27,,dc486ce2-a6ce-4e00-8e46-ff86542176ce,b1c428d6-4f07-31e0-90f0-68ffa6ff8c76,ad47e879-21a4-46a2-87f9-9432a2ac4584,312961,Simvastatin 20 MG Oral Tablet,22.65,0.00,281,6364.65,,
1997-01-27,,dc486ce2-a6ce-4e00-8e46-ff86542176ce,b1c428d6-4f07-31e0-90f0-68ffa6ff8c76,ad47e879-21a4-46a2-87f9-9432a2ac4584,197361,Amlodipine 5 MG Oral Tablet,68.76,0.00,281,19321.56,,
1997-01-27,,dc486ce2-a6ce-4e00-8e46-ff86542176ce,b1c428d6-4f07-31e0-90f0-68ffa6ff8c76,ad47e879-21a4-46a2-87f9-9432a2ac4584,705129,Nitroglycerin 0.4 MG/ACTUAT Mucosal Spray,57.51,0.00,281,16160.31,,
2014-12-16,2015-01-20,e28d701b-0bea-4175-9be0-4b767601b700,b1c428d6-4f07-31e0-90f0-68ffa6ff8c76,ccc7e66e-eb93-4347-a393-52e0ade87ea8,308192,Amoxicillin 500 MG Oral Tablet,14.69,0.00,2,29.38,,
2014-12-16,,e28d701b-0bea-4175-9be0-4b767601b700,b1c428d6-4f07-31e0-90f0-68ffa6ff8c76,ccc7e66e-eb93-4347-a393-52e0ade87ea8,861467,Meperidine Hydrochloride 50 MG Oral Tablet,65.18,0.00,136,8864.48,,
2014-12-16,2015-01-20,e28d701b-0bea-4175-9be0-4b767601b700,b1c428d6-4f07-31e0-90f0-68ffa6ff8c76,ccc7e66e-eb93-4347-a393-52e0ade87ea8,310965,Ibuprofen 200 MG Oral Tablet,40.74,0.00,1,40.74,,
1982-03-24,,2480fa0f-a7cb-4d3f-9a95-989942d63cd6,b1c428d6-4f07-31e0-90f0-68ffa6ff8c76,d560c05c-7a64-46a0-aaa3-d841529167c1,857005,Acetaminophen 325 MG / HYDROcodone Bitartrate 7.5 MG Oral Tablet,204.95,0.00,990,202900.50,,
2014-12-26,2015-03-26,88e757e0-0fce-43d5-85ba-e778ba814059,b1c428d6-4f07-31e0-90f0-68ffa6ff8c76,ee68e025-837d-4fe5-94cb-f74f5932398e,198405,Ibuprofen 100 MG Oral Tablet,19.63,0.00,3,58.89,,
2016-01-18,2016-02-08,252423e2-3c4d-4815-b924-4cd7972616ea,b1c428d6-4f07-31e0-90f0-68ffa6ff8c76,dc9d1eb3-e1fc-4c4e-bca4-29c275182b15,313782,Acetaminophen 325 MG Oral Tablet,5.50,0.00,1,5.50,,
1995-07-28,,697240a1-565c-4a57-acc2-1fbc280d8dd2,b1c428d6-4f07-31e0-90f0-68ffa6ff8c76,8bc56946-6c1f-446e-9542-c8dfec255f2f,855332,Warfarin Sodium 5 MG Oral Tablet,223.63,0.00,248,55460.24,,
1995-07-28,,697240a1-565c-4a57-acc2-1fbc280d8dd2,b1c428d6-4f07-31e0-90f0-68ffa6ff8c76,8bc56946-6c1f-446e-9542-c8dfec255f2f,897718,Verapamil Hydrochloride 40 MG,52.10,0.00,248,12920.80,,
1995-07-28,,697240a1-565c-4a57-acc2-1fbc280d8dd2,b1c428d6-4f07-31e0-90f0-68ffa6ff8c76,8bc56946-6c1f-446e-9542-c8dfec255f2f,197604,Digoxin 0.125 MG Oral Tablet,51.20,0.00,248,12697.60,,
2014-07-04,2014-08-03,697240a1-565c-4a57-acc2-1fbc280d8dd2,b1c428d6-4f07-31e0-90f0-68ffa6ff8c76,cef2430c-b856-4430-95ac-41bc4d29c807,313782,Acetaminophen 325 MG Oral Tablet,6.93,0.00,1,6.93,,
2015-06-29,2015-07-29,697240a1-565c-4a57-acc2-1fbc280d8dd2,b1c428d6-4f07-31e0-90f0-68ffa6ff8c76,060ca273-5a2d-452d-b920-e093df1dc6cd,849574,Naproxen sodium 220 MG Oral Tablet,9.46,0.00,1,9.46,,
2015-12-25,2015-12-25,697240a1-565c-4a57-acc2-1fbc280d8dd2,b1c428d6-4f07-31e0-90f0-68ffa6ff8c76,bef1a56d-d07a-4ecc-8809-6b6233d6d880,309362,Clopidogrel 75 MG Oral Tablet,33.09,0.00,1,33.09,,
2015-12-25,2015-12-25,697240a1-565c-4a57-acc2-1fbc280d8dd2,b1c428d6-4f07-31e0-90f0-68ffa6ff8c76,bef1a56d-d07a-4ecc-8809-6b6233d6d880,1804799,Alteplase 100 MG Injection,6444.90,0.00,1,6444.90,,
2011-11-09,2011-11-30,768b209b-471d-4d73-bfca-25442baf07fc,b1c428d6-4f07-31e0-90f0-68ffa6ff8c76,db8a6422-1928-42f1-8ef0-16aeea78c611,849574,Naproxen sodium 220 MG Oral Tablet,10.06,0.00,1,10.06,,
2018-04-27,2018-05-11,768b209b-471d-4d73-bfca-25442baf07fc,b1c428d6-4f07-31e0-90f0-68ffa6ff8c76,7b23fa7a-f1ae-49eb-a70f-e413f2fb5bf1,849574,Naproxen sodium 220 MG Oral Tablet,17.32,0.00,1,17.32,,
2019-05-06,2019-06-10,768b209b-471d-4d73-bfca-25442baf07fc,b1c428d6-4f07-31e0-90f0-68ffa6ff8c76,a3f864e9-fb9e-44b6-8380-6b31ff6db1e1,849574,Naproxen sodium 220 MG Oral Tablet,15.81,0.00,1,15.81,,
2010-07-13,2010-07-13,ff9d18b9-4796-4826-9002-6702ca1fb5de,b1c428d6-4f07-31e0-90f0-68ffa6ff8c76,484c1612-d34f-40c1-8886-7871752d28d8,309362,Clopidogrel 75 MG Oral Tablet,34.70,0.00,1,34.70,,
2010-07-13,2010-07-13,ff9d18b9-4796-4826-9002-6702ca1fb5de,b1c428d6-4f07-31e0-90f0-68ffa6ff8c76,484c1612-d34f-40c1-8886-7871752d28d8,1804799,Alteplase 100 MG Injection,6601.09,0.00,1,6601.09,,
2013-11-14,,799600dd-cc3d-495c-b796-f23127ab9242,b1c428d6-4f07-31e0-90f0-68ffa6ff8c76,c13c2442-8594-40cc-9e40-46e92ab1d8e6,861467,Meperidine Hydrochloride 50 MG Oral Tablet,53.95,0.00,165,8901.75,,
2013-11-14,2014-02-12,799600dd-cc3d-495c-b796-f23127ab9242,b1c428d6-4f07-31e0-90f0-68ffa6ff8c76,c13c2442-8594-40cc-9e40-46e92ab1d8e6,849574,Naproxen sodium 220 MG Oral Tablet,21.91,0.00,3,65.73,,
2013-10-24,2013-11-30,5c22a040-0e26-43cc-b84c-a9264481149d,b1c428d6-4f07-31e0-90f0-68ffa6ff8c76,dc357f8d-70bc-4168-a9ce-e10f67ec5a31,849574,Naproxen sodium 220 MG Oral Tablet,8.66,0.00,1,8.66,,
2013-10-31,,5c22a040-0e26-43cc-b84c-a9264481149d,b1c428d6-4f07-31e0-90f0-68ffa6ff8c76,4dee79b1-a99e-4280-8ec3-967f4f5cc155,861467,Meperidine Hydrochloride 50 MG Oral Tablet,14.50,0.00,166,2407.00,,
2010-04-03,2010-05-03,b6a10980-25ae-4d53-8096-258d1d91db02,b1c428d6-4f07-31e0-90f0-68ffa6ff8c76,622c4031-f9b9-405e-94db-341f5a41d3b2,313820,Acetaminophen 160 MG Chewable Tablet,6.53,0.00,1,6.53,,
2013-05-17,2013-05-31,b6a10980-25ae-4d53-8096-258d1d91db02,b1c428d6-4f07-31e0-90f0-68ffa6ff8c76,637f6548-8f14-4821-8d47-91eb5d91e682,198405,Ibuprofen 100 MG Oral Tablet,9.47,0.00,1,9.47,,
2012-01-17,2012-01-31,40f3a4d5-b4da-455b-a342-a0c067a0235c,b1c428d6-4f07-31e0-90f0-68ffa6ff8c76,77dd7481-d9ad-45bc-bd3a-97a98f0f070a,313782,Acetaminophen 325 MG Oral Tablet,7.24,0.00,1,7.24,,
2006-05-15,,c7a0b711-8f1e-4e9b-b0b2-0e1842505e40,b1c428d6-4f07-31e0-90f0-68ffa6ff8c76,bf56db5c-ab4d-4691-a16f-f53c946bc49a,309362,Clopidogrel 75 MG Oral Tablet,66.56,0.00,168,11182.08,,
2006-05-15,,c7a0b711-8f1e-4e9b-b0b2-0e1842505e40,b1c428d6-4f07-31e0-90f0-68ffa6ff8c76,bf56db5c-ab4d-4691-a16f-f53c946bc49a,312961,Simvastatin 20 MG Oral Tablet,10.72,0.00,168,1800.96,,
2006-05-15,,c7a0b711-8f1e-4e9b-b0b2-0e1842505e40,b1c428d6-4f07-31e0-90f0-68ffa6ff8c76,bf56db5c-ab4d-4691-a16f-f53c946bc49a,197361,Amlodipine 5 MG Oral Tablet,56.51,0.00,168,9493.68,,
2006-05-15,,c7a0b711-8f1e-4e9b-b0b2-0e1842505e40,b1c428d6-4f07-31e0-90f0-68ffa6ff8c76,bf56db5c-ab4d-4691-a16f-f53c946bc49a,705129,Nitroglycerin 0.4 MG/ACTUAT Mucosal Spray,37.86,0.00,168,6360.48,,
2011-05-23,2011-06-27,363e6c3c-8c7a-43df-946d-470e3c8d1c98,b1c428d6-4f07-31e0-90f0-68ffa6ff8c76,f6b00049-2f9c-401e-b5fb-65e630635edc,313782,Acetaminophen 325 MG Oral Tablet,6.25,0.00,1,6.25,,
2014-02-11,2014-04-19,363e6c3c-8c7a-43df-946d-470e3c8d1c98,b1c428d6-4f07-31e0-90f0-68ffa6ff8c76,1431f312-8d4e-4d55-959d-ba7cb403ba55,310965,Ibuprofen 200 MG Oral Tablet,29.15,0.00,2,58.30,,
2014-02-18,,363e6c3c-8c7a-43df-946d-470e3c8d1c98,b1c428d6-4f07-31e0-90f0-68ffa6ff8c76,9cdb478d-28c1-4ec5-8d74-c8066836bcec,861467,Meperidine Hydrochloride 50 MG Oral Tablet,26.85,0.00,158,4242.30,,
2017-05-26,2017-06-30,313ccb28-e5c3-48a6-a933-f22eb0dd22ab,b1c428d6-4f07-31e0-90f0-68ffa6ff8c76,f36f6a40-c5ff-495a-b07e-da6b221b64be,849574,Naproxen sodium 220 MG Oral Tablet,20.15,0.00,1,20.15,,
2018-08-24,2018-09-07,3b60eace-a44a-4e69-bbe6-6dced94d5f4c,b1c428d6-4f07-31e0-90f0-68ffa6ff8c76,453bc23f-158a-454c-9bdb-53acaa7bb063,310965,Ibuprofen 200 MG Oral Tablet,42.82,0.00,1,42.82,,
2005-09-20,,2846e6a3-595e-4d90-92d9-5715e2637519,b1c428d6-4f07-31e0-90f0-68ffa6ff8c76,3a1a8bbd-534a-46d8-b03b-8236e321a700,309362,Clopidogrel 75 MG Oral Tablet,52.05,0.00,176,9160.80,,
2005-09-20,,2846e6a3-595e-4d90-92d9-5715e2637519,b1c428d6-4f07-31e0-90f0-68ffa6ff8c76,3a1a8bbd-534a-46d8-b03b-8236e321a700,312961,Simvastatin 20 MG Oral Tablet,27.97,0.00,176,4922.72,,
2005-09-20,,2846e6a3-595e-4d90-92d9-5715e2637519,b1c428d6-4f07-31e0-90f0-68ffa6ff8c76,3a1a8bbd-534a-46d8-b03b-8236e321a700,197361,Amlodipine 5 MG Oral Tablet,10.76,0.00,176,1893.76,,
2005-09-20,,2846e6a3-595e-4d90-92d9-5715e2637519,b1c428d6-4f07-31e0-90f0-68ffa6ff8c76,3a1a8bbd-534a-46d8-b03b-8236e321a700,705129,Nitroglycerin 0.4 MG/ACTUAT Mucosal Spray,36.87,0.00,176,6489.12,,
2018-08-17,2018-08-31,2846e6a3-595e-4d90-92d9-5715e2637519,b1c428d6-4f07-31e0-90f0-68ffa6ff8c76,822d6640-cbbe-424f-9a7e-317318be6b97,849574,Naproxen sodium 220 MG Oral Tablet,18.97,0.00,1,18.97,,
2017-12-22,2018-02-20,6d3e9892-2b47-4a12-a2b3-0fcea1da13e7,b1c428d6-4f07-31e0-90f0-68ffa6ff8c76,5dea354d-048c-4e23-a6c0-fcf67cd4e135,198405,Ibuprofen 100 MG Oral Tablet,16.94,0.00,2,33.88,,
2013-04-21,2013-05-05,d0d13230-3ab7-4428-8092-3453b5f26ad0,b1c428d6-4f07-31e0-90f0-68ffa6ff8c76,cb1f66e3-0a8f-4099-824a-cc2fb89543b0,313782,Acetaminophen 325 MG Oral Tablet,5.44,0.00,1,5.44,,
1967-11-11,,fe1ed84f-0615-4c84-82ae-b6bef25c597c,b1c428d6-4f07-31e0-90f0-68ffa6ff8c76,1c5ae37a-56da-4997-8dcd-5f5ad6381cf2,861467,Meperidine Hydrochloride 50 MG Oral Tablet,19.29,0.00,1365,26330.85,,
2011-03-09,2011-04-06,fe1ed84f-0615-4c84-82ae-b6bef25c597c,b1c428d6-4f07-31e0-90f0-68ffa6ff8c76,462a3642-86e9-4941-a287-080bb30bc2b9,310965,Ibuprofen 200 MG Oral Tablet,38.01,0.00,1,38.01,,
2019-01-24,2019-02-07,fe1ed84f-0615-4c84-82ae-b6bef25c597c,b1c428d6-4f07-31e0-90f0-68ffa6ff8c76,cf961c58-23a5-4282-8672-526bc6317915,310965,Ibuprofen 200 MG Oral Tablet,11.19,0.00,1,11.19,,
1959-05-06,,07c49858-e86d-4d69-9e19-405096100750,b1c428d6-4f07-31e0-90f0-68ffa6ff8c76,dd6ec554-3469-481c-8996-8a32a23bc229,861467,Meperidine Hydrochloride 50 MG Oral Tablet,47.21,0.00,1277,60287.17,,
2007-10-05,2008-04-18,07c49858-e86d-4d69-9e19-405096100750,b1c428d6-4f07-31e0-90f0-68ffa6ff8c76,262bf2b6-4060-4840-a122-769b0aa6a59b,309362,Clopidogrel 75 MG Oral Tablet,89.40,0.00,6,536.40,,
2007-10-05,,07c49858-e86d-4d69-9e19-405096100750,b1c428d6-4f07-31e0-90f0-68ffa6ff8c76,262bf2b6-4060-4840-a122-769b0aa6a59b,312961,Simvastatin 20 MG Oral Tablet,12.33,0.00,6,73.98,,
2007-10-05,,07c49858-e86d-4d69-9e19-405096100750,b1c428d6-4f07-31e0-90f0-68ffa6ff8c76,262bf2b6-4060-4840-a122-769b0aa6a59b,197361,Amlodipine 5 MG Oral Tablet,7.26,0.00,6,43.56,,
2007-10-05,,07c49858-e86d-4d69-9e19-405096100750,b1c428d6-4f07-31e0-90f0-68ffa6ff8c76,262bf2b6-4060-4840-a122-769b0aa6a59b,705129,Nitroglycerin 0.4 MG/ACTUAT Mucosal Spray,246.69,0.00,6,1480.14,,
2008-04-18,2008-04-18,07c49858-e86d-4d69-9e19-405096100750,b1c428d6-4f07-31e0-90f0-68ffa6ff8c76,39a64c4c-01ff-4ca3-90c1-46a54e4014f3,1804799,Alteplase 100 MG Injection,6062.10,0.00,1,6062.10,,
2007-11-07,,678af75d-ec05-4aad-a1fa-0b4714c389cc,b1c428d6-4f07-31e0-90f0-68ffa6ff8c76,34ba5757-c6bc-4463-b9e8-4c6d5ab5b4d3,861467,Meperidine Hydrochloride 50 MG Oral Tablet,40.96,0.00,321,13148.16,,
2010-08-28,2010-11-26,367ab981-199d-4b56-b14c-7cfb74b191b2,b1c428d6-4f07-31e0-90f0-68ffa6ff8c76,279ad364-5dca-4429-a8cf-c6fa17ff273d,313820,Acetaminophen 160 MG Chewable Tablet,4.67,0.00,3,14.01,,
1924-03-20,,f008204c-c0e0-454c-a2b3-3be2a8df3365,b1c428d6-4f07-31e0-90f0-68ffa6ff8c76,77a0c379-4aea-47ca-b589-7ce1fbd788b6,1049221,Acetaminophen 325 MG / oxyCODONE Hydrochloride 5 MG Oral Tablet,869.49,0.00,2503,2176333.47,,
1999-03-31,,f008204c-c0e0-454c-a2b3-3be2a8df3365,b1c428d6-4f07-31e0-90f0-68ffa6ff8c76,8ce7e54f-42b2-4290-bb52-f3e0279f3f32,855332,Warfarin Sodium 5 MG Oral Tablet,125.05,0.00,255,31887.75,,
1999-03-31,,f008204c-c0e0-454c-a2b3-3be2a8df3365,b1c428d6-4f07-31e0-90f0-68ffa6ff8c76,8ce7e54f-42b2-4290-bb52-f3e0279f3f32,897718,Verapamil Hydrochloride 40 MG,114.62,0.00,255,29228.10,,
1999-03-31,,f008204c-c0e0-454c-a2b3-3be2a8df3365,b1c428d6-4f07-31e0-90f0-68ffa6ff8c76,8ce7e54f-42b2-4290-bb52-f3e0279f3f32,197604,Digoxin 0.125 MG Oral Tablet,61.32,0.00,255,15636.60,,
2019-02-19,2019-03-12,f008204c-c0e0-454c-a2b3-3be2a8df3365,b1c428d6-4f07-31e0-90f0-68ffa6ff8c76,49d0d40b-f611-40e2-ab2c-093dd5fc569c,310965,Ibuprofen 200 MG Oral Tablet,13.97,0.00,1,13.97,,
1992-10-20,,50217c6c-30c9-4806-938e-299c00e6e1db,b1c428d6-4f07-31e0-90f0-68ffa6ff8c76,a61c3add-9070-4263-af47-4642447802ff,1049221,Acetaminophen 325 MG / oxyCODONE Hydrochloride 5 MG Oral Tablet,1270.89,0.00,714,907415.46,,
2017-11-06,2018-02-04,50217c6c-30c9-4806-938e-299c00e6e1db,b1c428d6-4f07-31e0-90f0-68ffa6ff8c76,75e95c8d-40ff-4ae1-bea8-88cf051a438b,313782,Acetaminophen 325 MG Oral Tablet,7.61,0.00,3,22.83,,
1954-07-30,,1e61a523-27dd-4cbe-8c34-48bc5ffae0f0,b1c428d6-4f07-31e0-90f0-68ffa6ff8c76,2a43e05a-5d84-4b9c-aeba-5527a0378360,857005,Acetaminophen 325 MG / HYDROcodone Bitartrate 7.5 MG Oral Tablet,179.52,0.00,1711,307158.72,,
2019-10-20,2019-10-20,1e61a523-27dd-4cbe-8c34-48bc5ffae0f0,b1c428d6-4f07-31e0-90f0-68ffa6ff8c76,c9dcd6fe-c528-4981-b1d4-150bd71217f8,309362,Clopidogrel 75 MG Oral Tablet,53.89,0.00,1,53.89,,
2019-10-20,2019-10-20,1e61a523-27dd-4cbe-8c34-48bc5ffae0f0,b1c428d6-4f07-31e0-90f0-68ffa6ff8c76,c9dcd6fe-c528-4981-b1d4-150bd71217f8,1804799,Alteplase 100 MG Injection,6446.95,0.00,1,6446.95,,
1988-07-25,,9614ec55-748d-46d3-88bd-a5f2f9536f12,b1c428d6-4f07-31e0-90f0-68ffa6ff8c76,d4998541-ec33-4d23-ac65-9ea3e6ac2d50,857005,Acetaminophen 325 MG / HYDROcodone Bitartrate 7.5 MG Oral Tablet,127.16,0.00,825,104907.00,,
2011-10-03,2011-10-17,060d5c5a-1ee4-4ba3-9474-d767740da7cf,b1c428d6-4f07-31e0-90f0-68ffa6ff8c76,d84d2bcd-3335-40c9-9242-b21d860437fc,313820,Acetaminophen 160 MG Chewable Tablet,4.68,0.00,1,4.68,,
1984-05-25,1997-12-12,fe219fac-79d8-48e5-a849-c7837db5439b,b1c428d6-4f07-31e0-90f0-68ffa6ff8c76,c2c79743-2986-43e2-9984-0ff29b9cf423,705129,Nitroglycerin 0.4 MG/ACTUAT Mucosal Spray,102.70,0.00,164,16842.80,,
1989-08-04,1989-08-04,fe219fac-79d8-48e5-a849-c7837db5439b,b1c428d6-4f07-31e0-90f0-68ffa6ff8c76,a2055737-699a-46f8-bca1-7c1a4967349a,1660014,1 ML Epinephrine 1 MG/ML Injection,3.99,0.00,1,3.99,,
1989-08-04,1989-08-04,fe219fac-79d8-48e5-a849-c7837db5439b,b1c428d6-4f07-31e0-90f0-68ffa6ff8c76,a2055737-699a-46f8-bca1-7c1a4967349a,834357,3 ML Amiodarone hydrocholoride 50 MG/ML Prefilled Syringe,131.31,0.00,1,131.31,,
1989-08-04,1989-08-04,fe219fac-79d8-48e5-a849-c7837db5439b,b1c428d6-4f07-31e0-90f0-68ffa6ff8c76,a2055737-699a-46f8-bca1-7c1a4967349a,1190795,Atropine Sulfate 1 MG/ML Injectable Solution,32.71,0.00,1,32.71,,
1991-07-05,,fe219fac-79d8-48e5-a849-c7837db5439b,b1c428d6-4f07-31e0-90f0-68ffa6ff8c76,4b390274-f493-42bd-83c2-39d58c468406,312961,Simvastatin 20 MG Oral Tablet,31.27,0.00,78,2439.06,,
1994-03-22,1994-04-21,fe219fac-79d8-48e5-a849-c7837db5439b,b1c428d6-4f07-31e0-90f0-68ffa6ff8c76,217ba9c1-b373-439a-875b-4a0cd720fc49,310965,Ibuprofen 200 MG Oral Tablet,22.28,0.00,1,22.28,,
1994-07-22,,fe219fac-79d8-48e5-a849-c7837db5439b,b1c428d6-4f07-31e0-90f0-68ffa6ff8c76,47827815-db18-42ac-88ec-32f1eb66f120,197361,Amlodipine 5 MG Oral Tablet,40.11,0.00,41,1644.51,,
1997-08-08,1997-12-12,fe219fac-79d8-48e5-a849-c7837db5439b,b1c428d6-4f07-31e0-90f0-68ffa6ff8c76,c06b71d2-165c-4fdb-9d47-21af5cfbf595,309362,Clopidogrel 75 MG Oral Tablet,52.36,0.00,4,209.44,,
1997-12-12,1997-12-12,fe219fac-79d8-48e5-a849-c7837db5439b,b1c428d6-4f07-31e0-90f0-68ffa6ff8c76,e51f0163-34fb-4a43-8995-979853df6b47,259255,Atorvastatin 80 MG Oral Tablet,226.46,0.00,1,226.46,,
1997-12-12,1997-12-12,fe219fac-79d8-48e5-a849-c7837db5439b,b1c428d6-4f07-31e0-90f0-68ffa6ff8c76,e51f0163-34fb-4a43-8995-979853df6b47,833036,Captopril 25 MG Oral Tablet,55.75,0.00,1,55.75,,
1996-10-03,,8fcbebd7-5c5a-45e3-ac8c-9868d8d0a7bd,b1c428d6-4f07-31e0-90f0-68ffa6ff8c76,def344a1-d729-49a3-ba42-bc4b0f18035c,855332,Warfarin Sodium 5 MG Oral Tablet,192.90,0.00,285,54976.50,,
1996-10-03,,8fcbebd7-5c5a-45e3-ac8c-9868d8d0a7bd,b1c428d6-4f07-31e0-90f0-68ffa6ff8c76,def344a1-d729-49a3-ba42-bc4b0f18035c,897718,Verapamil Hydrochloride 40 MG,43.87,0.00,285,12502.95,,
1996-10-03,,8fcbebd7-5c5a-45e3-ac8c-9868d8d0a7bd,b1c428d6-4f07-31e0-90f0-68ffa6ff8c76,def344a1-d729-49a3-ba42-bc4b0f18035c,197604,Digoxin 0.125 MG Oral Tablet,59.53,0.00,285,16966.05,,
2013-12-10,2014-01-07,8fcbebd7-5c5a-45e3-ac8c-9868d8d0a7bd,b1c428d6-4f07-31e0-90f0-68ffa6ff8c76,bf498e59-0e17-4593-848f-3a1b9ec8062c,849574,Naproxen sodium 220 MG Oral Tablet,14.28,0.00,1,14.28,,
2001-12-17,,13de8c9d-949c-4cdf-8d8f-9f4ae1f6aa71,b1c428d6-4f07-31e0-90f0-68ffa6ff8c76,679af69a-929e-463c-8442-167723c35374,1049221,Acetaminophen 325 MG / oxyCODONE Hydrochloride 5 MG Oral Tablet,1190.30,0.00,475,565392.50,,
1969-10-16,,3ecc5cae-fe52-4875-a066-152fc8c9e098,b1c428d6-4f07-31e0-90f0-68ffa6ff8c76,55e5be85-0ea1-4411-9954-bc4246a296d0,861467,Meperidine Hydrochloride 50 MG Oral Tablet,30.42,0.00,1048,31880.16,,
2015-12-25,2016-03-24,92b8b4a0-9704-45e1-9527-0f43e4c8a55b,b1c428d6-4f07-31e0-90f0-68ffa6ff8c76,dc6df804-4f85-4875-a646-3af5b7c37375,849574,Naproxen sodium 220 MG Oral Tablet,18.85,0.00,3,56.55,,
1948-08-10,,0bfcb413-d1b3-4f93-b592-c3cbc81e5756,b1c428d6-4f07-31e0-90f0-68ffa6ff8c76,19634cbc-837e-4977-bd58-d12058a7506c,1049221,Acetaminophen 325 MG / oxyCODONE Hydrochloride 5 MG Oral Tablet,1715.40,0.00,1867,3202651.80,,
2018-02-05,2018-02-26,0bfcb413-d1b3-4f93-b592-c3cbc81e5756,b1c428d6-4f07-31e0-90f0-68ffa6ff8c76,fdcd32ce-c03c-4381-805c-c36a252346f0,849574,Naproxen sodium 220 MG Oral Tablet,13.01,0.00,1,13.01,,
1960-12-27,,8fc6a85c-8662-48de-89dd-5d97d02f0bee,b1c428d6-4f07-31e0-90f0-68ffa6ff8c76,5a2fabdc-cd75-4b6b-8893-c69636419786,857005,Acetaminophen 325 MG / HYDROcodone Bitartrate 7.5 MG Oral Tablet,265.05,0.00,1544,409237.20,,
