Id,BIRTHDATE,DEATHDATE,SSN,DRIVERS,PASSPORT,PREFIX,FIRST,LAST,SUFFIX,MAIDEN,MARITAL,RACE,ETHNICITY,GENDER,BIRTHPLACE,ADDRESS,CITY,STATE,COUNTY,ZIP,LAT,LON,HEALTHCARE_EXPENSES,HEALTHCARE_COVERAGE
38c3d13b-10fc-43b7-b5c2-edf425dcbd54,2001-01-13,,999-82-7480,S99990249,,Ms.,Jolana,Virnala,,,,white,nonhispanic,F,Helsinki  Uusimaa  FI,661 Karpov Katu Unit 4,Vantaa,Uusimaa,Vantaa,01360,60.25663323161115,24.839003283631534,3634.31,0.0
21ad24e5-5a4e-4630-adfa-affba9fd7181,2002-10-16,,999-14-1323,S99910420,,,Maijaleena,Keljo,,,,white,nonhispanic,F,Vantaa  Uusimaa  FI,522 Kulkki Katu Apt 57,Helsinki,Uusimaa,Helsinki,00940,60.13668497513923,24.9314686178616,3507.56,0.0
78f61d16-7aa3-4ff1-8fa1-bd1761276b24,1995-12-19,,999-80-5205,S99967420,X16551657X,Ms.,Orvo,Holmgård,,,,white,nonhispanic,F,Espoo  Uusimaa  FI,571 Outila Katu Unit 75,Espoo,Uusimaa,Espoo,02210,60.13638845711892,24.82295790994014,3892.39,0.0
1069d247-c2d0-4b51-b3aa-32b54026440d,1959-02-01,,999-88-3233,S99980847,X10652906X,Mr.,Romano,Seittu,,,M,white,nonhispanic,M,Cologne  North Rhine-Westphalia  DE,349 Degerström Katu,Vantaa,Uusimaa,Vantaa,01480,60.27379842588365,25.12995735156068,6768.16,0.0
3813ba61-a423-4e93-8d54-1a8d74941578,1966-03-10,,999-34-2699,S99972832,X30071438X,Mrs.,Hashi,Blick,,Levijoki,M,white,nonhispanic,F,Espoo  Uusimaa  FI,475 Nahkiaisoja Katu,Espoo,Uusimaa,Espoo,02940,60.183247999509426,24.77617113161382,5903.41,0.0
7e8223c7-fa33-48d9-bbe2-19d4aec38299,1962-09-08,,999-58-3874,S99920860,X84440702X,Mrs.,Heidi-Marja,Graham,,Kipponen,M,white,nonhispanic,F,Nurmijärvi  Uusimaa  FI,1080 Liang Katu,Helsinki,Uusimaa,Helsinki,00990,60.22599444759186,25.029346555528424,6004.96,0.0
0622e9b2-f492-4ddc-a7b4-2953a5bfef16,1961-11-18,2015-10-31,999-59-6464,S99948990,X3143401X,Mr.,Anttoo,Lakka,,,M,white,nonhispanic,M,Espoo  Uusimaa  FI,454 Kuustie Katu,Järvenpää,Uusimaa,Järvenpää,04440,60.460009482141345,25.121056351496396,13035.05,0.0
173210d6-cef0-45f4-bb0a-405e272e10d9,1955-03-02,,999-45-3986,S99924780,X40147984X,Ms.,Hinni,Pantolin,,,S,white,nonhispanic,F,Helsinki  Uusimaa  FI,624 Uusipaavalniemi Katu,Helsinki,Uusimaa,Helsinki,00260,60.204155194357874,25.145974730551803,7397.65,0.0
a44ab89f-40eb-40c7-b5d6-8f2f565cad38,1962-02-16,,999-60-8355,S99924137,X87218673X,Ms.,Anni-Riina,Arojoki,,,S,white,nonhispanic,F,Vantaa  Uusimaa  FI,142 Ukskoski Katu,Vantaa,Uusimaa,Vantaa,01600,60.361973248206205,24.887331207071536,8029.62,0.0
bf1263c8-3e7e-403f-a6e9-6aeb71c31e94,1997-06-01,,999-82-1506,S99985792,X85268655X,Mr.,Driss,Lavikka,,,,white,nonhispanic,M,Helsinki  Uusimaa  FI,988 Latvajärvi Katu Suite 43,Järvenpää,Uusimaa,Järvenpää,04430,60.51754022031914,25.049366447619796,3625.0,0.0
3257fd5a-b68f-4a3a-adec-2b9f0619bc2f,1986-05-25,,999-54-5995,S99926303,X56685220X,Mr.,Valio,Lilvanen,MD,,M,white,nonhispanic,M,Vantaa  Uusimaa  FI,488 Hahl Katu Suite 62,Helsinki,Uusimaa,Helsinki,00930,60.23343372014275,25.08240959895724,4388.47,0.0
078f81a8-d986-467f-9e1d-5e2065526f73,1989-08-31,,999-10-4248,S99929162,X84681828X,Mr.,Florian,Muurainen,,,M,white,nonhispanic,M,Kirkkonummi  Uusimaa  FI,772 Jänisoja Katu,Vantaa,Uusimaa,Vantaa,01420,60.307649305370774,25.044938832961805,4005.17,0.0
c8b0a217-fe74-4fa3-b800-840bb30091cc,2014-02-15,,999-26-8116,,,,Hillevi,Pikkala,,,,white,nonhispanic,F,Espoo  Uusimaa  FI,257 Hypén Katu Suite 83,Kirkkonummi,Uusimaa,Kirkkonummi,02480,60.17392283984067,24.428992679743757,1875.0,0.0
ebe6f8b8-5207-41c8-96a3-e3bac428266b,2005-01-29,,999-65-2847,,,,Shiri,Österlund,,,,white,nonhispanic,F,Helsinki  Uusimaa  FI,966 Trogen Katu Unit 88,Vantaa,Uusimaa,Vantaa,01690,60.3294330838354,24.824291534858776,3273.97,0.0
3399bb83-5602-4663-a7c8-d0a5a26d5b5e,2009-10-11,,999-40-2149,,,,Shahid,Tiala,,,,white,nonhispanic,M,Mäntsälä  Uusimaa  FI,436 Suojala Katu,Helsinki,Uusimaa,Helsinki,00210,60.24012329520669,24.942310665884303,2753.83,0.0
6c4a562b-37b7-4e4d-a939-d7f71e3e5a6f,2018-05-28,,999-33-5929,,,,Eva-Marja,Paassola,,,,white,nonhispanic,F,Helsinki  Uusimaa  FI,232 Arino Katu,Vihti,Uusimaa,Vihti,03100,60.42165168273684,24.41742368485602,1128.1100000000001,0.0
6789afb5-7357-43a0-bf82-ac3ed10ca08d,1972-02-05,,999-13-3513,S99946921,X74998274X,Mr.,Margo,Niemitalo,,,M,white,nonhispanic,M,Vantaa  Uusimaa  FI,439 Länsivuori Katu Unit 45,Espoo,Uusimaa,Espoo,02720,60.126474698961474,24.72162111960209,5637.8,0.0
78e564c4-c5e2-4f99-bb3b-88a45ceb224f,1940-02-08,,999-40-8282,S99945233,X55772399X,Mrs.,Anu-Mari,Talasma,,Vahe,M,white,nonhispanic,F,Porvoo  Uusimaa  FI,1071 Puputti Katu,Hyvinkää,Uusimaa,Hyvinkää,05800,60.63242703467753,24.805129822867123,9674.2,0.0
0a7337a4-c897-45a2-b7a4-212693a30995,1961-11-18,,999-45-4095,S99931958,X63323906X,Mr.,Visar,Lennes,,,M,white,nonhispanic,M,Hyvinkää  Uusimaa  FI,664 Vesala Katu Unit 19,Järvenpää,Uusimaa,Järvenpää,04420,60.44931196033525,25.13391610005658,6263.74,0.0
554aac9d-f755-4bed-98ac-27fa10606e27,1989-01-19,,999-57-7027,S99984941,X88452253X,Mr.,Anatole,Valsberg,,,M,white,nonhispanic,M,Helsinki  Uusimaa  FI,508 Kerimaa Katu Unit 57,Helsinki,Uusimaa,Helsinki,00190,60.16254151922764,25.096459535440985,4125.0,0.0
6841f9f8-455a-4860-aebb-74ce4ff2d968,1924-03-28,1991-11-01,999-54-4568,S99933096,X6424075X,Mr.,Kain,Tiiri,,,M,white,nonhispanic,M,Askola  Uusimaa  FI,443 Nicklén Katu,Helsinki,Uusimaa,Helsinki,00960,60.21917250058451,24.939751659694764,13302.57,0.0
038d29a5-5cb8-40dd-b1c5-6066790ab4fb,1983-06-04,,999-31-9560,S99944062,X201218X,Ms.,Magnusdotter,Björnholm,,,S,white,nonhispanic,F,Vantaa  Uusimaa  FI,1009 Maatraiva Katu,Espoo,Uusimaa,Espoo,02630,60.12772064074026,24.728578163480158,4784.75,0.0
0d1da049-0e2e-438b-9813-76bebf6b94f3,1989-01-01,,999-28-4696,S99948750,X84976044X,Mr.,Otro,Öman,,,M,white,nonhispanic,M,Helsinki  Uusimaa  FI,394 Kusmin Katu,Helsinki,Uusimaa,Helsinki,00900,60.194524888069104,24.964939302465876,4291.11,0.0
a0a9ebf5-3ae1-4e25-87ed-20b1728dc0c4,2012-01-12,,999-52-2824,,,,Mansur,Linderborg,,,,white,nonhispanic,M,Helsinki  Uusimaa  FI,262 Honga Katu Unit 91,Helsinki,Uusimaa,Helsinki,00550,60.25774026515962,25.070951956739574,2632.45,0.0
31a57aca-925f-4f24-a57c-66bff3734333,1946-11-30,,999-90-6350,S99989556,X83734957X,Ms.,Aia,Yli-Suomu,,,S,white,nonhispanic,F,Lohja  Uusimaa  FI,920 Vetola Katu,Helsinki,Uusimaa,Helsinki,00690,60.2704113515778,24.83635762425624,7882.51,0.0
520e17dc-0f68-4d7f-9aa3-7c1012878097,2003-01-22,,999-46-7135,S99975346,,,Sherif,Korkeamaa,,,,white,nonhispanic,F,Vantaa  Uusimaa  FI,128 Apponen Katu,Espoo,Uusimaa,Espoo,02330,60.143089915200726,24.754671719736884,3528.44,0.0
8efddc4d-2cb6-40e1-9c15-9dd590a2dd4d,1993-12-26,,999-52-3692,S99933693,X12234568X,Mr.,Ville-Eemeli,Mäntylä,,,,white,nonhispanic,M,Porvoo  Uusimaa  FI,396 Latva-Rasula Katu Unit 59,Mäntsälä,Uusimaa,Mäntsälä,04820,60.59976113888075,25.310512292899514,4436.76,0.0
a389b16f-8acf-495a-af0b-7ee8534af40d,2007-04-17,,999-16-8738,,,,Kamal,Bonn,,,,white,nonhispanic,M,Helsinki  Uusimaa  FI,933 Hossaini Katu Suite 60,Espoo,Uusimaa,Espoo,02300,60.24380189660614,24.808756338523352,2625.0,0.0
63c322ea-4a7d-430e-b345-7aefc78f4b53,1955-11-05,,999-82-5753,S99912421,X77856427X,Mr.,Amjad,Luodemaa,,,M,white,nonhispanic,M,Kerava  Uusimaa  FI,384 Priha Katu,Tuusula,Uusimaa,Tuusula,04350,60.43254515164363,24.884558120766997,7136.7,0.0
47149490-8f26-4ed8-80a9-af82da25a231,2008-11-12,,999-10-1587,,,,Valpu,Kellosalo,,,,white,nonhispanic,F,Helsinki  Uusimaa  FI,947 Tammenoja Katu Unit 17,Espoo,Uusimaa,Espoo,02380,60.30891192198678,24.659193686044684,2500.0,0.0
4bb45bf2-1a5a-4d7d-8cab-d1c40992ad5e,2018-12-13,,999-13-5440,,,,Kille,Kartaslammi,,,,white,nonhispanic,M,Nurmijärvi  Uusimaa  FI,1048 Lyhtelä Katu,Vantaa,Uusimaa,Vantaa,01600,60.28490799454971,25.150925883555136,875.0,0.0
fd46327d-7c54-40c0-9e09-d0e0feb19b3a,2012-03-20,,999-19-1314,,,,Uwe,Säynäjäkoski,,,,white,nonhispanic,M,Vantaa  Uusimaa  FI,739 Vallila Katu,Sipoo,Uusimaa,Sipoo,01190,60.397307574419564,25.225112131924064,2130.25,0.0
57764acb-a2e0-4094-b1a6-83983b973cc5,1953-09-27,,999-32-5231,S99913723,X73844960X,Mr.,Totte,Fleen,,,M,white,nonhispanic,M,Helsinki  Uusimaa  FI,1033 Jetsonen Katu Apt 2,Siuntio,Uusimaa,Siuntio,02580,60.14192566396836,24.185928765279037,7000.0,0.0
9345b067-32b7-4aa5-8dfb-c4afa0080610,1965-05-20,,999-90-4046,S99966706,X13118421X,Mr.,Mauricio,Kojonen,,,S,white,nonhispanic,M,Helsinki  Uusimaa  FI,345 Södervall Katu Suite 10,Vantaa,Uusimaa,Vantaa,01480,60.23726351196386,24.88054141253489,6408.57,0.0
6f437c11-c92e-4a84-bc3c-86cf60580727,1966-01-17,,999-17-8089,S99979041,X46130732X,Mrs.,Helén,Liius,,Suosalo,M,white,nonhispanic,F,Espoo  Uusimaa  FI,1049 Murtoo Katu,Lohja,Uusimaa,Lohja,08360,60.331951849058434,24.09531155027422,6411.45,0.0
7cddb477-092b-419d-b4b7-7a3980d596df,1952-11-10,,999-63-1056,S99976772,X52341252X,Mrs.,Camila,Vinnikka,,Anttikoski,M,white,nonhispanic,F,Porvoo  Uusimaa  FI,376 Välisaari Katu Suite 18,Vantaa,Uusimaa,Vantaa,01770,60.24855277690558,24.798004513802493,7780.49,0.0
61cad935-749a-4bda-946f-11a4b271eb91,1986-10-03,,999-71-1217,S99959462,X73929026X,Mr.,Tarvo,Tasa,MD,,M,white,nonhispanic,M,Espoo  Uusimaa  FI,693 Abraham Katu,Espoo,Uusimaa,Espoo,02170,60.18266848913852,24.616514112178308,4387.3,0.0
098ad43a-2246-41b1-9caf-1cf2133f6c73,1924-03-28,2016-05-27,999-16-6424,S99985798,X84058940X,Mr.,Teijo,Kouvala,,,S,white,nonhispanic,M,Helsinki  Uusimaa  FI,549 Kalaniemi Katu Apt 14,Helsinki,Uusimaa,Helsinki,00610,60.18621331187297,24.892085950426143,11745.48,0.0
8ec5d154-9d0b-4b79-9f7c-7276a8c65185,1941-02-11,,999-68-9469,S99947192,X50491850X,Mr.,Nicklas,Laajapuro,,,M,white,nonhispanic,M,Vantaa  Uusimaa  FI,972 Metsikkö Katu,Vihti,Uusimaa,Vihti,03790,60.4326840207715,24.543382529547966,9931.39,0.0
bc0add3c-427a-4602-8de5-58615532db90,2004-12-18,,999-12-1524,,,,Kasper,Siikaranta,,,,white,nonhispanic,M,Nurmijärvi  Uusimaa  FI,495 Tura Katu,Hyvinkää,Uusimaa,Hyvinkää,05830,60.61790705427454,24.903453303115516,3268.26,0.0
82707260-33cb-4127-866e-2bbab8c67913,1951-05-01,,999-87-4378,S99914501,X23683759X,Ms.,Mari-Anne,Lillrank,,,S,white,nonhispanic,F,Tuusula  Uusimaa  FI,960 Sarkanen Katu Suite 43,Vantaa,Uusimaa,Vantaa,01340,60.27734816358435,24.926797527053356,8182.31,0.0
89200ee1-6f6a-4f1e-98e4-ae3be576c7d2,2001-07-17,,999-53-3128,S99999756,,Ms.,Gurli,Hanhikorpi,,,,white,nonhispanic,F,Järvenpää  Uusimaa  FI,330 Pakarainen Katu Unit 58,Helsinki,Uusimaa,Helsinki,00860,60.223994897279745,24.958914921704782,3375.0,0.0
b69863c8-189b-47a6-be11-a9449f79d740,2005-04-11,,999-42-3909,,,,Jolin,Petäjäjärvi,,,,white,nonhispanic,F,Helsinki  Uusimaa  FI,534 Strander Katu Apt 36,Helsinki,Uusimaa,Helsinki,00970,60.20478215957988,24.853228478245235,2875.0,0.0
1a92dcc0-41c5-4c30-89ef-c14a3557827c,2001-10-16,,999-86-4257,S99997858,,Mr.,Hemi,Tuittu,,,,white,nonhispanic,M,Järvenpää  Uusimaa  FI,341 Rosén Katu Apt 65,Espoo,Uusimaa,Espoo,02210,60.177713235271746,24.593582663486735,3637.08,0.0
3489deb6-18c9-41f7-b970-b62d9421df69,2016-02-07,,999-95-8485,,,,Loan,Lunabba,,,,white,nonhispanic,F,Järvenpää  Uusimaa  FI,653 Tuulari Katu,Kirkkonummi,Uusimaa,Kirkkonummi,02550,60.18516310495067,24.562505904026107,1625.0,0.0
9d48a208-6b2f-46e8-acd0-abbca8f72400,1957-03-09,,999-98-1229,S99966872,X83275243X,Mrs.,Lumituuli,Mäntykangas,,Levänen,M,white,nonhispanic,F,Helsinki  Uusimaa  FI,538 Kyöttinen Katu,Helsinki,Uusimaa,Helsinki,00280,60.17690423088152,24.95852920019764,7131.47,0.0
edd63f48-f961-4d30-a64a-51adc3ff5dcf,1999-11-27,,999-20-7045,S99995960,X7603962X,Mr.,Scott,Lehtiniemi,,,,white,nonhispanic,M,Vantaa  Uusimaa  FI,262 Sallanne Katu Unit 11,Helsinki,Uusimaa,Helsinki,00160,60.187118248942795,25.00224443983016,4046.67,0.0
de88688d-5a84-4a90-939a-545de696e6f9,1994-09-06,,999-74-8520,S99947550,X71084803X,Ms.,Mine,Ala-Haavisto,,,,white,nonhispanic,F,Helsinki  Uusimaa  FI,1033 Sarvilahti Katu Apt 82,Helsinki,Uusimaa,Helsinki,00680,60.209166685955836,24.883067835494796,3908.58,0.0
eaede75d-cf9c-42bd-ba1e-ea37e1ee5205,1990-11-10,,999-61-7378,S99950912,X33218904X,Ms.,Nella-Sofia,Saranen,,,S,white,nonhispanic,F,Raasepori  Uusimaa  FI,788 Likander Katu Apt 66,Espoo,Uusimaa,Espoo,02200,60.207572391305504,24.73331674871159,4656.94,0.0
9a82e89e-aa4d-49b8-be66-f507b989358a,2016-02-05,,999-89-7036,,,,Henri-Matias,Kalliomaa,,,,white,nonhispanic,M,Vantaa  Uusimaa  FI,982 Somiska Katu,Helsinki,Uusimaa,Helsinki,00610,60.296300662785086,25.111995355317205,1625.0,0.0
80083dd7-4ee0-4d96-b13c-b08bf3f80e8d,1980-12-27,,999-71-9564,S99930183,X76699992X,Mr.,Manfred,Aatamila,,,M,white,nonhispanic,M,Espoo  Uusimaa  FI,1040 Kåhre Katu,Lohja,Uusimaa,Lohja,08480,60.156646028322314,24.032017918214407,4652.04,0.0
3322ff86-3b43-44ab-9dc4-c181eb99cbaf,1974-03-09,,999-44-2106,S99995105,X12667730X,Mr.,Kouta,Riski,,,M,white,nonhispanic,M,Hyvinkää  Uusimaa  FI,486 Tuohiluoma Katu Unit 82,Helsinki,Uusimaa,Helsinki,00810,60.23824361494476,25.145269673962854,4887.89,0.0
2519e5ff-9b68-443a-9981-66191171c1e3,2017-09-05,,999-90-2429,,,,Therèse,Vahviala,,,,white,nonhispanic,F,Helsinki  Uusimaa  FI,246 Reijonen Katu,Helsinki,Uusimaa,Helsinki,00200,60.296760528586866,25.093573731399655,1250.0,0.0
1ebb0155-3860-467f-9ff3-dd4a059a9f15,1982-06-16,,999-30-3808,S99944203,X3225180X,Mr.,Thorleif,Karlenius,,,M,white,nonhispanic,M,Helsinki  Uusimaa  FI,584 Norrlund Katu,Helsinki,Uusimaa,Helsinki,00260,60.228347142541104,24.97860915369471,5306.91,0.0
46bfc78b-1b7d-4066-9c33-31df717fe3f1,1924-03-28,1992-06-26,999-82-5308,S99993009,X32428150X,Mr.,Anshelmi,de la Chapelle,,,S,white,nonhispanic,M,Vantaa  Uusimaa  FI,367 Hamilo Katu Unit 86,Helsinki,Uusimaa,Helsinki,00960,60.16102453479393,24.899667617397625,15633.65,0.0
8377b903-c1c0-42ec-bfa0-42d0ab80f4a0,1966-05-27,,999-46-1174,S99991201,X73627442X,Mr.,Karinpoika,Vatjus,,,M,white,nonhispanic,M,Espoo  Uusimaa  FI,509 Strandell Katu,Kirkkonummi,Uusimaa,Kirkkonummi,02520,59.99876079148736,24.341370563854838,6025.68,0.0
efd5994e-4abb-4d4a-a7f0-97cb9fccea1f,1954-06-05,,999-24-6359,S99980133,X75367590X,Mr.,Egzon,Piekkari,,,S,white,nonhispanic,M,Espoo  Uusimaa  FI,969 Wollsten Katu Apt 10,Mäntsälä,Uusimaa,Mäntsälä,04530,60.77121751792751,25.265941381925607,7125.0,0.0
365fbf6c-3530-42e1-8c5c-f4b7c9827c66,1969-09-03,,999-95-2841,S99944931,X26317479X,Ms.,Riinu,Westerback,,,S,white,nonhispanic,F,Espoo  Uusimaa  FI,287 Luojukoski Katu,Helsinki,Uusimaa,Helsinki,00760,60.13293301740503,24.93626111045017,6056.49,0.0
5a246261-1a47-4566-be29-8c564ff9218d,1965-06-09,,999-78-1286,S99969796,X28328876X,Mrs.,Maxine,Nuorinko,,Kräkin,M,white,nonhispanic,F,Espoo  Uusimaa  FI,625 Kiltti Katu,Kirkkonummi,Uusimaa,Kirkkonummi,02410,60.2530185451712,24.452530504915643,6154.93,0.0
1406c9b8-bdff-447f-a868-877ecc844800,1997-04-11,,999-54-2771,S99950700,X26481416X,Ms.,Anne-Charlotte,Viktorsson,,,,white,nonhispanic,F,Espoo  Uusimaa  FI,898 Löytty Katu,Hyvinkää,Uusimaa,Hyvinkää,05720,60.64918142236892,25.073702488229618,3625.0,0.0
d13ce295-76c1-45ea-8c06-0c0aa54a5476,1965-09-04,,999-57-1938,S99988255,X79500058X,Mrs.,Winnie,Aine,,Taira,M,white,nonhispanic,F,Helsinki  Uusimaa  FI,636 Värre Katu,Espoo,Uusimaa,Espoo,02630,60.208710441066756,24.798025932136184,5766.74,0.0
84b8247f-1958-4161-bd6e-06a3ec416ad5,1936-02-23,,999-50-5305,S99979235,X80600159X,Mrs.,Tyyni,Ahvensalmi,,Winkler,M,white,nonhispanic,F,Helsinki  Uusimaa  FI,565 Lintukangas Katu Unit 31,Espoo,Uusimaa,Espoo,02330,60.254277759487415,24.80612352398228,10547.48,0.0
dc486ce2-a6ce-4e00-8e46-ff86542176ce,1957-01-21,,999-95-7817,S99922062,X4305588X,Mrs.,Rosita,Koski-Tuuri,,Soro,M,white,nonhispanic,F,Helsinki  Uusimaa  FI,206 Sinersaari Katu,Helsinki,Uusimaa,Helsinki,00350,60.260087791373905,24.965366158902604,7521.47,0.0
52c3252a-3bb7-4427-8a7e-40d1d7aeac7a,1946-09-04,,999-14-8809,S99987172,X35118997X,Ms.,Anna-Leena,Huuha,,,S,white,nonhispanic,F,Sipoo  Uusimaa  FI,719 Viertorinne Katu Unit 44,Helsinki,Uusimaa,Helsinki,00820,60.19017084284124,24.909056651006175,8941.4,0.0
25fce318-0a46-4221-9f53-263efb5ba3c6,2016-04-27,,999-59-4903,,,,Desirée,Tinnilä,,,,white,nonhispanic,F,Vihti  Uusimaa  FI,1025 Toivakainen Katu Unit 6,Raasepori,Uusimaa,Raasepori,10470,60.185871295768166,23.619440504553744,1500.0,0.0
e28d701b-0bea-4175-9be0-4b767601b700,1981-04-03,,999-73-8220,S99918418,X34541756X,Mrs.,Netta,Eilo,,Rautjärvi,M,white,nonhispanic,F,Nurmijärvi  Uusimaa  FI,188 Suurkaulio Katu Suite 9,Helsinki,Uusimaa,Helsinki,00410,60.237263295129466,25.00114572985139,5090.41,0.0
2480fa0f-a7cb-4d3f-9a95-989942d63cd6,1954-09-17,,999-95-6898,S99914988,X34733927X,Ms.,Fransiina,Lapatto,,,S,white,nonhispanic,F,Hyvinkää  Uusimaa  FI,470 Lönnrot Katu,Tuusula,Uusimaa,Tuusula,04500,60.455603108860615,24.96332927430868,7132.96,0.0
88e757e0-0fce-43d5-85ba-e778ba814059,2011-04-16,,999-26-9981,,,,Cay,Hellstedt,,,,white,nonhispanic,M,Hyvinkää  Uusimaa  FI,1076 Aurio Katu,Helsinki,Uusimaa,Helsinki,00420,60.19499396313699,24.96837436398253,2644.63,0.0
252423e2-3c4d-4815-b924-4cd7972616ea,2000-08-09,,999-22-4582,S99994621,,Mr.,Rasheed,Gallén,,,,white,nonhispanic,M,Kerava  Uusimaa  FI,764 Jalomäki Katu Suite 82,Siuntio,Uusimaa,Siuntio,02580,60.154764843548236,24.096856299448913,4137.24,0.0
2a8d21ff-77ba-4644-93ec-0d407cbd8452,2013-09-09,,999-45-1809,,,,Maximo,Tjurin,,,,white,nonhispanic,M,Helsinki  Uusimaa  FI,1077 Vehmola Katu Suite 19,Helsinki,Uusimaa,Helsinki,00760,60.22552863842905,24.92753768754475,1875.0,0.0
697240a1-565c-4a57-acc2-1fbc280d8dd2,1924-03-28,2015-12-25,999-21-4880,S99937734,X6869028X,Mr.,Aihe,Torkkeli,,,M,white,nonhispanic,M,Helsinki  Uusimaa  FI,237 Lajunen Katu,Helsinki,Uusimaa,Helsinki,00170,60.11973898502197,24.93732955874222,18139.98,0.0
768b209b-471d-4d73-bfca-25442baf07fc,1988-12-04,,999-28-3525,S99935901,X5382412X,Ms.,Hinriikka,Ollaranta,,,S,white,nonhispanic,F,Tuusula  Uusimaa  FI,594 Ranki Katu Unit 4,Helsinki,Uusimaa,Helsinki,00900,60.22603028566341,24.93023003701581,4799.61,0.0
d31174dd-297b-4d83-bef3-4265d1c32770,1970-07-26,,999-62-3912,S99968514,X47327988X,Mr.,Sipi,Matula,,,S,white,nonhispanic,M,Helsinki  Uusimaa  FI,685 Lukka Katu Unit 32,Vantaa,Uusimaa,Vantaa,01510,60.32030258288939,25.050161587698504,5784.63,0.0
ff9d18b9-4796-4826-9002-6702ca1fb5de,1944-06-20,,999-73-2549,S99978856,X86749127X,Mrs.,Tiina-Elina,Väätäjä,,Ollinaho,M,white,nonhispanic,F,Helsinki  Uusimaa  FI,952 Kadir Katu Unit 74,Helsinki,Uusimaa,Helsinki,00610,60.2583786575722,24.85490156216081,15791.56,0.0
799600dd-cc3d-495c-b796-f23127ab9242,1996-12-13,,999-24-1616,S99974096,X71410094X,Ms.,Tuula-Marjatta,Paaso,,,,white,nonhispanic,F,Helsinki  Uusimaa  FI,790 Sinjoi Katu,Espoo,Uusimaa,Espoo,02300,60.29369575595261,24.525297800728673,3896.91,0.0
5c22a040-0e26-43cc-b84c-a9264481149d,1990-03-29,,999-42-2291,S99995670,X6262859X,Mr.,Revontuli,Kortesaari,,,M,white,nonhispanic,M,Helsinki  Uusimaa  FI,925 Vilokki Katu,Helsinki,Uusimaa,Helsinki,00750,60.18981778225593,24.933851170924086,4133.66,0.0
b6a10980-25ae-4d53-8096-258d1d91db02,2002-05-15,,999-37-9129,S99933799,,,Thommy,Mikonsaari,,,,white,nonhispanic,M,Espoo  Uusimaa  FI,249 Kärsämänoja Katu Suite 98,Vantaa,Uusimaa,Vantaa,01640,60.28177859885799,24.83728815646415,3641.0,0.0
40f3a4d5-b4da-455b-a342-a0c067a0235c,1985-08-31,,999-61-9816,S99951630,X61528414X,Mr.,Sebastian,Håkansson,,,M,white,nonhispanic,M,Vantaa  Uusimaa  FI,139 Alamartimo Katu Unit 31,Helsinki,Uusimaa,Helsinki,00650,60.30571332706152,24.988835355802575,4390.14,0.0
c7a0b711-8f1e-4e9b-b0b2-0e1842505e40,1972-02-28,,999-72-7554,S99996483,X6653982X,Mr.,Adel,Valle,,,M,white,nonhispanic,M,Vantaa  Uusimaa  FI,233 Töppärä Katu Unit 26,Nurmijärvi,Uusimaa,Nurmijärvi,01860,60.54722800221893,24.611650912871024,6263.83,0.0
d439e67f-7175-46f4-afac-2c6b3be9f764,2017-10-02,,999-32-1792,,,,Khaled,Utela,,,,white,nonhispanic,F,Helsinki  Uusimaa  FI,538 Virhiä Katu,Vihti,Uusimaa,Vihti,03430,60.297694014112245,24.31393959801075,1125.0,0.0
363e6c3c-8c7a-43df-946d-470e3c8d1c98,1938-09-22,,999-83-3509,S99958198,X50716981X,Mrs.,Antigona,Sarmala,,Kunnamo,M,white,nonhispanic,F,Vantaa  Uusimaa  FI,570 Nykung Katu,Helsinki,Uusimaa,Helsinki,00440,60.13552948535912,24.97805045409066,9797.13,0.0
313ccb28-e5c3-48a6-a933-f22eb0dd22ab,1964-09-17,,999-85-8360,S99982718,X56419573X,Mrs.,Theresa,Laurinolli,,Nokelainen,M,white,nonhispanic,F,Raasepori  Uusimaa  FI,291 Juusonen Katu Suite 42,Vantaa,Uusimaa,Vantaa,01670,60.32928237245973,25.06066283977069,6164.59,0.0
3b60eace-a44a-4e69-bbe6-6dced94d5f4c,1959-12-06,,999-28-8527,S99944316,X37606772X,Mr.,Vasilios,Visapää,,,M,white,nonhispanic,M,Espoo  Uusimaa  FI,210 Gäddnäs Katu Suite 51,Nurmijärvi,Uusimaa,Nurmijärvi,05200,60.50518507498337,24.905678640911276,7093.46,0.0
2846e6a3-595e-4d90-92d9-5715e2637519,1957-08-27,,999-58-1616,S99970359,X19465342X,Mrs.,Gia,Tuohisaari,,Puupponen,M,white,nonhispanic,F,Helsinki  Uusimaa  FI,806 Karkamo Katu Apt 70,Espoo,Uusimaa,Espoo,02330,60.22291485418293,24.74757782973284,7411.59,0.0
6d3e9892-2b47-4a12-a2b3-0fcea1da13e7,2016-12-27,,999-16-8733,,,,Göransson,Ylä-Outinen,,,,white,nonhispanic,M,Vantaa  Uusimaa  FI,879 Goldberg Katu,Askola,Uusimaa,Askola,07580,60.477800799734524,25.55284060006589,1641.94,0.0
d0d13230-3ab7-4428-8092-3453b5f26ad0,1988-12-18,,999-52-5193,S99993314,X2846369X,Mr.,Harry,Kaislasuo,,,M,white,nonhispanic,M,Espoo  Uusimaa  FI,561 Yli-Uotila Katu Suite 27,Kirkkonummi,Uusimaa,Kirkkonummi,02540,60.11970852394838,24.42448950641337,4807.32,0.0
fe1ed84f-0615-4c84-82ae-b6bef25c597c,1947-05-02,,999-23-3621,S99910720,X4105568X,Mrs.,Ennika,Yli-Hukka,,Tammilehto,M,white,nonhispanic,F,Helsinki  Uusimaa  FI,701 Haukilehto Katu,Espoo,Uusimaa,Espoo,02810,60.22448357876946,24.76667829524889,9080.92,0.0
07c49858-e86d-4d69-9e19-405096100750,1924-03-28,2008-04-18,999-79-8418,S99961039,X21205855X,Mr.,Ville-Oskari,Peltopuro,,,M,white,nonhispanic,M,Hyvinkää  Uusimaa  FI,278 Vesaluoma Katu Suite 72,Helsinki,Uusimaa,Helsinki,00890,60.215973948225205,24.918814941776198,17091.63,0.0
678af75d-ec05-4aad-a1fa-0b4714c389cc,1991-03-10,,999-25-6981,S99952658,X34144978X,Mr.,Raja,Muhammad,,,M,white,nonhispanic,M,Espoo  Uusimaa  FI,199 Vihanta Katu,Vantaa,Uusimaa,Vantaa,01530,60.299226659524635,25.114231619309678,4403.05,0.0
3d8bea9c-200b-41e9-8be0-295f5ceb5082,1993-12-17,,999-78-4012,S99985700,X5145246X,Ms.,Rita,Kuotesaho,,,,white,nonhispanic,F,Kirkkonummi  Uusimaa  FI,851 Gerdt Katu Unit 9,Helsinki,Uusimaa,Helsinki,00710,60.13027413714951,25.090100931167168,3750.0,0.0
e2f99b15-9f58-42ef-822c-168ff130fce0,1995-06-11,,999-21-8322,S99967517,X12077438X,Mr.,Igor,Aitonurmi,,,,white,nonhispanic,M,Helsinki  Uusimaa  FI,477 Ray Katu Suite 45,Helsinki,Uusimaa,Helsinki,00980,60.18523102055991,25.10583688633714,4018.2,0.0
367ab981-199d-4b56-b14c-7cfb74b191b2,2005-01-26,,999-12-5315,,,,Ati,Roslund,,,,white,nonhispanic,M,Espoo  Uusimaa  FI,1072 Piirto Katu Unit 40,Sipoo,Uusimaa,Sipoo,01150,60.37931585304276,25.197766220980924,3254.67,0.0
f008204c-c0e0-454c-a2b3-3be2a8df3365,1910-08-24,,999-54-2667,S99956889,X16307863X,Mr.,Ragnarsson,Ura,,,M,white,nonhispanic,M,Espoo  Uusimaa  FI,156 Kutinlahti Katu,Helsinki,Uusimaa,Helsinki,00440,60.28855095613527,25.11381642054903,13049.59,0.0
138a2a95-00bc-4488-bd1b-4445e8f01c06,1973-09-19,,999-41-5982,S99979319,X65743926X,Mr.,Jommi,Pomppu,,,M,white,nonhispanic,M,Helsinki  Uusimaa  FI,530 Nurmio Katu Suite 28,Vantaa,Uusimaa,Vantaa,01350,60.25408580534684,24.878110861918596,5148.56,0.0
50217c6c-30c9-4806-938e-299c00e6e1db,1950-08-20,,999-89-4822,S99912932,X58844871X,Mrs.,Hellä,Valo,,Lillfors,M,white,nonhispanic,F,Lohja  Uusimaa  FI,385 Kivimurto Katu Suite 37,Helsinki,Uusimaa,Helsinki,00240,60.22340677354439,24.892792444338298,9031.83,0.0
1e61a523-27dd-4cbe-8c34-48bc5ffae0f0,1941-05-25,,999-67-5401,S99917630,X58196313X,Ms.,Olesja,Sumia,,,S,white,nonhispanic,F,Hyvinkää  Uusimaa  FI,367 Krannila Katu Apt 55,Espoo,Uusimaa,Espoo,02760,60.25443241387741,24.76870019856186,17302.38,0.0
c6d5474a-bf92-4825-b854-10b418c50f8b,1989-03-21,,999-32-4274,S99957626,X45430886X,Mr.,Martti-Mikael,Nurmikko,,,M,white,nonhispanic,M,Sipoo  Uusimaa  FI,1066 Jokipakka Katu,Helsinki,Uusimaa,Helsinki,00740,60.17960862824853,24.87955900749546,4542.93,0.0
9614ec55-748d-46d3-88bd-a5f2f9536f12,1966-08-20,,999-79-8271,S99922593,X19440595X,Mrs.,Ros-Mari,Illikainen,,Lähdeaho,M,white,nonhispanic,F,Helsinki  Uusimaa  FI,681 Tapioharju Katu,Nurmijärvi,Uusimaa,Nurmijärvi,05450,60.4842561366843,24.691032812131457,6509.36,0.0
2954c798-473a-4618-bae0-196171b38a29,1975-05-10,,999-46-7411,S99935382,X7232438X,Mrs.,Anna-Kaarina,Komaro,,Soukkanen,M,white,nonhispanic,F,Kirkkonummi  Uusimaa  FI,659 Haapakangas Katu Suite 2,Helsinki,Uusimaa,Helsinki,00690,60.19165404713266,24.954511283304296,5262.0,0.0
060d5c5a-1ee4-4ba3-9474-d767740da7cf,2000-05-12,,999-10-2884,S99938940,,Mr.,Tristan,Äimänen,,,,white,nonhispanic,M,Espoo  Uusimaa  FI,834 Varjo Katu Apt 14,Helsinki,Uusimaa,Helsinki,00400,60.24859962393886,25.072217748288846,4138.61,0.0
3a9f3de4-d07a-43d5-a8d1-a3e03dfdb169,2001-06-28,,999-57-3787,S99916062,,Mr.,Reh,Nauha,,,,white,nonhispanic,M,Helsinki  Uusimaa  FI,903 Vehmaa Katu,Helsinki,Uusimaa,Helsinki,00850,60.21608420910146,24.83783964676902,3520.61,0.0
fe219fac-79d8-48e5-a849-c7837db5439b,1924-03-28,1997-12-12,999-76-3646,S99999709,X57476260X,Mr.,Gustaf,Rinneheimo,,,S,white,nonhispanic,M,Kirkkonummi  Uusimaa  FI,734 Jokiperä Katu Unit 51,Helsinki,Uusimaa,Helsinki,00590,60.1748735488977,24.854355445930526,10033.96,0.0
8fcbebd7-5c5a-45e3-ac8c-9868d8d0a7bd,1935-08-01,,999-24-6205,S99964603,X75782845X,Mr.,Juuso-Petteri,Björkberg,,,M,white,nonhispanic,M,Vantaa  Uusimaa  FI,565 Lujanen Katu,Espoo,Uusimaa,Espoo,02250,60.21623123681675,24.686496438588215,11063.29,0.0
13de8c9d-949c-4cdf-8d8f-9f4ae1f6aa71,1965-05-18,,999-53-5977,S99946306,X89620653X,Mrs.,Ija,Vääri,,Eira,M,white,nonhispanic,F,Helsinki  Uusimaa  FI,416 Luolamo Katu Suite 63,Espoo,Uusimaa,Espoo,02970,60.19670100433057,24.73546519609069,6041.11,0.0
3ecc5cae-fe52-4875-a066-152fc8c9e098,1948-09-01,2009-12-20,999-60-1595,S99958851,X67731945X,Mrs.,Madeleine,Paasilinna,,Jehkonen,M,white,nonhispanic,F,Helsinki  Uusimaa  FI,848 Blomvall Katu Suite 87,Vantaa,Uusimaa,Vantaa,01630,60.245523118950864,24.772245433796964,7404.1,0.0
92b8b4a0-9704-45e1-9527-0f43e4c8a55b,1946-02-19,,999-14-9891,S99947201,X10467024X,Mr.,Ove,Holpainen,,,M,white,nonhispanic,M,Helsinki  Uusimaa  FI,126 Haapakka Katu Apt 32,Helsinki,Uusimaa,Helsinki,00400,60.248764144043996,25.062703775151697,9310.69,0.0
0bfcb413-d1b3-4f93-b592-c3cbc81e5756,1924-03-28,,999-79-3462,S99935627,X41224706X,Mr.,Jari-Petri,Kaartovuori,,,M,white,nonhispanic,M,Espoo  Uusimaa  FI,632 Lehtovaara Katu,Helsinki,Uusimaa,Helsinki,00850,60.278353371187585,24.893086460817756,12579.84,0.0
8fc6a85c-8662-48de-89dd-5d97d02f0bee,1948-09-01,,999-78-1817,S99918117,X82768202X,Mrs.,Ewa,Jurvainen,,Marjatsalo,M,white,nonhispanic,F,Järvenpää  Uusimaa  FI,647 Kiiltomäki Katu Unit 14,Vantaa,Uusimaa,Vantaa,01700,60.25288795046247,25.03420640392946,8429.97,0.0
