PATIENT,START_YEAR,END_YEAR,PAYER,OWNERSHIP
38c3d13b-10fc-43b7-b5c2-edf425dcbd54,2001,2019,e15e7b92-f376-374f-9285-2f59a38ad823,Guardian
78f61d16-7aa3-4ff1-8fa1-bd1761276b24,1995,2013,e15e7b92-f376-374f-9285-2f59a38ad823,Guardian
1069d247-c2d0-4b51-b3aa-32b54026440d,1959,1977,e15e7b92-f376-374f-9285-2f59a38ad823,Guardian
3813ba61-a423-4e93-8d54-1a8d74941578,1966,1984,e15e7b92-f376-374f-9285-2f59a38ad823,Guardian
7e8223c7-fa33-48d9-bbe2-19d4aec38299,1962,1980,e15e7b92-f376-374f-9285-2f59a38ad823,Guardian
0622e9b2-f492-4ddc-a7b4-2953a5bfef16,1961,1979,e15e7b92-f376-374f-9285-2f59a38ad823,Guardian
173210d6-cef0-45f4-bb0a-405e272e10d9,1955,1973,e15e7b92-f376-374f-9285-2f59a38ad823,Guardian
a44ab89f-40eb-40c7-b5d6-8f2f565cad38,1962,1980,e15e7b92-f376-374f-9285-2f59a38ad823,Guardian
bf1263c8-3e7e-403f-a6e9-6aeb71c31e94,1997,2015,e15e7b92-f376-374f-9285-2f59a38ad823,Guardian
3257fd5a-b68f-4a3a-adec-2b9f0619bc2f,1986,2004,e15e7b92-f376-374f-9285-2f59a38ad823,Guardian
078f81a8-d986-467f-9e1d-5e2065526f73,1989,2007,e15e7b92-f376-374f-9285-2f59a38ad823,Guardian
6789afb5-7357-43a0-bf82-ac3ed10ca08d,1972,1990,e15e7b92-f376-374f-9285-2f59a38ad823,Guardian
78e564c4-c5e2-4f99-bb3b-88a45ceb224f,1940,1958,e15e7b92-f376-374f-9285-2f59a38ad823,Guardian
0a7337a4-c897-45a2-b7a4-212693a30995,1961,1979,e15e7b92-f376-374f-9285-2f59a38ad823,Guardian
554aac9d-f755-4bed-98ac-27fa10606e27,1989,2007,e15e7b92-f376-374f-9285-2f59a38ad823,Guardian
6841f9f8-455a-4860-aebb-74ce4ff2d968,1924,1942,e15e7b92-f376-374f-9285-2f59a38ad823,Guardian
6841f9f8-455a-4860-aebb-74ce4ff2d968,1943,1991,e15e7b92-f376-374f-9285-2f59a38ad823,Self
0d1da049-0e2e-438b-9813-76bebf6b94f3,1989,2007,e15e7b92-f376-374f-9285-2f59a38ad823,Guardian
038d29a5-5cb8-40dd-b1c5-6066790ab4fb,1983,2001,e15e7b92-f376-374f-9285-2f59a38ad823,Guardian
31a57aca-925f-4f24-a57c-66bff3734333,1946,1964,e15e7b92-f376-374f-9285-2f59a38ad823,Guardian
8efddc4d-2cb6-40e1-9c15-9dd590a2dd4d,1993,2011,e15e7b92-f376-374f-9285-2f59a38ad823,Guardian
63c322ea-4a7d-430e-b345-7aefc78f4b53,1955,1973,e15e7b92-f376-374f-9285-2f59a38ad823,Guardian
57764acb-a2e0-4094-b1a6-83983b973cc5,1953,1971,e15e7b92-f376-374f-9285-2f59a38ad823,Guardian
9345b067-32b7-4aa5-8dfb-c4afa0080610,1965,1983,e15e7b92-f376-374f-9285-2f59a38ad823,Guardian
6f437c11-c92e-4a84-bc3c-86cf60580727,1966,1984,e15e7b92-f376-374f-9285-2f59a38ad823,Guardian
7cddb477-092b-419d-b4b7-7a3980d596df,1952,1970,e15e7b92-f376-374f-9285-2f59a38ad823,Guardian
61cad935-749a-4bda-946f-11a4b271eb91,1986,2004,e15e7b92-f376-374f-9285-2f59a38ad823,Guardian
098ad43a-2246-41b1-9caf-1cf2133f6c73,1924,1942,e15e7b92-f376-374f-9285-2f59a38ad823,Guardian
098ad43a-2246-41b1-9caf-1cf2133f6c73,1943,2016,e15e7b92-f376-374f-9285-2f59a38ad823,Self
8ec5d154-9d0b-4b79-9f7c-7276a8c65185,1941,1959,e15e7b92-f376-374f-9285-2f59a38ad823,Guardian
82707260-33cb-4127-866e-2bbab8c67913,1951,1969,e15e7b92-f376-374f-9285-2f59a38ad823,Guardian
89200ee1-6f6a-4f1e-98e4-ae3be576c7d2,2001,2019,e15e7b92-f376-374f-9285-2f59a38ad823,Guardian
1a92dcc0-41c5-4c30-89ef-c14a3557827c,2001,2019,e15e7b92-f376-374f-9285-2f59a38ad823,Guardian
9d48a208-6b2f-46e8-acd0-abbca8f72400,1957,1975,e15e7b92-f376-374f-9285-2f59a38ad823,Guardian
edd63f48-f961-4d30-a64a-51adc3ff5dcf,1999,2017,e15e7b92-f376-374f-9285-2f59a38ad823,Guardian
de88688d-5a84-4a90-939a-545de696e6f9,1994,2012,e15e7b92-f376-374f-9285-2f59a38ad823,Guardian
eaede75d-cf9c-42bd-ba1e-ea37e1ee5205,1990,2008,e15e7b92-f376-374f-9285-2f59a38ad823,Guardian
80083dd7-4ee0-4d96-b13c-b08bf3f80e8d,1980,1998,e15e7b92-f376-374f-9285-2f59a38ad823,Guardian
3322ff86-3b43-44ab-9dc4-c181eb99cbaf,1974,1992,e15e7b92-f376-374f-9285-2f59a38ad823,Guardian
1ebb0155-3860-467f-9ff3-dd4a059a9f15,1982,2000,e15e7b92-f376-374f-9285-2f59a38ad823,Guardian
46bfc78b-1b7d-4066-9c33-31df717fe3f1,1924,1942,e15e7b92-f376-374f-9285-2f59a38ad823,Guardian
46bfc78b-1b7d-4066-9c33-31df717fe3f1,1943,1992,e15e7b92-f376-374f-9285-2f59a38ad823,Self
8377b903-c1c0-42ec-bfa0-42d0ab80f4a0,1966,1984,e15e7b92-f376-374f-9285-2f59a38ad823,Guardian
efd5994e-4abb-4d4a-a7f0-97cb9fccea1f,1954,1972,e15e7b92-f376-374f-9285-2f59a38ad823,Guardian
365fbf6c-3530-42e1-8c5c-f4b7c9827c66,1969,1987,e15e7b92-f376-374f-9285-2f59a38ad823,Guardian
5a246261-1a47-4566-be29-8c564ff9218d,1965,1983,e15e7b92-f376-374f-9285-2f59a38ad823,Guardian
1406c9b8-bdff-447f-a868-877ecc844800,1997,2015,e15e7b92-f376-374f-9285-2f59a38ad823,Guardian
d13ce295-76c1-45ea-8c06-0c0aa54a5476,1965,1983,e15e7b92-f376-374f-9285-2f59a38ad823,Guardian
84b8247f-1958-4161-bd6e-06a3ec416ad5,1936,1954,e15e7b92-f376-374f-9285-2f59a38ad823,Guardian
dc486ce2-a6ce-4e00-8e46-ff86542176ce,1957,1975,e15e7b92-f376-374f-9285-2f59a38ad823,Guardian
52c3252a-3bb7-4427-8a7e-40d1d7aeac7a,1946,1964,e15e7b92-f376-374f-9285-2f59a38ad823,Guardian
e28d701b-0bea-4175-9be0-4b767601b700,1981,1999,e15e7b92-f376-374f-9285-2f59a38ad823,Guardian
2480fa0f-a7cb-4d3f-9a95-989942d63cd6,1954,1972,e15e7b92-f376-374f-9285-2f59a38ad823,Guardian
252423e2-3c4d-4815-b924-4cd7972616ea,2000,2018,e15e7b92-f376-374f-9285-2f59a38ad823,Guardian
697240a1-565c-4a57-acc2-1fbc280d8dd2,1924,1942,e15e7b92-f376-374f-9285-2f59a38ad823,Guardian
768b209b-471d-4d73-bfca-25442baf07fc,1988,2006,e15e7b92-f376-374f-9285-2f59a38ad823,Guardian
d31174dd-297b-4d83-bef3-4265d1c32770,1970,1988,e15e7b92-f376-374f-9285-2f59a38ad823,Guardian
ff9d18b9-4796-4826-9002-6702ca1fb5de,1944,1962,e15e7b92-f376-374f-9285-2f59a38ad823,Guardian
799600dd-cc3d-495c-b796-f23127ab9242,1996,2014,e15e7b92-f376-374f-9285-2f59a38ad823,Guardian
5c22a040-0e26-43cc-b84c-a9264481149d,1990,2008,e15e7b92-f376-374f-9285-2f59a38ad823,Guardian
40f3a4d5-b4da-455b-a342-a0c067a0235c,1985,2003,e15e7b92-f376-374f-9285-2f59a38ad823,Guardian
c7a0b711-8f1e-4e9b-b0b2-0e1842505e40,1972,1990,e15e7b92-f376-374f-9285-2f59a38ad823,Guardian
363e6c3c-8c7a-43df-946d-470e3c8d1c98,1938,1956,e15e7b92-f376-374f-9285-2f59a38ad823,Guardian
313ccb28-e5c3-48a6-a933-f22eb0dd22ab,1964,1982,e15e7b92-f376-374f-9285-2f59a38ad823,Guardian
3b60eace-a44a-4e69-bbe6-6dced94d5f4c,1959,1977,e15e7b92-f376-374f-9285-2f59a38ad823,Guardian
2846e6a3-595e-4d90-92d9-5715e2637519,1957,1975,e15e7b92-f376-374f-9285-2f59a38ad823,Guardian
d0d13230-3ab7-4428-8092-3453b5f26ad0,1988,2006,e15e7b92-f376-374f-9285-2f59a38ad823,Guardian
fe1ed84f-0615-4c84-82ae-b6bef25c597c,1947,1965,e15e7b92-f376-374f-9285-2f59a38ad823,Guardian
07c49858-e86d-4d69-9e19-405096100750,1924,1942,e15e7b92-f376-374f-9285-2f59a38ad823,Guardian
07c49858-e86d-4d69-9e19-405096100750,1943,2008,e15e7b92-f376-374f-9285-2f59a38ad823,Self
678af75d-ec05-4aad-a1fa-0b4714c389cc,1991,2009,e15e7b92-f376-374f-9285-2f59a38ad823,Guardian
3d8bea9c-200b-41e9-8be0-295f5ceb5082,1993,2011,e15e7b92-f376-374f-9285-2f59a38ad823,Guardian
e2f99b15-9f58-42ef-822c-168ff130fce0,1995,2013,e15e7b92-f376-374f-9285-2f59a38ad823,Guardian
f008204c-c0e0-454c-a2b3-3be2a8df3365,1910,1928,e15e7b92-f376-374f-9285-2f59a38ad823,Guardian
138a2a95-00bc-4488-bd1b-4445e8f01c06,1973,1991,e15e7b92-f376-374f-9285-2f59a38ad823,Guardian
50217c6c-30c9-4806-938e-299c00e6e1db,1950,1968,e15e7b92-f376-374f-9285-2f59a38ad823,Guardian
1e61a523-27dd-4cbe-8c34-48bc5ffae0f0,1941,1959,e15e7b92-f376-374f-9285-2f59a38ad823,Guardian
c6d5474a-bf92-4825-b854-10b418c50f8b,1989,2007,e15e7b92-f376-374f-9285-2f59a38ad823,Guardian
9614ec55-748d-46d3-88bd-a5f2f9536f12,1966,1984,e15e7b92-f376-374f-9285-2f59a38ad823,Guardian
2954c798-473a-4618-bae0-196171b38a29,1975,1993,e15e7b92-f376-374f-9285-2f59a38ad823,Guardian
060d5c5a-1ee4-4ba3-9474-d767740da7cf,2000,2018,e15e7b92-f376-374f-9285-2f59a38ad823,Guardian
3a9f3de4-d07a-43d5-a8d1-a3e03dfdb169,2001,2019,e15e7b92-f376-374f-9285-2f59a38ad823,Guardian
fe219fac-79d8-48e5-a849-c7837db5439b,1924,1942,e15e7b92-f376-374f-9285-2f59a38ad823,Guardian
fe219fac-79d8-48e5-a849-c7837db5439b,1943,1997,e15e7b92-f376-374f-9285-2f59a38ad823,Self
8fcbebd7-5c5a-45e3-ac8c-9868d8d0a7bd,1935,1953,e15e7b92-f376-374f-9285-2f59a38ad823,Guardian
13de8c9d-949c-4cdf-8d8f-9f4ae1f6aa71,1965,1983,e15e7b92-f376-374f-9285-2f59a38ad823,Guardian
3ecc5cae-fe52-4875-a066-152fc8c9e098,1948,1966,e15e7b92-f376-374f-9285-2f59a38ad823,Guardian
3ecc5cae-fe52-4875-a066-152fc8c9e098,1967,2009,e15e7b92-f376-374f-9285-2f59a38ad823,Self
92b8b4a0-9704-45e1-9527-0f43e4c8a55b,1946,1964,e15e7b92-f376-374f-9285-2f59a38ad823,Guardian
0bfcb413-d1b3-4f93-b592-c3cbc81e5756,1924,1942,e15e7b92-f376-374f-9285-2f59a38ad823,Guardian
8fc6a85c-8662-48de-89dd-5d97d02f0bee,1948,1966,e15e7b92-f376-374f-9285-2f59a38ad823,Guardian
