DATE,PATIENT,ENCOUNTER,CODE,DESCRIPTION,BASE_COST,REASONCODE,REASONDESCRIPTION
2012-08-04,38c3d13b-10fc-43b7-b5c2-edf425dcbd54,d994677e-b599-4b92-81bb-d2f14c223ccb,288086009,Suture open wound,6269.47,283371005,Laceration of forearm
2010-12-12,3813ba61-a423-4e93-8d54-1a8d74941578,4a0550b9-a174-4636-9f94-5648789052ff,288086009,Suture open wound,10022.83,370247008,Facial laceration
2012-02-11,0622e9b2-f492-4ddc-a7b4-2953a5bfef16,2d982b7b-1e8e-4dcd-8431-86acc57a308c,74016001,Knee X-ray,500.00,,
2012-02-18,0622e9b2-f492-4ddc-a7b4-2953a5bfef16,75617d95-28e5-48df-b5e4-a5c7b1ac04c1,699253003,Surgical manipulation of joint of knee,27224.20,444470001,Injury of anterior cruciate ligament
2015-10-31,0622e9b2-f492-4ddc-a7b4-2953a5bfef16,e96ea6da-6723-44b6-a821-a61e962ce2a4,40701008,Echocardiography (procedure),1469.23,230690007,Stroke
2015-10-31,0622e9b2-f492-4ddc-a7b4-2953a5bfef16,e96ea6da-6723-44b6-a821-a61e962ce2a4,433112001,Percutaneous mechanical thrombectomy of portal vein using fluoroscopic guidance,18648.86,230690007,Stroke
2010-11-05,3399bb83-5602-4663-a7c8-d0a5a26d5b5e,678b74a9-97fa-4a85-b833-910d93f6d042,288086009,Suture open wound,8677.13,283385000,Laceration of thigh
2010-11-05,3399bb83-5602-4663-a7c8-d0a5a26d5b5e,678b74a9-97fa-4a85-b833-910d93f6d042,384700001,Injection of tetanus antitoxin,2233.58,283385000,Laceration of thigh
2019-05-23,6c4a562b-37b7-4e4d-a939-d7f71e3e5a6f,05c27fd6-8af6-4e76-a5ce-a2322d5857ba,288086009,Suture open wound,14197.44,370247008,Facial laceration
2011-03-05,78e564c4-c5e2-4f99-bb3b-88a45ceb224f,64505e21-2e47-4522-bed3-2ae218209e0d,60027007,X-ray or wrist,500.00,,
2011-03-05,78e564c4-c5e2-4f99-bb3b-88a45ceb224f,64505e21-2e47-4522-bed3-2ae218209e0d,274474001,Bone immobilization,500.00,263102004,Fracture subluxation of wrist
2011-03-05,78e564c4-c5e2-4f99-bb3b-88a45ceb224f,64505e21-2e47-4522-bed3-2ae218209e0d,312681000,Bone density scan (procedure),9007.78,263102004,Fracture subluxation of wrist
1991-11-01,6841f9f8-455a-4860-aebb-74ce4ff2d968,ede7246b-6fb5-4ea2-adf1-1287b1777c90,40701008,Echocardiography (procedure),1177.71,230690007,Stroke
1991-11-01,6841f9f8-455a-4860-aebb-74ce4ff2d968,ede7246b-6fb5-4ea2-adf1-1287b1777c90,433112001,Percutaneous mechanical thrombectomy of portal vein using fluoroscopic guidance,26869.26,230690007,Stroke
2017-07-26,038d29a5-5cb8-40dd-b1c5-6066790ab4fb,801a2199-2a65-41eb-90b2-b83a325f7129,74016001,Knee X-ray,500.00,,
2017-08-02,038d29a5-5cb8-40dd-b1c5-6066790ab4fb,7792850c-b311-4005-bbc4-b55d2a05c75c,699253003,Surgical manipulation of joint of knee,16963.15,444448004,Injury of medial collateral ligament of knee
2017-06-12,63c322ea-4a7d-430e-b345-7aefc78f4b53,b8bb3303-9b67-4888-957f-e45e98630b81,288086009,Suture open wound,8442.56,284549007,Laceration of hand
2017-06-12,63c322ea-4a7d-430e-b345-7aefc78f4b53,b8bb3303-9b67-4888-957f-e45e98630b81,384700001,Injection of tetanus antitoxin,4739.02,284549007,Laceration of hand
2016-05-27,098ad43a-2246-41b1-9caf-1cf2133f6c73,cbe6744c-fba0-4bdd-a889-b5042aecadc9,40701008,Echocardiography (procedure),627.71,22298006,Myocardial Infarction
2016-05-27,098ad43a-2246-41b1-9caf-1cf2133f6c73,cbe6744c-fba0-4bdd-a889-b5042aecadc9,415070008,Percutaneous coronary intervention,18124.49,22298006,Myocardial Infarction
2016-05-27,098ad43a-2246-41b1-9caf-1cf2133f6c73,cbe6744c-fba0-4bdd-a889-b5042aecadc9,232717009,Coronary artery bypass grafting,41211.19,22298006,Myocardial Infarction
2019-09-23,8ec5d154-9d0b-4b79-9f7c-7276a8c65185,d4bc7c48-88f0-464c-81f8-8b3dca071597,288086009,Suture open wound,10032.35,370247008,Facial laceration
2018-07-13,bc0add3c-427a-4602-8de5-58615532db90,d38d3694-4051-4650-95d6-47103a80a4a3,288086009,Suture open wound,6597.55,283385000,Laceration of thigh
2018-12-29,82707260-33cb-4127-866e-2bbab8c67913,1dabf2df-7039-42c8-8c6e-bf18c8e8a557,19490002,Ankle X-ray,500.00,,
2018-12-29,82707260-33cb-4127-866e-2bbab8c67913,1dabf2df-7039-42c8-8c6e-bf18c8e8a557,274474001,Bone immobilization,500.00,16114001,Fracture of ankle
2018-12-29,82707260-33cb-4127-866e-2bbab8c67913,1dabf2df-7039-42c8-8c6e-bf18c8e8a557,312681000,Bone density scan (procedure),7257.59,16114001,Fracture of ankle
2016-04-21,1a92dcc0-41c5-4c30-89ef-c14a3557827c,1475e37d-543c-4d9a-a3aa-9b28a7b2d36b,288086009,Suture open wound,10352.64,284551006,Laceration of foot
2016-04-21,1a92dcc0-41c5-4c30-89ef-c14a3557827c,1475e37d-543c-4d9a-a3aa-9b28a7b2d36b,384700001,Injection of tetanus antitoxin,2611.30,284551006,Laceration of foot
2011-09-22,9d48a208-6b2f-46e8-acd0-abbca8f72400,47445630-405f-48b1-b7be-8f006e79b2ad,288086009,Suture open wound,14862.12,284551006,Laceration of foot
2010-08-31,edd63f48-f961-4d30-a64a-51adc3ff5dcf,6d37fa79-10d4-499f-bb3f-674005480a68,1225002,Upper arm X-ray,500.00,,
2010-08-31,edd63f48-f961-4d30-a64a-51adc3ff5dcf,6d37fa79-10d4-499f-bb3f-674005480a68,274474001,Bone immobilization,500.00,65966004,Fracture of forearm
2012-07-01,80083dd7-4ee0-4d96-b13c-b08bf3f80e8d,c6b96fc3-db31-4dc2-9c0c-e937029e2ca4,288086009,Suture open wound,13532.14,370247008,Facial laceration
2016-09-13,1ebb0155-3860-467f-9ff3-dd4a059a9f15,7a82a82a-3f9f-4202-a4fc-021bea12618d,288086009,Suture open wound,10189.88,283385000,Laceration of thigh
2019-07-14,1ebb0155-3860-467f-9ff3-dd4a059a9f15,bc7fde20-8a95-4520-a1d2-2e7481542a4d,74016001,Knee X-ray,500.00,,
2019-07-21,1ebb0155-3860-467f-9ff3-dd4a059a9f15,b1aef940-5cc8-49e8-bae5-08c4608f87bd,699253003,Surgical manipulation of joint of knee,29942.65,444448004,Injury of medial collateral ligament of knee
1983-01-26,46bfc78b-1b7d-4066-9c33-31df717fe3f1,5bc3b451-6678-4561-9ca2-7fc0ed5b8f45,288086009,Suture open wound,12058.55,370247008,Facial laceration
1988-10-24,46bfc78b-1b7d-4066-9c33-31df717fe3f1,47415efe-1d77-4d80-8cc3-64c7adbc3a9e,387685009,Surgical manipulation of shoulder joint,17571.16,307731004,Injury of tendon of the rotator cuff of shoulder
1992-06-26,46bfc78b-1b7d-4066-9c33-31df717fe3f1,dd5cbaa7-cecb-49b4-9207-cdc7d857f9b6,40701008,Echocardiography (procedure),1181.32,230690007,Stroke
1992-06-26,46bfc78b-1b7d-4066-9c33-31df717fe3f1,dd5cbaa7-cecb-49b4-9207-cdc7d857f9b6,433112001,Percutaneous mechanical thrombectomy of portal vein using fluoroscopic guidance,30386.93,230690007,Stroke
2016-08-07,8377b903-c1c0-42ec-bfa0-42d0ab80f4a0,127d1300-d973-42ef-bd92-12af8ce0b4e1,1225002,Upper arm X-ray,500.00,,
2016-08-07,8377b903-c1c0-42ec-bfa0-42d0ab80f4a0,127d1300-d973-42ef-bd92-12af8ce0b4e1,274474001,Bone immobilization,500.00,65966004,Fracture of forearm
2018-10-10,365fbf6c-3530-42e1-8c5c-f4b7c9827c66,04a4b223-cc13-4954-85ea-03f79dc36d9f,288086009,Suture open wound,12458.03,284549007,Laceration of hand
2010-04-28,5a246261-1a47-4566-be29-8c564ff9218d,246f03e2-05d3-4b32-a2b5-32ed823d6602,74016001,Knee X-ray,500.00,,
2012-06-16,5a246261-1a47-4566-be29-8c564ff9218d,172faa07-86e3-4bff-b84c-08f45a36a627,288086009,Suture open wound,9710.83,370247008,Facial laceration
2014-12-26,88e757e0-0fce-43d5-85ba-e778ba814059,ee68e025-837d-4fe5-94cb-f74f5932398e,60027007,X-ray or wrist,500.00,,
2014-12-26,88e757e0-0fce-43d5-85ba-e778ba814059,ee68e025-837d-4fe5-94cb-f74f5932398e,274474001,Bone immobilization,500.00,263102004,Fracture subluxation of wrist
2014-12-26,88e757e0-0fce-43d5-85ba-e778ba814059,ee68e025-837d-4fe5-94cb-f74f5932398e,312681000,Bone density scan (procedure),7681.68,263102004,Fracture subluxation of wrist
2016-01-18,252423e2-3c4d-4815-b924-4cd7972616ea,dc9d1eb3-e1fc-4c4e-bca4-29c275182b15,288086009,Suture open wound,15612.46,283385000,Laceration of thigh
2006-09-29,697240a1-565c-4a57-acc2-1fbc280d8dd2,f8f079a3-faa4-4334-b91e-3b02f784a7c9,180325003,Electrical cardioversion,42401.67,49436004,Atrial Fibrillation
2007-10-05,697240a1-565c-4a57-acc2-1fbc280d8dd2,6e55a06d-c93a-4f97-a94b-97f09102891c,180325003,Electrical cardioversion,16273.78,49436004,Atrial Fibrillation
2008-10-10,697240a1-565c-4a57-acc2-1fbc280d8dd2,67319689-d62f-4ef0-a61f-b037f56499b3,18286008,Catheter ablation of tissue of heart,12074.76,49436004,Atrial Fibrillation
2009-10-16,697240a1-565c-4a57-acc2-1fbc280d8dd2,fecee097-d040-400e-85d7-da41285c8b07,180325003,Electrical cardioversion,41575.77,49436004,Atrial Fibrillation
2010-10-22,697240a1-565c-4a57-acc2-1fbc280d8dd2,e567472c-7681-406c-838e-1a59fafc4ccd,180325003,Electrical cardioversion,17711.89,49436004,Atrial Fibrillation
2011-10-28,697240a1-565c-4a57-acc2-1fbc280d8dd2,2546a348-df06-418b-a83e-c3e8776e5a07,180325003,Electrical cardioversion,21454.41,49436004,Atrial Fibrillation
2012-11-02,697240a1-565c-4a57-acc2-1fbc280d8dd2,1668361b-4c23-40ac-a1e1-468e29261557,180325003,Electrical cardioversion,30599.38,49436004,Atrial Fibrillation
2013-11-08,697240a1-565c-4a57-acc2-1fbc280d8dd2,95a81ff8-520f-49fd-b7af-2240421945fa,180325003,Electrical cardioversion,28325.32,49436004,Atrial Fibrillation
2014-07-04,697240a1-565c-4a57-acc2-1fbc280d8dd2,cef2430c-b856-4430-95ac-41bc4d29c807,1225002,Upper arm X-ray,500.00,,
2014-07-04,697240a1-565c-4a57-acc2-1fbc280d8dd2,cef2430c-b856-4430-95ac-41bc4d29c807,274474001,Bone immobilization,500.00,65966004,Fracture of forearm
2014-07-04,697240a1-565c-4a57-acc2-1fbc280d8dd2,cef2430c-b856-4430-95ac-41bc4d29c807,312681000,Bone density scan (procedure),8825.75,65966004,Fracture of forearm
2014-11-14,697240a1-565c-4a57-acc2-1fbc280d8dd2,ca025004-8615-4510-b0d2-b08c805ef639,180325003,Electrical cardioversion,21783.17,49436004,Atrial Fibrillation
2015-06-29,697240a1-565c-4a57-acc2-1fbc280d8dd2,060ca273-5a2d-452d-b920-e093df1dc6cd,399208008,Chest X-ray,9249.03,,
2015-06-29,697240a1-565c-4a57-acc2-1fbc280d8dd2,060ca273-5a2d-452d-b920-e093df1dc6cd,274474001,Bone immobilization,500.00,33737001,Fracture of rib
2015-06-29,697240a1-565c-4a57-acc2-1fbc280d8dd2,060ca273-5a2d-452d-b920-e093df1dc6cd,312681000,Bone density scan (procedure),8619.43,33737001,Fracture of rib
2015-11-20,697240a1-565c-4a57-acc2-1fbc280d8dd2,338225bb-94ce-43c3-8f7f-e1ebd04dd7b7,180325003,Electrical cardioversion,31377.08,49436004,Atrial Fibrillation
2015-12-25,697240a1-565c-4a57-acc2-1fbc280d8dd2,bef1a56d-d07a-4ecc-8809-6b6233d6d880,40701008,Echocardiography (procedure),868.07,230690007,Stroke
2015-12-25,697240a1-565c-4a57-acc2-1fbc280d8dd2,bef1a56d-d07a-4ecc-8809-6b6233d6d880,433112001,Percutaneous mechanical thrombectomy of portal vein using fluoroscopic guidance,30688.78,230690007,Stroke
2011-11-09,768b209b-471d-4d73-bfca-25442baf07fc,db8a6422-1928-42f1-8ef0-16aeea78c611,288086009,Suture open wound,8688.12,370247008,Facial laceration
2018-04-27,768b209b-471d-4d73-bfca-25442baf07fc,7b23fa7a-f1ae-49eb-a70f-e413f2fb5bf1,288086009,Suture open wound,9692.41,284549007,Laceration of hand
2010-07-13,ff9d18b9-4796-4826-9002-6702ca1fb5de,484c1612-d34f-40c1-8886-7871752d28d8,40701008,Echocardiography (procedure),1347.34,230690007,Stroke
2010-07-13,ff9d18b9-4796-4826-9002-6702ca1fb5de,484c1612-d34f-40c1-8886-7871752d28d8,433112001,Percutaneous mechanical thrombectomy of portal vein using fluoroscopic guidance,23862.53,230690007,Stroke
2013-11-14,799600dd-cc3d-495c-b796-f23127ab9242,c13c2442-8594-40cc-9e40-46e92ab1d8e6,168594001,Clavicle X-ray,500.00,,
2013-11-14,799600dd-cc3d-495c-b796-f23127ab9242,c13c2442-8594-40cc-9e40-46e92ab1d8e6,305428000,Admission to orthopedic department,500.00,58150001,Fracture of clavicle
2013-10-24,5c22a040-0e26-43cc-b84c-a9264481149d,dc357f8d-70bc-4168-a9ce-e10f67ec5a31,74016001,Knee X-ray,500.00,,
2013-10-31,5c22a040-0e26-43cc-b84c-a9264481149d,4dee79b1-a99e-4280-8ec3-967f4f5cc155,699253003,Surgical manipulation of joint of knee,17654.20,444448004,Injury of medial collateral ligament of knee
2010-04-03,b6a10980-25ae-4d53-8096-258d1d91db02,622c4031-f9b9-405e-94db-341f5a41d3b2,19490002,Ankle X-ray,500.00,,
2010-04-03,b6a10980-25ae-4d53-8096-258d1d91db02,622c4031-f9b9-405e-94db-341f5a41d3b2,274474001,Bone immobilization,500.00,16114001,Fracture of ankle
2013-05-17,b6a10980-25ae-4d53-8096-258d1d91db02,637f6548-8f14-4821-8d47-91eb5d91e682,288086009,Suture open wound,6634.77,284551006,Laceration of foot
2012-01-17,40f3a4d5-b4da-455b-a342-a0c067a0235c,77dd7481-d9ad-45bc-bd3a-97a98f0f070a,288086009,Suture open wound,5500.10,284549007,Laceration of hand
2014-02-11,363e6c3c-8c7a-43df-946d-470e3c8d1c98,1431f312-8d4e-4d55-959d-ba7cb403ba55,74016001,Knee X-ray,500.00,,
2014-02-18,363e6c3c-8c7a-43df-946d-470e3c8d1c98,9cdb478d-28c1-4ec5-8d74-c8066836bcec,699253003,Surgical manipulation of joint of knee,16955.04,444470001,Injury of anterior cruciate ligament
2018-08-24,3b60eace-a44a-4e69-bbe6-6dced94d5f4c,453bc23f-158a-454c-9bdb-53acaa7bb063,288086009,Suture open wound,10049.77,283371005,Laceration of forearm
2018-08-17,2846e6a3-595e-4d90-92d9-5715e2637519,822d6640-cbbe-424f-9a7e-317318be6b97,288086009,Suture open wound,12886.45,284549007,Laceration of hand
2018-08-17,2846e6a3-595e-4d90-92d9-5715e2637519,822d6640-cbbe-424f-9a7e-317318be6b97,384700001,Injection of tetanus antitoxin,3314.02,284549007,Laceration of hand
2017-12-22,6d3e9892-2b47-4a12-a2b3-0fcea1da13e7,5dea354d-048c-4e23-a6c0-fcf67cd4e135,1225002,Upper arm X-ray,500.00,,
2017-12-22,6d3e9892-2b47-4a12-a2b3-0fcea1da13e7,5dea354d-048c-4e23-a6c0-fcf67cd4e135,274474001,Bone immobilization,500.00,65966004,Fracture of forearm
2019-01-24,fe1ed84f-0615-4c84-82ae-b6bef25c597c,cf961c58-23a5-4282-8672-526bc6317915,288086009,Suture open wound,8587.42,284551006,Laceration of foot
2008-04-18,07c49858-e86d-4d69-9e19-405096100750,39a64c4c-01ff-4ca3-90c1-46a54e4014f3,40701008,Echocardiography (procedure),1429.95,230690007,Stroke
2008-04-18,07c49858-e86d-4d69-9e19-405096100750,39a64c4c-01ff-4ca3-90c1-46a54e4014f3,433112001,Percutaneous mechanical thrombectomy of portal vein using fluoroscopic guidance,25726.80,230690007,Stroke
2010-08-28,367ab981-199d-4b56-b14c-7cfb74b191b2,279ad364-5dca-4429-a8cf-c6fa17ff273d,1225002,Upper arm X-ray,500.00,,
2010-08-28,367ab981-199d-4b56-b14c-7cfb74b191b2,279ad364-5dca-4429-a8cf-c6fa17ff273d,274474001,Bone immobilization,500.00,65966004,Fracture of forearm
2010-06-02,f008204c-c0e0-454c-a2b3-3be2a8df3365,91a483f6-3093-411d-ae1f-2ac168ec5d46,180325003,Electrical cardioversion,28524.02,49436004,Atrial Fibrillation
2011-06-08,f008204c-c0e0-454c-a2b3-3be2a8df3365,59dac103-a574-4f93-95c4-9a41d40f6f91,18286008,Catheter ablation of tissue of heart,5333.81,49436004,Atrial Fibrillation
2012-06-13,f008204c-c0e0-454c-a2b3-3be2a8df3365,e4d9907d-1c32-4749-b5a2-bb396c7699f8,18286008,Catheter ablation of tissue of heart,8848.69,49436004,Atrial Fibrillation
2013-06-19,f008204c-c0e0-454c-a2b3-3be2a8df3365,46af340d-c2d6-4f42-abda-db820acc3b51,180325003,Electrical cardioversion,37788.98,49436004,Atrial Fibrillation
2014-06-25,f008204c-c0e0-454c-a2b3-3be2a8df3365,6cd722a4-1f10-4339-9c6c-829d1274e559,18286008,Catheter ablation of tissue of heart,9926.63,49436004,Atrial Fibrillation
2015-07-01,f008204c-c0e0-454c-a2b3-3be2a8df3365,67445b3b-defc-4fe2-aa0d-7f92d13b0efe,180325003,Electrical cardioversion,40788.76,49436004,Atrial Fibrillation
2016-07-06,f008204c-c0e0-454c-a2b3-3be2a8df3365,2e58ed0b-d281-4a48-a90a-c8a97d56d810,180325003,Electrical cardioversion,30483.54,49436004,Atrial Fibrillation
2017-07-12,f008204c-c0e0-454c-a2b3-3be2a8df3365,2a62f28a-5467-4961-b4b9-58e6ed4e48ca,180325003,Electrical cardioversion,26799.07,49436004,Atrial Fibrillation
2018-07-18,f008204c-c0e0-454c-a2b3-3be2a8df3365,94116a1b-3bc8-4c08-b7ff-6487aefcd292,180325003,Electrical cardioversion,34911.94,49436004,Atrial Fibrillation
2019-02-19,f008204c-c0e0-454c-a2b3-3be2a8df3365,49d0d40b-f611-40e2-ab2c-093dd5fc569c,288086009,Suture open wound,12467.53,284549007,Laceration of hand
2019-07-24,f008204c-c0e0-454c-a2b3-3be2a8df3365,b23a5160-f389-40b1-bf76-77791ccb0cc4,18286008,Catheter ablation of tissue of heart,11056.50,49436004,Atrial Fibrillation
2017-11-06,50217c6c-30c9-4806-938e-299c00e6e1db,75e95c8d-40ff-4ae1-bea8-88cf051a438b,19490002,Ankle X-ray,500.00,,
2017-11-06,50217c6c-30c9-4806-938e-299c00e6e1db,75e95c8d-40ff-4ae1-bea8-88cf051a438b,274474001,Bone immobilization,500.00,16114001,Fracture of ankle
2017-11-06,50217c6c-30c9-4806-938e-299c00e6e1db,75e95c8d-40ff-4ae1-bea8-88cf051a438b,312681000,Bone density scan (procedure),9457.30,16114001,Fracture of ankle
2019-10-20,1e61a523-27dd-4cbe-8c34-48bc5ffae0f0,c9dcd6fe-c528-4981-b1d4-150bd71217f8,40701008,Echocardiography (procedure),1298.93,230690007,Stroke
2019-10-20,1e61a523-27dd-4cbe-8c34-48bc5ffae0f0,c9dcd6fe-c528-4981-b1d4-150bd71217f8,433112001,Percutaneous mechanical thrombectomy of portal vein using fluoroscopic guidance,19577.95,230690007,Stroke
1989-08-04,fe219fac-79d8-48e5-a849-c7837db5439b,a2055737-699a-46f8-bca1-7c1a4967349a,40701008,Echocardiography (procedure),1278.60,410429000,Cardiac Arrest
1989-08-04,fe219fac-79d8-48e5-a849-c7837db5439b,a2055737-699a-46f8-bca1-7c1a4967349a,447365002,Insertion of biventricular implantable cardioverter defibrillator,35775.13,410429000,Cardiac Arrest
1989-08-04,fe219fac-79d8-48e5-a849-c7837db5439b,a2055737-699a-46f8-bca1-7c1a4967349a,18286008,Catheter ablation of tissue of heart,11558.27,410429000,Cardiac Arrest
1994-03-22,fe219fac-79d8-48e5-a849-c7837db5439b,217ba9c1-b373-439a-875b-4a0cd720fc49,399208008,Chest X-ray,7848.55,,
1994-03-22,fe219fac-79d8-48e5-a849-c7837db5439b,217ba9c1-b373-439a-875b-4a0cd720fc49,274474001,Bone immobilization,500.00,33737001,Fracture of rib
1994-03-22,fe219fac-79d8-48e5-a849-c7837db5439b,217ba9c1-b373-439a-875b-4a0cd720fc49,312681000,Bone density scan (procedure),8577.42,33737001,Fracture of rib
1997-12-12,fe219fac-79d8-48e5-a849-c7837db5439b,e51f0163-34fb-4a43-8995-979853df6b47,40701008,Echocardiography (procedure),1179.71,22298006,Myocardial Infarction
1997-12-12,fe219fac-79d8-48e5-a849-c7837db5439b,e51f0163-34fb-4a43-8995-979853df6b47,415070008,Percutaneous coronary intervention,25209.34,22298006,Myocardial Infarction
1997-12-12,fe219fac-79d8-48e5-a849-c7837db5439b,e51f0163-34fb-4a43-8995-979853df6b47,232717009,Coronary artery bypass grafting,66891.74,22298006,Myocardial Infarction
2010-12-23,8fcbebd7-5c5a-45e3-ac8c-9868d8d0a7bd,8c75520a-748f-431a-8bed-9a36e4173b87,180325003,Electrical cardioversion,31468.38,49436004,Atrial Fibrillation
2011-12-29,8fcbebd7-5c5a-45e3-ac8c-9868d8d0a7bd,02efef63-09dd-4b47-abe6-18bbb5790f0f,180325003,Electrical cardioversion,13340.71,49436004,Atrial Fibrillation
2013-01-03,8fcbebd7-5c5a-45e3-ac8c-9868d8d0a7bd,af92799c-c231-42ed-a118-f0ec7b62db6a,180325003,Electrical cardioversion,34900.89,49436004,Atrial Fibrillation
2014-01-09,8fcbebd7-5c5a-45e3-ac8c-9868d8d0a7bd,61f5cfc8-2c76-489f-95ec-fc3271e473e7,180325003,Electrical cardioversion,41900.28,49436004,Atrial Fibrillation
2015-01-15,8fcbebd7-5c5a-45e3-ac8c-9868d8d0a7bd,68fa4041-4803-425c-ae2a-a6db8a153ac3,180325003,Electrical cardioversion,30476.11,49436004,Atrial Fibrillation
2016-01-21,8fcbebd7-5c5a-45e3-ac8c-9868d8d0a7bd,116cddb7-6943-4eff-a642-3bc03d72f829,180325003,Electrical cardioversion,29599.18,49436004,Atrial Fibrillation
2017-01-26,8fcbebd7-5c5a-45e3-ac8c-9868d8d0a7bd,1c3b6fc0-af24-42ea-8dfc-303ccc0c4ca9,18286008,Catheter ablation of tissue of heart,11937.56,49436004,Atrial Fibrillation
2018-02-01,8fcbebd7-5c5a-45e3-ac8c-9868d8d0a7bd,e71cbd6f-21bb-45ed-a09f-7677c099a01c,180325003,Electrical cardioversion,34537.11,49436004,Atrial Fibrillation
2019-02-07,8fcbebd7-5c5a-45e3-ac8c-9868d8d0a7bd,ca4a1f58-0702-40d4-8dec-5536fa65e76b,180325003,Electrical cardioversion,29389.53,49436004,Atrial Fibrillation
2020-02-13,8fcbebd7-5c5a-45e3-ac8c-9868d8d0a7bd,ce8de143-153d-4ace-a7d6-b51f7a5050ed,180325003,Electrical cardioversion,26146.86,49436004,Atrial Fibrillation
2015-12-25,92b8b4a0-9704-45e1-9527-0f43e4c8a55b,dc6df804-4f85-4875-a646-3af5b7c37375,1225002,Upper arm X-ray,500.00,,
2015-12-25,92b8b4a0-9704-45e1-9527-0f43e4c8a55b,dc6df804-4f85-4875-a646-3af5b7c37375,274474001,Bone immobilization,500.00,65966004,Fracture of forearm
2015-12-25,92b8b4a0-9704-45e1-9527-0f43e4c8a55b,dc6df804-4f85-4875-a646-3af5b7c37375,312681000,Bone density scan (procedure),10373.56,65966004,Fracture of forearm
2018-02-05,0bfcb413-d1b3-4f93-b592-c3cbc81e5756,fdcd32ce-c03c-4381-805c-c36a252346f0,288086009,Suture open wound,15720.35,283385000,Laceration of thigh
