Id,ORGANIZATION,NAME,GENDER,SPECIALITY,ADDRESS,CITY,STATE,ZIP,LAT,LON,UTILIZATION
08f30817-dc72-3905-83bc-84c93ab96d43,6e3a689b-5f4c-3946-be10-180a8ba7c680,Hoang Bark,M,GENERAL PRACTICE,Nordenskiöldinkatu 20,Helsinki,18,00250,60.19244,24.92811,17
622683a1-f43c-34c1-8695-8be6c2755a18,175e90a7-2ac8-3a8e-b263-1dee1cae97e8,Otieno Wilén,M,GENERAL PRACTICE,Haartmaninkatu 4C-4E,Helsinki,18,00290,60.18916,24.90908,3
0f987194-7b8b-342a-9d01-57202bd94d36,319baef9-e8e6-3320-9e0b-7991d9c167b8,Elsa-Maija Komula,F,GENERAL PRACTICE,Haartmaninkatu 4,Helsinki,18,00290,60.189159,24.909081,55
5a2b9060-58c0-3cfd-8996-a1b68bf18dea,ecfc6f5c-d314-339d-a46c-e26b3f10e6e9,Donika Sundbäck,F,GENERAL PRACTICE,Välskärinkatu 12,Helsinki,18,00260,60.17998,24.91999,5
abfb8038-3044-3a4e-b578-a16663c11384,d8f91bff-b1eb-3e4d-8936-10924c36977a,Martti-Mikael Heilanen,M,GENERAL PRACTICE,Meilahdentie 2,Helsinki,18,00250,60.19263,24.89436,26
15d4a7ff-9cd5-30fa-98fb-83afce7af15f,410e8cf7-76a3-307f-b421-5fa7760177f1,Paavali Kaisko,M,GENERAL PRACTICE,Kasarmikatu 11-13,Helsinki,18,00130,60.16102,24.94834,17
4bbbcd2e-1cad-3bf5-a716-defc149a7ce8,39010280-b8e5-3b1a-b835-bafbeea21968,Rebaz Ruuhimäki,M,GENERAL PRACTICE,Turuntie 150,Espoo,18,02740,60.22589,24.77581,53
c24d0192-5f1b-3e86-8ffa-882ff8833107,7b74aa83-5335-38dd-a213-d6df36c7f627,Olli-Kalle Hömmö,M,GENERAL PRACTICE,Karvasmäentie 6,Espoo,18,02740,60.22011,24.6848,30
7fb73d82-61e7-3732-b7f0-2207d757630b,af916982-f5f8-341b-b159-69e72695294c,Kyrö Nurvo,M,GENERAL PRACTICE,Sairaalakatu 1,Vantaa,18,01400,60.3299,25.0608,40
aee7f234-0af5-3af3-ab25-12a90c9958e9,b9b4f8d8-b4a7-3164-a21f-c57b0c40c3ff,Jan-Henrik Alavesa,M,GENERAL PRACTICE,Sairaalankatu 1,Hyvinkää,18,05830,60.612,24.82486,23
8380262a-58de-3bc6-9590-578ea0f56772,294d60d6-0e2b-396b-a8bf-77998642f6b7,Aleksiina Sahlakari,F,GENERAL PRACTICE,Ohkolantie 10,Kellokoski,18,04500,60.53054,25.10548,10
a19ad1ce-b461-3b06-b7ac-493649dee133,8af774ed-7635-320a-ad8c-a63aa309a858,Thordis Nevalampi,F,GENERAL PRACTICE,Sairaalatie 8,Lohja,18,08200,60.2247,24.01885,12
2195f593-2254-371a-ad11-2249652af4ea,d8b3cbb1-88db-3fc1-bb2b-6a9c0037e6e5,Efia Kaistinen,F,GENERAL PRACTICE,Sairaalantie 1,Porvoo,18,06200,60.37911,25.69576,1
1e15b2df-fc07-3c2d-a4fb-9ec6f0ebdd5d,738aef7e-a279-3f65-9dba-fead16b27400,Hoang Bark,M,GENERAL PRACTICE,Turuntie 150,Espoo,18,02740,60.22589,24.77581,1768
06be99b3-65f4-3654-ab86-e0f5e9c272c6,9a3e6919-4ed0-32fe-a1e2-7184b06c415f,Semir Myrén,M,GENERAL PRACTICE,Karvasmäentie 6,Espoo,18,02740,60.22011,24.6848,434
975cfd11-1b4e-3d35-91dc-5e1abc9ff53b,a70486b2-c33a-37b3-a4cf-b3dc06cb9d84,Otieno Wilén,M,GENERAL PRACTICE,Sairaalakatu 1,Vantaa,18,01400,60.3299,25.0608,1403
b0945c97-a2ab-3685-87fb-0b58a82ed3f7,bf25636d-50a4-3cf2-b937-0e59fd37503f,Elsa-Maija Komula,F,GENERAL PRACTICE,Sairaalankatu 1,Hyvinkää,18,05830,60.612,24.82486,286
72065f86-872f-387b-9291-3d1bb082ad59,4eddd774-a01b-3a0b-b4c6-736a5581aba4,Poju Frangén,M,GENERAL PRACTICE,Ohkolantie 10,Kellokoski,18,04500,60.53054,25.10548,235
555eaa4c-2a03-308f-9624-ce00920f11c7,942171f0-df04-34cc-9c85-1a11b2f08717,Caj Högback,M,GENERAL PRACTICE,Sairaalatie 8,Lohja,18,08200,60.2247,24.01885,226
45e16150-6c28-3da2-adf6-f1059e45e332,216a84b2-6287-356d-9bcf-655abf00debb,Olaf Dunderberg,M,GENERAL PRACTICE,Sairaalantie 1,Porvoo,18,06200,60.37911,25.69576,11
bd7f7dc9-b20c-30bb-8d5d-009f7f7a3e1b,319baef9-e8e6-3320-9e0b-7991d9c167b8,Hoang Bark,M,GENERAL PRACTICE,Haartmaninkatu 4,Helsinki,18,00290,60.189159,24.909081,73
e4e0a567-e23c-35e8-b6ee-cde155624521,39010280-b8e5-3b1a-b835-bafbeea21968,Otieno Wilén,M,GENERAL PRACTICE,Turuntie 150,Espoo,18,02740,60.22589,24.77581,40
bfe7c72a-80c9-325f-9370-d4e9a49be147,7b74aa83-5335-38dd-a213-d6df36c7f627,Elsa-Maija Komula,F,GENERAL PRACTICE,Karvasmäentie 6,Espoo,18,02740,60.22011,24.6848,25
3629e59e-d8ca-312f-a888-b827e07542a2,af916982-f5f8-341b-b159-69e72695294c,Poju Frangén,M,GENERAL PRACTICE,Sairaalakatu 1,Vantaa,18,01400,60.3299,25.0608,34
80d0d546-406e-3780-9ac2-39f991996121,b9b4f8d8-b4a7-3164-a21f-c57b0c40c3ff,Caj Högback,M,GENERAL PRACTICE,Sairaalankatu 1,Hyvinkää,18,05830,60.612,24.82486,8
2be384af-435e-3f83-aa95-fddae9e76f6d,294d60d6-0e2b-396b-a8bf-77998642f6b7,Kaisa-Elina Sweins,F,GENERAL PRACTICE,Ohkolantie 10,Kellokoski,18,04500,60.53054,25.10548,8
749f9776-5223-334e-9284-cb32dcd58e3e,8af774ed-7635-320a-ad8c-a63aa309a858,Olaf Dunderberg,M,GENERAL PRACTICE,Sairaalatie 8,Lohja,18,08200,60.2247,24.01885,8
d4ca4dc9-0ce2-3547-ae09-e258d1ae3b02,d8b3cbb1-88db-3fc1-bb2b-6a9c0037e6e5,Donika Sundbäck,F,GENERAL PRACTICE,Sairaalantie 1,Porvoo,18,06200,60.37911,25.69576,1
