START,STOP,PATIENT,ENCOUNTER,CODE,DESCRIPTION
1953-07-01,,b8246ecf-93ac-4c15-bb90-75b694aca030,878b00c4-ad22-4eef-9793-e81abcb2f780,53741008,Coronary Heart Disease
1962-01-10,,b8246ecf-93ac-4c15-bb90-75b694aca030,e4400dc3-0131-430e-b8ff-fbffd3aca8d3,410429000,Cardiac Arrest
1962-01-10,,b8246ecf-93ac-4c15-bb90-75b694aca030,e4400dc3-0131-430e-b8ff-fbffd3aca8d3,429007001,History of cardiac arrest (situation)
1972-12-09,,2083faff-8213-4418-9bc5-ff654eaa8be4,947a485b-1630-462f-8003-346bc82bbed3,230690007,Stroke
1978-11-15,,4089b901-6f8f-4d66-874b-3c329fa94117,a6620d64-f59f-4e63-93a6-7ed29ba64ea8,53741008,Coronary Heart Disease
1987-09-02,,4089b901-6f8f-4d66-874b-3c329fa94117,2ad3cf08-f8b5-4a59-bd36-bf5adf29ab10,22298006,Myocardial Infarction
1987-09-02,,4089b901-6f8f-4d66-874b-3c329fa94117,2ad3cf08-f8b5-4a59-bd36-bf5adf29ab10,399211009,History of myocardial infarction (situation)
2006-01-14,,391ee029-f8f0-4ce6-a9be-f21e2da8b8ab,1877aa81-1370-4ede-b30e-e237e93b63b9,49436004,Atrial Fibrillation
2004-09-10,,f2c5c25b-e2df-4dce-a7fa-dbdbe286fddc,c16405f9-3a52-473a-80ca-607c49d17ce7,53741008,Coronary Heart Disease
1992-08-19,,7bfa2093-c900-4797-9bca-9714da837f4d,175dd714-b93f-46f7-918d-3a299225e0ab,230690007,Stroke
1997-03-05,,7bfa2093-c900-4797-9bca-9714da837f4d,414b59fd-47cb-4d16-9a5a-d3fb9b4c0b2e,49436004,Atrial Fibrillation
2019-07-10,,7bfa2093-c900-4797-9bca-9714da837f4d,154ddd17-1055-4734-a95d-f2426fe24d52,53741008,Coronary Heart Disease
1975-07-20,,415b1a42-fee1-49d2-bd38-88c2372abc8f,571b0364-00b3-4ac3-8027-b93254e503d5,410429000,Cardiac Arrest
1975-07-20,,415b1a42-fee1-49d2-bd38-88c2372abc8f,571b0364-00b3-4ac3-8027-b93254e503d5,429007001,History of cardiac arrest (situation)
2013-01-31,,4b3e1d1c-673b-4625-94d2-066bc48b45c3,ad39e1f5-1a50-4e61-be2a-456625e09e88,230690007,Stroke
1996-05-04,,6b005209-000c-49cd-97a2-7d2676180fb7,5c31b2e1-8f51-4431-a98d-9df01add3e69,53741008,Coronary Heart Disease
2002-03-30,,6b005209-000c-49cd-97a2-7d2676180fb7,1cf34d78-19e4-45d2-9874-469a625e2b66,22298006,Myocardial Infarction
2002-03-30,,6b005209-000c-49cd-97a2-7d2676180fb7,1cf34d78-19e4-45d2-9874-469a625e2b66,399211009,History of myocardial infarction (situation)
1985-10-03,,b4bff347-5b6d-441f-8739-018ba66bbfea,7aec8bd4-e5a6-4f24-aec9-159c024fdbf6,53741008,Coronary Heart Disease
2005-08-18,,b4bff347-5b6d-441f-8739-018ba66bbfea,10354c75-4238-46d6-94c2-8046241887b5,22298006,Myocardial Infarction
2005-08-18,,b4bff347-5b6d-441f-8739-018ba66bbfea,10354c75-4238-46d6-94c2-8046241887b5,399211009,History of myocardial infarction (situation)
2006-06-03,,57acc2ea-5a13-44ca-a284-87fcc228b723,385a9b63-e82c-459b-816e-3ccbd1916056,230690007,Stroke
2003-01-18,,7d666f66-9e4c-43ff-bd23-a4873e448721,47d326ec-afde-478b-ab34-a0d243191960,53741008,Coronary Heart Disease
2015-01-03,,7d666f66-9e4c-43ff-bd23-a4873e448721,e1ef31ff-28b2-4f8f-8a57-96e97b55888f,22298006,Myocardial Infarction
2015-01-03,,7d666f66-9e4c-43ff-bd23-a4873e448721,e1ef31ff-28b2-4f8f-8a57-96e97b55888f,399211009,History of myocardial infarction (situation)
