START,STOP,PATIENT,PAYER,ENCOUNTER,CODE,DESCRIPTION,BASE_COST,PAYER_COVERAGE,DISPENSES,TOTALCOST,REASONCODE,REASONDESCRIPTION
1953-07-01,,b8246ecf-93ac-4c15-bb90-75b694aca030,b1c428d6-4f07-31e0-90f0-68ffa6ff8c76,878b00c4-ad22-4eef-9793-e81abcb2f780,705129,Nitroglycerin 0.4 MG/ACTUAT Mucosal Spray,200.86,0.00,104,20889.44,,
1962-01-10,1962-01-10,b8246ecf-93ac-4c15-bb90-75b694aca030,b1c428d6-4f07-31e0-90f0-68ffa6ff8c76,e4400dc3-0131-430e-b8ff-fbffd3aca8d3,1660014,1 ML Epinephrine 1 MG/ML Injection,4.13,0.00,1,4.13,,
1962-01-10,1962-01-10,b8246ecf-93ac-4c15-bb90-75b694aca030,b1c428d6-4f07-31e0-90f0-68ffa6ff8c76,e4400dc3-0131-430e-b8ff-fbffd3aca8d3,834357,3 ML Amiodarone hydrocholoride 50 MG/ML Prefilled Syringe,184.99,0.00,1,184.99,,
1962-01-10,1962-01-10,b8246ecf-93ac-4c15-bb90-75b694aca030,b1c428d6-4f07-31e0-90f0-68ffa6ff8c76,e4400dc3-0131-430e-b8ff-fbffd3aca8d3,1190795,Atropine Sulfate 1 MG/ML Injectable Solution,18.97,0.00,1,18.97,,
1978-11-15,1987-09-02,4089b901-6f8f-4d66-874b-3c329fa94117,b1c428d6-4f07-31e0-90f0-68ffa6ff8c76,a6620d64-f59f-4e63-93a6-7ed29ba64ea8,705129,Nitroglycerin 0.4 MG/ACTUAT Mucosal Spray,209.90,0.00,107,22459.30,,
1987-09-02,1987-09-02,4089b901-6f8f-4d66-874b-3c329fa94117,b1c428d6-4f07-31e0-90f0-68ffa6ff8c76,2ad3cf08-f8b5-4a59-bd36-bf5adf29ab10,833036,Captopril 25 MG Oral Tablet,115.08,0.00,1,115.08,,
2006-01-14,,391ee029-f8f0-4ce6-a9be-f21e2da8b8ab,b1c428d6-4f07-31e0-90f0-68ffa6ff8c76,1877aa81-1370-4ede-b30e-e237e93b63b9,855332,Warfarin Sodium 5 MG Oral Tablet,195.26,0.00,172,33584.72,,
2006-01-14,,391ee029-f8f0-4ce6-a9be-f21e2da8b8ab,b1c428d6-4f07-31e0-90f0-68ffa6ff8c76,1877aa81-1370-4ede-b30e-e237e93b63b9,897718,Verapamil Hydrochloride 40 MG,66.79,0.00,172,11487.88,,
2006-01-14,,391ee029-f8f0-4ce6-a9be-f21e2da8b8ab,b1c428d6-4f07-31e0-90f0-68ffa6ff8c76,1877aa81-1370-4ede-b30e-e237e93b63b9,197604,Digoxin 0.125 MG Oral Tablet,87.57,0.00,172,15062.04,,
2004-09-10,,f2c5c25b-e2df-4dce-a7fa-dbdbe286fddc,b1c428d6-4f07-31e0-90f0-68ffa6ff8c76,c16405f9-3a52-473a-80ca-607c49d17ce7,309362,Clopidogrel 75 MG Oral Tablet,126.47,0.00,188,23776.36,,
2004-09-10,,f2c5c25b-e2df-4dce-a7fa-dbdbe286fddc,b1c428d6-4f07-31e0-90f0-68ffa6ff8c76,c16405f9-3a52-473a-80ca-607c49d17ce7,312961,Simvastatin 20 MG Oral Tablet,29.04,0.00,188,5459.52,,
2004-09-10,,f2c5c25b-e2df-4dce-a7fa-dbdbe286fddc,b1c428d6-4f07-31e0-90f0-68ffa6ff8c76,c16405f9-3a52-473a-80ca-607c49d17ce7,197361,Amlodipine 5 MG Oral Tablet,23.43,0.00,188,4404.84,,
2004-09-10,,f2c5c25b-e2df-4dce-a7fa-dbdbe286fddc,b1c428d6-4f07-31e0-90f0-68ffa6ff8c76,c16405f9-3a52-473a-80ca-607c49d17ce7,705129,Nitroglycerin 0.4 MG/ACTUAT Mucosal Spray,141.16,0.00,188,26538.08,,
1997-03-05,,7bfa2093-c900-4797-9bca-9714da837f4d,b1c428d6-4f07-31e0-90f0-68ffa6ff8c76,414b59fd-47cb-4d16-9a5a-d3fb9b4c0b2e,855332,Warfarin Sodium 5 MG Oral Tablet,101.17,0.00,280,28327.60,,
1997-03-05,,7bfa2093-c900-4797-9bca-9714da837f4d,b1c428d6-4f07-31e0-90f0-68ffa6ff8c76,414b59fd-47cb-4d16-9a5a-d3fb9b4c0b2e,897718,Verapamil Hydrochloride 40 MG,50.51,0.00,280,14142.80,,
1997-03-05,,7bfa2093-c900-4797-9bca-9714da837f4d,b1c428d6-4f07-31e0-90f0-68ffa6ff8c76,414b59fd-47cb-4d16-9a5a-d3fb9b4c0b2e,197604,Digoxin 0.125 MG Oral Tablet,82.91,0.00,280,23214.80,,
2019-07-10,,7bfa2093-c900-4797-9bca-9714da837f4d,b1c428d6-4f07-31e0-90f0-68ffa6ff8c76,154ddd17-1055-4734-a95d-f2426fe24d52,309362,Clopidogrel 75 MG Oral Tablet,30.10,0.00,8,240.80,,
2019-07-10,,7bfa2093-c900-4797-9bca-9714da837f4d,b1c428d6-4f07-31e0-90f0-68ffa6ff8c76,154ddd17-1055-4734-a95d-f2426fe24d52,312961,Simvastatin 20 MG Oral Tablet,27.95,0.00,8,223.60,,
2019-07-10,,7bfa2093-c900-4797-9bca-9714da837f4d,b1c428d6-4f07-31e0-90f0-68ffa6ff8c76,154ddd17-1055-4734-a95d-f2426fe24d52,197361,Amlodipine 5 MG Oral Tablet,9.39,0.00,8,75.12,,
2019-07-10,,7bfa2093-c900-4797-9bca-9714da837f4d,b1c428d6-4f07-31e0-90f0-68ffa6ff8c76,154ddd17-1055-4734-a95d-f2426fe24d52,705129,Nitroglycerin 0.4 MG/ACTUAT Mucosal Spray,276.42,0.00,8,2211.36,,
2013-01-31,2013-01-31,4b3e1d1c-673b-4625-94d2-066bc48b45c3,b1c428d6-4f07-31e0-90f0-68ffa6ff8c76,ad39e1f5-1a50-4e61-be2a-456625e09e88,309362,Clopidogrel 75 MG Oral Tablet,25.82,0.00,1,25.82,,
2013-01-31,2013-01-31,4b3e1d1c-673b-4625-94d2-066bc48b45c3,b1c428d6-4f07-31e0-90f0-68ffa6ff8c76,ad39e1f5-1a50-4e61-be2a-456625e09e88,1804799,Alteplase 100 MG Injection,6380.63,0.00,1,6380.63,,
1996-05-04,,6b005209-000c-49cd-97a2-7d2676180fb7,b1c428d6-4f07-31e0-90f0-68ffa6ff8c76,5c31b2e1-8f51-4431-a98d-9df01add3e69,312961,Simvastatin 20 MG Oral Tablet,9.55,0.00,72,687.60,,
1996-05-04,,6b005209-000c-49cd-97a2-7d2676180fb7,b1c428d6-4f07-31e0-90f0-68ffa6ff8c76,5c31b2e1-8f51-4431-a98d-9df01add3e69,197361,Amlodipine 5 MG Oral Tablet,16.39,0.00,72,1180.08,,
1996-05-04,2002-03-30,6b005209-000c-49cd-97a2-7d2676180fb7,b1c428d6-4f07-31e0-90f0-68ffa6ff8c76,5c31b2e1-8f51-4431-a98d-9df01add3e69,705129,Nitroglycerin 0.4 MG/ACTUAT Mucosal Spray,307.39,0.00,71,21824.69,,
1997-05-10,2002-03-30,6b005209-000c-49cd-97a2-7d2676180fb7,b1c428d6-4f07-31e0-90f0-68ffa6ff8c76,8820ac08-e59b-4673-b1cb-a91ba9bb6798,309362,Clopidogrel 75 MG Oral Tablet,32.42,0.00,59,1912.78,,
2002-03-30,2002-03-30,6b005209-000c-49cd-97a2-7d2676180fb7,b1c428d6-4f07-31e0-90f0-68ffa6ff8c76,1cf34d78-19e4-45d2-9874-469a625e2b66,259255,Atorvastatin 80 MG Oral Tablet,41.26,0.00,1,41.26,,
2002-03-30,2002-03-30,6b005209-000c-49cd-97a2-7d2676180fb7,b1c428d6-4f07-31e0-90f0-68ffa6ff8c76,1cf34d78-19e4-45d2-9874-469a625e2b66,833036,Captopril 25 MG Oral Tablet,57.71,0.00,1,57.71,,
1985-10-03,2005-08-18,b4bff347-5b6d-441f-8739-018ba66bbfea,b1c428d6-4f07-31e0-90f0-68ffa6ff8c76,7aec8bd4-e5a6-4f24-aec9-159c024fdbf6,705129,Nitroglycerin 0.4 MG/ACTUAT Mucosal Spray,287.82,0.00,241,69364.62,,
1991-11-07,,b4bff347-5b6d-441f-8739-018ba66bbfea,b1c428d6-4f07-31e0-90f0-68ffa6ff8c76,31a7a3a6-7752-48fd-b009-288a486099cb,312961,Simvastatin 20 MG Oral Tablet,24.58,0.00,187,4596.46,,
1994-11-24,,b4bff347-5b6d-441f-8739-018ba66bbfea,b1c428d6-4f07-31e0-90f0-68ffa6ff8c76,429e52a0-f08a-4ad3-bf4b-1eb60d7d287f,197361,Amlodipine 5 MG Oral Tablet,31.98,0.00,150,4797.00,,
1997-12-11,2005-08-18,b4bff347-5b6d-441f-8739-018ba66bbfea,b1c428d6-4f07-31e0-90f0-68ffa6ff8c76,3e46d27a-ff43-46d0-bf63-40043439de5f,309362,Clopidogrel 75 MG Oral Tablet,91.57,0.00,93,8516.01,,
2005-08-18,2005-08-18,b4bff347-5b6d-441f-8739-018ba66bbfea,b1c428d6-4f07-31e0-90f0-68ffa6ff8c76,10354c75-4238-46d6-94c2-8046241887b5,259255,Atorvastatin 80 MG Oral Tablet,128.65,0.00,1,128.65,,
2005-08-18,2005-08-18,b4bff347-5b6d-441f-8739-018ba66bbfea,b1c428d6-4f07-31e0-90f0-68ffa6ff8c76,10354c75-4238-46d6-94c2-8046241887b5,833036,Captopril 25 MG Oral Tablet,71.42,0.00,1,71.42,,
2006-01-26,2007-03-22,b4bff347-5b6d-441f-8739-018ba66bbfea,b1c428d6-4f07-31e0-90f0-68ffa6ff8c76,b74b84d3-3a9c-4e7f-83d7-cda99fbfa9d0,309362,Clopidogrel 75 MG Oral Tablet,102.09,0.00,14,1429.26,,
2006-01-26,2007-03-22,b4bff347-5b6d-441f-8739-018ba66bbfea,b1c428d6-4f07-31e0-90f0-68ffa6ff8c76,b74b84d3-3a9c-4e7f-83d7-cda99fbfa9d0,705129,Nitroglycerin 0.4 MG/ACTUAT Mucosal Spray,26.29,0.00,14,368.06,,
2007-03-22,2007-03-22,b4bff347-5b6d-441f-8739-018ba66bbfea,b1c428d6-4f07-31e0-90f0-68ffa6ff8c76,febdf5fd-eb5c-477d-b248-6aadec988579,259255,Atorvastatin 80 MG Oral Tablet,51.26,0.00,1,51.26,,
2007-03-22,2007-03-22,b4bff347-5b6d-441f-8739-018ba66bbfea,b1c428d6-4f07-31e0-90f0-68ffa6ff8c76,febdf5fd-eb5c-477d-b248-6aadec988579,833036,Captopril 25 MG Oral Tablet,77.01,0.00,1,77.01,,
2003-01-18,2015-01-03,7d666f66-9e4c-43ff-bd23-a4873e448721,b1c428d6-4f07-31e0-90f0-68ffa6ff8c76,47d326ec-afde-478b-ab34-a0d243191960,309362,Clopidogrel 75 MG Oral Tablet,113.86,0.00,145,16509.70,,
2003-01-18,,7d666f66-9e4c-43ff-bd23-a4873e448721,b1c428d6-4f07-31e0-90f0-68ffa6ff8c76,47d326ec-afde-478b-ab34-a0d243191960,312961,Simvastatin 20 MG Oral Tablet,18.99,0.00,145,2753.55,,
2003-01-18,,7d666f66-9e4c-43ff-bd23-a4873e448721,b1c428d6-4f07-31e0-90f0-68ffa6ff8c76,47d326ec-afde-478b-ab34-a0d243191960,197361,Amlodipine 5 MG Oral Tablet,22.02,0.00,145,3192.90,,
2003-01-18,2015-01-03,7d666f66-9e4c-43ff-bd23-a4873e448721,b1c428d6-4f07-31e0-90f0-68ffa6ff8c76,47d326ec-afde-478b-ab34-a0d243191960,705129,Nitroglycerin 0.4 MG/ACTUAT Mucosal Spray,161.80,0.00,145,23461.00,,
2015-01-03,2015-01-03,7d666f66-9e4c-43ff-bd23-a4873e448721,b1c428d6-4f07-31e0-90f0-68ffa6ff8c76,e1ef31ff-28b2-4f8f-8a57-96e97b55888f,259255,Atorvastatin 80 MG Oral Tablet,171.67,0.00,1,171.67,,
2015-01-03,2015-01-03,7d666f66-9e4c-43ff-bd23-a4873e448721,b1c428d6-4f07-31e0-90f0-68ffa6ff8c76,e1ef31ff-28b2-4f8f-8a57-96e97b55888f,833036,Captopril 25 MG Oral Tablet,104.94,0.00,1,104.94,,
