Id,BIRTHDATE,DEATHDATE,SSN,DRIVERS,PASSPORT,PREFIX,FIRST,LAST,SUFFIX,MAIDEN,MARITAL,RACE,ETHNICITY,GENDER,BIRTHPLACE,ADDRESS,CITY,STATE,COUNTY,ZIP,LAT,LON,HEALTHCARE_EXPENSES,HEALTHCARE_COVERAGE
b8246ecf-93ac-4c15-bb90-75b694aca030,1952-01-23,1962-01-10,999-42-3597,,,,Egert,Karumaa,,,,white,nonhispanic,M,Espoo  Uusimaa  FI,777 Santapakka Katu Apt 57,Espoo,Uusimaa,Espoo,02740,60.233687319412056,24.67549477912746,2583.09,0.0
e9f8e043-349f-43d4-bc18-1c392b92cdb5,1994-07-09,,999-30-1940,S99975591,X72104605X,Mr.,Dung,Ölander,,,,white,nonhispanic,M,Nurmijärvi  Uusimaa  FI,958 Aikio Katu Unit 72,Helsinki,Uusimaa,Helsinki,00700,60.224164155138226,24.97565232110184,3750.0,0.0
987d8e87-a90a-41e2-8242-b47fbf0006fd,1986-12-22,,999-94-5069,S99952711,X64133950X,Mr.,Vilgot,Kainomaa,,,M,white,nonhispanic,M,Helsinki  Uusimaa  FI,369 Tilander Katu,Tuusula,Uusimaa,Tuusula,04310,60.54365573456472,25.089359480072687,4000.0,0.0
fc320a7a-388f-4106-8990-19f51b2111db,1984-10-04,,999-70-7749,S99964331,X39963800X,Mrs.,Helkky,Hjulberg,,Cavander,M,white,nonhispanic,F,Espoo  Uusimaa  FI,719 Rynö Katu,Helsinki,Uusimaa,Helsinki,00920,60.21705226828198,24.992172388637663,4125.0,0.0
e8b21cb6-7f17-4039-9eab-6d6ac3ba2c09,1980-08-16,,999-30-8960,S99949533,X56287592X,Mr.,Joni-Juhani,Siukola,,,M,white,nonhispanic,M,Helsinki  Uusimaa  FI,1029 Kolunsarka Katu Suite 99,Helsinki,Uusimaa,Helsinki,00800,60.21120101492532,24.99741401402589,4250.0,0.0
b6af6830-17ba-48de-befc-148b95de8eab,2015-05-17,,999-14-4511,,,,Riika,Kåhlman,,,,white,nonhispanic,F,Helsinki  Uusimaa  FI,531 Kuotesaho Katu,Vantaa,Uusimaa,Vantaa,01640,60.26874460647454,24.829771551532232,1625.0,0.0
061221bd-627f-44f3-9211-2374d2cd7cbe,1974-01-24,,999-24-8245,S99914023,X63304297X,Mr.,Husein,Svenfelt,,,M,white,nonhispanic,M,Helsinki  Uusimaa  FI,889 Appelgrén Katu,Kerava,Uusimaa,Kerava,04200,60.39199532958594,25.12349323724455,4750.0,0.0
9c2fc5e9-212e-4e9a-9338-207af28f1e26,1971-02-26,,999-68-2526,S99940962,X85431283X,Mr.,Said,Vahtermaa,,,M,white,nonhispanic,M,Espoo  Uusimaa  FI,619 Aaltokoski Katu Unit 67,Helsinki,Uusimaa,Helsinki,00160,60.21965003797854,24.923542476221442,4875.0,0.0
86bccb1f-af04-47c6-af4e-80b0f4df96f9,2001-05-27,,999-12-8435,S99958710,,Ms.,Meri-Kukka,Viipuri,,,,white,nonhispanic,F,Espoo  Uusimaa  FI,880 Koivumaa Katu,Helsinki,Uusimaa,Helsinki,00930,60.17840560710433,24.925283788404688,3375.0,0.0
eac830ca-ff29-4fe3-855e-7b39990ab63e,2008-10-18,,999-78-8033,,,,Johnny,Reittonen,,,,white,nonhispanic,M,Raasepori  Uusimaa  FI,622 Niesniemi Katu Apt 94,Helsinki,Uusimaa,Helsinki,00580,60.22328183794904,24.884919302437172,2500.0,0.0
2a1f3eec-16f9-4a11-8a91-8813c0987cfe,1994-09-10,,999-19-3851,S99910587,X29794144X,Mr.,Lucas,Ala-Pappila,,,,white,nonhispanic,M,Helsinki  Uusimaa  FI,193 Beijar Katu,Helsinki,Uusimaa,Helsinki,00660,60.22875703767381,24.932753674777764,3750.0,0.0
0f830f9b-2a8b-4873-9c4e-e68cd505e652,1989-05-19,,999-16-7741,S99987512,X83948813X,Mr.,Oso,Håkans,,,S,white,nonhispanic,M,Hyvinkää  Uusimaa  FI,478 Kukkumäki Katu Apt 30,Vantaa,Uusimaa,Vantaa,01730,60.36081091296987,25.094739412932135,3875.0,0.0
b75e7166-66c0-4a85-8705-cd957659fd55,1948-05-30,,999-41-1762,S99925908,X13952113X,Mr.,Rami-Pekka,Matinniemi,,,M,white,nonhispanic,M,Helsinki  Uusimaa  FI,1005 Pohjasniemi Katu,Espoo,Uusimaa,Espoo,02710,60.15464282575057,24.627290105117115,7625.0,0.0
8ce0df78-51c2-4373-9c7b-d820bddc6918,1952-01-23,,999-35-5371,S99934339,X86268979X,Mr.,Mikanpoika,Lavinen,,,M,white,nonhispanic,M,Espoo  Uusimaa  FI,195 Rinta-Säntti Katu Apt 54,Espoo,Uusimaa,Espoo,02710,60.18428032773689,24.798646241307033,7125.0,0.0
41c2f51d-1183-4cc1-b3aa-a9a5307797c5,2009-06-02,,999-86-1726,,,,Aappo,Pursiainen,,,,white,nonhispanic,M,Hyvinkää  Uusimaa  FI,770 Pukkila Katu Apt 72,Vantaa,Uusimaa,Vantaa,01230,60.246458297071605,25.01001379278537,2375.0,0.0
39c13e43-55d6-4dde-a140-090ddacfd0c3,1999-12-28,,999-79-6124,S99933121,X36150920X,Mr.,Arsen,Haapsaari,,,,white,nonhispanic,M,Nurmijärvi  Uusimaa  FI,474 Raina Katu,Espoo,Uusimaa,Espoo,02720,60.13159938491094,24.717604016525502,3500.0,0.0
9f47195d-74cb-4d5e-8984-19dc5e0c033d,2013-02-25,,999-53-4923,,,,Lumi-Helmi,Sulopuisto,,,,white,nonhispanic,F,Vantaa  Uusimaa  FI,705 Kirstilä Katu Unit 12,Espoo,Uusimaa,Espoo,02820,60.24349372039661,24.784978433658694,2000.0,0.0
2083faff-8213-4418-9bc5-ff654eaa8be4,1929-08-17,1972-12-09,999-94-4387,S99949403,X74861606X,Mr.,Florent,Hilonen,,,S,white,nonhispanic,M,Helsinki  Uusimaa  FI,1099 Phillips Katu Suite 61,Helsinki,Uusimaa,Helsinki,00740,60.23973214322395,25.01398936103857,4625.0,0.0
58027ea7-15bf-449f-b05d-fc0e4f933f27,1995-03-05,,999-76-4385,S99956132,X5861643X,Ms.,Saila,Söderbäck,,,,white,nonhispanic,F,Helsinki  Uusimaa  FI,509 Raeske Katu,Helsinki,Uusimaa,Helsinki,00380,60.166075676081,24.958828019049133,3625.0,0.0
beddf708-a3d7-4faa-b671-2efbb275456e,1947-06-27,,999-89-6086,S99925969,X41387802X,Mrs.,Sätene,Erävaara,,Kukola,M,white,nonhispanic,F,Vantaa  Uusimaa  FI,899 Mäki-Hokkonen Katu Apt 68,Kerava,Uusimaa,Kerava,04250,60.35423294267709,25.180659150301167,7750.0,0.0
ea003afa-2d4d-4d2a-b758-3335fc0bc310,1986-03-23,,999-72-6641,S99940382,X56847027X,Mr.,Antti-Olavi,Saarikkomäki,,,M,white,nonhispanic,M,Vantaa  Uusimaa  FI,165 Metsähonkala Katu Suite 89,Helsinki,Uusimaa,Helsinki,00220,60.19999221170757,24.915185053354804,4000.0,0.0
d089875c-3f92-4483-99a1-7de9ceb571cf,1978-12-06,,999-74-5095,S99947412,X77354058X,Mr.,Mahmud,Förbom,,,M,white,nonhispanic,M,Vihti  Uusimaa  FI,949 Kallijärvi Katu,Espoo,Uusimaa,Espoo,02290,60.16012764668861,24.84976514263156,4375.0,0.0
b89f2284-e855-4b2d-a845-054db92a75f1,1960-04-22,,999-31-6282,S99949584,X80423384X,Mr.,Colin,Saramies,,,M,white,nonhispanic,M,Tuusula  Uusimaa  FI,1020 Raudasoja Katu Unit 46,Kauniainen,Uusimaa,Kauniainen,02700,60.179728078014904,24.728872582500987,6125.0,0.0
ae1213b7-e78e-4d97-b5cc-767ad8ca3a9e,1941-04-18,,999-75-2009,S99946636,X38479232X,Mrs.,Ulla-Maria,Maijanen,,Tähkänen,M,white,nonhispanic,F,Vihti  Uusimaa  FI,852 Aitamurto Katu Suite 48,Helsinki,Uusimaa,Helsinki,00360,60.22690214692848,25.031678853916045,8500.0,0.0
ec88fde1-58e2-4079-b5be-85d126bf58fd,1967-06-10,,999-70-3807,S99981800,X45776578X,Mr.,Onni-Oskari,Lerssi,,,M,white,nonhispanic,M,Helsinki  Uusimaa  FI,683 Karru Katu Apt 58,Helsinki,Uusimaa,Helsinki,00730,60.2605709074893,24.951533065476635,5250.0,0.0
e221c897-82f2-47dc-96b5-316516062dba,2013-10-11,,999-92-7793,,,,Crista,Silmu,,,,white,nonhispanic,F,Vantaa  Uusimaa  FI,723 Hanén Katu Suite 78,Vantaa,Uusimaa,Vantaa,01650,60.30041101058084,24.86566852230405,1875.0,0.0
67569683-4cec-4ed7-aae5-93b3913aeb60,1995-05-04,,999-34-2914,S99910533,X8937315X,Ms.,Katri-Elina,Vaattovaara,,,,white,nonhispanic,F,Helsinki  Uusimaa  FI,564 Salokoski Katu,Lohja,Uusimaa,Lohja,09430,60.27782173361713,23.839836885755652,3625.0,0.0
6ac7d105-bbd2-4104-a28d-cccba67bfd3b,1992-02-02,,999-59-7697,S99980857,X30497395X,Mr.,Amin,Hahko,,,S,white,nonhispanic,M,Helsinki  Uusimaa  FI,1054 Valkila Katu,Helsinki,Uusimaa,Helsinki,00690,60.14198236623104,25.02143535893164,3750.0,0.0
c50c0ef8-4ad4-4e2f-afc1-a0041c418b9f,1957-12-15,,999-39-3124,S99920646,X3537503X,Mrs.,Essi-Maria,Ranta-aho,,Hörhammer,M,white,nonhispanic,F,Espoo  Uusimaa  FI,804 Vanhakylä Katu,Espoo,Uusimaa,Espoo,02170,60.12388319676449,24.751858476085722,6500.0,0.0
c232e1e7-4498-4eb2-9773-4536b4d89277,1992-03-03,,999-97-8617,S99949688,X53882665X,Mr.,Sten,Ahlbäck,,,M,white,nonhispanic,M,Kauniainen  Uusimaa  FI,457 Leislahti Katu,Hyvinkää,Uusimaa,Hyvinkää,05860,60.64162183984903,24.659966481758218,3750.0,0.0
f176607a-720b-4670-98f5-b6e797ee829f,2007-02-23,,999-31-7613,,,,Miia,Alakiikonen,,,,white,nonhispanic,F,Helsinki  Uusimaa  FI,395 Tulasalo Katu Suite 83,Espoo,Uusimaa,Espoo,02110,60.14717615215302,24.706894538146972,2625.0,0.0
4089b901-6f8f-4d66-874b-3c329fa94117,1969-11-12,1987-09-02,999-87-8648,S99989819,,,Joonatan,Paala,,,,white,nonhispanic,M,Espoo  Uusimaa  FI,380 Vaalavuo Katu,Espoo,Uusimaa,Espoo,02380,60.22564685535149,24.838452809848565,3699.98,0.0
391ee029-f8f0-4ce6-a9be-f21e2da8b8ab,1929-08-17,,999-82-1971,S99987616,X63823932X,Mr.,Mika-Petri,Huimala,,,M,white,nonhispanic,M,Espoo  Uusimaa  FI,1048 Tasala Katu,Helsinki,Uusimaa,Helsinki,00280,60.19388498571215,24.887341424687584,9875.0,0.0
7c4f28ec-45a1-4a14-882f-17d19408d986,1962-11-07,,999-67-1707,S99984353,X77023791X,Ms.,Eleonor,Ekola,,,S,white,nonhispanic,F,Helsinki  Uusimaa  FI,119 Saarento Katu,Helsinki,Uusimaa,Helsinki,00950,60.168452193106845,24.97391687415187,5875.0,0.0
dda4db0c-6074-4677-873b-81280a60ca02,1960-09-18,,999-31-5807,S99932797,X8634790X,Mr.,Väinönpoika,Pusila,,,M,white,nonhispanic,M,Helsinki  Uusimaa  FI,162 Sevelius Katu,Helsinki,Uusimaa,Helsinki,00310,60.18105870612085,24.93586479994035,6125.0,0.0
8d9032e2-f20a-4c0f-96a3-0e31690a4a79,1997-04-27,,999-16-1180,S99918150,X61766915X,Mr.,Peter,Huida,,,,white,nonhispanic,M,Kirkkonummi  Uusimaa  FI,1022 Leppiaho Katu,Kauniainen,Uusimaa,Kauniainen,02700,60.21654898127072,24.701131850032034,3625.0,0.0
201bc0db-41d6-4e7f-b973-51ece2ee1c9f,1990-01-27,,999-50-3846,S99942134,X75880603X,Mrs.,Inas,Airisniemi,,Kosti,M,white,nonhispanic,F,Nurmijärvi  Uusimaa  FI,641 Mantsinen Katu Apt 52,Järvenpää,Uusimaa,Järvenpää,04440,60.42203836534009,25.060076347314777,3875.0,0.0
65228240-7dac-45be-9a81-2aefa07f72c0,1993-09-09,,999-41-3491,S99984831,X11897105X,Mr.,Haroun,Saarisalo,,,,white,nonhispanic,M,Sipoo  Uusimaa  FI,823 Strid Katu Suite 8,Nurmijärvi,Uusimaa,Nurmijärvi,01800,60.391775116508484,24.8749853441881,3750.0,0.0
f2c5c25b-e2df-4dce-a7fa-dbdbe286fddc,1935-05-24,,999-76-5466,S99984373,X27993222X,Mr.,Arimo,Saltbacka,,,M,white,nonhispanic,M,Helsinki  Uusimaa  FI,330 Mandell Katu Unit 87,Kerava,Uusimaa,Kerava,04250,60.337174817908156,25.086537866118164,9250.0,0.0
d57ebf44-830f-436b-9f81-a8f4c61b8367,1969-11-12,,999-22-6678,S99957339,X40923687X,Mr.,László,Jefimoff,,,M,white,nonhispanic,M,Järvenpää  Uusimaa  FI,1019 Talvio Katu,Espoo,Uusimaa,Espoo,02330,60.24897770281112,24.72032484780196,5000.0,0.0
ce5ea22f-4540-4dd0-ac05-ea1006e5abb8,1961-10-03,,999-52-4499,S99943941,X58921721X,Mrs.,Thien,Laajakallio,,Vanhakylä,M,white,nonhispanic,F,Helsinki  Uusimaa  FI,188 Inkeröinen Katu Apt 81,Vantaa,Uusimaa,Vantaa,01620,60.26873294295361,25.115141034719258,6000.0,0.0
0281fcb2-f070-4702-9161-e528ef94f674,2005-06-26,,999-63-3485,,,,Saska,Sollo,,,,white,nonhispanic,M,Vantaa  Uusimaa  FI,531 Kaihari Katu,Siuntio,Uusimaa,Siuntio,02570,60.14302390728931,24.17213201540625,2875.0,0.0
cea25d67-8904-4abc-a740-88f9e5cc5ed8,1984-08-24,,999-28-8607,S99976053,X78652555X,Mr.,Ville-Sakari,Numelin,,,M,white,nonhispanic,M,Helsinki  Uusimaa  FI,1007 Pajuluoma Katu,Vihti,Uusimaa,Vihti,03220,60.40515774705096,24.364260663957886,4125.0,0.0
699448a2-8394-4b08-8770-a6c3de170bde,1957-10-19,,999-17-3021,S99942193,X38077662X,Mr.,Jabbar,Viita,,,M,white,nonhispanic,M,Helsinki  Uusimaa  FI,286 Altio Katu,Järvenpää,Uusimaa,Järvenpää,04400,60.41055787265604,25.069534016674723,6500.0,0.0
64437f4f-3a5f-4d68-a6f2-ebf35b055d21,1955-07-20,,999-16-3092,S99992399,X21037139X,Mr.,Elmer,Vlasov,,,S,white,nonhispanic,M,Helsinki  Uusimaa  FI,330 Backström Katu Apt 28,Loviisa,Uusimaa,Loviisa,07740,60.483712554977146,26.086149572375643,6750.0,0.0
5b2f0b61-7018-457c-88e2-2fff6d85ed30,1991-02-04,,999-41-1478,S99952235,X89584371X,Mr.,Erfan,Kraemer,,,M,white,nonhispanic,M,Helsinki  Uusimaa  FI,1063 Doroci Katu Apt 66,Vantaa,Uusimaa,Vantaa,01600,60.28365212791786,24.830341317894543,3875.0,0.0
abafeded-7918-44d1-8a89-4c929295729b,1975-12-06,,999-70-2490,S99992123,X42648725X,Mr.,Arhippa,Sylvander,,,S,white,nonhispanic,M,Kauniainen  Uusimaa  FI,155 Broder Katu Unit 71,Vantaa,Uusimaa,Vantaa,01420,60.23306331877613,24.87254357690209,4625.0,0.0
7226f5be-6e7c-47df-b8db-0c9331e6e576,2011-11-21,,999-91-4764,,,,Marja-Lena,Luojus,,,,white,nonhispanic,F,Vantaa  Uusimaa  FI,221 Tuumi Katu Apt 78,Järvenpää,Uusimaa,Järvenpää,04460,60.517693073394895,25.11797288387811,2125.0,0.0
d6aba33b-a45f-4731-9e8b-903f93aeac85,2010-11-26,,999-97-8812,,,,Kaisaliisa,Särkiniva,,,,white,nonhispanic,F,Sipoo  Uusimaa  FI,827 Ulfstedt Katu,Kirkkonummi,Uusimaa,Kirkkonummi,02880,60.20421025260836,24.415894922543796,2250.0,0.0
415bb2f7-6bdd-4456-a258-c4866f535388,1975-05-15,,999-85-3171,S99955308,X19562052X,Ms.,Carola,Yliselä,,,S,white,nonhispanic,F,Vantaa  Uusimaa  FI,279 Sucksdorff Katu,Helsinki,Uusimaa,Helsinki,00620,60.184050218976914,25.001921523460826,4625.0,0.0
119c7355-b25d-47b4-bdcc-e2aece9c6e50,2016-05-22,,999-32-5473,,,,Irena,Sissonen,,,,white,nonhispanic,F,Helsinki  Uusimaa  FI,802 Rähmönen Katu Suite 84,Vantaa,Uusimaa,Vantaa,01770,60.287563627709,24.88797176515967,1500.0,0.0
5af96683-5b17-4dd8-b238-ab75287358ae,1991-01-30,,999-44-5429,S99931587,X68049786X,Mrs.,Abdifatah,Kiander,,Hornborg,M,white,nonhispanic,F,Hyvinkää  Uusimaa  FI,388 Leppäkynnäs Katu,Porvoo,Uusimaa,Porvoo,07350,60.42063261609544,25.740565364742782,3875.0,0.0
c78b68fc-8c98-4c81-9f86-805aa2de11d3,1980-04-25,,999-51-7521,S99938117,X73771924X,Mrs.,Violeta,Aljasalo,,Jakas,M,white,nonhispanic,F,Helsinki  Uusimaa  FI,212 Johans Katu Unit 12,Helsinki,Uusimaa,Helsinki,00350,60.211405651837815,24.89199286376942,4250.0,0.0
62e08d78-17d8-4a40-a65c-3aad510fb642,1981-04-04,,999-45-3362,S99983583,X41396692X,Mr.,Aku-Petteri,Kozlov,,,M,white,nonhispanic,M,Helsinki  Uusimaa  FI,438 Ahtinen Katu,Helsinki,Uusimaa,Helsinki,00950,60.22525849406289,24.95821980720554,4250.0,0.0
67b3b321-6fc8-40f9-a273-d4615e54bd5f,2012-08-25,,999-83-9350,,,,Erkan,Lähdekorpi,,,,white,nonhispanic,M,Helsinki  Uusimaa  FI,1026 Turku Katu,Helsinki,Uusimaa,Helsinki,00690,60.2114617220322,24.8907786166874,2000.0,0.0
5901be00-ac9c-4353-95cf-2824a601549e,1985-11-05,,999-90-4459,S99956122,X82024381X,Mr.,Saleh,Suonperä,,,M,white,nonhispanic,M,Raasepori  Uusimaa  FI,421 Tistelgren Katu Suite 15,Helsinki,Uusimaa,Helsinki,00690,60.245359029117495,25.042029925284734,4125.0,0.0
38a468d8-b9b2-41ce-a9b9-3ab5683dafa6,2012-05-23,,999-48-7196,,,,Mari-Ann,Karen,,,,white,nonhispanic,F,Espoo  Uusimaa  FI,1025 Runnakko Katu Unit 95,Espoo,Uusimaa,Espoo,02280,60.19049587272701,24.81158750006951,2000.0,0.0
7192ea5a-fa23-4615-a9ad-3af5bd0fffa7,1993-04-07,,999-11-1939,S99975018,X61210086X,Ms.,Melisa,Alapartanen,,,,white,nonhispanic,F,Helsinki  Uusimaa  FI,1087 Valtoaho Katu Apt 62,Helsinki,Uusimaa,Helsinki,00500,60.17592769228039,24.913071128297766,3750.0,0.0
365ebe3f-a3df-4552-ae59-68ecf3f84ae8,1982-08-11,,999-96-5390,S99926822,X77851523X,Mrs.,Fatimah,Merontausta,,Sauriala,M,white,nonhispanic,F,Porvoo  Uusimaa  FI,518 Siiki Katu,Helsinki,Uusimaa,Helsinki,00700,60.23669367889904,25.078536670809633,4250.0,0.0
8f49cd96-8c38-40a5-869b-2faba96c59c2,1995-03-20,,999-74-6778,S99979913,X52710018X,Ms.,Karoline,Lähteelä,,,,white,nonhispanic,F,Pornainen  Uusimaa  FI,180 Salokannel Katu,Raasepori,Uusimaa,Raasepori,10600,60.099622713835096,23.711543570555776,3625.0,0.0
bc676215-5ae7-4550-98c0-160b784ae94c,1987-07-08,,999-11-4493,S99934975,X49578869X,Mrs.,Stina,Romberg,,Lapinjoki,M,white,nonhispanic,F,Helsinki  Uusimaa  FI,1045 Lähdeaho Katu Suite 23,Espoo,Uusimaa,Espoo,02240,60.19244798036492,24.73357106129471,4000.0,0.0
b1120a3a-bebd-4fa0-932b-d5539efc295e,2005-08-04,,999-34-7198,,,,Wiveka,Mäkilehto,,,,white,nonhispanic,F,Kirkkonummi  Uusimaa  FI,303 Kingelin Katu,Raasepori,Uusimaa,Raasepori,10620,60.01801649567695,23.6871179808583,2875.0,0.0
39100fac-dd58-4a4e-8939-4b31d8e7c1b7,1981-03-05,,999-60-4186,S99923623,X50042107X,Mr.,Ibn,Peipponen,,,M,white,nonhispanic,M,Tuusula  Uusimaa  FI,766 Ojavalli Katu,Helsinki,Uusimaa,Helsinki,00670,60.23867172909408,25.116708122863137,4250.0,0.0
710c6aa0-32c8-409d-ae36-383798ceaec4,1937-10-17,,999-62-9423,S99911978,X2038445X,Mrs.,Rena,Mattanen,,Feiring,M,white,nonhispanic,F,Helsinki  Uusimaa  FI,466 Viipuri Katu Apt 94,Vantaa,Uusimaa,Vantaa,01300,60.314811221505074,24.85128434277948,8875.0,0.0
24d68bb3-2850-4c4a-ad79-e4d44c35c5d5,1983-09-24,,999-21-5581,S99981925,X40098898X,Mrs.,Iida-Maija,Patterson,,Kiikkilä,M,white,nonhispanic,F,Espoo  Uusimaa  FI,857 Pyssysalo Katu,Helsinki,Uusimaa,Helsinki,00930,60.2117505939067,25.022903223868035,4125.0,0.0
7bfa2093-c900-4797-9bca-9714da837f4d,1929-11-27,,999-13-6249,S99994388,X84382741X,Mr.,Chris,Peisa,,,S,white,nonhispanic,M,Vihti  Uusimaa  FI,447 Lauttajärvi Katu,Helsinki,Uusimaa,Helsinki,00720,60.1594212839252,25.07255146653224,23260.41,0.0
033aa8a2-1b73-459c-8d9e-01da6297b15d,1989-07-31,,999-33-2894,S99967906,X48405316X,Mrs.,Teri,Tuunala,,Wargelin,M,white,nonhispanic,F,Helsinki  Uusimaa  FI,181 Vanala Katu,Espoo,Uusimaa,Espoo,02760,60.1973555022644,24.671109923946826,3875.0,0.0
e770c29c-0bee-481d-9979-8605b0a32018,1978-04-01,,999-21-9951,S99987095,X6152863X,Mrs.,Shirel,Ruokolainen,,Lassas,M,white,nonhispanic,F,Loviisa  Uusimaa  FI,383 Sumioinen Katu,Vantaa,Uusimaa,Vantaa,01700,60.312677325023294,24.851610473676473,4375.0,0.0
200b77b3-9d1b-4d64-8e81-bc792458006e,1978-04-13,,999-12-2445,S99955295,X52148496X,Mrs.,Safina,Piippo,,Askonen,M,white,nonhispanic,F,Cologne  North Rhine-Westphalia  DE,1079 Siippola Katu,Mäntsälä,Uusimaa,Mäntsälä,04840,60.54899609215427,25.1863185234174,4375.0,0.0
6e7d4334-ae35-4f43-bd9d-a715a2de23a7,1974-01-09,,999-51-1682,S99967099,X17976788X,Mrs.,Oivi,Ilveskoski,,Yrjönheikki,M,white,nonhispanic,F,Helsinki  Uusimaa  FI,617 Abdillahi Katu,Siuntio,Uusimaa,Siuntio,02490,60.16481970434233,24.211222393629402,4750.0,0.0
415b1a42-fee1-49d2-bd38-88c2372abc8f,1956-11-18,,999-30-8783,S99922512,X22866673X,Mrs.,Merja-Hannele,Sulkula,,Vanha-Perttula,M,white,nonhispanic,F,Vantaa  Uusimaa  FI,221 Ojaharju Katu,Helsinki,Uusimaa,Helsinki,00440,60.16249494507489,24.921826784756092,6775.2,0.0
6e521606-6230-4b15-8ef5-33a4a58b8070,1966-04-22,,999-31-2575,S99929513,X19939899X,Mrs.,Nhu,Huoso,,Markki,M,white,nonhispanic,F,Helsinki  Uusimaa  FI,678 Meriaho Katu,Vantaa,Uusimaa,Vantaa,01480,60.30927210840051,25.083664630237983,5375.0,0.0
d5208348-b690-48c4-8b25-d32ad75b9304,2000-10-17,,999-94-4855,S99946275,,Mr.,Olli-Veikko,Pyykölä,,,,white,nonhispanic,M,Helsinki  Uusimaa  FI,455 Korelin Katu Apt 32,Vantaa,Uusimaa,Vantaa,01740,60.31488222110749,24.77860826462878,3500.0,0.0
18bab419-a5af-4f3f-a59d-449c4cb6ce8b,1991-03-04,,999-98-7685,S99973639,X78178545X,Mr.,Kaspian,Pohjanlehto,,,M,white,nonhispanic,M,Espoo  Uusimaa  FI,720 Valin Katu,Espoo,Uusimaa,Espoo,02340,60.12636698837628,24.630456334841853,3875.0,0.0
81f98eb6-a334-478e-9916-458d34c2758c,1997-02-01,,999-87-6822,S99924857,X16169192X,Mr.,Otava,Saalamo,,,,white,nonhispanic,M,Sipoo  Uusimaa  FI,935 Tormilainen Katu,Vantaa,Uusimaa,Vantaa,01340,60.29580873736001,25.03686486534114,3625.0,0.0
d2ca3942-5238-48be-ac27-b4db3e52d25d,2014-05-25,,999-22-4033,,,,Christine,Kartesalo,,,,white,nonhispanic,F,Helsinki  Uusimaa  FI,523 Attila Katu Unit 49,Espoo,Uusimaa,Espoo,02120,60.1811904028644,24.76381281714374,1750.0,0.0
8aff3c54-0b69-4058-ad45-bbc619c468dd,2000-05-05,,999-52-8534,S99989266,,Mr.,Sam,Köykkä,,,,white,nonhispanic,M,Vantaa  Uusimaa  FI,1088 Peltomäki Katu,Espoo,Uusimaa,Espoo,02130,60.19374986810694,24.617192829596025,3500.0,0.0
1f63251d-4fa4-4b79-9ca2-f97d71efe402,1985-07-30,,999-85-7119,S99954340,X66528626X,Mrs.,Mia-Sofia,Kontti,,Mandell,M,white,nonhispanic,F,Espoo  Uusimaa  FI,562 Suur-Hamari Katu,Espoo,Uusimaa,Espoo,02620,60.248535824084506,24.743680984847117,4125.0,0.0
38c8bd57-ec57-40b8-89ed-076501156ffc,1999-12-27,,999-98-8467,S99997299,X30703126X,Mr.,Eetu-Ville,Inola,,,,white,nonhispanic,M,Espoo  Uusimaa  FI,946 Lahtomäki Katu,Helsinki,Uusimaa,Helsinki,00680,60.19500502974148,24.812854869431746,3500.0,0.0
3d3d592f-39a2-4c13-b6a4-3b6f32cd10a4,1961-11-29,,999-19-6388,S99992159,X84598451X,Mr.,Stig-Göran,Reippainen,,,M,white,nonhispanic,M,Porvoo  Uusimaa  FI,635 Haikonen Katu,Vantaa,Uusimaa,Vantaa,01530,60.29955704725883,24.97242062484879,6000.0,0.0
66073bb3-ee78-47a5-9bcf-e23f0e6e2fe4,1987-05-01,,999-47-9153,S99928428,X83978927X,Mr.,Germund,Viita,,,M,white,nonhispanic,M,Vantaa  Uusimaa  FI,1097 Kotakorva Katu Apt 14,Helsinki,Uusimaa,Helsinki,00880,60.12097955284773,24.893316267530913,4000.0,0.0
4b3e1d1c-673b-4625-94d2-066bc48b45c3,1944-02-10,,999-63-8004,S99929943,X20755802X,Mrs.,Krisse,Herrgård,,Paattiniemi,M,white,nonhispanic,F,Vihti  Uusimaa  FI,534 Pirttijoki Katu Unit 31,Espoo,Uusimaa,Espoo,02160,60.15178885313214,24.69458378012754,14656.45,0.0
c1bbcb9d-b6ad-40fa-b89d-3fc407cae4c3,1967-02-09,,999-70-1335,S99925366,X49102265X,Mr.,Björn-Olof,Uusikivi,MD,,M,white,nonhispanic,M,Vantaa  Uusimaa  FI,878 Korkiatupa Katu Unit 27,Helsinki,Uusimaa,Helsinki,00140,60.293606101202975,25.010513759654884,5375.0,0.0
b62ed73d-6af6-46ca-ae58-a0f917c430a3,1975-10-09,,999-73-3406,S99945954,X46838251X,Mrs.,Marjanna,Heinimäki,,Sumell,M,white,nonhispanic,F,Helsinki  Uusimaa  FI,598 Niilola Katu,Espoo,Uusimaa,Espoo,02210,60.162012591173344,24.734356276022698,4625.0,0.0
fd1dc2ff-34cd-4319-b53e-25908a7cb312,1988-08-24,,999-25-7721,S99977833,X36397510X,Mrs.,Gabriela,Tahkola,,Pauli,M,white,nonhispanic,F,Helsinki  Uusimaa  FI,585 Alatulkkila Katu,Helsinki,Uusimaa,Helsinki,00240,60.10267531423256,25.04343317677084,4000.0,0.0
d1ae7fc5-29c8-4350-a5dd-d557bd472a58,1989-06-25,,999-16-8328,S99939262,X54149915X,Mrs.,Jadeliina,Töhönen,,Tiaskorpi,M,white,nonhispanic,F,Kirkkonummi  Uusimaa  FI,1085 Uusivuo Katu Unit 5,Helsinki,Uusimaa,Helsinki,00160,60.214007613685936,24.946661393362398,3875.0,0.0
3054d766-6350-46a4-a7b5-514e0aa06f2c,1965-04-27,,999-93-3343,S99952157,X4379723X,Mr.,Egil,Jönsson,,,S,white,nonhispanic,M,Kirkkonummi  Uusimaa  FI,642 Riitinki Katu,Karkkila,Uusimaa,Karkkila,03710,60.52887248045781,24.336313018633046,5500.0,0.0
cdd5fb2c-ee86-4380-a0d1-dbac12cf64a3,1990-03-18,,999-39-5622,S99929841,X22148867X,Mr.,Raja,Mutikainen,,,M,white,nonhispanic,M,Kerava  Uusimaa  FI,805 Kurkimäki Katu,Vantaa,Uusimaa,Vantaa,01680,60.31368426381411,24.898307121674573,3875.0,0.0
df922524-b33c-4e95-88e0-da60cc7c65a2,1979-07-23,,999-72-1984,S99912268,X66496735X,Mrs.,Sane,Sopenkivi,,Gruber,M,white,nonhispanic,F,Nurmijärvi  Uusimaa  FI,1061 Tienvieri Katu,Espoo,Uusimaa,Espoo,02210,60.207182714127,24.736474532032666,4375.0,0.0
7b32fb95-8ac2-4c21-abd7-81b15a44c1d3,1974-06-11,,999-31-3281,S99981658,X72254954X,Mr.,Pål,Tallbacka,,,S,white,nonhispanic,M,Helsinki  Uusimaa  FI,337 Abdulla Katu,Vantaa,Uusimaa,Vantaa,01620,60.271794564172644,24.800957333774576,4625.0,0.0
bd2de5f3-a0b3-4a7c-96cc-5fc9b65b934d,1980-01-02,,999-81-6665,S99986466,X26585418X,Mrs.,Marina,Kiviluoma,,Raitala,M,white,nonhispanic,F,Helsinki  Uusimaa  FI,905 Kohtamäki Katu Unit 93,Vantaa,Uusimaa,Vantaa,01380,60.31131586001639,25.091509839517247,4375.0,0.0
08bd045d-c1af-46de-9273-0720239cd67f,1993-11-29,,999-16-4234,S99957466,X23935816X,Mr.,Khalil,Saharinen,,,,white,nonhispanic,M,Helsinki  Uusimaa  FI,657 Huitu Katu Unit 79,Tuusula,Uusimaa,Tuusula,04300,60.48938979376252,24.965730773372915,3750.0,0.0
6b005209-000c-49cd-97a2-7d2676180fb7,1974-03-02,2002-03-30,999-30-1156,S99950708,X75968892X,Mr.,Rune,Otranen,,,M,white,nonhispanic,M,Sipoo  Uusimaa  FI,100 Massala Katu,Espoo,Uusimaa,Espoo,02760,60.25529249572518,24.771353990348715,4813.78,0.0
b4bff347-5b6d-441f-8739-018ba66bbfea,1963-08-01,2007-03-22,999-76-6455,S99991552,X31011480X,Mr.,Juho-Kustaa,Rannanjärvi,,,M,white,nonhispanic,M,Kirkkonummi  Uusimaa  FI,261 Puusaari Katu Unit 82,Hyvinkää,Uusimaa,Hyvinkää,05810,60.64633305286141,24.88870553354101,7336.11,0.0
57acc2ea-5a13-44ca-a284-87fcc228b723,1939-06-17,,999-76-7509,S99923982,X80822557X,Mr.,Mihail,Maanselkä,,,M,white,nonhispanic,M,Kirkkonummi  Uusimaa  FI,435 Hörman Katu,Raasepori,Uusimaa,Raasepori,10350,60.06831292490589,23.5955618273331,15465.0,0.0
71479b3a-ab8b-443d-a50f-7c8c461a7efa,1959-05-16,,999-11-9006,S99987147,X74651349X,Mr.,Yrjönpoika,Hamdi,,,M,white,nonhispanic,M,Tuusula  Uusimaa  FI,722 Aitta-aho Katu Apt 9,Vantaa,Uusimaa,Vantaa,01650,60.36691547136117,25.028844648082924,6250.0,0.0
f3af3bc4-adfb-4d9a-8f9e-eccb435bbc89,1984-10-15,,999-24-5355,S99932245,X12721340X,Ms.,Tiitu,Kaivo-oja,,,S,white,nonhispanic,F,Helsinki  Uusimaa  FI,856 Brusi Katu,Tuusula,Uusimaa,Tuusula,04300,60.47577246919311,25.033307681541555,4125.0,0.0
e014e87d-204c-46bb-bda9-8eb533138848,1961-10-31,,999-94-6094,S99980666,X70744106X,Ms.,Ragni,Mäkiharju,,,S,white,nonhispanic,F,Vantaa  Uusimaa  FI,162 Saareks Katu Suite 19,Sipoo,Uusimaa,Sipoo,01120,60.31481851609277,25.517392747877864,6000.0,0.0
b7ecadb1-b6a8-4984-a749-ba54ff7f2ed2,1974-04-18,,999-26-6467,S99929715,X52943368X,Ms.,Hellen,Hosiaisluoma,,,S,white,nonhispanic,F,Helsinki  Uusimaa  FI,666 Sadiku Katu Apt 37,Karkkila,Uusimaa,Karkkila,03600,60.58971585049299,24.26762930920043,4625.0,0.0
3e3d2c25-7bf7-45ea-b21b-4cefb6d9b273,1990-06-20,,999-26-1594,S99914914,X65540081X,Mrs.,Gullevi,Joki-Tokola,,Kennedy,M,white,nonhispanic,F,Espoo  Uusimaa  FI,763 Norrvik Katu Suite 93,Helsinki,Uusimaa,Helsinki,00660,60.22148839426778,25.029802010332244,3875.0,0.0
656fd5dd-f3e4-4ae9-9539-79d2df9186ab,1977-06-26,,999-53-8158,S99976667,X30939708X,Mr.,Clemens,Nummikoski,,,S,white,nonhispanic,M,Helsinki  Uusimaa  FI,770 Sjöblad Katu,Kauniainen,Uusimaa,Kauniainen,02700,60.180564968680976,24.720781900733385,4500.0,0.0
9ff95b77-398a-4ddb-a71c-e1193badeb30,1991-08-05,,999-35-9841,S99979011,X52615926X,Mrs.,Evi,Serttilä,,Abdulla,M,white,nonhispanic,F,Espoo  Uusimaa  FI,1030 Himanen Katu,Helsinki,Uusimaa,Helsinki,00550,60.21610985130038,24.941001887654664,3875.0,0.0
8d16e673-9e3d-43bf-82f5-d7185fff947c,1974-03-02,,999-97-4776,S99944513,X56502997X,Mr.,Kaaleb,Home,,,M,white,nonhispanic,M,Helsinki  Uusimaa  FI,164 Itälinna Katu,Espoo,Uusimaa,Espoo,02260,60.37044041249914,24.719169168030252,4625.0,0.0
bc963c13-a675-4128-b47f-14ec73fb0a15,1963-08-01,,999-78-3917,S99917100,X25230347X,Mr.,Gianni,Vuorensola,,,M,white,nonhispanic,M,Helsinki  Uusimaa  FI,1073 Kaalikoski Katu,Hyvinkää,Uusimaa,Hyvinkää,05820,60.66199524036754,24.86056225014849,5750.0,0.0
7d666f66-9e4c-43ff-bd23-a4873e448721,1953-01-17,2015-01-03,999-57-8805,S99967661,X57726735X,Mr.,Juha-Mikko,Ekonen,,,M,white,nonhispanic,M,Helsinki  Uusimaa  FI,1074 Valvio Katu Unit 68,Helsinki,Uusimaa,Helsinki,00360,60.17848008563405,24.83688180670369,7052.27,0.0
1b8703e6-6808-4abf-81bb-6cbe83a7fd56,1953-01-17,,999-54-6832,S99941527,X43207655X,Mr.,Ansgarius,Oinonen,,,M,white,nonhispanic,M,Espoo  Uusimaa  FI,538 Viljaniemi Katu,Helsinki,Uusimaa,Helsinki,00620,60.24566986780772,24.944212204619774,7000.0,0.0
