PATIENT,START_YEAR,END_YEAR,PAYER,OWNERSHIP
e9f8e043-349f-43d4-bc18-1c392b92cdb5,1994,2012,e15e7b92-f376-374f-9285-2f59a38ad823,Guardian
987d8e87-a90a-41e2-8242-b47fbf0006fd,1986,2004,e15e7b92-f376-374f-9285-2f59a38ad823,Guardian
fc320a7a-388f-4106-8990-19f51b2111db,1984,2002,e15e7b92-f376-374f-9285-2f59a38ad823,Guardian
e8b21cb6-7f17-4039-9eab-6d6ac3ba2c09,1980,1998,e15e7b92-f376-374f-9285-2f59a38ad823,Guardian
061221bd-627f-44f3-9211-2374d2cd7cbe,1974,1992,e15e7b92-f376-374f-9285-2f59a38ad823,Guardian
9c2fc5e9-212e-4e9a-9338-207af28f1e26,1971,1989,e15e7b92-f376-374f-9285-2f59a38ad823,Guardian
86bccb1f-af04-47c6-af4e-80b0f4df96f9,2001,2019,e15e7b92-f376-374f-9285-2f59a38ad823,Guardian
2a1f3eec-16f9-4a11-8a91-8813c0987cfe,1994,2012,e15e7b92-f376-374f-9285-2f59a38ad823,Guardian
0f830f9b-2a8b-4873-9c4e-e68cd505e652,1989,2007,e15e7b92-f376-374f-9285-2f59a38ad823,Guardian
8ce0df78-51c2-4373-9c7b-d820bddc6918,1952,1970,e15e7b92-f376-374f-9285-2f59a38ad823,Guardian
b75e7166-66c0-4a85-8705-cd957659fd55,1948,1966,e15e7b92-f376-374f-9285-2f59a38ad823,Guardian
39c13e43-55d6-4dde-a140-090ddacfd0c3,1999,2017,e15e7b92-f376-374f-9285-2f59a38ad823,Guardian
2083faff-8213-4418-9bc5-ff654eaa8be4,1929,1947,e15e7b92-f376-374f-9285-2f59a38ad823,Guardian
2083faff-8213-4418-9bc5-ff654eaa8be4,1948,1972,e15e7b92-f376-374f-9285-2f59a38ad823,Self
58027ea7-15bf-449f-b05d-fc0e4f933f27,1995,2013,e15e7b92-f376-374f-9285-2f59a38ad823,Guardian
beddf708-a3d7-4faa-b671-2efbb275456e,1947,1965,e15e7b92-f376-374f-9285-2f59a38ad823,Guardian
ea003afa-2d4d-4d2a-b758-3335fc0bc310,1986,2004,e15e7b92-f376-374f-9285-2f59a38ad823,Guardian
d089875c-3f92-4483-99a1-7de9ceb571cf,1978,1996,e15e7b92-f376-374f-9285-2f59a38ad823,Guardian
b89f2284-e855-4b2d-a845-054db92a75f1,1960,1978,e15e7b92-f376-374f-9285-2f59a38ad823,Guardian
ae1213b7-e78e-4d97-b5cc-767ad8ca3a9e,1941,1959,e15e7b92-f376-374f-9285-2f59a38ad823,Guardian
ec88fde1-58e2-4079-b5be-85d126bf58fd,1967,1985,e15e7b92-f376-374f-9285-2f59a38ad823,Guardian
67569683-4cec-4ed7-aae5-93b3913aeb60,1995,2013,e15e7b92-f376-374f-9285-2f59a38ad823,Guardian
6ac7d105-bbd2-4104-a28d-cccba67bfd3b,1992,2010,e15e7b92-f376-374f-9285-2f59a38ad823,Guardian
c50c0ef8-4ad4-4e2f-afc1-a0041c418b9f,1957,1975,e15e7b92-f376-374f-9285-2f59a38ad823,Guardian
c232e1e7-4498-4eb2-9773-4536b4d89277,1992,2010,e15e7b92-f376-374f-9285-2f59a38ad823,Guardian
391ee029-f8f0-4ce6-a9be-f21e2da8b8ab,1929,1947,e15e7b92-f376-374f-9285-2f59a38ad823,Guardian
7c4f28ec-45a1-4a14-882f-17d19408d986,1962,1980,e15e7b92-f376-374f-9285-2f59a38ad823,Guardian
dda4db0c-6074-4677-873b-81280a60ca02,1960,1978,e15e7b92-f376-374f-9285-2f59a38ad823,Guardian
8d9032e2-f20a-4c0f-96a3-0e31690a4a79,1997,2015,e15e7b92-f376-374f-9285-2f59a38ad823,Guardian
201bc0db-41d6-4e7f-b973-51ece2ee1c9f,1990,2008,e15e7b92-f376-374f-9285-2f59a38ad823,Guardian
65228240-7dac-45be-9a81-2aefa07f72c0,1993,2011,e15e7b92-f376-374f-9285-2f59a38ad823,Guardian
f2c5c25b-e2df-4dce-a7fa-dbdbe286fddc,1935,1953,e15e7b92-f376-374f-9285-2f59a38ad823,Guardian
d57ebf44-830f-436b-9f81-a8f4c61b8367,1969,1987,e15e7b92-f376-374f-9285-2f59a38ad823,Guardian
ce5ea22f-4540-4dd0-ac05-ea1006e5abb8,1961,1979,e15e7b92-f376-374f-9285-2f59a38ad823,Guardian
cea25d67-8904-4abc-a740-88f9e5cc5ed8,1984,2002,e15e7b92-f376-374f-9285-2f59a38ad823,Guardian
699448a2-8394-4b08-8770-a6c3de170bde,1957,1975,e15e7b92-f376-374f-9285-2f59a38ad823,Guardian
64437f4f-3a5f-4d68-a6f2-ebf35b055d21,1955,1973,e15e7b92-f376-374f-9285-2f59a38ad823,Guardian
5b2f0b61-7018-457c-88e2-2fff6d85ed30,1991,2009,e15e7b92-f376-374f-9285-2f59a38ad823,Guardian
abafeded-7918-44d1-8a89-4c929295729b,1975,1993,e15e7b92-f376-374f-9285-2f59a38ad823,Guardian
415bb2f7-6bdd-4456-a258-c4866f535388,1975,1993,e15e7b92-f376-374f-9285-2f59a38ad823,Guardian
5af96683-5b17-4dd8-b238-ab75287358ae,1991,2009,e15e7b92-f376-374f-9285-2f59a38ad823,Guardian
c78b68fc-8c98-4c81-9f86-805aa2de11d3,1980,1998,e15e7b92-f376-374f-9285-2f59a38ad823,Guardian
62e08d78-17d8-4a40-a65c-3aad510fb642,1981,1999,e15e7b92-f376-374f-9285-2f59a38ad823,Guardian
5901be00-ac9c-4353-95cf-2824a601549e,1985,2003,e15e7b92-f376-374f-9285-2f59a38ad823,Guardian
7192ea5a-fa23-4615-a9ad-3af5bd0fffa7,1993,1993,b1c428d6-4f07-31e0-90f0-68ffa6ff8c76,
7192ea5a-fa23-4615-a9ad-3af5bd0fffa7,1994,1994,e15e7b92-f376-374f-9285-2f59a38ad823,
7192ea5a-fa23-4615-a9ad-3af5bd0fffa7,1995,2011,e15e7b92-f376-374f-9285-2f59a38ad823,Guardian
365ebe3f-a3df-4552-ae59-68ecf3f84ae8,1982,2000,e15e7b92-f376-374f-9285-2f59a38ad823,Guardian
bc676215-5ae7-4550-98c0-160b784ae94c,1987,1987,b1c428d6-4f07-31e0-90f0-68ffa6ff8c76,
bc676215-5ae7-4550-98c0-160b784ae94c,1988,1989,e15e7b92-f376-374f-9285-2f59a38ad823,
bc676215-5ae7-4550-98c0-160b784ae94c,1990,2005,e15e7b92-f376-374f-9285-2f59a38ad823,Guardian
8f49cd96-8c38-40a5-869b-2faba96c59c2,1995,2013,e15e7b92-f376-374f-9285-2f59a38ad823,Guardian
39100fac-dd58-4a4e-8939-4b31d8e7c1b7,1981,1999,e15e7b92-f376-374f-9285-2f59a38ad823,Guardian
710c6aa0-32c8-409d-ae36-383798ceaec4,1937,1937,b1c428d6-4f07-31e0-90f0-68ffa6ff8c76,
710c6aa0-32c8-409d-ae36-383798ceaec4,1938,1938,e15e7b92-f376-374f-9285-2f59a38ad823,
710c6aa0-32c8-409d-ae36-383798ceaec4,1939,1955,e15e7b92-f376-374f-9285-2f59a38ad823,Guardian
24d68bb3-2850-4c4a-ad79-e4d44c35c5d5,1983,2001,e15e7b92-f376-374f-9285-2f59a38ad823,Guardian
7bfa2093-c900-4797-9bca-9714da837f4d,1929,1947,e15e7b92-f376-374f-9285-2f59a38ad823,Guardian
033aa8a2-1b73-459c-8d9e-01da6297b15d,1989,2007,e15e7b92-f376-374f-9285-2f59a38ad823,Guardian
e770c29c-0bee-481d-9979-8605b0a32018,1978,1996,e15e7b92-f376-374f-9285-2f59a38ad823,Guardian
200b77b3-9d1b-4d64-8e81-bc792458006e,1978,1996,e15e7b92-f376-374f-9285-2f59a38ad823,Guardian
6e7d4334-ae35-4f43-bd9d-a715a2de23a7,1974,1992,e15e7b92-f376-374f-9285-2f59a38ad823,Guardian
415b1a42-fee1-49d2-bd38-88c2372abc8f,1956,1974,e15e7b92-f376-374f-9285-2f59a38ad823,Guardian
6e521606-6230-4b15-8ef5-33a4a58b8070,1966,1984,e15e7b92-f376-374f-9285-2f59a38ad823,Guardian
18bab419-a5af-4f3f-a59d-449c4cb6ce8b,1991,2009,e15e7b92-f376-374f-9285-2f59a38ad823,Guardian
d5208348-b690-48c4-8b25-d32ad75b9304,2000,2018,e15e7b92-f376-374f-9285-2f59a38ad823,Guardian
81f98eb6-a334-478e-9916-458d34c2758c,1997,2015,e15e7b92-f376-374f-9285-2f59a38ad823,Guardian
8aff3c54-0b69-4058-ad45-bbc619c468dd,2000,2018,e15e7b92-f376-374f-9285-2f59a38ad823,Guardian
1f63251d-4fa4-4b79-9ca2-f97d71efe402,1985,2003,e15e7b92-f376-374f-9285-2f59a38ad823,Guardian
38c8bd57-ec57-40b8-89ed-076501156ffc,1999,2017,e15e7b92-f376-374f-9285-2f59a38ad823,Guardian
3d3d592f-39a2-4c13-b6a4-3b6f32cd10a4,1961,1979,e15e7b92-f376-374f-9285-2f59a38ad823,Guardian
66073bb3-ee78-47a5-9bcf-e23f0e6e2fe4,1987,2005,e15e7b92-f376-374f-9285-2f59a38ad823,Guardian
4b3e1d1c-673b-4625-94d2-066bc48b45c3,1944,1962,e15e7b92-f376-374f-9285-2f59a38ad823,Guardian
c1bbcb9d-b6ad-40fa-b89d-3fc407cae4c3,1967,1985,e15e7b92-f376-374f-9285-2f59a38ad823,Guardian
b62ed73d-6af6-46ca-ae58-a0f917c430a3,1975,1993,e15e7b92-f376-374f-9285-2f59a38ad823,Guardian
fd1dc2ff-34cd-4319-b53e-25908a7cb312,1988,2006,e15e7b92-f376-374f-9285-2f59a38ad823,Guardian
d1ae7fc5-29c8-4350-a5dd-d557bd472a58,1989,2007,e15e7b92-f376-374f-9285-2f59a38ad823,Guardian
3054d766-6350-46a4-a7b5-514e0aa06f2c,1965,1983,e15e7b92-f376-374f-9285-2f59a38ad823,Guardian
cdd5fb2c-ee86-4380-a0d1-dbac12cf64a3,1990,2008,e15e7b92-f376-374f-9285-2f59a38ad823,Guardian
df922524-b33c-4e95-88e0-da60cc7c65a2,1979,1997,e15e7b92-f376-374f-9285-2f59a38ad823,Guardian
bd2de5f3-a0b3-4a7c-96cc-5fc9b65b934d,1980,1998,e15e7b92-f376-374f-9285-2f59a38ad823,Guardian
7b32fb95-8ac2-4c21-abd7-81b15a44c1d3,1974,1992,e15e7b92-f376-374f-9285-2f59a38ad823,Guardian
08bd045d-c1af-46de-9273-0720239cd67f,1993,2011,e15e7b92-f376-374f-9285-2f59a38ad823,Guardian
6b005209-000c-49cd-97a2-7d2676180fb7,1974,1992,e15e7b92-f376-374f-9285-2f59a38ad823,Guardian
6b005209-000c-49cd-97a2-7d2676180fb7,1993,2002,e15e7b92-f376-374f-9285-2f59a38ad823,Self
b4bff347-5b6d-441f-8739-018ba66bbfea,1963,1981,e15e7b92-f376-374f-9285-2f59a38ad823,Guardian
57acc2ea-5a13-44ca-a284-87fcc228b723,1939,1957,e15e7b92-f376-374f-9285-2f59a38ad823,Guardian
71479b3a-ab8b-443d-a50f-7c8c461a7efa,1959,1977,e15e7b92-f376-374f-9285-2f59a38ad823,Guardian
f3af3bc4-adfb-4d9a-8f9e-eccb435bbc89,1984,2002,e15e7b92-f376-374f-9285-2f59a38ad823,Guardian
e014e87d-204c-46bb-bda9-8eb533138848,1961,1979,e15e7b92-f376-374f-9285-2f59a38ad823,Guardian
b7ecadb1-b6a8-4984-a749-ba54ff7f2ed2,1974,1992,e15e7b92-f376-374f-9285-2f59a38ad823,Guardian
3e3d2c25-7bf7-45ea-b21b-4cefb6d9b273,1990,2008,e15e7b92-f376-374f-9285-2f59a38ad823,Guardian
656fd5dd-f3e4-4ae9-9539-79d2df9186ab,1977,1995,e15e7b92-f376-374f-9285-2f59a38ad823,Guardian
9ff95b77-398a-4ddb-a71c-e1193badeb30,1991,2009,e15e7b92-f376-374f-9285-2f59a38ad823,Guardian
8d16e673-9e3d-43bf-82f5-d7185fff947c,1974,1992,e15e7b92-f376-374f-9285-2f59a38ad823,Guardian
bc963c13-a675-4128-b47f-14ec73fb0a15,1963,1981,e15e7b92-f376-374f-9285-2f59a38ad823,Guardian
7d666f66-9e4c-43ff-bd23-a4873e448721,1953,1971,e15e7b92-f376-374f-9285-2f59a38ad823,Guardian
1b8703e6-6808-4abf-81bb-6cbe83a7fd56,1953,1971,e15e7b92-f376-374f-9285-2f59a38ad823,Guardian
