DATE,PATIENT,ENCOUNTER,CODE,DESCRIPTION,BASE_COST,REASONCODE,REASONDESCRIPTION
1962-01-10,b8246ecf-93ac-4c15-bb90-75b694aca030,e4400dc3-0131-430e-b8ff-fbffd3aca8d3,40701008,Echocardiography (procedure),705.09,410429000,Cardiac Arrest
1962-01-10,b8246ecf-93ac-4c15-bb90-75b694aca030,e4400dc3-0131-430e-b8ff-fbffd3aca8d3,447365002,Insertion of biventricular implantable cardioverter defibrillator,31624.08,410429000,Cardiac Arrest
1962-01-10,b8246ecf-93ac-4c15-bb90-75b694aca030,e4400dc3-0131-430e-b8ff-fbffd3aca8d3,18286008,Catheter ablation of tissue of heart,9728.44,410429000,Cardiac Arrest
1972-12-09,2083faff-8213-4418-9bc5-ff654eaa8be4,947a485b-1630-462f-8003-346bc82bbed3,40701008,Echocardiography (procedure),1542.24,230690007,Stroke
1972-12-09,2083faff-8213-4418-9bc5-ff654eaa8be4,947a485b-1630-462f-8003-346bc82bbed3,433112001,Percutaneous mechanical thrombectomy of portal vein using fluoroscopic guidance,32849.68,230690007,Stroke
1987-09-02,4089b901-6f8f-4d66-874b-3c329fa94117,2ad3cf08-f8b5-4a59-bd36-bf5adf29ab10,40701008,Echocardiography (procedure),1050.39,22298006,Myocardial Infarction
1987-09-02,4089b901-6f8f-4d66-874b-3c329fa94117,2ad3cf08-f8b5-4a59-bd36-bf5adf29ab10,415070008,Percutaneous coronary intervention,22337.00,22298006,Myocardial Infarction
1987-09-02,4089b901-6f8f-4d66-874b-3c329fa94117,2ad3cf08-f8b5-4a59-bd36-bf5adf29ab10,232717009,Coronary artery bypass grafting,45022.82,22298006,Myocardial Infarction
2011-02-12,391ee029-f8f0-4ce6-a9be-f21e2da8b8ab,cdec9010-3e37-4689-b6f1-6a2d8b091434,180325003,Electrical cardioversion,23296.85,49436004,Atrial Fibrillation
2012-02-18,391ee029-f8f0-4ce6-a9be-f21e2da8b8ab,b4be5307-6f22-4678-bb02-b4a37e371b4b,180325003,Electrical cardioversion,37677.70,49436004,Atrial Fibrillation
2013-02-23,391ee029-f8f0-4ce6-a9be-f21e2da8b8ab,e80198f9-b044-4fd8-b0ae-b75ce6896e17,180325003,Electrical cardioversion,41033.87,49436004,Atrial Fibrillation
2014-03-01,391ee029-f8f0-4ce6-a9be-f21e2da8b8ab,c2f30ba0-4740-4cc7-a27c-c9541ee9ee14,180325003,Electrical cardioversion,23138.00,49436004,Atrial Fibrillation
2015-03-07,391ee029-f8f0-4ce6-a9be-f21e2da8b8ab,b57ed5a4-2aab-4172-9f47-33e7be12816c,180325003,Electrical cardioversion,16898.71,49436004,Atrial Fibrillation
2016-03-12,391ee029-f8f0-4ce6-a9be-f21e2da8b8ab,627d6ae9-d63a-4d5b-bf85-d862ff733a29,180325003,Electrical cardioversion,32344.45,49436004,Atrial Fibrillation
2017-03-18,391ee029-f8f0-4ce6-a9be-f21e2da8b8ab,29b3ad94-1cce-4289-99c1-e2fd68531db0,180325003,Electrical cardioversion,15610.73,49436004,Atrial Fibrillation
2018-03-24,391ee029-f8f0-4ce6-a9be-f21e2da8b8ab,ffc2dc30-e18b-44a2-ba76-f4eceeecd049,180325003,Electrical cardioversion,41860.81,49436004,Atrial Fibrillation
2019-03-30,391ee029-f8f0-4ce6-a9be-f21e2da8b8ab,fedb09b8-2f49-47db-b355-6263cc4d571a,180325003,Electrical cardioversion,39535.49,49436004,Atrial Fibrillation
2010-05-19,7bfa2093-c900-4797-9bca-9714da837f4d,5d4af458-1053-4dab-a29d-81be3375ec8c,180325003,Electrical cardioversion,16252.62,49436004,Atrial Fibrillation
2011-05-25,7bfa2093-c900-4797-9bca-9714da837f4d,3167c400-085d-4494-82b6-4aa3f989fa79,180325003,Electrical cardioversion,23308.51,49436004,Atrial Fibrillation
2012-05-30,7bfa2093-c900-4797-9bca-9714da837f4d,e8f51b87-11f2-41df-a065-765d1653148f,180325003,Electrical cardioversion,42252.20,49436004,Atrial Fibrillation
2013-06-05,7bfa2093-c900-4797-9bca-9714da837f4d,f9b88cd9-01c8-46b3-b23d-6aea8672928b,180325003,Electrical cardioversion,30057.52,49436004,Atrial Fibrillation
2014-06-11,7bfa2093-c900-4797-9bca-9714da837f4d,93b4166a-663b-4434-ba39-eabf3e48382e,180325003,Electrical cardioversion,32859.15,49436004,Atrial Fibrillation
2015-06-17,7bfa2093-c900-4797-9bca-9714da837f4d,e8ed3504-530b-4398-b2af-f097e8bcf74c,180325003,Electrical cardioversion,33588.09,49436004,Atrial Fibrillation
2016-06-22,7bfa2093-c900-4797-9bca-9714da837f4d,e870cf96-90cf-48ca-a92d-c720733a6634,180325003,Electrical cardioversion,19642.22,49436004,Atrial Fibrillation
2017-06-28,7bfa2093-c900-4797-9bca-9714da837f4d,58463a63-0077-43b4-aa9d-adeea0526c5a,180325003,Electrical cardioversion,44079.61,49436004,Atrial Fibrillation
2018-07-04,7bfa2093-c900-4797-9bca-9714da837f4d,186cbe0f-4358-4916-a1d9-0ada2b98dd29,18286008,Catheter ablation of tissue of heart,8614.82,49436004,Atrial Fibrillation
2019-07-10,7bfa2093-c900-4797-9bca-9714da837f4d,154ddd17-1055-4734-a95d-f2426fe24d52,18286008,Catheter ablation of tissue of heart,10561.08,49436004,Atrial Fibrillation
2013-01-31,4b3e1d1c-673b-4625-94d2-066bc48b45c3,ad39e1f5-1a50-4e61-be2a-456625e09e88,40701008,Echocardiography (procedure),660.73,230690007,Stroke
2013-01-31,4b3e1d1c-673b-4625-94d2-066bc48b45c3,ad39e1f5-1a50-4e61-be2a-456625e09e88,433112001,Percutaneous mechanical thrombectomy of portal vein using fluoroscopic guidance,22854.46,230690007,Stroke
2002-03-30,6b005209-000c-49cd-97a2-7d2676180fb7,1cf34d78-19e4-45d2-9874-469a625e2b66,40701008,Echocardiography (procedure),1263.29,22298006,Myocardial Infarction
2002-03-30,6b005209-000c-49cd-97a2-7d2676180fb7,1cf34d78-19e4-45d2-9874-469a625e2b66,415070008,Percutaneous coronary intervention,19522.19,22298006,Myocardial Infarction
2002-03-30,6b005209-000c-49cd-97a2-7d2676180fb7,1cf34d78-19e4-45d2-9874-469a625e2b66,232717009,Coronary artery bypass grafting,54394.99,22298006,Myocardial Infarction
2005-08-18,b4bff347-5b6d-441f-8739-018ba66bbfea,10354c75-4238-46d6-94c2-8046241887b5,40701008,Echocardiography (procedure),1449.08,22298006,Myocardial Infarction
2005-08-18,b4bff347-5b6d-441f-8739-018ba66bbfea,10354c75-4238-46d6-94c2-8046241887b5,415070008,Percutaneous coronary intervention,33507.08,22298006,Myocardial Infarction
2005-08-18,b4bff347-5b6d-441f-8739-018ba66bbfea,10354c75-4238-46d6-94c2-8046241887b5,232717009,Coronary artery bypass grafting,48552.15,22298006,Myocardial Infarction
2007-03-22,b4bff347-5b6d-441f-8739-018ba66bbfea,febdf5fd-eb5c-477d-b248-6aadec988579,40701008,Echocardiography (procedure),854.85,22298006,Myocardial Infarction
2007-03-22,b4bff347-5b6d-441f-8739-018ba66bbfea,febdf5fd-eb5c-477d-b248-6aadec988579,415070008,Percutaneous coronary intervention,29768.67,22298006,Myocardial Infarction
2007-03-22,b4bff347-5b6d-441f-8739-018ba66bbfea,febdf5fd-eb5c-477d-b248-6aadec988579,232717009,Coronary artery bypass grafting,30385.87,22298006,Myocardial Infarction
2015-01-03,7d666f66-9e4c-43ff-bd23-a4873e448721,e1ef31ff-28b2-4f8f-8a57-96e97b55888f,40701008,Echocardiography (procedure),751.20,22298006,Myocardial Infarction
2015-01-03,7d666f66-9e4c-43ff-bd23-a4873e448721,e1ef31ff-28b2-4f8f-8a57-96e97b55888f,415070008,Percutaneous coronary intervention,31609.93,22298006,Myocardial Infarction
2015-01-03,7d666f66-9e4c-43ff-bd23-a4873e448721,e1ef31ff-28b2-4f8f-8a57-96e97b55888f,232717009,Coronary artery bypass grafting,69966.66,22298006,Myocardial Infarction
