Id,ORGANIZATION,NAME,GENDER,SPECIALITY,ADDRESS,CITY,STATE,ZIP,LAT,LON,UTILIZATION
2e156e53-9265-351b-b669-2b195a13e665,39010280-b8e5-3b1a-b835-bafbeea21968,Ainamo Pekko,F,GENERAL PRACTICE,Turuntie 150,Espoo,18,02740,60.22589,24.77581,1
0720c904-34ef-348b-943d-09b4df0c0af8,af916982-f5f8-341b-b159-69e72695294c,Else-Britt Heinäaho,F,GENERAL PRACTICE,Sairaalakatu 1,Vantaa,18,01400,60.3299,25.0608,1
b04f492a-350c-3daa-8204-5083b6f09872,b9b4f8d8-b4a7-3164-a21f-c57b0c40c3ff,Vivianna Routakangas,F,GENERAL PRACTICE,Sairaalankatu 1,Hyvinkää,18,05830,60.612,24.82486,2
ddf8763c-41c4-3bd8-9d4d-4dbd80f0a0c7,738aef7e-a279-3f65-9dba-fead16b27400,Viola Lytz,F,GENERAL PRACTICE,Turuntie 150,Espoo,18,02740,60.22589,24.77581,1279
3260476c-1af0-3a43-ae60-7d8497c83618,9a3e6919-4ed0-32fe-a1e2-7184b06c415f,Tarja-Anneli Savonen,F,GENERAL PRACTICE,Karvasmäentie 6,Espoo,18,02740,60.22011,24.6848,526
0b6c0ed3-0cbb-3a93-9323-3369abd690ff,a70486b2-c33a-37b3-a4cf-b3dc06cb9d84,Anna-Johanna Hedlund,F,GENERAL PRACTICE,Sairaalakatu 1,Vantaa,18,01400,60.3299,25.0608,1389
9f9bd3ef-97d8-3985-94e9-2629bd36b654,bf25636d-50a4-3cf2-b937-0e59fd37503f,Jan-Ola Varimo,M,GENERAL PRACTICE,Sairaalankatu 1,Hyvinkää,18,05830,60.612,24.82486,127
088353ec-da3a-377b-a706-91e383400976,4eddd774-a01b-3a0b-b4c6-736a5581aba4,Abdelrahman Stranius,M,GENERAL PRACTICE,Ohkolantie 10,Kellokoski,18,04500,60.53054,25.10548,147
6250a9b1-95d4-37ce-9370-d7647431b28c,942171f0-df04-34cc-9c85-1a11b2f08717,Jarek Leppälahti,M,GENERAL PRACTICE,Sairaalatie 8,Lohja,18,08200,60.2247,24.01885,293
676836a1-deca-37b2-b971-23bbb9c77d74,216a84b2-6287-356d-9bcf-655abf00debb,Mamadou Pälve,M,GENERAL PRACTICE,Sairaalantie 1,Porvoo,18,06200,60.37911,25.69576,133
519fad25-0414-3b95-99d3-4ca107c3da15,319baef9-e8e6-3320-9e0b-7991d9c167b8,Viola Lytz,F,GENERAL PRACTICE,Haartmaninkatu 4,Helsinki,18,00290,60.189159,24.909081,4
a4cb1bc6-829f-3058-8334-eb20ea7d9cf3,39010280-b8e5-3b1a-b835-bafbeea21968,Anna-Johanna Hedlund,F,GENERAL PRACTICE,Turuntie 150,Espoo,18,02740,60.22589,24.77581,1
34ab9e16-764d-39b7-a080-162935df0b73,7b74aa83-5335-38dd-a213-d6df36c7f627,Jan-Ola Varimo,M,GENERAL PRACTICE,Karvasmäentie 6,Espoo,18,02740,60.22011,24.6848,2
d98744d9-c0d1-343e-81e3-95b5b9577c28,8af774ed-7635-320a-ad8c-a63aa309a858,Mamadou Pälve,M,GENERAL PRACTICE,Sairaalatie 8,Lohja,18,08200,60.2247,24.01885,1
