location_id,address_1,address_2,city,state,zip,county,location_source_value
3614,551 Suvikunnas Katu Suite 13,,Espoo,Uusimaa,02760,Espoo,2053ad0f-5467-469f-ad6c-ecd1cc6b5b06
3615,887 Tervala Katu,,Espoo,Uusimaa,02200,Espoo,aca2ab64-8cb7-4b83-9a56-33a201e743e0
3616,638 Lastu Katu,,Vantaa,Uusimaa,01680,Vantaa,111cc950-30e2-49f4-940d-8770a5c83b36
3617,412 Alarova Katu Suite 31,,Vantaa,Uusimaa,01750,Vantaa,2dfe5220-11ed-4d2f-badf-5b0582937e7b
3618,227 Sidorov Katu Unit 26,,Kerava,Uusimaa,04230,Kerava,3037f8f4-0180-4e20-ae00-d741349da3e9
3619,704 Tulokas Katu Suite 69,,Espoo,Uusimaa,02130,Espoo,660cb3ee-f159-4a9a-99bb-8433f6d8b89e
3620,477 Bimberg Katu,,Helsinki,Uusimaa,00100,Helsinki,b7662cdb-7cbb-4ce6-b08c-9b1c5e0abc61
3621,533 Juurikko Katu,,Espoo,Uusimaa,02250,Espoo,f63efec3-8907-4f95-a8f3-8689fa6cd825
3622,734 Rauhamaa Katu,,Mäntsälä,Uusimaa,04620,Mäntsälä,5be4d6b8-5115-4d0f-9098-728ed2a3600d
3623,896 Bäckström Katu Suite 35,,Espoo,Uusimaa,02760,Espoo,465b4e68-5920-4576-92f0-2ca978aaf5c6
3624,1099 Mursula Katu Apt 92,,Kauniainen,Uusimaa,02700,Kauniainen,2c6c2c93-35bb-4664-b35a-96544ddb0c56
3625,1018 Semenius Katu,,Helsinki,Uusimaa,00370,Helsinki,b5b41456-ca06-474c-b6df-a8f69d69ca1b
3626,261 Kannusmäki Katu Suite 71,,Vantaa,Uusimaa,01530,Vantaa,a5c02f2c-48a2-4293-86df-cfa00f4b0202
3627,469 Vihinen Katu Suite 29,,Helsinki,Uusimaa,00790,Helsinki,4c3b23a6-5c9c-4161-a1b6-45af332ef228
3628,253 Komscha Katu,,Helsinki,Uusimaa,00520,Helsinki,d481ddaa-9a44-45c0-bc3f-f6aeb62ce5c0
3629,629 Nitovuori Katu Unit 11,,Helsinki,Uusimaa,00650,Helsinki,bf01bf3b-41ba-4a99-9a7b-a4ec1bb6a641
3630,417 Sompinmäki Katu,,Helsinki,Uusimaa,00760,Helsinki,913c53ec-e099-4af9-a3ae-d619cd29c443
3631,282 Kytönen Katu,,Helsinki,Uusimaa,00660,Helsinki,b30b9031-fb72-4776-9ab6-141d11941043
3632,503 Kiviluoma Katu,,Hyvinkää,Uusimaa,05840,Hyvinkää,f6329eff-7901-4811-8084-014e2b401074
3633,972 Heinlahti Katu Unit 30,,Lohja,Uusimaa,08450,Lohja,343f7d0c-8890-4db4-9831-0ad08d757456
3634,1003 Riste Katu Suite 44,,Vantaa,Uusimaa,01700,Vantaa,6232072c-dc90-4066-b326-36ad4e53c0a6
3635,488 Pouhakka Katu Suite 30,,Nurmijärvi,Uusimaa,01800,Nurmijärvi,d66858cc-f084-4d8a-a7be-070aea9c2d32
3636,606 Ehovuo Katu,,Kerava,Uusimaa,04250,Kerava,8a7796d9-13b8-4e0c-8caa-0643988ee9a8
3637,461 Suoja Katu Unit 70,,Espoo,Uusimaa,02770,Espoo,90b938d8-82ec-410d-8aa6-4b6dd04e8baf
3638,946 Raukola Katu Apt 40,,Tuusula,Uusimaa,04500,Tuusula,d94d803f-123b-4330-830e-55071bbabdec
3639,220 Dyhr Katu,,Helsinki,Uusimaa,00380,Helsinki,b6604f27-1d7a-4580-8804-f118e7a01f64
3640,166 Lehti Katu Suite 21,,Espoo,Uusimaa,02920,Espoo,c9a40721-f85d-4095-8fec-a90e57deb722
3641,329 Ylikantola Katu Apt 68,,Vantaa,Uusimaa,01400,Vantaa,bf45e276-9b5d-425a-9c18-f2a7d851a71d
3642,1034 Långkvist Katu Unit 74,,Vantaa,Uusimaa,01450,Vantaa,dc1b4a97-a320-4cfc-86cb-e8f66ba9ecd4
3643,931 Lääkkö Katu,,Helsinki,Uusimaa,00250,Helsinki,1618ff78-e84f-49fd-a147-bc0b012ad183
3644,391 Holmlund Katu Apt 34,,Helsinki,Uusimaa,00940,Helsinki,d4719cbd-3df5-4992-8e81-2321243e1f3c
3645,158 Roth Katu,,Helsinki,Uusimaa,00210,Helsinki,dd481c84-e145-4732-ab31-e4902e2b4dcb
3646,505 Selkämaa Katu,,Helsinki,Uusimaa,00230,Helsinki,9760fb3c-2c2c-4ef1-a1e5-ec14a39af97c
3647,433 Riikola Katu,,Vantaa,Uusimaa,01200,Vantaa,56869717-57c3-4306-9eb0-d49f82b0e145
3648,552 Ormio Katu,,Kirkkonummi,Uusimaa,02510,Kirkkonummi,3be9d907-e86b-44db-924a-b4f6c89abfd2
3649,741 Fröjdlund Katu,,Nurmijärvi,Uusimaa,01800,Nurmijärvi,af131e97-7947-44d2-b47b-ea316d60af0b
3650,893 Silenius Katu Unit 23,,Vihti,Uusimaa,03300,Vihti,624cd8c6-7137-4571-abf7-d472ab49149e
3651,162 Mörönen Katu,,Espoo,Uusimaa,02810,Espoo,c967a8c6-30ae-4815-b009-93d6fcd512db
3652,956 Vaari Katu,,Helsinki,Uusimaa,00120,Helsinki,00b895ad-9345-4229-9e27-f8ce3b93cb8b
3653,285 Kuuhimo Katu,,Vihti,Uusimaa,03250,Vihti,dab4c670-96da-4b91-989d-aafa6ab23d20
3654,214 Aittamäki Katu Apt 49,,Kirkkonummi,Uusimaa,02450,Kirkkonummi,1ca3bdeb-d057-4c5e-9676-e4240185d23a
3655,1049 Porttinen Katu,,Porvoo,Uusimaa,07130,Porvoo,c88e63b0-4703-427b-8d28-4fe3c478d4d1
3656,446 Petsola Katu,,Espoo,Uusimaa,02340,Espoo,e538b3c7-31f6-4ed8-a2e9-bfa72d3de684
3657,640 Parm Katu,,Helsinki,Uusimaa,00320,Helsinki,f2b36738-3f85-4f42-aa5b-50665a866e64
3658,392 Jokisaari Katu,,Helsinki,Uusimaa,00200,Helsinki,3458df66-a6dd-4a58-9c0d-d5f2aede6721
3659,653 Kolari Katu Suite 36,,Vantaa,Uusimaa,01350,Vantaa,4b34efaa-27b5-4b0f-96db-7a9ee6e03929
3660,728 Joro Katu,,Helsinki,Uusimaa,00970,Helsinki,40530b17-0003-4e45-b6c1-44b428021770
3661,333 Rosengren Katu Apt 81,,Helsinki,Uusimaa,00640,Helsinki,4c27b1da-91ad-4b23-af80-f326229e14fb
3662,1020 Kuoremäki Katu Apt 17,,Helsinki,Uusimaa,00250,Helsinki,e19b1f3d-33ce-45ab-9565-46673af5c840
3663,431 Hiippala Katu Apt 34,,Helsinki,Uusimaa,00880,Helsinki,838d3674-841e-4e42-8805-467281f9fc1e
3664,764 Työppönen Katu Unit 52,,Helsinki,Uusimaa,00150,Helsinki,8df7f72d-57ef-4dd8-8269-7b3774c0d736
3665,639 Ropilo Katu Suite 81,,Kirkkonummi,Uusimaa,02390,Kirkkonummi,68960405-1565-4686-bbe4-889c3b1f836d
3666,139 Kortesalmi Katu Suite 65,,Helsinki,Uusimaa,00780,Helsinki,5dd3153b-9360-4f27-a03e-06842cfbdede
3667,148 Stein Katu,,Hyvinkää,Uusimaa,05440,Hyvinkää,8ab18516-9056-4d16-a98d-7fa4d9900d48
3668,314 Krekelä Katu Unit 38,,Helsinki,Uusimaa,00530,Helsinki,71db536c-fa6b-4004-8373-49c5968137f6
3669,875 Jantunen Katu,,Helsinki,Uusimaa,00210,Helsinki,6af97b25-66f5-4cc2-97e2-6512bc18c194
3670,835 Hohkuri Katu,,Helsinki,Uusimaa,00600,Helsinki,609f77ef-3a65-43f3-a762-62534cc8baeb
3671,287 Norkio Katu,,Kirkkonummi,Uusimaa,02480,Kirkkonummi,be2d4c70-6837-4ad3-9304-b44551da674d
3672,102 Louhos Katu,,Helsinki,Uusimaa,00730,Helsinki,0da0d57d-1dce-45a6-93ef-e4ad3fc3fc78
3673,884 Erkheikki Katu,,Espoo,Uusimaa,02150,Espoo,281c8c68-81bc-4a9a-bd81-46eede383a26
3674,521 Vanhatupa Katu,,Espoo,Uusimaa,02270,Espoo,5602b1b9-d976-4074-9e4c-748bb4d7b720
3675,470 Haukioja Katu,,Helsinki,Uusimaa,00390,Helsinki,671cb1f7-5296-4dd8-b624-5aa1266f6f36
3676,409 Kuutniemi Katu,,Helsinki,Uusimaa,00810,Helsinki,7c2f2673-2b5c-4f95-a3c6-4e57a0489b7b
3677,499 Saaranen Katu,,Helsinki,Uusimaa,00540,Helsinki,c47d29d8-b46c-42d7-99ca-5d84337410aa
3678,666 Palkonen Katu Suite 38,,Järvenpää,Uusimaa,04430,Järvenpää,606ff21e-6cf2-4fed-8d3d-1d5c3b785219
3679,624 Taam Katu,,Vantaa,Uusimaa,01520,Vantaa,47716c0c-f72b-44bc-8417-53e1ef363c9f
3680,372 Palvimo Katu Apt 23,,Espoo,Uusimaa,02920,Espoo,9f8b0fb5-5f69-4348-8e2f-9415d80dfd10
3681,417 Äikää Katu,,Helsinki,Uusimaa,00800,Helsinki,4737b299-d96d-4e4b-94ee-34d6bbb7ab25
3682,201 Nietosvaara Katu Unit 1,,Porvoo,Uusimaa,07410,Porvoo,2f03ed55-1c4c-4b30-aa57-58be4f4de003
3683,1078 Jacobson Katu Apt 15,,Sipoo,Uusimaa,04170,Sipoo,ba6b2c72-5692-495a-b733-f5d584d86af2
3684,729 Maskulin Katu,,Hyvinkää,Uusimaa,05840,Hyvinkää,e2bbc918-8647-48b9-8096-e46b13d2de1a
3685,400 Ala-Hukkala Katu Apt 60,,Helsinki,Uusimaa,00580,Helsinki,5b7d803b-d0b9-4c28-bcb0-30ac72dc732a
3686,902 Puotiniemi Katu Apt 46,,Espoo,Uusimaa,02810,Espoo,9248c732-880e-4d7a-816f-04f51d8b8bbe
3687,466 Parkkola Katu Unit 75,,Helsinki,Uusimaa,00250,Helsinki,fc3a32c0-d647-4357-9271-3e3b42b36301
3688,314 Russell Katu,,Porvoo,Uusimaa,06150,Porvoo,8e247a7c-ab2c-425b-832b-bfdbfb3672dc
3689,365 Ingelin Katu Unit 49,,Helsinki,Uusimaa,00140,Helsinki,8a0d7945-9e86-437e-916a-fbb7c24075f4
3690,1021 Seitajärvi Katu Apt 14,,Porvoo,Uusimaa,06650,Porvoo,a58b9a28-ed41-48df-9562-8dcbf9fc1df1
3691,194 Gullblom Katu Apt 91,,Helsinki,Uusimaa,00350,Helsinki,5907e5df-85a8-44a9-a8b4-67b6e2c68bc3
3692,1095 Blå Katu Apt 38,,Espoo,Uusimaa,02150,Espoo,7f5996db-bc22-4577-825b-6fd6db752b4b
3693,804 Vinqvist Katu,,Järvenpää,Uusimaa,04410,Järvenpää,87b6c55d-3993-4d89-bd55-01604ab28e14
3694,916 Wahlfors Katu,,Helsinki,Uusimaa,00650,Helsinki,8bd4e779-78a0-47df-ae15-92c14e983dc4
3695,277 Huusko Katu,,Raasepori,Uusimaa,10660,Raasepori,0f08e5ae-a63a-41e9-8de6-0a934317a68e
3696,442 Kiviniitty Katu,,Vantaa,Uusimaa,01420,Vantaa,61d2d6b7-0ccf-4f6b-be3f-4507d0e77083
3697,636 Juote Katu Suite 29,,Espoo,Uusimaa,02760,Espoo,2cf20bd5-a8f9-4542-93f7-ad580b3053c3
3698,995 Paakinaho Katu,,Helsinki,Uusimaa,00250,Helsinki,bd4a49f9-1eb9-4826-bb43-f90ebd879020
3699,719 Hakoluoto Katu,,Helsinki,Uusimaa,00710,Helsinki,04e6b14f-80a5-4066-a280-221a005dc81f
3700,675 Kylävainio Katu Suite 19,,Helsinki,Uusimaa,00160,Helsinki,67917f4b-7a22-4cf3-a039-7bf94af97135
3701,165 Sievinen Katu Suite 47,,Vantaa,Uusimaa,01390,Vantaa,88ad043a-ddf8-4c0b-8c0a-7e9e67cb5865
3702,229 Kosma Katu,,Helsinki,Uusimaa,00130,Helsinki,a1b86344-6ee6-4e9d-b696-bb9278130560
3703,645 Haupt Katu,,Vantaa,Uusimaa,01690,Vantaa,1a99dd73-ebef-45a2-8b18-75fb02fe4b9a
3704,615 Ryttäri Katu Apt 56,,Sipoo,Uusimaa,04150,Sipoo,15b9845f-f3d5-4d9a-81c6-c44c7a1b15fb
3705,766 Lohtaja Katu Unit 3,,Vantaa,Uusimaa,01630,Vantaa,cf3ded4d-a9b0-48b7-bcac-7e3f8aba1419
3706,328 Rinta-Paavola Katu Suite 5,,Raasepori,Uusimaa,10680,Raasepori,f73fb5c6-97d9-4fa5-8f3b-f646ebf684c8
3707,928 Sahala Katu,,Helsinki,Uusimaa,00190,Helsinki,9d938a67-3d3e-4f86-9460-d113aaf47a92
3708,740 Lavikko Katu Unit 20,,Vihti,Uusimaa,03250,Vihti,4c65415a-12a5-456e-8b0c-40b907deefd0
3709,417 Warteva Katu Apt 91,,Järvenpää,Uusimaa,04400,Järvenpää,e6307cdc-6a6b-4887-90a8-ba6196d25b54
3710,621 Ala-Sippola Katu Suite 45,,Helsinki,Uusimaa,00920,Helsinki,3fee0a79-1333-4b94-a981-6b41c6af19eb
3711,1044 Tervomaa Katu Suite 27,,Vantaa,Uusimaa,01520,Vantaa,31db77b9-0be9-426d-925a-9b1eee93ddbf
3712,933 Salim Katu,,Porvoo,Uusimaa,06650,Porvoo,ae886ec8-6016-4cbe-ac39-c162d00cf26b
3713,274 Vienonen Katu,,Espoo,Uusimaa,02780,Espoo,5ed9d13c-b96b-4aae-8da9-d0e9ff42320d
3714,619 Kivijakola Katu,,Helsinki,Uusimaa,00690,Helsinki,f75b7386-c301-4ea9-a7c0-62efe3d6ca34
3715,366 Hynnälä Katu Unit 70,,Espoo,Uusimaa,02380,Espoo,71f11caa-9e28-47ea-8ed1-b15029f2a5c3
3716,889 Beijar Katu Apt 35,,Helsinki,Uusimaa,00340,Helsinki,886faf4f-5b72-4801-9f15-14ceccdf5fac
3717,652 Hane Katu Unit 63,,Helsinki,Uusimaa,00870,Helsinki,14dd8c31-65a7-4fe1-96aa-caaa7a56b3f7
