START,STOP,PATIENT,ENCOUNTER,CODE,DESCRIPTION
1973-05-24,,e730d865-a783-4e42-b132-100bb4b845ab,c89bd2ea-7229-4836-96a6-a94bd12c45e1,53741008,Coronary Heart Disease
2001-02-08,,e730d865-a783-4e42-b132-100bb4b845ab,1d878b4d-210e-46bd-aa1b-e88c1a975bc1,22298006,Myocardial Infarction
2001-02-08,,e730d865-a783-4e42-b132-100bb4b845ab,1d878b4d-210e-46bd-aa1b-e88c1a975bc1,399211009,History of myocardial infarction (situation)
1989-08-08,,fc31bcdc-8267-4621-976e-c014db103b58,2568f531-9330-4bf5-8949-b71e25abd504,53741008,Coronary Heart Disease
2007-11-23,,94fc65d3-c3da-4d95-8498-b64e48337952,d6635faa-237b-454d-ac8a-c4ae160035fc,410429000,Cardiac Arrest
2007-11-23,,94fc65d3-c3da-4d95-8498-b64e48337952,d6635faa-237b-454d-ac8a-c4ae160035fc,429007001,History of cardiac arrest (situation)
1993-04-02,,d94a8b82-2017-48a3-aa97-cab56e5e8476,bfa7fd93-2b3d-42f4-8c19-616c6f218ab3,230690007,Stroke
1999-12-31,,b6ba5c2f-356a-49bb-b874-177ca55e79b1,57cc2025-22d7-4c69-a32a-0018a3093ae4,53741008,Coronary Heart Disease
2000-03-03,,b6ba5c2f-356a-49bb-b874-177ca55e79b1,d002c213-8b8a-42c1-aee4-8603f262dc15,22298006,Myocardial Infarction
2000-03-03,,b6ba5c2f-356a-49bb-b874-177ca55e79b1,d002c213-8b8a-42c1-aee4-8603f262dc15,399211009,History of myocardial infarction (situation)
2004-06-23,,c149df45-57c0-4193-8d43-f87ca860b71c,6e8f278b-f10b-49fa-bb0d-8ac9705d3fbb,49436004,Atrial Fibrillation
2013-10-15,,769c0718-368b-4bb4-8357-055123dc346e,cd7a50ad-d725-4e55-90b0-855c0525004b,410429000,Cardiac Arrest
2013-10-15,,769c0718-368b-4bb4-8357-055123dc346e,cd7a50ad-d725-4e55-90b0-855c0525004b,429007001,History of cardiac arrest (situation)
