START,STOP,PATIENT,PAYER,ENCOUNTER,CODE,DESCRIPTION,BASE_COST,PAYER_COVERAGE,DISPENSES,TOTALCOST,REASONCODE,REASONDESCRIPTION
1973-05-24,2001-02-08,e730d865-a783-4e42-b132-100bb4b845ab,b1c428d6-4f07-31e0-90f0-68ffa6ff8c76,c89bd2ea-7229-4836-96a6-a94bd12c45e1,705129,Nitroglycerin 0.4 MG/ACTUAT Mucosal Spray,107.32,0.00,337,36166.84,,
1991-09-05,,e730d865-a783-4e42-b132-100bb4b845ab,b1c428d6-4f07-31e0-90f0-68ffa6ff8c76,10878588-866f-4841-994d-8de93ce333bc,312961,Simvastatin 20 MG Oral Tablet,34.39,0.00,115,3954.85,,
1994-09-22,,e730d865-a783-4e42-b132-100bb4b845ab,b1c428d6-4f07-31e0-90f0-68ffa6ff8c76,aaa2fe8a-cd64-481c-a55e-114bce620987,197361,Amlodipine 5 MG Oral Tablet,45.11,0.00,77,3473.47,,
1997-10-09,2001-02-08,e730d865-a783-4e42-b132-100bb4b845ab,b1c428d6-4f07-31e0-90f0-68ffa6ff8c76,52327461-eb25-40cf-ae65-1d1a073f1a90,309362,Clopidogrel 75 MG Oral Tablet,38.18,0.00,40,1527.20,,
2001-02-08,2001-02-08,e730d865-a783-4e42-b132-100bb4b845ab,b1c428d6-4f07-31e0-90f0-68ffa6ff8c76,1d878b4d-210e-46bd-aa1b-e88c1a975bc1,259255,Atorvastatin 80 MG Oral Tablet,153.79,0.00,1,153.79,,
2001-02-08,2001-02-08,e730d865-a783-4e42-b132-100bb4b845ab,b1c428d6-4f07-31e0-90f0-68ffa6ff8c76,1d878b4d-210e-46bd-aa1b-e88c1a975bc1,833036,Captopril 25 MG Oral Tablet,59.59,0.00,1,59.59,,
1989-08-08,,fc31bcdc-8267-4621-976e-c014db103b58,b1c428d6-4f07-31e0-90f0-68ffa6ff8c76,2568f531-9330-4bf5-8949-b71e25abd504,705129,Nitroglycerin 0.4 MG/ACTUAT Mucosal Spray,117.52,0.00,372,43717.44,,
1991-08-20,,fc31bcdc-8267-4621-976e-c014db103b58,b1c428d6-4f07-31e0-90f0-68ffa6ff8c76,6acecbae-5691-458f-ab2b-eb7fcdb89ca5,312961,Simvastatin 20 MG Oral Tablet,17.39,0.00,347,6034.33,,
1994-09-06,,fc31bcdc-8267-4621-976e-c014db103b58,b1c428d6-4f07-31e0-90f0-68ffa6ff8c76,0fa04dc4-ce17-42be-a56e-5518d7a50521,197361,Amlodipine 5 MG Oral Tablet,72.06,0.00,310,22338.60,,
1997-09-23,,fc31bcdc-8267-4621-976e-c014db103b58,b1c428d6-4f07-31e0-90f0-68ffa6ff8c76,10fb3bfb-6778-4098-a5c5-6a57141331c7,309362,Clopidogrel 75 MG Oral Tablet,90.66,0.00,273,24750.18,,
1999-12-31,2000-03-03,b6ba5c2f-356a-49bb-b874-177ca55e79b1,b1c428d6-4f07-31e0-90f0-68ffa6ff8c76,57cc2025-22d7-4c69-a32a-0018a3093ae4,309362,Clopidogrel 75 MG Oral Tablet,83.93,0.00,2,167.86,,
1999-12-31,,b6ba5c2f-356a-49bb-b874-177ca55e79b1,b1c428d6-4f07-31e0-90f0-68ffa6ff8c76,57cc2025-22d7-4c69-a32a-0018a3093ae4,312961,Simvastatin 20 MG Oral Tablet,10.30,0.00,2,20.60,,
1999-12-31,,b6ba5c2f-356a-49bb-b874-177ca55e79b1,b1c428d6-4f07-31e0-90f0-68ffa6ff8c76,57cc2025-22d7-4c69-a32a-0018a3093ae4,197361,Amlodipine 5 MG Oral Tablet,48.39,0.00,2,96.78,,
1999-12-31,2000-03-03,b6ba5c2f-356a-49bb-b874-177ca55e79b1,b1c428d6-4f07-31e0-90f0-68ffa6ff8c76,57cc2025-22d7-4c69-a32a-0018a3093ae4,705129,Nitroglycerin 0.4 MG/ACTUAT Mucosal Spray,111.38,0.00,2,222.76,,
2000-03-03,2000-03-03,b6ba5c2f-356a-49bb-b874-177ca55e79b1,b1c428d6-4f07-31e0-90f0-68ffa6ff8c76,d002c213-8b8a-42c1-aee4-8603f262dc15,259255,Atorvastatin 80 MG Oral Tablet,298.62,0.00,1,298.62,,
2000-03-03,2000-03-03,b6ba5c2f-356a-49bb-b874-177ca55e79b1,b1c428d6-4f07-31e0-90f0-68ffa6ff8c76,d002c213-8b8a-42c1-aee4-8603f262dc15,833036,Captopril 25 MG Oral Tablet,137.25,0.00,1,137.25,,
2004-06-23,,c149df45-57c0-4193-8d43-f87ca860b71c,b1c428d6-4f07-31e0-90f0-68ffa6ff8c76,6e8f278b-f10b-49fa-bb0d-8ac9705d3fbb,855332,Warfarin Sodium 5 MG Oral Tablet,220.67,0.00,191,42147.97,,
2004-06-23,,c149df45-57c0-4193-8d43-f87ca860b71c,b1c428d6-4f07-31e0-90f0-68ffa6ff8c76,6e8f278b-f10b-49fa-bb0d-8ac9705d3fbb,897718,Verapamil Hydrochloride 40 MG,269.77,0.00,191,51526.07,,
2004-06-23,,c149df45-57c0-4193-8d43-f87ca860b71c,b1c428d6-4f07-31e0-90f0-68ffa6ff8c76,6e8f278b-f10b-49fa-bb0d-8ac9705d3fbb,197604,Digoxin 0.125 MG Oral Tablet,38.89,0.00,191,7427.99,,
2013-10-15,2013-10-15,769c0718-368b-4bb4-8357-055123dc346e,b1c428d6-4f07-31e0-90f0-68ffa6ff8c76,cd7a50ad-d725-4e55-90b0-855c0525004b,1660014,1 ML Epinephrine 1 MG/ML Injection,4.52,0.00,1,4.52,,
2013-10-15,2013-10-15,769c0718-368b-4bb4-8357-055123dc346e,b1c428d6-4f07-31e0-90f0-68ffa6ff8c76,cd7a50ad-d725-4e55-90b0-855c0525004b,834357,3 ML Amiodarone hydrocholoride 50 MG/ML Prefilled Syringe,181.64,0.00,1,181.64,,
2013-10-15,2013-10-15,769c0718-368b-4bb4-8357-055123dc346e,b1c428d6-4f07-31e0-90f0-68ffa6ff8c76,cd7a50ad-d725-4e55-90b0-855c0525004b,1190795,Atropine Sulfate 1 MG/ML Injectable Solution,32.01,0.00,1,32.01,,
