Id,BIRTHDATE,DEATHDATE,SSN,DRIVERS,PASSPORT,PREFIX,FIRST,LAST,SUFFIX,MAIDEN,MARITAL,RACE,ETHNICITY,GENDER,BIRTHPLACE,ADDRESS,CITY,STATE,COUNTY,ZIP,LAT,LON,HEALTHCARE_EXPENSES,HEALTHCARE_COVERAGE
9df146d0-ed6f-4026-8413-cacfe30c7a16,1989-01-07,,999-54-3961,S99967250,X49351478X,Mrs.,Munira,Luukkainen,,Palolampi,M,white,nonhispanic,F,Lohja  Uusimaa  FI,151 Partia Katu Unit 16,Espoo,Uusimaa,Espoo,02160,60.302123126658486,24.748832827776592,3875.0,0.0
fffecd73-7877-4ec5-8420-bb3bc3ea8897,1983-01-16,,999-31-7522,S99916239,X16334634X,Mrs.,Helmi-Elisa,Mustaparta,,Haarala,M,white,nonhispanic,F,Hyvinkää  Uusimaa  FI,766 Lahnasalo Katu Apt 92,Espoo,Uusimaa,Espoo,02280,60.20314138407534,24.76677357162789,4125.0,0.0
73ce3c37-bed6-4845-b418-8f4f2c5679bb,1978-10-31,,999-21-2661,S99931850,X80402660X,Mrs.,Neva,Unger,,Pajusalo,M,white,nonhispanic,F,Helsinki  Uusimaa  FI,891 Äärelä Katu,Espoo,Uusimaa,Espoo,02860,60.229162973348934,24.809448234626302,4375.0,0.0
d56d849a-04c1-4138-b1a3-b0d26f618949,1964-06-21,,999-32-2459,S99981831,X88719094X,Mr.,Olli-Veikko,Rekola,,,M,white,nonhispanic,M,Loviisa  Uusimaa  FI,410 Lauhasmaa Katu Unit 5,Espoo,Uusimaa,Espoo,02200,60.257810437319,24.727841135694906,5625.0,0.0
46c385e5-9b84-41d3-8c3e-d008d1a8388f,1966-09-28,,999-60-1660,S99972692,X5859514X,Mr.,Almar,Ahola,,,M,white,nonhispanic,M,Helsinki  Uusimaa  FI,625 Tiirinki Katu,Helsinki,Uusimaa,Helsinki,00780,60.23332079817058,24.915419941487823,5375.0,0.0
30ea8143-e2c3-4547-91e8-b4bb96e48c8c,1961-03-03,,999-23-1227,S99933455,X76713487X,Mrs.,Jenni-Liisa,Yli-Mäenpää,,Juliander,M,white,nonhispanic,F,Järvenpää  Uusimaa  FI,955 Perttala Katu,Helsinki,Uusimaa,Helsinki,00290,60.15999860659506,24.938786671006078,6000.0,0.0
e730d865-a783-4e42-b132-100bb4b845ab,1963-05-16,2001-02-08,999-37-8496,S99995156,X2026848X,Mrs.,Esperanza,Jeulonen,,Sistonen,M,white,nonhispanic,F,Vantaa  Uusimaa  FI,615 Pakkanen Katu Unit 16,Helsinki,Uusimaa,Helsinki,00190,60.19681220727228,25.085682217413318,6233.88,0.0
896c6835-4600-42a9-b24c-11439cea1c0e,1942-08-26,,999-57-8056,S99970929,X29164944X,Mrs.,Iira,Boucht,,Rannanjärvi,M,white,nonhispanic,F,Vantaa  Uusimaa  FI,717 Kylkisalo Katu,Espoo,Uusimaa,Espoo,02680,60.22208000394321,24.6472585404678,8375.0,0.0
0ab369cd-e0ab-4ce5-809e-688248771711,1979-04-10,,999-98-1237,S99933393,X17360854X,Mr.,Noak,Metsärinne,,,M,white,nonhispanic,M,Helsinki  Uusimaa  FI,689 Assola Katu,Helsinki,Uusimaa,Helsinki,00870,60.212851945112185,24.939326292747182,4375.0,0.0
70e905d5-aeb6-4397-b696-4554e108c72e,2008-11-19,,999-88-8690,,,,Atri,Sallanne,,,,white,nonhispanic,M,Helsinki  Uusimaa  FI,576 Joas Katu Apt 5,Mäntsälä,Uusimaa,Mäntsälä,04600,60.700996561828866,25.326615601838085,2500.0,0.0
85a4c7e8-132b-4c8f-b0eb-95b451830c9f,1958-05-22,,999-43-3526,S99918026,X49937137X,Mrs.,Fatema,Wuoristo,,Tynnilä,M,white,nonhispanic,F,Loviisa  Uusimaa  FI,551 Ahovalli Katu Apt 12,Lohja,Uusimaa,Lohja,03870,60.23375998961567,24.077732715590404,6375.0,0.0
bcd804b8-31a1-4860-b2c6-8e2df7a5a6d6,1972-06-07,,999-68-1346,S99938126,X76659295X,Mrs.,Maari,Vilola,,Vaheri,M,white,nonhispanic,F,Nurmijärvi  Uusimaa  FI,633 Topra Katu,Kerava,Uusimaa,Kerava,04230,60.38736929642092,25.08156677758981,4750.0,0.0
427faa89-7380-4b35-9679-e32e4a2e8bb0,1914-06-05,,999-60-3383,S99931415,X8237198X,Mrs.,Tiina-Sisko,Hietapelto,,Mussaari,M,white,nonhispanic,F,Sipoo  Uusimaa  FI,788 Rännäri Katu,Vantaa,Uusimaa,Vantaa,01710,60.26178508716094,24.817193523582233,11750.0,0.0
644e0321-26df-4d10-90d7-db74c3454801,1958-07-05,,999-31-7324,S99954189,X45853856X,Ms.,Mohamed,Arvaja,,,S,white,nonhispanic,F,Espoo  Uusimaa  FI,752 Saarelma Katu,Vantaa,Uusimaa,Vantaa,01680,60.26696247768535,24.804344802430094,6375.0,0.0
2b38cd04-e578-421f-8f33-db410e892491,1946-11-17,,999-45-5018,S99941618,X28286562X,Mrs.,Abdinasir,Toiva,,Martonen,M,white,nonhispanic,F,Helsinki  Uusimaa  FI,908 Halmeenmäki Katu Suite 33,Vantaa,Uusimaa,Vantaa,01660,60.305066576396904,24.773510729937207,7750.0,0.0
dc9cac64-5472-4d2f-8948-cb659d789224,2002-05-28,,999-86-9554,S99939044,,,Riitta-Anneli,Knopp,,,,white,nonhispanic,F,Vantaa  Uusimaa  FI,199 Salonaho Katu Unit 85,Helsinki,Uusimaa,Helsinki,00850,60.19134421210387,25.07067137538472,3250.0,0.0
9174c5a4-922d-4b19-9f37-674f210517a4,1963-05-16,,999-10-9092,S99918323,X63133304X,Ms.,Wiola,Niemeläinen,,,S,white,nonhispanic,F,Mäntsälä  Uusimaa  FI,547 Kuorelahti Katu,Helsinki,Uusimaa,Helsinki,00410,60.22647297065708,24.964243612226497,5750.0,0.0
10779fdf-df02-42ca-a996-eeb4c76d7aa0,2006-06-10,,999-47-5677,,,,Stefanus,Lundin,,,,white,nonhispanic,M,Helsinki  Uusimaa  FI,921 Mälkönen Katu Unit 89,Espoo,Uusimaa,Espoo,02770,60.28326657839051,24.74178371283675,2750.0,0.0
fc31bcdc-8267-4621-976e-c014db103b58,1958-05-27,,999-88-6726,S99933568,X15973640X,Mr.,Toni-Markus,Rislakki,,,S,white,nonhispanic,M,Helsinki  Uusimaa  FI,193 Ruoppa Katu,Lohja,Uusimaa,Lohja,03810,60.443806250642105,24.100226017826106,7750.0,0.0
964adbf3-78fc-4958-8a36-71071747c07d,2003-05-09,,999-22-6791,S99948989,,,Jenna-Mari,Kuntonen,,,,white,nonhispanic,F,Hyvinkää  Uusimaa  FI,566 Valtanen Katu Suite 59,Helsinki,Uusimaa,Helsinki,00170,60.250007015937655,24.888845634801243,3125.0,0.0
431819f6-416c-4015-b7d8-9d0ec505f1bd,2005-02-16,,999-65-7442,,,,Awad,Sivén,,,,white,nonhispanic,M,Vihti  Uusimaa  FI,857 Aspegrén Katu Unit 97,Helsinki,Uusimaa,Helsinki,00440,60.105955488350304,24.8689959581965,2875.0,0.0
7de86386-58a3-4b34-b45f-4858d9a055ca,1989-10-10,,999-62-5658,S99947348,X76852289X,Mrs.,Ninel,Meretniemi,,Uuro,M,white,nonhispanic,F,Vantaa  Uusimaa  FI,327 Hyytinen Katu Apt 66,Vantaa,Uusimaa,Vantaa,01530,60.26291375317211,25.063282664929627,3875.0,0.0
fd566326-399a-49a7-9acf-f38dac57901c,2013-08-12,,999-82-8626,,,,Anna-Kerttu,Trontti,,,,white,nonhispanic,F,Espoo  Uusimaa  FI,574 Almenoksa Katu Apt 81,Vantaa,Uusimaa,Vantaa,01380,60.354851535630964,25.155144002046185,1875.0,0.0
25c3c525-338b-4b91-93ac-8b563abfa69e,1968-08-02,,999-36-9139,S99946643,X63751880X,Mr.,Luukas,Nironen,,,M,white,nonhispanic,M,Helsinki  Uusimaa  FI,101 Toom Katu Suite 97,Lohja,Uusimaa,Lohja,08360,60.31047800119264,23.93504054431915,5125.0,0.0
8a896b25-ec3d-4dfe-9f90-5407ecdcbe0a,1999-09-16,,999-36-8560,S99950696,X60165776X,Ms.,Ella-Noora,Först,,,,white,nonhispanic,F,Helsinki  Uusimaa  FI,112 Ujala Katu Unit 11,Helsinki,Uusimaa,Helsinki,00250,60.24510936284384,25.036844749674447,3500.0,0.0
49ab378d-ff66-4040-a2b4-62f8d2b6f63d,2013-01-15,,999-37-2659,,,,Thea,Määttänen,,,,white,nonhispanic,F,Vantaa  Uusimaa  FI,372 Törnroth Katu Suite 67,Helsinki,Uusimaa,Helsinki,00580,60.24174281124119,25.04647984944587,2000.0,0.0
1bcbce6a-34d2-432f-bb54-aeabef9c0902,2004-08-07,,999-58-5575,,,,Amna,Vallinoja,,,,white,nonhispanic,F,Espoo  Uusimaa  FI,340 Koskensalo Katu Unit 70,Vihti,Uusimaa,Vihti,03250,60.386242354883805,24.318522191630052,3000.0,0.0
916ed2e5-bf7e-4649-b6f7-7aa411fc64ce,1977-06-20,,999-59-3356,S99923622,X55780476X,Mr.,Zakaria,Parisaari,,,M,white,nonhispanic,M,Mäntsälä  Uusimaa  FI,952 Lepikko Katu,Siuntio,Uusimaa,Siuntio,02570,60.116227741709906,24.374696575086926,4500.0,0.0
ab310815-3e22-4e9e-9923-696d2bebf5b0,1945-02-26,,999-39-7434,S99918732,X41056886X,Mr.,Sardar,Siren,,,S,white,nonhispanic,M,Vantaa  Uusimaa  FI,890 Tingander Katu,Vantaa,Uusimaa,Vantaa,01750,60.31455541004453,25.007564664429474,8000.0,0.0
e5585c12-f2e6-4d15-bf8a-af7aa52be86b,1980-05-16,,999-86-2746,S99970993,X27049460X,Mrs.,Markontytär,Tiusanen,,Sandbacka,M,white,nonhispanic,F,Tuusula  Uusimaa  FI,1060 Lähti Katu,Helsinki,Uusimaa,Helsinki,00900,60.18541071252715,24.91770722723407,4250.0,0.0
aa0a7e9d-5401-4b77-9268-5944f150d1f4,1991-05-14,,999-99-3540,S99987825,X22047970X,Ms.,Åkesdotter,Vähä-Ruka,,,S,white,nonhispanic,F,Vihti  Uusimaa  FI,355 Helisvuori Katu,Helsinki,Uusimaa,Helsinki,00440,60.168630396064806,24.88301667443274,3875.0,0.0
9b3d73b3-30d5-4d0d-97c9-6a32f116963b,2018-11-03,,999-83-6013,,,,Elen,Päärni,,,,white,nonhispanic,F,Helsinki  Uusimaa  FI,472 Välijeesiö Katu Apt 42,Espoo,Uusimaa,Espoo,02780,60.206496589367724,24.738597173909742,875.0,0.0
9f5c0be9-95af-47b1-8a01-5ecc028fbeee,2000-12-31,,999-23-8016,S99959391,,Mr.,Atte,Kortteisto,,,,white,nonhispanic,M,Vantaa  Uusimaa  FI,470 Haapasalmi Katu Unit 90,Espoo,Uusimaa,Espoo,02770,60.218560800431625,24.80651818356838,3500.0,0.0
1d40afbe-cd93-4164-92b7-b055ec2cca2c,2005-06-03,,999-57-5004,,,,Jared,Hutka,,,,white,nonhispanic,M,Lohja  Uusimaa  FI,214 Syrjä Katu Unit 6,Kirkkonummi,Uusimaa,Kirkkonummi,02390,60.166387160659795,24.432173106216194,2875.0,0.0
444d801d-25e6-4ae3-9dd9-84e3d64b22ee,1973-01-20,,999-61-3103,S99914502,X28622059X,Mr.,Sergej,Rouhiainen,,,M,white,nonhispanic,M,Helsinki  Uusimaa  FI,502 Viteli Katu,Helsinki,Uusimaa,Helsinki,00890,60.24014682353893,25.00699690121134,4750.0,0.0
9dceba9e-4228-453c-8586-4efe7d71e294,1959-02-19,,999-22-9976,S99937417,X75322923X,Mr.,Alvin,Hammarström,,,M,white,nonhispanic,M,Espoo  Uusimaa  FI,1038 Tittonen Katu Apt 0,Helsinki,Uusimaa,Helsinki,00530,60.22235142713695,25.008579314449584,6250.0,0.0
b716dca5-717b-48bc-8c5e-f89d3895f2d8,1973-01-08,,999-64-2407,S99943656,X56023904X,Mrs.,Muriel,Viitamäki,,Tannermäki,M,white,nonhispanic,F,Helsinki  Uusimaa  FI,260 Murray Katu,Vantaa,Uusimaa,Vantaa,01380,60.313065384739645,24.934428820134197,4750.0,0.0
3b604384-27b9-46f4-bfd0-9e3bb37745f8,1943-08-06,,999-57-4589,S99983883,X58215037X,Mrs.,Helmina,Oijusluoma,,Palmer,M,white,nonhispanic,F,Raasepori  Uusimaa  FI,239 Broms Katu,Helsinki,Uusimaa,Helsinki,00780,60.230987094562366,24.925939121597562,8250.0,0.0
6647b3da-c276-4802-9036-f20a828ace01,2019-10-07,,999-87-7833,,,,Veli-Jaakko,Kastu,,,,white,nonhispanic,M,Lohja  Uusimaa  FI,703 Marttala Katu,Kirkkonummi,Uusimaa,Kirkkonummi,02400,60.00323723224263,24.388101461187635,375.0,0.0
c8f7e1e1-76ec-4e71-bc5b-ca3f98892a1c,2001-03-27,,999-95-7008,S99911133,,Ms.,Natja,Stenman,,,,white,nonhispanic,F,Helsinki  Uusimaa  FI,607 Masanen Katu,Espoo,Uusimaa,Espoo,02380,60.20173783863155,24.768601903398906,3375.0,0.0
38c4d79a-d30f-408f-a381-95a8a3d30aeb,1956-08-20,,999-28-3563,S99925370,X31479927X,Mr.,Zakariya,Yli-Salomäki,,,M,white,nonhispanic,M,Helsinki  Uusimaa  FI,670 Kiviperä Katu Suite 55,Helsinki,Uusimaa,Helsinki,00180,60.21022287908294,25.060748565304955,6625.0,0.0
2e1573e3-4f93-4ab9-9617-0f791c29e4ae,1987-05-08,,999-16-6528,S99942672,X69740575X,Mrs.,Gundborg,Rosenlöf,,Roine,M,white,nonhispanic,F,Helsinki  Uusimaa  FI,921 Hyseni Katu,Vantaa,Uusimaa,Vantaa,01260,60.295399841965136,24.963597456208074,4000.0,0.0
291b6c6f-c95b-4a4e-86ef-e4504f894403,1987-03-19,,999-89-6815,S99956197,X88220778X,Mrs.,Jurjevna,Kamunen,,Vilamaa,M,white,nonhispanic,F,Helsinki  Uusimaa  FI,243 Korin Katu,Vantaa,Uusimaa,Vantaa,01690,60.2518602128347,24.84961594541919,4000.0,0.0
dd30bf0d-41ca-487a-aba8-7d52bdb5d178,1945-07-17,,999-54-5513,S99974823,X39641641X,Mrs.,Sadia,Lietzén,,Henttunen,M,white,nonhispanic,F,Porvoo  Uusimaa  FI,371 Parta Katu,Hyvinkää,Uusimaa,Hyvinkää,05720,60.58348283857822,24.858706725721312,8000.0,0.0
a643fb62-b48e-476c-a128-ad701f7d5908,1969-08-18,,999-94-3469,S99958147,X75037703X,Mr.,Kassius,Härsilä,,,M,white,nonhispanic,M,Helsinki  Uusimaa  FI,234 Toni Katu Apt 22,Espoo,Uusimaa,Espoo,02260,60.21410808360137,24.644728704202894,5000.0,0.0
531981b4-46ba-400c-b354-6588de293021,1967-08-31,,999-35-1039,S99983699,X66429185X,Mr.,Andaras,Suvanto,,,M,white,nonhispanic,M,Vantaa  Uusimaa  FI,777 Karaksela Katu Suite 12,Raasepori,Uusimaa,Raasepori,10300,60.04615289059154,23.69160329726122,5250.0,0.0
06eb4224-4402-49c8-b768-ae14681dbe49,1996-03-16,,999-40-4516,S99941664,X50431627X,Mr.,Damian,Nikara,,,,white,nonhispanic,M,Kirkkonummi  Uusimaa  FI,123 Korenius Katu Suite 52,Vantaa,Uusimaa,Vantaa,01660,60.360763036188935,25.09611052194982,3625.0,0.0
94fc65d3-c3da-4d95-8498-b64e48337952,1986-01-17,,999-64-2606,S99960612,X46298052X,Mrs.,Aino-Sofia,Nuorgam,,Dalén,M,white,nonhispanic,F,Espoo  Uusimaa  FI,207 Hakalisto Katu,Hyvinkää,Uusimaa,Hyvinkää,05830,60.649565985130856,24.858449750089832,4213.62,0.0
30c5ec3e-25e4-400f-b480-b3b69605a56f,1990-03-10,,999-18-4756,S99930338,X77641427X,Mr.,Astor,Artukka,,,M,white,nonhispanic,M,Helsinki  Uusimaa  FI,962 Myllyoja Katu,Espoo,Uusimaa,Espoo,02170,60.191150294899636,24.766788771329846,3875.0,0.0
9e542799-5ae7-46bd-a44e-f89e09cf64cd,2018-05-12,,999-58-6507,,,,Jarl-Olof,Savakko,,,,white,nonhispanic,M,Espoo  Uusimaa  FI,845 Tikkaoja Katu,Kerava,Uusimaa,Kerava,04260,60.420723293955156,25.122021716012434,1000.0,0.0
a11dc003-55a5-47f4-a50d-f166c11dc8fb,1989-05-28,,999-12-3092,S99998500,X22689976X,Mr.,Aapo,Santaluoto,,,M,white,nonhispanic,M,Helsinki  Uusimaa  FI,532 Kytösaho Katu Unit 10,Vihti,Uusimaa,Vihti,03430,60.38199163990867,24.39388894138987,3875.0,0.0
fd09c3ff-5110-47ad-b35f-426d28a8857e,1964-05-26,,999-96-1589,S99962862,X263165X,Mr.,Kanerva,Pohtila,,,M,white,nonhispanic,M,Vantaa  Uusimaa  FI,918 Kulmalahti Katu Unit 45,Vantaa,Uusimaa,Vantaa,01520,60.34186988035395,25.15348723984396,5625.0,0.0
ab4dc2f8-dc95-42a7-b927-77450cbf0ea1,2019-07-17,,999-32-2318,,,,Etta,Vierumäki,,,,white,nonhispanic,F,Helsinki  Uusimaa  FI,130 Pussinen Katu,Vihti,Uusimaa,Vihti,03100,60.47642381409142,24.50592074145471,500.0,0.0
d4f22a07-60b4-46d8-a428-e0e4d9639b8b,1979-06-08,,999-74-8858,S99938268,X38373771X,Mr.,Miika-Markus,Hahmo,,,M,white,nonhispanic,M,Mäntsälä  Uusimaa  FI,662 Hammari Katu Apt 44,Helsinki,Uusimaa,Helsinki,00560,60.16437303034576,24.931215859831443,4375.0,0.0
610724d8-e7c0-434b-8f44-29de4af3405f,2006-09-28,,999-49-3855,,,,Jaanus,Ala-Kauttu,,,,white,nonhispanic,M,Raasepori  Uusimaa  FI,577 Lankila Katu Unit 23,Espoo,Uusimaa,Espoo,02810,60.117272247193036,24.811640509764278,2750.0,0.0
cf726c7c-54ce-493a-a63d-b1bfb5b7316b,1997-06-22,,999-29-4727,S99944783,X45118409X,Ms.,Kaari,Mankkinen,,,,white,nonhispanic,F,Kerava  Uusimaa  FI,115 Kuopus Katu Unit 9,Lohja,Uusimaa,Lohja,08500,60.17203287206791,24.047734236336993,3625.0,0.0
318c1290-df62-445b-b344-8d972891374e,1973-06-07,,999-41-1647,S99945202,X76362983X,Mr.,Halvar,Prinz,,,M,white,nonhispanic,M,Porvoo  Uusimaa  FI,413 Juudin Katu Apt 89,Lohja,Uusimaa,Lohja,08100,60.40749784983401,23.847916348277007,4750.0,0.0
08c54ca1-de67-4f35-9ef5-8168ef456530,1988-01-20,,999-72-2823,S99941365,X39752575X,Mr.,Ville-Jussi,Ruohoranta,,,M,white,nonhispanic,M,Helsinki  Uusimaa  FI,995 Huotinen Katu,Loviisa,Uusimaa,Loviisa,07910,60.50153874643923,26.16421054726183,4000.0,0.0
93d2a088-4b6d-4436-af50-f5218ab2ee32,1970-04-24,,999-28-5352,S99970624,X85860762X,Mr.,Ambrosius,Saneri,,,S,white,nonhispanic,M,Espoo  Uusimaa  FI,455 Voutilainen Katu Unit 3,Vantaa,Uusimaa,Vantaa,01280,60.205382893892455,24.83032576692352,4875.0,0.0
a592afd2-e92c-4e6c-9c49-d27727d1d0c5,2017-05-05,,999-64-5561,,,,Piritta,Leskinen,,,,white,nonhispanic,F,Tuusula  Uusimaa  FI,127 Merenlahti Katu Apt 98,Espoo,Uusimaa,Espoo,02820,60.107587336565565,24.71127823438412,1250.0,0.0
54f40b5f-f408-494b-9419-8e439d2060f1,1967-11-15,,999-25-8934,S99945870,X65102268X,Mr.,Anssi,Storhannus,,,M,white,nonhispanic,M,Hyvinkää  Uusimaa  FI,387 Suosaari Katu,Helsinki,Uusimaa,Helsinki,00200,60.18168636632178,25.13854916463681,5250.0,0.0
2585e149-3267-49b0-9fe6-aab7e060ecb8,1965-06-29,,999-96-7128,S99911696,X80909949X,Mr.,Waltter,Risberg,,,M,white,nonhispanic,M,Helsinki  Uusimaa  FI,998 Saahko Katu,Sipoo,Uusimaa,Sipoo,06880,60.4618608302438,25.219532685044257,5500.0,0.0
04b5ea4e-7fb5-48f7-88f7-b789f2a7c2b4,1962-07-10,,999-19-9874,S99940611,X83799325X,Ms.,Nikoletta,Talikka,,,S,white,nonhispanic,F,Espoo  Uusimaa  FI,913 Kilpi Katu Suite 16,Helsinki,Uusimaa,Helsinki,00820,60.21405321010332,25.105288186945756,5875.0,0.0
09af5d5e-b88d-40b7-8d47-77bce1faf005,1940-09-11,,999-24-2961,S99953048,X66411431X,Mrs.,Sari-Helena,Rouru,,Meriheinä,M,white,nonhispanic,F,Hyvinkää  Uusimaa  FI,765 Joenkoski Katu,Kirkkonummi,Uusimaa,Kirkkonummi,02550,60.250426253173956,24.451128026492587,8625.0,0.0
7c0a75c0-56a0-4de1-8142-3ba4185b3daf,1995-02-12,,999-96-6889,S99991929,X88161930X,Mr.,Arn,Nakkinen,,,,white,nonhispanic,M,Vantaa  Uusimaa  FI,547 Juurikivi Katu Unit 79,Vantaa,Uusimaa,Vantaa,01680,60.24162103599525,24.832814702606427,3625.0,0.0
480a0b2f-5dcb-49aa-940f-fbe78a937ddd,2012-05-27,,999-23-2429,,,,Juho-Kustaa,Vuolio,,,,white,nonhispanic,M,Helsinki  Uusimaa  FI,495 Langinen Katu,Helsinki,Uusimaa,Helsinki,00210,60.22040974633045,24.89661013969042,2000.0,0.0
f275fd10-6e13-4147-83e2-f036c45c0bab,1962-02-07,,999-52-3978,S99988855,X51962922X,Mr.,Vitaliy,Brand,,,S,white,nonhispanic,M,Nurmijärvi  Uusimaa  FI,288 Ala-Luhtala Katu,Porvoo,Uusimaa,Porvoo,07110,60.44856345098277,25.54972586488913,5875.0,0.0
19b6354d-eb46-4b7a-a56b-63b7ca4e5ffe,1972-07-23,,999-69-3176,S99993483,X29376075X,Mrs.,Leena-Maija,Jalasmäki,,Immonen,M,white,nonhispanic,F,Tuusula  Uusimaa  FI,502 Pihlainen Katu,Nurmijärvi,Uusimaa,Nurmijärvi,01810,60.56915859568662,24.934407437393936,4750.0,0.0
de06e9e7-c228-4b61-82d9-39ff4e2d53ce,1969-08-16,,999-54-7429,S99912815,X62094859X,Mrs.,Jadette,Savaloja,,Palmunen,M,white,nonhispanic,F,Mäntsälä  Uusimaa  FI,294 Skyttén Katu,Helsinki,Uusimaa,Helsinki,00130,60.11498409644635,24.9426962510559,5000.0,0.0
38ed4e5c-fc46-45ae-9260-48e7856c228b,1958-09-03,,999-33-7142,S99943325,X34486782X,Mrs.,Sirkku,Muuriaisniemi,,Eestilä,M,white,nonhispanic,F,Helsinki  Uusimaa  FI,580 Grefberg Katu Unit 3,Espoo,Uusimaa,Espoo,02250,60.23178416077937,24.564942893404957,6375.0,0.0
d94a8b82-2017-48a3-aa97-cab56e5e8476,1950-04-28,,999-72-1057,S99998239,X71162429X,Ms.,Milica,Fagerlund,,,S,white,nonhispanic,F,Helsinki  Uusimaa  FI,606 Tempakka Katu Apt 0,Lapinjärvi,Uusimaa,Lapinjärvi,47350,60.598173337328014,26.2261698647835,13637.880000000001,0.0
f720d424-8022-451f-84ed-c585d81403a2,2003-03-02,,999-11-2178,S99919103,,,Eleanora,Hangaslahti,,,,white,nonhispanic,F,Vantaa  Uusimaa  FI,1054 Viittanen Katu,Helsinki,Uusimaa,Helsinki,00510,60.13763546695312,24.99911770043288,3125.0,0.0
563e6d18-68cc-4f04-a1c0-efee395e5d0b,2016-08-14,,999-59-3774,,,,Alpiin,Bos,,,,white,nonhispanic,M,Espoo  Uusimaa  FI,211 Verkkosaari Katu,Helsinki,Uusimaa,Helsinki,00680,60.14843292190652,24.959781717172884,1500.0,0.0
038ab1aa-8126-4023-8ed9-fbd995685135,2013-01-16,,999-65-4456,,,,Wolf,Uoti,,,,white,nonhispanic,M,Helsinki  Uusimaa  FI,742 Tenn Katu Apt 77,Helsinki,Uusimaa,Helsinki,00570,60.2116254975017,25.084269338129374,2000.0,0.0
443d9b07-9924-44bd-a868-86db24d3d11c,1983-08-28,,999-38-9824,S99984469,X66610109X,Mr.,Eskeli,Järviaho,,,S,white,nonhispanic,M,Mäntsälä  Uusimaa  FI,287 Teurajärvi Katu,Helsinki,Uusimaa,Helsinki,00880,60.1695351169342,24.903621111898573,4125.0,0.0
ce7ac636-b40e-4f2e-8538-a04f78b7a58d,1959-12-20,,999-97-7726,S99948531,X1813119X,Mr.,Ilmarinpoika,Lavapuro,,,M,white,nonhispanic,M,Helsinki  Uusimaa  FI,185 Säiniö Katu,Espoo,Uusimaa,Espoo,02300,60.136468640219725,24.635804503496832,6250.0,0.0
82026e6e-a5fa-448d-aead-3d0cefb7cdbf,1980-03-22,,999-32-1572,S99986950,X81347562X,Mr.,Pami,Potinoja,,,M,white,nonhispanic,M,Vantaa  Uusimaa  FI,841 Viertoma Katu,Tuusula,Uusimaa,Tuusula,04330,60.48090295042955,24.995741801555223,4250.0,0.0
738a006c-f4a5-4750-94f9-4bc922692fe1,1945-08-19,,999-83-9026,S99952157,X48258130X,Mr.,Jaakko-Matti,Fiskari,,,M,white,nonhispanic,M,Tuusula  Uusimaa  FI,528 Fleming Katu,Karkkila,Uusimaa,Karkkila,03600,60.52322118007709,24.445076881903674,8000.0,0.0
e94284cb-25e8-48b4-a82c-d00076a91352,1983-05-08,,999-47-1491,S99924311,X19936983X,Mrs.,Annasofia,Töppärä,JD,Korvenrinne,M,white,nonhispanic,F,Helsinki  Uusimaa  FI,245 Metz Katu,Vantaa,Uusimaa,Vantaa,01650,60.25685884046777,25.029733126918543,4125.0,0.0
93a84576-3904-42d9-aac1-6be5c101ca24,1958-10-14,,999-24-2375,S99947615,X77674602X,Ms.,Liisa-Mari,Tasku,,,S,white,nonhispanic,F,Helsinki  Uusimaa  FI,734 Köster Katu,Helsinki,Uusimaa,Helsinki,00530,60.25025307795725,24.828043527091808,6375.0,0.0
923c800e-692f-4354-8e91-263bae13ecc4,1979-08-26,,999-39-6873,S99991317,X45155926X,Mr.,Kim,Vanhakartano,,,M,white,nonhispanic,M,Helsinki  Uusimaa  FI,643 Vaelma Katu,Helsinki,Uusimaa,Helsinki,00680,60.257646126199575,24.98599325982383,4375.0,0.0
c651a3a5-9b06-48e4-83ba-8cfdf6c524a2,1987-05-29,,999-51-1112,S99982729,X38084587X,Mr.,Jeppe,Niemonen,,,M,white,nonhispanic,M,Askola  Uusimaa  FI,199 Kaatikko Katu Unit 80,Helsinki,Uusimaa,Helsinki,00860,60.2283884964096,24.9920591259925,4000.0,0.0
a0368edb-b422-4bea-9fc6-85a34841b6f8,2009-03-12,,999-48-9694,,,,Harrinpoika,Vetämäjärvi,,,,white,nonhispanic,M,Lohja  Uusimaa  FI,570 Varje Katu Apt 53,Vantaa,Uusimaa,Vantaa,01360,60.3109365157005,24.90533231394385,2375.0,0.0
2863ec21-d1a9-499b-abce-34695d365156,1984-05-07,,999-99-2705,S99952418,X54252981X,Mr.,Esra,Aroheinä,,,M,white,nonhispanic,M,Espoo  Uusimaa  FI,381 Raistakka Katu Unit 10,Järvenpää,Uusimaa,Järvenpää,04440,60.503759607378726,25.05819727330216,4125.0,0.0
3f606998-3ff9-41aa-91b4-d719922654c7,2014-03-23,,999-77-2734,,,,Kiara,Saunajoki,,,,white,nonhispanic,F,Espoo  Uusimaa  FI,1085 Silpola Katu,Helsinki,Uusimaa,Helsinki,00880,60.20886076238627,24.842622458610037,1750.0,0.0
b6ba5c2f-356a-49bb-b874-177ca55e79b1,1940-11-08,2000-03-03,999-12-2304,S99914095,X73189179X,Mr.,Selmi,Kuurlunti,,,M,white,nonhispanic,M,Vantaa  Uusimaa  FI,420 Louhimo Katu Apt 13,Nurmijärvi,Uusimaa,Nurmijärvi,01840,60.45020812515374,24.79996776132244,6881.18,0.0
f5aac91c-c1a0-4159-a109-8c75188cc338,1969-01-27,,999-92-8046,S99955064,X89941193X,Mrs.,Terhi-Liisa,Sahrman,,Kirmanen,M,white,nonhispanic,F,Vantaa  Uusimaa  FI,849 Parkkola Katu Apt 37,Espoo,Uusimaa,Espoo,02140,60.30479403694454,24.65392489250069,5125.0,0.0
c149df45-57c0-4193-8d43-f87ca860b71c,1941-04-09,,999-81-1714,S99949016,X8939507X,Mr.,Luqman,Kupila,,,M,white,nonhispanic,M,Helsinki  Uusimaa  FI,726 Leviäkangas Katu Apt 31,Nurmijärvi,Uusimaa,Nurmijärvi,01900,60.458198344001204,24.846222505358895,8500.0,0.0
6ddbcd20-215f-491c-b5e1-406c6685cf88,1997-09-19,,999-33-2858,S99970292,X29360147X,Ms.,Gunveig,Pekkinen,,,,white,nonhispanic,F,Vihti  Uusimaa  FI,127 Ala-Nikula Katu,Helsinki,Uusimaa,Helsinki,00910,60.26807954408382,24.977417125535148,3625.0,0.0
270c9c03-30c5-48e5-8bba-753115dd2d84,2000-10-14,,999-75-6069,S99981630,,Ms.,Lidija,Eräpalo,,,,white,nonhispanic,F,Raasepori  Uusimaa  FI,893 Rantatorikka Katu Suite 66,Tuusula,Uusimaa,Tuusula,04340,60.363163476139405,25.01977273971824,3500.0,0.0
020f58e1-4d0e-4f29-a8d2-0d53e5cf0173,1975-08-10,,999-81-5400,S99938783,X65084817X,Mrs.,Ertta,Haarma,,Kaltiala,M,white,nonhispanic,F,Helsinki  Uusimaa  FI,394 Olkoniemi Katu,Siuntio,Uusimaa,Siuntio,02580,60.15560575447144,24.076310967261946,4625.0,0.0
b2d7f5d5-d580-4e4c-8a28-a84c15256633,1963-05-25,,999-58-3547,S99992807,X42730840X,Mrs.,Manteli,En,,Arimo,M,white,nonhispanic,F,Lohja  Uusimaa  FI,492 Pahkajärvi Katu,Siuntio,Uusimaa,Siuntio,02580,60.19292939593614,24.273214924809704,5750.0,0.0
dbc6fc86-089c-4442-ba98-32a4fd0af63c,1976-01-15,,999-55-6019,S99924584,X34396754X,Mr.,Lennox,Sutinen,,,M,white,nonhispanic,M,Helsinki  Uusimaa  FI,623 Reinhardt Katu,Vantaa,Uusimaa,Vantaa,01700,60.39384278972141,24.883401402583182,4625.0,0.0
c1d94605-5355-48a1-a4b3-b10b0475992c,1980-10-22,,999-77-9709,S99997242,X52635606X,Mr.,Wyatt,Isotalo,,,M,white,nonhispanic,M,Järvenpää  Uusimaa  FI,942 Niittyaro Katu,Helsinki,Uusimaa,Helsinki,00200,60.202120566034566,24.929446186967006,4250.0,0.0
604c76b2-4a7d-491b-80fc-f2192b2c424c,1975-06-29,,999-93-9326,S99930706,X5372994X,Mrs.,Maj-Louise,Vertainen,,Nilsen,M,white,nonhispanic,F,Raasepori  Uusimaa  FI,273 Thiel Katu Apt 59,Vantaa,Uusimaa,Vantaa,01600,60.27991868194439,25.051043621876747,4625.0,0.0
85daefae-60cc-49a5-bd5e-a631f767cd21,1981-02-22,,999-17-6590,S99936988,X42120609X,Mr.,Yusef,Ahjokivi,,,M,white,nonhispanic,M,Vantaa  Uusimaa  FI,256 Rotkirch Katu,Vantaa,Uusimaa,Vantaa,01670,60.31386659167407,25.093206843658212,4250.0,0.0
3164ad58-5481-4749-8cc0-9617064f6007,1974-07-06,,999-48-2468,S99933581,X75703021X,Mrs.,Darina,Renström,,Kruse,M,white,nonhispanic,F,Hyvinkää  Uusimaa  FI,143 Mansikkasalo Katu Unit 84,Kirkkonummi,Uusimaa,Kirkkonummi,02450,60.17573291405733,24.394562258075084,4625.0,0.0
8c616e87-438d-4024-acb9-320e9fd6bc6d,1995-08-28,,999-75-9974,S99913074,X58690052X,Mr.,Olavi,Julkunen,,,,white,nonhispanic,M,Hyvinkää  Uusimaa  FI,538 Hyväluoma Katu,Espoo,Uusimaa,Espoo,02920,60.13256119286418,24.7475844357612,3625.0,0.0
769c0718-368b-4bb4-8357-055123dc346e,2002-10-15,,999-76-4473,S99977704,,,Erja,Laipio,,,,white,nonhispanic,F,Helsinki  Uusimaa  FI,1015 Jolula Katu,Vantaa,Uusimaa,Vantaa,01630,60.30273448207208,25.131835593477838,3593.17,0.0
7efde271-b2af-44a3-be13-a0103cc11fa0,1997-03-09,,999-97-4198,S99931493,X54951010X,Ms.,Selmi,Havulehto,,,,white,nonhispanic,F,Mäntsälä  Uusimaa  FI,529 Jalvanti Katu Suite 62,Vantaa,Uusimaa,Vantaa,01360,60.24592662917182,25.133931911941897,3625.0,0.0
eb826d62-ffe1-4fa1-8597-f849af3b8d93,1940-11-08,,999-39-7804,S99991596,X84304673X,Mr.,Syed,Niilekselä,,,M,white,nonhispanic,M,Vantaa  Uusimaa  FI,896 Tynjälä Katu Unit 51,Nurmijärvi,Uusimaa,Nurmijärvi,01820,60.45191517826919,24.839884898100706,8500.0,0.0
a459b106-0f4e-4450-829c-5d9bcb1f8c0d,1961-04-27,,999-30-1591,S99940838,X87457096X,Ms.,Pia-Marie,Brelo,,,S,white,nonhispanic,F,Helsinki  Uusimaa  FI,686 Mitro Katu,Lohja,Uusimaa,Lohja,09810,60.51327174097089,23.89760601746754,6000.0,0.0
