PATIENT,START_YEAR,END_YEAR,PAYER,OWNERSHIP
9df146d0-ed6f-4026-8413-cacfe30c7a16,1989,2007,e15e7b92-f376-374f-9285-2f59a38ad823,Guardian
fffecd73-7877-4ec5-8420-bb3bc3ea8897,1983,2001,e15e7b92-f376-374f-9285-2f59a38ad823,Guardian
73ce3c37-bed6-4845-b418-8f4f2c5679bb,1978,1996,e15e7b92-f376-374f-9285-2f59a38ad823,Guardian
d56d849a-04c1-4138-b1a3-b0d26f618949,1964,1982,e15e7b92-f376-374f-9285-2f59a38ad823,Guardian
46c385e5-9b84-41d3-8c3e-d008d1a8388f,1966,1984,e15e7b92-f376-374f-9285-2f59a38ad823,Guardian
30ea8143-e2c3-4547-91e8-b4bb96e48c8c,1961,1979,e15e7b92-f376-374f-9285-2f59a38ad823,Guardian
e730d865-a783-4e42-b132-100bb4b845ab,1963,1981,e15e7b92-f376-374f-9285-2f59a38ad823,Guardian
896c6835-4600-42a9-b24c-11439cea1c0e,1942,1960,e15e7b92-f376-374f-9285-2f59a38ad823,Guardian
0ab369cd-e0ab-4ce5-809e-688248771711,1979,1997,e15e7b92-f376-374f-9285-2f59a38ad823,Guardian
85a4c7e8-132b-4c8f-b0eb-95b451830c9f,1958,1976,e15e7b92-f376-374f-9285-2f59a38ad823,Guardian
bcd804b8-31a1-4860-b2c6-8e2df7a5a6d6,1972,1990,e15e7b92-f376-374f-9285-2f59a38ad823,Guardian
427faa89-7380-4b35-9679-e32e4a2e8bb0,1914,1932,e15e7b92-f376-374f-9285-2f59a38ad823,Guardian
644e0321-26df-4d10-90d7-db74c3454801,1958,1976,e15e7b92-f376-374f-9285-2f59a38ad823,Guardian
2b38cd04-e578-421f-8f33-db410e892491,1946,1964,e15e7b92-f376-374f-9285-2f59a38ad823,Guardian
9174c5a4-922d-4b19-9f37-674f210517a4,1963,1981,e15e7b92-f376-374f-9285-2f59a38ad823,Guardian
fc31bcdc-8267-4621-976e-c014db103b58,1958,1976,e15e7b92-f376-374f-9285-2f59a38ad823,Guardian
7de86386-58a3-4b34-b45f-4858d9a055ca,1989,2007,e15e7b92-f376-374f-9285-2f59a38ad823,Guardian
25c3c525-338b-4b91-93ac-8b563abfa69e,1968,1986,e15e7b92-f376-374f-9285-2f59a38ad823,Guardian
8a896b25-ec3d-4dfe-9f90-5407ecdcbe0a,1999,2017,e15e7b92-f376-374f-9285-2f59a38ad823,Guardian
916ed2e5-bf7e-4649-b6f7-7aa411fc64ce,1977,1995,e15e7b92-f376-374f-9285-2f59a38ad823,Guardian
ab310815-3e22-4e9e-9923-696d2bebf5b0,1945,1945,b1c428d6-4f07-31e0-90f0-68ffa6ff8c76,
ab310815-3e22-4e9e-9923-696d2bebf5b0,1946,1946,e15e7b92-f376-374f-9285-2f59a38ad823,
ab310815-3e22-4e9e-9923-696d2bebf5b0,1947,1963,e15e7b92-f376-374f-9285-2f59a38ad823,Guardian
e5585c12-f2e6-4d15-bf8a-af7aa52be86b,1980,1998,e15e7b92-f376-374f-9285-2f59a38ad823,Guardian
aa0a7e9d-5401-4b77-9268-5944f150d1f4,1991,2009,e15e7b92-f376-374f-9285-2f59a38ad823,Guardian
9f5c0be9-95af-47b1-8a01-5ecc028fbeee,2000,2018,e15e7b92-f376-374f-9285-2f59a38ad823,Guardian
444d801d-25e6-4ae3-9dd9-84e3d64b22ee,1973,1991,e15e7b92-f376-374f-9285-2f59a38ad823,Guardian
9dceba9e-4228-453c-8586-4efe7d71e294,1959,1977,e15e7b92-f376-374f-9285-2f59a38ad823,Guardian
b716dca5-717b-48bc-8c5e-f89d3895f2d8,1973,1991,e15e7b92-f376-374f-9285-2f59a38ad823,Guardian
3b604384-27b9-46f4-bfd0-9e3bb37745f8,1943,1961,e15e7b92-f376-374f-9285-2f59a38ad823,Guardian
c8f7e1e1-76ec-4e71-bc5b-ca3f98892a1c,2001,2019,e15e7b92-f376-374f-9285-2f59a38ad823,Guardian
38c4d79a-d30f-408f-a381-95a8a3d30aeb,1956,1974,e15e7b92-f376-374f-9285-2f59a38ad823,Guardian
2e1573e3-4f93-4ab9-9617-0f791c29e4ae,1987,2005,e15e7b92-f376-374f-9285-2f59a38ad823,Guardian
291b6c6f-c95b-4a4e-86ef-e4504f894403,1987,2005,e15e7b92-f376-374f-9285-2f59a38ad823,Guardian
dd30bf0d-41ca-487a-aba8-7d52bdb5d178,1945,1963,e15e7b92-f376-374f-9285-2f59a38ad823,Guardian
a643fb62-b48e-476c-a128-ad701f7d5908,1969,1987,e15e7b92-f376-374f-9285-2f59a38ad823,Guardian
531981b4-46ba-400c-b354-6588de293021,1967,1985,e15e7b92-f376-374f-9285-2f59a38ad823,Guardian
06eb4224-4402-49c8-b768-ae14681dbe49,1996,2014,e15e7b92-f376-374f-9285-2f59a38ad823,Guardian
94fc65d3-c3da-4d95-8498-b64e48337952,1986,2004,e15e7b92-f376-374f-9285-2f59a38ad823,Guardian
30c5ec3e-25e4-400f-b480-b3b69605a56f,1990,2008,e15e7b92-f376-374f-9285-2f59a38ad823,Guardian
a11dc003-55a5-47f4-a50d-f166c11dc8fb,1989,2007,e15e7b92-f376-374f-9285-2f59a38ad823,Guardian
fd09c3ff-5110-47ad-b35f-426d28a8857e,1964,1982,e15e7b92-f376-374f-9285-2f59a38ad823,Guardian
d4f22a07-60b4-46d8-a428-e0e4d9639b8b,1979,1997,e15e7b92-f376-374f-9285-2f59a38ad823,Guardian
cf726c7c-54ce-493a-a63d-b1bfb5b7316b,1997,2015,e15e7b92-f376-374f-9285-2f59a38ad823,Guardian
318c1290-df62-445b-b344-8d972891374e,1973,1991,e15e7b92-f376-374f-9285-2f59a38ad823,Guardian
08c54ca1-de67-4f35-9ef5-8168ef456530,1988,2006,e15e7b92-f376-374f-9285-2f59a38ad823,Guardian
93d2a088-4b6d-4436-af50-f5218ab2ee32,1970,1988,e15e7b92-f376-374f-9285-2f59a38ad823,Guardian
54f40b5f-f408-494b-9419-8e439d2060f1,1967,1985,e15e7b92-f376-374f-9285-2f59a38ad823,Guardian
2585e149-3267-49b0-9fe6-aab7e060ecb8,1965,1983,e15e7b92-f376-374f-9285-2f59a38ad823,Guardian
04b5ea4e-7fb5-48f7-88f7-b789f2a7c2b4,1962,1980,e15e7b92-f376-374f-9285-2f59a38ad823,Guardian
09af5d5e-b88d-40b7-8d47-77bce1faf005,1940,1958,e15e7b92-f376-374f-9285-2f59a38ad823,Guardian
7c0a75c0-56a0-4de1-8142-3ba4185b3daf,1995,2013,e15e7b92-f376-374f-9285-2f59a38ad823,Guardian
f275fd10-6e13-4147-83e2-f036c45c0bab,1962,1980,e15e7b92-f376-374f-9285-2f59a38ad823,Guardian
19b6354d-eb46-4b7a-a56b-63b7ca4e5ffe,1972,1990,e15e7b92-f376-374f-9285-2f59a38ad823,Guardian
de06e9e7-c228-4b61-82d9-39ff4e2d53ce,1969,1987,e15e7b92-f376-374f-9285-2f59a38ad823,Guardian
38ed4e5c-fc46-45ae-9260-48e7856c228b,1958,1976,e15e7b92-f376-374f-9285-2f59a38ad823,Guardian
d94a8b82-2017-48a3-aa97-cab56e5e8476,1950,1968,e15e7b92-f376-374f-9285-2f59a38ad823,Guardian
443d9b07-9924-44bd-a868-86db24d3d11c,1983,2001,e15e7b92-f376-374f-9285-2f59a38ad823,Guardian
ce7ac636-b40e-4f2e-8538-a04f78b7a58d,1959,1977,e15e7b92-f376-374f-9285-2f59a38ad823,Guardian
82026e6e-a5fa-448d-aead-3d0cefb7cdbf,1980,1998,e15e7b92-f376-374f-9285-2f59a38ad823,Guardian
738a006c-f4a5-4750-94f9-4bc922692fe1,1945,1963,e15e7b92-f376-374f-9285-2f59a38ad823,Guardian
e94284cb-25e8-48b4-a82c-d00076a91352,1983,2001,e15e7b92-f376-374f-9285-2f59a38ad823,Guardian
93a84576-3904-42d9-aac1-6be5c101ca24,1958,1976,e15e7b92-f376-374f-9285-2f59a38ad823,Guardian
923c800e-692f-4354-8e91-263bae13ecc4,1979,1997,e15e7b92-f376-374f-9285-2f59a38ad823,Guardian
c651a3a5-9b06-48e4-83ba-8cfdf6c524a2,1987,2005,e15e7b92-f376-374f-9285-2f59a38ad823,Guardian
2863ec21-d1a9-499b-abce-34695d365156,1984,2002,e15e7b92-f376-374f-9285-2f59a38ad823,Guardian
b6ba5c2f-356a-49bb-b874-177ca55e79b1,1940,1958,e15e7b92-f376-374f-9285-2f59a38ad823,Guardian
f5aac91c-c1a0-4159-a109-8c75188cc338,1969,1987,e15e7b92-f376-374f-9285-2f59a38ad823,Guardian
c149df45-57c0-4193-8d43-f87ca860b71c,1941,1959,e15e7b92-f376-374f-9285-2f59a38ad823,Guardian
6ddbcd20-215f-491c-b5e1-406c6685cf88,1997,2015,e15e7b92-f376-374f-9285-2f59a38ad823,Guardian
270c9c03-30c5-48e5-8bba-753115dd2d84,2000,2018,e15e7b92-f376-374f-9285-2f59a38ad823,Guardian
020f58e1-4d0e-4f29-a8d2-0d53e5cf0173,1975,1993,e15e7b92-f376-374f-9285-2f59a38ad823,Guardian
b2d7f5d5-d580-4e4c-8a28-a84c15256633,1963,1981,e15e7b92-f376-374f-9285-2f59a38ad823,Guardian
dbc6fc86-089c-4442-ba98-32a4fd0af63c,1976,1994,e15e7b92-f376-374f-9285-2f59a38ad823,Guardian
c1d94605-5355-48a1-a4b3-b10b0475992c,1980,1998,e15e7b92-f376-374f-9285-2f59a38ad823,Guardian
604c76b2-4a7d-491b-80fc-f2192b2c424c,1975,1993,e15e7b92-f376-374f-9285-2f59a38ad823,Guardian
85daefae-60cc-49a5-bd5e-a631f767cd21,1981,1999,e15e7b92-f376-374f-9285-2f59a38ad823,Guardian
3164ad58-5481-4749-8cc0-9617064f6007,1974,1992,e15e7b92-f376-374f-9285-2f59a38ad823,Guardian
8c616e87-438d-4024-acb9-320e9fd6bc6d,1995,2013,e15e7b92-f376-374f-9285-2f59a38ad823,Guardian
7efde271-b2af-44a3-be13-a0103cc11fa0,1997,2015,e15e7b92-f376-374f-9285-2f59a38ad823,Guardian
eb826d62-ffe1-4fa1-8597-f849af3b8d93,1940,1958,e15e7b92-f376-374f-9285-2f59a38ad823,Guardian
a459b106-0f4e-4450-829c-5d9bcb1f8c0d,1961,1979,e15e7b92-f376-374f-9285-2f59a38ad823,Guardian
