DATE,PATIENT,ENCOUNTER,CODE,DESCRIPTION,BASE_COST,REASONCODE,REASONDESCRIPTION
2001-02-08,e730d865-a783-4e42-b132-100bb4b845ab,1d878b4d-210e-46bd-aa1b-e88c1a975bc1,40701008,Echocardiography (procedure),963.41,22298006,Myocardial Infarction
2001-02-08,e730d865-a783-4e42-b132-100bb4b845ab,1d878b4d-210e-46bd-aa1b-e88c1a975bc1,415070008,Percutaneous coronary intervention,22810.88,22298006,Myocardial Infarction
2001-02-08,e730d865-a783-4e42-b132-100bb4b845ab,1d878b4d-210e-46bd-aa1b-e88c1a975bc1,232717009,Coronary artery bypass grafting,64545.24,22298006,Myocardial Infarction
2000-03-03,b6ba5c2f-356a-49bb-b874-177ca55e79b1,d002c213-8b8a-42c1-aee4-8603f262dc15,40701008,Echocardiography (procedure),1423.86,22298006,Myocardial Infarction
2000-03-03,b6ba5c2f-356a-49bb-b874-177ca55e79b1,d002c213-8b8a-42c1-aee4-8603f262dc15,415070008,Percutaneous coronary intervention,24406.18,22298006,Myocardial Infarction
2000-03-03,b6ba5c2f-356a-49bb-b874-177ca55e79b1,d002c213-8b8a-42c1-aee4-8603f262dc15,232717009,Coronary artery bypass grafting,67513.24,22298006,Myocardial Infarction
2010-07-28,c149df45-57c0-4193-8d43-f87ca860b71c,be365751-def9-4f43-bfdb-dc9ce33c2cab,180325003,Electrical cardioversion,27533.53,49436004,Atrial Fibrillation
2011-08-03,c149df45-57c0-4193-8d43-f87ca860b71c,8a4d09c4-58a9-4615-a73b-dbf0ea8d2495,180325003,Electrical cardioversion,28725.22,49436004,Atrial Fibrillation
2012-08-08,c149df45-57c0-4193-8d43-f87ca860b71c,d6ce435e-eea9-4e80-8266-0fd2ed389003,180325003,Electrical cardioversion,33572.32,49436004,Atrial Fibrillation
2013-08-14,c149df45-57c0-4193-8d43-f87ca860b71c,4c78b3b4-4a28-408a-b750-90b9e3af239d,180325003,Electrical cardioversion,23422.07,49436004,Atrial Fibrillation
2014-08-20,c149df45-57c0-4193-8d43-f87ca860b71c,67618e7b-2e47-459a-a111-17fa3e277d2d,18286008,Catheter ablation of tissue of heart,15914.65,49436004,Atrial Fibrillation
2015-08-26,c149df45-57c0-4193-8d43-f87ca860b71c,65a491bc-d601-435e-b6e7-83ed8504d74b,180325003,Electrical cardioversion,27782.85,49436004,Atrial Fibrillation
2016-08-31,c149df45-57c0-4193-8d43-f87ca860b71c,13b29cef-9e3a-4607-8dfd-e0e725e853d9,180325003,Electrical cardioversion,17553.42,49436004,Atrial Fibrillation
2017-09-06,c149df45-57c0-4193-8d43-f87ca860b71c,5749cca1-ca1a-46b6-88fc-cf4d5fad5d85,180325003,Electrical cardioversion,24496.42,49436004,Atrial Fibrillation
2018-09-12,c149df45-57c0-4193-8d43-f87ca860b71c,961156cb-c5f1-4644-85bb-796b453dc013,180325003,Electrical cardioversion,47137.33,49436004,Atrial Fibrillation
2019-09-18,c149df45-57c0-4193-8d43-f87ca860b71c,e39d407c-90a7-418a-88b3-f42e00982d52,180325003,Electrical cardioversion,36557.50,49436004,Atrial Fibrillation
2013-10-15,769c0718-368b-4bb4-8357-055123dc346e,cd7a50ad-d725-4e55-90b0-855c0525004b,40701008,Echocardiography (procedure),1295.56,410429000,Cardiac Arrest
2013-10-15,769c0718-368b-4bb4-8357-055123dc346e,cd7a50ad-d725-4e55-90b0-855c0525004b,447365002,Insertion of biventricular implantable cardioverter defibrillator,33744.11,410429000,Cardiac Arrest
2013-10-15,769c0718-368b-4bb4-8357-055123dc346e,cd7a50ad-d725-4e55-90b0-855c0525004b,18286008,Catheter ablation of tissue of heart,11167.44,410429000,Cardiac Arrest
