Id,ORGANIZATION,NAME,GENDER,SPECIALITY,ADDRESS,CITY,STATE,ZIP,LAT,LON,UTILIZATION
6bd8db72-e99b-3852-a132-d024a0a25ac0,b9b4f8d8-b4a7-3164-a21f-c57b0c40c3ff,Tom-Johan Patola,M,GENERAL PRACTICE,Sairaalankatu 1,Hyvinkää,18,05830,60.612,24.82486,1
7d669aa2-46b9-3b31-a13c-ad1754b17471,d8b3cbb1-88db-3fc1-bb2b-6a9c0037e6e5,Juha-Antti Villi,M,GENERAL PRACTICE,Sairaalantie 1,Porvoo,18,06200,60.37911,25.69576,1
0e84d02d-3e62-395a-8671-c56fd8484fc7,738aef7e-a279-3f65-9dba-fead16b27400,Emma-Maria Vannesluoma,F,GENERAL PRACTICE,Turuntie 150,Espoo,18,02740,60.22589,24.77581,1131
a16b8717-6f81-3238-8f01-7b775db13844,9a3e6919-4ed0-32fe-a1e2-7184b06c415f,Rudy Gratschew,M,GENERAL PRACTICE,Karvasmäentie 6,Espoo,18,02740,60.22011,24.6848,571
1611d987-b1be-34c3-b811-e359187c638a,a70486b2-c33a-37b3-a4cf-b3dc06cb9d84,Marjanne Soutolahti,F,GENERAL PRACTICE,Sairaalakatu 1,Vantaa,18,01400,60.3299,25.0608,1054
16f61b34-81cc-3173-b413-12caec1e556b,bf25636d-50a4-3cf2-b937-0e59fd37503f,Rosita Siivinen,F,GENERAL PRACTICE,Sairaalankatu 1,Hyvinkää,18,05830,60.612,24.82486,320
b21abb02-ead9-3293-9819-bf4fb05b3449,4eddd774-a01b-3a0b-b4c6-736a5581aba4,Kadri Halmelahti,M,GENERAL PRACTICE,Ohkolantie 10,Kellokoski,18,04500,60.53054,25.10548,131
e16928b3-e73e-31ab-b898-fde6e153d493,942171f0-df04-34cc-9c85-1a11b2f08717,Catrin Arvo,F,GENERAL PRACTICE,Sairaalatie 8,Lohja,18,08200,60.2247,24.01885,418
4dbef58a-a94d-3e7d-9873-d6f9c86e95f1,216a84b2-6287-356d-9bcf-655abf00debb,Jere-Juhani Passila,M,GENERAL PRACTICE,Sairaalantie 1,Porvoo,18,06200,60.37911,25.69576,138
16f84b4e-4ef9-3e1f-945b-073d85d48419,af916982-f5f8-341b-b159-69e72695294c,Kadri Halmelahti,M,GENERAL PRACTICE,Sairaalakatu 1,Vantaa,18,01400,60.3299,25.0608,2
7cda8363-fa76-3e44-847d-c42f4168eba4,b9b4f8d8-b4a7-3164-a21f-c57b0c40c3ff,Catrin Arvo,F,GENERAL PRACTICE,Sairaalankatu 1,Hyvinkää,18,05830,60.612,24.82486,1
