START,STOP,PATIENT,ENCOUNTER,CODE,DESCRIPTION
1965-05-25,,00c1368e-3ddb-4077-a7d2-fa0686333bbd,024aae17-9d2b-4ed4-be62-24314e4c23aa,53741008,Coronary Heart Disease
1998-08-18,,00c1368e-3ddb-4077-a7d2-fa0686333bbd,d99c73d1-4206-4b8b-9a9b-e88a429647aa,22298006,Myocardial Infarction
1998-08-18,,00c1368e-3ddb-4077-a7d2-fa0686333bbd,d99c73d1-4206-4b8b-9a9b-e88a429647aa,399211009,History of myocardial infarction (situation)
1978-09-12,,839d9b0c-19ea-4e12-8f53-d3e2a74b1ca8,0ac30679-ebf5-4ede-8ce9-b98107c8ab6f,53741008,Coronary Heart Disease
1996-08-20,,839d9b0c-19ea-4e12-8f53-d3e2a74b1ca8,43d2ba3c-e8a4-438e-beaf-9269c41fe549,22298006,Myocardial Infarction
1996-08-20,,839d9b0c-19ea-4e12-8f53-d3e2a74b1ca8,43d2ba3c-e8a4-438e-beaf-9269c41fe549,399211009,History of myocardial infarction (situation)
1992-01-08,,6197e203-abc3-431d-91bc-cff06ad01fe8,005d8411-b897-401b-9a3e-99851f55c281,230690007,Stroke
2009-06-09,,43b9f59d-103a-422f-8f3b-14b6ab5a55c1,5873cadb-6a96-4e98-a782-796944d6d9f2,230690007,Stroke
2015-05-19,,b458c165-2206-4fe0-8062-48de644678db,48782666-304a-4527-8c10-b9399f90bf70,230690007,Stroke
2014-02-28,,8142c8ae-af96-47da-822c-998ab9d578e2,a198e0ef-315b-4f9c-816a-856a4c92d86c,53741008,Coronary Heart Disease
2012-06-26,,28407430-fe2e-4f4d-ac4a-f915e177eec5,7717ce69-0d26-4696-8a1a-4134ca82b9d5,49436004,Atrial Fibrillation
2008-07-01,,1cb321e8-c8ca-400a-8181-e08d06aed6f6,52a03501-dff6-4054-9f68-d4ed3363396f,53741008,Coronary Heart Disease
2010-03-02,,1cb321e8-c8ca-400a-8181-e08d06aed6f6,9ee80edf-3f51-4a2a-bc81-1249ddbd0c9e,22298006,Myocardial Infarction
2010-03-02,,1cb321e8-c8ca-400a-8181-e08d06aed6f6,9ee80edf-3f51-4a2a-bc81-1249ddbd0c9e,399211009,History of myocardial infarction (situation)
1978-04-28,,dece1f88-1bd6-411c-80c0-61796a113df1,574f2a2f-31ad-4598-ad59-0fd75298d097,53741008,Coronary Heart Disease
2015-08-11,,01e9a137-595f-4304-a0ca-7f74f041bed7,dac81692-87a4-46f0-986f-d63692dc4f8a,53741008,Coronary Heart Disease
2017-02-22,,32ecae8a-7857-4249-8139-490dadfe7841,ae3ac04e-3c7c-4d2d-8355-379a091275bd,53741008,Coronary Heart Disease
1974-10-05,,97b86d5f-daef-465d-a4cd-627a17ead723,22bb0daa-99fc-45bd-94e2-161332810dcd,53741008,Coronary Heart Disease
1981-03-07,,97b86d5f-daef-465d-a4cd-627a17ead723,8c10bfc3-3e33-4c70-b65c-bcdf8f5a8528,22298006,Myocardial Infarction
1981-03-07,,97b86d5f-daef-465d-a4cd-627a17ead723,8c10bfc3-3e33-4c70-b65c-bcdf8f5a8528,399211009,History of myocardial infarction (situation)
