START,STOP,PATIENT,PAYER,ENCOUNTER,CODE,DESCRIPTION,BASE_COST,PAYER_COVERAGE,DISPENSES,TOTALCOST,REASONCODE,REASONDESCRIPTION
1965-05-25,1998-08-18,00c1368e-3ddb-4077-a7d2-fa0686333bbd,b1c428d6-4f07-31e0-90f0-68ffa6ff8c76,024aae17-9d2b-4ed4-be62-24314e4c23aa,705129,Nitroglycerin 0.4 MG/ACTUAT Mucosal Spray,273.82,0.00,404,110623.28,,
1991-10-22,,00c1368e-3ddb-4077-a7d2-fa0686333bbd,b1c428d6-4f07-31e0-90f0-68ffa6ff8c76,2a034729-fec5-49ab-9ff7-2081baf337d7,312961,Simvastatin 20 MG Oral Tablet,4.73,0.00,83,392.59,,
1994-11-08,,00c1368e-3ddb-4077-a7d2-fa0686333bbd,b1c428d6-4f07-31e0-90f0-68ffa6ff8c76,697ade03-afed-4ded-bfd2-f6adea94440b,197361,Amlodipine 5 MG Oral Tablet,30.08,0.00,46,1383.68,,
1997-11-25,1998-08-18,00c1368e-3ddb-4077-a7d2-fa0686333bbd,b1c428d6-4f07-31e0-90f0-68ffa6ff8c76,5faaf2df-c55d-4b5c-9f5f-b8ea60aed31f,309362,Clopidogrel 75 MG Oral Tablet,66.30,0.00,8,530.40,,
1998-08-18,1998-08-18,00c1368e-3ddb-4077-a7d2-fa0686333bbd,b1c428d6-4f07-31e0-90f0-68ffa6ff8c76,d99c73d1-4206-4b8b-9a9b-e88a429647aa,259255,Atorvastatin 80 MG Oral Tablet,52.93,0.00,1,52.93,,
1998-08-18,1998-08-18,00c1368e-3ddb-4077-a7d2-fa0686333bbd,b1c428d6-4f07-31e0-90f0-68ffa6ff8c76,d99c73d1-4206-4b8b-9a9b-e88a429647aa,833036,Captopril 25 MG Oral Tablet,100.87,0.00,1,100.87,,
1978-09-12,1996-08-20,839d9b0c-19ea-4e12-8f53-d3e2a74b1ca8,b1c428d6-4f07-31e0-90f0-68ffa6ff8c76,0ac30679-ebf5-4ede-8ce9-b98107c8ab6f,705129,Nitroglycerin 0.4 MG/ACTUAT Mucosal Spray,367.80,0.00,218,80180.40,,
1991-11-26,,839d9b0c-19ea-4e12-8f53-d3e2a74b1ca8,b1c428d6-4f07-31e0-90f0-68ffa6ff8c76,aefe3b2e-3eaf-4a77-b214-f6222967c76e,312961,Simvastatin 20 MG Oral Tablet,5.91,0.00,57,336.87,,
1994-12-13,,839d9b0c-19ea-4e12-8f53-d3e2a74b1ca8,b1c428d6-4f07-31e0-90f0-68ffa6ff8c76,9489cf90-d71a-432c-8a2a-94bc76d928d7,197361,Amlodipine 5 MG Oral Tablet,25.81,0.00,20,516.20,,
1996-08-20,1996-08-20,839d9b0c-19ea-4e12-8f53-d3e2a74b1ca8,b1c428d6-4f07-31e0-90f0-68ffa6ff8c76,43d2ba3c-e8a4-438e-beaf-9269c41fe549,259255,Atorvastatin 80 MG Oral Tablet,250.42,0.00,1,250.42,,
1996-08-20,1996-08-20,839d9b0c-19ea-4e12-8f53-d3e2a74b1ca8,b1c428d6-4f07-31e0-90f0-68ffa6ff8c76,43d2ba3c-e8a4-438e-beaf-9269c41fe549,833036,Captopril 25 MG Oral Tablet,72.64,0.00,1,72.64,,
2009-06-09,2009-06-09,43b9f59d-103a-422f-8f3b-14b6ab5a55c1,b1c428d6-4f07-31e0-90f0-68ffa6ff8c76,5873cadb-6a96-4e98-a782-796944d6d9f2,309362,Clopidogrel 75 MG Oral Tablet,57.55,0.00,1,57.55,,
2009-06-09,2009-06-09,43b9f59d-103a-422f-8f3b-14b6ab5a55c1,b1c428d6-4f07-31e0-90f0-68ffa6ff8c76,5873cadb-6a96-4e98-a782-796944d6d9f2,1804799,Alteplase 100 MG Injection,6265.82,0.00,1,6265.82,,
2015-05-19,2015-05-19,b458c165-2206-4fe0-8062-48de644678db,b1c428d6-4f07-31e0-90f0-68ffa6ff8c76,48782666-304a-4527-8c10-b9399f90bf70,309362,Clopidogrel 75 MG Oral Tablet,38.44,0.00,1,38.44,,
2015-05-19,2015-05-19,b458c165-2206-4fe0-8062-48de644678db,b1c428d6-4f07-31e0-90f0-68ffa6ff8c76,48782666-304a-4527-8c10-b9399f90bf70,1804799,Alteplase 100 MG Injection,6350.80,0.00,1,6350.80,,
2014-02-28,,8142c8ae-af96-47da-822c-998ab9d578e2,b1c428d6-4f07-31e0-90f0-68ffa6ff8c76,a198e0ef-315b-4f9c-816a-856a4c92d86c,309362,Clopidogrel 75 MG Oral Tablet,47.41,0.00,73,3460.93,,
2014-02-28,,8142c8ae-af96-47da-822c-998ab9d578e2,b1c428d6-4f07-31e0-90f0-68ffa6ff8c76,a198e0ef-315b-4f9c-816a-856a4c92d86c,312961,Simvastatin 20 MG Oral Tablet,15.26,0.00,73,1113.98,,
2014-02-28,,8142c8ae-af96-47da-822c-998ab9d578e2,b1c428d6-4f07-31e0-90f0-68ffa6ff8c76,a198e0ef-315b-4f9c-816a-856a4c92d86c,197361,Amlodipine 5 MG Oral Tablet,2.35,0.00,73,171.55,,
2014-02-28,,8142c8ae-af96-47da-822c-998ab9d578e2,b1c428d6-4f07-31e0-90f0-68ffa6ff8c76,a198e0ef-315b-4f9c-816a-856a4c92d86c,705129,Nitroglycerin 0.4 MG/ACTUAT Mucosal Spray,157.57,0.00,73,11502.61,,
2012-06-26,,28407430-fe2e-4f4d-ac4a-f915e177eec5,b1c428d6-4f07-31e0-90f0-68ffa6ff8c76,7717ce69-0d26-4696-8a1a-4134ca82b9d5,855332,Warfarin Sodium 5 MG Oral Tablet,135.78,0.00,93,12627.54,,
2012-06-26,,28407430-fe2e-4f4d-ac4a-f915e177eec5,b1c428d6-4f07-31e0-90f0-68ffa6ff8c76,7717ce69-0d26-4696-8a1a-4134ca82b9d5,897718,Verapamil Hydrochloride 40 MG,16.50,0.00,93,1534.50,,
2012-06-26,,28407430-fe2e-4f4d-ac4a-f915e177eec5,b1c428d6-4f07-31e0-90f0-68ffa6ff8c76,7717ce69-0d26-4696-8a1a-4134ca82b9d5,197604,Digoxin 0.125 MG Oral Tablet,50.46,0.00,93,4692.78,,
2008-07-01,2010-03-02,1cb321e8-c8ca-400a-8181-e08d06aed6f6,b1c428d6-4f07-31e0-90f0-68ffa6ff8c76,52a03501-dff6-4054-9f68-d4ed3363396f,309362,Clopidogrel 75 MG Oral Tablet,49.02,0.00,20,980.40,,
2008-07-01,,1cb321e8-c8ca-400a-8181-e08d06aed6f6,b1c428d6-4f07-31e0-90f0-68ffa6ff8c76,52a03501-dff6-4054-9f68-d4ed3363396f,312961,Simvastatin 20 MG Oral Tablet,15.27,0.00,20,305.40,,
2008-07-01,,1cb321e8-c8ca-400a-8181-e08d06aed6f6,b1c428d6-4f07-31e0-90f0-68ffa6ff8c76,52a03501-dff6-4054-9f68-d4ed3363396f,197361,Amlodipine 5 MG Oral Tablet,25.79,0.00,20,515.80,,
2008-07-01,2010-03-02,1cb321e8-c8ca-400a-8181-e08d06aed6f6,b1c428d6-4f07-31e0-90f0-68ffa6ff8c76,52a03501-dff6-4054-9f68-d4ed3363396f,705129,Nitroglycerin 0.4 MG/ACTUAT Mucosal Spray,52.03,0.00,20,1040.60,,
2010-03-02,2010-03-02,1cb321e8-c8ca-400a-8181-e08d06aed6f6,b1c428d6-4f07-31e0-90f0-68ffa6ff8c76,9ee80edf-3f51-4a2a-bc81-1249ddbd0c9e,259255,Atorvastatin 80 MG Oral Tablet,212.90,0.00,1,212.90,,
2010-03-02,2010-03-02,1cb321e8-c8ca-400a-8181-e08d06aed6f6,b1c428d6-4f07-31e0-90f0-68ffa6ff8c76,9ee80edf-3f51-4a2a-bc81-1249ddbd0c9e,833036,Captopril 25 MG Oral Tablet,51.78,0.00,1,51.78,,
1978-04-28,,dece1f88-1bd6-411c-80c0-61796a113df1,b1c428d6-4f07-31e0-90f0-68ffa6ff8c76,574f2a2f-31ad-4598-ad59-0fd75298d097,705129,Nitroglycerin 0.4 MG/ACTUAT Mucosal Spray,168.35,0.00,509,85690.15,,
1991-07-12,,dece1f88-1bd6-411c-80c0-61796a113df1,b1c428d6-4f07-31e0-90f0-68ffa6ff8c76,5af76aa3-d593-4c64-93e3-870a2111142e,312961,Simvastatin 20 MG Oral Tablet,16.01,0.00,349,5587.49,,
1994-07-29,,dece1f88-1bd6-411c-80c0-61796a113df1,b1c428d6-4f07-31e0-90f0-68ffa6ff8c76,bca0520d-1065-4a06-a82a-1bb05f1c1b33,197361,Amlodipine 5 MG Oral Tablet,74.04,0.00,311,23026.44,,
1997-08-15,,dece1f88-1bd6-411c-80c0-61796a113df1,b1c428d6-4f07-31e0-90f0-68ffa6ff8c76,3465f8ba-5045-4c7d-b0ce-4f8ab74c1661,309362,Clopidogrel 75 MG Oral Tablet,74.85,0.00,274,20508.90,,
2015-08-11,,01e9a137-595f-4304-a0ca-7f74f041bed7,b1c428d6-4f07-31e0-90f0-68ffa6ff8c76,dac81692-87a4-46f0-986f-d63692dc4f8a,309362,Clopidogrel 75 MG Oral Tablet,32.13,0.00,55,1767.15,,
2015-08-11,,01e9a137-595f-4304-a0ca-7f74f041bed7,b1c428d6-4f07-31e0-90f0-68ffa6ff8c76,dac81692-87a4-46f0-986f-d63692dc4f8a,312961,Simvastatin 20 MG Oral Tablet,32.29,0.00,55,1775.95,,
2015-08-11,,01e9a137-595f-4304-a0ca-7f74f041bed7,b1c428d6-4f07-31e0-90f0-68ffa6ff8c76,dac81692-87a4-46f0-986f-d63692dc4f8a,197361,Amlodipine 5 MG Oral Tablet,43.16,0.00,55,2373.80,,
2015-08-11,,01e9a137-595f-4304-a0ca-7f74f041bed7,b1c428d6-4f07-31e0-90f0-68ffa6ff8c76,dac81692-87a4-46f0-986f-d63692dc4f8a,705129,Nitroglycerin 0.4 MG/ACTUAT Mucosal Spray,195.52,0.00,55,10753.60,,
2017-02-22,,32ecae8a-7857-4249-8139-490dadfe7841,b1c428d6-4f07-31e0-90f0-68ffa6ff8c76,ae3ac04e-3c7c-4d2d-8355-379a091275bd,309362,Clopidogrel 75 MG Oral Tablet,66.89,0.00,37,2474.93,,
2017-02-22,,32ecae8a-7857-4249-8139-490dadfe7841,b1c428d6-4f07-31e0-90f0-68ffa6ff8c76,ae3ac04e-3c7c-4d2d-8355-379a091275bd,312961,Simvastatin 20 MG Oral Tablet,6.57,0.00,37,243.09,,
2017-02-22,,32ecae8a-7857-4249-8139-490dadfe7841,b1c428d6-4f07-31e0-90f0-68ffa6ff8c76,ae3ac04e-3c7c-4d2d-8355-379a091275bd,197361,Amlodipine 5 MG Oral Tablet,43.12,0.00,37,1595.44,,
2017-02-22,,32ecae8a-7857-4249-8139-490dadfe7841,b1c428d6-4f07-31e0-90f0-68ffa6ff8c76,ae3ac04e-3c7c-4d2d-8355-379a091275bd,705129,Nitroglycerin 0.4 MG/ACTUAT Mucosal Spray,245.83,0.00,37,9095.71,,
1974-10-05,1981-03-07,97b86d5f-daef-465d-a4cd-627a17ead723,b1c428d6-4f07-31e0-90f0-68ffa6ff8c76,22bb0daa-99fc-45bd-94e2-161332810dcd,705129,Nitroglycerin 0.4 MG/ACTUAT Mucosal Spray,368.15,0.00,78,28715.70,,
1981-11-14,,97b86d5f-daef-465d-a4cd-627a17ead723,b1c428d6-4f07-31e0-90f0-68ffa6ff8c76,0fea2cce-700f-4e3f-bb60-fdc35ac2d8fc,705129,Nitroglycerin 0.4 MG/ACTUAT Mucosal Spray,58.25,0.00,466,27144.50,,
1991-01-05,,97b86d5f-daef-465d-a4cd-627a17ead723,b1c428d6-4f07-31e0-90f0-68ffa6ff8c76,94a4fb08-cebc-4b85-8f6a-4204d11adbd2,312961,Simvastatin 20 MG Oral Tablet,44.82,0.00,355,15911.10,,
1994-01-22,,97b86d5f-daef-465d-a4cd-627a17ead723,b1c428d6-4f07-31e0-90f0-68ffa6ff8c76,857011a8-49ec-4238-a0e7-5fe757e210f7,197361,Amlodipine 5 MG Oral Tablet,21.84,0.00,318,6945.12,,
1997-02-08,,97b86d5f-daef-465d-a4cd-627a17ead723,b1c428d6-4f07-31e0-90f0-68ffa6ff8c76,1fa2a46d-2737-4e9c-80df-454384f84be2,309362,Clopidogrel 75 MG Oral Tablet,28.83,0.00,281,8101.23,,
