Id,BIRTHDATE,DEATHDATE,SSN,DRIVERS,PASSPORT,PREFIX,FIRST,LAST,SUFFIX,MAIDEN,MARITAL,RACE,ETHNICITY,GENDER,BIRTHPLACE,ADDRESS,CITY,STATE,COUNTY,ZIP,LAT,LON,HEALTHCARE_EXPENSES,HEALTHCARE_COVERAGE
edd9eac7-15eb-46a6-9017-c34e99a55d32,2002-12-21,,999-70-3226,S99936974,,,Morgan,Takatupa,,,,white,nonhispanic,F,Porvoo  Uusimaa  FI,118 Arponen Katu Apt 95,Helsinki,Uusimaa,Helsinki,00260,60.19775791453843,24.965033227451947,3250.0,0.0
bb18d5c8-cef0-4916-8c87-d302ed736534,2002-01-13,,999-73-3444,S99989327,,Mr.,Jace,Huopana,,,,white,nonhispanic,M,Vantaa  Uusimaa  FI,327 Kuusi Katu,Vantaa,Uusimaa,Vantaa,01770,60.31893375172151,25.06599301294849,3250.0,0.0
25f3acc3-a03c-4584-8ec0-7f3a02a16585,1996-05-11,,999-49-7651,S99956501,X43335384X,Mr.,Holger,Laiti,,,,white,nonhispanic,M,Helsinki  Uusimaa  FI,804 Närhilä Katu,Helsinki,Uusimaa,Helsinki,00700,60.160811604985085,24.954915753510253,3625.0,0.0
4f6695e3-829b-4dd7-be14-43525c54071e,1993-03-23,,999-95-8400,S99944623,X3586726X,Ms.,Juhantytär,Alaräisänen,,,,white,nonhispanic,F,Helsinki  Uusimaa  FI,128 Andsten Katu Unit 8,Helsinki,Uusimaa,Helsinki,00230,60.2283797778063,24.935031010893656,3750.0,0.0
9aedb0f9-565c-4a92-8f23-fe31c481136d,1982-10-02,,999-18-4338,S99927244,X74777771X,Mr.,Firat,Yli-Tokola,,,M,white,nonhispanic,M,Nurmijärvi  Uusimaa  FI,314 Luomanpää Katu,Helsinki,Uusimaa,Helsinki,00410,60.2276167700427,24.863530162101796,4250.0,0.0
8853d541-4877-473a-8b10-d1df24d50e85,1982-06-25,,999-83-7072,S99998731,X27282415X,Mr.,Teronpoika,Rukajärvi,,,S,white,nonhispanic,M,Porvoo  Uusimaa  FI,781 Weckroth Katu,Vantaa,Uusimaa,Vantaa,01520,60.214643524259905,24.812798938093028,4250.0,0.0
69c18120-f756-48b9-a35f-42be32f489b0,2007-05-07,,999-35-2693,,,,Valle,Meriruoko,,,,white,nonhispanic,M,Espoo  Uusimaa  FI,435 Widgrén Katu,Vantaa,Uusimaa,Vantaa,01750,60.246438697062715,25.033100099691257,2625.0,0.0
faad7567-d327-4299-a1d9-4cd6e846f6d4,1969-01-19,,999-40-9011,S99997620,X36483068X,Mrs.,Mimoza,Havumäki,,Pouru,M,white,nonhispanic,F,Helsinki  Uusimaa  FI,545 Laustela Katu Apt 38,Porvoo,Uusimaa,Porvoo,07320,60.232300936907905,25.41752838871524,5125.0,0.0
bea52019-6862-4d5b-acae-3e261f07c2fa,1988-07-15,,999-53-1202,S99942830,X61415102X,Mrs.,Adile,Vihuri,,Kankanen,M,white,nonhispanic,F,Helsinki  Uusimaa  FI,916 Nyrkkö Katu,Helsinki,Uusimaa,Helsinki,00220,60.11521800970188,25.078853744044853,4000.0,0.0
ca8ff694-7cdc-4713-9971-2bc616fdc3d0,1983-05-31,,999-34-6316,S99982147,X49291251X,Mr.,Ingmar,Tallskog,,,M,white,nonhispanic,M,Järvenpää  Uusimaa  FI,916 Karapalo Katu Apt 21,Helsinki,Uusimaa,Helsinki,00720,60.146777495147624,25.00905183804753,4125.0,0.0
86d3282d-b26f-48c9-9e4e-bb5446fce4f9,2008-03-21,,999-71-4491,,,,Kain,Henderson,,,,white,nonhispanic,M,Tuusula  Uusimaa  FI,524 Paakala Katu Unit 4,Helsinki,Uusimaa,Helsinki,00380,60.209311930002364,25.095625288492176,2500.0,0.0
991cd7ad-c959-469f-bc63-199754072df3,1947-04-23,,999-15-5048,S99990000,X1695599X,Mr.,Engin,Mukkila,,,M,white,nonhispanic,M,Espoo  Uusimaa  FI,795 Sinnelä Katu Suite 20,Vantaa,Uusimaa,Vantaa,01260,60.27964712218429,24.759467755329688,7750.0,0.0
a0fefd49-83bc-4004-bbf0-ffdbd320d347,1959-11-07,,999-39-5431,S99958365,X65961254X,Mr.,Harri-Pekka,Vierinen,,,M,white,nonhispanic,M,Vantaa  Uusimaa  FI,254 Eggert Katu,Kerava,Uusimaa,Kerava,04220,60.40917357209328,25.108860479986745,6250.0,0.0
cba324ed-e414-43b4-8cb9-0b771bed5e5a,1953-02-08,,999-46-6194,S99956391,X14692416X,Mrs.,Urve,Päiväläinen,,Knichter,M,white,nonhispanic,F,Kerava  Uusimaa  FI,897 Nagy Katu,Helsinki,Uusimaa,Helsinki,00550,60.160867199684816,24.990176720701204,7000.0,0.0
eaaba3bf-2dbb-4a8d-b6a0-2f0914a2e03d,1962-02-04,,999-17-4579,S99922259,X68941059X,Mr.,De,Kotijärvi,,,M,white,nonhispanic,M,Helsinki  Uusimaa  FI,541 Birling Katu,Helsinki,Uusimaa,Helsinki,00560,60.190048156167,25.168601236735576,5875.0,0.0
49534cb2-856e-4bdd-81b9-38c52be7b786,1967-08-20,,999-66-9767,S99914854,X49844231X,Mrs.,Anna-Kajsa,Anderson,,Vaija,M,white,nonhispanic,F,Helsinki  Uusimaa  FI,209 Molkkari Katu,Helsinki,Uusimaa,Helsinki,00600,60.20978757915098,24.89589160536306,5250.0,0.0
91b7f060-5468-4d65-a9c2-75c37dbd5aee,2005-10-06,,999-36-6499,,,,Haroun,Hyttinen,,,,white,nonhispanic,M,Porvoo  Uusimaa  FI,440 Kerkkänen Katu,Porvoo,Uusimaa,Porvoo,06200,60.36906455649035,25.661547077492813,2875.0,0.0
00c1368e-3ddb-4077-a7d2-fa0686333bbd,1954-05-11,1998-08-18,999-69-7614,S99984172,X32844628X,Mr.,Ville-Samuli,Vanhoja,,,M,white,nonhispanic,M,Helsinki  Uusimaa  FI,274 Paakkinen Katu Suite 10,Porvoo,Uusimaa,Porvoo,07220,60.4693680791495,25.50914621770849,7118.92,0.0
839d9b0c-19ea-4e12-8f53-d3e2a74b1ca8,1960-07-19,1996-08-20,999-10-1604,S99952245,X33182079X,Mr.,Arun,Rova,,,M,white,nonhispanic,M,Helsinki  Uusimaa  FI,867 Kaisalmi Katu Unit 7,Kirkkonummi,Uusimaa,Kirkkonummi,02450,60.18644397946966,24.397437978551142,6315.86,0.0
74df8787-7ec5-4caf-bfab-fdcddb45552d,1982-01-07,,999-64-5810,S99950544,X58282346X,Ms.,Teresia,Käppi,,,S,white,nonhispanic,F,Helsinki  Uusimaa  FI,827 Hallberg Katu,Helsinki,Uusimaa,Helsinki,00360,60.12719048302465,24.99068341485779,4250.0,0.0
76b26594-d083-457c-9b49-6e4bb076dddc,1960-02-15,,999-22-3338,S99913650,X74041811X,Mrs.,Heta-Maija,Markov,,Piensoho,M,white,nonhispanic,F,Helsinki  Uusimaa  FI,194 Kvickström Katu Suite 34,Kerava,Uusimaa,Kerava,04220,60.366954145650155,25.164216713590374,6125.0,0.0
6197e203-abc3-431d-91bc-cff06ad01fe8,1947-07-23,,999-21-9600,S99958337,X33031620X,Ms.,Hanne-Maria,Lakaniemi,,,S,white,nonhispanic,F,Vantaa  Uusimaa  FI,1030 Mäkivaara Katu Suite 6,Raasepori,Uusimaa,Raasepori,10380,60.181098717438076,23.79464698217179,14505.380000000001,0.0
bc3b08c1-b8bb-4c9a-892d-f803baaab751,1965-10-27,,999-90-5221,S99988642,X51004219X,Mr.,Bruno,Haapamaa,,,M,white,nonhispanic,M,Vantaa  Uusimaa  FI,751 Supperi Katu,Helsinki,Uusimaa,Helsinki,00650,60.19522122602004,24.88012924614859,5500.0,0.0
ed10285c-4365-41f1-af29-e5a5cefdde5b,1998-09-23,,999-87-6749,S99955967,X78415361X,Mr.,Simopekka,Kniivilä,,,,white,nonhispanic,M,Lohja  Uusimaa  FI,665 Pulkkila Katu Suite 92,Hyvinkää,Uusimaa,Hyvinkää,05510,60.61976432164381,24.786241182484563,3500.0,0.0
43b9f59d-103a-422f-8f3b-14b6ab5a55c1,1960-07-19,2009-06-09,999-47-5377,S99998484,X26777886X,Mr.,Craig,Vuorisalo,,,M,white,nonhispanic,M,Kirkkonummi  Uusimaa  FI,365 Parviainen Katu,Kirkkonummi,Uusimaa,Kirkkonummi,02390,60.16978234875521,24.475078547556397,11323.369999999999,0.0
9aa72afd-e611-46fc-9682-ff15cb8037b7,1999-11-21,,999-54-2708,S99982465,X27058713X,Mr.,Peder,Forsgren,,,,white,nonhispanic,M,Lohja  Uusimaa  FI,715 Kurala Katu,Porvoo,Uusimaa,Porvoo,06450,60.42447555924361,25.824688517058263,3500.0,0.0
a380e856-6b7f-4ea7-a740-78bc0077cbc1,1962-08-03,,999-19-7872,S99955961,X6708125X,Mr.,Juha-Tapani,Hamppula,,,M,white,nonhispanic,M,Helsinki  Uusimaa  FI,797 Belt Katu Suite 94,Helsinki,Uusimaa,Helsinki,00810,60.14693023004412,25.036522383680587,5875.0,0.0
b458c165-2206-4fe0-8062-48de644678db,1954-05-11,2015-05-19,999-64-2501,S99971048,X56414408X,Mr.,Tatu,Björlin,,,S,white,nonhispanic,M,Vantaa  Uusimaa  FI,305 Arpi Katu Suite 97,Porvoo,Uusimaa,Porvoo,06500,60.27460906840799,25.78153207184989,12764.24,0.0
06694250-fc6c-4291-afbe-80c2a3b7ee77,1984-04-01,,999-42-7660,S99919079,X56197889X,Mr.,Jouni-Pekka,Yrjönen,,,M,white,nonhispanic,M,Helsinki  Uusimaa  FI,883 Karikorpi Katu Unit 46,Helsinki,Uusimaa,Helsinki,00710,60.221884937599576,25.054147076949864,4125.0,0.0
6f356072-cc62-4e1e-85f2-c44b6187e9e3,2006-06-27,,999-84-3288,,,,Luukas,Taipale,,,,white,nonhispanic,M,Helsinki  Uusimaa  FI,593 Viide Katu Unit 78,Nurmijärvi,Uusimaa,Nurmijärvi,01810,60.43597441276522,24.766248608338447,2750.0,0.0
42ea1d17-a9c7-42e3-8b6a-458f5f2d398a,2004-05-29,,999-49-1292,,,,Tien,Rytky,,,,white,nonhispanic,F,Helsinki  Uusimaa  FI,562 Louet Katu Apt 74,Espoo,Uusimaa,Espoo,02620,60.19903440622701,24.8332620640016,3000.0,0.0
16a56ab2-e232-4148-b82d-2e56f598aa89,1996-09-13,,999-39-8846,S99949575,X85521723X,Mr.,Le,Husa,,,,white,nonhispanic,M,Espoo  Uusimaa  FI,284 Miemois Katu,Hyvinkää,Uusimaa,Hyvinkää,05950,60.59391717232701,24.788375542734894,3625.0,0.0
76d72c25-9fe7-4179-bfbd-b862163556f7,1955-02-16,,999-32-2629,S99968320,X60234526X,Mrs.,Toma,Orrensalo,,Mänttäri,M,white,nonhispanic,F,Espoo  Uusimaa  FI,1061 Joukainen Katu,Raasepori,Uusimaa,Raasepori,10620,59.901476257136686,23.257248675297955,6750.0,0.0
74ea1890-09f6-4473-9fc6-5184d6ad8a63,2016-08-09,,999-96-4698,,,,Artin,Rekikoski,,,,white,nonhispanic,M,Espoo  Uusimaa  FI,286 Marsch Katu Suite 25,Helsinki,Uusimaa,Helsinki,00510,60.257846492314414,24.907689669653887,1500.0,0.0
8142c8ae-af96-47da-822c-998ab9d578e2,1982-12-17,,999-62-8110,S99988459,X71695002X,Mrs.,Leena-Maria,Taljavirta,,Nuotio,M,white,nonhispanic,F,Helsinki  Uusimaa  FI,471 Markov Katu,Lohja,Uusimaa,Lohja,08350,60.2420143051869,23.879198527360973,4625.0,0.0
bbe217df-1061-44b4-9199-b8a70dc1fa86,1936-09-28,,999-65-9903,S99924098,X64807347X,Mrs.,Lottaliina,Ryökäs,,Styf,M,white,nonhispanic,F,Vantaa  Uusimaa  FI,1069 Yussuf Katu,Helsinki,Uusimaa,Helsinki,00230,60.166711210690345,24.887621743243553,9000.0,0.0
a11515ea-efe9-4ad2-b1da-7480f098fd9f,1960-07-19,,999-31-1262,S99952281,X22728676X,Mr.,Kert,Mattfolk,,,M,white,nonhispanic,M,Espoo  Uusimaa  FI,764 Arolaakso Katu,Kirkkonummi,Uusimaa,Kirkkonummi,02510,60.25610364710003,24.437826307212063,6125.0,0.0
f189f59b-d017-47e2-8d6e-661381af2e07,1976-01-16,,999-91-7331,S99998370,X14214379X,Mr.,Aki-Petri,Ahlmark,,,M,white,nonhispanic,M,Helsinki  Uusimaa  FI,947 Tran Katu,Espoo,Uusimaa,Espoo,02210,60.17042436490105,24.623571715392632,4625.0,0.0
a6dadb32-1884-4a80-9b70-a591885639ac,2004-08-02,,999-39-1355,,,,Emilie,Rekko,,,,white,nonhispanic,F,Helsinki  Uusimaa  FI,839 Huju Katu,Helsinki,Uusimaa,Helsinki,00270,60.15296419802387,25.077616054905285,3000.0,0.0
28407430-fe2e-4f4d-ac4a-f915e177eec5,1954-05-11,,999-78-8951,S99938163,X72685741X,Mr.,Yves,Louhi,,,S,white,nonhispanic,M,Helsinki  Uusimaa  FI,443 Värri Katu,Porvoo,Uusimaa,Porvoo,07360,60.3466139970533,25.82913981249116,6875.0,0.0
0e871bb1-211b-43dc-b2ec-ce38be6d3ef9,1977-11-16,,999-95-2140,S99999505,X47393237X,Mr.,Cihan,Lukka,,,S,white,nonhispanic,M,Espoo  Uusimaa  FI,778 Blomback Katu Unit 68,Espoo,Uusimaa,Espoo,02650,60.247902028728724,24.810397872926,4500.0,0.0
8b06bbd0-ba84-45c6-b579-129a31e786fb,2007-06-12,,999-62-6391,,,,Soini,Nuppola,,,,white,nonhispanic,M,Helsinki  Uusimaa  FI,358 Luomaniemi Katu Unit 77,Hyvinkää,Uusimaa,Hyvinkää,05860,60.627370217118916,25.056118884121226,2625.0,0.0
33c5144b-7d0f-467a-9a21-3a053361c96c,2004-11-13,,999-37-9810,,,,Liine,Karkkulainen,,,,white,nonhispanic,F,Nurmijärvi  Uusimaa  FI,195 Torkkola Katu Unit 35,Helsinki,Uusimaa,Helsinki,00180,60.28134818700021,25.020669262780423,3000.0,0.0
450b90ec-30ff-4477-9c2c-11c1097afc08,2001-05-13,,999-50-8780,S99995847,,Mr.,Callum,Latva-Korpela,,,,white,nonhispanic,M,Helsinki  Uusimaa  FI,872 Aitolahti Katu,Hyvinkää,Uusimaa,Hyvinkää,05830,60.61237436735451,24.817036038302838,3375.0,0.0
ebbfcec5-f771-4268-ad51-884e28a95709,2004-12-02,,999-18-5428,,,,Iri,Jauhojärvi,,,,white,nonhispanic,F,Lohja  Uusimaa  FI,845 Kauppi Katu Suite 55,Vantaa,Uusimaa,Vantaa,01610,60.28830730403908,25.043666042024146,3000.0,0.0
de74b184-ac6a-4fdb-9038-950cea1f0cf5,1976-10-24,,999-98-8039,S99977075,X21876094X,Mr.,Aman,Koskikangas,,,M,white,nonhispanic,M,Vantaa  Uusimaa  FI,989 Retva Katu,Vihti,Uusimaa,Vihti,03300,60.39043838488864,24.55643998649167,4500.0,0.0
1cb321e8-c8ca-400a-8181-e08d06aed6f6,1939-03-14,2010-03-02,999-30-2055,S99954040,X7674748X,Mr.,Clement,Schwela,MD,,M,white,nonhispanic,M,Vantaa  Uusimaa  FI,428 Gilbert Katu,Lohja,Uusimaa,Lohja,09220,60.342749609893495,24.00989140198033,7990.73,0.0
4b34a420-d2d5-4e4f-b001-6d184cc8fcf2,2009-07-12,,999-17-6987,,,,Nasser,Helli,,,,white,nonhispanic,M,Hyvinkää  Uusimaa  FI,224 Haukkamaa Katu,Espoo,Uusimaa,Espoo,02320,60.17648321219707,24.796268874424754,2375.0,0.0
f26aada9-cd52-4b08-9675-fd4882c7c3d0,1997-04-07,,999-58-7132,S99960144,X23824741X,Mr.,Semir,Björklund,,,,white,nonhispanic,M,Helsinki  Uusimaa  FI,179 Kortemaa Katu Suite 57,Helsinki,Uusimaa,Helsinki,00660,60.1627430611643,25.06302782992043,3625.0,0.0
82b0c81e-2b22-4bb9-8d08-d3a760c5476c,2001-12-03,,999-74-6574,S99977200,,Ms.,Ulla-Kaisa,Rantalaiho,,,,white,nonhispanic,F,Espoo  Uusimaa  FI,242 Yli-Peltomaa Katu Apt 2,Vantaa,Uusimaa,Vantaa,01280,60.274242587128676,25.090462530748425,3375.0,0.0
f5a8a3bb-9786-43d7-9b34-d2dc2b171c24,1940-07-09,,999-35-5809,S99943635,X12588763X,Mr.,Sabri,Kuivikko,,,S,white,nonhispanic,M,Lohja  Uusimaa  FI,275 Vihko Katu Suite 22,Kerava,Uusimaa,Kerava,04230,60.38747953023745,25.12747925053383,8625.0,0.0
dece1f88-1bd6-411c-80c0-61796a113df1,1968-04-19,,999-36-5223,S99940273,X6395481X,Mr.,Valpas,Tallavaara,,,M,white,nonhispanic,M,Helsinki  Uusimaa  FI,348 Bordi Katu,Helsinki,Uusimaa,Helsinki,00270,60.221447136086375,24.880086968370822,7500.0,0.0
328449a1-2cee-4cfa-84cb-0f0ea1d7b74d,2016-03-23,,999-34-2046,,,,Hannaliisa,Tapiola,,,,white,nonhispanic,F,Porvoo  Uusimaa  FI,625 Berggrén Katu,Helsinki,Uusimaa,Helsinki,00610,60.22449767162865,25.09092956659285,1625.0,0.0
68ec7b5d-41c4-499f-9c6e-4d761c7911fe,1983-05-10,,999-37-7379,S99969069,X39618952X,Mrs.,Tam,Nyrönen,,Hirvasniemi,M,white,nonhispanic,F,Espoo  Uusimaa  FI,245 Fitzgerald Katu Unit 25,Kerava,Uusimaa,Kerava,04200,60.3572860216158,25.1297325653365,4125.0,0.0
d75aa472-af5a-4f1d-92a4-aa864c2fe00f,2015-11-20,,999-63-4530,,,,Hava,Martiskin,,,,white,nonhispanic,F,Helsinki  Uusimaa  FI,331 Argillander Katu Apt 18,Espoo,Uusimaa,Espoo,02820,60.146768104165844,24.625277051958378,1625.0,0.0
c9963b22-3c0d-4bd3-876f-d7004fcb6c16,2007-11-28,,999-96-8764,,,,Mette-Maarit,Melkinen,,,,white,nonhispanic,F,Nice  Provence-Alpes-Cote d'Azur  FR,776 Haapola Katu,Hyvinkää,Uusimaa,Hyvinkää,05720,60.611564470559905,25.032599357111014,2625.0,0.0
044fc800-13f3-4525-b5ab-0a2dbf758664,2004-02-07,,999-98-4347,S99995582,,,Karla,Mettiäinen,,,,white,nonhispanic,F,Helsinki  Uusimaa  FI,339 Mattsson Katu,Espoo,Uusimaa,Espoo,02730,60.205749503594554,24.7082798666321,3000.0,0.0
c86b6fbe-0cbf-43d0-8efa-1d7bfd956fb9,2006-02-13,,999-32-5305,,,,Hagi,Närvä,,,,white,nonhispanic,M,Espoo  Uusimaa  FI,1068 Abdulla Katu Suite 61,Helsinki,Uusimaa,Helsinki,00960,60.23462306139288,25.005198856408086,2750.0,0.0
dcc087f4-6a7d-4554-ba41-ef500d7accef,1953-09-19,,999-11-4953,S99952248,X63832889X,Mrs.,Kaisamaria,Wallgren,,Pinta,M,white,nonhispanic,F,Espoo  Uusimaa  FI,468 Riihonen Katu,Järvenpää,Uusimaa,Järvenpää,04460,60.42308335858343,25.113719684438244,7000.0,0.0
09fa74ff-314f-4cdd-87c0-668878780ec5,1967-12-13,,999-63-2689,S99966273,X67512017X,Mr.,Akim,Sipolainen,,,M,white,nonhispanic,M,Espoo  Uusimaa  FI,716 Hoppman Katu Suite 18,Vantaa,Uusimaa,Vantaa,01300,60.31526987252902,24.887614161924322,5250.0,0.0
283071e1-493c-4282-a069-0b77be3b87dc,2000-08-20,,999-58-8229,S99946955,,Ms.,Mya,Haake,,,,white,nonhispanic,F,Espoo  Uusimaa  FI,454 Wedman Katu,Espoo,Uusimaa,Espoo,02250,60.236791193383,24.509265913146187,3500.0,0.0
01e9a137-595f-4304-a0ca-7f74f041bed7,1939-03-14,,999-94-4874,S99920667,X21543585X,Mr.,Yassin,Tenttula,MD,,M,white,nonhispanic,M,Kerava  Uusimaa  FI,910 Skutnabba Katu Apt 32,Lohja,Uusimaa,Lohja,09120,60.315859721380825,24.019800504519175,8750.0,0.0
7f6c4bbf-fb58-45a3-bbfa-d25ae4fdd0dd,1969-06-16,,999-54-9630,S99947490,X42552139X,Mr.,Joackim,Palén,,,S,white,nonhispanic,M,Helsinki  Uusimaa  FI,312 Holmroos Katu,Helsinki,Uusimaa,Helsinki,00400,60.21750723000112,24.875309127248155,5000.0,0.0
5de4162c-30f7-4814-8ee8-555e5567cb0d,1969-02-23,,999-49-3630,S99972590,X37946206X,Ms.,Selda,Martens,,,S,white,nonhispanic,F,Helsinki  Uusimaa  FI,534 Koskenvuo Katu Apt 60,Espoo,Uusimaa,Espoo,02160,60.1799266489555,24.826741904532376,5125.0,0.0
ebcb4379-4ae1-41c8-b24b-f5fccb5f7024,1965-04-23,,999-43-6401,S99977507,X84403689X,Mrs.,Jekaterina,Karisola,,Helke,M,white,nonhispanic,F,Porvoo  Uusimaa  FI,686 Lindgrén Katu Apt 71,Helsinki,Uusimaa,Helsinki,00530,60.23914707701956,24.925035746040226,5500.0,0.0
cdb704ff-a2e9-4c5a-964e-181f38c245a2,1993-11-30,,999-95-9269,S99947516,X41923266X,Mr.,Joni-Matti,Lieska,,,,white,nonhispanic,M,Espoo  Uusimaa  FI,569 Pakka Katu Apt 80,Helsinki,Uusimaa,Helsinki,00280,60.27657562038445,25.239382272738432,3750.0,0.0
4fd60d01-201d-43a2-b215-87606864bd99,1966-10-13,,999-30-9622,S99997025,X68758501X,Mr.,Tore,Kellinsalmi,,,S,white,nonhispanic,M,Järvenpää  Uusimaa  FI,823 Oittila Katu Suite 92,Helsinki,Uusimaa,Helsinki,00300,60.23740308038508,24.98294288987211,5375.0,0.0
3c087be6-0748-400b-ae58-23c1f292b851,2003-04-20,,999-46-3568,S99933602,,,Amaru,Kauraniemi,,,,white,nonhispanic,M,Helsinki  Uusimaa  FI,270 Ruuhela Katu Unit 30,Helsinki,Uusimaa,Helsinki,00220,60.19855156785855,25.02264164795799,3125.0,0.0
56d5850d-9a7c-4e02-bee7-8315eb752e95,1994-08-06,,999-57-9306,S99970733,X3657414X,Mr.,Jay,Pyyvaara,,,,white,nonhispanic,M,Vantaa  Uusimaa  FI,762 Paussoi Katu,Raasepori,Uusimaa,Raasepori,10710,59.953214238882914,23.3263579879662,3750.0,0.0
4ac3eaea-5387-4f0d-9a50-bcd9a5f998d8,2002-09-20,,999-21-9251,S99961120,,,Cecil,Ylivuori,,,,white,nonhispanic,M,Porvoo  Uusimaa  FI,695 Valkeajärvi Katu,Espoo,Uusimaa,Espoo,02110,60.18281918241577,24.774627579385854,3250.0,0.0
70fb118b-6008-411f-910e-d9ba45f75415,1989-01-11,,999-68-4111,S99937172,X50621891X,Mr.,Lionel,Hapuli,,,M,white,nonhispanic,M,Hyvinkää  Uusimaa  FI,833 Kansanaho Katu,Helsinki,Uusimaa,Helsinki,00400,60.19898430194981,24.922190095890485,3875.0,0.0
364e9bdd-7813-448a-b0b1-0ef386d07524,2013-02-09,,999-94-6306,,,,Veli-Antti,Kaltto,,,,white,nonhispanic,M,Kirkkonummi  Uusimaa  FI,326 Loppi Katu Unit 23,Helsinki,Uusimaa,Helsinki,00120,60.25987398750879,24.851727795705557,2000.0,0.0
32ecae8a-7857-4249-8139-490dadfe7841,1944-10-18,,999-21-4606,S99916070,X43821191X,Mr.,Peikko,Hockman,,,M,white,nonhispanic,M,Espoo  Uusimaa  FI,849 Haji Katu,Helsinki,Uusimaa,Helsinki,00100,60.30076635119903,25.06080078337125,8000.0,0.0
33f1f98d-8ff7-4087-8426-ae2909faeef4,1983-11-27,,999-88-4694,S99976063,X67580174X,Mrs.,Onerva,Schulman,,Häggqvist,M,white,nonhispanic,F,Vantaa  Uusimaa  FI,201 Timgren Katu Apt 79,Hyvinkää,Uusimaa,Hyvinkää,05900,60.6321433246588,24.81047244598745,4125.0,0.0
a3eca8b5-e0a6-43e3-938a-25e4cf41c6fc,1965-11-07,,999-82-2767,S99968547,X45906072X,Mr.,Georgij,Tuulivaara,,,M,white,nonhispanic,M,Vantaa  Uusimaa  FI,344 Mäkivuoti Katu,Loviisa,Uusimaa,Loviisa,07980,60.3400771225973,26.00279031356974,5500.0,0.0
1a8d40d5-1141-47e3-8196-b5a743a7d7b8,1967-06-02,,999-88-6496,S99938998,X77579427X,Ms.,Anab,Tallsten,,,S,white,nonhispanic,F,Helsinki  Uusimaa  FI,615 Kamila Katu,Helsinki,Uusimaa,Helsinki,00580,60.266684521619396,24.95404370086525,5250.0,0.0
7c95f408-b23f-4ba1-9181-d3cdee5d440c,1986-12-13,,999-95-5176,S99978903,X66179031X,Mr.,Reimo,Laakio,,,M,white,nonhispanic,M,Vantaa  Uusimaa  FI,601 Telaranta Katu,Helsinki,Uusimaa,Helsinki,00590,60.29365019606757,25.02140081182287,4000.0,0.0
0222f810-cd85-4fd0-ac9c-3ef44929c8a8,2004-05-28,,999-18-2118,,,,Fabio,Lintoja,,,,white,nonhispanic,M,Helsinki  Uusimaa  FI,1065 Tuoma Katu Apt 56,Lohja,Uusimaa,Lohja,09220,60.21750582716673,24.063285644915045,3000.0,0.0
225b2ef9-03c4-466d-a8ae-254adf63409c,1999-01-14,,999-70-8676,S99947000,X49643929X,Ms.,Reija-Leena,Bergroth,,,,white,nonhispanic,F,Helsinki  Uusimaa  FI,772 Ohramaa Katu Apt 58,Helsinki,Uusimaa,Helsinki,00150,60.181416613309366,25.08722627056607,3500.0,0.0
c89a558b-a927-411f-94b4-5fa25efb11b0,1992-11-26,,999-96-7410,S99977685,X12853017X,Mr.,Joosa,Kallenautio,,,S,white,nonhispanic,M,Helsinki  Uusimaa  FI,975 Vanninen Katu Suite 17,Helsinki,Uusimaa,Helsinki,00580,60.2022471857817,24.904425074523726,3750.0,0.0
ebaddc32-5386-40a4-96bc-f37d6ce264e9,1968-01-23,,999-17-1927,S99928484,X28166711X,Mr.,Juho-Petteri,Venho,,,M,white,nonhispanic,M,Helsinki  Uusimaa  FI,911 Kyrönen Katu,Helsinki,Uusimaa,Helsinki,00390,60.25226715897312,25.040684726730994,5250.0,0.0
97b86d5f-daef-465d-a4cd-627a17ead723,1967-10-14,,999-56-9766,S99992198,X43133993X,Mr.,Stavros,Paija,JD,,M,white,nonhispanic,M,Vantaa  Uusimaa  FI,896 Nuoranne Katu Suite 35,Espoo,Uusimaa,Espoo,02710,60.25213827655648,24.770965474126164,8070.92,0.0
f1efc007-0517-405f-a23d-ef4f413798f7,2002-02-03,,999-13-5443,S99933734,,Mr.,Ramses,Haveri,,,,white,nonhispanic,M,Helsinki  Uusimaa  FI,204 Hyytinen Katu Apt 51,Helsinki,Uusimaa,Helsinki,00870,60.19163718472619,24.906688096016843,3250.0,0.0
4804ad70-4dd6-444d-9ed4-2f11cc3278c6,2015-12-23,,999-82-7363,,,,Anterus,Honkakoski,,,,white,nonhispanic,M,Vantaa  Uusimaa  FI,162 Stewart Katu,Helsinki,Uusimaa,Helsinki,00610,60.248304765812755,25.097649560305538,1625.0,0.0
233cf879-3bda-4d99-b1d5-857ac565c9f5,1959-05-06,,999-11-7453,S99914252,X39320654X,Ms.,Alexiina,Savilepo,,,S,white,nonhispanic,F,Helsinki  Uusimaa  FI,762 Markki Katu Apt 29,Espoo,Uusimaa,Espoo,02810,60.162524244725425,24.724955505436906,6250.0,0.0
0454ab59-5589-48a4-ae8f-57f42f194799,1990-06-15,,999-51-7282,S99987311,X31522104X,Mr.,Valtteri,Ahvenlampi,,,M,white,nonhispanic,M,Kirkkonummi  Uusimaa  FI,728 Leinola Katu,Helsinki,Uusimaa,Helsinki,00230,60.231793536819666,25.003546726265263,3875.0,0.0
23a1630d-2bc8-4f9a-b777-45e028412acd,1970-06-23,,999-81-3741,S99989145,X4439397X,Mrs.,Thérése,Kaarni,,Tähtelä,M,white,nonhispanic,F,Espoo  Uusimaa  FI,342 Koittola Katu,Kerava,Uusimaa,Kerava,04200,60.35204334049684,25.178375223266887,4875.0,0.0
86dda27a-909f-410d-bf0f-2fb6dcbbd64d,1985-11-23,,999-68-5772,S99978396,X58729049X,Mr.,Youssef,Hujo,,,M,white,nonhispanic,M,Hyvinkää  Uusimaa  FI,130 Kauranne Katu,Lohja,Uusimaa,Lohja,08800,60.48360680145534,23.92081678508769,4125.0,0.0
59e8b593-fa05-4208-9f2f-903d58dc6e38,1969-07-02,,999-80-2646,S99934120,X24262218X,Mr.,Adam,Levijoki,MD,,M,white,nonhispanic,M,Hyvinkää  Uusimaa  FI,273 Hyötyläinen Katu Unit 6,Tuusula,Uusimaa,Tuusula,04340,60.477210957202566,25.038404958405007,5000.0,0.0
d8f5b2b1-8763-4cac-924f-c745621b175c,2014-03-21,,999-39-5734,,,,Sadehelmi,Kronkvist,,,,white,nonhispanic,F,Helsinki  Uusimaa  FI,117 Hagelin Katu,Vantaa,Uusimaa,Vantaa,01600,60.27868425946298,24.86388063849138,1875.0,0.0
82b60626-5bc1-47ba-9165-e6fbf21eee4f,1966-12-17,,999-57-2196,S99991270,X81491986X,Mrs.,Nesrin,Klimoff,,Turkka,M,white,nonhispanic,F,Espoo  Uusimaa  FI,949 Viukari Katu,Järvenpää,Uusimaa,Järvenpää,04430,60.51956450534423,25.12815517968196,5375.0,0.0
20c21e5c-71da-4ac2-bcbb-b2edd61fae89,2002-05-07,,999-23-5151,S99924468,,,Heba,Eertola,,,,white,nonhispanic,F,Tuusula  Uusimaa  FI,664 Kotoaro Katu,Tuusula,Uusimaa,Tuusula,04330,60.381921574167116,25.055776131530926,3250.0,0.0
ceb7a0ae-18b6-4769-97a0-5afa302c5efa,2001-02-11,,999-38-8472,S99960920,,Ms.,Yara,Leppikangas,,,,white,nonhispanic,F,Espoo  Uusimaa  FI,572 Heikkiniemi Katu Unit 98,Helsinki,Uusimaa,Helsinki,00530,60.21434582677972,25.188670997329314,3375.0,0.0
d2663814-c140-4a85-88b3-754cf64171c6,1983-07-22,,999-61-4913,S99982235,X54592946X,Mr.,Casimir,Kortteinen,,,S,white,nonhispanic,M,Helsinki  Uusimaa  FI,162 Yli-Rokki Katu,Raasepori,Uusimaa,Raasepori,10480,60.05462438022537,23.34142636301975,4125.0,0.0
adf2b411-0344-4d4c-9459-88bdedb78dac,1967-07-05,,999-58-1957,S99992693,X70546797X,Mr.,Mishka,Lettosunti,,,M,white,nonhispanic,M,Helsinki  Uusimaa  FI,866 Siikarla Katu Unit 29,Vantaa,Uusimaa,Vantaa,01690,60.294768971896204,25.090640944047202,5250.0,0.0
a55d9e98-034d-4997-a8f8-eda1c717f73c,1982-01-23,,999-77-8639,S99939047,X21165856X,Mrs.,Seyedeh,Thomasfolk,,Gilbert,M,white,nonhispanic,F,Vantaa  Uusimaa  FI,878 Havo Katu Unit 77,Kirkkonummi,Uusimaa,Kirkkonummi,02520,60.21050363462231,24.54572631735984,4250.0,0.0
3e2e27c8-b555-4db9-b296-d38fbf740adf,1912-08-04,,999-93-2505,S99960002,X78109537X,Mr.,Niklaus,Kuusijärvi,,,S,white,nonhispanic,M,Vantaa  Uusimaa  FI,1064 Heide Katu Unit 23,Lohja,Uusimaa,Lohja,08500,60.402222352826456,24.125144667981015,12000.0,0.0
1a02d4e3-76a0-4dc0-910a-432b286c77af,2003-02-24,,999-74-3771,S99927869,,,Tin,Kivikko,,,,white,nonhispanic,M,Helsinki  Uusimaa  FI,883 Janakka Katu,Tuusula,Uusimaa,Tuusula,04370,60.39019421115136,24.985001508597854,3125.0,0.0
4d389a16-8efa-4ced-8c0e-acbb052a385e,2001-03-26,,999-56-6781,S99971931,,Ms.,Saara-Mari,Issakoff,,,,white,nonhispanic,F,Tuusula  Uusimaa  FI,624 Manunen Katu,Helsinki,Uusimaa,Helsinki,00590,60.16039413138362,25.033798177823815,3375.0,0.0
e61714ef-4f94-450d-8ad7-666c6979af6d,1974-08-19,,999-53-4282,S99966427,X46706806X,Mrs.,Thérèse,Kääntee,,Jousmaa,M,white,nonhispanic,F,Vantaa  Uusimaa  FI,856 Raukko Katu Suite 73,Helsinki,Uusimaa,Helsinki,00650,60.17828301554039,24.963540670137704,4625.0,0.0
2f014bf3-8567-49f0-a05f-5cf335263713,1967-11-17,,999-27-7414,S99941223,X54750995X,Mrs.,Clare,Sinanbegovic,,Peltosaari,M,white,nonhispanic,F,Lohja  Uusimaa  FI,753 Savilampi Katu Apt 36,Espoo,Uusimaa,Espoo,02660,60.26667040858919,24.675328839148083,5250.0,0.0
b1686df5-dcae-44b9-880b-86f0a000f922,1996-08-08,,999-48-5862,S99966260,X27050703X,Mr.,Antti-Ilari,Mårtensson,,,,white,nonhispanic,M,Helsinki  Uusimaa  FI,505 Parikainen Katu,Karkkila,Uusimaa,Karkkila,03600,60.49519937135144,24.401390986332398,3625.0,0.0
ae66df63-1f5e-4731-92a6-f9263506ce2f,1955-04-14,,999-97-2769,S99951084,X81249765X,Mrs.,Van,Kujanpää,,Lönnblad,M,white,nonhispanic,F,Tuusula  Uusimaa  FI,344 Purovesi Katu Suite 9,Helsinki,Uusimaa,Helsinki,00830,60.244511939277196,24.931631758227113,6750.0,0.0
376fd19b-0994-48b5-8fe2-cbb8433a06f3,1979-05-15,,999-70-6941,S99952246,X73119599X,Mr.,Abdiasis,Haakanen,,,M,white,nonhispanic,M,Tuusula  Uusimaa  FI,862 Piiroinen Katu,Hyvinkää,Uusimaa,Hyvinkää,05440,60.582683198731274,24.901679566742704,4375.0,0.0
4d717599-a26f-4ac1-beb0-9c30d1ec4302,1958-05-24,,999-73-3652,S99969179,X17986700X,Mrs.,Annina,Kähö,,Näsiaho,M,white,nonhispanic,F,Helsinki  Uusimaa  FI,909 Iivarinen Katu Suite 13,Helsinki,Uusimaa,Helsinki,00970,60.21568053764221,24.876242583061824,6375.0,0.0
