PATIENT,START_YEAR,END_YEAR,PAYER,OWNERSHIP
bb18d5c8-cef0-4916-8c87-d302ed736534,2002,2020,e15e7b92-f376-374f-9285-2f59a38ad823,Guardian
25f3acc3-a03c-4584-8ec0-7f3a02a16585,1996,2014,e15e7b92-f376-374f-9285-2f59a38ad823,Guardian
4f6695e3-829b-4dd7-be14-43525c54071e,1993,2011,e15e7b92-f376-374f-9285-2f59a38ad823,Guardian
9aedb0f9-565c-4a92-8f23-fe31c481136d,1982,2000,e15e7b92-f376-374f-9285-2f59a38ad823,Guardian
8853d541-4877-473a-8b10-d1df24d50e85,1982,2000,e15e7b92-f376-374f-9285-2f59a38ad823,Guardian
faad7567-d327-4299-a1d9-4cd6e846f6d4,1969,1987,e15e7b92-f376-374f-9285-2f59a38ad823,Guardian
bea52019-6862-4d5b-acae-3e261f07c2fa,1988,2006,e15e7b92-f376-374f-9285-2f59a38ad823,Guardian
ca8ff694-7cdc-4713-9971-2bc616fdc3d0,1983,2001,e15e7b92-f376-374f-9285-2f59a38ad823,Guardian
991cd7ad-c959-469f-bc63-199754072df3,1947,1965,e15e7b92-f376-374f-9285-2f59a38ad823,Guardian
a0fefd49-83bc-4004-bbf0-ffdbd320d347,1959,1977,e15e7b92-f376-374f-9285-2f59a38ad823,Guardian
cba324ed-e414-43b4-8cb9-0b771bed5e5a,1953,1971,e15e7b92-f376-374f-9285-2f59a38ad823,Guardian
eaaba3bf-2dbb-4a8d-b6a0-2f0914a2e03d,1962,1980,e15e7b92-f376-374f-9285-2f59a38ad823,Guardian
49534cb2-856e-4bdd-81b9-38c52be7b786,1967,1985,e15e7b92-f376-374f-9285-2f59a38ad823,Guardian
00c1368e-3ddb-4077-a7d2-fa0686333bbd,1954,1972,e15e7b92-f376-374f-9285-2f59a38ad823,Guardian
00c1368e-3ddb-4077-a7d2-fa0686333bbd,1973,1998,e15e7b92-f376-374f-9285-2f59a38ad823,Self
839d9b0c-19ea-4e12-8f53-d3e2a74b1ca8,1960,1978,e15e7b92-f376-374f-9285-2f59a38ad823,Guardian
839d9b0c-19ea-4e12-8f53-d3e2a74b1ca8,1979,1996,e15e7b92-f376-374f-9285-2f59a38ad823,Self
74df8787-7ec5-4caf-bfab-fdcddb45552d,1982,2000,e15e7b92-f376-374f-9285-2f59a38ad823,Guardian
76b26594-d083-457c-9b49-6e4bb076dddc,1960,1978,e15e7b92-f376-374f-9285-2f59a38ad823,Guardian
6197e203-abc3-431d-91bc-cff06ad01fe8,1947,1965,e15e7b92-f376-374f-9285-2f59a38ad823,Guardian
bc3b08c1-b8bb-4c9a-892d-f803baaab751,1965,1983,e15e7b92-f376-374f-9285-2f59a38ad823,Guardian
ed10285c-4365-41f1-af29-e5a5cefdde5b,1998,2016,e15e7b92-f376-374f-9285-2f59a38ad823,Guardian
43b9f59d-103a-422f-8f3b-14b6ab5a55c1,1960,1978,e15e7b92-f376-374f-9285-2f59a38ad823,Guardian
9aa72afd-e611-46fc-9682-ff15cb8037b7,1999,2017,e15e7b92-f376-374f-9285-2f59a38ad823,Guardian
a380e856-6b7f-4ea7-a740-78bc0077cbc1,1962,1980,e15e7b92-f376-374f-9285-2f59a38ad823,Guardian
b458c165-2206-4fe0-8062-48de644678db,1954,1972,e15e7b92-f376-374f-9285-2f59a38ad823,Guardian
b458c165-2206-4fe0-8062-48de644678db,1973,2015,e15e7b92-f376-374f-9285-2f59a38ad823,Self
06694250-fc6c-4291-afbe-80c2a3b7ee77,1984,2002,e15e7b92-f376-374f-9285-2f59a38ad823,Guardian
16a56ab2-e232-4148-b82d-2e56f598aa89,1996,2014,e15e7b92-f376-374f-9285-2f59a38ad823,Guardian
76d72c25-9fe7-4179-bfbd-b862163556f7,1955,1973,e15e7b92-f376-374f-9285-2f59a38ad823,Guardian
8142c8ae-af96-47da-822c-998ab9d578e2,1982,2000,e15e7b92-f376-374f-9285-2f59a38ad823,Guardian
bbe217df-1061-44b4-9199-b8a70dc1fa86,1936,1954,e15e7b92-f376-374f-9285-2f59a38ad823,Guardian
a11515ea-efe9-4ad2-b1da-7480f098fd9f,1960,1978,e15e7b92-f376-374f-9285-2f59a38ad823,Guardian
f189f59b-d017-47e2-8d6e-661381af2e07,1976,1994,e15e7b92-f376-374f-9285-2f59a38ad823,Guardian
28407430-fe2e-4f4d-ac4a-f915e177eec5,1954,1972,e15e7b92-f376-374f-9285-2f59a38ad823,Guardian
0e871bb1-211b-43dc-b2ec-ce38be6d3ef9,1977,1995,e15e7b92-f376-374f-9285-2f59a38ad823,Guardian
450b90ec-30ff-4477-9c2c-11c1097afc08,2001,2019,e15e7b92-f376-374f-9285-2f59a38ad823,Guardian
de74b184-ac6a-4fdb-9038-950cea1f0cf5,1976,1994,e15e7b92-f376-374f-9285-2f59a38ad823,Guardian
1cb321e8-c8ca-400a-8181-e08d06aed6f6,1939,1957,e15e7b92-f376-374f-9285-2f59a38ad823,Guardian
f26aada9-cd52-4b08-9675-fd4882c7c3d0,1997,2015,e15e7b92-f376-374f-9285-2f59a38ad823,Guardian
82b0c81e-2b22-4bb9-8d08-d3a760c5476c,2001,2019,e15e7b92-f376-374f-9285-2f59a38ad823,Guardian
f5a8a3bb-9786-43d7-9b34-d2dc2b171c24,1940,1958,e15e7b92-f376-374f-9285-2f59a38ad823,Guardian
dece1f88-1bd6-411c-80c0-61796a113df1,1968,1986,e15e7b92-f376-374f-9285-2f59a38ad823,Guardian
68ec7b5d-41c4-499f-9c6e-4d761c7911fe,1983,2001,e15e7b92-f376-374f-9285-2f59a38ad823,Guardian
dcc087f4-6a7d-4554-ba41-ef500d7accef,1953,1971,e15e7b92-f376-374f-9285-2f59a38ad823,Guardian
09fa74ff-314f-4cdd-87c0-668878780ec5,1967,1985,e15e7b92-f376-374f-9285-2f59a38ad823,Guardian
283071e1-493c-4282-a069-0b77be3b87dc,2000,2018,e15e7b92-f376-374f-9285-2f59a38ad823,Guardian
01e9a137-595f-4304-a0ca-7f74f041bed7,1939,1957,e15e7b92-f376-374f-9285-2f59a38ad823,Guardian
7f6c4bbf-fb58-45a3-bbfa-d25ae4fdd0dd,1969,1987,e15e7b92-f376-374f-9285-2f59a38ad823,Guardian
5de4162c-30f7-4814-8ee8-555e5567cb0d,1969,1987,e15e7b92-f376-374f-9285-2f59a38ad823,Guardian
ebcb4379-4ae1-41c8-b24b-f5fccb5f7024,1965,1983,e15e7b92-f376-374f-9285-2f59a38ad823,Guardian
cdb704ff-a2e9-4c5a-964e-181f38c245a2,1993,2011,e15e7b92-f376-374f-9285-2f59a38ad823,Guardian
4fd60d01-201d-43a2-b215-87606864bd99,1966,1984,e15e7b92-f376-374f-9285-2f59a38ad823,Guardian
56d5850d-9a7c-4e02-bee7-8315eb752e95,1994,2012,e15e7b92-f376-374f-9285-2f59a38ad823,Guardian
70fb118b-6008-411f-910e-d9ba45f75415,1989,2007,e15e7b92-f376-374f-9285-2f59a38ad823,Guardian
32ecae8a-7857-4249-8139-490dadfe7841,1944,1962,e15e7b92-f376-374f-9285-2f59a38ad823,Guardian
33f1f98d-8ff7-4087-8426-ae2909faeef4,1983,2001,e15e7b92-f376-374f-9285-2f59a38ad823,Guardian
a3eca8b5-e0a6-43e3-938a-25e4cf41c6fc,1965,1983,e15e7b92-f376-374f-9285-2f59a38ad823,Guardian
1a8d40d5-1141-47e3-8196-b5a743a7d7b8,1967,1985,e15e7b92-f376-374f-9285-2f59a38ad823,Guardian
7c95f408-b23f-4ba1-9181-d3cdee5d440c,1986,2004,e15e7b92-f376-374f-9285-2f59a38ad823,Guardian
225b2ef9-03c4-466d-a8ae-254adf63409c,1999,2017,e15e7b92-f376-374f-9285-2f59a38ad823,Guardian
c89a558b-a927-411f-94b4-5fa25efb11b0,1992,2010,e15e7b92-f376-374f-9285-2f59a38ad823,Guardian
ebaddc32-5386-40a4-96bc-f37d6ce264e9,1968,1986,e15e7b92-f376-374f-9285-2f59a38ad823,Guardian
97b86d5f-daef-465d-a4cd-627a17ead723,1967,1985,e15e7b92-f376-374f-9285-2f59a38ad823,Guardian
f1efc007-0517-405f-a23d-ef4f413798f7,2002,2020,e15e7b92-f376-374f-9285-2f59a38ad823,Guardian
233cf879-3bda-4d99-b1d5-857ac565c9f5,1959,1977,e15e7b92-f376-374f-9285-2f59a38ad823,Guardian
0454ab59-5589-48a4-ae8f-57f42f194799,1990,2008,e15e7b92-f376-374f-9285-2f59a38ad823,Guardian
23a1630d-2bc8-4f9a-b777-45e028412acd,1970,1988,e15e7b92-f376-374f-9285-2f59a38ad823,Guardian
86dda27a-909f-410d-bf0f-2fb6dcbbd64d,1985,2003,e15e7b92-f376-374f-9285-2f59a38ad823,Guardian
59e8b593-fa05-4208-9f2f-903d58dc6e38,1969,1987,e15e7b92-f376-374f-9285-2f59a38ad823,Guardian
82b60626-5bc1-47ba-9165-e6fbf21eee4f,1966,1984,e15e7b92-f376-374f-9285-2f59a38ad823,Guardian
ceb7a0ae-18b6-4769-97a0-5afa302c5efa,2001,2019,e15e7b92-f376-374f-9285-2f59a38ad823,Guardian
d2663814-c140-4a85-88b3-754cf64171c6,1983,2001,e15e7b92-f376-374f-9285-2f59a38ad823,Guardian
adf2b411-0344-4d4c-9459-88bdedb78dac,1967,1985,e15e7b92-f376-374f-9285-2f59a38ad823,Guardian
a55d9e98-034d-4997-a8f8-eda1c717f73c,1982,2000,e15e7b92-f376-374f-9285-2f59a38ad823,Guardian
3e2e27c8-b555-4db9-b296-d38fbf740adf,1912,1930,e15e7b92-f376-374f-9285-2f59a38ad823,Guardian
4d389a16-8efa-4ced-8c0e-acbb052a385e,2001,2019,e15e7b92-f376-374f-9285-2f59a38ad823,Guardian
e61714ef-4f94-450d-8ad7-666c6979af6d,1974,1992,e15e7b92-f376-374f-9285-2f59a38ad823,Guardian
2f014bf3-8567-49f0-a05f-5cf335263713,1967,1985,e15e7b92-f376-374f-9285-2f59a38ad823,Guardian
b1686df5-dcae-44b9-880b-86f0a000f922,1996,2014,e15e7b92-f376-374f-9285-2f59a38ad823,Guardian
ae66df63-1f5e-4731-92a6-f9263506ce2f,1955,1973,e15e7b92-f376-374f-9285-2f59a38ad823,Guardian
376fd19b-0994-48b5-8fe2-cbb8433a06f3,1979,1997,e15e7b92-f376-374f-9285-2f59a38ad823,Guardian
4d717599-a26f-4ac1-beb0-9c30d1ec4302,1958,1976,e15e7b92-f376-374f-9285-2f59a38ad823,Guardian
