DATE,PATIENT,ENCOUNTER,CODE,DESCRIPTION,BASE_COST,REASONCODE,REASONDESCRIPTION
1998-08-18,00c1368e-3ddb-4077-a7d2-fa0686333bbd,d99c73d1-4206-4b8b-9a9b-e88a429647aa,40701008,Echocardiography (procedure),1003.53,22298006,Myocardial Infarction
1998-08-18,00c1368e-3ddb-4077-a7d2-fa0686333bbd,d99c73d1-4206-4b8b-9a9b-e88a429647aa,415070008,Percutaneous coronary intervention,35550.86,22298006,Myocardial Infarction
1998-08-18,00c1368e-3ddb-4077-a7d2-fa0686333bbd,d99c73d1-4206-4b8b-9a9b-e88a429647aa,232717009,Coronary artery bypass grafting,61957.00,22298006,Myocardial Infarction
1996-08-20,839d9b0c-19ea-4e12-8f53-d3e2a74b1ca8,43d2ba3c-e8a4-438e-beaf-9269c41fe549,40701008,Echocardiography (procedure),1795.79,22298006,Myocardial Infarction
1996-08-20,839d9b0c-19ea-4e12-8f53-d3e2a74b1ca8,43d2ba3c-e8a4-438e-beaf-9269c41fe549,415070008,Percutaneous coronary intervention,23349.53,22298006,Myocardial Infarction
1996-08-20,839d9b0c-19ea-4e12-8f53-d3e2a74b1ca8,43d2ba3c-e8a4-438e-beaf-9269c41fe549,232717009,Coronary artery bypass grafting,59915.82,22298006,Myocardial Infarction
2009-06-09,43b9f59d-103a-422f-8f3b-14b6ab5a55c1,5873cadb-6a96-4e98-a782-796944d6d9f2,40701008,Echocardiography (procedure),1166.87,230690007,Stroke
2009-06-09,43b9f59d-103a-422f-8f3b-14b6ab5a55c1,5873cadb-6a96-4e98-a782-796944d6d9f2,433112001,Percutaneous mechanical thrombectomy of portal vein using fluoroscopic guidance,22160.90,230690007,Stroke
2015-05-19,b458c165-2206-4fe0-8062-48de644678db,48782666-304a-4527-8c10-b9399f90bf70,40701008,Echocardiography (procedure),1591.23,230690007,Stroke
2015-05-19,b458c165-2206-4fe0-8062-48de644678db,48782666-304a-4527-8c10-b9399f90bf70,433112001,Percutaneous mechanical thrombectomy of portal vein using fluoroscopic guidance,22924.77,230690007,Stroke
2012-06-26,28407430-fe2e-4f4d-ac4a-f915e177eec5,7717ce69-0d26-4696-8a1a-4134ca82b9d5,18286008,Catheter ablation of tissue of heart,8206.47,49436004,Atrial Fibrillation
2013-07-02,28407430-fe2e-4f4d-ac4a-f915e177eec5,648f6f21-582e-4eb7-94f9-3e339845578f,180325003,Electrical cardioversion,30866.53,49436004,Atrial Fibrillation
2014-07-08,28407430-fe2e-4f4d-ac4a-f915e177eec5,f2be14cb-2449-4d12-b3d5-a712d1a02f25,180325003,Electrical cardioversion,24833.07,49436004,Atrial Fibrillation
2015-07-14,28407430-fe2e-4f4d-ac4a-f915e177eec5,899c63d8-acbc-46d3-8ddb-f3d919fb9d89,18286008,Catheter ablation of tissue of heart,6004.68,49436004,Atrial Fibrillation
2016-07-19,28407430-fe2e-4f4d-ac4a-f915e177eec5,25dedbb1-ee56-4a8c-823c-059744bbf63b,180325003,Electrical cardioversion,28916.65,49436004,Atrial Fibrillation
2017-07-25,28407430-fe2e-4f4d-ac4a-f915e177eec5,68ed9d80-037c-42e9-b1e1-6c6113df61b9,180325003,Electrical cardioversion,35893.65,49436004,Atrial Fibrillation
2018-07-31,28407430-fe2e-4f4d-ac4a-f915e177eec5,766f63f5-757b-4ff7-93c7-cce6bcc1c65b,180325003,Electrical cardioversion,22891.71,49436004,Atrial Fibrillation
2019-08-06,28407430-fe2e-4f4d-ac4a-f915e177eec5,1992d053-d6e9-42bd-995a-7eb7462add5a,18286008,Catheter ablation of tissue of heart,16779.37,49436004,Atrial Fibrillation
2010-03-02,1cb321e8-c8ca-400a-8181-e08d06aed6f6,9ee80edf-3f51-4a2a-bc81-1249ddbd0c9e,40701008,Echocardiography (procedure),870.29,22298006,Myocardial Infarction
2010-03-02,1cb321e8-c8ca-400a-8181-e08d06aed6f6,9ee80edf-3f51-4a2a-bc81-1249ddbd0c9e,415070008,Percutaneous coronary intervention,16358.99,22298006,Myocardial Infarction
2010-03-02,1cb321e8-c8ca-400a-8181-e08d06aed6f6,9ee80edf-3f51-4a2a-bc81-1249ddbd0c9e,232717009,Coronary artery bypass grafting,39891.50,22298006,Myocardial Infarction
