Id,ORGANIZATION,NAME,GENDER,SPECIALITY,ADDRESS,CITY,STATE,ZIP,LAT,LON,UTILIZATION
48313ba8-0c38-3522-b20f-10f80da22ade,d8b3cbb1-88db-3fc1-bb2b-6a9c0037e6e5,Rinesa Polkutie,F,GENERAL PRACTICE,Sairaalantie 1,Porvoo,18,06200,60.37911,25.69576,2
52a45528-b544-32b0-bdfa-a96ede92d5e4,738aef7e-a279-3f65-9dba-fead16b27400,Rolfsson Mäntykangas,M,GENERAL PRACTICE,Turuntie 150,Espoo,18,02740,60.22589,24.77581,920
c8312993-c451-36a9-98ca-91740f8e7ab0,9a3e6919-4ed0-32fe-a1e2-7184b06c415f,Sturle Haupt,M,GENERAL PRACTICE,Karvasmäentie 6,Espoo,18,02740,60.22011,24.6848,427
09af5465-4b87-30ab-84f1-3d65ca5b2324,a70486b2-c33a-37b3-a4cf-b3dc06cb9d84,Tytti Nisu,F,GENERAL PRACTICE,Sairaalakatu 1,Vantaa,18,01400,60.3299,25.0608,1422
c89f8403-3d19-3fb1-b4d9-85e177ac09cc,bf25636d-50a4-3cf2-b937-0e59fd37503f,Arttur Green,M,GENERAL PRACTICE,Sairaalankatu 1,Hyvinkää,18,05830,60.612,24.82486,174
37ebc8af-5a1d-37b8-9244-fa3c120e549d,4eddd774-a01b-3a0b-b4c6-736a5581aba4,Roine Dickman,F,GENERAL PRACTICE,Ohkolantie 10,Kellokoski,18,04500,60.53054,25.10548,125
7746d783-4a37-3acd-bafd-775e1793ad4e,942171f0-df04-34cc-9c85-1a11b2f08717,Emriikka Peräkangas,F,GENERAL PRACTICE,Sairaalatie 8,Lohja,18,08200,60.2247,24.01885,500
11413b3e-19d9-3e5d-b5ee-7af3b515e87b,216a84b2-6287-356d-9bcf-655abf00debb,Ari-Petteri Joutsalainen,M,GENERAL PRACTICE,Sairaalantie 1,Porvoo,18,06200,60.37911,25.69576,295
2e3c8610-e8fe-36af-a689-8bfdeda43bfc,39010280-b8e5-3b1a-b835-bafbeea21968,Tytti Nisu,F,GENERAL PRACTICE,Turuntie 150,Espoo,18,02740,60.22589,24.77581,1
d4e48407-5491-3a0a-960c-605905af1f2c,7b74aa83-5335-38dd-a213-d6df36c7f627,Arttur Green,M,GENERAL PRACTICE,Karvasmäentie 6,Espoo,18,02740,60.22011,24.6848,2
76e1dc3e-751f-31f6-8f22-e4e31371a5ef,8af774ed-7635-320a-ad8c-a63aa309a858,Ari-Petteri Joutsalainen,M,GENERAL PRACTICE,Sairaalatie 8,Lohja,18,08200,60.2247,24.01885,2
