START,STOP,PATIENT,ENCOUNTER,CODE,DESCRIPTION
1982-07-01,,d0518c90-b9a6-4ab9-b2be-ef8b557c3560,49faefc2-56cf-411c-a769-4e3d0dce7350,410429000,Cardiac Arrest
1982-07-01,,d0518c90-b9a6-4ab9-b2be-ef8b557c3560,49faefc2-56cf-411c-a769-4e3d0dce7350,429007001,History of cardiac arrest (situation)
2013-01-14,,efc5c24b-5361-4c02-8e92-c1de3cc6e95f,5e362a6f-4c62-4a07-85fa-b49fbb9f7ab4,230690007,Stroke
1996-11-14,,ebdd1a98-1d4a-48f7-a588-be7652355b7c,be41d663-c232-4333-ac52-8ed6a0fbf84a,49436004,Atrial Fibrillation
2004-06-15,,1c7f0989-9d31-4260-984e-3c815e684c0c,124dbaf1-352a-43f1-acc1-eda8a31b4a5f,53741008,Coronary Heart Disease
2018-05-29,,1c7f0989-9d31-4260-984e-3c815e684c0c,55e84e72-7632-4217-b7f3-3e2b5c1ce3c8,22298006,Myocardial Infarction
2018-05-29,,1c7f0989-9d31-4260-984e-3c815e684c0c,55e84e72-7632-4217-b7f3-3e2b5c1ce3c8,399211009,History of myocardial infarction (situation)
1961-09-08,,ea11bd49-8192-4591-b887-b03da1e14c21,11bbdb35-aa39-4e07-b6d4-2a7e72b263cb,53741008,Coronary Heart Disease
2007-09-21,,ea11bd49-8192-4591-b887-b03da1e14c21,f5bd8486-a660-403d-baaf-4179756cab35,230690007,Stroke
