START,STOP,PATIENT,PAYER,ENCOUNTER,CODE,DESCRIPTION,BASE_COST,PAYER_COVERAGE,DISPENSES,TOTALCOST,REASONCODE,REASONDESCRIPTION
2013-01-14,2013-01-14,efc5c24b-5361-4c02-8e92-c1de3cc6e95f,b1c428d6-4f07-31e0-90f0-68ffa6ff8c76,5e362a6f-4c62-4a07-85fa-b49fbb9f7ab4,309362,Clopidogrel 75 MG Oral Tablet,64.29,0.00,1,64.29,,
2013-01-14,2013-01-14,efc5c24b-5361-4c02-8e92-c1de3cc6e95f,b1c428d6-4f07-31e0-90f0-68ffa6ff8c76,5e362a6f-4c62-4a07-85fa-b49fbb9f7ab4,1804799,Alteplase 100 MG Injection,6520.73,0.00,1,6520.73,,
1996-11-14,,ebdd1a98-1d4a-48f7-a588-be7652355b7c,b1c428d6-4f07-31e0-90f0-68ffa6ff8c76,be41d663-c232-4333-ac52-8ed6a0fbf84a,855332,Warfarin Sodium 5 MG Oral Tablet,143.67,0.00,283,40658.61,,
1996-11-14,,ebdd1a98-1d4a-48f7-a588-be7652355b7c,b1c428d6-4f07-31e0-90f0-68ffa6ff8c76,be41d663-c232-4333-ac52-8ed6a0fbf84a,897718,Verapamil Hydrochloride 40 MG,158.92,0.00,283,44974.36,,
1996-11-14,,ebdd1a98-1d4a-48f7-a588-be7652355b7c,b1c428d6-4f07-31e0-90f0-68ffa6ff8c76,be41d663-c232-4333-ac52-8ed6a0fbf84a,197604,Digoxin 0.125 MG Oral Tablet,87.54,0.00,283,24773.82,,
2004-06-15,2018-05-29,1c7f0989-9d31-4260-984e-3c815e684c0c,b1c428d6-4f07-31e0-90f0-68ffa6ff8c76,124dbaf1-352a-43f1-acc1-eda8a31b4a5f,309362,Clopidogrel 75 MG Oral Tablet,119.61,0.00,169,20214.09,,
2004-06-15,,1c7f0989-9d31-4260-984e-3c815e684c0c,b1c428d6-4f07-31e0-90f0-68ffa6ff8c76,124dbaf1-352a-43f1-acc1-eda8a31b4a5f,312961,Simvastatin 20 MG Oral Tablet,22.92,0.00,170,3896.40,,
2004-06-15,,1c7f0989-9d31-4260-984e-3c815e684c0c,b1c428d6-4f07-31e0-90f0-68ffa6ff8c76,124dbaf1-352a-43f1-acc1-eda8a31b4a5f,197361,Amlodipine 5 MG Oral Tablet,43.69,0.00,170,7427.30,,
2004-06-15,2018-05-29,1c7f0989-9d31-4260-984e-3c815e684c0c,b1c428d6-4f07-31e0-90f0-68ffa6ff8c76,124dbaf1-352a-43f1-acc1-eda8a31b4a5f,705129,Nitroglycerin 0.4 MG/ACTUAT Mucosal Spray,81.48,0.00,169,13770.12,,
2018-05-29,2018-05-29,1c7f0989-9d31-4260-984e-3c815e684c0c,b1c428d6-4f07-31e0-90f0-68ffa6ff8c76,55e84e72-7632-4217-b7f3-3e2b5c1ce3c8,259255,Atorvastatin 80 MG Oral Tablet,59.67,0.00,1,59.67,,
2018-05-29,2018-05-29,1c7f0989-9d31-4260-984e-3c815e684c0c,b1c428d6-4f07-31e0-90f0-68ffa6ff8c76,55e84e72-7632-4217-b7f3-3e2b5c1ce3c8,833036,Captopril 25 MG Oral Tablet,59.07,0.00,1,59.07,,
1961-09-08,,ea11bd49-8192-4591-b887-b03da1e14c21,b1c428d6-4f07-31e0-90f0-68ffa6ff8c76,11bbdb35-aa39-4e07-b6d4-2a7e72b263cb,705129,Nitroglycerin 0.4 MG/ACTUAT Mucosal Spray,107.24,0.00,712,76354.88,,
1991-02-22,,ea11bd49-8192-4591-b887-b03da1e14c21,b1c428d6-4f07-31e0-90f0-68ffa6ff8c76,7eb3135c-8e26-4725-ab7b-dd9711b48094,312961,Simvastatin 20 MG Oral Tablet,10.98,0.00,353,3875.94,,
1994-03-11,,ea11bd49-8192-4591-b887-b03da1e14c21,b1c428d6-4f07-31e0-90f0-68ffa6ff8c76,108dcc2e-c496-4f99-99e7-96b28f740f60,197361,Amlodipine 5 MG Oral Tablet,17.26,0.00,316,5454.16,,
1997-03-28,2007-09-21,ea11bd49-8192-4591-b887-b03da1e14c21,b1c428d6-4f07-31e0-90f0-68ffa6ff8c76,74de62de-5a68-4a07-8cc7-2a48624a9df6,309362,Clopidogrel 75 MG Oral Tablet,56.83,0.00,127,7217.41,,
2008-05-30,,ea11bd49-8192-4591-b887-b03da1e14c21,b1c428d6-4f07-31e0-90f0-68ffa6ff8c76,b8af9cf4-ea53-4ca7-bb3d-7b9e7c4eda05,309362,Clopidogrel 75 MG Oral Tablet,98.09,0.00,143,14026.87,,
