Id,BIRTHDATE,DEATHDATE,SSN,DRIVERS,PASSPORT,PREFIX,FIRST,LAST,SUFFIX,MAIDEN,MARITAL,RACE,ETHNICITY,GENDER,BIRTHPLACE,ADDRESS,CITY,STATE,COUNTY,ZIP,LAT,LON,HEALTHCARE_EXPENSES,HEALTHCARE_COVERAGE
227423d7-0bc6-48d5-922c-8781c31626c9,2005-01-12,,999-56-9947,,,,Merlin,Norokorpi,,,,white,nonhispanic,M,Helsinki  Uusimaa  FI,268 Sillvan Katu,Mäntsälä,Uusimaa,Mäntsälä,04820,60.74537385035947,25.444864119960023,3000.0,0.0
3a55f821-ff49-46e8-a754-7a0470092f32,1986-02-01,,999-97-6090,S99934183,X81180798X,Mr.,Etvi,Helperi,,,M,white,nonhispanic,M,Helsinki  Uusimaa  FI,226 Juva Katu Apt 34,Helsinki,Uusimaa,Helsinki,00550,60.26889472963452,24.967531095096373,4000.0,0.0
9f824b41-cf8d-4083-b542-e28ebfe38c71,2014-12-16,,999-81-7978,,,,Lari,Pihajoki,,,,white,nonhispanic,M,Espoo  Uusimaa  FI,806 Aittomäki Katu,Espoo,Uusimaa,Espoo,02920,60.24821398904507,24.782994577146777,1750.0,0.0
886c9a78-7657-42f3-bec1-d141bac5e55c,1975-01-12,,999-13-2552,S99987175,X70738623X,Mr.,Kiminpoika,Gammelgård,,,M,white,nonhispanic,M,Tuusula  Uusimaa  FI,117 Suna Katu Suite 99,Loviisa,Uusimaa,Loviisa,07900,60.45275114191491,26.271330427602923,4625.0,0.0
dd61d616-7c7b-45ce-9f05-76ce2ce148e6,1969-08-26,,999-64-1233,S99966792,X40331868X,Ms.,Erja-Liisa,Hottinen,,,S,white,nonhispanic,F,Espoo  Uusimaa  FI,195 Keppo Katu,Vihti,Uusimaa,Vihti,03430,60.299328413867755,24.403259287566318,5000.0,0.0
b473e2ca-6429-410c-b7fb-f628796ba9a6,1989-02-11,,999-20-8244,S99963603,X30115913X,Mrs.,Isella,Alaviitala,,Lönnberg,M,white,nonhispanic,F,Espoo  Uusimaa  FI,603 Holstikko Katu,Helsinki,Uusimaa,Helsinki,00760,60.18030721441063,24.904147142793672,3875.0,0.0
0548f5bf-ffc3-464d-af0f-94de6513ea97,1964-08-05,,999-71-4711,S99932407,X49937060X,Mrs.,Tiina-Mari,Dickson,,Riikola,M,white,nonhispanic,F,Hyvinkää  Uusimaa  FI,196 Henell Katu Unit 50,Hyvinkää,Uusimaa,Hyvinkää,05840,60.56312377966056,24.867082307620226,5625.0,0.0
8f74d509-2133-4599-9846-f33a7b8ea2a5,1994-02-21,,999-93-4522,S99968669,X83191533X,Ms.,Hinriikka,Krug,,,,white,nonhispanic,F,Espoo  Uusimaa  FI,1057 Harjumäki Katu Unit 29,Helsinki,Uusimaa,Helsinki,00910,60.226704119327344,25.146538236858973,3750.0,0.0
a1b290e2-9adb-40c7-8ce9-3ad31b5e6e41,1950-05-17,,999-51-1457,S99949771,X1289698X,Mr.,Nyyrikki,Åström,,,M,white,nonhispanic,M,Pukkila  Uusimaa  FI,851 Leppiaho Katu Suite 77,Helsinki,Uusimaa,Helsinki,00620,60.28591846641425,24.912724508953392,7375.0,0.0
866dafb2-07dc-4e7a-a403-b60923adb758,2008-10-21,,999-97-9268,,,,Anni-Liisa,Mäki-Hakola,,,,white,nonhispanic,F,Kauniainen  Uusimaa  FI,110 Slunga Katu,Helsinki,Uusimaa,Helsinki,00620,60.25411592265986,25.025999627906543,2500.0,0.0
14f5d125-c4ea-4660-b1eb-eb4854d06b1c,1993-10-24,,999-94-7919,S99924119,X44808436X,Ms.,Tekla,Tervasmäki,,,,white,nonhispanic,F,Järvenpää  Uusimaa  FI,1064 Pörrö Katu Apt 45,Helsinki,Uusimaa,Helsinki,00840,60.21099040481848,24.906534802461177,3750.0,0.0
93ff0e60-77f1-44a9-9ffb-2355f4965725,1948-11-27,,999-91-6156,S99934158,X57065464X,Mrs.,Zeinab,Kerava,,Riste,M,white,nonhispanic,F,Kerava  Uusimaa  FI,1091 Soudunsaari Katu,Helsinki,Uusimaa,Helsinki,00210,60.17782516712274,24.93415666495484,7500.0,0.0
62bb68da-aec0-4755-9a32-783ccc7f4207,1988-01-21,,999-17-3445,S99913713,X35741903X,Mrs.,Anne-Marita,Nurmivuori,,Ryymin,M,white,nonhispanic,F,Helsinki  Uusimaa  FI,300 Rautamies Katu,Helsinki,Uusimaa,Helsinki,00170,60.210394846393264,24.955237902083425,4000.0,0.0
56fc8222-df20-4a7d-88b4-7d6edf64dbdc,1938-06-19,,999-89-3780,S99912637,X32627396X,Mrs.,Vivianne,Liettyä,,Patjas,M,white,nonhispanic,F,Espoo  Uusimaa  FI,1067 Aatola Katu,Järvenpää,Uusimaa,Järvenpää,04440,60.55175610576192,25.105566290839167,8875.0,0.0
ae8e2277-bfa8-4651-be2e-7c12d5208619,1988-10-06,,999-57-2719,S99930885,X39202518X,Ms.,Tyttö,Vaitti,,,S,white,nonhispanic,F,Helsinki  Uusimaa  FI,980 Långström Katu,Helsinki,Uusimaa,Helsinki,00430,60.218795632106634,24.86106219482245,4000.0,0.0
a8c1d180-252f-4496-a541-aad6314f813b,2012-07-29,,999-15-9066,,,,Rosa,Heliranta,,,,white,nonhispanic,F,Raasepori  Uusimaa  FI,544 Pohjonen Katu Apt 95,Kerava,Uusimaa,Kerava,04260,60.37889367432671,25.072454031560042,2000.0,0.0
4593f5a9-6d42-4281-9c68-99a512326ce1,2019-12-30,,999-21-3915,,,,Rodi,Yli-Ketola,,,,white,nonhispanic,M,Sipoo  Uusimaa  FI,722 Priha Katu Unit 62,Kerava,Uusimaa,Kerava,04230,60.3698074695506,25.14990627166151,250.0,0.0
52e915fb-db19-4b30-85a8-7e57f19825ef,2006-11-07,,999-33-7734,,,,Rinna,Lapio,,,,white,nonhispanic,F,Espoo  Uusimaa  FI,660 Korvala Katu,Espoo,Uusimaa,Espoo,02170,60.168319195271195,24.834085125396566,2750.0,0.0
043b4d31-c98e-4d14-9e36-b60a8ae9b0fe,2014-09-22,,999-17-7907,,,,Adelina,Markova,,,,white,nonhispanic,F,Espoo  Uusimaa  FI,840 Tallus Katu Unit 35,Vantaa,Uusimaa,Vantaa,01750,60.333638750613574,25.069955450924713,1750.0,0.0
97637b69-c217-48ed-b426-5e68f75d68ce,2011-12-21,,999-20-7472,,,,Iiska,Vekki,,,,white,nonhispanic,M,Helsinki  Uusimaa  FI,991 Suoja Katu Apt 69,Porvoo,Uusimaa,Porvoo,07360,60.433596979781775,25.741186930959564,2125.0,0.0
340e2255-2bde-4e12-9ffa-d5db588779e1,1992-09-18,,999-41-3596,S99914885,X55768718X,Ms.,Sallamaria,Loukiala,,,S,white,nonhispanic,F,Porvoo  Uusimaa  FI,951 Sailas Katu Suite 56,Espoo,Uusimaa,Espoo,02170,60.215287189121845,24.81708792018076,3750.0,0.0
8953f246-c0b7-4246-8846-547c1ff7b535,1971-06-25,,999-90-3284,S99942557,X21595402X,Mr.,Mahad,Kivihaka,,,M,white,nonhispanic,M,Helsinki  Uusimaa  FI,499 Sandberg Katu,Helsinki,Uusimaa,Helsinki,00270,60.236792556262586,24.84470336766224,4875.0,0.0
292d6f04-c743-4704-842e-4e98543c310d,1994-02-25,,999-18-1068,S99935105,X55969670X,Ms.,Ulla-Helena,Köpman,,,,white,nonhispanic,F,Helsinki  Uusimaa  FI,984 Vireä Katu Apt 90,Helsinki,Uusimaa,Helsinki,00980,60.246759538648696,24.967391186000622,3750.0,0.0
f0481fe5-ee44-4e59-929d-09a43e595d74,1958-01-06,,999-47-4078,S99978253,X27314766X,Mrs.,Merle,Latvasalo,,Nevanoja,M,white,nonhispanic,F,Kauniainen  Uusimaa  FI,472 Ritatörmä Katu,Kirkkonummi,Uusimaa,Kirkkonummi,02430,60.05858359846157,24.41555287418123,6375.0,0.0
0eb8443a-1697-4531-8023-b4c689c75212,1959-09-22,,999-37-7377,S99928058,X70807444X,Mr.,Ananias,Kynsilehto,,,S,white,nonhispanic,M,Hyvinkää  Uusimaa  FI,773 Leisiö Katu,Espoo,Uusimaa,Espoo,02280,60.24360064733923,24.704534341585074,6250.0,0.0
df336c32-6a07-47f7-aab1-86c87776a19c,1961-06-30,,999-63-3979,S99993906,X79532670X,Ms.,Hanna-Maria,Kosar,,,S,white,nonhispanic,F,Naples  Campania  IT,349 Lejonqvist Katu Unit 44,Helsinki,Uusimaa,Helsinki,00840,60.21818803387658,25.014232970281636,6000.0,0.0
aeecd98a-6b23-4afa-8212-ff874636b353,1984-03-19,,999-34-9771,S99978062,X88547518X,Mrs.,Klara,Ahlqvist,,Högström,M,white,nonhispanic,F,Helsinki  Uusimaa  FI,735 Ruokolainen Katu,Helsinki,Uusimaa,Helsinki,00680,60.22057452258305,25.069241976643937,4125.0,0.0
b8a417da-2147-4b7a-958a-1dd516d7ba40,1995-05-23,,999-43-6111,S99935225,X22043266X,Ms.,Sessa,Björnholm,,,,white,nonhispanic,F,Helsinki  Uusimaa  FI,1054 Meuronen Katu Suite 60,Espoo,Uusimaa,Espoo,02160,60.241127543452734,24.791477257247227,3625.0,0.0
9ce5ae96-fb9d-460d-8f4f-a00cb2f80d32,1945-02-11,,999-19-2193,S99980899,X4167832X,Mr.,Jarkka,Rantajärvi,,,M,white,nonhispanic,M,Espoo  Uusimaa  FI,823 Karos Katu Unit 24,Porvoo,Uusimaa,Porvoo,07360,60.265389579331476,25.50545660704483,8000.0,0.0
7bccc209-8ce1-4cb9-9de5-226e07e606a1,1985-03-12,,999-70-6496,S99991553,X21609116X,Mrs.,Tanita,Kaarlas,,Islam,M,white,nonhispanic,F,Helsinki  Uusimaa  FI,323 Liekola Katu,Vantaa,Uusimaa,Vantaa,01630,60.31548615034037,24.883831311596147,4125.0,0.0
d0518c90-b9a6-4ab9-b2be-ef8b557c3560,1945-03-29,,999-94-1807,S99947402,X85508998X,Mrs.,Rosa-Marie,Puustjärvi,,Yli-Olli,M,white,nonhispanic,F,Helsinki  Uusimaa  FI,668 Ollinkangas Katu Apt 69,Porvoo,Uusimaa,Porvoo,06150,60.47165654739557,25.626010549794433,8359.76,0.0
cc111a5e-5781-4c3f-9cc6-b78ed2d9c147,1993-01-05,,999-28-4872,S99961530,X74141939X,Mrs.,Melina,Uponen,,Malmiharju,M,white,nonhispanic,F,Helsinki  Uusimaa  FI,673 Vuoriaho Katu Unit 25,Helsinki,Uusimaa,Helsinki,00220,60.18202206411615,24.83767416488803,3750.0,0.0
f78c5100-7f15-4ff0-8166-1943956623e3,1988-05-12,,999-78-1215,S99947217,X47975668X,Mrs.,Ana,Bilund,PhD,Vipusaari,M,white,nonhispanic,F,Tuusula  Uusimaa  FI,458 Henell Katu Unit 97,Espoo,Uusimaa,Espoo,02200,60.29174427025266,24.748187769648236,4000.0,0.0
efc5c24b-5361-4c02-8e92-c1de3cc6e95f,1980-04-07,,999-46-8011,S99973789,X41015917X,Mr.,Latif,Takko,,,M,white,nonhispanic,M,Kirkkonummi  Uusimaa  FI,167 Kungas Katu,Espoo,Uusimaa,Espoo,02750,60.19213323837274,24.77440658045383,10960.02,0.0
342a6ffb-52fe-44bc-9fd4-811d3c0d02b2,1976-10-03,,999-18-6782,S99917609,X43230063X,Mr.,Saleban,Matalalampi,,,M,white,nonhispanic,M,Espoo  Uusimaa  FI,344 Kulluvaara Katu,Espoo,Uusimaa,Espoo,02730,60.193581191882345,24.842371689901416,4500.0,0.0
f17e9734-1464-48e3-84c9-2db8ce59b1e6,1968-06-18,,999-44-1399,S99961541,X36368478X,Mr.,Andres,Liedenpohja,,,M,white,nonhispanic,M,Helsinki  Uusimaa  FI,914 Vierunketo Katu Suite 64,Espoo,Uusimaa,Espoo,02920,60.186131816158635,24.680959132716023,5125.0,0.0
fb3f928b-c7ca-4bb7-9274-b0e2a1ce2e8a,1981-04-17,,999-20-5158,S99974389,X14841876X,Ms.,Shu,Andsten,,,S,white,nonhispanic,F,Helsinki  Uusimaa  FI,800 Astola Katu Apt 62,Kerava,Uusimaa,Kerava,04250,60.425783350178556,25.09834801066372,4250.0,0.0
632b8e5d-0561-4650-8e10-a91df9c07d55,1985-04-19,,999-14-7251,S99920002,X13683320X,Mrs.,Eva-Leena,Hagelin,,Rönnberg,M,white,nonhispanic,F,Helsinki  Uusimaa  FI,148 Niiniviita Katu Unit 12,Helsinki,Uusimaa,Helsinki,00550,60.213731376997174,24.956251943097445,4125.0,0.0
86371ba3-8ba2-4ed2-af80-cde573d99878,1982-12-14,,999-71-3115,S99921431,X43059421X,Mr.,Marcello,Markula,,,M,white,nonhispanic,M,Järvenpää  Uusimaa  FI,118 Ahlfors Katu Apt 92,Espoo,Uusimaa,Espoo,02120,60.138005857696214,24.83362011366748,4250.0,0.0
35408a74-6fe0-48b5-b8e7-47c02dbf7470,1977-10-14,,999-49-6347,S99981624,X29918469X,Mrs.,Natalija,Röyttä,,Stolpe,M,white,nonhispanic,F,Helsinki  Uusimaa  FI,746 Niiva Katu,Helsinki,Uusimaa,Helsinki,00100,60.21695040275147,25.032344821328973,4500.0,0.0
cd81032a-0985-4971-afe1-189c762fd31c,1997-03-29,,999-88-2403,S99910048,X852026X,Mr.,Mamdouh,Jokihaara,,,,white,nonhispanic,M,Helsinki  Uusimaa  FI,836 Louhisto Katu Unit 78,Vantaa,Uusimaa,Vantaa,01530,60.29226187261164,24.80941772437759,3625.0,0.0
9a00c668-b124-422e-98d8-70fa0e877a71,1982-06-24,,999-89-5562,S99924913,X87846243X,Mr.,Ayrton,Kaarkoski,,,M,white,nonhispanic,M,Vihti  Uusimaa  FI,745 Kasslin Katu Unit 16,Lohja,Uusimaa,Lohja,03870,60.29805875171726,23.981472351711993,4250.0,0.0
b1e6e3f0-30cd-4086-a541-e093a0747020,2016-09-16,,999-96-8537,,,,Desirè,Lolax,,,,white,nonhispanic,F,Vantaa  Uusimaa  FI,882 Peltovuori Katu,Vantaa,Uusimaa,Vantaa,01420,60.37902604250279,24.885689828202423,1500.0,0.0
ebdd1a98-1d4a-48f7-a588-be7652355b7c,1912-05-02,,999-92-6513,S99955807,X89975305X,Mrs.,Katriina,Brisk,,Loukiainen,M,white,nonhispanic,F,Nurmijärvi  Uusimaa  FI,474 Impiö Katu,Porvoo,Uusimaa,Porvoo,07350,60.41919109131116,25.562939483895377,12000.0,0.0
e596cb2a-de45-4270-92a4-a54195726ce2,1968-01-29,,999-99-7880,S99999488,X10275589X,Mrs.,Shire,Hiittola,,Ruotsala,M,white,nonhispanic,F,Järvenpää  Uusimaa  FI,182 Erander Katu,Helsinki,Uusimaa,Helsinki,00740,60.20665979408454,24.93354771059418,5250.0,0.0
7edb7006-fe43-4052-85b3-272426fdf237,2003-07-12,,999-92-4487,S99986802,,,Mallu,Montonen,,,,white,nonhispanic,F,Kirkkonummi  Uusimaa  FI,931 Sivunen Katu Apt 40,Nurmijärvi,Uusimaa,Nurmijärvi,05200,60.584252366587016,24.879052068807066,3125.0,0.0
7ac3fd02-bed2-4b80-8410-596331a9de4f,1977-04-27,,999-28-8655,S99980197,X61338786X,Mr.,Jari-Veikko,Paasilinna,,,M,white,nonhispanic,M,Järvenpää  Uusimaa  FI,995 Aihonen Katu,Vantaa,Uusimaa,Vantaa,01660,60.37485008494129,25.125381226266573,4500.0,0.0
9f6e27e3-ebb9-4fbb-95d4-c09d75608aaf,1989-12-18,,999-55-8487,S99989994,X54959956X,Mrs.,Miia-Maria,Almusa,,Koulu,M,white,nonhispanic,F,Helsinki  Uusimaa  FI,1064 Granath Katu,Helsinki,Uusimaa,Helsinki,00580,60.13974864506826,24.984022664856873,3875.0,0.0
6d1751be-892d-4b68-a1ef-a6c8ed941df1,2019-06-25,,999-19-7479,,,,Rene,Teivonen,,,,white,nonhispanic,F,Helsinki  Uusimaa  FI,798 Normia Katu,Helsinki,Uusimaa,Helsinki,00160,60.30894816376691,25.0462242774486,625.0,0.0
006cee55-b485-48d5-9f3d-785dd36f0898,1970-11-14,,999-19-8961,S99999018,X68073166X,Mrs.,Anni-Maija,Björkstedt,,Tavisalo,M,white,nonhispanic,F,Helsinki  Uusimaa  FI,562 Pöysä Katu Suite 55,Helsinki,Uusimaa,Helsinki,00530,60.27266954085688,25.12567180517976,4875.0,0.0
6a020f8f-d5f6-4700-a8d3-a23761dfc3eb,1947-12-09,,999-72-4070,S99943786,X43415770X,Mrs.,Dan,Klingberg,,Kopakka,M,white,nonhispanic,F,Vantaa  Uusimaa  FI,511 Ots Katu Apt 59,Espoo,Uusimaa,Espoo,02750,60.20128040529977,24.660850682088167,7625.0,0.0
ab10870b-b20d-4659-9f5e-239cd1292680,2004-12-16,,999-86-3833,,,,Mehmet,Hedström,,,,white,nonhispanic,M,Järvenpää  Uusimaa  FI,308 Helisevä Katu Suite 3,Espoo,Uusimaa,Espoo,02360,60.147317589163414,24.731771599705386,3000.0,0.0
a68224c0-6499-42c1-90fd-ab1e2d1c7622,1983-06-05,,999-98-2234,S99941343,X61245316X,Mrs.,Salla-Maari,Kupela,,Laulainen,M,white,nonhispanic,F,Espoo  Uusimaa  FI,682 Kuhna Katu Unit 57,Helsinki,Uusimaa,Helsinki,00780,60.27307939006,24.91030012288676,4125.0,0.0
5a99a904-c0e8-48a7-a49c-25664191151c,1937-03-28,,999-74-9385,S99960977,X31235754X,Ms.,Kaisa-Marja,Ylinen,,,S,white,nonhispanic,F,Helsinki  Uusimaa  FI,1076 Metsänperä Katu Unit 64,Kerava,Uusimaa,Kerava,04230,60.37175062869185,25.108488678244058,9000.0,0.0
f8847eb6-73a7-418b-8d13-13a72bc70ede,2001-08-02,,999-85-9525,S99977668,,Ms.,Tu,Taimio,,,,white,nonhispanic,F,Espoo  Uusimaa  FI,749 Kylävainio Katu Suite 46,Sipoo,Uusimaa,Sipoo,04150,60.38250984037852,25.239758308831718,3375.0,0.0
0cf15f8c-2bbc-44bc-b2d9-42e0d55da3e7,1937-09-15,,999-76-1233,S99924934,X37043136X,Ms.,Riina-Liisa,Lindstedt,,,S,white,nonhispanic,F,Helsinki  Uusimaa  FI,360 Juppi Katu Suite 35,Vantaa,Uusimaa,Vantaa,01490,60.30861944874918,24.82467453119042,8875.0,0.0
c3fb7e3a-5763-48eb-9051-f5f51fae08dd,1992-11-02,,999-30-1383,S99919286,X11968091X,Mrs.,Heidi-Hannele,Kiltti,,Viitalähde,M,white,nonhispanic,F,Espoo  Uusimaa  FI,856 Korjus Katu Suite 56,Vantaa,Uusimaa,Vantaa,01400,60.25392500662859,25.08046938756198,3750.0,0.0
2a5bf28e-c29a-4769-9613-28397a68b6f6,1976-10-22,,999-42-3618,S99922251,X30385041X,Mrs.,Annele,Selviranta,,Paasonen,M,white,nonhispanic,F,Hyvinkää  Uusimaa  FI,919 Janger Katu Unit 54,Espoo,Uusimaa,Espoo,02130,60.16712558676536,24.65506214556967,4500.0,0.0
51a48999-be06-4dae-800f-9a0b29188a2a,1967-10-11,,999-79-4886,S99923791,X77340035X,Mr.,Vili-Verneri,Peippola,,,S,white,nonhispanic,M,Espoo  Uusimaa  FI,852 Hohti Katu,Helsinki,Uusimaa,Helsinki,00980,60.22290702998138,24.98628781340745,5250.0,0.0
d20ef3ac-7aba-48cb-8ea8-0abcdf19a5ad,1967-05-11,,999-52-5640,S99998341,X78556759X,Mrs.,Oo,Ossi,,Kolmonen,M,white,nonhispanic,F,Vantaa  Uusimaa  FI,222 Toivanen Katu Suite 97,Vihti,Uusimaa,Vihti,03300,60.34668837001661,24.377412270854492,5250.0,0.0
040cbebf-676e-4da4-8c3d-e9621260b79e,2014-12-03,,999-93-7370,,,,Arhippa,Mårtens,,,,white,nonhispanic,M,Vantaa  Uusimaa  FI,217 Begu Katu,Espoo,Uusimaa,Espoo,02750,60.12227657005452,24.637612552542972,1750.0,0.0
02940c31-1c78-4cf3-83f2-9ca131652af9,1985-04-30,,999-60-4706,S99934789,X46267657X,Mrs.,Jasmine,Suur-Näkki,,Styrström,M,white,nonhispanic,F,Vantaa  Uusimaa  FI,363 Peussa Katu,Helsinki,Uusimaa,Helsinki,00330,60.208833968626564,24.879506724420917,4125.0,0.0
08ab0f01-de50-41be-aee4-03e429773344,1999-01-13,,999-49-4475,S99960682,X21531762X,Mr.,Sorjo,Varpukari,,,,white,nonhispanic,M,Helsinki  Uusimaa  FI,235 Stråka Katu,Siuntio,Uusimaa,Siuntio,02590,60.09498103825285,24.23129116752562,3500.0,0.0
0d9d703b-c3b7-47b6-8888-330ad9beec76,2017-11-11,,999-82-7384,,,,Yasin,Björkman,,,,white,nonhispanic,M,Helsinki  Uusimaa  FI,855 Silván Katu,Helsinki,Uusimaa,Helsinki,00660,60.139309766869815,24.944612470230343,1125.0,0.0
6b7ef4e2-8291-4bf3-8898-7abc61215025,1984-12-27,,999-67-5463,S99911436,X63781977X,Mrs.,Marjetta,Smolander,,Turvala,M,white,nonhispanic,F,Helsinki  Uusimaa  FI,655 Souru Katu Suite 70,Helsinki,Uusimaa,Helsinki,00130,60.185567925420514,24.952648678892924,4125.0,0.0
ef7f3fff-4f15-4ba8-9b43-939e558264d5,1979-09-05,,999-35-5916,S99971163,X26468891X,Mrs.,Zahra,Kekonen,,Klaus,M,white,nonhispanic,F,Espoo  Uusimaa  FI,990 Mickels Katu,Helsinki,Uusimaa,Helsinki,00880,60.22084640867789,24.940783452840613,4375.0,0.0
51fe4c75-f40f-418a-93f1-f319752d6ba7,1987-03-11,,999-42-5987,S99977147,X3189526X,Mr.,Gerard,Huopaniemi,,,M,white,nonhispanic,M,Helsinki  Uusimaa  FI,967 Nurmenrinta Katu Apt 14,Helsinki,Uusimaa,Helsinki,00170,60.26596139693065,25.007366673931234,4000.0,0.0
06469d6a-3a36-4041-8ceb-1e479a27cc11,1997-03-09,,999-76-6897,S99966444,X78858214X,Mr.,Deniz,Kouki,,,,white,nonhispanic,M,Helsinki  Uusimaa  FI,724 Hagnäs Katu,Helsinki,Uusimaa,Helsinki,00410,60.23781611568826,24.872180848969688,3625.0,0.0
aac41d4a-5b06-4667-a8dc-39f773c88d74,1976-12-22,,999-62-2596,S99920217,X39339144X,Mrs.,Feride,Voittomäki,,Koivu,M,white,nonhispanic,F,Helsinki  Uusimaa  FI,410 Pykälä-Aho Katu Apt 64,Hyvinkää,Uusimaa,Hyvinkää,05840,60.63195412406011,24.857033847697327,4500.0,0.0
01d32747-d6ad-4df5-acf9-6e65778c3c34,1964-04-06,,999-26-7975,S99999225,X23273235X,Mrs.,Tutta,Luhtavaara,,Günther,M,white,nonhispanic,F,Vantaa  Uusimaa  FI,331 Hirvilammi Katu Suite 9,Vantaa,Uusimaa,Vantaa,01520,60.292269670004586,25.155775692389753,5625.0,0.0
8a4a42df-fa8a-4546-978e-8afa4af809b9,2016-12-27,,999-78-3383,,,,Ema,Hinders,,,,white,nonhispanic,F,Loviisa  Uusimaa  FI,941 Syysjoki Katu Unit 74,Vantaa,Uusimaa,Vantaa,01520,60.25342909638859,24.869873959295443,1375.0,0.0
1219015d-ddaf-490d-b94c-98265ccfc11a,1983-11-15,,999-27-6072,S99966120,X55270559X,Ms.,Anna-Matilda,Luomanperä,,,S,white,nonhispanic,F,Tuusula  Uusimaa  FI,638 Kekäle Katu Unit 15,Helsinki,Uusimaa,Helsinki,00620,60.26314098930598,24.848068791406366,4125.0,0.0
1c7f0989-9d31-4260-984e-3c815e684c0c,1939-03-21,2018-05-29,999-40-8837,S99953097,X20743831X,Mr.,Huima,Laukkoski,,,M,white,nonhispanic,M,Helsinki  Uusimaa  FI,708 Paloniemi Katu,Helsinki,Uusimaa,Helsinki,00100,60.220831027944826,24.863642708782354,8944.83,0.0
3b2585c2-94c4-46ad-b20a-401cfb35541e,1994-08-27,,999-81-6285,S99968650,X6204586X,Ms.,Ljuba,Pyyppönen,,,,white,nonhispanic,F,Hyvinkää  Uusimaa  FI,873 Kyheröinen Katu Unit 39,Helsinki,Uusimaa,Helsinki,00900,60.23781350283329,25.024981413926156,3750.0,0.0
0875e972-a82d-4a62-bc4f-bc17a5590567,1947-06-12,,999-24-2087,S99914962,X193393X,Mr.,Teijo,Hellroos,,,M,white,nonhispanic,M,Vihti  Uusimaa  FI,537 Melart Katu Unit 26,Helsinki,Uusimaa,Helsinki,00510,60.21777267510886,24.955312634738114,7750.0,0.0
0e5333ce-3e0a-4a82-a4e2-0b198c1342e3,1985-05-11,,999-99-4342,S99986265,X74218276X,Mrs.,Eija-Maria,Boxström,,Hartonen,M,white,nonhispanic,F,Espoo  Uusimaa  FI,725 Karsikas Katu Suite 63,Helsinki,Uusimaa,Helsinki,00660,60.21542024218548,24.84348606131505,4125.0,0.0
47744853-9c34-487b-af49-5d02940a8b40,1975-10-04,,999-13-3644,S99970246,X47421320X,Mrs.,Maud,Loberg,,Kamppari,M,white,nonhispanic,F,Espoo  Uusimaa  FI,781 Martinmäki Katu Apt 75,Karkkila,Uusimaa,Karkkila,03620,60.60575694619143,24.211719269566565,4625.0,0.0
ea11bd49-8192-4591-b887-b03da1e14c21,1913-08-15,,999-66-8885,S99999699,X69585891X,Mrs.,Dara,Manunen,,Lankanen,M,white,nonhispanic,F,Espoo  Uusimaa  FI,785 Laurio Katu,Helsinki,Uusimaa,Helsinki,00160,60.27108937250021,25.104062327814386,18762.4,0.0
4af40ffd-6158-4e4f-a739-5215f38f23e9,1969-12-07,,999-98-9311,S99914442,X57484448X,Mr.,Kalle-Eemeli,Mauriala,,,M,white,nonhispanic,M,Lohja  Uusimaa  FI,457 Hukkataival Katu Unit 36,Lohja,Uusimaa,Lohja,09430,60.216958712615785,23.985134463165448,5000.0,0.0
93ef3474-7036-44d3-bb3c-2d445d48bca6,2012-02-07,,999-14-2767,,,,Hoa,Vuosku,,,,white,nonhispanic,F,Helsinki  Uusimaa  FI,125 Helen Katu Unit 74,Raasepori,Uusimaa,Raasepori,10320,60.18007396438458,23.530183260709524,2125.0,0.0
95275660-59a0-41cc-813e-98bf4b2aa6fa,1949-11-15,,999-57-1266,S99921729,X7476755X,Mrs.,Anu-Maarit,Ihalempiä,,Aho-Pynttäri,M,white,nonhispanic,F,Hyvinkää  Uusimaa  FI,116 Yli-Kerttula Katu Suite 35,Helsinki,Uusimaa,Helsinki,00600,60.300132456433865,24.92654448553242,7375.0,0.0
d7ae3312-941e-40ec-a7f2-77dacf8ef376,2003-04-24,,999-18-6317,S99964846,,,Mariko,Ylipulli,,,,white,nonhispanic,F,Helsinki  Uusimaa  FI,869 Nietula Katu Suite 28,Helsinki,Uusimaa,Helsinki,00650,60.2137411972982,25.08234128983384,3125.0,0.0
bb4f0f8a-00a0-4d77-a415-2bdd368dcaec,2019-02-20,,999-79-6564,,,,Anna-Mari,Widjeskog,,,,white,nonhispanic,F,Helsinki  Uusimaa  FI,653 Piensoho Katu,Järvenpää,Uusimaa,Järvenpää,04420,60.459577459376554,25.086201135318237,750.0,0.0
451c306e-2879-47d5-b7ce-b93c1eea36f5,1985-12-19,,999-95-8647,S99919789,X38577559X,Mrs.,Maina,Pelasoja,,Repola,M,white,nonhispanic,F,Helsinki  Uusimaa  FI,145 Salutskij Katu,Vantaa,Uusimaa,Vantaa,01610,60.31339241632268,24.956735171742793,4125.0,0.0
42e3f68b-7415-495b-a637-6ecdcc422aa6,1999-08-18,,999-19-9395,S99973973,X51319832X,Ms.,Tommintytär,Kiimalainen,,,,white,nonhispanic,F,Lohja  Uusimaa  FI,1049 Filenius Katu,Vantaa,Uusimaa,Vantaa,01420,60.32117619629849,25.039160909662726,3500.0,0.0
7b8d5902-1e1a-4ece-a9dd-2ba145e431ad,2000-11-17,,999-83-6290,S99953354,,Mr.,Sohrab,Tarvo,,,,white,nonhispanic,M,Porvoo  Uusimaa  FI,237 Pirkola Katu,Hyvinkää,Uusimaa,Hyvinkää,05820,60.675795852142905,24.86103724194243,3500.0,0.0
d63f2057-63f2-40cf-99d4-762201c42a2f,1981-09-04,,999-58-2054,S99959458,X971196X,Mr.,Falah,Korjala,,,S,white,nonhispanic,M,Tuusula  Uusimaa  FI,407 Liljavirta Katu,Raasepori,Uusimaa,Raasepori,10330,60.0370178994549,23.421389508278995,4250.0,0.0
2a7f2f89-e64e-4861-b77a-60adb14f9996,2019-09-28,,999-25-3942,,,,Lily,Rönni,,,,white,nonhispanic,F,Helsinki  Uusimaa  FI,994 Jokipii Katu Suite 95,Kirkkonummi,Uusimaa,Kirkkonummi,02540,60.189463331700786,24.418994914637118,500.0,0.0
1ea2125b-1cf0-4ecb-b2fc-ef132a24e9d2,1971-07-02,,999-91-4774,S99949077,X56036555X,Mr.,Kweku,Veintie,,,M,white,nonhispanic,M,Helsinki  Uusimaa  FI,251 Harttimo Katu,Nurmijärvi,Uusimaa,Nurmijärvi,01900,60.417320035536626,24.68462966019281,4875.0,0.0
18bf7762-9578-44e0-923a-2d986edd57f8,1939-03-21,,999-49-2118,S99948394,X70226609X,Mr.,Kari-Petteri,Upla,,,M,white,nonhispanic,M,Porvoo  Uusimaa  FI,609 Vihinen Katu,Helsinki,Uusimaa,Helsinki,00190,60.21221702115732,25.159483277339397,8750.0,0.0
ae2683d9-0d2e-476d-8889-0c573e2e94d3,1984-12-02,,999-95-9997,S99956592,X79318332X,Mrs.,Solina,Ruuskanen,,Kivimaa,M,white,nonhispanic,F,Helsinki  Uusimaa  FI,1010 Hakso Katu,Tuusula,Uusimaa,Tuusula,04380,60.48909251402735,24.90358352543915,4125.0,0.0
b9405bbf-254c-41ca-9dd0-5c11c6e08a98,1998-04-22,,999-14-8958,S99935058,X59624066X,Mr.,Mitja,Viljakka,,,,white,nonhispanic,M,Helsinki  Uusimaa  FI,788 Saarakkala Katu,Vantaa,Uusimaa,Vantaa,01340,60.349846865904894,24.76964757051522,3500.0,0.0
ef313d6d-7965-48c9-9646-2745f59cb02c,1998-10-18,,999-90-9135,S99926044,X42502464X,Mr.,Gordon,Frösén,,,,white,nonhispanic,M,Espoo  Uusimaa  FI,265 Lönnholm Katu Apt 50,Helsinki,Uusimaa,Helsinki,00630,60.26784424751942,24.928351799278648,3500.0,0.0
6af28d30-8423-4066-9723-48869cc33960,1976-05-02,,999-32-2234,S99990010,X57215736X,Ms.,Tuula-Mari,Peurakoski,,,S,white,nonhispanic,F,Lohja  Uusimaa  FI,474 Hanska Katu,Espoo,Uusimaa,Espoo,02300,60.16717926695392,24.866058054111853,4500.0,0.0
f3e59fc6-1603-48e9-afc7-9b99aaccb27f,2017-01-30,,999-96-9241,,,,Juha-Tapio,Tarkia,,,,white,nonhispanic,M,Espoo  Uusimaa  FI,553 Vesamo Katu Apt 67,Helsinki,Uusimaa,Helsinki,00220,60.198560869705275,24.869134713297196,1375.0,0.0
acf1120f-c5a2-4154-aa68-73b7f7795f5d,1975-12-28,,999-92-2665,S99938998,X2948112X,Mr.,Jesse-Juhani,Suursalmi,,,M,white,nonhispanic,M,Hyvinkää  Uusimaa  FI,463 Breitholtz Katu,Vihti,Uusimaa,Vihti,03400,60.387647190488465,24.167054619957923,4625.0,0.0
ef5e92a2-b081-4a90-afb6-41f9df8c4e3c,1988-09-15,,999-11-7955,S99925684,X8035016X,Mrs.,Annimaija,Lagerroos,,Ax,M,white,nonhispanic,F,Porvoo  Uusimaa  FI,609 Yli-Kerttula Katu Unit 90,Lohja,Uusimaa,Lohja,09120,60.22145043075885,24.0139584578664,4000.0,0.0
ef31d035-067e-4c4b-b8f5-f3192a9eda40,1994-11-13,,999-82-5439,S99969569,X64228239X,Mr.,Markkus,Hörhammer,,,,white,nonhispanic,M,Tuusula  Uusimaa  FI,375 Ranttila Katu,Helsinki,Uusimaa,Helsinki,00510,60.237057391327134,24.89142667445825,3750.0,0.0
02df5c82-53f6-4791-a655-f61ebbb69f4d,1956-12-11,,999-17-5547,S99912846,X49285122X,Mrs.,Inki,Sauhke,,Kassila,M,white,nonhispanic,F,Vihti  Uusimaa  FI,232 Kilkku Katu,Kerava,Uusimaa,Kerava,04230,60.407204610482125,25.13033581383526,6625.0,0.0
a718cf5f-0db4-4064-8f30-d7a65b405640,1999-04-01,,999-99-3766,S99925965,X8076463X,Ms.,Ubah,Tiilikainen,,,,white,nonhispanic,F,Pornainen  Uusimaa  FI,1013 Erkas Katu Unit 3,Siuntio,Uusimaa,Siuntio,02490,60.070274571747106,24.35541363975836,3500.0,0.0
cda6f9eb-0297-4d91-9204-5ef2cf59a19f,1945-04-01,,999-44-8072,S99961583,X282622X,Mrs.,Anni-Julia,Palonperä,,Herkman,M,white,nonhispanic,F,Espoo  Uusimaa  FI,157 Pakomaa Katu,Espoo,Uusimaa,Espoo,02980,60.3698904298225,24.60516482522069,8000.0,0.0
