PATIENT,START_YEAR,END_YEAR,PAYER,OWNERSHIP
3a55f821-ff49-46e8-a754-7a0470092f32,1986,2004,e15e7b92-f376-374f-9285-2f59a38ad823,Guardian
886c9a78-7657-42f3-bec1-d141bac5e55c,1975,1993,e15e7b92-f376-374f-9285-2f59a38ad823,Guardian
dd61d616-7c7b-45ce-9f05-76ce2ce148e6,1969,1987,e15e7b92-f376-374f-9285-2f59a38ad823,Guardian
b473e2ca-6429-410c-b7fb-f628796ba9a6,1989,2007,e15e7b92-f376-374f-9285-2f59a38ad823,Guardian
0548f5bf-ffc3-464d-af0f-94de6513ea97,1964,1982,e15e7b92-f376-374f-9285-2f59a38ad823,Guardian
8f74d509-2133-4599-9846-f33a7b8ea2a5,1994,2012,e15e7b92-f376-374f-9285-2f59a38ad823,Guardian
a1b290e2-9adb-40c7-8ce9-3ad31b5e6e41,1950,1968,e15e7b92-f376-374f-9285-2f59a38ad823,Guardian
14f5d125-c4ea-4660-b1eb-eb4854d06b1c,1993,2011,e15e7b92-f376-374f-9285-2f59a38ad823,Guardian
93ff0e60-77f1-44a9-9ffb-2355f4965725,1948,1966,e15e7b92-f376-374f-9285-2f59a38ad823,Guardian
62bb68da-aec0-4755-9a32-783ccc7f4207,1988,2006,e15e7b92-f376-374f-9285-2f59a38ad823,Guardian
56fc8222-df20-4a7d-88b4-7d6edf64dbdc,1938,1956,e15e7b92-f376-374f-9285-2f59a38ad823,Guardian
ae8e2277-bfa8-4651-be2e-7c12d5208619,1988,2006,e15e7b92-f376-374f-9285-2f59a38ad823,Guardian
340e2255-2bde-4e12-9ffa-d5db588779e1,1992,2010,e15e7b92-f376-374f-9285-2f59a38ad823,Guardian
292d6f04-c743-4704-842e-4e98543c310d,1994,2012,e15e7b92-f376-374f-9285-2f59a38ad823,Guardian
8953f246-c0b7-4246-8846-547c1ff7b535,1971,1989,e15e7b92-f376-374f-9285-2f59a38ad823,Guardian
f0481fe5-ee44-4e59-929d-09a43e595d74,1958,1976,e15e7b92-f376-374f-9285-2f59a38ad823,Guardian
0eb8443a-1697-4531-8023-b4c689c75212,1959,1977,e15e7b92-f376-374f-9285-2f59a38ad823,Guardian
df336c32-6a07-47f7-aab1-86c87776a19c,1961,1979,e15e7b92-f376-374f-9285-2f59a38ad823,Guardian
aeecd98a-6b23-4afa-8212-ff874636b353,1984,2002,e15e7b92-f376-374f-9285-2f59a38ad823,Guardian
9ce5ae96-fb9d-460d-8f4f-a00cb2f80d32,1945,1963,e15e7b92-f376-374f-9285-2f59a38ad823,Guardian
b8a417da-2147-4b7a-958a-1dd516d7ba40,1995,2013,e15e7b92-f376-374f-9285-2f59a38ad823,Guardian
7bccc209-8ce1-4cb9-9de5-226e07e606a1,1985,2003,e15e7b92-f376-374f-9285-2f59a38ad823,Guardian
d0518c90-b9a6-4ab9-b2be-ef8b557c3560,1945,1963,e15e7b92-f376-374f-9285-2f59a38ad823,Guardian
cc111a5e-5781-4c3f-9cc6-b78ed2d9c147,1993,2011,e15e7b92-f376-374f-9285-2f59a38ad823,Guardian
f78c5100-7f15-4ff0-8166-1943956623e3,1988,2006,e15e7b92-f376-374f-9285-2f59a38ad823,Guardian
efc5c24b-5361-4c02-8e92-c1de3cc6e95f,1980,1998,e15e7b92-f376-374f-9285-2f59a38ad823,Guardian
342a6ffb-52fe-44bc-9fd4-811d3c0d02b2,1976,1994,e15e7b92-f376-374f-9285-2f59a38ad823,Guardian
f17e9734-1464-48e3-84c9-2db8ce59b1e6,1968,1986,e15e7b92-f376-374f-9285-2f59a38ad823,Guardian
fb3f928b-c7ca-4bb7-9274-b0e2a1ce2e8a,1981,1999,e15e7b92-f376-374f-9285-2f59a38ad823,Guardian
632b8e5d-0561-4650-8e10-a91df9c07d55,1985,2003,e15e7b92-f376-374f-9285-2f59a38ad823,Guardian
86371ba3-8ba2-4ed2-af80-cde573d99878,1982,2000,e15e7b92-f376-374f-9285-2f59a38ad823,Guardian
35408a74-6fe0-48b5-b8e7-47c02dbf7470,1977,1995,e15e7b92-f376-374f-9285-2f59a38ad823,Guardian
cd81032a-0985-4971-afe1-189c762fd31c,1997,2015,e15e7b92-f376-374f-9285-2f59a38ad823,Guardian
9a00c668-b124-422e-98d8-70fa0e877a71,1982,2000,e15e7b92-f376-374f-9285-2f59a38ad823,Guardian
ebdd1a98-1d4a-48f7-a588-be7652355b7c,1912,1930,e15e7b92-f376-374f-9285-2f59a38ad823,Guardian
e596cb2a-de45-4270-92a4-a54195726ce2,1968,1968,b1c428d6-4f07-31e0-90f0-68ffa6ff8c76,
e596cb2a-de45-4270-92a4-a54195726ce2,1969,1969,e15e7b92-f376-374f-9285-2f59a38ad823,
e596cb2a-de45-4270-92a4-a54195726ce2,1970,1986,e15e7b92-f376-374f-9285-2f59a38ad823,Guardian
7ac3fd02-bed2-4b80-8410-596331a9de4f,1977,1995,e15e7b92-f376-374f-9285-2f59a38ad823,Guardian
9f6e27e3-ebb9-4fbb-95d4-c09d75608aaf,1989,2007,e15e7b92-f376-374f-9285-2f59a38ad823,Guardian
006cee55-b485-48d5-9f3d-785dd36f0898,1970,1988,e15e7b92-f376-374f-9285-2f59a38ad823,Guardian
6a020f8f-d5f6-4700-a8d3-a23761dfc3eb,1947,1965,e15e7b92-f376-374f-9285-2f59a38ad823,Guardian
a68224c0-6499-42c1-90fd-ab1e2d1c7622,1983,2001,e15e7b92-f376-374f-9285-2f59a38ad823,Guardian
5a99a904-c0e8-48a7-a49c-25664191151c,1937,1955,e15e7b92-f376-374f-9285-2f59a38ad823,Guardian
f8847eb6-73a7-418b-8d13-13a72bc70ede,2001,2019,e15e7b92-f376-374f-9285-2f59a38ad823,Guardian
0cf15f8c-2bbc-44bc-b2d9-42e0d55da3e7,1937,1955,e15e7b92-f376-374f-9285-2f59a38ad823,Guardian
c3fb7e3a-5763-48eb-9051-f5f51fae08dd,1992,2010,e15e7b92-f376-374f-9285-2f59a38ad823,Guardian
2a5bf28e-c29a-4769-9613-28397a68b6f6,1976,1994,e15e7b92-f376-374f-9285-2f59a38ad823,Guardian
51a48999-be06-4dae-800f-9a0b29188a2a,1967,1985,e15e7b92-f376-374f-9285-2f59a38ad823,Guardian
d20ef3ac-7aba-48cb-8ea8-0abcdf19a5ad,1967,1985,e15e7b92-f376-374f-9285-2f59a38ad823,Guardian
02940c31-1c78-4cf3-83f2-9ca131652af9,1985,2003,e15e7b92-f376-374f-9285-2f59a38ad823,Guardian
08ab0f01-de50-41be-aee4-03e429773344,1999,2017,e15e7b92-f376-374f-9285-2f59a38ad823,Guardian
6b7ef4e2-8291-4bf3-8898-7abc61215025,1984,2002,e15e7b92-f376-374f-9285-2f59a38ad823,Guardian
ef7f3fff-4f15-4ba8-9b43-939e558264d5,1979,1997,e15e7b92-f376-374f-9285-2f59a38ad823,Guardian
51fe4c75-f40f-418a-93f1-f319752d6ba7,1987,2005,e15e7b92-f376-374f-9285-2f59a38ad823,Guardian
06469d6a-3a36-4041-8ceb-1e479a27cc11,1997,2015,e15e7b92-f376-374f-9285-2f59a38ad823,Guardian
aac41d4a-5b06-4667-a8dc-39f773c88d74,1976,1994,e15e7b92-f376-374f-9285-2f59a38ad823,Guardian
01d32747-d6ad-4df5-acf9-6e65778c3c34,1964,1982,e15e7b92-f376-374f-9285-2f59a38ad823,Guardian
1219015d-ddaf-490d-b94c-98265ccfc11a,1983,2001,e15e7b92-f376-374f-9285-2f59a38ad823,Guardian
1c7f0989-9d31-4260-984e-3c815e684c0c,1939,1957,e15e7b92-f376-374f-9285-2f59a38ad823,Guardian
1c7f0989-9d31-4260-984e-3c815e684c0c,1958,2018,e15e7b92-f376-374f-9285-2f59a38ad823,Self
3b2585c2-94c4-46ad-b20a-401cfb35541e,1994,2012,e15e7b92-f376-374f-9285-2f59a38ad823,Guardian
0875e972-a82d-4a62-bc4f-bc17a5590567,1947,1965,e15e7b92-f376-374f-9285-2f59a38ad823,Guardian
0e5333ce-3e0a-4a82-a4e2-0b198c1342e3,1985,2003,e15e7b92-f376-374f-9285-2f59a38ad823,Guardian
47744853-9c34-487b-af49-5d02940a8b40,1975,1993,e15e7b92-f376-374f-9285-2f59a38ad823,Guardian
ea11bd49-8192-4591-b887-b03da1e14c21,1913,1931,e15e7b92-f376-374f-9285-2f59a38ad823,Guardian
4af40ffd-6158-4e4f-a739-5215f38f23e9,1969,1987,e15e7b92-f376-374f-9285-2f59a38ad823,Guardian
95275660-59a0-41cc-813e-98bf4b2aa6fa,1949,1967,e15e7b92-f376-374f-9285-2f59a38ad823,Guardian
d7ae3312-941e-40ec-a7f2-77dacf8ef376,2003,2003,b1c428d6-4f07-31e0-90f0-68ffa6ff8c76,
d7ae3312-941e-40ec-a7f2-77dacf8ef376,2004,2005,e15e7b92-f376-374f-9285-2f59a38ad823,
451c306e-2879-47d5-b7ce-b93c1eea36f5,1985,2003,e15e7b92-f376-374f-9285-2f59a38ad823,Guardian
42e3f68b-7415-495b-a637-6ecdcc422aa6,1999,2017,e15e7b92-f376-374f-9285-2f59a38ad823,Guardian
7b8d5902-1e1a-4ece-a9dd-2ba145e431ad,2000,2018,e15e7b92-f376-374f-9285-2f59a38ad823,Guardian
d63f2057-63f2-40cf-99d4-762201c42a2f,1981,1999,e15e7b92-f376-374f-9285-2f59a38ad823,Guardian
1ea2125b-1cf0-4ecb-b2fc-ef132a24e9d2,1971,1989,e15e7b92-f376-374f-9285-2f59a38ad823,Guardian
18bf7762-9578-44e0-923a-2d986edd57f8,1939,1957,e15e7b92-f376-374f-9285-2f59a38ad823,Guardian
ae2683d9-0d2e-476d-8889-0c573e2e94d3,1984,2002,e15e7b92-f376-374f-9285-2f59a38ad823,Guardian
b9405bbf-254c-41ca-9dd0-5c11c6e08a98,1998,2016,e15e7b92-f376-374f-9285-2f59a38ad823,Guardian
ef313d6d-7965-48c9-9646-2745f59cb02c,1998,2016,e15e7b92-f376-374f-9285-2f59a38ad823,Guardian
6af28d30-8423-4066-9723-48869cc33960,1976,1994,e15e7b92-f376-374f-9285-2f59a38ad823,Guardian
acf1120f-c5a2-4154-aa68-73b7f7795f5d,1975,1993,e15e7b92-f376-374f-9285-2f59a38ad823,Guardian
ef5e92a2-b081-4a90-afb6-41f9df8c4e3c,1988,2006,e15e7b92-f376-374f-9285-2f59a38ad823,Guardian
ef31d035-067e-4c4b-b8f5-f3192a9eda40,1994,2012,e15e7b92-f376-374f-9285-2f59a38ad823,Guardian
02df5c82-53f6-4791-a655-f61ebbb69f4d,1956,1974,e15e7b92-f376-374f-9285-2f59a38ad823,Guardian
a718cf5f-0db4-4064-8f30-d7a65b405640,1999,2017,e15e7b92-f376-374f-9285-2f59a38ad823,Guardian
cda6f9eb-0297-4d91-9204-5ef2cf59a19f,1945,1963,e15e7b92-f376-374f-9285-2f59a38ad823,Guardian
