DATE,PATIENT,ENCOUNTER,CODE,DESCRIPTION,BASE_COST,REASONCODE,REASONDESCRIPTION
2013-01-14,efc5c24b-5361-4c02-8e92-c1de3cc6e95f,5e362a6f-4c62-4a07-85fa-b49fbb9f7ab4,40701008,Echocardiography (procedure),1764.19,230690007,Stroke
2013-01-14,efc5c24b-5361-4c02-8e92-c1de3cc6e95f,5e362a6f-4c62-4a07-85fa-b49fbb9f7ab4,433112001,Percutaneous mechanical thrombectomy of portal vein using fluoroscopic guidance,15754.36,230690007,Stroke
2011-02-03,ebdd1a98-1d4a-48f7-a588-be7652355b7c,fd3df9b2-35c3-4437-83ad-aadd29b0b9e8,180325003,Electrical cardioversion,39287.21,49436004,Atrial Fibrillation
2012-02-09,ebdd1a98-1d4a-48f7-a588-be7652355b7c,85636ff3-ecb0-4c6c-87df-863689c85c2b,18286008,Catheter ablation of tissue of heart,8461.96,49436004,Atrial Fibrillation
2013-02-14,ebdd1a98-1d4a-48f7-a588-be7652355b7c,a73741ed-3d08-4b30-89d8-dc6c0bb8410e,180325003,Electrical cardioversion,20828.77,49436004,Atrial Fibrillation
2014-02-20,ebdd1a98-1d4a-48f7-a588-be7652355b7c,934b92b8-9e22-493a-afc4-2685674b351b,180325003,Electrical cardioversion,23982.06,49436004,Atrial Fibrillation
2015-02-26,ebdd1a98-1d4a-48f7-a588-be7652355b7c,20ff86aa-a4c0-4c99-b657-66618b7a2f2c,180325003,Electrical cardioversion,26406.05,49436004,Atrial Fibrillation
2016-03-03,ebdd1a98-1d4a-48f7-a588-be7652355b7c,b4e21fc1-0564-4ade-8056-b611d0c27a35,180325003,Electrical cardioversion,31388.81,49436004,Atrial Fibrillation
2017-03-09,ebdd1a98-1d4a-48f7-a588-be7652355b7c,422620b4-dc0f-4959-9ffb-d69da1e13aca,180325003,Electrical cardioversion,29759.66,49436004,Atrial Fibrillation
2018-03-15,ebdd1a98-1d4a-48f7-a588-be7652355b7c,303ed76e-188a-4381-af07-dcdde3a970dc,180325003,Electrical cardioversion,31271.59,49436004,Atrial Fibrillation
2019-03-21,ebdd1a98-1d4a-48f7-a588-be7652355b7c,15443ecb-bd8c-406a-8e49-34ad82f5b19b,180325003,Electrical cardioversion,28737.19,49436004,Atrial Fibrillation
2018-05-29,1c7f0989-9d31-4260-984e-3c815e684c0c,55e84e72-7632-4217-b7f3-3e2b5c1ce3c8,40701008,Echocardiography (procedure),1394.98,22298006,Myocardial Infarction
2018-05-29,1c7f0989-9d31-4260-984e-3c815e684c0c,55e84e72-7632-4217-b7f3-3e2b5c1ce3c8,415070008,Percutaneous coronary intervention,37154.45,22298006,Myocardial Infarction
2018-05-29,1c7f0989-9d31-4260-984e-3c815e684c0c,55e84e72-7632-4217-b7f3-3e2b5c1ce3c8,232717009,Coronary artery bypass grafting,24701.17,22298006,Myocardial Infarction
