Id,ORGANIZATION,NAME,GENDER,SPECIALITY,ADDRESS,CITY,STATE,ZIP,LAT,LON,UTILIZATION
20723b22-4299-3d28-bfe5-31430265117a,319baef9-e8e6-3320-9e0b-7991d9c167b8,Teemu-Pekka Sipolainen,M,GENERAL PRACTICE,Haartmaninkatu 4,Helsinki,18,00290,60.189159,24.909081,1
f6580a42-d3e8-346e-b695-cc83f1311d21,af916982-f5f8-341b-b159-69e72695294c,Aino-Mari Salonen,F,GENERAL PRACTICE,Sairaalakatu 1,Vantaa,18,01400,60.3299,25.0608,1
6bdf02f9-ea22-3ff3-8bab-0c8020e94d7a,d8b3cbb1-88db-3fc1-bb2b-6a9c0037e6e5,Kari-Jukka Hekanaho,M,GENERAL PRACTICE,Sairaalantie 1,Porvoo,18,06200,60.37911,25.69576,1
97e66485-e96f-397a-aabd-128daab69ec1,738aef7e-a279-3f65-9dba-fead16b27400,Gabriele Gratscheff,F,GENERAL PRACTICE,Turuntie 150,Espoo,18,02740,60.22589,24.77581,1042
1de299ea-a83c-3b4c-9cc0-7c594307854f,9a3e6919-4ed0-32fe-a1e2-7184b06c415f,Mikko-Matias Hagren,M,GENERAL PRACTICE,Karvasmäentie 6,Espoo,18,02740,60.22011,24.6848,494
2ac4dc06-a27f-32d7-aab6-dac69fcfa905,a70486b2-c33a-37b3-a4cf-b3dc06cb9d84,Selmi Aarne,M,GENERAL PRACTICE,Sairaalakatu 1,Vantaa,18,01400,60.3299,25.0608,1283
71e067d5-5b41-3f38-82ae-16cf5599b4d7,bf25636d-50a4-3cf2-b937-0e59fd37503f,Teemu-Pekka Sipolainen,M,GENERAL PRACTICE,Sairaalankatu 1,Hyvinkää,18,05830,60.612,24.82486,167
8c40c898-9aee-36da-acc6-f75a05d97960,4eddd774-a01b-3a0b-b4c6-736a5581aba4,Eija-Sisko Konsti,F,GENERAL PRACTICE,Ohkolantie 10,Kellokoski,18,04500,60.53054,25.10548,101
c5866737-28e0-3daa-a547-c344cb6de94c,942171f0-df04-34cc-9c85-1a11b2f08717,Jimmi Linder,M,GENERAL PRACTICE,Sairaalatie 8,Lohja,18,08200,60.2247,24.01885,259
584b4c9d-94d0-3494-bbee-72a418d7c9d8,216a84b2-6287-356d-9bcf-655abf00debb,Bahar Pada,F,GENERAL PRACTICE,Sairaalantie 1,Porvoo,18,06200,60.37911,25.69576,278
66d6d666-9176-351d-9f79-fbad9b0db82b,39010280-b8e5-3b1a-b835-bafbeea21968,Selmi Aarne,M,GENERAL PRACTICE,Turuntie 150,Espoo,18,02740,60.22589,24.77581,1
