Id,START,STOP,PATIENT,ENCOUNTER,CODE,DESCRIPTION,REASONCODE,REASONDESCRIPTION
8aef0e58-623d-47fe-8a94-287ff8bb1171,2003-02-27,,e1732519-f48a-4b94-b9ad-e05176f44540,b172f117-de91-409c-b0e6-2eb35f2f1ab9,734163000,Care plan (record artifact),55680006,Drug overdose
e45ed270-8207-4adf-bf82-9103427d7687,2008-10-08,,82dab968-e48b-46d5-9116-f903695456ab,bea79364-357d-4325-a474-f6198fd1175c,734163000,Care plan (record artifact),55680006,Drug overdose
444b393e-c5a2-4aa3-bebc-62194adaec25,1991-12-07,,6fd0585d-0f24-4d2a-9c45-0c75449597f2,a7e8a321-894d-4f3a-8a6f-6fdd75c75a71,734163000,Care plan (record artifact),55680006,Drug overdose
9e69017d-db54-4045-ad1d-c89b0680098c,2011-09-14,,f86ddfa1-e788-42ed-986f-fba13fe2d681,8af490bb-f996-4062-8ddd-445a32fb270d,734163000,Care plan (record artifact),55680006,Drug overdose
fbf6b1fb-b44f-4549-985e-7d9a8fb2c360,1998-12-24,,78c78cb4-321d-4675-94bd-378cc4f23124,c8064c38-8b07-41fe-ba64-4cb8569ed6e2,734163000,Care plan (record artifact),55680006,Drug overdose
a239e779-494a-4edf-a999-1c7dfd4406fb,2013-05-08,,00427581-28c5-4b10-bee7-349c1c63c2e2,3a47f6ca-9a40-408c-96c5-27188c8137fe,734163000,Care plan (record artifact),55680006,Drug overdose
9a9c1be4-81df-4f2f-8e80-d1d0ee05804f,2008-04-24,,e29b3c5d-daac-4144-986a-339214898dd4,0740b353-88fe-4d07-982c-64ef48ae413b,734163000,Care plan (record artifact),55680006,Drug overdose
da8a0e54-c1d4-46b0-904b-f4ef38783af8,2003-03-20,,4b348d26-eb95-4973-8760-a09b1737e0ce,040c605f-8301-4ceb-8804-1ca717c0c113,734163000,Care plan (record artifact),55680006,Drug overdose
08162147-34e0-461e-99c2-98608f23654f,2020-01-08,,f82bd24f-6cba-427c-9860-c174e7d6705e,18bfc72c-2840-4ef0-9774-5ff8f2e7165c,734163000,Care plan (record artifact),55680006,Drug overdose
f890c666-517e-41af-886f-e15e84115fe6,1996-10-26,,dcec2bab-03f6-45da-8577-c6db84f9f5cd,5de0a899-4774-4a71-8411-53c53469e081,734163000,Care plan (record artifact),55680006,Drug overdose
26882f48-6d0a-4135-80f7-f2e4628dbe52,2015-11-30,,0c2a2315-8187-461f-8edc-9aa6e1a1f10f,644dc2ab-66bf-482c-bd7d-826e1ba6ef93,734163000,Care plan (record artifact),55680006,Drug overdose
8a89887b-85c6-4ad5-b4e7-8ac78bfc6e7e,1995-05-17,,42f2223d-0ff7-42ae-bf5c-a83115ff7ed2,ff5f421c-311d-4000-ad29-c29003362ce5,734163000,Care plan (record artifact),55680006,Drug overdose
bffd67a2-3481-4041-b01c-080fdd4da3a7,1999-11-01,,0b35c953-5e65-4e9c-aa48-05d1bfbdc4b9,adc7d7c3-e955-4ed4-b912-7b0bf935938b,734163000,Care plan (record artifact),55680006,Drug overdose
f544775b-38ce-4bea-b95a-2c6dbb0e7bd3,2012-04-22,,87ce52c2-6a34-44f3-9b4a-c7288022230f,c29d526f-9923-4df3-8a54-830f47706352,734163000,Care plan (record artifact),55680006,Drug overdose
ee8309b0-f2bc-40b5-923f-1c52e5e8eb0a,2015-09-23,,13afd644-d889-4cf7-92c8-6e7c852e86d2,85257c19-05f5-4426-b1ab-5038d734ac7f,734163000,Care plan (record artifact),55680006,Drug overdose
fea86cbc-e3cd-45e0-bd32-7f4dba5f12d4,1995-07-12,,a99ed505-4c20-4c66-bbe5-c54e8b5bc9b7,6974cd06-901c-4e5e-a848-fddc9193e169,734163000,Care plan (record artifact),55680006,Drug overdose
f1634528-7ee5-4989-aa77-052a80a47959,2016-07-13,,1abf6376-c6d9-4f83-ad20-7655114a6472,4b6d45a5-a56a-4e98-939a-95c8ae0b572d,734163000,Care plan (record artifact),55680006,Drug overdose
1c61d28b-6b33-431d-b1d4-155592aa9559,2000-10-24,,4d780902-ae05-444b-95d3-8b011d462206,8bf2edd0-2a27-4051-a67f-eca5170087a5,734163000,Care plan (record artifact),55680006,Drug overdose
4f5701e7-6c7a-4523-98dd-b710bd13f03a,2006-10-20,,7d699b66-3188-4384-adf7-a6e2967d53d9,86b93f04-6cee-49f9-bc8c-85e80f77530d,734163000,Care plan (record artifact),55680006,Drug overdose
