START,STOP,PATIENT,ENCOUNTER,CODE,DESCRIPTION
2006-06-27,,552f630d-eab7-4d6c-b880-a8dcc173db44,d691704d-9c3d-44e5-91b1-c69f28c491d1,49436004,Atrial Fibrillation
1990-04-02,,e1732519-f48a-4b94-b9ad-e05176f44540,3ca608dd-f191-4e2e-ab3a-4dc33e8ede33,196416002,Impacted molars
1990-06-08,,e1732519-f48a-4b94-b9ad-e05176f44540,51e3763a-e893-4bd9-99f1-8dbc9c611882,124171000119105,Chronic intractable migraine without aura
1991-03-29,,e1732519-f48a-4b94-b9ad-e05176f44540,40a6506b-ad7d-4960-bd24-22e70b7611e3,82423001,Chronic pain
2003-02-27,,e1732519-f48a-4b94-b9ad-e05176f44540,b172f117-de91-409c-b0e6-2eb35f2f1ab9,55680006,Drug overdose
2018-01-12,,e62efad3-70b6-4a0d-a48c-dcaa86679a0f,d36179f3-b9f3-4412-aa4b-045c7f61b8a6,124171000119105,Chronic intractable migraine without aura
2018-03-11,,e62efad3-70b6-4a0d-a48c-dcaa86679a0f,15b58569-965a-4097-9e63-5d70c8be0ca9,82423001,Chronic pain
2018-04-17,,e62efad3-70b6-4a0d-a48c-dcaa86679a0f,35e8de72-a021-4629-93ac-7c441bdea2ec,196416002,Impacted molars
2008-10-08,,82dab968-e48b-46d5-9116-f903695456ab,bea79364-357d-4325-a474-f6198fd1175c,55680006,Drug overdose
2002-09-16,,c92e26bb-4463-4a3f-81dc-664b4c0d59f4,8a85efb1-4c26-4479-bfd0-ee1e82d90334,49436004,Atrial Fibrillation
2006-10-29,,8e69def9-9c54-4f6e-9abf-c46d6ae155e4,134b8f6c-3b66-40a1-ae13-11c49d0325e9,230690007,Stroke
2006-06-03,,36c7c4aa-4612-4388-b69f-ee0e71b3b247,ae999c41-7cfb-4214-9154-76e090b820aa,230690007,Stroke
1952-10-07,,6fd0585d-0f24-4d2a-9c45-0c75449597f2,8475b1f8-660f-48dc-b8f6-2d2729e53ccf,53741008,Coronary Heart Disease
1990-02-01,,6fd0585d-0f24-4d2a-9c45-0c75449597f2,26796935-6744-44ea-8251-75b9e966343f,82423001,Chronic pain
1990-03-17,,6fd0585d-0f24-4d2a-9c45-0c75449597f2,18d5f8fa-a1be-4d64-a58f-27842f1bc8be,124171000119105,Chronic intractable migraine without aura
1990-06-22,,6fd0585d-0f24-4d2a-9c45-0c75449597f2,27c80d30-13bf-42d0-81e3-f042ad788e51,196416002,Impacted molars
1991-12-07,,6fd0585d-0f24-4d2a-9c45-0c75449597f2,a7e8a321-894d-4f3a-8a6f-6fdd75c75a71,55680006,Drug overdose
2018-01-22,,25bc2614-76a3-4aef-b2fb-3e4255ac834f,2c37a0a8-df9a-44cc-bd6b-1e2258f75e32,82423001,Chronic pain
2018-04-29,,25bc2614-76a3-4aef-b2fb-3e4255ac834f,c806a96c-3978-42a8-a33c-4a3f72e94bad,124171000119105,Chronic intractable migraine without aura
1999-05-24,,f86ddfa1-e788-42ed-986f-fba13fe2d681,df5db860-13c1-43b7-99f4-03e7b2aadd43,124171000119105,Chronic intractable migraine without aura
1999-07-30,,f86ddfa1-e788-42ed-986f-fba13fe2d681,a9976ba9-1361-4c6e-b683-a775fba79b03,196416002,Impacted molars
1999-11-25,,f86ddfa1-e788-42ed-986f-fba13fe2d681,c19a15c1-71aa-4025-98d4-47e787109c03,82423001,Chronic pain
2011-09-14,,f86ddfa1-e788-42ed-986f-fba13fe2d681,8af490bb-f996-4062-8ddd-445a32fb270d,55680006,Drug overdose
1990-02-03,,78c78cb4-321d-4675-94bd-378cc4f23124,e4b55992-6887-4b26-9908-620fe1a7816c,82423001,Chronic pain
1990-03-26,,78c78cb4-321d-4675-94bd-378cc4f23124,e6b8580e-f938-4c14-a6bd-287c39d74ca1,196416002,Impacted molars
1991-09-05,,78c78cb4-321d-4675-94bd-378cc4f23124,c9796dba-9254-4359-bb62-d58a0af37e5d,124171000119105,Chronic intractable migraine without aura
1998-12-24,,78c78cb4-321d-4675-94bd-378cc4f23124,c8064c38-8b07-41fe-ba64-4cb8569ed6e2,55680006,Drug overdose
2008-12-15,,00427581-28c5-4b10-bee7-349c1c63c2e2,c722c821-e877-4b12-abbb-393617d60b15,124171000119105,Chronic intractable migraine without aura
2009-01-21,,00427581-28c5-4b10-bee7-349c1c63c2e2,8449e011-c127-4981-8a74-af8dd91a0788,196416002,Impacted molars
2009-03-06,,00427581-28c5-4b10-bee7-349c1c63c2e2,3355074e-952d-41a9-9b63-c4b887f71fa3,82423001,Chronic pain
2013-05-08,,00427581-28c5-4b10-bee7-349c1c63c2e2,3a47f6ca-9a40-408c-96c5-27188c8137fe,55680006,Drug overdose
1999-10-16,,b236e754-a745-4d62-abe3-7bc525ce6945,b2d540fb-a03c-470d-a36d-65e40b2a015b,230690007,Stroke
2002-06-01,,b236e754-a745-4d62-abe3-7bc525ce6945,e88d50b3-6b21-4229-ae9b-9d847545ba7e,410429000,Cardiac Arrest
2002-06-01,,b236e754-a745-4d62-abe3-7bc525ce6945,e88d50b3-6b21-4229-ae9b-9d847545ba7e,429007001,History of cardiac arrest (situation)
1990-02-01,,4b348d26-eb95-4973-8760-a09b1737e0ce,42dff069-dff7-4f3a-827d-6513bea8381a,124171000119105,Chronic intractable migraine without aura
1990-04-21,,4b348d26-eb95-4973-8760-a09b1737e0ce,2d13623d-3661-4737-a61a-41c5846515d1,196416002,Impacted molars
1990-12-27,,4b348d26-eb95-4973-8760-a09b1737e0ce,fd5ba5dd-7ba8-4468-b8fb-121801e0ad95,82423001,Chronic pain
1993-03-15,,e29b3c5d-daac-4144-986a-339214898dd4,e495bd85-be13-4f86-a0d4-040c10169b18,124171000119105,Chronic intractable migraine without aura
1994-02-03,,e29b3c5d-daac-4144-986a-339214898dd4,d8013d2f-17af-4237-96e0-396c09d2a71a,196416002,Impacted molars
1994-10-09,,e29b3c5d-daac-4144-986a-339214898dd4,6ebef5cc-0cfc-4626-a97d-78432ced46ea,82423001,Chronic pain
2008-04-24,,e29b3c5d-daac-4144-986a-339214898dd4,0740b353-88fe-4d07-982c-64ef48ae413b,55680006,Drug overdose
2003-03-20,,4b348d26-eb95-4973-8760-a09b1737e0ce,040c605f-8301-4ceb-8804-1ca717c0c113,55680006,Drug overdose
2008-04-01,,3ffe4861-1bcc-4e66-9a9e-a39327c864ea,d6015c03-bc0a-40c1-a033-3f558fa80dc9,196416002,Impacted molars
2013-12-30,,f82bd24f-6cba-427c-9860-c174e7d6705e,5194a192-7ca3-418a-b316-6842c63d8778,82423001,Chronic pain
2015-01-09,,f82bd24f-6cba-427c-9860-c174e7d6705e,b09c8e1e-4ca5-455f-b71d-b39a6acaa2d3,124171000119105,Chronic intractable migraine without aura
2015-06-25,,f82bd24f-6cba-427c-9860-c174e7d6705e,68cf327a-67df-4e69-8ba0-4a64e4de32c8,196416002,Impacted molars
2020-01-08,,f82bd24f-6cba-427c-9860-c174e7d6705e,18bfc72c-2840-4ef0-9774-5ff8f2e7165c,55680006,Drug overdose
1990-02-01,,dcec2bab-03f6-45da-8577-c6db84f9f5cd,c484ee48-232e-4450-ad8d-f45a450b2072,124171000119105,Chronic intractable migraine without aura
1990-06-06,,dcec2bab-03f6-45da-8577-c6db84f9f5cd,ff6b92c7-9223-499a-bdf6-551c6eae082a,82423001,Chronic pain
1990-08-10,,dcec2bab-03f6-45da-8577-c6db84f9f5cd,88e96ed8-d8f2-4ed3-91ee-70267e8b42df,196416002,Impacted molars
1996-10-26,,dcec2bab-03f6-45da-8577-c6db84f9f5cd,5de0a899-4774-4a71-8411-53c53469e081,55680006,Drug overdose
2014-10-20,,0c2a2315-8187-461f-8edc-9aa6e1a1f10f,a9c04b2a-818e-4c6f-b902-a681b6b1ea03,196416002,Impacted molars
2015-11-30,,0c2a2315-8187-461f-8edc-9aa6e1a1f10f,644dc2ab-66bf-482c-bd7d-826e1ba6ef93,55680006,Drug overdose
1993-10-09,,42f2223d-0ff7-42ae-bf5c-a83115ff7ed2,42c7977e-c6cf-4343-bcd3-6b7d7d415ff3,124171000119105,Chronic intractable migraine without aura
1993-11-15,,42f2223d-0ff7-42ae-bf5c-a83115ff7ed2,2df3b58f-257f-48ed-ba58-1c14c11151b5,82423001,Chronic pain
1994-01-05,,42f2223d-0ff7-42ae-bf5c-a83115ff7ed2,a374a415-e401-46ec-9297-303f58be94fc,196416002,Impacted molars
1995-05-17,,42f2223d-0ff7-42ae-bf5c-a83115ff7ed2,ff5f421c-311d-4000-ad29-c29003362ce5,55680006,Drug overdose
1990-06-06,,0b35c953-5e65-4e9c-aa48-05d1bfbdc4b9,bd5cbe2e-6ae2-45d5-a907-c32ef707d42b,82423001,Chronic pain
1990-09-02,,0b35c953-5e65-4e9c-aa48-05d1bfbdc4b9,af71ab63-330d-4f1a-9866-591e59b9eb1a,196416002,Impacted molars
1990-12-13,,0b35c953-5e65-4e9c-aa48-05d1bfbdc4b9,b957ee85-7865-454f-9e0f-2a0cabb85ecc,124171000119105,Chronic intractable migraine without aura
1999-11-01,,0b35c953-5e65-4e9c-aa48-05d1bfbdc4b9,adc7d7c3-e955-4ed4-b912-7b0bf935938b,55680006,Drug overdose
2003-03-09,,0b35c953-5e65-4e9c-aa48-05d1bfbdc4b9,4ed62076-73e6-4449-ab40-31141e264b1c,53741008,Coronary Heart Disease
2012-01-15,,0b35c953-5e65-4e9c-aa48-05d1bfbdc4b9,3e77d2e1-5f53-408c-b425-54d43839d5c1,22298006,Myocardial Infarction
2012-01-15,,0b35c953-5e65-4e9c-aa48-05d1bfbdc4b9,3e77d2e1-5f53-408c-b425-54d43839d5c1,399211009,History of myocardial infarction (situation)
1996-02-26,,87ce52c2-6a34-44f3-9b4a-c7288022230f,28730e19-a6ca-46c0-af61-39af23477ec3,196416002,Impacted molars
1996-04-10,,87ce52c2-6a34-44f3-9b4a-c7288022230f,e034dd20-9ff5-493c-8e36-a276227c06aa,124171000119105,Chronic intractable migraine without aura
1996-10-10,,87ce52c2-6a34-44f3-9b4a-c7288022230f,506eeab8-77a8-4149-a080-2ad93e177546,82423001,Chronic pain
2012-04-22,,87ce52c2-6a34-44f3-9b4a-c7288022230f,c29d526f-9923-4df3-8a54-830f47706352,55680006,Drug overdose
1999-01-11,,13afd644-d889-4cf7-92c8-6e7c852e86d2,1616d2e8-307f-439f-b425-0ea7537c5be1,196416002,Impacted molars
1999-03-10,,13afd644-d889-4cf7-92c8-6e7c852e86d2,15f5d2fd-6a4c-4161-91af-f2f6eb5edfb2,82423001,Chronic pain
1999-04-30,,13afd644-d889-4cf7-92c8-6e7c852e86d2,3dd01d78-c955-49b2-8a98-1a6caf8cf4d5,124171000119105,Chronic intractable migraine without aura
2015-02-25,,13afd644-d889-4cf7-92c8-6e7c852e86d2,82455451-da78-4578-96c7-9baef5870d33,55680006,Drug overdose
1994-08-12,,a99ed505-4c20-4c66-bbe5-c54e8b5bc9b7,df305030-2c65-42ff-abbc-fff578595ebd,124171000119105,Chronic intractable migraine without aura
1994-10-02,,a99ed505-4c20-4c66-bbe5-c54e8b5bc9b7,3f18af29-be57-4168-914e-2f3261d16e9b,82423001,Chronic pain
1995-02-13,,a99ed505-4c20-4c66-bbe5-c54e8b5bc9b7,2b65905e-c360-43f1-8db0-6fa60fa147ba,196416002,Impacted molars
1995-07-12,,a99ed505-4c20-4c66-bbe5-c54e8b5bc9b7,6974cd06-901c-4e5e-a848-fddc9193e169,55680006,Drug overdose
1990-03-08,,1abf6376-c6d9-4f83-ad20-7655114a6472,cba1f821-da08-4db0-ab11-423a87288876,124171000119105,Chronic intractable migraine without aura
1990-09-30,,1abf6376-c6d9-4f83-ad20-7655114a6472,90d4f1aa-731e-4ca7-9e20-fe6196277d87,82423001,Chronic pain
1991-06-10,,1abf6376-c6d9-4f83-ad20-7655114a6472,7768f661-2880-499b-a587-1f6d84e9315f,196416002,Impacted molars
2016-07-13,,1abf6376-c6d9-4f83-ad20-7655114a6472,4b6d45a5-a56a-4e98-939a-95c8ae0b572d,55680006,Drug overdose
1992-09-13,,7c0ab978-8a82-4048-877f-4251f2640644,1e9c4108-919e-4d99-88d9-afffb87dc52b,53741008,Coronary Heart Disease
2000-09-03,,7c0ab978-8a82-4048-877f-4251f2640644,4b28d9c7-bd71-4ae3-88ca-a457e3bafe58,22298006,Myocardial Infarction
2000-09-03,,7c0ab978-8a82-4048-877f-4251f2640644,4b28d9c7-bd71-4ae3-88ca-a457e3bafe58,399211009,History of myocardial infarction (situation)
1994-08-12,,4d780902-ae05-444b-95d3-8b011d462206,0444f968-a633-44ab-9d3a-c78564e2c402,196416002,Impacted molars
1994-11-29,,4d780902-ae05-444b-95d3-8b011d462206,f4e0e5d4-4948-451c-b7f2-bec4548ad968,55680006,Drug overdose
1995-02-18,,4d780902-ae05-444b-95d3-8b011d462206,f4631fc1-7480-4a0e-8111-9d04562c4b03,124171000119105,Chronic intractable migraine without aura
1995-03-27,,4d780902-ae05-444b-95d3-8b011d462206,59ab167b-da62-4106-ba5f-f87da47e1684,82423001,Chronic pain
1996-11-16,,7d699b66-3188-4384-adf7-a6e2967d53d9,5475afde-ff55-4180-a8e0-7c51365d3cf1,196416002,Impacted molars
1997-03-24,,7d699b66-3188-4384-adf7-a6e2967d53d9,c38b854f-f54c-483e-9059-b7f56fc458d6,82423001,Chronic pain
1997-12-25,,7d699b66-3188-4384-adf7-a6e2967d53d9,e0bbcc45-8d88-4d08-aaa4-b7628c4c9620,124171000119105,Chronic intractable migraine without aura
2006-10-20,,7d699b66-3188-4384-adf7-a6e2967d53d9,86b93f04-6cee-49f9-bc8c-85e80f77530d,55680006,Drug overdose
2006-04-29,,afca22f4-a213-4d0c-87a1-4d65bae640aa,8cd47dd3-e9c1-4d6c-8499-66c44c0b4ff0,410429000,Cardiac Arrest
2006-04-29,,afca22f4-a213-4d0c-87a1-4d65bae640aa,8cd47dd3-e9c1-4d6c-8499-66c44c0b4ff0,429007001,History of cardiac arrest (situation)
1986-02-16,,49e5f6db-d14e-4d37-8172-be49a327eb54,8c844e69-0411-48d9-acde-c8044e54342c,230690007,Stroke
1993-09-19,,49e5f6db-d14e-4d37-8172-be49a327eb54,a6b968f5-88e5-49be-978a-a92a460181fd,49436004,Atrial Fibrillation
1998-10-18,,49e5f6db-d14e-4d37-8172-be49a327eb54,c9fe0036-3018-423e-afe6-2124a29afb83,53741008,Coronary Heart Disease
