START,STOP,PATIENT,PAYER,ENCOUNTER,CODE,DESCRIPTION,BASE_COST,PAYER_COVERAGE,DISPENSES,TOTALCOST,REASONCODE,REASONDESCRIPTION
2006-06-27,,552f630d-eab7-4d6c-b880-a8dcc173db44,b1c428d6-4f07-31e0-90f0-68ffa6ff8c76,d691704d-9c3d-44e5-91b1-c69f28c491d1,855332,Warfarin Sodium 5 MG Oral Tablet,14.31,0.00,166,2375.46,,
2006-06-27,,552f630d-eab7-4d6c-b880-a8dcc173db44,b1c428d6-4f07-31e0-90f0-68ffa6ff8c76,d691704d-9c3d-44e5-91b1-c69f28c491d1,897718,Verapamil Hydrochloride 40 MG,134.07,0.00,166,22255.62,,
2006-06-27,,552f630d-eab7-4d6c-b880-a8dcc173db44,b1c428d6-4f07-31e0-90f0-68ffa6ff8c76,d691704d-9c3d-44e5-91b1-c69f28c491d1,197604,Digoxin 0.125 MG Oral Tablet,114.55,0.00,166,19015.30,,
2018-01-12,2018-02-09,e62efad3-70b6-4a0d-a48c-dcaa86679a0f,b1c428d6-4f07-31e0-90f0-68ffa6ff8c76,d36179f3-b9f3-4412-aa4b-045c7f61b8a6,1049221,Acetaminophen 325 MG / Oxycodone Hydrochloride 5 MG Oral Tablet,1261.71,0.00,1,1261.71,,
2018-03-11,2018-03-18,e62efad3-70b6-4a0d-a48c-dcaa86679a0f,b1c428d6-4f07-31e0-90f0-68ffa6ff8c76,15b58569-965a-4097-9e63-5d70c8be0ca9,1860154,Abuse-Deterrent 12 HR Oxycodone Hydrochloride 15 MG Extended Release Oral Tablet,704.14,0.00,1,704.14,,
2018-04-17,2018-06-26,e62efad3-70b6-4a0d-a48c-dcaa86679a0f,b1c428d6-4f07-31e0-90f0-68ffa6ff8c76,35e8de72-a021-4629-93ac-7c441bdea2ec,856987,Acetaminophen 300 MG / HYDROcodone Bitartrate 5 MG Oral Tablet,631.10,0.00,2,1262.20,,
2018-07-26,2018-08-09,e62efad3-70b6-4a0d-a48c-dcaa86679a0f,b1c428d6-4f07-31e0-90f0-68ffa6ff8c76,6572bb96-2604-4e23-b273-e32c2cfc49b3,1049221,Acetaminophen 325 MG / Oxycodone Hydrochloride 5 MG Oral Tablet,376.53,0.00,1,376.53,,
2019-02-05,2019-02-19,e62efad3-70b6-4a0d-a48c-dcaa86679a0f,b1c428d6-4f07-31e0-90f0-68ffa6ff8c76,4a694857-f5f7-4aa9-8bcd-91325db4e7da,1860154,Abuse-Deterrent 12 HR Oxycodone Hydrochloride 15 MG Extended Release Oral Tablet,392.28,0.00,1,392.28,,
2019-04-20,2019-04-27,e62efad3-70b6-4a0d-a48c-dcaa86679a0f,b1c428d6-4f07-31e0-90f0-68ffa6ff8c76,4bef967b-498c-49bc-8256-e8089377c20f,1860154,Abuse-Deterrent 12 HR Oxycodone Hydrochloride 15 MG Extended Release Oral Tablet,645.10,0.00,1,645.10,,
2019-06-26,2019-07-03,e62efad3-70b6-4a0d-a48c-dcaa86679a0f,b1c428d6-4f07-31e0-90f0-68ffa6ff8c76,2d98a7ab-7c8e-4be3-8200-f93c1476b7bf,1860154,Abuse-Deterrent 12 HR Oxycodone Hydrochloride 15 MG Extended Release Oral Tablet,539.95,0.00,1,539.95,,
2019-08-02,2019-08-23,e62efad3-70b6-4a0d-a48c-dcaa86679a0f,b1c428d6-4f07-31e0-90f0-68ffa6ff8c76,62152dd3-9ea3-4df4-b454-fbced622caa1,1049221,Acetaminophen 325 MG / Oxycodone Hydrochloride 5 MG Oral Tablet,1214.16,0.00,1,1214.16,,
2019-09-22,2019-09-29,e62efad3-70b6-4a0d-a48c-dcaa86679a0f,b1c428d6-4f07-31e0-90f0-68ffa6ff8c76,e4a2e959-9879-4d45-b284-091ed4eeeee1,1860154,Abuse-Deterrent 12 HR Oxycodone Hydrochloride 15 MG Extended Release Oral Tablet,2005.71,0.00,1,2005.71,,
2019-11-28,2019-12-05,e62efad3-70b6-4a0d-a48c-dcaa86679a0f,b1c428d6-4f07-31e0-90f0-68ffa6ff8c76,c15b20d1-a8c8-4231-aacb-49cc6789b018,856987,Acetaminophen 300 MG / HYDROcodone Bitartrate 5 MG Oral Tablet,1513.07,0.00,1,1513.07,,
2020-01-04,2020-01-11,e62efad3-70b6-4a0d-a48c-dcaa86679a0f,b1c428d6-4f07-31e0-90f0-68ffa6ff8c76,accf3d0f-87e9-4371-a8a4-4f64539fda89,856987,Acetaminophen 300 MG / HYDROcodone Bitartrate 5 MG Oral Tablet,1038.73,0.00,1,1038.73,,
2002-09-16,,c92e26bb-4463-4a3f-81dc-664b4c0d59f4,b1c428d6-4f07-31e0-90f0-68ffa6ff8c76,8a85efb1-4c26-4479-bfd0-ee1e82d90334,855332,Warfarin Sodium 5 MG Oral Tablet,45.96,0.00,212,9743.52,,
2002-09-16,,c92e26bb-4463-4a3f-81dc-664b4c0d59f4,b1c428d6-4f07-31e0-90f0-68ffa6ff8c76,8a85efb1-4c26-4479-bfd0-ee1e82d90334,897718,Verapamil Hydrochloride 40 MG,50.98,0.00,212,10807.76,,
2002-09-16,,c92e26bb-4463-4a3f-81dc-664b4c0d59f4,b1c428d6-4f07-31e0-90f0-68ffa6ff8c76,8a85efb1-4c26-4479-bfd0-ee1e82d90334,197604,Digoxin 0.125 MG Oral Tablet,28.67,0.00,212,6078.04,,
1952-10-07,,6fd0585d-0f24-4d2a-9c45-0c75449597f2,b1c428d6-4f07-31e0-90f0-68ffa6ff8c76,8475b1f8-660f-48dc-b8f6-2d2729e53ccf,705129,Nitroglycerin 0.4 MG/ACTUAT Mucosal Spray,107.61,0.00,820,88240.20,,
1991-05-14,,6fd0585d-0f24-4d2a-9c45-0c75449597f2,b1c428d6-4f07-31e0-90f0-68ffa6ff8c76,0910f1c2-9afe-492f-b772-8e7be8484c62,312961,Simvastatin 20 MG Oral Tablet,25.25,0.00,350,8837.50,,
1994-05-31,,6fd0585d-0f24-4d2a-9c45-0c75449597f2,b1c428d6-4f07-31e0-90f0-68ffa6ff8c76,bdb28dc2-2a2f-407c-a267-968b17761a72,197361,Amlodipine 5 MG Oral Tablet,61.17,0.00,313,19146.21,,
1997-06-17,,6fd0585d-0f24-4d2a-9c45-0c75449597f2,b1c428d6-4f07-31e0-90f0-68ffa6ff8c76,5d92e287-3052-4a80-89b5-af38db85a0a5,309362,Clopidogrel 75 MG Oral Tablet,64.33,0.00,276,17755.08,,
2018-01-22,2018-01-29,25bc2614-76a3-4aef-b2fb-3e4255ac834f,b1c428d6-4f07-31e0-90f0-68ffa6ff8c76,2c37a0a8-df9a-44cc-bd6b-1e2258f75e32,1860154,Abuse-Deterrent 12 HR Oxycodone Hydrochloride 15 MG Extended Release Oral Tablet,1999.54,0.00,1,1999.54,,
2018-04-29,2018-06-03,25bc2614-76a3-4aef-b2fb-3e4255ac834f,b1c428d6-4f07-31e0-90f0-68ffa6ff8c76,c806a96c-3978-42a8-a33c-4a3f72e94bad,1049221,Acetaminophen 325 MG / Oxycodone Hydrochloride 5 MG Oral Tablet,587.44,0.00,1,587.44,,
2018-07-03,2018-07-17,25bc2614-76a3-4aef-b2fb-3e4255ac834f,b1c428d6-4f07-31e0-90f0-68ffa6ff8c76,062686ac-bf1f-4624-9f47-22342330e4d4,1049221,Acetaminophen 325 MG / Oxycodone Hydrochloride 5 MG Oral Tablet,848.80,0.00,1,848.80,,
2018-12-14,2019-01-11,25bc2614-76a3-4aef-b2fb-3e4255ac834f,b1c428d6-4f07-31e0-90f0-68ffa6ff8c76,649c37e7-9a95-4339-a342-5b470e955acc,1049221,Acetaminophen 325 MG / Oxycodone Hydrochloride 5 MG Oral Tablet,1113.99,0.00,1,1113.99,,
2019-03-12,2019-03-26,25bc2614-76a3-4aef-b2fb-3e4255ac834f,b1c428d6-4f07-31e0-90f0-68ffa6ff8c76,cbac5ffb-7015-48a9-ab67-7abd314decf1,1860154,Abuse-Deterrent 12 HR Oxycodone Hydrochloride 15 MG Extended Release Oral Tablet,81.07,0.00,1,81.07,,
2019-04-25,2019-05-23,25bc2614-76a3-4aef-b2fb-3e4255ac834f,b1c428d6-4f07-31e0-90f0-68ffa6ff8c76,51cf194b-a5b9-4eb7-8309-ba5dbfaad2bc,1049221,Acetaminophen 325 MG / Oxycodone Hydrochloride 5 MG Oral Tablet,63.21,0.00,1,63.21,,
2019-06-22,2019-07-27,25bc2614-76a3-4aef-b2fb-3e4255ac834f,b1c428d6-4f07-31e0-90f0-68ffa6ff8c76,620ce564-3614-43b0-ab56-5b6437d4b268,1860154,Abuse-Deterrent 12 HR Oxycodone Hydrochloride 15 MG Extended Release Oral Tablet,2231.30,0.00,1,2231.30,,
2019-08-26,2019-09-23,25bc2614-76a3-4aef-b2fb-3e4255ac834f,b1c428d6-4f07-31e0-90f0-68ffa6ff8c76,4a23c829-a1e5-47dd-9f2d-2bceb0388dab,1049221,Acetaminophen 325 MG / Oxycodone Hydrochloride 5 MG Oral Tablet,854.41,0.00,1,854.41,,
2019-12-22,2020-01-12,25bc2614-76a3-4aef-b2fb-3e4255ac834f,b1c428d6-4f07-31e0-90f0-68ffa6ff8c76,0e66ba2e-2f05-435b-af13-52abdbd32d47,1049221,Acetaminophen 325 MG / Oxycodone Hydrochloride 5 MG Oral Tablet,1479.57,0.00,1,1479.57,,
2010-05-04,2010-07-06,f86ddfa1-e788-42ed-986f-fba13fe2d681,b1c428d6-4f07-31e0-90f0-68ffa6ff8c76,68561c97-c9b8-45f0-98f1-6ad40ce5d6f3,1049221,Acetaminophen 325 MG / Oxycodone Hydrochloride 5 MG Oral Tablet,514.94,0.00,2,1029.88,,
2010-08-05,2010-08-12,f86ddfa1-e788-42ed-986f-fba13fe2d681,b1c428d6-4f07-31e0-90f0-68ffa6ff8c76,899cfcc0-196d-49cc-9741-fe0a276e648f,1860154,Abuse-Deterrent 12 HR Oxycodone Hydrochloride 15 MG Extended Release Oral Tablet,653.18,0.00,1,653.18,,
2010-11-10,2011-02-09,f86ddfa1-e788-42ed-986f-fba13fe2d681,b1c428d6-4f07-31e0-90f0-68ffa6ff8c76,3083708c-d3dc-418c-a662-f93fae07192a,1049221,Acetaminophen 325 MG / Oxycodone Hydrochloride 5 MG Oral Tablet,1250.38,0.00,3,3751.14,,
1995-03-12,1995-04-09,4b348d26-eb95-4973-8760-a09b1737e0ce,b1c428d6-4f07-31e0-90f0-68ffa6ff8c76,4cbb2acf-698a-49af-8c52-bcbe8507f151,1860154,Abuse-Deterrent 12 HR Oxycodone Hydrochloride 15 MG Extended Release Oral Tablet,156.27,0.00,1,156.27,,
1995-10-06,1995-10-13,4b348d26-eb95-4973-8760-a09b1737e0ce,b1c428d6-4f07-31e0-90f0-68ffa6ff8c76,fb229a06-bd73-47d1-b925-77da2f22588a,856987,Acetaminophen 300 MG / HYDROcodone Bitartrate 5 MG Oral Tablet,977.63,0.00,1,977.63,,
1995-11-12,1995-11-26,4b348d26-eb95-4973-8760-a09b1737e0ce,b1c428d6-4f07-31e0-90f0-68ffa6ff8c76,8042d5a0-bb31-483c-bfe5-ee85982bf4c7,1049221,Acetaminophen 325 MG / Oxycodone Hydrochloride 5 MG Oral Tablet,492.65,0.00,1,492.65,,
1995-12-26,1996-01-09,4b348d26-eb95-4973-8760-a09b1737e0ce,b1c428d6-4f07-31e0-90f0-68ffa6ff8c76,dd782e3b-5968-4fd4-bcb6-bb36825f3fcd,1860154,Abuse-Deterrent 12 HR Oxycodone Hydrochloride 15 MG Extended Release Oral Tablet,454.13,0.00,1,454.13,,
1996-02-08,1996-03-07,4b348d26-eb95-4973-8760-a09b1737e0ce,b1c428d6-4f07-31e0-90f0-68ffa6ff8c76,99b408ed-a0b2-45d7-ba92-70da3d0ac03e,1860154,Abuse-Deterrent 12 HR Oxycodone Hydrochloride 15 MG Extended Release Oral Tablet,1576.59,0.00,1,1576.59,,
1996-09-03,1996-10-15,4b348d26-eb95-4973-8760-a09b1737e0ce,b1c428d6-4f07-31e0-90f0-68ffa6ff8c76,1264303b-d90b-49a0-9cfe-9ae2f7a4966a,856987,Acetaminophen 300 MG / HYDROcodone Bitartrate 5 MG Oral Tablet,851.97,0.00,1,851.97,,
1996-12-14,1996-12-21,4b348d26-eb95-4973-8760-a09b1737e0ce,b1c428d6-4f07-31e0-90f0-68ffa6ff8c76,fbce17eb-45b2-4f34-9273-7b616d9b507c,1860154,Abuse-Deterrent 12 HR Oxycodone Hydrochloride 15 MG Extended Release Oral Tablet,1483.11,0.00,1,1483.11,,
1997-01-20,1997-02-10,4b348d26-eb95-4973-8760-a09b1737e0ce,b1c428d6-4f07-31e0-90f0-68ffa6ff8c76,b5f224aa-2e8e-4144-97d1-4fe317a9bb86,1860154,Abuse-Deterrent 12 HR Oxycodone Hydrochloride 15 MG Extended Release Oral Tablet,1288.55,0.00,1,1288.55,,
1997-03-12,1997-04-23,4b348d26-eb95-4973-8760-a09b1737e0ce,b1c428d6-4f07-31e0-90f0-68ffa6ff8c76,cb542d39-e5c4-4f88-ba37-9554f0e7b465,856987,Acetaminophen 300 MG / HYDROcodone Bitartrate 5 MG Oral Tablet,1383.88,0.00,1,1383.88,,
1997-06-22,1997-06-29,4b348d26-eb95-4973-8760-a09b1737e0ce,b1c428d6-4f07-31e0-90f0-68ffa6ff8c76,86159417-3ba1-493b-9836-6e3c2a9fe4da,1860154,Abuse-Deterrent 12 HR Oxycodone Hydrochloride 15 MG Extended Release Oral Tablet,203.09,0.00,1,203.09,,
1997-12-26,1998-02-13,4b348d26-eb95-4973-8760-a09b1737e0ce,b1c428d6-4f07-31e0-90f0-68ffa6ff8c76,2e865cab-11c8-4b48-acfe-4e2dfabaac0c,856987,Acetaminophen 300 MG / HYDROcodone Bitartrate 5 MG Oral Tablet,176.90,0.00,1,176.90,,
1998-05-14,1998-06-04,4b348d26-eb95-4973-8760-a09b1737e0ce,b1c428d6-4f07-31e0-90f0-68ffa6ff8c76,2d5fe360-7e53-44d6-8ee0-06f61017c8a1,856987,Acetaminophen 300 MG / HYDROcodone Bitartrate 5 MG Oral Tablet,242.75,0.00,1,242.75,,
1998-08-03,1998-09-14,4b348d26-eb95-4973-8760-a09b1737e0ce,b1c428d6-4f07-31e0-90f0-68ffa6ff8c76,ce55caaa-f20d-4e53-aaca-557708ff6fe6,1860154,Abuse-Deterrent 12 HR Oxycodone Hydrochloride 15 MG Extended Release Oral Tablet,144.28,0.00,1,144.28,,
1998-11-13,1998-11-20,4b348d26-eb95-4973-8760-a09b1737e0ce,b1c428d6-4f07-31e0-90f0-68ffa6ff8c76,dbcee6bf-3e0e-44cb-8dec-055b93376dd8,856987,Acetaminophen 300 MG / HYDROcodone Bitartrate 5 MG Oral Tablet,1645.97,0.00,1,1645.97,,
1998-12-20,1999-02-14,4b348d26-eb95-4973-8760-a09b1737e0ce,b1c428d6-4f07-31e0-90f0-68ffa6ff8c76,56975cc8-bd95-49db-a136-32ff37a8103a,1860154,Abuse-Deterrent 12 HR Oxycodone Hydrochloride 15 MG Extended Release Oral Tablet,1003.67,0.00,1,1003.67,,
1999-05-15,1999-05-22,4b348d26-eb95-4973-8760-a09b1737e0ce,b1c428d6-4f07-31e0-90f0-68ffa6ff8c76,594794d9-6ec5-45b3-89f1-9d299f4119a9,1049221,Acetaminophen 325 MG / Oxycodone Hydrochloride 5 MG Oral Tablet,1085.42,0.00,1,1085.42,,
1999-06-21,1999-07-05,4b348d26-eb95-4973-8760-a09b1737e0ce,b1c428d6-4f07-31e0-90f0-68ffa6ff8c76,dfffe38b-22f6-40a8-988a-46e56ddb6f7b,856987,Acetaminophen 300 MG / HYDROcodone Bitartrate 5 MG Oral Tablet,403.23,0.00,1,403.23,,
1999-08-04,1999-10-20,4b348d26-eb95-4973-8760-a09b1737e0ce,b1c428d6-4f07-31e0-90f0-68ffa6ff8c76,16cd1c0f-4123-4088-adab-1786e03baf9c,1860154,Abuse-Deterrent 12 HR Oxycodone Hydrochloride 15 MG Extended Release Oral Tablet,1082.99,0.00,2,2165.98,,
1999-11-19,1999-12-31,4b348d26-eb95-4973-8760-a09b1737e0ce,b1c428d6-4f07-31e0-90f0-68ffa6ff8c76,22307547-b214-4ea9-9887-bd8fc29c56e1,1049221,Acetaminophen 325 MG / Oxycodone Hydrochloride 5 MG Oral Tablet,517.98,0.00,1,517.98,,
2000-01-30,2000-03-26,4b348d26-eb95-4973-8760-a09b1737e0ce,b1c428d6-4f07-31e0-90f0-68ffa6ff8c76,34222f23-67d9-4f92-a90f-2648962d5218,856987,Acetaminophen 300 MG / HYDROcodone Bitartrate 5 MG Oral Tablet,25.80,0.00,1,25.80,,
2000-04-25,2000-05-02,4b348d26-eb95-4973-8760-a09b1737e0ce,b1c428d6-4f07-31e0-90f0-68ffa6ff8c76,2d072938-e421-4bb6-bf5f-372c0410c61f,1049221,Acetaminophen 325 MG / Oxycodone Hydrochloride 5 MG Oral Tablet,555.34,0.00,1,555.34,,
2000-06-01,2000-06-15,4b348d26-eb95-4973-8760-a09b1737e0ce,b1c428d6-4f07-31e0-90f0-68ffa6ff8c76,79300cc6-2d7c-4c98-90bf-b9092b0afad9,1860154,Abuse-Deterrent 12 HR Oxycodone Hydrochloride 15 MG Extended Release Oral Tablet,1659.16,0.00,1,1659.16,,
2000-07-15,2000-09-16,4b348d26-eb95-4973-8760-a09b1737e0ce,b1c428d6-4f07-31e0-90f0-68ffa6ff8c76,3025a66b-0af5-4881-b035-18e4c82dd84b,1860154,Abuse-Deterrent 12 HR Oxycodone Hydrochloride 15 MG Extended Release Oral Tablet,879.98,0.00,2,1759.96,,
2000-10-16,2000-10-23,4b348d26-eb95-4973-8760-a09b1737e0ce,b1c428d6-4f07-31e0-90f0-68ffa6ff8c76,4b73cb4c-96e1-4eda-940c-dfb2f486cf79,856987,Acetaminophen 300 MG / HYDROcodone Bitartrate 5 MG Oral Tablet,559.98,0.00,1,559.98,,
2000-12-22,2000-12-29,4b348d26-eb95-4973-8760-a09b1737e0ce,b1c428d6-4f07-31e0-90f0-68ffa6ff8c76,d6809d14-f7bf-4308-84ce-c0d2e6056141,856987,Acetaminophen 300 MG / HYDROcodone Bitartrate 5 MG Oral Tablet,952.03,0.00,1,952.03,,
2001-03-29,2001-04-05,4b348d26-eb95-4973-8760-a09b1737e0ce,b1c428d6-4f07-31e0-90f0-68ffa6ff8c76,cb05887a-6a7d-4ec7-ac04-87c8f6afbaaa,1860154,Abuse-Deterrent 12 HR Oxycodone Hydrochloride 15 MG Extended Release Oral Tablet,397.53,0.00,1,397.53,,
2001-06-04,2001-06-11,4b348d26-eb95-4973-8760-a09b1737e0ce,b1c428d6-4f07-31e0-90f0-68ffa6ff8c76,03a73404-cfcd-4933-8b41-2caef584e2d3,856987,Acetaminophen 300 MG / HYDROcodone Bitartrate 5 MG Oral Tablet,1804.36,0.00,1,1804.36,,
2001-07-11,2001-07-18,4b348d26-eb95-4973-8760-a09b1737e0ce,b1c428d6-4f07-31e0-90f0-68ffa6ff8c76,d9aee351-10f2-4edb-9deb-4bf625c8d7c9,1860154,Abuse-Deterrent 12 HR Oxycodone Hydrochloride 15 MG Extended Release Oral Tablet,1326.95,0.00,1,1326.95,,
2001-08-17,2001-09-14,4b348d26-eb95-4973-8760-a09b1737e0ce,b1c428d6-4f07-31e0-90f0-68ffa6ff8c76,e696d68d-5105-49d5-8f15-e75a4a799847,1860154,Abuse-Deterrent 12 HR Oxycodone Hydrochloride 15 MG Extended Release Oral Tablet,628.75,0.00,1,628.75,,
2001-10-14,2001-10-21,4b348d26-eb95-4973-8760-a09b1737e0ce,b1c428d6-4f07-31e0-90f0-68ffa6ff8c76,cfa72a8e-250e-463b-a576-5f7a7511ed4b,1049221,Acetaminophen 325 MG / Oxycodone Hydrochloride 5 MG Oral Tablet,436.15,0.00,1,436.15,,
2002-02-18,2002-02-25,4b348d26-eb95-4973-8760-a09b1737e0ce,b1c428d6-4f07-31e0-90f0-68ffa6ff8c76,e5816c10-0757-4d0e-87fc-79df680a1aeb,1049221,Acetaminophen 325 MG / Oxycodone Hydrochloride 5 MG Oral Tablet,545.42,0.00,1,545.42,,
2002-05-26,2002-07-14,4b348d26-eb95-4973-8760-a09b1737e0ce,b1c428d6-4f07-31e0-90f0-68ffa6ff8c76,2c60f773-506a-4e29-a65d-a1104dedbae0,1860154,Abuse-Deterrent 12 HR Oxycodone Hydrochloride 15 MG Extended Release Oral Tablet,1142.09,0.00,1,1142.09,,
2002-09-12,2002-11-07,4b348d26-eb95-4973-8760-a09b1737e0ce,b1c428d6-4f07-31e0-90f0-68ffa6ff8c76,d0ac132e-2eb8-4552-80ea-a82f1e29d0ae,1049221,Acetaminophen 325 MG / Oxycodone Hydrochloride 5 MG Oral Tablet,798.08,0.00,1,798.08,,
2013-12-30,2014-01-06,f82bd24f-6cba-427c-9860-c174e7d6705e,b1c428d6-4f07-31e0-90f0-68ffa6ff8c76,5194a192-7ca3-418a-b316-6842c63d8778,1860154,Abuse-Deterrent 12 HR Oxycodone Hydrochloride 15 MG Extended Release Oral Tablet,438.26,0.00,1,438.26,,
2014-02-05,2014-05-14,f82bd24f-6cba-427c-9860-c174e7d6705e,b1c428d6-4f07-31e0-90f0-68ffa6ff8c76,7d42ff70-7450-4fd6-8164-a516a60bb34e,1860154,Abuse-Deterrent 12 HR Oxycodone Hydrochloride 15 MG Extended Release Oral Tablet,964.18,0.00,3,2892.54,,
2015-01-09,2015-02-13,f82bd24f-6cba-427c-9860-c174e7d6705e,b1c428d6-4f07-31e0-90f0-68ffa6ff8c76,b09c8e1e-4ca5-455f-b71d-b39a6acaa2d3,1049221,Acetaminophen 325 MG / Oxycodone Hydrochloride 5 MG Oral Tablet,266.39,0.00,1,266.39,,
2015-03-15,2015-03-29,f82bd24f-6cba-427c-9860-c174e7d6705e,b1c428d6-4f07-31e0-90f0-68ffa6ff8c76,28bf66ca-b386-4906-9326-3fc4687965e1,1049221,Acetaminophen 325 MG / Oxycodone Hydrochloride 5 MG Oral Tablet,863.66,0.00,1,863.66,,
2015-04-28,2015-05-26,f82bd24f-6cba-427c-9860-c174e7d6705e,b1c428d6-4f07-31e0-90f0-68ffa6ff8c76,6ce3af9d-60a4-416c-b093-67ef418000c2,1860154,Abuse-Deterrent 12 HR Oxycodone Hydrochloride 15 MG Extended Release Oral Tablet,2260.25,0.00,1,2260.25,,
2015-06-25,2015-07-02,f82bd24f-6cba-427c-9860-c174e7d6705e,b1c428d6-4f07-31e0-90f0-68ffa6ff8c76,68cf327a-67df-4e69-8ba0-4a64e4de32c8,856987,Acetaminophen 300 MG / HYDROcodone Bitartrate 5 MG Oral Tablet,1453.82,0.00,1,1453.82,,
2015-10-14,2015-12-02,f82bd24f-6cba-427c-9860-c174e7d6705e,b1c428d6-4f07-31e0-90f0-68ffa6ff8c76,f91f367f-a6b7-4d6f-a59f-818a0fef45b6,856987,Acetaminophen 300 MG / HYDROcodone Bitartrate 5 MG Oral Tablet,373.88,0.00,1,373.88,,
2016-01-01,2016-01-08,f82bd24f-6cba-427c-9860-c174e7d6705e,b1c428d6-4f07-31e0-90f0-68ffa6ff8c76,07717b17-d004-42c4-9949-57396cd00d4e,1860154,Abuse-Deterrent 12 HR Oxycodone Hydrochloride 15 MG Extended Release Oral Tablet,2017.78,0.00,1,2017.78,,
2016-02-07,2016-02-28,f82bd24f-6cba-427c-9860-c174e7d6705e,b1c428d6-4f07-31e0-90f0-68ffa6ff8c76,8ecf1e80-0ca4-4bf3-9b79-3cfb14759a14,1049221,Acetaminophen 325 MG / Oxycodone Hydrochloride 5 MG Oral Tablet,1081.56,0.00,1,1081.56,,
2016-04-28,2016-05-05,f82bd24f-6cba-427c-9860-c174e7d6705e,b1c428d6-4f07-31e0-90f0-68ffa6ff8c76,a84e7bbb-4579-4d95-9cb3-2265d7c01f07,1860154,Abuse-Deterrent 12 HR Oxycodone Hydrochloride 15 MG Extended Release Oral Tablet,106.15,0.00,1,106.15,,
2016-09-02,2016-09-09,f82bd24f-6cba-427c-9860-c174e7d6705e,b1c428d6-4f07-31e0-90f0-68ffa6ff8c76,bcb049f4-dcf0-4065-b7b5-450fcf608ad0,1860154,Abuse-Deterrent 12 HR Oxycodone Hydrochloride 15 MG Extended Release Oral Tablet,105.49,0.00,1,105.49,,
2016-10-09,2016-10-23,f82bd24f-6cba-427c-9860-c174e7d6705e,b1c428d6-4f07-31e0-90f0-68ffa6ff8c76,f8ad38b7-6dcb-4200-8153-7eb203d13430,1049221,Acetaminophen 325 MG / Oxycodone Hydrochloride 5 MG Oral Tablet,1865.36,0.00,1,1865.36,,
2016-12-22,2017-01-19,f82bd24f-6cba-427c-9860-c174e7d6705e,b1c428d6-4f07-31e0-90f0-68ffa6ff8c76,e9cea754-6fb6-4791-ba29-599d510946ae,1049221,Acetaminophen 325 MG / Oxycodone Hydrochloride 5 MG Oral Tablet,601.10,0.00,1,601.10,,
2017-05-19,2017-05-26,f82bd24f-6cba-427c-9860-c174e7d6705e,b1c428d6-4f07-31e0-90f0-68ffa6ff8c76,15564c2b-13bc-46a0-9dcf-52cbe2ad5c53,856987,Acetaminophen 300 MG / HYDROcodone Bitartrate 5 MG Oral Tablet,273.81,0.00,1,273.81,,
2017-07-25,2017-08-01,f82bd24f-6cba-427c-9860-c174e7d6705e,b1c428d6-4f07-31e0-90f0-68ffa6ff8c76,fad21089-10dd-4827-a61b-5379c9c55cd3,1860154,Abuse-Deterrent 12 HR Oxycodone Hydrochloride 15 MG Extended Release Oral Tablet,465.78,0.00,1,465.78,,
2017-10-30,2017-11-27,f82bd24f-6cba-427c-9860-c174e7d6705e,b1c428d6-4f07-31e0-90f0-68ffa6ff8c76,45ef3c58-5765-48c8-9098-5c3d6a1fbb55,1860154,Abuse-Deterrent 12 HR Oxycodone Hydrochloride 15 MG Extended Release Oral Tablet,506.05,0.00,1,506.05,,
2014-10-20,2014-12-08,0c2a2315-8187-461f-8edc-9aa6e1a1f10f,b1c428d6-4f07-31e0-90f0-68ffa6ff8c76,a9c04b2a-818e-4c6f-b902-a681b6b1ea03,856987,Acetaminophen 300 MG / HYDROcodone Bitartrate 5 MG Oral Tablet,1441.61,0.00,1,1441.61,,
2003-03-09,2012-01-15,0b35c953-5e65-4e9c-aa48-05d1bfbdc4b9,b1c428d6-4f07-31e0-90f0-68ffa6ff8c76,4ed62076-73e6-4449-ab40-31141e264b1c,309362,Clopidogrel 75 MG Oral Tablet,18.76,0.00,107,2007.32,,
2003-03-09,,0b35c953-5e65-4e9c-aa48-05d1bfbdc4b9,b1c428d6-4f07-31e0-90f0-68ffa6ff8c76,4ed62076-73e6-4449-ab40-31141e264b1c,312961,Simvastatin 20 MG Oral Tablet,21.20,0.00,108,2289.60,,
2003-03-09,,0b35c953-5e65-4e9c-aa48-05d1bfbdc4b9,b1c428d6-4f07-31e0-90f0-68ffa6ff8c76,4ed62076-73e6-4449-ab40-31141e264b1c,197361,Amlodipine 5 MG Oral Tablet,38.14,0.00,108,4119.12,,
2003-03-09,2012-01-15,0b35c953-5e65-4e9c-aa48-05d1bfbdc4b9,b1c428d6-4f07-31e0-90f0-68ffa6ff8c76,4ed62076-73e6-4449-ab40-31141e264b1c,705129,Nitroglycerin 0.4 MG/ACTUAT Mucosal Spray,56.27,0.00,107,6020.89,,
2012-01-15,2012-01-15,0b35c953-5e65-4e9c-aa48-05d1bfbdc4b9,b1c428d6-4f07-31e0-90f0-68ffa6ff8c76,3e77d2e1-5f53-408c-b425-54d43839d5c1,259255,Atorvastatin 80 MG Oral Tablet,15.25,0.00,1,15.25,,
2012-01-15,2012-01-15,0b35c953-5e65-4e9c-aa48-05d1bfbdc4b9,b1c428d6-4f07-31e0-90f0-68ffa6ff8c76,3e77d2e1-5f53-408c-b425-54d43839d5c1,833036,Captopril 25 MG Oral Tablet,25.51,0.00,1,25.51,,
2010-04-16,2010-05-07,13afd644-d889-4cf7-92c8-6e7c852e86d2,b1c428d6-4f07-31e0-90f0-68ffa6ff8c76,f6ab8891-6e3f-4eaf-87cd-a7faaaf84ae5,856987,Acetaminophen 300 MG / HYDROcodone Bitartrate 5 MG Oral Tablet,42.37,0.00,1,42.37,,
2010-06-06,2010-07-25,13afd644-d889-4cf7-92c8-6e7c852e86d2,b1c428d6-4f07-31e0-90f0-68ffa6ff8c76,b482d01d-5f02-4314-a88c-189a66cb3c37,856987,Acetaminophen 300 MG / HYDROcodone Bitartrate 5 MG Oral Tablet,1127.10,0.00,1,1127.10,,
2010-10-23,2010-12-04,13afd644-d889-4cf7-92c8-6e7c852e86d2,b1c428d6-4f07-31e0-90f0-68ffa6ff8c76,19137b68-bfcd-4cfe-a961-e1c9c2f4d217,856987,Acetaminophen 300 MG / HYDROcodone Bitartrate 5 MG Oral Tablet,67.88,0.00,1,67.88,,
2011-02-02,2011-02-09,13afd644-d889-4cf7-92c8-6e7c852e86d2,b1c428d6-4f07-31e0-90f0-68ffa6ff8c76,e14cc706-33cb-4e02-b82b-17d5069188c5,1049221,Acetaminophen 325 MG / Oxycodone Hydrochloride 5 MG Oral Tablet,1265.28,0.00,1,1265.28,,
2011-03-11,2011-03-18,13afd644-d889-4cf7-92c8-6e7c852e86d2,b1c428d6-4f07-31e0-90f0-68ffa6ff8c76,ffd30faf-6a6d-4adb-b143-f1b2461d28fe,856987,Acetaminophen 300 MG / HYDROcodone Bitartrate 5 MG Oral Tablet,1593.21,0.00,1,1593.21,,
2011-05-17,2011-06-14,13afd644-d889-4cf7-92c8-6e7c852e86d2,b1c428d6-4f07-31e0-90f0-68ffa6ff8c76,ede91cdf-f357-44ed-822a-c02f26495b70,856987,Acetaminophen 300 MG / HYDROcodone Bitartrate 5 MG Oral Tablet,1648.11,0.00,1,1648.11,,
2011-08-13,2011-08-27,13afd644-d889-4cf7-92c8-6e7c852e86d2,b1c428d6-4f07-31e0-90f0-68ffa6ff8c76,67fc853b-deef-4fa9-b520-03ed5dbcd915,856987,Acetaminophen 300 MG / HYDROcodone Bitartrate 5 MG Oral Tablet,1025.34,0.00,1,1025.34,,
2011-11-25,2011-12-30,13afd644-d889-4cf7-92c8-6e7c852e86d2,b1c428d6-4f07-31e0-90f0-68ffa6ff8c76,d052ab66-6513-4c0c-8451-7f7491ea6117,856987,Acetaminophen 300 MG / HYDROcodone Bitartrate 5 MG Oral Tablet,181.92,0.00,1,181.92,,
2012-01-29,2012-02-05,13afd644-d889-4cf7-92c8-6e7c852e86d2,b1c428d6-4f07-31e0-90f0-68ffa6ff8c76,58d38199-b5f6-4d72-943d-d2d55be9bfdf,1049221,Acetaminophen 325 MG / Oxycodone Hydrochloride 5 MG Oral Tablet,670.15,0.00,1,670.15,,
2012-04-05,2012-05-03,13afd644-d889-4cf7-92c8-6e7c852e86d2,b1c428d6-4f07-31e0-90f0-68ffa6ff8c76,3ae65c22-52c6-4e37-9311-e2d8896ad538,856987,Acetaminophen 300 MG / HYDROcodone Bitartrate 5 MG Oral Tablet,465.75,0.00,1,465.75,,
2012-05-31,2012-06-14,13afd644-d889-4cf7-92c8-6e7c852e86d2,b1c428d6-4f07-31e0-90f0-68ffa6ff8c76,d3bf2857-e4bb-472c-84c7-4dac8c01e109,856987,Acetaminophen 300 MG / HYDROcodone Bitartrate 5 MG Oral Tablet,1240.01,0.00,1,1240.01,,
2012-07-14,2012-09-01,13afd644-d889-4cf7-92c8-6e7c852e86d2,b1c428d6-4f07-31e0-90f0-68ffa6ff8c76,1f377d6a-e129-4528-b4bf-626c18c36fa2,856987,Acetaminophen 300 MG / HYDROcodone Bitartrate 5 MG Oral Tablet,1337.86,0.00,1,1337.86,,
2012-10-01,2012-10-08,13afd644-d889-4cf7-92c8-6e7c852e86d2,b1c428d6-4f07-31e0-90f0-68ffa6ff8c76,0410fb71-d11c-4319-9d31-2cfc2d3e0d55,1049221,Acetaminophen 325 MG / Oxycodone Hydrochloride 5 MG Oral Tablet,1436.67,0.00,1,1436.67,,
2012-11-07,2013-01-09,13afd644-d889-4cf7-92c8-6e7c852e86d2,b1c428d6-4f07-31e0-90f0-68ffa6ff8c76,3db0844b-02df-47e9-a716-17a650689ab7,856987,Acetaminophen 300 MG / HYDROcodone Bitartrate 5 MG Oral Tablet,897.51,0.00,2,1795.02,,
2013-03-10,2013-05-26,13afd644-d889-4cf7-92c8-6e7c852e86d2,b1c428d6-4f07-31e0-90f0-68ffa6ff8c76,e585d14a-5340-47ec-9a8a-9a8ce47a1618,856987,Acetaminophen 300 MG / HYDROcodone Bitartrate 5 MG Oral Tablet,1320.29,0.00,2,2640.58,,
2013-09-26,2013-10-17,13afd644-d889-4cf7-92c8-6e7c852e86d2,b1c428d6-4f07-31e0-90f0-68ffa6ff8c76,be478c0c-e1c8-4c14-b5e7-d687a131b6cd,1860154,Abuse-Deterrent 12 HR Oxycodone Hydrochloride 15 MG Extended Release Oral Tablet,678.25,0.00,1,678.25,,
2013-11-16,2013-12-21,13afd644-d889-4cf7-92c8-6e7c852e86d2,b1c428d6-4f07-31e0-90f0-68ffa6ff8c76,9e90d937-966f-409e-ae31-8040bc3818cb,856987,Acetaminophen 300 MG / HYDROcodone Bitartrate 5 MG Oral Tablet,859.70,0.00,1,859.70,,
2014-02-19,2014-02-26,13afd644-d889-4cf7-92c8-6e7c852e86d2,b1c428d6-4f07-31e0-90f0-68ffa6ff8c76,1c9186f3-b544-49cd-bf8c-dd744c80f66f,856987,Acetaminophen 300 MG / HYDROcodone Bitartrate 5 MG Oral Tablet,116.21,0.00,1,116.21,,
2014-04-04,2014-06-27,13afd644-d889-4cf7-92c8-6e7c852e86d2,b1c428d6-4f07-31e0-90f0-68ffa6ff8c76,e748a98c-cf0e-4dfe-8d2b-aabded8e4d5e,1860154,Abuse-Deterrent 12 HR Oxycodone Hydrochloride 15 MG Extended Release Oral Tablet,1748.76,0.00,2,3497.52,,
2014-11-24,2014-12-01,13afd644-d889-4cf7-92c8-6e7c852e86d2,b1c428d6-4f07-31e0-90f0-68ffa6ff8c76,c2998230-ca40-45ad-8683-3a8b4ca8baf2,1049221,Acetaminophen 325 MG / Oxycodone Hydrochloride 5 MG Oral Tablet,506.75,0.00,1,506.75,,
2014-12-22,2015-01-12,13afd644-d889-4cf7-92c8-6e7c852e86d2,b1c428d6-4f07-31e0-90f0-68ffa6ff8c76,29a62940-9458-4f5b-96f3-16246f916a95,856987,Acetaminophen 300 MG / HYDROcodone Bitartrate 5 MG Oral Tablet,1849.00,0.00,1,1849.00,,
2015-02-11,2015-02-18,13afd644-d889-4cf7-92c8-6e7c852e86d2,b1c428d6-4f07-31e0-90f0-68ffa6ff8c76,87e54ddb-7f93-453b-99e2-38cee5f43223,1860154,Abuse-Deterrent 12 HR Oxycodone Hydrochloride 15 MG Extended Release Oral Tablet,1947.06,0.00,1,1947.06,,
1994-08-12,1994-09-02,a99ed505-4c20-4c66-bbe5-c54e8b5bc9b7,b1c428d6-4f07-31e0-90f0-68ffa6ff8c76,df305030-2c65-42ff-abbc-fff578595ebd,1049221,Acetaminophen 325 MG / Oxycodone Hydrochloride 5 MG Oral Tablet,300.10,0.00,1,300.10,,
1994-10-02,1994-10-09,a99ed505-4c20-4c66-bbe5-c54e8b5bc9b7,b1c428d6-4f07-31e0-90f0-68ffa6ff8c76,3f18af29-be57-4168-914e-2f3261d16e9b,1860154,Abuse-Deterrent 12 HR Oxycodone Hydrochloride 15 MG Extended Release Oral Tablet,769.29,0.00,1,769.29,,
1995-01-07,1995-01-14,a99ed505-4c20-4c66-bbe5-c54e8b5bc9b7,b1c428d6-4f07-31e0-90f0-68ffa6ff8c76,a4007e11-7804-4b2a-b190-173ca3ebc137,1049221,Acetaminophen 325 MG / Oxycodone Hydrochloride 5 MG Oral Tablet,694.32,0.00,1,694.32,,
1995-02-13,1995-02-27,a99ed505-4c20-4c66-bbe5-c54e8b5bc9b7,b1c428d6-4f07-31e0-90f0-68ffa6ff8c76,2b65905e-c360-43f1-8db0-6fa60fa147ba,856987,Acetaminophen 300 MG / HYDROcodone Bitartrate 5 MG Oral Tablet,1259.83,0.00,1,1259.83,,
1995-03-29,1995-04-26,a99ed505-4c20-4c66-bbe5-c54e8b5bc9b7,b1c428d6-4f07-31e0-90f0-68ffa6ff8c76,78cd9821-9df8-4b87-a83e-b33325518e03,1049221,Acetaminophen 325 MG / Oxycodone Hydrochloride 5 MG Oral Tablet,196.97,0.00,1,196.97,,
2010-04-09,2010-05-07,1abf6376-c6d9-4f83-ad20-7655114a6472,b1c428d6-4f07-31e0-90f0-68ffa6ff8c76,4f349e50-fe02-42bf-ad0d-968f2aa4424a,1049221,Acetaminophen 325 MG / Oxycodone Hydrochloride 5 MG Oral Tablet,436.04,0.00,1,436.04,,
2010-07-06,2010-08-17,1abf6376-c6d9-4f83-ad20-7655114a6472,b1c428d6-4f07-31e0-90f0-68ffa6ff8c76,4984e5d6-845e-47eb-a4de-b2cd7d881d3e,1860154,Abuse-Deterrent 12 HR Oxycodone Hydrochloride 15 MG Extended Release Oral Tablet,488.44,0.00,1,488.44,,
2010-09-16,2010-09-23,1abf6376-c6d9-4f83-ad20-7655114a6472,b1c428d6-4f07-31e0-90f0-68ffa6ff8c76,963b295d-ef3b-49af-b8d9-fe6548212771,1860154,Abuse-Deterrent 12 HR Oxycodone Hydrochloride 15 MG Extended Release Oral Tablet,1209.46,0.00,1,1209.46,,
2010-10-23,2010-11-13,1abf6376-c6d9-4f83-ad20-7655114a6472,b1c428d6-4f07-31e0-90f0-68ffa6ff8c76,2346f984-5a45-414d-b768-6c362c897fbd,1049221,Acetaminophen 325 MG / Oxycodone Hydrochloride 5 MG Oral Tablet,1132.04,0.00,1,1132.04,,
2011-01-12,2011-01-19,1abf6376-c6d9-4f83-ad20-7655114a6472,b1c428d6-4f07-31e0-90f0-68ffa6ff8c76,f19dd331-00fa-4c44-8c24-c103229ca209,1860154,Abuse-Deterrent 12 HR Oxycodone Hydrochloride 15 MG Extended Release Oral Tablet,2552.25,0.00,1,2552.25,,
2011-02-18,2011-03-04,1abf6376-c6d9-4f83-ad20-7655114a6472,b1c428d6-4f07-31e0-90f0-68ffa6ff8c76,4822f2bc-5053-4b41-ad7b-992c0dfbb4c5,1860154,Abuse-Deterrent 12 HR Oxycodone Hydrochloride 15 MG Extended Release Oral Tablet,1079.28,0.00,1,1079.28,,
2011-07-02,2011-07-23,1abf6376-c6d9-4f83-ad20-7655114a6472,b1c428d6-4f07-31e0-90f0-68ffa6ff8c76,42fb97af-8d3c-4d1b-a75a-36223d5ef40b,856987,Acetaminophen 300 MG / HYDROcodone Bitartrate 5 MG Oral Tablet,182.89,0.00,1,182.89,,
2011-10-21,2011-11-11,1abf6376-c6d9-4f83-ad20-7655114a6472,b1c428d6-4f07-31e0-90f0-68ffa6ff8c76,62c1f380-0ff7-47a2-8043-84fbf601e41e,1860154,Abuse-Deterrent 12 HR Oxycodone Hydrochloride 15 MG Extended Release Oral Tablet,325.49,0.00,1,325.49,,
2011-12-11,2012-01-01,1abf6376-c6d9-4f83-ad20-7655114a6472,b1c428d6-4f07-31e0-90f0-68ffa6ff8c76,56f8133d-ced1-461e-ad40-c42d213e4320,856987,Acetaminophen 300 MG / HYDROcodone Bitartrate 5 MG Oral Tablet,1143.87,0.00,1,1143.87,,
2012-01-31,2012-03-13,1abf6376-c6d9-4f83-ad20-7655114a6472,b1c428d6-4f07-31e0-90f0-68ffa6ff8c76,1804f041-4abe-4ac0-93fb-81623917a5cb,1860154,Abuse-Deterrent 12 HR Oxycodone Hydrochloride 15 MG Extended Release Oral Tablet,470.11,0.00,1,470.11,,
2012-04-12,2012-05-17,1abf6376-c6d9-4f83-ad20-7655114a6472,b1c428d6-4f07-31e0-90f0-68ffa6ff8c76,75211ef9-6dcd-49c1-8158-e62ed2d7f8df,1049221,Acetaminophen 325 MG / Oxycodone Hydrochloride 5 MG Oral Tablet,663.68,0.00,1,663.68,,
2012-06-16,2012-07-28,1abf6376-c6d9-4f83-ad20-7655114a6472,b1c428d6-4f07-31e0-90f0-68ffa6ff8c76,025d11af-7ea7-4f90-ba19-75debd2eb23a,1860154,Abuse-Deterrent 12 HR Oxycodone Hydrochloride 15 MG Extended Release Oral Tablet,2262.33,0.00,1,2262.33,,
2012-08-27,2012-11-26,1abf6376-c6d9-4f83-ad20-7655114a6472,b1c428d6-4f07-31e0-90f0-68ffa6ff8c76,620f9489-c28e-4647-96b5-b5d435c7b8ab,856987,Acetaminophen 300 MG / HYDROcodone Bitartrate 5 MG Oral Tablet,369.48,0.00,3,1108.44,,
2013-01-25,2013-02-22,1abf6376-c6d9-4f83-ad20-7655114a6472,b1c428d6-4f07-31e0-90f0-68ffa6ff8c76,642201e3-26d1-459e-bb4e-3e71e1a93a25,1860154,Abuse-Deterrent 12 HR Oxycodone Hydrochloride 15 MG Extended Release Oral Tablet,1081.86,0.00,1,1081.86,,
2013-03-24,2013-03-31,1abf6376-c6d9-4f83-ad20-7655114a6472,b1c428d6-4f07-31e0-90f0-68ffa6ff8c76,a86895fd-75dd-440c-acf5-ee70716e3e8c,856987,Acetaminophen 300 MG / HYDROcodone Bitartrate 5 MG Oral Tablet,245.62,0.00,1,245.62,,
2013-04-30,2013-07-02,1abf6376-c6d9-4f83-ad20-7655114a6472,b1c428d6-4f07-31e0-90f0-68ffa6ff8c76,502f5858-15e4-4fa0-a022-5e42924a9248,1860154,Abuse-Deterrent 12 HR Oxycodone Hydrochloride 15 MG Extended Release Oral Tablet,1315.21,0.00,2,2630.42,,
2013-08-31,2013-09-28,1abf6376-c6d9-4f83-ad20-7655114a6472,b1c428d6-4f07-31e0-90f0-68ffa6ff8c76,7c760ac5-1d6c-4409-a9d0-0024eb9a0744,1049221,Acetaminophen 325 MG / Oxycodone Hydrochloride 5 MG Oral Tablet,1596.74,0.00,1,1596.74,,
2014-02-25,2014-03-04,1abf6376-c6d9-4f83-ad20-7655114a6472,b1c428d6-4f07-31e0-90f0-68ffa6ff8c76,279e01cd-0b29-476e-a5b1-3d07466c8524,856987,Acetaminophen 300 MG / HYDROcodone Bitartrate 5 MG Oral Tablet,746.11,0.00,1,746.11,,
2014-05-03,2014-05-10,1abf6376-c6d9-4f83-ad20-7655114a6472,b1c428d6-4f07-31e0-90f0-68ffa6ff8c76,5e64b87f-7a70-4547-82b2-9e19904b74df,856987,Acetaminophen 300 MG / HYDROcodone Bitartrate 5 MG Oral Tablet,1429.52,0.00,1,1429.52,,
2014-06-09,2014-08-11,1abf6376-c6d9-4f83-ad20-7655114a6472,b1c428d6-4f07-31e0-90f0-68ffa6ff8c76,c519f748-ead5-44c6-8754-26ba46fca040,1860154,Abuse-Deterrent 12 HR Oxycodone Hydrochloride 15 MG Extended Release Oral Tablet,519.27,0.00,2,1038.54,,
1992-09-13,,7c0ab978-8a82-4048-877f-4251f2640644,b1c428d6-4f07-31e0-90f0-68ffa6ff8c76,1e9c4108-919e-4d99-88d9-afffb87dc52b,312961,Simvastatin 20 MG Oral Tablet,32.21,0.00,97,3124.37,,
1992-09-13,2000-09-03,7c0ab978-8a82-4048-877f-4251f2640644,b1c428d6-4f07-31e0-90f0-68ffa6ff8c76,1e9c4108-919e-4d99-88d9-afffb87dc52b,705129,Nitroglycerin 0.4 MG/ACTUAT Mucosal Spray,20.61,0.00,97,1999.17,,
1994-09-25,,7c0ab978-8a82-4048-877f-4251f2640644,b1c428d6-4f07-31e0-90f0-68ffa6ff8c76,cb2027c9-91c2-4410-80ea-7cb5acfc404b,197361,Amlodipine 5 MG Oral Tablet,29.60,0.00,72,2131.20,,
1997-10-12,2000-09-03,7c0ab978-8a82-4048-877f-4251f2640644,b1c428d6-4f07-31e0-90f0-68ffa6ff8c76,f997aec9-21d4-4614-8e5b-2193c085bc9b,309362,Clopidogrel 75 MG Oral Tablet,14.42,0.00,35,504.70,,
2000-09-03,2000-09-03,7c0ab978-8a82-4048-877f-4251f2640644,b1c428d6-4f07-31e0-90f0-68ffa6ff8c76,4b28d9c7-bd71-4ae3-88ca-a457e3bafe58,259255,Atorvastatin 80 MG Oral Tablet,389.68,0.00,1,389.68,,
2000-09-03,2000-09-03,7c0ab978-8a82-4048-877f-4251f2640644,b1c428d6-4f07-31e0-90f0-68ffa6ff8c76,4b28d9c7-bd71-4ae3-88ca-a457e3bafe58,833036,Captopril 25 MG Oral Tablet,33.90,0.00,1,33.90,,
1993-09-19,,49e5f6db-d14e-4d37-8172-be49a327eb54,b1c428d6-4f07-31e0-90f0-68ffa6ff8c76,a6b968f5-88e5-49be-978a-a92a460181fd,855332,Warfarin Sodium 5 MG Oral Tablet,40.10,0.00,322,12912.20,,
1993-09-19,,49e5f6db-d14e-4d37-8172-be49a327eb54,b1c428d6-4f07-31e0-90f0-68ffa6ff8c76,a6b968f5-88e5-49be-978a-a92a460181fd,897718,Verapamil Hydrochloride 40 MG,112.18,0.00,322,36121.96,,
1993-09-19,,49e5f6db-d14e-4d37-8172-be49a327eb54,b1c428d6-4f07-31e0-90f0-68ffa6ff8c76,a6b968f5-88e5-49be-978a-a92a460181fd,197604,Digoxin 0.125 MG Oral Tablet,45.46,0.00,322,14638.12,,
1998-10-18,,49e5f6db-d14e-4d37-8172-be49a327eb54,b1c428d6-4f07-31e0-90f0-68ffa6ff8c76,c9fe0036-3018-423e-afe6-2124a29afb83,309362,Clopidogrel 75 MG Oral Tablet,90.91,0.00,260,23636.60,,
1998-10-18,,49e5f6db-d14e-4d37-8172-be49a327eb54,b1c428d6-4f07-31e0-90f0-68ffa6ff8c76,c9fe0036-3018-423e-afe6-2124a29afb83,312961,Simvastatin 20 MG Oral Tablet,23.60,0.00,260,6136.00,,
1998-10-18,,49e5f6db-d14e-4d37-8172-be49a327eb54,b1c428d6-4f07-31e0-90f0-68ffa6ff8c76,c9fe0036-3018-423e-afe6-2124a29afb83,197361,Amlodipine 5 MG Oral Tablet,35.72,0.00,260,9287.20,,
1998-10-18,,49e5f6db-d14e-4d37-8172-be49a327eb54,b1c428d6-4f07-31e0-90f0-68ffa6ff8c76,c9fe0036-3018-423e-afe6-2124a29afb83,705129,Nitroglycerin 0.4 MG/ACTUAT Mucosal Spray,146.90,0.00,260,38194.00,,
