Id,BIRTHDATE,DEATHDATE,SSN,DRIVERS,PASSPORT,PREFIX,FIRST,LAST,SUFFIX,MAIDEN,MARITAL,RACE,ETHNICITY,GENDER,BIRTHPLACE,ADDRESS,CITY,STATE,COUNTY,ZIP,LAT,LON,HEALTHCARE_EXPENSES,HEALTHCARE_COVERAGE
7c0eb21d-6ff3-432d-b0b9-87dc32369b67,2016-11-19,,999-74-9623,,,,Molly,Syväniemi,,,,white,nonhispanic,F,Athens  Athens Prefecture  GR,166 Englund Katu,Lohja,Uusimaa,Lohja,03870,60.33441783575144,23.973282867950008,1375.0,0.0
f0668fd6-8ade-4281-a0d0-7322ec974b3a,2020-01-03,,999-78-9372,,,,Prisca,Pikkuhookana,,,,white,nonhispanic,F,Karkkila  Uusimaa  FI,640 Niemetmaa Katu,Helsinki,Uusimaa,Helsinki,00250,60.230723499562416,24.908487177322982,250.0,0.0
ec114d88-64fd-4be7-8379-a6fd9352b346,2009-03-24,,999-79-4378,,,,Anna-Roosa,Flood,,,,white,nonhispanic,F,Vantaa  Uusimaa  FI,250 Löfroth Katu Suite 80,Espoo,Uusimaa,Espoo,02600,60.200584872173586,24.76392322954986,2375.0,0.0
9b7261da-765e-44c4-b4b4-85a9ecadbaa1,1999-09-29,,999-75-7803,S99969359,X26513970X,Ms.,Vanamo,Pelamo,,,,white,nonhispanic,F,Helsinki  Uusimaa  FI,991 Lukkariniemi Katu Suite 45,Helsinki,Uusimaa,Helsinki,00560,60.2202830862301,24.951099684085776,3500.0,0.0
f149f438-177b-42a4-b213-3176a61ac3b6,1981-08-15,,999-45-2290,S99976953,X23468770X,Ms.,Melika,Solaranta,,,S,white,nonhispanic,F,Espoo  Uusimaa  FI,243 Lähetkangas Katu Suite 17,Porvoo,Uusimaa,Porvoo,06400,60.260551852007715,25.876498921731645,4250.0,0.0
440be425-5671-448b-b392-4572d8156a53,1987-05-28,,999-58-2237,S99997682,X13739382X,Mr.,Vilkko,Baas,,,M,white,nonhispanic,M,Espoo  Uusimaa  FI,356 Jokipolvi Katu,Lohja,Uusimaa,Lohja,08360,60.43251322820363,24.098574423410973,4000.0,0.0
ac90b17d-6105-42d6-a436-03788a3064b2,1989-07-03,,999-16-9940,S99969762,X73763944X,Mr.,Matti-Pekka,Myllykoski,,,M,white,nonhispanic,M,Kerava  Uusimaa  FI,1049 Perkonoja Katu Suite 34,Vantaa,Uusimaa,Vantaa,01390,60.358390155418974,25.045078943663245,3875.0,0.0
fdec1db2-467d-48a6-892e-eade3e1c5659,1970-06-25,,999-82-8524,S99963249,X51635123X,Mr.,Juno,Siekkinen,,,M,white,nonhispanic,M,Helsinki  Uusimaa  FI,994 Kurkola Katu Suite 23,Vantaa,Uusimaa,Vantaa,01450,60.24128748343778,24.839837898905866,4875.0,0.0
c47b785d-5ae5-4c63-b16a-929c2b31ac17,2006-11-26,,999-80-9604,,,,Vanilla,Salopelto,,,,white,nonhispanic,F,Vantaa  Uusimaa  FI,122 Juustila Katu,Kirkkonummi,Uusimaa,Kirkkonummi,02470,60.220903690268116,24.484373427323366,2750.0,0.0
552f630d-eab7-4d6c-b880-a8dcc173db44,1958-06-03,,999-88-5770,S99945385,X23026569X,Mr.,Kari-Veikko,Pasonen,,,S,white,nonhispanic,M,Helsinki  Uusimaa  FI,706 Väntsi Katu,Espoo,Uusimaa,Espoo,02100,60.10685183377712,24.677320356696224,6500.0,0.0
767df570-d31e-4700-8f79-a80820e64333,1962-06-15,,999-60-2488,S99913007,X73127591X,Mr.,Woitto,Mäkipelto,,,S,white,nonhispanic,M,Helsinki  Uusimaa  FI,814 Peräsaari Katu Unit 55,Helsinki,Uusimaa,Helsinki,00200,60.21069053469381,24.947907359106175,5875.0,0.0
180c5be8-41b6-475c-ba05-cc51e7d85d87,2017-02-26,,999-97-4521,,,,Ancelina,Kytömäki,,,,white,nonhispanic,F,Helsinki  Uusimaa  FI,511 Filppu Katu Suite 11,Porvoo,Uusimaa,Porvoo,06530,60.26670435086247,25.406748890640326,1375.0,0.0
3c10877a-0077-4c3e-987c-c7b684c42001,1973-09-11,,999-21-1042,S99922574,X23427843X,Mr.,Kasten,Olán,,,M,white,nonhispanic,M,Helsinki  Uusimaa  FI,160 Saikanmäki Katu Suite 77,Helsinki,Uusimaa,Helsinki,00200,60.19428468477373,25.08702094354572,4750.0,0.0
e1732519-f48a-4b94-b9ad-e05176f44540,1956-07-31,,999-50-6401,S99935500,X23115215X,Mrs.,Lorraine,Pikkukangas,,Hiironniemi,M,white,nonhispanic,F,Helsinki  Uusimaa  FI,106 Lääkkö Katu,Helsinki,Uusimaa,Helsinki,00190,60.23856419751792,24.99365830934225,62394.1,0.0
e62efad3-70b6-4a0d-a48c-dcaa86679a0f,2003-12-10,,999-95-6332,S99935679,,,Mindy,Vatka,,,,white,nonhispanic,F,Vantaa  Uusimaa  FI,513 Urjanheimo Katu Unit 89,Loviisa,Uusimaa,Loviisa,07890,60.56682080978232,25.965729343794578,13674.079999999998,0.0
82dab968-e48b-46d5-9116-f903695456ab,1972-12-31,,999-67-4130,S99951785,X57485163X,Mr.,Aku-Ville,Viuhkola,,,M,white,nonhispanic,M,Helsinki  Uusimaa  FI,176 Riitamaa Katu,Kerava,Uusimaa,Kerava,04260,60.34523913731166,25.12689420279216,9375.0,0.0
c2affcc7-269c-41c4-bb6b-5cbc214d8156,2004-05-31,,999-32-6993,,,,Anna-Leena,Hakaniemi,,,,white,nonhispanic,F,Helsinki  Uusimaa  FI,120 Alarauhio Katu Unit 32,Nurmijärvi,Uusimaa,Nurmijärvi,01900,60.42647636160137,24.803125301224053,3000.0,0.0
6ccdc113-f6ef-44e3-ab35-0a76d23e1eb9,1977-12-31,,999-62-2270,S99937670,X44653179X,Mrs.,Katri-Johanna,Livson,,Sainkangas,M,white,nonhispanic,F,Espoo  Uusimaa  FI,224 Lönnström Katu,Vantaa,Uusimaa,Vantaa,01640,60.32763613915335,25.02844954953054,4500.0,0.0
716dbf8f-d42e-4287-bbc3-cb1c03d235bb,1970-08-17,,999-59-5022,S99914339,X64492731X,Mr.,Petr,Horttana,,,M,white,nonhispanic,M,Sipoo  Uusimaa  FI,688 Pellinen Katu,Vantaa,Uusimaa,Vantaa,01730,60.290163232583005,25.10825951707567,4875.0,0.0
3bd12fd6-3e82-40dd-8dc4-db1f53a8559f,2006-10-23,,999-76-7177,,,,Tiiamaria,Puosi,,,,white,nonhispanic,F,Järvenpää  Uusimaa  FI,131 Malk Katu Suite 43,Mäntsälä,Uusimaa,Mäntsälä,04620,60.718045001005166,25.456729808226925,2750.0,0.0
c92e26bb-4463-4a3f-81dc-664b4c0d59f4,1941-07-14,,999-48-3419,S99919662,X85030355X,Mr.,Yu,Mänttäri,,,S,white,nonhispanic,M,Helsinki  Uusimaa  FI,366 Vallius Katu,Helsinki,Uusimaa,Helsinki,00570,60.182648921528795,25.011403109880668,8500.0,0.0
5833806a-0e9f-4e21-8ab2-9939afa842ee,2005-01-26,,999-60-7163,,,,Markuntytär,Harvonen,,,,white,nonhispanic,F,Vihti  Uusimaa  FI,719 Ågren Katu,Vantaa,Uusimaa,Vantaa,01630,60.338734566881875,25.037195925893222,3000.0,0.0
8e69def9-9c54-4f6e-9abf-c46d6ae155e4,1947-06-22,,999-14-4402,S99975204,X55334430X,Mr.,Ross,Bal,,,M,white,nonhispanic,M,Vihti  Uusimaa  FI,824 Busi Katu Unit 58,Helsinki,Uusimaa,Helsinki,00900,60.21519443368959,24.939644714957645,14333.650000000001,0.0
a8a3ca5c-9172-4695-9f31-db6b0ee2402f,1994-05-30,,999-39-4729,S99980596,X52712664X,Mr.,Ilai,Mankila,,,,white,nonhispanic,M,Helsinki  Uusimaa  FI,117 Skoglund Katu,Vantaa,Uusimaa,Vantaa,01750,60.332282165406134,24.80262314782047,3750.0,0.0
36c7c4aa-4612-4388-b69f-ee0e71b3b247,1982-02-20,,999-21-7258,S99948122,X33678927X,Mrs.,Anne-Riitta,Pukkila,,Metsäpuro,M,white,nonhispanic,F,Helsinki  Uusimaa  FI,366 Petäjoki Katu,Kirkkonummi,Uusimaa,Kirkkonummi,02400,60.098121273192696,24.621987579850867,10981.34,0.0
c95f1a2a-e855-4a22-af91-1db5c731b6bb,1963-12-07,,999-74-9716,S99985950,X75773909X,Mr.,Sigfrid,Saarivuori,,,M,white,nonhispanic,M,Helsinki  Uusimaa  FI,518 Rönnlöf Katu,Lohja,Uusimaa,Lohja,09520,60.25829876151616,23.97797401712284,5750.0,0.0
26782874-d8fd-4acd-a51f-f0d787d576c3,2010-12-05,,999-92-1189,,,,Han,Nick,,,,white,nonhispanic,M,Helsinki  Uusimaa  FI,602 Luumi Katu,Vantaa,Uusimaa,Vantaa,01600,60.32171525026173,25.04119669031364,2250.0,0.0
3bf5d0bb-bf4b-472b-850f-f0c32574c378,1996-04-24,,999-97-9865,S99950167,X38858844X,Ms.,Sulina,Hammarén,,,,white,nonhispanic,F,Vihti  Uusimaa  FI,1061 Lampén Katu,Espoo,Uusimaa,Espoo,02150,60.156397105349676,24.638855686939927,3625.0,0.0
6fd0585d-0f24-4d2a-9c45-0c75449597f2,1942-09-29,,999-29-1521,S99922811,X48716972X,Ms.,Oma,Mäenpää,,,S,white,nonhispanic,F,Lohja  Uusimaa  FI,333 Heinäsuo Katu,Helsinki,Uusimaa,Helsinki,00920,60.136668690838526,24.86595587187922,32932.9,0.0
3fddf036-b542-48aa-91a4-b32dc762c750,1969-12-12,,999-76-4588,S99985159,X47423083X,Mr.,Joni-Petteri,Haapakorva,,,M,white,nonhispanic,M,Vantaa  Uusimaa  FI,848 Salosaari Katu Unit 75,Karkkila,Uusimaa,Karkkila,03620,60.54123402834844,24.223510384161607,5000.0,0.0
ad829500-87a1-437c-9400-20c98ea4e733,1965-08-22,,999-44-7291,S99945638,X89599376X,Mr.,Erich,Karaksela,,,M,white,nonhispanic,M,Järvenpää  Uusimaa  FI,894 Westerstråhle Katu Unit 68,Tuusula,Uusimaa,Tuusula,04370,60.39391426839156,24.94615429736292,5500.0,0.0
25bc2614-76a3-4aef-b2fb-3e4255ac834f,2003-12-20,,999-72-4270,S99923957,,,Farid,Logrén,,,,white,nonhispanic,M,Espoo  Uusimaa  FI,298 Usva Katu Suite 20,Espoo,Uusimaa,Espoo,02140,60.13453220328677,24.75306263183515,12569.73,0.0
712438a7-2644-47fa-a154-07c21654b6d3,1967-11-25,,999-92-4362,S99922791,X54650081X,Ms.,Miitu,Hankamäki,,,S,white,nonhispanic,F,Helsinki  Uusimaa  FI,297 Envik Katu Suite 81,Vihti,Uusimaa,Vihti,03220,60.33141833271887,24.374240610273542,5250.0,0.0
f86ddfa1-e788-42ed-986f-fba13fe2d681,1985-04-20,,999-65-3327,S99977063,X69822525X,Mr.,Aapel,Myllylahti,,,M,white,nonhispanic,M,Kirkkonummi  Uusimaa  FI,245 Pitkä Katu,Helsinki,Uusimaa,Helsinki,00660,60.22408493328578,24.960429100432776,59745.49,0.0
78c78cb4-321d-4675-94bd-378cc4f23124,1963-02-21,,999-69-9822,S99975053,X41411426X,Mr.,Vikki,Mäki-Mantila,,,M,white,nonhispanic,M,Espoo  Uusimaa  FI,878 Nyysti Katu,Siuntio,Uusimaa,Siuntio,02490,60.143993144327666,24.239713970173682,46755.65,0.0
98cb2595-857f-4086-8199-851b1b004fc8,1988-08-03,,999-28-6340,S99990621,X50208538X,Mr.,Timur,Sollman,,,M,white,nonhispanic,M,Frankfurt  Hesse  DE,339 Lehterä Katu Suite 43,Vantaa,Uusimaa,Vantaa,01490,60.237457709202666,24.910058501658998,4000.0,0.0
53c3282c-7530-4f49-82ef-7671a94d106d,1988-02-01,,999-64-8510,S99950932,X2050469X,Mr.,Raul,Syrjälahti,,,M,white,nonhispanic,M,Tuusula  Uusimaa  FI,178 Parsons Katu,Espoo,Uusimaa,Espoo,02920,60.19838061117451,24.755183369370755,4000.0,0.0
5b3528fa-fee5-4f65-9c8f-c3569fc66352,1974-05-30,,999-36-7204,S99956141,X9927031X,Ms.,Saara-Sofia,Putto,,,S,white,nonhispanic,F,Espoo  Uusimaa  FI,184 Meinander Katu Unit 6,Helsinki,Uusimaa,Helsinki,00750,60.22969991070243,25.05902583664389,4625.0,0.0
d788d508-a9ee-4811-8d55-b8f7d308e1fc,1992-03-19,,999-52-7978,S99977502,X39835014X,Ms.,Ghita,Vakkilainen,,,S,white,nonhispanic,F,Espoo  Uusimaa  FI,176 Heimberg Katu Suite 73,Espoo,Uusimaa,Espoo,02150,60.11876857413656,24.675997428497105,3750.0,0.0
42b64e0d-2e86-4c55-8a7b-9fd7ff9b811b,1993-11-13,,999-28-4969,S99966811,X3113436X,Mr.,Tung,Veijonaho,,,,white,nonhispanic,M,Kirkkonummi  Uusimaa  FI,824 Gül Katu,Espoo,Uusimaa,Espoo,02360,60.24081632897217,24.596784629778895,3750.0,0.0
bd055d8f-cb79-4f69-9395-ba8f492278de,1985-04-09,,999-73-2093,S99992388,X57888389X,Mr.,Ted,Lähderinne,PhD,,M,white,nonhispanic,M,Karkkila  Uusimaa  FI,601 Iljana Katu Unit 10,Helsinki,Uusimaa,Helsinki,00260,60.19856218260225,24.8860366312952,4125.0,0.0
16444fb0-cf46-4085-903e-397925e5a82f,1962-11-01,,999-19-5098,S99929487,X57503892X,Mrs.,De,Kuhalainen,,Osmani,M,white,nonhispanic,F,Vantaa  Uusimaa  FI,606 Minetti Katu Apt 84,Porvoo,Uusimaa,Porvoo,06950,60.23189862710309,25.88327757571201,5875.0,0.0
2808f444-d7b9-49ad-a2b3-1e189e643541,1966-04-08,,999-90-8630,S99920840,X85344654X,Mr.,Abshir,Kelo,,,M,white,nonhispanic,M,Helsinki  Uusimaa  FI,1029 Solala Katu,Helsinki,Uusimaa,Helsinki,00710,60.12969129031565,25.0262073064885,5375.0,0.0
cb53bd86-5c0e-4457-a160-2500e4aa21bc,1953-02-09,,999-99-7256,S99994597,X39609534X,Mrs.,Sarianne,Brännbacka,,Ketamo,M,white,nonhispanic,F,Helsinki  Uusimaa  FI,578 Myrsky Katu,Lohja,Uusimaa,Lohja,09630,60.269292841047736,23.85186156193292,7000.0,0.0
424f1ed6-9f4a-4e52-8d06-4ed3e6d96c92,1987-07-15,,999-77-6733,S99985419,X19673579X,Mrs.,Milja-Maria,Uitto,,Salinkangas,M,white,nonhispanic,F,Espoo  Uusimaa  FI,978 Wolff Katu,Helsinki,Uusimaa,Helsinki,00430,60.22003948059676,25.027944721830963,4000.0,0.0
02a43554-792c-4ef5-b2ab-e050cae6fe48,1982-08-26,,999-32-5498,S99989107,X27381460X,Ms.,Aksa,Kuuttila,,,S,white,nonhispanic,F,Helsinki  Uusimaa  FI,851 Tekoniemi Katu Apt 57,Helsinki,Uusimaa,Helsinki,00440,60.18924909309821,25.11000490806672,4250.0,0.0
442a14af-72fc-4982-9ad0-6f999ce38002,2003-04-17,,999-86-9901,S99992501,,,Mimma,Pelto,,,,white,nonhispanic,F,Vihti  Uusimaa  FI,849 Välikallio Katu Unit 44,Vantaa,Uusimaa,Vantaa,01630,60.30119255873158,25.074927627189428,3125.0,0.0
fafcd2a5-7a27-4b46-a6aa-06fb3b673b07,1998-02-28,,999-77-1939,S99994404,X85269916X,Mr.,Hamilton,Oranta,,,,white,nonhispanic,M,Mäntsälä  Uusimaa  FI,771 Silen Katu,Sipoo,Uusimaa,Sipoo,01120,60.34504935600975,25.26804365262108,3500.0,0.0
1fb0eaf0-f2e5-4a84-b6a2-b0c132480852,1937-07-05,,999-57-6880,S99998921,X5556303X,Mr.,Kale,Aunula,,,S,white,nonhispanic,M,Espoo  Uusimaa  FI,302 Kinos Katu Apt 37,Helsinki,Uusimaa,Helsinki,00960,60.24530687440765,25.042281946782875,9000.0,0.0
c387bd9a-c3ff-4602-bf3d-400ddd3a1435,2002-10-08,,999-99-3397,S99940125,,,Ailakki,Viiri,,,,white,nonhispanic,F,Lohja  Uusimaa  FI,543 Kotamäki Katu Apt 93,Lohja,Uusimaa,Lohja,08680,60.34091064373392,23.86433361020216,3250.0,0.0
b612e152-cc4c-4a2e-99c4-67217e0335dc,2016-12-11,,999-62-4412,,,,Markku,Södergran,,,,white,nonhispanic,M,Berlin  Berlin  DE,193 Törhönen Katu,Espoo,Uusimaa,Espoo,02730,60.09607005611326,24.749007107247376,1375.0,0.0
2540b87d-0766-44cd-88f4-49a330ea8ba3,1945-10-22,,999-98-7243,S99966312,X39974870X,Mr.,Cong,Similä,,,S,white,nonhispanic,M,Vantaa  Uusimaa  FI,1034 Maury Katu,Helsinki,Uusimaa,Helsinki,00440,60.23126074573715,25.003910536914603,7875.0,0.0
00427581-28c5-4b10-bee7-349c1c63c2e2,1994-11-12,,999-53-4821,S99961877,X66268757X,Mr.,Paul,Jahkola,,,,white,nonhispanic,M,Helsinki  Uusimaa  FI,551 Selkilä Katu,Helsinki,Uusimaa,Helsinki,00740,60.22863488998712,24.93782297566597,21682.14,0.0
629938f3-7bd1-44d2-a1ee-2a2727afff1a,1945-03-18,,999-73-2733,S99913539,X19233080X,Mrs.,Meja,Kolu,,Kangas-Korhonen,M,white,nonhispanic,F,Espoo  Uusimaa  FI,342 Mansnerus Katu,Vantaa,Uusimaa,Vantaa,01750,60.34970818009395,24.79646159790861,8000.0,0.0
b236e754-a745-4d62-abe3-7bc525ce6945,1950-05-27,,999-20-7529,S99915341,X73235755X,Mrs.,Anna-Eveliina,Silfverhuth,,Leukumaavaara,M,white,nonhispanic,F,Porvoo  Uusimaa  FI,330 Al-Faisal Katu Apt 5,Helsinki,Uusimaa,Helsinki,00750,60.24135377430665,25.04009284367262,13916.16,0.0
795a84bf-9e51-4f1e-94aa-ce8a0f7207f3,2011-04-13,,999-68-2163,,,,Thorvald,Havukainen,,,,white,nonhispanic,M,Helsinki  Uusimaa  FI,967 Huoman Katu Unit 82,Espoo,Uusimaa,Espoo,02380,60.14356338541329,24.82212645293946,2125.0,0.0
300d221d-32a1-4c9d-a96f-0c15b734054b,1980-01-07,,999-19-6538,S99995241,X7122160X,Mr.,Tor-Leif,Fridman,,,S,white,nonhispanic,M,Järvenpää  Uusimaa  FI,825 Lindevall Katu,Helsinki,Uusimaa,Helsinki,00190,60.206316447140075,25.022232617375554,4375.0,0.0
df165025-f3d0-40e7-a427-f5e861f3ce12,1990-07-04,,999-46-2634,S99942303,X29264692X,Mrs.,Sirje,Karkman,,Vilamaa,M,white,nonhispanic,F,Porvoo  Uusimaa  FI,480 Ala-Aho Katu,Helsinki,Uusimaa,Helsinki,00820,60.259958675302265,24.85876524129999,3875.0,0.0
4a1eb9ee-d27a-4365-a454-309d64bcfac4,1953-08-11,,999-80-1246,S99982663,X65715810X,Mrs.,Suvimarja,Kainua,,Väärälä,M,white,nonhispanic,F,Espoo  Uusimaa  FI,897 Pentinmikko Katu Apt 64,Loviisa,Uusimaa,Loviisa,07740,60.32014360121842,26.043343271668217,7000.0,0.0
3afe378a-c2d2-4369-af72-a7d992902e5f,1979-05-05,,999-17-3348,S99910263,X84556427X,Mr.,Vexi,Lindell,,,M,white,nonhispanic,M,Vantaa  Uusimaa  FI,898 Sampo Katu Suite 44,Nurmijärvi,Uusimaa,Nurmijärvi,01840,60.33776386627893,24.771284424483454,4375.0,0.0
ab4e8207-c779-4a00-81c0-31890d74400f,1973-08-15,,999-70-9917,S99967972,X87585032X,Ms.,Omena,Vennerström,,,S,white,nonhispanic,F,Helsinki  Uusimaa  FI,1036 Sahinaho Katu,Vantaa,Uusimaa,Vantaa,01420,60.36671072359267,25.04299142399409,4750.0,0.0
4b348d26-eb95-4973-8760-a09b1737e0ce,1975-05-13,2005-02-23,999-15-6610,S99933269,X1351863X,Mr.,Lari-Matti,Laurin,,,M,white,nonhispanic,M,Vantaa  Uusimaa  FI,338 Hallikainen Katu Unit 97,Vantaa,Uusimaa,Vantaa,01230,60.28071782649531,24.864342018338466,57281.6,0.0
e29b3c5d-daac-4144-986a-339214898dd4,1978-11-12,,999-73-6590,S99911163,X72444213X,Mrs.,Sini-Pilvi,Puroharju,,Sinettä,M,white,nonhispanic,F,Espoo  Uusimaa  FI,332 Landen Katu,Porvoo,Uusimaa,Porvoo,07310,60.356040687440654,25.65248788647009,54387.31,0.0
b0aa4095-56a7-4ed4-b141-f38f80cba073,1991-10-10,,999-24-8977,S99976918,X38998660X,Ms.,Safiya,Kylävainio,,,S,white,nonhispanic,F,Helsinki  Uusimaa  FI,1039 Kirkkopelto Katu Suite 0,Helsinki,Uusimaa,Helsinki,00240,60.24156173206003,24.989037370284812,3875.0,0.0
8ad52f21-6a55-4764-869d-96448ee358ce,1946-03-21,,999-44-7544,S99987101,X30779594X,Mr.,Herman,Kaihua,,,M,white,nonhispanic,M,Hyvinkää  Uusimaa  FI,848 Hietanoro Katu,Espoo,Uusimaa,Espoo,02740,60.2889411704256,24.510087767915962,7875.0,0.0
3ffe4861-1bcc-4e66-9a9e-a39327c864ea,1959-11-28,,999-93-6017,S99912168,X88382670X,Mr.,Tommie,Helen,MD,,M,white,nonhispanic,M,Vantaa  Uusimaa  FI,115 Palojärvi Katu Suite 57,Helsinki,Uusimaa,Helsinki,00330,60.27326806848941,24.926916500792935,8468.69,0.0
53edbe5f-adec-4ab9-bba8-29b796eeb50e,1970-11-26,,999-11-6084,S99956604,X34354429X,Mrs.,Rina,Kahela,,Rinta-Nikkola,M,white,nonhispanic,F,Vihti  Uusimaa  FI,261 Pihlaja Katu,Raasepori,Uusimaa,Raasepori,10350,60.0954061302983,23.450004633260363,4875.0,0.0
f82bd24f-6cba-427c-9860-c174e7d6705e,1999-11-27,,999-34-1299,S99948720,X33015770X,Ms.,Aadalmiina,Wendell,,,,white,nonhispanic,F,Helsinki  Uusimaa  FI,905 Voittomäki Katu Suite 61,Mäntsälä,Uusimaa,Mäntsälä,04940,60.62533250925268,25.33010709998589,18098.12,0.0
d4aaa936-4b19-4397-b411-1b1aa2af5cf0,1987-08-05,,999-38-5340,S99925472,X26419397X,Mrs.,Gunveig,Sakki,,Jarkko,M,white,nonhispanic,F,Espoo  Uusimaa  FI,532 Sigfridsson Katu,Kirkkonummi,Uusimaa,Kirkkonummi,02390,60.113881430356926,24.55524990050215,4000.0,0.0
dcec2bab-03f6-45da-8577-c6db84f9f5cd,1975-05-13,,999-79-2927,S99943273,X20063152X,Mr.,Rocco,Rannanmäki,,,M,white,nonhispanic,M,Helsinki  Uusimaa  FI,474 Tiikkainen Katu Apt 68,Vantaa,Uusimaa,Vantaa,01720,60.218027575873016,24.782607200426703,40072.36,0.0
5acec969-dfe2-4e4f-8dbe-e7031f07ec4d,1974-06-08,,999-29-3859,S99978984,X38758022X,Mr.,Evan,Avonius,,,M,white,nonhispanic,M,Vantaa  Uusimaa  FI,732 Lauronen Katu,Helsinki,Uusimaa,Helsinki,00180,60.25396764328307,24.872123444854747,4625.0,0.0
0c2a2315-8187-461f-8edc-9aa6e1a1f10f,2000-09-16,,999-82-7358,S99918387,,Ms.,Marcella,Falk,,,,white,nonhispanic,F,Nurmijärvi  Uusimaa  FI,1097 Solkinen Katu,Kerava,Uusimaa,Kerava,04260,60.43158768220615,25.17397757917935,8337.21,0.0
42f2223d-0ff7-42ae-bf5c-a83115ff7ed2,1979-09-06,,999-49-6656,S99975748,X56628193X,Mrs.,Trinity,Norrlund,,Vähäpassi,M,white,nonhispanic,F,Porvoo  Uusimaa  FI,416 Helenius Katu,Espoo,Uusimaa,Espoo,02150,60.22294854244888,24.621006352816995,21464.6,0.0
7b9134b3-d850-430e-8fac-413dea219a8f,1995-06-09,,999-17-3622,S99993305,X12744527X,Mr.,Artur,Riistaniemi,,,,white,nonhispanic,M,Helsinki  Uusimaa  FI,1051 Langinkoski Katu Unit 0,Helsinki,Uusimaa,Helsinki,00280,60.15238927117483,24.942299705516177,3625.0,0.0
0b35c953-5e65-4e9c-aa48-05d1bfbdc4b9,1957-02-17,2012-01-15,999-80-6512,S99933237,X6336440X,Mr.,Kasmir,Karsten,,,M,white,nonhispanic,M,Loviisa  Uusimaa  FI,738 Kirkkomäki Katu,Hanko,Uusimaa,Hanko,10960,59.885409960807394,23.1057990016184,40525.42,0.0
87ce52c2-6a34-44f3-9b4a-c7288022230f,1982-01-23,,999-25-1700,S99923474,X51366158X,Mr.,Toive,Muhonen,,,M,white,nonhispanic,M,Helsinki  Uusimaa  FI,834 Markula Katu,Helsinki,Uusimaa,Helsinki,00850,60.24021499402428,25.15566699170397,71123.31,0.0
02dd98b8-ea7b-4307-9a1d-71080f8f8b79,2019-04-03,,999-54-7204,,,,Seija-Riitta,Yli-Suvanto,,,,white,nonhispanic,F,Helsinki  Uusimaa  FI,853 Toijonen Katu,Vantaa,Uusimaa,Vantaa,01400,60.27618448252519,25.032356260707356,625.0,0.0
9c6b33bc-2bf6-4fbb-8204-6fb8f20a0fc4,1960-07-23,,999-58-5727,S99978029,X45426789X,Mr.,Willhelm,Jyske,,,M,white,nonhispanic,M,Vantaa  Uusimaa  FI,593 Rönty Katu,Kauniainen,Uusimaa,Kauniainen,02700,60.18702684440156,24.73538593139515,6125.0,0.0
2c596635-cf80-4cf0-8e69-35f5e31512fa,1992-04-18,,999-93-4768,S99984710,X50483377X,Mr.,Nic,Kauppala,,,M,white,nonhispanic,M,Järvenpää  Uusimaa  FI,775 Saloranta Katu Suite 89,Helsinki,Uusimaa,Helsinki,00590,60.22120400549756,24.898479933310284,3750.0,0.0
13afd644-d889-4cf7-92c8-6e7c852e86d2,1984-09-09,,999-13-9160,S99947990,X81082304X,Ms.,Nelle,Jansén,,,S,white,nonhispanic,F,Kirkkonummi  Uusimaa  FI,226 Lääkkölä Katu Suite 11,Tuusula,Uusimaa,Tuusula,04330,60.46046892647342,25.055400319790795,84927.44,0.0
a99ed505-4c20-4c66-bbe5-c54e8b5bc9b7,1980-07-09,1996-09-11,999-60-7295,S99976171,,,Hieu,Tanhula,,,,white,nonhispanic,M,Vantaa  Uusimaa  FI,669 Karavirta Katu Suite 37,Helsinki,Uusimaa,Helsinki,00420,60.19117540797016,25.00261574022841,7448.51,0.0
f045567f-9c70-4051-893b-06a1dce23394,1953-04-08,,999-31-5233,S99920440,X32097461X,Mrs.,Terésia,Sarparanta,,Törmälä,M,white,nonhispanic,F,Raasepori  Uusimaa  FI,284 Jern Katu Apt 51,Nurmijärvi,Uusimaa,Nurmijärvi,05200,60.50842806428641,24.75600342044938,7000.0,0.0
50f4ccfd-c5a9-4ad9-a1e2-2e1f914781a9,1963-08-05,,999-69-5697,S99995905,X85816565X,Mr.,Toive,Rohkea,,,M,white,nonhispanic,M,Espoo  Uusimaa  FI,627 Kotkamaa Katu Apt 40,Espoo,Uusimaa,Espoo,02230,60.068421074749914,24.70972411929536,5750.0,0.0
afc181d3-ede9-4dfb-b496-7bba8e6bc534,1949-02-14,,999-23-6178,S99916043,X128935X,Mrs.,Esther,Pauna,,Ådahl,M,white,nonhispanic,F,Sipoo  Uusimaa  FI,1015 Law Katu Unit 75,Helsinki,Uusimaa,Helsinki,00340,60.10616647443501,24.934493195055683,7500.0,0.0
eab00428-15ca-4678-adc8-0929b6f1af29,1981-10-25,,999-21-8262,S99949224,X36249012X,Mrs.,Giia,Santaniemi,,Kemppilä,M,white,nonhispanic,F,Helsinki  Uusimaa  FI,864 Vahteri Katu,Helsinki,Uusimaa,Helsinki,00530,60.25756740581963,25.011690891538738,4250.0,0.0
1abf6376-c6d9-4f83-ad20-7655114a6472,1957-02-17,,999-56-9677,S99931583,X2931555X,Mr.,Fuat,Murtoo,,,M,white,nonhispanic,M,Helsinki  Uusimaa  FI,680 Järventausta Katu,Hanko,Uusimaa,Hanko,10900,59.86417565703324,22.975534955531987,110633.01,0.0
29fba8a1-26f4-4310-9617-378c48f22db3,1953-10-16,,999-67-9876,S99948096,X38260848X,Mrs.,Orla,Polus,,Ahovalli,M,white,nonhispanic,F,Helsinki  Uusimaa  FI,671 Talvisto Katu,Espoo,Uusimaa,Espoo,02730,60.23377353680389,24.777838216657493,7000.0,0.0
7c0ab978-8a82-4048-877f-4251f2640644,1916-04-16,2000-09-03,999-86-9215,S99935654,X64197577X,Mr.,Aripekka,Kupsanen,,,M,white,nonhispanic,M,Helsinki  Uusimaa  FI,324 Kankaro Katu Unit 95,Helsinki,Uusimaa,Helsinki,00130,60.19025264115634,24.998017228788285,9708.61,0.0
4d780902-ae05-444b-95d3-8b011d462206,1980-07-09,,999-24-7814,S99957796,X34350360X,Mr.,Onni-Matias,Reilimo,,,M,white,nonhispanic,M,Helsinki  Uusimaa  FI,209 Leppäranta Katu Unit 4,Helsinki,Uusimaa,Helsinki,00890,60.23541994979821,25.094905244366153,35486.07,0.0
f6e99b01-08ad-45b3-b478-0dbb6016b0a1,1968-03-09,,999-47-8443,S99957681,X71484190X,Mr.,Christer,Lyijynen,,,M,white,nonhispanic,M,Helsinki  Uusimaa  FI,367 Hinkkanen Katu Suite 35,Helsinki,Uusimaa,Helsinki,00580,60.18357389041522,24.862152688262682,5125.0,0.0
3138ce48-2dfb-40ae-b36c-ca4996e25d8b,1952-06-03,,999-50-1223,S99928235,X56569366X,Mrs.,Satu-Sisko,Sotka,,Meriläinen,M,white,nonhispanic,F,Vantaa  Uusimaa  FI,194 Sandelin Katu,Helsinki,Uusimaa,Helsinki,00360,60.22208238114483,24.913166428545896,7125.0,0.0
71c68c69-7015-4ce6-81dc-c91b4ca38e87,1992-07-08,,999-84-8174,S99930732,X3138969X,Mrs.,Ganimete,Uusisalo,,Heikius,M,white,nonhispanic,F,Helsinki  Uusimaa  FI,759 Rimpiläinen Katu,Porvoo,Uusimaa,Porvoo,06950,60.30016346192606,25.88049714694395,3750.0,0.0
7d699b66-3188-4384-adf7-a6e2967d53d9,1982-09-14,,999-38-6428,S99995390,X74677393X,Mr.,Christoph,Sirpoma,,,S,white,nonhispanic,M,Espoo  Uusimaa  FI,206 Ääpälä Katu Unit 20,Pornainen,Uusimaa,Pornainen,07150,60.51691449153371,25.320738159943474,36055.46,0.0
afca22f4-a213-4d0c-87a1-4d65bae640aa,1984-08-18,,999-10-3672,S99911560,X43323230X,Mr.,Ernfrid,Wörgren,,,M,white,nonhispanic,M,Espoo  Uusimaa  FI,224 Bragge Katu Unit 47,Vantaa,Uusimaa,Vantaa,01490,60.2921718888562,24.864898639611788,4398.58,0.0
d2d4f381-7e6d-4965-a685-240ca686a624,1970-05-27,,999-34-5538,S99947781,X52558064X,Mr.,Ensti,Korjus,,,M,white,nonhispanic,M,St Petersburg  St Petersburg  RU,926 Kortessalo Katu,Vantaa,Uusimaa,Vantaa,01650,60.34219870557647,24.941149361374386,4875.0,0.0
409902a7-1a61-46b1-9df9-4e96cf264bf3,1989-05-03,,999-12-5097,S99981166,X48314453X,Mrs.,Lumia,Kauvosaari,,Kortteenperä,M,white,nonhispanic,F,Vantaa  Uusimaa  FI,1014 Haimelin Katu,Helsinki,Uusimaa,Helsinki,00630,60.12514547914893,24.969639426856087,3875.0,0.0
4be32086-43f0-4c14-b2b1-0c1e40405d3a,1995-06-08,,999-78-5994,S99999425,X29931495X,Ms.,Eliisabet,Kotilainen,,,,white,nonhispanic,F,Frankfurt  Hesse  DE,295 Lehterä Katu Unit 90,Järvenpää,Uusimaa,Järvenpää,04400,60.47504270291766,25.114202652578808,3625.0,0.0
43b05362-7900-4197-b632-1e41aaab5156,1984-12-27,,999-62-9093,S99991035,X79876744X,Mr.,Frits,White,,,M,white,nonhispanic,M,Mäntsälä  Uusimaa  FI,791 Linninen Katu,Vantaa,Uusimaa,Vantaa,01230,60.27051273616259,24.897136202134323,4125.0,0.0
d0359d33-1996-435e-9225-a688fdfe6f6f,1977-09-10,,999-85-3152,S99923774,X20185689X,Mr.,Gian,Högback,,,M,white,nonhispanic,M,Helsinki  Uusimaa  FI,476 Fogelholm Katu,Helsinki,Uusimaa,Helsinki,00280,60.26152203190266,25.018610731609638,4500.0,0.0
49e5f6db-d14e-4d37-8172-be49a327eb54,1916-04-16,,999-83-6538,S99922061,X30721430X,Mr.,Valeri,Pussila,,,M,white,nonhispanic,M,Espoo  Uusimaa  FI,1081 Bonden Katu,Helsinki,Uusimaa,Helsinki,00340,60.18241827785321,24.968666425154673,11750.0,0.0
d2c91ef3-ce54-42f7-b4ba-42a92aed5c96,1959-12-09,,999-82-2410,S99931812,X56405222X,Mrs.,Weronika,Keskilä,,Aspa,M,white,nonhispanic,F,Helsinki  Uusimaa  FI,1059 Ahmavuo Katu,Hyvinkää,Uusimaa,Hyvinkää,05900,60.61526580200567,24.804231799166704,6250.0,0.0
e3889144-26de-493d-9168-0024e2a323fe,1957-10-12,,999-92-5956,S99936517,X42796303X,Mr.,Jeremia,Marjomaa,,,M,white,nonhispanic,M,Vantaa  Uusimaa  FI,840 Hinkka Katu Suite 0,Helsinki,Uusimaa,Helsinki,00290,60.17874447593012,24.936359821216627,6500.0,0.0
299d2097-dc5b-4b73-95c4-e00f946fff88,1962-12-27,,999-66-6426,S99921154,X11954701X,Mr.,Henrikinpoika,Tukkikoski,,,M,white,nonhispanic,M,Helsinki  Uusimaa  FI,159 Niiniskorpi Katu Apt 76,Lohja,Uusimaa,Lohja,09520,60.300739476727195,24.18008332101107,5875.0,0.0
50caaf99-ea21-481b-8302-7f825544fe57,1945-05-11,,999-47-9807,S99983483,X62610497X,Mrs.,Seija,Kaislaranta,,Haji,M,white,nonhispanic,F,Tuusula  Uusimaa  FI,845 Metsäniemi Katu,Espoo,Uusimaa,Espoo,02230,60.2842581133703,24.764151484504026,8000.0,0.0
