PATIENT,START_YEAR,END_YEAR,PAYER,OWNERSHIP
9b7261da-765e-44c4-b4b4-85a9ecadbaa1,1999,2017,e15e7b92-f376-374f-9285-2f59a38ad823,Guardian
f149f438-177b-42a4-b213-3176a61ac3b6,1981,1999,e15e7b92-f376-374f-9285-2f59a38ad823,Guardian
440be425-5671-448b-b392-4572d8156a53,1987,2005,e15e7b92-f376-374f-9285-2f59a38ad823,Guardian
ac90b17d-6105-42d6-a436-03788a3064b2,1989,2007,e15e7b92-f376-374f-9285-2f59a38ad823,Guardian
fdec1db2-467d-48a6-892e-eade3e1c5659,1970,1988,e15e7b92-f376-374f-9285-2f59a38ad823,Guardian
552f630d-eab7-4d6c-b880-a8dcc173db44,1958,1976,e15e7b92-f376-374f-9285-2f59a38ad823,Guardian
767df570-d31e-4700-8f79-a80820e64333,1962,1980,e15e7b92-f376-374f-9285-2f59a38ad823,Guardian
3c10877a-0077-4c3e-987c-c7b684c42001,1973,1991,e15e7b92-f376-374f-9285-2f59a38ad823,Guardian
e1732519-f48a-4b94-b9ad-e05176f44540,1956,1974,e15e7b92-f376-374f-9285-2f59a38ad823,Guardian
82dab968-e48b-46d5-9116-f903695456ab,1972,1990,e15e7b92-f376-374f-9285-2f59a38ad823,Guardian
6ccdc113-f6ef-44e3-ab35-0a76d23e1eb9,1977,1995,e15e7b92-f376-374f-9285-2f59a38ad823,Guardian
716dbf8f-d42e-4287-bbc3-cb1c03d235bb,1970,1988,e15e7b92-f376-374f-9285-2f59a38ad823,Guardian
c92e26bb-4463-4a3f-81dc-664b4c0d59f4,1941,1959,e15e7b92-f376-374f-9285-2f59a38ad823,Guardian
8e69def9-9c54-4f6e-9abf-c46d6ae155e4,1947,1965,e15e7b92-f376-374f-9285-2f59a38ad823,Guardian
a8a3ca5c-9172-4695-9f31-db6b0ee2402f,1994,2012,e15e7b92-f376-374f-9285-2f59a38ad823,Guardian
36c7c4aa-4612-4388-b69f-ee0e71b3b247,1982,2000,e15e7b92-f376-374f-9285-2f59a38ad823,Guardian
c95f1a2a-e855-4a22-af91-1db5c731b6bb,1963,1981,e15e7b92-f376-374f-9285-2f59a38ad823,Guardian
3bf5d0bb-bf4b-472b-850f-f0c32574c378,1996,2014,e15e7b92-f376-374f-9285-2f59a38ad823,Guardian
6fd0585d-0f24-4d2a-9c45-0c75449597f2,1942,1960,e15e7b92-f376-374f-9285-2f59a38ad823,Guardian
3fddf036-b542-48aa-91a4-b32dc762c750,1969,1987,e15e7b92-f376-374f-9285-2f59a38ad823,Guardian
ad829500-87a1-437c-9400-20c98ea4e733,1965,1983,e15e7b92-f376-374f-9285-2f59a38ad823,Guardian
712438a7-2644-47fa-a154-07c21654b6d3,1967,1985,e15e7b92-f376-374f-9285-2f59a38ad823,Guardian
f86ddfa1-e788-42ed-986f-fba13fe2d681,1985,2003,e15e7b92-f376-374f-9285-2f59a38ad823,Guardian
78c78cb4-321d-4675-94bd-378cc4f23124,1963,1981,e15e7b92-f376-374f-9285-2f59a38ad823,Guardian
78c78cb4-321d-4675-94bd-378cc4f23124,1982,1990,b1c428d6-4f07-31e0-90f0-68ffa6ff8c76,Self
78c78cb4-321d-4675-94bd-378cc4f23124,1991,1991,e15e7b92-f376-374f-9285-2f59a38ad823,
98cb2595-857f-4086-8199-851b1b004fc8,1988,2006,e15e7b92-f376-374f-9285-2f59a38ad823,Guardian
53c3282c-7530-4f49-82ef-7671a94d106d,1988,2006,e15e7b92-f376-374f-9285-2f59a38ad823,Guardian
5b3528fa-fee5-4f65-9c8f-c3569fc66352,1974,1992,e15e7b92-f376-374f-9285-2f59a38ad823,Guardian
d788d508-a9ee-4811-8d55-b8f7d308e1fc,1992,2010,e15e7b92-f376-374f-9285-2f59a38ad823,Guardian
42b64e0d-2e86-4c55-8a7b-9fd7ff9b811b,1993,2011,e15e7b92-f376-374f-9285-2f59a38ad823,Guardian
bd055d8f-cb79-4f69-9395-ba8f492278de,1985,2003,e15e7b92-f376-374f-9285-2f59a38ad823,Guardian
16444fb0-cf46-4085-903e-397925e5a82f,1962,1980,e15e7b92-f376-374f-9285-2f59a38ad823,Guardian
2808f444-d7b9-49ad-a2b3-1e189e643541,1966,1984,e15e7b92-f376-374f-9285-2f59a38ad823,Guardian
cb53bd86-5c0e-4457-a160-2500e4aa21bc,1953,1971,e15e7b92-f376-374f-9285-2f59a38ad823,Guardian
424f1ed6-9f4a-4e52-8d06-4ed3e6d96c92,1987,2005,e15e7b92-f376-374f-9285-2f59a38ad823,Guardian
02a43554-792c-4ef5-b2ab-e050cae6fe48,1982,2000,e15e7b92-f376-374f-9285-2f59a38ad823,Guardian
fafcd2a5-7a27-4b46-a6aa-06fb3b673b07,1998,2016,e15e7b92-f376-374f-9285-2f59a38ad823,Guardian
1fb0eaf0-f2e5-4a84-b6a2-b0c132480852,1937,1955,e15e7b92-f376-374f-9285-2f59a38ad823,Guardian
2540b87d-0766-44cd-88f4-49a330ea8ba3,1945,1963,e15e7b92-f376-374f-9285-2f59a38ad823,Guardian
00427581-28c5-4b10-bee7-349c1c63c2e2,1994,2012,e15e7b92-f376-374f-9285-2f59a38ad823,Guardian
629938f3-7bd1-44d2-a1ee-2a2727afff1a,1945,1963,e15e7b92-f376-374f-9285-2f59a38ad823,Guardian
b236e754-a745-4d62-abe3-7bc525ce6945,1950,1968,e15e7b92-f376-374f-9285-2f59a38ad823,Guardian
300d221d-32a1-4c9d-a96f-0c15b734054b,1980,1998,e15e7b92-f376-374f-9285-2f59a38ad823,Guardian
df165025-f3d0-40e7-a427-f5e861f3ce12,1990,2008,e15e7b92-f376-374f-9285-2f59a38ad823,Guardian
4a1eb9ee-d27a-4365-a454-309d64bcfac4,1953,1971,e15e7b92-f376-374f-9285-2f59a38ad823,Guardian
3afe378a-c2d2-4369-af72-a7d992902e5f,1979,1997,e15e7b92-f376-374f-9285-2f59a38ad823,Guardian
ab4e8207-c779-4a00-81c0-31890d74400f,1973,1991,e15e7b92-f376-374f-9285-2f59a38ad823,Guardian
4b348d26-eb95-4973-8760-a09b1737e0ce,1975,1993,e15e7b92-f376-374f-9285-2f59a38ad823,Guardian
b0aa4095-56a7-4ed4-b141-f38f80cba073,1991,2009,e15e7b92-f376-374f-9285-2f59a38ad823,Guardian
e29b3c5d-daac-4144-986a-339214898dd4,1978,1996,e15e7b92-f376-374f-9285-2f59a38ad823,Guardian
8ad52f21-6a55-4764-869d-96448ee358ce,1946,1964,e15e7b92-f376-374f-9285-2f59a38ad823,Guardian
3ffe4861-1bcc-4e66-9a9e-a39327c864ea,1959,1977,e15e7b92-f376-374f-9285-2f59a38ad823,Guardian
53edbe5f-adec-4ab9-bba8-29b796eeb50e,1970,1988,e15e7b92-f376-374f-9285-2f59a38ad823,Guardian
f82bd24f-6cba-427c-9860-c174e7d6705e,1999,2017,e15e7b92-f376-374f-9285-2f59a38ad823,Guardian
d4aaa936-4b19-4397-b411-1b1aa2af5cf0,1987,2005,e15e7b92-f376-374f-9285-2f59a38ad823,Guardian
5acec969-dfe2-4e4f-8dbe-e7031f07ec4d,1974,1992,e15e7b92-f376-374f-9285-2f59a38ad823,Guardian
dcec2bab-03f6-45da-8577-c6db84f9f5cd,1975,1993,e15e7b92-f376-374f-9285-2f59a38ad823,Guardian
0c2a2315-8187-461f-8edc-9aa6e1a1f10f,2000,2018,e15e7b92-f376-374f-9285-2f59a38ad823,Guardian
7b9134b3-d850-430e-8fac-413dea219a8f,1995,2013,e15e7b92-f376-374f-9285-2f59a38ad823,Guardian
42f2223d-0ff7-42ae-bf5c-a83115ff7ed2,1979,1997,e15e7b92-f376-374f-9285-2f59a38ad823,Guardian
0b35c953-5e65-4e9c-aa48-05d1bfbdc4b9,1957,1975,e15e7b92-f376-374f-9285-2f59a38ad823,Guardian
87ce52c2-6a34-44f3-9b4a-c7288022230f,1982,2000,e15e7b92-f376-374f-9285-2f59a38ad823,Guardian
9c6b33bc-2bf6-4fbb-8204-6fb8f20a0fc4,1960,1978,e15e7b92-f376-374f-9285-2f59a38ad823,Guardian
2c596635-cf80-4cf0-8e69-35f5e31512fa,1992,2010,e15e7b92-f376-374f-9285-2f59a38ad823,Guardian
13afd644-d889-4cf7-92c8-6e7c852e86d2,1984,2002,e15e7b92-f376-374f-9285-2f59a38ad823,Guardian
a99ed505-4c20-4c66-bbe5-c54e8b5bc9b7,1980,1980,b1c428d6-4f07-31e0-90f0-68ffa6ff8c76,
a99ed505-4c20-4c66-bbe5-c54e8b5bc9b7,1981,1984,e15e7b92-f376-374f-9285-2f59a38ad823,
a99ed505-4c20-4c66-bbe5-c54e8b5bc9b7,1985,1994,b1c428d6-4f07-31e0-90f0-68ffa6ff8c76,Guardian
a99ed505-4c20-4c66-bbe5-c54e8b5bc9b7,1995,1996,e15e7b92-f376-374f-9285-2f59a38ad823,
f045567f-9c70-4051-893b-06a1dce23394,1953,1971,e15e7b92-f376-374f-9285-2f59a38ad823,Guardian
50f4ccfd-c5a9-4ad9-a1e2-2e1f914781a9,1963,1981,e15e7b92-f376-374f-9285-2f59a38ad823,Guardian
afc181d3-ede9-4dfb-b496-7bba8e6bc534,1949,1967,e15e7b92-f376-374f-9285-2f59a38ad823,Guardian
eab00428-15ca-4678-adc8-0929b6f1af29,1981,1999,e15e7b92-f376-374f-9285-2f59a38ad823,Guardian
1abf6376-c6d9-4f83-ad20-7655114a6472,1957,1975,e15e7b92-f376-374f-9285-2f59a38ad823,Guardian
29fba8a1-26f4-4310-9617-378c48f22db3,1953,1971,e15e7b92-f376-374f-9285-2f59a38ad823,Guardian
7c0ab978-8a82-4048-877f-4251f2640644,1916,1934,e15e7b92-f376-374f-9285-2f59a38ad823,Guardian
7c0ab978-8a82-4048-877f-4251f2640644,1935,2000,e15e7b92-f376-374f-9285-2f59a38ad823,Self
4d780902-ae05-444b-95d3-8b011d462206,1980,1980,b1c428d6-4f07-31e0-90f0-68ffa6ff8c76,
4d780902-ae05-444b-95d3-8b011d462206,1981,1984,e15e7b92-f376-374f-9285-2f59a38ad823,
4d780902-ae05-444b-95d3-8b011d462206,1985,1994,b1c428d6-4f07-31e0-90f0-68ffa6ff8c76,Guardian
4d780902-ae05-444b-95d3-8b011d462206,1995,2001,e15e7b92-f376-374f-9285-2f59a38ad823,
4d780902-ae05-444b-95d3-8b011d462206,2002,2002,b1c428d6-4f07-31e0-90f0-68ffa6ff8c76,Self
4d780902-ae05-444b-95d3-8b011d462206,2003,2003,e15e7b92-f376-374f-9285-2f59a38ad823,
4d780902-ae05-444b-95d3-8b011d462206,2004,2004,b1c428d6-4f07-31e0-90f0-68ffa6ff8c76,Self
4d780902-ae05-444b-95d3-8b011d462206,2005,2006,e15e7b92-f376-374f-9285-2f59a38ad823,
4d780902-ae05-444b-95d3-8b011d462206,2007,2007,b1c428d6-4f07-31e0-90f0-68ffa6ff8c76,Self
4d780902-ae05-444b-95d3-8b011d462206,2008,2010,e15e7b92-f376-374f-9285-2f59a38ad823,
4d780902-ae05-444b-95d3-8b011d462206,2011,2011,b1c428d6-4f07-31e0-90f0-68ffa6ff8c76,Self
4d780902-ae05-444b-95d3-8b011d462206,2012,2013,e15e7b92-f376-374f-9285-2f59a38ad823,
4d780902-ae05-444b-95d3-8b011d462206,2014,2014,b1c428d6-4f07-31e0-90f0-68ffa6ff8c76,Self
4d780902-ae05-444b-95d3-8b011d462206,2015,2016,e15e7b92-f376-374f-9285-2f59a38ad823,
4d780902-ae05-444b-95d3-8b011d462206,2017,2018,b1c428d6-4f07-31e0-90f0-68ffa6ff8c76,Self
f6e99b01-08ad-45b3-b478-0dbb6016b0a1,1968,1986,e15e7b92-f376-374f-9285-2f59a38ad823,Guardian
3138ce48-2dfb-40ae-b36c-ca4996e25d8b,1952,1970,e15e7b92-f376-374f-9285-2f59a38ad823,Guardian
71c68c69-7015-4ce6-81dc-c91b4ca38e87,1992,2010,e15e7b92-f376-374f-9285-2f59a38ad823,Guardian
7d699b66-3188-4384-adf7-a6e2967d53d9,1982,1982,b1c428d6-4f07-31e0-90f0-68ffa6ff8c76,
7d699b66-3188-4384-adf7-a6e2967d53d9,1983,1983,e15e7b92-f376-374f-9285-2f59a38ad823,
7d699b66-3188-4384-adf7-a6e2967d53d9,1984,1996,b1c428d6-4f07-31e0-90f0-68ffa6ff8c76,Guardian
7d699b66-3188-4384-adf7-a6e2967d53d9,1997,2005,e15e7b92-f376-374f-9285-2f59a38ad823,
7d699b66-3188-4384-adf7-a6e2967d53d9,2006,2006,b1c428d6-4f07-31e0-90f0-68ffa6ff8c76,Self
7d699b66-3188-4384-adf7-a6e2967d53d9,2007,2008,e15e7b92-f376-374f-9285-2f59a38ad823,
7d699b66-3188-4384-adf7-a6e2967d53d9,2009,2009,b1c428d6-4f07-31e0-90f0-68ffa6ff8c76,Self
7d699b66-3188-4384-adf7-a6e2967d53d9,2010,2011,e15e7b92-f376-374f-9285-2f59a38ad823,
afca22f4-a213-4d0c-87a1-4d65bae640aa,1984,2002,e15e7b92-f376-374f-9285-2f59a38ad823,Guardian
d2d4f381-7e6d-4965-a685-240ca686a624,1970,1988,e15e7b92-f376-374f-9285-2f59a38ad823,Guardian
409902a7-1a61-46b1-9df9-4e96cf264bf3,1989,2007,e15e7b92-f376-374f-9285-2f59a38ad823,Guardian
4be32086-43f0-4c14-b2b1-0c1e40405d3a,1995,2013,e15e7b92-f376-374f-9285-2f59a38ad823,Guardian
43b05362-7900-4197-b632-1e41aaab5156,1984,2002,e15e7b92-f376-374f-9285-2f59a38ad823,Guardian
d0359d33-1996-435e-9225-a688fdfe6f6f,1977,1995,e15e7b92-f376-374f-9285-2f59a38ad823,Guardian
49e5f6db-d14e-4d37-8172-be49a327eb54,1916,1934,e15e7b92-f376-374f-9285-2f59a38ad823,Guardian
d2c91ef3-ce54-42f7-b4ba-42a92aed5c96,1959,1977,e15e7b92-f376-374f-9285-2f59a38ad823,Guardian
e3889144-26de-493d-9168-0024e2a323fe,1957,1975,e15e7b92-f376-374f-9285-2f59a38ad823,Guardian
299d2097-dc5b-4b73-95c4-e00f946fff88,1962,1980,e15e7b92-f376-374f-9285-2f59a38ad823,Guardian
50caaf99-ea21-481b-8302-7f825544fe57,1945,1963,e15e7b92-f376-374f-9285-2f59a38ad823,Guardian
