DATE,PATIENT,ENCOUNTER,CODE,DESCRIPTION,BASE_COST,REASONCODE,REASONDESCRIPTION
2010-07-20,552f630d-eab7-4d6c-b880-a8dcc173db44,15efd2d7-5bb4-433d-bee6-4d1afd8ffa8b,180325003,Electrical cardioversion,26195.76,49436004,Atrial Fibrillation
2011-07-26,552f630d-eab7-4d6c-b880-a8dcc173db44,db32f7c4-4187-45ed-9a59-f649ed8b29e2,180325003,Electrical cardioversion,29960.78,49436004,Atrial Fibrillation
2012-07-31,552f630d-eab7-4d6c-b880-a8dcc173db44,498e7eb4-e213-4e98-9b01-f095c77d2886,180325003,Electrical cardioversion,27210.53,49436004,Atrial Fibrillation
2013-08-06,552f630d-eab7-4d6c-b880-a8dcc173db44,0d49595e-638f-41d9-aa85-2b6adabc3a16,18286008,Catheter ablation of tissue of heart,17276.88,49436004,Atrial Fibrillation
2014-08-12,552f630d-eab7-4d6c-b880-a8dcc173db44,26275ded-a543-43d0-942a-2357d7ceb5b9,180325003,Electrical cardioversion,25208.01,49436004,Atrial Fibrillation
2015-08-18,552f630d-eab7-4d6c-b880-a8dcc173db44,82f0c9b4-0f39-482e-960d-9d7541eb6a03,180325003,Electrical cardioversion,22393.03,49436004,Atrial Fibrillation
2016-08-23,552f630d-eab7-4d6c-b880-a8dcc173db44,6e9ac173-854f-4f2f-86a9-c3fb54026680,180325003,Electrical cardioversion,29694.59,49436004,Atrial Fibrillation
2017-08-29,552f630d-eab7-4d6c-b880-a8dcc173db44,ea16f1fa-6502-424d-9e52-01fc2e6ea107,180325003,Electrical cardioversion,28786.25,49436004,Atrial Fibrillation
2018-09-04,552f630d-eab7-4d6c-b880-a8dcc173db44,21abcd30-00fd-4e75-b6ac-0d408689ea1b,180325003,Electrical cardioversion,40351.09,49436004,Atrial Fibrillation
2019-09-10,552f630d-eab7-4d6c-b880-a8dcc173db44,2ae55636-cce5-46cc-be30-c3c549cbf4cd,180325003,Electrical cardioversion,31868.89,49436004,Atrial Fibrillation
2018-04-17,e62efad3-70b6-4a0d-a48c-dcaa86679a0f,35e8de72-a021-4629-93ac-7c441bdea2ec,65546002,Extraction of wisdom tooth,20247.37,,
2019-11-28,e62efad3-70b6-4a0d-a48c-dcaa86679a0f,c15b20d1-a8c8-4231-aacb-49cc6789b018,65546002,Extraction of wisdom tooth,18583.66,,
2020-01-04,e62efad3-70b6-4a0d-a48c-dcaa86679a0f,accf3d0f-87e9-4371-a8a4-4f64539fda89,65546002,Extraction of wisdom tooth,20897.32,,
2010-11-01,c92e26bb-4463-4a3f-81dc-664b4c0d59f4,341f9075-999d-4710-81cb-1fffdfacba63,180325003,Electrical cardioversion,45376.94,49436004,Atrial Fibrillation
2011-11-07,c92e26bb-4463-4a3f-81dc-664b4c0d59f4,9c119496-5da7-4a81-8b71-313e42dfd015,180325003,Electrical cardioversion,45939.74,49436004,Atrial Fibrillation
2012-11-12,c92e26bb-4463-4a3f-81dc-664b4c0d59f4,6e773858-061b-4236-90eb-d9b12961e4c2,18286008,Catheter ablation of tissue of heart,5364.11,49436004,Atrial Fibrillation
2013-11-18,c92e26bb-4463-4a3f-81dc-664b4c0d59f4,e6f5c17b-4fa5-4c30-8670-a5a99dcb4fdb,180325003,Electrical cardioversion,34639.19,49436004,Atrial Fibrillation
2014-11-24,c92e26bb-4463-4a3f-81dc-664b4c0d59f4,7f6eed32-4ab1-4685-a5a3-0033429231a8,180325003,Electrical cardioversion,26032.94,49436004,Atrial Fibrillation
2015-11-30,c92e26bb-4463-4a3f-81dc-664b4c0d59f4,e3c01321-ea58-419a-b422-ad2b46088dd8,180325003,Electrical cardioversion,30728.96,49436004,Atrial Fibrillation
2016-12-05,c92e26bb-4463-4a3f-81dc-664b4c0d59f4,544f114c-c2fd-46be-8336-5a6345f34a89,180325003,Electrical cardioversion,13318.58,49436004,Atrial Fibrillation
2017-12-11,c92e26bb-4463-4a3f-81dc-664b4c0d59f4,54c608ea-da5c-4fab-b3e1-21693f184d10,18286008,Catheter ablation of tissue of heart,9448.99,49436004,Atrial Fibrillation
2018-12-17,c92e26bb-4463-4a3f-81dc-664b4c0d59f4,9afc0e80-8f6c-4a83-90b2-0d7687849bae,180325003,Electrical cardioversion,25440.25,49436004,Atrial Fibrillation
2019-12-23,c92e26bb-4463-4a3f-81dc-664b4c0d59f4,2f48b7de-aab6-44c4-9566-10fd5e636b00,18286008,Catheter ablation of tissue of heart,10455.27,49436004,Atrial Fibrillation
1995-10-06,4b348d26-eb95-4973-8760-a09b1737e0ce,fb229a06-bd73-47d1-b925-77da2f22588a,65546002,Extraction of wisdom tooth,12041.82,,
1996-09-03,4b348d26-eb95-4973-8760-a09b1737e0ce,1264303b-d90b-49a0-9cfe-9ae2f7a4966a,65546002,Extraction of wisdom tooth,22723.54,,
1997-03-12,4b348d26-eb95-4973-8760-a09b1737e0ce,cb542d39-e5c4-4f88-ba37-9554f0e7b465,65546002,Extraction of wisdom tooth,10593.02,,
1997-12-26,4b348d26-eb95-4973-8760-a09b1737e0ce,2e865cab-11c8-4b48-acfe-4e2dfabaac0c,65546002,Extraction of wisdom tooth,13720.07,,
1998-05-14,4b348d26-eb95-4973-8760-a09b1737e0ce,2d5fe360-7e53-44d6-8ee0-06f61017c8a1,65546002,Extraction of wisdom tooth,10218.38,,
1998-11-13,4b348d26-eb95-4973-8760-a09b1737e0ce,dbcee6bf-3e0e-44cb-8dec-055b93376dd8,65546002,Extraction of wisdom tooth,8403.45,,
1999-06-21,4b348d26-eb95-4973-8760-a09b1737e0ce,dfffe38b-22f6-40a8-988a-46e56ddb6f7b,65546002,Extraction of wisdom tooth,20461.85,,
2000-01-30,4b348d26-eb95-4973-8760-a09b1737e0ce,34222f23-67d9-4f92-a90f-2648962d5218,65546002,Extraction of wisdom tooth,11207.61,,
2000-10-16,4b348d26-eb95-4973-8760-a09b1737e0ce,4b73cb4c-96e1-4eda-940c-dfb2f486cf79,65546002,Extraction of wisdom tooth,18201.61,,
2000-12-22,4b348d26-eb95-4973-8760-a09b1737e0ce,d6809d14-f7bf-4308-84ce-c0d2e6056141,65546002,Extraction of wisdom tooth,13880.98,,
2001-06-04,4b348d26-eb95-4973-8760-a09b1737e0ce,03a73404-cfcd-4933-8b41-2caef584e2d3,65546002,Extraction of wisdom tooth,16725.71,,
2015-06-25,f82bd24f-6cba-427c-9860-c174e7d6705e,68cf327a-67df-4e69-8ba0-4a64e4de32c8,65546002,Extraction of wisdom tooth,9680.41,,
2015-10-14,f82bd24f-6cba-427c-9860-c174e7d6705e,f91f367f-a6b7-4d6f-a59f-818a0fef45b6,65546002,Extraction of wisdom tooth,8703.73,,
2017-05-19,f82bd24f-6cba-427c-9860-c174e7d6705e,15564c2b-13bc-46a0-9dcf-52cbe2ad5c53,65546002,Extraction of wisdom tooth,19624.25,,
2014-10-20,0c2a2315-8187-461f-8edc-9aa6e1a1f10f,a9c04b2a-818e-4c6f-b902-a681b6b1ea03,65546002,Extraction of wisdom tooth,12744.13,,
2012-01-15,0b35c953-5e65-4e9c-aa48-05d1bfbdc4b9,3e77d2e1-5f53-408c-b425-54d43839d5c1,40701008,Echocardiography (procedure),1214.44,22298006,Myocardial Infarction
2012-01-15,0b35c953-5e65-4e9c-aa48-05d1bfbdc4b9,3e77d2e1-5f53-408c-b425-54d43839d5c1,415070008,Percutaneous coronary intervention,26550.60,22298006,Myocardial Infarction
2012-01-15,0b35c953-5e65-4e9c-aa48-05d1bfbdc4b9,3e77d2e1-5f53-408c-b425-54d43839d5c1,232717009,Coronary artery bypass grafting,67959.52,22298006,Myocardial Infarction
2010-04-16,13afd644-d889-4cf7-92c8-6e7c852e86d2,f6ab8891-6e3f-4eaf-87cd-a7faaaf84ae5,65546002,Extraction of wisdom tooth,14896.02,,
2010-06-06,13afd644-d889-4cf7-92c8-6e7c852e86d2,b482d01d-5f02-4314-a88c-189a66cb3c37,65546002,Extraction of wisdom tooth,8197.66,,
2010-10-23,13afd644-d889-4cf7-92c8-6e7c852e86d2,19137b68-bfcd-4cfe-a961-e1c9c2f4d217,65546002,Extraction of wisdom tooth,11316.73,,
2011-03-11,13afd644-d889-4cf7-92c8-6e7c852e86d2,ffd30faf-6a6d-4adb-b143-f1b2461d28fe,65546002,Extraction of wisdom tooth,8875.35,,
2011-05-17,13afd644-d889-4cf7-92c8-6e7c852e86d2,ede91cdf-f357-44ed-822a-c02f26495b70,65546002,Extraction of wisdom tooth,17788.59,,
2011-08-13,13afd644-d889-4cf7-92c8-6e7c852e86d2,67fc853b-deef-4fa9-b520-03ed5dbcd915,65546002,Extraction of wisdom tooth,12825.23,,
2011-11-25,13afd644-d889-4cf7-92c8-6e7c852e86d2,d052ab66-6513-4c0c-8451-7f7491ea6117,65546002,Extraction of wisdom tooth,9959.84,,
2012-04-05,13afd644-d889-4cf7-92c8-6e7c852e86d2,3ae65c22-52c6-4e37-9311-e2d8896ad538,65546002,Extraction of wisdom tooth,13573.88,,
2012-05-31,13afd644-d889-4cf7-92c8-6e7c852e86d2,d3bf2857-e4bb-472c-84c7-4dac8c01e109,65546002,Extraction of wisdom tooth,8958.94,,
2012-07-14,13afd644-d889-4cf7-92c8-6e7c852e86d2,1f377d6a-e129-4528-b4bf-626c18c36fa2,65546002,Extraction of wisdom tooth,18342.15,,
2012-11-07,13afd644-d889-4cf7-92c8-6e7c852e86d2,3db0844b-02df-47e9-a716-17a650689ab7,65546002,Extraction of wisdom tooth,9132.66,,
2013-03-10,13afd644-d889-4cf7-92c8-6e7c852e86d2,e585d14a-5340-47ec-9a8a-9a8ce47a1618,65546002,Extraction of wisdom tooth,16061.63,,
2013-11-16,13afd644-d889-4cf7-92c8-6e7c852e86d2,9e90d937-966f-409e-ae31-8040bc3818cb,65546002,Extraction of wisdom tooth,13992.00,,
2014-02-19,13afd644-d889-4cf7-92c8-6e7c852e86d2,1c9186f3-b544-49cd-bf8c-dd744c80f66f,65546002,Extraction of wisdom tooth,16649.81,,
2014-12-22,13afd644-d889-4cf7-92c8-6e7c852e86d2,29a62940-9458-4f5b-96f3-16246f916a95,65546002,Extraction of wisdom tooth,13371.83,,
1995-02-13,a99ed505-4c20-4c66-bbe5-c54e8b5bc9b7,2b65905e-c360-43f1-8db0-6fa60fa147ba,65546002,Extraction of wisdom tooth,17628.33,,
2011-07-02,1abf6376-c6d9-4f83-ad20-7655114a6472,42fb97af-8d3c-4d1b-a75a-36223d5ef40b,65546002,Extraction of wisdom tooth,11271.99,,
2011-12-11,1abf6376-c6d9-4f83-ad20-7655114a6472,56f8133d-ced1-461e-ad40-c42d213e4320,65546002,Extraction of wisdom tooth,14002.82,,
2012-08-27,1abf6376-c6d9-4f83-ad20-7655114a6472,620f9489-c28e-4647-96b5-b5d435c7b8ab,65546002,Extraction of wisdom tooth,20384.44,,
2013-03-24,1abf6376-c6d9-4f83-ad20-7655114a6472,a86895fd-75dd-440c-acf5-ee70716e3e8c,65546002,Extraction of wisdom tooth,11290.12,,
2014-02-25,1abf6376-c6d9-4f83-ad20-7655114a6472,279e01cd-0b29-476e-a5b1-3d07466c8524,65546002,Extraction of wisdom tooth,11708.12,,
2014-05-03,1abf6376-c6d9-4f83-ad20-7655114a6472,5e64b87f-7a70-4547-82b2-9e19904b74df,65546002,Extraction of wisdom tooth,11044.82,,
2000-09-03,7c0ab978-8a82-4048-877f-4251f2640644,4b28d9c7-bd71-4ae3-88ca-a457e3bafe58,40701008,Echocardiography (procedure),958.46,22298006,Myocardial Infarction
2000-09-03,7c0ab978-8a82-4048-877f-4251f2640644,4b28d9c7-bd71-4ae3-88ca-a457e3bafe58,415070008,Percutaneous coronary intervention,20111.96,22298006,Myocardial Infarction
2000-09-03,7c0ab978-8a82-4048-877f-4251f2640644,4b28d9c7-bd71-4ae3-88ca-a457e3bafe58,232717009,Coronary artery bypass grafting,81150.83,22298006,Myocardial Infarction
2010-12-26,49e5f6db-d14e-4d37-8172-be49a327eb54,ae4def0c-d680-463b-be0e-b72bc25c20e4,180325003,Electrical cardioversion,42384.98,49436004,Atrial Fibrillation
2012-01-01,49e5f6db-d14e-4d37-8172-be49a327eb54,6ce92daa-3926-46f0-a668-bee62e34cf83,180325003,Electrical cardioversion,41519.80,49436004,Atrial Fibrillation
2013-01-06,49e5f6db-d14e-4d37-8172-be49a327eb54,4a86b554-eab0-47d9-88b8-2f26c09e5a6b,18286008,Catheter ablation of tissue of heart,9675.06,49436004,Atrial Fibrillation
2014-01-12,49e5f6db-d14e-4d37-8172-be49a327eb54,1b95dcda-98c2-4a20-a5b6-fd545c279324,180325003,Electrical cardioversion,22856.03,49436004,Atrial Fibrillation
2015-01-18,49e5f6db-d14e-4d37-8172-be49a327eb54,82df2312-c042-4ed7-a7c4-bc76ccf6e9d6,180325003,Electrical cardioversion,36945.66,49436004,Atrial Fibrillation
2016-01-24,49e5f6db-d14e-4d37-8172-be49a327eb54,321c7165-2cc8-4f3f-b1bb-5a140a8348d2,180325003,Electrical cardioversion,30102.06,49436004,Atrial Fibrillation
2017-01-29,49e5f6db-d14e-4d37-8172-be49a327eb54,3b89d9d6-e8f0-471f-bb85-4382d6be5d71,18286008,Catheter ablation of tissue of heart,12665.05,49436004,Atrial Fibrillation
2018-02-04,49e5f6db-d14e-4d37-8172-be49a327eb54,64f3c00e-335e-40eb-af77-39005f147da7,180325003,Electrical cardioversion,34563.28,49436004,Atrial Fibrillation
2019-02-10,49e5f6db-d14e-4d37-8172-be49a327eb54,8623ded0-e2f1-4962-b27f-0f21f0f5bc10,180325003,Electrical cardioversion,29465.73,49436004,Atrial Fibrillation
2020-02-16,49e5f6db-d14e-4d37-8172-be49a327eb54,f5795846-192d-4138-bcb0-2a5c4f2b87a9,180325003,Electrical cardioversion,34676.95,49436004,Atrial Fibrillation
