Id,ORGANIZATION,NAME,GENDER,SPECIALITY,ADDRESS,CITY,STATE,ZIP,LAT,LON,UTILIZATION
57074b01-2c16-3bff-bb8c-497bd97f6896,6e3a689b-5f4c-3946-be10-180a8ba7c680,Maijukka Andersson,F,GENERAL PRACTICE,Nordenskiöldinkatu 20,Helsinki,18,00250,60.19244,24.92811,248
3d618b75-c36f-3f3a-901e-d5d0d5e5f175,319baef9-e8e6-3320-9e0b-7991d9c167b8,Eeri Koski-Vähälä,F,GENERAL PRACTICE,Haartmaninkatu 4,Helsinki,18,00290,60.189159,24.909081,5
598fe634-d4f5-3d8a-a4ff-fcd7ab06d5d0,47bfa17b-b0b3-3a9e-bdb9-f31c6dca9f4d,Samuel Lumberg,M,GENERAL PRACTICE,Lääkärinkatu 8,Helsinki,18,00250,60.47152,22.69371,38
91f5422f-0740-3347-b750-29606f2c8296,ce60fa30-aa6f-3d23-ae34-fc3e93dae148,Reko Mikkola,M,GENERAL PRACTICE,Talvelantie 6,Helsinki,18,00700,60.47152,22.69371,125
1a2a22d4-4d13-320d-9ce3-8bd4e0749c02,11276b62-3547-3e42-b7b7-e079a2152633,Niko-Kristian Kirstinä,M,GENERAL PRACTICE,Haartmaninkatu 4,Helsinki,18,00290,60.47152,22.69371,34
f6d22511-e407-3779-9586-9e5b18f19738,d8f91bff-b1eb-3e4d-8936-10924c36977a,Jemi Lankila,M,GENERAL PRACTICE,Meilahdentie 2,Helsinki,18,00250,60.19263,24.89436,207
85fc71a4-e8b4-3220-a878-73c5e0b87db1,410e8cf7-76a3-307f-b421-5fa7760177f1,Mikaël Voionmaa,M,GENERAL PRACTICE,Kasarmikatu 11-13,Helsinki,18,00130,60.16102,24.94834,12
f707b8d4-ee6d-3011-9372-ceefcf476614,39010280-b8e5-3b1a-b835-bafbeea21968,Arpo Krankka,M,GENERAL PRACTICE,Turuntie 150,Espoo,18,02740,60.22589,24.77581,82
982c126f-5ad5-3a8e-a8ce-6089e2e855ba,7b74aa83-5335-38dd-a213-d6df36c7f627,Angus Ratilainen,M,GENERAL PRACTICE,Karvasmäentie 6,Espoo,18,02740,60.22011,24.6848,113
b4b25675-f3f6-3ed6-a0b4-64c758069087,af916982-f5f8-341b-b159-69e72695294c,Abdihakim Varamäki,M,GENERAL PRACTICE,Sairaalakatu 1,Vantaa,18,01400,60.3299,25.0608,218
02600a47-2e19-3124-90c5-6a3bbdf84a03,294d60d6-0e2b-396b-a8bf-77998642f6b7,Iouri Jussila,M,GENERAL PRACTICE,Ohkolantie 10,Kellokoski,18,04500,60.53054,25.10548,227
3beeac01-d456-32cd-b4f0-e386ca0798aa,8af774ed-7635-320a-ad8c-a63aa309a858,Ulla-Kristiina Modig,F,GENERAL PRACTICE,Sairaalatie 8,Lohja,18,08200,60.2247,24.01885,130
e4e0401f-d693-311f-974c-a80d8d26bf1f,d8b3cbb1-88db-3fc1-bb2b-6a9c0037e6e5,Otieno Sorjanen,M,GENERAL PRACTICE,Sairaalantie 1,Porvoo,18,06200,60.37911,25.69576,120
ac170410-defa-315f-b060-82650b5fda53,738aef7e-a279-3f65-9dba-fead16b27400,Maijukka Andersson,F,GENERAL PRACTICE,Turuntie 150,Espoo,18,02740,60.22589,24.77581,1158
d0417bc8-2762-38fa-9cbf-6ae93ab31ed6,9a3e6919-4ed0-32fe-a1e2-7184b06c415f,Anna-Katarina Olkinuora,F,GENERAL PRACTICE,Karvasmäentie 6,Espoo,18,02740,60.22011,24.6848,415
b2962e98-93be-33f1-ac2d-681b012e782a,a70486b2-c33a-37b3-a4cf-b3dc06cb9d84,Mirika Raivonen,F,GENERAL PRACTICE,Sairaalakatu 1,Vantaa,18,01400,60.3299,25.0608,1449
dab907b1-4562-39fb-81bd-d87e16d703ce,bf25636d-50a4-3cf2-b937-0e59fd37503f,Eeri Koski-Vähälä,F,GENERAL PRACTICE,Sairaalankatu 1,Hyvinkää,18,05830,60.612,24.82486,130
4616c9d5-2b6a-321a-8328-a1c2d1d84280,4eddd774-a01b-3a0b-b4c6-736a5581aba4,Philipp Magi,M,GENERAL PRACTICE,Ohkolantie 10,Kellokoski,18,04500,60.53054,25.10548,174
b57b5c01-b7a0-376c-a4be-09034024dd1d,942171f0-df04-34cc-9c85-1a11b2f08717,Samuel Lumberg,M,GENERAL PRACTICE,Sairaalatie 8,Lohja,18,08200,60.2247,24.01885,442
0644d246-0b5c-3bfc-aba7-00e5f5fe8579,216a84b2-6287-356d-9bcf-655abf00debb,Niko-Kristian Kirstinä,M,GENERAL PRACTICE,Sairaalantie 1,Porvoo,18,06200,60.37911,25.69576,238
62ec2df8-fbec-3bfb-bede-1b5a0e7c6ad6,319baef9-e8e6-3320-9e0b-7991d9c167b8,Maijukka Andersson,F,GENERAL PRACTICE,Haartmaninkatu 4,Helsinki,18,00290,60.189159,24.909081,23
08aad2f2-7302-3c1b-96cf-fe42203b67f4,39010280-b8e5-3b1a-b835-bafbeea21968,Mirika Raivonen,F,GENERAL PRACTICE,Turuntie 150,Espoo,18,02740,60.22589,24.77581,9
dce57189-af8f-369d-a465-d36875e04a8b,af916982-f5f8-341b-b159-69e72695294c,Philipp Magi,M,GENERAL PRACTICE,Sairaalakatu 1,Vantaa,18,01400,60.3299,25.0608,2
70980e81-93a9-346e-b39a-bc947a64d593,294d60d6-0e2b-396b-a8bf-77998642f6b7,Reko Mikkola,M,GENERAL PRACTICE,Ohkolantie 10,Kellokoski,18,04500,60.53054,25.10548,6
f483b222-4ee6-3011-a279-2ed216187dc5,8af774ed-7635-320a-ad8c-a63aa309a858,Niko-Kristian Kirstinä,M,GENERAL PRACTICE,Sairaalatie 8,Lohja,18,08200,60.2247,24.01885,7
