START,STOP,PATIENT,ENCOUNTER,CODE,DESCRIPTION
1995-12-18,,8d9d47cd-3033-41b8-96e1-ac4b9e0c251d,d9c0a4f8-0584-4308-adb0-bdbb125c0da9,410429000,Cardiac Arrest
1995-12-18,,8d9d47cd-3033-41b8-96e1-ac4b9e0c251d,d9c0a4f8-0584-4308-adb0-bdbb125c0da9,429007001,History of cardiac arrest (situation)
1967-01-04,,ea883ebd-8a50-41ee-9775-83e029d6156c,e2e62706-8275-48a8-96c0-0ed3cd00e734,410429000,Cardiac Arrest
1967-01-04,,ea883ebd-8a50-41ee-9775-83e029d6156c,e2e62706-8275-48a8-96c0-0ed3cd00e734,429007001,History of cardiac arrest (situation)
2010-09-17,,984d420a-a4d8-40db-a517-0d8cb1c5e1b0,07eec376-e38b-4a7f-a230-a8654607cf62,49436004,Atrial Fibrillation
2012-09-28,,984d420a-a4d8-40db-a517-0d8cb1c5e1b0,fafce2d0-f817-48f7-bd83-12eb232954b3,230690007,Stroke
2008-07-27,,15f6dc7e-a77a-4c97-8267-e3256db8993c,3248915f-aaa1-4b41-9b06-96547876b561,53741008,Coronary Heart Disease
2011-05-22,,15f6dc7e-a77a-4c97-8267-e3256db8993c,60346f8a-9b2a-40c3-8aeb-9885adbf3dc8,230690007,Stroke
2016-07-26,,ac25c396-f0c1-4244-803f-12aed1097413,bdf0b1d1-a395-4f22-b7da-519019045376,230690007,Stroke
2017-06-07,,ef8509ac-0be8-42a5-9ca2-513c1e923b87,96dc606b-4d6b-4bd7-b31d-716ae2536a1b,230690007,Stroke
2018-04-26,,3f033346-cd68-40d8-88b4-e9e038676b04,0a45e3f1-7a75-4c7d-95ac-58884e03e8b4,49436004,Atrial Fibrillation
2019-03-12,,72e876fb-4152-442e-aee3-addd076d7f77,a33c54f3-0435-4e22-a389-b650ef54d477,230690007,Stroke
2008-05-20,,94837116-d082-4183-a2d1-b15f803dbeb2,a6f0c92e-3515-42fd-8f56-02b523ed60a7,410429000,Cardiac Arrest
2008-05-20,,94837116-d082-4183-a2d1-b15f803dbeb2,a6f0c92e-3515-42fd-8f56-02b523ed60a7,429007001,History of cardiac arrest (situation)
2001-11-19,,5d2ee412-6030-4162-a55d-a697029eff6e,18dd7fa7-fbb5-4542-960b-f15d4a406c75,53741008,Coronary Heart Disease
2012-01-24,,85fa5652-de51-42f2-84fb-167c7f77d835,3414490d-3243-4dd2-b187-b05d361f9bdc,53741008,Coronary Heart Disease
