START,STOP,PATIENT,PAYER,ENCOUNTER,CODE,DESCRIPTION,BASE_COST,PAYER_COVERAGE,DISPENSES,TOTALCOST,REASONCODE,REASONDESCRIPTION
2010-09-17,,984d420a-a4d8-40db-a517-0d8cb1c5e1b0,b1c428d6-4f07-31e0-90f0-68ffa6ff8c76,07eec376-e38b-4a7f-a230-a8654607cf62,855332,Warfarin Sodium 5 MG Oral Tablet,36.68,0.00,115,4218.20,,
2010-09-17,,984d420a-a4d8-40db-a517-0d8cb1c5e1b0,b1c428d6-4f07-31e0-90f0-68ffa6ff8c76,07eec376-e38b-4a7f-a230-a8654607cf62,897718,Verapamil Hydrochloride 40 MG,109.11,0.00,115,12547.65,,
2010-09-17,,984d420a-a4d8-40db-a517-0d8cb1c5e1b0,b1c428d6-4f07-31e0-90f0-68ffa6ff8c76,07eec376-e38b-4a7f-a230-a8654607cf62,197604,Digoxin 0.125 MG Oral Tablet,31.53,0.00,115,3625.95,,
2012-09-28,2012-09-28,984d420a-a4d8-40db-a517-0d8cb1c5e1b0,b1c428d6-4f07-31e0-90f0-68ffa6ff8c76,fafce2d0-f817-48f7-bd83-12eb232954b3,309362,Clopidogrel 75 MG Oral Tablet,41.88,0.00,1,41.88,,
2012-09-28,2012-09-28,984d420a-a4d8-40db-a517-0d8cb1c5e1b0,b1c428d6-4f07-31e0-90f0-68ffa6ff8c76,fafce2d0-f817-48f7-bd83-12eb232954b3,1804799,Alteplase 100 MG Injection,6291.85,0.00,1,6291.85,,
2008-07-27,2011-05-22,15f6dc7e-a77a-4c97-8267-e3256db8993c,b1c428d6-4f07-31e0-90f0-68ffa6ff8c76,3248915f-aaa1-4b41-9b06-96547876b561,309362,Clopidogrel 75 MG Oral Tablet,71.16,0.00,34,2419.44,,
2008-07-27,,15f6dc7e-a77a-4c97-8267-e3256db8993c,b1c428d6-4f07-31e0-90f0-68ffa6ff8c76,3248915f-aaa1-4b41-9b06-96547876b561,312961,Simvastatin 20 MG Oral Tablet,31.90,0.00,141,4497.90,,
2008-07-27,,15f6dc7e-a77a-4c97-8267-e3256db8993c,b1c428d6-4f07-31e0-90f0-68ffa6ff8c76,3248915f-aaa1-4b41-9b06-96547876b561,197361,Amlodipine 5 MG Oral Tablet,15.17,0.00,141,2138.97,,
2008-07-27,,15f6dc7e-a77a-4c97-8267-e3256db8993c,b1c428d6-4f07-31e0-90f0-68ffa6ff8c76,3248915f-aaa1-4b41-9b06-96547876b561,705129,Nitroglycerin 0.4 MG/ACTUAT Mucosal Spray,117.49,0.00,141,16566.09,,
2011-05-22,2011-05-22,15f6dc7e-a77a-4c97-8267-e3256db8993c,b1c428d6-4f07-31e0-90f0-68ffa6ff8c76,60346f8a-9b2a-40c3-8aeb-9885adbf3dc8,1804799,Alteplase 100 MG Injection,6630.86,0.00,1,6630.86,,
2011-08-14,,15f6dc7e-a77a-4c97-8267-e3256db8993c,b1c428d6-4f07-31e0-90f0-68ffa6ff8c76,875b48bf-9ea5-43d0-b18f-a5de20179f23,309362,Clopidogrel 75 MG Oral Tablet,118.65,0.00,104,12339.60,,
2016-07-26,2016-07-26,ac25c396-f0c1-4244-803f-12aed1097413,b1c428d6-4f07-31e0-90f0-68ffa6ff8c76,bdf0b1d1-a395-4f22-b7da-519019045376,309362,Clopidogrel 75 MG Oral Tablet,92.36,0.00,1,92.36,,
2016-07-26,2016-07-26,ac25c396-f0c1-4244-803f-12aed1097413,b1c428d6-4f07-31e0-90f0-68ffa6ff8c76,bdf0b1d1-a395-4f22-b7da-519019045376,1804799,Alteplase 100 MG Injection,6330.63,0.00,1,6330.63,,
2017-06-07,2017-06-07,ef8509ac-0be8-42a5-9ca2-513c1e923b87,b1c428d6-4f07-31e0-90f0-68ffa6ff8c76,96dc606b-4d6b-4bd7-b31d-716ae2536a1b,309362,Clopidogrel 75 MG Oral Tablet,32.89,0.00,1,32.89,,
2017-06-07,2017-06-07,ef8509ac-0be8-42a5-9ca2-513c1e923b87,b1c428d6-4f07-31e0-90f0-68ffa6ff8c76,96dc606b-4d6b-4bd7-b31d-716ae2536a1b,1804799,Alteplase 100 MG Injection,6456.53,0.00,1,6456.53,,
2018-04-26,,3f033346-cd68-40d8-88b4-e9e038676b04,b1c428d6-4f07-31e0-90f0-68ffa6ff8c76,0a45e3f1-7a75-4c7d-95ac-58884e03e8b4,855332,Warfarin Sodium 5 MG Oral Tablet,86.12,0.00,22,1894.64,,
2018-04-26,,3f033346-cd68-40d8-88b4-e9e038676b04,b1c428d6-4f07-31e0-90f0-68ffa6ff8c76,0a45e3f1-7a75-4c7d-95ac-58884e03e8b4,897718,Verapamil Hydrochloride 40 MG,73.88,0.00,22,1625.36,,
2018-04-26,,3f033346-cd68-40d8-88b4-e9e038676b04,b1c428d6-4f07-31e0-90f0-68ffa6ff8c76,0a45e3f1-7a75-4c7d-95ac-58884e03e8b4,197604,Digoxin 0.125 MG Oral Tablet,54.67,0.00,22,1202.74,,
2019-03-12,2019-03-12,72e876fb-4152-442e-aee3-addd076d7f77,b1c428d6-4f07-31e0-90f0-68ffa6ff8c76,a33c54f3-0435-4e22-a389-b650ef54d477,309362,Clopidogrel 75 MG Oral Tablet,44.36,0.00,1,44.36,,
2019-03-12,2019-03-12,72e876fb-4152-442e-aee3-addd076d7f77,b1c428d6-4f07-31e0-90f0-68ffa6ff8c76,a33c54f3-0435-4e22-a389-b650ef54d477,1804799,Alteplase 100 MG Injection,6352.67,0.00,1,6352.67,,
2001-11-19,,5d2ee412-6030-4162-a55d-a697029eff6e,b1c428d6-4f07-31e0-90f0-68ffa6ff8c76,18dd7fa7-fbb5-4542-960b-f15d4a406c75,309362,Clopidogrel 75 MG Oral Tablet,111.94,0.00,222,24850.68,,
2001-11-19,,5d2ee412-6030-4162-a55d-a697029eff6e,b1c428d6-4f07-31e0-90f0-68ffa6ff8c76,18dd7fa7-fbb5-4542-960b-f15d4a406c75,312961,Simvastatin 20 MG Oral Tablet,25.88,0.00,222,5745.36,,
2001-11-19,,5d2ee412-6030-4162-a55d-a697029eff6e,b1c428d6-4f07-31e0-90f0-68ffa6ff8c76,18dd7fa7-fbb5-4542-960b-f15d4a406c75,197361,Amlodipine 5 MG Oral Tablet,59.20,0.00,222,13142.40,,
2001-11-19,,5d2ee412-6030-4162-a55d-a697029eff6e,b1c428d6-4f07-31e0-90f0-68ffa6ff8c76,18dd7fa7-fbb5-4542-960b-f15d4a406c75,705129,Nitroglycerin 0.4 MG/ACTUAT Mucosal Spray,75.18,0.00,222,16689.96,,
2012-01-24,,85fa5652-de51-42f2-84fb-167c7f77d835,b1c428d6-4f07-31e0-90f0-68ffa6ff8c76,3414490d-3243-4dd2-b187-b05d361f9bdc,309362,Clopidogrel 75 MG Oral Tablet,64.22,0.00,98,6293.56,,
2012-01-24,,85fa5652-de51-42f2-84fb-167c7f77d835,b1c428d6-4f07-31e0-90f0-68ffa6ff8c76,3414490d-3243-4dd2-b187-b05d361f9bdc,312961,Simvastatin 20 MG Oral Tablet,26.91,0.00,98,2637.18,,
2012-01-24,,85fa5652-de51-42f2-84fb-167c7f77d835,b1c428d6-4f07-31e0-90f0-68ffa6ff8c76,3414490d-3243-4dd2-b187-b05d361f9bdc,197361,Amlodipine 5 MG Oral Tablet,18.33,0.00,98,1796.34,,
2012-01-24,,85fa5652-de51-42f2-84fb-167c7f77d835,b1c428d6-4f07-31e0-90f0-68ffa6ff8c76,3414490d-3243-4dd2-b187-b05d361f9bdc,705129,Nitroglycerin 0.4 MG/ACTUAT Mucosal Spray,23.90,0.00,98,2342.20,,
