Id,BIRTHDATE,DEATHDATE,SSN,DRIVERS,PASSPORT,PREFIX,FIRST,LAST,SUFFIX,MAIDEN,MARITAL,RACE,ETHNICITY,GENDER,BIRTHPLACE,ADDRESS,CITY,STATE,COUNTY,ZIP,LAT,LON,HEALTHCARE_EXPENSES,HEALTHCARE_COVERAGE
1ceda82b-a72a-49cd-af59-f9b7638f2d76,2017-08-12,,999-38-3328,,,,Nehemia,Vaara,,,,white,nonhispanic,M,Helsinki  Uusimaa  FI,948 Erholm Katu Apt 4,Helsinki,Uusimaa,Helsinki,00650,60.15923825160415,25.093822039969343,1250.0,0.0
89886292-dbbc-4cd2-aca8-9ac0128b85d2,2019-09-27,,999-95-8209,,,,Maija-Riikka,Kuiri,,,,white,nonhispanic,F,Kirkkonummi  Uusimaa  FI,465 Hankomäki Katu Apt 37,Hyvinkää,Uusimaa,Hyvinkää,05840,60.55591856630274,24.831903127728168,500.0,0.0
b87adf23-fc63-4b70-8c71-961227edd4f1,2011-05-06,,999-42-2079,,,,Hermiina,Adow,,,,white,nonhispanic,F,Vantaa  Uusimaa  FI,626 Paulin Katu Apt 18,Helsinki,Uusimaa,Helsinki,00520,60.20913746727865,24.936332593168355,2125.0,0.0
1398259b-abb8-45da-af06-99846e5f3760,2006-08-02,,999-77-8843,,,,Ati,Uusi-Pietilä,,,,white,nonhispanic,M,Espoo  Uusimaa  FI,1039 Jormalainen Katu Suite 69,Mäntsälä,Uusimaa,Mäntsälä,04740,60.67207402830957,25.270806805217312,2750.0,0.0
f5bd6b24-622c-422c-8f10-2bd335510cde,1998-02-12,,999-82-8434,S99914102,X30575086X,Mr.,Pekanpoika,Wilén,,,,white,nonhispanic,M,Helsinki  Uusimaa  FI,1019 Ylivuori Katu,Helsinki,Uusimaa,Helsinki,00210,60.2274589812057,24.883059756865983,3500.0,0.0
dac39dc7-b41a-4a5e-84ed-a3a241bff0fa,2006-07-23,,999-65-7544,,,,Anatoly,Perheenmies,,,,white,nonhispanic,M,Espoo  Uusimaa  FI,157 Paulamäki Katu Suite 99,Helsinki,Uusimaa,Helsinki,00210,60.11423148701717,24.953009491410853,2750.0,0.0
3e6a9c86-6296-4479-9d2b-29203a90a259,2013-11-08,,999-56-6246,,,,Kaisla-Kerttu,Korkiatupa,,,,white,nonhispanic,F,Helsinki  Uusimaa  FI,205 Siikakoski Katu Unit 87,Vantaa,Uusimaa,Vantaa,01420,60.36908078560957,24.86294561415088,1875.0,0.0
d8b9143d-d012-4713-ae6f-623c18c3339e,1982-07-28,,999-40-2194,S99913717,X65808694X,Mr.,Jico,Linke,,,M,white,nonhispanic,M,Helsinki  Uusimaa  FI,944 Asuinmaa Katu Apt 23,Helsinki,Uusimaa,Helsinki,00690,60.25934821646638,25.01305418925973,4250.0,0.0
35265393-0b41-4110-8ea7-54726ae7ca09,1964-09-19,,999-20-6353,S99941294,X58947899X,Mrs.,Nur,Tamio,,Vasanen,M,white,nonhispanic,F,Helsinki  Uusimaa  FI,166 Tommila Katu,Järvenpää,Uusimaa,Järvenpää,04440,60.50407285519907,25.052726307633243,5625.0,0.0
35f85f61-2117-43b7-8e3b-0fa2ba923a93,1961-01-02,,999-23-5980,S99967285,X46903524X,Mr.,Risto-Matti,Keikko,,,S,white,nonhispanic,M,Helsinki  Uusimaa  FI,196 Broman Katu Suite 57,Järvenpää,Uusimaa,Järvenpää,04410,60.52707916333616,25.08257204670369,6125.0,0.0
4ab39eb8-2bab-490e-9653-5f81a2496641,1979-05-31,,999-24-9040,S99983771,X26263839X,Mr.,Henri,Alanampa,,,M,white,nonhispanic,M,Raasepori  Uusimaa  FI,409 Jänkä Katu,Kirkkonummi,Uusimaa,Kirkkonummi,02540,60.24224048580069,24.38364513399187,4375.0,0.0
0f9daf90-5d96-472b-8624-a3f99e19e400,1985-07-07,,999-81-7364,S99967437,X52227225X,Mrs.,Antonella,Taylor,,Hansell,M,white,nonhispanic,F,Espoo  Uusimaa  FI,1081 Söyrilä Katu,Pukkila,Uusimaa,Pukkila,07565,60.6169403826291,25.51097776834814,4125.0,0.0
e07ed1eb-93e4-4700-b9a6-a58fb9323c6c,1987-01-30,,999-39-5504,S99945660,X27949410X,Ms.,Teija-Leena,Keisa,,,S,white,nonhispanic,F,Helsinki  Uusimaa  FI,127 Rekinen Katu Suite 24,Helsinki,Uusimaa,Helsinki,00930,60.25768698124327,25.031978860918734,4000.0,0.0
5564a2e7-9806-4492-bc02-e668c6911d16,2018-04-23,,999-30-3994,,,,Muisto,Pihlaja,,,,white,nonhispanic,F,Espoo  Uusimaa  FI,524 Suur-Nuuja Katu Unit 79,Raasepori,Uusimaa,Raasepori,10570,60.07366644173846,23.79704873661595,1000.0,0.0
76cc9575-bd47-43ca-b610-3f5f3006675c,1945-08-27,,999-43-6837,S99959279,X51523546X,Ms.,Yvonne,Askola,,,S,white,nonhispanic,F,Espoo  Uusimaa  FI,829 Henttula Katu,Järvenpää,Uusimaa,Järvenpää,04410,60.4968955793346,25.089533329380657,8000.0,0.0
9fcadb1e-3107-45fd-bad7-8d1689644885,1940-03-12,,999-72-2806,S99952009,X63912471X,Mr.,Esa-Matti,Ilmarinen,,,M,white,nonhispanic,M,Helsinki  Uusimaa  FI,680 Hakopuro Katu Apt 40,Espoo,Uusimaa,Espoo,02330,60.242250717117834,24.611276059018078,8625.0,0.0
e774a4bb-2adf-44d1-a042-57b0d0ac8d2d,1996-12-01,,999-46-6149,S99935823,X41947475X,Mr.,Stefano,Kaija,,,,white,nonhispanic,M,Kerava  Uusimaa  FI,800 Kouvonen Katu,Helsinki,Uusimaa,Helsinki,00990,60.24993491625036,24.870174891327835,3625.0,0.0
c666453a-7eaa-4111-9ed4-849395fc4cbd,1949-03-15,,999-24-4588,S99951443,X26464731X,Mrs.,Pia-Sofia,Palmu,,Kåhre,M,white,nonhispanic,F,Järvenpää  Uusimaa  FI,232 Allen Katu,Askola,Uusimaa,Askola,07500,60.536693881002314,25.665508944664573,7500.0,0.0
75bb4cd6-a879-4afe-b7eb-1235476a1285,1979-02-26,,999-55-4888,S99982868,X39144378X,Mr.,Oke,Liinanki,,,M,white,nonhispanic,M,Lohja  Uusimaa  FI,884 Loiva Katu,Helsinki,Uusimaa,Helsinki,00920,60.19711542266517,24.912435400171894,4375.0,0.0
ced57819-0654-43ce-8611-41eae49da42a,1989-12-19,,999-58-6303,S99925530,X17151655X,Mrs.,Elga,Harjuhahto,,Dillström,M,white,nonhispanic,F,Helsinki  Uusimaa  FI,330 Mäki-Kivistö Katu,Espoo,Uusimaa,Espoo,02260,60.18840148004319,24.671010478573297,3875.0,0.0
3a4b5e81-0bc8-4e6a-86af-f524998ae0e4,1974-08-29,,999-70-2328,S99954189,X88937767X,Mr.,Ensiö,Lindbom,,,M,white,nonhispanic,M,Sipoo  Uusimaa  FI,203 Eväsoja Katu,Helsinki,Uusimaa,Helsinki,00810,60.18511540911676,25.014639192542095,4625.0,0.0
8d9d47cd-3033-41b8-96e1-ac4b9e0c251d,1992-09-28,,999-38-2559,S99953927,X4784143X,Mrs.,Ming,Finni,,Erola,M,white,nonhispanic,F,Helsinki  Uusimaa  FI,1075 Kaijankoski Katu Unit 49,Järvenpää,Uusimaa,Järvenpää,04440,60.509644025711914,25.073608267028646,3970.6,0.0
fa96395f-f354-45b5-bbfe-47acb9ba7278,1971-09-27,,999-84-8684,S99961724,X83074292X,Mr.,S.,Rytilahti,,,M,white,nonhispanic,M,Helsinki  Uusimaa  FI,460 Greijus Katu,Järvenpää,Uusimaa,Järvenpää,04400,60.44512739405796,25.172539717907465,4875.0,0.0
50a5bd1a-3f51-4821-8cdc-23925b32960d,1972-06-06,,999-46-6076,S99922718,X73141225X,Mrs.,Inca,Wihersaari,,Linqvist,M,white,nonhispanic,F,Kirkkonummi  Uusimaa  FI,306 Antintupa Katu,Vantaa,Uusimaa,Vantaa,01490,60.319155549858046,25.09849414125397,4750.0,0.0
de20b606-8253-4a15-aff5-e98b1e870787,1960-09-27,,999-13-3472,S99964393,X39896574X,Mr.,Alpo,Eho,PhD,,M,white,nonhispanic,M,Espoo  Uusimaa  FI,358 Ylander Katu,Nurmijärvi,Uusimaa,Nurmijärvi,01900,60.389595743894766,24.891780953167288,6125.0,0.0
ee8be799-bda2-43c7-992a-fd3064e2ad29,1974-12-25,,999-21-3153,S99976476,X72813435X,Mrs.,Alisi,Mankonen,,Maaninka,M,white,nonhispanic,F,Espoo  Uusimaa  FI,663 Lukkonen Katu,Kirkkonummi,Uusimaa,Kirkkonummi,02480,60.18599719500291,24.514936155876086,4625.0,0.0
ce9054ff-7b61-470f-ba61-ecbfe826ade1,1986-04-02,,999-74-3940,S99962636,X76988507X,Mr.,Leart,Korjala,,,M,white,nonhispanic,M,Vantaa  Uusimaa  FI,373 Viikinkoski Katu,Helsinki,Uusimaa,Helsinki,00180,60.25310353408696,24.86912899607315,4000.0,0.0
ea883ebd-8a50-41ee-9775-83e029d6156c,1955-10-12,,999-73-5999,S99968775,X50860890X,Mr.,Craig,Runola,,,M,white,nonhispanic,M,Helsinki  Uusimaa  FI,669 Mitikka Katu,Helsinki,Uusimaa,Helsinki,00850,60.187290173963746,24.869517138206387,7111.06,0.0
c4c5c5ee-09d9-485c-9e40-e8650a1419cf,1988-07-03,,999-93-3901,S99962470,X13406001X,Mr.,Pekka,Bergendahl,,,M,white,nonhispanic,M,Helsinki  Uusimaa  FI,762 Alapoikela Katu,Helsinki,Uusimaa,Helsinki,00950,60.209793203136265,24.887536754331666,4000.0,0.0
06fe97a2-79a5-4905-96c7-444952789145,2019-10-07,,999-49-3426,,,,Lisette,Järlström,,,,white,nonhispanic,F,Helsinki  Uusimaa  FI,411 Pensas Katu Unit 79,Helsinki,Uusimaa,Helsinki,00990,60.154836705605454,25.074704443972724,375.0,0.0
437c57a6-2819-44c9-9887-4a4b7b612372,1986-10-21,,999-66-1539,S99976972,X20532499X,Ms.,Adolfiina,Joutila,,,S,white,nonhispanic,F,Espoo  Uusimaa  FI,211 Baas Katu,Espoo,Uusimaa,Espoo,02820,60.19961938149431,24.843804573315207,4000.0,0.0
2beb82e3-1e3c-4fa4-a665-51691f4dc1f0,1967-03-09,,999-19-9792,S99924862,X32208962X,Mr.,Mikel,Sarell,,,M,white,nonhispanic,M,Helsinki  Uusimaa  FI,206 Sukki Katu Apt 86,Vantaa,Uusimaa,Vantaa,01370,60.37077743811487,25.110598788859406,5250.0,0.0
c257cfe5-5d05-4456-b236-835e5f419e4b,2007-01-14,,999-12-4860,,,,Heidi-Marja,Charpentier,,,,white,nonhispanic,F,Helsinki  Uusimaa  FI,688 Koskunen Katu,Porvoo,Uusimaa,Porvoo,07390,60.3823177974844,25.418414831338087,2750.0,0.0
35980688-0b8a-496a-a012-3ce62a10ed90,2010-10-05,,999-45-4158,,,,Diina,Teisko,,,,white,nonhispanic,F,Helsinki  Uusimaa  FI,997 Erkko Katu Apt 82,Espoo,Uusimaa,Espoo,02920,60.157590648559186,24.709800155466645,2250.0,0.0
984d420a-a4d8-40db-a517-0d8cb1c5e1b0,1938-05-13,,999-20-2945,S99968006,X56862260X,Ms.,Miritza,Keidas,,,S,white,nonhispanic,F,Espoo  Uusimaa  FI,102 Häsänen Katu,Helsinki,Uusimaa,Helsinki,00930,60.147182229931644,25.056737062430063,15208.73,0.0
438aa201-befb-4047-8841-5a9400741d88,1996-12-28,,999-91-2757,S99930618,X54287337X,Ms.,Hanna-Tuulia,Virjonen,,,,white,nonhispanic,F,Helsinki  Uusimaa  FI,718 Kälkäjä Katu Apt 97,Helsinki,Uusimaa,Helsinki,00420,60.19410650942277,24.96429515309564,3625.0,0.0
56e5987d-1f9e-426a-ad91-c77f34867012,2011-10-05,,999-70-9655,,,,Anthea,Törnroos,,,,white,nonhispanic,F,Helsinki  Uusimaa  FI,914 Arvio Katu Suite 61,Porvoo,Uusimaa,Porvoo,07310,60.41167974287499,25.63854065395877,2125.0,0.0
ef077e8f-ea3b-44f7-a0c0-acbf597b4071,1966-01-08,,999-68-9032,S99938759,X51083001X,Mrs.,Eman,Hannus,,Vördgren,M,white,nonhispanic,F,Espoo  Uusimaa  FI,581 Roström Katu Unit 98,Tuusula,Uusimaa,Tuusula,04310,60.4234297315792,25.040874587023666,5500.0,0.0
0777a400-1ec7-42ac-9123-14f0dc268ce5,2003-09-28,,999-96-6348,S99971563,,,Majid,Ilina,,,,white,nonhispanic,M,Kauniainen  Uusimaa  FI,880 Wasström Katu,Vantaa,Uusimaa,Vantaa,01510,60.269679757724234,24.838553307267915,3125.0,0.0
fc2e8c1a-1817-43a5-8052-f6e113109e87,1965-05-14,,999-76-4670,S99936082,X14722466X,Mr.,Vertti,Kuuliala,,,M,white,nonhispanic,M,Vantaa  Uusimaa  FI,341 Kaitaniemi Katu Unit 18,Espoo,Uusimaa,Espoo,02100,60.266267779310006,24.733064881916444,5500.0,0.0
3eb94e40-f3e3-4ec8-81fd-95e6019a895a,1986-11-10,,999-86-6475,S99962329,X41982612X,Mr.,Emanuel,Fremling,,,S,white,nonhispanic,M,Espoo  Uusimaa  FI,134 Huhti Katu,Helsinki,Uusimaa,Helsinki,00660,60.27104242441203,24.87025639270056,4000.0,0.0
3b6a84a1-b2d2-4ed3-b3b1-d7126a69aabd,1965-02-03,,999-70-7037,S99943196,X32251828X,Mr.,Örnulf,Hammond,,,M,white,nonhispanic,M,Vantaa  Uusimaa  FI,120 Lähteenmäki Katu Suite 62,Vantaa,Uusimaa,Vantaa,01380,60.286542133208314,24.81976387686422,5625.0,0.0
15f6dc7e-a77a-4c97-8267-e3256db8993c,1953-06-28,,999-45-5664,S99920753,X13736033X,Mr.,Kuisma,Latvalehto,,,M,white,nonhispanic,M,Vantaa  Uusimaa  FI,221 Vehkalahti Katu,Vantaa,Uusimaa,Vantaa,01510,60.29817490463046,25.166478610738327,13827.02,0.0
7d627025-47c7-4689-9a81-592b55be6a62,1968-06-23,,999-73-6519,S99973522,X76271686X,Mr.,Yngve,Kalinainen,,,M,white,nonhispanic,M,Vantaa  Uusimaa  FI,335 Jalava Katu Suite 77,Helsinki,Uusimaa,Helsinki,00800,60.176114237907115,25.15451244236452,5125.0,0.0
ac25c396-f0c1-4244-803f-12aed1097413,1914-12-22,2016-07-26,999-71-9156,S99994113,X75187184X,Mr.,Lam,Härmälä,,,S,white,nonhispanic,M,Porvoo  Uusimaa  FI,540 Väliheikki Katu Apt 47,Vantaa,Uusimaa,Vantaa,01530,60.26615235999168,24.869472946161657,17797.989999999998,0.0
6c31be12-8166-4eda-8c59-d439ddd36a0d,2006-04-17,,999-82-8014,,,,Maria-Helena,Suppala,,,,white,nonhispanic,F,Espoo  Uusimaa  FI,914 Soinila Katu Suite 84,Kirkkonummi,Uusimaa,Kirkkonummi,02440,60.10839084591186,24.608486862399612,2750.0,0.0
1104a255-1ac4-4549-869d-237e9042f640,1986-09-07,,999-34-4052,S99957309,X56200845X,Mrs.,Ellamaria,Keski-Heikkilä,,Paulsen,M,white,nonhispanic,F,Helsinki  Uusimaa  FI,750 Invenius Katu Suite 14,Espoo,Uusimaa,Espoo,02270,60.133300160596164,24.684256741742868,4000.0,0.0
5df03c2c-c67b-4643-a030-11c3a3f6f2a8,1974-08-06,,999-88-9127,S99934176,X49005086X,Mr.,Eetu-Matti,Kursula,,,M,white,nonhispanic,M,Toulouse  Occitanie  FR,963 Vermilä Katu,Espoo,Uusimaa,Espoo,02120,60.15758028618089,24.686057800243585,4625.0,0.0
a3525d5b-0eac-4ede-9a64-f6b20be6ea47,1978-08-03,,999-91-3328,S99992275,X1766086X,Mrs.,Aija-Riitta,Casagrande,,Mahnala,M,white,nonhispanic,F,Kerava  Uusimaa  FI,713 Tjäder Katu,Vihti,Uusimaa,Vihti,03790,60.36352526426401,24.326826970893787,4375.0,0.0
c5a46c45-81fe-47d0-a5f5-d906f3c7d1e3,1994-10-16,,999-60-2639,S99985306,X34985801X,Mr.,Aadolf,Riistama,,,,white,nonhispanic,M,Helsinki  Uusimaa  FI,560 Lehosmaa Katu Apt 0,Espoo,Uusimaa,Espoo,02160,60.21166434183914,24.63377478099192,3750.0,0.0
ef8509ac-0be8-42a5-9ca2-513c1e923b87,1957-05-22,,999-28-1396,S99940191,X63667602X,Mr.,Äänis,Sairanen,,,S,white,nonhispanic,M,Vihti  Uusimaa  FI,781 Urtti Katu,Helsinki,Uusimaa,Helsinki,00650,60.23584148762899,24.909013150417795,13114.42,0.0
8c63c927-7aa9-454c-8c3b-387f4a1927ec,1991-08-18,,999-17-3117,S99938512,X63084983X,Mr.,Vennu,Jafari,,,S,white,nonhispanic,M,Helsinki  Uusimaa  FI,606 Koskitalo Katu,Helsinki,Uusimaa,Helsinki,00170,60.24911329375896,24.913788511112973,3875.0,0.0
abf2a23a-edeb-4824-87be-4c6efbafed26,1949-10-24,,999-79-7339,S99926589,X88874085X,Mrs.,Gerda,Meling,,Kymäläinen,M,white,nonhispanic,F,Espoo  Uusimaa  FI,133 Bergström Katu,Helsinki,Uusimaa,Helsinki,00630,60.18514033537765,24.93775467070853,7500.0,0.0
52cbb5fb-7a23-4530-a645-b1caec0dc01a,1966-02-06,,999-67-6392,S99978382,X26077148X,Mr.,Massimo,Hernesaho,,,S,white,nonhispanic,M,Helsinki  Uusimaa  FI,944 Lipkin Katu,Helsinki,Uusimaa,Helsinki,00150,60.17739677383112,25.090259535112576,5500.0,0.0
fd1ec500-e61d-495a-aaba-7a3634c84c8a,1943-04-21,,999-32-2315,S99967412,X27787536X,Mr.,Tomek,Antson,,,M,white,nonhispanic,M,Helsinki  Uusimaa  FI,673 Waara Katu,Helsinki,Uusimaa,Helsinki,00590,60.30926021940747,25.067493355384972,8250.0,0.0
aa86faf7-8851-4486-a440-f66dd677dd2b,1990-06-17,,999-51-3988,S99934585,X83221658X,Mrs.,Idil,Kuukkanen,,Salonen,M,white,nonhispanic,F,Vihti  Uusimaa  FI,616 Veranen Katu,Helsinki,Uusimaa,Helsinki,00320,60.15296727717682,24.912923525041663,3875.0,0.0
44b59889-0da9-41ee-a3da-a471dd444c9a,2000-12-22,,999-42-6997,S99969460,,Mr.,Sankari,Svennblad,,,,white,nonhispanic,M,Helsinki  Uusimaa  FI,564 Lerbacka Katu,Vantaa,Uusimaa,Vantaa,01730,60.35055064480924,25.040257745800314,3500.0,0.0
0ef5671e-ab10-4f43-8041-7f56a47cbdcc,2007-01-23,,999-90-5105,,,,Hesham,Hellström,,,,white,nonhispanic,M,Helsinki  Uusimaa  FI,596 Maanonen Katu Unit 12,Vantaa,Uusimaa,Vantaa,01400,60.31750783628811,24.750593712072607,2750.0,0.0
3f033346-cd68-40d8-88b4-e9e038676b04,1948-01-01,,999-48-2430,S99951000,X21090440X,Mr.,Axl,Geust,,,M,white,nonhispanic,M,Hamburg  Hamburg  DE,287 Kajanen Katu Unit 51,Vantaa,Uusimaa,Vantaa,01300,60.27967571233703,24.84410363810211,7625.0,0.0
5c9bd0c0-575e-47af-89b6-0484e55abb2d,2008-07-05,,999-44-4122,,,,Philipp,Korsi,,,,white,nonhispanic,M,Helsinki  Uusimaa  FI,101 Byckling Katu Unit 0,Vihti,Uusimaa,Vihti,03300,60.32964806719744,24.35391243455489,2500.0,0.0
7201d22b-962d-4518-b85b-3ac8837de92b,2017-01-15,,999-96-1689,,,,Jussintytär,Noppari,,,,white,nonhispanic,F,Porvoo  Uusimaa  FI,797 Pohjamies Katu Unit 95,Espoo,Uusimaa,Espoo,02380,60.15023477656184,24.738705068975577,1375.0,0.0
e0f69562-0fd1-4bcf-8c78-aa82ca4e50b8,1979-01-03,,999-14-7058,S99930121,X65367832X,Mr.,Reh,Parjo,,,M,white,nonhispanic,M,Vihti  Uusimaa  FI,816 Swahn Katu,Helsinki,Uusimaa,Helsinki,00670,60.303062792254046,25.010288467246117,4375.0,0.0
adf215bc-0618-4f1d-b784-88168a197907,1995-04-16,,999-43-4429,S99983746,X51551425X,Mr.,Reijonpoika,Rak,,,,white,nonhispanic,M,Nurmijärvi  Uusimaa  FI,157 Lehtokangas Katu Apt 61,Espoo,Uusimaa,Espoo,02620,60.17768911123457,24.70249455394664,3625.0,0.0
540860d0-cc99-45b5-b4bd-68e851e30254,2003-05-28,,999-73-5343,S99963228,,,Kerem,Jacksen,,,,white,nonhispanic,M,Helsinki  Uusimaa  FI,140 Häkkänen Katu,Helsinki,Uusimaa,Helsinki,00790,60.260857269223116,24.873874454100708,3125.0,0.0
bb467c88-0c48-4864-9ea6-43b2e6beea48,1994-06-20,,999-26-8819,S99938660,X52447247X,Ms.,Piia-Pauliina,Huopalahti,,,,white,nonhispanic,F,Helsinki  Uusimaa  FI,554 Kalso Katu,Helsinki,Uusimaa,Helsinki,00600,60.170689891816295,25.092962292493926,3750.0,0.0
fcd1a37f-04c4-4ce4-b748-fe8985eab4ff,1914-12-22,,999-84-6014,S99919790,X6092859X,Mr.,Gillis,Aarras,,,M,white,nonhispanic,M,Helsinki  Uusimaa  FI,947 Rauvola Katu,Vantaa,Uusimaa,Vantaa,01620,60.33624786074428,25.041354840663267,11750.0,0.0
54295c60-a477-46c6-9b00-f7804d728473,2013-09-08,,999-84-4253,,,,Vesseli,Santasaari,,,,white,nonhispanic,M,Vantaa  Uusimaa  FI,866 Nemes Katu Unit 41,Porvoo,Uusimaa,Porvoo,06850,60.33339864841386,25.524759513005332,1875.0,0.0
7624f3de-9501-40df-aa2d-c3b3d9ff86cd,1974-02-21,,999-55-6070,S99975448,X78486138X,Mr.,Karl-Henrik,Saalamo,,,M,white,nonhispanic,M,Helsinki  Uusimaa  FI,140 Iso-oja Katu,Kirkkonummi,Uusimaa,Kirkkonummi,02440,60.14460369894444,24.467600610288038,4625.0,0.0
dc1cfdfc-341e-42a6-b810-a83319fdcab3,1964-06-20,,999-33-4059,S99970324,X30036349X,Mr.,Ray,Hertto,,,M,white,nonhispanic,M,Vantaa  Uusimaa  FI,653 Nopanen Katu,Helsinki,Uusimaa,Helsinki,00630,60.19800921242068,25.16452584084138,5625.0,0.0
1dcb76d3-6b67-420d-a165-670250237e83,2006-01-22,,999-38-3331,,,,Eero-Pekka,Ristonmaa,,,,white,nonhispanic,M,Lohja  Uusimaa  FI,1010 Vanala Katu,Kirkkonummi,Uusimaa,Kirkkonummi,02550,60.08652528983602,24.51799955603153,2875.0,0.0
cee71be4-8c45-4365-9a3e-f2bd84d32cd0,2017-08-20,,999-46-7384,,,,Magda,Heiskanen,,,,white,nonhispanic,F,Helsinki  Uusimaa  FI,666 Sibelius Katu,Kerava,Uusimaa,Kerava,04250,60.425458163937336,25.0837411898859,1250.0,0.0
d29bdc9d-3204-45f3-8a5b-87347fd4230e,1965-07-24,,999-60-2810,S99979969,X85255197X,Mrs.,Ida-Lina,Schukov,,Leppäranta,M,white,nonhispanic,F,Tuusula  Uusimaa  FI,385 Paltta Katu,Vantaa,Uusimaa,Vantaa,01650,60.38792843884574,24.77149140290108,5500.0,0.0
43b17ae8-a0fd-4db7-a345-d5df021adfc1,2020-02-14,,999-14-5383,,,,Riinu,Hakavuori,,,,white,nonhispanic,F,Helsinki  Uusimaa  FI,1072 Haapaniemi Katu,Helsinki,Uusimaa,Helsinki,00280,60.14788271577844,25.041208885574818,125.0,0.0
787d4d0c-188c-42b1-a9ad-7693dbe769e7,1989-05-25,,999-65-8077,S99933641,X69156190X,Mrs.,Vladislava,Imberg,,Verkkonen,M,white,nonhispanic,F,Tuusula  Uusimaa  FI,667 Formisto Katu Suite 23,Vantaa,Uusimaa,Vantaa,01760,60.308460437157635,25.083766264439383,3875.0,0.0
507f1569-1fc3-489e-b2bc-6c1e75852a1b,1977-03-27,,999-15-4368,S99978018,X86335577X,Mrs.,Tellervo,Attola,,Aulasuo,M,white,nonhispanic,F,Vantaa  Uusimaa  FI,586 Linnolahti Katu Apt 23,Espoo,Uusimaa,Espoo,02770,60.16734729654903,24.733887734797072,4500.0,0.0
97eff88c-3300-4265-9bdc-85ac0b4e3e30,1965-05-09,,999-65-8901,S99915831,X626489X,Mr.,Christiansson,Salonpää,,,M,white,nonhispanic,M,Kerava  Uusimaa  FI,212 Tolppanen Katu,Nurmijärvi,Uusimaa,Nurmijärvi,01860,60.450772422301235,24.56569067106507,5500.0,0.0
c18c4f77-4e6c-4a9e-8269-cdc8f10eb6c2,2014-01-02,,999-19-5025,,,,Sandra-Sofia,Lehmuskoski,,,,white,nonhispanic,F,Helsinki  Uusimaa  FI,820 Pikkarainen Katu,Vihti,Uusimaa,Vihti,03150,60.44079939347665,24.387949898057602,1875.0,0.0
72e876fb-4152-442e-aee3-addd076d7f77,1946-06-11,,999-34-5402,S99976744,X76976796X,Mrs.,Inkeri,Altonen,,Hinkkuri,M,white,nonhispanic,F,Helsinki  Uusimaa  FI,159 Päivänen Katu Unit 65,Helsinki,Uusimaa,Helsinki,00320,60.20220279126993,25.039921566666983,14397.029999999999,0.0
86223a57-7656-4c50-8126-56604d4ca5c7,2018-03-16,,999-80-2988,,,,Knuut,Larkovuo,,,,white,nonhispanic,M,Vantaa  Uusimaa  FI,232 Suonikko Katu Unit 3,Vantaa,Uusimaa,Vantaa,01530,60.217396452901475,24.835222500637105,1125.0,0.0
9939cc2a-59e1-4e03-a8cb-74930883ee56,1970-10-26,,999-48-1411,S99979514,X3078498X,Mrs.,Piia-Maria,Pronin,,Saviniemi,M,white,nonhispanic,F,Vantaa  Uusimaa  FI,218 Teckenberg Katu Unit 95,Helsinki,Uusimaa,Helsinki,00590,60.17582664903778,24.923764462862238,4875.0,0.0
f467128c-b44c-43a6-881b-2d763f7d2bee,1959-10-31,,999-51-5601,S99930982,X42653982X,Ms.,Melanie,Soro,,,S,white,nonhispanic,F,Helsinki  Uusimaa  FI,349 Jernman Katu Unit 88,Helsinki,Uusimaa,Helsinki,00200,60.25906400853618,25.099403308466933,6250.0,0.0
378e2763-70c2-41b4-b5e6-4069f9040bbd,1997-06-16,,999-71-7800,S99925425,X1928528X,Mr.,Adnaan,Vuorenheimo,,,,white,nonhispanic,M,Vantaa  Uusimaa  FI,229 Vikki Katu Apt 41,Helsinki,Uusimaa,Helsinki,00760,60.23711269077717,24.8704247371182,3625.0,0.0
b29a1221-3190-4c5b-b2de-0aa09becc851,2000-05-13,,999-61-1475,S99966782,,Mr.,Indrek,Fröjd,,,,white,nonhispanic,M,Kirkkonummi  Uusimaa  FI,962 Liistokki Katu,Karkkila,Uusimaa,Karkkila,03710,60.55073354551152,24.35590371317007,3500.0,0.0
d509e17e-e050-48fb-aae8-90b0dd6e3989,1948-02-19,,999-53-4098,S99912324,X86637914X,Mrs.,Margaretha,Mytty,,Widjeskog,M,white,nonhispanic,F,Helsinki  Uusimaa  FI,398 Lahdenne Katu,Helsinki,Uusimaa,Helsinki,00360,60.27188035741257,25.050400754407498,7625.0,0.0
0f7ed03f-7db4-4944-8ce3-1d05982959b9,2007-02-01,,999-59-6270,,,,Ansela,Karpoff,,,,white,nonhispanic,F,Helsinki  Uusimaa  FI,862 Valander Katu Apt 31,Helsinki,Uusimaa,Helsinki,00780,60.209339012578916,24.85940289308884,2750.0,0.0
fa2f208a-2118-448a-8fc9-8f7749016e73,1973-08-11,,999-78-2448,S99999182,X21722401X,Mrs.,Kaijaleena,Velin,,Hopponen,M,white,nonhispanic,F,Kirkkonummi  Uusimaa  FI,292 Koverola Katu,Tuusula,Uusimaa,Tuusula,05400,60.55379543262103,25.080944388473466,4750.0,0.0
94837116-d082-4183-a2d1-b15f803dbeb2,1970-11-03,,999-78-7801,S99991648,X85643509X,Mr.,Tao,Freyberg,,,M,white,nonhispanic,M,Vantaa  Uusimaa  FI,557 Hakku Katu Suite 13,Kerava,Uusimaa,Kerava,04250,60.3678158338773,25.081691357575217,5114.53,0.0
27f22f92-8987-4bcd-a22c-7580898a4bf5,1989-10-22,,999-92-4711,S99923061,X79202269X,Mrs.,Sofina,Lumia,,Oikkonen,M,white,nonhispanic,F,Vantaa  Uusimaa  FI,727 Stenborg Katu,Helsinki,Uusimaa,Helsinki,00330,60.25043012857431,25.1336514433536,3875.0,0.0
188ab208-c55d-4177-b340-756c18bc06bb,2018-03-28,,999-93-9159,,,,Veli-Petteri,Harjuniemi,,,,white,nonhispanic,M,Vantaa  Uusimaa  FI,584 Honko Katu,Kerava,Uusimaa,Kerava,04230,60.36301524052792,25.1019307608708,1125.0,0.0
13739728-c62a-4690-a7ac-1eb240863edf,1981-11-21,,999-76-3441,S99987148,X32932346X,Mrs.,Anna-Sisko,Kankaanperä,,Vest,M,white,nonhispanic,F,Vantaa  Uusimaa  FI,922 Huopalainen Katu,Helsinki,Uusimaa,Helsinki,00600,60.23829514920026,25.146240560868865,4250.0,0.0
9d86b7ca-6f19-48db-9eeb-6f4697e1144e,1954-03-19,,999-88-7166,S99963089,X30150380X,Mrs.,Anna-Maaret,Riutto,,Kalliomaa,M,white,nonhispanic,F,Hyvinkää  Uusimaa  FI,1042 Mäki-Ventelä Katu Apt 85,Espoo,Uusimaa,Espoo,02290,60.14037291845925,24.616952974619466,6875.0,0.0
d2e7e1e5-5b93-4190-bb6f-1d79cb94bf24,2002-11-24,,999-16-7447,S99958105,,,Luucas,Laivola,,,,white,nonhispanic,M,Helsinki  Uusimaa  FI,371 Varin Katu,Hyvinkää,Uusimaa,Hyvinkää,05900,60.63478715914929,24.863681957327405,3250.0,0.0
c3e0404e-44b4-43f2-861e-086a36a7f324,2000-02-04,,999-42-4743,S99973613,X26854261X,Mr.,Wilton,Kaunola,,,,white,nonhispanic,M,Espoo  Uusimaa  FI,678 Lantela Katu,Espoo,Uusimaa,Espoo,02610,60.245484749086856,24.655163696140058,3500.0,0.0
46100ed5-e413-4d65-9a56-e13feecfec8a,1995-08-22,,999-28-1140,S99992958,X39674396X,Mr.,Walther,Lummaa,,,,white,nonhispanic,M,Espoo  Uusimaa  FI,1093 Nettamo Katu,Lohja,Uusimaa,Lohja,08360,60.3782930885644,23.942107198526344,3625.0,0.0
5d2ee412-6030-4162-a55d-a697029eff6e,1976-09-13,,999-94-1657,S99952653,X48298167X,Mr.,Bernd,Petrova,,,M,white,nonhispanic,M,Helsinki  Uusimaa  FI,898 Grekula Katu,Lohja,Uusimaa,Lohja,09930,60.15684382122991,24.059685346622487,6000.0,0.0
27a5c686-cbaa-40d8-907d-30cb938c0185,2018-09-03,,999-12-5370,,,,Hilla-Mari,Sørensen,,,,white,nonhispanic,F,Helsinki  Uusimaa  FI,882 Tanska Katu,Vihti,Uusimaa,Vihti,03150,60.29222681022344,24.34498283962529,1000.0,0.0
1fdc6ef5-b6fb-4878-9afa-2b5b41055340,1992-07-31,,999-29-7503,S99932635,X53332950X,Mr.,Maria,Storbacka,,,S,white,nonhispanic,M,Espoo  Uusimaa  FI,152 Ehnqvist Katu,Espoo,Uusimaa,Espoo,02980,60.198592605899485,24.836914712443072,3750.0,0.0
9ac86cce-faf7-4e9c-976a-5a79fb02a4b1,1990-05-21,,999-99-3126,S99919636,X63033144X,Mrs.,Zofia,Isse,,Lau,M,white,nonhispanic,F,Vihti  Uusimaa  FI,1062 Hoppendorff Katu Unit 28,Helsinki,Uusimaa,Helsinki,00800,60.16301803048996,25.09706076297178,3875.0,0.0
85fa5652-de51-42f2-84fb-167c7f77d835,1996-12-17,,999-21-9020,S99953153,X77265535X,Mr.,Fitim,Aaltomaa,,,,white,nonhispanic,M,Helsinki  Uusimaa  FI,688 Liiti Katu,Espoo,Uusimaa,Espoo,02100,60.158203684626024,24.637083218904976,3875.0,0.0
9b455fa9-5fa0-418d-b3fb-60374e7c7469,1952-03-01,,999-57-7306,S99957805,X11861876X,Mr.,Pan,Äyhö,,,S,white,nonhispanic,M,Helsinki  Uusimaa  FI,478 Lumikko Katu Suite 54,Hanko,Uusimaa,Hanko,10900,59.79369279502865,23.020651641533078,7125.0,0.0
1e5c787c-f196-4fb7-b96b-35ae27f5faa0,1974-08-20,,999-17-9998,S99942680,X76250439X,Mr.,Miitri,Harle,,,M,white,nonhispanic,M,Moscow  Moscow  RU,181 Gripenberg Katu,Espoo,Uusimaa,Espoo,02360,60.133357429529894,24.658939487982195,4625.0,0.0
