PATIENT,START_YEAR,END_YEAR,PAYER,OWNERSHIP
f5bd6b24-622c-422c-8f10-2bd335510cde,1998,2016,e15e7b92-f376-374f-9285-2f59a38ad823,Guardian
d8b9143d-d012-4713-ae6f-623c18c3339e,1982,2000,e15e7b92-f376-374f-9285-2f59a38ad823,Guardian
35265393-0b41-4110-8ea7-54726ae7ca09,1964,1982,e15e7b92-f376-374f-9285-2f59a38ad823,Guardian
35f85f61-2117-43b7-8e3b-0fa2ba923a93,1961,1979,e15e7b92-f376-374f-9285-2f59a38ad823,Guardian
4ab39eb8-2bab-490e-9653-5f81a2496641,1979,1997,e15e7b92-f376-374f-9285-2f59a38ad823,Guardian
0f9daf90-5d96-472b-8624-a3f99e19e400,1985,2003,e15e7b92-f376-374f-9285-2f59a38ad823,Guardian
e07ed1eb-93e4-4700-b9a6-a58fb9323c6c,1987,2005,e15e7b92-f376-374f-9285-2f59a38ad823,Guardian
76cc9575-bd47-43ca-b610-3f5f3006675c,1945,1963,e15e7b92-f376-374f-9285-2f59a38ad823,Guardian
9fcadb1e-3107-45fd-bad7-8d1689644885,1940,1958,e15e7b92-f376-374f-9285-2f59a38ad823,Guardian
e774a4bb-2adf-44d1-a042-57b0d0ac8d2d,1996,2014,e15e7b92-f376-374f-9285-2f59a38ad823,Guardian
c666453a-7eaa-4111-9ed4-849395fc4cbd,1949,1967,e15e7b92-f376-374f-9285-2f59a38ad823,Guardian
75bb4cd6-a879-4afe-b7eb-1235476a1285,1979,1997,e15e7b92-f376-374f-9285-2f59a38ad823,Guardian
ced57819-0654-43ce-8611-41eae49da42a,1989,2007,e15e7b92-f376-374f-9285-2f59a38ad823,Guardian
3a4b5e81-0bc8-4e6a-86af-f524998ae0e4,1974,1992,e15e7b92-f376-374f-9285-2f59a38ad823,Guardian
8d9d47cd-3033-41b8-96e1-ac4b9e0c251d,1992,2010,e15e7b92-f376-374f-9285-2f59a38ad823,Guardian
fa96395f-f354-45b5-bbfe-47acb9ba7278,1971,1989,e15e7b92-f376-374f-9285-2f59a38ad823,Guardian
50a5bd1a-3f51-4821-8cdc-23925b32960d,1972,1990,e15e7b92-f376-374f-9285-2f59a38ad823,Guardian
de20b606-8253-4a15-aff5-e98b1e870787,1960,1978,e15e7b92-f376-374f-9285-2f59a38ad823,Guardian
ee8be799-bda2-43c7-992a-fd3064e2ad29,1974,1992,e15e7b92-f376-374f-9285-2f59a38ad823,Guardian
ce9054ff-7b61-470f-ba61-ecbfe826ade1,1986,2004,e15e7b92-f376-374f-9285-2f59a38ad823,Guardian
ea883ebd-8a50-41ee-9775-83e029d6156c,1955,1973,e15e7b92-f376-374f-9285-2f59a38ad823,Guardian
c4c5c5ee-09d9-485c-9e40-e8650a1419cf,1988,2006,e15e7b92-f376-374f-9285-2f59a38ad823,Guardian
437c57a6-2819-44c9-9887-4a4b7b612372,1986,2004,e15e7b92-f376-374f-9285-2f59a38ad823,Guardian
2beb82e3-1e3c-4fa4-a665-51691f4dc1f0,1967,1985,e15e7b92-f376-374f-9285-2f59a38ad823,Guardian
438aa201-befb-4047-8841-5a9400741d88,1996,2014,e15e7b92-f376-374f-9285-2f59a38ad823,Guardian
984d420a-a4d8-40db-a517-0d8cb1c5e1b0,1938,1956,e15e7b92-f376-374f-9285-2f59a38ad823,Guardian
ef077e8f-ea3b-44f7-a0c0-acbf597b4071,1966,1984,e15e7b92-f376-374f-9285-2f59a38ad823,Guardian
fc2e8c1a-1817-43a5-8052-f6e113109e87,1965,1983,e15e7b92-f376-374f-9285-2f59a38ad823,Guardian
3eb94e40-f3e3-4ec8-81fd-95e6019a895a,1986,2004,e15e7b92-f376-374f-9285-2f59a38ad823,Guardian
3b6a84a1-b2d2-4ed3-b3b1-d7126a69aabd,1965,1983,e15e7b92-f376-374f-9285-2f59a38ad823,Guardian
15f6dc7e-a77a-4c97-8267-e3256db8993c,1953,1953,b1c428d6-4f07-31e0-90f0-68ffa6ff8c76,
15f6dc7e-a77a-4c97-8267-e3256db8993c,1954,1954,e15e7b92-f376-374f-9285-2f59a38ad823,
15f6dc7e-a77a-4c97-8267-e3256db8993c,1955,1971,e15e7b92-f376-374f-9285-2f59a38ad823,Guardian
15f6dc7e-a77a-4c97-8267-e3256db8993c,1972,2010,b1c428d6-4f07-31e0-90f0-68ffa6ff8c76,Self
15f6dc7e-a77a-4c97-8267-e3256db8993c,2011,2011,e15e7b92-f376-374f-9285-2f59a38ad823,
7d627025-47c7-4689-9a81-592b55be6a62,1968,1986,e15e7b92-f376-374f-9285-2f59a38ad823,Guardian
ac25c396-f0c1-4244-803f-12aed1097413,1914,1932,e15e7b92-f376-374f-9285-2f59a38ad823,Guardian
1104a255-1ac4-4549-869d-237e9042f640,1986,2004,e15e7b92-f376-374f-9285-2f59a38ad823,Guardian
5df03c2c-c67b-4643-a030-11c3a3f6f2a8,1974,1992,e15e7b92-f376-374f-9285-2f59a38ad823,Guardian
a3525d5b-0eac-4ede-9a64-f6b20be6ea47,1978,1996,e15e7b92-f376-374f-9285-2f59a38ad823,Guardian
c5a46c45-81fe-47d0-a5f5-d906f3c7d1e3,1994,2012,e15e7b92-f376-374f-9285-2f59a38ad823,Guardian
ef8509ac-0be8-42a5-9ca2-513c1e923b87,1957,1975,e15e7b92-f376-374f-9285-2f59a38ad823,Guardian
8c63c927-7aa9-454c-8c3b-387f4a1927ec,1991,2009,e15e7b92-f376-374f-9285-2f59a38ad823,Guardian
abf2a23a-edeb-4824-87be-4c6efbafed26,1949,1967,e15e7b92-f376-374f-9285-2f59a38ad823,Guardian
52cbb5fb-7a23-4530-a645-b1caec0dc01a,1966,1984,e15e7b92-f376-374f-9285-2f59a38ad823,Guardian
fd1ec500-e61d-495a-aaba-7a3634c84c8a,1943,1961,e15e7b92-f376-374f-9285-2f59a38ad823,Guardian
aa86faf7-8851-4486-a440-f66dd677dd2b,1990,2008,e15e7b92-f376-374f-9285-2f59a38ad823,Guardian
44b59889-0da9-41ee-a3da-a471dd444c9a,2000,2018,e15e7b92-f376-374f-9285-2f59a38ad823,Guardian
3f033346-cd68-40d8-88b4-e9e038676b04,1948,1966,e15e7b92-f376-374f-9285-2f59a38ad823,Guardian
e0f69562-0fd1-4bcf-8c78-aa82ca4e50b8,1979,1997,e15e7b92-f376-374f-9285-2f59a38ad823,Guardian
adf215bc-0618-4f1d-b784-88168a197907,1995,2013,e15e7b92-f376-374f-9285-2f59a38ad823,Guardian
bb467c88-0c48-4864-9ea6-43b2e6beea48,1994,2012,e15e7b92-f376-374f-9285-2f59a38ad823,Guardian
fcd1a37f-04c4-4ce4-b748-fe8985eab4ff,1914,1932,e15e7b92-f376-374f-9285-2f59a38ad823,Guardian
7624f3de-9501-40df-aa2d-c3b3d9ff86cd,1974,1992,e15e7b92-f376-374f-9285-2f59a38ad823,Guardian
dc1cfdfc-341e-42a6-b810-a83319fdcab3,1964,1982,e15e7b92-f376-374f-9285-2f59a38ad823,Guardian
d29bdc9d-3204-45f3-8a5b-87347fd4230e,1965,1983,e15e7b92-f376-374f-9285-2f59a38ad823,Guardian
787d4d0c-188c-42b1-a9ad-7693dbe769e7,1989,2007,e15e7b92-f376-374f-9285-2f59a38ad823,Guardian
507f1569-1fc3-489e-b2bc-6c1e75852a1b,1977,1995,e15e7b92-f376-374f-9285-2f59a38ad823,Guardian
97eff88c-3300-4265-9bdc-85ac0b4e3e30,1965,1983,e15e7b92-f376-374f-9285-2f59a38ad823,Guardian
72e876fb-4152-442e-aee3-addd076d7f77,1946,1964,e15e7b92-f376-374f-9285-2f59a38ad823,Guardian
72e876fb-4152-442e-aee3-addd076d7f77,1965,2018,b1c428d6-4f07-31e0-90f0-68ffa6ff8c76,Self
72e876fb-4152-442e-aee3-addd076d7f77,2019,2019,e15e7b92-f376-374f-9285-2f59a38ad823,
9939cc2a-59e1-4e03-a8cb-74930883ee56,1970,1988,e15e7b92-f376-374f-9285-2f59a38ad823,Guardian
f467128c-b44c-43a6-881b-2d763f7d2bee,1959,1977,e15e7b92-f376-374f-9285-2f59a38ad823,Guardian
378e2763-70c2-41b4-b5e6-4069f9040bbd,1997,2015,e15e7b92-f376-374f-9285-2f59a38ad823,Guardian
b29a1221-3190-4c5b-b2de-0aa09becc851,2000,2018,e15e7b92-f376-374f-9285-2f59a38ad823,Guardian
d509e17e-e050-48fb-aae8-90b0dd6e3989,1948,1966,e15e7b92-f376-374f-9285-2f59a38ad823,Guardian
fa2f208a-2118-448a-8fc9-8f7749016e73,1973,1991,e15e7b92-f376-374f-9285-2f59a38ad823,Guardian
94837116-d082-4183-a2d1-b15f803dbeb2,1970,1988,e15e7b92-f376-374f-9285-2f59a38ad823,Guardian
27f22f92-8987-4bcd-a22c-7580898a4bf5,1989,2007,e15e7b92-f376-374f-9285-2f59a38ad823,Guardian
13739728-c62a-4690-a7ac-1eb240863edf,1981,1999,e15e7b92-f376-374f-9285-2f59a38ad823,Guardian
9d86b7ca-6f19-48db-9eeb-6f4697e1144e,1954,1972,e15e7b92-f376-374f-9285-2f59a38ad823,Guardian
c3e0404e-44b4-43f2-861e-086a36a7f324,2000,2018,e15e7b92-f376-374f-9285-2f59a38ad823,Guardian
46100ed5-e413-4d65-9a56-e13feecfec8a,1995,2013,e15e7b92-f376-374f-9285-2f59a38ad823,Guardian
5d2ee412-6030-4162-a55d-a697029eff6e,1976,1994,e15e7b92-f376-374f-9285-2f59a38ad823,Guardian
1fdc6ef5-b6fb-4878-9afa-2b5b41055340,1992,2010,e15e7b92-f376-374f-9285-2f59a38ad823,Guardian
9ac86cce-faf7-4e9c-976a-5a79fb02a4b1,1990,2008,e15e7b92-f376-374f-9285-2f59a38ad823,Guardian
85fa5652-de51-42f2-84fb-167c7f77d835,1996,2014,e15e7b92-f376-374f-9285-2f59a38ad823,Guardian
9b455fa9-5fa0-418d-b3fb-60374e7c7469,1952,1970,e15e7b92-f376-374f-9285-2f59a38ad823,Guardian
1e5c787c-f196-4fb7-b96b-35ae27f5faa0,1974,1992,e15e7b92-f376-374f-9285-2f59a38ad823,Guardian
