DATE,PATIENT,ENCOUNTER,CODE,DESCRIPTION,BASE_COST,REASONCODE,REASONDESCRIPTION
2010-09-17,984d420a-a4d8-40db-a517-0d8cb1c5e1b0,07eec376-e38b-4a7f-a230-a8654607cf62,180325003,Electrical cardioversion,23495.70,49436004,Atrial Fibrillation
2011-09-23,984d420a-a4d8-40db-a517-0d8cb1c5e1b0,7fb6ae44-c56e-445f-86aa-7f1128e8d9cc,18286008,Catheter ablation of tissue of heart,8650.90,49436004,Atrial Fibrillation
2012-09-28,984d420a-a4d8-40db-a517-0d8cb1c5e1b0,fafce2d0-f817-48f7-bd83-12eb232954b3,18286008,Catheter ablation of tissue of heart,16147.28,49436004,Atrial Fibrillation
2012-09-28,984d420a-a4d8-40db-a517-0d8cb1c5e1b0,fafce2d0-f817-48f7-bd83-12eb232954b3,40701008,Echocardiography (procedure),1004.88,230690007,Stroke
2012-09-28,984d420a-a4d8-40db-a517-0d8cb1c5e1b0,fafce2d0-f817-48f7-bd83-12eb232954b3,433112001,Percutaneous mechanical thrombectomy of portal vein using fluoroscopic guidance,19279.34,230690007,Stroke
2013-10-04,984d420a-a4d8-40db-a517-0d8cb1c5e1b0,0ebb1fcd-1e05-40c2-aac2-f4f89bc9dd5e,18286008,Catheter ablation of tissue of heart,7887.33,49436004,Atrial Fibrillation
2014-10-10,984d420a-a4d8-40db-a517-0d8cb1c5e1b0,7a777833-e86b-40c0-84cb-3c1cd261d005,180325003,Electrical cardioversion,34054.16,49436004,Atrial Fibrillation
2015-10-16,984d420a-a4d8-40db-a517-0d8cb1c5e1b0,c0bf84f3-5239-4bb4-b311-a916bc557e65,180325003,Electrical cardioversion,35933.46,49436004,Atrial Fibrillation
2016-10-21,984d420a-a4d8-40db-a517-0d8cb1c5e1b0,af7184b5-5ed8-4d6e-800c-1f8b2750f3c3,180325003,Electrical cardioversion,20386.17,49436004,Atrial Fibrillation
2017-10-27,984d420a-a4d8-40db-a517-0d8cb1c5e1b0,8dfd9279-4ec1-4c42-a434-532162732e69,18286008,Catheter ablation of tissue of heart,14780.35,49436004,Atrial Fibrillation
2018-11-02,984d420a-a4d8-40db-a517-0d8cb1c5e1b0,6ba82f2b-bd48-4bc5-b7e2-9704497444b6,180325003,Electrical cardioversion,45266.06,49436004,Atrial Fibrillation
2019-11-08,984d420a-a4d8-40db-a517-0d8cb1c5e1b0,9935f4dc-f95d-43bd-bbee-e6260873e530,180325003,Electrical cardioversion,31511.80,49436004,Atrial Fibrillation
2011-05-22,15f6dc7e-a77a-4c97-8267-e3256db8993c,60346f8a-9b2a-40c3-8aeb-9885adbf3dc8,40701008,Echocardiography (procedure),792.65,230690007,Stroke
2011-05-22,15f6dc7e-a77a-4c97-8267-e3256db8993c,60346f8a-9b2a-40c3-8aeb-9885adbf3dc8,433112001,Percutaneous mechanical thrombectomy of portal vein using fluoroscopic guidance,13510.12,230690007,Stroke
2016-07-26,ac25c396-f0c1-4244-803f-12aed1097413,bdf0b1d1-a395-4f22-b7da-519019045376,40701008,Echocardiography (procedure),1241.00,230690007,Stroke
2016-07-26,ac25c396-f0c1-4244-803f-12aed1097413,bdf0b1d1-a395-4f22-b7da-519019045376,433112001,Percutaneous mechanical thrombectomy of portal vein using fluoroscopic guidance,17726.48,230690007,Stroke
2017-06-07,ef8509ac-0be8-42a5-9ca2-513c1e923b87,96dc606b-4d6b-4bd7-b31d-716ae2536a1b,40701008,Echocardiography (procedure),1613.76,230690007,Stroke
2017-06-07,ef8509ac-0be8-42a5-9ca2-513c1e923b87,96dc606b-4d6b-4bd7-b31d-716ae2536a1b,433112001,Percutaneous mechanical thrombectomy of portal vein using fluoroscopic guidance,34147.21,230690007,Stroke
2018-04-26,3f033346-cd68-40d8-88b4-e9e038676b04,0a45e3f1-7a75-4c7d-95ac-58884e03e8b4,180325003,Electrical cardioversion,30591.30,49436004,Atrial Fibrillation
2019-05-02,3f033346-cd68-40d8-88b4-e9e038676b04,0f478f09-8568-4686-9021-22042cccbb8c,180325003,Electrical cardioversion,25029.52,49436004,Atrial Fibrillation
2019-03-12,72e876fb-4152-442e-aee3-addd076d7f77,a33c54f3-0435-4e22-a389-b650ef54d477,40701008,Echocardiography (procedure),773.93,230690007,Stroke
2019-03-12,72e876fb-4152-442e-aee3-addd076d7f77,a33c54f3-0435-4e22-a389-b650ef54d477,433112001,Percutaneous mechanical thrombectomy of portal vein using fluoroscopic guidance,16375.90,230690007,Stroke
