Id,ORGANIZATION,NAME,GENDER,SPECIALITY,ADDRESS,CITY,STATE,ZIP,LAT,LON,UTILIZATION
5bd40233-19fc-3a47-b433-ca82f3639d9a,319baef9-e8e6-3320-9e0b-7991d9c167b8,Lex Huuhka,M,GENERAL PRACTICE,Haartmaninkatu 4,Helsinki,18,00290,60.189159,24.909081,1
f0be2a93-a87b-34c7-b760-78a6b0d8fd2d,af916982-f5f8-341b-b159-69e72695294c,Mari-Leena Moderus,F,GENERAL PRACTICE,Sairaalakatu 1,Vantaa,18,01400,60.3299,25.0608,1
9743a3ba-c552-3105-b225-137d934e15d6,294d60d6-0e2b-396b-a8bf-77998642f6b7,Tuli Sirkki,M,GENERAL PRACTICE,Ohkolantie 10,Kellokoski,18,04500,60.53054,25.10548,1
65dd9f3a-bb03-3cd9-945c-87158c6e1196,738aef7e-a279-3f65-9dba-fead16b27400,Aino-Maija Jalopaasi,F,GENERAL PRACTICE,Turuntie 150,Espoo,18,02740,60.22589,24.77581,1035
1a6e526b-2370-3ba3-a584-f627aca83415,9a3e6919-4ed0-32fe-a1e2-7184b06c415f,Francoise Lasander,F,GENERAL PRACTICE,Karvasmäentie 6,Espoo,18,02740,60.22011,24.6848,658
28b0b7e7-18d8-3ff4-894e-af8d607a644c,a70486b2-c33a-37b3-a4cf-b3dc06cb9d84,Herdis Kalanti,F,GENERAL PRACTICE,Sairaalakatu 1,Vantaa,18,01400,60.3299,25.0608,1188
ef75e0f0-c8c6-3801-9eb1-ecb7df88be35,bf25636d-50a4-3cf2-b937-0e59fd37503f,Lex Huuhka,M,GENERAL PRACTICE,Sairaalankatu 1,Hyvinkää,18,05830,60.612,24.82486,30
bffbd19a-60ab-31a7-bf1d-d454ad73f099,4eddd774-a01b-3a0b-b4c6-736a5581aba4,Jorma Karmitsa,M,GENERAL PRACTICE,Ohkolantie 10,Kellokoski,18,04500,60.53054,25.10548,287
1248861d-3f70-3420-bdfe-aef9ca1f3620,942171f0-df04-34cc-9c85-1a11b2f08717,Dan-Olof Nordgren,M,GENERAL PRACTICE,Sairaalatie 8,Lohja,18,08200,60.2247,24.01885,185
87a35383-3d6a-3495-bc88-6bc98e4b5f1f,216a84b2-6287-356d-9bcf-655abf00debb,Esanpoika Jalli,M,GENERAL PRACTICE,Sairaalantie 1,Porvoo,18,06200,60.37911,25.69576,147
99c229fc-1d37-3a25-9163-61a8f0e5b167,319baef9-e8e6-3320-9e0b-7991d9c167b8,Aino-Maija Jalopaasi,F,GENERAL PRACTICE,Haartmaninkatu 4,Helsinki,18,00290,60.189159,24.909081,2
6af0a659-d051-37d5-9387-782749d5c935,af916982-f5f8-341b-b159-69e72695294c,Jorma Karmitsa,M,GENERAL PRACTICE,Sairaalakatu 1,Vantaa,18,01400,60.3299,25.0608,2
