location_id,address_1,address_2,city,state,zip,county,location_source_value
822,376 Kulkas Katu,,Helsinki,Uusimaa,00750,Helsinki,ad579940-626f-4906-999a-60e59bbe1711
823,524 Hihnala Katu,,Vantaa,Uusimaa,01530,Vantaa,aecab01d-1e80-410d-b03f-8e68f7f4d774
824,943 Vuolahti Katu,,Vantaa,Uusimaa,01640,Vantaa,31dad168-a41f-4497-a95d-8f94f1139287
825,144 Kusmin Katu Suite 42,,Helsinki,Uusimaa,00780,Helsinki,2f3640e3-738f-4339-88f6-4d3495270a60
826,212 Paloneva Katu,,Helsinki,Uusimaa,00850,Helsinki,ef9b88ed-1369-4a6f-ad2b-330b7477f76a
827,601 Palkki Katu,,Vantaa,Uusimaa,01650,Vantaa,fb0228b8-b0b5-4fd7-a9a9-2708dc08982f
828,447 Jern Katu,,Vantaa,Uusimaa,01260,Vantaa,ead7c369-121d-40c0-8319-0c1c93d33102
829,189 Nåhls Katu,,Helsinki,Uusimaa,00560,Helsinki,0ce71596-6f47-413c-a742-60acaf3dd180
830,646 Pihkakoski Katu Suite 7,,Kerava,Uusimaa,04220,Kerava,248a379e-b099-420c-ae7c-8637ee529fb9
831,1015 Nybond Katu,,Järvenpää,Uusimaa,04410,Järvenpää,e5a33ff3-90b9-45e3-80de-a03a1b88047f
832,663 Jeromaa Katu,,Helsinki,Uusimaa,00140,Helsinki,202cfad8-cc69-4f36-ac32-b30eab008024
833,1023 Apponen Katu Apt 25,,Kerava,Uusimaa,04200,Kerava,01108486-43bc-4ed1-a619-2c8b33b6f3f2
834,653 Koskenmaa Katu,,Espoo,Uusimaa,02110,Espoo,3d24e9d0-1154-49b7-b9f0-0436082f725e
835,1032 Bergbacka Katu,,Vantaa,Uusimaa,01610,Vantaa,ba6acbf3-2b12-494b-9fc7-f92d086109d7
836,580 Nikara Katu Apt 20,,Järvenpää,Uusimaa,04430,Järvenpää,19842940-9883-4d2c-8f38-0abb5e79e7e4
837,930 Solkinen Katu,,Helsinki,Uusimaa,00890,Helsinki,d46faef5-8def-4c6b-90c7-ea8082f62586
838,527 Valtoaho Katu,,Karkkila,Uusimaa,03710,Karkkila,a486fb5a-2dc6-4083-93e7-03af5dffeb30
839,748 Hyörtti Katu,,Pornainen,Uusimaa,07150,Pornainen,ce867cd2-f1b4-493b-bff8-d8d714277a66
840,609 Luomanperä Katu,,Raasepori,Uusimaa,10440,Raasepori,fd70bd1e-8c88-44e2-9640-7efa074bdd43
841,483 Bogdanoff Katu,,Espoo,Uusimaa,02740,Espoo,c41e1653-69b9-4e4c-a380-93ff335e9cc3
842,358 Keveri Katu,,Helsinki,Uusimaa,00660,Helsinki,88f42f8b-28a0-40ea-89ef-bf0f45501107
843,508 Kriikku Katu,,Kerava,Uusimaa,04250,Kerava,694f04ce-ed9c-4636-94c4-9801bc19ef72
844,1029 Pilviö Katu Suite 51,,Helsinki,Uusimaa,00260,Helsinki,abc45649-d0af-4bf0-8434-c9563bb65e03
845,159 Kairamo Katu Unit 65,,Tuusula,Uusimaa,05400,Tuusula,665602c3-0905-423c-ac40-ccad11776f7e
846,559 Oinasmaa Katu Unit 71,,Helsinki,Uusimaa,00730,Helsinki,ce859557-219f-4b16-9f83-2ddeb45b2afa
847,381 Hollanti Katu Suite 2,,Espoo,Uusimaa,02710,Espoo,5eed30c7-f104-45e1-a3e4-ee233be1d392
848,253 Kuhlberg Katu,,Helsinki,Uusimaa,00780,Helsinki,333c93f9-ae39-4647-885f-0e885ba3445f
849,443 Komscha Katu Suite 92,,Helsinki,Uusimaa,00870,Helsinki,d988223f-6ec7-4984-a0e4-09341b7e3cfa
850,996 Häyrynen Katu Suite 65,,Helsinki,Uusimaa,00260,Helsinki,afcaf062-7ea0-43c5-a033-aa24b6523bff
851,409 Onatsu Katu,,Helsinki,Uusimaa,00410,Helsinki,22259d75-e610-45ef-9861-8ad452383920
852,592 Kaipiainen Katu Suite 53,,Kerava,Uusimaa,04250,Kerava,7456eba3-8d69-4acb-98eb-f7b4a00fa091
853,126 Markovaara Katu Suite 40,,Lohja,Uusimaa,08680,Lohja,0e3957a2-b3c2-4782-aeea-91003d1a620f
854,181 Kuivala Katu,,Pornainen,Uusimaa,07190,Pornainen,b491c5e8-f2cc-44c7-bccb-9c781f2ea46a
855,222 Adolfsson Katu Apt 57,,Espoo,Uusimaa,02820,Espoo,20133e45-f809-4601-80e0-bde4491d051a
856,947 Thörnroos Katu,,Espoo,Uusimaa,02650,Espoo,7b5e9586-5eed-4e5b-8727-382ec45e1c4e
857,358 Nybond Katu Unit 96,,Raasepori,Uusimaa,10410,Raasepori,27187efb-03be-4f65-b43e-6cc0d89815af
858,921 Katajala Katu,,Helsinki,Uusimaa,00850,Helsinki,3f03ce59-6847-4c44-b8ac-38f368b9b40e
859,492 Teperi Katu Unit 57,,Vihti,Uusimaa,03320,Vihti,a6b74944-39c1-49e8-bb3e-4289a495bed5
860,354 Franzen Katu Apt 87,,Loviisa,Uusimaa,07980,Loviisa,7f3f291c-83b5-4d2b-899b-c7bebaf2ca15
861,245 Sorsamäki Katu Apt 2,,Vantaa,Uusimaa,01630,Vantaa,835140ab-0c9f-4f92-9aa1-9a562b56a895
862,761 Ääri Katu,,Vantaa,Uusimaa,01450,Vantaa,ab804245-dc17-4339-bb93-d32266848ee4
863,333 Stude Katu Suite 36,,Helsinki,Uusimaa,00430,Helsinki,9d81221e-cea6-4cf3-8752-bf4b86b94fc3
864,305 Patola Katu Suite 30,,Helsinki,Uusimaa,00630,Helsinki,9157b8dd-6c3a-468b-ae06-2651c3a389d4
865,779 Laakeristo Katu,,Helsinki,Uusimaa,00130,Helsinki,dd743995-860e-46cd-9918-324717084dfd
866,359 Haapaniemi Katu Suite 63,,Espoo,Uusimaa,02380,Espoo,722402d3-2138-44a6-a958-6bbb57e81f2e
867,733 Koppström Katu,,Helsinki,Uusimaa,00390,Helsinki,e5552e01-9bfb-41af-9db4-35765f9b2849
868,850 Lassinniemi Katu Unit 96,,Espoo,Uusimaa,02210,Espoo,4296fafa-7ff6-4a3a-91a6-b75e8a2210c2
869,194 Sederqvist Katu,,Espoo,Uusimaa,02120,Espoo,cd344317-f465-473e-b37b-b12514656011
870,249 Pulsa Katu,,Helsinki,Uusimaa,00250,Helsinki,781e2603-c48b-4970-b24a-cda157bd7585
871,676 Niskala Katu Apt 41,,Helsinki,Uusimaa,00320,Helsinki,3100dea9-c670-4459-ba31-0ef0d0084a19
872,847 Suotula Katu Suite 48,,Helsinki,Uusimaa,00630,Helsinki,ec8b023d-a60a-43c3-bbc0-763bc1069d5f
873,849 Sotisaari Katu,,Helsinki,Uusimaa,00780,Helsinki,116b12a7-b6ef-4664-88b7-ece1230a7721
874,619 Löfdahl Katu Unit 98,,Vantaa,Uusimaa,01530,Vantaa,2aec62c3-f8b2-4afd-9695-05a92c8a3866
875,435 Mensakov Katu,,Espoo,Uusimaa,02810,Espoo,5833c5f2-19d3-409b-a26e-aba2da64cca6
876,691 Korosuo Katu,,Hyvinkää,Uusimaa,05720,Hyvinkää,e3b03ff6-4ea9-44c3-801e-9e9faa7cf784
877,813 Solala Katu,,Vantaa,Uusimaa,01360,Vantaa,c3430f6e-6e19-434e-829a-ea8deddd69f9
878,897 Tullila Katu,,Espoo,Uusimaa,02740,Espoo,32dbab55-f39e-4960-b40b-c84e78544a0a
879,292 Hovivuori Katu Apt 80,,Vantaa,Uusimaa,01370,Vantaa,02afa97d-85a3-46d2-874d-22ebe2a8b827
880,836 Katila Katu Apt 52,,Kirkkonummi,Uusimaa,02470,Kirkkonummi,3f947bbd-a31b-4c63-8338-cf9448bbd9dd
881,863 Martola Katu,,Helsinki,Uusimaa,00900,Helsinki,658afba2-2588-4f5b-8e15-e08a0f6a15b5
882,696 Kannasto Katu Suite 23,,Espoo,Uusimaa,02620,Espoo,bb45e1ac-ad79-4114-9ffe-f34eedbbecd3
883,752 Karjanlahti Katu Apt 26,,Hyvinkää,Uusimaa,05470,Hyvinkää,58776ff2-af05-4385-9fc9-9978a197d0f6
884,479 Madekivi Katu Apt 35,,Helsinki,Uusimaa,00580,Helsinki,e281b9c6-d609-4c22-853d-144abe6cecfe
885,969 Pulkkis Katu Apt 77,,Helsinki,Uusimaa,00640,Helsinki,fdb84e14-83cf-4192-aa03-73223db75d4c
886,664 Viiltola Katu,,Helsinki,Uusimaa,00530,Helsinki,45437858-f42e-4297-943d-4e1256125c80
887,379 Karukoski Katu,,Helsinki,Uusimaa,00390,Helsinki,7acb42ae-4986-4fea-bfff-4d43197df4a6
888,409 Karjala Katu Unit 24,,Helsinki,Uusimaa,00380,Helsinki,0de4e5e1-ab49-49e6-84c8-34e65345dcfd
889,151 Beqiri Katu Suite 76,,Helsinki,Uusimaa,00180,Helsinki,d08e4836-f80b-400f-bb2b-6d1d06d767ac
890,890 Lillrank Katu Unit 64,,Hyvinkää,Uusimaa,05900,Hyvinkää,b76615a9-2e20-4c03-a2f4-77145147d50d
891,272 Niittymaa Katu,,Helsinki,Uusimaa,00830,Helsinki,c0698862-6a41-47d5-afac-64b8cbcdf64b
892,449 Rautomäki Katu Suite 24,,Raasepori,Uusimaa,10660,Raasepori,02df4ff6-0fc4-4a9a-b2af-799a095b26f9
893,873 Karppanen Katu Unit 79,,Loviisa,Uusimaa,07910,Loviisa,32c2a2b7-5723-42ac-b4aa-17d6558ec8a6
894,801 Viljaniemi Katu,,Hyvinkää,Uusimaa,05800,Hyvinkää,fb0eaf78-2256-49e8-84c2-371abe6912ef
895,525 Grommi Katu,,Espoo,Uusimaa,02120,Espoo,8955f4d2-3de1-4aaf-80c6-cc7427201f39
896,331 Reed Katu Apt 13,,Helsinki,Uusimaa,00690,Helsinki,cd676176-dde5-49d4-b909-df5e7e64b783
897,1026 Martiskin Katu Unit 84,,Vantaa,Uusimaa,01340,Vantaa,e6edcf33-3eda-42a4-911e-b2a7a293adc1
898,484 Åkesson Katu Apt 57,,Vantaa,Uusimaa,01710,Vantaa,3001350b-03ed-4044-b3be-50d8c0a55add
899,472 Luokkamäki Katu Unit 67,,Espoo,Uusimaa,02170,Espoo,f15b5a73-c5fc-44c6-939e-f45938fb0744
900,1023 Yhtiö Katu Apt 23,,Espoo,Uusimaa,02280,Espoo,0bb9388f-e1cb-4f8e-8970-af1ba2cfd2c3
901,367 Pohjaranta Katu Apt 75,,Helsinki,Uusimaa,00980,Helsinki,9327f885-67a8-4f07-b604-f7a80f4bafb3
902,237 Salama Katu,,Vantaa,Uusimaa,01380,Vantaa,c7a4326e-7d4d-4365-bc7a-32e824bb38ba
903,730 Ääritalo Katu,,Espoo,Uusimaa,02160,Espoo,87247886-3fa2-4397-b454-f42af1619caf
904,429 Vähälummukka Katu,,Helsinki,Uusimaa,00530,Helsinki,1049aa82-580e-465e-9f63-38668fcff696
905,851 Mäkikallio Katu,,Raasepori,Uusimaa,10480,Raasepori,38dbaee2-a297-42c2-9a02-db981f063c7f
906,100 Fisher Katu Unit 71,,Vantaa,Uusimaa,01350,Vantaa,dbc31f5c-45c5-4ff5-b118-f14168c8c534
907,365 Yli-Peltomaa Katu,,Espoo,Uusimaa,02170,Espoo,5649ef54-7982-46c4-a711-5792d8bed9cc
908,695 Kritz Katu Apt 32,,Helsinki,Uusimaa,00190,Helsinki,1f0c4acd-2bce-4cd9-934a-55e49a8f394e
909,379 Virko Katu Unit 41,,Helsinki,Uusimaa,00120,Helsinki,5484b715-fe74-46ed-98e5-0d62c8196b39
910,452 Kuhalampi Katu,,Helsinki,Uusimaa,00990,Helsinki,7477f853-7f04-478c-aa0f-875646ba958d
911,947 Kella Katu,,Helsinki,Uusimaa,00250,Helsinki,1fbd4d92-d89d-4365-a9d1-e0cc6029f807
912,243 Mentu Katu Suite 20,,Helsinki,Uusimaa,00650,Helsinki,3b69bd90-d7c5-4f51-9d42-63d407add172
913,771 Kiintonen Katu Unit 84,,Lohja,Uusimaa,09520,Lohja,26ac3195-edd3-4875-948d-cd5f56cb132b
914,166 Öhrnberg Katu,,Helsinki,Uusimaa,00300,Helsinki,1ccbf35c-cc18-41d4-a29d-48161e2b75da
915,966 Watia Katu Apt 56,,Espoo,Uusimaa,02180,Espoo,f0a25291-18e5-4d10-ab6b-431da6fd3d99
916,290 Lahdenvuo Katu Apt 47,,Lohja,Uusimaa,09520,Lohja,eebadf33-315e-4865-8e4d-3b42a87cf2a5
917,997 Jukola Katu Apt 91,,Helsinki,Uusimaa,00900,Helsinki,fbea85d7-d250-4deb-b492-890f2073376c
918,558 Koskimo Katu Suite 73,,Helsinki,Uusimaa,00210,Helsinki,c9b108ed-4bfd-43f1-a1d3-da07750a4db0
919,1046 Leikas Katu Suite 72,,Kerava,Uusimaa,04230,Kerava,968d5122-e09f-4666-950b-518d3d822244
920,162 Tirronen Katu Unit 31,,Raasepori,Uusimaa,10660,Raasepori,5870bd77-ce94-4b80-9b6f-3f9538d3c6a2
921,1017 Taha Katu,,Helsinki,Uusimaa,00730,Helsinki,bddf7845-eaaa-4081-94a3-cf998afc6587
922,148 Lainas Katu Apt 52,,Kirkkonummi,Uusimaa,02440,Kirkkonummi,3586fa14-77b7-4908-8d87-b65d9abdf396
923,223 Hautojärvi Katu,,Tuusula,Uusimaa,04360,Tuusula,6d66033b-1c53-4500-aa02-2ca4333a31d9
924,523 Yli-Korpela Katu,,Helsinki,Uusimaa,00520,Helsinki,8223691b-3c35-4adf-ae99-591411db681b
925,161 Toivomäki Katu Unit 26,,Espoo,Uusimaa,02760,Espoo,f2243bd2-f43f-45c5-92ad-d7e0a6d15ff9
