person_id,gender_concept_id,year_of_birth,month_of_birth,day_of_birth,birth_datetime,race_concept_id,ethnicity_concept_id,location_id,provider_id,care_site_id,person_source_value,gender_source_value,gender_source_concept_id,race_source_value,race_source_concept_id,ethnicity_source_value,ethnicity_source_concept_id
822,8532,2012,11,25,,8527,0,822,,,ad579940-626f-4906-999a-60e59bbe1711,F,0,white,0,nonhispanic,0
823,8532,2000,11,15,,8527,0,823,,,aecab01d-1e80-410d-b03f-8e68f7f4d774,F,0,white,0,nonhispanic,0
824,8532,2001,2,6,,8527,0,824,,,31dad168-a41f-4497-a95d-8f94f1139287,F,0,white,0,nonhispanic,0
825,8507,1998,12,14,,8527,0,825,,,2f3640e3-738f-4339-88f6-4d3495270a60,M,0,white,0,nonhispanic,0
826,8532,1994,12,29,,8527,0,826,,,ef9b88ed-1369-4a6f-ad2b-330b7477f76a,F,0,white,0,nonhispanic,0
827,8532,2005,12,1,,8527,0,827,,,fb0228b8-b0b5-4fd7-a9a9-2708dc08982f,F,0,white,0,nonhispanic,0
828,8507,1984,7,14,,8527,0,828,,,ead7c369-121d-40c0-8319-0c1c93d33102,M,0,white,0,nonhispanic,0
829,8532,2004,7,31,,8527,0,829,,,0ce71596-6f47-413c-a742-60acaf3dd180,F,0,white,0,nonhispanic,0
830,8507,1910,12,9,,8527,0,830,,,248a379e-b099-420c-ae7c-8637ee529fb9,M,0,white,0,nonhispanic,0
831,8532,1963,8,3,,8527,0,831,,,e5a33ff3-90b9-45e3-80de-a03a1b88047f,F,0,white,0,nonhispanic,0
832,8532,1980,12,10,,8527,0,832,,,202cfad8-cc69-4f36-ac32-b30eab008024,F,0,white,0,nonhispanic,0
833,8507,1997,12,14,,8527,0,833,,,01108486-43bc-4ed1-a619-2c8b33b6f3f2,M,0,white,0,nonhispanic,0
834,8532,2007,9,30,,8527,0,834,,,3d24e9d0-1154-49b7-b9f0-0436082f725e,F,0,white,0,nonhispanic,0
835,8507,1973,3,9,,8527,0,835,,,ba6acbf3-2b12-494b-9fc7-f92d086109d7,M,0,white,0,nonhispanic,0
836,8532,1963,11,7,,8527,0,836,,,19842940-9883-4d2c-8f38-0abb5e79e7e4,F,0,white,0,nonhispanic,0
837,8507,1943,6,29,,8527,0,837,,,d46faef5-8def-4c6b-90c7-ea8082f62586,M,0,white,0,nonhispanic,0
838,8507,1959,3,19,,8527,0,838,,,a486fb5a-2dc6-4083-93e7-03af5dffeb30,M,0,white,0,nonhispanic,0
839,8507,1940,10,14,,8527,0,839,,,ce867cd2-f1b4-493b-bff8-d8d714277a66,M,0,white,0,nonhispanic,0
840,8507,2017,12,14,,8527,0,840,,,fd70bd1e-8c88-44e2-9640-7efa074bdd43,M,0,white,0,nonhispanic,0
841,8507,1985,9,7,,8527,0,841,,,c41e1653-69b9-4e4c-a380-93ff335e9cc3,M,0,white,0,nonhispanic,0
842,8532,2009,8,8,,8527,0,842,,,88f42f8b-28a0-40ea-89ef-bf0f45501107,F,0,white,0,nonhispanic,0
843,8507,1959,7,12,,8527,0,843,,,694f04ce-ed9c-4636-94c4-9801bc19ef72,M,0,white,0,nonhispanic,0
844,8532,1959,6,8,,8527,0,844,,,abc45649-d0af-4bf0-8434-c9563bb65e03,F,0,white,0,nonhispanic,0
845,8507,1995,8,9,,8527,0,845,,,665602c3-0905-423c-ac40-ccad11776f7e,M,0,white,0,nonhispanic,0
846,8532,2012,4,30,,8527,0,846,,,ce859557-219f-4b16-9f83-2ddeb45b2afa,F,0,white,0,nonhispanic,0
847,8532,1982,2,15,,8527,0,847,,,5eed30c7-f104-45e1-a3e4-ee233be1d392,F,0,white,0,nonhispanic,0
848,8532,2000,6,29,,8527,0,848,,,333c93f9-ae39-4647-885f-0e885ba3445f,F,0,white,0,nonhispanic,0
849,8507,2000,4,14,,8527,0,849,,,d988223f-6ec7-4984-a0e4-09341b7e3cfa,M,0,white,0,nonhispanic,0
850,8532,1979,5,13,,8527,0,850,,,afcaf062-7ea0-43c5-a033-aa24b6523bff,F,0,white,0,nonhispanic,0
851,8507,1989,12,18,,8527,0,851,,,22259d75-e610-45ef-9861-8ad452383920,M,0,white,0,nonhispanic,0
852,8507,1910,12,9,,8527,0,852,,,7456eba3-8d69-4acb-98eb-f7b4a00fa091,M,0,white,0,nonhispanic,0
853,8507,1945,3,13,,8527,0,853,,,0e3957a2-b3c2-4782-aeea-91003d1a620f,M,0,white,0,nonhispanic,0
854,8507,1940,10,14,,8527,0,854,,,b491c5e8-f2cc-44c7-bccb-9c781f2ea46a,M,0,white,0,nonhispanic,0
855,8507,1991,10,22,,8527,0,855,,,20133e45-f809-4601-80e0-bde4491d051a,M,0,white,0,nonhispanic,0
856,8532,1961,10,27,,8527,0,856,,,7b5e9586-5eed-4e5b-8727-382ec45e1c4e,F,0,white,0,nonhispanic,0
857,8532,1966,10,18,,8527,0,857,,,27187efb-03be-4f65-b43e-6cc0d89815af,F,0,white,0,nonhispanic,0
858,8532,1946,5,28,,8527,0,858,,,3f03ce59-6847-4c44-b8ac-38f368b9b40e,F,0,white,0,nonhispanic,0
859,8532,1957,3,22,,8527,0,859,,,a6b74944-39c1-49e8-bb3e-4289a495bed5,F,0,white,0,nonhispanic,0
860,8532,1973,9,20,,8527,0,860,,,7f3f291c-83b5-4d2b-899b-c7bebaf2ca15,F,0,white,0,nonhispanic,0
861,8532,1969,11,25,,8527,0,861,,,835140ab-0c9f-4f92-9aa1-9a562b56a895,F,0,white,0,nonhispanic,0
862,8532,1970,1,21,,8527,0,862,,,ab804245-dc17-4339-bb93-d32266848ee4,F,0,white,0,nonhispanic,0
863,8532,1952,11,26,,8527,0,863,,,9d81221e-cea6-4cf3-8752-bf4b86b94fc3,F,0,white,0,nonhispanic,0
864,8532,1974,11,21,,8527,0,864,,,9157b8dd-6c3a-468b-ae06-2651c3a389d4,F,0,white,0,nonhispanic,0
865,8532,1969,7,9,,8527,0,865,,,dd743995-860e-46cd-9918-324717084dfd,F,0,white,0,nonhispanic,0
866,8532,1947,11,24,,8527,0,866,,,722402d3-2138-44a6-a958-6bbb57e81f2e,F,0,white,0,nonhispanic,0
867,8507,1967,1,27,,8527,0,867,,,e5552e01-9bfb-41af-9db4-35765f9b2849,M,0,white,0,nonhispanic,0
868,8507,1968,11,18,,8527,0,868,,,4296fafa-7ff6-4a3a-91a6-b75e8a2210c2,M,0,white,0,nonhispanic,0
869,8532,2017,11,12,,8527,0,869,,,cd344317-f465-473e-b37b-b12514656011,F,0,white,0,nonhispanic,0
870,8532,1946,5,28,,8527,0,870,,,781e2603-c48b-4970-b24a-cda157bd7585,F,0,white,0,nonhispanic,0
871,8507,1978,3,24,,8527,0,871,,,3100dea9-c670-4459-ba31-0ef0d0084a19,M,0,white,0,nonhispanic,0
872,8532,1958,7,6,,8527,0,872,,,ec8b023d-a60a-43c3-bbc0-763bc1069d5f,F,0,white,0,nonhispanic,0
873,8507,1998,4,25,,8527,0,873,,,116b12a7-b6ef-4664-88b7-ece1230a7721,M,0,white,0,nonhispanic,0
874,8532,2002,2,7,,8527,0,874,,,2aec62c3-f8b2-4afd-9695-05a92c8a3866,F,0,white,0,nonhispanic,0
875,8532,2005,4,20,,8527,0,875,,,5833c5f2-19d3-409b-a26e-aba2da64cca6,F,0,white,0,nonhispanic,0
876,8532,1992,7,3,,8527,0,876,,,e3b03ff6-4ea9-44c3-801e-9e9faa7cf784,F,0,white,0,nonhispanic,0
877,8507,1986,7,16,,8527,0,877,,,c3430f6e-6e19-434e-829a-ea8deddd69f9,M,0,white,0,nonhispanic,0
878,8532,1983,1,30,,8527,0,878,,,32dbab55-f39e-4960-b40b-c84e78544a0a,F,0,white,0,nonhispanic,0
879,8532,1970,9,14,,8527,0,879,,,02afa97d-85a3-46d2-874d-22ebe2a8b827,F,0,white,0,nonhispanic,0
880,8532,1960,5,24,,8527,0,880,,,3f947bbd-a31b-4c63-8338-cf9448bbd9dd,F,0,white,0,nonhispanic,0
881,8507,1959,2,4,,8527,0,881,,,658afba2-2588-4f5b-8e15-e08a0f6a15b5,M,0,white,0,nonhispanic,0
882,8507,1997,11,23,,8527,0,882,,,bb45e1ac-ad79-4114-9ffe-f34eedbbecd3,M,0,white,0,nonhispanic,0
883,8532,2019,10,18,,8527,0,883,,,58776ff2-af05-4385-9fc9-9978a197d0f6,F,0,white,0,nonhispanic,0
884,8532,1921,7,28,,8527,0,884,,,e281b9c6-d609-4c22-853d-144abe6cecfe,F,0,white,0,nonhispanic,0
885,8507,1949,6,15,,8527,0,885,,,fdb84e14-83cf-4192-aa03-73223db75d4c,M,0,white,0,nonhispanic,0
886,8507,1997,10,16,,8527,0,886,,,45437858-f42e-4297-943d-4e1256125c80,M,0,white,0,nonhispanic,0
887,8532,1985,1,17,,8527,0,887,,,7acb42ae-4986-4fea-bfff-4d43197df4a6,F,0,white,0,nonhispanic,0
888,8507,1999,5,26,,8527,0,888,,,0de4e5e1-ab49-49e6-84c8-34e65345dcfd,M,0,white,0,nonhispanic,0
889,8507,1955,9,6,,8527,0,889,,,d08e4836-f80b-400f-bb2b-6d1d06d767ac,M,0,white,0,nonhispanic,0
890,8532,1987,11,28,,8527,0,890,,,b76615a9-2e20-4c03-a2f4-77145147d50d,F,0,white,0,nonhispanic,0
891,8532,1986,12,20,,8527,0,891,,,c0698862-6a41-47d5-afac-64b8cbcdf64b,F,0,white,0,nonhispanic,0
892,8507,1989,1,6,,8527,0,892,,,02df4ff6-0fc4-4a9a-b2af-799a095b26f9,M,0,white,0,nonhispanic,0
893,8507,1994,11,19,,8527,0,893,,,32c2a2b7-5723-42ac-b4aa-17d6558ec8a6,M,0,white,0,nonhispanic,0
894,8532,1950,8,6,,8527,0,894,,,fb0eaf78-2256-49e8-84c2-371abe6912ef,F,0,white,0,nonhispanic,0
895,8507,1965,4,9,,8527,0,895,,,8955f4d2-3de1-4aaf-80c6-cc7427201f39,M,0,white,0,nonhispanic,0
896,8532,1997,10,10,,8527,0,896,,,cd676176-dde5-49d4-b909-df5e7e64b783,F,0,white,0,nonhispanic,0
897,8507,1976,11,6,,8527,0,897,,,e6edcf33-3eda-42a4-911e-b2a7a293adc1,M,0,white,0,nonhispanic,0
898,8532,2005,8,31,,8527,0,898,,,3001350b-03ed-4044-b3be-50d8c0a55add,F,0,white,0,nonhispanic,0
899,8532,1976,6,3,,8527,0,899,,,f15b5a73-c5fc-44c6-939e-f45938fb0744,F,0,white,0,nonhispanic,0
900,8532,1989,4,26,,8527,0,900,,,0bb9388f-e1cb-4f8e-8970-af1ba2cfd2c3,F,0,white,0,nonhispanic,0
901,8532,2002,10,25,,8527,0,901,,,9327f885-67a8-4f07-b604-f7a80f4bafb3,F,0,white,0,nonhispanic,0
902,8532,2000,4,19,,8527,0,902,,,c7a4326e-7d4d-4365-bc7a-32e824bb38ba,F,0,white,0,nonhispanic,0
903,8507,1980,8,14,,8527,0,903,,,87247886-3fa2-4397-b454-f42af1619caf,M,0,white,0,nonhispanic,0
904,8507,1955,9,6,,8527,0,904,,,1049aa82-580e-465e-9f63-38668fcff696,M,0,white,0,nonhispanic,0
905,8507,1986,7,16,,8527,0,905,,,38dbaee2-a297-42c2-9a02-db981f063c7f,M,0,white,0,nonhispanic,0
906,8532,2013,4,4,,8527,0,906,,,dbc31f5c-45c5-4ff5-b118-f14168c8c534,F,0,white,0,nonhispanic,0
907,8532,1975,7,14,,8527,0,907,,,5649ef54-7982-46c4-a711-5792d8bed9cc,F,0,white,0,nonhispanic,0
908,8532,2015,5,10,,8527,0,908,,,1f0c4acd-2bce-4cd9-934a-55e49a8f394e,F,0,white,0,nonhispanic,0
909,8532,1983,11,19,,8527,0,909,,,5484b715-fe74-46ed-98e5-0d62c8196b39,F,0,white,0,nonhispanic,0
910,8532,1988,10,15,,8527,0,910,,,7477f853-7f04-478c-aa0f-875646ba958d,F,0,white,0,nonhispanic,0
911,8507,1940,6,26,,8527,0,911,,,1fbd4d92-d89d-4365-a9d1-e0cc6029f807,M,0,white,0,nonhispanic,0
912,8532,1968,4,10,,8527,0,912,,,3b69bd90-d7c5-4f51-9d42-63d407add172,F,0,white,0,nonhispanic,0
913,8507,1957,7,5,,8527,0,913,,,26ac3195-edd3-4875-948d-cd5f56cb132b,M,0,white,0,nonhispanic,0
914,8507,1955,12,3,,8527,0,914,,,1ccbf35c-cc18-41d4-a29d-48161e2b75da,M,0,white,0,nonhispanic,0
915,8507,2017,7,14,,8527,0,915,,,f0a25291-18e5-4d10-ab6b-431da6fd3d99,M,0,white,0,nonhispanic,0
916,8507,1952,7,15,,8527,0,916,,,eebadf33-315e-4865-8e4d-3b42a87cf2a5,M,0,white,0,nonhispanic,0
917,8507,1995,3,12,,8527,0,917,,,fbea85d7-d250-4deb-b492-890f2073376c,M,0,white,0,nonhispanic,0
918,8532,1968,7,31,,8527,0,918,,,c9b108ed-4bfd-43f1-a1d3-da07750a4db0,F,0,white,0,nonhispanic,0
919,8507,2017,9,4,,8527,0,919,,,968d5122-e09f-4666-950b-518d3d822244,M,0,white,0,nonhispanic,0
920,8507,1969,8,12,,8527,0,920,,,5870bd77-ce94-4b80-9b6f-3f9538d3c6a2,M,0,white,0,nonhispanic,0
921,8507,1967,6,21,,8527,0,921,,,bddf7845-eaaa-4081-94a3-cf998afc6587,M,0,white,0,nonhispanic,0
922,8507,1987,8,10,,8527,0,922,,,3586fa14-77b7-4908-8d87-b65d9abdf396,M,0,white,0,nonhispanic,0
923,8532,1992,10,11,,8527,0,923,,,6d66033b-1c53-4500-aa02-2ca4333a31d9,F,0,white,0,nonhispanic,0
924,8507,1969,4,28,,8527,0,924,,,8223691b-3c35-4adf-ae99-591411db681b,M,0,white,0,nonhispanic,0
925,8532,1946,5,18,,8527,0,925,,,f2243bd2-f43f-45c5-92ad-d7e0a6d15ff9,F,0,white,0,nonhispanic,0
