location_id,address_1,address_2,city,state,zip,county,location_source_value
210,161 Sailas Katu,,Vantaa,Uusimaa,01530,Vantaa,18f6d26f-d362-4acd-95d0-8ef1bb1464b2
211,892 Ala-Hynnilä Katu Suite 26,,Helsinki,Uusimaa,00960,Helsinki,8430f009-34b8-42f3-b4d8-f2fb708a3af3
212,623 Patel Katu Apt 14,,Helsinki,Uusimaa,00420,Helsinki,e581d82a-dfbe-4872-8204-703ba274b0cb
213,417 Krause Katu,,Helsinki,Uusimaa,00760,Helsinki,be2c06ee-0f11-4305-bcee-24e920e87f1f
214,194 Tikka Katu Apt 78,,Helsinki,Uusimaa,00250,Helsinki,87415f7c-2d97-4a5f-bbcf-9e3cd1f7478e
215,420 Vaskimo Katu Apt 44,,Espoo,Uusimaa,02680,Espoo,afec0907-9cc0-4abe-b203-fd2b10131ac0
216,787 Rahiala Katu Apt 64,,Porvoo,Uusimaa,06650,Porvoo,06dbfe2e-bfc2-4a0b-92d1-58d4f3bf3cf3
217,567 Murray Katu,,Espoo,Uusimaa,02680,Espoo,7b8d6aae-322b-4510-9d15-31d965ce4a00
218,160 Juvala Katu Suite 48,,Kerava,Uusimaa,04230,Kerava,3d5623e4-221e-461d-9b10-ec2794d255c5
219,439 Osma Katu Suite 86,,Helsinki,Uusimaa,00830,Helsinki,d47efb09-9773-4175-9810-58f4b0c6ba72
220,633 Sailio Katu Unit 38,,Helsinki,Uusimaa,00610,Helsinki,e8bc1b6d-027f-404e-a74d-3339a9575a57
221,528 Boström Katu,,Helsinki,Uusimaa,00840,Helsinki,762b79ac-06a3-4a73-a9e9-605d9decfc63
222,1072 Vihola Katu Suite 20,,Espoo,Uusimaa,02920,Espoo,433b256c-4232-4861-96ac-d8e80b768b27
223,377 Korpi Katu Apt 18,,Vantaa,Uusimaa,01730,Vantaa,d2308998-f990-4257-b6cd-183dd8c053be
224,458 Pajukanta Katu Suite 75,,Sipoo,Uusimaa,04130,Sipoo,a2a54b21-78f3-489a-a94c-2aebcae82bb2
225,999 Soivio Katu,,Helsinki,Uusimaa,00220,Helsinki,ef761996-a211-4dd4-b65e-822cdf925393
226,631 Kotajärvi Katu Suite 46,,Siuntio,Uusimaa,02580,Siuntio,42d19c33-b858-4fc5-a058-9306c81e904d
227,181 Ståhlstedt Katu Unit 4,,Helsinki,Uusimaa,00770,Helsinki,5fc1dfab-4917-4a3a-a0f7-2783f8984505
228,763 Latvakangas Katu,,Hyvinkää,Uusimaa,05820,Hyvinkää,8678ee46-c195-4911-8b5d-980fff275bd5
229,408 Schultz Katu,,Helsinki,Uusimaa,00940,Helsinki,b3f612cd-7c87-4621-bf3c-87f1d7e19f14
230,502 Granath Katu,,Espoo,Uusimaa,02610,Espoo,0a12ff72-888c-4238-981f-cd42e9c2d9b2
231,691 Kullaa Katu,,Espoo,Uusimaa,02260,Espoo,1c2d7679-7ece-4a4d-8c17-a3a05a290768
232,938 Tiimo Katu Unit 49,,Helsinki,Uusimaa,00390,Helsinki,6bea3430-f552-40ed-849d-4558d9109177
233,928 Santapukki Katu,,Helsinki,Uusimaa,00290,Helsinki,74d7ff13-5f86-4774-b7cc-a6601d384fd5
234,405 Hevosmaa Katu Suite 97,,Espoo,Uusimaa,02610,Espoo,a7600ec0-441b-4bab-8ca9-fb0220b0a018
235,1092 Kukkoaho Katu Apt 36,,Porvoo,Uusimaa,06400,Porvoo,610824d0-901a-4993-9d66-f01cf0f9b4d0
236,183 Lauren Katu,,Helsinki,Uusimaa,00280,Helsinki,2dbe6347-a791-48da-8ab7-243ab1b66d80
237,1068 Seikkala Katu Unit 38,,Mäntsälä,Uusimaa,04920,Mäntsälä,70ef56a7-19ee-41c5-abf4-ba1b77a3e118
238,885 Majanen Katu Suite 66,,Helsinki,Uusimaa,00800,Helsinki,b807dd04-f5e8-443c-ac5e-43f3822f4cf4
239,116 Helläkoski Katu,,Helsinki,Uusimaa,00540,Helsinki,ffe94990-4a20-4701-8324-1fc8020a7c8e
240,517 Malvikko Katu,,Helsinki,Uusimaa,00210,Helsinki,4daacd15-24b7-4472-af65-e5e6a26cff9e
241,734 Palo-oja Katu Unit 53,,Vihti,Uusimaa,03220,Vihti,dc5c63d8-4099-4bff-b30c-eff014aa8435
242,497 Hallama Katu Unit 54,,Hyvinkää,Uusimaa,05950,Hyvinkää,cb369a43-e4ba-4fbc-84bf-8e603fbf2e86
243,323 Vähä-Karvia Katu Suite 37,,Vihti,Uusimaa,03400,Vihti,6078fd70-a6bb-4806-949e-b4b42eac3b18
244,254 Sulkunen Katu Unit 84,,Helsinki,Uusimaa,00220,Helsinki,64bf5a11-7083-4868-b420-a7f8e229fbbf
245,378 Kimonen Katu,,Helsinki,Uusimaa,00210,Helsinki,46fabef0-1d5f-44e4-87c7-f8d720ee67b4
246,302 Porko Katu Suite 44,,Mäntsälä,Uusimaa,04820,Mäntsälä,78fe9da8-8024-4dfe-b95a-6ce1510a4ac4
247,491 Siemssen Katu,,Vantaa,Uusimaa,01740,Vantaa,573591f9-4e24-4425-8039-0be6cdab9c88
248,1099 Frick Katu,,Espoo,Uusimaa,02740,Espoo,037ad6fd-fe19-4c5a-a719-fc038616ae41
249,700 Pyhäluoto Katu,,Helsinki,Uusimaa,00870,Helsinki,c0316922-bc63-47db-aa44-5d83e010558b
250,996 Jylö Katu Apt 35,,Espoo,Uusimaa,02760,Espoo,cea645cc-81e1-491a-88f8-4ab4d12fe7d1
251,354 Kiekara Katu Apt 70,,Helsinki,Uusimaa,00940,Helsinki,a7566274-279c-4666-bb88-e111a808d413
252,509 Senilä Katu,,Helsinki,Uusimaa,00770,Helsinki,136fbb61-f197-4b15-ac78-ddcd08abd275
253,821 Poppius Katu Suite 18,,Vantaa,Uusimaa,01420,Vantaa,960e95ef-8c57-4873-82c7-ff8fdd124684
254,735 Larvi Katu,,Helsinki,Uusimaa,00870,Helsinki,f0b0cfcd-ecf2-4515-88ac-adf815ca3cda
255,1029 Leppisaari Katu Suite 10,,Helsinki,Uusimaa,00340,Helsinki,1f670362-d8a5-44ab-8474-a64d31376acb
256,201 Rikman Katu,,Loviisa,Uusimaa,07955,Loviisa,38e9fe1d-dc94-4978-9ec6-58cd887e085e
257,659 Honkakari Katu Apt 44,,Espoo,Uusimaa,02140,Espoo,e321cdbf-541e-4cd1-b1b3-268777104fca
258,403 Kotaja Katu,,Helsinki,Uusimaa,00570,Helsinki,76c79790-58ee-4583-a0ec-294bc521a05e
259,462 Ruoppa Katu Suite 11,,Tuusula,Uusimaa,04390,Tuusula,17fd7292-d6b4-405f-9419-f39e4c4db3a0
260,518 Soppa Katu Suite 35,,Lohja,Uusimaa,09630,Lohja,8bf94d4a-b017-4498-96c6-2b352983c746
261,631 Juho Katu Suite 58,,Espoo,Uusimaa,02780,Espoo,28039c5f-a78e-4844-b338-2ce72132a07e
262,721 Nuortio Katu,,Helsinki,Uusimaa,00890,Helsinki,85ccf9a9-cb40-402f-8acc-b418ce1ca437
263,684 Tocklin Katu,,Helsinki,Uusimaa,00390,Helsinki,6f29cd55-d5a7-49a5-9baa-cc10820f00ca
264,1098 Sallmén Katu,,Nurmijärvi,Uusimaa,01900,Nurmijärvi,8d2d2e46-990f-40c9-915f-aaca8eb5e3e9
265,861 Wallasvaara Katu Suite 33,,Helsinki,Uusimaa,00730,Helsinki,8d4d704f-faf2-4b0b-9a26-0a427a274418
266,677 Kolhi Katu,,Helsinki,Uusimaa,00180,Helsinki,48a37aab-b666-4323-b7c9-c1ea5a2aff4e
267,854 Pehrsson Katu Unit 59,,Espoo,Uusimaa,02240,Espoo,94083aa0-6beb-4901-b9db-ede7d1d85700
268,436 Panula Katu,,Helsinki,Uusimaa,00410,Helsinki,55eb4d61-3ce3-4007-b153-d174ed518a7b
269,755 Kuittinen Katu,,Helsinki,Uusimaa,00250,Helsinki,b6fa6e85-6224-456c-86a1-30c110f8b693
270,996 Roselius Katu,,Vantaa,Uusimaa,01510,Vantaa,a4287f57-c4bd-4d12-8c95-1d4360e999c4
271,828 Orsila Katu Apt 60,,Tuusula,Uusimaa,04330,Tuusula,fc447b26-9f4f-4f39-aae1-31db3c359a6b
272,291 Siitari Katu Unit 36,,Espoo,Uusimaa,02970,Espoo,c67cc913-9301-4a9d-838f-b37f74a805d0
273,192 Järvenranta Katu Apt 45,,Lohja,Uusimaa,08480,Lohja,5134f305-50b7-4ade-912c-47fc9fe02c19
274,496 Luomanperä Katu,,Helsinki,Uusimaa,00220,Helsinki,da3a0291-2414-4333-ac64-a8510d82b443
275,492 Kuljunlahti Katu Unit 59,,Hyvinkää,Uusimaa,05440,Hyvinkää,933db6c4-361f-45a4-8402-b2dbed0019f8
276,998 Peltovuori Katu Unit 22,,Helsinki,Uusimaa,00880,Helsinki,7c1deb30-2f9f-4497-b361-4f70dbd863fc
277,1064 Haho Katu,,Porvoo,Uusimaa,06850,Porvoo,1b54c034-f5e6-421d-b5e8-949c10b9f21d
278,221 Koskensalo Katu Suite 68,,Kauniainen,Uusimaa,02700,Kauniainen,2ed73b5d-934e-47ad-b44c-eb4b2b9b31e5
279,342 Ansamaa Katu Unit 84,,Vantaa,Uusimaa,01650,Vantaa,bb09427f-f16b-4f3c-a60a-a42803ac2590
280,541 Fredrikson Katu,,Espoo,Uusimaa,02320,Espoo,684c639c-5a5b-4a7f-8fcb-905c23a5672e
281,663 Kaske Katu,,Helsinki,Uusimaa,00300,Helsinki,d12b0ad0-50a5-453d-9540-fd43897281a0
282,336 Arino Katu,,Vantaa,Uusimaa,01420,Vantaa,315c31b2-10b8-401e-9039-cf2fafed89c9
283,220 Jokilahti Katu,,Espoo,Uusimaa,02250,Espoo,613920f9-e222-4d27-9cb7-b49c7400c1b5
284,169 Iso-Hirvelä Katu Apt 90,,Vantaa,Uusimaa,01730,Vantaa,bff64bf4-ccc6-45e9-8d0f-bc037f1a6ca0
285,492 Rapila Katu,,Helsinki,Uusimaa,00270,Helsinki,eabd7684-0aca-4046-bfc1-f019e22796c0
286,597 Forsbäck Katu,,Vantaa,Uusimaa,01710,Vantaa,bc73f953-355a-4559-b088-118b203e3cf7
287,190 Lusminki Katu Apt 7,,Hyvinkää,Uusimaa,05800,Hyvinkää,eba328dc-0333-4023-bac9-adfc5bac78cd
288,135 Salow Katu Unit 70,,Porvoo,Uusimaa,06750,Porvoo,8d39424b-2b26-4294-a390-983a2e342bea
289,881 Ravantti Katu Unit 11,,Vantaa,Uusimaa,01750,Vantaa,4111076f-f9a4-437d-8697-e9032505296a
290,660 Pietiläinen Katu,,Espoo,Uusimaa,02780,Espoo,5004b5a2-ce94-499b-908c-efb5d2af1526
291,431 Orjatsalo Katu Apt 76,,Vantaa,Uusimaa,01400,Vantaa,5367c166-e083-4608-b7be-d4093704f924
292,325 Malmborg Katu,,Helsinki,Uusimaa,00290,Helsinki,68d9139a-f7b6-45b3-b5f6-700ccde00d8e
293,959 Saeed Katu Apt 69,,Raasepori,Uusimaa,10320,Raasepori,c3cd64c5-d728-4125-8969-735d07f1918f
294,869 Häkkänen Katu Apt 28,,Raasepori,Uusimaa,10650,Raasepori,62b3fffc-798e-4684-b9d6-db2c3a25bfd5
295,964 Yli-Kiikka Katu Apt 62,,Hyvinkää,Uusimaa,05510,Hyvinkää,ae37e620-dd73-4b91-8c1c-8ece9fc90272
296,237 Ritokangas Katu,,Espoo,Uusimaa,02920,Espoo,c2383722-b785-4599-b798-a58dcfd79ddb
297,1088 Kuusikko Katu Apt 34,,Kerava,Uusimaa,04250,Kerava,57d57b7e-5b27-4684-b596-eb5e326173d7
298,594 Rautaheimo Katu Apt 12,,Helsinki,Uusimaa,00440,Helsinki,58f414a1-512b-4482-94ea-0c2cb06c832b
299,279 von Hertzen Katu Unit 18,,Helsinki,Uusimaa,00880,Helsinki,f5ac64e6-2298-4707-a5a1-fac2bb992eb3
300,375 Santakangas Katu Apt 22,,Helsinki,Uusimaa,00200,Helsinki,ecba1d81-7d33-4024-9b9a-771fa075b336
301,215 Anoschkin Katu,,Helsinki,Uusimaa,00400,Helsinki,d0c62f54-9af7-49c5-b8ac-018a582be75b
302,837 Freudenthal Katu,,Helsinki,Uusimaa,00950,Helsinki,ea0abe72-60a2-4b0f-a378-62a6d644f069
303,412 Vallivaara Katu Apt 82,,Espoo,Uusimaa,02290,Espoo,112fe2db-cf7c-4951-9d6f-9e55544d0b35
304,720 Dyster Katu Suite 47,,Espoo,Uusimaa,02630,Espoo,6eb31588-f763-422c-a53c-76698521efaa
305,986 Pätilä Katu,,Vantaa,Uusimaa,01340,Vantaa,109ef578-75b2-4f7d-834d-1620027128bd
306,493 Wirlander Katu Suite 20,,Helsinki,Uusimaa,00920,Helsinki,5a255334-a4b4-4225-927f-5132a6fc4406
307,941 Kaarlehto Katu,,Järvenpää,Uusimaa,04430,Järvenpää,e2196a60-f0f8-4a48-b43d-cd8f66f9c638
308,233 Partia Katu Unit 89,,Helsinki,Uusimaa,00580,Helsinki,16d8454b-7548-47fc-b7a4-4f137242272b
309,992 Lohilahti Katu Apt 56,,Kirkkonummi,Uusimaa,02410,Kirkkonummi,c7e80420-223d-474d-8f1e-b8149155c0ed
310,617 Brännström Katu,,Helsinki,Uusimaa,00950,Helsinki,539d8a35-dc5d-4711-801f-8ffed506a36f
311,968 Mahamud Katu,,Tuusula,Uusimaa,04500,Tuusula,34561170-2028-4318-9a3f-a41ec94e3ad9
