person_id,gender_concept_id,year_of_birth,month_of_birth,day_of_birth,birth_datetime,race_concept_id,ethnicity_concept_id,location_id,provider_id,care_site_id,person_source_value,gender_source_value,gender_source_concept_id,race_source_value,race_source_concept_id,ethnicity_source_value,ethnicity_source_concept_id
210,8507,2015,8,8,,8527,0,210,,,18f6d26f-d362-4acd-95d0-8ef1bb1464b2,M,0,white,0,nonhispanic,0
211,8532,1987,3,8,,8527,0,211,,,8430f009-34b8-42f3-b4d8-f2fb708a3af3,F,0,white,0,nonhispanic,0
212,8507,1983,1,21,,8527,0,212,,,e581d82a-dfbe-4872-8204-703ba274b0cb,M,0,white,0,nonhispanic,0
213,8507,1990,12,7,,8527,0,213,,,be2c06ee-0f11-4305-bcee-24e920e87f1f,M,0,white,0,nonhispanic,0
214,8507,1977,6,24,,8527,0,214,,,87415f7c-2d97-4a5f-bbcf-9e3cd1f7478e,M,0,white,0,nonhispanic,0
215,8532,1979,7,31,,8527,0,215,,,afec0907-9cc0-4abe-b203-fd2b10131ac0,F,0,white,0,nonhispanic,0
216,8532,1962,10,6,,8527,0,216,,,06dbfe2e-bfc2-4a0b-92d1-58d4f3bf3cf3,F,0,white,0,nonhispanic,0
217,8532,1999,6,8,,8527,0,217,,,7b8d6aae-322b-4510-9d15-31d965ce4a00,F,0,white,0,nonhispanic,0
218,8507,1957,2,9,,8527,0,218,,,3d5623e4-221e-461d-9b10-ec2794d255c5,M,0,white,0,nonhispanic,0
219,8532,1999,5,25,,8527,0,219,,,d47efb09-9773-4175-9810-58f4b0c6ba72,F,0,white,0,nonhispanic,0
220,8532,1949,2,17,,8527,0,220,,,e8bc1b6d-027f-404e-a74d-3339a9575a57,F,0,white,0,nonhispanic,0
221,8532,1960,12,29,,8527,0,221,,,762b79ac-06a3-4a73-a9e9-605d9decfc63,F,0,white,0,nonhispanic,0
222,8507,2004,5,18,,8527,0,222,,,433b256c-4232-4861-96ac-d8e80b768b27,M,0,white,0,nonhispanic,0
223,8507,1972,5,19,,8527,0,223,,,d2308998-f990-4257-b6cd-183dd8c053be,M,0,white,0,nonhispanic,0
224,8532,1979,9,29,,8527,0,224,,,a2a54b21-78f3-489a-a94c-2aebcae82bb2,F,0,white,0,nonhispanic,0
225,8507,1984,6,24,,8527,0,225,,,ef761996-a211-4dd4-b65e-822cdf925393,M,0,white,0,nonhispanic,0
226,8532,1982,10,8,,8527,0,226,,,42d19c33-b858-4fc5-a058-9306c81e904d,F,0,white,0,nonhispanic,0
227,8507,1949,4,13,,8527,0,227,,,5fc1dfab-4917-4a3a-a0f7-2783f8984505,M,0,white,0,nonhispanic,0
228,8532,1974,1,23,,8527,0,228,,,8678ee46-c195-4911-8b5d-980fff275bd5,F,0,white,0,nonhispanic,0
229,8532,1976,4,16,,8527,0,229,,,b3f612cd-7c87-4621-bf3c-87f1d7e19f14,F,0,white,0,nonhispanic,0
230,8532,1981,7,16,,8527,0,230,,,0a12ff72-888c-4238-981f-cd42e9c2d9b2,F,0,white,0,nonhispanic,0
231,8507,1979,2,17,,8527,0,231,,,1c2d7679-7ece-4a4d-8c17-a3a05a290768,M,0,white,0,nonhispanic,0
232,8507,2013,11,28,,8527,0,232,,,6bea3430-f552-40ed-849d-4558d9109177,M,0,white,0,nonhispanic,0
233,8532,2012,1,13,,8527,0,233,,,74d7ff13-5f86-4774-b7cc-a6601d384fd5,F,0,white,0,nonhispanic,0
234,8532,1960,3,2,,8527,0,234,,,a7600ec0-441b-4bab-8ca9-fb0220b0a018,F,0,white,0,nonhispanic,0
235,8507,1963,10,30,,8527,0,235,,,610824d0-901a-4993-9d66-f01cf0f9b4d0,M,0,white,0,nonhispanic,0
236,8507,1964,3,17,,8527,0,236,,,2dbe6347-a791-48da-8ab7-243ab1b66d80,M,0,white,0,nonhispanic,0
237,8507,1963,9,30,,8527,0,237,,,70ef56a7-19ee-41c5-abf4-ba1b77a3e118,M,0,white,0,nonhispanic,0
238,8532,1964,2,22,,8527,0,238,,,b807dd04-f5e8-443c-ac5e-43f3822f4cf4,F,0,white,0,nonhispanic,0
239,8532,1978,11,14,,8527,0,239,,,ffe94990-4a20-4701-8324-1fc8020a7c8e,F,0,white,0,nonhispanic,0
240,8507,1969,1,28,,8527,0,240,,,4daacd15-24b7-4472-af65-e5e6a26cff9e,M,0,white,0,nonhispanic,0
241,8532,1995,12,29,,8527,0,241,,,dc5c63d8-4099-4bff-b30c-eff014aa8435,F,0,white,0,nonhispanic,0
242,8532,1998,7,17,,8527,0,242,,,cb369a43-e4ba-4fbc-84bf-8e603fbf2e86,F,0,white,0,nonhispanic,0
243,8532,2001,9,3,,8527,0,243,,,6078fd70-a6bb-4806-949e-b4b42eac3b18,F,0,white,0,nonhispanic,0
244,8507,1970,3,17,,8527,0,244,,,64bf5a11-7083-4868-b420-a7f8e229fbbf,M,0,white,0,nonhispanic,0
245,8532,1994,10,3,,8527,0,245,,,46fabef0-1d5f-44e4-87c7-f8d720ee67b4,F,0,white,0,nonhispanic,0
246,8507,2015,3,20,,8527,0,246,,,78fe9da8-8024-4dfe-b95a-6ce1510a4ac4,M,0,white,0,nonhispanic,0
247,8532,1994,1,10,,8527,0,247,,,573591f9-4e24-4425-8039-0be6cdab9c88,F,0,white,0,nonhispanic,0
248,8507,1965,11,13,,8527,0,248,,,037ad6fd-fe19-4c5a-a719-fc038616ae41,M,0,white,0,nonhispanic,0
249,8532,1934,12,1,,8527,0,249,,,c0316922-bc63-47db-aa44-5d83e010558b,F,0,white,0,nonhispanic,0
250,8507,1953,3,6,,8527,0,250,,,cea645cc-81e1-491a-88f8-4ab4d12fe7d1,M,0,white,0,nonhispanic,0
251,8532,1947,11,20,,8527,0,251,,,a7566274-279c-4666-bb88-e111a808d413,F,0,white,0,nonhispanic,0
252,8507,1989,7,22,,8527,0,252,,,136fbb61-f197-4b15-ac78-ddcd08abd275,M,0,white,0,nonhispanic,0
253,8507,2000,10,19,,8527,0,253,,,960e95ef-8c57-4873-82c7-ff8fdd124684,M,0,white,0,nonhispanic,0
254,8507,1999,12,13,,8527,0,254,,,f0b0cfcd-ecf2-4515-88ac-adf815ca3cda,M,0,white,0,nonhispanic,0
255,8507,1966,11,26,,8527,0,255,,,1f670362-d8a5-44ab-8474-a64d31376acb,M,0,white,0,nonhispanic,0
256,8532,2015,1,3,,8527,0,256,,,38e9fe1d-dc94-4978-9ec6-58cd887e085e,F,0,white,0,nonhispanic,0
257,8532,1994,11,10,,8527,0,257,,,e321cdbf-541e-4cd1-b1b3-268777104fca,F,0,white,0,nonhispanic,0
258,8532,1991,12,13,,8527,0,258,,,76c79790-58ee-4583-a0ec-294bc521a05e,F,0,white,0,nonhispanic,0
259,8532,2015,9,11,,8527,0,259,,,17fd7292-d6b4-405f-9419-f39e4c4db3a0,F,0,white,0,nonhispanic,0
260,8532,2008,12,31,,8527,0,260,,,8bf94d4a-b017-4498-96c6-2b352983c746,F,0,white,0,nonhispanic,0
261,8532,2000,8,18,,8527,0,261,,,28039c5f-a78e-4844-b338-2ce72132a07e,F,0,white,0,nonhispanic,0
262,8532,2000,2,5,,8527,0,262,,,85ccf9a9-cb40-402f-8acc-b418ce1ca437,F,0,white,0,nonhispanic,0
263,8507,2005,1,19,,8527,0,263,,,6f29cd55-d5a7-49a5-9baa-cc10820f00ca,M,0,white,0,nonhispanic,0
264,8532,2009,8,11,,8527,0,264,,,8d2d2e46-990f-40c9-915f-aaca8eb5e3e9,F,0,white,0,nonhispanic,0
265,8507,1945,11,24,,8527,0,265,,,8d4d704f-faf2-4b0b-9a26-0a427a274418,M,0,white,0,nonhispanic,0
266,8507,2018,7,27,,8527,0,266,,,48a37aab-b666-4323-b7c9-c1ea5a2aff4e,M,0,white,0,nonhispanic,0
267,8507,1957,6,18,,8527,0,267,,,94083aa0-6beb-4901-b9db-ede7d1d85700,M,0,white,0,nonhispanic,0
268,8532,1938,12,23,,8527,0,268,,,55eb4d61-3ce3-4007-b153-d174ed518a7b,F,0,white,0,nonhispanic,0
269,8507,1953,6,18,,8527,0,269,,,b6fa6e85-6224-456c-86a1-30c110f8b693,M,0,white,0,nonhispanic,0
270,8507,1989,9,26,,8527,0,270,,,a4287f57-c4bd-4d12-8c95-1d4360e999c4,M,0,white,0,nonhispanic,0
271,8532,1950,3,31,,8527,0,271,,,fc447b26-9f4f-4f39-aae1-31db3c359a6b,F,0,white,0,nonhispanic,0
272,8507,1980,4,28,,8527,0,272,,,c67cc913-9301-4a9d-838f-b37f74a805d0,M,0,white,0,nonhispanic,0
273,8507,1981,6,30,,8527,0,273,,,5134f305-50b7-4ade-912c-47fc9fe02c19,M,0,white,0,nonhispanic,0
274,8532,1975,10,23,,8527,0,274,,,da3a0291-2414-4333-ac64-a8510d82b443,F,0,white,0,nonhispanic,0
275,8532,2001,9,1,,8527,0,275,,,933db6c4-361f-45a4-8402-b2dbed0019f8,F,0,white,0,nonhispanic,0
276,8532,1955,7,8,,8527,0,276,,,7c1deb30-2f9f-4497-b361-4f70dbd863fc,F,0,white,0,nonhispanic,0
277,8507,1972,1,21,,8527,0,277,,,1b54c034-f5e6-421d-b5e8-949c10b9f21d,M,0,white,0,nonhispanic,0
278,8507,2001,5,26,,8527,0,278,,,2ed73b5d-934e-47ad-b44c-eb4b2b9b31e5,M,0,white,0,nonhispanic,0
279,8507,1989,9,26,,8527,0,279,,,bb09427f-f16b-4f3c-a60a-a42803ac2590,M,0,white,0,nonhispanic,0
280,8507,2007,5,15,,8527,0,280,,,684c639c-5a5b-4a7f-8fcb-905c23a5672e,M,0,white,0,nonhispanic,0
281,8507,1983,7,24,,8527,0,281,,,d12b0ad0-50a5-453d-9540-fd43897281a0,M,0,white,0,nonhispanic,0
282,8507,1976,7,6,,8527,0,282,,,315c31b2-10b8-401e-9039-cf2fafed89c9,M,0,white,0,nonhispanic,0
283,8507,2000,11,21,,8527,0,283,,,613920f9-e222-4d27-9cb7-b49c7400c1b5,M,0,white,0,nonhispanic,0
284,8507,1976,8,14,,8527,0,284,,,bff64bf4-ccc6-45e9-8d0f-bc037f1a6ca0,M,0,white,0,nonhispanic,0
285,8532,1982,5,17,,8527,0,285,,,eabd7684-0aca-4046-bfc1-f019e22796c0,F,0,white,0,nonhispanic,0
286,8507,1997,4,21,,8527,0,286,,,bc73f953-355a-4559-b088-118b203e3cf7,M,0,white,0,nonhispanic,0
287,8532,2013,9,22,,8527,0,287,,,eba328dc-0333-4023-bac9-adfc5bac78cd,F,0,white,0,nonhispanic,0
288,8532,1985,11,30,,8527,0,288,,,8d39424b-2b26-4294-a390-983a2e342bea,F,0,white,0,nonhispanic,0
289,8507,1968,5,3,,8527,0,289,,,4111076f-f9a4-437d-8697-e9032505296a,M,0,white,0,nonhispanic,0
290,8532,1990,2,19,,8527,0,290,,,5004b5a2-ce94-499b-908c-efb5d2af1526,F,0,white,0,nonhispanic,0
291,8507,1968,6,23,,8527,0,291,,,5367c166-e083-4608-b7be-d4093704f924,M,0,white,0,nonhispanic,0
292,8507,1977,6,3,,8527,0,292,,,68d9139a-f7b6-45b3-b5f6-700ccde00d8e,M,0,white,0,nonhispanic,0
293,8532,2003,5,16,,8527,0,293,,,c3cd64c5-d728-4125-8969-735d07f1918f,F,0,white,0,nonhispanic,0
294,8507,1959,7,11,,8527,0,294,,,62b3fffc-798e-4684-b9d6-db2c3a25bfd5,M,0,white,0,nonhispanic,0
295,8532,2001,9,1,,8527,0,295,,,ae37e620-dd73-4b91-8c1c-8ece9fc90272,F,0,white,0,nonhispanic,0
296,8507,1976,6,16,,8527,0,296,,,c2383722-b785-4599-b798-a58dcfd79ddb,M,0,white,0,nonhispanic,0
297,8532,1958,10,10,,8527,0,297,,,57d57b7e-5b27-4684-b596-eb5e326173d7,F,0,white,0,nonhispanic,0
298,8507,1970,4,26,,8527,0,298,,,58f414a1-512b-4482-94ea-0c2cb06c832b,M,0,white,0,nonhispanic,0
299,8532,1975,7,25,,8527,0,299,,,f5ac64e6-2298-4707-a5a1-fac2bb992eb3,F,0,white,0,nonhispanic,0
300,8507,1953,5,2,,8527,0,300,,,ecba1d81-7d33-4024-9b9a-771fa075b336,M,0,white,0,nonhispanic,0
301,8507,1975,7,4,,8527,0,301,,,d0c62f54-9af7-49c5-b8ac-018a582be75b,M,0,white,0,nonhispanic,0
302,8532,1949,3,29,,8527,0,302,,,ea0abe72-60a2-4b0f-a378-62a6d644f069,F,0,white,0,nonhispanic,0
303,8507,1970,5,17,,8527,0,303,,,112fe2db-cf7c-4951-9d6f-9e55544d0b35,M,0,white,0,nonhispanic,0
304,8532,1987,2,25,,8527,0,304,,,6eb31588-f763-422c-a53c-76698521efaa,F,0,white,0,nonhispanic,0
305,8507,1966,5,16,,8527,0,305,,,109ef578-75b2-4f7d-834d-1620027128bd,M,0,white,0,nonhispanic,0
306,8532,1990,10,31,,8527,0,306,,,5a255334-a4b4-4225-927f-5132a6fc4406,F,0,white,0,nonhispanic,0
307,8507,1947,6,20,,8527,0,307,,,e2196a60-f0f8-4a48-b43d-cd8f66f9c638,M,0,white,0,nonhispanic,0
308,8532,1964,5,28,,8527,0,308,,,16d8454b-7548-47fc-b7a4-4f137242272b,F,0,white,0,nonhispanic,0
309,8507,1939,11,11,,8527,0,309,,,c7e80420-223d-474d-8f1e-b8149155c0ed,M,0,white,0,nonhispanic,0
310,8507,1953,5,2,,8527,0,310,,,539d8a35-dc5d-4711-801f-8ffed506a36f,M,0,white,0,nonhispanic,0
311,8507,1912,11,27,,8527,0,311,,,34561170-2028-4318-9a3f-a41ec94e3ad9,M,0,white,0,nonhispanic,0
