START,STOP,PATIENT,ENCOUNTER,CODE,DESCRIPTION
1990-04-29,,34339e05-283e-4e57-a18e-b83e0997ac7c,418c72cf-ce2c-42e0-b92e-613334228733,53741008,Coronary Heart Disease
2011-06-03,,253a829d-ba2c-4e46-bd20-f35ade9d61e9,828ba062-7b55-4cf8-aa7f-4e7672eb7395,53741008,Coronary Heart Disease
1976-04-23,,ea16c5ef-040a-42fb-8449-49e92a141992,e6f609d6-b487-4916-ac8c-19b0ca8f2841,410429000,Cardiac Arrest
1976-04-23,,ea16c5ef-040a-42fb-8449-49e92a141992,e6f609d6-b487-4916-ac8c-19b0ca8f2841,429007001,History of cardiac arrest (situation)
1981-07-23,,d17a5efe-0748-41f0-9590-0ab84371443e,3529f432-3e7c-4e4e-acaf-fb45a76bd11a,53741008,Coronary Heart Disease
1981-09-17,,d17a5efe-0748-41f0-9590-0ab84371443e,73a13541-1578-47ee-90dd-50f209a33bb3,22298006,Myocardial Infarction
1981-09-17,,d17a5efe-0748-41f0-9590-0ab84371443e,73a13541-1578-47ee-90dd-50f209a33bb3,399211009,History of myocardial infarction (situation)
2013-06-08,,d0d22ac8-d26d-4f21-930a-717b10a200d7,54d95524-9f82-4639-a3d4-ab8f015025f0,53741008,Coronary Heart Disease
2011-11-30,,4dc37352-2dcc-4dd5-b740-c4c2536f020b,a0940b5c-a603-4698-9465-d8f09f9f66a2,410429000,Cardiac Arrest
2011-11-30,,4dc37352-2dcc-4dd5-b740-c4c2536f020b,a0940b5c-a603-4698-9465-d8f09f9f66a2,429007001,History of cardiac arrest (situation)
1981-08-24,,f226fb40-c905-439f-9341-d2de05013355,106b9130-da7b-48ba-8352-881f8607e08c,410429000,Cardiac Arrest
1981-08-24,,f226fb40-c905-439f-9341-d2de05013355,106b9130-da7b-48ba-8352-881f8607e08c,429007001,History of cardiac arrest (situation)
2005-08-25,,0144b24b-4e2f-4636-baef-9765a3fba1ab,162aac29-f7a1-464a-87f1-edd7dbe31e1f,49436004,Atrial Fibrillation
1991-04-08,,a6793255-d7a6-4b13-b5d6-63dbaed34c6e,8b323c81-6737-4258-8a47-6e1003a6be3a,230690007,Stroke
1997-07-04,,f1af6a72-010d-4718-8403-c2b215186ce7,59bedf11-34f4-43b4-81a7-1021a85dfbe1,410429000,Cardiac Arrest
1997-07-04,,f1af6a72-010d-4718-8403-c2b215186ce7,59bedf11-34f4-43b4-81a7-1021a85dfbe1,429007001,History of cardiac arrest (situation)
2000-06-16,,80c62dca-3470-4270-a0e1-fa7c663b41b7,ac846747-9efc-4b11-bcee-4132ed5527ca,230690007,Stroke
