START,STOP,PATIENT,PAYER,ENCOUNTER,CODE,DESCRIPTION,BASE_COST,PAYER_COVERAGE,DISPENSES,TOTALCOST,REASONCODE,REASONDESCRIPTION
1990-04-29,,34339e05-283e-4e57-a18e-b83e0997ac7c,b1c428d6-4f07-31e0-90f0-68ffa6ff8c76,418c72cf-ce2c-42e0-b92e-613334228733,705129,Nitroglycerin 0.4 MG/ACTUAT Mucosal Spray,89.59,0.00,363,32521.17,,
1991-05-05,,34339e05-283e-4e57-a18e-b83e0997ac7c,b1c428d6-4f07-31e0-90f0-68ffa6ff8c76,55ebae56-b2dc-4394-86c0-d75f37044b28,312961,Simvastatin 20 MG Oral Tablet,40.32,0.00,351,14152.32,,
1994-05-22,,34339e05-283e-4e57-a18e-b83e0997ac7c,b1c428d6-4f07-31e0-90f0-68ffa6ff8c76,aef1cf78-5b2d-4795-b57a-30b5e9937896,197361,Amlodipine 5 MG Oral Tablet,31.30,0.00,314,9828.20,,
1997-06-08,,34339e05-283e-4e57-a18e-b83e0997ac7c,b1c428d6-4f07-31e0-90f0-68ffa6ff8c76,27749f8a-0122-48ae-a4d6-f5f0f0816ac2,309362,Clopidogrel 75 MG Oral Tablet,35.99,0.00,276,9933.24,,
2011-06-03,,253a829d-ba2c-4e46-bd20-f35ade9d61e9,b1c428d6-4f07-31e0-90f0-68ffa6ff8c76,828ba062-7b55-4cf8-aa7f-4e7672eb7395,309362,Clopidogrel 75 MG Oral Tablet,92.65,0.00,106,9820.90,,
2011-06-03,,253a829d-ba2c-4e46-bd20-f35ade9d61e9,b1c428d6-4f07-31e0-90f0-68ffa6ff8c76,828ba062-7b55-4cf8-aa7f-4e7672eb7395,312961,Simvastatin 20 MG Oral Tablet,26.82,0.00,106,2842.92,,
2011-06-03,,253a829d-ba2c-4e46-bd20-f35ade9d61e9,b1c428d6-4f07-31e0-90f0-68ffa6ff8c76,828ba062-7b55-4cf8-aa7f-4e7672eb7395,197361,Amlodipine 5 MG Oral Tablet,57.70,0.00,106,6116.20,,
2011-06-03,,253a829d-ba2c-4e46-bd20-f35ade9d61e9,b1c428d6-4f07-31e0-90f0-68ffa6ff8c76,828ba062-7b55-4cf8-aa7f-4e7672eb7395,705129,Nitroglycerin 0.4 MG/ACTUAT Mucosal Spray,48.33,0.00,106,5122.98,,
1981-07-23,1981-09-17,d17a5efe-0748-41f0-9590-0ab84371443e,b1c428d6-4f07-31e0-90f0-68ffa6ff8c76,3529f432-3e7c-4e4e-acaf-fb45a76bd11a,705129,Nitroglycerin 0.4 MG/ACTUAT Mucosal Spray,161.01,0.00,1,161.01,,
1981-09-17,1981-09-17,d17a5efe-0748-41f0-9590-0ab84371443e,b1c428d6-4f07-31e0-90f0-68ffa6ff8c76,73a13541-1578-47ee-90dd-50f209a33bb3,833036,Captopril 25 MG Oral Tablet,56.79,0.00,1,56.79,,
2013-06-08,,d0d22ac8-d26d-4f21-930a-717b10a200d7,b1c428d6-4f07-31e0-90f0-68ffa6ff8c76,54d95524-9f82-4639-a3d4-ab8f015025f0,309362,Clopidogrel 75 MG Oral Tablet,34.14,0.00,82,2799.48,,
2013-06-08,,d0d22ac8-d26d-4f21-930a-717b10a200d7,b1c428d6-4f07-31e0-90f0-68ffa6ff8c76,54d95524-9f82-4639-a3d4-ab8f015025f0,312961,Simvastatin 20 MG Oral Tablet,8.01,0.00,82,656.82,,
2013-06-08,,d0d22ac8-d26d-4f21-930a-717b10a200d7,b1c428d6-4f07-31e0-90f0-68ffa6ff8c76,54d95524-9f82-4639-a3d4-ab8f015025f0,197361,Amlodipine 5 MG Oral Tablet,9.61,0.00,82,788.02,,
2013-06-08,,d0d22ac8-d26d-4f21-930a-717b10a200d7,b1c428d6-4f07-31e0-90f0-68ffa6ff8c76,54d95524-9f82-4639-a3d4-ab8f015025f0,705129,Nitroglycerin 0.4 MG/ACTUAT Mucosal Spray,55.24,0.00,82,4529.68,,
2011-11-30,2011-11-30,4dc37352-2dcc-4dd5-b740-c4c2536f020b,b1c428d6-4f07-31e0-90f0-68ffa6ff8c76,a0940b5c-a603-4698-9465-d8f09f9f66a2,1660014,1 ML Epinephrine 1 MG/ML Injection,3.89,0.00,1,3.89,,
2011-11-30,2011-11-30,4dc37352-2dcc-4dd5-b740-c4c2536f020b,b1c428d6-4f07-31e0-90f0-68ffa6ff8c76,a0940b5c-a603-4698-9465-d8f09f9f66a2,834357,3 ML Amiodarone hydrocholoride 50 MG/ML Prefilled Syringe,266.57,0.00,1,266.57,,
2011-11-30,2011-11-30,4dc37352-2dcc-4dd5-b740-c4c2536f020b,b1c428d6-4f07-31e0-90f0-68ffa6ff8c76,a0940b5c-a603-4698-9465-d8f09f9f66a2,1190795,Atropine Sulfate 1 MG/ML Injectable Solution,23.08,0.00,1,23.08,,
2005-08-25,,0144b24b-4e2f-4636-baef-9765a3fba1ab,b1c428d6-4f07-31e0-90f0-68ffa6ff8c76,162aac29-f7a1-464a-87f1-edd7dbe31e1f,855332,Warfarin Sodium 5 MG Oral Tablet,52.18,0.00,177,9235.86,,
2005-08-25,,0144b24b-4e2f-4636-baef-9765a3fba1ab,b1c428d6-4f07-31e0-90f0-68ffa6ff8c76,162aac29-f7a1-464a-87f1-edd7dbe31e1f,897718,Verapamil Hydrochloride 40 MG,164.85,0.00,177,29178.45,,
2005-08-25,,0144b24b-4e2f-4636-baef-9765a3fba1ab,b1c428d6-4f07-31e0-90f0-68ffa6ff8c76,162aac29-f7a1-464a-87f1-edd7dbe31e1f,197604,Digoxin 0.125 MG Oral Tablet,100.21,0.00,177,17737.17,,
