Id,BIRTHDATE,DEATHDATE,SSN,DRIVERS,PASSPORT,PREFIX,FIRST,LAST,SUFFIX,MAIDEN,MARITAL,RACE,ETHNICITY,GENDER,BIRTHPLACE,ADDRESS,CITY,STATE,COUNTY,ZIP,LAT,LON,HEALTHCARE_EXPENSES,HEALTHCARE_COVERAGE
be119cd8-d5b4-4380-934a-0af276972155,1984-07-24,,999-14-7463,S99964826,X5195806X,Mrs.,Blanca,Kaupinsalo,,Valkkio,M,white,nonhispanic,F,Vantaa  Uusimaa  FI,812 Viitikko Katu Apt 63,Helsinki,Uusimaa,Helsinki,00510,60.26254683190036,25.2243066515417,4125.0,0.0
34339e05-283e-4e57-a18e-b83e0997ac7c,1984-05-13,,999-10-8544,S99962724,X38502736X,Mrs.,Mariika,Ukkonen,,Tuhkanen,M,white,nonhispanic,F,Vantaa  Uusimaa  FI,150 Sulkama Katu,Vantaa,Uusimaa,Vantaa,01750,60.260680011515184,24.919681141133776,5500.0,0.0
70dfbb61-0fb1-452b-bc2b-cebdee9d1579,1978-03-25,,999-17-5631,S99941506,X31158604X,Mrs.,Mirette,Hirvikorpi,,Björkqvist,M,white,nonhispanic,F,Loviisa  Uusimaa  FI,400 Sallila Katu Unit 74,Espoo,Uusimaa,Espoo,02230,60.26691544693477,24.80478745290986,4375.0,0.0
422b0e5e-625e-467f-b54a-2155e90111a8,1975-06-16,,999-68-6151,S99943217,X14969245X,Mr.,Sven-Ole,Vuorenmaa,,,M,white,nonhispanic,M,Helsinki  Uusimaa  FI,729 Jaanu Katu,Porvoo,Uusimaa,Porvoo,07370,60.3087499989624,25.80026513389611,4625.0,0.0
b0dd1dac-fd4d-4bb7-b455-b69046c979e6,1972-05-09,,999-11-6398,S99967725,X27682901X,Mr.,Berat,Wiro,,,M,white,nonhispanic,M,Nurmijärvi  Uusimaa  FI,597 Ukkola Katu,Mäntsälä,Uusimaa,Mäntsälä,04840,60.72369209404769,25.404323754427615,4750.0,0.0
d55e18f1-c94e-498d-abb1-f5d5f0cdb505,1969-05-23,,999-24-9041,S99942071,X44514554X,Mrs.,Marla,Koivuvirta,,Lundahn,M,white,nonhispanic,F,Moscow  Moscow  RU,624 Jiang Katu,Helsinki,Uusimaa,Helsinki,00830,60.28235788789707,25.03777400254486,5000.0,0.0
edf2830f-6403-44ba-b4b6-d001193d5f26,2010-12-25,,999-85-6755,,,,Janinpoika,Gottleben,,,,white,nonhispanic,M,Vantaa  Uusimaa  FI,145 Saine Katu,Järvenpää,Uusimaa,Järvenpää,04440,60.51249226973969,25.069838985442516,2250.0,0.0
6b485b38-ad9b-4869-98bc-5ec10f756a63,2003-08-25,,999-39-6266,S99985808,,,Mohamoud,Vartama,,,,white,nonhispanic,F,Nurmijärvi  Uusimaa  FI,909 Kamppuri Katu Apt 53,Lohja,Uusimaa,Lohja,09220,60.24744066708577,23.863824485341983,3125.0,0.0
e3f23118-0bec-4715-b962-97d98d8f9636,1991-09-06,,999-66-5433,S99973506,X24275761X,Mr.,Alireza,Sundberg,,,S,white,nonhispanic,M,Kirkkonummi  Uusimaa  FI,158 Kupi Katu Unit 16,Helsinki,Uusimaa,Helsinki,00700,60.243430682162916,24.98288927211514,3875.0,0.0
15c9f0e2-e203-4aba-9c44-dcd1289c5b62,2018-08-06,,999-50-2174,,,,Krister,Plaami,,,,white,nonhispanic,M,Vantaa  Uusimaa  FI,404 Tocklin Katu Apt 1,Espoo,Uusimaa,Espoo,02920,60.182911371876486,24.648210891069883,1000.0,0.0
af784d77-b4cb-4124-ab94-de563dae6c38,2014-04-25,,999-18-6964,,,,Pyry,Filppa,,,,white,nonhispanic,F,Sipoo  Uusimaa  FI,328 Jankeri Katu Suite 79,Helsinki,Uusimaa,Helsinki,00520,60.230670643747615,25.019756486482095,1750.0,0.0
f4fc6331-49cb-47ed-8d55-95e31e0e78f6,1940-08-12,,999-62-5294,S99928535,X14477597X,Mrs.,Alisha,Hiltula,,Mannismäki,M,white,nonhispanic,F,Helsinki  Uusimaa  FI,295 Anttiroiko Katu,Hyvinkää,Uusimaa,Hyvinkää,05880,60.61001172799932,24.912943805238584,8625.0,0.0
78822d9d-1a58-4841-8d2e-220088faa09b,1971-06-22,,999-28-6977,S99972698,X4892595X,Mr.,Rami,Aroheinä,,,M,white,nonhispanic,M,Espoo  Uusimaa  FI,757 Uusi-Rantala Katu Apt 8,Helsinki,Uusimaa,Helsinki,00370,60.22269853162197,25.063851160075494,4875.0,0.0
253a829d-ba2c-4e46-bd20-f35ade9d61e9,1922-10-27,,999-78-6616,S99933081,X12689579X,Mrs.,Minéa,Ingraeus,,Falck,M,white,nonhispanic,F,Espoo  Uusimaa  FI,652 Karppi Katu Apt 4,Tuusula,Uusimaa,Tuusula,04330,60.42016284067563,25.065589135018033,10750.0,0.0
7e681e5c-99d4-463d-b4fe-dc649c19a10a,1955-11-01,,999-76-7055,S99948600,X32484553X,Mr.,Kustaa,Meckelborg,PhD,,M,white,nonhispanic,M,Espoo  Uusimaa  FI,258 Tuompo Katu Apt 37,Espoo,Uusimaa,Espoo,02810,60.27755999602394,24.606874848266962,6750.0,0.0
b4ab13a9-a672-4d00-bef8-54c2300239e5,1988-03-24,,999-29-1775,S99991959,X43304872X,Mr.,Teemu,Saura,,,M,white,nonhispanic,M,Vantaa  Uusimaa  FI,166 Matinniemi Katu,Helsinki,Uusimaa,Helsinki,00730,60.2625800420365,25.126956807359957,4000.0,0.0
212b3f13-810f-49ed-ba84-e37977c84dbb,1974-10-25,,999-14-2371,S99974322,X61615308X,Mr.,Nero,Niemenkari,,,M,white,nonhispanic,M,Espoo  Uusimaa  FI,369 Paasonen Katu,Helsinki,Uusimaa,Helsinki,00200,60.15483070726263,24.973301130926632,4625.0,0.0
27c1c8b8-e039-4995-a11c-16e8d2613ca5,1972-06-05,,999-13-1922,S99990728,X39898300X,Mr.,Salem,Jokitulppo,,,M,white,nonhispanic,M,Espoo  Uusimaa  FI,108 Turves Katu,Helsinki,Uusimaa,Helsinki,00870,60.17217545237062,24.834081824770156,4750.0,0.0
26b78728-db44-429f-a1c8-aa7942d117a8,1977-11-20,,999-87-1215,S99953063,X32175234X,Mr.,Philip,Huunonen,,,S,white,nonhispanic,M,Vantaa  Uusimaa  FI,130 Filjuta Katu,Helsinki,Uusimaa,Helsinki,00510,60.28130604972674,24.929909288308586,4500.0,0.0
ea16c5ef-040a-42fb-8449-49e92a141992,1938-07-15,,999-75-7378,S99968816,X21531713X,Mrs.,Riikka-Mari,Saariketo,,Alalääkkölä,M,white,nonhispanic,F,Espoo  Uusimaa  FI,583 Taulu Katu Unit 68,Espoo,Uusimaa,Espoo,02100,60.14354119278975,24.740104214677626,9035.05,0.0
937400fd-072c-4ddb-8446-36085c9ea987,1921-11-02,,999-30-7292,S99924931,X59494838X,Mr.,Khalaf,Korkki,,,S,white,nonhispanic,M,Helsinki  Uusimaa  FI,397 Vaajamo Katu Unit 52,Espoo,Uusimaa,Espoo,02240,60.17822573488077,24.766766378178687,10875.0,0.0
946c020a-34d0-4b7e-9764-5bd6b7053b07,2010-12-19,,999-65-4274,,,,Elisia,Jumisko,,,,white,nonhispanic,F,Järvenpää  Uusimaa  FI,975 Sunikka Katu,Helsinki,Uusimaa,Helsinki,00100,60.17809621054152,24.91641530353586,2250.0,0.0
6a6fd0d0-2ca4-4acd-b8e1-31683e4233d6,1975-03-11,,999-85-3865,S99965775,X22961806X,Mr.,Juuse,Oleander,,,M,white,nonhispanic,M,Helsinki  Uusimaa  FI,623 Honkela Katu Apt 19,Helsinki,Uusimaa,Helsinki,00400,60.19070605459514,24.93694031905602,4625.0,0.0
91327787-e247-4104-8c3d-98b31b01e88d,1985-08-23,,999-75-8539,S99950350,X30945701X,Mr.,Basil,Kekola,,,M,white,nonhispanic,M,Lohja  Uusimaa  FI,871 Tersa Katu Suite 24,Helsinki,Uusimaa,Helsinki,00160,60.20785667098825,24.919238094045056,4125.0,0.0
ddab64b8-f26b-4713-b478-ac3f719f5826,1949-05-29,,999-63-8140,S99970405,X74099971X,Mrs.,Taiju,Paasiranta,,Hagert,M,white,nonhispanic,F,Helsinki  Uusimaa  FI,1021 Niiniharju Katu,Karkkila,Uusimaa,Karkkila,03600,60.525180752600484,24.210068710947915,7500.0,0.0
fbbd15d9-fafc-4de7-b577-1bb1bd7d3500,1947-10-18,,999-65-9136,S99975831,X53020671X,Mrs.,Jasmiin,Malmstedt,,Pio,M,white,nonhispanic,F,Helsinki  Uusimaa  FI,133 Punkka Katu Apt 46,Porvoo,Uusimaa,Porvoo,07220,60.47954308951304,25.47152154738246,7750.0,0.0
dc34de8b-c5bb-4ef0-b9de-df8984ea7034,2010-01-15,,999-21-6057,,,,Alvi,Halunen,,,,white,nonhispanic,M,Tuusula  Uusimaa  FI,112 Juurela Katu Suite 86,Kerava,Uusimaa,Kerava,04250,60.39991415978791,25.14697351066314,2375.0,0.0
347d4c09-266a-47de-9d26-9c969e8d6aca,1955-07-25,,999-37-1699,S99966940,X46447227X,Mrs.,Deanna,Danska,,Norhomaa,M,white,nonhispanic,F,Lohja  Uusimaa  FI,262 Kubin Katu Unit 92,Sipoo,Uusimaa,Sipoo,04240,60.38360489780466,25.18247920792391,6750.0,0.0
63ce20c1-df88-4f94-a5ba-09fb3df86c02,1987-10-10,,999-44-8489,S99910789,X75454588X,Mrs.,Minnamaria,Hanén,,Kaarento,M,white,nonhispanic,F,Kerava  Uusimaa  FI,780 Tyykilä Katu Unit 20,Helsinki,Uusimaa,Helsinki,00500,60.18560776737709,24.938676151291176,4000.0,0.0
3253a621-bfe6-423f-a16f-5c36d77e4fb8,1942-03-27,,999-60-6450,S99980538,X55274928X,Mrs.,Anjatta,Raanti,,Haukirauma,M,white,nonhispanic,F,Helsinki  Uusimaa  FI,905 Rinta-Koski Katu Unit 88,Helsinki,Uusimaa,Helsinki,00120,60.23629537761059,24.88780552473708,8375.0,0.0
7c8c25dc-aba1-4df2-9c64-834ef1b4f601,1946-05-12,,999-36-8333,S99925498,X32532466X,Mr.,Nour,Fredman,,,M,white,nonhispanic,M,Raasepori  Uusimaa  FI,660 Laiti Katu Suite 27,Lohja,Uusimaa,Lohja,08100,60.31809238697122,23.853936925356273,7875.0,0.0
1e068eab-7c5c-419d-bf0e-2a003fddb8b9,1972-06-16,,999-66-2504,S99949333,X37715101X,Mrs.,Tarita,Meripaasi,,Sorell,M,white,nonhispanic,F,Espoo  Uusimaa  FI,342 Huynh Katu,Vantaa,Uusimaa,Vantaa,01280,60.21298228168407,24.80346746239065,4750.0,0.0
346217da-e8f1-4d23-8b61-7488a6a3bb1a,1972-12-01,,999-41-4238,S99942398,X41955998X,Mr.,Joonathan,Kiviholma,,,M,white,nonhispanic,M,Vantaa  Uusimaa  FI,304 Raivola Katu,Vantaa,Uusimaa,Vantaa,01670,60.30051045605864,24.821181849750417,4750.0,0.0
4bb60744-6fe8-4d8a-829e-3f0c9342a09b,1997-12-10,,999-52-9324,S99996163,X62286524X,Mr.,Jori-Pekka,Kuhalampi,,,,white,nonhispanic,M,Askola  Uusimaa  FI,347 Soukka Katu,Sipoo,Uusimaa,Sipoo,01190,60.34706231525154,25.423133820185416,3625.0,0.0
088ad0b8-79dd-4560-91a2-0018ba9caf71,1946-09-05,,999-62-7000,S99993469,X86343215X,Mrs.,Esmeralda,Aspa,,Rusk,M,white,nonhispanic,F,Helsinki  Uusimaa  FI,273 Kousa Katu Unit 76,Espoo,Uusimaa,Espoo,02100,60.150012533767296,24.615364374576977,7875.0,0.0
b1a92350-cbb5-4e6e-993e-4bfe4cd7cca3,1977-02-05,,999-38-5598,S99988279,X2590813X,Mr.,Venne,Saukoniemi,,,M,white,nonhispanic,M,Vantaa  Uusimaa  FI,887 Clemes Katu,Tuusula,Uusimaa,Tuusula,04500,60.33231017984626,25.040371142057907,4500.0,0.0
4c8384e9-d0f8-4bfe-a68f-8d19f73282c8,1947-02-07,,999-77-5945,S99926867,X87326562X,Ms.,Tellu,Ervola,,,S,white,nonhispanic,F,Tuusula  Uusimaa  FI,664 Paatsola Katu Suite 63,Vantaa,Uusimaa,Vantaa,01620,60.27299961219343,24.79964385260809,7750.0,0.0
2a6bb146-cd17-4171-be48-1bcfc1c0d679,2005-03-02,,999-95-3826,,,,Erich,Hampunen,,,,white,nonhispanic,M,Espoo  Uusimaa  FI,533 Laari Katu Unit 35,Espoo,Uusimaa,Espoo,02230,60.23697800383999,24.697785020191898,2875.0,0.0
b1b26b25-e9ba-4df5-9781-05b73eea28f1,2006-02-11,,999-83-5872,,,,Willie,Silvasti,,,,white,nonhispanic,M,Toulouse  Occitanie  FR,368 Erjansalo Katu Apt 74,Espoo,Uusimaa,Espoo,02940,60.188612518075466,24.56501874855537,2750.0,0.0
eb0d2168-242e-4e39-8cc1-73c28fd56c31,2017-07-01,,999-60-6331,,,,Donald,Vaaralahti,,,,white,nonhispanic,M,Espoo  Uusimaa  FI,382 Sytelä Katu,Helsinki,Uusimaa,Helsinki,00170,60.19788779622117,24.964213473594665,1250.0,0.0
4ff9482f-e6a6-49f9-990e-776a288ca258,1970-01-17,,999-51-5265,S99985344,X50685249X,Mr.,Pär-Olof,Kerokoski,,,M,white,nonhispanic,M,Tuusula  Uusimaa  FI,107 Akrenius Katu,Helsinki,Uusimaa,Helsinki,00160,60.210544933848844,24.91595741173026,5000.0,0.0
1f166a10-7a63-4a52-8b61-722dbcd09b34,2012-09-29,,999-60-4180,,,,Johny,Karhe,,,,white,nonhispanic,M,Lohja  Uusimaa  FI,940 Kiijärvi Katu,Raasepori,Uusimaa,Raasepori,10600,60.139159762629305,23.586734805253528,2000.0,0.0
b0e4c6fc-9b74-44dc-815f-40c39706c9d4,2004-02-07,,999-94-1207,S99920170,,,Madeleine,Lehkonen,,,,white,nonhispanic,F,Espoo  Uusimaa  FI,578 Käld Katu Unit 62,Nurmijärvi,Uusimaa,Nurmijärvi,01940,60.43669618125885,24.75497832684078,3000.0,0.0
726156ec-9e26-4266-870e-8e8c2f9af4bf,1985-10-23,,999-79-1396,S99939929,X25325352X,Mrs.,Arline,Sviberg,,Helkama,M,white,nonhispanic,F,Tuusula  Uusimaa  FI,266 Ahvenniemi Katu Apt 66,Helsinki,Uusimaa,Helsinki,00940,60.23698979756102,25.05129108009402,4125.0,0.0
ef858e7f-fcaf-4537-a658-d2fdc1ea457e,1983-12-30,,999-45-7528,S99922437,X52761224X,Mr.,Trong,Erviö,,,S,white,nonhispanic,M,Espoo  Uusimaa  FI,495 Repo Katu,Helsinki,Uusimaa,Helsinki,00710,60.24903357104489,25.0231571789035,4125.0,0.0
f5db7357-f76f-4c55-9436-425886a3cc81,1993-11-03,,999-83-9436,S99995480,X17574146X,Mr.,Petrinpoika,Petälä,,,,white,nonhispanic,M,Lyon  Auvergne-Rhone-Alpes  FR,311 Hujala Katu Unit 79,Vantaa,Uusimaa,Vantaa,01350,60.28095517209085,24.847923564212568,3750.0,0.0
38d722a8-7174-4827-8cf5-70d22980b1b4,1965-07-25,,999-87-9387,S99939005,X205374X,Mrs.,Tia-Maria,Mitikka,,Raja,M,white,nonhispanic,F,Järvenpää  Uusimaa  FI,308 Marila Katu,Helsinki,Uusimaa,Helsinki,00400,60.18995600913261,25.109300179674392,5500.0,0.0
674a5cce-1cbc-42f5-bf18-eecef7822bef,1995-08-04,,999-11-7450,S99966667,X22871559X,Mr.,Arlind,Lukin,,,,white,nonhispanic,M,Espoo  Uusimaa  FI,553 Eskola Katu,Helsinki,Uusimaa,Helsinki,00350,60.216630484841865,24.966446960865273,3625.0,0.0
58e45f8f-7598-497e-b8c8-80f09b05983f,1980-12-07,,999-86-5548,S99964469,X35517911X,Mrs.,Liisamari,Riutankoski,,Vaahteranoksa,M,white,nonhispanic,F,Vantaa  Uusimaa  FI,221 Järvimaa Katu,Helsinki,Uusimaa,Helsinki,00510,60.29020278356214,24.94439666189559,4250.0,0.0
e9f08b91-1857-4c5f-bfd3-8ac54724f09d,1959-10-29,,999-57-2546,S99921688,X58113796X,Mrs.,Enne,Näivä,,Rajamaa,M,white,nonhispanic,F,Kirkkonummi  Uusimaa  FI,876 Lauttaanaho Katu Suite 55,Espoo,Uusimaa,Espoo,02330,60.20949410810715,24.81160798870431,6250.0,0.0
272c6b41-ef03-4fde-ba8a-56de1c69c4ef,2013-07-26,,999-28-7048,,,,Terry,Köresaar,,,,white,nonhispanic,M,Mäntsälä  Uusimaa  FI,586 Jurmu Katu Unit 34,Vantaa,Uusimaa,Vantaa,01380,60.310272281086114,24.831963623061814,1875.0,0.0
bf2c65c6-7a28-4c30-b2ce-ede5a306021c,1971-12-22,,999-21-7776,S99948327,X37469910X,Mr.,Jannik,Silovaara,,,M,white,nonhispanic,M,Mäntsälä  Uusimaa  FI,948 Yli-Alho Katu Unit 12,Helsinki,Uusimaa,Helsinki,00750,60.17723891226749,24.993402040771965,4875.0,0.0
80e234fd-ef76-4ce6-9ab6-f8bd920fab92,1952-04-18,,999-77-3847,S99967141,X64605746X,Mrs.,Riikkamari,Larm,,Pääkkö,M,white,nonhispanic,F,Vantaa  Uusimaa  FI,671 Kuja-Halkola Katu,Vantaa,Uusimaa,Vantaa,01420,60.31858840839022,25.102565659835403,7125.0,0.0
39708955-88dc-4fb6-84be-1fba3fc70872,1969-09-30,,999-71-8641,S99983291,X57968295X,Mrs.,Rut,Sormunen,,Rydberg,M,white,nonhispanic,F,Marseille  Provence-Alpes-Cote d'Azur  FR,494 Ravander Katu,Helsinki,Uusimaa,Helsinki,00920,60.21531819253527,24.979597795655174,5000.0,0.0
7c3585ea-9298-484d-aa45-9cb7b0116574,1996-10-08,,999-22-2967,S99929245,X44193438X,Ms.,Federica,Ala-Kokkila,,,,white,nonhispanic,F,Tuusula  Uusimaa  FI,1007 Kytökangas Katu Apt 84,Helsinki,Uusimaa,Helsinki,00280,60.24384408739969,25.094965590392153,3625.0,0.0
32370de4-37f3-483f-8d12-0a86b54da224,1980-10-31,,999-78-8883,S99997530,X42678599X,Mrs.,Rayan,Matikka,PhD,Takamaa,M,white,nonhispanic,F,Helsinki  Uusimaa  FI,451 Alipirjelä Katu Apt 60,Helsinki,Uusimaa,Helsinki,00740,60.198972084569284,24.927938689469073,4250.0,0.0
cca07beb-1314-4f4b-95d3-78e1ce8038dd,1991-07-11,,999-68-9942,S99947551,X73037202X,Mr.,Ario,Lakaniemi,,,S,white,nonhispanic,M,Helsinki  Uusimaa  FI,165 Kalliolinna Katu Apt 48,Vantaa,Uusimaa,Vantaa,01620,60.294195303991685,24.751121065243662,3875.0,0.0
8ba85ab6-abc5-4a8b-8224-76f5119a272c,2016-10-20,,999-33-9301,,,,Ivan,Pusenius,,,,white,nonhispanic,M,Järvenpää  Uusimaa  FI,399 Niiniluoto Katu Unit 32,Helsinki,Uusimaa,Helsinki,00560,60.27792986830752,24.99391321629816,1375.0,0.0
4575f39a-bb80-4dfe-8538-938d00d7d679,2017-03-20,,999-33-8280,,,,Hua,Teinonen,,,,white,nonhispanic,F,Hyvinkää  Uusimaa  FI,326 Vuontisvaara Katu Unit 45,Helsinki,Uusimaa,Helsinki,00300,60.22147164149326,24.905209069017495,1375.0,0.0
e1b57297-493c-4900-9b83-dbf6105a3e9c,2010-02-27,,999-93-3781,,,,Meira,Piela,,,,white,nonhispanic,F,Vantaa  Uusimaa  FI,386 Laipio Katu Apt 98,Espoo,Uusimaa,Espoo,02380,60.15439245557863,24.680532865897355,2375.0,0.0
d17a5efe-0748-41f0-9590-0ab84371443e,1980-05-15,1981-09-17,999-41-6223,,,,Abdiwahab,Holtti,,,,white,nonhispanic,M,Kerava  Uusimaa  FI,1023 Kulluvaara Katu,Espoo,Uusimaa,Espoo,02660,60.10135457818517,24.667171683372505,1217.8,0.0
04240fba-924e-4733-a5b1-25b533dc452e,1961-01-11,,999-65-6423,S99987596,X65832852X,Mr.,Rasim,Brummer,,,M,white,nonhispanic,M,Espoo  Uusimaa  FI,778 Brander Katu Suite 49,Vantaa,Uusimaa,Vantaa,01480,60.33996440850187,24.83524854772284,6125.0,0.0
88836e4f-144d-4e63-984f-08211f469719,1982-03-19,,999-49-7024,S99959354,X19226565X,Mr.,Akim,Heilanen,,,M,white,nonhispanic,M,Kerava  Uusimaa  FI,170 Hyryläinen Katu,Helsinki,Uusimaa,Helsinki,00250,60.19886053318278,25.06956420201464,4250.0,0.0
49bed002-1edc-4c0a-9e95-ef94631aa5df,1980-03-07,,999-51-3456,S99947252,X4158873X,Mrs.,Lotta-Emilia,Teelmäki,,Sarpo,M,white,nonhispanic,F,Helsinki  Uusimaa  FI,262 Liikala Katu,Helsinki,Uusimaa,Helsinki,00730,60.17373691919715,24.968299090450984,4250.0,0.0
2e806cf7-cb45-447f-85ab-8b6c05c2b00f,1949-02-25,,999-41-5935,S99936331,X14601726X,Mrs.,Maisi,Vaali,,Venetjoki,M,white,nonhispanic,F,Kerava  Uusimaa  FI,825 Apilo Katu,Helsinki,Uusimaa,Helsinki,00180,60.2151817848597,25.114895932730935,7500.0,0.0
a4723c23-930c-4d2d-86d7-4bc791399200,1966-08-13,,999-17-8290,S99914564,X77628560X,Ms.,Maaria,Heliövaara,,,S,white,nonhispanic,F,Espoo  Uusimaa  FI,149 Karukka Katu Unit 84,Porvoo,Uusimaa,Porvoo,07410,60.37675139844057,25.751999872440283,5375.0,0.0
d0d22ac8-d26d-4f21-930a-717b10a200d7,1945-02-24,,999-22-4538,S99911540,X58220303X,Mr.,Christopher,Wicklund,,,M,white,nonhispanic,M,Pornainen  Uusimaa  FI,694 Tölmälä Katu,Vantaa,Uusimaa,Vantaa,01640,60.31070018797972,24.96551542859803,8000.0,0.0
d4b3034a-4491-4050-969e-e33bb3d96168,2006-07-04,,999-63-8262,,,,Grant,Lisitsin,,,,white,nonhispanic,M,Helsinki  Uusimaa  FI,874 Saloviin Katu,Kirkkonummi,Uusimaa,Kirkkonummi,02450,60.17198957001837,24.3915707109935,2750.0,0.0
78d58324-4b39-4201-a913-f428eb3f456b,1980-05-15,,999-81-2669,S99955348,X82347539X,Mr.,Jussi-Matti,Huikuri,,,M,white,nonhispanic,M,Helsinki  Uusimaa  FI,599 Ilvesoksa Katu,Espoo,Uusimaa,Espoo,02360,60.15085549429047,24.731617340325272,4250.0,0.0
a597fc46-ef1b-4cde-8a6f-e91969ac6795,1973-11-14,,999-90-4976,S99915887,X89130817X,Ms.,Anila,Uusihanni,,,S,white,nonhispanic,F,Helsinki  Uusimaa  FI,841 Ravolainen Katu,Helsinki,Uusimaa,Helsinki,00590,60.214166830235264,24.91109833105116,4750.0,0.0
3434cf36-50ce-4011-9f57-923539f8184e,1984-03-20,,999-88-1518,S99915294,X40928729X,Mrs.,Enrika,Ylikulju,,Eklund,M,white,nonhispanic,F,Vantaa  Uusimaa  FI,567 Dahlbäck Katu Suite 43,Hyvinkää,Uusimaa,Hyvinkää,05510,60.602400964436335,24.88542694892137,4125.0,0.0
9f789bd2-98f5-45f6-b107-7c8559a582ba,2019-01-02,,999-84-5323,,,,Desire,Zetterman,,,,white,nonhispanic,F,Espoo  Uusimaa  FI,1093 Antikainen Katu Unit 35,Helsinki,Uusimaa,Helsinki,00310,60.19463156643891,24.98766042834756,750.0,0.0
e5a80a5a-9fa4-42fc-92dc-9a195a9122d4,1975-06-02,,999-55-7489,S99950241,X36328179X,Mrs.,Anna-Brita,Clewer,,Routti,M,white,nonhispanic,F,Kerava  Uusimaa  FI,672 Sjölander Katu Apt 20,Helsinki,Uusimaa,Helsinki,00340,60.13247037464175,25.043617918649833,4625.0,0.0
633f7488-dec0-4084-98fc-a44d00f0a275,1964-12-02,,999-67-4911,S99919338,X14966407X,Mr.,Benedict,Hopeakivi,,,M,white,nonhispanic,M,Helsinki  Uusimaa  FI,115 Kivisoja Katu Unit 7,Helsinki,Uusimaa,Helsinki,00140,60.220042209153156,25.155373398861297,5625.0,0.0
0cc1826b-8346-4d70-9533-f36420de9cb2,1950-08-16,,999-25-3544,S99959699,X64930327X,Ms.,Sirius,Pyhäluoto,,,S,white,nonhispanic,F,Helsinki  Uusimaa  FI,227 Himberg Katu Unit 63,Vantaa,Uusimaa,Vantaa,01530,60.30549915132901,24.825763087341237,7375.0,0.0
c5f7f690-9987-4990-a858-4aeea96b4d9a,2010-10-23,,999-75-5849,,,,Zackarias,Isokuortti,,,,white,nonhispanic,M,Helsinki  Uusimaa  FI,994 Palviainen Katu,Espoo,Uusimaa,Espoo,02180,60.162320556562456,24.712978823391452,2250.0,0.0
2c890ed1-a688-466d-98b9-75288286c83d,1981-03-04,,999-70-1525,S99914604,X8458326X,Mr.,Benjamin,Kuussalo,,,S,white,nonhispanic,M,Espoo  Uusimaa  FI,976 Alin Katu,Kerava,Uusimaa,Kerava,04220,60.40000000859908,25.122340417740098,4250.0,0.0
14ae3d48-a2d3-4977-8b1f-c19233d3a3f1,2002-03-03,,999-82-7694,S99911339,,,Lukas,Juntto,,,,white,nonhispanic,M,Helsinki  Uusimaa  FI,911 Oivaranta Katu Apt 71,Kerava,Uusimaa,Kerava,04250,60.36606824610305,25.150672133483003,3250.0,0.0
6c5fd543-924c-4d16-82fb-94484919ffb5,1960-06-16,,999-10-7958,S99996332,X53464641X,Mr.,Salih,Eroma,,,S,white,nonhispanic,M,Helsinki  Uusimaa  FI,1042 Ahtola Katu,Hyvinkää,Uusimaa,Hyvinkää,05810,60.64164867563617,24.838445817640054,6125.0,0.0
33628ad8-53ae-4894-86e6-42428af6b3d3,1986-09-09,,999-48-9792,S99976640,X54708010X,Mrs.,Jennamiia,Varheenmaa,,Wuori,M,white,nonhispanic,F,Espoo  Uusimaa  FI,268 Hongell Katu Apt 39,Vantaa,Uusimaa,Vantaa,01530,60.25688509572407,24.913477848454036,4000.0,0.0
2fcc4683-52a0-400f-add6-a39291eb6151,1993-06-03,,999-92-3528,S99969406,X10350984X,Mr.,Romeo,Jyrkiäinen,,,,white,nonhispanic,M,Vantaa  Uusimaa  FI,742 Westergren Katu,Vantaa,Uusimaa,Vantaa,01490,60.26043639152455,25.01280792140735,3750.0,0.0
4dc37352-2dcc-4dd5-b740-c4c2536f020b,1961-08-09,,999-43-8628,S99982979,X21904124X,Mrs.,Katja-Maria,Vanonen,,Monni,M,white,nonhispanic,F,Järvenpää  Uusimaa  FI,1009 Kupela Katu,Vantaa,Uusimaa,Vantaa,01510,60.30854948798037,25.004261734880167,6418.54,0.0
c6068590-9fff-4656-96ac-4efe2ea4f720,1958-09-30,,999-77-6825,S99977247,X49270437X,Mrs.,Esra,Kivikari,,Yli-Panula,M,white,nonhispanic,F,Vantaa  Uusimaa  FI,997 Jokimaa Katu,Vantaa,Uusimaa,Vantaa,01530,60.31577505059373,25.159945406704523,6375.0,0.0
4c89f899-8c03-48fa-9842-47b1cc3624b5,1984-12-26,,999-36-6428,S99928612,X69585698X,Mr.,Jörgen,Lintonen,,,M,white,nonhispanic,M,Helsinki  Uusimaa  FI,1071 Sallmén Katu,Helsinki,Uusimaa,Helsinki,00820,60.18621340007284,25.001205073116665,4125.0,0.0
d17f59f1-2a4c-4c6f-b98b-dda9b4aa81e2,1957-12-06,,999-62-2209,S99923101,X34164521X,Mrs.,Aalo,Schwarz,,Eerikäinen,M,white,nonhispanic,F,Pukkila  Uusimaa  FI,474 Länsiluoto Katu Suite 15,Hyvinkää,Uusimaa,Hyvinkää,05820,60.59620310576697,24.78094336744371,6500.0,0.0
a8930fa1-cf94-4c8d-8c09-7d0cab08cbfc,1977-12-07,,999-17-7782,S99967418,X31804490X,Mr.,Mikko,Pulkamo,,,S,white,nonhispanic,M,Espoo  Uusimaa  FI,257 Vähä-Herttua Katu,Vantaa,Uusimaa,Vantaa,01600,60.30319354667476,24.78434970485806,4500.0,0.0
f226fb40-c905-439f-9341-d2de05013355,1974-09-09,,999-71-4553,S99992186,X41075387X,Mrs.,Mayvor,Teivaanmäki,,Nyby,M,white,nonhispanic,F,Helsinki  Uusimaa  FI,657 Lohiniva Katu Apt 36,Vantaa,Uusimaa,Vantaa,01490,60.34806222290989,24.99571961145775,4975.9400000000005,0.0
aa67d4e2-8823-4e64-b4c2-aa418fcfbd0d,1984-06-16,,999-61-2623,S99928966,X27766527X,Mr.,Veele,Snickeri,,,M,white,nonhispanic,M,Novosibirsk  Novosibirsk Oblast  RU,388 Juntti Katu,Vantaa,Uusimaa,Vantaa,01700,60.250909526665964,24.988414105713925,4125.0,0.0
25bbb8c9-bfce-4099-ad60-46326ba368b7,1983-10-22,,999-34-5483,S99921482,X76146451X,Mr.,Vili-Valtteri,Viiltola,,,S,white,nonhispanic,M,Helsinki  Uusimaa  FI,208 Lindh Katu,Tuusula,Uusimaa,Tuusula,05430,60.45906453955513,24.979645574683527,4125.0,0.0
a3419cb1-15a0-4b92-894b-023538bfe601,1961-05-19,,999-35-5755,S99934472,X85031281X,Mrs.,Etna,Rainesalo,,Kaufmann,M,white,nonhispanic,F,Sipoo  Uusimaa  FI,854 Vasankari Katu,Helsinki,Uusimaa,Helsinki,00620,60.174582504823455,24.908692348049005,6000.0,0.0
f6b28328-fed8-4715-a0ea-6faed291f62c,1965-09-08,,999-28-8871,S99936984,X65784727X,Mrs.,Kaisi,Kalo,,Geust,M,white,nonhispanic,F,Helsinki  Uusimaa  FI,451 Kuntola Katu,Kirkkonummi,Uusimaa,Kirkkonummi,02540,60.29991012590816,24.430089959113822,5500.0,0.0
049245a8-b158-4f94-a988-5ceb3f100e8d,1948-11-10,,999-84-7711,S99967573,X10035772X,Mrs.,Mariikka,Yli-Heikkilä,,Petänen,M,white,nonhispanic,F,Vantaa  Uusimaa  FI,573 Kaijomaa Katu,Espoo,Uusimaa,Espoo,02300,60.11341320175551,24.7938451790888,7500.0,0.0
b0df81aa-39b3-4f6f-a19f-7bf824d3db2b,1998-06-28,,999-91-4907,S99972205,X26557181X,Ms.,Sulamit,Luotio,,,,white,nonhispanic,F,Helsinki  Uusimaa  FI,982 Teppo Katu,Helsinki,Uusimaa,Helsinki,00160,60.19019461710343,24.94652073865183,3500.0,0.0
0144b24b-4e2f-4636-baef-9765a3fba1ab,1945-06-28,,999-54-2184,S99977662,X75302970X,Mr.,Poika,Slotte,,,M,white,nonhispanic,M,Nurmijärvi  Uusimaa  FI,467 Tiuttu Katu Suite 51,Hyvinkää,Uusimaa,Hyvinkää,05880,60.619141886719746,24.861269509576644,8000.0,0.0
a6793255-d7a6-4b13-b5d6-63dbaed34c6e,1954-12-20,,999-13-5984,S99915073,X51615710X,Mrs.,Elita,Leppikangas,,Essén,M,white,nonhispanic,F,Helsinki  Uusimaa  FI,370 Alalahti Katu Apt 72,Loviisa,Uusimaa,Loviisa,07920,60.49760144616261,26.307240144744558,13211.41,0.0
29e75d7c-5162-431b-b92c-60e0b58eaf8d,2002-04-08,,999-61-9347,S99939345,,,Anesa,Santasaari,,,,white,nonhispanic,F,Espoo  Uusimaa  FI,885 Vehmaskangas Katu Apt 90,Nurmijärvi,Uusimaa,Nurmijärvi,01860,60.53973708963092,24.670493450140768,3250.0,0.0
f1af6a72-010d-4718-8403-c2b215186ce7,1985-03-22,,999-90-2739,S99922605,X17709443X,Mrs.,Hanna-Elisa,Sirkkiä,,Repo,M,white,nonhispanic,F,Espoo  Uusimaa  FI,665 Sarkanen Katu,Helsinki,Uusimaa,Helsinki,00900,60.1846008972405,24.94134660849219,4500.74,0.0
b6706964-60b0-43b0-87a9-47790e3ffdb4,1993-01-23,,999-37-4590,S99986018,X24733795X,Mr.,Reinonpoika,Voss,,,M,white,nonhispanic,M,Vantaa  Uusimaa  FI,517 Ruusuvirta Katu,Espoo,Uusimaa,Espoo,02730,60.19600148530174,24.699192169443474,3750.0,0.0
b416c8f7-12de-4a84-bd77-eaed60f0a2f6,1979-09-15,,999-37-2021,S99928918,X3966511X,Mr.,Kaaperi,Aden,,,M,white,nonhispanic,M,Helsinki  Uusimaa  FI,706 Filpus Katu,Vantaa,Uusimaa,Vantaa,01360,60.23066832947403,24.873298480629582,4375.0,0.0
924b9c1a-8789-4e04-a1ba-78176e33aee3,1960-07-27,,999-91-4653,S99947398,X44545027X,Mr.,Aleksej,Porttila,,,S,white,nonhispanic,M,Helsinki  Uusimaa  FI,211 Säynäjäkangas Katu Unit 29,Espoo,Uusimaa,Espoo,02740,60.124544653761774,24.762891417518144,6125.0,0.0
80c62dca-3470-4270-a0e1-fa7c663b41b7,1952-08-22,,999-31-6961,S99974528,X47778708X,Mr.,Kostia,Ruusiala,,,M,white,nonhispanic,M,Espoo  Uusimaa  FI,342 Irri Katu Unit 53,Helsinki,Uusimaa,Helsinki,00630,60.22333163813456,25.00910160356311,13475.07,0.0
