PATIENT,START_YEAR,END_YEAR,PAYER,OWNERSHIP
be119cd8-d5b4-4380-934a-0af276972155,1984,2002,e15e7b92-f376-374f-9285-2f59a38ad823,Guardian
34339e05-283e-4e57-a18e-b83e0997ac7c,1984,2002,e15e7b92-f376-374f-9285-2f59a38ad823,Guardian
70dfbb61-0fb1-452b-bc2b-cebdee9d1579,1978,1996,e15e7b92-f376-374f-9285-2f59a38ad823,Guardian
422b0e5e-625e-467f-b54a-2155e90111a8,1975,1993,e15e7b92-f376-374f-9285-2f59a38ad823,Guardian
b0dd1dac-fd4d-4bb7-b455-b69046c979e6,1972,1990,e15e7b92-f376-374f-9285-2f59a38ad823,Guardian
d55e18f1-c94e-498d-abb1-f5d5f0cdb505,1969,1987,e15e7b92-f376-374f-9285-2f59a38ad823,Guardian
e3f23118-0bec-4715-b962-97d98d8f9636,1991,2009,e15e7b92-f376-374f-9285-2f59a38ad823,Guardian
f4fc6331-49cb-47ed-8d55-95e31e0e78f6,1940,1958,e15e7b92-f376-374f-9285-2f59a38ad823,Guardian
78822d9d-1a58-4841-8d2e-220088faa09b,1971,1989,e15e7b92-f376-374f-9285-2f59a38ad823,Guardian
253a829d-ba2c-4e46-bd20-f35ade9d61e9,1922,1940,e15e7b92-f376-374f-9285-2f59a38ad823,Guardian
7e681e5c-99d4-463d-b4fe-dc649c19a10a,1955,1973,e15e7b92-f376-374f-9285-2f59a38ad823,Guardian
212b3f13-810f-49ed-ba84-e37977c84dbb,1974,1992,e15e7b92-f376-374f-9285-2f59a38ad823,Guardian
b4ab13a9-a672-4d00-bef8-54c2300239e5,1988,2006,e15e7b92-f376-374f-9285-2f59a38ad823,Guardian
27c1c8b8-e039-4995-a11c-16e8d2613ca5,1972,1990,e15e7b92-f376-374f-9285-2f59a38ad823,Guardian
26b78728-db44-429f-a1c8-aa7942d117a8,1977,1995,e15e7b92-f376-374f-9285-2f59a38ad823,Guardian
ea16c5ef-040a-42fb-8449-49e92a141992,1938,1956,e15e7b92-f376-374f-9285-2f59a38ad823,Guardian
937400fd-072c-4ddb-8446-36085c9ea987,1921,1939,e15e7b92-f376-374f-9285-2f59a38ad823,Guardian
6a6fd0d0-2ca4-4acd-b8e1-31683e4233d6,1975,1993,e15e7b92-f376-374f-9285-2f59a38ad823,Guardian
91327787-e247-4104-8c3d-98b31b01e88d,1985,2003,e15e7b92-f376-374f-9285-2f59a38ad823,Guardian
ddab64b8-f26b-4713-b478-ac3f719f5826,1949,1967,e15e7b92-f376-374f-9285-2f59a38ad823,Guardian
fbbd15d9-fafc-4de7-b577-1bb1bd7d3500,1947,1965,e15e7b92-f376-374f-9285-2f59a38ad823,Guardian
dc34de8b-c5bb-4ef0-b9de-df8984ea7034,2010,2010,b1c428d6-4f07-31e0-90f0-68ffa6ff8c76,
dc34de8b-c5bb-4ef0-b9de-df8984ea7034,2011,2011,e15e7b92-f376-374f-9285-2f59a38ad823,
347d4c09-266a-47de-9d26-9c969e8d6aca,1955,1973,e15e7b92-f376-374f-9285-2f59a38ad823,Guardian
63ce20c1-df88-4f94-a5ba-09fb3df86c02,1987,2005,e15e7b92-f376-374f-9285-2f59a38ad823,Guardian
3253a621-bfe6-423f-a16f-5c36d77e4fb8,1942,1960,e15e7b92-f376-374f-9285-2f59a38ad823,Guardian
7c8c25dc-aba1-4df2-9c64-834ef1b4f601,1946,1964,e15e7b92-f376-374f-9285-2f59a38ad823,Guardian
1e068eab-7c5c-419d-bf0e-2a003fddb8b9,1972,1990,e15e7b92-f376-374f-9285-2f59a38ad823,Guardian
346217da-e8f1-4d23-8b61-7488a6a3bb1a,1972,1990,e15e7b92-f376-374f-9285-2f59a38ad823,Guardian
4bb60744-6fe8-4d8a-829e-3f0c9342a09b,1997,2015,e15e7b92-f376-374f-9285-2f59a38ad823,Guardian
088ad0b8-79dd-4560-91a2-0018ba9caf71,1946,1964,e15e7b92-f376-374f-9285-2f59a38ad823,Guardian
b1a92350-cbb5-4e6e-993e-4bfe4cd7cca3,1977,1995,e15e7b92-f376-374f-9285-2f59a38ad823,Guardian
4c8384e9-d0f8-4bfe-a68f-8d19f73282c8,1947,1965,e15e7b92-f376-374f-9285-2f59a38ad823,Guardian
4ff9482f-e6a6-49f9-990e-776a288ca258,1970,1988,e15e7b92-f376-374f-9285-2f59a38ad823,Guardian
726156ec-9e26-4266-870e-8e8c2f9af4bf,1985,2003,e15e7b92-f376-374f-9285-2f59a38ad823,Guardian
ef858e7f-fcaf-4537-a658-d2fdc1ea457e,1983,2001,e15e7b92-f376-374f-9285-2f59a38ad823,Guardian
f5db7357-f76f-4c55-9436-425886a3cc81,1993,2011,e15e7b92-f376-374f-9285-2f59a38ad823,Guardian
38d722a8-7174-4827-8cf5-70d22980b1b4,1965,1983,e15e7b92-f376-374f-9285-2f59a38ad823,Guardian
674a5cce-1cbc-42f5-bf18-eecef7822bef,1995,2013,e15e7b92-f376-374f-9285-2f59a38ad823,Guardian
58e45f8f-7598-497e-b8c8-80f09b05983f,1980,1998,e15e7b92-f376-374f-9285-2f59a38ad823,Guardian
e9f08b91-1857-4c5f-bfd3-8ac54724f09d,1959,1977,e15e7b92-f376-374f-9285-2f59a38ad823,Guardian
bf2c65c6-7a28-4c30-b2ce-ede5a306021c,1971,1989,e15e7b92-f376-374f-9285-2f59a38ad823,Guardian
80e234fd-ef76-4ce6-9ab6-f8bd920fab92,1952,1970,e15e7b92-f376-374f-9285-2f59a38ad823,Guardian
39708955-88dc-4fb6-84be-1fba3fc70872,1969,1987,e15e7b92-f376-374f-9285-2f59a38ad823,Guardian
7c3585ea-9298-484d-aa45-9cb7b0116574,1996,2014,e15e7b92-f376-374f-9285-2f59a38ad823,Guardian
32370de4-37f3-483f-8d12-0a86b54da224,1980,1998,e15e7b92-f376-374f-9285-2f59a38ad823,Guardian
cca07beb-1314-4f4b-95d3-78e1ce8038dd,1991,2009,e15e7b92-f376-374f-9285-2f59a38ad823,Guardian
d17a5efe-0748-41f0-9590-0ab84371443e,1980,1981,e15e7b92-f376-374f-9285-2f59a38ad823,Guardian
04240fba-924e-4733-a5b1-25b533dc452e,1961,1979,e15e7b92-f376-374f-9285-2f59a38ad823,Guardian
88836e4f-144d-4e63-984f-08211f469719,1982,2000,e15e7b92-f376-374f-9285-2f59a38ad823,Guardian
49bed002-1edc-4c0a-9e95-ef94631aa5df,1980,1998,e15e7b92-f376-374f-9285-2f59a38ad823,Guardian
2e806cf7-cb45-447f-85ab-8b6c05c2b00f,1949,1967,e15e7b92-f376-374f-9285-2f59a38ad823,Guardian
a4723c23-930c-4d2d-86d7-4bc791399200,1966,1984,e15e7b92-f376-374f-9285-2f59a38ad823,Guardian
d0d22ac8-d26d-4f21-930a-717b10a200d7,1945,1963,e15e7b92-f376-374f-9285-2f59a38ad823,Guardian
78d58324-4b39-4201-a913-f428eb3f456b,1980,1998,e15e7b92-f376-374f-9285-2f59a38ad823,Guardian
a597fc46-ef1b-4cde-8a6f-e91969ac6795,1973,1991,e15e7b92-f376-374f-9285-2f59a38ad823,Guardian
3434cf36-50ce-4011-9f57-923539f8184e,1984,2002,e15e7b92-f376-374f-9285-2f59a38ad823,Guardian
9f789bd2-98f5-45f6-b107-7c8559a582ba,2019,2019,b1c428d6-4f07-31e0-90f0-68ffa6ff8c76,
9f789bd2-98f5-45f6-b107-7c8559a582ba,2020,2020,e15e7b92-f376-374f-9285-2f59a38ad823,
e5a80a5a-9fa4-42fc-92dc-9a195a9122d4,1975,1993,e15e7b92-f376-374f-9285-2f59a38ad823,Guardian
633f7488-dec0-4084-98fc-a44d00f0a275,1964,1982,e15e7b92-f376-374f-9285-2f59a38ad823,Guardian
0cc1826b-8346-4d70-9533-f36420de9cb2,1950,1968,e15e7b92-f376-374f-9285-2f59a38ad823,Guardian
2c890ed1-a688-466d-98b9-75288286c83d,1981,1999,e15e7b92-f376-374f-9285-2f59a38ad823,Guardian
14ae3d48-a2d3-4977-8b1f-c19233d3a3f1,2002,2020,e15e7b92-f376-374f-9285-2f59a38ad823,Guardian
6c5fd543-924c-4d16-82fb-94484919ffb5,1960,1978,e15e7b92-f376-374f-9285-2f59a38ad823,Guardian
33628ad8-53ae-4894-86e6-42428af6b3d3,1986,2004,e15e7b92-f376-374f-9285-2f59a38ad823,Guardian
2fcc4683-52a0-400f-add6-a39291eb6151,1993,2011,e15e7b92-f376-374f-9285-2f59a38ad823,Guardian
4dc37352-2dcc-4dd5-b740-c4c2536f020b,1961,1979,e15e7b92-f376-374f-9285-2f59a38ad823,Guardian
c6068590-9fff-4656-96ac-4efe2ea4f720,1958,1976,e15e7b92-f376-374f-9285-2f59a38ad823,Guardian
4c89f899-8c03-48fa-9842-47b1cc3624b5,1984,2002,e15e7b92-f376-374f-9285-2f59a38ad823,Guardian
d17f59f1-2a4c-4c6f-b98b-dda9b4aa81e2,1957,1975,e15e7b92-f376-374f-9285-2f59a38ad823,Guardian
a8930fa1-cf94-4c8d-8c09-7d0cab08cbfc,1977,1995,e15e7b92-f376-374f-9285-2f59a38ad823,Guardian
f226fb40-c905-439f-9341-d2de05013355,1974,1974,b1c428d6-4f07-31e0-90f0-68ffa6ff8c76,
f226fb40-c905-439f-9341-d2de05013355,1975,1976,e15e7b92-f376-374f-9285-2f59a38ad823,
f226fb40-c905-439f-9341-d2de05013355,1977,1980,b1c428d6-4f07-31e0-90f0-68ffa6ff8c76,Guardian
f226fb40-c905-439f-9341-d2de05013355,1981,1981,e15e7b92-f376-374f-9285-2f59a38ad823,
f226fb40-c905-439f-9341-d2de05013355,1982,1992,e15e7b92-f376-374f-9285-2f59a38ad823,Guardian
aa67d4e2-8823-4e64-b4c2-aa418fcfbd0d,1984,2002,e15e7b92-f376-374f-9285-2f59a38ad823,Guardian
25bbb8c9-bfce-4099-ad60-46326ba368b7,1983,2001,e15e7b92-f376-374f-9285-2f59a38ad823,Guardian
a3419cb1-15a0-4b92-894b-023538bfe601,1961,1979,e15e7b92-f376-374f-9285-2f59a38ad823,Guardian
f6b28328-fed8-4715-a0ea-6faed291f62c,1965,1983,e15e7b92-f376-374f-9285-2f59a38ad823,Guardian
049245a8-b158-4f94-a988-5ceb3f100e8d,1948,1966,e15e7b92-f376-374f-9285-2f59a38ad823,Guardian
b0df81aa-39b3-4f6f-a19f-7bf824d3db2b,1998,2016,e15e7b92-f376-374f-9285-2f59a38ad823,Guardian
0144b24b-4e2f-4636-baef-9765a3fba1ab,1945,1963,e15e7b92-f376-374f-9285-2f59a38ad823,Guardian
a6793255-d7a6-4b13-b5d6-63dbaed34c6e,1954,1972,e15e7b92-f376-374f-9285-2f59a38ad823,Guardian
f1af6a72-010d-4718-8403-c2b215186ce7,1985,2003,e15e7b92-f376-374f-9285-2f59a38ad823,Guardian
b6706964-60b0-43b0-87a9-47790e3ffdb4,1993,2011,e15e7b92-f376-374f-9285-2f59a38ad823,Guardian
b416c8f7-12de-4a84-bd77-eaed60f0a2f6,1979,1997,e15e7b92-f376-374f-9285-2f59a38ad823,Guardian
924b9c1a-8789-4e04-a1ba-78176e33aee3,1960,1978,e15e7b92-f376-374f-9285-2f59a38ad823,Guardian
80c62dca-3470-4270-a0e1-fa7c663b41b7,1952,1970,e15e7b92-f376-374f-9285-2f59a38ad823,Guardian
