DATE,PATIENT,ENCOUNTER,CODE,DESCRIPTION,BASE_COST,REASONCODE,REASONDESCRIPTION
1981-09-17,d17a5efe-0748-41f0-9590-0ab84371443e,73a13541-1578-47ee-90dd-50f209a33bb3,40701008,Echocardiography (procedure),1035.61,22298006,Myocardial Infarction
1981-09-17,d17a5efe-0748-41f0-9590-0ab84371443e,73a13541-1578-47ee-90dd-50f209a33bb3,415070008,Percutaneous coronary intervention,22199.06,22298006,Myocardial Infarction
1981-09-17,d17a5efe-0748-41f0-9590-0ab84371443e,73a13541-1578-47ee-90dd-50f209a33bb3,232717009,Coronary artery bypass grafting,52195.20,22298006,Myocardial Infarction
2011-11-30,4dc37352-2dcc-4dd5-b740-c4c2536f020b,a0940b5c-a603-4698-9465-d8f09f9f66a2,40701008,Echocardiography (procedure),1334.17,410429000,Cardiac Arrest
2011-11-30,4dc37352-2dcc-4dd5-b740-c4c2536f020b,a0940b5c-a603-4698-9465-d8f09f9f66a2,447365002,Insertion of biventricular implantable cardioverter defibrillator,28351.99,410429000,Cardiac Arrest
2011-11-30,4dc37352-2dcc-4dd5-b740-c4c2536f020b,a0940b5c-a603-4698-9465-d8f09f9f66a2,18286008,Catheter ablation of tissue of heart,11646.45,410429000,Cardiac Arrest
2010-09-23,0144b24b-4e2f-4636-baef-9765a3fba1ab,a1a6d7a4-16bb-48b9-bd0a-a07bd5a5c363,18286008,Catheter ablation of tissue of heart,10757.48,49436004,Atrial Fibrillation
2011-09-29,0144b24b-4e2f-4636-baef-9765a3fba1ab,3543ad4e-ad9f-4e8e-9857-b14d8bb2f311,180325003,Electrical cardioversion,28782.36,49436004,Atrial Fibrillation
2012-10-04,0144b24b-4e2f-4636-baef-9765a3fba1ab,6ae0555b-a7f4-431b-9671-4274e9089af8,180325003,Electrical cardioversion,18133.29,49436004,Atrial Fibrillation
2013-10-10,0144b24b-4e2f-4636-baef-9765a3fba1ab,6fb7be8a-db3d-420d-82f1-3b2cf80e2332,180325003,Electrical cardioversion,36906.00,49436004,Atrial Fibrillation
2014-10-16,0144b24b-4e2f-4636-baef-9765a3fba1ab,104f6cf6-2382-494c-bf15-c9006db20979,18286008,Catheter ablation of tissue of heart,8844.52,49436004,Atrial Fibrillation
2015-10-22,0144b24b-4e2f-4636-baef-9765a3fba1ab,02b17212-4ae7-47b2-8841-dc581c6994a9,180325003,Electrical cardioversion,29543.44,49436004,Atrial Fibrillation
2016-10-27,0144b24b-4e2f-4636-baef-9765a3fba1ab,0a378df6-34dc-4280-ad89-f6c01b04a319,180325003,Electrical cardioversion,36796.90,49436004,Atrial Fibrillation
2017-11-02,0144b24b-4e2f-4636-baef-9765a3fba1ab,9941d70c-306d-4795-892c-cf87fe51b709,180325003,Electrical cardioversion,29193.74,49436004,Atrial Fibrillation
2018-11-08,0144b24b-4e2f-4636-baef-9765a3fba1ab,caa2f5bb-6c0d-45f0-9ee5-4199c3168a27,180325003,Electrical cardioversion,33300.31,49436004,Atrial Fibrillation
2019-11-14,0144b24b-4e2f-4636-baef-9765a3fba1ab,bf8cef7b-c47d-410c-9fe0-de95121889a7,180325003,Electrical cardioversion,32139.68,49436004,Atrial Fibrillation
