Id,ORGANIZATION,NAME,GENDER,SPECIALITY,ADDRESS,CITY,STATE,ZIP,LAT,LON,UTILIZATION
26d22f9f-a1b1-375a-b7f4-7ab2fbc9cf42,39010280-b8e5-3b1a-b835-bafbeea21968,Piia-Johanna Eirola,F,GENERAL PRACTICE,Turuntie 150,Espoo,18,02740,60.22589,24.77581,1
53945fc3-8d58-39a9-bed3-dbd3f0615eb4,7b74aa83-5335-38dd-a213-d6df36c7f627,Erasmus Seimelä,M,GENERAL PRACTICE,Karvasmäentie 6,Espoo,18,02740,60.22011,24.6848,1
5df246bd-e7a9-3d47-a9ae-b9b037705ff8,af916982-f5f8-341b-b159-69e72695294c,Carl-Henrik Huhtalo,M,GENERAL PRACTICE,Sairaalakatu 1,Vantaa,18,01400,60.3299,25.0608,1
72987725-6d00-3795-9b32-b5c96861c18a,d8b3cbb1-88db-3fc1-bb2b-6a9c0037e6e5,Zamzam Teivainen,F,GENERAL PRACTICE,Sairaalantie 1,Porvoo,18,06200,60.37911,25.69576,1
902f9bcf-1a46-3ffd-b4bd-76b7eaa5d06e,738aef7e-a279-3f65-9dba-fead16b27400,Meea Björkas,F,GENERAL PRACTICE,Turuntie 150,Espoo,18,02740,60.22589,24.77581,1278
f5c46e7f-a819-3b16-8faf-f2aacefea40f,9a3e6919-4ed0-32fe-a1e2-7184b06c415f,Hanna-Sisko Westerberg,F,GENERAL PRACTICE,Karvasmäentie 6,Espoo,18,02740,60.22011,24.6848,345
2a305aa8-4e12-3031-873e-6879f71f2674,a70486b2-c33a-37b3-a4cf-b3dc06cb9d84,Tupuna Dahlman,F,GENERAL PRACTICE,Sairaalakatu 1,Vantaa,18,01400,60.3299,25.0608,1445
f47a501d-0e4b-3aad-a6a2-4ba5f0906a4b,bf25636d-50a4-3cf2-b937-0e59fd37503f,Voldemar Harjamäki,M,GENERAL PRACTICE,Sairaalankatu 1,Hyvinkää,18,05830,60.612,24.82486,317
4e3dcf53-3425-3663-9994-ad68f894b5be,4eddd774-a01b-3a0b-b4c6-736a5581aba4,Mika-Tapani Vestlin,M,GENERAL PRACTICE,Ohkolantie 10,Kellokoski,18,04500,60.53054,25.10548,89
46f7b249-945d-341c-8437-7fb66874b631,942171f0-df04-34cc-9c85-1a11b2f08717,Eeva-Inkeri Hökkä,F,GENERAL PRACTICE,Sairaalatie 8,Lohja,18,08200,60.2247,24.01885,164
1b501a73-44c8-3912-9955-8f4a97586052,216a84b2-6287-356d-9bcf-655abf00debb,Eva-Maija Turkko,F,GENERAL PRACTICE,Sairaalantie 1,Porvoo,18,06200,60.37911,25.69576,225
764bbc55-63be-3192-9d51-a4366d463c6c,319baef9-e8e6-3320-9e0b-7991d9c167b8,Meea Björkas,F,GENERAL PRACTICE,Haartmaninkatu 4,Helsinki,18,00290,60.189159,24.909081,2
096692e0-34e2-3969-83e0-785371f29199,af916982-f5f8-341b-b159-69e72695294c,Mika-Tapani Vestlin,M,GENERAL PRACTICE,Sairaalakatu 1,Vantaa,18,01400,60.3299,25.0608,1
