Id,START,STOP,PATIENT,ENCOUNTER,CODE,DESCRIPTION,REASONCODE,REASONDESCRIPTION
c8845fb6-a22c-4be5-ac3d-2f435db4d09a,2007-12-25,,3c70a77f-c06a-4cf6-a999-6234cf013816,ae2cf214-af0c-4b14-be1e-449ca9b4e74e,735984001,Heart failure self management plan,88805009,Chronic congestive heart failure (disorder)
5dd81861-6668-4f9e-8be7-8831042f7de8,2009-12-14,2009-12-15,3c70a77f-c06a-4cf6-a999-6234cf013816,0f0b42ad-8d31-4445-bf24-901bfdee1bab,736353004,Inpatient care plan (record artifact),,
00355167-5ea5-42e4-838a-63db0fc4227a,2013-05-29,,3c70a77f-c06a-4cf6-a999-6234cf013816,d182c938-a2a9-4ca6-b9dd-04ad9c1e4a3b,736353004,Inpatient care plan (record artifact),,
99cead30-7edf-42fe-bf48-2d34ad1c6b6f,1995-12-25,,4e80e804-6d1b-4c77-bc74-b704742049d6,1bb1c6e7-8c06-45e5-9582-e1938c4a4923,735984001,Heart failure self management plan,88805009,Chronic congestive heart failure (disorder)
d85d28a5-4103-4894-b907-c3be429cc2c1,1996-06-22,,4e80e804-6d1b-4c77-bc74-b704742049d6,135e2e67-6cbc-46b0-867b-4ad92ef2d2ea,736353004,Inpatient care plan (record artifact),,
627b9cba-97dc-4be6-af55-7ede50bdbbd4,2006-05-22,,ba92efe8-62db-4eca-b79d-ae0560d65475,ed1d881b-00cc-4afb-8ccc-80643358e9fc,735984001,Heart failure self management plan,88805009,Chronic congestive heart failure (disorder)
3e8f208a-bb92-4208-b2e8-7a5a4b829fd6,2007-05-17,2007-05-18,ba92efe8-62db-4eca-b79d-ae0560d65475,a6099346-440d-4924-b226-a8196e44f649,736353004,Inpatient care plan (record artifact),,
81fee30c-3a05-4cae-bafe-96bde460e4ec,2010-02-01,2010-02-02,ba92efe8-62db-4eca-b79d-ae0560d65475,a0a069bf-aa5e-4f58-9c28-7f2456796041,736353004,Inpatient care plan (record artifact),,
965c167f-974f-4445-a08d-1021be953c39,2016-05-21,,ba92efe8-62db-4eca-b79d-ae0560d65475,e99c9843-7368-48ba-8caa-9be52a36afc7,736353004,Inpatient care plan (record artifact),,
