START,STOP,PATIENT,ENCOUNTER,CODE,DESCRIPTION
1989-05-14,,aa7963ba-0ca1-4790-b144-6a0facce6c8f,84c0bae2-1018-4394-9ff5-fbd41a742307,53741008,Coronary Heart Disease
1992-12-27,,aa7963ba-0ca1-4790-b144-6a0facce6c8f,1a460b96-fba9-4f82-b25c-8901c01acf15,22298006,Myocardial Infarction
1992-12-27,,aa7963ba-0ca1-4790-b144-6a0facce6c8f,1a460b96-fba9-4f82-b25c-8901c01acf15,399211009,History of myocardial infarction (situation)
2005-02-20,,a57bfeff-4039-4dee-bd24-9190c0e403eb,1a78e2b6-354c-4746-b284-b6b702149c27,230690007,Stroke
2018-03-04,,39f406b2-1b97-40c7-9b35-1748e15a52f3,fa8efa77-1163-4de9-b8c8-09cf79a6cf98,230690007,Stroke
2007-12-04,,3c70a77f-c06a-4cf6-a999-6234cf013816,ba645208-2896-4afe-864a-ff6d21fa52b5,88805009,Chronic congestive heart failure (disorder)
1995-12-04,,4e80e804-6d1b-4c77-bc74-b704742049d6,a4614c95-d348-47a9-a1f1-ae52419c8d95,88805009,Chronic congestive heart failure (disorder)
2018-09-28,,b4ada774-edc0-4080-aee7-a14558801e46,37a0e535-ce03-4129-a4bb-d4ecdc7f9a83,49436004,Atrial Fibrillation
1962-10-28,,9f163ee3-2c4c-4a9f-b9bd-b8f6549530a4,1fa70dc3-4971-4e78-8da4-58a059783497,410429000,Cardiac Arrest
1962-10-28,,9f163ee3-2c4c-4a9f-b9bd-b8f6549530a4,1fa70dc3-4971-4e78-8da4-58a059783497,429007001,History of cardiac arrest (situation)
2014-04-09,,df7dc4f2-f51e-4af6-bcb4-0756c65ea62b,0d729f47-ea14-4812-89aa-d9d851dd287f,410429000,Cardiac Arrest
2014-04-09,,df7dc4f2-f51e-4af6-bcb4-0756c65ea62b,0d729f47-ea14-4812-89aa-d9d851dd287f,429007001,History of cardiac arrest (situation)
2012-01-18,,72d2768a-8a82-4455-a094-c8d4594b9c19,933c5747-ddf1-4ebc-9fbf-673a4bdeb35c,53741008,Coronary Heart Disease
2006-05-01,,ba92efe8-62db-4eca-b79d-ae0560d65475,effff7dd-d983-4ad5-a418-04e4b7422fe9,88805009,Chronic congestive heart failure (disorder)
2006-05-01,,ba92efe8-62db-4eca-b79d-ae0560d65475,effff7dd-d983-4ad5-a418-04e4b7422fe9,271737000,Anemia (disorder)
2018-10-13,,add505b6-a597-47f1-9d53-2121ef15fb5f,a7598cd3-01c4-442f-93f8-b7d93a3a0542,53741008,Coronary Heart Disease
2018-12-25,,2df5ac15-494c-40f4-a1f1-5aa58bc71da4,f78c574d-7eaa-4e76-9375-f65ae8d05419,230690007,Stroke
2016-10-01,,47651b78-73e7-4014-94a2-964d5c779408,3883e029-b493-457e-a87b-2207304c9ade,49436004,Atrial Fibrillation
2012-08-20,,48e22a6c-054e-44a1-8a6f-469e6c55195d,cf59be9d-1f5c-4d3f-bb32-c752293bdfdd,49436004,Atrial Fibrillation
