START,STOP,PATIENT,PAYER,ENCOUNTER,CODE,DESCRIPTION,BASE_COST,PAYER_COVERAGE,DISPENSES,TOTALCOST,REASONCODE,REASONDESCRIPTION
1989-05-14,1992-12-27,aa7963ba-0ca1-4790-b144-6a0facce6c8f,b1c428d6-4f07-31e0-90f0-68ffa6ff8c76,84c0bae2-1018-4394-9ff5-fbd41a742307,705129,Nitroglycerin 0.4 MG/ACTUAT Mucosal Spray,253.27,0.00,44,11143.88,,
1991-05-26,,aa7963ba-0ca1-4790-b144-6a0facce6c8f,b1c428d6-4f07-31e0-90f0-68ffa6ff8c76,f0eee487-3096-43e4-a85c-cc01e053ada3,312961,Simvastatin 20 MG Oral Tablet,42.83,0.00,19,813.77,,
1992-12-27,1992-12-27,aa7963ba-0ca1-4790-b144-6a0facce6c8f,b1c428d6-4f07-31e0-90f0-68ffa6ff8c76,1a460b96-fba9-4f82-b25c-8901c01acf15,833036,Captopril 25 MG Oral Tablet,93.82,0.00,1,93.82,,
2018-03-04,2018-03-04,39f406b2-1b97-40c7-9b35-1748e15a52f3,b1c428d6-4f07-31e0-90f0-68ffa6ff8c76,fa8efa77-1163-4de9-b8c8-09cf79a6cf98,309362,Clopidogrel 75 MG Oral Tablet,38.48,0.00,1,38.48,,
2018-03-04,2018-03-04,39f406b2-1b97-40c7-9b35-1748e15a52f3,b1c428d6-4f07-31e0-90f0-68ffa6ff8c76,fa8efa77-1163-4de9-b8c8-09cf79a6cf98,1804799,Alteplase 100 MG Injection,6423.03,0.00,1,6423.03,,
2007-12-25,,3c70a77f-c06a-4cf6-a999-6234cf013816,b1c428d6-4f07-31e0-90f0-68ffa6ff8c76,ae2cf214-af0c-4b14-be1e-449ca9b4e74e,866414,24 HR metoprolol succinate 100 MG Extended Release Oral Tablet [Toprol],255.00,0.00,12,3060.00,88805009,Chronic congestive heart failure (disorder)
2007-12-25,,3c70a77f-c06a-4cf6-a999-6234cf013816,b1c428d6-4f07-31e0-90f0-68ffa6ff8c76,ae2cf214-af0c-4b14-be1e-449ca9b4e74e,313988,Furosemide 40 MG Oral Tablet,255.00,0.00,10,2550.00,88805009,Chronic congestive heart failure (disorder)
2009-12-14,,3c70a77f-c06a-4cf6-a999-6234cf013816,b1c428d6-4f07-31e0-90f0-68ffa6ff8c76,0f0b42ad-8d31-4445-bf24-901bfdee1bab,1719286,10 ML Furosemide 10 MG/ML Injection,255.00,0.00,42,10710.00,88805009,Chronic congestive heart failure (disorder)
1995-12-25,,4e80e804-6d1b-4c77-bc74-b704742049d6,b1c428d6-4f07-31e0-90f0-68ffa6ff8c76,1bb1c6e7-8c06-45e5-9582-e1938c4a4923,866414,24 HR metoprolol succinate 100 MG Extended Release Oral Tablet [Toprol],255.00,0.00,12,3060.00,88805009,Chronic congestive heart failure (disorder)
1995-12-25,,4e80e804-6d1b-4c77-bc74-b704742049d6,b1c428d6-4f07-31e0-90f0-68ffa6ff8c76,1bb1c6e7-8c06-45e5-9582-e1938c4a4923,313988,Furosemide 40 MG Oral Tablet,255.00,0.00,10,2550.00,88805009,Chronic congestive heart failure (disorder)
1996-06-22,,4e80e804-6d1b-4c77-bc74-b704742049d6,e15e7b92-f376-374f-9285-2f59a38ad823,135e2e67-6cbc-46b0-867b-4ad92ef2d2ea,1719286,10 ML Furosemide 10 MG/ML Injection,255.00,0.00,1,255.00,88805009,Chronic congestive heart failure (disorder)
2018-09-28,,b4ada774-edc0-4080-aee7-a14558801e46,b1c428d6-4f07-31e0-90f0-68ffa6ff8c76,37a0e535-ce03-4129-a4bb-d4ecdc7f9a83,855332,Warfarin Sodium 5 MG Oral Tablet,58.14,0.00,17,988.38,,
2018-09-28,,b4ada774-edc0-4080-aee7-a14558801e46,b1c428d6-4f07-31e0-90f0-68ffa6ff8c76,37a0e535-ce03-4129-a4bb-d4ecdc7f9a83,897718,Verapamil Hydrochloride 40 MG,218.68,0.00,17,3717.56,,
2018-09-28,,b4ada774-edc0-4080-aee7-a14558801e46,b1c428d6-4f07-31e0-90f0-68ffa6ff8c76,37a0e535-ce03-4129-a4bb-d4ecdc7f9a83,197604,Digoxin 0.125 MG Oral Tablet,103.47,0.00,17,1758.99,,
2014-04-09,2014-04-09,df7dc4f2-f51e-4af6-bcb4-0756c65ea62b,b1c428d6-4f07-31e0-90f0-68ffa6ff8c76,0d729f47-ea14-4812-89aa-d9d851dd287f,1660014,1 ML Epinephrine 1 MG/ML Injection,1.38,0.00,1,1.38,,
2014-04-09,2014-04-09,df7dc4f2-f51e-4af6-bcb4-0756c65ea62b,b1c428d6-4f07-31e0-90f0-68ffa6ff8c76,0d729f47-ea14-4812-89aa-d9d851dd287f,834357,3 ML Amiodarone hydrocholoride 50 MG/ML Prefilled Syringe,32.88,0.00,1,32.88,,
2014-04-09,2014-04-09,df7dc4f2-f51e-4af6-bcb4-0756c65ea62b,b1c428d6-4f07-31e0-90f0-68ffa6ff8c76,0d729f47-ea14-4812-89aa-d9d851dd287f,1190795,Atropine Sulfate 1 MG/ML Injectable Solution,24.09,0.00,1,24.09,,
2012-01-18,,72d2768a-8a82-4455-a094-c8d4594b9c19,b1c428d6-4f07-31e0-90f0-68ffa6ff8c76,933c5747-ddf1-4ebc-9fbf-673a4bdeb35c,309362,Clopidogrel 75 MG Oral Tablet,116.91,0.00,99,11574.09,,
2012-01-18,,72d2768a-8a82-4455-a094-c8d4594b9c19,b1c428d6-4f07-31e0-90f0-68ffa6ff8c76,933c5747-ddf1-4ebc-9fbf-673a4bdeb35c,312961,Simvastatin 20 MG Oral Tablet,13.46,0.00,99,1332.54,,
2012-01-18,,72d2768a-8a82-4455-a094-c8d4594b9c19,b1c428d6-4f07-31e0-90f0-68ffa6ff8c76,933c5747-ddf1-4ebc-9fbf-673a4bdeb35c,197361,Amlodipine 5 MG Oral Tablet,12.53,0.00,99,1240.47,,
2012-01-18,,72d2768a-8a82-4455-a094-c8d4594b9c19,b1c428d6-4f07-31e0-90f0-68ffa6ff8c76,933c5747-ddf1-4ebc-9fbf-673a4bdeb35c,705129,Nitroglycerin 0.4 MG/ACTUAT Mucosal Spray,35.45,0.00,99,3509.55,,
2006-05-22,,ba92efe8-62db-4eca-b79d-ae0560d65475,b1c428d6-4f07-31e0-90f0-68ffa6ff8c76,ed1d881b-00cc-4afb-8ccc-80643358e9fc,866414,24 HR metoprolol succinate 100 MG Extended Release Oral Tablet [Toprol],255.00,0.00,12,3060.00,88805009,Chronic congestive heart failure (disorder)
2006-05-22,,ba92efe8-62db-4eca-b79d-ae0560d65475,b1c428d6-4f07-31e0-90f0-68ffa6ff8c76,ed1d881b-00cc-4afb-8ccc-80643358e9fc,313988,Furosemide 40 MG Oral Tablet,255.00,0.00,10,2550.00,88805009,Chronic congestive heart failure (disorder)
2007-05-17,,ba92efe8-62db-4eca-b79d-ae0560d65475,b1c428d6-4f07-31e0-90f0-68ffa6ff8c76,a6099346-440d-4924-b226-a8196e44f649,1719286,10 ML Furosemide 10 MG/ML Injection,255.00,0.00,110,28050.00,88805009,Chronic congestive heart failure (disorder)
2018-10-13,,add505b6-a597-47f1-9d53-2121ef15fb5f,b1c428d6-4f07-31e0-90f0-68ffa6ff8c76,a7598cd3-01c4-442f-93f8-b7d93a3a0542,309362,Clopidogrel 75 MG Oral Tablet,77.96,0.00,17,1325.32,,
2018-10-13,,add505b6-a597-47f1-9d53-2121ef15fb5f,b1c428d6-4f07-31e0-90f0-68ffa6ff8c76,a7598cd3-01c4-442f-93f8-b7d93a3a0542,312961,Simvastatin 20 MG Oral Tablet,27.98,0.00,17,475.66,,
2018-10-13,,add505b6-a597-47f1-9d53-2121ef15fb5f,b1c428d6-4f07-31e0-90f0-68ffa6ff8c76,a7598cd3-01c4-442f-93f8-b7d93a3a0542,197361,Amlodipine 5 MG Oral Tablet,73.88,0.00,17,1255.96,,
2018-10-13,,add505b6-a597-47f1-9d53-2121ef15fb5f,b1c428d6-4f07-31e0-90f0-68ffa6ff8c76,a7598cd3-01c4-442f-93f8-b7d93a3a0542,705129,Nitroglycerin 0.4 MG/ACTUAT Mucosal Spray,227.56,0.00,17,3868.52,,
2018-12-25,2018-12-25,2df5ac15-494c-40f4-a1f1-5aa58bc71da4,b1c428d6-4f07-31e0-90f0-68ffa6ff8c76,f78c574d-7eaa-4e76-9375-f65ae8d05419,309362,Clopidogrel 75 MG Oral Tablet,45.70,0.00,1,45.70,,
2018-12-25,2018-12-25,2df5ac15-494c-40f4-a1f1-5aa58bc71da4,b1c428d6-4f07-31e0-90f0-68ffa6ff8c76,f78c574d-7eaa-4e76-9375-f65ae8d05419,1804799,Alteplase 100 MG Injection,6557.92,0.00,1,6557.92,,
2016-10-01,,47651b78-73e7-4014-94a2-964d5c779408,b1c428d6-4f07-31e0-90f0-68ffa6ff8c76,3883e029-b493-457e-a87b-2207304c9ade,855332,Warfarin Sodium 5 MG Oral Tablet,64.37,0.00,42,2703.54,,
2016-10-01,,47651b78-73e7-4014-94a2-964d5c779408,b1c428d6-4f07-31e0-90f0-68ffa6ff8c76,3883e029-b493-457e-a87b-2207304c9ade,897718,Verapamil Hydrochloride 40 MG,104.42,0.00,42,4385.64,,
2016-10-01,,47651b78-73e7-4014-94a2-964d5c779408,b1c428d6-4f07-31e0-90f0-68ffa6ff8c76,3883e029-b493-457e-a87b-2207304c9ade,197604,Digoxin 0.125 MG Oral Tablet,21.52,0.00,42,903.84,,
2012-08-20,,48e22a6c-054e-44a1-8a6f-469e6c55195d,b1c428d6-4f07-31e0-90f0-68ffa6ff8c76,cf59be9d-1f5c-4d3f-bb32-c752293bdfdd,855332,Warfarin Sodium 5 MG Oral Tablet,40.17,0.00,91,3655.47,,
2012-08-20,,48e22a6c-054e-44a1-8a6f-469e6c55195d,b1c428d6-4f07-31e0-90f0-68ffa6ff8c76,cf59be9d-1f5c-4d3f-bb32-c752293bdfdd,897718,Verapamil Hydrochloride 40 MG,171.47,0.00,91,15603.77,,
2012-08-20,,48e22a6c-054e-44a1-8a6f-469e6c55195d,b1c428d6-4f07-31e0-90f0-68ffa6ff8c76,cf59be9d-1f5c-4d3f-bb32-c752293bdfdd,197604,Digoxin 0.125 MG Oral Tablet,19.36,0.00,91,1761.76,,
