Id,BIRTHDATE,DEATHDATE,SSN,DRIVERS,PASSPORT,PREFIX,FIRST,LAST,SUFFIX,MAIDEN,MARITAL,RACE,ETHNICITY,GENDER,BIRTHPLACE,ADDRESS,CITY,STATE,COUNTY,ZIP,LAT,LON,HEALTHCARE_EXPENSES,HEALTHCARE_COVERAGE
5a99dfd4-3049-47ed-a10a-25e8ecccf6bf,2014-06-16,,999-85-3379,,,,Alexey,Pyhähuhta,,,,white,nonhispanic,M,Helsinki  Uusimaa  FI,617 Kahra Katu Suite 31,Sipoo,Uusimaa,Sipoo,06880,60.4388150431105,25.192667468868187,1750.0,0.0
1bcf6d56-4e43-42eb-a44e-dec52c98dc20,2018-09-02,,999-29-2344,,,,Valfrid,Toitturi,,,,white,nonhispanic,M,Helsinki  Uusimaa  FI,999 Rannelma Katu Apt 18,Lohja,Uusimaa,Lohja,08100,60.182076910633675,24.00635004302046,1000.0,0.0
15652f84-3ebf-4ff1-8fbe-7e034ac2b1a5,2008-11-03,,999-27-4238,,,,Talvi,Holmback,,,,white,nonhispanic,M,Espoo  Uusimaa  FI,181 Arnold Katu Suite 93,Porvoo,Uusimaa,Porvoo,07220,60.36377570602274,25.707819037575913,2500.0,0.0
11e68533-3bcc-4007-9e39-20f9b64d02fb,2005-02-26,,999-39-5401,,,,Airiina,Nirhola,,,,white,nonhispanic,F,Espoo  Uusimaa  FI,933 Sormunen Katu Unit 91,Helsinki,Uusimaa,Helsinki,00880,60.22086034213902,24.92911784808327,2875.0,0.0
73e6ba23-75ca-4c13-8591-56dc6e4c5ac2,2015-04-09,,999-62-8560,,,,Feliks,Talkkari,,,,white,nonhispanic,M,Helsinki  Uusimaa  FI,311 Harrison Katu Apt 60,Helsinki,Uusimaa,Helsinki,00830,60.29901387992296,24.85080203374884,1625.0,0.0
326c0596-d26c-4688-af7d-643cd4b80f3c,1989-12-19,,999-57-4744,S99954370,X48817307X,Mrs.,Tu,Venehsalo,,Uotila,M,white,nonhispanic,F,Helsinki  Uusimaa  FI,304 Rauhio Katu,Helsinki,Uusimaa,Helsinki,00900,60.2963199505238,24.977534762630388,3875.0,0.0
2e030a0e-af8d-417b-9cdb-e941d392fd37,1985-08-05,,999-25-4815,S99987933,X4888405X,Mr.,Evgeny,Luimula,,,S,white,nonhispanic,M,Lohja  Uusimaa  FI,758 Litola Katu,Espoo,Uusimaa,Espoo,02380,60.18572016329448,24.784136433876665,4125.0,0.0
3d6890b4-6f1c-4fa7-ae15-f7d9c026b021,1989-09-01,,999-53-3551,S99954041,X88992558X,Mrs.,Nina-Maria,Tulasalo,,Louhikoski,M,white,nonhispanic,F,Lohja  Uusimaa  FI,1002 Oksaharju Katu Unit 38,Nurmijärvi,Uusimaa,Nurmijärvi,01800,60.44629957823366,24.864418742807125,3875.0,0.0
73e2da88-dafa-4a2b-8de0-2f3750b7a6dd,1967-10-26,,999-28-4869,S99925252,X64441709X,Mrs.,Bertta,Loijas,,Kreivilä,M,white,nonhispanic,F,Helsinki  Uusimaa  FI,740 King Katu Apt 88,Kirkkonummi,Uusimaa,Kirkkonummi,02480,60.08732906974162,24.454331390384013,5250.0,0.0
05ccc38e-ef5a-4461-a6cd-dcc8c1291a58,1965-02-27,,999-92-9119,S99957698,X45404835X,Mrs.,Jesmina,Tanhuansuu,,Holmila,M,white,nonhispanic,F,Espoo  Uusimaa  FI,349 Volama Katu Apt 14,Kerava,Uusimaa,Kerava,04230,60.3875242184627,25.047052389722854,5500.0,0.0
aa7963ba-0ca1-4790-b144-6a0facce6c8f,1936-04-26,1992-12-27,999-81-7315,S99994661,X87766081X,Mr.,Alpertti,Järviharju,,,M,white,nonhispanic,M,Vihti  Uusimaa  FI,699 Piililä Katu,Lohja,Uusimaa,Lohja,08680,60.24470398730364,23.868825774790725,6222.09,0.0
966037e6-2ac7-483f-b8de-b6e41605734b,1996-04-30,,999-25-1053,S99915783,X50088478X,Mr.,Osman,Haataja,,,,white,nonhispanic,M,Helsinki  Uusimaa  FI,230 Serlachius Katu Unit 39,Helsinki,Uusimaa,Helsinki,00420,60.24860082621595,25.017876066591715,3625.0,0.0
f6aefec5-14cc-4f5c-a858-047d5aec86ff,1966-08-21,,999-70-5524,S99962261,X69362051X,Mr.,Orion,Kihlman,,,M,white,nonhispanic,M,Lohja  Uusimaa  FI,519 Routa Katu,Helsinki,Uusimaa,Helsinki,00810,60.18841307324569,24.932311601518382,5375.0,0.0
7f2cfedc-b050-4ce1-a453-dedbdca6564e,1985-06-08,,999-90-9561,S99965067,X34263876X,Mr.,Antti-Oskari,Nuottanen,,,M,white,nonhispanic,M,Helsinki  Uusimaa  FI,363 Björkas Katu,Helsinki,Uusimaa,Helsinki,00260,60.17963971423446,24.94213824088643,4125.0,0.0
e27acefb-e48c-4c59-879f-64caddc15e5c,2003-02-16,,999-46-8743,S99933377,,,Rigmor,Rauvanto,,,,white,nonhispanic,F,Espoo  Uusimaa  FI,181 Ammunet Katu,Porvoo,Uusimaa,Porvoo,07450,60.25289979247514,25.809575877293398,3125.0,0.0
68e914d1-2a80-4636-9e08-d5d5246b0560,2011-05-12,,999-96-7343,,,,Da,Vahtermaa,,,,white,nonhispanic,F,Karkkila  Uusimaa  FI,456 Tolmunen Katu Unit 66,Helsinki,Uusimaa,Helsinki,00900,60.240600112050835,24.96913533268139,2125.0,0.0
2db9c459-eeb1-4cab-a50e-af225e4a9abd,1967-04-16,,999-79-8888,S99969281,X69529565X,Mrs.,Thi,Gylling,,Uro,M,white,nonhispanic,F,Espoo  Uusimaa  FI,573 Kuoksa Katu,Helsinki,Uusimaa,Helsinki,00800,60.17622360929593,24.939399161073826,5250.0,0.0
0a4b0876-98c7-47bb-a387-edfe3009cbb9,1980-04-28,,999-13-5248,S99966536,X23319210X,Mrs.,Svanhild,Riihikoski,,Gröning,M,white,nonhispanic,F,Helsinki  Uusimaa  FI,279 Otsamo Katu,Nurmijärvi,Uusimaa,Nurmijärvi,01900,60.486565186037005,24.566482762998366,4250.0,0.0
58231f68-3e10-404e-8c95-94aec983d200,2008-04-05,,999-82-7243,,,,Sinja,Yli-Kovero,,,,white,nonhispanic,F,Helsinki  Uusimaa  FI,834 Ouninkorpi Katu,Helsinki,Uusimaa,Helsinki,00530,60.20861518371064,24.83811510318088,2500.0,0.0
b0fec3f3-c99e-4d7d-a590-ac71b3de63f6,2006-01-20,,999-97-2585,,,,Mari-Annukka,Koivusipilä,,,,white,nonhispanic,F,Tuusula  Uusimaa  FI,648 Torvasti Katu,Kirkkonummi,Uusimaa,Kirkkonummi,02410,60.11046952626078,24.415011536393074,2875.0,0.0
47406f7d-3b18-4442-a0bd-8f3c4c1a31b4,1998-06-20,,999-74-4439,S99936176,X52686140X,Mr.,Roshan,Alakiuttu,,,,white,nonhispanic,M,Helsinki  Uusimaa  FI,971 Vettenniemi Katu,Helsinki,Uusimaa,Helsinki,00760,60.17480541604626,25.11303123264425,3500.0,0.0
cf590cf6-ac70-4f00-87d4-39124ea5b694,1974-06-23,,999-22-6405,S99919819,X34995797X,Mrs.,Minnakaisa,Topp,JD,Luopakka,M,white,nonhispanic,F,Vantaa  Uusimaa  FI,720 Smahl Katu,Siuntio,Uusimaa,Siuntio,02590,60.17003957617953,24.205659084503235,4625.0,0.0
0dcd5ddf-3a64-46ff-8eae-a17089c5cbe8,2007-08-31,,999-86-9685,,,,Ermo,Mähönen,,,,white,nonhispanic,M,Helsinki  Uusimaa  FI,328 Paldan Katu Unit 93,Helsinki,Uusimaa,Helsinki,00730,60.243321331280534,24.848525637820245,2625.0,0.0
f53279da-f510-4a92-8efb-9ee1631f0751,2007-10-29,,999-98-1623,,,,Ann-Len,Kaaja,,,,white,nonhispanic,F,Helsinki  Uusimaa  FI,681 Angervisto Katu Apt 39,Vantaa,Uusimaa,Vantaa,01600,60.21921073942699,24.770879235578278,2625.0,0.0
2b59133d-fe06-4560-aa5e-85465c334b6f,1979-02-11,,999-40-2162,S99928251,X11208942X,Mrs.,Henrikka,Schumacher,,Jolula,M,white,nonhispanic,F,Larissa  Larissa Prefecture  GR,919 Wilson Katu,Helsinki,Uusimaa,Helsinki,00750,60.244327049956205,24.95888468998667,4375.0,0.0
928ea815-8939-4b5c-8455-e4fecfc464f2,1967-11-09,,999-40-3311,S99911036,X30826222X,Mr.,Mukhtar,Heikkonen,,,M,white,nonhispanic,M,Nurmijärvi  Uusimaa  FI,291 Kortesalmi Katu,Helsinki,Uusimaa,Helsinki,00580,60.203094205495624,25.136496771574247,5250.0,0.0
a57bfeff-4039-4dee-bd24-9190c0e403eb,1961-02-19,,999-39-7758,S99970236,X10648427X,Mrs.,Heini-Marja,Mallat,,Kylmäaho,M,white,nonhispanic,F,Loviisa  Uusimaa  FI,579 Hautoniemi Katu,Espoo,Uusimaa,Espoo,02630,60.117573028192766,24.835063404357616,12557.46,0.0
68fd86fd-6d50-43ee-b580-37ce7bc6487f,2009-06-03,,999-88-8252,,,,Rani,Harlin,,,,white,nonhispanic,F,Helsinki  Uusimaa  FI,100 Virtasalo Katu,Helsinki,Uusimaa,Helsinki,00340,60.181312009783944,25.037787451376385,2375.0,0.0
42c59bc6-09f4-458a-8327-b18d80941c2f,1996-10-05,,999-78-3983,S99913109,X31841984X,Ms.,Elvine,Tillonen,,,,white,nonhispanic,F,Helsinki  Uusimaa  FI,823 Viinikainen Katu Apt 57,Helsinki,Uusimaa,Helsinki,00600,60.25319227026834,24.961788988190282,3625.0,0.0
39f406b2-1b97-40c7-9b35-1748e15a52f3,1936-04-26,,999-40-5033,S99967446,X7477949X,Mr.,Jimmi,Närvä,,,M,white,nonhispanic,M,Helsinki  Uusimaa  FI,465 Nord Katu Unit 89,Lohja,Uusimaa,Lohja,03850,60.2997428262804,23.96888214832933,15711.509999999998,0.0
fa510bb1-339e-4757-b292-cc426dbd4701,2018-04-24,,999-88-7210,,,,Marike,Kontiokorpi,,,,white,nonhispanic,F,Nurmijärvi  Uusimaa  FI,704 Aropaltio Katu,Lohja,Uusimaa,Lohja,08680,60.37362991921075,23.995250635589468,1000.0,0.0
9f7711d5-bed2-45dc-ba1b-c77547bee8c8,1975-11-30,,999-68-1875,S99913950,X63757373X,Mrs.,Pilvi,Pälsi,,Huikuri,M,white,nonhispanic,F,Kerava  Uusimaa  FI,140 Koivusilta Katu Suite 76,Helsinki,Uusimaa,Helsinki,00310,60.15011553541579,24.880027489682874,4625.0,0.0
4243cb07-d94f-4a24-9c7a-622d3ed413d8,2011-12-01,,999-93-2631,,,,Quinn,Selkilä,,,,white,nonhispanic,M,Espoo  Uusimaa  FI,725 Luokkamäki Katu,Vihti,Uusimaa,Vihti,03250,60.417485678719636,24.388693773765898,2125.0,0.0
e2b8ad27-6207-4cac-8a6c-3ccc8342671a,2019-07-15,,999-69-4191,,,,Eddine,Alamartin,,,,white,nonhispanic,M,Helsinki  Uusimaa  FI,547 Patovirta Katu Apt 41,Nurmijärvi,Uusimaa,Nurmijärvi,01940,60.368813013167674,24.84561916875567,500.0,0.0
750a5fd1-d06e-42b3-a642-bd790c87b890,1988-08-14,,999-49-7048,S99973614,X53791632X,Mrs.,Merilin,Lindgrén,,Malmi,M,white,nonhispanic,F,Helsinki  Uusimaa  FI,620 Kares Katu,Espoo,Uusimaa,Espoo,02760,60.23800886209072,24.683538031852223,4000.0,0.0
996bac0d-c025-4adc-81cd-14752175c23a,2004-03-15,,999-77-3602,,,,Abdirisak,Heinolainen,,,,white,nonhispanic,F,Kauniainen  Uusimaa  FI,1082 Fernandez Katu Suite 69,Helsinki,Uusimaa,Helsinki,00520,60.17731780133159,24.856471550022167,3000.0,0.0
b3a4cb78-e01a-4673-84bb-24e08c8e9626,2018-11-28,,999-28-4309,,,,Anjatta,Sahinaho,,,,white,nonhispanic,F,Helsinki  Uusimaa  FI,342 Kontula Katu Apt 96,Kerava,Uusimaa,Kerava,04250,60.436700815552676,25.18352886147183,875.0,0.0
b294b4d8-735a-450b-a624-806d04f1b590,1973-09-14,,999-83-5755,S99915495,X77257692X,Mr.,Giorgio,Ahto,,,M,white,nonhispanic,M,Vantaa  Uusimaa  FI,424 Meckelborg Katu Unit 0,Lohja,Uusimaa,Lohja,03850,60.26782909002155,24.148078581687027,4750.0,0.0
a8fa6903-b986-459f-9b48-7e1ed57c33dc,2018-12-04,,999-43-2954,,,,Simo-Heikki,Virmala,,,,white,nonhispanic,M,Helsinki  Uusimaa  FI,271 Vuontisjärvi Katu Unit 7,Espoo,Uusimaa,Espoo,02100,60.19252696364941,24.77025999550676,875.0,0.0
3c70a77f-c06a-4cf6-a999-6234cf013816,1943-12-01,2013-05-31,999-10-6164,S99994356,X34636863X,Mr.,Sakkeus,Mankkinen,,,M,white,nonhispanic,M,Vantaa  Uusimaa  FI,215 Pulsa Katu,Helsinki,Uusimaa,Helsinki,00350,60.128923953991084,24.96760565382471,8625.0,0.0
13038f46-02d2-48d4-99b6-cfd7301ee24c,1971-12-17,,999-40-2379,S99998826,X39738398X,Mr.,Haron,Haals,,,M,white,nonhispanic,M,Vihti  Uusimaa  FI,527 Wik Katu,Vihti,Uusimaa,Vihti,03250,60.39155644228232,24.40364537616644,4875.0,0.0
b2fa11c6-9a35-49c4-a154-5b35d66d4d3d,1963-06-19,,999-74-5847,S99954607,X58039709X,Mr.,Lamine,Vähä-Tahlo,,,S,white,nonhispanic,M,Nurmijärvi  Uusimaa  FI,759 Tarvus Katu,Mäntsälä,Uusimaa,Mäntsälä,04820,60.463662145927465,25.200561288949466,5750.0,0.0
6270985f-8e43-4ff4-ac9a-cd271cd89471,1966-08-19,,999-70-5066,S99972073,X32637856X,Mr.,Fatih,Haapapuro,,,S,white,nonhispanic,M,Loviisa  Uusimaa  FI,130 Gästgivars Katu,Vantaa,Uusimaa,Vantaa,01420,60.32310657232016,24.923661984403562,5375.0,0.0
a485019f-1bdf-4030-a6da-d8f41ca2bb42,1981-07-13,,999-93-6404,S99981980,X19659991X,Mrs.,Anu-Maija,Nakkinen,,Saha,M,white,nonhispanic,F,Kirkkonummi  Uusimaa  FI,833 Pylväläinen Katu Suite 88,Espoo,Uusimaa,Espoo,02160,60.28554257257,24.674593694876084,4250.0,0.0
4e0deb5d-37f6-4712-a9eb-9bbcfb4e16d1,1983-09-19,,999-26-6700,S99920489,X18562600X,Mr.,Campbell,Gerlander,,,M,white,nonhispanic,M,Porvoo  Uusimaa  FI,1072 Tuira Katu,Helsinki,Uusimaa,Helsinki,00940,60.15000080244427,24.91559219354768,4125.0,0.0
c068ba67-9681-41fa-b211-ba4c99671ea4,1986-07-29,,999-93-4139,S99934957,X1366120X,Mrs.,Ulla-Kristiina,Hakunti,,Girs,M,white,nonhispanic,F,Helsinki  Uusimaa  FI,426 Haljala Katu,Karkkila,Uusimaa,Karkkila,03620,60.574087343405516,24.216269357458952,4000.0,0.0
617b9f64-b817-4cd5-8ab1-429f441045fb,1976-12-03,,999-74-5198,S99929325,X89055593X,Mr.,Anseli,Rantavaara,,,M,white,nonhispanic,M,Helsinki  Uusimaa  FI,1005 Kerätär Katu,Kirkkonummi,Uusimaa,Kirkkonummi,02410,60.09437596124777,24.481414559552643,4500.0,0.0
e5cf68ee-74f0-4ede-bfdb-9f1222b2396c,1984-04-02,,999-30-4735,S99920593,X81159624X,Mr.,Aarne,Piirto,,,S,white,nonhispanic,M,Raasepori  Uusimaa  FI,546 Nikitin Katu,Vantaa,Uusimaa,Vantaa,01420,60.3249187468103,25.115845292080685,4125.0,0.0
a7138584-ea76-489e-9cab-161fe5de7312,1953-12-15,,999-85-7516,S99911793,X39773308X,Mr.,Kwan,Fromholz,,,M,white,nonhispanic,M,Helsinki  Uusimaa  FI,675 Yli-Kahrakuusi Katu,Helsinki,Uusimaa,Helsinki,00120,60.14894893009869,24.96740364782178,6875.0,0.0
ab1a5ee2-0195-4d45-b89a-caadfc4302ee,2019-02-05,,999-28-7853,,,,Rieti,Sjölind,,,,white,nonhispanic,M,Vihti  Uusimaa  FI,1098 Varpula Katu Unit 6,Nurmijärvi,Uusimaa,Nurmijärvi,01860,60.55219294602844,24.91925234458293,750.0,0.0
4e80e804-6d1b-4c77-bc74-b704742049d6,1936-12-06,1996-06-24,999-30-6520,S99929230,X13731355X,Mr.,Janne-Veikko,Harala,MD,,M,white,nonhispanic,M,Espoo  Uusimaa  FI,390 Supperi Katu Unit 64,Kerava,Uusimaa,Kerava,04260,60.366281785885114,25.107019049278417,6500.0,0.0
706f5caf-13e4-46c7-8483-a0837b292821,2000-09-20,,999-78-8469,S99960730,,Ms.,Merilin,Yli-Äyhö,,,,white,nonhispanic,F,Vantaa  Uusimaa  FI,1058 Toroska Katu,Vantaa,Uusimaa,Vantaa,01340,60.28947996622279,25.16198947585343,3500.0,0.0
8db3d15f-2be0-4baa-99a4-fae739d36fe9,1991-09-09,,999-88-3813,S99996207,X36002516X,Ms.,Kati-Susanna,Harell,,,S,white,nonhispanic,F,Helsinki  Uusimaa  FI,787 Paakkinen Katu Suite 39,Espoo,Uusimaa,Espoo,02240,60.160926047967,24.627393962844366,3875.0,0.0
20ff78e9-e277-40c8-b4af-ff28b7c110e1,1974-10-03,,999-91-6110,S99930714,X37045879X,Mr.,Rami-Pekka,Genberg,JD,,M,white,nonhispanic,M,Helsinki  Uusimaa  FI,505 Teppinen Katu,Helsinki,Uusimaa,Helsinki,00760,60.2452797363343,24.89265055899275,4625.0,0.0
b99fa6e3-6fa4-487a-9db7-e43a0352adc6,1976-02-11,,999-21-4165,S99991995,X84612042X,Mr.,Esra,Oranen,,,M,white,nonhispanic,M,Helsinki  Uusimaa  FI,818 Simuna Katu,Karkkila,Uusimaa,Karkkila,03710,60.558419454529094,24.225620420514453,4625.0,0.0
26543f16-749d-40f8-8e11-9c31aa6a89cc,1943-12-01,,999-95-6096,S99966759,X67182890X,Mr.,Eino,Kaatrakoski,,,M,white,nonhispanic,M,Helsinki  Uusimaa  FI,101 Krogell Katu Apt 96,Helsinki,Uusimaa,Helsinki,00220,60.26022919188767,24.826420473274368,8125.0,0.0
1769d759-0480-4627-bd78-dba72edb7354,1993-05-16,,999-46-9590,S99999800,X79477467X,Ms.,Christelle,Rolig,,,,white,nonhispanic,F,Helsinki  Uusimaa  FI,538 Tähtinen Katu,Vantaa,Uusimaa,Vantaa,01300,60.310068946082424,24.852266310915777,3750.0,0.0
b4ada774-edc0-4080-aee7-a14558801e46,1958-08-01,,999-44-4066,S99915500,X47682329X,Mr.,Joao,Gyldén,,,M,white,nonhispanic,M,Helsinki  Uusimaa  FI,387 Unkuri Katu,Helsinki,Uusimaa,Helsinki,00710,60.267956952083956,24.925288724296433,6375.0,0.0
9de2b06e-4273-4d35-b865-134c21b28faa,1993-04-25,,999-74-1662,S99915508,X20171606X,Ms.,Moona,Vihmakoski,,,,white,nonhispanic,F,Porvoo  Uusimaa  FI,862 Niskajärvi Katu,Vihti,Uusimaa,Vihti,03320,60.57019147849718,24.56132792330525,3750.0,0.0
9469fc1b-c055-4abc-9b94-31ce8012d5ae,1993-09-01,,999-87-5018,S99968005,X84073000X,Ms.,Catriona,Horsma-aho,,,,white,nonhispanic,F,Nurmijärvi  Uusimaa  FI,865 Nedergård Katu Unit 68,Helsinki,Uusimaa,Helsinki,00980,60.25983807318941,25.156933120152633,3750.0,0.0
68652c57-a10a-4036-a48c-64cc43e5914b,2019-08-28,,999-82-6710,,,,Craig,Honkapuro,,,,white,nonhispanic,M,Vantaa  Uusimaa  FI,215 Kaunismäki Katu,Vantaa,Uusimaa,Vantaa,01660,60.24215001736539,24.864070495483045,500.0,0.0
ca8af4b0-4bde-442f-b5d5-cf54add98416,2015-05-16,,999-84-3694,,,,Anni-Eveliina,Ylirönni,,,,white,nonhispanic,F,Helsinki  Uusimaa  FI,997 Puhtila Katu,Vantaa,Uusimaa,Vantaa,01350,60.28505855013184,24.752296158900954,1625.0,0.0
e5d7fdb4-9664-4f7c-bc8c-acbfc9a0294c,2003-09-19,,999-41-8464,S99949083,,,Olesia,Katajamaa,,,,white,nonhispanic,F,Helsinki  Uusimaa  FI,647 Ratia Katu,Helsinki,Uusimaa,Helsinki,00980,60.13270165985121,24.930646134681567,3125.0,0.0
bee2a214-72cc-4a95-b0cd-b3027c1eccd7,2010-04-26,,999-29-7972,,,,Tom,Alarautalahti,,,,white,nonhispanic,M,Helsinki  Uusimaa  FI,361 Korpilauri Katu,Espoo,Uusimaa,Espoo,02110,60.19203906725756,24.752745092285227,2250.0,0.0
e7808dac-0c3b-4fae-bb0e-c29bf6f8b400,2008-02-29,,999-65-9855,,,,Vianna,Riihikallio,,,,white,nonhispanic,F,Helsinki  Uusimaa  FI,817 Gilbert Katu,Helsinki,Uusimaa,Helsinki,00320,60.16085182083802,24.973407410134644,2500.0,0.0
dc2bc53c-5265-4ebb-b4d9-048d01aba8dd,1946-10-07,,999-47-7266,S99939788,X74538836X,Mr.,Terence,Jungerstam,,,S,white,nonhispanic,M,Nurmijärvi  Uusimaa  FI,875 Mikola Katu,Vantaa,Uusimaa,Vantaa,01530,60.23585778947105,24.837788721298516,7875.0,0.0
ffab0e71-1970-421c-b539-e395c3e2e333,2011-05-09,,999-25-6262,,,,Leslie,Kortet,,,,white,nonhispanic,F,Espoo  Uusimaa  FI,871 Kärpänen Katu,Helsinki,Uusimaa,Helsinki,00430,60.26240034269623,24.942052341732825,2125.0,0.0
9f163ee3-2c4c-4a9f-b9bd-b8f6549530a4,1936-12-06,,999-45-5676,S99970749,X57231744X,Mr.,Sohrab,Norpo,PhD,,M,white,nonhispanic,M,Loviisa  Uusimaa  FI,882 Notkola Katu,Kerava,Uusimaa,Kerava,04220,60.34403923756662,25.10063492978948,9272.03,0.0
694a02e8-00d1-41db-b63d-082e732371db,1979-03-16,,999-88-1919,S99932506,X24479226X,Mrs.,Anna-Pia,Tani,,Lostedt,M,white,nonhispanic,F,Helsinki  Uusimaa  FI,644 Niitynpää Katu,Kirkkonummi,Uusimaa,Kirkkonummi,02450,60.10520969942131,24.487679499334337,4375.0,0.0
df7dc4f2-f51e-4af6-bcb4-0756c65ea62b,1951-09-12,,999-41-9356,S99955782,X62404258X,Ms.,Xenia,Homanen,,,S,white,nonhispanic,F,Helsinki  Uusimaa  FI,523 Salviander Katu,Lohja,Uusimaa,Lohja,08480,60.457515015596655,23.80735532981504,7433.35,0.0
f9c899e2-ace1-40e8-b7ea-aebae2929d1b,1951-10-03,,999-81-4156,S99961891,X66469890X,Mrs.,Tilma,Sotka,,Junno,M,white,nonhispanic,F,Helsinki  Uusimaa  FI,412 Suurnäkki Katu,Espoo,Uusimaa,Espoo,02100,60.14507326038755,24.674751076480884,7250.0,0.0
69a8283a-9e8a-4e7d-a166-eeb58d343396,1965-04-28,,999-50-9611,S99986621,X22144185X,Ms.,Anzelika,Saahko,,,S,white,nonhispanic,F,Mäntsälä  Uusimaa  FI,999 Nikmo Katu Suite 9,Helsinki,Uusimaa,Helsinki,00980,60.13075369807846,24.944984433331484,5500.0,0.0
89854b83-a46f-4baf-b29e-a45d975272ff,1992-05-18,,999-66-4053,S99954133,X42739400X,Mrs.,Fia,Oleander,,Urpinen,M,white,nonhispanic,F,Helsinki  Uusimaa  FI,395 Hagren Katu Unit 47,Porvoo,Uusimaa,Porvoo,07410,60.34603101553199,25.847982408888935,3750.0,0.0
1bd09768-59b4-414e-868d-2933b1a89873,1968-05-21,,999-43-6867,S99920898,X14485888X,Ms.,Meliha,Gullsten,,,S,white,nonhispanic,F,Järvenpää  Uusimaa  FI,1010 Käenmäki Katu Suite 79,Vihti,Uusimaa,Vihti,03300,60.411072752588304,24.51989202190261,5125.0,0.0
355c7814-82f8-4dd8-a1c1-28a0b019f199,1958-09-15,,999-67-6737,S99920176,X50503514X,Mrs.,Elzbieta,Myllärniemi,,Lehmuskorpi,M,white,nonhispanic,F,Espoo  Uusimaa  FI,512 Kesämaa Katu,Vantaa,Uusimaa,Vantaa,01390,60.31757264064364,24.963557350275394,6375.0,0.0
09d1a043-7155-4fff-965b-6821c5db6003,1973-03-17,,999-89-2550,S99999228,X40305177X,Mr.,Jukka-Tapani,Räike,,,M,white,nonhispanic,M,Espoo  Uusimaa  FI,973 Takapuro Katu Suite 78,Vantaa,Uusimaa,Vantaa,01620,60.24056965422733,24.99597733204852,4750.0,0.0
3bf53301-9b08-4847-a48d-6f616d43b060,1943-05-14,,999-11-3015,S99949322,X14989553X,Mrs.,Shakira,Rajavuori,,Björkstrand,M,white,nonhispanic,F,Espoo  Uusimaa  FI,432 Kosamo Katu Suite 53,Vantaa,Uusimaa,Vantaa,01200,60.26466916701913,24.89184484802162,8250.0,0.0
35799836-9165-4d73-a863-6c674968082d,1978-09-08,,999-29-3297,S99944686,X54902806X,Mr.,Rachid,Leikkola,,,M,white,nonhispanic,M,Lohja  Uusimaa  FI,423 Jonsson Katu Apt 15,Vantaa,Uusimaa,Vantaa,01770,60.21760782292821,25.130084537684173,4375.0,0.0
15231875-ad9e-4af6-b43f-0aa2b337bc6a,2014-07-20,,999-48-5650,,,,Sinervo,Ollula,,,,white,nonhispanic,F,Nurmijärvi  Uusimaa  FI,911 Aholaita Katu Suite 62,Tuusula,Uusimaa,Tuusula,04390,60.45897810748107,25.00344147824062,1750.0,0.0
bab29a05-fcea-4e70-89ce-8bcbaf062330,1988-04-09,,999-33-6861,S99984557,X42189495X,Mr.,Jaarli,Högdahl,,,M,white,nonhispanic,M,Vantaa  Uusimaa  FI,537 Vitie Katu,Helsinki,Uusimaa,Helsinki,00560,60.22902391688602,24.920998479422312,4000.0,0.0
21df276c-cf9e-48fe-a255-4989a9126419,1948-09-16,,999-97-2426,S99954404,X81125120X,Mr.,Dong,Olsén,,,M,white,nonhispanic,M,Helsinki  Uusimaa  FI,514 Vähäkuopus Katu,Espoo,Uusimaa,Espoo,02730,60.236253432941325,24.740776583146573,7625.0,0.0
8e0b1d8a-f40a-475b-889c-8f84cee6aa16,1964-12-31,,999-63-8671,S99974200,X49403004X,Mr.,Lenne,Kyckling,,,S,white,nonhispanic,M,Porvoo  Uusimaa  FI,142 Helpiölä Katu Apt 60,Espoo,Uusimaa,Espoo,02300,60.114385897967864,24.828878734943977,5625.0,0.0
c6b005de-9d50-4f7d-9511-1b6cf00eaf26,1997-02-04,,999-13-3776,S99979333,X34262863X,Ms.,Fia,Isometsä,,,,white,nonhispanic,F,Kerava  Uusimaa  FI,592 Mäki-Tulokas Katu,Vantaa,Uusimaa,Vantaa,01710,60.30055549533042,24.825954413499083,3625.0,0.0
823d3aba-c94d-4cc1-aaa8-95956b5a674a,2001-12-03,,999-30-5455,S99910839,,Mr.,Larry,Segercrantz,,,,white,nonhispanic,M,Karkkila  Uusimaa  FI,514 Helander Katu Suite 50,Espoo,Uusimaa,Espoo,02610,60.250355155396875,24.85560638964566,3375.0,0.0
562b1b9e-55a2-4c7b-a7e9-6831c61968c0,1949-12-16,,999-19-1597,S99986697,X32636792X,Mrs.,Natta,Frankberg,,Jaaksi,M,white,nonhispanic,F,Espoo  Uusimaa  FI,278 Hietaharju Katu,Vantaa,Uusimaa,Vantaa,01300,60.290918792231565,25.086142218935382,7375.0,0.0
72d2768a-8a82-4455-a094-c8d4594b9c19,1974-10-30,,999-98-1122,S99942909,X2122930X,Mr.,Hardy,Tolppola,,,S,white,nonhispanic,M,Helsinki  Uusimaa  FI,1015 Meskus Katu Suite 97,Helsinki,Uusimaa,Helsinki,00640,60.188724787877824,24.99316680238829,5250.0,0.0
ba92efe8-62db-4eca-b79d-ae0560d65475,1939-04-29,2016-05-23,999-19-3960,S99995751,X18823748X,Ms.,Aya,Sydänmaa,,,S,white,nonhispanic,F,Raasepori  Uusimaa  FI,695 Aksela Katu,Vihti,Uusimaa,Vihti,03100,60.3330115776981,24.446017173393848,26875.0,0.0
af074cee-57cb-46de-860a-0d01f31a82cf,2012-10-19,,999-51-3871,,,,Sini-Mari,Honkasalo,,,,white,nonhispanic,F,Vantaa  Uusimaa  FI,1067 Kaarkoski Katu,Espoo,Uusimaa,Espoo,02200,60.30719625374223,24.667933904818856,2000.0,0.0
4f49fb9c-7f32-400d-a9ab-3e5d5edd2dad,1966-08-19,,999-84-4150,S99926550,X20986335X,Mr.,Sami-Petteri,Ahlqvist,,,M,white,nonhispanic,M,Vantaa  Uusimaa  FI,434 Sieppo Katu Apt 53,Helsinki,Uusimaa,Helsinki,00840,60.1782475985178,24.902866198908207,5375.0,0.0
e805d1d6-f808-4f1a-884a-c2a24895d1e5,1956-02-10,,999-99-3222,S99986582,X71858210X,Mr.,Muslim,Armfelt,,,S,white,nonhispanic,M,Helsinki  Uusimaa  FI,516 Örnberg Katu,Vihti,Uusimaa,Vihti,03150,60.48874991251898,24.56805314925739,6625.0,0.0
c434396d-21f7-4f8f-a98a-6147d8d6c8ef,1964-04-22,,999-21-9578,S99918347,X416940X,Mr.,Lillebror,Kannus,,,M,white,nonhispanic,M,Kauniainen  Uusimaa  FI,579 Törmäkangas Katu Unit 28,Tuusula,Uusimaa,Tuusula,04330,60.36237883794841,24.956722776361108,5625.0,0.0
0cd143ca-cdb6-4d6b-af9a-0474b4846923,1981-10-11,,999-79-2837,S99916178,X10212680X,Mrs.,Sig-Britt,Al-Zalimi,,Puittinen,M,white,nonhispanic,F,Helsinki  Uusimaa  FI,688 Karilainen Katu,Helsinki,Uusimaa,Helsinki,00940,60.25054083717759,24.88528563574115,4250.0,0.0
d6a0a360-9dd4-47ba-8f2d-5ef56ba89eee,1948-09-05,,999-47-5036,S99960705,X61768530X,Mrs.,Marla,Garner,,Pikkala,M,white,nonhispanic,F,Helsinki  Uusimaa  FI,674 Hauhio Katu,Vantaa,Uusimaa,Vantaa,01280,60.306778736519895,24.87686996707991,7625.0,0.0
add505b6-a597-47f1-9d53-2121ef15fb5f,1978-10-07,,999-80-8998,S99994054,X81654637X,Mrs.,Riikkamari,Patama,,Zitting,M,white,nonhispanic,F,Hyvinkää  Uusimaa  FI,745 Wernér Katu,Helsinki,Uusimaa,Helsinki,00130,60.16211425564323,24.86275137961119,4500.0,0.0
7e8260af-adf2-4b1b-8b48-61560b00d385,2016-10-28,,999-62-8948,,,,Remy,Tihilä,,,,white,nonhispanic,M,Järvenpää  Uusimaa  FI,591 Nevaranta Katu Suite 56,Lohja,Uusimaa,Lohja,08500,60.36395404545002,24.116608270840583,1375.0,0.0
54c05c0c-9021-42c9-8adf-ca279dc360f3,2010-02-06,,999-13-5323,,,,Klara,Mannerkorpi,,,,white,nonhispanic,F,Lohja  Uusimaa  FI,709 Salinmäki Katu,Vantaa,Uusimaa,Vantaa,01230,60.256010416303745,24.884176509890153,2375.0,0.0
84bc278f-3b46-4597-a96b-7efd080bec81,1993-07-24,,999-78-7322,S99976786,X84153350X,Ms.,Maijukka,Alatulkkila,,,,white,nonhispanic,F,Espoo  Uusimaa  FI,534 Huhtaviita Katu Suite 7,Helsinki,Uusimaa,Helsinki,00140,60.11601834311395,25.02592358633161,3750.0,0.0
fa80a54c-4e95-4a4e-90c5-aa9d6cdede92,1984-05-03,,999-30-6127,S99910301,X83216764X,Mr.,Waltteri,Härkki,,,M,white,nonhispanic,M,Espoo  Uusimaa  FI,691 Raitinpää Katu,Espoo,Uusimaa,Espoo,02170,60.10716902546058,24.731390521337982,4125.0,0.0
2df5ac15-494c-40f4-a1f1-5aa58bc71da4,1956-07-24,,999-37-4954,S99983087,X59330227X,Mrs.,Blanca,Kuivamäki,,Sompinmäki,M,white,nonhispanic,F,Helsinki  Uusimaa  FI,461 Valajärvi Katu Suite 15,Helsinki,Uusimaa,Helsinki,00790,60.20674724715946,24.998467497042512,13353.619999999999,0.0
8b1f5548-e60f-46bd-8d1d-54f5f247458f,1955-08-01,,999-94-5499,S99938922,X46795493X,Mr.,Solmu,Ylimaa,,,M,white,nonhispanic,M,Helsinki  Uusimaa  FI,515 Långskog Katu Apt 76,Helsinki,Uusimaa,Helsinki,00970,60.18648196305003,24.931344469825138,6750.0,0.0
48aa3796-699d-4732-aad1-684fed7194fa,1969-06-29,,999-77-9298,S99940396,X43128621X,Mr.,Fridolf,Wrang,,,S,white,nonhispanic,M,Helsinki  Uusimaa  FI,122 Evijoki Katu Unit 40,Vantaa,Uusimaa,Vantaa,01200,60.35201789436223,25.098152363648268,5000.0,0.0
c786250d-01f6-4940-8ccb-5e69d2112a8a,1966-10-12,,999-25-8823,S99990963,X22469765X,Mr.,Into,Värinen,,,M,white,nonhispanic,M,Helsinki  Uusimaa  FI,478 Kyykoski Katu,Helsinki,Uusimaa,Helsinki,00310,60.233210986013226,25.06044007148749,5375.0,0.0
47651b78-73e7-4014-94a2-964d5c779408,1939-04-29,,999-42-5226,S99961675,X18665923X,Mrs.,Eira,Tenhu,,Sumu,M,white,nonhispanic,F,Hyvinkää  Uusimaa  FI,317 Seppi Katu,Vihti,Uusimaa,Vihti,03400,60.3893286691533,24.364615602290925,8750.0,0.0
48e22a6c-054e-44a1-8a6f-469e6c55195d,1949-06-06,,999-80-1058,S99995383,X76409804X,Ms.,Marine,Vihuri,,,S,white,nonhispanic,F,Helsinki  Uusimaa  FI,286 Heinijoki Katu Apt 7,Espoo,Uusimaa,Espoo,02820,60.20409270145309,24.79736266000858,7500.0,0.0
