PATIENT,START_YEAR,END_YEAR,PAYER,OWNERSHIP
326c0596-d26c-4688-af7d-643cd4b80f3c,1989,2007,e15e7b92-f376-374f-9285-2f59a38ad823,Guardian
2e030a0e-af8d-417b-9cdb-e941d392fd37,1985,2003,e15e7b92-f376-374f-9285-2f59a38ad823,Guardian
3d6890b4-6f1c-4fa7-ae15-f7d9c026b021,1989,2007,e15e7b92-f376-374f-9285-2f59a38ad823,Guardian
73e2da88-dafa-4a2b-8de0-2f3750b7a6dd,1967,1985,e15e7b92-f376-374f-9285-2f59a38ad823,Guardian
05ccc38e-ef5a-4461-a6cd-dcc8c1291a58,1965,1983,e15e7b92-f376-374f-9285-2f59a38ad823,Guardian
aa7963ba-0ca1-4790-b144-6a0facce6c8f,1936,1954,e15e7b92-f376-374f-9285-2f59a38ad823,Guardian
966037e6-2ac7-483f-b8de-b6e41605734b,1996,2014,e15e7b92-f376-374f-9285-2f59a38ad823,Guardian
f6aefec5-14cc-4f5c-a858-047d5aec86ff,1966,1984,e15e7b92-f376-374f-9285-2f59a38ad823,Guardian
7f2cfedc-b050-4ce1-a453-dedbdca6564e,1985,2003,e15e7b92-f376-374f-9285-2f59a38ad823,Guardian
2db9c459-eeb1-4cab-a50e-af225e4a9abd,1967,1985,e15e7b92-f376-374f-9285-2f59a38ad823,Guardian
0a4b0876-98c7-47bb-a387-edfe3009cbb9,1980,1998,e15e7b92-f376-374f-9285-2f59a38ad823,Guardian
cf590cf6-ac70-4f00-87d4-39124ea5b694,1974,1992,e15e7b92-f376-374f-9285-2f59a38ad823,Guardian
47406f7d-3b18-4442-a0bd-8f3c4c1a31b4,1998,2016,e15e7b92-f376-374f-9285-2f59a38ad823,Guardian
2b59133d-fe06-4560-aa5e-85465c334b6f,1979,1997,e15e7b92-f376-374f-9285-2f59a38ad823,Guardian
928ea815-8939-4b5c-8455-e4fecfc464f2,1967,1985,e15e7b92-f376-374f-9285-2f59a38ad823,Guardian
a57bfeff-4039-4dee-bd24-9190c0e403eb,1961,1979,e15e7b92-f376-374f-9285-2f59a38ad823,Guardian
42c59bc6-09f4-458a-8327-b18d80941c2f,1996,2014,e15e7b92-f376-374f-9285-2f59a38ad823,Guardian
39f406b2-1b97-40c7-9b35-1748e15a52f3,1936,1954,e15e7b92-f376-374f-9285-2f59a38ad823,Guardian
39f406b2-1b97-40c7-9b35-1748e15a52f3,1955,2017,b1c428d6-4f07-31e0-90f0-68ffa6ff8c76,Self
39f406b2-1b97-40c7-9b35-1748e15a52f3,2018,2018,e15e7b92-f376-374f-9285-2f59a38ad823,
9f7711d5-bed2-45dc-ba1b-c77547bee8c8,1975,1993,e15e7b92-f376-374f-9285-2f59a38ad823,Guardian
750a5fd1-d06e-42b3-a642-bd790c87b890,1988,2006,e15e7b92-f376-374f-9285-2f59a38ad823,Guardian
b294b4d8-735a-450b-a624-806d04f1b590,1973,1991,e15e7b92-f376-374f-9285-2f59a38ad823,Guardian
3c70a77f-c06a-4cf6-a999-6234cf013816,1943,1961,e15e7b92-f376-374f-9285-2f59a38ad823,Guardian
13038f46-02d2-48d4-99b6-cfd7301ee24c,1971,1989,e15e7b92-f376-374f-9285-2f59a38ad823,Guardian
b2fa11c6-9a35-49c4-a154-5b35d66d4d3d,1963,1981,e15e7b92-f376-374f-9285-2f59a38ad823,Guardian
6270985f-8e43-4ff4-ac9a-cd271cd89471,1966,1984,e15e7b92-f376-374f-9285-2f59a38ad823,Guardian
a485019f-1bdf-4030-a6da-d8f41ca2bb42,1981,1999,e15e7b92-f376-374f-9285-2f59a38ad823,Guardian
4e0deb5d-37f6-4712-a9eb-9bbcfb4e16d1,1983,2001,e15e7b92-f376-374f-9285-2f59a38ad823,Guardian
c068ba67-9681-41fa-b211-ba4c99671ea4,1986,2004,e15e7b92-f376-374f-9285-2f59a38ad823,Guardian
617b9f64-b817-4cd5-8ab1-429f441045fb,1976,1994,e15e7b92-f376-374f-9285-2f59a38ad823,Guardian
e5cf68ee-74f0-4ede-bfdb-9f1222b2396c,1984,2002,e15e7b92-f376-374f-9285-2f59a38ad823,Guardian
a7138584-ea76-489e-9cab-161fe5de7312,1953,1971,e15e7b92-f376-374f-9285-2f59a38ad823,Guardian
4e80e804-6d1b-4c77-bc74-b704742049d6,1936,1954,e15e7b92-f376-374f-9285-2f59a38ad823,Guardian
706f5caf-13e4-46c7-8483-a0837b292821,2000,2018,e15e7b92-f376-374f-9285-2f59a38ad823,Guardian
8db3d15f-2be0-4baa-99a4-fae739d36fe9,1991,2009,e15e7b92-f376-374f-9285-2f59a38ad823,Guardian
20ff78e9-e277-40c8-b4af-ff28b7c110e1,1974,1992,e15e7b92-f376-374f-9285-2f59a38ad823,Guardian
b99fa6e3-6fa4-487a-9db7-e43a0352adc6,1976,1994,e15e7b92-f376-374f-9285-2f59a38ad823,Guardian
26543f16-749d-40f8-8e11-9c31aa6a89cc,1943,1961,e15e7b92-f376-374f-9285-2f59a38ad823,Guardian
1769d759-0480-4627-bd78-dba72edb7354,1993,2011,e15e7b92-f376-374f-9285-2f59a38ad823,Guardian
b4ada774-edc0-4080-aee7-a14558801e46,1958,1976,e15e7b92-f376-374f-9285-2f59a38ad823,Guardian
9de2b06e-4273-4d35-b865-134c21b28faa,1993,2011,e15e7b92-f376-374f-9285-2f59a38ad823,Guardian
9469fc1b-c055-4abc-9b94-31ce8012d5ae,1993,2011,e15e7b92-f376-374f-9285-2f59a38ad823,Guardian
dc2bc53c-5265-4ebb-b4d9-048d01aba8dd,1946,1964,e15e7b92-f376-374f-9285-2f59a38ad823,Guardian
9f163ee3-2c4c-4a9f-b9bd-b8f6549530a4,1936,1954,e15e7b92-f376-374f-9285-2f59a38ad823,Guardian
694a02e8-00d1-41db-b63d-082e732371db,1979,1997,e15e7b92-f376-374f-9285-2f59a38ad823,Guardian
df7dc4f2-f51e-4af6-bcb4-0756c65ea62b,1951,1969,e15e7b92-f376-374f-9285-2f59a38ad823,Guardian
f9c899e2-ace1-40e8-b7ea-aebae2929d1b,1951,1969,e15e7b92-f376-374f-9285-2f59a38ad823,Guardian
69a8283a-9e8a-4e7d-a166-eeb58d343396,1965,1983,e15e7b92-f376-374f-9285-2f59a38ad823,Guardian
89854b83-a46f-4baf-b29e-a45d975272ff,1992,2010,e15e7b92-f376-374f-9285-2f59a38ad823,Guardian
1bd09768-59b4-414e-868d-2933b1a89873,1968,1986,e15e7b92-f376-374f-9285-2f59a38ad823,Guardian
355c7814-82f8-4dd8-a1c1-28a0b019f199,1958,1976,e15e7b92-f376-374f-9285-2f59a38ad823,Guardian
09d1a043-7155-4fff-965b-6821c5db6003,1973,1991,e15e7b92-f376-374f-9285-2f59a38ad823,Guardian
3bf53301-9b08-4847-a48d-6f616d43b060,1943,1961,e15e7b92-f376-374f-9285-2f59a38ad823,Guardian
35799836-9165-4d73-a863-6c674968082d,1978,1996,e15e7b92-f376-374f-9285-2f59a38ad823,Guardian
bab29a05-fcea-4e70-89ce-8bcbaf062330,1988,2006,e15e7b92-f376-374f-9285-2f59a38ad823,Guardian
21df276c-cf9e-48fe-a255-4989a9126419,1948,1966,e15e7b92-f376-374f-9285-2f59a38ad823,Guardian
c6b005de-9d50-4f7d-9511-1b6cf00eaf26,1997,2015,e15e7b92-f376-374f-9285-2f59a38ad823,Guardian
8e0b1d8a-f40a-475b-889c-8f84cee6aa16,1964,1982,e15e7b92-f376-374f-9285-2f59a38ad823,Guardian
823d3aba-c94d-4cc1-aaa8-95956b5a674a,2001,2019,e15e7b92-f376-374f-9285-2f59a38ad823,Guardian
562b1b9e-55a2-4c7b-a7e9-6831c61968c0,1949,1967,e15e7b92-f376-374f-9285-2f59a38ad823,Guardian
72d2768a-8a82-4455-a094-c8d4594b9c19,1974,1992,e15e7b92-f376-374f-9285-2f59a38ad823,Guardian
4f49fb9c-7f32-400d-a9ab-3e5d5edd2dad,1966,1984,e15e7b92-f376-374f-9285-2f59a38ad823,Guardian
ba92efe8-62db-4eca-b79d-ae0560d65475,1939,1957,e15e7b92-f376-374f-9285-2f59a38ad823,Guardian
ba92efe8-62db-4eca-b79d-ae0560d65475,1958,2016,e15e7b92-f376-374f-9285-2f59a38ad823,Self
e805d1d6-f808-4f1a-884a-c2a24895d1e5,1956,1974,e15e7b92-f376-374f-9285-2f59a38ad823,Guardian
c434396d-21f7-4f8f-a98a-6147d8d6c8ef,1964,1982,e15e7b92-f376-374f-9285-2f59a38ad823,Guardian
0cd143ca-cdb6-4d6b-af9a-0474b4846923,1981,1999,e15e7b92-f376-374f-9285-2f59a38ad823,Guardian
d6a0a360-9dd4-47ba-8f2d-5ef56ba89eee,1948,1966,e15e7b92-f376-374f-9285-2f59a38ad823,Guardian
add505b6-a597-47f1-9d53-2121ef15fb5f,1978,1996,e15e7b92-f376-374f-9285-2f59a38ad823,Guardian
84bc278f-3b46-4597-a96b-7efd080bec81,1993,2011,e15e7b92-f376-374f-9285-2f59a38ad823,Guardian
fa80a54c-4e95-4a4e-90c5-aa9d6cdede92,1984,2002,e15e7b92-f376-374f-9285-2f59a38ad823,Guardian
2df5ac15-494c-40f4-a1f1-5aa58bc71da4,1956,1974,e15e7b92-f376-374f-9285-2f59a38ad823,Guardian
8b1f5548-e60f-46bd-8d1d-54f5f247458f,1955,1973,e15e7b92-f376-374f-9285-2f59a38ad823,Guardian
48aa3796-699d-4732-aad1-684fed7194fa,1969,1987,e15e7b92-f376-374f-9285-2f59a38ad823,Guardian
c786250d-01f6-4940-8ccb-5e69d2112a8a,1966,1984,e15e7b92-f376-374f-9285-2f59a38ad823,Guardian
47651b78-73e7-4014-94a2-964d5c779408,1939,1957,e15e7b92-f376-374f-9285-2f59a38ad823,Guardian
48e22a6c-054e-44a1-8a6f-469e6c55195d,1949,1949,b1c428d6-4f07-31e0-90f0-68ffa6ff8c76,
48e22a6c-054e-44a1-8a6f-469e6c55195d,1950,1950,e15e7b92-f376-374f-9285-2f59a38ad823,
48e22a6c-054e-44a1-8a6f-469e6c55195d,1951,1967,e15e7b92-f376-374f-9285-2f59a38ad823,Guardian
