DATE,PATIENT,ENCOUNTER,CODE,DESCRIPTION,BASE_COST,REASONCODE,REASONDESCRIPTION
1992-12-27,aa7963ba-0ca1-4790-b144-6a0facce6c8f,1a460b96-fba9-4f82-b25c-8901c01acf15,40701008,Echocardiography (procedure),943.84,22298006,Myocardial Infarction
1992-12-27,aa7963ba-0ca1-4790-b144-6a0facce6c8f,1a460b96-fba9-4f82-b25c-8901c01acf15,415070008,Percutaneous coronary intervention,28623.55,22298006,Myocardial Infarction
1992-12-27,aa7963ba-0ca1-4790-b144-6a0facce6c8f,1a460b96-fba9-4f82-b25c-8901c01acf15,232717009,Coronary artery bypass grafting,42844.96,22298006,Myocardial Infarction
2018-03-04,39f406b2-1b97-40c7-9b35-1748e15a52f3,fa8efa77-1163-4de9-b8c8-09cf79a6cf98,40701008,Echocardiography (procedure),1001.74,230690007,Stroke
2018-03-04,39f406b2-1b97-40c7-9b35-1748e15a52f3,fa8efa77-1163-4de9-b8c8-09cf79a6cf98,433112001,Percutaneous mechanical thrombectomy of portal vein using fluoroscopic guidance,27960.00,230690007,Stroke
2007-12-25,3c70a77f-c06a-4cf6-a999-6234cf013816,ae2cf214-af0c-4b14-be1e-449ca9b4e74e,434158009,Transthoracic three dimensional ultrasonography of heart (procedure),1020.37,,
2008-12-19,3c70a77f-c06a-4cf6-a999-6234cf013816,8e268772-b79c-4dd2-a796-07d4e97dddc0,434158009,Transthoracic three dimensional ultrasonography of heart (procedure),772.04,,
2009-12-14,3c70a77f-c06a-4cf6-a999-6234cf013816,bfb76418-a9c8-407c-a282-f980a946169e,399208008,Plain chest X-ray (procedure),9429.69,,
2009-12-14,3c70a77f-c06a-4cf6-a999-6234cf013816,0f0b42ad-8d31-4445-bf24-901bfdee1bab,433236007,Transthoracic echocardiography,500.00,,
2009-12-14,3c70a77f-c06a-4cf6-a999-6234cf013816,0f0b42ad-8d31-4445-bf24-901bfdee1bab,399208008,Plain chest X-ray,10361.83,,
2010-06-14,3c70a77f-c06a-4cf6-a999-6234cf013816,31260f86-62b5-4553-a9e3-dd64cb33585e,434158009,Transthoracic three dimensional ultrasonography of heart (procedure),1282.76,,
2010-12-11,3c70a77f-c06a-4cf6-a999-6234cf013816,8c9b3a0d-6dc9-4254-a8f9-1862c809e49a,399208008,Plain chest X-ray (procedure),7171.56,,
2011-06-09,3c70a77f-c06a-4cf6-a999-6234cf013816,25176a56-573c-45b7-bb33-16eea15331a0,434158009,Transthoracic three dimensional ultrasonography of heart (procedure),1786.65,,
2012-11-30,3c70a77f-c06a-4cf6-a999-6234cf013816,5a380f0b-f678-42df-ac28-dcc42acb2e1d,434158009,Transthoracic three dimensional ultrasonography of heart (procedure),943.97,,
2013-05-29,3c70a77f-c06a-4cf6-a999-6234cf013816,2f13c4a7-7a7a-4a9d-8fc5-49c390b8bddf,399208008,Plain chest X-ray (procedure),12058.74,,
2013-05-29,3c70a77f-c06a-4cf6-a999-6234cf013816,d182c938-a2a9-4ca6-b9dd-04ad9c1e4a3b,433236007,Transthoracic echocardiography,500.00,,
2013-05-29,3c70a77f-c06a-4cf6-a999-6234cf013816,d182c938-a2a9-4ca6-b9dd-04ad9c1e4a3b,399208008,Plain chest X-ray,7054.54,,
1995-12-25,4e80e804-6d1b-4c77-bc74-b704742049d6,1bb1c6e7-8c06-45e5-9582-e1938c4a4923,434158009,Transthoracic three dimensional ultrasonography of heart (procedure),1306.31,,
1996-06-22,4e80e804-6d1b-4c77-bc74-b704742049d6,dfb41587-94d7-4fa2-9241-139e312a5b6f,399208008,Plain chest X-ray (procedure),12316.14,,
1996-06-22,4e80e804-6d1b-4c77-bc74-b704742049d6,135e2e67-6cbc-46b0-867b-4ad92ef2d2ea,433236007,Transthoracic echocardiography,500.00,,
1996-06-22,4e80e804-6d1b-4c77-bc74-b704742049d6,135e2e67-6cbc-46b0-867b-4ad92ef2d2ea,399208008,Plain chest X-ray,6688.60,,
2018-09-28,b4ada774-edc0-4080-aee7-a14558801e46,37a0e535-ce03-4129-a4bb-d4ecdc7f9a83,180325003,Electrical cardioversion,23432.52,49436004,Atrial Fibrillation
2019-10-04,b4ada774-edc0-4080-aee7-a14558801e46,f9c91b60-b666-4d7d-a40f-f990d77df923,18286008,Catheter ablation of tissue of heart,11618.69,49436004,Atrial Fibrillation
2014-04-09,df7dc4f2-f51e-4af6-bcb4-0756c65ea62b,0d729f47-ea14-4812-89aa-d9d851dd287f,40701008,Echocardiography (procedure),1051.98,410429000,Cardiac Arrest
2014-04-09,df7dc4f2-f51e-4af6-bcb4-0756c65ea62b,0d729f47-ea14-4812-89aa-d9d851dd287f,447365002,Insertion of biventricular implantable cardioverter defibrillator,28573.77,410429000,Cardiac Arrest
2014-04-09,df7dc4f2-f51e-4af6-bcb4-0756c65ea62b,0d729f47-ea14-4812-89aa-d9d851dd287f,18286008,Catheter ablation of tissue of heart,10545.44,410429000,Cardiac Arrest
2007-05-17,ba92efe8-62db-4eca-b79d-ae0560d65475,3b759bf6-cb01-44f6-88b3-92da8f962fa6,399208008,Plain chest X-ray (procedure),6513.25,,
2007-05-17,ba92efe8-62db-4eca-b79d-ae0560d65475,a6099346-440d-4924-b226-a8196e44f649,433236007,Transthoracic echocardiography,500.00,,
2007-05-17,ba92efe8-62db-4eca-b79d-ae0560d65475,a6099346-440d-4924-b226-a8196e44f649,399208008,Plain chest X-ray,8565.71,,
2008-02-12,ba92efe8-62db-4eca-b79d-ae0560d65475,a2821b61-6ac9-410b-b0f2-ee9642a744e2,434158009,Transthoracic three dimensional ultrasonography of heart (procedure),632.06,,
2009-08-05,ba92efe8-62db-4eca-b79d-ae0560d65475,f8dffb4a-79f3-4b3a-a748-4f11dec47ccf,434158009,Transthoracic three dimensional ultrasonography of heart (procedure),1762.21,,
2010-02-01,ba92efe8-62db-4eca-b79d-ae0560d65475,5e9f5516-8842-41ac-9696-027cc373c42f,399208008,Plain chest X-ray (procedure),14519.25,,
2010-02-01,ba92efe8-62db-4eca-b79d-ae0560d65475,a0a069bf-aa5e-4f58-9c28-7f2456796041,433236007,Transthoracic echocardiography,500.00,,
2010-02-01,ba92efe8-62db-4eca-b79d-ae0560d65475,a0a069bf-aa5e-4f58-9c28-7f2456796041,399208008,Plain chest X-ray,9792.27,,
2010-12-19,ba92efe8-62db-4eca-b79d-ae0560d65475,d3327a75-72b6-48c5-9c9e-b351cc150e1c,434158009,Transthoracic three dimensional ultrasonography of heart (procedure),774.00,,
2012-06-11,ba92efe8-62db-4eca-b79d-ae0560d65475,b63c9aa8-7278-424a-b57f-f0f486d9ffcc,434158009,Transthoracic three dimensional ultrasonography of heart (procedure),623.16,,
2013-12-03,ba92efe8-62db-4eca-b79d-ae0560d65475,079fa9ce-aaf1-4601-96fc-bc7782a341e7,434158009,Transthoracic three dimensional ultrasonography of heart (procedure),1051.90,,
2015-05-27,ba92efe8-62db-4eca-b79d-ae0560d65475,18b2a2ea-c013-4ac3-a552-30322f2f3bc5,434158009,Transthoracic three dimensional ultrasonography of heart (procedure),1062.92,,
2016-05-21,ba92efe8-62db-4eca-b79d-ae0560d65475,1cab66ad-970d-4592-b30f-317883252ffc,399208008,Plain chest X-ray (procedure),5844.53,,
2016-05-21,ba92efe8-62db-4eca-b79d-ae0560d65475,e99c9843-7368-48ba-8caa-9be52a36afc7,433236007,Transthoracic echocardiography,500.00,,
2016-05-21,ba92efe8-62db-4eca-b79d-ae0560d65475,e99c9843-7368-48ba-8caa-9be52a36afc7,399208008,Plain chest X-ray,10029.49,,
2018-12-25,2df5ac15-494c-40f4-a1f1-5aa58bc71da4,f78c574d-7eaa-4e76-9375-f65ae8d05419,40701008,Echocardiography (procedure),985.57,230690007,Stroke
2018-12-25,2df5ac15-494c-40f4-a1f1-5aa58bc71da4,f78c574d-7eaa-4e76-9375-f65ae8d05419,433112001,Percutaneous mechanical thrombectomy of portal vein using fluoroscopic guidance,24758.39,230690007,Stroke
2016-10-01,47651b78-73e7-4014-94a2-964d5c779408,3883e029-b493-457e-a87b-2207304c9ade,18286008,Catheter ablation of tissue of heart,11263.14,49436004,Atrial Fibrillation
2017-10-07,47651b78-73e7-4014-94a2-964d5c779408,be802347-8510-4773-af92-3f79680c7f13,180325003,Electrical cardioversion,14561.18,49436004,Atrial Fibrillation
2018-10-13,47651b78-73e7-4014-94a2-964d5c779408,8b1839a2-9b90-4cd7-912f-4d097ea56a23,180325003,Electrical cardioversion,22649.88,49436004,Atrial Fibrillation
2019-10-19,47651b78-73e7-4014-94a2-964d5c779408,a448e5d0-f6a5-4fc7-be42-8397f56f51ce,180325003,Electrical cardioversion,20889.30,49436004,Atrial Fibrillation
2012-08-20,48e22a6c-054e-44a1-8a6f-469e6c55195d,cf59be9d-1f5c-4d3f-bb32-c752293bdfdd,180325003,Electrical cardioversion,26319.17,49436004,Atrial Fibrillation
2013-08-26,48e22a6c-054e-44a1-8a6f-469e6c55195d,b1897d00-2271-4a8e-bbd9-0072034f67f7,180325003,Electrical cardioversion,41317.27,49436004,Atrial Fibrillation
2014-09-01,48e22a6c-054e-44a1-8a6f-469e6c55195d,10af22bd-2c78-47d9-b3b8-cef7f2e5e8b2,180325003,Electrical cardioversion,36934.83,49436004,Atrial Fibrillation
2015-09-07,48e22a6c-054e-44a1-8a6f-469e6c55195d,7b22d355-1b18-4ef1-ad6a-b32cca9f7c95,180325003,Electrical cardioversion,39072.22,49436004,Atrial Fibrillation
2016-09-12,48e22a6c-054e-44a1-8a6f-469e6c55195d,56358b4c-a185-4369-8323-5d019035e758,180325003,Electrical cardioversion,41167.54,49436004,Atrial Fibrillation
2017-09-18,48e22a6c-054e-44a1-8a6f-469e6c55195d,3cfe9bb5-aac8-4a37-92a3-a1da62d41ee9,180325003,Electrical cardioversion,19486.54,49436004,Atrial Fibrillation
2018-09-24,48e22a6c-054e-44a1-8a6f-469e6c55195d,834ab9b8-2267-4a3a-9bd6-ce93e6076b2f,18286008,Catheter ablation of tissue of heart,9083.88,49436004,Atrial Fibrillation
2019-09-30,48e22a6c-054e-44a1-8a6f-469e6c55195d,ca25382e-2eb9-46b8-9d96-9a2a81c23db5,180325003,Electrical cardioversion,39555.08,49436004,Atrial Fibrillation
