Id,ORGANIZATION,NAME,GENDER,SPECIALITY,ADDRESS,CITY,STATE,ZIP,LAT,LON,UTILIZATION
a0f1b181-51d9-3cce-8cd6-3d33c8b3ea48,319baef9-e8e6-3320-9e0b-7991d9c167b8,Reija-Leena Änäkäinen,F,GENERAL PRACTICE,Haartmaninkatu 4,Helsinki,18,00290,60.189159,24.909081,1
b14404ca-5534-313f-82f6-85a77173f1ee,410e8cf7-76a3-307f-b421-5fa7760177f1,Seena Karlman,F,GENERAL PRACTICE,Kasarmikatu 11-13,Helsinki,18,00130,60.16102,24.94834,8
ef6e537c-fb13-3ef7-bba4-e8a86626a7e7,7b74aa83-5335-38dd-a213-d6df36c7f627,Stigsdotter Varje,F,GENERAL PRACTICE,Karvasmäentie 6,Espoo,18,02740,60.22011,24.6848,147
db1a22c4-cdfb-3090-a7db-1c1f4260a58e,af916982-f5f8-341b-b159-69e72695294c,Sanna Aitakangas,F,GENERAL PRACTICE,Sairaalakatu 1,Vantaa,18,01400,60.3299,25.0608,4
ab8482eb-f68b-355c-a2ac-35c7d1d00030,8af774ed-7635-320a-ad8c-a63aa309a858,Anna-Mari Rosenlöf,F,GENERAL PRACTICE,Sairaalatie 8,Lohja,18,08200,60.2247,24.01885,1
c0aec80e-78f6-398a-8302-6a69d912b12f,738aef7e-a279-3f65-9dba-fead16b27400,Rurik Haaristo,M,GENERAL PRACTICE,Turuntie 150,Espoo,18,02740,60.22589,24.77581,1327
fd85219d-816a-34d9-ac2d-c4b7d51a36ec,9a3e6919-4ed0-32fe-a1e2-7184b06c415f,Jeff Kankilampi,M,GENERAL PRACTICE,Karvasmäentie 6,Espoo,18,02740,60.22011,24.6848,573
df253823-d2f8-35e8-b4b6-60efa1a952a9,a70486b2-c33a-37b3-a4cf-b3dc06cb9d84,Ludmilla Kärsämä,F,GENERAL PRACTICE,Sairaalakatu 1,Vantaa,18,01400,60.3299,25.0608,1108
1ee7ae62-3379-3bdf-b69c-f8a5662225db,bf25636d-50a4-3cf2-b937-0e59fd37503f,Reija-Leena Änäkäinen,F,GENERAL PRACTICE,Sairaalankatu 1,Hyvinkää,18,05830,60.612,24.82486,154
2694a8c7-36d7-3b58-94f1-bc92a25d7a28,4eddd774-a01b-3a0b-b4c6-736a5581aba4,Stefanus Kiiliäinen,M,GENERAL PRACTICE,Ohkolantie 10,Kellokoski,18,04500,60.53054,25.10548,81
fb0b183a-828a-3b5a-b882-0d388d67c22a,942171f0-df04-34cc-9c85-1a11b2f08717,Pia-Riitta Mäkikunnas,F,GENERAL PRACTICE,Sairaalatie 8,Lohja,18,08200,60.2247,24.01885,349
1decda3b-6953-3c59-949f-1d5e5bf9cee7,216a84b2-6287-356d-9bcf-655abf00debb,Torleif Lerstrand,M,GENERAL PRACTICE,Sairaalantie 1,Porvoo,18,06200,60.37911,25.69576,75
1d4a2c0b-de05-3963-9eae-9dcf0dcbf616,319baef9-e8e6-3320-9e0b-7991d9c167b8,Rurik Haaristo,M,GENERAL PRACTICE,Haartmaninkatu 4,Helsinki,18,00290,60.189159,24.909081,4
9b988046-27fc-321b-b586-c1e453c26334,7b74aa83-5335-38dd-a213-d6df36c7f627,Reija-Leena Änäkäinen,F,GENERAL PRACTICE,Karvasmäentie 6,Espoo,18,02740,60.22011,24.6848,3
36c692c7-ebdd-3b30-a66d-c847caceb603,af916982-f5f8-341b-b159-69e72695294c,Stefanus Kiiliäinen,M,GENERAL PRACTICE,Sairaalakatu 1,Vantaa,18,01400,60.3299,25.0608,1
5df6d815-fe7d-38e7-8b60-13ad815a1725,8af774ed-7635-320a-ad8c-a63aa309a858,Torleif Lerstrand,M,GENERAL PRACTICE,Sairaalatie 8,Lohja,18,08200,60.2247,24.01885,2
