START,STOP,PATIENT,ENCOUNTER,CODE,DESCRIPTION
2008-01-08,,2941b42d-0ea7-4586-9196-5309217b66cc,5e4e6c4b-cf0a-4443-9229-7c6ddd660e07,49436004,Atrial Fibrillation
2018-05-01,,2941b42d-0ea7-4586-9196-5309217b66cc,b3717437-06c5-4900-bcd7-7c5ef3062486,230690007,Stroke
2017-12-03,,097bb786-d44d-4885-a10c-a527af8fc646,85ebc119-da79-48f1-b7e3-33d9bae4a390,410429000,Cardiac Arrest
2017-12-03,,097bb786-d44d-4885-a10c-a527af8fc646,85ebc119-da79-48f1-b7e3-33d9bae4a390,429007001,History of cardiac arrest (situation)
2000-03-12,,a9d4d1df-5826-4ae3-b400-43350063805a,db29d263-39e1-4839-bf89-27e1caa5b793,410429000,Cardiac Arrest
2000-03-12,,a9d4d1df-5826-4ae3-b400-43350063805a,db29d263-39e1-4839-bf89-27e1caa5b793,429007001,History of cardiac arrest (situation)
2009-12-20,,a9d4d1df-5826-4ae3-b400-43350063805a,fb0112dc-cb38-4b64-a12c-30c8ae2d6182,53741008,Coronary Heart Disease
2012-08-19,,a9d4d1df-5826-4ae3-b400-43350063805a,998e3293-c043-4ccf-a2a9-4e70044933d7,22298006,Myocardial Infarction
2012-08-19,,a9d4d1df-5826-4ae3-b400-43350063805a,998e3293-c043-4ccf-a2a9-4e70044933d7,399211009,History of myocardial infarction (situation)
2020-01-08,,ad89c5d3-a8a0-4293-af32-136aba17acbc,32804a30-2f86-4de1-b455-a82bc28265fb,230690007,Stroke
1960-01-24,,7c16eab7-b23c-4161-b6b3-0787c3f81c8d,a4f53f44-37a0-4e4a-ad12-c01d9845a937,410429000,Cardiac Arrest
1960-01-24,,7c16eab7-b23c-4161-b6b3-0787c3f81c8d,a4f53f44-37a0-4e4a-ad12-c01d9845a937,429007001,History of cardiac arrest (situation)
2010-12-26,,8cef5178-3aa1-4146-b11c-3c5ef3a92e31,a280fd33-f97a-4ad8-8c56-3c36d9bf8818,49436004,Atrial Fibrillation
2011-11-20,,8cef5178-3aa1-4146-b11c-3c5ef3a92e31,360af700-bbda-4a7f-9231-a706b8f433b6,230690007,Stroke
1980-03-10,,ada6f151-8d0f-428d-8cbe-c5bca33ebd8f,93b54b89-740a-4748-94cd-0740a67ac160,53741008,Coronary Heart Disease
1991-07-15,,ada6f151-8d0f-428d-8cbe-c5bca33ebd8f,dc2e32d5-fa5b-40a8-88ee-cfbfb64f0d85,22298006,Myocardial Infarction
1991-07-15,,ada6f151-8d0f-428d-8cbe-c5bca33ebd8f,dc2e32d5-fa5b-40a8-88ee-cfbfb64f0d85,399211009,History of myocardial infarction (situation)
2012-05-16,,da804cd0-4647-4cce-856a-7a22a1515355,a45fc0d0-4ce7-4bc2-ba07-591c36ffa3fc,53741008,Coronary Heart Disease
1998-07-22,,f75717d6-0bd0-4b81-b7cc-451b22cfc4cb,f2c083f4-1850-418d-a79e-c8973d4c3713,410429000,Cardiac Arrest
1998-07-22,,f75717d6-0bd0-4b81-b7cc-451b22cfc4cb,f2c083f4-1850-418d-a79e-c8973d4c3713,429007001,History of cardiac arrest (situation)
1992-10-31,,d1d73a69-a95c-4a98-8807-b93c9f534b49,5d957c4c-1ccc-437a-8dd4-da47f581462a,53741008,Coronary Heart Disease
2015-03-07,,d1d73a69-a95c-4a98-8807-b93c9f534b49,01a5798a-6e1e-4beb-9d3b-310dd9c94f56,22298006,Myocardial Infarction
2015-03-07,,d1d73a69-a95c-4a98-8807-b93c9f534b49,01a5798a-6e1e-4beb-9d3b-310dd9c94f56,399211009,History of myocardial infarction (situation)
2013-06-19,,4a88838e-5aac-419e-92c9-89e0b7607677,b3662c5c-56ce-48c6-bd79-54cc6ba2adfe,230690007,Stroke
2015-03-07,,ae52c667-7f39-4059-b087-048ecd3692d3,5bca747e-6aef-4d56-8df7-1dc888b708a8,53741008,Coronary Heart Disease
2015-07-18,,ae52c667-7f39-4059-b087-048ecd3692d3,df4f25e3-0d58-4baf-8915-eea54edac586,22298006,Myocardial Infarction
2015-07-18,,ae52c667-7f39-4059-b087-048ecd3692d3,df4f25e3-0d58-4baf-8915-eea54edac586,399211009,History of myocardial infarction (situation)
