START,STOP,PATIENT,PAYER,ENCOUNTER,CODE,DESCRIPTION,BASE_COST,PAYER_COVERAGE,DISPENSES,TOTALCOST,REASONCODE,REASONDESCRIPTION
2008-01-08,,2941b42d-0ea7-4586-9196-5309217b66cc,b1c428d6-4f07-31e0-90f0-68ffa6ff8c76,5e4e6c4b-cf0a-4443-9229-7c6ddd660e07,855332,Warfarin Sodium 5 MG Oral Tablet,28.91,0.00,125,3613.75,,
2008-01-08,,2941b42d-0ea7-4586-9196-5309217b66cc,b1c428d6-4f07-31e0-90f0-68ffa6ff8c76,5e4e6c4b-cf0a-4443-9229-7c6ddd660e07,897718,Verapamil Hydrochloride 40 MG,42.56,0.00,125,5320.00,,
2008-01-08,,2941b42d-0ea7-4586-9196-5309217b66cc,b1c428d6-4f07-31e0-90f0-68ffa6ff8c76,5e4e6c4b-cf0a-4443-9229-7c6ddd660e07,197604,Digoxin 0.125 MG Oral Tablet,84.53,0.00,125,10566.25,,
2018-05-01,2018-05-01,2941b42d-0ea7-4586-9196-5309217b66cc,b1c428d6-4f07-31e0-90f0-68ffa6ff8c76,b3717437-06c5-4900-bcd7-7c5ef3062486,309362,Clopidogrel 75 MG Oral Tablet,96.68,0.00,1,96.68,,
2018-05-01,2018-05-01,2941b42d-0ea7-4586-9196-5309217b66cc,b1c428d6-4f07-31e0-90f0-68ffa6ff8c76,b3717437-06c5-4900-bcd7-7c5ef3062486,1804799,Alteplase 100 MG Injection,6645.63,0.00,1,6645.63,,
2017-12-03,2017-12-03,097bb786-d44d-4885-a10c-a527af8fc646,b1c428d6-4f07-31e0-90f0-68ffa6ff8c76,85ebc119-da79-48f1-b7e3-33d9bae4a390,1660014,1 ML Epinephrine 1 MG/ML Injection,4.74,0.00,1,4.74,,
2017-12-03,2017-12-03,097bb786-d44d-4885-a10c-a527af8fc646,b1c428d6-4f07-31e0-90f0-68ffa6ff8c76,85ebc119-da79-48f1-b7e3-33d9bae4a390,834357,3 ML Amiodarone hydrocholoride 50 MG/ML Prefilled Syringe,52.18,0.00,1,52.18,,
2017-12-03,2017-12-03,097bb786-d44d-4885-a10c-a527af8fc646,b1c428d6-4f07-31e0-90f0-68ffa6ff8c76,85ebc119-da79-48f1-b7e3-33d9bae4a390,1190795,Atropine Sulfate 1 MG/ML Injectable Solution,37.60,0.00,1,37.60,,
2009-12-20,2012-08-19,a9d4d1df-5826-4ae3-b400-43350063805a,b1c428d6-4f07-31e0-90f0-68ffa6ff8c76,fb0112dc-cb38-4b64-a12c-30c8ae2d6182,309362,Clopidogrel 75 MG Oral Tablet,4.71,0.00,32,150.72,,
2009-12-20,,a9d4d1df-5826-4ae3-b400-43350063805a,b1c428d6-4f07-31e0-90f0-68ffa6ff8c76,fb0112dc-cb38-4b64-a12c-30c8ae2d6182,312961,Simvastatin 20 MG Oral Tablet,29.07,0.00,32,930.24,,
2009-12-20,,a9d4d1df-5826-4ae3-b400-43350063805a,b1c428d6-4f07-31e0-90f0-68ffa6ff8c76,fb0112dc-cb38-4b64-a12c-30c8ae2d6182,197361,Amlodipine 5 MG Oral Tablet,48.12,0.00,32,1539.84,,
2009-12-20,2012-08-19,a9d4d1df-5826-4ae3-b400-43350063805a,b1c428d6-4f07-31e0-90f0-68ffa6ff8c76,fb0112dc-cb38-4b64-a12c-30c8ae2d6182,705129,Nitroglycerin 0.4 MG/ACTUAT Mucosal Spray,167.77,0.00,32,5368.64,,
2012-08-19,2012-08-19,a9d4d1df-5826-4ae3-b400-43350063805a,b1c428d6-4f07-31e0-90f0-68ffa6ff8c76,998e3293-c043-4ccf-a2a9-4e70044933d7,259255,Atorvastatin 80 MG Oral Tablet,207.30,0.00,1,207.30,,
2012-08-19,2012-08-19,a9d4d1df-5826-4ae3-b400-43350063805a,b1c428d6-4f07-31e0-90f0-68ffa6ff8c76,998e3293-c043-4ccf-a2a9-4e70044933d7,833036,Captopril 25 MG Oral Tablet,123.50,0.00,1,123.50,,
2020-01-08,2020-01-08,ad89c5d3-a8a0-4293-af32-136aba17acbc,b1c428d6-4f07-31e0-90f0-68ffa6ff8c76,32804a30-2f86-4de1-b455-a82bc28265fb,309362,Clopidogrel 75 MG Oral Tablet,35.34,0.00,1,35.34,,
2020-01-08,2020-01-08,ad89c5d3-a8a0-4293-af32-136aba17acbc,b1c428d6-4f07-31e0-90f0-68ffa6ff8c76,32804a30-2f86-4de1-b455-a82bc28265fb,1804799,Alteplase 100 MG Injection,6381.27,0.00,1,6381.27,,
2010-12-26,,8cef5178-3aa1-4146-b11c-3c5ef3a92e31,b1c428d6-4f07-31e0-90f0-68ffa6ff8c76,a280fd33-f97a-4ad8-8c56-3c36d9bf8818,855332,Warfarin Sodium 5 MG Oral Tablet,41.73,0.00,112,4673.76,,
2010-12-26,,8cef5178-3aa1-4146-b11c-3c5ef3a92e31,b1c428d6-4f07-31e0-90f0-68ffa6ff8c76,a280fd33-f97a-4ad8-8c56-3c36d9bf8818,897718,Verapamil Hydrochloride 40 MG,40.31,0.00,112,4514.72,,
2010-12-26,,8cef5178-3aa1-4146-b11c-3c5ef3a92e31,b1c428d6-4f07-31e0-90f0-68ffa6ff8c76,a280fd33-f97a-4ad8-8c56-3c36d9bf8818,197604,Digoxin 0.125 MG Oral Tablet,69.37,0.00,112,7769.44,,
2011-11-20,2011-11-20,8cef5178-3aa1-4146-b11c-3c5ef3a92e31,b1c428d6-4f07-31e0-90f0-68ffa6ff8c76,360af700-bbda-4a7f-9231-a706b8f433b6,309362,Clopidogrel 75 MG Oral Tablet,55.92,0.00,1,55.92,,
2011-11-20,2011-11-20,8cef5178-3aa1-4146-b11c-3c5ef3a92e31,b1c428d6-4f07-31e0-90f0-68ffa6ff8c76,360af700-bbda-4a7f-9231-a706b8f433b6,1804799,Alteplase 100 MG Injection,6168.54,0.00,1,6168.54,,
1980-03-10,1991-07-15,ada6f151-8d0f-428d-8cbe-c5bca33ebd8f,b1c428d6-4f07-31e0-90f0-68ffa6ff8c76,93b54b89-740a-4748-94cd-0740a67ac160,705129,Nitroglycerin 0.4 MG/ACTUAT Mucosal Spray,17.68,0.00,138,2439.84,,
1991-05-13,,ada6f151-8d0f-428d-8cbe-c5bca33ebd8f,b1c428d6-4f07-31e0-90f0-68ffa6ff8c76,0183d9d0-ef5f-43f8-876e-4e3da0fafb25,312961,Simvastatin 20 MG Oral Tablet,37.81,0.00,2,75.62,,
1991-07-15,1991-07-15,ada6f151-8d0f-428d-8cbe-c5bca33ebd8f,b1c428d6-4f07-31e0-90f0-68ffa6ff8c76,dc2e32d5-fa5b-40a8-88ee-cfbfb64f0d85,833036,Captopril 25 MG Oral Tablet,43.38,0.00,1,43.38,,
2012-05-16,,da804cd0-4647-4cce-856a-7a22a1515355,b1c428d6-4f07-31e0-90f0-68ffa6ff8c76,a45fc0d0-4ce7-4bc2-ba07-591c36ffa3fc,309362,Clopidogrel 75 MG Oral Tablet,38.37,0.00,95,3645.15,,
2012-05-16,,da804cd0-4647-4cce-856a-7a22a1515355,b1c428d6-4f07-31e0-90f0-68ffa6ff8c76,a45fc0d0-4ce7-4bc2-ba07-591c36ffa3fc,312961,Simvastatin 20 MG Oral Tablet,24.41,0.00,95,2318.95,,
2012-05-16,,da804cd0-4647-4cce-856a-7a22a1515355,b1c428d6-4f07-31e0-90f0-68ffa6ff8c76,a45fc0d0-4ce7-4bc2-ba07-591c36ffa3fc,197361,Amlodipine 5 MG Oral Tablet,12.78,0.00,95,1214.10,,
2012-05-16,,da804cd0-4647-4cce-856a-7a22a1515355,b1c428d6-4f07-31e0-90f0-68ffa6ff8c76,a45fc0d0-4ce7-4bc2-ba07-591c36ffa3fc,705129,Nitroglycerin 0.4 MG/ACTUAT Mucosal Spray,172.51,0.00,95,16388.45,,
1992-10-31,,d1d73a69-a95c-4a98-8807-b93c9f534b49,b1c428d6-4f07-31e0-90f0-68ffa6ff8c76,5d957c4c-1ccc-437a-8dd4-da47f581462a,312961,Simvastatin 20 MG Oral Tablet,28.35,0.00,272,7711.20,,
1992-10-31,2015-03-07,d1d73a69-a95c-4a98-8807-b93c9f534b49,b1c428d6-4f07-31e0-90f0-68ffa6ff8c76,5d957c4c-1ccc-437a-8dd4-da47f581462a,705129,Nitroglycerin 0.4 MG/ACTUAT Mucosal Spray,172.89,0.00,272,47026.08,,
1994-11-12,,d1d73a69-a95c-4a98-8807-b93c9f534b49,b1c428d6-4f07-31e0-90f0-68ffa6ff8c76,e51063f4-f935-4fc3-8b19-f7924ec11b62,197361,Amlodipine 5 MG Oral Tablet,33.25,0.00,247,8212.75,,
1997-11-29,2015-03-07,d1d73a69-a95c-4a98-8807-b93c9f534b49,b1c428d6-4f07-31e0-90f0-68ffa6ff8c76,d2a4b726-8ebd-4b4c-a0f2-07e99944c9ef,309362,Clopidogrel 75 MG Oral Tablet,64.64,0.00,210,13574.40,,
2015-03-07,2015-03-07,d1d73a69-a95c-4a98-8807-b93c9f534b49,b1c428d6-4f07-31e0-90f0-68ffa6ff8c76,01a5798a-6e1e-4beb-9d3b-310dd9c94f56,259255,Atorvastatin 80 MG Oral Tablet,87.61,0.00,1,87.61,,
2015-03-07,2015-03-07,d1d73a69-a95c-4a98-8807-b93c9f534b49,b1c428d6-4f07-31e0-90f0-68ffa6ff8c76,01a5798a-6e1e-4beb-9d3b-310dd9c94f56,833036,Captopril 25 MG Oral Tablet,65.96,0.00,1,65.96,,
2013-06-19,2013-06-19,4a88838e-5aac-419e-92c9-89e0b7607677,b1c428d6-4f07-31e0-90f0-68ffa6ff8c76,b3662c5c-56ce-48c6-bd79-54cc6ba2adfe,309362,Clopidogrel 75 MG Oral Tablet,64.86,0.00,1,64.86,,
2013-06-19,2013-06-19,4a88838e-5aac-419e-92c9-89e0b7607677,b1c428d6-4f07-31e0-90f0-68ffa6ff8c76,b3662c5c-56ce-48c6-bd79-54cc6ba2adfe,1804799,Alteplase 100 MG Injection,6583.02,0.00,1,6583.02,,
2015-03-07,2015-07-18,ae52c667-7f39-4059-b087-048ecd3692d3,b1c428d6-4f07-31e0-90f0-68ffa6ff8c76,5bca747e-6aef-4d56-8df7-1dc888b708a8,309362,Clopidogrel 75 MG Oral Tablet,24.90,0.00,4,99.60,,
2015-03-07,,ae52c667-7f39-4059-b087-048ecd3692d3,b1c428d6-4f07-31e0-90f0-68ffa6ff8c76,5bca747e-6aef-4d56-8df7-1dc888b708a8,312961,Simvastatin 20 MG Oral Tablet,22.67,0.00,60,1360.20,,
2015-03-07,,ae52c667-7f39-4059-b087-048ecd3692d3,b1c428d6-4f07-31e0-90f0-68ffa6ff8c76,5bca747e-6aef-4d56-8df7-1dc888b708a8,197361,Amlodipine 5 MG Oral Tablet,36.06,0.00,60,2163.60,,
2015-03-07,2015-07-18,ae52c667-7f39-4059-b087-048ecd3692d3,b1c428d6-4f07-31e0-90f0-68ffa6ff8c76,5bca747e-6aef-4d56-8df7-1dc888b708a8,705129,Nitroglycerin 0.4 MG/ACTUAT Mucosal Spray,162.16,0.00,4,648.64,,
2015-07-18,2015-07-18,ae52c667-7f39-4059-b087-048ecd3692d3,b1c428d6-4f07-31e0-90f0-68ffa6ff8c76,df4f25e3-0d58-4baf-8915-eea54edac586,259255,Atorvastatin 80 MG Oral Tablet,68.95,0.00,1,68.95,,
2015-07-18,2015-07-18,ae52c667-7f39-4059-b087-048ecd3692d3,b1c428d6-4f07-31e0-90f0-68ffa6ff8c76,df4f25e3-0d58-4baf-8915-eea54edac586,833036,Captopril 25 MG Oral Tablet,132.71,0.00,1,132.71,,
2016-03-12,,ae52c667-7f39-4059-b087-048ecd3692d3,b1c428d6-4f07-31e0-90f0-68ffa6ff8c76,e9b2a20a-a02c-4aa3-986c-adad0d88554b,309362,Clopidogrel 75 MG Oral Tablet,83.32,0.00,48,3999.36,,
2016-03-12,,ae52c667-7f39-4059-b087-048ecd3692d3,b1c428d6-4f07-31e0-90f0-68ffa6ff8c76,e9b2a20a-a02c-4aa3-986c-adad0d88554b,705129,Nitroglycerin 0.4 MG/ACTUAT Mucosal Spray,92.76,0.00,48,4452.48,,
