Id,BIRTHDATE,DEATHDATE,SSN,DRIVERS,PASSPORT,PREFIX,FIRST,LAST,SUFFIX,MAIDEN,MARITAL,RACE,ETHNICITY,GENDER,BIRTHPLACE,ADDRESS,CITY,STATE,COUNTY,ZIP,LAT,LON,HEALTHCARE_EXPENSES,HEALTHCARE_COVERAGE
11997d6d-2107-4b80-bea1-d3ada6a512da,2016-01-06,,999-17-9279,,,,Aripekka,Marttiini,,,,white,nonhispanic,M,Espoo  Uusimaa  FI,902 Sharif Katu,Sipoo,Uusimaa,Sipoo,04150,60.39392695068183,25.154747438208503,1625.0,0.0
67001bcb-bd89-4dad-8583-e58b756834a7,2011-06-22,,999-11-6391,,,,Malakias,Alatorvinen,,,,white,nonhispanic,M,Espoo  Uusimaa  FI,817 Kaartoaho Katu,Helsinki,Uusimaa,Helsinki,00320,60.20957483524181,25.051604173521707,2125.0,0.0
d8e6eea4-01f8-4fc5-948c-d5be791ff0b3,2001-10-04,,999-48-7511,S99979734,,Ms.,Salla-Maaret,Pulkamo,,,,white,nonhispanic,F,Helsinki  Uusimaa  FI,159 Apiainen Katu,Hyvinkää,Uusimaa,Hyvinkää,05810,60.585416483452754,24.856293642334375,3375.0,0.0
204a016e-9547-4488-8456-dc19f38d0e8f,1996-09-10,,999-29-5456,S99926386,X63327873X,Mr.,Helmuth,Paloposki,,,,white,nonhispanic,M,Nurmijärvi  Uusimaa  FI,1098 Karkinen Katu Suite 25,Kauniainen,Uusimaa,Kauniainen,02700,60.213686005382556,24.705957712728907,3625.0,0.0
cae6627d-0b98-4b4d-98ce-207b87f7addf,1967-04-04,,999-59-1081,S99933677,X88599903X,Mrs.,Maia,Murto-Unkila,,Senilä,M,white,nonhispanic,F,Helsinki  Uusimaa  FI,339 Vilmi Katu,Espoo,Uusimaa,Espoo,02110,60.100485284349425,24.69928973995687,5250.0,0.0
1aecd8c5-8e23-4b28-b724-e358e06f7c13,1972-11-29,,999-30-7511,S99943006,X8730394X,Mrs.,Alicja,Sivanne,,Marjala,M,white,nonhispanic,F,Vantaa  Uusimaa  FI,996 Enström Katu,Helsinki,Uusimaa,Helsinki,00360,60.23753264354087,25.059710751145744,4750.0,0.0
b306f944-e341-44e5-8b28-43913a1bc53d,1971-06-18,,999-59-6829,S99978901,X3438643X,Mr.,Kristo,Jaavamo,,,M,white,nonhispanic,M,Sipoo  Uusimaa  FI,599 Pomrén Katu Suite 82,Helsinki,Uusimaa,Helsinki,00270,60.218701471857145,24.958405202628224,5000.0,0.0
d565b1cf-29ed-4a22-8c4d-5a0973337df4,2013-03-09,,999-92-3114,,,,Miia-Liisa,Lomu,,,,white,nonhispanic,F,Helsinki  Uusimaa  FI,668 Westling Katu,Helsinki,Uusimaa,Helsinki,00790,60.23090872518082,25.175063402754382,2000.0,0.0
8e4e2a90-474b-4e39-8d50-530e66c59ae3,1998-12-25,,999-92-2288,S99954510,X16104590X,Ms.,Tenhikki,Tuomas,,,,white,nonhispanic,F,Helsinki  Uusimaa  FI,904 Laaja Katu,Espoo,Uusimaa,Espoo,02280,60.14918542464029,24.775477452382116,3500.0,0.0
dfbd141b-1368-42d0-8318-ca1dd1eccbe5,1955-10-25,,999-42-3383,S99979478,X50023188X,Mrs.,Kersti,Frantti,,Dyster,M,white,nonhispanic,F,Espoo  Uusimaa  FI,1017 Uosukainen Katu Apt 53,Helsinki,Uusimaa,Helsinki,00200,60.26830675758613,24.968454909205448,6750.0,0.0
a514b435-9bcd-4671-bf32-faafc897dc7b,1960-12-17,,999-16-6062,S99927252,X67260054X,Mr.,Engelbert,Wainikainen,,,M,white,nonhispanic,M,Nurmijärvi  Uusimaa  FI,1066 Haltsonen Katu Apt 75,Vantaa,Uusimaa,Vantaa,01300,60.31193543085192,24.977075386605225,7375.0,0.0
5db05d74-caea-437c-8121-af1faf7ddece,1995-07-22,,999-39-6832,S99967500,X18186368X,Ms.,René,Clarke,,,,white,nonhispanic,F,Vantaa  Uusimaa  FI,1000 Pensar Katu Apt 70,Helsinki,Uusimaa,Helsinki,00690,60.2312911086791,25.0688790211984,3625.0,0.0
a2bc8fa4-c1a0-4207-b7b5-a8b69dfe1d31,1966-04-26,,999-86-2677,S99943877,X3749740X,Mr.,Zakaria,Liman,,,M,white,nonhispanic,M,Espoo  Uusimaa  FI,572 Hancock Katu Unit 41,Raasepori,Uusimaa,Raasepori,10680,60.06728720948969,23.42547200299195,5375.0,0.0
2941b42d-0ea7-4586-9196-5309217b66cc,1945-10-30,2018-05-01,999-84-6588,S99910356,X74855031X,Mrs.,Ella-Kaisa,Do,,Rahko,M,white,nonhispanic,F,Helsinki  Uusimaa  FI,375 Ylälehto Katu,Lohja,Uusimaa,Lohja,08700,60.307102845278344,23.78668386165253,14617.310000000001,0.0
d68312a2-5674-4a5f-b316-4cae9fc4f7ce,1991-09-10,,999-43-9687,S99921216,X74524918X,Mr.,Rolfsson,Malkamo,,,S,white,nonhispanic,M,Helsinki  Uusimaa  FI,193 Hurmekoski Katu Suite 39,Helsinki,Uusimaa,Helsinki,00580,60.24745632371467,24.79952624250865,3875.0,0.0
666d9097-1216-4037-a67f-610159e4b3f2,1992-12-15,,999-96-4380,S99931609,X31408178X,Mr.,Fedor,Marstio,,,M,white,nonhispanic,M,Tuusula  Uusimaa  FI,633 Fritsch Katu Suite 97,Hyvinkää,Uusimaa,Hyvinkää,05460,60.57140290885348,24.943490458649233,3750.0,0.0
195326a9-298e-4c25-991f-e550647da015,1991-01-26,,999-74-5304,S99941011,X61581142X,Mr.,Iivar,Sundsten,,,M,white,nonhispanic,M,Mäntsälä  Uusimaa  FI,469 Hellstedt Katu Apt 38,Nurmijärvi,Uusimaa,Nurmijärvi,01840,60.40908591542256,24.87166883764396,3875.0,0.0
24903ed7-5a9d-4c05-ad3a-29f511b69313,2002-01-21,,999-46-4747,S99948104,,Mr.,Harto,Riitala,,,,white,nonhispanic,M,Järvenpää  Uusimaa  FI,928 Yli-Kätkä Katu,Helsinki,Uusimaa,Helsinki,00310,60.29061459672475,24.929897602460766,3500.0,0.0
ba0ec56e-8f07-44ec-af02-b477a68ae9b6,2007-10-09,,999-35-5091,,,,Jupiter,Aroalho,,,,white,nonhispanic,M,Espoo  Uusimaa  FI,691 Kasila Katu,Siuntio,Uusimaa,Siuntio,02570,60.15164279258958,24.225160479366092,2625.0,0.0
204490e4-b8b2-4b5f-be12-315493fdb83d,1992-10-20,,999-29-9390,S99919484,X26790670X,Mr.,Saeed,Fältberg,,,M,white,nonhispanic,M,Vantaa  Uusimaa  FI,591 Heinämäki Katu,Espoo,Uusimaa,Espoo,02170,60.282129230520525,24.733454088044873,3750.0,0.0
a100362a-e805-4efc-aad9-1f1adcbeabe3,2017-06-13,,999-25-4561,,,,Grant,Pihlajakoski,,,,white,nonhispanic,M,Helsinki  Uusimaa  FI,222 Virkola Katu Apt 5,Espoo,Uusimaa,Espoo,02360,60.223625738876684,24.549529820447276,1250.0,0.0
b19cf6e8-7797-4ea1-a29d-bd59d7b19aa9,2007-09-08,,999-30-4762,,,,Emeka,Sevola,,,,white,nonhispanic,M,Helsinki  Uusimaa  FI,315 Uuskartano Katu,Lohja,Uusimaa,Lohja,08480,60.46813358835963,24.032814217918734,2625.0,0.0
10acb498-b28a-4bbf-9634-5aa4af4d81c5,1994-12-21,,999-48-6299,S99920168,X8504133X,Ms.,Milva,Savuoja,,,,white,nonhispanic,F,Helsinki  Uusimaa  FI,574 Lindh Katu Unit 11,Helsinki,Uusimaa,Helsinki,00330,60.16707393564071,25.18523460895811,3750.0,0.0
6e59930b-7f73-4287-9b52-255aad9459a0,2010-10-13,,999-24-4695,,,,Armi,Bernas,,,,white,nonhispanic,M,Vihti  Uusimaa  FI,253 Raukunen Katu,Helsinki,Uusimaa,Helsinki,00360,60.21569193984762,24.957237809184523,2250.0,0.0
3b6f60ce-8432-403a-a13e-936a33c6dea2,1961-07-30,,999-99-9324,S99999153,X22118667X,Mr.,Nuutti,Oivanen,,,S,white,nonhispanic,M,Vantaa  Uusimaa  FI,669 Huikari Katu Unit 24,Vantaa,Uusimaa,Vantaa,01380,60.27462303137615,24.98446766326894,6000.0,0.0
72f86fce-6c19-4871-be2c-00b61ec1a297,1995-12-21,,999-53-4727,S99981036,X15370061X,Mr.,Mattias,Strandberg,,,,white,nonhispanic,M,Helsinki  Uusimaa  FI,441 Rintamäki Katu Suite 9,Hyvinkää,Uusimaa,Hyvinkää,05460,60.68002474625253,25.081024455993983,3625.0,0.0
359324c5-d06f-4222-87ec-ed4d595ef655,2016-11-04,,999-21-1718,,,,Margus,Palmiola,,,,white,nonhispanic,M,Porvoo  Uusimaa  FI,121 Gullmes Katu,Espoo,Uusimaa,Espoo,02680,60.22112972460241,24.663228588791,1375.0,0.0
d9b61710-d725-44c0-8d61-4341e3c68588,1980-04-21,,999-81-2990,S99913019,X29758553X,Mr.,Luan,Walve,,,S,white,nonhispanic,M,Vantaa  Uusimaa  FI,241 Talvisto Katu Apt 71,Helsinki,Uusimaa,Helsinki,00820,60.159225112315774,24.865690412184353,4250.0,0.0
0893a10b-01f0-48ec-a463-910435a95c87,1947-03-14,,999-53-7191,S99932755,X83327151X,Mrs.,Lovis,Thorn,,Tatti,M,white,nonhispanic,F,Helsinki  Uusimaa  FI,464 Oravisjärvi Katu,Kirkkonummi,Uusimaa,Kirkkonummi,02390,60.23074773035974,24.394039595955665,7750.0,0.0
33638356-b6d4-43d4-911c-724645102bc2,2013-03-06,,999-74-6704,,,,Khoa,Tynkkinen,,,,white,nonhispanic,M,Helsinki  Uusimaa  FI,481 Espo Katu,Espoo,Uusimaa,Espoo,02920,60.19547850356115,24.770656162265585,2000.0,0.0
9b06dc80-e6af-47c8-a9ec-695bf0e16a13,1957-05-25,,999-61-5660,S99943505,X16485720X,Mrs.,Mona-Lisa,Sergeeva,,Ailinpieti,M,white,nonhispanic,F,Helsinki  Uusimaa  FI,1068 Tarvaala Katu Unit 51,Helsinki,Uusimaa,Helsinki,00740,60.26415853216388,24.864871417066638,6500.0,0.0
26710958-b585-4aa2-8d95-8db76306624a,2016-02-16,,999-94-7718,,,,Pieter,Kaihlaniemi,,,,white,nonhispanic,M,Kerava  Uusimaa  FI,988 Assola Katu,Järvenpää,Uusimaa,Järvenpää,04410,60.47592639522021,25.118295055105435,1750.0,0.0
b40f7ea6-60b6-49dc-9fc0-f8fa0c6c2a21,1998-04-28,,999-97-8412,S99944536,X87308959X,Mr.,Wihtori,Haustola,,,,white,nonhispanic,M,Helsinki  Uusimaa  FI,145 Kaarnalehto Katu,Karkkila,Uusimaa,Karkkila,03600,60.53135474175707,24.200516534610166,3500.0,0.0
f4cfe7f3-913f-45ca-bfe0-fabeac4ad4a2,1999-04-25,,999-81-3382,S99987928,X86012655X,Mr.,Erkan,Kråkström,,,,white,nonhispanic,M,Espoo  Uusimaa  FI,199 Lähteenoja Katu Unit 7,Lohja,Uusimaa,Lohja,08360,60.43187351105362,23.90064583046345,3500.0,0.0
545d8c83-1d00-4705-aaae-1b7afe8ee5c3,1997-02-02,,999-87-1428,S99923976,X75581779X,Ms.,Marju,Olander,,,,white,nonhispanic,F,St Petersburg  St Petersburg  RU,155 Enäsuo Katu,Espoo,Uusimaa,Espoo,02920,60.13925499337157,24.675043024587016,4625.0,0.0
d4562ad8-3ed1-4003-918e-9ea96718ffa9,1945-10-30,,999-82-5242,S99961523,X55074427X,Mrs.,Lumi-Helmi,Pihlamaa,,Liedenpohja,M,white,nonhispanic,F,Helsinki  Uusimaa  FI,811 Hallanaro Katu,Lohja,Uusimaa,Lohja,03870,60.22458450767308,23.696517234909493,7875.0,0.0
dccd8889-c756-4f90-9b2d-870986c0d21f,2012-07-28,,999-40-5102,,,,Georgia,Rantasalo,,,,white,nonhispanic,F,Espoo  Uusimaa  FI,132 Soidinaho Katu Suite 61,Kirkkonummi,Uusimaa,Kirkkonummi,02420,60.272483855305296,24.35018701620022,2000.0,0.0
372d854e-c77c-4a5b-a9e1-a6fcd2d7cc25,2018-01-04,,999-37-6057,,,,Kirsi-Liisa,Holmi,,,,white,nonhispanic,F,Espoo  Uusimaa  FI,178 Suuripää Katu,Porvoo,Uusimaa,Porvoo,07350,60.4797327845368,25.521167557467514,1125.0,0.0
43ced9b2-e4b1-4d3d-8a3d-83ab93df4b76,1978-09-19,,999-60-4040,S99917234,X44528083X,Mrs.,Xenia,Ratavaara,,Elemo,M,white,nonhispanic,F,Raasepori  Uusimaa  FI,562 Viitanen Katu,Nurmijärvi,Uusimaa,Nurmijärvi,01940,60.500271346923974,24.881171192162963,4375.0,0.0
a90e96d2-81ec-488c-978d-f9d418b28609,2009-11-04,,999-40-5421,,,,Edvard,Letonsaari,,,,white,nonhispanic,M,Espoo  Uusimaa  FI,321 Sopen-Luoma Katu Unit 19,Hyvinkää,Uusimaa,Hyvinkää,05950,60.6982153583219,24.98677841473499,2375.0,0.0
d622b93f-4891-4d0f-87b2-9f1909e6ff6d,1950-12-04,,999-58-6653,S99919881,X71865871X,Mr.,Fritz,Islander,,,S,white,nonhispanic,M,Lohja  Uusimaa  FI,1020 Aksela Katu,Vantaa,Uusimaa,Vantaa,01720,60.37168148096142,25.132969055658027,7250.0,0.0
21844254-a737-49d1-a2cb-3dab063fd7f7,1977-02-19,,999-31-4263,S99935264,X68766562X,Mr.,Uriel,Ly,,,M,white,nonhispanic,M,Helsinki  Uusimaa  FI,440 Aittola Katu,Helsinki,Uusimaa,Helsinki,00570,60.20142138096745,24.990352957762756,4500.0,0.0
c5fb121d-a749-43be-bd6c-05aed23ef33b,2017-05-26,,999-11-8976,,,,Akiliina,Larjama,,,,white,nonhispanic,F,Helsinki  Uusimaa  FI,698 Mankonen Katu Unit 49,Kirkkonummi,Uusimaa,Kirkkonummi,02480,60.08708257823852,24.437706979372027,1250.0,0.0
fc54c178-9471-414c-8f54-95caa0398074,1994-04-22,,999-65-4063,S99952806,X30278516X,Ms.,Paloma,Hietaoja,,,,white,nonhispanic,F,Espoo  Uusimaa  FI,527 Keltaniemi Katu Suite 38,Lohja,Uusimaa,Lohja,09120,60.36525850678323,23.858999370564238,3750.0,0.0
285e1eb2-818d-4bdd-abce-d068b0f328e3,2004-07-23,,999-41-8242,,,,Per-Olof,Votkin,,,,white,nonhispanic,M,Helsinki  Uusimaa  FI,907 Wahlgren Katu Apt 52,Porvoo,Uusimaa,Porvoo,07350,60.33911734774671,25.555638139611897,3000.0,0.0
17d75b00-949f-481f-a139-49daaec15e5d,2011-09-03,,999-75-1720,,,,Margaret,Tomann,,,,white,nonhispanic,F,Espoo  Uusimaa  FI,828 Jaakkola Katu,Nurmijärvi,Uusimaa,Nurmijärvi,01860,60.45678579583836,24.694881284338035,2125.0,0.0
def9e113-a1e6-431f-914c-bb57b55c9172,2014-07-19,,999-32-7823,,,,Fenix,Tanriverdi,,,,white,nonhispanic,M,Espoo  Uusimaa  FI,917 Ala-Pietilä Katu Unit 49,Helsinki,Uusimaa,Helsinki,00920,60.22223939976641,25.136898905573837,2000.0,0.0
e12a663c-3065-4192-86f8-2546b8b07556,2005-08-10,,999-16-6948,,,,Setti,Sylvänne,,,,white,nonhispanic,M,Kerava  Uusimaa  FI,902 Kolomainen Katu Apt 87,Helsinki,Uusimaa,Helsinki,00770,60.224017910539146,25.0173461318203,2875.0,0.0
12d588c8-d6e0-4251-acce-36e491d9a6a8,1973-06-23,,999-65-4545,S99987438,X66561629X,Mr.,Cristiano,Judin,,,M,white,nonhispanic,M,Helsinki  Uusimaa  FI,941 Kekarainen Katu Apt 58,Helsinki,Uusimaa,Helsinki,00680,60.24769602040665,25.129097130824857,4750.0,0.0
76b81abc-f317-424d-842b-a95b25f56052,1958-07-28,,999-38-4868,S99986778,X62367484X,Mrs.,Viktorina,Rajapolvi,,Maininki,M,white,nonhispanic,F,Espoo  Uusimaa  FI,1052 Vikblom Katu Suite 3,Vantaa,Uusimaa,Vantaa,01370,60.31522735819563,25.114385765075216,6375.0,0.0
bae950d6-8e58-4662-b35c-7da9c46516bf,1970-04-23,,999-10-3008,S99961119,X34889023X,Mr.,Otto-Eemeli,Lahdenniemi,,,M,white,nonhispanic,M,Vantaa  Uusimaa  FI,536 Helläkoski Katu Suite 64,Helsinki,Uusimaa,Helsinki,00300,60.24060324375892,25.091653664500534,4875.0,0.0
7c675739-b401-4b92-9802-6d6cb941fdd2,1992-05-03,,999-17-1208,S99998900,X20814571X,Mrs.,Marja-Liisa,Linja-aho,,Jokkala,M,white,nonhispanic,F,Espoo  Uusimaa  FI,758 Uunimäki Katu Apt 73,Lohja,Uusimaa,Lohja,09930,60.296135916079116,23.95879958400338,3750.0,0.0
8a81ecf8-53f4-431a-9271-18922b14b802,1946-02-24,,999-81-7961,S99940186,X14919174X,Mr.,Erkinpoika,Perunka,,,M,white,nonhispanic,M,Espoo  Uusimaa  FI,221 Mankonen Katu Unit 91,Vantaa,Uusimaa,Vantaa,01530,60.27429339921304,24.756896468728556,7875.0,0.0
2b8f146a-b603-4ed7-a23d-1c36ff7e549e,1986-10-11,,999-15-3436,S99982192,X16233301X,Mrs.,Hanna-Elina,Mäenpänen,,Vierula,M,white,nonhispanic,F,Raasepori  Uusimaa  FI,288 Kruth Katu Unit 29,Pornainen,Uusimaa,Pornainen,07150,60.42360966589336,25.349498598486754,4000.0,0.0
76a85069-49f6-4eff-a496-16dbf74d7404,1976-12-12,,999-28-7618,S99966073,X16083142X,Mrs.,Ali,Paukamainen,,Luhio,M,white,nonhispanic,F,Espoo  Uusimaa  FI,448 Paino Katu,Vihti,Uusimaa,Vihti,03790,60.33157462975906,24.39484106692497,4500.0,0.0
f56d4665-2d79-4672-a45f-4f5b0043a32d,1971-01-04,,999-36-9901,S99955651,X2704561X,Mr.,Gustaf,Tamper,,,M,white,nonhispanic,M,Vantaa  Uusimaa  FI,998 Oravasaari Katu,Helsinki,Uusimaa,Helsinki,00560,60.27060195302665,24.998763255359144,4875.0,0.0
5c171521-85a4-4a9f-a7d8-8fa33492805f,1976-09-05,,999-33-5878,S99931610,X48606722X,Mrs.,Alexandrovna,Hakso,MD,Sakaranaho,M,white,nonhispanic,F,Vantaa  Uusimaa  FI,753 Turku Katu Suite 30,Helsinki,Uusimaa,Helsinki,00760,60.21899109161168,24.89673930695801,4875.0,0.0
097bb786-d44d-4885-a10c-a527af8fc646,1963-09-29,,999-44-9710,S99951435,X58225750X,Mr.,Ville-Pekka,Tuomarmäki,,,M,white,nonhispanic,M,Mäntsälä  Uusimaa  FI,336 Köresaar Katu Suite 74,Espoo,Uusimaa,Espoo,02970,60.171331213509475,24.733549365879234,5969.52,0.0
4c92df23-9ab2-4db4-a8ac-f875f90a7a9d,1967-01-08,,999-46-1658,S99943009,X66981488X,Mrs.,Telma,Heinlahti,,Sankola,M,white,nonhispanic,F,Helsinki  Uusimaa  FI,953 Tallbacka Katu,Helsinki,Uusimaa,Helsinki,00400,60.253848774463584,24.997849900724706,5375.0,0.0
3463235b-1e54-4efc-b486-13fec52450fd,1998-12-07,,999-82-7194,S99981429,X68398976X,Mr.,Alvian,Wacklin,,,,white,nonhispanic,M,Espoo  Uusimaa  FI,335 Lukkaroinen Katu Apt 60,Vantaa,Uusimaa,Vantaa,01370,60.307264635856946,24.832445737389552,3500.0,0.0
01ca37e1-358b-4498-ba07-f7b5fa5c04f2,1995-06-30,,999-63-2437,S99918519,X58613756X,Mr.,Saulus,Yli-Somero,,,,white,nonhispanic,M,Helsinki  Uusimaa  FI,206 Paimela Katu Apt 5,Kerava,Uusimaa,Kerava,04250,60.40861461580438,25.138947168405508,3625.0,0.0
218673ae-9060-4a6a-be55-8f3ecacdf9a6,1986-02-25,,999-35-5664,S99943137,X85830619X,Mrs.,Mervi,Tyynilä,,Vesterlund,M,white,nonhispanic,F,Helsinki  Uusimaa  FI,888 Lankinen Katu,Helsinki,Uusimaa,Helsinki,00130,60.29462615413888,25.03499587273712,4000.0,0.0
e6724989-1455-46e9-8791-6b76edee8edd,2017-07-08,,999-73-9666,,,,Christoffer,Fossi,,,,white,nonhispanic,M,Helsinki  Uusimaa  FI,831 Koivuoja Katu,Espoo,Uusimaa,Espoo,02160,60.24853160432323,24.770875070296412,1250.0,0.0
a9d4d1df-5826-4ae3-b400-43350063805a,1953-11-15,2012-08-19,999-74-5835,S99919072,X40544709X,Mr.,Ross,Alsila,,,M,white,nonhispanic,M,Myrskylä  Uusimaa  FI,694 von Haartman Katu Suite 64,Raasepori,Uusimaa,Raasepori,10480,59.99001976632322,23.357069929112047,6847.16,0.0
ad89c5d3-a8a0-4293-af32-136aba17acbc,1979-09-05,,999-22-5122,S99974897,X73657731X,Mrs.,Annuka,Sarivaara,,Silfver,M,white,nonhispanic,F,Espoo  Uusimaa  FI,229 Särkiniva Katu Unit 94,Nurmijärvi,Uusimaa,Nurmijärvi,01940,60.35977273713511,24.605901025147094,10916.61,0.0
0dea3231-4143-45c3-8351-8f60daadb777,2003-09-11,,999-11-4397,S99968404,,,Jani-Petteri,Svenblad,,,,white,nonhispanic,M,Helsinki  Uusimaa  FI,664 Innala Katu,Vantaa,Uusimaa,Vantaa,01750,60.28999614076953,24.833975854964102,3250.0,0.0
f26af119-cc96-4c8b-8620-2acb65540d37,1977-12-20,,999-67-3823,S99992627,X1573821X,Mr.,Mats,Ussa,,,M,white,nonhispanic,M,Vantaa  Uusimaa  FI,521 Karjarinta Katu,Helsinki,Uusimaa,Helsinki,00570,60.24320625681173,25.110242972040133,4500.0,0.0
3ea4a545-2a18-461f-ae8d-9d384c879ce6,1988-12-28,,999-13-2550,S99973948,X612331X,Mr.,Arie,Tanjunen,,,M,white,nonhispanic,M,Lohja  Uusimaa  FI,178 Jänismäki Katu,Vihti,Uusimaa,Vihti,03100,60.395443290216036,24.410874504401246,3875.0,0.0
ec70d698-8d7e-4392-b317-24d635bff2f9,2015-02-14,,999-84-3506,,,,Raine,Egorov,,,,white,nonhispanic,M,Kirkkonummi  Uusimaa  FI,761 Mäkirinne Katu Apt 8,Helsinki,Uusimaa,Helsinki,00390,60.26127957292708,24.918704297891196,1750.0,0.0
ec12f3fd-779e-43d4-9d7f-3db9ca7d497b,2009-01-30,,999-48-1515,,,,Karola,Talvivaara,,,,white,nonhispanic,F,Espoo  Uusimaa  FI,700 Mesiranta Katu Apt 99,Vantaa,Uusimaa,Vantaa,01510,60.38816562530735,24.858710544954548,2500.0,0.0
bee35c3a-c77d-492d-a701-71900dff1723,1969-05-03,,999-32-4237,S99979675,X39554988X,Ms.,Viktorina,Rahunen,,,S,white,nonhispanic,F,Helsinki  Uusimaa  FI,569 Lakka Katu Suite 50,Nurmijärvi,Uusimaa,Nurmijärvi,05200,60.443942092634636,24.802102344374564,5000.0,0.0
7c16eab7-b23c-4161-b6b3-0787c3f81c8d,1945-03-11,,999-21-6808,S99939023,X38301998X,Mrs.,Tarina,Okkola,,Al-Essa,M,white,nonhispanic,F,Helsinki  Uusimaa  FI,676 Fogelström Katu Apt 63,Hyvinkää,Uusimaa,Hyvinkää,05880,60.665391499822576,24.86931559824072,8156.0,0.0
36a5a47b-8b39-49ff-b935-7b67c2553eaa,1963-10-31,,999-56-9658,S99982721,X50964062X,Mrs.,Myrtel,Rahman,,Hyödynmaa,M,white,nonhispanic,F,Helsinki  Uusimaa  FI,885 Littman Katu Unit 63,Helsinki,Uusimaa,Helsinki,00300,60.17431379528525,25.105380482079585,6000.0,0.0
705260b5-98c6-4327-bc9f-17602dab99de,2008-07-30,,999-65-7047,,,,Tabita,Euro,,,,white,nonhispanic,F,Helsinki  Uusimaa  FI,263 Koskenkorva Katu Unit 36,Helsinki,Uusimaa,Helsinki,00560,60.16314613395315,24.918316381694407,2500.0,0.0
cd5981ae-2fd1-421a-ad54-33ee162b2756,1962-09-03,,999-59-6207,S99969617,X56787937X,Mrs.,Marilyn,Porthen,,Uusimaa,M,white,nonhispanic,F,Lohja  Uusimaa  FI,847 Kaipio Katu Unit 8,Helsinki,Uusimaa,Helsinki,00950,60.27193240214473,24.98517802984134,5875.0,0.0
d3788159-15d9-4338-9c0f-ca581dc01db2,1991-05-19,,999-22-1952,S99961216,X21947568X,Mr.,Veli-Mikko,Krapi,,,M,white,nonhispanic,M,Helsinki  Uusimaa  FI,241 Syväniemi Katu,Helsinki,Uusimaa,Helsinki,00400,60.15830505785203,25.095823806906374,3875.0,0.0
ba486d10-1faa-4ab9-a2da-506d2d60e281,2006-08-12,,999-56-9758,,,,Ted,Mäki-Torkko,,,,white,nonhispanic,M,Lohja  Uusimaa  FI,288 Westergren Katu,Kerava,Uusimaa,Kerava,04220,60.41755177404203,25.08009266637059,2750.0,0.0
8cef5178-3aa1-4146-b11c-3c5ef3a92e31,1953-11-15,,999-53-6428,S99998818,X47336444X,Mr.,Abdiaziz,Luukas,,,S,white,nonhispanic,M,Helsinki  Uusimaa  FI,195 Tyvelä Katu Suite 92,Raasepori,Uusimaa,Raasepori,10420,60.04051064492083,23.283760689272164,13349.46,0.0
f42325d3-08e8-4814-aee8-013a73e41538,1965-03-13,,999-23-7995,S99952376,X27622187X,Mr.,Tor-Erik,Hanski,,,M,white,nonhispanic,M,Lohja  Uusimaa  FI,718 Kopakka Katu,Järvenpää,Uusimaa,Järvenpää,04430,60.45138456643265,25.121018463228204,5500.0,0.0
df22e54d-91a8-49d7-9d76-e15a3498418e,2009-04-16,,999-34-9043,,,,Matti-Petteri,Huumo,,,,white,nonhispanic,M,Espoo  Uusimaa  FI,1090 Listenmaa Katu,Espoo,Uusimaa,Espoo,02360,60.194183532032824,24.810879580135015,2375.0,0.0
ada6f151-8d0f-428d-8cbe-c5bca33ebd8f,1968-02-19,1991-07-15,999-52-8513,S99944099,X61526100X,Mr.,Glen,Ekdahl,,,,white,nonhispanic,M,Espoo  Uusimaa  FI,354 Arnold Katu Suite 6,Helsinki,Uusimaa,Helsinki,00710,60.13970706989225,25.020087315555852,4186.06,0.0
026c5f93-04b9-404b-8f09-158ada351d33,1986-01-05,,999-76-5549,S99960523,X89708557X,Mrs.,Sanela,Musta,,Hagelstam,M,white,nonhispanic,F,Cologne  North Rhine-Westphalia  DE,262 Kansanen Katu Apt 47,Lohja,Uusimaa,Lohja,08480,60.486269037528814,23.945468909515654,4000.0,0.0
1e92a82b-9f85-4e25-90b5-9d0c7ffe3ecd,1992-05-11,,999-49-4096,S99993047,X44559495X,Mr.,Thai,Mure,,,S,white,nonhispanic,M,Vantaa  Uusimaa  FI,653 Simojoki Katu,Vantaa,Uusimaa,Vantaa,01610,60.30168267588802,24.802338873369692,3750.0,0.0
42ec5f3c-2e44-4e84-9081-91b76a0f6a54,2004-10-22,,999-24-5757,,,,Gea,Haukirauma,,,,white,nonhispanic,F,Nurmijärvi  Uusimaa  FI,997 Järnberg Katu Unit 37,Järvenpää,Uusimaa,Järvenpää,04410,60.484734969179975,25.13142891784994,3875.0,0.0
7d935681-a868-4628-8760-5a37dfce7a46,2001-02-07,,999-88-4500,S99992135,,Mr.,Olli-Veikko,Valli,,,,white,nonhispanic,M,Vantaa  Uusimaa  FI,246 Oraviita Katu,Pornainen,Uusimaa,Pornainen,07190,60.42894279365699,25.38643846656063,3375.0,0.0
4b88883b-3936-4c8d-ba0b-1f9c75c80ab1,1961-10-17,,999-83-2057,S99923949,X53536970X,Mr.,Augustus,Kiesi,,,M,white,nonhispanic,M,Helsinki  Uusimaa  FI,143 Tanhuansuu Katu,Helsinki,Uusimaa,Helsinki,00650,60.22214790755938,24.994509174417313,6000.0,0.0
da804cd0-4647-4cce-856a-7a22a1515355,1939-01-04,,999-91-2821,S99923802,X68062048X,Mr.,Fouad,Laitonen,,,M,white,nonhispanic,M,Helsinki  Uusimaa  FI,323 Mähönen Katu,Helsinki,Uusimaa,Helsinki,00700,60.234593569263076,24.901049460094264,8750.0,0.0
3e8d4386-ce23-464c-bb3f-bfa5d309e7ec,1990-07-24,,999-92-8460,S99935561,X54931762X,Ms.,Nasteho,Hurske,,,S,white,nonhispanic,F,Tuusula  Uusimaa  FI,431 Rosenqvist Katu Unit 7,Espoo,Uusimaa,Espoo,02710,60.30504478211962,24.492265724974903,4250.0,0.0
f75717d6-0bd0-4b81-b7cc-451b22cfc4cb,1985-06-26,,999-89-4617,S99944626,X17338585X,Mr.,Franklin,Punkki,,,M,white,nonhispanic,M,Sipoo  Uusimaa  FI,827 Krüger Katu,Vantaa,Uusimaa,Vantaa,01370,60.347738197911575,24.95963149361696,4249.87,0.0
172ea953-8042-4ca5-8bdd-fd2d960a06e4,1968-02-19,,999-10-5317,S99959362,X43373140X,Mr.,Diego,Vehkonen,,,M,white,nonhispanic,M,Helsinki  Uusimaa  FI,783 Malhonen Katu Suite 29,Helsinki,Uusimaa,Helsinki,00360,60.28070875995726,24.900853823207044,5250.0,0.0
868556fc-f456-48da-b8c7-afa4a6decac7,2011-08-30,,999-48-2766,,,,Sävele,Kohijoki,,,,white,nonhispanic,F,Vantaa  Uusimaa  FI,1002 Järvenmäki Katu Unit 38,Helsinki,Uusimaa,Helsinki,00250,60.25485238946874,25.098379894887596,2125.0,0.0
a3914b63-ba65-4c73-af28-fbaa322b5f44,1998-01-12,,999-15-4954,S99994191,X30187592X,Ms.,Chris,Kivini,,,,white,nonhispanic,F,Helsinki  Uusimaa  FI,1079 Jääskeläinen Katu Suite 85,Vantaa,Uusimaa,Vantaa,01760,60.33637527282075,24.97498667241305,3500.0,0.0
dc043919-54c0-49ec-84ba-ba3889a80db8,1959-04-23,,999-72-4386,S99938456,X57597816X,Mrs.,Tiina-Maija,Salmikivi,,Laeslehto,M,white,nonhispanic,F,Vantaa  Uusimaa  FI,590 Liukas Katu Unit 8,Helsinki,Uusimaa,Helsinki,00300,60.162655926881335,24.899500641408217,6250.0,0.0
c6fac47a-e1d9-4ec8-8d5d-e57fb36e4604,1976-11-22,,999-87-2864,S99910179,X3852375X,Mrs.,Saina,Yli-Korpela,,Humalisto,M,white,nonhispanic,F,Helsinki  Uusimaa  FI,1043 Sarlund Katu,Vihti,Uusimaa,Vihti,03400,60.50272054365557,24.55138343302618,5250.0,0.0
dc6123f5-3f2b-49d7-a445-09a48345e072,2019-04-22,,999-67-4624,,,,Jori-Matti,Lahti-Luopa,,,,white,nonhispanic,M,Raasepori  Uusimaa  FI,493 Nerdrum Katu,Helsinki,Uusimaa,Helsinki,00710,60.20415120385422,24.881549305917734,625.0,0.0
6d4bce86-fdb7-485b-86d0-e4908f098ed0,1941-07-28,,999-42-3677,S99988795,X13501435X,Mr.,Heikki,Rainto,,,M,white,nonhispanic,M,Helsinki  Uusimaa  FI,978 Uustalo Katu Suite 74,Helsinki,Uusimaa,Helsinki,00890,60.179570541239485,24.946462676605144,8500.0,0.0
4237ca14-3d0b-482e-9ab0-67345a28eef6,2003-09-07,,999-97-2228,S99932221,,,Aino-Kaarina,Hirvenlahti,,,,white,nonhispanic,F,Espoo  Uusimaa  FI,1061 Jokivaara Katu,Espoo,Uusimaa,Espoo,02750,60.221818806817396,24.770017753481884,3375.0,0.0
d1d73a69-a95c-4a98-8807-b93c9f534b49,1932-09-03,2015-03-07,999-37-4294,S99940953,X24305468X,Mr.,Lenny,Nokio,,,M,white,nonhispanic,M,Helsinki  Uusimaa  FI,1090 Haarahiltunen Katu Unit 45,Helsinki,Uusimaa,Helsinki,00310,60.28367838322351,24.942148248930902,9391.1,0.0
81d8e7b9-d519-4aba-84cd-e3c58ceb4954,1996-05-22,,999-49-4693,S99946413,X75618987X,Mr.,Retu,Saarno,,,,white,nonhispanic,M,Kerava  Uusimaa  FI,528 Saareke Katu,Espoo,Uusimaa,Espoo,02180,60.27767822629839,24.672185192384458,3625.0,0.0
7e6a0246-5ba6-4521-b8e7-f6c7259e5eae,1999-11-25,,999-98-6889,S99937163,X51324119X,Mr.,Javier,Ala-Hukkala,,,,white,nonhispanic,M,Helsinki  Uusimaa  FI,728 Tiivola Katu Apt 81,Helsinki,Uusimaa,Helsinki,00620,60.1639060315475,24.908318042908626,4500.0,0.0
4a88838e-5aac-419e-92c9-89e0b7607677,1946-06-12,,999-10-1444,S99964760,X15466554X,Mrs.,Keesia,Kovala,,Sotarauta,M,white,nonhispanic,F,Helsinki  Uusimaa  FI,139 Reinikka Katu,Helsinki,Uusimaa,Helsinki,00370,60.214785335231724,24.844268138611792,14647.880000000001,0.0
d8ffd359-28a5-4ea7-a2c2-580a5f1c81bb,2008-08-11,,999-46-7705,,,,Cinderella,Komsi,,,,white,nonhispanic,F,Lohja  Uusimaa  FI,766 Maristo Katu Apt 71,Helsinki,Uusimaa,Helsinki,00220,60.235301743278654,25.12946036891814,2500.0,0.0
6b12f61f-388d-4d3c-be88-aabb291820e6,1945-10-19,,999-61-7093,S99992358,X32786846X,Mrs.,Lille-Mor,Antinmaa,,Haarnio,M,white,nonhispanic,F,Helsinki  Uusimaa  FI,430 Laxell Katu,Sipoo,Uusimaa,Sipoo,04240,60.27309560951784,25.316106693468974,9000.0,0.0
ae52c667-7f39-4059-b087-048ecd3692d3,1932-09-03,,999-61-7538,S99924039,X20278835X,Mr.,Eevertti,Rovio,,,M,white,nonhispanic,M,Porvoo  Uusimaa  FI,274 Lager Katu,Helsinki,Uusimaa,Helsinki,00700,60.21149139345316,25.23197012904683,10013.72,0.0
