PATIENT,START_YEAR,END_YEAR,PAYER,OWNERSHIP
d8e6eea4-01f8-4fc5-948c-d5be791ff0b3,2001,2019,e15e7b92-f376-374f-9285-2f59a38ad823,Guardian
204a016e-9547-4488-8456-dc19f38d0e8f,1996,2014,e15e7b92-f376-374f-9285-2f59a38ad823,Guardian
cae6627d-0b98-4b4d-98ce-207b87f7addf,1967,1985,e15e7b92-f376-374f-9285-2f59a38ad823,Guardian
1aecd8c5-8e23-4b28-b724-e358e06f7c13,1972,1990,e15e7b92-f376-374f-9285-2f59a38ad823,Guardian
b306f944-e341-44e5-8b28-43913a1bc53d,1971,1989,e15e7b92-f376-374f-9285-2f59a38ad823,Guardian
8e4e2a90-474b-4e39-8d50-530e66c59ae3,1998,2016,e15e7b92-f376-374f-9285-2f59a38ad823,Guardian
dfbd141b-1368-42d0-8318-ca1dd1eccbe5,1955,1973,e15e7b92-f376-374f-9285-2f59a38ad823,Guardian
5db05d74-caea-437c-8121-af1faf7ddece,1995,2013,e15e7b92-f376-374f-9285-2f59a38ad823,Guardian
a514b435-9bcd-4671-bf32-faafc897dc7b,1960,1978,e15e7b92-f376-374f-9285-2f59a38ad823,Guardian
a2bc8fa4-c1a0-4207-b7b5-a8b69dfe1d31,1966,1984,e15e7b92-f376-374f-9285-2f59a38ad823,Guardian
2941b42d-0ea7-4586-9196-5309217b66cc,1945,1963,e15e7b92-f376-374f-9285-2f59a38ad823,Guardian
d68312a2-5674-4a5f-b316-4cae9fc4f7ce,1991,2009,e15e7b92-f376-374f-9285-2f59a38ad823,Guardian
666d9097-1216-4037-a67f-610159e4b3f2,1992,2010,e15e7b92-f376-374f-9285-2f59a38ad823,Guardian
195326a9-298e-4c25-991f-e550647da015,1991,2009,e15e7b92-f376-374f-9285-2f59a38ad823,Guardian
24903ed7-5a9d-4c05-ad3a-29f511b69313,2002,2020,e15e7b92-f376-374f-9285-2f59a38ad823,Guardian
ba0ec56e-8f07-44ec-af02-b477a68ae9b6,2007,2007,b1c428d6-4f07-31e0-90f0-68ffa6ff8c76,
ba0ec56e-8f07-44ec-af02-b477a68ae9b6,2008,2009,e15e7b92-f376-374f-9285-2f59a38ad823,
204490e4-b8b2-4b5f-be12-315493fdb83d,1992,2010,e15e7b92-f376-374f-9285-2f59a38ad823,Guardian
10acb498-b28a-4bbf-9634-5aa4af4d81c5,1994,2012,e15e7b92-f376-374f-9285-2f59a38ad823,Guardian
72f86fce-6c19-4871-be2c-00b61ec1a297,1995,2013,e15e7b92-f376-374f-9285-2f59a38ad823,Guardian
3b6f60ce-8432-403a-a13e-936a33c6dea2,1961,1979,e15e7b92-f376-374f-9285-2f59a38ad823,Guardian
d9b61710-d725-44c0-8d61-4341e3c68588,1980,1998,e15e7b92-f376-374f-9285-2f59a38ad823,Guardian
0893a10b-01f0-48ec-a463-910435a95c87,1947,1965,e15e7b92-f376-374f-9285-2f59a38ad823,Guardian
9b06dc80-e6af-47c8-a9ec-695bf0e16a13,1957,1975,e15e7b92-f376-374f-9285-2f59a38ad823,Guardian
b40f7ea6-60b6-49dc-9fc0-f8fa0c6c2a21,1998,2016,e15e7b92-f376-374f-9285-2f59a38ad823,Guardian
f4cfe7f3-913f-45ca-bfe0-fabeac4ad4a2,1999,2017,e15e7b92-f376-374f-9285-2f59a38ad823,Guardian
545d8c83-1d00-4705-aaae-1b7afe8ee5c3,1997,2015,e15e7b92-f376-374f-9285-2f59a38ad823,Guardian
d4562ad8-3ed1-4003-918e-9ea96718ffa9,1945,1963,e15e7b92-f376-374f-9285-2f59a38ad823,Guardian
43ced9b2-e4b1-4d3d-8a3d-83ab93df4b76,1978,1996,e15e7b92-f376-374f-9285-2f59a38ad823,Guardian
d622b93f-4891-4d0f-87b2-9f1909e6ff6d,1950,1968,e15e7b92-f376-374f-9285-2f59a38ad823,Guardian
21844254-a737-49d1-a2cb-3dab063fd7f7,1977,1995,e15e7b92-f376-374f-9285-2f59a38ad823,Guardian
fc54c178-9471-414c-8f54-95caa0398074,1994,2012,e15e7b92-f376-374f-9285-2f59a38ad823,Guardian
12d588c8-d6e0-4251-acce-36e491d9a6a8,1973,1991,e15e7b92-f376-374f-9285-2f59a38ad823,Guardian
76b81abc-f317-424d-842b-a95b25f56052,1958,1976,e15e7b92-f376-374f-9285-2f59a38ad823,Guardian
bae950d6-8e58-4662-b35c-7da9c46516bf,1970,1988,e15e7b92-f376-374f-9285-2f59a38ad823,Guardian
7c675739-b401-4b92-9802-6d6cb941fdd2,1992,2010,e15e7b92-f376-374f-9285-2f59a38ad823,Guardian
8a81ecf8-53f4-431a-9271-18922b14b802,1946,1964,e15e7b92-f376-374f-9285-2f59a38ad823,Guardian
2b8f146a-b603-4ed7-a23d-1c36ff7e549e,1986,2004,e15e7b92-f376-374f-9285-2f59a38ad823,Guardian
76a85069-49f6-4eff-a496-16dbf74d7404,1976,1994,e15e7b92-f376-374f-9285-2f59a38ad823,Guardian
f56d4665-2d79-4672-a45f-4f5b0043a32d,1971,1989,e15e7b92-f376-374f-9285-2f59a38ad823,Guardian
5c171521-85a4-4a9f-a7d8-8fa33492805f,1976,1994,e15e7b92-f376-374f-9285-2f59a38ad823,Guardian
097bb786-d44d-4885-a10c-a527af8fc646,1963,1981,e15e7b92-f376-374f-9285-2f59a38ad823,Guardian
4c92df23-9ab2-4db4-a8ac-f875f90a7a9d,1967,1985,e15e7b92-f376-374f-9285-2f59a38ad823,Guardian
3463235b-1e54-4efc-b486-13fec52450fd,1998,2016,e15e7b92-f376-374f-9285-2f59a38ad823,Guardian
01ca37e1-358b-4498-ba07-f7b5fa5c04f2,1995,2013,e15e7b92-f376-374f-9285-2f59a38ad823,Guardian
218673ae-9060-4a6a-be55-8f3ecacdf9a6,1986,2004,e15e7b92-f376-374f-9285-2f59a38ad823,Guardian
a9d4d1df-5826-4ae3-b400-43350063805a,1953,1971,e15e7b92-f376-374f-9285-2f59a38ad823,Guardian
ad89c5d3-a8a0-4293-af32-136aba17acbc,1979,1997,e15e7b92-f376-374f-9285-2f59a38ad823,Guardian
f26af119-cc96-4c8b-8620-2acb65540d37,1977,1995,e15e7b92-f376-374f-9285-2f59a38ad823,Guardian
3ea4a545-2a18-461f-ae8d-9d384c879ce6,1988,2006,e15e7b92-f376-374f-9285-2f59a38ad823,Guardian
bee35c3a-c77d-492d-a701-71900dff1723,1969,1987,e15e7b92-f376-374f-9285-2f59a38ad823,Guardian
7c16eab7-b23c-4161-b6b3-0787c3f81c8d,1945,1963,e15e7b92-f376-374f-9285-2f59a38ad823,Guardian
36a5a47b-8b39-49ff-b935-7b67c2553eaa,1963,1981,e15e7b92-f376-374f-9285-2f59a38ad823,Guardian
cd5981ae-2fd1-421a-ad54-33ee162b2756,1962,1980,e15e7b92-f376-374f-9285-2f59a38ad823,Guardian
d3788159-15d9-4338-9c0f-ca581dc01db2,1991,2009,e15e7b92-f376-374f-9285-2f59a38ad823,Guardian
8cef5178-3aa1-4146-b11c-3c5ef3a92e31,1953,1971,e15e7b92-f376-374f-9285-2f59a38ad823,Guardian
f42325d3-08e8-4814-aee8-013a73e41538,1965,1983,e15e7b92-f376-374f-9285-2f59a38ad823,Guardian
ada6f151-8d0f-428d-8cbe-c5bca33ebd8f,1968,1986,e15e7b92-f376-374f-9285-2f59a38ad823,Guardian
ada6f151-8d0f-428d-8cbe-c5bca33ebd8f,1987,1991,e15e7b92-f376-374f-9285-2f59a38ad823,Self
026c5f93-04b9-404b-8f09-158ada351d33,1986,2004,e15e7b92-f376-374f-9285-2f59a38ad823,Guardian
1e92a82b-9f85-4e25-90b5-9d0c7ffe3ecd,1992,2010,e15e7b92-f376-374f-9285-2f59a38ad823,Guardian
7d935681-a868-4628-8760-5a37dfce7a46,2001,2019,e15e7b92-f376-374f-9285-2f59a38ad823,Guardian
4b88883b-3936-4c8d-ba0b-1f9c75c80ab1,1961,1979,e15e7b92-f376-374f-9285-2f59a38ad823,Guardian
da804cd0-4647-4cce-856a-7a22a1515355,1939,1957,e15e7b92-f376-374f-9285-2f59a38ad823,Guardian
3e8d4386-ce23-464c-bb3f-bfa5d309e7ec,1990,2008,e15e7b92-f376-374f-9285-2f59a38ad823,Guardian
f75717d6-0bd0-4b81-b7cc-451b22cfc4cb,1985,2003,e15e7b92-f376-374f-9285-2f59a38ad823,Guardian
172ea953-8042-4ca5-8bdd-fd2d960a06e4,1968,1986,e15e7b92-f376-374f-9285-2f59a38ad823,Guardian
a3914b63-ba65-4c73-af28-fbaa322b5f44,1998,2016,e15e7b92-f376-374f-9285-2f59a38ad823,Guardian
dc043919-54c0-49ec-84ba-ba3889a80db8,1959,1977,e15e7b92-f376-374f-9285-2f59a38ad823,Guardian
c6fac47a-e1d9-4ec8-8d5d-e57fb36e4604,1976,1994,e15e7b92-f376-374f-9285-2f59a38ad823,Guardian
6d4bce86-fdb7-485b-86d0-e4908f098ed0,1941,1959,e15e7b92-f376-374f-9285-2f59a38ad823,Guardian
d1d73a69-a95c-4a98-8807-b93c9f534b49,1932,1950,e15e7b92-f376-374f-9285-2f59a38ad823,Guardian
81d8e7b9-d519-4aba-84cd-e3c58ceb4954,1996,2014,e15e7b92-f376-374f-9285-2f59a38ad823,Guardian
7e6a0246-5ba6-4521-b8e7-f6c7259e5eae,1999,2017,e15e7b92-f376-374f-9285-2f59a38ad823,Guardian
4a88838e-5aac-419e-92c9-89e0b7607677,1946,1964,e15e7b92-f376-374f-9285-2f59a38ad823,Guardian
6b12f61f-388d-4d3c-be88-aabb291820e6,1945,1963,e15e7b92-f376-374f-9285-2f59a38ad823,Guardian
ae52c667-7f39-4059-b087-048ecd3692d3,1932,1950,e15e7b92-f376-374f-9285-2f59a38ad823,Guardian
