DATE,PATIENT,ENCOUNTER,CODE,DESCRIPTION,BASE_COST,REASONCODE,REASONDESCRIPTION
2009-01-13,2941b42d-0ea7-4586-9196-5309217b66cc,d81b637c-27ed-4df9-93b0-febc8c6ec446,18286008,Catheter ablation of tissue of heart,11277.59,49436004,Atrial Fibrillation
2010-01-19,2941b42d-0ea7-4586-9196-5309217b66cc,f6fa8c7a-a715-4e9e-b9a3-a5b7cb4cecd8,18286008,Catheter ablation of tissue of heart,15937.83,49436004,Atrial Fibrillation
2011-01-25,2941b42d-0ea7-4586-9196-5309217b66cc,9b880207-91cd-4c89-a2c2-c3068e77b3d0,180325003,Electrical cardioversion,22481.70,49436004,Atrial Fibrillation
2012-01-31,2941b42d-0ea7-4586-9196-5309217b66cc,fc8e619c-1cd8-4104-a1bf-e67c636fb456,180325003,Electrical cardioversion,28131.65,49436004,Atrial Fibrillation
2013-02-05,2941b42d-0ea7-4586-9196-5309217b66cc,651c1b58-dd5d-4823-9b7a-a4ef36ae7f25,180325003,Electrical cardioversion,29504.57,49436004,Atrial Fibrillation
2014-02-11,2941b42d-0ea7-4586-9196-5309217b66cc,1d1f551c-7e8d-4858-85ea-a7b3170b2c51,18286008,Catheter ablation of tissue of heart,9308.08,49436004,Atrial Fibrillation
2015-02-17,2941b42d-0ea7-4586-9196-5309217b66cc,ddc18978-ba9b-47af-90d5-57b48fc28292,180325003,Electrical cardioversion,21641.18,49436004,Atrial Fibrillation
2016-02-23,2941b42d-0ea7-4586-9196-5309217b66cc,f977e872-c616-409a-8f97-ffb32d8e7be3,18286008,Catheter ablation of tissue of heart,13974.05,49436004,Atrial Fibrillation
2017-02-28,2941b42d-0ea7-4586-9196-5309217b66cc,0986d34f-f3e2-40af-b867-10c7b764bcf4,180325003,Electrical cardioversion,28764.33,49436004,Atrial Fibrillation
2018-03-06,2941b42d-0ea7-4586-9196-5309217b66cc,e871bc47-0d8a-4679-b916-0a190d3fea13,180325003,Electrical cardioversion,22874.52,49436004,Atrial Fibrillation
2018-05-01,2941b42d-0ea7-4586-9196-5309217b66cc,b3717437-06c5-4900-bcd7-7c5ef3062486,40701008,Echocardiography (procedure),476.68,230690007,Stroke
2018-05-01,2941b42d-0ea7-4586-9196-5309217b66cc,b3717437-06c5-4900-bcd7-7c5ef3062486,433112001,Percutaneous mechanical thrombectomy of portal vein using fluoroscopic guidance,27994.60,230690007,Stroke
2017-04-16,26710958-b585-4aa2-8d95-8db76306624a,0c2580bd-a522-48c9-b4e0-d44eb3b6f8fb,311791003,Information gathering (procedure),500.00,,
2015-09-17,def9e113-a1e6-431f-914c-bb57b55c9172,d7828cec-ff43-46ab-9b35-d0ef5108e8db,311791003,Information gathering (procedure),500.00,,
2016-01-15,def9e113-a1e6-431f-914c-bb57b55c9172,a31bd30d-6deb-4d82-a2d5-67c0dfd1b177,311791003,Information gathering (procedure),500.00,,
2016-10-25,5c171521-85a4-4a9f-a7d8-8fa33492805f,11492afe-0b1d-40f1-93ac-1c46eb5787cd,311791003,Information gathering (procedure),500.00,,
2016-11-24,5c171521-85a4-4a9f-a7d8-8fa33492805f,52f1711c-23c0-4959-8663-3c50f3a603b0,311791003,Information gathering (procedure),500.00,,
2016-12-24,5c171521-85a4-4a9f-a7d8-8fa33492805f,e087bd6e-e7f5-471e-abb6-cd3d8f6cc430,311791003,Information gathering (procedure),500.00,,
2017-12-03,097bb786-d44d-4885-a10c-a527af8fc646,85ebc119-da79-48f1-b7e3-33d9bae4a390,40701008,Echocardiography (procedure),1313.70,410429000,Cardiac Arrest
2017-12-03,097bb786-d44d-4885-a10c-a527af8fc646,85ebc119-da79-48f1-b7e3-33d9bae4a390,447365002,Insertion of biventricular implantable cardioverter defibrillator,41754.25,410429000,Cardiac Arrest
2017-12-03,097bb786-d44d-4885-a10c-a527af8fc646,85ebc119-da79-48f1-b7e3-33d9bae4a390,18286008,Catheter ablation of tissue of heart,10300.31,410429000,Cardiac Arrest
2012-08-19,a9d4d1df-5826-4ae3-b400-43350063805a,998e3293-c043-4ccf-a2a9-4e70044933d7,40701008,Echocardiography (procedure),988.70,22298006,Myocardial Infarction
2012-08-19,a9d4d1df-5826-4ae3-b400-43350063805a,998e3293-c043-4ccf-a2a9-4e70044933d7,415070008,Percutaneous coronary intervention,18500.83,22298006,Myocardial Infarction
2012-08-19,a9d4d1df-5826-4ae3-b400-43350063805a,998e3293-c043-4ccf-a2a9-4e70044933d7,232717009,Coronary artery bypass grafting,34356.17,22298006,Myocardial Infarction
2020-01-08,ad89c5d3-a8a0-4293-af32-136aba17acbc,32804a30-2f86-4de1-b455-a82bc28265fb,40701008,Echocardiography (procedure),781.24,230690007,Stroke
2020-01-08,ad89c5d3-a8a0-4293-af32-136aba17acbc,32804a30-2f86-4de1-b455-a82bc28265fb,433112001,Percutaneous mechanical thrombectomy of portal vein using fluoroscopic guidance,19067.45,230690007,Stroke
2010-12-26,8cef5178-3aa1-4146-b11c-3c5ef3a92e31,a280fd33-f97a-4ad8-8c56-3c36d9bf8818,180325003,Electrical cardioversion,27987.44,49436004,Atrial Fibrillation
2011-11-20,8cef5178-3aa1-4146-b11c-3c5ef3a92e31,360af700-bbda-4a7f-9231-a706b8f433b6,40701008,Echocardiography (procedure),1633.92,230690007,Stroke
2011-11-20,8cef5178-3aa1-4146-b11c-3c5ef3a92e31,360af700-bbda-4a7f-9231-a706b8f433b6,433112001,Percutaneous mechanical thrombectomy of portal vein using fluoroscopic guidance,22535.30,230690007,Stroke
2012-01-01,8cef5178-3aa1-4146-b11c-3c5ef3a92e31,2f20c482-c730-48a7-b976-e85601e691e2,18286008,Catheter ablation of tissue of heart,13660.37,49436004,Atrial Fibrillation
2013-01-06,8cef5178-3aa1-4146-b11c-3c5ef3a92e31,3bb7bc40-4005-41c1-9a38-28f361888deb,180325003,Electrical cardioversion,30118.25,49436004,Atrial Fibrillation
2014-01-12,8cef5178-3aa1-4146-b11c-3c5ef3a92e31,a9060a48-fcba-4111-8401-c800a02a0c35,180325003,Electrical cardioversion,32713.70,49436004,Atrial Fibrillation
2015-01-18,8cef5178-3aa1-4146-b11c-3c5ef3a92e31,3c753f48-dc05-48ee-ad3b-65e1f5e2eac0,180325003,Electrical cardioversion,39214.17,49436004,Atrial Fibrillation
2016-01-24,8cef5178-3aa1-4146-b11c-3c5ef3a92e31,08bc7539-a11b-40f0-881a-72ad6199d132,180325003,Electrical cardioversion,40501.77,49436004,Atrial Fibrillation
2017-01-29,8cef5178-3aa1-4146-b11c-3c5ef3a92e31,06fa51dd-071c-4aa6-9635-7c31acd7138c,180325003,Electrical cardioversion,28474.43,49436004,Atrial Fibrillation
2018-02-04,8cef5178-3aa1-4146-b11c-3c5ef3a92e31,4a3a9931-fb22-4741-addb-533a3852f81c,18286008,Catheter ablation of tissue of heart,13986.09,49436004,Atrial Fibrillation
2019-02-10,8cef5178-3aa1-4146-b11c-3c5ef3a92e31,520651cc-8e2a-4e24-a7e8-73d14f60a421,180325003,Electrical cardioversion,24567.82,49436004,Atrial Fibrillation
2020-02-16,8cef5178-3aa1-4146-b11c-3c5ef3a92e31,77efae9c-56d0-4e87-8adb-3a630cfa8e5b,180325003,Electrical cardioversion,19047.01,49436004,Atrial Fibrillation
1991-07-15,ada6f151-8d0f-428d-8cbe-c5bca33ebd8f,dc2e32d5-fa5b-40a8-88ee-cfbfb64f0d85,40701008,Echocardiography (procedure),1561.47,22298006,Myocardial Infarction
1991-07-15,ada6f151-8d0f-428d-8cbe-c5bca33ebd8f,dc2e32d5-fa5b-40a8-88ee-cfbfb64f0d85,415070008,Percutaneous coronary intervention,18609.90,22298006,Myocardial Infarction
1991-07-15,ada6f151-8d0f-428d-8cbe-c5bca33ebd8f,dc2e32d5-fa5b-40a8-88ee-cfbfb64f0d85,232717009,Coronary artery bypass grafting,25004.59,22298006,Myocardial Infarction
2016-11-14,3e8d4386-ce23-464c-bb3f-bfa5d309e7ec,2203a7e2-809e-42f2-b988-4d86005399ed,311791003,Information gathering (procedure),500.00,,
2016-12-14,3e8d4386-ce23-464c-bb3f-bfa5d309e7ec,58f5338b-b6c4-445b-93b6-2f222d0c8ea9,311791003,Information gathering (procedure),500.00,,
2015-03-07,d1d73a69-a95c-4a98-8807-b93c9f534b49,01a5798a-6e1e-4beb-9d3b-310dd9c94f56,40701008,Echocardiography (procedure),1312.96,22298006,Myocardial Infarction
2015-03-07,d1d73a69-a95c-4a98-8807-b93c9f534b49,01a5798a-6e1e-4beb-9d3b-310dd9c94f56,415070008,Percutaneous coronary intervention,32715.02,22298006,Myocardial Infarction
2015-03-07,d1d73a69-a95c-4a98-8807-b93c9f534b49,01a5798a-6e1e-4beb-9d3b-310dd9c94f56,232717009,Coronary artery bypass grafting,55305.65,22298006,Myocardial Infarction
2013-06-19,4a88838e-5aac-419e-92c9-89e0b7607677,b3662c5c-56ce-48c6-bd79-54cc6ba2adfe,40701008,Echocardiography (procedure),686.92,230690007,Stroke
2013-06-19,4a88838e-5aac-419e-92c9-89e0b7607677,b3662c5c-56ce-48c6-bd79-54cc6ba2adfe,433112001,Percutaneous mechanical thrombectomy of portal vein using fluoroscopic guidance,30997.98,230690007,Stroke
2015-07-18,ae52c667-7f39-4059-b087-048ecd3692d3,df4f25e3-0d58-4baf-8915-eea54edac586,40701008,Echocardiography (procedure),1443.16,22298006,Myocardial Infarction
2015-07-18,ae52c667-7f39-4059-b087-048ecd3692d3,df4f25e3-0d58-4baf-8915-eea54edac586,415070008,Percutaneous coronary intervention,24092.45,22298006,Myocardial Infarction
2015-07-18,ae52c667-7f39-4059-b087-048ecd3692d3,df4f25e3-0d58-4baf-8915-eea54edac586,232717009,Coronary artery bypass grafting,72629.34,22298006,Myocardial Infarction
