Id,ORGANIZATION,NAME,GENDER,SPECIALITY,ADDRESS,CITY,STATE,ZIP,LAT,LON,UTILIZATION
17d31323-42b2-305f-af9f-560b3936a8c4,6e3a689b-5f4c-3946-be10-180a8ba7c680,Hildur Morén,F,GENERAL PRACTICE,Nordenskiöldinkatu 20,Helsinki,18,00250,60.19244,24.92811,3
d5566395-5b43-39aa-897f-e343344daf52,319baef9-e8e6-3320-9e0b-7991d9c167b8,Asa Kyttälä,M,GENERAL PRACTICE,Haartmaninkatu 4,Helsinki,18,00290,60.189159,24.909081,1
6a2e7ac6-6ab7-3a70-a6ef-2312307ce0d2,ecfc6f5c-d314-339d-a46c-e26b3f10e6e9,Vilkku Burmeister,M,GENERAL PRACTICE,Välskärinkatu 12,Helsinki,18,00260,60.17998,24.91999,8
38eb807b-2862-3ee9-a837-a791b2b8f841,d8f91bff-b1eb-3e4d-8936-10924c36977a,Ismonpoika Kitinoja,M,GENERAL PRACTICE,Meilahdentie 2,Helsinki,18,00250,60.19263,24.89436,3
f65565b7-cfc0-35b4-a160-4290a87e08af,410e8cf7-76a3-307f-b421-5fa7760177f1,Maria-Christina Björkström,F,GENERAL PRACTICE,Kasarmikatu 11-13,Helsinki,18,00130,60.16102,24.94834,2
4e197b00-dbef-3cb8-92bc-ab9ed35b4a1f,39010280-b8e5-3b1a-b835-bafbeea21968,Taija Lehti,F,GENERAL PRACTICE,Turuntie 150,Espoo,18,02740,60.22589,24.77581,4
5e3bf5d6-4292-3e77-8989-e626749bae4e,7b74aa83-5335-38dd-a213-d6df36c7f627,Priskilla Niittumaa,F,GENERAL PRACTICE,Karvasmäentie 6,Espoo,18,02740,60.22011,24.6848,13
4b4af107-922c-3375-87d4-84441f7b19c7,af916982-f5f8-341b-b159-69e72695294c,Freddie Saarno,M,GENERAL PRACTICE,Sairaalakatu 1,Vantaa,18,01400,60.3299,25.0608,21
e45af954-e6ae-3877-be3d-aa0787059ba0,b9b4f8d8-b4a7-3164-a21f-c57b0c40c3ff,Sisko-Maria Harjula,F,GENERAL PRACTICE,Sairaalankatu 1,Hyvinkää,18,05830,60.612,24.82486,6
851c84d3-7f86-357a-8e41-9d1dd4e72a27,294d60d6-0e2b-396b-a8bf-77998642f6b7,Anu-Mari Träskelin,F,GENERAL PRACTICE,Ohkolantie 10,Kellokoski,18,04500,60.53054,25.10548,8
8fdefe24-abfe-3492-92ee-f48770af93e5,8af774ed-7635-320a-ad8c-a63aa309a858,Jolanda Katalkin,F,GENERAL PRACTICE,Sairaalatie 8,Lohja,18,08200,60.2247,24.01885,4
e4becd92-c2a9-307b-9ba1-7c48644972da,738aef7e-a279-3f65-9dba-fead16b27400,Hildur Morén,F,GENERAL PRACTICE,Turuntie 150,Espoo,18,02740,60.22589,24.77581,807
a30c49c7-9102-337b-a514-f9b4eff98034,9a3e6919-4ed0-32fe-a1e2-7184b06c415f,Marja-Kaarina Pfaler,F,GENERAL PRACTICE,Karvasmäentie 6,Espoo,18,02740,60.22011,24.6848,401
40fd038a-f499-3819-8dd0-9364d9e08862,a70486b2-c33a-37b3-a4cf-b3dc06cb9d84,Indiana Rantola,F,GENERAL PRACTICE,Sairaalakatu 1,Vantaa,18,01400,60.3299,25.0608,1384
557fe1ab-152f-30cd-8a0c-0739c0c5b555,bf25636d-50a4-3cf2-b937-0e59fd37503f,Asa Kyttälä,M,GENERAL PRACTICE,Sairaalankatu 1,Hyvinkää,18,05830,60.612,24.82486,268
2d8a84df-c992-39dc-80b6-e4ec984713d0,4eddd774-a01b-3a0b-b4c6-736a5581aba4,Filsan Runonen,F,GENERAL PRACTICE,Ohkolantie 10,Kellokoski,18,04500,60.53054,25.10548,169
3adac4c7-73a5-37b5-b564-29a233c2fd43,942171f0-df04-34cc-9c85-1a11b2f08717,Liliane Skön,F,GENERAL PRACTICE,Sairaalatie 8,Lohja,18,08200,60.2247,24.01885,480
1e1b466d-6088-3da8-9f33-e781eb96fb70,216a84b2-6287-356d-9bcf-655abf00debb,Petronella Lepänkoski,F,GENERAL PRACTICE,Sairaalantie 1,Porvoo,18,06200,60.37911,25.69576,33
1e070f4a-fead-3a80-a362-99785316c1d3,b9b4f8d8-b4a7-3164-a21f-c57b0c40c3ff,Liliane Skön,F,GENERAL PRACTICE,Sairaalankatu 1,Hyvinkää,18,05830,60.612,24.82486,1
