person_id,synthea_patient_id
1,edd9eac7-15eb-46a6-9017-c34e99a55d32
2,bb18d5c8-cef0-4916-8c87-d302ed736534
3,25f3acc3-a03c-4584-8ec0-7f3a02a16585
4,4f6695e3-829b-4dd7-be14-43525c54071e
5,9aedb0f9-565c-4a92-8f23-fe31c481136d
6,8853d541-4877-473a-8b10-d1df24d50e85
7,69c18120-f756-48b9-a35f-42be32f489b0
8,faad7567-d327-4299-a1d9-4cd6e846f6d4
9,bea52019-6862-4d5b-acae-3e261f07c2fa
10,ca8ff694-7cdc-4713-9971-2bc616fdc3d0
11,86d3282d-b26f-48c9-9e4e-bb5446fce4f9
12,991cd7ad-c959-469f-bc63-199754072df3
13,a0fefd49-83bc-4004-bbf0-ffdbd320d347
14,cba324ed-e414-43b4-8cb9-0b771bed5e5a
15,eaaba3bf-2dbb-4a8d-b6a0-2f0914a2e03d
16,49534cb2-856e-4bdd-81b9-38c52be7b786
17,91b7f060-5468-4d65-a9c2-75c37dbd5aee
18,00c1368e-3ddb-4077-a7d2-fa0686333bbd
19,839d9b0c-19ea-4e12-8f53-d3e2a74b1ca8
20,74df8787-7ec5-4caf-bfab-fdcddb45552d
21,76b26594-d083-457c-9b49-6e4bb076dddc
22,6197e203-abc3-431d-91bc-cff06ad01fe8
23,bc3b08c1-b8bb-4c9a-892d-f803baaab751
24,ed10285c-4365-41f1-af29-e5a5cefdde5b
25,43b9f59d-103a-422f-8f3b-14b6ab5a55c1
26,9aa72afd-e611-46fc-9682-ff15cb8037b7
27,a380e856-6b7f-4ea7-a740-78bc0077cbc1
28,b458c165-2206-4fe0-8062-48de644678db
29,06694250-fc6c-4291-afbe-80c2a3b7ee77
30,6f356072-cc62-4e1e-85f2-c44b6187e9e3
31,42ea1d17-a9c7-42e3-8b6a-458f5f2d398a
32,16a56ab2-e232-4148-b82d-2e56f598aa89
33,76d72c25-9fe7-4179-bfbd-b862163556f7
34,74ea1890-09f6-4473-9fc6-5184d6ad8a63
35,8142c8ae-af96-47da-822c-998ab9d578e2
36,bbe217df-1061-44b4-9199-b8a70dc1fa86
37,a11515ea-efe9-4ad2-b1da-7480f098fd9f
38,f189f59b-d017-47e2-8d6e-661381af2e07
39,a6dadb32-1884-4a80-9b70-a591885639ac
40,28407430-fe2e-4f4d-ac4a-f915e177eec5
41,0e871bb1-211b-43dc-b2ec-ce38be6d3ef9
42,8b06bbd0-ba84-45c6-b579-129a31e786fb
43,33c5144b-7d0f-467a-9a21-3a053361c96c
44,450b90ec-30ff-4477-9c2c-11c1097afc08
45,ebbfcec5-f771-4268-ad51-884e28a95709
46,de74b184-ac6a-4fdb-9038-950cea1f0cf5
47,1cb321e8-c8ca-400a-8181-e08d06aed6f6
48,4b34a420-d2d5-4e4f-b001-6d184cc8fcf2
49,f26aada9-cd52-4b08-9675-fd4882c7c3d0
50,82b0c81e-2b22-4bb9-8d08-d3a760c5476c
51,f5a8a3bb-9786-43d7-9b34-d2dc2b171c24
52,dece1f88-1bd6-411c-80c0-61796a113df1
53,328449a1-2cee-4cfa-84cb-0f0ea1d7b74d
54,68ec7b5d-41c4-499f-9c6e-4d761c7911fe
55,d75aa472-af5a-4f1d-92a4-aa864c2fe00f
56,c9963b22-3c0d-4bd3-876f-d7004fcb6c16
57,044fc800-13f3-4525-b5ab-0a2dbf758664
58,c86b6fbe-0cbf-43d0-8efa-1d7bfd956fb9
59,dcc087f4-6a7d-4554-ba41-ef500d7accef
60,09fa74ff-314f-4cdd-87c0-668878780ec5
61,283071e1-493c-4282-a069-0b77be3b87dc
62,01e9a137-595f-4304-a0ca-7f74f041bed7
63,7f6c4bbf-fb58-45a3-bbfa-d25ae4fdd0dd
64,5de4162c-30f7-4814-8ee8-555e5567cb0d
65,ebcb4379-4ae1-41c8-b24b-f5fccb5f7024
66,cdb704ff-a2e9-4c5a-964e-181f38c245a2
67,4fd60d01-201d-43a2-b215-87606864bd99
68,3c087be6-0748-400b-ae58-23c1f292b851
69,56d5850d-9a7c-4e02-bee7-8315eb752e95
70,4ac3eaea-5387-4f0d-9a50-bcd9a5f998d8
71,70fb118b-6008-411f-910e-d9ba45f75415
72,364e9bdd-7813-448a-b0b1-0ef386d07524
73,32ecae8a-7857-4249-8139-490dadfe7841
74,33f1f98d-8ff7-4087-8426-ae2909faeef4
75,a3eca8b5-e0a6-43e3-938a-25e4cf41c6fc
76,1a8d40d5-1141-47e3-8196-b5a743a7d7b8
77,7c95f408-b23f-4ba1-9181-d3cdee5d440c
78,0222f810-cd85-4fd0-ac9c-3ef44929c8a8
79,225b2ef9-03c4-466d-a8ae-254adf63409c
80,c89a558b-a927-411f-94b4-5fa25efb11b0
81,ebaddc32-5386-40a4-96bc-f37d6ce264e9
82,97b86d5f-daef-465d-a4cd-627a17ead723
83,f1efc007-0517-405f-a23d-ef4f413798f7
84,4804ad70-4dd6-444d-9ed4-2f11cc3278c6
85,233cf879-3bda-4d99-b1d5-857ac565c9f5
86,0454ab59-5589-48a4-ae8f-57f42f194799
87,23a1630d-2bc8-4f9a-b777-45e028412acd
88,86dda27a-909f-410d-bf0f-2fb6dcbbd64d
89,59e8b593-fa05-4208-9f2f-903d58dc6e38
90,d8f5b2b1-8763-4cac-924f-c745621b175c
91,82b60626-5bc1-47ba-9165-e6fbf21eee4f
92,20c21e5c-71da-4ac2-bcbb-b2edd61fae89
93,ceb7a0ae-18b6-4769-97a0-5afa302c5efa
94,d2663814-c140-4a85-88b3-754cf64171c6
95,adf2b411-0344-4d4c-9459-88bdedb78dac
96,a55d9e98-034d-4997-a8f8-eda1c717f73c
97,3e2e27c8-b555-4db9-b296-d38fbf740adf
98,1a02d4e3-76a0-4dc0-910a-432b286c77af
99,4d389a16-8efa-4ced-8c0e-acbb052a385e
100,e61714ef-4f94-450d-8ad7-666c6979af6d
101,2f014bf3-8567-49f0-a05f-5cf335263713
102,b1686df5-dcae-44b9-880b-86f0a000f922
103,ae66df63-1f5e-4731-92a6-f9263506ce2f
104,376fd19b-0994-48b5-8fe2-cbb8433a06f3
105,4d717599-a26f-4ac1-beb0-9c30d1ec4302
