START,STOP,PATIENT,ENCOUNTER,CODE,DESCRIPTION
1964-11-02,,c5acf137-e59e-4582-b4e4-f3efc316cea7,22b8bf46-1963-4680-b474-e4020dff3aa5,410429000,Cardiac Arrest
1964-11-02,,c5acf137-e59e-4582-b4e4-f3efc316cea7,22b8bf46-1963-4680-b474-e4020dff3aa5,429007001,History of cardiac arrest (situation)
1988-10-10,,c5acf137-e59e-4582-b4e4-f3efc316cea7,44ed7e20-5e95-414b-8f03-e4132dac02c1,53741008,Coronary Heart Disease
2014-07-28,,c5acf137-e59e-4582-b4e4-f3efc316cea7,4e4f4f97-71da-479d-844c-f4c11bb7b600,230690007,Stroke
2017-10-31,,a3afacfe-b6d2-4a0d-adeb-d7fa6cf7848d,e7c1e0e1-e932-4173-97ca-32159856d1ef,49436004,Atrial Fibrillation
2005-02-12,,651a3e0e-4620-458b-a46e-1f3684a57f1b,7bb4eb2b-61c5-4a5e-baa7-fd9716bd1118,410429000,Cardiac Arrest
2005-02-12,,651a3e0e-4620-458b-a46e-1f3684a57f1b,7bb4eb2b-61c5-4a5e-baa7-fd9716bd1118,429007001,History of cardiac arrest (situation)
2010-09-01,,8f2ded9d-82ee-4456-b274-a749d241f741,4127ade7-f179-41a6-af9e-573acd46bbfd,49436004,Atrial Fibrillation
1990-07-17,,1ebe88ab-462d-44d3-ba2e-d5340ee640af,ff95d4b7-d972-48e2-86e3-d0625a8ad689,410429000,Cardiac Arrest
1990-07-17,,1ebe88ab-462d-44d3-ba2e-d5340ee640af,ff95d4b7-d972-48e2-86e3-d0625a8ad689,429007001,History of cardiac arrest (situation)
2019-07-09,,f5f12e6a-6539-47b9-bc55-73930efc61b7,d4dbcc62-2571-49ab-9d18-a925e261ddca,53741008,Coronary Heart Disease
1967-08-03,,198dffb9-aa2f-4e1e-9534-46ff4390e48d,71584faf-8425-41cc-8ae7-6c92a7a09214,53741008,Coronary Heart Disease
1995-02-23,,198dffb9-aa2f-4e1e-9534-46ff4390e48d,c5c3f107-7aea-4a39-be38-1219134c3d62,22298006,Myocardial Infarction
1995-02-23,,198dffb9-aa2f-4e1e-9534-46ff4390e48d,c5c3f107-7aea-4a39-be38-1219134c3d62,399211009,History of myocardial infarction (situation)
1991-05-08,,baf58f5c-37eb-4e19-8c91-1ebe6182b3c2,9c449ba2-83b8-4b85-b691-503832c57c8e,410429000,Cardiac Arrest
1991-05-08,,baf58f5c-37eb-4e19-8c91-1ebe6182b3c2,9c449ba2-83b8-4b85-b691-503832c57c8e,429007001,History of cardiac arrest (situation)
2010-09-26,,467123d9-d166-4f87-a73f-32c57a43fe53,245816be-e623-49cd-9144-3cc6615c5673,230690007,Stroke
2010-10-23,,66e8d157-69fe-4b0f-b5dd-969ab39274b9,95b17c1a-e3c6-4e27-8f32-3fd893d9ec67,49436004,Atrial Fibrillation
2013-09-07,,66e8d157-69fe-4b0f-b5dd-969ab39274b9,aa566a72-e1e8-4cdd-8494-847d4e35c9e9,230690007,Stroke
1993-06-11,,052a4a89-4458-45a7-88f4-de315526d5bc,5e586dff-50ca-4d42-864f-c3e7d706b891,22298006,Myocardial Infarction
1993-06-11,,052a4a89-4458-45a7-88f4-de315526d5bc,5e586dff-50ca-4d42-864f-c3e7d706b891,399211009,History of myocardial infarction (situation)
1996-03-19,,d7996748-1b48-40fe-9ea6-ac96efa7e715,6a0ae4a1-d947-4c0b-9a2b-1bc59ab46ec5,410429000,Cardiac Arrest
1996-03-19,,d7996748-1b48-40fe-9ea6-ac96efa7e715,6a0ae4a1-d947-4c0b-9a2b-1bc59ab46ec5,429007001,History of cardiac arrest (situation)
2008-08-01,,1c5d18b8-10de-4052-9b77-8b8d0428915a,7764c9e2-bca1-4cb4-84f1-aba7a8ca7aa7,53741008,Coronary Heart Disease
1988-01-15,,81bf0415-5c30-4abd-b275-549f1e996d22,29a4517a-0a1b-4cd1-80f6-b47c3df6f8d4,410429000,Cardiac Arrest
1988-01-15,,81bf0415-5c30-4abd-b275-549f1e996d22,29a4517a-0a1b-4cd1-80f6-b47c3df6f8d4,429007001,History of cardiac arrest (situation)
1998-02-21,,3c241a88-d2e3-4d10-9138-bc073f79a127,4f9e4857-bddc-40c8-9fba-6fcf5f59bd82,410429000,Cardiac Arrest
1998-02-21,,3c241a88-d2e3-4d10-9138-bc073f79a127,4f9e4857-bddc-40c8-9fba-6fcf5f59bd82,429007001,History of cardiac arrest (situation)
1995-11-18,,979db6a8-5651-46ea-88b2-7a79b4483413,dec15228-2fff-4fff-af50-92ab4402db23,230690007,Stroke
