START,STOP,PATIENT,PAYER,ENCOUNTER,CODE,DESCRIPTION,BASE_COST,PAYER_COVERAGE,DISPENSES,TOTALCOST,REASONCODE,REASONDESCRIPTION
1988-10-10,1988-10-10,c5acf137-e59e-4582-b4e4-f3efc316cea7,b1c428d6-4f07-31e0-90f0-68ffa6ff8c76,44ed7e20-5e95-414b-8f03-e4132dac02c1,705129,Nitroglycerin 0.4 MG/ACTUAT Mucosal Spray,183.65,0.00,1,183.65,,
1988-10-10,1989-10-16,c5acf137-e59e-4582-b4e4-f3efc316cea7,b1c428d6-4f07-31e0-90f0-68ffa6ff8c76,44ed7e20-5e95-414b-8f03-e4132dac02c1,705129,Nitroglycerin 0.4 MG/ACTUAT Mucosal Spray,128.09,0.00,12,1537.08,,
1989-10-16,1990-10-22,c5acf137-e59e-4582-b4e4-f3efc316cea7,b1c428d6-4f07-31e0-90f0-68ffa6ff8c76,92ad54b5-8c31-46f2-8f8c-526ff6d70bd6,705129,Nitroglycerin 0.4 MG/ACTUAT Mucosal Spray,110.25,0.00,12,1323.00,,
1990-10-22,1991-10-28,c5acf137-e59e-4582-b4e4-f3efc316cea7,b1c428d6-4f07-31e0-90f0-68ffa6ff8c76,9423af44-577c-4394-9985-4ab8f675f3da,705129,Nitroglycerin 0.4 MG/ACTUAT Mucosal Spray,71.26,0.00,12,855.12,,
1991-10-28,1991-10-28,c5acf137-e59e-4582-b4e4-f3efc316cea7,b1c428d6-4f07-31e0-90f0-68ffa6ff8c76,5281d022-e4f3-4ece-9546-3ed2faad2d69,312961,Simvastatin 20 MG Oral Tablet,8.29,0.00,1,8.29,,
1991-10-28,1992-11-02,c5acf137-e59e-4582-b4e4-f3efc316cea7,b1c428d6-4f07-31e0-90f0-68ffa6ff8c76,5281d022-e4f3-4ece-9546-3ed2faad2d69,705129,Nitroglycerin 0.4 MG/ACTUAT Mucosal Spray,160.56,0.00,12,1926.72,,
1991-10-28,1992-11-02,c5acf137-e59e-4582-b4e4-f3efc316cea7,b1c428d6-4f07-31e0-90f0-68ffa6ff8c76,5281d022-e4f3-4ece-9546-3ed2faad2d69,312961,Simvastatin 20 MG Oral Tablet,29.66,0.00,12,355.92,,
1992-11-02,1993-11-08,c5acf137-e59e-4582-b4e4-f3efc316cea7,b1c428d6-4f07-31e0-90f0-68ffa6ff8c76,63cdae7e-8c04-4eb1-98bc-821feca88bc7,705129,Nitroglycerin 0.4 MG/ACTUAT Mucosal Spray,188.68,0.00,12,2264.16,,
1992-11-02,1993-11-08,c5acf137-e59e-4582-b4e4-f3efc316cea7,b1c428d6-4f07-31e0-90f0-68ffa6ff8c76,63cdae7e-8c04-4eb1-98bc-821feca88bc7,312961,Simvastatin 20 MG Oral Tablet,35.31,0.00,12,423.72,,
1993-11-08,1994-11-14,c5acf137-e59e-4582-b4e4-f3efc316cea7,b1c428d6-4f07-31e0-90f0-68ffa6ff8c76,d9bac55f-1d1a-4c6d-941c-5dbaacf0ae91,705129,Nitroglycerin 0.4 MG/ACTUAT Mucosal Spray,35.71,0.00,12,428.52,,
1993-11-08,1994-11-14,c5acf137-e59e-4582-b4e4-f3efc316cea7,b1c428d6-4f07-31e0-90f0-68ffa6ff8c76,d9bac55f-1d1a-4c6d-941c-5dbaacf0ae91,312961,Simvastatin 20 MG Oral Tablet,13.63,0.00,12,163.56,,
1994-11-14,1994-11-14,c5acf137-e59e-4582-b4e4-f3efc316cea7,b1c428d6-4f07-31e0-90f0-68ffa6ff8c76,35fa3d0e-e0e7-4e95-88d2-c60d1f0e721f,197361,Amlodipine 5 MG Oral Tablet,34.29,0.00,1,34.29,,
1994-11-14,1995-11-20,c5acf137-e59e-4582-b4e4-f3efc316cea7,b1c428d6-4f07-31e0-90f0-68ffa6ff8c76,35fa3d0e-e0e7-4e95-88d2-c60d1f0e721f,705129,Nitroglycerin 0.4 MG/ACTUAT Mucosal Spray,42.35,0.00,12,508.20,,
1994-11-14,1995-11-20,c5acf137-e59e-4582-b4e4-f3efc316cea7,b1c428d6-4f07-31e0-90f0-68ffa6ff8c76,35fa3d0e-e0e7-4e95-88d2-c60d1f0e721f,312961,Simvastatin 20 MG Oral Tablet,20.02,0.00,12,240.24,,
1994-11-14,1995-11-20,c5acf137-e59e-4582-b4e4-f3efc316cea7,b1c428d6-4f07-31e0-90f0-68ffa6ff8c76,35fa3d0e-e0e7-4e95-88d2-c60d1f0e721f,197361,Amlodipine 5 MG Oral Tablet,60.36,0.00,12,724.32,,
1995-11-20,1996-11-25,c5acf137-e59e-4582-b4e4-f3efc316cea7,b1c428d6-4f07-31e0-90f0-68ffa6ff8c76,8e832d67-b06b-4152-b6db-b5f6987ac7ac,705129,Nitroglycerin 0.4 MG/ACTUAT Mucosal Spray,91.71,0.00,12,1100.52,,
1995-11-20,1996-11-25,c5acf137-e59e-4582-b4e4-f3efc316cea7,b1c428d6-4f07-31e0-90f0-68ffa6ff8c76,8e832d67-b06b-4152-b6db-b5f6987ac7ac,312961,Simvastatin 20 MG Oral Tablet,10.11,0.00,12,121.32,,
1995-11-20,1996-11-25,c5acf137-e59e-4582-b4e4-f3efc316cea7,b1c428d6-4f07-31e0-90f0-68ffa6ff8c76,8e832d67-b06b-4152-b6db-b5f6987ac7ac,197361,Amlodipine 5 MG Oral Tablet,78.20,0.00,12,938.40,,
1996-11-25,1997-12-01,c5acf137-e59e-4582-b4e4-f3efc316cea7,b1c428d6-4f07-31e0-90f0-68ffa6ff8c76,20c78257-6ab2-4ad9-b185-5eaeec803b53,705129,Nitroglycerin 0.4 MG/ACTUAT Mucosal Spray,171.55,0.00,12,2058.60,,
1996-11-25,1997-12-01,c5acf137-e59e-4582-b4e4-f3efc316cea7,b1c428d6-4f07-31e0-90f0-68ffa6ff8c76,20c78257-6ab2-4ad9-b185-5eaeec803b53,312961,Simvastatin 20 MG Oral Tablet,20.42,0.00,12,245.04,,
1996-11-25,1997-12-01,c5acf137-e59e-4582-b4e4-f3efc316cea7,b1c428d6-4f07-31e0-90f0-68ffa6ff8c76,20c78257-6ab2-4ad9-b185-5eaeec803b53,197361,Amlodipine 5 MG Oral Tablet,5.19,0.00,12,62.28,,
1997-12-01,1997-12-01,c5acf137-e59e-4582-b4e4-f3efc316cea7,b1c428d6-4f07-31e0-90f0-68ffa6ff8c76,0f01b183-03f0-4ca8-8f7c-08ed15308935,309362,Clopidogrel 75 MG Oral Tablet,29.44,0.00,1,29.44,,
1997-12-01,1998-12-07,c5acf137-e59e-4582-b4e4-f3efc316cea7,b1c428d6-4f07-31e0-90f0-68ffa6ff8c76,0f01b183-03f0-4ca8-8f7c-08ed15308935,309362,Clopidogrel 75 MG Oral Tablet,61.30,0.00,12,735.60,,
1997-12-01,1998-12-07,c5acf137-e59e-4582-b4e4-f3efc316cea7,b1c428d6-4f07-31e0-90f0-68ffa6ff8c76,0f01b183-03f0-4ca8-8f7c-08ed15308935,705129,Nitroglycerin 0.4 MG/ACTUAT Mucosal Spray,117.26,0.00,12,1407.12,,
1997-12-01,1998-12-07,c5acf137-e59e-4582-b4e4-f3efc316cea7,b1c428d6-4f07-31e0-90f0-68ffa6ff8c76,0f01b183-03f0-4ca8-8f7c-08ed15308935,312961,Simvastatin 20 MG Oral Tablet,18.78,0.00,12,225.36,,
1997-12-01,1998-12-07,c5acf137-e59e-4582-b4e4-f3efc316cea7,b1c428d6-4f07-31e0-90f0-68ffa6ff8c76,0f01b183-03f0-4ca8-8f7c-08ed15308935,197361,Amlodipine 5 MG Oral Tablet,17.49,0.00,12,209.88,,
1998-12-07,1999-12-13,c5acf137-e59e-4582-b4e4-f3efc316cea7,b1c428d6-4f07-31e0-90f0-68ffa6ff8c76,4b8d02ff-d683-431f-a7f3-a741f57c6f6a,309362,Clopidogrel 75 MG Oral Tablet,67.23,0.00,12,806.76,,
1998-12-07,1999-12-13,c5acf137-e59e-4582-b4e4-f3efc316cea7,b1c428d6-4f07-31e0-90f0-68ffa6ff8c76,4b8d02ff-d683-431f-a7f3-a741f57c6f6a,705129,Nitroglycerin 0.4 MG/ACTUAT Mucosal Spray,87.98,0.00,12,1055.76,,
1998-12-07,1999-12-13,c5acf137-e59e-4582-b4e4-f3efc316cea7,b1c428d6-4f07-31e0-90f0-68ffa6ff8c76,4b8d02ff-d683-431f-a7f3-a741f57c6f6a,312961,Simvastatin 20 MG Oral Tablet,7.22,0.00,12,86.64,,
1998-12-07,1999-12-13,c5acf137-e59e-4582-b4e4-f3efc316cea7,b1c428d6-4f07-31e0-90f0-68ffa6ff8c76,4b8d02ff-d683-431f-a7f3-a741f57c6f6a,197361,Amlodipine 5 MG Oral Tablet,34.49,0.00,12,413.88,,
1999-12-13,2000-12-18,c5acf137-e59e-4582-b4e4-f3efc316cea7,b1c428d6-4f07-31e0-90f0-68ffa6ff8c76,c13efebb-b1c5-41d8-ac86-037fbd16199d,309362,Clopidogrel 75 MG Oral Tablet,45.14,0.00,12,541.68,,
1999-12-13,2000-12-18,c5acf137-e59e-4582-b4e4-f3efc316cea7,b1c428d6-4f07-31e0-90f0-68ffa6ff8c76,c13efebb-b1c5-41d8-ac86-037fbd16199d,705129,Nitroglycerin 0.4 MG/ACTUAT Mucosal Spray,273.01,0.00,12,3276.12,,
1999-12-13,2000-12-18,c5acf137-e59e-4582-b4e4-f3efc316cea7,b1c428d6-4f07-31e0-90f0-68ffa6ff8c76,c13efebb-b1c5-41d8-ac86-037fbd16199d,312961,Simvastatin 20 MG Oral Tablet,6.67,0.00,12,80.04,,
1999-12-13,2000-12-18,c5acf137-e59e-4582-b4e4-f3efc316cea7,b1c428d6-4f07-31e0-90f0-68ffa6ff8c76,c13efebb-b1c5-41d8-ac86-037fbd16199d,197361,Amlodipine 5 MG Oral Tablet,52.39,0.00,12,628.68,,
2000-12-18,2001-12-24,c5acf137-e59e-4582-b4e4-f3efc316cea7,b1c428d6-4f07-31e0-90f0-68ffa6ff8c76,2c6f38f4-17fc-46a6-93c6-f246ee2bedfd,309362,Clopidogrel 75 MG Oral Tablet,75.10,0.00,12,901.20,,
2000-12-18,2001-12-24,c5acf137-e59e-4582-b4e4-f3efc316cea7,b1c428d6-4f07-31e0-90f0-68ffa6ff8c76,2c6f38f4-17fc-46a6-93c6-f246ee2bedfd,705129,Nitroglycerin 0.4 MG/ACTUAT Mucosal Spray,242.41,0.00,12,2908.92,,
2000-12-18,2001-12-24,c5acf137-e59e-4582-b4e4-f3efc316cea7,b1c428d6-4f07-31e0-90f0-68ffa6ff8c76,2c6f38f4-17fc-46a6-93c6-f246ee2bedfd,312961,Simvastatin 20 MG Oral Tablet,14.65,0.00,12,175.80,,
2000-12-18,2001-12-24,c5acf137-e59e-4582-b4e4-f3efc316cea7,b1c428d6-4f07-31e0-90f0-68ffa6ff8c76,2c6f38f4-17fc-46a6-93c6-f246ee2bedfd,197361,Amlodipine 5 MG Oral Tablet,47.14,0.00,12,565.68,,
2001-12-24,2002-12-30,c5acf137-e59e-4582-b4e4-f3efc316cea7,b1c428d6-4f07-31e0-90f0-68ffa6ff8c76,e8f346b8-ceb4-40b3-9116-80da5ea5ce4d,309362,Clopidogrel 75 MG Oral Tablet,4.95,0.00,12,59.40,,
2001-12-24,2002-12-30,c5acf137-e59e-4582-b4e4-f3efc316cea7,b1c428d6-4f07-31e0-90f0-68ffa6ff8c76,e8f346b8-ceb4-40b3-9116-80da5ea5ce4d,705129,Nitroglycerin 0.4 MG/ACTUAT Mucosal Spray,292.96,0.00,12,3515.52,,
2001-12-24,2002-12-30,c5acf137-e59e-4582-b4e4-f3efc316cea7,b1c428d6-4f07-31e0-90f0-68ffa6ff8c76,e8f346b8-ceb4-40b3-9116-80da5ea5ce4d,312961,Simvastatin 20 MG Oral Tablet,27.55,0.00,12,330.60,,
2001-12-24,2002-12-30,c5acf137-e59e-4582-b4e4-f3efc316cea7,b1c428d6-4f07-31e0-90f0-68ffa6ff8c76,e8f346b8-ceb4-40b3-9116-80da5ea5ce4d,197361,Amlodipine 5 MG Oral Tablet,15.39,0.00,12,184.68,,
2002-12-30,2004-01-05,c5acf137-e59e-4582-b4e4-f3efc316cea7,b1c428d6-4f07-31e0-90f0-68ffa6ff8c76,1f8e6c54-e5ca-43d9-81ce-167012a5129b,309362,Clopidogrel 75 MG Oral Tablet,95.82,0.00,12,1149.84,,
2002-12-30,2004-01-05,c5acf137-e59e-4582-b4e4-f3efc316cea7,b1c428d6-4f07-31e0-90f0-68ffa6ff8c76,1f8e6c54-e5ca-43d9-81ce-167012a5129b,705129,Nitroglycerin 0.4 MG/ACTUAT Mucosal Spray,13.38,0.00,12,160.56,,
2002-12-30,2004-01-05,c5acf137-e59e-4582-b4e4-f3efc316cea7,b1c428d6-4f07-31e0-90f0-68ffa6ff8c76,1f8e6c54-e5ca-43d9-81ce-167012a5129b,312961,Simvastatin 20 MG Oral Tablet,29.08,0.00,12,348.96,,
2002-12-30,2004-01-05,c5acf137-e59e-4582-b4e4-f3efc316cea7,b1c428d6-4f07-31e0-90f0-68ffa6ff8c76,1f8e6c54-e5ca-43d9-81ce-167012a5129b,197361,Amlodipine 5 MG Oral Tablet,34.16,0.00,12,409.92,,
2004-01-05,2005-01-10,c5acf137-e59e-4582-b4e4-f3efc316cea7,b1c428d6-4f07-31e0-90f0-68ffa6ff8c76,b1231c60-fb2b-406a-bf69-f5900891034f,309362,Clopidogrel 75 MG Oral Tablet,39.83,0.00,12,477.96,,
2004-01-05,2005-01-10,c5acf137-e59e-4582-b4e4-f3efc316cea7,b1c428d6-4f07-31e0-90f0-68ffa6ff8c76,b1231c60-fb2b-406a-bf69-f5900891034f,705129,Nitroglycerin 0.4 MG/ACTUAT Mucosal Spray,89.62,0.00,12,1075.44,,
2004-01-05,2005-01-10,c5acf137-e59e-4582-b4e4-f3efc316cea7,b1c428d6-4f07-31e0-90f0-68ffa6ff8c76,b1231c60-fb2b-406a-bf69-f5900891034f,312961,Simvastatin 20 MG Oral Tablet,11.13,0.00,12,133.56,,
2004-01-05,2005-01-10,c5acf137-e59e-4582-b4e4-f3efc316cea7,b1c428d6-4f07-31e0-90f0-68ffa6ff8c76,b1231c60-fb2b-406a-bf69-f5900891034f,197361,Amlodipine 5 MG Oral Tablet,12.29,0.00,12,147.48,,
2005-01-10,2006-01-16,c5acf137-e59e-4582-b4e4-f3efc316cea7,b1c428d6-4f07-31e0-90f0-68ffa6ff8c76,0ce63988-5eed-41da-9216-7339e83fcc0e,309362,Clopidogrel 75 MG Oral Tablet,45.83,0.00,12,549.96,,
2005-01-10,2006-01-16,c5acf137-e59e-4582-b4e4-f3efc316cea7,b1c428d6-4f07-31e0-90f0-68ffa6ff8c76,0ce63988-5eed-41da-9216-7339e83fcc0e,705129,Nitroglycerin 0.4 MG/ACTUAT Mucosal Spray,196.46,0.00,12,2357.52,,
2005-01-10,2006-01-16,c5acf137-e59e-4582-b4e4-f3efc316cea7,b1c428d6-4f07-31e0-90f0-68ffa6ff8c76,0ce63988-5eed-41da-9216-7339e83fcc0e,312961,Simvastatin 20 MG Oral Tablet,21.80,0.00,12,261.60,,
2005-01-10,2006-01-16,c5acf137-e59e-4582-b4e4-f3efc316cea7,b1c428d6-4f07-31e0-90f0-68ffa6ff8c76,0ce63988-5eed-41da-9216-7339e83fcc0e,197361,Amlodipine 5 MG Oral Tablet,47.13,0.00,12,565.56,,
2006-01-16,2007-01-22,c5acf137-e59e-4582-b4e4-f3efc316cea7,b1c428d6-4f07-31e0-90f0-68ffa6ff8c76,6e5deaa9-5d32-45bb-9baa-087d73146db4,309362,Clopidogrel 75 MG Oral Tablet,103.39,0.00,12,1240.68,,
2006-01-16,2007-01-22,c5acf137-e59e-4582-b4e4-f3efc316cea7,b1c428d6-4f07-31e0-90f0-68ffa6ff8c76,6e5deaa9-5d32-45bb-9baa-087d73146db4,705129,Nitroglycerin 0.4 MG/ACTUAT Mucosal Spray,80.18,0.00,12,962.16,,
2006-01-16,2007-01-22,c5acf137-e59e-4582-b4e4-f3efc316cea7,b1c428d6-4f07-31e0-90f0-68ffa6ff8c76,6e5deaa9-5d32-45bb-9baa-087d73146db4,312961,Simvastatin 20 MG Oral Tablet,22.50,0.00,12,270.00,,
2006-01-16,2007-01-22,c5acf137-e59e-4582-b4e4-f3efc316cea7,b1c428d6-4f07-31e0-90f0-68ffa6ff8c76,6e5deaa9-5d32-45bb-9baa-087d73146db4,197361,Amlodipine 5 MG Oral Tablet,20.61,0.00,12,247.32,,
2007-01-22,2008-01-28,c5acf137-e59e-4582-b4e4-f3efc316cea7,b1c428d6-4f07-31e0-90f0-68ffa6ff8c76,e3af2dce-0419-4230-ab88-ce7fd83f43e6,309362,Clopidogrel 75 MG Oral Tablet,145.91,0.00,12,1750.92,,
2007-01-22,2008-01-28,c5acf137-e59e-4582-b4e4-f3efc316cea7,b1c428d6-4f07-31e0-90f0-68ffa6ff8c76,e3af2dce-0419-4230-ab88-ce7fd83f43e6,705129,Nitroglycerin 0.4 MG/ACTUAT Mucosal Spray,204.11,0.00,12,2449.32,,
2007-01-22,2008-01-28,c5acf137-e59e-4582-b4e4-f3efc316cea7,b1c428d6-4f07-31e0-90f0-68ffa6ff8c76,e3af2dce-0419-4230-ab88-ce7fd83f43e6,312961,Simvastatin 20 MG Oral Tablet,20.82,0.00,12,249.84,,
2007-01-22,2008-01-28,c5acf137-e59e-4582-b4e4-f3efc316cea7,b1c428d6-4f07-31e0-90f0-68ffa6ff8c76,e3af2dce-0419-4230-ab88-ce7fd83f43e6,197361,Amlodipine 5 MG Oral Tablet,5.90,0.00,12,70.80,,
2008-01-28,2009-02-02,c5acf137-e59e-4582-b4e4-f3efc316cea7,b1c428d6-4f07-31e0-90f0-68ffa6ff8c76,1f2bf848-1a9c-4ccb-9b7a-d4eeb9d7836d,309362,Clopidogrel 75 MG Oral Tablet,72.96,0.00,12,875.52,,
2008-01-28,2009-02-02,c5acf137-e59e-4582-b4e4-f3efc316cea7,b1c428d6-4f07-31e0-90f0-68ffa6ff8c76,1f2bf848-1a9c-4ccb-9b7a-d4eeb9d7836d,705129,Nitroglycerin 0.4 MG/ACTUAT Mucosal Spray,61.77,0.00,12,741.24,,
2008-01-28,2009-02-02,c5acf137-e59e-4582-b4e4-f3efc316cea7,b1c428d6-4f07-31e0-90f0-68ffa6ff8c76,1f2bf848-1a9c-4ccb-9b7a-d4eeb9d7836d,312961,Simvastatin 20 MG Oral Tablet,7.03,0.00,12,84.36,,
2008-01-28,2009-02-02,c5acf137-e59e-4582-b4e4-f3efc316cea7,b1c428d6-4f07-31e0-90f0-68ffa6ff8c76,1f2bf848-1a9c-4ccb-9b7a-d4eeb9d7836d,197361,Amlodipine 5 MG Oral Tablet,49.14,0.00,12,589.68,,
2009-02-02,2010-02-08,c5acf137-e59e-4582-b4e4-f3efc316cea7,b1c428d6-4f07-31e0-90f0-68ffa6ff8c76,665addeb-8c6c-4839-a0d6-52352b5d8f3f,309362,Clopidogrel 75 MG Oral Tablet,21.75,0.00,12,261.00,,
2009-02-02,2010-02-08,c5acf137-e59e-4582-b4e4-f3efc316cea7,b1c428d6-4f07-31e0-90f0-68ffa6ff8c76,665addeb-8c6c-4839-a0d6-52352b5d8f3f,705129,Nitroglycerin 0.4 MG/ACTUAT Mucosal Spray,217.19,0.00,12,2606.28,,
2009-02-02,2010-02-08,c5acf137-e59e-4582-b4e4-f3efc316cea7,b1c428d6-4f07-31e0-90f0-68ffa6ff8c76,665addeb-8c6c-4839-a0d6-52352b5d8f3f,312961,Simvastatin 20 MG Oral Tablet,22.06,0.00,12,264.72,,
2009-02-02,2010-02-08,c5acf137-e59e-4582-b4e4-f3efc316cea7,b1c428d6-4f07-31e0-90f0-68ffa6ff8c76,665addeb-8c6c-4839-a0d6-52352b5d8f3f,197361,Amlodipine 5 MG Oral Tablet,36.14,0.00,12,433.68,,
2010-02-08,2011-02-14,c5acf137-e59e-4582-b4e4-f3efc316cea7,b1c428d6-4f07-31e0-90f0-68ffa6ff8c76,d525bdf8-7afc-4bdc-9ec7-95fde33b177b,309362,Clopidogrel 75 MG Oral Tablet,51.20,0.00,12,614.40,,
2010-02-08,2011-02-14,c5acf137-e59e-4582-b4e4-f3efc316cea7,b1c428d6-4f07-31e0-90f0-68ffa6ff8c76,d525bdf8-7afc-4bdc-9ec7-95fde33b177b,705129,Nitroglycerin 0.4 MG/ACTUAT Mucosal Spray,104.12,0.00,12,1249.44,,
2010-02-08,2011-02-14,c5acf137-e59e-4582-b4e4-f3efc316cea7,b1c428d6-4f07-31e0-90f0-68ffa6ff8c76,d525bdf8-7afc-4bdc-9ec7-95fde33b177b,312961,Simvastatin 20 MG Oral Tablet,26.14,0.00,12,313.68,,
2010-02-08,2011-02-14,c5acf137-e59e-4582-b4e4-f3efc316cea7,b1c428d6-4f07-31e0-90f0-68ffa6ff8c76,d525bdf8-7afc-4bdc-9ec7-95fde33b177b,197361,Amlodipine 5 MG Oral Tablet,27.80,0.00,12,333.60,,
2011-02-14,2012-02-20,c5acf137-e59e-4582-b4e4-f3efc316cea7,b1c428d6-4f07-31e0-90f0-68ffa6ff8c76,dbe1c44a-e9cf-47e1-825a-014b41b55c53,309362,Clopidogrel 75 MG Oral Tablet,24.91,0.00,12,298.92,,
2011-02-14,2012-02-20,c5acf137-e59e-4582-b4e4-f3efc316cea7,b1c428d6-4f07-31e0-90f0-68ffa6ff8c76,dbe1c44a-e9cf-47e1-825a-014b41b55c53,705129,Nitroglycerin 0.4 MG/ACTUAT Mucosal Spray,185.57,0.00,12,2226.84,,
2011-02-14,2012-02-20,c5acf137-e59e-4582-b4e4-f3efc316cea7,b1c428d6-4f07-31e0-90f0-68ffa6ff8c76,dbe1c44a-e9cf-47e1-825a-014b41b55c53,312961,Simvastatin 20 MG Oral Tablet,7.25,0.00,12,87.00,,
2011-02-14,2012-02-20,c5acf137-e59e-4582-b4e4-f3efc316cea7,b1c428d6-4f07-31e0-90f0-68ffa6ff8c76,dbe1c44a-e9cf-47e1-825a-014b41b55c53,197361,Amlodipine 5 MG Oral Tablet,10.37,0.00,12,124.44,,
2012-02-20,2013-02-25,c5acf137-e59e-4582-b4e4-f3efc316cea7,b1c428d6-4f07-31e0-90f0-68ffa6ff8c76,456f44e4-2548-4c9f-8f0e-097355d873f3,309362,Clopidogrel 75 MG Oral Tablet,63.59,0.00,12,763.08,,
2012-02-20,2013-02-25,c5acf137-e59e-4582-b4e4-f3efc316cea7,b1c428d6-4f07-31e0-90f0-68ffa6ff8c76,456f44e4-2548-4c9f-8f0e-097355d873f3,705129,Nitroglycerin 0.4 MG/ACTUAT Mucosal Spray,122.07,0.00,12,1464.84,,
2012-02-20,2013-02-25,c5acf137-e59e-4582-b4e4-f3efc316cea7,b1c428d6-4f07-31e0-90f0-68ffa6ff8c76,456f44e4-2548-4c9f-8f0e-097355d873f3,312961,Simvastatin 20 MG Oral Tablet,7.36,0.00,12,88.32,,
2012-02-20,2013-02-25,c5acf137-e59e-4582-b4e4-f3efc316cea7,b1c428d6-4f07-31e0-90f0-68ffa6ff8c76,456f44e4-2548-4c9f-8f0e-097355d873f3,197361,Amlodipine 5 MG Oral Tablet,37.64,0.00,12,451.68,,
2013-02-25,2014-03-03,c5acf137-e59e-4582-b4e4-f3efc316cea7,b1c428d6-4f07-31e0-90f0-68ffa6ff8c76,dd483708-17ae-4725-8d4e-609ec68fc1fc,309362,Clopidogrel 75 MG Oral Tablet,95.03,0.00,12,1140.36,,
2013-02-25,2014-03-03,c5acf137-e59e-4582-b4e4-f3efc316cea7,b1c428d6-4f07-31e0-90f0-68ffa6ff8c76,dd483708-17ae-4725-8d4e-609ec68fc1fc,705129,Nitroglycerin 0.4 MG/ACTUAT Mucosal Spray,182.32,0.00,12,2187.84,,
2013-02-25,2014-03-03,c5acf137-e59e-4582-b4e4-f3efc316cea7,b1c428d6-4f07-31e0-90f0-68ffa6ff8c76,dd483708-17ae-4725-8d4e-609ec68fc1fc,312961,Simvastatin 20 MG Oral Tablet,19.80,0.00,12,237.60,,
2013-02-25,2014-03-03,c5acf137-e59e-4582-b4e4-f3efc316cea7,b1c428d6-4f07-31e0-90f0-68ffa6ff8c76,dd483708-17ae-4725-8d4e-609ec68fc1fc,197361,Amlodipine 5 MG Oral Tablet,24.33,0.00,12,291.96,,
2014-03-03,2014-07-28,c5acf137-e59e-4582-b4e4-f3efc316cea7,b1c428d6-4f07-31e0-90f0-68ffa6ff8c76,b54a792c-14ce-42ad-a38e-6a7c96b6e369,309362,Clopidogrel 75 MG Oral Tablet,53.69,0.00,4,214.76,,
2014-03-03,2015-03-09,c5acf137-e59e-4582-b4e4-f3efc316cea7,b1c428d6-4f07-31e0-90f0-68ffa6ff8c76,b54a792c-14ce-42ad-a38e-6a7c96b6e369,705129,Nitroglycerin 0.4 MG/ACTUAT Mucosal Spray,56.75,0.00,12,681.00,,
2014-03-03,2015-03-09,c5acf137-e59e-4582-b4e4-f3efc316cea7,b1c428d6-4f07-31e0-90f0-68ffa6ff8c76,b54a792c-14ce-42ad-a38e-6a7c96b6e369,312961,Simvastatin 20 MG Oral Tablet,12.73,0.00,12,152.76,,
2014-03-03,2015-03-09,c5acf137-e59e-4582-b4e4-f3efc316cea7,b1c428d6-4f07-31e0-90f0-68ffa6ff8c76,b54a792c-14ce-42ad-a38e-6a7c96b6e369,197361,Amlodipine 5 MG Oral Tablet,44.18,0.00,12,530.16,,
2014-07-28,2014-07-28,c5acf137-e59e-4582-b4e4-f3efc316cea7,b1c428d6-4f07-31e0-90f0-68ffa6ff8c76,4e4f4f97-71da-479d-844c-f4c11bb7b600,1804799,Alteplase 100 MG Injection,6112.90,0.00,1,6112.90,,
2015-03-09,2015-03-09,c5acf137-e59e-4582-b4e4-f3efc316cea7,b1c428d6-4f07-31e0-90f0-68ffa6ff8c76,9cd7bb56-9987-4aad-8f0c-5e951e159664,309362,Clopidogrel 75 MG Oral Tablet,84.04,0.00,1,84.04,,
2015-03-09,2016-03-14,c5acf137-e59e-4582-b4e4-f3efc316cea7,b1c428d6-4f07-31e0-90f0-68ffa6ff8c76,9cd7bb56-9987-4aad-8f0c-5e951e159664,309362,Clopidogrel 75 MG Oral Tablet,18.09,0.00,12,217.08,,
2015-03-09,2016-03-14,c5acf137-e59e-4582-b4e4-f3efc316cea7,b1c428d6-4f07-31e0-90f0-68ffa6ff8c76,9cd7bb56-9987-4aad-8f0c-5e951e159664,705129,Nitroglycerin 0.4 MG/ACTUAT Mucosal Spray,83.36,0.00,12,1000.32,,
2015-03-09,2016-03-14,c5acf137-e59e-4582-b4e4-f3efc316cea7,b1c428d6-4f07-31e0-90f0-68ffa6ff8c76,9cd7bb56-9987-4aad-8f0c-5e951e159664,312961,Simvastatin 20 MG Oral Tablet,20.37,0.00,12,244.44,,
2015-03-09,2016-03-14,c5acf137-e59e-4582-b4e4-f3efc316cea7,b1c428d6-4f07-31e0-90f0-68ffa6ff8c76,9cd7bb56-9987-4aad-8f0c-5e951e159664,197361,Amlodipine 5 MG Oral Tablet,19.78,0.00,12,237.36,,
2016-03-14,2017-03-20,c5acf137-e59e-4582-b4e4-f3efc316cea7,b1c428d6-4f07-31e0-90f0-68ffa6ff8c76,2d4c98ae-34e3-4d5a-83fd-5b9fd80e34bd,309362,Clopidogrel 75 MG Oral Tablet,35.21,0.00,12,422.52,,
2016-03-14,2017-03-20,c5acf137-e59e-4582-b4e4-f3efc316cea7,b1c428d6-4f07-31e0-90f0-68ffa6ff8c76,2d4c98ae-34e3-4d5a-83fd-5b9fd80e34bd,705129,Nitroglycerin 0.4 MG/ACTUAT Mucosal Spray,18.02,0.00,12,216.24,,
2016-03-14,2017-03-20,c5acf137-e59e-4582-b4e4-f3efc316cea7,b1c428d6-4f07-31e0-90f0-68ffa6ff8c76,2d4c98ae-34e3-4d5a-83fd-5b9fd80e34bd,312961,Simvastatin 20 MG Oral Tablet,32.80,0.00,12,393.60,,
2016-03-14,2017-03-20,c5acf137-e59e-4582-b4e4-f3efc316cea7,b1c428d6-4f07-31e0-90f0-68ffa6ff8c76,2d4c98ae-34e3-4d5a-83fd-5b9fd80e34bd,197361,Amlodipine 5 MG Oral Tablet,16.61,0.00,12,199.32,,
2017-03-20,2018-03-26,c5acf137-e59e-4582-b4e4-f3efc316cea7,b1c428d6-4f07-31e0-90f0-68ffa6ff8c76,f7c38dd7-8b08-4096-ae09-54943d2e2fb9,309362,Clopidogrel 75 MG Oral Tablet,44.94,0.00,12,539.28,,
2017-03-20,2018-03-26,c5acf137-e59e-4582-b4e4-f3efc316cea7,b1c428d6-4f07-31e0-90f0-68ffa6ff8c76,f7c38dd7-8b08-4096-ae09-54943d2e2fb9,705129,Nitroglycerin 0.4 MG/ACTUAT Mucosal Spray,174.52,0.00,12,2094.24,,
2017-03-20,2018-03-26,c5acf137-e59e-4582-b4e4-f3efc316cea7,b1c428d6-4f07-31e0-90f0-68ffa6ff8c76,f7c38dd7-8b08-4096-ae09-54943d2e2fb9,312961,Simvastatin 20 MG Oral Tablet,28.87,0.00,12,346.44,,
2017-03-20,2018-03-26,c5acf137-e59e-4582-b4e4-f3efc316cea7,b1c428d6-4f07-31e0-90f0-68ffa6ff8c76,f7c38dd7-8b08-4096-ae09-54943d2e2fb9,197361,Amlodipine 5 MG Oral Tablet,42.36,0.00,12,508.32,,
2018-03-26,2019-04-01,c5acf137-e59e-4582-b4e4-f3efc316cea7,b1c428d6-4f07-31e0-90f0-68ffa6ff8c76,1814f38e-65d2-4e65-a84f-6e4d1f288c25,309362,Clopidogrel 75 MG Oral Tablet,9.81,0.00,12,117.72,,
2018-03-26,2019-04-01,c5acf137-e59e-4582-b4e4-f3efc316cea7,b1c428d6-4f07-31e0-90f0-68ffa6ff8c76,1814f38e-65d2-4e65-a84f-6e4d1f288c25,705129,Nitroglycerin 0.4 MG/ACTUAT Mucosal Spray,147.80,0.00,12,1773.60,,
2018-03-26,2019-04-01,c5acf137-e59e-4582-b4e4-f3efc316cea7,b1c428d6-4f07-31e0-90f0-68ffa6ff8c76,1814f38e-65d2-4e65-a84f-6e4d1f288c25,312961,Simvastatin 20 MG Oral Tablet,22.77,0.00,12,273.24,,
2018-03-26,2019-04-01,c5acf137-e59e-4582-b4e4-f3efc316cea7,b1c428d6-4f07-31e0-90f0-68ffa6ff8c76,1814f38e-65d2-4e65-a84f-6e4d1f288c25,197361,Amlodipine 5 MG Oral Tablet,24.75,0.00,12,297.00,,
2019-04-01,,c5acf137-e59e-4582-b4e4-f3efc316cea7,b1c428d6-4f07-31e0-90f0-68ffa6ff8c76,c2f2d0b0-3268-4061-8e1c-0b3d5ee0a941,309362,Clopidogrel 75 MG Oral Tablet,8.89,0.00,11,97.79,,
2019-04-01,,c5acf137-e59e-4582-b4e4-f3efc316cea7,b1c428d6-4f07-31e0-90f0-68ffa6ff8c76,c2f2d0b0-3268-4061-8e1c-0b3d5ee0a941,705129,Nitroglycerin 0.4 MG/ACTUAT Mucosal Spray,10.25,0.00,11,112.75,,
2019-04-01,,c5acf137-e59e-4582-b4e4-f3efc316cea7,b1c428d6-4f07-31e0-90f0-68ffa6ff8c76,c2f2d0b0-3268-4061-8e1c-0b3d5ee0a941,312961,Simvastatin 20 MG Oral Tablet,13.92,0.00,11,153.12,,
2019-04-01,,c5acf137-e59e-4582-b4e4-f3efc316cea7,b1c428d6-4f07-31e0-90f0-68ffa6ff8c76,c2f2d0b0-3268-4061-8e1c-0b3d5ee0a941,197361,Amlodipine 5 MG Oral Tablet,40.56,0.00,11,446.16,,
2017-10-31,2017-10-31,a3afacfe-b6d2-4a0d-adeb-d7fa6cf7848d,b1c428d6-4f07-31e0-90f0-68ffa6ff8c76,e7c1e0e1-e932-4173-97ca-32159856d1ef,855332,Warfarin Sodium 5 MG Oral Tablet,110.10,0.00,1,110.10,,
2017-10-31,2017-10-31,a3afacfe-b6d2-4a0d-adeb-d7fa6cf7848d,b1c428d6-4f07-31e0-90f0-68ffa6ff8c76,e7c1e0e1-e932-4173-97ca-32159856d1ef,897718,Verapamil Hydrochloride 40 MG,121.27,0.00,1,121.27,,
2017-10-31,2017-10-31,a3afacfe-b6d2-4a0d-adeb-d7fa6cf7848d,b1c428d6-4f07-31e0-90f0-68ffa6ff8c76,e7c1e0e1-e932-4173-97ca-32159856d1ef,197604,Digoxin 0.125 MG Oral Tablet,35.08,0.00,1,35.08,,
2017-10-31,2018-11-06,a3afacfe-b6d2-4a0d-adeb-d7fa6cf7848d,b1c428d6-4f07-31e0-90f0-68ffa6ff8c76,e7c1e0e1-e932-4173-97ca-32159856d1ef,897718,Verapamil Hydrochloride 40 MG,25.32,0.00,12,303.84,,
2017-10-31,2018-11-06,a3afacfe-b6d2-4a0d-adeb-d7fa6cf7848d,b1c428d6-4f07-31e0-90f0-68ffa6ff8c76,e7c1e0e1-e932-4173-97ca-32159856d1ef,197604,Digoxin 0.125 MG Oral Tablet,94.46,0.00,12,1133.52,,
2017-10-31,2018-11-06,a3afacfe-b6d2-4a0d-adeb-d7fa6cf7848d,b1c428d6-4f07-31e0-90f0-68ffa6ff8c76,e7c1e0e1-e932-4173-97ca-32159856d1ef,855332,Warfarin Sodium 5 MG Oral Tablet,188.76,0.00,12,2265.12,,
2018-11-06,2019-11-12,a3afacfe-b6d2-4a0d-adeb-d7fa6cf7848d,b1c428d6-4f07-31e0-90f0-68ffa6ff8c76,347a9674-da03-4ea8-ae69-1f14cd484675,897718,Verapamil Hydrochloride 40 MG,55.28,0.00,12,663.36,,
2018-11-06,2019-11-12,a3afacfe-b6d2-4a0d-adeb-d7fa6cf7848d,b1c428d6-4f07-31e0-90f0-68ffa6ff8c76,347a9674-da03-4ea8-ae69-1f14cd484675,197604,Digoxin 0.125 MG Oral Tablet,23.42,0.00,12,281.04,,
2018-11-06,2019-11-12,a3afacfe-b6d2-4a0d-adeb-d7fa6cf7848d,b1c428d6-4f07-31e0-90f0-68ffa6ff8c76,347a9674-da03-4ea8-ae69-1f14cd484675,855332,Warfarin Sodium 5 MG Oral Tablet,207.72,0.00,12,2492.64,,
2019-11-12,,a3afacfe-b6d2-4a0d-adeb-d7fa6cf7848d,b1c428d6-4f07-31e0-90f0-68ffa6ff8c76,823e5fe9-2d88-4752-8068-b651ec38870c,897718,Verapamil Hydrochloride 40 MG,136.08,0.00,3,408.24,,
2019-11-12,,a3afacfe-b6d2-4a0d-adeb-d7fa6cf7848d,b1c428d6-4f07-31e0-90f0-68ffa6ff8c76,823e5fe9-2d88-4752-8068-b651ec38870c,197604,Digoxin 0.125 MG Oral Tablet,95.84,0.00,3,287.52,,
2019-11-12,,a3afacfe-b6d2-4a0d-adeb-d7fa6cf7848d,b1c428d6-4f07-31e0-90f0-68ffa6ff8c76,823e5fe9-2d88-4752-8068-b651ec38870c,855332,Warfarin Sodium 5 MG Oral Tablet,191.46,0.00,3,574.38,,
2010-09-01,2010-09-01,8f2ded9d-82ee-4456-b274-a749d241f741,b1c428d6-4f07-31e0-90f0-68ffa6ff8c76,4127ade7-f179-41a6-af9e-573acd46bbfd,855332,Warfarin Sodium 5 MG Oral Tablet,65.90,0.00,1,65.90,,
2010-09-01,2010-09-01,8f2ded9d-82ee-4456-b274-a749d241f741,b1c428d6-4f07-31e0-90f0-68ffa6ff8c76,4127ade7-f179-41a6-af9e-573acd46bbfd,897718,Verapamil Hydrochloride 40 MG,203.99,0.00,1,203.99,,
2010-09-01,2010-09-01,8f2ded9d-82ee-4456-b274-a749d241f741,b1c428d6-4f07-31e0-90f0-68ffa6ff8c76,4127ade7-f179-41a6-af9e-573acd46bbfd,197604,Digoxin 0.125 MG Oral Tablet,33.61,0.00,1,33.61,,
2010-09-01,2011-09-07,8f2ded9d-82ee-4456-b274-a749d241f741,b1c428d6-4f07-31e0-90f0-68ffa6ff8c76,4127ade7-f179-41a6-af9e-573acd46bbfd,897718,Verapamil Hydrochloride 40 MG,65.95,0.00,12,791.40,,
2010-09-01,2011-09-07,8f2ded9d-82ee-4456-b274-a749d241f741,b1c428d6-4f07-31e0-90f0-68ffa6ff8c76,4127ade7-f179-41a6-af9e-573acd46bbfd,197604,Digoxin 0.125 MG Oral Tablet,96.47,0.00,12,1157.64,,
2010-09-01,2011-09-07,8f2ded9d-82ee-4456-b274-a749d241f741,b1c428d6-4f07-31e0-90f0-68ffa6ff8c76,4127ade7-f179-41a6-af9e-573acd46bbfd,855332,Warfarin Sodium 5 MG Oral Tablet,97.84,0.00,12,1174.08,,
2011-09-07,2012-09-12,8f2ded9d-82ee-4456-b274-a749d241f741,b1c428d6-4f07-31e0-90f0-68ffa6ff8c76,99f553a6-7f79-415c-875d-e579d061ca16,897718,Verapamil Hydrochloride 40 MG,59.52,0.00,12,714.24,,
2011-09-07,2012-09-12,8f2ded9d-82ee-4456-b274-a749d241f741,b1c428d6-4f07-31e0-90f0-68ffa6ff8c76,99f553a6-7f79-415c-875d-e579d061ca16,197604,Digoxin 0.125 MG Oral Tablet,92.45,0.00,12,1109.40,,
2011-09-07,2012-09-12,8f2ded9d-82ee-4456-b274-a749d241f741,b1c428d6-4f07-31e0-90f0-68ffa6ff8c76,99f553a6-7f79-415c-875d-e579d061ca16,855332,Warfarin Sodium 5 MG Oral Tablet,86.30,0.00,12,1035.60,,
2012-09-12,2013-09-18,8f2ded9d-82ee-4456-b274-a749d241f741,b1c428d6-4f07-31e0-90f0-68ffa6ff8c76,7742e601-c846-4482-bb91-f5bc84294c93,897718,Verapamil Hydrochloride 40 MG,155.46,0.00,12,1865.52,,
2012-09-12,2013-09-18,8f2ded9d-82ee-4456-b274-a749d241f741,b1c428d6-4f07-31e0-90f0-68ffa6ff8c76,7742e601-c846-4482-bb91-f5bc84294c93,197604,Digoxin 0.125 MG Oral Tablet,51.35,0.00,12,616.20,,
2012-09-12,2013-09-18,8f2ded9d-82ee-4456-b274-a749d241f741,b1c428d6-4f07-31e0-90f0-68ffa6ff8c76,7742e601-c846-4482-bb91-f5bc84294c93,855332,Warfarin Sodium 5 MG Oral Tablet,33.91,0.00,12,406.92,,
2013-09-18,2014-09-24,8f2ded9d-82ee-4456-b274-a749d241f741,b1c428d6-4f07-31e0-90f0-68ffa6ff8c76,a4fc1d6a-e5b6-4ee6-a0f5-52d1f2ffd5c8,897718,Verapamil Hydrochloride 40 MG,53.40,0.00,12,640.80,,
2013-09-18,2014-09-24,8f2ded9d-82ee-4456-b274-a749d241f741,b1c428d6-4f07-31e0-90f0-68ffa6ff8c76,a4fc1d6a-e5b6-4ee6-a0f5-52d1f2ffd5c8,197604,Digoxin 0.125 MG Oral Tablet,25.13,0.00,12,301.56,,
2013-09-18,2014-09-24,8f2ded9d-82ee-4456-b274-a749d241f741,b1c428d6-4f07-31e0-90f0-68ffa6ff8c76,a4fc1d6a-e5b6-4ee6-a0f5-52d1f2ffd5c8,855332,Warfarin Sodium 5 MG Oral Tablet,56.90,0.00,12,682.80,,
2014-09-24,2015-09-30,8f2ded9d-82ee-4456-b274-a749d241f741,b1c428d6-4f07-31e0-90f0-68ffa6ff8c76,b5c93e58-a63c-4f08-9a66-6606cd70563c,897718,Verapamil Hydrochloride 40 MG,186.61,0.00,12,2239.32,,
2014-09-24,2015-09-30,8f2ded9d-82ee-4456-b274-a749d241f741,b1c428d6-4f07-31e0-90f0-68ffa6ff8c76,b5c93e58-a63c-4f08-9a66-6606cd70563c,197604,Digoxin 0.125 MG Oral Tablet,59.42,0.00,12,713.04,,
2014-09-24,2015-09-30,8f2ded9d-82ee-4456-b274-a749d241f741,b1c428d6-4f07-31e0-90f0-68ffa6ff8c76,b5c93e58-a63c-4f08-9a66-6606cd70563c,855332,Warfarin Sodium 5 MG Oral Tablet,42.69,0.00,12,512.28,,
2015-09-30,2016-10-05,8f2ded9d-82ee-4456-b274-a749d241f741,b1c428d6-4f07-31e0-90f0-68ffa6ff8c76,6e99513e-eeeb-4ea7-a608-5e273b3c9aa8,897718,Verapamil Hydrochloride 40 MG,45.26,0.00,12,543.12,,
2015-09-30,2016-10-05,8f2ded9d-82ee-4456-b274-a749d241f741,b1c428d6-4f07-31e0-90f0-68ffa6ff8c76,6e99513e-eeeb-4ea7-a608-5e273b3c9aa8,197604,Digoxin 0.125 MG Oral Tablet,23.92,0.00,12,287.04,,
2015-09-30,2016-10-05,8f2ded9d-82ee-4456-b274-a749d241f741,b1c428d6-4f07-31e0-90f0-68ffa6ff8c76,6e99513e-eeeb-4ea7-a608-5e273b3c9aa8,855332,Warfarin Sodium 5 MG Oral Tablet,7.51,0.00,12,90.12,,
2016-10-05,2017-10-11,8f2ded9d-82ee-4456-b274-a749d241f741,b1c428d6-4f07-31e0-90f0-68ffa6ff8c76,8d09dd9c-5bb7-4cdf-8a54-573474991cfa,897718,Verapamil Hydrochloride 40 MG,243.88,0.00,12,2926.56,,
2016-10-05,2017-10-11,8f2ded9d-82ee-4456-b274-a749d241f741,b1c428d6-4f07-31e0-90f0-68ffa6ff8c76,8d09dd9c-5bb7-4cdf-8a54-573474991cfa,197604,Digoxin 0.125 MG Oral Tablet,103.79,0.00,12,1245.48,,
2016-10-05,2017-10-11,8f2ded9d-82ee-4456-b274-a749d241f741,b1c428d6-4f07-31e0-90f0-68ffa6ff8c76,8d09dd9c-5bb7-4cdf-8a54-573474991cfa,855332,Warfarin Sodium 5 MG Oral Tablet,90.62,0.00,12,1087.44,,
2017-10-11,2018-10-17,8f2ded9d-82ee-4456-b274-a749d241f741,b1c428d6-4f07-31e0-90f0-68ffa6ff8c76,ce60ef5b-585b-4082-81b9-76881d578926,897718,Verapamil Hydrochloride 40 MG,104.61,0.00,12,1255.32,,
2017-10-11,2018-10-17,8f2ded9d-82ee-4456-b274-a749d241f741,b1c428d6-4f07-31e0-90f0-68ffa6ff8c76,ce60ef5b-585b-4082-81b9-76881d578926,197604,Digoxin 0.125 MG Oral Tablet,48.37,0.00,12,580.44,,
2017-10-11,2018-10-17,8f2ded9d-82ee-4456-b274-a749d241f741,b1c428d6-4f07-31e0-90f0-68ffa6ff8c76,ce60ef5b-585b-4082-81b9-76881d578926,855332,Warfarin Sodium 5 MG Oral Tablet,57.98,0.00,12,695.76,,
2018-10-17,2019-10-23,8f2ded9d-82ee-4456-b274-a749d241f741,b1c428d6-4f07-31e0-90f0-68ffa6ff8c76,672e8733-5718-4f9d-b76b-a9d017a74285,897718,Verapamil Hydrochloride 40 MG,188.54,0.00,12,2262.48,,
2018-10-17,2019-10-23,8f2ded9d-82ee-4456-b274-a749d241f741,b1c428d6-4f07-31e0-90f0-68ffa6ff8c76,672e8733-5718-4f9d-b76b-a9d017a74285,197604,Digoxin 0.125 MG Oral Tablet,82.30,0.00,12,987.60,,
2018-10-17,2019-10-23,8f2ded9d-82ee-4456-b274-a749d241f741,b1c428d6-4f07-31e0-90f0-68ffa6ff8c76,672e8733-5718-4f9d-b76b-a9d017a74285,855332,Warfarin Sodium 5 MG Oral Tablet,125.23,0.00,12,1502.76,,
2019-10-23,,8f2ded9d-82ee-4456-b274-a749d241f741,b1c428d6-4f07-31e0-90f0-68ffa6ff8c76,2af2f95d-b3df-40ec-bdb2-fe8ff237dda8,897718,Verapamil Hydrochloride 40 MG,206.80,0.00,4,827.20,,
2019-10-23,,8f2ded9d-82ee-4456-b274-a749d241f741,b1c428d6-4f07-31e0-90f0-68ffa6ff8c76,2af2f95d-b3df-40ec-bdb2-fe8ff237dda8,197604,Digoxin 0.125 MG Oral Tablet,39.10,0.00,4,156.40,,
2019-10-23,,8f2ded9d-82ee-4456-b274-a749d241f741,b1c428d6-4f07-31e0-90f0-68ffa6ff8c76,2af2f95d-b3df-40ec-bdb2-fe8ff237dda8,855332,Warfarin Sodium 5 MG Oral Tablet,105.80,0.00,4,423.20,,
2019-07-09,2019-07-09,f5f12e6a-6539-47b9-bc55-73930efc61b7,b1c428d6-4f07-31e0-90f0-68ffa6ff8c76,d4dbcc62-2571-49ab-9d18-a925e261ddca,309362,Clopidogrel 75 MG Oral Tablet,69.35,0.00,1,69.35,,
2019-07-09,2019-07-09,f5f12e6a-6539-47b9-bc55-73930efc61b7,b1c428d6-4f07-31e0-90f0-68ffa6ff8c76,d4dbcc62-2571-49ab-9d18-a925e261ddca,312961,Simvastatin 20 MG Oral Tablet,14.48,0.00,1,14.48,,
2019-07-09,2019-07-09,f5f12e6a-6539-47b9-bc55-73930efc61b7,b1c428d6-4f07-31e0-90f0-68ffa6ff8c76,d4dbcc62-2571-49ab-9d18-a925e261ddca,197361,Amlodipine 5 MG Oral Tablet,26.82,0.00,1,26.82,,
2019-07-09,2019-07-09,f5f12e6a-6539-47b9-bc55-73930efc61b7,b1c428d6-4f07-31e0-90f0-68ffa6ff8c76,d4dbcc62-2571-49ab-9d18-a925e261ddca,705129,Nitroglycerin 0.4 MG/ACTUAT Mucosal Spray,76.30,0.00,1,76.30,,
2019-07-09,,f5f12e6a-6539-47b9-bc55-73930efc61b7,b1c428d6-4f07-31e0-90f0-68ffa6ff8c76,d4dbcc62-2571-49ab-9d18-a925e261ddca,309362,Clopidogrel 75 MG Oral Tablet,18.43,0.00,8,147.44,,
2019-07-09,,f5f12e6a-6539-47b9-bc55-73930efc61b7,b1c428d6-4f07-31e0-90f0-68ffa6ff8c76,d4dbcc62-2571-49ab-9d18-a925e261ddca,705129,Nitroglycerin 0.4 MG/ACTUAT Mucosal Spray,274.79,0.00,8,2198.32,,
2019-07-09,,f5f12e6a-6539-47b9-bc55-73930efc61b7,b1c428d6-4f07-31e0-90f0-68ffa6ff8c76,d4dbcc62-2571-49ab-9d18-a925e261ddca,312961,Simvastatin 20 MG Oral Tablet,11.24,0.00,8,89.92,,
2019-07-09,,f5f12e6a-6539-47b9-bc55-73930efc61b7,b1c428d6-4f07-31e0-90f0-68ffa6ff8c76,d4dbcc62-2571-49ab-9d18-a925e261ddca,197361,Amlodipine 5 MG Oral Tablet,44.25,0.00,8,354.00,,
1984-11-08,1985-11-14,198dffb9-aa2f-4e1e-9534-46ff4390e48d,b1c428d6-4f07-31e0-90f0-68ffa6ff8c76,836ce1c9-c7bb-4b69-b1fc-0a09e1c89bc6,705129,Nitroglycerin 0.4 MG/ACTUAT Mucosal Spray,129.37,0.00,12,1552.44,,
1985-11-14,1986-11-20,198dffb9-aa2f-4e1e-9534-46ff4390e48d,b1c428d6-4f07-31e0-90f0-68ffa6ff8c76,0612163e-b2d0-40c8-9c82-166ab2128407,705129,Nitroglycerin 0.4 MG/ACTUAT Mucosal Spray,71.58,0.00,12,858.96,,
1986-11-20,1987-11-26,198dffb9-aa2f-4e1e-9534-46ff4390e48d,b1c428d6-4f07-31e0-90f0-68ffa6ff8c76,fa759ede-87e7-4c89-a637-eab721d96de0,705129,Nitroglycerin 0.4 MG/ACTUAT Mucosal Spray,328.03,0.00,12,3936.36,,
1987-11-26,1988-12-01,198dffb9-aa2f-4e1e-9534-46ff4390e48d,b1c428d6-4f07-31e0-90f0-68ffa6ff8c76,5868fc61-041f-4b19-abb0-4ba0ab921761,705129,Nitroglycerin 0.4 MG/ACTUAT Mucosal Spray,154.56,0.00,12,1854.72,,
1988-12-01,1989-12-07,198dffb9-aa2f-4e1e-9534-46ff4390e48d,b1c428d6-4f07-31e0-90f0-68ffa6ff8c76,05371562-58da-4d3f-b16e-11357597f901,705129,Nitroglycerin 0.4 MG/ACTUAT Mucosal Spray,19.46,0.00,12,233.52,,
1989-12-07,1990-12-13,198dffb9-aa2f-4e1e-9534-46ff4390e48d,b1c428d6-4f07-31e0-90f0-68ffa6ff8c76,e8b81004-3c09-408e-bf98-42e350e094d0,705129,Nitroglycerin 0.4 MG/ACTUAT Mucosal Spray,120.30,0.00,12,1443.60,,
1990-12-13,1991-12-19,198dffb9-aa2f-4e1e-9534-46ff4390e48d,b1c428d6-4f07-31e0-90f0-68ffa6ff8c76,9b23d6ee-7bcb-4811-a5a5-e26cbc624ff1,705129,Nitroglycerin 0.4 MG/ACTUAT Mucosal Spray,140.51,0.00,12,1686.12,,
1991-12-19,1991-12-19,198dffb9-aa2f-4e1e-9534-46ff4390e48d,b1c428d6-4f07-31e0-90f0-68ffa6ff8c76,e9e5daa2-baa2-4f54-9d33-44fb323387ea,312961,Simvastatin 20 MG Oral Tablet,44.51,0.00,1,44.51,,
1991-12-19,1992-12-24,198dffb9-aa2f-4e1e-9534-46ff4390e48d,b1c428d6-4f07-31e0-90f0-68ffa6ff8c76,e9e5daa2-baa2-4f54-9d33-44fb323387ea,705129,Nitroglycerin 0.4 MG/ACTUAT Mucosal Spray,313.63,0.00,12,3763.56,,
1991-12-19,1992-12-24,198dffb9-aa2f-4e1e-9534-46ff4390e48d,b1c428d6-4f07-31e0-90f0-68ffa6ff8c76,e9e5daa2-baa2-4f54-9d33-44fb323387ea,312961,Simvastatin 20 MG Oral Tablet,11.76,0.00,12,141.12,,
1992-12-24,1993-12-30,198dffb9-aa2f-4e1e-9534-46ff4390e48d,b1c428d6-4f07-31e0-90f0-68ffa6ff8c76,91396779-4923-4a13-8fba-b4c457844dfe,705129,Nitroglycerin 0.4 MG/ACTUAT Mucosal Spray,96.43,0.00,12,1157.16,,
1992-12-24,1993-12-30,198dffb9-aa2f-4e1e-9534-46ff4390e48d,b1c428d6-4f07-31e0-90f0-68ffa6ff8c76,91396779-4923-4a13-8fba-b4c457844dfe,312961,Simvastatin 20 MG Oral Tablet,9.41,0.00,12,112.92,,
1993-12-30,1995-01-05,198dffb9-aa2f-4e1e-9534-46ff4390e48d,b1c428d6-4f07-31e0-90f0-68ffa6ff8c76,94726935-61d5-44ab-b04e-9a7c8e79aa3d,705129,Nitroglycerin 0.4 MG/ACTUAT Mucosal Spray,132.22,0.00,12,1586.64,,
1993-12-30,1995-01-05,198dffb9-aa2f-4e1e-9534-46ff4390e48d,b1c428d6-4f07-31e0-90f0-68ffa6ff8c76,94726935-61d5-44ab-b04e-9a7c8e79aa3d,312961,Simvastatin 20 MG Oral Tablet,22.80,0.00,12,273.60,,
1995-01-05,1995-01-05,198dffb9-aa2f-4e1e-9534-46ff4390e48d,b1c428d6-4f07-31e0-90f0-68ffa6ff8c76,4ade72b2-4edc-4b28-ab63-4aa3bb25e12c,197361,Amlodipine 5 MG Oral Tablet,56.66,0.00,1,56.66,,
1995-01-05,1995-02-23,198dffb9-aa2f-4e1e-9534-46ff4390e48d,b1c428d6-4f07-31e0-90f0-68ffa6ff8c76,4ade72b2-4edc-4b28-ab63-4aa3bb25e12c,705129,Nitroglycerin 0.4 MG/ACTUAT Mucosal Spray,194.56,0.00,1,194.56,,
1995-01-05,,198dffb9-aa2f-4e1e-9534-46ff4390e48d,b1c428d6-4f07-31e0-90f0-68ffa6ff8c76,4ade72b2-4edc-4b28-ab63-4aa3bb25e12c,312961,Simvastatin 20 MG Oral Tablet,15.30,0.00,1,15.30,,
1995-01-05,,198dffb9-aa2f-4e1e-9534-46ff4390e48d,b1c428d6-4f07-31e0-90f0-68ffa6ff8c76,4ade72b2-4edc-4b28-ab63-4aa3bb25e12c,197361,Amlodipine 5 MG Oral Tablet,73.01,0.00,1,73.01,,
1995-02-23,1995-02-23,198dffb9-aa2f-4e1e-9534-46ff4390e48d,b1c428d6-4f07-31e0-90f0-68ffa6ff8c76,c5c3f107-7aea-4a39-be38-1219134c3d62,833036,Captopril 25 MG Oral Tablet,123.50,0.00,1,123.50,,
2010-09-26,2010-09-26,467123d9-d166-4f87-a73f-32c57a43fe53,b1c428d6-4f07-31e0-90f0-68ffa6ff8c76,245816be-e623-49cd-9144-3cc6615c5673,309362,Clopidogrel 75 MG Oral Tablet,43.22,0.00,1,43.22,,
2010-09-26,2010-09-26,467123d9-d166-4f87-a73f-32c57a43fe53,b1c428d6-4f07-31e0-90f0-68ffa6ff8c76,245816be-e623-49cd-9144-3cc6615c5673,1804799,Alteplase 100 MG Injection,6530.66,0.00,1,6530.66,,
2010-10-23,2010-10-23,66e8d157-69fe-4b0f-b5dd-969ab39274b9,b1c428d6-4f07-31e0-90f0-68ffa6ff8c76,95b17c1a-e3c6-4e27-8f32-3fd893d9ec67,855332,Warfarin Sodium 5 MG Oral Tablet,225.71,0.00,1,225.71,,
2010-10-23,2010-10-23,66e8d157-69fe-4b0f-b5dd-969ab39274b9,b1c428d6-4f07-31e0-90f0-68ffa6ff8c76,95b17c1a-e3c6-4e27-8f32-3fd893d9ec67,897718,Verapamil Hydrochloride 40 MG,60.74,0.00,1,60.74,,
2010-10-23,2010-10-23,66e8d157-69fe-4b0f-b5dd-969ab39274b9,b1c428d6-4f07-31e0-90f0-68ffa6ff8c76,95b17c1a-e3c6-4e27-8f32-3fd893d9ec67,197604,Digoxin 0.125 MG Oral Tablet,66.08,0.00,1,66.08,,
2010-10-23,2011-10-29,66e8d157-69fe-4b0f-b5dd-969ab39274b9,b1c428d6-4f07-31e0-90f0-68ffa6ff8c76,95b17c1a-e3c6-4e27-8f32-3fd893d9ec67,897718,Verapamil Hydrochloride 40 MG,67.83,0.00,12,813.96,,
2010-10-23,2011-10-29,66e8d157-69fe-4b0f-b5dd-969ab39274b9,b1c428d6-4f07-31e0-90f0-68ffa6ff8c76,95b17c1a-e3c6-4e27-8f32-3fd893d9ec67,197604,Digoxin 0.125 MG Oral Tablet,51.93,0.00,12,623.16,,
2010-10-23,2011-10-29,66e8d157-69fe-4b0f-b5dd-969ab39274b9,b1c428d6-4f07-31e0-90f0-68ffa6ff8c76,95b17c1a-e3c6-4e27-8f32-3fd893d9ec67,855332,Warfarin Sodium 5 MG Oral Tablet,101.21,0.00,12,1214.52,,
2011-10-29,2012-11-03,66e8d157-69fe-4b0f-b5dd-969ab39274b9,b1c428d6-4f07-31e0-90f0-68ffa6ff8c76,892faa89-82e9-4994-8413-416c157a6948,897718,Verapamil Hydrochloride 40 MG,36.38,0.00,12,436.56,,
2011-10-29,2012-11-03,66e8d157-69fe-4b0f-b5dd-969ab39274b9,b1c428d6-4f07-31e0-90f0-68ffa6ff8c76,892faa89-82e9-4994-8413-416c157a6948,197604,Digoxin 0.125 MG Oral Tablet,88.03,0.00,12,1056.36,,
2011-10-29,2012-11-03,66e8d157-69fe-4b0f-b5dd-969ab39274b9,b1c428d6-4f07-31e0-90f0-68ffa6ff8c76,892faa89-82e9-4994-8413-416c157a6948,855332,Warfarin Sodium 5 MG Oral Tablet,49.62,0.00,12,595.44,,
2012-11-03,2013-11-09,66e8d157-69fe-4b0f-b5dd-969ab39274b9,b1c428d6-4f07-31e0-90f0-68ffa6ff8c76,7512c4d2-135b-45dd-9d63-32de94dcbc96,897718,Verapamil Hydrochloride 40 MG,148.57,0.00,12,1782.84,,
2012-11-03,2013-11-09,66e8d157-69fe-4b0f-b5dd-969ab39274b9,b1c428d6-4f07-31e0-90f0-68ffa6ff8c76,7512c4d2-135b-45dd-9d63-32de94dcbc96,197604,Digoxin 0.125 MG Oral Tablet,56.08,0.00,12,672.96,,
2012-11-03,2013-11-09,66e8d157-69fe-4b0f-b5dd-969ab39274b9,b1c428d6-4f07-31e0-90f0-68ffa6ff8c76,7512c4d2-135b-45dd-9d63-32de94dcbc96,855332,Warfarin Sodium 5 MG Oral Tablet,109.46,0.00,12,1313.52,,
2013-09-07,2013-09-07,66e8d157-69fe-4b0f-b5dd-969ab39274b9,b1c428d6-4f07-31e0-90f0-68ffa6ff8c76,aa566a72-e1e8-4cdd-8494-847d4e35c9e9,309362,Clopidogrel 75 MG Oral Tablet,79.46,0.00,1,79.46,,
2013-09-07,2013-09-07,66e8d157-69fe-4b0f-b5dd-969ab39274b9,b1c428d6-4f07-31e0-90f0-68ffa6ff8c76,aa566a72-e1e8-4cdd-8494-847d4e35c9e9,1804799,Alteplase 100 MG Injection,6479.80,0.00,1,6479.80,,
1993-06-11,1993-06-11,052a4a89-4458-45a7-88f4-de315526d5bc,b1c428d6-4f07-31e0-90f0-68ffa6ff8c76,5e586dff-50ca-4d42-864f-c3e7d706b891,705129,Nitroglycerin 0.4 MG/ACTUAT Mucosal Spray,97.17,0.00,1,97.17,,
1993-06-11,1993-06-11,052a4a89-4458-45a7-88f4-de315526d5bc,b1c428d6-4f07-31e0-90f0-68ffa6ff8c76,5e586dff-50ca-4d42-864f-c3e7d706b891,833036,Captopril 25 MG Oral Tablet,62.00,0.00,1,62.00,,
2013-11-09,2014-11-15,66e8d157-69fe-4b0f-b5dd-969ab39274b9,b1c428d6-4f07-31e0-90f0-68ffa6ff8c76,c00cb73a-bbf4-434f-98bd-e8fe0db43f3d,897718,Verapamil Hydrochloride 40 MG,45.47,0.00,12,545.64,,
2013-11-09,2014-11-15,66e8d157-69fe-4b0f-b5dd-969ab39274b9,b1c428d6-4f07-31e0-90f0-68ffa6ff8c76,c00cb73a-bbf4-434f-98bd-e8fe0db43f3d,197604,Digoxin 0.125 MG Oral Tablet,85.06,0.00,12,1020.72,,
2013-11-09,2014-11-15,66e8d157-69fe-4b0f-b5dd-969ab39274b9,b1c428d6-4f07-31e0-90f0-68ffa6ff8c76,c00cb73a-bbf4-434f-98bd-e8fe0db43f3d,855332,Warfarin Sodium 5 MG Oral Tablet,34.62,0.00,12,415.44,,
2014-11-15,2015-11-21,66e8d157-69fe-4b0f-b5dd-969ab39274b9,b1c428d6-4f07-31e0-90f0-68ffa6ff8c76,47d59cc2-d1da-46bc-8ed6-ed809f4df4e6,897718,Verapamil Hydrochloride 40 MG,233.35,0.00,12,2800.20,,
2014-11-15,2015-11-21,66e8d157-69fe-4b0f-b5dd-969ab39274b9,b1c428d6-4f07-31e0-90f0-68ffa6ff8c76,47d59cc2-d1da-46bc-8ed6-ed809f4df4e6,197604,Digoxin 0.125 MG Oral Tablet,68.81,0.00,12,825.72,,
2014-11-15,2015-11-21,66e8d157-69fe-4b0f-b5dd-969ab39274b9,b1c428d6-4f07-31e0-90f0-68ffa6ff8c76,47d59cc2-d1da-46bc-8ed6-ed809f4df4e6,855332,Warfarin Sodium 5 MG Oral Tablet,22.18,0.00,12,266.16,,
2015-11-21,2016-11-26,66e8d157-69fe-4b0f-b5dd-969ab39274b9,b1c428d6-4f07-31e0-90f0-68ffa6ff8c76,7b748eb3-bdb0-45a6-b509-a7cd4a0bfd76,897718,Verapamil Hydrochloride 40 MG,19.14,0.00,12,229.68,,
2015-11-21,2016-11-26,66e8d157-69fe-4b0f-b5dd-969ab39274b9,b1c428d6-4f07-31e0-90f0-68ffa6ff8c76,7b748eb3-bdb0-45a6-b509-a7cd4a0bfd76,197604,Digoxin 0.125 MG Oral Tablet,63.24,0.00,12,758.88,,
2015-11-21,2016-11-26,66e8d157-69fe-4b0f-b5dd-969ab39274b9,b1c428d6-4f07-31e0-90f0-68ffa6ff8c76,7b748eb3-bdb0-45a6-b509-a7cd4a0bfd76,855332,Warfarin Sodium 5 MG Oral Tablet,127.08,0.00,12,1524.96,,
2016-11-26,2017-12-02,66e8d157-69fe-4b0f-b5dd-969ab39274b9,b1c428d6-4f07-31e0-90f0-68ffa6ff8c76,d7cceb18-a1f8-438d-b054-c763a7e12829,897718,Verapamil Hydrochloride 40 MG,93.57,0.00,12,1122.84,,
2016-11-26,2017-12-02,66e8d157-69fe-4b0f-b5dd-969ab39274b9,b1c428d6-4f07-31e0-90f0-68ffa6ff8c76,d7cceb18-a1f8-438d-b054-c763a7e12829,197604,Digoxin 0.125 MG Oral Tablet,40.06,0.00,12,480.72,,
2016-11-26,2017-12-02,66e8d157-69fe-4b0f-b5dd-969ab39274b9,b1c428d6-4f07-31e0-90f0-68ffa6ff8c76,d7cceb18-a1f8-438d-b054-c763a7e12829,855332,Warfarin Sodium 5 MG Oral Tablet,12.26,0.00,12,147.12,,
2017-12-02,2018-12-08,66e8d157-69fe-4b0f-b5dd-969ab39274b9,b1c428d6-4f07-31e0-90f0-68ffa6ff8c76,8e0326ac-1ea8-4c33-848a-b439953abd4e,897718,Verapamil Hydrochloride 40 MG,11.99,0.00,12,143.88,,
2017-12-02,2018-12-08,66e8d157-69fe-4b0f-b5dd-969ab39274b9,b1c428d6-4f07-31e0-90f0-68ffa6ff8c76,8e0326ac-1ea8-4c33-848a-b439953abd4e,197604,Digoxin 0.125 MG Oral Tablet,21.81,0.00,12,261.72,,
2017-12-02,2018-12-08,66e8d157-69fe-4b0f-b5dd-969ab39274b9,b1c428d6-4f07-31e0-90f0-68ffa6ff8c76,8e0326ac-1ea8-4c33-848a-b439953abd4e,855332,Warfarin Sodium 5 MG Oral Tablet,161.21,0.00,12,1934.52,,
2018-12-08,2019-12-14,66e8d157-69fe-4b0f-b5dd-969ab39274b9,b1c428d6-4f07-31e0-90f0-68ffa6ff8c76,082992fb-3d04-45cf-8b3e-872e03b61d81,897718,Verapamil Hydrochloride 40 MG,230.13,0.00,12,2761.56,,
2018-12-08,2019-12-14,66e8d157-69fe-4b0f-b5dd-969ab39274b9,b1c428d6-4f07-31e0-90f0-68ffa6ff8c76,082992fb-3d04-45cf-8b3e-872e03b61d81,197604,Digoxin 0.125 MG Oral Tablet,16.98,0.00,12,203.76,,
2018-12-08,2019-12-14,66e8d157-69fe-4b0f-b5dd-969ab39274b9,b1c428d6-4f07-31e0-90f0-68ffa6ff8c76,082992fb-3d04-45cf-8b3e-872e03b61d81,855332,Warfarin Sodium 5 MG Oral Tablet,120.54,0.00,12,1446.48,,
2019-12-14,,66e8d157-69fe-4b0f-b5dd-969ab39274b9,b1c428d6-4f07-31e0-90f0-68ffa6ff8c76,e9e9476f-38ff-47a6-90a4-5c1d1ba9b218,897718,Verapamil Hydrochloride 40 MG,35.36,0.00,3,106.08,,
2019-12-14,,66e8d157-69fe-4b0f-b5dd-969ab39274b9,b1c428d6-4f07-31e0-90f0-68ffa6ff8c76,e9e9476f-38ff-47a6-90a4-5c1d1ba9b218,197604,Digoxin 0.125 MG Oral Tablet,75.28,0.00,3,225.84,,
2019-12-14,,66e8d157-69fe-4b0f-b5dd-969ab39274b9,b1c428d6-4f07-31e0-90f0-68ffa6ff8c76,e9e9476f-38ff-47a6-90a4-5c1d1ba9b218,855332,Warfarin Sodium 5 MG Oral Tablet,22.05,0.00,3,66.15,,
2008-08-01,2008-08-01,1c5d18b8-10de-4052-9b77-8b8d0428915a,b1c428d6-4f07-31e0-90f0-68ffa6ff8c76,7764c9e2-bca1-4cb4-84f1-aba7a8ca7aa7,309362,Clopidogrel 75 MG Oral Tablet,46.59,0.00,1,46.59,,
2008-08-01,2008-08-01,1c5d18b8-10de-4052-9b77-8b8d0428915a,b1c428d6-4f07-31e0-90f0-68ffa6ff8c76,7764c9e2-bca1-4cb4-84f1-aba7a8ca7aa7,312961,Simvastatin 20 MG Oral Tablet,32.37,0.00,1,32.37,,
2008-08-01,2008-08-01,1c5d18b8-10de-4052-9b77-8b8d0428915a,b1c428d6-4f07-31e0-90f0-68ffa6ff8c76,7764c9e2-bca1-4cb4-84f1-aba7a8ca7aa7,197361,Amlodipine 5 MG Oral Tablet,23.28,0.00,1,23.28,,
2008-08-01,2008-08-01,1c5d18b8-10de-4052-9b77-8b8d0428915a,b1c428d6-4f07-31e0-90f0-68ffa6ff8c76,7764c9e2-bca1-4cb4-84f1-aba7a8ca7aa7,705129,Nitroglycerin 0.4 MG/ACTUAT Mucosal Spray,272.10,0.00,1,272.10,,
2008-08-01,2009-08-07,1c5d18b8-10de-4052-9b77-8b8d0428915a,b1c428d6-4f07-31e0-90f0-68ffa6ff8c76,7764c9e2-bca1-4cb4-84f1-aba7a8ca7aa7,309362,Clopidogrel 75 MG Oral Tablet,42.86,0.00,12,514.32,,
2008-08-01,2009-08-07,1c5d18b8-10de-4052-9b77-8b8d0428915a,b1c428d6-4f07-31e0-90f0-68ffa6ff8c76,7764c9e2-bca1-4cb4-84f1-aba7a8ca7aa7,705129,Nitroglycerin 0.4 MG/ACTUAT Mucosal Spray,157.49,0.00,12,1889.88,,
2008-08-01,2009-08-07,1c5d18b8-10de-4052-9b77-8b8d0428915a,b1c428d6-4f07-31e0-90f0-68ffa6ff8c76,7764c9e2-bca1-4cb4-84f1-aba7a8ca7aa7,312961,Simvastatin 20 MG Oral Tablet,9.95,0.00,12,119.40,,
2008-08-01,2009-08-07,1c5d18b8-10de-4052-9b77-8b8d0428915a,b1c428d6-4f07-31e0-90f0-68ffa6ff8c76,7764c9e2-bca1-4cb4-84f1-aba7a8ca7aa7,197361,Amlodipine 5 MG Oral Tablet,21.82,0.00,12,261.84,,
2009-08-07,2010-08-13,1c5d18b8-10de-4052-9b77-8b8d0428915a,b1c428d6-4f07-31e0-90f0-68ffa6ff8c76,8e224dbf-1c8f-4805-9b50-1852510ad8d3,309362,Clopidogrel 75 MG Oral Tablet,38.08,0.00,12,456.96,,
2009-08-07,2010-08-13,1c5d18b8-10de-4052-9b77-8b8d0428915a,b1c428d6-4f07-31e0-90f0-68ffa6ff8c76,8e224dbf-1c8f-4805-9b50-1852510ad8d3,705129,Nitroglycerin 0.4 MG/ACTUAT Mucosal Spray,322.18,0.00,12,3866.16,,
2009-08-07,2010-08-13,1c5d18b8-10de-4052-9b77-8b8d0428915a,b1c428d6-4f07-31e0-90f0-68ffa6ff8c76,8e224dbf-1c8f-4805-9b50-1852510ad8d3,312961,Simvastatin 20 MG Oral Tablet,11.61,0.00,12,139.32,,
2009-08-07,2010-08-13,1c5d18b8-10de-4052-9b77-8b8d0428915a,b1c428d6-4f07-31e0-90f0-68ffa6ff8c76,8e224dbf-1c8f-4805-9b50-1852510ad8d3,197361,Amlodipine 5 MG Oral Tablet,46.53,0.00,12,558.36,,
2010-08-13,2011-08-19,1c5d18b8-10de-4052-9b77-8b8d0428915a,b1c428d6-4f07-31e0-90f0-68ffa6ff8c76,40bc286c-1ec4-4d38-be5b-c9f9aacd4b71,309362,Clopidogrel 75 MG Oral Tablet,67.79,0.00,12,813.48,,
2010-08-13,2011-08-19,1c5d18b8-10de-4052-9b77-8b8d0428915a,b1c428d6-4f07-31e0-90f0-68ffa6ff8c76,40bc286c-1ec4-4d38-be5b-c9f9aacd4b71,705129,Nitroglycerin 0.4 MG/ACTUAT Mucosal Spray,184.32,0.00,12,2211.84,,
2010-08-13,2011-08-19,1c5d18b8-10de-4052-9b77-8b8d0428915a,b1c428d6-4f07-31e0-90f0-68ffa6ff8c76,40bc286c-1ec4-4d38-be5b-c9f9aacd4b71,312961,Simvastatin 20 MG Oral Tablet,40.96,0.00,12,491.52,,
2010-08-13,2011-08-19,1c5d18b8-10de-4052-9b77-8b8d0428915a,b1c428d6-4f07-31e0-90f0-68ffa6ff8c76,40bc286c-1ec4-4d38-be5b-c9f9aacd4b71,197361,Amlodipine 5 MG Oral Tablet,63.89,0.00,12,766.68,,
2011-08-19,2012-08-24,1c5d18b8-10de-4052-9b77-8b8d0428915a,b1c428d6-4f07-31e0-90f0-68ffa6ff8c76,36cf01ab-4e7d-4256-aa27-76f318e50bc4,309362,Clopidogrel 75 MG Oral Tablet,69.85,0.00,12,838.20,,
2011-08-19,2012-08-24,1c5d18b8-10de-4052-9b77-8b8d0428915a,b1c428d6-4f07-31e0-90f0-68ffa6ff8c76,36cf01ab-4e7d-4256-aa27-76f318e50bc4,705129,Nitroglycerin 0.4 MG/ACTUAT Mucosal Spray,101.22,0.00,12,1214.64,,
2011-08-19,2012-08-24,1c5d18b8-10de-4052-9b77-8b8d0428915a,b1c428d6-4f07-31e0-90f0-68ffa6ff8c76,36cf01ab-4e7d-4256-aa27-76f318e50bc4,312961,Simvastatin 20 MG Oral Tablet,17.62,0.00,12,211.44,,
2011-08-19,2012-08-24,1c5d18b8-10de-4052-9b77-8b8d0428915a,b1c428d6-4f07-31e0-90f0-68ffa6ff8c76,36cf01ab-4e7d-4256-aa27-76f318e50bc4,197361,Amlodipine 5 MG Oral Tablet,16.52,0.00,12,198.24,,
2012-08-24,2013-08-30,1c5d18b8-10de-4052-9b77-8b8d0428915a,b1c428d6-4f07-31e0-90f0-68ffa6ff8c76,a1e72cb0-6f88-4332-8d01-03c7c60231f9,309362,Clopidogrel 75 MG Oral Tablet,40.08,0.00,12,480.96,,
2012-08-24,2013-08-30,1c5d18b8-10de-4052-9b77-8b8d0428915a,b1c428d6-4f07-31e0-90f0-68ffa6ff8c76,a1e72cb0-6f88-4332-8d01-03c7c60231f9,705129,Nitroglycerin 0.4 MG/ACTUAT Mucosal Spray,159.59,0.00,12,1915.08,,
2012-08-24,2013-08-30,1c5d18b8-10de-4052-9b77-8b8d0428915a,b1c428d6-4f07-31e0-90f0-68ffa6ff8c76,a1e72cb0-6f88-4332-8d01-03c7c60231f9,312961,Simvastatin 20 MG Oral Tablet,12.73,0.00,12,152.76,,
2012-08-24,2013-08-30,1c5d18b8-10de-4052-9b77-8b8d0428915a,b1c428d6-4f07-31e0-90f0-68ffa6ff8c76,a1e72cb0-6f88-4332-8d01-03c7c60231f9,197361,Amlodipine 5 MG Oral Tablet,53.24,0.00,12,638.88,,
2013-08-30,2014-09-05,1c5d18b8-10de-4052-9b77-8b8d0428915a,b1c428d6-4f07-31e0-90f0-68ffa6ff8c76,db80a1a6-b798-49d1-8486-952e126c802d,309362,Clopidogrel 75 MG Oral Tablet,68.19,0.00,12,818.28,,
2013-08-30,2014-09-05,1c5d18b8-10de-4052-9b77-8b8d0428915a,b1c428d6-4f07-31e0-90f0-68ffa6ff8c76,db80a1a6-b798-49d1-8486-952e126c802d,705129,Nitroglycerin 0.4 MG/ACTUAT Mucosal Spray,223.82,0.00,12,2685.84,,
2013-08-30,2014-09-05,1c5d18b8-10de-4052-9b77-8b8d0428915a,b1c428d6-4f07-31e0-90f0-68ffa6ff8c76,db80a1a6-b798-49d1-8486-952e126c802d,312961,Simvastatin 20 MG Oral Tablet,15.81,0.00,12,189.72,,
2013-08-30,2014-09-05,1c5d18b8-10de-4052-9b77-8b8d0428915a,b1c428d6-4f07-31e0-90f0-68ffa6ff8c76,db80a1a6-b798-49d1-8486-952e126c802d,197361,Amlodipine 5 MG Oral Tablet,48.99,0.00,12,587.88,,
2014-09-05,2015-09-11,1c5d18b8-10de-4052-9b77-8b8d0428915a,b1c428d6-4f07-31e0-90f0-68ffa6ff8c76,5c7df9de-6fd0-4776-80b5-e58f46962cb1,309362,Clopidogrel 75 MG Oral Tablet,85.34,0.00,12,1024.08,,
2014-09-05,2015-09-11,1c5d18b8-10de-4052-9b77-8b8d0428915a,b1c428d6-4f07-31e0-90f0-68ffa6ff8c76,5c7df9de-6fd0-4776-80b5-e58f46962cb1,705129,Nitroglycerin 0.4 MG/ACTUAT Mucosal Spray,131.61,0.00,12,1579.32,,
2014-09-05,2015-09-11,1c5d18b8-10de-4052-9b77-8b8d0428915a,b1c428d6-4f07-31e0-90f0-68ffa6ff8c76,5c7df9de-6fd0-4776-80b5-e58f46962cb1,312961,Simvastatin 20 MG Oral Tablet,6.59,0.00,12,79.08,,
2014-09-05,2015-09-11,1c5d18b8-10de-4052-9b77-8b8d0428915a,b1c428d6-4f07-31e0-90f0-68ffa6ff8c76,5c7df9de-6fd0-4776-80b5-e58f46962cb1,197361,Amlodipine 5 MG Oral Tablet,14.80,0.00,12,177.60,,
2015-09-11,2016-09-16,1c5d18b8-10de-4052-9b77-8b8d0428915a,b1c428d6-4f07-31e0-90f0-68ffa6ff8c76,a10c835e-acbc-4f92-ac82-cabdb14ecc35,309362,Clopidogrel 75 MG Oral Tablet,99.82,0.00,12,1197.84,,
2015-09-11,2016-09-16,1c5d18b8-10de-4052-9b77-8b8d0428915a,b1c428d6-4f07-31e0-90f0-68ffa6ff8c76,a10c835e-acbc-4f92-ac82-cabdb14ecc35,705129,Nitroglycerin 0.4 MG/ACTUAT Mucosal Spray,131.31,0.00,12,1575.72,,
2015-09-11,2016-09-16,1c5d18b8-10de-4052-9b77-8b8d0428915a,b1c428d6-4f07-31e0-90f0-68ffa6ff8c76,a10c835e-acbc-4f92-ac82-cabdb14ecc35,312961,Simvastatin 20 MG Oral Tablet,20.57,0.00,12,246.84,,
2015-09-11,2016-09-16,1c5d18b8-10de-4052-9b77-8b8d0428915a,b1c428d6-4f07-31e0-90f0-68ffa6ff8c76,a10c835e-acbc-4f92-ac82-cabdb14ecc35,197361,Amlodipine 5 MG Oral Tablet,73.58,0.00,12,882.96,,
2016-09-16,2017-09-22,1c5d18b8-10de-4052-9b77-8b8d0428915a,b1c428d6-4f07-31e0-90f0-68ffa6ff8c76,6937d6dc-fbe0-4c30-b564-13f52890918e,309362,Clopidogrel 75 MG Oral Tablet,99.62,0.00,12,1195.44,,
2016-09-16,2017-09-22,1c5d18b8-10de-4052-9b77-8b8d0428915a,b1c428d6-4f07-31e0-90f0-68ffa6ff8c76,6937d6dc-fbe0-4c30-b564-13f52890918e,705129,Nitroglycerin 0.4 MG/ACTUAT Mucosal Spray,105.89,0.00,12,1270.68,,
2016-09-16,2017-09-22,1c5d18b8-10de-4052-9b77-8b8d0428915a,b1c428d6-4f07-31e0-90f0-68ffa6ff8c76,6937d6dc-fbe0-4c30-b564-13f52890918e,312961,Simvastatin 20 MG Oral Tablet,20.77,0.00,12,249.24,,
2016-09-16,2017-09-22,1c5d18b8-10de-4052-9b77-8b8d0428915a,b1c428d6-4f07-31e0-90f0-68ffa6ff8c76,6937d6dc-fbe0-4c30-b564-13f52890918e,197361,Amlodipine 5 MG Oral Tablet,30.80,0.00,12,369.60,,
2017-09-22,2018-09-28,1c5d18b8-10de-4052-9b77-8b8d0428915a,b1c428d6-4f07-31e0-90f0-68ffa6ff8c76,651a6e99-bceb-4a07-a15a-8ef69aa197da,309362,Clopidogrel 75 MG Oral Tablet,97.91,0.00,12,1174.92,,
2017-09-22,2018-09-28,1c5d18b8-10de-4052-9b77-8b8d0428915a,b1c428d6-4f07-31e0-90f0-68ffa6ff8c76,651a6e99-bceb-4a07-a15a-8ef69aa197da,705129,Nitroglycerin 0.4 MG/ACTUAT Mucosal Spray,43.05,0.00,12,516.60,,
2017-09-22,2018-09-28,1c5d18b8-10de-4052-9b77-8b8d0428915a,b1c428d6-4f07-31e0-90f0-68ffa6ff8c76,651a6e99-bceb-4a07-a15a-8ef69aa197da,312961,Simvastatin 20 MG Oral Tablet,5.85,0.00,12,70.20,,
2017-09-22,2018-09-28,1c5d18b8-10de-4052-9b77-8b8d0428915a,b1c428d6-4f07-31e0-90f0-68ffa6ff8c76,651a6e99-bceb-4a07-a15a-8ef69aa197da,197361,Amlodipine 5 MG Oral Tablet,60.24,0.00,12,722.88,,
2018-09-28,2019-10-04,1c5d18b8-10de-4052-9b77-8b8d0428915a,b1c428d6-4f07-31e0-90f0-68ffa6ff8c76,089f697e-6812-4c21-aa2d-aaaf5dcfb0cf,309362,Clopidogrel 75 MG Oral Tablet,41.80,0.00,12,501.60,,
2018-09-28,2019-10-04,1c5d18b8-10de-4052-9b77-8b8d0428915a,b1c428d6-4f07-31e0-90f0-68ffa6ff8c76,089f697e-6812-4c21-aa2d-aaaf5dcfb0cf,705129,Nitroglycerin 0.4 MG/ACTUAT Mucosal Spray,63.87,0.00,12,766.44,,
2018-09-28,2019-10-04,1c5d18b8-10de-4052-9b77-8b8d0428915a,b1c428d6-4f07-31e0-90f0-68ffa6ff8c76,089f697e-6812-4c21-aa2d-aaaf5dcfb0cf,312961,Simvastatin 20 MG Oral Tablet,48.36,0.00,12,580.32,,
2018-09-28,2019-10-04,1c5d18b8-10de-4052-9b77-8b8d0428915a,b1c428d6-4f07-31e0-90f0-68ffa6ff8c76,089f697e-6812-4c21-aa2d-aaaf5dcfb0cf,197361,Amlodipine 5 MG Oral Tablet,10.50,0.00,12,126.00,,
2019-10-04,,1c5d18b8-10de-4052-9b77-8b8d0428915a,b1c428d6-4f07-31e0-90f0-68ffa6ff8c76,9dc2dbb5-c5f5-4ec6-af19-c9fc129e8a7b,309362,Clopidogrel 75 MG Oral Tablet,91.94,0.00,5,459.70,,
2019-10-04,,1c5d18b8-10de-4052-9b77-8b8d0428915a,b1c428d6-4f07-31e0-90f0-68ffa6ff8c76,9dc2dbb5-c5f5-4ec6-af19-c9fc129e8a7b,705129,Nitroglycerin 0.4 MG/ACTUAT Mucosal Spray,19.56,0.00,5,97.80,,
2019-10-04,,1c5d18b8-10de-4052-9b77-8b8d0428915a,b1c428d6-4f07-31e0-90f0-68ffa6ff8c76,9dc2dbb5-c5f5-4ec6-af19-c9fc129e8a7b,312961,Simvastatin 20 MG Oral Tablet,44.15,0.00,5,220.75,,
2019-10-04,,1c5d18b8-10de-4052-9b77-8b8d0428915a,b1c428d6-4f07-31e0-90f0-68ffa6ff8c76,9dc2dbb5-c5f5-4ec6-af19-c9fc129e8a7b,197361,Amlodipine 5 MG Oral Tablet,10.94,0.00,5,54.70,,
