Id,BIRTHDATE,DEATHDATE,SSN,DRIVERS,PASSPORT,PREFIX,FIRST,LAST,SUFFIX,MAIDEN,MARITAL,RACE,ETHNICITY,GENDER,BIRTHPLACE,ADDRESS,CITY,STATE,COUNTY,ZIP,LAT,LON,HEALTHCARE_EXPENSES,HEALTHCARE_COVERAGE
b40b7e0c-ba64-48ba-b372-04b7895c075f,2015-12-10,,999-26-8910,,,,Kastriot,Kirkanen,,,,white,nonhispanic,M,Helsinki  Uusimaa  FI,505 Alava Katu Apt 77,Hyvinkää,Uusimaa,Hyvinkää,05820,60.600763137766194,24.823253679377626,1625.0,0.0
bfc38864-f8e0-423c-ac88-872dd496f006,2006-09-17,,999-20-4214,,,,Raine,Kolkkinen,,,,white,nonhispanic,M,Kerava  Uusimaa  FI,1029 Kaila Katu,Helsinki,Uusimaa,Helsinki,00250,60.25165329252764,24.90626529703838,2750.0,0.0
e8e40536-a74d-4320-89d9-c88f3eb2da2e,1996-03-19,,999-46-1396,S99994420,X11107770X,Ms.,Ellamari,Fogelberg,,,,white,nonhispanic,F,Kerava  Uusimaa  FI,378 Yli-Olli Katu,Vantaa,Uusimaa,Vantaa,01650,60.24441330569862,24.855841917296452,3625.0,0.0
5fb0f1d7-24b3-4ce2-a541-9bba99e9fbcf,2008-08-24,,999-38-6850,,,,Mari-Helen,Mannermaa,,,,white,nonhispanic,F,Helsinki  Uusimaa  FI,761 Ma Katu,Helsinki,Uusimaa,Helsinki,00990,60.205845669120286,24.83815205744805,2500.0,0.0
7fab4f2e-74b7-4d5e-b044-4b5b24ef2c18,1995-09-15,,999-37-1770,S99938453,X43958763X,Mr.,Even,Oksama,,,,white,nonhispanic,M,Helsinki  Uusimaa  FI,927 Linderoos Katu,Helsinki,Uusimaa,Helsinki,00340,60.22157065905574,25.088062656529235,3625.0,0.0
8711370d-db7f-4486-9eff-0b3ddeebaa04,1984-04-08,,999-18-5109,S99939388,X33199567X,Mrs.,Hanne-Maaria,Eskman,,Mast,M,white,nonhispanic,F,Kauniainen  Uusimaa  FI,364 Pajanen Katu,Helsinki,Uusimaa,Helsinki,00120,60.187698070227604,25.135725081709996,4125.0,0.0
d21de25f-29e0-4167-b2a8-d3a9f4a04c26,1973-06-21,,999-40-8733,S99929925,X13148721X,Ms.,Roza,Nyblin,,,S,white,nonhispanic,F,Espoo  Uusimaa  FI,1063 Holmnäs Katu Unit 93,Sipoo,Uusimaa,Sipoo,01190,60.40758666601108,25.216015306014654,4750.0,0.0
e7661303-74ae-43c5-945b-c5690dc41905,1998-09-24,,999-66-8122,S99932288,X48809635X,Mr.,Ludvik,Rokkila,,,,white,nonhispanic,M,Vantaa  Uusimaa  FI,247 Tahkokallio Katu Apt 85,Helsinki,Uusimaa,Helsinki,00890,60.25694661461256,25.003021943936425,3500.0,0.0
256c067d-13df-401e-bec7-2896d5ab3704,1984-12-02,,999-98-6788,S99954768,X78588305X,Mrs.,Arja-Terttu,Angeli,,Aunala,M,white,nonhispanic,F,Helsinki  Uusimaa  FI,426 Lehtimäki Katu,Vantaa,Uusimaa,Vantaa,01630,60.24632032163115,24.75707848782279,4125.0,0.0
dc70bcc5-e908-4e9f-8e5b-048dedc8c2e5,1988-03-22,,999-79-2628,S99932526,X37075606X,Ms.,Anida,Savusalo,,,S,white,nonhispanic,F,Espoo  Uusimaa  FI,489 Helkamäki Katu Apt 80,Espoo,Uusimaa,Espoo,02130,60.19824948213614,24.762382954834564,4000.0,0.0
e41d966f-8935-4ed1-87b4-d368159bedbe,1957-04-01,,999-60-9538,S99964022,X21008063X,Mr.,Petr,Pötsönen,,,M,white,nonhispanic,M,Helsinki  Uusimaa  FI,403 Saranen Katu,Helsinki,Uusimaa,Helsinki,00240,60.20356274527487,24.91702452932791,6500.0,0.0
b20b241e-7a67-4eb5-947f-6d51c986dd88,1985-12-07,,999-98-3125,S99979223,X84922750X,Mr.,Joni-Petri,Valpola,,,M,white,nonhispanic,M,Helsinki  Uusimaa  FI,202 Olkoniemi Katu,Helsinki,Uusimaa,Helsinki,00730,60.21557455248212,25.027590333752926,4125.0,0.0
db0b75b8-3c27-41b0-a9e5-a5c461e45121,2018-10-07,,999-58-8931,,,,Jaanus,Hiirsalmi,,,,white,nonhispanic,M,Helsinki  Uusimaa  FI,726 Grägg Katu,Vantaa,Uusimaa,Vantaa,01680,60.2468258863537,24.88529565358968,875.0,0.0
8b65828e-ac4e-405b-92c9-3e2f6d62434f,1950-08-21,,999-98-8464,S99979720,X13873998X,Mrs.,Tuutikki,Nixholm,,Helistö,M,white,nonhispanic,F,Hyvinkää  Uusimaa  FI,959 Nuorala Katu,Helsinki,Uusimaa,Helsinki,00640,60.236776951436674,25.075179846413192,7375.0,0.0
5ac7d6df-035e-4c8d-889c-20da751da793,2012-05-31,,999-60-9071,,,,Izabel,Silanen,,,,white,nonhispanic,F,Vantaa  Uusimaa  FI,605 Somervuo Katu Apt 13,Kauniainen,Uusimaa,Kauniainen,02700,60.214656672763944,24.66825620308727,2000.0,0.0
4e598678-f34b-46b5-9d32-c82c423e6f3f,1993-09-28,,999-58-2299,S99971327,X28047366X,Mr.,Roni-Petteri,Haxhiu,,,,white,nonhispanic,M,Helsinki  Uusimaa  FI,411 Savinainen Katu,Helsinki,Uusimaa,Helsinki,00740,60.15748591682187,24.98739471847795,3750.0,0.0
d957b3b7-79cb-4891-954c-611f580dd620,1992-04-07,,999-96-4077,S99960392,X19677331X,Mrs.,Milla-Riina,Steinberg,,Kiviranta,M,white,nonhispanic,F,Helsinki  Uusimaa  FI,1036 Vahvelainen Katu,Helsinki,Uusimaa,Helsinki,00790,60.298820719464906,24.97577249855006,3750.0,0.0
fc8d7185-69e9-4f9c-b696-ccda7b6a75ca,1986-03-29,,999-11-2339,S99935298,X89581050X,Mrs.,Rose-Marie,Torpström,,Sinko,M,white,nonhispanic,F,Helsinki  Uusimaa  FI,414 Etholén Katu Unit 11,Helsinki,Uusimaa,Helsinki,00120,60.15460480908496,24.931978733442026,4000.0,0.0
c5acf137-e59e-4582-b4e4-f3efc316cea7,1948-10-04,,999-65-5996,S99967062,X61858819X,Mr.,Cecil,Kuurola,,,S,white,nonhispanic,M,Hyvinkää  Uusimaa  FI,584 Upola Katu Suite 1,Espoo,Uusimaa,Espoo,02610,60.22834755174189,24.812185493882065,21474.17,0.0
bb359d58-8776-4ddf-8ed9-f94b2126f7b7,1996-01-24,,999-36-6656,S99942623,X41497990X,Mr.,Saveli,Storrank,,,,white,nonhispanic,M,Kauniainen  Uusimaa  FI,440 Waltzer Katu,Espoo,Uusimaa,Espoo,02200,60.187872509826036,24.673905270660022,3625.0,0.0
3e2ab5f0-557a-4234-a303-3143738210ed,1976-10-31,,999-50-1070,S99936320,X73219983X,Mrs.,Liivia,Rantakallio,,Hostila,M,white,nonhispanic,F,Kirkkonummi  Uusimaa  FI,200 Maanpää Katu,Espoo,Uusimaa,Espoo,02940,60.16400481582959,24.75399701011493,4500.0,0.0
d31bcf96-9508-4b70-b6ff-61f520ec2ddf,1991-11-30,,999-91-1549,S99990324,X23037995X,Mr.,Pekka-Juhani,Hopeakivi,,,M,white,nonhispanic,M,Helsinki  Uusimaa  FI,100 Oravala Katu,Vantaa,Uusimaa,Vantaa,01680,60.35595689254132,24.98624695000435,3875.0,0.0
7379676f-f530-47be-8d3c-4f579ba7fc89,1998-11-24,,999-50-6095,S99974538,X29456998X,Mr.,Sami-Mikael,Freundlich,,,,white,nonhispanic,M,Hyvinkää  Uusimaa  FI,1029 Thessler Katu,Helsinki,Uusimaa,Helsinki,00590,60.2310039650541,25.04732278893491,3500.0,0.0
a3afacfe-b6d2-4a0d-adeb-d7fa6cf7848d,1944-06-20,,999-21-5629,S99971877,X37969690X,Mr.,Pietari,Svensberg,,,M,white,nonhispanic,M,Porvoo  Uusimaa  FI,505 Vallenius Katu,Helsinki,Uusimaa,Helsinki,00520,60.18870247441061,25.067712100943982,8986.41,0.0
d0551b55-2102-488e-8dc7-d1ec69a15615,1962-04-02,,999-76-2165,S99991018,X57603042X,Mrs.,Lassentytär,Vuorema,,Aksela,M,white,nonhispanic,F,Espoo  Uusimaa  FI,1081 Wihinen Katu,Hyvinkää,Uusimaa,Hyvinkää,05720,60.582982995547596,24.874237816096144,5875.0,0.0
f1735e75-440f-4f3d-a150-3276098afcc1,1966-09-09,,999-80-5128,S99997346,X41501700X,Mrs.,Anielka,von Koch,,Rinta-Kanto,M,white,nonhispanic,F,Espoo  Uusimaa  FI,929 Vehka-aho Katu Suite 39,Helsinki,Uusimaa,Helsinki,00690,60.168349803238705,24.94275861636183,5375.0,0.0
a746fde4-29e5-4f09-b09b-47f46f2f701b,2001-01-19,,999-57-1421,S99966356,,Ms.,Saana-Maria,Kemola,,,,white,nonhispanic,F,Helsinki  Uusimaa  FI,913 Heinonen Katu Apt 29,Helsinki,Uusimaa,Helsinki,00340,60.26216551933843,24.88408293213588,3375.0,0.0
615c8945-4b3e-4fac-aaff-1a9170cb9c21,1928-01-13,,999-70-8881,S99950861,X32454957X,Mrs.,Nadja,Lommi,,Maskulin,M,white,nonhispanic,F,Vantaa  Uusimaa  FI,969 Menna Katu,Helsinki,Uusimaa,Helsinki,00570,60.23848888299079,25.00089533866101,10125.0,0.0
80aa3919-6c26-4f93-a855-45ecd2beaaf2,2004-10-06,,999-60-3699,,,,Margalit,Tarpio,,,,white,nonhispanic,F,Espoo  Uusimaa  FI,757 Ylivainio Katu,Vantaa,Uusimaa,Vantaa,01520,60.20837836039852,24.85048893817674,3000.0,0.0
b05ccf1c-0823-47a4-9c19-7b6ca992141c,1993-08-13,,999-47-8471,S99918061,X31217056X,Mr.,Spencer,Hepolehto,,,,white,nonhispanic,M,Espoo  Uusimaa  FI,936 Halttula Katu Unit 53,Helsinki,Uusimaa,Helsinki,00130,60.23996301498907,24.94894525167962,3750.0,0.0
31be7612-e20a-49f8-847c-fd35bd4286a5,1992-11-21,,999-82-8152,S99921461,X56278338X,Mr.,Florian,Siltaoja,,,M,white,nonhispanic,M,Espoo  Uusimaa  FI,361 Oskarsson Katu,Helsinki,Uusimaa,Helsinki,00310,60.17673055448187,24.965255926889853,3750.0,0.0
651a3e0e-4620-458b-a46e-1f3684a57f1b,1974-12-21,,999-63-6780,S99965625,X71273906X,Mrs.,Eja,Ünal,,Janné,M,white,nonhispanic,F,Karkkila  Uusimaa  FI,768 Viitasalo Katu,Espoo,Uusimaa,Espoo,02250,60.232456128917185,24.8112824841802,5119.75,0.0
b82a8170-f45b-4e91-9699-434d1870e802,2003-03-10,,999-14-6900,S99937077,,,Öyvind,Vilén,,,,white,nonhispanic,M,Helsinki  Uusimaa  FI,564 Suojama Katu Apt 12,Espoo,Uusimaa,Espoo,02810,60.230773200273525,24.823974911726825,3125.0,0.0
eaacd780-c147-43a7-adf1-6f410cb68f59,2006-06-21,,999-14-1574,,,,Sirene,Linnavirta,,,,white,nonhispanic,F,Helsinki  Uusimaa  FI,152 Liljekvist Katu Apt 42,Helsinki,Uusimaa,Helsinki,00920,60.22066520491564,24.920263635794893,2750.0,0.0
8f2ded9d-82ee-4456-b274-a749d241f741,1960-08-31,,999-46-1390,S99971984,X21378097X,Mr.,Juhamatti,Seuri,,,M,white,nonhispanic,M,Helsinki  Uusimaa  FI,221 Walve Katu,Espoo,Uusimaa,Espoo,02860,60.15578917679406,24.804641022186203,8713.91,0.0
01ffe803-177c-48af-b0b2-8266babde5bf,2008-06-03,,999-41-3920,,,,Lars-Peter,Willner,,,,white,nonhispanic,M,Hyvinkää  Uusimaa  FI,454 Vieri Katu,Vantaa,Uusimaa,Vantaa,01530,60.34852654413201,25.061295122143672,2500.0,0.0
1ebe88ab-462d-44d3-ba2e-d5340ee640af,1982-01-26,,999-82-9517,S99976969,X14773238X,Mr.,Tero-Matti,Jokipaltio,,,M,white,nonhispanic,M,Helsinki  Uusimaa  FI,659 Grönbacka Katu,Vantaa,Uusimaa,Vantaa,01770,60.34194395259124,25.16247576331862,4515.65,0.0
f5f12e6a-6539-47b9-bc55-73930efc61b7,1956-04-24,,999-29-6932,S99918537,X36657806X,Mr.,Andrzej,Pärhä,,,M,white,nonhispanic,M,Vantaa  Uusimaa  FI,245 Kosomaa Katu Unit 89,Kirkkonummi,Uusimaa,Kirkkonummi,02550,60.10096432273535,24.50313611553907,6811.95,0.0
1b8af351-f60d-41c6-b882-2dec5bc910aa,2017-07-02,,999-27-4438,,,,Noura,Vanhainen,,,,white,nonhispanic,F,Helsinki  Uusimaa  FI,1061 Saaranluoma Katu,Helsinki,Uusimaa,Helsinki,00400,60.17168472624286,24.950443303122498,1250.0,0.0
5249b814-e87c-408e-9237-f6e92a12b7b2,1989-02-18,,999-69-2852,S99992542,X51109095X,Mr.,Teppana,Maunuvaara,,,S,white,nonhispanic,M,Vantaa  Uusimaa  FI,163 Madekivi Katu,Helsinki,Uusimaa,Helsinki,00670,60.18058012249871,24.937512299038396,3875.0,0.0
61dd3476-5853-4a05-a6c9-4b4b692948e8,2011-08-25,,999-73-3468,,,,Erkki-Juhani,Larma,,,,white,nonhispanic,M,Tuusula  Uusimaa  FI,865 Karosvuo Katu,Helsinki,Uusimaa,Helsinki,00860,60.27535293552179,25.08555008231913,2125.0,0.0
198dffb9-aa2f-4e1e-9534-46ff4390e48d,1962-08-23,1995-02-23,999-22-1783,S99953217,X46357541X,Mr.,Dion,Luhtalampi,,,M,white,nonhispanic,M,Helsinki  Uusimaa  FI,188 Humalajoki Katu Apt 45,Helsinki,Uusimaa,Helsinki,00120,60.19500592403773,25.107092538450576,10023.87,0.0
9d4215b6-9680-48ec-86e2-5c48e7be5d94,1989-11-12,,999-98-5569,S99979324,X1296107X,Mrs.,Hai,Koskela-Koivisto,,Mannerheimo,M,white,nonhispanic,F,Nice  Provence-Alpes-Cote d'Azur  FR,515 Taisto Katu,Helsinki,Uusimaa,Helsinki,00870,60.19854375275639,24.95088681642379,3875.0,0.0
184ffea4-2ca1-4ad7-8045-61ffb90bcf25,1950-08-04,,999-90-3214,S99940250,X21214021X,Mr.,Ville-Markus,Levonen,,,M,white,nonhispanic,M,Vihti  Uusimaa  FI,149 Rantti Katu,Helsinki,Uusimaa,Helsinki,00400,60.18206876078243,24.99448978893945,7375.0,0.0
baf58f5c-37eb-4e19-8c91-1ebe6182b3c2,1989-11-29,,999-12-6761,S99969896,X59775477X,Ms.,Maura,Supinen,,,S,white,nonhispanic,F,Vantaa  Uusimaa  FI,795 Maantila Katu Unit 28,Helsinki,Uusimaa,Helsinki,00940,60.162430625893556,24.942530177064246,3950.0,0.0
7992bbdb-023f-4503-b0da-cc39b8546255,1973-08-14,,999-37-3693,S99973727,X35991446X,Mrs.,Lenny,Puronen,,Kangaskolkka,M,white,nonhispanic,F,Hyvinkää  Uusimaa  FI,938 Sievers Katu,Helsinki,Uusimaa,Helsinki,00320,60.14110700125285,24.952142892239827,4750.0,0.0
a88b192d-fde9-4a3c-b50f-6c955190539c,1984-01-09,,999-82-7460,S99990461,X35916345X,Mr.,Nickolas,Kullbäck,,,M,white,nonhispanic,M,Helsinki  Uusimaa  FI,321 Hernelahti Katu,Helsinki,Uusimaa,Helsinki,00860,60.243641080209144,25.06413147030521,4125.0,0.0
0a231390-6b47-47b5-8cbd-7ce7b363537e,2007-04-30,,999-30-4264,,,,Robinson,Hillukka,,,,white,nonhispanic,M,Helsinki  Uusimaa  FI,777 Jensén Katu,Espoo,Uusimaa,Espoo,02260,60.151056155314976,24.8434614090963,2625.0,0.0
766d947f-a2c8-4ba6-8730-23008b763cac,2009-09-13,,999-11-6240,,,,Leonard,Liehunen,,,,white,nonhispanic,M,Espoo  Uusimaa  FI,314 Remander Katu Suite 21,Vantaa,Uusimaa,Vantaa,01400,60.354376941174195,25.058884832894606,2375.0,0.0
097f6ccc-2fd9-4524-91ae-cf57ed267ba8,2006-11-24,,999-93-6026,,,,Anatole,Kandelberg,,,,white,nonhispanic,M,Helsinki  Uusimaa  FI,687 Hjelt Katu,Helsinki,Uusimaa,Helsinki,00430,60.19662095887033,24.897451233111536,2750.0,0.0
c865f78e-a368-4a7d-90c7-4f4e782a4356,1990-07-31,,999-56-3259,S99920814,X27071944X,Mr.,Basil,Rulja,,,M,white,nonhispanic,M,Helsinki  Uusimaa  FI,565 Mure Katu,Helsinki,Uusimaa,Helsinki,00880,60.17496700462028,24.828537504657984,3875.0,0.0
87d2b722-fae7-47a1-a7e9-016f1794f77d,2010-10-11,,999-12-1845,,,,Rut,Raanti,,,,white,nonhispanic,F,Vantaa  Uusimaa  FI,856 Hietaranta Katu Suite 7,Vantaa,Uusimaa,Vantaa,01700,60.27593928150169,25.00725717910468,2250.0,0.0
90ed9bac-daf2-4008-b43c-5a0016346353,1962-08-23,,999-27-2696,S99966470,X54966166X,Mr.,Sivert,Arfman,,,M,white,nonhispanic,M,Vantaa  Uusimaa  FI,1023 Wiksten Katu Apt 27,Helsinki,Uusimaa,Helsinki,00820,60.22159985424815,25.07027319627812,5875.0,0.0
f1bec903-ae40-4bcb-a19a-122d7a8bd172,2001-10-23,,999-23-7423,S99960232,,Ms.,Emmi-Maria,Kaivolahti,,,,white,nonhispanic,F,Helsinki  Uusimaa  FI,845 Ali-Melkkilä Katu Suite 83,Tuusula,Uusimaa,Tuusula,04310,60.47118936844351,24.947211705801937,3375.0,0.0
edca2e96-67c3-41cc-bacd-4f54fc79e9b0,1940-06-21,,999-32-7338,S99985821,X72088400X,Mr.,Klaus-Erik,Pelkonen,,,M,white,nonhispanic,M,Kerava  Uusimaa  FI,318 Heliste Katu Suite 74,Lapinjärvi,Uusimaa,Lapinjärvi,07810,60.73441928258366,26.254372682982552,8625.0,0.0
467123d9-d166-4f87-a73f-32c57a43fe53,1910-10-16,,999-84-8599,S99942637,X6761755X,Ms.,Saramaria,Ternava,,,S,white,nonhispanic,F,Espoo  Uusimaa  FI,442 Ford Katu Apt 18,Espoo,Uusimaa,Espoo,02260,60.10046291620103,24.678364266896875,18948.88,0.0
506f9b48-3678-419c-a6b8-7679c5f82588,1952-03-01,,999-52-5818,S99929729,X18309274X,Mrs.,Olka,Häkkinen,,Pitkäaho,M,white,nonhispanic,F,Helsinki  Uusimaa  FI,420 Oulujärvi Katu Suite 59,Helsinki,Uusimaa,Helsinki,00330,60.20481886039633,24.862824032232098,7125.0,0.0
d2677fb3-d9ac-4f04-b04b-81841d910318,2015-10-19,,999-36-5911,,,,Lisen,Ericsson,,,,white,nonhispanic,F,Helsinki  Uusimaa  FI,459 Simukka Katu,Sipoo,Uusimaa,Sipoo,01150,60.35660490380181,25.35088397821863,1625.0,0.0
70caf953-7d21-4e65-8879-2679502c2915,1997-12-25,,999-26-4526,S99975890,X43403350X,Ms.,Catariina,Hassan,,,,white,nonhispanic,F,Helsinki  Uusimaa  FI,785 Salojensaari Katu,Espoo,Uusimaa,Espoo,02280,60.25050254035675,24.726308403301722,3625.0,0.0
48a4d4a8-28bc-43af-ac8e-a630f828b69e,1951-04-17,,999-34-7191,S99961389,X2908035X,Mrs.,Marienna,Teder,,Puurtinen,M,white,nonhispanic,F,Hyvinkää  Uusimaa  FI,788 Virkki Katu Suite 69,Helsinki,Uusimaa,Helsinki,00990,60.203556647891155,25.02313019363146,7250.0,0.0
24ce4bba-788c-4314-91c1-f76c4d0a8b86,1991-05-10,,999-62-1362,S99922980,X44931994X,Mr.,Milad,Gauffin,,,M,white,nonhispanic,M,Espoo  Uusimaa  FI,571 Rajapuro Katu Unit 89,Vantaa,Uusimaa,Vantaa,01300,60.30191962478917,24.837336067185458,3875.0,0.0
f0590405-598d-4da0-a4b0-b2667f8ade0d,2006-12-12,,999-12-8796,,,,Anselika,Varjus,,,,white,nonhispanic,F,Helsinki  Uusimaa  FI,931 Rantahalvari Katu Suite 43,Vantaa,Uusimaa,Vantaa,01450,60.31304289483912,25.035180312282744,2750.0,0.0
671ac33d-f712-4a5b-970b-6db135b43dc6,1983-11-07,,999-85-3128,S99964287,X80188343X,Mrs.,Marjo-Hannele,Araneva,,Isokivijärvi,M,white,nonhispanic,F,Helsinki  Uusimaa  FI,299 Sirparanta Katu Unit 16,Espoo,Uusimaa,Espoo,02300,60.18770317731001,24.71092838232353,4125.0,0.0
36e8cc4c-89dc-4759-a73c-85d8ca53730e,1987-05-22,,999-89-4472,S99910507,X36873990X,Mr.,Ernesti,Tavilampi,,,M,white,nonhispanic,M,Tuusula  Uusimaa  FI,426 Orjala Katu Suite 8,Vantaa,Uusimaa,Vantaa,01340,60.290945943237,24.99489079108713,4000.0,0.0
66e8d157-69fe-4b0f-b5dd-969ab39274b9,1960-10-22,,999-77-9974,S99967390,X63011078X,Mr.,Mateus,Nurmilaukas,,,S,white,nonhispanic,M,Mäntsälä  Uusimaa  FI,947 Tenttula Katu Apt 70,Espoo,Uusimaa,Espoo,02250,60.19643009503706,24.72728290322269,15278.4,0.0
052a4a89-4458-45a7-88f4-de315526d5bc,1972-01-21,1993-06-11,999-18-2466,S99939630,X65418485X,Mr.,Ismonpoika,Karkkonen,,,,white,nonhispanic,M,Helsinki  Uusimaa  FI,356 Nelson Katu,Helsinki,Uusimaa,Helsinki,00850,60.20773757557079,24.93712747039662,3784.17,0.0
71946595-db66-40f8-b539-32ff528d11a8,2001-08-06,,999-11-9036,S99916200,,Mr.,Jusa,Viitanen,,,,white,nonhispanic,M,Helsinki  Uusimaa  FI,952 Luodetlahti Katu Unit 74,Vantaa,Uusimaa,Vantaa,01630,60.279384676968775,24.84014320725107,3375.0,0.0
a5471a88-5d70-475a-8108-9a16801f3af8,1977-08-23,,999-98-1874,S99983582,X69483005X,Mr.,Ulf,Patala,,,M,white,nonhispanic,M,Vantaa  Uusimaa  FI,176 Åminne Katu,Helsinki,Uusimaa,Helsinki,00100,60.17459048957679,25.074620440899487,4500.0,0.0
d7996748-1b48-40fe-9ea6-ac96efa7e715,1991-09-10,,999-10-5604,S99945105,X4590679X,Mr.,Lewis,Nikkonen,,,M,white,nonhispanic,M,Helsinki  Uusimaa  FI,327 Yli-Talonen Katu Suite 71,Helsinki,Uusimaa,Helsinki,00770,60.19761226372059,25.023320952940693,4308.78,0.0
ab3c5969-c687-41eb-b174-5ff1967cda23,2003-06-30,,999-73-7343,S99949358,,,Tito,Alasalmi,,,,white,nonhispanic,M,Espoo  Uusimaa  FI,231 Pirttilampi Katu Apt 21,Hyvinkää,Uusimaa,Hyvinkää,05810,60.62719535054719,24.803944629634522,3125.0,0.0
1c5d18b8-10de-4052-9b77-8b8d0428915a,1997-07-18,,999-21-7850,S99959900,X27233069X,Ms.,Ellen,Routamaa,,,,white,nonhispanic,F,Loviisa  Uusimaa  FI,1082 Varvio Katu,Nurmijärvi,Uusimaa,Nurmijärvi,01860,60.534243586174995,24.752354514343867,7276.76,0.0
e9e1af46-1cbd-465c-8014-6920bc8c18c1,1952-05-06,,999-81-6082,S99943693,X37680220X,Mrs.,Scarlett,Östlund,,Mahosenaho,M,white,nonhispanic,F,Vantaa  Uusimaa  FI,378 Kuismin Katu,Porvoo,Uusimaa,Porvoo,07220,60.30979418297467,25.853861455456357,7125.0,0.0
d42ec26f-9026-479c-bdd8-10db280c5a0b,1979-01-24,,999-30-8207,S99925607,X3542039X,Mr.,Jaroslaw,Kyttänen,,,M,white,nonhispanic,M,Helsinki  Uusimaa  FI,1049 Ylikantola Katu,Helsinki,Uusimaa,Helsinki,00390,60.24320320104138,25.098789825208332,4375.0,0.0
fb6a8eb6-b6e8-47c6-be14-236666b9e27c,1972-01-21,,999-92-4373,S99990812,X81943477X,Mr.,Ghazi,Tynskä,MD,,M,white,nonhispanic,M,Tuusula  Uusimaa  FI,782 Leiviskä Katu,Helsinki,Uusimaa,Helsinki,00300,60.26560530556099,24.973543905210864,4875.0,0.0
6b1feff8-00cd-4a54-b11e-604a772cc73b,2006-03-18,,999-17-3459,,,,Liliana,Puistola,,,,white,nonhispanic,F,Lohja  Uusimaa  FI,844 Mildh Katu,Nurmijärvi,Uusimaa,Nurmijärvi,05450,60.34630728142559,24.688821792287268,2750.0,0.0
26a9ab99-5ae5-44aa-8da8-71ce1dcb3f71,1998-04-14,,999-84-2320,S99913983,X89449398X,Mr.,Vidar,Ylä-Jarkko,,,,white,nonhispanic,M,Helsinki  Uusimaa  FI,235 Seppinen Katu,Helsinki,Uusimaa,Helsinki,00340,60.227474497560785,24.907538790873456,3500.0,0.0
1b20c791-5e26-4bf7-8126-e4d5186fb6ef,1968-05-18,,999-35-3719,S99971157,X43924356X,Mr.,Domenico,Metsärinne,,,M,white,nonhispanic,M,Raasepori  Uusimaa  FI,645 Lintula Katu Apt 67,Espoo,Uusimaa,Espoo,02920,60.29294318379298,24.55533898487815,5125.0,0.0
1af8670e-d76f-4f01-a4c4-2a10f9455603,1998-07-12,,999-70-5121,S99910913,X10139207X,Mr.,El,Turpela,,,,white,nonhispanic,M,Helsinki  Uusimaa  FI,474 Romppala Katu Suite 63,Helsinki,Uusimaa,Helsinki,00820,60.23045675848623,24.94190376440304,3500.0,0.0
95f9cd08-ab70-4232-9cce-51ab8e1a4fad,2014-06-23,,999-24-2176,,,,Iina-Riikka,Piispanen,,,,white,nonhispanic,F,Porvoo  Uusimaa  FI,110 Vähä-Pietilä Katu,Järvenpää,Uusimaa,Järvenpää,04460,60.489930393311134,25.015465553593163,1750.0,0.0
2c76d6f1-6644-4e41-96b1-4121818af0df,1948-09-09,,999-75-2115,S99925432,X38057696X,Mrs.,Sunniva,Välimäki,,Langenoja,M,white,nonhispanic,F,Hanko  Uusimaa  FI,558 Enlund Katu,Vihti,Uusimaa,Vihti,03430,60.33227819229065,24.29240761318145,7625.0,0.0
68b2799e-3752-4b09-a278-c1f8734cad75,2019-11-29,,999-63-2461,,,,Jatta,Judén,,,,white,nonhispanic,F,Nurmijärvi  Uusimaa  FI,351 Luolakari Katu Apt 70,Helsinki,Uusimaa,Helsinki,00160,60.1860530616399,24.96395691783163,375.0,0.0
85324224-f3c6-4b86-b63c-77e06717cac8,1957-08-04,,999-19-9136,S99926079,X24129551X,Ms.,Annita,Lipo,,,S,white,nonhispanic,F,Helsinki  Uusimaa  FI,936 Ansio Katu Apt 84,Myrskylä,Uusimaa,Myrskylä,07600,60.650493612699584,25.697856348330333,6500.0,0.0
81bf0415-5c30-4abd-b275-549f1e996d22,1957-01-25,,999-10-9820,S99941071,X77319013X,Mrs.,Talvi,Puolakka,,Riutto,M,white,nonhispanic,F,Espoo  Uusimaa  FI,727 Nuija Katu Apt 5,Loviisa,Uusimaa,Loviisa,07980,60.516427924234286,25.93466415961787,6681.56,0.0
a3c7855c-763c-4e5d-87de-ce21f77a7a52,1976-09-27,,999-51-5381,S99956761,X2511275X,Mrs.,Anni-Eveliina,Pettilä,,Teini,M,white,nonhispanic,F,Vihti  Uusimaa  FI,541 Meriranta Katu Apt 10,Vantaa,Uusimaa,Vantaa,01660,60.238593930610165,24.833220715095994,4500.0,0.0
6849a511-44cd-45e1-b9c5-8fb730985ca5,1973-03-22,,999-23-5238,S99999289,X48012422X,Mr.,Nevzat,Yrttimaa,,,S,white,nonhispanic,M,Kauniainen  Uusimaa  FI,487 Edfelt Katu Apt 53,Kerava,Uusimaa,Kerava,04220,60.3915025371401,25.137172683370334,4750.0,0.0
1c911bbf-886c-4f6b-b9a6-b235d95d5dbd,2000-11-21,,999-23-8227,S99914883,,Ms.,Tiia-Marika,Laxén,,,,white,nonhispanic,F,Tuusula  Uusimaa  FI,725 Tuohisto-Kokko Katu Suite 37,Järvenpää,Uusimaa,Järvenpää,04420,60.47934408529367,25.066092664616917,3500.0,0.0
3c241a88-d2e3-4d10-9138-bc073f79a127,1994-11-19,,999-80-5736,S99955393,X54542231X,Mr.,Khalid,Rokkanen,,,,white,nonhispanic,M,Espoo  Uusimaa  FI,826 Bäckmark Katu,Helsinki,Uusimaa,Helsinki,00780,60.264926141385146,24.945764038352525,4216.65,0.0
5cab9d6f-9a88-4a0f-9959-2cbac8cfa441,2013-01-14,,999-25-9592,,,,Pepita,Keltti,,,,white,nonhispanic,F,Helsinki  Uusimaa  FI,342 Koskue Katu Unit 87,Espoo,Uusimaa,Espoo,02210,60.20275094053165,24.695128249419295,2000.0,0.0
ec238384-d5ac-46c1-b4fd-e42a005e3128,1968-06-09,,999-36-6216,S99971203,X33765405X,Mrs.,Christell,Greijula,MD,Müller,M,white,nonhispanic,F,Kirkkonummi  Uusimaa  FI,1099 Veija Katu Apt 18,Helsinki,Uusimaa,Helsinki,00530,60.19781765530024,24.952350471142243,5125.0,0.0
2c820dae-0ecc-4783-915c-c431e122b377,1976-08-14,,999-70-7547,S99975681,X52149798X,Mr.,Eetu-Oskari,Santamäki,,,M,white,nonhispanic,M,Vantaa  Uusimaa  FI,101 Kasanko Katu,Helsinki,Uusimaa,Helsinki,00350,60.12754122459445,24.884376092113765,4500.0,0.0
fa0bfa7a-a375-40fa-a616-355a7aa47ed4,2011-07-17,,999-32-8124,,,,Jesse-Juhani,Siekkinen,,,,white,nonhispanic,M,Nurmijärvi  Uusimaa  FI,864 Heinonmäki Katu Suite 45,Espoo,Uusimaa,Espoo,02970,60.130180319102216,24.764107374216593,2125.0,0.0
23c58069-aefa-458c-b6e6-b3b317002eb7,1986-10-25,,999-95-5050,S99934954,X25762265X,Mr.,Lloyd,Isotupa,,,M,white,nonhispanic,M,Vantaa  Uusimaa  FI,636 Nurkki Katu Unit 8,Nurmijärvi,Uusimaa,Nurmijärvi,05450,60.57539711044427,24.94284032768093,4000.0,0.0
eee43958-32a3-4952-b853-0c217785e730,1996-09-30,,999-46-3910,S99910324,X7509919X,Ms.,Hanna-Stiina,Notkola,,,,white,nonhispanic,F,Espoo  Uusimaa  FI,629 Sorola Katu,Helsinki,Uusimaa,Helsinki,00530,60.22316580329287,25.083458366231998,3625.0,0.0
2f1dc3b3-9598-407f-8050-feea8613633d,1943-01-05,,999-72-5476,S99983568,X88734991X,Ms.,Salla-Riikka,Seitala,,,S,white,nonhispanic,F,Helsinki  Uusimaa  FI,416 Mäentaus Katu Apt 1,Helsinki,Uusimaa,Helsinki,00740,60.196359056284834,24.85439100120767,8250.0,0.0
abb565e6-fcdd-4484-8ac8-0e9225b56176,1980-08-26,,999-29-6542,S99927980,X20070676X,Mrs.,Sini-Maaret,Frilander,,Ylä-Soini,M,white,nonhispanic,F,Helsinki  Uusimaa  FI,725 Vuorikivi Katu Apt 82,Tuusula,Uusimaa,Tuusula,05430,60.47150274934587,24.99706144552898,4250.0,0.0
93e06054-e379-46ff-bdd7-fa342a7ae5bd,2000-12-26,,999-64-7267,S99969806,,Ms.,Raakeli,Sankila,,,,white,nonhispanic,F,Sipoo  Uusimaa  FI,311 Salem Katu Apt 51,Porvoo,Uusimaa,Porvoo,06100,60.31292447245486,25.680515553969926,3500.0,0.0
2f8923b0-1d99-442f-b417-5bf2e80b206f,1983-01-25,,999-85-2020,S99933168,X17081222X,Mr.,Sidney,Kleimola,,,M,white,nonhispanic,M,Helsinki  Uusimaa  FI,331 Hiekkalinna Katu Unit 65,Helsinki,Uusimaa,Helsinki,00830,60.1692818076077,24.932101621379832,4125.0,0.0
426ae0e0-f0ca-4e26-a69e-0c4355648d93,1959-01-14,,999-89-7376,S99980425,X29323498X,Ms.,Tarjaana,Säisä,,,S,white,nonhispanic,F,Loviisa  Uusimaa  FI,633 Urvanta Katu,Espoo,Uusimaa,Espoo,02240,60.193208150216,24.788183261880242,6250.0,0.0
979db6a8-5651-46ea-88b2-7a79b4483413,1943-11-27,,999-64-5604,S99992669,X32699581X,Ms.,Ann-Helen,Lairi,,,S,white,nonhispanic,F,Kirkkonummi  Uusimaa  FI,766 Åker Katu,Helsinki,Uusimaa,Helsinki,00140,60.20188575298583,24.85661794033291,14627.529999999999,0.0
4a563851-4f82-43f7-bcd6-80e76ac26f31,1971-07-27,,999-99-3018,S99999095,X84043691X,Mrs.,Caterina,Ingerttilä,,Tång,M,white,nonhispanic,F,Helsinki  Uusimaa  FI,585 Pantti Katu Unit 24,Kauniainen,Uusimaa,Kauniainen,02700,60.21721816431189,24.703138243353184,4875.0,0.0
10d01091-b552-4ff3-89a7-77cefea1b91e,1959-04-05,,999-81-6817,S99958915,X66195350X,Mrs.,Miliza,Lainas,,Korhonen,M,white,nonhispanic,F,Vantaa  Uusimaa  FI,286 Soranko Katu Apt 92,Lapinjärvi,Uusimaa,Lapinjärvi,47350,60.53269120464401,26.26032653466339,6250.0,0.0
b74a3c90-826b-4bb2-a708-8cd1133a4df6,1957-07-05,,999-63-6918,S99970330,X68853116X,Mr.,Magnusson,Frantzén,,,S,white,nonhispanic,M,Helsinki  Uusimaa  FI,416 Yläranta Katu Apt 53,Hyvinkää,Uusimaa,Hyvinkää,05950,60.61028044038094,24.928514414485992,6500.0,0.0
