PATIENT,START_YEAR,END_YEAR,PAYER,OWNERSHIP
e8e40536-a74d-4320-89d9-c88f3eb2da2e,1996,2014,e15e7b92-f376-374f-9285-2f59a38ad823,Guardian
7fab4f2e-74b7-4d5e-b044-4b5b24ef2c18,1995,2013,e15e7b92-f376-374f-9285-2f59a38ad823,Guardian
8711370d-db7f-4486-9eff-0b3ddeebaa04,1984,2002,e15e7b92-f376-374f-9285-2f59a38ad823,Guardian
d21de25f-29e0-4167-b2a8-d3a9f4a04c26,1973,1991,e15e7b92-f376-374f-9285-2f59a38ad823,Guardian
256c067d-13df-401e-bec7-2896d5ab3704,1984,2002,e15e7b92-f376-374f-9285-2f59a38ad823,Guardian
e7661303-74ae-43c5-945b-c5690dc41905,1998,2016,e15e7b92-f376-374f-9285-2f59a38ad823,Guardian
dc70bcc5-e908-4e9f-8e5b-048dedc8c2e5,1988,2006,e15e7b92-f376-374f-9285-2f59a38ad823,Guardian
e41d966f-8935-4ed1-87b4-d368159bedbe,1957,1975,e15e7b92-f376-374f-9285-2f59a38ad823,Guardian
b20b241e-7a67-4eb5-947f-6d51c986dd88,1985,2003,e15e7b92-f376-374f-9285-2f59a38ad823,Guardian
8b65828e-ac4e-405b-92c9-3e2f6d62434f,1950,1968,e15e7b92-f376-374f-9285-2f59a38ad823,Guardian
4e598678-f34b-46b5-9d32-c82c423e6f3f,1993,2011,e15e7b92-f376-374f-9285-2f59a38ad823,Guardian
d957b3b7-79cb-4891-954c-611f580dd620,1992,2010,e15e7b92-f376-374f-9285-2f59a38ad823,Guardian
fc8d7185-69e9-4f9c-b696-ccda7b6a75ca,1986,2004,e15e7b92-f376-374f-9285-2f59a38ad823,Guardian
c5acf137-e59e-4582-b4e4-f3efc316cea7,1948,1966,e15e7b92-f376-374f-9285-2f59a38ad823,Guardian
bb359d58-8776-4ddf-8ed9-f94b2126f7b7,1996,2014,e15e7b92-f376-374f-9285-2f59a38ad823,Guardian
3e2ab5f0-557a-4234-a303-3143738210ed,1976,1994,e15e7b92-f376-374f-9285-2f59a38ad823,Guardian
d31bcf96-9508-4b70-b6ff-61f520ec2ddf,1991,2009,e15e7b92-f376-374f-9285-2f59a38ad823,Guardian
7379676f-f530-47be-8d3c-4f579ba7fc89,1998,2016,e15e7b92-f376-374f-9285-2f59a38ad823,Guardian
d0551b55-2102-488e-8dc7-d1ec69a15615,1962,1980,e15e7b92-f376-374f-9285-2f59a38ad823,Guardian
a3afacfe-b6d2-4a0d-adeb-d7fa6cf7848d,1944,1962,e15e7b92-f376-374f-9285-2f59a38ad823,Guardian
f1735e75-440f-4f3d-a150-3276098afcc1,1966,1984,e15e7b92-f376-374f-9285-2f59a38ad823,Guardian
a746fde4-29e5-4f09-b09b-47f46f2f701b,2001,2019,e15e7b92-f376-374f-9285-2f59a38ad823,Guardian
615c8945-4b3e-4fac-aaff-1a9170cb9c21,1928,1946,e15e7b92-f376-374f-9285-2f59a38ad823,Guardian
b05ccf1c-0823-47a4-9c19-7b6ca992141c,1993,2011,e15e7b92-f376-374f-9285-2f59a38ad823,Guardian
31be7612-e20a-49f8-847c-fd35bd4286a5,1992,2010,e15e7b92-f376-374f-9285-2f59a38ad823,Guardian
651a3e0e-4620-458b-a46e-1f3684a57f1b,1974,1992,e15e7b92-f376-374f-9285-2f59a38ad823,Guardian
eaacd780-c147-43a7-adf1-6f410cb68f59,2006,2006,b1c428d6-4f07-31e0-90f0-68ffa6ff8c76,
eaacd780-c147-43a7-adf1-6f410cb68f59,2007,2010,e15e7b92-f376-374f-9285-2f59a38ad823,
eaacd780-c147-43a7-adf1-6f410cb68f59,2011,2015,b1c428d6-4f07-31e0-90f0-68ffa6ff8c76,Guardian
8f2ded9d-82ee-4456-b274-a749d241f741,1960,1978,e15e7b92-f376-374f-9285-2f59a38ad823,Guardian
1ebe88ab-462d-44d3-ba2e-d5340ee640af,1982,2000,e15e7b92-f376-374f-9285-2f59a38ad823,Guardian
f5f12e6a-6539-47b9-bc55-73930efc61b7,1956,1974,e15e7b92-f376-374f-9285-2f59a38ad823,Guardian
5249b814-e87c-408e-9237-f6e92a12b7b2,1989,2007,e15e7b92-f376-374f-9285-2f59a38ad823,Guardian
198dffb9-aa2f-4e1e-9534-46ff4390e48d,1962,1980,e15e7b92-f376-374f-9285-2f59a38ad823,Guardian
9d4215b6-9680-48ec-86e2-5c48e7be5d94,1989,2007,e15e7b92-f376-374f-9285-2f59a38ad823,Guardian
184ffea4-2ca1-4ad7-8045-61ffb90bcf25,1950,1968,e15e7b92-f376-374f-9285-2f59a38ad823,Guardian
baf58f5c-37eb-4e19-8c91-1ebe6182b3c2,1989,2007,e15e7b92-f376-374f-9285-2f59a38ad823,Guardian
7992bbdb-023f-4503-b0da-cc39b8546255,1973,1991,e15e7b92-f376-374f-9285-2f59a38ad823,Guardian
a88b192d-fde9-4a3c-b50f-6c955190539c,1984,2002,e15e7b92-f376-374f-9285-2f59a38ad823,Guardian
c865f78e-a368-4a7d-90c7-4f4e782a4356,1990,2008,e15e7b92-f376-374f-9285-2f59a38ad823,Guardian
90ed9bac-daf2-4008-b43c-5a0016346353,1962,1980,e15e7b92-f376-374f-9285-2f59a38ad823,Guardian
f1bec903-ae40-4bcb-a19a-122d7a8bd172,2001,2019,e15e7b92-f376-374f-9285-2f59a38ad823,Guardian
edca2e96-67c3-41cc-bacd-4f54fc79e9b0,1940,1958,e15e7b92-f376-374f-9285-2f59a38ad823,Guardian
467123d9-d166-4f87-a73f-32c57a43fe53,1910,1928,e15e7b92-f376-374f-9285-2f59a38ad823,Guardian
506f9b48-3678-419c-a6b8-7679c5f82588,1952,1970,e15e7b92-f376-374f-9285-2f59a38ad823,Guardian
70caf953-7d21-4e65-8879-2679502c2915,1997,2015,e15e7b92-f376-374f-9285-2f59a38ad823,Guardian
48a4d4a8-28bc-43af-ac8e-a630f828b69e,1951,1969,e15e7b92-f376-374f-9285-2f59a38ad823,Guardian
24ce4bba-788c-4314-91c1-f76c4d0a8b86,1991,2009,e15e7b92-f376-374f-9285-2f59a38ad823,Guardian
671ac33d-f712-4a5b-970b-6db135b43dc6,1983,2001,e15e7b92-f376-374f-9285-2f59a38ad823,Guardian
36e8cc4c-89dc-4759-a73c-85d8ca53730e,1987,2005,e15e7b92-f376-374f-9285-2f59a38ad823,Guardian
052a4a89-4458-45a7-88f4-de315526d5bc,1972,1990,e15e7b92-f376-374f-9285-2f59a38ad823,Guardian
052a4a89-4458-45a7-88f4-de315526d5bc,1991,1993,e15e7b92-f376-374f-9285-2f59a38ad823,Self
66e8d157-69fe-4b0f-b5dd-969ab39274b9,1960,1978,e15e7b92-f376-374f-9285-2f59a38ad823,Guardian
71946595-db66-40f8-b539-32ff528d11a8,2001,2019,e15e7b92-f376-374f-9285-2f59a38ad823,Guardian
a5471a88-5d70-475a-8108-9a16801f3af8,1977,1995,e15e7b92-f376-374f-9285-2f59a38ad823,Guardian
d7996748-1b48-40fe-9ea6-ac96efa7e715,1991,2009,e15e7b92-f376-374f-9285-2f59a38ad823,Guardian
e9e1af46-1cbd-465c-8014-6920bc8c18c1,1952,1970,e15e7b92-f376-374f-9285-2f59a38ad823,Guardian
1c5d18b8-10de-4052-9b77-8b8d0428915a,1997,2015,e15e7b92-f376-374f-9285-2f59a38ad823,Guardian
d42ec26f-9026-479c-bdd8-10db280c5a0b,1979,1997,e15e7b92-f376-374f-9285-2f59a38ad823,Guardian
fb6a8eb6-b6e8-47c6-be14-236666b9e27c,1972,1990,e15e7b92-f376-374f-9285-2f59a38ad823,Guardian
26a9ab99-5ae5-44aa-8da8-71ce1dcb3f71,1998,2016,e15e7b92-f376-374f-9285-2f59a38ad823,Guardian
1b20c791-5e26-4bf7-8126-e4d5186fb6ef,1968,1986,e15e7b92-f376-374f-9285-2f59a38ad823,Guardian
1af8670e-d76f-4f01-a4c4-2a10f9455603,1998,2016,e15e7b92-f376-374f-9285-2f59a38ad823,Guardian
2c76d6f1-6644-4e41-96b1-4121818af0df,1948,1966,e15e7b92-f376-374f-9285-2f59a38ad823,Guardian
85324224-f3c6-4b86-b63c-77e06717cac8,1957,1975,e15e7b92-f376-374f-9285-2f59a38ad823,Guardian
81bf0415-5c30-4abd-b275-549f1e996d22,1957,1975,e15e7b92-f376-374f-9285-2f59a38ad823,Guardian
a3c7855c-763c-4e5d-87de-ce21f77a7a52,1976,1994,e15e7b92-f376-374f-9285-2f59a38ad823,Guardian
1c911bbf-886c-4f6b-b9a6-b235d95d5dbd,2000,2018,e15e7b92-f376-374f-9285-2f59a38ad823,Guardian
6849a511-44cd-45e1-b9c5-8fb730985ca5,1973,1991,e15e7b92-f376-374f-9285-2f59a38ad823,Guardian
3c241a88-d2e3-4d10-9138-bc073f79a127,1994,2012,e15e7b92-f376-374f-9285-2f59a38ad823,Guardian
ec238384-d5ac-46c1-b4fd-e42a005e3128,1968,1986,e15e7b92-f376-374f-9285-2f59a38ad823,Guardian
2c820dae-0ecc-4783-915c-c431e122b377,1976,1994,e15e7b92-f376-374f-9285-2f59a38ad823,Guardian
23c58069-aefa-458c-b6e6-b3b317002eb7,1986,2004,e15e7b92-f376-374f-9285-2f59a38ad823,Guardian
eee43958-32a3-4952-b853-0c217785e730,1996,2014,e15e7b92-f376-374f-9285-2f59a38ad823,Guardian
2f1dc3b3-9598-407f-8050-feea8613633d,1943,1961,e15e7b92-f376-374f-9285-2f59a38ad823,Guardian
abb565e6-fcdd-4484-8ac8-0e9225b56176,1980,1998,e15e7b92-f376-374f-9285-2f59a38ad823,Guardian
93e06054-e379-46ff-bdd7-fa342a7ae5bd,2000,2018,e15e7b92-f376-374f-9285-2f59a38ad823,Guardian
2f8923b0-1d99-442f-b417-5bf2e80b206f,1983,2001,e15e7b92-f376-374f-9285-2f59a38ad823,Guardian
426ae0e0-f0ca-4e26-a69e-0c4355648d93,1959,1977,e15e7b92-f376-374f-9285-2f59a38ad823,Guardian
979db6a8-5651-46ea-88b2-7a79b4483413,1943,1961,e15e7b92-f376-374f-9285-2f59a38ad823,Guardian
4a563851-4f82-43f7-bcd6-80e76ac26f31,1971,1989,e15e7b92-f376-374f-9285-2f59a38ad823,Guardian
10d01091-b552-4ff3-89a7-77cefea1b91e,1959,1977,e15e7b92-f376-374f-9285-2f59a38ad823,Guardian
b74a3c90-826b-4bb2-a708-8cd1133a4df6,1957,1975,e15e7b92-f376-374f-9285-2f59a38ad823,Guardian
