DATE,PATIENT,ENCOUNTER,CODE,DESCRIPTION,BASE_COST,REASONCODE,REASONDESCRIPTION
2014-07-28,c5acf137-e59e-4582-b4e4-f3efc316cea7,4e4f4f97-71da-479d-844c-f4c11bb7b600,40701008,Echocardiography (procedure),1142.90,230690007,Stroke
2014-07-28,c5acf137-e59e-4582-b4e4-f3efc316cea7,4e4f4f97-71da-479d-844c-f4c11bb7b600,433112001,Percutaneous mechanical thrombectomy of portal vein using fluoroscopic guidance,24231.36,230690007,Stroke
2017-10-31,a3afacfe-b6d2-4a0d-adeb-d7fa6cf7848d,e7c1e0e1-e932-4173-97ca-32159856d1ef,18286008,Catheter ablation of tissue of heart,9569.02,49436004,Atrial Fibrillation
2018-11-06,a3afacfe-b6d2-4a0d-adeb-d7fa6cf7848d,347a9674-da03-4ea8-ae69-1f14cd484675,18286008,Catheter ablation of tissue of heart,12517.68,49436004,Atrial Fibrillation
2019-11-12,a3afacfe-b6d2-4a0d-adeb-d7fa6cf7848d,823e5fe9-2d88-4752-8068-b651ec38870c,180325003,Electrical cardioversion,29758.36,49436004,Atrial Fibrillation
2010-09-01,8f2ded9d-82ee-4456-b274-a749d241f741,4127ade7-f179-41a6-af9e-573acd46bbfd,18286008,Catheter ablation of tissue of heart,9032.06,49436004,Atrial Fibrillation
2011-09-07,8f2ded9d-82ee-4456-b274-a749d241f741,99f553a6-7f79-415c-875d-e579d061ca16,180325003,Electrical cardioversion,32635.95,49436004,Atrial Fibrillation
2012-09-12,8f2ded9d-82ee-4456-b274-a749d241f741,7742e601-c846-4482-bb91-f5bc84294c93,180325003,Electrical cardioversion,33550.93,49436004,Atrial Fibrillation
2013-09-18,8f2ded9d-82ee-4456-b274-a749d241f741,a4fc1d6a-e5b6-4ee6-a0f5-52d1f2ffd5c8,180325003,Electrical cardioversion,18479.92,49436004,Atrial Fibrillation
2014-09-24,8f2ded9d-82ee-4456-b274-a749d241f741,b5c93e58-a63c-4f08-9a66-6606cd70563c,180325003,Electrical cardioversion,23458.22,49436004,Atrial Fibrillation
2015-09-30,8f2ded9d-82ee-4456-b274-a749d241f741,6e99513e-eeeb-4ea7-a608-5e273b3c9aa8,180325003,Electrical cardioversion,28117.72,49436004,Atrial Fibrillation
2016-10-05,8f2ded9d-82ee-4456-b274-a749d241f741,8d09dd9c-5bb7-4cdf-8a54-573474991cfa,180325003,Electrical cardioversion,22166.50,49436004,Atrial Fibrillation
2017-10-11,8f2ded9d-82ee-4456-b274-a749d241f741,ce60ef5b-585b-4082-81b9-76881d578926,180325003,Electrical cardioversion,27115.34,49436004,Atrial Fibrillation
2018-10-17,8f2ded9d-82ee-4456-b274-a749d241f741,672e8733-5718-4f9d-b76b-a9d017a74285,180325003,Electrical cardioversion,17014.05,49436004,Atrial Fibrillation
2019-10-23,8f2ded9d-82ee-4456-b274-a749d241f741,2af2f95d-b3df-40ec-bdb2-fe8ff237dda8,18286008,Catheter ablation of tissue of heart,7456.33,49436004,Atrial Fibrillation
1995-02-23,198dffb9-aa2f-4e1e-9534-46ff4390e48d,c5c3f107-7aea-4a39-be38-1219134c3d62,40701008,Echocardiography (procedure),1426.72,22298006,Myocardial Infarction
1995-02-23,198dffb9-aa2f-4e1e-9534-46ff4390e48d,c5c3f107-7aea-4a39-be38-1219134c3d62,415070008,Percutaneous coronary intervention,40582.22,22298006,Myocardial Infarction
1995-02-23,198dffb9-aa2f-4e1e-9534-46ff4390e48d,c5c3f107-7aea-4a39-be38-1219134c3d62,232717009,Coronary artery bypass grafting,29675.81,22298006,Myocardial Infarction
2010-09-26,467123d9-d166-4f87-a73f-32c57a43fe53,245816be-e623-49cd-9144-3cc6615c5673,40701008,Echocardiography (procedure),458.64,230690007,Stroke
2010-09-26,467123d9-d166-4f87-a73f-32c57a43fe53,245816be-e623-49cd-9144-3cc6615c5673,433112001,Percutaneous mechanical thrombectomy of portal vein using fluoroscopic guidance,21462.99,230690007,Stroke
2010-10-23,66e8d157-69fe-4b0f-b5dd-969ab39274b9,95b17c1a-e3c6-4e27-8f32-3fd893d9ec67,180325003,Electrical cardioversion,27992.28,49436004,Atrial Fibrillation
2011-10-29,66e8d157-69fe-4b0f-b5dd-969ab39274b9,892faa89-82e9-4994-8413-416c157a6948,180325003,Electrical cardioversion,21121.10,49436004,Atrial Fibrillation
2012-11-03,66e8d157-69fe-4b0f-b5dd-969ab39274b9,7512c4d2-135b-45dd-9d63-32de94dcbc96,180325003,Electrical cardioversion,21282.27,49436004,Atrial Fibrillation
2013-09-07,66e8d157-69fe-4b0f-b5dd-969ab39274b9,aa566a72-e1e8-4cdd-8494-847d4e35c9e9,40701008,Echocardiography (procedure),538.03,230690007,Stroke
2013-09-07,66e8d157-69fe-4b0f-b5dd-969ab39274b9,aa566a72-e1e8-4cdd-8494-847d4e35c9e9,433112001,Percutaneous mechanical thrombectomy of portal vein using fluoroscopic guidance,15745.71,230690007,Stroke
1993-06-11,052a4a89-4458-45a7-88f4-de315526d5bc,5e586dff-50ca-4d42-864f-c3e7d706b891,40701008,Echocardiography (procedure),863.58,22298006,Myocardial Infarction
1993-06-11,052a4a89-4458-45a7-88f4-de315526d5bc,5e586dff-50ca-4d42-864f-c3e7d706b891,415070008,Percutaneous coronary intervention,18444.63,22298006,Myocardial Infarction
1993-06-11,052a4a89-4458-45a7-88f4-de315526d5bc,5e586dff-50ca-4d42-864f-c3e7d706b891,232717009,Coronary artery bypass grafting,34089.52,22298006,Myocardial Infarction
2013-11-09,66e8d157-69fe-4b0f-b5dd-969ab39274b9,c00cb73a-bbf4-434f-98bd-e8fe0db43f3d,18286008,Catheter ablation of tissue of heart,7817.36,49436004,Atrial Fibrillation
2014-11-15,66e8d157-69fe-4b0f-b5dd-969ab39274b9,47d59cc2-d1da-46bc-8ed6-ed809f4df4e6,180325003,Electrical cardioversion,30489.88,49436004,Atrial Fibrillation
2015-11-21,66e8d157-69fe-4b0f-b5dd-969ab39274b9,7b748eb3-bdb0-45a6-b509-a7cd4a0bfd76,18286008,Catheter ablation of tissue of heart,9117.78,49436004,Atrial Fibrillation
2016-11-26,66e8d157-69fe-4b0f-b5dd-969ab39274b9,d7cceb18-a1f8-438d-b054-c763a7e12829,180325003,Electrical cardioversion,29455.37,49436004,Atrial Fibrillation
2017-12-02,66e8d157-69fe-4b0f-b5dd-969ab39274b9,8e0326ac-1ea8-4c33-848a-b439953abd4e,180325003,Electrical cardioversion,48141.52,49436004,Atrial Fibrillation
2018-12-08,66e8d157-69fe-4b0f-b5dd-969ab39274b9,082992fb-3d04-45cf-8b3e-872e03b61d81,18286008,Catheter ablation of tissue of heart,9380.41,49436004,Atrial Fibrillation
2019-12-14,66e8d157-69fe-4b0f-b5dd-969ab39274b9,e9e9476f-38ff-47a6-90a4-5c1d1ba9b218,180325003,Electrical cardioversion,35311.83,49436004,Atrial Fibrillation
