Id,ORGANIZATION,NAME,GENDER,SPECIALITY,ADDRESS,CITY,STATE,ZIP,LAT,LON,UTILIZATION
b3eb7b73-c795-35bd-84ba-5b9c6db570d6,319baef9-e8e6-3320-9e0b-7991d9c167b8,Marina Broström,F,GENERAL PRACTICE,Haartmaninkatu 4,Helsinki,18,00290,60.189159,24.909081,2
23754ac3-c414-38a7-873f-c5bf2d3ca708,39010280-b8e5-3b1a-b835-bafbeea21968,Kamila Nur,F,GENERAL PRACTICE,Turuntie 150,Espoo,18,02740,60.22589,24.77581,3
e5a06f5e-e6cc-339f-8620-f71effb59501,7b74aa83-5335-38dd-a213-d6df36c7f627,Vinsentti Suppanen,M,GENERAL PRACTICE,Karvasmäentie 6,Espoo,18,02740,60.22011,24.6848,2
fdeb5f0a-1d65-3536-b790-d32cecb46307,d8b3cbb1-88db-3fc1-bb2b-6a9c0037e6e5,Gunne-Maj Inkeroinen,F,GENERAL PRACTICE,Sairaalantie 1,Porvoo,18,06200,60.37911,25.69576,1
99615c4b-edf4-387b-bd15-384e6bc54bd1,738aef7e-a279-3f65-9dba-fead16b27400,Fridolin Rajaniemi,M,GENERAL PRACTICE,Turuntie 150,Espoo,18,02740,60.22589,24.77581,1214
e1012ba7-d067-3f13-b21a-9193ddbca31c,9a3e6919-4ed0-32fe-a1e2-7184b06c415f,Feeliks Auer,M,GENERAL PRACTICE,Karvasmäentie 6,Espoo,18,02740,60.22011,24.6848,425
33e25a41-18e9-3e7b-8303-812b8ed08d18,a70486b2-c33a-37b3-a4cf-b3dc06cb9d84,Idris Heinäaro,M,GENERAL PRACTICE,Sairaalakatu 1,Vantaa,18,01400,60.3299,25.0608,1262
4660e6a6-5691-3540-af8b-4106f75ab0ce,bf25636d-50a4-3cf2-b937-0e59fd37503f,Marina Broström,F,GENERAL PRACTICE,Sairaalankatu 1,Hyvinkää,18,05830,60.612,24.82486,200
b960a149-3bc2-3d7d-b3e0-e0fca80f47c1,4eddd774-a01b-3a0b-b4c6-736a5581aba4,Viena Sorsakivi,F,GENERAL PRACTICE,Ohkolantie 10,Kellokoski,18,04500,60.53054,25.10548,141
fc37b8d5-1761-37e9-9013-a11208c2df07,942171f0-df04-34cc-9c85-1a11b2f08717,Aurelius Liuski,M,GENERAL PRACTICE,Sairaalatie 8,Lohja,18,08200,60.2247,24.01885,61
85177854-0b15-3295-827f-7db923536c77,216a84b2-6287-356d-9bcf-655abf00debb,Marianna Tuppuri,F,GENERAL PRACTICE,Sairaalantie 1,Porvoo,18,06200,60.37911,25.69576,308
b5dadfd1-5e03-346b-8b34-066daa7c786e,319baef9-e8e6-3320-9e0b-7991d9c167b8,Fridolin Rajaniemi,M,GENERAL PRACTICE,Haartmaninkatu 4,Helsinki,18,00290,60.189159,24.909081,2
31d75eae-ea4c-3bd3-a902-d8e29e443ab2,af916982-f5f8-341b-b159-69e72695294c,Viena Sorsakivi,F,GENERAL PRACTICE,Sairaalakatu 1,Vantaa,18,01400,60.3299,25.0608,2
