START,STOP,PATIENT,ENCOUNTER,CODE,DESCRIPTION
2003-08-31,,75a16056-37c3-4218-acbb-60114230c3e9,31b87421-0102-4545-816c-cee00a5a2f6b,49436004,Atrial Fibrillation
2000-08-14,,46be58ca-a496-442e-8c0e-c85ac1bba0d1,33426729-53af-4c2f-8275-79ae705b070b,53741008,Coronary Heart Disease
2018-10-28,,6db1a3a7-afc7-462d-8f8d-249d8635cb58,1e5cab37-c502-4e0c-b4e1-812919c3b728,53741008,Coronary Heart Disease
1981-12-11,,1c5435e2-2859-475b-8b89-9caa2b838437,ee1e688d-c2cf-4341-9870-d1859562a4d0,53741008,Coronary Heart Disease
2003-12-26,,1c5435e2-2859-475b-8b89-9caa2b838437,17aba0b6-57e1-4b2f-8559-1972ea5e9280,22298006,Myocardial Infarction
2003-12-26,,1c5435e2-2859-475b-8b89-9caa2b838437,17aba0b6-57e1-4b2f-8559-1972ea5e9280,399211009,History of myocardial infarction (situation)
1999-06-27,,2fb0f772-ec7b-4597-b35c-33e23fa5aba5,33e135e8-e210-4ecd-a738-a9132df95f1f,410429000,Cardiac Arrest
1999-06-27,,2fb0f772-ec7b-4597-b35c-33e23fa5aba5,33e135e8-e210-4ecd-a738-a9132df95f1f,429007001,History of cardiac arrest (situation)
1983-10-23,,adc3e2b5-999d-4280-bc96-76a2ef6be120,3f52b547-e0c2-40a8-a066-a04a11d66a44,410429000,Cardiac Arrest
1983-10-23,,adc3e2b5-999d-4280-bc96-76a2ef6be120,3f52b547-e0c2-40a8-a066-a04a11d66a44,429007001,History of cardiac arrest (situation)
1978-02-05,,fd544b0b-b0c9-4e39-9ef9-2bd536a224b2,cbe448d5-fe40-4306-b79b-240c014752c8,410429000,Cardiac Arrest
1978-02-05,,fd544b0b-b0c9-4e39-9ef9-2bd536a224b2,cbe448d5-fe40-4306-b79b-240c014752c8,429007001,History of cardiac arrest (situation)
2006-09-21,,d9714a69-0188-41a6-8029-f45d1b144d18,52d65c77-885f-4331-83a5-43a7b8e9bc8a,230690007,Stroke
1986-03-19,,e4c78b0a-4c64-4037-a396-5e2af70e7f8c,f742ed05-1f27-4775-bfeb-af0644dc8156,53741008,Coronary Heart Disease
2016-08-03,,e4c78b0a-4c64-4037-a396-5e2af70e7f8c,cea0947d-3661-4fb2-b720-a809f16acdbd,22298006,Myocardial Infarction
2016-08-03,,e4c78b0a-4c64-4037-a396-5e2af70e7f8c,cea0947d-3661-4fb2-b720-a809f16acdbd,399211009,History of myocardial infarction (situation)
1996-03-06,,b86b4e8d-f46d-4e9b-a0af-956b4a7bd9b5,dc3e29df-e94e-4f22-b7ff-0475db49a40d,410429000,Cardiac Arrest
1996-03-06,,b86b4e8d-f46d-4e9b-a0af-956b4a7bd9b5,dc3e29df-e94e-4f22-b7ff-0475db49a40d,429007001,History of cardiac arrest (situation)
1978-01-11,,100e458f-ed34-4020-a6b1-12d28874004b,70f73921-1e47-4a34-a751-d8a8e330fb92,230690007,Stroke
1997-05-21,,100e458f-ed34-4020-a6b1-12d28874004b,aaeb8325-c9fc-4df6-8318-48b0b857cee9,49436004,Atrial Fibrillation
1979-06-24,,a186269f-922f-4974-95a9-22f7d594b2bd,f0fae5fe-8d07-4272-aa9e-648beae941d3,53741008,Coronary Heart Disease
2010-05-09,,a186269f-922f-4974-95a9-22f7d594b2bd,e2dfa427-4da8-4879-a95b-f482d6660747,22298006,Myocardial Infarction
2010-05-09,,a186269f-922f-4974-95a9-22f7d594b2bd,e2dfa427-4da8-4879-a95b-f482d6660747,399211009,History of myocardial infarction (situation)
2007-06-17,,31118946-9946-461a-923e-43170fec61ff,ec4edaef-67b3-4cfd-a350-fb2dcce6e2bd,49436004,Atrial Fibrillation
2011-12-02,,b4985bbc-936e-4b01-822d-d7b4a51ba611,b94d83a5-7428-411b-9f7b-73c0952f55e7,53741008,Coronary Heart Disease
2008-12-03,,32f80e03-f6a9-47d6-a55d-abcd5009df23,71d08e64-6cd2-4e17-a3f0-43be9e914c85,49436004,Atrial Fibrillation
