START,STOP,PATIENT,PAYER,ENCOUNTER,CODE,DESCRIPTION,BASE_COST,PAYER_COVERAGE,DISPENSES,TOTALCOST,REASONCODE,REASONDESCRIPTION
2003-08-31,,75a16056-37c3-4218-acbb-60114230c3e9,b1c428d6-4f07-31e0-90f0-68ffa6ff8c76,31b87421-0102-4545-816c-cee00a5a2f6b,855332,Warfarin Sodium 5 MG Oral Tablet,41.31,0.00,201,8303.31,,
2003-08-31,,75a16056-37c3-4218-acbb-60114230c3e9,b1c428d6-4f07-31e0-90f0-68ffa6ff8c76,31b87421-0102-4545-816c-cee00a5a2f6b,897718,Verapamil Hydrochloride 40 MG,63.17,0.00,201,12697.17,,
2003-08-31,,75a16056-37c3-4218-acbb-60114230c3e9,b1c428d6-4f07-31e0-90f0-68ffa6ff8c76,31b87421-0102-4545-816c-cee00a5a2f6b,197604,Digoxin 0.125 MG Oral Tablet,95.60,0.00,201,19215.60,,
2000-08-14,,46be58ca-a496-442e-8c0e-c85ac1bba0d1,b1c428d6-4f07-31e0-90f0-68ffa6ff8c76,33426729-53af-4c2f-8275-79ae705b070b,309362,Clopidogrel 75 MG Oral Tablet,131.36,0.00,238,31263.68,,
2000-08-14,,46be58ca-a496-442e-8c0e-c85ac1bba0d1,b1c428d6-4f07-31e0-90f0-68ffa6ff8c76,33426729-53af-4c2f-8275-79ae705b070b,312961,Simvastatin 20 MG Oral Tablet,18.53,0.00,238,4410.14,,
2000-08-14,,46be58ca-a496-442e-8c0e-c85ac1bba0d1,b1c428d6-4f07-31e0-90f0-68ffa6ff8c76,33426729-53af-4c2f-8275-79ae705b070b,197361,Amlodipine 5 MG Oral Tablet,11.34,0.00,238,2698.92,,
2000-08-14,,46be58ca-a496-442e-8c0e-c85ac1bba0d1,b1c428d6-4f07-31e0-90f0-68ffa6ff8c76,33426729-53af-4c2f-8275-79ae705b070b,705129,Nitroglycerin 0.4 MG/ACTUAT Mucosal Spray,34.82,0.00,238,8287.16,,
2018-10-28,,6db1a3a7-afc7-462d-8f8d-249d8635cb58,b1c428d6-4f07-31e0-90f0-68ffa6ff8c76,1e5cab37-c502-4e0c-b4e1-812919c3b728,309362,Clopidogrel 75 MG Oral Tablet,28.82,0.00,16,461.12,,
2018-10-28,,6db1a3a7-afc7-462d-8f8d-249d8635cb58,b1c428d6-4f07-31e0-90f0-68ffa6ff8c76,1e5cab37-c502-4e0c-b4e1-812919c3b728,312961,Simvastatin 20 MG Oral Tablet,6.63,0.00,16,106.08,,
2018-10-28,,6db1a3a7-afc7-462d-8f8d-249d8635cb58,b1c428d6-4f07-31e0-90f0-68ffa6ff8c76,1e5cab37-c502-4e0c-b4e1-812919c3b728,197361,Amlodipine 5 MG Oral Tablet,20.80,0.00,16,332.80,,
2018-10-28,,6db1a3a7-afc7-462d-8f8d-249d8635cb58,b1c428d6-4f07-31e0-90f0-68ffa6ff8c76,1e5cab37-c502-4e0c-b4e1-812919c3b728,705129,Nitroglycerin 0.4 MG/ACTUAT Mucosal Spray,244.68,0.00,16,3914.88,,
1981-12-11,2003-12-26,1c5435e2-2859-475b-8b89-9caa2b838437,b1c428d6-4f07-31e0-90f0-68ffa6ff8c76,ee1e688d-c2cf-4341-9870-d1859562a4d0,705129,Nitroglycerin 0.4 MG/ACTUAT Mucosal Spray,162.74,0.00,268,43614.32,,
1991-02-01,,1c5435e2-2859-475b-8b89-9caa2b838437,b1c428d6-4f07-31e0-90f0-68ffa6ff8c76,f25456c0-f674-45ab-878b-e8d62aa1c30b,312961,Simvastatin 20 MG Oral Tablet,32.96,0.00,157,5174.72,,
1994-02-18,,1c5435e2-2859-475b-8b89-9caa2b838437,b1c428d6-4f07-31e0-90f0-68ffa6ff8c76,3ab3b389-a400-4195-87ad-b7b992e9b930,197361,Amlodipine 5 MG Oral Tablet,24.22,0.00,120,2906.40,,
1997-03-07,2003-12-26,1c5435e2-2859-475b-8b89-9caa2b838437,b1c428d6-4f07-31e0-90f0-68ffa6ff8c76,489b7b0d-b964-42f4-bf7d-6b4c23351ca6,309362,Clopidogrel 75 MG Oral Tablet,39.78,0.00,82,3261.96,,
2003-12-26,2003-12-26,1c5435e2-2859-475b-8b89-9caa2b838437,b1c428d6-4f07-31e0-90f0-68ffa6ff8c76,17aba0b6-57e1-4b2f-8559-1972ea5e9280,259255,Atorvastatin 80 MG Oral Tablet,367.09,0.00,1,367.09,,
2003-12-26,2003-12-26,1c5435e2-2859-475b-8b89-9caa2b838437,b1c428d6-4f07-31e0-90f0-68ffa6ff8c76,17aba0b6-57e1-4b2f-8559-1972ea5e9280,833036,Captopril 25 MG Oral Tablet,85.71,0.00,1,85.71,,
1986-03-19,2016-08-03,e4c78b0a-4c64-4037-a396-5e2af70e7f8c,b1c428d6-4f07-31e0-90f0-68ffa6ff8c76,f742ed05-1f27-4775-bfeb-af0644dc8156,705129,Nitroglycerin 0.4 MG/ACTUAT Mucosal Spray,13.79,0.00,369,5088.51,,
1991-04-17,,e4c78b0a-4c64-4037-a396-5e2af70e7f8c,b1c428d6-4f07-31e0-90f0-68ffa6ff8c76,3e928930-8656-4fc4-a1c1-fdd8e06f9b00,312961,Simvastatin 20 MG Oral Tablet,13.01,0.00,308,4007.08,,
1994-05-04,,e4c78b0a-4c64-4037-a396-5e2af70e7f8c,b1c428d6-4f07-31e0-90f0-68ffa6ff8c76,7f5e9d6d-169b-4feb-b831-b2658ec5e176,197361,Amlodipine 5 MG Oral Tablet,44.04,0.00,271,11934.84,,
1997-05-21,2016-08-03,e4c78b0a-4c64-4037-a396-5e2af70e7f8c,b1c428d6-4f07-31e0-90f0-68ffa6ff8c76,a20089d8-3da5-4f3d-8196-797d265262e8,309362,Clopidogrel 75 MG Oral Tablet,60.27,0.00,233,14042.91,,
2016-08-03,2016-08-03,e4c78b0a-4c64-4037-a396-5e2af70e7f8c,b1c428d6-4f07-31e0-90f0-68ffa6ff8c76,cea0947d-3661-4fb2-b720-a809f16acdbd,259255,Atorvastatin 80 MG Oral Tablet,397.98,0.00,1,397.98,,
2016-08-03,2016-08-03,e4c78b0a-4c64-4037-a396-5e2af70e7f8c,b1c428d6-4f07-31e0-90f0-68ffa6ff8c76,cea0947d-3661-4fb2-b720-a809f16acdbd,833036,Captopril 25 MG Oral Tablet,56.27,0.00,1,56.27,,
1997-05-21,,100e458f-ed34-4020-a6b1-12d28874004b,b1c428d6-4f07-31e0-90f0-68ffa6ff8c76,aaeb8325-c9fc-4df6-8318-48b0b857cee9,855332,Warfarin Sodium 5 MG Oral Tablet,70.62,0.00,277,19561.74,,
1997-05-21,,100e458f-ed34-4020-a6b1-12d28874004b,b1c428d6-4f07-31e0-90f0-68ffa6ff8c76,aaeb8325-c9fc-4df6-8318-48b0b857cee9,897718,Verapamil Hydrochloride 40 MG,127.14,0.00,277,35217.78,,
1997-05-21,,100e458f-ed34-4020-a6b1-12d28874004b,b1c428d6-4f07-31e0-90f0-68ffa6ff8c76,aaeb8325-c9fc-4df6-8318-48b0b857cee9,197604,Digoxin 0.125 MG Oral Tablet,53.41,0.00,277,14794.57,,
1979-06-24,2010-05-09,a186269f-922f-4974-95a9-22f7d594b2bd,b1c428d6-4f07-31e0-90f0-68ffa6ff8c76,f0fae5fe-8d07-4272-aa9e-648beae941d3,705129,Nitroglycerin 0.4 MG/ACTUAT Mucosal Spray,243.78,0.00,375,91417.50,,
1991-09-01,,a186269f-922f-4974-95a9-22f7d594b2bd,b1c428d6-4f07-31e0-90f0-68ffa6ff8c76,e87b6654-2a8d-42df-9877-8c5feebbab7d,312961,Simvastatin 20 MG Oral Tablet,16.23,0.00,227,3684.21,,
1994-09-18,,a186269f-922f-4974-95a9-22f7d594b2bd,b1c428d6-4f07-31e0-90f0-68ffa6ff8c76,3e1d4142-c0a9-4b21-9d50-c97c3b20108f,197361,Amlodipine 5 MG Oral Tablet,17.78,0.00,190,3378.20,,
1997-10-05,2010-05-09,a186269f-922f-4974-95a9-22f7d594b2bd,b1c428d6-4f07-31e0-90f0-68ffa6ff8c76,c4c6eaa7-8a96-4607-9d9b-de07ed94da91,309362,Clopidogrel 75 MG Oral Tablet,43.33,0.00,153,6629.49,,
2010-05-09,2010-05-09,a186269f-922f-4974-95a9-22f7d594b2bd,b1c428d6-4f07-31e0-90f0-68ffa6ff8c76,e2dfa427-4da8-4879-a95b-f482d6660747,259255,Atorvastatin 80 MG Oral Tablet,238.16,0.00,1,238.16,,
2010-05-09,2010-05-09,a186269f-922f-4974-95a9-22f7d594b2bd,b1c428d6-4f07-31e0-90f0-68ffa6ff8c76,e2dfa427-4da8-4879-a95b-f482d6660747,833036,Captopril 25 MG Oral Tablet,69.23,0.00,1,69.23,,
2007-06-17,,31118946-9946-461a-923e-43170fec61ff,b1c428d6-4f07-31e0-90f0-68ffa6ff8c76,ec4edaef-67b3-4cfd-a350-fb2dcce6e2bd,855332,Warfarin Sodium 5 MG Oral Tablet,26.60,0.00,154,4096.40,,
2007-06-17,,31118946-9946-461a-923e-43170fec61ff,b1c428d6-4f07-31e0-90f0-68ffa6ff8c76,ec4edaef-67b3-4cfd-a350-fb2dcce6e2bd,897718,Verapamil Hydrochloride 40 MG,84.27,0.00,154,12977.58,,
2007-06-17,,31118946-9946-461a-923e-43170fec61ff,b1c428d6-4f07-31e0-90f0-68ffa6ff8c76,ec4edaef-67b3-4cfd-a350-fb2dcce6e2bd,197604,Digoxin 0.125 MG Oral Tablet,116.28,0.00,154,17907.12,,
2011-12-02,,b4985bbc-936e-4b01-822d-d7b4a51ba611,b1c428d6-4f07-31e0-90f0-68ffa6ff8c76,b94d83a5-7428-411b-9f7b-73c0952f55e7,309362,Clopidogrel 75 MG Oral Tablet,65.39,0.00,100,6539.00,,
2011-12-02,,b4985bbc-936e-4b01-822d-d7b4a51ba611,b1c428d6-4f07-31e0-90f0-68ffa6ff8c76,b94d83a5-7428-411b-9f7b-73c0952f55e7,312961,Simvastatin 20 MG Oral Tablet,9.00,0.00,100,900.00,,
2011-12-02,,b4985bbc-936e-4b01-822d-d7b4a51ba611,b1c428d6-4f07-31e0-90f0-68ffa6ff8c76,b94d83a5-7428-411b-9f7b-73c0952f55e7,197361,Amlodipine 5 MG Oral Tablet,65.01,0.00,100,6501.00,,
2011-12-02,,b4985bbc-936e-4b01-822d-d7b4a51ba611,b1c428d6-4f07-31e0-90f0-68ffa6ff8c76,b94d83a5-7428-411b-9f7b-73c0952f55e7,705129,Nitroglycerin 0.4 MG/ACTUAT Mucosal Spray,67.82,0.00,100,6782.00,,
2008-12-03,,32f80e03-f6a9-47d6-a55d-abcd5009df23,b1c428d6-4f07-31e0-90f0-68ffa6ff8c76,71d08e64-6cd2-4e17-a3f0-43be9e914c85,855332,Warfarin Sodium 5 MG Oral Tablet,31.58,0.00,137,4326.46,,
2008-12-03,,32f80e03-f6a9-47d6-a55d-abcd5009df23,b1c428d6-4f07-31e0-90f0-68ffa6ff8c76,71d08e64-6cd2-4e17-a3f0-43be9e914c85,897718,Verapamil Hydrochloride 40 MG,233.24,0.00,137,31953.88,,
2008-12-03,,32f80e03-f6a9-47d6-a55d-abcd5009df23,b1c428d6-4f07-31e0-90f0-68ffa6ff8c76,71d08e64-6cd2-4e17-a3f0-43be9e914c85,197604,Digoxin 0.125 MG Oral Tablet,69.72,0.00,137,9551.64,,
