Id,BIRTHDATE,DEATHDATE,SSN,DRIVERS,PASSPORT,PREFIX,FIRST,LAST,SUFFIX,MAIDEN,MARITAL,RACE,ETHNICITY,GENDER,BIRTHPLACE,ADDRESS,CITY,STATE,COUNTY,ZIP,LAT,LON,HEALTHCARE_EXPENSES,HEALTHCARE_COVERAGE
6ef995be-167c-438d-b23f-12b2313c30f8,2016-10-18,,999-69-4607,,,,Ismail,Airila,,,,white,nonhispanic,M,Kirkkonummi  Uusimaa  FI,579 Hutri Katu,Mäntsälä,Uusimaa,Mäntsälä,04940,60.709334806301584,25.363185899075326,1375.0,0.0
5ce12587-8582-454f-9e48-cbc4797ddce4,2015-03-11,,999-68-8932,,,,Evelin,Lillsunde,,,,white,nonhispanic,F,Vantaa  Uusimaa  FI,515 Virtanen Katu Unit 9,Helsinki,Uusimaa,Helsinki,00590,60.102550153020225,24.945812193041377,1750.0,0.0
49f82625-9fcb-4204-b58b-8791ef353eab,2007-01-27,,999-72-9336,,,,Onnimanni,Lehtoväre,,,,white,nonhispanic,M,Helsinki  Uusimaa  FI,1013 Angerpuro Katu Unit 91,Helsinki,Uusimaa,Helsinki,00930,60.211180259239775,25.077589216227988,2750.0,0.0
991e58cf-86de-4820-8748-a34387b0c262,2007-06-09,,999-58-6967,,,,Vitaly,Perävainio,,,,white,nonhispanic,M,Helsinki  Uusimaa  FI,991 Gåsström Katu,Helsinki,Uusimaa,Helsinki,00520,60.13166542109995,24.902727764105247,2625.0,0.0
8f002348-8856-4f9a-9515-9ee9ee9f0bce,2011-01-08,,999-48-4264,,,,Pauliina,Jukarainen,,,,white,nonhispanic,F,Karkkila  Uusimaa  FI,597 Iso-Järvenpää Katu,Hyvinkää,Uusimaa,Hyvinkää,05900,60.57345946324157,24.7856187176976,2250.0,0.0
2a3215c2-d463-4b89-88c8-d479b9c152c5,2009-10-07,,999-12-8151,,,,Arndt,Pyrrö,,,,white,nonhispanic,M,Vantaa  Uusimaa  FI,257 Mäentalo Katu Apt 5,Helsinki,Uusimaa,Helsinki,00220,60.190019083958205,24.937493196821816,2375.0,0.0
daaa675b-e86e-4186-b590-a9e91af7eca3,2000-02-04,,999-86-8553,S99944996,X70916917X,Ms.,Timna,Santi,,,,white,nonhispanic,F,Helsinki  Uusimaa  FI,475 Karimaa Katu Apt 13,Helsinki,Uusimaa,Helsinki,00810,60.21642703485393,25.07013356076335,3500.0,0.0
8f7d56a4-0abe-4e35-8e40-34d173bb61b3,1995-07-28,,999-83-5940,S99930754,X54567904X,Ms.,Vilmiina,Norrholm,,,,white,nonhispanic,F,Helsinki  Uusimaa  FI,896 Inkeroinen Katu,Porvoo,Uusimaa,Porvoo,06530,60.379986652656065,25.545190107073054,3625.0,0.0
3738204a-b64a-4793-855a-460e2e61cb25,2002-12-30,,999-96-6111,S99965767,,,Helleni,Tiiperi,,,,white,nonhispanic,F,Lohja  Uusimaa  FI,799 Kalander Katu,Espoo,Uusimaa,Espoo,02820,60.099023813321324,24.67882182562226,3250.0,0.0
9d392784-b9c9-4a7b-a555-f2b31531bdd7,1981-03-15,,999-64-4087,S99933520,X25855842X,Mrs.,Sanna-Riina,Valonen,,Santaniemi,M,white,nonhispanic,F,Helsinki  Uusimaa  FI,258 Hall Katu Apt 4,Helsinki,Uusimaa,Helsinki,00660,60.279827269144114,25.052928740102022,4250.0,0.0
953dc76c-061a-445a-8378-005c6095f2cc,1993-11-09,,999-11-5383,S99988139,X52761806X,Ms.,Alexandrine,Vesanen,,,,white,nonhispanic,F,Raasepori  Uusimaa  FI,582 Vehkala Katu Suite 4,Espoo,Uusimaa,Espoo,02180,60.138741757546434,24.667269562833628,3750.0,0.0
83709bae-b6d7-4f93-8ee9-904c039da3da,1990-10-26,,999-66-8783,S99947598,X80704684X,Mrs.,Lyydia,Knichter,,Rentola,M,white,nonhispanic,F,Espoo  Uusimaa  FI,483 Jokkala Katu Unit 84,Espoo,Uusimaa,Espoo,02230,60.30890704267367,24.567850440626714,3875.0,0.0
d13d7d7c-d1f5-4efd-b7e0-dc149628c9ae,1982-05-19,,999-64-7574,S99998507,X82377207X,Mr.,Masud,Pada,,,M,white,nonhispanic,M,Helsinki  Uusimaa  FI,961 Carlson Katu,Kirkkonummi,Uusimaa,Kirkkonummi,02420,60.15070019014135,24.50402125920804,4250.0,0.0
4d6534f0-9599-4680-b857-0d2a6da5e321,2008-02-05,,999-24-4447,,,,Meryam,Sauhula,,,,white,nonhispanic,F,Hyvinkää  Uusimaa  FI,211 Herranen Katu,Nurmijärvi,Uusimaa,Nurmijärvi,01840,60.54912512530283,24.915455317729872,2625.0,0.0
901360a2-f2b1-4927-9e2f-7a632d67e199,1951-06-07,,999-26-8426,S99956482,X51539958X,Mrs.,Caramia,Ruottunen,PhD,Helineva,M,white,nonhispanic,F,Karkkila  Uusimaa  FI,1041 Muse Katu,Helsinki,Uusimaa,Helsinki,00380,60.205272795110425,24.90031312442359,7250.0,0.0
57b024ba-15ec-49dc-b8b6-0c204aa48e18,2005-06-01,,999-28-4233,,,,Rodi,Stellberg,,,,white,nonhispanic,M,Helsinki  Uusimaa  FI,1063 Maaronen Katu,Helsinki,Uusimaa,Helsinki,00610,60.1602759305947,25.058932089899983,2875.0,0.0
859263ec-9cd5-445b-838f-f64336720e82,1963-03-06,,999-59-7537,S99954126,X30380603X,Mr.,Tanel,Söderling,,,M,white,nonhispanic,M,Helsinki  Uusimaa  FI,166 Iso-Kuusela Katu,Helsinki,Uusimaa,Helsinki,00870,60.22284515703159,25.173771821956787,5750.0,0.0
71282186-cf98-4914-b163-9835438f646d,1972-07-13,,999-91-1483,S99952081,X13373369X,Mr.,Alonzo,Itätalo,,,M,white,nonhispanic,M,Sipoo  Uusimaa  FI,895 Kask Katu,Helsinki,Uusimaa,Helsinki,00540,60.18043896022747,24.998116947193555,4750.0,0.0
20bdf4a3-e506-486a-b164-002551443139,1984-09-12,,999-66-2631,S99953819,X6893482X,Mrs.,Kirsi-Mari,Palmiola,,Selänniemi,M,white,nonhispanic,F,Porvoo  Uusimaa  FI,1047 Vahanen Katu Unit 4,Helsinki,Uusimaa,Helsinki,00530,60.24876411050204,25.01081444564215,4125.0,0.0
23c0f091-a771-4b1d-9425-c9b904a192ac,1977-08-16,,999-85-4070,S99998616,X37829493X,Mrs.,Anu-Marja,Pienimaa,,Tonder,M,white,nonhispanic,F,Järvenpää  Uusimaa  FI,679 Rautama Katu,Porvoo,Uusimaa,Porvoo,06150,60.47921392959582,25.643897951088352,4500.0,0.0
75a16056-37c3-4218-acbb-60114230c3e9,1940-06-16,,999-39-5335,S99963055,X65492706X,Mr.,Rodney,Grönholm,,,M,white,nonhispanic,M,Helsinki  Uusimaa  FI,241 Evijoki Katu,Helsinki,Uusimaa,Helsinki,00580,60.16501490219827,25.087207526170463,8625.0,0.0
10ec1994-424c-4a1d-9791-6648e726d439,1991-05-26,,999-77-2946,S99945482,X28224108X,Mrs.,Arja-Leena,Kinnunen,,Sippari,M,white,nonhispanic,F,Lohja  Uusimaa  FI,650 Sjö Katu Unit 82,Espoo,Uusimaa,Espoo,02660,60.17856476421463,24.605125301800044,3875.0,0.0
cf91703b-d5ec-4069-b0e7-3099412e51c3,1945-10-16,,999-57-2542,S99984302,X26225071X,Mr.,Vitaliy,Tenkula,,,M,white,nonhispanic,M,Espoo  Uusimaa  FI,697 Raiskinmäki Katu,Vantaa,Uusimaa,Vantaa,01390,60.26439911961641,24.973764792020383,8000.0,0.0
46be58ca-a496-442e-8c0e-c85ac1bba0d1,1966-05-30,,999-92-9577,S99955526,X21436241X,Mrs.,Sickan,Lehtisalo,,Marander,M,white,nonhispanic,F,Helsinki  Uusimaa  FI,1082 Gross Katu Unit 9,Espoo,Uusimaa,Espoo,02230,60.18146709111511,24.76416806155655,6500.0,0.0
3f826db0-98c1-43ed-a5ba-a2bf9d0febda,1962-08-31,,999-89-3592,S99949134,X55566098X,Mr.,Arif,Sarkama,,,M,white,nonhispanic,M,Espoo  Uusimaa  FI,108 Etula Katu Unit 24,Helsinki,Uusimaa,Helsinki,00410,60.26217205903029,25.000401256442434,5875.0,0.0
5eeaf4b0-4795-40e0-84fc-0a41a0b3764a,1994-11-02,,999-20-1029,S99978890,X68468154X,Ms.,Iina-Maria,Konradsdal,,,,white,nonhispanic,F,Vantaa  Uusimaa  FI,303 Nordling Katu Suite 54,Helsinki,Uusimaa,Helsinki,00850,60.10859804080662,24.91475043050426,3750.0,0.0
84304d12-f276-43c3-9830-4afe2fa0c942,1947-10-07,,999-10-4290,S99911119,X26132977X,Mrs.,Anna-Kaisa,Leijon,,Uussilta,M,white,nonhispanic,F,Vantaa  Uusimaa  FI,635 Peisa Katu,Helsinki,Uusimaa,Helsinki,00950,60.14773640010333,24.85134213634226,7750.0,0.0
910e1537-63e2-4dcf-bcb7-c79d41470f96,1985-12-27,,999-46-3811,S99939772,X89285627X,Mrs.,Maarja,Rannanheimo,,Rinta-Kahila,M,white,nonhispanic,F,Vantaa  Uusimaa  FI,743 Syvävirta Katu,Espoo,Uusimaa,Espoo,02610,60.158421355378785,24.636958347289838,4000.0,0.0
2eb29d90-e32d-4b83-a752-1acaa8ad4421,1954-02-01,,999-12-2372,S99934694,X20377334X,Mr.,Jerkka,Steiner,,,M,white,nonhispanic,M,Lohja  Uusimaa  FI,783 Merivalo Katu Suite 60,Helsinki,Uusimaa,Helsinki,00250,60.20567936649585,24.97001108008095,6875.0,0.0
74bc2802-eaf4-4fdf-a49c-47b1380987d6,1949-09-18,,999-84-5035,S99917185,X44592882X,Mrs.,Meta,Ramsay,,Suur-Askola,M,white,nonhispanic,F,Helsinki  Uusimaa  FI,936 Blick Katu Suite 21,Vantaa,Uusimaa,Vantaa,01660,60.36088425540808,24.962193636420963,7500.0,0.0
a472fd7f-bfe8-4efb-82da-bffa8e6cef16,1983-06-25,,999-62-6375,S99911244,X86029298X,Mr.,Haci,Hagren,,,M,white,nonhispanic,M,Helsinki  Uusimaa  FI,1048 Vilppala Katu,Helsinki,Uusimaa,Helsinki,00710,60.19054885308372,25.02630700527344,4125.0,0.0
6db1a3a7-afc7-462d-8f8d-249d8635cb58,1958-08-31,,999-49-1209,S99939286,X43812972X,Mrs.,Josie,Toppari,,Lätti,M,white,nonhispanic,F,Helsinki  Uusimaa  FI,588 Ylä-Mella Katu Suite 39,Espoo,Uusimaa,Espoo,02240,60.2580581942085,24.851085139801913,6375.0,0.0
5601993b-9f46-45fa-86fc-79d077825d04,1980-09-11,,999-34-6483,S99995169,X7929919X,Mrs.,Meritta,Palanne,,Louhivaara,M,white,nonhispanic,F,Lohja  Uusimaa  FI,1005 Rehnbäck Katu Suite 42,Vantaa,Uusimaa,Vantaa,01350,60.26097557211633,25.142910578538643,4250.0,0.0
f45169ca-9f4a-4a8e-82c9-34c91e128232,1970-06-09,,999-99-5018,S99946119,X15653734X,Mr.,Jacques,Elfving,,,M,white,nonhispanic,M,Sipoo  Uusimaa  FI,929 Niinimaa Katu Unit 34,Vantaa,Uusimaa,Vantaa,01490,60.34376371692029,25.092031730580818,4875.0,0.0
6b1d88be-6d7b-4f2c-94a9-a75383b8e24a,1992-08-29,,999-53-3927,S99939010,X68016887X,Mr.,Goran,Kleemola,,,M,white,nonhispanic,M,Hyvinkää  Uusimaa  FI,1074 Liila Katu Apt 16,Vantaa,Uusimaa,Vantaa,01770,60.32364598321868,25.070073185522954,3750.0,0.0
1c5435e2-2859-475b-8b89-9caa2b838437,1970-11-27,2003-12-26,999-70-8679,S99958886,X47790946X,Mrs.,Hanna-Katri,Voitto,,Narinen,M,white,nonhispanic,F,Helsinki  Uusimaa  FI,1095 Salonoja Katu Suite 46,Helsinki,Uusimaa,Helsinki,00270,60.195603698065796,24.99600825679758,5905.32,0.0
88d74757-c3ca-4773-8493-c739a42a91d6,1971-06-01,,999-93-2249,S99924193,X51726108X,Mr.,Milan,Huutola,,,M,white,nonhispanic,M,Helsinki  Uusimaa  FI,637 Kiiltomäki Katu Apt 81,Helsinki,Uusimaa,Helsinki,00300,60.1846601085329,24.83448402572235,4875.0,0.0
2fb0f772-ec7b-4597-b35c-33e23fa5aba5,1974-01-13,,999-32-3857,S99927963,X32394836X,Mr.,Daniel,Naarajärvi,,,M,white,nonhispanic,M,Helsinki  Uusimaa  FI,856 Viro Katu,Järvenpää,Uusimaa,Järvenpää,04460,60.54844143507923,25.051631768388056,5100.58,0.0
88da7660-d5a9-4587-b9d8-66c9efcbb0cc,1959-05-07,,999-82-3512,S99942220,X44752611X,Mrs.,Gunhild,Marjamaa,,Barck,M,white,nonhispanic,F,Nurmijärvi  Uusimaa  FI,919 Roiko-Jokela Katu,Lohja,Uusimaa,Lohja,08350,60.27703889279905,24.12563206259384,6250.0,0.0
adc3e2b5-999d-4280-bc96-76a2ef6be120,1978-04-30,,999-20-2734,S99983151,X67330725X,Mrs.,Elviina,Launiainen,,Paatelainen,M,white,nonhispanic,F,Raasepori  Uusimaa  FI,1028 Huikkala Katu Suite 76,Helsinki,Uusimaa,Helsinki,00600,60.17815211366588,25.02005008704507,4749.96,0.0
46067068-3983-44c2-8e1e-e4b7c68b84db,1939-07-17,,999-65-8895,S99935494,X78586000X,Mrs.,Nova,Vesimäki,,Halmeaho,M,white,nonhispanic,F,Mäntsälä  Uusimaa  FI,439 Polvisalo Katu,Helsinki,Uusimaa,Helsinki,00810,60.19642153796936,24.97051356050095,8750.0,0.0
b0e4204d-3bba-45fc-adee-70305bce167c,2013-06-27,,999-41-7458,,,,Cem,Naamanka,,,,white,nonhispanic,M,Helsinki  Uusimaa  FI,435 Pekkalin Katu,Porvoo,Uusimaa,Porvoo,07350,60.298157688139,25.86125705055563,1875.0,0.0
05a648f3-ad9c-4484-8612-d4e3d98144c6,2018-05-13,,999-20-3358,,,,Yasin,Aaltomaa,,,,white,nonhispanic,F,Helsinki  Uusimaa  FI,973 Steenari Katu Apt 13,Vantaa,Uusimaa,Vantaa,01760,60.22175715141628,24.843728353084543,1000.0,0.0
73b2c7f6-07bf-40ca-a9c1-f5a61846fc51,1970-11-27,,999-89-4459,S99915786,X41102302X,Mrs.,Nani,Hankkila,,Jacobsson,M,white,nonhispanic,F,Helsinki  Uusimaa  FI,512 Välipakka Katu,Helsinki,Uusimaa,Helsinki,00940,60.23281947375193,24.86464365652272,4875.0,0.0
1205f499-ada6-48d2-9a37-d0853f0252a1,1985-10-03,,999-19-7132,S99952231,X4106485X,Mr.,Orhan,Hernandez,,,S,white,nonhispanic,M,Hanko  Uusimaa  FI,307 Naisniemi Katu Apt 73,Helsinki,Uusimaa,Helsinki,00180,60.13953568986102,24.917483934662332,4125.0,0.0
c68fa2a2-ee90-4cc4-8ce8-591d4d00650b,1960-08-15,,999-84-9512,S99925528,X6443323X,Mrs.,Zehra,Selkee,,Säde,M,white,nonhispanic,F,Espoo  Uusimaa  FI,277 Uuskartano Katu Apt 40,Porvoo,Uusimaa,Porvoo,07360,60.50229676901732,25.46685850029594,6125.0,0.0
6eb8162d-6c6f-45c4-9ef2-2c3e2e3728a9,1980-09-10,,999-41-6582,S99951536,X36586599X,Mrs.,Signild,Krankka,,Lasonen,M,white,nonhispanic,F,Mäntsälä  Uusimaa  FI,750 Haaksi Katu,Helsinki,Uusimaa,Helsinki,00800,60.18397346261055,24.866654723944684,4250.0,0.0
b52e9374-6215-4429-ad14-bc7916146c8c,2017-10-08,,999-57-6568,,,,Melitta,Liitiäinen,,,,white,nonhispanic,F,Helsinki  Uusimaa  FI,393 Lenkola Katu Suite 17,Espoo,Uusimaa,Espoo,02770,60.2447862587806,24.77915690552639,1125.0,0.0
a130250a-9e11-4fbb-bf88-40e39bfc3fa8,1958-02-05,,999-27-8607,S99981068,X50962795X,Ms.,Alisia,Ahtola,,,S,white,nonhispanic,F,Helsinki  Uusimaa  FI,910 Fetula Katu Unit 52,Espoo,Uusimaa,Espoo,02860,60.28398797102026,24.603536875140254,6375.0,0.0
7176399f-b82b-4435-9eba-e1715e7147c3,1966-09-13,,999-23-9317,S99960725,X40742630X,Mr.,Levent,Rockas,,,S,white,nonhispanic,M,Vantaa  Uusimaa  FI,1006 Vuosjoki Katu Suite 44,Pukkila,Uusimaa,Pukkila,07550,60.653496863768666,25.568117444249012,5375.0,0.0
fe75f0d7-9d0e-483e-b5ca-15ef128bb518,2010-05-29,,999-61-8873,,,,Anssinpoika,Huutonen,,,,white,nonhispanic,M,Vantaa  Uusimaa  FI,676 Jonninen Katu,Espoo,Uusimaa,Espoo,02130,60.19803218169271,24.70647762413274,2250.0,0.0
de7e1e69-0747-4d51-ac08-e115fd1e0f4b,1976-07-30,,999-10-4148,S99914578,X59350039X,Mr.,Jiko,Wörlund,,,M,white,nonhispanic,M,Helsinki  Uusimaa  FI,150 Räikkönen Katu Apt 48,Espoo,Uusimaa,Espoo,02250,60.15195151690127,24.70552119269105,4500.0,0.0
b2a5dc2a-50dd-4036-9299-259fa085aa89,1985-07-11,,999-30-6527,S99991711,X21498947X,Mr.,Jeremie,Marno,,,M,white,nonhispanic,M,Kirkkonummi  Uusimaa  FI,473 Horsma Katu,Helsinki,Uusimaa,Helsinki,00950,60.19020098925887,24.897209882357014,4125.0,0.0
cffdd760-f2c2-4d93-a820-a8f75c18b604,2015-12-21,,999-15-2069,,,,Konstantinos,Pihlas,,,,white,nonhispanic,M,Helsinki  Uusimaa  FI,539 Wimmer Katu Suite 31,Espoo,Uusimaa,Espoo,02140,60.15358480340898,24.72512151964653,1625.0,0.0
10afbe70-cf5c-4101-92b1-413efd2bbca5,1966-12-19,,999-23-1110,S99984382,X12562061X,Mrs.,Jennyfer,Kotokorpi,,Puntalo,M,white,nonhispanic,F,Kirkkonummi  Uusimaa  FI,560 de Wit Katu Unit 87,Espoo,Uusimaa,Espoo,02100,60.19409571945901,24.84983323080916,5375.0,0.0
fd544b0b-b0c9-4e39-9ef9-2bd536a224b2,1955-05-22,,999-76-4582,S99932263,X60603614X,Mrs.,Tilhi,Tytärniemi,,Larinen,M,white,nonhispanic,F,Järvenpää  Uusimaa  FI,823 Sevänen Katu,Lohja,Uusimaa,Lohja,08350,60.248966414217804,23.839838345877904,6974.1,0.0
d9714a69-0188-41a6-8029-f45d1b144d18,1964-12-31,,999-41-6884,S99950745,X17404642X,Mr.,Jonatan,Sulanko,,,M,white,nonhispanic,M,Vantaa  Uusimaa  FI,192 Levander Katu,Helsinki,Uusimaa,Helsinki,00360,60.19373031525825,25.121696444932056,12413.3,0.0
c080c02d-4e92-4f27-9455-7fd027aea079,2015-01-12,,999-37-1833,,,,Uuno,Vehkaperä,,,,white,nonhispanic,M,Helsinki  Uusimaa  FI,119 Petrov Katu Unit 42,Kauniainen,Uusimaa,Kauniainen,02700,60.18172416000853,24.70239380448422,1750.0,0.0
e4c78b0a-4c64-4037-a396-5e2af70e7f8c,1909-10-20,2016-08-03,999-92-6626,S99999322,X10313712X,Mr.,Besnik,Gusev,,,M,white,nonhispanic,M,Helsinki  Uusimaa  FI,271 Weiland Katu Apt 64,Helsinki,Uusimaa,Helsinki,00650,60.21209739798319,24.903783263012798,12528.31,0.0
d7933a34-bdc5-452b-b8ce-27a571645ade,1987-03-03,,999-45-3276,S99959657,X73575167X,Mrs.,Mirana,Patjas,,Varila,M,white,nonhispanic,F,Nurmijärvi  Uusimaa  FI,925 Dufva Katu Apt 98,Espoo,Uusimaa,Espoo,02680,60.1614697727509,24.78936984422581,4000.0,0.0
b86b4e8d-f46d-4e9b-a0af-956b4a7bd9b5,1947-03-26,,999-88-1184,S99911047,X21950287X,Mrs.,Milada,Rosenback,,Tyynelä,M,white,nonhispanic,F,Espoo  Uusimaa  FI,751 Dietz Katu Apt 76,Loviisa,Uusimaa,Loviisa,07870,60.59718679035369,26.39886104322667,7954.91,0.0
dfa73650-5605-4b45-967e-192af6d9a90a,1952-03-29,,999-39-7951,S99947818,X27987092X,Mrs.,Julanda,Anunti,,Torrkulla,M,white,nonhispanic,F,Helsinki  Uusimaa  FI,864 Smedman Katu Unit 77,Helsinki,Uusimaa,Helsinki,00950,60.24359310013623,24.814264126481554,7125.0,0.0
f13bbe23-6a2a-4f1e-b6e0-ab21bdf1f257,2019-03-12,,999-55-2387,,,,Mitjo,Tyynilä,,,,white,nonhispanic,M,Helsinki  Uusimaa  FI,807 Ruti Katu Apt 14,Vantaa,Uusimaa,Vantaa,01420,60.28277440233789,25.110454825374642,750.0,0.0
77818868-a13e-48ba-90c7-9e5e9f09928d,1970-08-18,,999-94-5241,S99946831,X59789115X,Mrs.,Eeva-Maarit,Partia,,Jylhänkoski,M,white,nonhispanic,F,Helsinki  Uusimaa  FI,903 Veneskari Katu Apt 29,Tuusula,Uusimaa,Tuusula,04330,60.415627671163016,24.93881361118635,4875.0,0.0
33cded33-6c1f-4c51-8496-3aff2d2252bb,1973-04-03,,999-65-3852,S99921563,X69908170X,Mrs.,Henrita,Hurske,,Vartia,M,white,nonhispanic,F,Hyvinkää  Uusimaa  FI,598 Raumala Katu,Espoo,Uusimaa,Espoo,02750,60.216386646301146,24.78188040026761,4750.0,0.0
8e4aef6d-2f8c-4a1b-a87d-9e31f7b38bcc,1938-10-20,,999-59-4951,S99956888,X65568405X,Mr.,Idor,Bang,,,M,white,nonhispanic,M,Espoo  Uusimaa  FI,179 Topp Katu Apt 15,Helsinki,Uusimaa,Helsinki,00280,60.26451938694162,24.896882517711596,8750.0,0.0
eb78a0a3-59ce-406f-a42a-18ebcca2406a,2006-12-30,,999-96-9485,,,,Jusef,Joutsen,,,,white,nonhispanic,M,Helsinki  Uusimaa  FI,399 Kuopusjärvi Katu Unit 82,Kirkkonummi,Uusimaa,Kirkkonummi,02480,60.191612906344446,24.60617984590922,2750.0,0.0
ce5498e0-f685-4bfe-9ebf-eaacd6496842,2014-07-10,,999-58-7130,,,,Nellinoora,Glasberg,,,,white,nonhispanic,F,Helsinki  Uusimaa  FI,600 Virtamo Katu Apt 41,Helsinki,Uusimaa,Helsinki,00520,60.13185844869774,25.114328628191394,1750.0,0.0
73a05033-576e-4e00-b7b9-b18f2843cb74,1947-01-09,,999-92-8785,S99951969,X84890954X,Mr.,Arje,Hantula,,,S,white,nonhispanic,M,Tuusula  Uusimaa  FI,589 Franke Katu Unit 53,Helsinki,Uusimaa,Helsinki,00880,60.24556205450853,25.012430288160562,7750.0,0.0
1d24ff46-c42c-428e-9c87-49019d75f83d,2006-06-15,,999-14-3410,,,,Aku-Matti,Pero,,,,white,nonhispanic,M,Vantaa  Uusimaa  FI,946 Tommilammi Katu Suite 63,Helsinki,Uusimaa,Helsinki,00740,60.12318770281434,24.963423079621318,2750.0,0.0
84fa4867-6f0f-41fb-9019-cfa7f30104b2,2002-06-04,,999-63-2599,S99992422,,,Mili,Svenblad,,,,white,nonhispanic,F,Helsinki  Uusimaa  FI,358 Partanen Katu Suite 95,Vantaa,Uusimaa,Vantaa,01690,60.373025063571205,24.892785487931572,3250.0,0.0
238780b7-4200-4ab5-87e4-77b6aebe94c5,1980-08-25,,999-93-9963,S99924591,X5957900X,Mr.,Chris,Tirinen,,,M,white,nonhispanic,M,Helsinki  Uusimaa  FI,368 Jokivalli Katu,Helsinki,Uusimaa,Helsinki,00430,60.17318237502601,24.939374984309392,4250.0,0.0
3a402456-38b8-4389-ad4c-27f5545ef293,1990-12-12,,999-54-6584,S99913703,X65502868X,Ms.,Lise-Lotte,Huila,,,S,white,nonhispanic,F,Espoo  Uusimaa  FI,916 Norrgård Katu,Vantaa,Uusimaa,Vantaa,01400,60.25474227195872,24.83335888645344,3875.0,0.0
14b516be-7a9f-42fc-a00c-c17733f71c9b,2019-04-19,,999-18-3954,,,,Christos,Varvio,,,,white,nonhispanic,M,Porvoo  Uusimaa  FI,522 Keski-Levijoki Katu,Hyvinkää,Uusimaa,Hyvinkää,05950,60.622051550742896,24.874778420434218,625.0,0.0
40f9d099-53ed-42d2-b897-be798713a90a,1974-01-04,,999-10-8880,S99918138,X84980168X,Ms.,Meena,Suhola,,,S,white,nonhispanic,F,Vantaa  Uusimaa  FI,585 Sammatti Katu Suite 12,Espoo,Uusimaa,Espoo,02290,60.22904877869693,24.774580568157397,4750.0,0.0
a6216aa5-10cf-42dd-bb58-0241548f98f6,1949-01-04,,999-10-8174,S99960018,X38462966X,Mrs.,Dorotea,Segersven,,Pikkupeura,M,white,nonhispanic,F,Helsinki  Uusimaa  FI,106 Ekebom Katu Apt 31,Helsinki,Uusimaa,Helsinki,00820,60.19706697345447,24.919408538348353,7500.0,0.0
e30f84d6-05cd-4bde-8255-0f9d2d5abc8b,1967-02-03,,999-42-8791,S99944231,X39302471X,Mr.,Dai,Huhtaniemi,,,M,white,nonhispanic,M,Frankfurt  Hesse  DE,617 Lähderanta Katu,Helsinki,Uusimaa,Helsinki,00150,60.177900591510394,24.846821568190062,5375.0,0.0
07e65dbe-6a02-4983-a5eb-20d8d6d09209,2016-08-09,,999-93-6734,,,,Morris,Jernman,,,,white,nonhispanic,M,Helsinki  Uusimaa  FI,747 Mittilä Katu Suite 77,Espoo,Uusimaa,Espoo,02120,60.11349643147558,24.650920133568594,1500.0,0.0
6d400928-b234-4a6c-ab56-48c824089a46,1996-12-02,,999-23-5076,S99957610,X28265151X,Mr.,Wibe,Gullans,,,,white,nonhispanic,M,Vantaa  Uusimaa  FI,118 Hummelholm Katu,Helsinki,Uusimaa,Helsinki,00970,60.204532632728515,24.889820072619365,3625.0,0.0
35193fd0-3323-4333-8f04-f7cb4248424c,1988-12-05,,999-63-2689,S99984213,X46743354X,Mr.,Keni,Högander,,,M,white,nonhispanic,M,Lohja  Uusimaa  FI,714 Isokivijärvi Katu,Tuusula,Uusimaa,Tuusula,04360,60.456681043045485,25.074226929683128,4000.0,0.0
249a437b-2c6b-4320-89c4-a0ac5da6c933,1964-10-27,,999-72-9193,S99922396,X78354823X,Mrs.,Laura-Maria,Venehsalo,,Lipiäinen,M,white,nonhispanic,F,Vantaa  Uusimaa  FI,848 Äikää Katu,Hyvinkää,Uusimaa,Hyvinkää,05720,60.56903152654561,24.79137712823037,5625.0,0.0
7fce8c06-cf43-4079-98ec-282f28a96a8f,2016-06-22,,999-88-7476,,,,Owe,Honkajuuri,,,,white,nonhispanic,M,Espoo  Uusimaa  FI,259 Livson Katu Apt 85,Espoo,Uusimaa,Espoo,02100,60.206385498591146,24.76575158398146,1500.0,0.0
8ed347fd-276b-462a-95d9-903cfd0f3063,2006-02-16,,999-86-7010,,,,Antonio,Liljanko,,,,white,nonhispanic,M,Helsinki  Uusimaa  FI,369 Karhuvaara Katu,Helsinki,Uusimaa,Helsinki,00400,60.22692049623332,24.878867007934815,2750.0,0.0
671b60a5-a98e-4050-9a67-1f4be29a9b68,2004-06-23,,999-54-1437,,,,Jusuf,Riiheläinen,,,,white,nonhispanic,M,Espoo  Uusimaa  FI,661 Siponen Katu,Espoo,Uusimaa,Espoo,02260,60.154737139665535,24.65629859557908,3000.0,0.0
89b5d827-43ef-451e-8bd4-febb4c7dd874,1961-05-12,,999-33-4328,S99948357,X23748717X,Mrs.,Zahra,Vallittu,,Tuuva,M,white,nonhispanic,F,Vantaa  Uusimaa  FI,1074 Aittokumpu Katu Apt 98,Porvoo,Uusimaa,Porvoo,07410,60.32984947917754,25.715860916886353,6000.0,0.0
d2e407f1-8098-4b36-837c-8d2f3d9402a5,1947-11-12,,999-76-1253,S99968491,X14675917X,Mrs.,Julietta,Sharif,,Pepponen,M,white,nonhispanic,F,Vantaa  Uusimaa  FI,808 Mäki-Välkkilä Katu Apt 75,Helsinki,Uusimaa,Helsinki,00210,60.21846388372447,24.934006200140896,7625.0,0.0
100e458f-ed34-4020-a6b1-12d28874004b,1909-10-20,,999-81-4291,S99939137,X31271560X,Mr.,Mihail,Talvala,,,M,white,nonhispanic,M,Espoo  Uusimaa  FI,960 Åby Katu Apt 0,Helsinki,Uusimaa,Helsinki,00390,60.21840774193289,24.954785711358728,12500.0,0.0
283e6aa0-aeeb-4f8c-a19e-b00e5c0935d0,1984-01-31,,999-98-5559,S99981239,X79480391X,Mrs.,Maiju,Hertto,,Styf,M,white,nonhispanic,F,Lohja  Uusimaa  FI,532 Kummunmäki Katu,Järvenpää,Uusimaa,Järvenpää,04410,60.45917327599292,25.021947137923625,4125.0,0.0
269bdf21-6bfb-4d69-b954-c9c21a7a93d2,1979-07-09,,999-36-4432,S99966955,X38689449X,Mrs.,Minna-Sisko,Rautakangas,,Niiniketo,M,white,nonhispanic,F,Vantaa  Uusimaa  FI,974 Råman Katu,Tuusula,Uusimaa,Tuusula,05400,60.402350529445975,25.06287487234732,4375.0,0.0
3d5e7b65-e301-496a-b10f-da2478a750c5,1989-12-12,,999-50-8502,S99948510,X63014157X,Mrs.,Ann-Christin,Suumäki,,Belt,M,white,nonhispanic,F,Vantaa  Uusimaa  FI,932 Kaján Katu Apt 89,Helsinki,Uusimaa,Helsinki,00690,60.17424805704266,25.094523718008514,3875.0,0.0
ef6d49b8-5d1e-4bb9-9106-4572450f81b3,1973-07-28,,999-44-4551,S99962311,X32263987X,Mrs.,Eeva-Liina,Tinnilä,,Pylkkä,M,white,nonhispanic,F,Kauniainen  Uusimaa  FI,249 Joseph Katu Unit 39,Helsinki,Uusimaa,Helsinki,00870,60.21337022799386,24.82420621188561,4750.0,0.0
56cf991f-e955-464b-996b-a2aff9a7b00c,1967-10-03,,999-88-7277,S99936658,X4184907X,Mr.,Silver,Niemimuukko,,,M,white,nonhispanic,M,Helsinki  Uusimaa  FI,1097 Kyrklund Katu,Järvenpää,Uusimaa,Järvenpää,04420,60.416748050947,25.184566106553387,5250.0,0.0
1f7e8506-ef75-402b-a5a9-05a8e9dbf6f5,1957-08-10,,999-46-1777,S99932836,X54506184X,Mr.,Jöran,Liang,,,M,white,nonhispanic,M,Vantaa  Uusimaa  FI,986 Nuolikoski Katu Apt 61,Helsinki,Uusimaa,Helsinki,00840,60.20405417276747,25.1153652534936,6500.0,0.0
a186269f-922f-4974-95a9-22f7d594b2bd,1951-04-15,2010-05-09,999-58-8708,S99956029,X57887974X,Mr.,Arin,Uotila,,,M,white,nonhispanic,M,Porvoo  Uusimaa  FI,756 Smolsky Katu Suite 75,Espoo,Uusimaa,Espoo,02760,60.213829295713005,24.58148900438668,8344.5,0.0
31118946-9946-461a-923e-43170fec61ff,1930-01-12,,999-98-1342,S99967555,X28903095X,Ms.,Lempi,Nurmilaukas,,,S,white,nonhispanic,F,Helsinki  Uusimaa  FI,203 Honkamaa Katu,Helsinki,Uusimaa,Helsinki,00870,60.2272450616533,25.144850593854677,9875.0,0.0
d618ed3c-2bfc-42b3-8b1f-d8fbe182e912,1975-10-14,,999-15-8226,S99982431,X63309237X,Ms.,Halimo,Kuivajärvi,,,S,white,nonhispanic,F,Helsinki  Uusimaa  FI,827 Laitaharju Katu,Espoo,Uusimaa,Espoo,02110,60.26207833417306,24.63365718497645,4625.0,0.0
34a1f8f9-bc39-46fb-92f4-dbb7cd11eb28,1952-01-25,,999-58-5072,S99971170,X11220349X,Mrs.,Lumihelmi,Kulmakorpi,MD,Kriikku,M,white,nonhispanic,F,Järvenpää  Uusimaa  FI,655 Denisov Katu,Helsinki,Uusimaa,Helsinki,00730,60.215728922927426,24.84651305021017,7125.0,0.0
3f1008c4-484d-4282-8886-fde51e1ee373,1972-07-31,,999-47-2626,S99951224,X14446122X,Mrs.,Minna-Susanna,Sukselainen,,Harris,M,white,nonhispanic,F,Espoo  Uusimaa  FI,331 Rainerma Katu Unit 22,Espoo,Uusimaa,Espoo,02610,60.261312130763145,24.465339238173012,4750.0,0.0
b4985bbc-936e-4b01-822d-d7b4a51ba611,1945-08-31,,999-16-4706,S99981105,X61953651X,Ms.,Kaaren,Oila,,,S,white,nonhispanic,F,Helsinki  Uusimaa  FI,576 Valve Katu Suite 24,Helsinki,Uusimaa,Helsinki,00160,60.19782106150508,24.875275147962142,8000.0,0.0
f54a1542-61d0-4b41-91b9-bbc1ef80b0fd,1946-04-22,,999-65-5195,S99976383,X46154234X,Mrs.,Ingegerd,Lakio,,Lintinen,M,white,nonhispanic,F,Vantaa  Uusimaa  FI,314 Raerinne Katu Suite 27,Vantaa,Uusimaa,Vantaa,01640,60.34158297375016,24.87963376940933,7875.0,0.0
32f80e03-f6a9-47d6-a55d-abcd5009df23,1945-09-19,,999-61-9258,S99966529,X17953922X,Mrs.,Merve,Matson,,Smedjebacka,M,white,nonhispanic,F,Helsinki  Uusimaa  FI,539 Viitalahti Katu Apt 75,Porvoo,Uusimaa,Porvoo,06850,60.30177643446233,25.421418289370713,8000.0,0.0
6dd0257c-54a4-444b-8570-34d910848447,1960-03-31,,999-75-8914,S99968476,X75515188X,Mrs.,Madlena,Eliassi,,Haapsamo,M,white,nonhispanic,F,Nurmijärvi  Uusimaa  FI,787 Ahtila Katu,Helsinki,Uusimaa,Helsinki,00730,60.101736732973734,24.869636360438864,6125.0,0.0
bfda660c-a3ef-4fae-8bde-83eb03090e34,1951-04-15,,999-96-9178,S99916298,X26841937X,Mr.,Csaba,Mursula,,,M,white,nonhispanic,M,Sipoo  Uusimaa  FI,839 Kempas Katu Unit 84,Espoo,Uusimaa,Espoo,02250,60.2371744375278,24.780839065045193,7250.0,0.0
