PATIENT,START_YEAR,END_YEAR,PAYER,OWNERSHIP
daaa675b-e86e-4186-b590-a9e91af7eca3,2000,2018,e15e7b92-f376-374f-9285-2f59a38ad823,Guardian
8f7d56a4-0abe-4e35-8e40-34d173bb61b3,1995,2013,e15e7b92-f376-374f-9285-2f59a38ad823,Guardian
9d392784-b9c9-4a7b-a555-f2b31531bdd7,1981,1999,e15e7b92-f376-374f-9285-2f59a38ad823,Guardian
953dc76c-061a-445a-8378-005c6095f2cc,1993,2011,e15e7b92-f376-374f-9285-2f59a38ad823,Guardian
83709bae-b6d7-4f93-8ee9-904c039da3da,1990,2008,e15e7b92-f376-374f-9285-2f59a38ad823,Guardian
d13d7d7c-d1f5-4efd-b7e0-dc149628c9ae,1982,2000,e15e7b92-f376-374f-9285-2f59a38ad823,Guardian
4d6534f0-9599-4680-b857-0d2a6da5e321,2008,2008,b1c428d6-4f07-31e0-90f0-68ffa6ff8c76,
4d6534f0-9599-4680-b857-0d2a6da5e321,2009,2009,e15e7b92-f376-374f-9285-2f59a38ad823,
901360a2-f2b1-4927-9e2f-7a632d67e199,1951,1969,e15e7b92-f376-374f-9285-2f59a38ad823,Guardian
859263ec-9cd5-445b-838f-f64336720e82,1963,1981,e15e7b92-f376-374f-9285-2f59a38ad823,Guardian
71282186-cf98-4914-b163-9835438f646d,1972,1990,e15e7b92-f376-374f-9285-2f59a38ad823,Guardian
20bdf4a3-e506-486a-b164-002551443139,1984,2002,e15e7b92-f376-374f-9285-2f59a38ad823,Guardian
23c0f091-a771-4b1d-9425-c9b904a192ac,1977,1995,e15e7b92-f376-374f-9285-2f59a38ad823,Guardian
75a16056-37c3-4218-acbb-60114230c3e9,1940,1958,e15e7b92-f376-374f-9285-2f59a38ad823,Guardian
10ec1994-424c-4a1d-9791-6648e726d439,1991,2009,e15e7b92-f376-374f-9285-2f59a38ad823,Guardian
cf91703b-d5ec-4069-b0e7-3099412e51c3,1945,1963,e15e7b92-f376-374f-9285-2f59a38ad823,Guardian
46be58ca-a496-442e-8c0e-c85ac1bba0d1,1966,1984,e15e7b92-f376-374f-9285-2f59a38ad823,Guardian
3f826db0-98c1-43ed-a5ba-a2bf9d0febda,1962,1980,e15e7b92-f376-374f-9285-2f59a38ad823,Guardian
5eeaf4b0-4795-40e0-84fc-0a41a0b3764a,1994,2012,e15e7b92-f376-374f-9285-2f59a38ad823,Guardian
84304d12-f276-43c3-9830-4afe2fa0c942,1947,1965,e15e7b92-f376-374f-9285-2f59a38ad823,Guardian
910e1537-63e2-4dcf-bcb7-c79d41470f96,1985,2003,e15e7b92-f376-374f-9285-2f59a38ad823,Guardian
2eb29d90-e32d-4b83-a752-1acaa8ad4421,1954,1972,e15e7b92-f376-374f-9285-2f59a38ad823,Guardian
74bc2802-eaf4-4fdf-a49c-47b1380987d6,1949,1967,e15e7b92-f376-374f-9285-2f59a38ad823,Guardian
a472fd7f-bfe8-4efb-82da-bffa8e6cef16,1983,2001,e15e7b92-f376-374f-9285-2f59a38ad823,Guardian
6db1a3a7-afc7-462d-8f8d-249d8635cb58,1958,1976,e15e7b92-f376-374f-9285-2f59a38ad823,Guardian
5601993b-9f46-45fa-86fc-79d077825d04,1980,1998,e15e7b92-f376-374f-9285-2f59a38ad823,Guardian
f45169ca-9f4a-4a8e-82c9-34c91e128232,1970,1988,e15e7b92-f376-374f-9285-2f59a38ad823,Guardian
6b1d88be-6d7b-4f2c-94a9-a75383b8e24a,1992,2010,e15e7b92-f376-374f-9285-2f59a38ad823,Guardian
1c5435e2-2859-475b-8b89-9caa2b838437,1970,1988,e15e7b92-f376-374f-9285-2f59a38ad823,Guardian
88d74757-c3ca-4773-8493-c739a42a91d6,1971,1989,e15e7b92-f376-374f-9285-2f59a38ad823,Guardian
2fb0f772-ec7b-4597-b35c-33e23fa5aba5,1974,1992,e15e7b92-f376-374f-9285-2f59a38ad823,Guardian
88da7660-d5a9-4587-b9d8-66c9efcbb0cc,1959,1977,e15e7b92-f376-374f-9285-2f59a38ad823,Guardian
adc3e2b5-999d-4280-bc96-76a2ef6be120,1978,1996,e15e7b92-f376-374f-9285-2f59a38ad823,Guardian
46067068-3983-44c2-8e1e-e4b7c68b84db,1939,1957,e15e7b92-f376-374f-9285-2f59a38ad823,Guardian
73b2c7f6-07bf-40ca-a9c1-f5a61846fc51,1970,1988,e15e7b92-f376-374f-9285-2f59a38ad823,Guardian
1205f499-ada6-48d2-9a37-d0853f0252a1,1985,2003,e15e7b92-f376-374f-9285-2f59a38ad823,Guardian
c68fa2a2-ee90-4cc4-8ce8-591d4d00650b,1960,1978,e15e7b92-f376-374f-9285-2f59a38ad823,Guardian
6eb8162d-6c6f-45c4-9ef2-2c3e2e3728a9,1980,1998,e15e7b92-f376-374f-9285-2f59a38ad823,Guardian
a130250a-9e11-4fbb-bf88-40e39bfc3fa8,1958,1976,e15e7b92-f376-374f-9285-2f59a38ad823,Guardian
7176399f-b82b-4435-9eba-e1715e7147c3,1966,1984,e15e7b92-f376-374f-9285-2f59a38ad823,Guardian
de7e1e69-0747-4d51-ac08-e115fd1e0f4b,1976,1994,e15e7b92-f376-374f-9285-2f59a38ad823,Guardian
b2a5dc2a-50dd-4036-9299-259fa085aa89,1985,2003,e15e7b92-f376-374f-9285-2f59a38ad823,Guardian
10afbe70-cf5c-4101-92b1-413efd2bbca5,1966,1984,e15e7b92-f376-374f-9285-2f59a38ad823,Guardian
fd544b0b-b0c9-4e39-9ef9-2bd536a224b2,1955,1973,e15e7b92-f376-374f-9285-2f59a38ad823,Guardian
d9714a69-0188-41a6-8029-f45d1b144d18,1964,1982,e15e7b92-f376-374f-9285-2f59a38ad823,Guardian
e4c78b0a-4c64-4037-a396-5e2af70e7f8c,1909,1927,e15e7b92-f376-374f-9285-2f59a38ad823,Guardian
d7933a34-bdc5-452b-b8ce-27a571645ade,1987,2005,e15e7b92-f376-374f-9285-2f59a38ad823,Guardian
b86b4e8d-f46d-4e9b-a0af-956b4a7bd9b5,1947,1965,e15e7b92-f376-374f-9285-2f59a38ad823,Guardian
dfa73650-5605-4b45-967e-192af6d9a90a,1952,1970,e15e7b92-f376-374f-9285-2f59a38ad823,Guardian
77818868-a13e-48ba-90c7-9e5e9f09928d,1970,1988,e15e7b92-f376-374f-9285-2f59a38ad823,Guardian
33cded33-6c1f-4c51-8496-3aff2d2252bb,1973,1991,e15e7b92-f376-374f-9285-2f59a38ad823,Guardian
8e4aef6d-2f8c-4a1b-a87d-9e31f7b38bcc,1938,1956,e15e7b92-f376-374f-9285-2f59a38ad823,Guardian
73a05033-576e-4e00-b7b9-b18f2843cb74,1947,1965,e15e7b92-f376-374f-9285-2f59a38ad823,Guardian
238780b7-4200-4ab5-87e4-77b6aebe94c5,1980,1998,e15e7b92-f376-374f-9285-2f59a38ad823,Guardian
3a402456-38b8-4389-ad4c-27f5545ef293,1990,2008,e15e7b92-f376-374f-9285-2f59a38ad823,Guardian
40f9d099-53ed-42d2-b897-be798713a90a,1974,1992,e15e7b92-f376-374f-9285-2f59a38ad823,Guardian
a6216aa5-10cf-42dd-bb58-0241548f98f6,1949,1967,e15e7b92-f376-374f-9285-2f59a38ad823,Guardian
e30f84d6-05cd-4bde-8255-0f9d2d5abc8b,1967,1985,e15e7b92-f376-374f-9285-2f59a38ad823,Guardian
6d400928-b234-4a6c-ab56-48c824089a46,1996,2014,e15e7b92-f376-374f-9285-2f59a38ad823,Guardian
35193fd0-3323-4333-8f04-f7cb4248424c,1988,2006,e15e7b92-f376-374f-9285-2f59a38ad823,Guardian
249a437b-2c6b-4320-89c4-a0ac5da6c933,1964,1982,e15e7b92-f376-374f-9285-2f59a38ad823,Guardian
89b5d827-43ef-451e-8bd4-febb4c7dd874,1961,1979,e15e7b92-f376-374f-9285-2f59a38ad823,Guardian
d2e407f1-8098-4b36-837c-8d2f3d9402a5,1947,1965,e15e7b92-f376-374f-9285-2f59a38ad823,Guardian
100e458f-ed34-4020-a6b1-12d28874004b,1909,1927,e15e7b92-f376-374f-9285-2f59a38ad823,Guardian
283e6aa0-aeeb-4f8c-a19e-b00e5c0935d0,1984,2002,e15e7b92-f376-374f-9285-2f59a38ad823,Guardian
269bdf21-6bfb-4d69-b954-c9c21a7a93d2,1979,1997,e15e7b92-f376-374f-9285-2f59a38ad823,Guardian
3d5e7b65-e301-496a-b10f-da2478a750c5,1989,2007,e15e7b92-f376-374f-9285-2f59a38ad823,Guardian
ef6d49b8-5d1e-4bb9-9106-4572450f81b3,1973,1991,e15e7b92-f376-374f-9285-2f59a38ad823,Guardian
56cf991f-e955-464b-996b-a2aff9a7b00c,1967,1985,e15e7b92-f376-374f-9285-2f59a38ad823,Guardian
1f7e8506-ef75-402b-a5a9-05a8e9dbf6f5,1957,1975,e15e7b92-f376-374f-9285-2f59a38ad823,Guardian
a186269f-922f-4974-95a9-22f7d594b2bd,1951,1969,e15e7b92-f376-374f-9285-2f59a38ad823,Guardian
a186269f-922f-4974-95a9-22f7d594b2bd,1970,2010,e15e7b92-f376-374f-9285-2f59a38ad823,Self
31118946-9946-461a-923e-43170fec61ff,1930,1948,e15e7b92-f376-374f-9285-2f59a38ad823,Guardian
d618ed3c-2bfc-42b3-8b1f-d8fbe182e912,1975,1993,e15e7b92-f376-374f-9285-2f59a38ad823,Guardian
34a1f8f9-bc39-46fb-92f4-dbb7cd11eb28,1952,1970,e15e7b92-f376-374f-9285-2f59a38ad823,Guardian
3f1008c4-484d-4282-8886-fde51e1ee373,1972,1990,e15e7b92-f376-374f-9285-2f59a38ad823,Guardian
b4985bbc-936e-4b01-822d-d7b4a51ba611,1945,1963,e15e7b92-f376-374f-9285-2f59a38ad823,Guardian
f54a1542-61d0-4b41-91b9-bbc1ef80b0fd,1946,1964,e15e7b92-f376-374f-9285-2f59a38ad823,Guardian
32f80e03-f6a9-47d6-a55d-abcd5009df23,1945,1963,e15e7b92-f376-374f-9285-2f59a38ad823,Guardian
6dd0257c-54a4-444b-8570-34d910848447,1960,1978,e15e7b92-f376-374f-9285-2f59a38ad823,Guardian
bfda660c-a3ef-4fae-8bde-83eb03090e34,1951,1969,e15e7b92-f376-374f-9285-2f59a38ad823,Guardian
