DATE,PATIENT,ENCOUNTER,CODE,DESCRIPTION,BASE_COST,REASONCODE,REASONDESCRIPTION
2010-10-10,75a16056-37c3-4218-acbb-60114230c3e9,45dd461e-c9a4-46f2-873b-cc53969ec360,180325003,Electrical cardioversion,40674.06,49436004,Atrial Fibrillation
2011-10-16,75a16056-37c3-4218-acbb-60114230c3e9,bb2f65c3-ce3f-4867-8177-5c39eb50e77a,18286008,Catheter ablation of tissue of heart,14481.87,49436004,Atrial Fibrillation
2012-10-21,75a16056-37c3-4218-acbb-60114230c3e9,1a2dcb10-c8c0-4d7d-8bd9-aa648e232669,18286008,Catheter ablation of tissue of heart,7851.52,49436004,Atrial Fibrillation
2013-10-27,75a16056-37c3-4218-acbb-60114230c3e9,f7b90b15-e662-4b6c-8986-78fa9b7bdc14,180325003,Electrical cardioversion,29359.80,49436004,Atrial Fibrillation
2014-11-02,75a16056-37c3-4218-acbb-60114230c3e9,d6f29028-6ca0-44b5-8d00-718850295e81,180325003,Electrical cardioversion,27876.23,49436004,Atrial Fibrillation
2015-11-08,75a16056-37c3-4218-acbb-60114230c3e9,2670bcf3-4522-4064-8ad6-439038a4e024,180325003,Electrical cardioversion,35481.31,49436004,Atrial Fibrillation
2016-11-13,75a16056-37c3-4218-acbb-60114230c3e9,fa3fbb9c-d34a-4d7b-9e3a-4b2a70a518b4,18286008,Catheter ablation of tissue of heart,8565.73,49436004,Atrial Fibrillation
2017-11-19,75a16056-37c3-4218-acbb-60114230c3e9,8c5d290e-0422-4290-8f7c-c5f9668a66ff,180325003,Electrical cardioversion,21773.82,49436004,Atrial Fibrillation
2018-11-25,75a16056-37c3-4218-acbb-60114230c3e9,5359f935-2132-48a4-b81b-e628b8661518,180325003,Electrical cardioversion,40716.83,49436004,Atrial Fibrillation
2019-12-01,75a16056-37c3-4218-acbb-60114230c3e9,93f4c399-9681-4701-a22a-ebd46b89c3a1,180325003,Electrical cardioversion,33678.48,49436004,Atrial Fibrillation
2003-12-26,1c5435e2-2859-475b-8b89-9caa2b838437,17aba0b6-57e1-4b2f-8559-1972ea5e9280,40701008,Echocardiography (procedure),1463.61,22298006,Myocardial Infarction
2003-12-26,1c5435e2-2859-475b-8b89-9caa2b838437,17aba0b6-57e1-4b2f-8559-1972ea5e9280,415070008,Percutaneous coronary intervention,22765.12,22298006,Myocardial Infarction
2003-12-26,1c5435e2-2859-475b-8b89-9caa2b838437,17aba0b6-57e1-4b2f-8559-1972ea5e9280,232717009,Coronary artery bypass grafting,40923.71,22298006,Myocardial Infarction
2016-08-03,e4c78b0a-4c64-4037-a396-5e2af70e7f8c,cea0947d-3661-4fb2-b720-a809f16acdbd,40701008,Echocardiography (procedure),1405.31,22298006,Myocardial Infarction
2016-08-03,e4c78b0a-4c64-4037-a396-5e2af70e7f8c,cea0947d-3661-4fb2-b720-a809f16acdbd,415070008,Percutaneous coronary intervention,22660.74,22298006,Myocardial Infarction
2016-08-03,e4c78b0a-4c64-4037-a396-5e2af70e7f8c,cea0947d-3661-4fb2-b720-a809f16acdbd,232717009,Coronary artery bypass grafting,43304.30,22298006,Myocardial Infarction
2010-08-04,100e458f-ed34-4020-a6b1-12d28874004b,fd98333b-7437-470c-ad02-35362b076276,18286008,Catheter ablation of tissue of heart,10081.46,49436004,Atrial Fibrillation
2011-08-10,100e458f-ed34-4020-a6b1-12d28874004b,19c8aca3-febb-48e2-866b-57874b095853,18286008,Catheter ablation of tissue of heart,13037.07,49436004,Atrial Fibrillation
2012-08-15,100e458f-ed34-4020-a6b1-12d28874004b,4b192a42-7e27-45ac-9d0b-b60366ca400c,18286008,Catheter ablation of tissue of heart,12270.01,49436004,Atrial Fibrillation
2013-08-21,100e458f-ed34-4020-a6b1-12d28874004b,fb1228ad-e9b4-48be-a9ca-cd580ec6acd1,18286008,Catheter ablation of tissue of heart,10951.31,49436004,Atrial Fibrillation
2014-08-27,100e458f-ed34-4020-a6b1-12d28874004b,69deab92-f6a8-4fec-9471-e78ae3c5b859,180325003,Electrical cardioversion,21298.52,49436004,Atrial Fibrillation
2015-09-02,100e458f-ed34-4020-a6b1-12d28874004b,b989904e-c527-4db0-8682-b52f83e057a6,180325003,Electrical cardioversion,26092.05,49436004,Atrial Fibrillation
2016-09-07,100e458f-ed34-4020-a6b1-12d28874004b,47ad7453-e6a3-48da-aeec-425ee4f6180f,180325003,Electrical cardioversion,26677.19,49436004,Atrial Fibrillation
2017-09-13,100e458f-ed34-4020-a6b1-12d28874004b,f8f5b63d-7411-4154-bf46-f90b4357e09a,180325003,Electrical cardioversion,26305.58,49436004,Atrial Fibrillation
2018-09-19,100e458f-ed34-4020-a6b1-12d28874004b,1fc6ae22-f4ac-4d82-b59c-572da90af9c3,180325003,Electrical cardioversion,29193.49,49436004,Atrial Fibrillation
2019-09-25,100e458f-ed34-4020-a6b1-12d28874004b,708d70aa-d21a-4182-82f4-b63b9a2d198d,180325003,Electrical cardioversion,29655.12,49436004,Atrial Fibrillation
2010-05-09,a186269f-922f-4974-95a9-22f7d594b2bd,e2dfa427-4da8-4879-a95b-f482d6660747,40701008,Echocardiography (procedure),1158.78,22298006,Myocardial Infarction
2010-05-09,a186269f-922f-4974-95a9-22f7d594b2bd,e2dfa427-4da8-4879-a95b-f482d6660747,415070008,Percutaneous coronary intervention,27521.53,22298006,Myocardial Infarction
2010-05-09,a186269f-922f-4974-95a9-22f7d594b2bd,e2dfa427-4da8-4879-a95b-f482d6660747,232717009,Coronary artery bypass grafting,46917.25,22298006,Myocardial Infarction
2010-07-04,31118946-9946-461a-923e-43170fec61ff,c26d5390-133a-40b1-a6be-e85702df8a74,18286008,Catheter ablation of tissue of heart,9505.31,49436004,Atrial Fibrillation
2011-07-10,31118946-9946-461a-923e-43170fec61ff,a93a20ee-e9c4-43ca-90a7-ef5f5718a1bd,180325003,Electrical cardioversion,29694.09,49436004,Atrial Fibrillation
2012-07-15,31118946-9946-461a-923e-43170fec61ff,ac7f07d8-fc3c-49d0-8a04-b46091e53891,180325003,Electrical cardioversion,31079.32,49436004,Atrial Fibrillation
2013-07-21,31118946-9946-461a-923e-43170fec61ff,ff875fd6-d0e9-4093-8592-5d36b378a47e,180325003,Electrical cardioversion,27092.15,49436004,Atrial Fibrillation
2014-07-27,31118946-9946-461a-923e-43170fec61ff,e0c4f575-826a-48cf-85e7-86f45d4f2f8e,180325003,Electrical cardioversion,19644.20,49436004,Atrial Fibrillation
2015-08-02,31118946-9946-461a-923e-43170fec61ff,03a8484d-9b79-4834-b888-791a470511d1,180325003,Electrical cardioversion,26889.52,49436004,Atrial Fibrillation
2016-08-07,31118946-9946-461a-923e-43170fec61ff,414fb4f3-af49-4636-ac98-f5949fccad2d,180325003,Electrical cardioversion,25615.70,49436004,Atrial Fibrillation
2017-08-13,31118946-9946-461a-923e-43170fec61ff,bd4cb020-8529-41bb-a95a-a3a682e62725,180325003,Electrical cardioversion,27703.25,49436004,Atrial Fibrillation
2018-08-19,31118946-9946-461a-923e-43170fec61ff,0c79becb-fbaa-4d8e-a62d-21510056d756,180325003,Electrical cardioversion,28550.77,49436004,Atrial Fibrillation
2019-08-25,31118946-9946-461a-923e-43170fec61ff,cfc0db64-e3b4-4244-a9be-665b1d6640ed,180325003,Electrical cardioversion,36555.94,49436004,Atrial Fibrillation
2010-12-15,32f80e03-f6a9-47d6-a55d-abcd5009df23,26ea343f-1ffd-48fd-a6c4-74590f34d5a5,180325003,Electrical cardioversion,36758.97,49436004,Atrial Fibrillation
2011-12-21,32f80e03-f6a9-47d6-a55d-abcd5009df23,f62a21ad-2fba-4637-ab3d-ed59fde83a96,180325003,Electrical cardioversion,20075.94,49436004,Atrial Fibrillation
2012-12-26,32f80e03-f6a9-47d6-a55d-abcd5009df23,46d3108b-759d-4786-b04c-e6ab08475807,18286008,Catheter ablation of tissue of heart,8884.27,49436004,Atrial Fibrillation
2014-01-01,32f80e03-f6a9-47d6-a55d-abcd5009df23,2393c6c1-63bc-4590-8c91-3a7ff171b2e4,180325003,Electrical cardioversion,15725.47,49436004,Atrial Fibrillation
2015-01-07,32f80e03-f6a9-47d6-a55d-abcd5009df23,ca458451-5662-4ce8-b26e-c9dba0ba1cf4,180325003,Electrical cardioversion,30326.53,49436004,Atrial Fibrillation
2016-01-13,32f80e03-f6a9-47d6-a55d-abcd5009df23,0ef184f8-90ad-473a-bb3f-289030bfd90d,180325003,Electrical cardioversion,22735.30,49436004,Atrial Fibrillation
2017-01-18,32f80e03-f6a9-47d6-a55d-abcd5009df23,737a257c-9510-4990-91e9-1934c9704bfe,180325003,Electrical cardioversion,50155.57,49436004,Atrial Fibrillation
2018-01-24,32f80e03-f6a9-47d6-a55d-abcd5009df23,0093eefd-2cab-4a26-a665-164714fa4cb2,180325003,Electrical cardioversion,35237.99,49436004,Atrial Fibrillation
2019-01-30,32f80e03-f6a9-47d6-a55d-abcd5009df23,9aa542a5-e6ed-4c73-b401-8ba40b765362,180325003,Electrical cardioversion,31574.85,49436004,Atrial Fibrillation
2020-02-05,32f80e03-f6a9-47d6-a55d-abcd5009df23,cc07ae96-3e07-4ec4-9ea4-c56669f56dc9,180325003,Electrical cardioversion,24506.26,49436004,Atrial Fibrillation
