Id,ORGANIZATION,NAME,GENDER,SPECIALITY,ADDRESS,CITY,STATE,ZIP,LAT,LON,UTILIZATION
eeb592d8-5791-3a55-9978-5f8e0cfc817d,319baef9-e8e6-3320-9e0b-7991d9c167b8,Caisa Willner,F,GENERAL PRACTICE,Haartmaninkatu 4,Helsinki,18,00290,60.189159,24.909081,2
3abcb83e-8c34-36ce-8915-d944d99e434a,8af774ed-7635-320a-ad8c-a63aa309a858,Enzo Pohjanen,M,GENERAL PRACTICE,Sairaalatie 8,Lohja,18,08200,60.2247,24.01885,1
296cfa1d-ed74-36de-82c5-64cef5065640,738aef7e-a279-3f65-9dba-fead16b27400,Kamil Forsgrén,M,GENERAL PRACTICE,Turuntie 150,Espoo,18,02740,60.22589,24.77581,1519
4cf9e2d6-eb2d-389b-a90b-291c9129ae9e,9a3e6919-4ed0-32fe-a1e2-7184b06c415f,Jörgen Lahtimaa,M,GENERAL PRACTICE,Karvasmäentie 6,Espoo,18,02740,60.22011,24.6848,511
7b8ca680-a87f-3553-8fe5-6d347bb34dda,a70486b2-c33a-37b3-a4cf-b3dc06cb9d84,Mehmet Isokallio,M,GENERAL PRACTICE,Sairaalakatu 1,Vantaa,18,01400,60.3299,25.0608,1290
23e62560-3e25-360e-b953-3624ea15d540,bf25636d-50a4-3cf2-b937-0e59fd37503f,Caisa Willner,F,GENERAL PRACTICE,Sairaalankatu 1,Hyvinkää,18,05830,60.612,24.82486,89
2f682172-cea2-3910-940e-627820a29b33,4eddd774-a01b-3a0b-b4c6-736a5581aba4,Seif Rellman,M,GENERAL PRACTICE,Ohkolantie 10,Kellokoski,18,04500,60.53054,25.10548,156
9d8ca2f5-c050-3b59-b923-2501ae60831d,942171f0-df04-34cc-9c85-1a11b2f08717,Marja-Riikka Klar,F,GENERAL PRACTICE,Sairaalatie 8,Lohja,18,08200,60.2247,24.01885,104
7423de98-8b16-3753-a483-f647067d21a4,216a84b2-6287-356d-9bcf-655abf00debb,Piita Polari,F,GENERAL PRACTICE,Sairaalantie 1,Porvoo,18,06200,60.37911,25.69576,346
b6d6fbba-cb42-32c4-8cd4-e3eb51ed3083,319baef9-e8e6-3320-9e0b-7991d9c167b8,Kamil Forsgrén,M,GENERAL PRACTICE,Haartmaninkatu 4,Helsinki,18,00290,60.189159,24.909081,2
55962a9f-b652-373e-bca6-2a3b01bd508d,7b74aa83-5335-38dd-a213-d6df36c7f627,Caisa Willner,F,GENERAL PRACTICE,Karvasmäentie 6,Espoo,18,02740,60.22011,24.6848,1
20d1e2d7-ef4d-3b3a-8ee5-58642dc83602,af916982-f5f8-341b-b159-69e72695294c,Seif Rellman,M,GENERAL PRACTICE,Sairaalakatu 1,Vantaa,18,01400,60.3299,25.0608,1
6546d0f8-caae-319f-8831-920249eadd8a,294d60d6-0e2b-396b-a8bf-77998642f6b7,Elliina Loukiala,F,GENERAL PRACTICE,Ohkolantie 10,Kellokoski,18,04500,60.53054,25.10548,1
fa4f341a-dede-3a64-9a58-84bc85a1bed1,d8b3cbb1-88db-3fc1-bb2b-6a9c0037e6e5,Maxim Juslenius,M,GENERAL PRACTICE,Sairaalantie 1,Porvoo,18,06200,60.37911,25.69576,1
