location_id,address_1,address_2,city,state,zip,county,location_source_value
312,548 Yläkäs Katu,,Espoo,Uusimaa,02940,Espoo,9d4189de-b016-4514-9f77-d134ed47bf33
313,926 Huhtamaa Katu,,Helsinki,Uusimaa,00150,Helsinki,94e45650-aec1-463e-8f8a-343d81a6d34e
314,443 Ylesmäki Katu,,Järvenpää,Uusimaa,04440,Järvenpää,7a825f6e-5465-4b03-97b2-d7f23ec6c7f9
315,915 Friari Katu,,Espoo,Uusimaa,02270,Espoo,84885083-d8b1-485d-834e-424e034ea0c7
316,652 Hilla Katu Apt 96,,Järvenpää,Uusimaa,04430,Järvenpää,2ee05cd8-ab06-40a3-86b4-8c0d745b642d
317,640 Turkkinen Katu Unit 76,,Loviisa,Uusimaa,07750,Loviisa,9b9e40da-d399-44b8-b5e9-e565df86dda2
318,797 Helling Katu,,Helsinki,Uusimaa,00160,Helsinki,155f6608-5ad1-498c-8c62-215ef2f1b24b
319,630 Kuhna Katu,,Lohja,Uusimaa,08150,Lohja,655f4733-bed2-4cec-9e1a-39dd66819634
320,744 Surma-aho Katu Unit 36,,Helsinki,Uusimaa,00810,Helsinki,c92ae6cb-ac42-42d2-8ddf-2276502f0360
321,891 Davies Katu,,Helsinki,Uusimaa,00350,Helsinki,62544f23-b0b1-4de8-9346-ddd348d56d35
322,953 Waenerberg Katu,,Kerava,Uusimaa,04220,Kerava,e1ff9ef4-95dc-4754-9822-a6ff00f0675d
323,253 Könnölä Katu,,Vantaa,Uusimaa,01420,Vantaa,295223ed-caa9-40c3-9d0b-be07568d5d6e
324,1097 Sundén Katu Unit 53,,Espoo,Uusimaa,02170,Espoo,3605378d-54bb-47c3-b3f9-88fcfb834efd
325,823 Rönni Katu Suite 46,,Vantaa,Uusimaa,01420,Vantaa,aa61cbfa-05b7-47d9-b5fa-95e71928d89b
326,1027 Kotamies Katu Apt 50,,Helsinki,Uusimaa,00780,Helsinki,f67ed82d-9eda-4143-90a0-c97b9321be40
327,986 Koivujärvi Katu Unit 14,,Raasepori,Uusimaa,10680,Raasepori,879b137d-406b-4ecb-a399-bba9a0bf19bb
328,144 Lundahl Katu Unit 39,,Helsinki,Uusimaa,00210,Helsinki,5f29acb0-9ce8-47b3-80d7-8aaec92c6908
329,887 Lotta Katu,,Helsinki,Uusimaa,00380,Helsinki,b551ab56-4fa5-4d20-b7cd-02cff03555c1
330,660 Mäensalo Katu Suite 16,,Helsinki,Uusimaa,00100,Helsinki,10c684e1-d0fe-4187-b9d3-24e6bab522e4
331,172 Odell Katu,,Mäntsälä,Uusimaa,04680,Mäntsälä,ec133002-335c-41e2-9419-856e1ba7c732
332,762 Tuokkola Katu Unit 76,,Lohja,Uusimaa,08480,Lohja,de9c7563-d7ef-48c4-9a69-2ee140db014d
333,674 Syring Katu,,Vantaa,Uusimaa,01740,Vantaa,3505e2d5-6338-43d2-a59e-ce0dd1e61cdc
334,324 Collins Katu Unit 3,,Vantaa,Uusimaa,01680,Vantaa,a4466cef-365f-4a9f-99af-7b62bdf2e412
335,156 From Katu,,Espoo,Uusimaa,02730,Espoo,5e0b7227-f85b-4d81-ad83-d8d9017be4c7
336,940 Mäntyvaara Katu Suite 48,,Järvenpää,Uusimaa,04410,Järvenpää,59ff7aaa-2145-44da-b0b0-bc517b435a7f
337,624 Lötjönen Katu,,Helsinki,Uusimaa,00580,Helsinki,3b86dbf6-ec7c-4ad9-b21a-32ee6bb80a30
338,1012 Konster Katu,,Porvoo,Uusimaa,07130,Porvoo,feb4f499-0f3e-483d-9e58-1c1230b55677
339,178 Vattu Katu,,Espoo,Uusimaa,02740,Espoo,d34da7c8-43f5-4822-ac66-09b9d149e27b
340,768 Saaranluoma Katu,,Tuusula,Uusimaa,05430,Tuusula,2b080a40-e803-47af-91d4-09e9a0504c0c
341,624 Pendolin Katu Suite 46,,Vantaa,Uusimaa,01770,Vantaa,96f929f3-fc2f-430d-87bb-588293d071e3
342,857 Yli-Kivistö Katu Suite 13,,Vantaa,Uusimaa,01730,Vantaa,17f84c09-db6c-4f93-8ebe-3fc3cac3e8f8
343,999 Viljanen Katu Suite 86,,Porvoo,Uusimaa,07360,Porvoo,ddc2399a-20d9-478f-b1d8-27eafa7d505c
344,380 Fellman Katu,,Helsinki,Uusimaa,00250,Helsinki,6802ca41-3eac-45d2-9ae3-055e38239d48
345,1057 Hertsi Katu,,Helsinki,Uusimaa,00890,Helsinki,09c5bb44-ac86-4a92-b384-037624b3a7a4
346,1005 Kangasniemi Katu,,Vantaa,Uusimaa,01520,Vantaa,61e5498a-3f65-4d5b-8462-b18d8277576c
347,633 Oura Katu Suite 7,,Helsinki,Uusimaa,00300,Helsinki,3c26cb20-a4e7-4cbf-a03a-3aca6b6649a0
348,289 Joutsa Katu Apt 95,,Vantaa,Uusimaa,01360,Vantaa,71b1ef24-63cb-432a-83ff-99acd833aeda
349,1072 Latifi Katu Suite 67,,Helsinki,Uusimaa,00140,Helsinki,491245a0-6489-4df5-8ecf-482d108320bb
350,972 Söderbacka Katu,,Helsinki,Uusimaa,00840,Helsinki,5ee59a72-1e61-4b00-a80a-85a8c52dcdfb
351,143 Raikas Katu,,Kirkkonummi,Uusimaa,02520,Kirkkonummi,2fbde509-297d-44cc-9df8-a60dc90eee85
352,343 Österbacka Katu Apt 77,,Vantaa,Uusimaa,01660,Vantaa,81962d7b-bc7a-486d-8f2c-9b1f5b2eb83e
353,873 Salvén Katu,,Helsinki,Uusimaa,00200,Helsinki,4029611d-df55-4e3c-8d3a-88dc82186880
354,1008 Nordkvist Katu,,Loviisa,Uusimaa,07955,Loviisa,5972291c-66b7-448f-bf6a-2425b2ada5e4
355,198 Knichter Katu Unit 91,,Vantaa,Uusimaa,01380,Vantaa,7107885a-358f-4665-ba27-9a25aca6a5b2
356,159 Kronvall Katu Unit 82,,Vantaa,Uusimaa,01600,Vantaa,2444df42-c419-4534-a42b-9d5b09bd162f
357,225 Kaaranen Katu Unit 66,,Helsinki,Uusimaa,00880,Helsinki,641254b2-a337-4866-96d9-a202472c5ca0
358,169 Maalahti Katu Suite 64,,Espoo,Uusimaa,02360,Espoo,ae9849d5-001f-4d87-830e-f39d6da8e37c
359,451 Sammatti Katu,,Helsinki,Uusimaa,00140,Helsinki,a88597f1-2d07-41ab-9248-d3613dc49830
360,1078 Alkio Katu,,Kirkkonummi,Uusimaa,02480,Kirkkonummi,e6cd6502-1f36-456c-b117-0447c5f7d961
361,834 Maantila Katu,,Karkkila,Uusimaa,03620,Karkkila,69c80609-feec-4c66-8c61-799b3f1f0100
362,163 Eräranta Katu Apt 40,,Espoo,Uusimaa,02110,Espoo,225781a7-ecee-4027-9a8e-a14efe301a86
363,222 Mökkälä Katu,,Helsinki,Uusimaa,00510,Helsinki,64c0a3fe-bdbd-45ab-ae53-6383193ed2a5
364,511 Siitari Katu Suite 55,,Vantaa,Uusimaa,01640,Vantaa,98534e74-2af6-4880-a0a8-adb1459be68d
365,841 Halmeenmäki Katu Unit 87,,Helsinki,Uusimaa,00240,Helsinki,d00a69e9-0ba7-403b-a058-b4661287e120
366,375 Pöntinen Katu,,Sipoo,Uusimaa,01120,Sipoo,34b5c609-5c58-4a83-b38b-45af565fea7c
367,105 Huhdanperä Katu Unit 61,,Helsinki,Uusimaa,00780,Helsinki,9716396c-a7e7-4491-a62d-c321556bd827
368,360 Sow Katu Apt 62,,Hyvinkää,Uusimaa,05470,Hyvinkää,3a10daee-5081-4418-a128-afcc8e3a9b6e
369,230 Böhme Katu,,Vantaa,Uusimaa,01670,Vantaa,d75207fc-d605-4217-a642-31003a0f07a8
370,667 Roukka Katu,,Helsinki,Uusimaa,00410,Helsinki,2b2cd5b5-d3fd-459f-9a62-7dc2c5ae87cd
371,668 Kollani Katu,,Helsinki,Uusimaa,00280,Helsinki,d49a553e-2075-4d7c-b24b-c90721f735e1
372,302 Ylimäinen Katu Apt 67,,Helsinki,Uusimaa,00340,Helsinki,5d9aef6b-b1fd-41fe-946c-a0ce55475643
373,243 Majorin Katu,,Vantaa,Uusimaa,01380,Vantaa,eefbff60-731e-47d9-b6c5-b998220e52a7
374,434 Muroma Katu,,Porvoo,Uusimaa,06400,Porvoo,1e7b54c0-a436-4d05-9880-8a40432f06e9
375,451 Roslander Katu Unit 23,,Vantaa,Uusimaa,01350,Vantaa,bc0a8cad-13f4-458a-8eb1-9b12c10f72b9
376,562 Stråka Katu Apt 30,,Espoo,Uusimaa,02140,Espoo,62a2cfed-d107-4011-a7e8-6f94136621d6
377,404 Korja Katu Unit 50,,Kirkkonummi,Uusimaa,02880,Kirkkonummi,d7788732-6750-45fb-adf4-250bd3b90b6d
378,294 Myllykoski Katu Unit 39,,Vantaa,Uusimaa,01360,Vantaa,35bc89b2-067f-44d5-9718-1d7ca4963716
379,799 Kassem Katu,,Helsinki,Uusimaa,00650,Helsinki,32472273-c19c-445c-b13a-306179a2d886
380,316 Vähämöttönen Katu,,Vantaa,Uusimaa,01750,Vantaa,66e9934b-b0a5-4231-aa35-a9d2389bb294
381,778 Korkea-aho Katu Suite 75,,Helsinki,Uusimaa,00800,Helsinki,bd0ac6b0-0bea-46b6-b78f-37a14b6389c3
382,562 Karas Katu Suite 92,,Helsinki,Uusimaa,00770,Helsinki,632ab23e-1d5b-4f94-a6a8-5ee3d9f9f4da
383,366 Etelätalo Katu,,Vantaa,Uusimaa,01730,Vantaa,243dc642-21b3-4595-a636-722e3104bedf
384,738 Vierros Katu,,Helsinki,Uusimaa,00250,Helsinki,157fe561-600d-4451-9589-b623b5bda5fc
385,467 Neitola Katu Unit 12,,Helsinki,Uusimaa,00310,Helsinki,67987d84-598c-44a4-80b6-25f7044dc664
386,1087 Kukkoaho Katu Unit 23,,Tuusula,Uusimaa,04390,Tuusula,6cff2627-d16c-4cbc-8ebf-d5cfeca922e7
387,1011 Siljanto Katu,,Myrskylä,Uusimaa,07690,Myrskylä,221c14af-93c2-43be-8bbd-cc72378693ae
388,1031 Hakoneva Katu Suite 48,,Helsinki,Uusimaa,00150,Helsinki,f3e51f39-7599-4a0d-8cd4-a7dee1cadd6f
389,787 Nässling Katu Apt 73,,Helsinki,Uusimaa,00210,Helsinki,4b6580ec-8e0d-44d1-86b5-ad5ef34f45e1
390,462 Syrjäpalo Katu,,Helsinki,Uusimaa,00590,Helsinki,5e45c4d2-4300-4e9d-b76e-aaef5b56d20e
391,274 Miekkala Katu Suite 1,,Helsinki,Uusimaa,00520,Helsinki,3480f5d4-2b6d-416d-91b6-4cf5b4a32884
392,386 Putkisto Katu,,Espoo,Uusimaa,02810,Espoo,c934fe6d-f010-4a30-b35f-e443094567f6
393,1078 Köykkäri Katu,,Espoo,Uusimaa,02240,Espoo,f73f36a4-ba1c-49af-8356-e2013158a553
394,249 Huju Katu,,Helsinki,Uusimaa,00550,Helsinki,6c4b3be4-90f9-4a97-af7d-c44d0ed55e1e
395,300 Sylvander Katu,,Helsinki,Uusimaa,00190,Helsinki,a8681e7d-2203-4212-b3f6-8b5e2e28b942
396,342 Skrifvars Katu,,Espoo,Uusimaa,02100,Espoo,be0f5fe9-3bf3-41bc-81bf-b2821d3f792d
397,934 Lindros Katu,,Helsinki,Uusimaa,00330,Helsinki,d6c0dfff-b1e0-4a86-bd7e-064d6fea7245
398,569 Viertola Katu Suite 86,,Helsinki,Uusimaa,00380,Helsinki,95edfa70-d589-41a2-82fe-87c8dbb73cb9
399,257 Engren Katu,,Espoo,Uusimaa,02680,Espoo,a5fcfa20-03e6-4759-8d90-1f9d9dc7bf79
400,725 Dromberg Katu,,Nurmijärvi,Uusimaa,05250,Nurmijärvi,b21fbf75-ec90-4b5f-9b5b-d392b299b3f2
401,198 Kulkki Katu,,Helsinki,Uusimaa,00390,Helsinki,05c79f84-ca20-4488-8479-cefa307b1b09
402,715 Långskog Katu Unit 26,,Lohja,Uusimaa,09930,Lohja,2a40e8cf-1bfc-4536-a4cc-b5d888a8db0b
403,867 Brisk Katu Apt 42,,Vantaa,Uusimaa,01610,Vantaa,a38d2a5c-401c-42cd-9b00-6245d55e2c6d
404,158 Huolman Katu,,Vantaa,Uusimaa,01770,Vantaa,5cd99ee8-b277-4ac0-8279-b548facfb887
405,251 Ala-Jokimäki Katu Suite 4,,Vihti,Uusimaa,03300,Vihti,60820eea-463f-4282-bca6-41e98d493c82
406,990 Uusi-Simola Katu Unit 7,,Helsinki,Uusimaa,00860,Helsinki,911f46cb-0c57-4f36-9db8-d40bbb0b3e19
407,402 Söderling Katu Apt 30,,Espoo,Uusimaa,02720,Espoo,463ec299-5455-483a-a9de-5de287469247
408,766 Ginström Katu Suite 72,,Espoo,Uusimaa,02320,Espoo,e3f16713-e112-4faa-a473-e7b56756dcd5
409,569 Larsen Katu,,Vantaa,Uusimaa,01730,Vantaa,6d919718-a3bb-4fc7-9afd-665120e4e0bd
410,867 Mannukka Katu Unit 39,,Espoo,Uusimaa,02740,Espoo,c04f8ca7-ba51-464a-a923-56deb5810dab
411,759 Vähäkari Katu Apt 43,,Espoo,Uusimaa,02860,Espoo,4cb6bdae-b70e-4648-a469-33ff2f01151c
412,209 Ylilauri Katu Unit 49,,Vantaa,Uusimaa,01600,Vantaa,4e5e0a34-3e52-4779-91d0-860a58a131f7
