person_id,gender_concept_id,year_of_birth,month_of_birth,day_of_birth,birth_datetime,race_concept_id,ethnicity_concept_id,location_id,provider_id,care_site_id,person_source_value,gender_source_value,gender_source_concept_id,race_source_value,race_source_concept_id,ethnicity_source_value,ethnicity_source_concept_id
312,8532,2017,5,15,,8527,0,312,,,9d4189de-b016-4514-9f77-d134ed47bf33,F,0,white,0,nonhispanic,0
313,8507,2002,5,7,,8527,0,313,,,94e45650-aec1-463e-8f8a-343d81a6d34e,M,0,white,0,nonhispanic,0
314,8507,1997,12,7,,8527,0,314,,,7a825f6e-5465-4b03-97b2-d7f23ec6c7f9,M,0,white,0,nonhispanic,0
315,8532,1993,3,25,,8527,0,315,,,84885083-d8b1-485d-834e-424e034ea0c7,F,0,white,0,nonhispanic,0
316,8532,1984,11,6,,8527,0,316,,,2ee05cd8-ab06-40a3-86b4-8c0d745b642d,F,0,white,0,nonhispanic,0
317,8507,1980,1,14,,8527,0,317,,,9b9e40da-d399-44b8-b5e9-e565df86dda2,M,0,white,0,nonhispanic,0
318,8532,1979,4,6,,8527,0,318,,,155f6608-5ad1-498c-8c62-215ef2f1b24b,F,0,white,0,nonhispanic,0
319,8532,2001,7,5,,8527,0,319,,,655f4733-bed2-4cec-9e1a-39dd66819634,F,0,white,0,nonhispanic,0
320,8507,1965,10,29,,8527,0,320,,,c92ae6cb-ac42-42d2-8ddf-2276502f0360,M,0,white,0,nonhispanic,0
321,8532,1956,2,5,,8527,0,321,,,62544f23-b0b1-4de8-9346-ddd348d56d35,F,0,white,0,nonhispanic,0
322,8507,1983,8,25,,8527,0,322,,,e1ff9ef4-95dc-4754-9822-a6ff00f0675d,M,0,white,0,nonhispanic,0
323,8507,1970,7,6,,8527,0,323,,,295223ed-caa9-40c3-9d0b-be07568d5d6e,M,0,white,0,nonhispanic,0
324,8532,1992,3,8,,8527,0,324,,,3605378d-54bb-47c3-b3f9-88fcfb834efd,F,0,white,0,nonhispanic,0
325,8532,1988,3,28,,8527,0,325,,,aa61cbfa-05b7-47d9-b5fa-95e71928d89b,F,0,white,0,nonhispanic,0
326,8507,2016,8,15,,8527,0,326,,,f67ed82d-9eda-4143-90a0-c97b9321be40,M,0,white,0,nonhispanic,0
327,8532,1987,11,20,,8527,0,327,,,879b137d-406b-4ecb-a399-bba9a0bf19bb,F,0,white,0,nonhispanic,0
328,8507,2012,3,3,,8527,0,328,,,5f29acb0-9ce8-47b3-80d7-8aaec92c6908,M,0,white,0,nonhispanic,0
329,8507,1994,8,18,,8527,0,329,,,b551ab56-4fa5-4d20-b7cd-02cff03555c1,M,0,white,0,nonhispanic,0
330,8532,2018,3,3,,8527,0,330,,,10c684e1-d0fe-4187-b9d3-24e6bab522e4,F,0,white,0,nonhispanic,0
331,8532,1971,11,27,,8527,0,331,,,ec133002-335c-41e2-9419-856e1ba7c732,F,0,white,0,nonhispanic,0
332,8532,1993,2,6,,8527,0,332,,,de9c7563-d7ef-48c4-9a69-2ee140db014d,F,0,white,0,nonhispanic,0
333,8507,2015,6,24,,8527,0,333,,,3505e2d5-6338-43d2-a59e-ce0dd1e61cdc,M,0,white,0,nonhispanic,0
334,8532,1982,5,6,,8527,0,334,,,a4466cef-365f-4a9f-99af-7b62bdf2e412,F,0,white,0,nonhispanic,0
335,8507,1999,10,27,,8527,0,335,,,5e0b7227-f85b-4d81-ad83-d8d9017be4c7,M,0,white,0,nonhispanic,0
336,8532,2003,11,10,,8527,0,336,,,59ff7aaa-2145-44da-b0b0-bc517b435a7f,F,0,white,0,nonhispanic,0
337,8532,1961,3,18,,8527,0,337,,,3b86dbf6-ec7c-4ad9-b21a-32ee6bb80a30,F,0,white,0,nonhispanic,0
338,8507,1994,3,17,,8527,0,338,,,feb4f499-0f3e-483d-9e58-1c1230b55677,M,0,white,0,nonhispanic,0
339,8507,2015,4,13,,8527,0,339,,,d34da7c8-43f5-4822-ac66-09b9d149e27b,M,0,white,0,nonhispanic,0
340,8507,1980,9,1,,8527,0,340,,,2b080a40-e803-47af-91d4-09e9a0504c0c,M,0,white,0,nonhispanic,0
341,8507,1951,10,10,,8527,0,341,,,96f929f3-fc2f-430d-87bb-588293d071e3,M,0,white,0,nonhispanic,0
342,8532,1959,9,5,,8527,0,342,,,17f84c09-db6c-4f93-8ebe-3fc3cac3e8f8,F,0,white,0,nonhispanic,0
343,8507,1980,5,23,,8527,0,343,,,ddc2399a-20d9-478f-b1d8-27eafa7d505c,M,0,white,0,nonhispanic,0
344,8532,1951,8,1,,8527,0,344,,,6802ca41-3eac-45d2-9ae3-055e38239d48,F,0,white,0,nonhispanic,0
345,8507,1987,4,15,,8527,0,345,,,09c5bb44-ac86-4a92-b384-037624b3a7a4,M,0,white,0,nonhispanic,0
346,8532,1947,4,5,,8527,0,346,,,61e5498a-3f65-4d5b-8462-b18d8277576c,F,0,white,0,nonhispanic,0
347,8507,1958,8,12,,8527,0,347,,,3c26cb20-a4e7-4cbf-a03a-3aca6b6649a0,M,0,white,0,nonhispanic,0
348,8507,2012,8,12,,8527,0,348,,,71b1ef24-63cb-432a-83ff-99acd833aeda,M,0,white,0,nonhispanic,0
349,8532,1988,12,23,,8527,0,349,,,491245a0-6489-4df5-8ecf-482d108320bb,F,0,white,0,nonhispanic,0
350,8507,1948,1,16,,8527,0,350,,,5ee59a72-1e61-4b00-a80a-85a8c52dcdfb,M,0,white,0,nonhispanic,0
351,8507,1949,1,14,,8527,0,351,,,2fbde509-297d-44cc-9df8-a60dc90eee85,M,0,white,0,nonhispanic,0
352,8532,1969,8,8,,8527,0,352,,,81962d7b-bc7a-486d-8f2c-9b1f5b2eb83e,F,0,white,0,nonhispanic,0
353,8507,1982,8,3,,8527,0,353,,,4029611d-df55-4e3c-8d3a-88dc82186880,M,0,white,0,nonhispanic,0
354,8532,1945,12,24,,8527,0,354,,,5972291c-66b7-448f-bf6a-2425b2ada5e4,F,0,white,0,nonhispanic,0
355,8507,2007,5,11,,8527,0,355,,,7107885a-358f-4665-ba27-9a25aca6a5b2,M,0,white,0,nonhispanic,0
356,8507,1970,12,5,,8527,0,356,,,2444df42-c419-4534-a42b-9d5b09bd162f,M,0,white,0,nonhispanic,0
357,8507,1971,10,23,,8527,0,357,,,641254b2-a337-4866-96d9-a202472c5ca0,M,0,white,0,nonhispanic,0
358,8507,1939,10,8,,8527,0,358,,,ae9849d5-001f-4d87-830e-f39d6da8e37c,M,0,white,0,nonhispanic,0
359,8532,2018,8,14,,8527,0,359,,,a88597f1-2d07-41ab-9248-d3613dc49830,F,0,white,0,nonhispanic,0
360,8532,2006,10,3,,8527,0,360,,,e6cd6502-1f36-456c-b117-0447c5f7d961,F,0,white,0,nonhispanic,0
361,8507,1951,3,15,,8527,0,361,,,69c80609-feec-4c66-8c61-799b3f1f0100,M,0,white,0,nonhispanic,0
362,8532,1966,5,30,,8527,0,362,,,225781a7-ecee-4027-9a8e-a14efe301a86,F,0,white,0,nonhispanic,0
363,8532,1979,2,12,,8527,0,363,,,64c0a3fe-bdbd-45ab-ae53-6383193ed2a5,F,0,white,0,nonhispanic,0
364,8532,2011,5,30,,8527,0,364,,,98534e74-2af6-4880-a0a8-adb1459be68d,F,0,white,0,nonhispanic,0
365,8507,1995,7,29,,8527,0,365,,,d00a69e9-0ba7-403b-a058-b4661287e120,M,0,white,0,nonhispanic,0
366,8532,1996,11,11,,8527,0,366,,,34b5c609-5c58-4a83-b38b-45af565fea7c,F,0,white,0,nonhispanic,0
367,8507,1978,6,1,,8527,0,367,,,9716396c-a7e7-4491-a62d-c321556bd827,M,0,white,0,nonhispanic,0
368,8532,2001,7,2,,8527,0,368,,,3a10daee-5081-4418-a128-afcc8e3a9b6e,F,0,white,0,nonhispanic,0
369,8532,1986,3,20,,8527,0,369,,,d75207fc-d605-4217-a642-31003a0f07a8,F,0,white,0,nonhispanic,0
370,8532,1949,11,11,,8527,0,370,,,2b2cd5b5-d3fd-459f-9a62-7dc2c5ae87cd,F,0,white,0,nonhispanic,0
371,8507,1953,1,12,,8527,0,371,,,d49a553e-2075-4d7c-b24b-c90721f735e1,M,0,white,0,nonhispanic,0
372,8507,1980,10,22,,8527,0,372,,,5d9aef6b-b1fd-41fe-946c-a0ce55475643,M,0,white,0,nonhispanic,0
373,8532,2019,12,17,,8527,0,373,,,eefbff60-731e-47d9-b6c5-b998220e52a7,F,0,white,0,nonhispanic,0
374,8507,1965,1,29,,8527,0,374,,,1e7b54c0-a436-4d05-9880-8a40432f06e9,M,0,white,0,nonhispanic,0
375,8532,2000,1,13,,8527,0,375,,,bc0a8cad-13f4-458a-8eb1-9b12c10f72b9,F,0,white,0,nonhispanic,0
376,8532,1971,8,14,,8527,0,376,,,62a2cfed-d107-4011-a7e8-6f94136621d6,F,0,white,0,nonhispanic,0
377,8532,1962,8,29,,8527,0,377,,,d7788732-6750-45fb-adf4-250bd3b90b6d,F,0,white,0,nonhispanic,0
378,8532,1963,9,30,,8527,0,378,,,35bc89b2-067f-44d5-9718-1d7ca4963716,F,0,white,0,nonhispanic,0
379,8532,1978,11,24,,8527,0,379,,,32472273-c19c-445c-b13a-306179a2d886,F,0,white,0,nonhispanic,0
380,8532,1996,6,21,,8527,0,380,,,66e9934b-b0a5-4231-aa35-a9d2389bb294,F,0,white,0,nonhispanic,0
381,8507,2003,10,2,,8527,0,381,,,bd0ac6b0-0bea-46b6-b78f-37a14b6389c3,M,0,white,0,nonhispanic,0
382,8507,1981,11,30,,8527,0,382,,,632ab23e-1d5b-4f94-a6a8-5ee3d9f9f4da,M,0,white,0,nonhispanic,0
383,8507,1979,8,11,,8527,0,383,,,243dc642-21b3-4595-a636-722e3104bedf,M,0,white,0,nonhispanic,0
384,8532,1986,2,14,,8527,0,384,,,157fe561-600d-4451-9589-b623b5bda5fc,F,0,white,0,nonhispanic,0
385,8507,1953,1,12,,8527,0,385,,,67987d84-598c-44a4-80b6-25f7044dc664,M,0,white,0,nonhispanic,0
386,8507,1942,4,3,,8527,0,386,,,6cff2627-d16c-4cbc-8ebf-d5cfeca922e7,M,0,white,0,nonhispanic,0
387,8532,1965,10,18,,8527,0,387,,,221c14af-93c2-43be-8bbd-cc72378693ae,F,0,white,0,nonhispanic,0
388,8532,1981,1,23,,8527,0,388,,,f3e51f39-7599-4a0d-8cd4-a7dee1cadd6f,F,0,white,0,nonhispanic,0
389,8532,1979,2,21,,8527,0,389,,,4b6580ec-8e0d-44d1-86b5-ad5ef34f45e1,F,0,white,0,nonhispanic,0
390,8507,1954,12,8,,8527,0,390,,,5e45c4d2-4300-4e9d-b76e-aaef5b56d20e,M,0,white,0,nonhispanic,0
391,8532,1975,2,15,,8527,0,391,,,3480f5d4-2b6d-416d-91b6-4cf5b4a32884,F,0,white,0,nonhispanic,0
392,8507,1983,1,20,,8527,0,392,,,c934fe6d-f010-4a30-b35f-e443094567f6,M,0,white,0,nonhispanic,0
393,8507,1970,7,24,,8527,0,393,,,f73f36a4-ba1c-49af-8356-e2013158a553,M,0,white,0,nonhispanic,0
394,8532,1955,6,11,,8527,0,394,,,6c4b3be4-90f9-4a97-af7d-c44d0ed55e1e,F,0,white,0,nonhispanic,0
395,8532,1946,9,2,,8527,0,395,,,a8681e7d-2203-4212-b3f6-8b5e2e28b942,F,0,white,0,nonhispanic,0
396,8507,2019,4,20,,8527,0,396,,,be0f5fe9-3bf3-41bc-81bf-b2821d3f792d,M,0,white,0,nonhispanic,0
397,8532,1954,7,30,,8527,0,397,,,d6c0dfff-b1e0-4a86-bd7e-064d6fea7245,F,0,white,0,nonhispanic,0
398,8532,1979,12,20,,8527,0,398,,,95edfa70-d589-41a2-82fe-87c8dbb73cb9,F,0,white,0,nonhispanic,0
399,8532,1982,9,16,,8527,0,399,,,a5fcfa20-03e6-4759-8d90-1f9d9dc7bf79,F,0,white,0,nonhispanic,0
400,8532,1938,8,26,,8527,0,400,,,b21fbf75-ec90-4b5f-9b5b-d392b299b3f2,F,0,white,0,nonhispanic,0
401,8507,1991,7,24,,8527,0,401,,,05c79f84-ca20-4488-8479-cefa307b1b09,M,0,white,0,nonhispanic,0
402,8532,1986,8,23,,8527,0,402,,,2a40e8cf-1bfc-4536-a4cc-b5d888a8db0b,F,0,white,0,nonhispanic,0
403,8532,1987,3,18,,8527,0,403,,,a38d2a5c-401c-42cd-9b00-6245d55e2c6d,F,0,white,0,nonhispanic,0
404,8532,1973,10,26,,8527,0,404,,,5cd99ee8-b277-4ac0-8279-b548facfb887,F,0,white,0,nonhispanic,0
405,8507,1935,10,22,,8527,0,405,,,60820eea-463f-4282-bca6-41e98d493c82,M,0,white,0,nonhispanic,0
406,8507,1977,8,6,,8527,0,406,,,911f46cb-0c57-4f36-9db8-d40bbb0b3e19,M,0,white,0,nonhispanic,0
407,8532,1971,1,25,,8527,0,407,,,463ec299-5455-483a-a9de-5de287469247,F,0,white,0,nonhispanic,0
408,8532,2003,5,2,,8527,0,408,,,e3f16713-e112-4faa-a473-e7b56756dcd5,F,0,white,0,nonhispanic,0
409,8507,1990,10,26,,8527,0,409,,,6d919718-a3bb-4fc7-9afd-665120e4e0bd,M,0,white,0,nonhispanic,0
410,8507,1968,1,2,,8527,0,410,,,c04f8ca7-ba51-464a-a923-56deb5810dab,M,0,white,0,nonhispanic,0
411,8532,1965,11,3,,8527,0,411,,,4cb6bdae-b70e-4648-a469-33ff2f01151c,F,0,white,0,nonhispanic,0
412,8507,1954,10,28,,8527,0,412,,,4e5e0a34-3e52-4779-91d0-860a58a131f7,M,0,white,0,nonhispanic,0
