person_id,gender_concept_id,year_of_birth,month_of_birth,day_of_birth,birth_datetime,race_concept_id,ethnicity_concept_id,location_id,provider_id,care_site_id,person_source_value,gender_source_value,gender_source_concept_id,race_source_value,race_source_concept_id,ethnicity_source_value,ethnicity_source_concept_id
1,8532,2002,12,21,,8527,0,1,,,edd9eac7-15eb-46a6-9017-c34e99a55d32,F,0,white,0,nonhispanic,0
2,8507,2002,1,13,,8527,0,2,,,bb18d5c8-cef0-4916-8c87-d302ed736534,M,0,white,0,nonhispanic,0
3,8507,1996,5,11,,8527,0,3,,,25f3acc3-a03c-4584-8ec0-7f3a02a16585,M,0,white,0,nonhispanic,0
4,8532,1993,3,23,,8527,0,4,,,4f6695e3-829b-4dd7-be14-43525c54071e,F,0,white,0,nonhispanic,0
5,8507,1982,10,2,,8527,0,5,,,9aedb0f9-565c-4a92-8f23-fe31c481136d,M,0,white,0,nonhispanic,0
6,8507,1982,6,25,,8527,0,6,,,8853d541-4877-473a-8b10-d1df24d50e85,M,0,white,0,nonhispanic,0
7,8507,2007,5,7,,8527,0,7,,,69c18120-f756-48b9-a35f-42be32f489b0,M,0,white,0,nonhispanic,0
8,8532,1969,1,19,,8527,0,8,,,faad7567-d327-4299-a1d9-4cd6e846f6d4,F,0,white,0,nonhispanic,0
9,8532,1988,7,15,,8527,0,9,,,bea52019-6862-4d5b-acae-3e261f07c2fa,F,0,white,0,nonhispanic,0
10,8507,1983,5,31,,8527,0,10,,,ca8ff694-7cdc-4713-9971-2bc616fdc3d0,M,0,white,0,nonhispanic,0
11,8507,2008,3,21,,8527,0,11,,,86d3282d-b26f-48c9-9e4e-bb5446fce4f9,M,0,white,0,nonhispanic,0
12,8507,1947,4,23,,8527,0,12,,,991cd7ad-c959-469f-bc63-199754072df3,M,0,white,0,nonhispanic,0
13,8507,1959,11,7,,8527,0,13,,,a0fefd49-83bc-4004-bbf0-ffdbd320d347,M,0,white,0,nonhispanic,0
14,8532,1953,2,8,,8527,0,14,,,cba324ed-e414-43b4-8cb9-0b771bed5e5a,F,0,white,0,nonhispanic,0
15,8507,1962,2,4,,8527,0,15,,,eaaba3bf-2dbb-4a8d-b6a0-2f0914a2e03d,M,0,white,0,nonhispanic,0
16,8532,1967,8,20,,8527,0,16,,,49534cb2-856e-4bdd-81b9-38c52be7b786,F,0,white,0,nonhispanic,0
17,8507,2005,10,6,,8527,0,17,,,91b7f060-5468-4d65-a9c2-75c37dbd5aee,M,0,white,0,nonhispanic,0
18,8507,1954,5,11,,8527,0,18,,,00c1368e-3ddb-4077-a7d2-fa0686333bbd,M,0,white,0,nonhispanic,0
19,8507,1960,7,19,,8527,0,19,,,839d9b0c-19ea-4e12-8f53-d3e2a74b1ca8,M,0,white,0,nonhispanic,0
20,8532,1982,1,7,,8527,0,20,,,74df8787-7ec5-4caf-bfab-fdcddb45552d,F,0,white,0,nonhispanic,0
21,8532,1960,2,15,,8527,0,21,,,76b26594-d083-457c-9b49-6e4bb076dddc,F,0,white,0,nonhispanic,0
22,8532,1947,7,23,,8527,0,22,,,6197e203-abc3-431d-91bc-cff06ad01fe8,F,0,white,0,nonhispanic,0
23,8507,1965,10,27,,8527,0,23,,,bc3b08c1-b8bb-4c9a-892d-f803baaab751,M,0,white,0,nonhispanic,0
24,8507,1998,9,23,,8527,0,24,,,ed10285c-4365-41f1-af29-e5a5cefdde5b,M,0,white,0,nonhispanic,0
25,8507,1960,7,19,,8527,0,25,,,43b9f59d-103a-422f-8f3b-14b6ab5a55c1,M,0,white,0,nonhispanic,0
26,8507,1999,11,21,,8527,0,26,,,9aa72afd-e611-46fc-9682-ff15cb8037b7,M,0,white,0,nonhispanic,0
27,8507,1962,8,3,,8527,0,27,,,a380e856-6b7f-4ea7-a740-78bc0077cbc1,M,0,white,0,nonhispanic,0
28,8507,1954,5,11,,8527,0,28,,,b458c165-2206-4fe0-8062-48de644678db,M,0,white,0,nonhispanic,0
29,8507,1984,4,1,,8527,0,29,,,06694250-fc6c-4291-afbe-80c2a3b7ee77,M,0,white,0,nonhispanic,0
30,8507,2006,6,27,,8527,0,30,,,6f356072-cc62-4e1e-85f2-c44b6187e9e3,M,0,white,0,nonhispanic,0
31,8532,2004,5,29,,8527,0,31,,,42ea1d17-a9c7-42e3-8b6a-458f5f2d398a,F,0,white,0,nonhispanic,0
32,8507,1996,9,13,,8527,0,32,,,16a56ab2-e232-4148-b82d-2e56f598aa89,M,0,white,0,nonhispanic,0
33,8532,1955,2,16,,8527,0,33,,,76d72c25-9fe7-4179-bfbd-b862163556f7,F,0,white,0,nonhispanic,0
34,8507,2016,8,9,,8527,0,34,,,74ea1890-09f6-4473-9fc6-5184d6ad8a63,M,0,white,0,nonhispanic,0
35,8532,1982,12,17,,8527,0,35,,,8142c8ae-af96-47da-822c-998ab9d578e2,F,0,white,0,nonhispanic,0
36,8532,1936,9,28,,8527,0,36,,,bbe217df-1061-44b4-9199-b8a70dc1fa86,F,0,white,0,nonhispanic,0
37,8507,1960,7,19,,8527,0,37,,,a11515ea-efe9-4ad2-b1da-7480f098fd9f,M,0,white,0,nonhispanic,0
38,8507,1976,1,16,,8527,0,38,,,f189f59b-d017-47e2-8d6e-661381af2e07,M,0,white,0,nonhispanic,0
39,8532,2004,8,2,,8527,0,39,,,a6dadb32-1884-4a80-9b70-a591885639ac,F,0,white,0,nonhispanic,0
40,8507,1954,5,11,,8527,0,40,,,28407430-fe2e-4f4d-ac4a-f915e177eec5,M,0,white,0,nonhispanic,0
41,8507,1977,11,16,,8527,0,41,,,0e871bb1-211b-43dc-b2ec-ce38be6d3ef9,M,0,white,0,nonhispanic,0
42,8507,2007,6,12,,8527,0,42,,,8b06bbd0-ba84-45c6-b579-129a31e786fb,M,0,white,0,nonhispanic,0
43,8532,2004,11,13,,8527,0,43,,,33c5144b-7d0f-467a-9a21-3a053361c96c,F,0,white,0,nonhispanic,0
44,8507,2001,5,13,,8527,0,44,,,450b90ec-30ff-4477-9c2c-11c1097afc08,M,0,white,0,nonhispanic,0
45,8532,2004,12,2,,8527,0,45,,,ebbfcec5-f771-4268-ad51-884e28a95709,F,0,white,0,nonhispanic,0
46,8507,1976,10,24,,8527,0,46,,,de74b184-ac6a-4fdb-9038-950cea1f0cf5,M,0,white,0,nonhispanic,0
47,8507,1939,3,14,,8527,0,47,,,1cb321e8-c8ca-400a-8181-e08d06aed6f6,M,0,white,0,nonhispanic,0
48,8507,2009,7,12,,8527,0,48,,,4b34a420-d2d5-4e4f-b001-6d184cc8fcf2,M,0,white,0,nonhispanic,0
49,8507,1997,4,7,,8527,0,49,,,f26aada9-cd52-4b08-9675-fd4882c7c3d0,M,0,white,0,nonhispanic,0
50,8532,2001,12,3,,8527,0,50,,,82b0c81e-2b22-4bb9-8d08-d3a760c5476c,F,0,white,0,nonhispanic,0
51,8507,1940,7,9,,8527,0,51,,,f5a8a3bb-9786-43d7-9b34-d2dc2b171c24,M,0,white,0,nonhispanic,0
52,8507,1968,4,19,,8527,0,52,,,dece1f88-1bd6-411c-80c0-61796a113df1,M,0,white,0,nonhispanic,0
53,8532,2016,3,23,,8527,0,53,,,328449a1-2cee-4cfa-84cb-0f0ea1d7b74d,F,0,white,0,nonhispanic,0
54,8532,1983,5,10,,8527,0,54,,,68ec7b5d-41c4-499f-9c6e-4d761c7911fe,F,0,white,0,nonhispanic,0
55,8532,2015,11,20,,8527,0,55,,,d75aa472-af5a-4f1d-92a4-aa864c2fe00f,F,0,white,0,nonhispanic,0
56,8532,2007,11,28,,8527,0,56,,,c9963b22-3c0d-4bd3-876f-d7004fcb6c16,F,0,white,0,nonhispanic,0
57,8532,2004,2,7,,8527,0,57,,,044fc800-13f3-4525-b5ab-0a2dbf758664,F,0,white,0,nonhispanic,0
58,8507,2006,2,13,,8527,0,58,,,c86b6fbe-0cbf-43d0-8efa-1d7bfd956fb9,M,0,white,0,nonhispanic,0
59,8532,1953,9,19,,8527,0,59,,,dcc087f4-6a7d-4554-ba41-ef500d7accef,F,0,white,0,nonhispanic,0
60,8507,1967,12,13,,8527,0,60,,,09fa74ff-314f-4cdd-87c0-668878780ec5,M,0,white,0,nonhispanic,0
61,8532,2000,8,20,,8527,0,61,,,283071e1-493c-4282-a069-0b77be3b87dc,F,0,white,0,nonhispanic,0
62,8507,1939,3,14,,8527,0,62,,,01e9a137-595f-4304-a0ca-7f74f041bed7,M,0,white,0,nonhispanic,0
63,8507,1969,6,16,,8527,0,63,,,7f6c4bbf-fb58-45a3-bbfa-d25ae4fdd0dd,M,0,white,0,nonhispanic,0
64,8532,1969,2,23,,8527,0,64,,,5de4162c-30f7-4814-8ee8-555e5567cb0d,F,0,white,0,nonhispanic,0
65,8532,1965,4,23,,8527,0,65,,,ebcb4379-4ae1-41c8-b24b-f5fccb5f7024,F,0,white,0,nonhispanic,0
66,8507,1993,11,30,,8527,0,66,,,cdb704ff-a2e9-4c5a-964e-181f38c245a2,M,0,white,0,nonhispanic,0
67,8507,1966,10,13,,8527,0,67,,,4fd60d01-201d-43a2-b215-87606864bd99,M,0,white,0,nonhispanic,0
68,8507,2003,4,20,,8527,0,68,,,3c087be6-0748-400b-ae58-23c1f292b851,M,0,white,0,nonhispanic,0
69,8507,1994,8,6,,8527,0,69,,,56d5850d-9a7c-4e02-bee7-8315eb752e95,M,0,white,0,nonhispanic,0
70,8507,2002,9,20,,8527,0,70,,,4ac3eaea-5387-4f0d-9a50-bcd9a5f998d8,M,0,white,0,nonhispanic,0
71,8507,1989,1,11,,8527,0,71,,,70fb118b-6008-411f-910e-d9ba45f75415,M,0,white,0,nonhispanic,0
72,8507,2013,2,9,,8527,0,72,,,364e9bdd-7813-448a-b0b1-0ef386d07524,M,0,white,0,nonhispanic,0
73,8507,1944,10,18,,8527,0,73,,,32ecae8a-7857-4249-8139-490dadfe7841,M,0,white,0,nonhispanic,0
74,8532,1983,11,27,,8527,0,74,,,33f1f98d-8ff7-4087-8426-ae2909faeef4,F,0,white,0,nonhispanic,0
75,8507,1965,11,7,,8527,0,75,,,a3eca8b5-e0a6-43e3-938a-25e4cf41c6fc,M,0,white,0,nonhispanic,0
76,8532,1967,6,2,,8527,0,76,,,1a8d40d5-1141-47e3-8196-b5a743a7d7b8,F,0,white,0,nonhispanic,0
77,8507,1986,12,13,,8527,0,77,,,7c95f408-b23f-4ba1-9181-d3cdee5d440c,M,0,white,0,nonhispanic,0
78,8507,2004,5,28,,8527,0,78,,,0222f810-cd85-4fd0-ac9c-3ef44929c8a8,M,0,white,0,nonhispanic,0
79,8532,1999,1,14,,8527,0,79,,,225b2ef9-03c4-466d-a8ae-254adf63409c,F,0,white,0,nonhispanic,0
80,8507,1992,11,26,,8527,0,80,,,c89a558b-a927-411f-94b4-5fa25efb11b0,M,0,white,0,nonhispanic,0
81,8507,1968,1,23,,8527,0,81,,,ebaddc32-5386-40a4-96bc-f37d6ce264e9,M,0,white,0,nonhispanic,0
82,8507,1967,10,14,,8527,0,82,,,97b86d5f-daef-465d-a4cd-627a17ead723,M,0,white,0,nonhispanic,0
83,8507,2002,2,3,,8527,0,83,,,f1efc007-0517-405f-a23d-ef4f413798f7,M,0,white,0,nonhispanic,0
84,8507,2015,12,23,,8527,0,84,,,4804ad70-4dd6-444d-9ed4-2f11cc3278c6,M,0,white,0,nonhispanic,0
85,8532,1959,5,6,,8527,0,85,,,233cf879-3bda-4d99-b1d5-857ac565c9f5,F,0,white,0,nonhispanic,0
86,8507,1990,6,15,,8527,0,86,,,0454ab59-5589-48a4-ae8f-57f42f194799,M,0,white,0,nonhispanic,0
87,8532,1970,6,23,,8527,0,87,,,23a1630d-2bc8-4f9a-b777-45e028412acd,F,0,white,0,nonhispanic,0
88,8507,1985,11,23,,8527,0,88,,,86dda27a-909f-410d-bf0f-2fb6dcbbd64d,M,0,white,0,nonhispanic,0
89,8507,1969,7,2,,8527,0,89,,,59e8b593-fa05-4208-9f2f-903d58dc6e38,M,0,white,0,nonhispanic,0
90,8532,2014,3,21,,8527,0,90,,,d8f5b2b1-8763-4cac-924f-c745621b175c,F,0,white,0,nonhispanic,0
91,8532,1966,12,17,,8527,0,91,,,82b60626-5bc1-47ba-9165-e6fbf21eee4f,F,0,white,0,nonhispanic,0
92,8532,2002,5,7,,8527,0,92,,,20c21e5c-71da-4ac2-bcbb-b2edd61fae89,F,0,white,0,nonhispanic,0
93,8532,2001,2,11,,8527,0,93,,,ceb7a0ae-18b6-4769-97a0-5afa302c5efa,F,0,white,0,nonhispanic,0
94,8507,1983,7,22,,8527,0,94,,,d2663814-c140-4a85-88b3-754cf64171c6,M,0,white,0,nonhispanic,0
95,8507,1967,7,5,,8527,0,95,,,adf2b411-0344-4d4c-9459-88bdedb78dac,M,0,white,0,nonhispanic,0
96,8532,1982,1,23,,8527,0,96,,,a55d9e98-034d-4997-a8f8-eda1c717f73c,F,0,white,0,nonhispanic,0
97,8507,1912,8,4,,8527,0,97,,,3e2e27c8-b555-4db9-b296-d38fbf740adf,M,0,white,0,nonhispanic,0
98,8507,2003,2,24,,8527,0,98,,,1a02d4e3-76a0-4dc0-910a-432b286c77af,M,0,white,0,nonhispanic,0
99,8532,2001,3,26,,8527,0,99,,,4d389a16-8efa-4ced-8c0e-acbb052a385e,F,0,white,0,nonhispanic,0
100,8532,1974,8,19,,8527,0,100,,,e61714ef-4f94-450d-8ad7-666c6979af6d,F,0,white,0,nonhispanic,0
101,8532,1967,11,17,,8527,0,101,,,2f014bf3-8567-49f0-a05f-5cf335263713,F,0,white,0,nonhispanic,0
102,8507,1996,8,8,,8527,0,102,,,b1686df5-dcae-44b9-880b-86f0a000f922,M,0,white,0,nonhispanic,0
103,8532,1955,4,14,,8527,0,103,,,ae66df63-1f5e-4731-92a6-f9263506ce2f,F,0,white,0,nonhispanic,0
104,8507,1979,5,15,,8527,0,104,,,376fd19b-0994-48b5-8fe2-cbb8433a06f3,M,0,white,0,nonhispanic,0
105,8532,1958,5,24,,8527,0,105,,,4d717599-a26f-4ac1-beb0-9c30d1ec4302,F,0,white,0,nonhispanic,0
