START,STOP,PATIENT,ENCOUNTER,CODE,DESCRIPTION
2017-06-01,,9afdb156-c443-4bac-ab51-33d0ffd37474,d7d85b55-932e-44be-a1b9-04584655ae05,64859006,Osteoporosis (disorder)
2006-02-16,,609f6be1-f06e-44ef-9279-ac0d51d4db85,4d59d9dd-3114-43eb-be34-848ee8d4548b,53741008,Coronary Heart Disease
2011-02-17,,609f6be1-f06e-44ef-9279-ac0d51d4db85,5db0156d-9f01-4627-a3ea-60537c293a3e,22298006,Myocardial Infarction
2011-02-17,,609f6be1-f06e-44ef-9279-ac0d51d4db85,5db0156d-9f01-4627-a3ea-60537c293a3e,399211009,History of myocardial infarction (situation)
2010-08-05,,26827572-a91e-482a-a75c-6d9a059eb721,8b3185d2-51c6-4e69-bda8-b12e343b0889,64859006,Osteoporosis (disorder)
1957-02-28,,498608ea-618a-4419-ba54-cc0495051955,2c78ab26-f8f2-42c7-834c-2f1dc15f0ba9,53741008,Coronary Heart Disease
1992-12-11,,e1e4a2d1-35a6-444f-8845-9c11e24a3d16,9652f32c-b75e-4d74-8df3-a63c8ea9531f,410429000,Cardiac Arrest
1992-12-11,,e1e4a2d1-35a6-444f-8845-9c11e24a3d16,9652f32c-b75e-4d74-8df3-a63c8ea9531f,429007001,History of cardiac arrest (situation)
2017-05-25,,f9c63ae9-01b5-4564-adff-8eea4a734b2f,8541086c-e179-4c78-9928-ce946ec9fd95,22298006,Myocardial Infarction
2017-05-25,,f9c63ae9-01b5-4564-adff-8eea4a734b2f,8541086c-e179-4c78-9928-ce946ec9fd95,399211009,History of myocardial infarction (situation)
2016-10-21,,79533f05-edd1-41aa-871b-026bfe31b2b7,e58f74da-9d55-4ca3-9a22-6b58c7b5ddec,49436004,Atrial Fibrillation
2013-04-07,,57d2ca6a-533c-43c5-be98-081349bbf60f,d905ce8e-1550-4a2d-b1c5-2276ca83aa22,49436004,Atrial Fibrillation
1990-02-07,,a3ce3919-293f-4ac6-b39a-1cdd910daba5,300ced71-56aa-4181-a53d-6627fac6827d,230690007,Stroke
2011-04-27,,a3ce3919-293f-4ac6-b39a-1cdd910daba5,c85fc44d-6ff3-4bc4-b4e4-27807145040a,53741008,Coronary Heart Disease
2002-05-08,,334d5615-5c9c-4ec3-b6f5-089feee8f879,0db1d8fe-9b75-468d-9efd-480ba970cd15,53741008,Coronary Heart Disease
2013-06-12,,334d5615-5c9c-4ec3-b6f5-089feee8f879,1cf1fdcd-919f-418c-83a1-b603352271c8,22298006,Myocardial Infarction
2013-06-12,,334d5615-5c9c-4ec3-b6f5-089feee8f879,1cf1fdcd-919f-418c-83a1-b603352271c8,399211009,History of myocardial infarction (situation)
2018-12-11,,7a6e906a-0079-459c-ad87-df501db4c53d,dbc37f9f-4080-4777-ba15-7f8a4bd41a34,64859006,Osteoporosis (disorder)
1981-08-26,,859cd9ed-ff4a-4f1d-96f4-f452a443dc78,d45cb9a9-8e2b-4a0f-951a-9f8acf2f84be,410429000,Cardiac Arrest
1981-08-26,,859cd9ed-ff4a-4f1d-96f4-f452a443dc78,d45cb9a9-8e2b-4a0f-951a-9f8acf2f84be,429007001,History of cardiac arrest (situation)
2004-12-22,,b0208210-9678-42c8-96a7-4484ddf325bb,27c98b64-a413-4e6f-9c54-f040a6aad068,230690007,Stroke
2019-11-11,,89e30aae-d34f-4c6a-a5ee-fb1c78e6e829,98b85b7f-5464-4930-be35-ca29c4cf861f,64859006,Osteoporosis (disorder)
1997-05-22,,6572b64a-552e-44bb-afb0-9760c01f8d43,232a4ea4-7792-46d0-a538-72627537d450,53741008,Coronary Heart Disease
2000-12-28,,6572b64a-552e-44bb-afb0-9760c01f8d43,2bc7ee15-2c6b-46d0-b3d6-66a944855653,410429000,Cardiac Arrest
2000-12-28,,6572b64a-552e-44bb-afb0-9760c01f8d43,2bc7ee15-2c6b-46d0-b3d6-66a944855653,429007001,History of cardiac arrest (situation)
2012-11-25,,e29c94f2-f79c-4a5e-b3ed-83560184f94f,a40fedfc-c9ec-48cb-a421-b1415a67094e,64859006,Osteoporosis (disorder)
1972-08-31,,e230638a-0fa0-4000-ad23-4723467e3089,c144d8ae-e2f5-4c06-a99e-8fe0467b7f0d,53741008,Coronary Heart Disease
1974-06-06,,e230638a-0fa0-4000-ad23-4723467e3089,684a35ae-be27-4db9-9b5a-61a7fbcfe1ec,22298006,Myocardial Infarction
1974-06-06,,e230638a-0fa0-4000-ad23-4723467e3089,684a35ae-be27-4db9-9b5a-61a7fbcfe1ec,399211009,History of myocardial infarction (situation)
2010-05-22,,a4247667-77ec-4a41-8a2f-94d14fd18b13,661672fb-926b-49be-b54d-19cc2fec6239,53741008,Coronary Heart Disease
2016-04-09,,a4247667-77ec-4a41-8a2f-94d14fd18b13,b32f7a3c-0d80-4474-8dd9-d24526007a62,22298006,Myocardial Infarction
2016-04-09,,a4247667-77ec-4a41-8a2f-94d14fd18b13,b32f7a3c-0d80-4474-8dd9-d24526007a62,399211009,History of myocardial infarction (situation)
1988-08-19,,82f4de37-096f-4841-931c-a1308a85eeab,b209a827-9248-4b1b-b703-89959ff8573f,53741008,Coronary Heart Disease
2017-01-27,,82f4de37-096f-4841-931c-a1308a85eeab,cabe3b33-bf2d-4975-a0d0-d66e2bedcc71,49436004,Atrial Fibrillation
2014-09-25,,140e9b1a-0b5f-4b1f-9c1d-67f51a5bb94a,bbaebcf9-52b2-4480-ada9-124917744850,230690007,Stroke
2011-06-15,,1bac316a-5f70-4ce5-bff7-4d78b7a07087,64d3320a-53ce-4599-a8e0-ee257c465226,410429000,Cardiac Arrest
2011-06-15,,1bac316a-5f70-4ce5-bff7-4d78b7a07087,64d3320a-53ce-4599-a8e0-ee257c465226,429007001,History of cardiac arrest (situation)
2015-12-06,,4d6b9991-ee0e-48ac-b63c-0e0284df207e,0be2a0ab-3ea9-4d5c-a72d-cbd6698b5fe8,230690007,Stroke
1960-05-15,,2bb73131-22fe-4117-9690-ed7bd89ef232,93a9e756-7017-4f42-88aa-ce2536046b56,53741008,Coronary Heart Disease
1972-11-19,,2bb73131-22fe-4117-9690-ed7bd89ef232,1023dce7-2de6-4572-86ed-3dfa6b5acbb0,410429000,Cardiac Arrest
1972-11-19,,2bb73131-22fe-4117-9690-ed7bd89ef232,1023dce7-2de6-4572-86ed-3dfa6b5acbb0,429007001,History of cardiac arrest (situation)
1987-06-14,,720c191f-4be8-437a-aa04-51ae10443f21,6c570863-4a9d-4dca-bc05-fa69ecad600a,410429000,Cardiac Arrest
1987-06-14,,720c191f-4be8-437a-aa04-51ae10443f21,6c570863-4a9d-4dca-bc05-fa69ecad600a,429007001,History of cardiac arrest (situation)
1988-10-27,,e51acf5b-0802-4b3d-9579-a04110b1a16d,668165b9-30e6-457b-9ca0-0ac45ea9f3fc,53741008,Coronary Heart Disease
2009-02-19,,e51acf5b-0802-4b3d-9579-a04110b1a16d,251c8e41-7f57-42d0-b271-47a4ac88ad1c,64859006,Osteoporosis (disorder)
2013-03-14,,e51acf5b-0802-4b3d-9579-a04110b1a16d,3c35e759-b530-4dd0-bfb5-617ab4181a3a,49436004,Atrial Fibrillation
2014-12-22,,d4133eb4-2264-4f75-a8a6-8cb0f111f0fa,95643d5c-b33a-4f9b-b49c-cf3e157ca84d,53741008,Coronary Heart Disease
2015-08-01,,9e36e17e-3024-4668-b6f4-218f02bc45b9,7e046a8d-0cc5-4d6a-ad5d-d251750b688f,230690007,Stroke
