START,STOP,PATIENT,PAYER,ENCOUNTER,CODE,DESCRIPTION,BASE_COST,PAYER_COVERAGE,DISPENSES,TOTALCOST,REASONCODE,REASONDESCRIPTION
2017-06-01,,9afdb156-c443-4bac-ab51-33d0ffd37474,b1c428d6-4f07-31e0-90f0-68ffa6ff8c76,d7d85b55-932e-44be-a1b9-04584655ae05,904419,Alendronic acid 10 MG Oral Tablet,101.10,0.00,33,3336.30,,
2006-02-16,2011-02-17,609f6be1-f06e-44ef-9279-ac0d51d4db85,b1c428d6-4f07-31e0-90f0-68ffa6ff8c76,4d59d9dd-3114-43eb-be34-848ee8d4548b,309362,Clopidogrel 75 MG Oral Tablet,59.56,0.00,60,3573.60,,
2006-02-16,,609f6be1-f06e-44ef-9279-ac0d51d4db85,b1c428d6-4f07-31e0-90f0-68ffa6ff8c76,4d59d9dd-3114-43eb-be34-848ee8d4548b,312961,Simvastatin 20 MG Oral Tablet,18.55,0.00,61,1131.55,,
2006-02-16,,609f6be1-f06e-44ef-9279-ac0d51d4db85,b1c428d6-4f07-31e0-90f0-68ffa6ff8c76,4d59d9dd-3114-43eb-be34-848ee8d4548b,197361,Amlodipine 5 MG Oral Tablet,50.57,0.00,61,3084.77,,
2006-02-16,2011-02-17,609f6be1-f06e-44ef-9279-ac0d51d4db85,b1c428d6-4f07-31e0-90f0-68ffa6ff8c76,4d59d9dd-3114-43eb-be34-848ee8d4548b,705129,Nitroglycerin 0.4 MG/ACTUAT Mucosal Spray,204.51,0.00,60,12270.60,,
2011-02-17,2011-02-17,609f6be1-f06e-44ef-9279-ac0d51d4db85,b1c428d6-4f07-31e0-90f0-68ffa6ff8c76,5db0156d-9f01-4627-a3ea-60537c293a3e,259255,Atorvastatin 80 MG Oral Tablet,15.95,0.00,1,15.95,,
2011-02-17,2011-02-17,609f6be1-f06e-44ef-9279-ac0d51d4db85,b1c428d6-4f07-31e0-90f0-68ffa6ff8c76,5db0156d-9f01-4627-a3ea-60537c293a3e,833036,Captopril 25 MG Oral Tablet,91.82,0.00,1,91.82,,
2010-08-05,,26827572-a91e-482a-a75c-6d9a059eb721,b1c428d6-4f07-31e0-90f0-68ffa6ff8c76,8b3185d2-51c6-4e69-bda8-b12e343b0889,904419,Alendronic acid 10 MG Oral Tablet,124.80,0.00,116,14476.80,,
1957-02-28,,498608ea-618a-4419-ba54-cc0495051955,b1c428d6-4f07-31e0-90f0-68ffa6ff8c76,2c78ab26-f8f2-42c7-834c-2f1dc15f0ba9,705129,Nitroglycerin 0.4 MG/ACTUAT Mucosal Spray,143.74,0.00,767,110248.58,,
1991-09-05,,498608ea-618a-4419-ba54-cc0495051955,b1c428d6-4f07-31e0-90f0-68ffa6ff8c76,8cd3a3da-8c4d-4858-ac93-d8790bd63f2a,312961,Simvastatin 20 MG Oral Tablet,10.63,0.00,347,3688.61,,
1994-09-22,,498608ea-618a-4419-ba54-cc0495051955,b1c428d6-4f07-31e0-90f0-68ffa6ff8c76,15fa9886-51ec-42c0-b543-0ac63cbb7769,197361,Amlodipine 5 MG Oral Tablet,14.49,0.00,310,4491.90,,
1997-10-09,,498608ea-618a-4419-ba54-cc0495051955,b1c428d6-4f07-31e0-90f0-68ffa6ff8c76,2a20974e-d78f-492f-8195-8b07398ed7e0,309362,Clopidogrel 75 MG Oral Tablet,55.75,0.00,273,15219.75,,
2017-05-25,2017-05-25,f9c63ae9-01b5-4564-adff-8eea4a734b2f,b1c428d6-4f07-31e0-90f0-68ffa6ff8c76,8541086c-e179-4c78-9928-ce946ec9fd95,705129,Nitroglycerin 0.4 MG/ACTUAT Mucosal Spray,140.15,0.00,1,140.15,,
2017-05-25,2017-05-25,f9c63ae9-01b5-4564-adff-8eea4a734b2f,b1c428d6-4f07-31e0-90f0-68ffa6ff8c76,8541086c-e179-4c78-9928-ce946ec9fd95,259255,Atorvastatin 80 MG Oral Tablet,231.33,0.00,1,231.33,,
2017-05-25,2017-05-25,f9c63ae9-01b5-4564-adff-8eea4a734b2f,b1c428d6-4f07-31e0-90f0-68ffa6ff8c76,8541086c-e179-4c78-9928-ce946ec9fd95,833036,Captopril 25 MG Oral Tablet,92.51,0.00,1,92.51,,
2017-05-25,2017-05-25,f9c63ae9-01b5-4564-adff-8eea4a734b2f,b1c428d6-4f07-31e0-90f0-68ffa6ff8c76,8541086c-e179-4c78-9928-ce946ec9fd95,309362,Clopidogrel 75 MG Oral Tablet,40.57,0.00,1,40.57,,
2016-10-21,,79533f05-edd1-41aa-871b-026bfe31b2b7,b1c428d6-4f07-31e0-90f0-68ffa6ff8c76,e58f74da-9d55-4ca3-9a22-6b58c7b5ddec,855332,Warfarin Sodium 5 MG Oral Tablet,40.08,0.00,41,1643.28,,
2016-10-21,,79533f05-edd1-41aa-871b-026bfe31b2b7,b1c428d6-4f07-31e0-90f0-68ffa6ff8c76,e58f74da-9d55-4ca3-9a22-6b58c7b5ddec,897718,Verapamil Hydrochloride 40 MG,42.27,0.00,41,1733.07,,
2016-10-21,,79533f05-edd1-41aa-871b-026bfe31b2b7,b1c428d6-4f07-31e0-90f0-68ffa6ff8c76,e58f74da-9d55-4ca3-9a22-6b58c7b5ddec,197604,Digoxin 0.125 MG Oral Tablet,84.35,0.00,41,3458.35,,
2013-04-07,,57d2ca6a-533c-43c5-be98-081349bbf60f,b1c428d6-4f07-31e0-90f0-68ffa6ff8c76,d905ce8e-1550-4a2d-b1c5-2276ca83aa22,855332,Warfarin Sodium 5 MG Oral Tablet,139.44,0.00,84,11712.96,,
2013-04-07,,57d2ca6a-533c-43c5-be98-081349bbf60f,b1c428d6-4f07-31e0-90f0-68ffa6ff8c76,d905ce8e-1550-4a2d-b1c5-2276ca83aa22,897718,Verapamil Hydrochloride 40 MG,85.11,0.00,84,7149.24,,
2013-04-07,,57d2ca6a-533c-43c5-be98-081349bbf60f,b1c428d6-4f07-31e0-90f0-68ffa6ff8c76,d905ce8e-1550-4a2d-b1c5-2276ca83aa22,197604,Digoxin 0.125 MG Oral Tablet,22.38,0.00,84,1879.92,,
2011-04-27,,a3ce3919-293f-4ac6-b39a-1cdd910daba5,b1c428d6-4f07-31e0-90f0-68ffa6ff8c76,c85fc44d-6ff3-4bc4-b4e4-27807145040a,309362,Clopidogrel 75 MG Oral Tablet,50.26,0.00,108,5428.08,,
2011-04-27,,a3ce3919-293f-4ac6-b39a-1cdd910daba5,b1c428d6-4f07-31e0-90f0-68ffa6ff8c76,c85fc44d-6ff3-4bc4-b4e4-27807145040a,312961,Simvastatin 20 MG Oral Tablet,25.57,0.00,108,2761.56,,
2011-04-27,,a3ce3919-293f-4ac6-b39a-1cdd910daba5,b1c428d6-4f07-31e0-90f0-68ffa6ff8c76,c85fc44d-6ff3-4bc4-b4e4-27807145040a,197361,Amlodipine 5 MG Oral Tablet,31.41,0.00,108,3392.28,,
2011-04-27,,a3ce3919-293f-4ac6-b39a-1cdd910daba5,b1c428d6-4f07-31e0-90f0-68ffa6ff8c76,c85fc44d-6ff3-4bc4-b4e4-27807145040a,705129,Nitroglycerin 0.4 MG/ACTUAT Mucosal Spray,24.84,0.00,108,2682.72,,
2002-05-08,2013-06-12,334d5615-5c9c-4ec3-b6f5-089feee8f879,b1c428d6-4f07-31e0-90f0-68ffa6ff8c76,0db1d8fe-9b75-468d-9efd-480ba970cd15,309362,Clopidogrel 75 MG Oral Tablet,128.51,0.00,135,17348.85,,
2002-05-08,,334d5615-5c9c-4ec3-b6f5-089feee8f879,b1c428d6-4f07-31e0-90f0-68ffa6ff8c76,0db1d8fe-9b75-468d-9efd-480ba970cd15,312961,Simvastatin 20 MG Oral Tablet,17.19,0.00,135,2320.65,,
2002-05-08,,334d5615-5c9c-4ec3-b6f5-089feee8f879,b1c428d6-4f07-31e0-90f0-68ffa6ff8c76,0db1d8fe-9b75-468d-9efd-480ba970cd15,197361,Amlodipine 5 MG Oral Tablet,9.69,0.00,135,1308.15,,
2002-05-08,2013-06-12,334d5615-5c9c-4ec3-b6f5-089feee8f879,b1c428d6-4f07-31e0-90f0-68ffa6ff8c76,0db1d8fe-9b75-468d-9efd-480ba970cd15,705129,Nitroglycerin 0.4 MG/ACTUAT Mucosal Spray,106.84,0.00,135,14423.40,,
2013-06-12,2013-06-12,334d5615-5c9c-4ec3-b6f5-089feee8f879,b1c428d6-4f07-31e0-90f0-68ffa6ff8c76,1cf1fdcd-919f-418c-83a1-b603352271c8,259255,Atorvastatin 80 MG Oral Tablet,191.69,0.00,1,191.69,,
2013-06-12,2013-06-12,334d5615-5c9c-4ec3-b6f5-089feee8f879,b1c428d6-4f07-31e0-90f0-68ffa6ff8c76,1cf1fdcd-919f-418c-83a1-b603352271c8,833036,Captopril 25 MG Oral Tablet,78.77,0.00,1,78.77,,
2018-12-11,,7a6e906a-0079-459c-ad87-df501db4c53d,b1c428d6-4f07-31e0-90f0-68ffa6ff8c76,dbc37f9f-4080-4777-ba15-7f8a4bd41a34,904419,Alendronic acid 10 MG Oral Tablet,71.24,0.00,15,1068.60,,
2004-12-22,2004-12-22,b0208210-9678-42c8-96a7-4484ddf325bb,b1c428d6-4f07-31e0-90f0-68ffa6ff8c76,27c98b64-a413-4e6f-9c54-f040a6aad068,309362,Clopidogrel 75 MG Oral Tablet,35.35,0.00,1,35.35,,
2004-12-22,2004-12-22,b0208210-9678-42c8-96a7-4484ddf325bb,b1c428d6-4f07-31e0-90f0-68ffa6ff8c76,27c98b64-a413-4e6f-9c54-f040a6aad068,1804799,Alteplase 100 MG Injection,6615.20,0.00,1,6615.20,,
2019-11-11,,89e30aae-d34f-4c6a-a5ee-fb1c78e6e829,b1c428d6-4f07-31e0-90f0-68ffa6ff8c76,98b85b7f-5464-4930-be35-ca29c4cf861f,904419,Alendronic acid 10 MG Oral Tablet,215.69,0.00,3,647.07,,
1997-05-22,,6572b64a-552e-44bb-afb0-9760c01f8d43,b1c428d6-4f07-31e0-90f0-68ffa6ff8c76,232a4ea4-7792-46d0-a538-72627537d450,309362,Clopidogrel 75 MG Oral Tablet,14.72,0.00,44,647.68,,
1997-05-22,,6572b64a-552e-44bb-afb0-9760c01f8d43,b1c428d6-4f07-31e0-90f0-68ffa6ff8c76,232a4ea4-7792-46d0-a538-72627537d450,312961,Simvastatin 20 MG Oral Tablet,17.29,0.00,44,760.76,,
1997-05-22,,6572b64a-552e-44bb-afb0-9760c01f8d43,b1c428d6-4f07-31e0-90f0-68ffa6ff8c76,232a4ea4-7792-46d0-a538-72627537d450,197361,Amlodipine 5 MG Oral Tablet,13.59,0.00,44,597.96,,
1997-05-22,,6572b64a-552e-44bb-afb0-9760c01f8d43,b1c428d6-4f07-31e0-90f0-68ffa6ff8c76,232a4ea4-7792-46d0-a538-72627537d450,705129,Nitroglycerin 0.4 MG/ACTUAT Mucosal Spray,17.75,0.00,44,781.00,,
2000-12-28,2000-12-28,6572b64a-552e-44bb-afb0-9760c01f8d43,b1c428d6-4f07-31e0-90f0-68ffa6ff8c76,2bc7ee15-2c6b-46d0-b3d6-66a944855653,1660014,1 ML Epinephrine 1 MG/ML Injection,1.51,0.00,1,1.51,,
2000-12-28,2000-12-28,6572b64a-552e-44bb-afb0-9760c01f8d43,b1c428d6-4f07-31e0-90f0-68ffa6ff8c76,2bc7ee15-2c6b-46d0-b3d6-66a944855653,834357,3 ML Amiodarone hydrocholoride 50 MG/ML Prefilled Syringe,30.72,0.00,1,30.72,,
2000-12-28,2000-12-28,6572b64a-552e-44bb-afb0-9760c01f8d43,b1c428d6-4f07-31e0-90f0-68ffa6ff8c76,2bc7ee15-2c6b-46d0-b3d6-66a944855653,1190795,Atropine Sulfate 1 MG/ML Injectable Solution,16.55,0.00,1,16.55,,
2012-11-25,,e29c94f2-f79c-4a5e-b3ed-83560184f94f,b1c428d6-4f07-31e0-90f0-68ffa6ff8c76,a40fedfc-c9ec-48cb-a421-b1415a67094e,904419,Alendronic acid 10 MG Oral Tablet,57.76,0.00,88,5082.88,,
1972-08-31,1974-06-06,e230638a-0fa0-4000-ad23-4723467e3089,b1c428d6-4f07-31e0-90f0-68ffa6ff8c76,c144d8ae-e2f5-4c06-a99e-8fe0467b7f0d,705129,Nitroglycerin 0.4 MG/ACTUAT Mucosal Spray,128.52,0.00,21,2698.92,,
2010-05-22,2016-04-09,a4247667-77ec-4a41-8a2f-94d14fd18b13,b1c428d6-4f07-31e0-90f0-68ffa6ff8c76,661672fb-926b-49be-b54d-19cc2fec6239,309362,Clopidogrel 75 MG Oral Tablet,130.12,0.00,71,9238.52,,
2010-05-22,,a4247667-77ec-4a41-8a2f-94d14fd18b13,b1c428d6-4f07-31e0-90f0-68ffa6ff8c76,661672fb-926b-49be-b54d-19cc2fec6239,312961,Simvastatin 20 MG Oral Tablet,21.93,0.00,71,1557.03,,
2010-05-22,,a4247667-77ec-4a41-8a2f-94d14fd18b13,b1c428d6-4f07-31e0-90f0-68ffa6ff8c76,661672fb-926b-49be-b54d-19cc2fec6239,197361,Amlodipine 5 MG Oral Tablet,83.44,0.00,71,5924.24,,
2010-05-22,2016-04-09,a4247667-77ec-4a41-8a2f-94d14fd18b13,b1c428d6-4f07-31e0-90f0-68ffa6ff8c76,661672fb-926b-49be-b54d-19cc2fec6239,705129,Nitroglycerin 0.4 MG/ACTUAT Mucosal Spray,48.74,0.00,71,3460.54,,
2016-04-09,2016-04-09,a4247667-77ec-4a41-8a2f-94d14fd18b13,b1c428d6-4f07-31e0-90f0-68ffa6ff8c76,b32f7a3c-0d80-4474-8dd9-d24526007a62,259255,Atorvastatin 80 MG Oral Tablet,232.81,0.00,1,232.81,,
2016-04-09,2016-04-09,a4247667-77ec-4a41-8a2f-94d14fd18b13,b1c428d6-4f07-31e0-90f0-68ffa6ff8c76,b32f7a3c-0d80-4474-8dd9-d24526007a62,833036,Captopril 25 MG Oral Tablet,85.83,0.00,1,85.83,,
1988-08-19,,82f4de37-096f-4841-931c-a1308a85eeab,b1c428d6-4f07-31e0-90f0-68ffa6ff8c76,b209a827-9248-4b1b-b703-89959ff8573f,705129,Nitroglycerin 0.4 MG/ACTUAT Mucosal Spray,34.20,0.00,384,13132.80,,
1991-09-06,,82f4de37-096f-4841-931c-a1308a85eeab,b1c428d6-4f07-31e0-90f0-68ffa6ff8c76,89cd1ad9-70dd-45d7-8669-9b424d776440,312961,Simvastatin 20 MG Oral Tablet,14.43,0.00,347,5007.21,,
1994-09-23,,82f4de37-096f-4841-931c-a1308a85eeab,b1c428d6-4f07-31e0-90f0-68ffa6ff8c76,ef9dd4fc-5a98-4e3c-ab7e-5e6de755895d,197361,Amlodipine 5 MG Oral Tablet,37.07,0.00,310,11491.70,,
1997-10-10,,82f4de37-096f-4841-931c-a1308a85eeab,b1c428d6-4f07-31e0-90f0-68ffa6ff8c76,5e5fb67c-bdbe-418d-9ef4-f86b9b0250d1,309362,Clopidogrel 75 MG Oral Tablet,67.91,0.00,273,18539.43,,
2017-01-27,,82f4de37-096f-4841-931c-a1308a85eeab,b1c428d6-4f07-31e0-90f0-68ffa6ff8c76,cabe3b33-bf2d-4975-a0d0-d66e2bedcc71,855332,Warfarin Sodium 5 MG Oral Tablet,75.07,0.00,38,2852.66,,
2017-01-27,,82f4de37-096f-4841-931c-a1308a85eeab,b1c428d6-4f07-31e0-90f0-68ffa6ff8c76,cabe3b33-bf2d-4975-a0d0-d66e2bedcc71,897718,Verapamil Hydrochloride 40 MG,41.97,0.00,38,1594.86,,
2017-01-27,,82f4de37-096f-4841-931c-a1308a85eeab,b1c428d6-4f07-31e0-90f0-68ffa6ff8c76,cabe3b33-bf2d-4975-a0d0-d66e2bedcc71,197604,Digoxin 0.125 MG Oral Tablet,76.07,0.00,38,2890.66,,
2014-09-25,2014-09-25,140e9b1a-0b5f-4b1f-9c1d-67f51a5bb94a,b1c428d6-4f07-31e0-90f0-68ffa6ff8c76,bbaebcf9-52b2-4480-ada9-124917744850,309362,Clopidogrel 75 MG Oral Tablet,63.83,0.00,1,63.83,,
2014-09-25,2014-09-25,140e9b1a-0b5f-4b1f-9c1d-67f51a5bb94a,b1c428d6-4f07-31e0-90f0-68ffa6ff8c76,bbaebcf9-52b2-4480-ada9-124917744850,1804799,Alteplase 100 MG Injection,6260.51,0.00,1,6260.51,,
2011-06-15,2011-06-15,1bac316a-5f70-4ce5-bff7-4d78b7a07087,b1c428d6-4f07-31e0-90f0-68ffa6ff8c76,64d3320a-53ce-4599-a8e0-ee257c465226,1660014,1 ML Epinephrine 1 MG/ML Injection,4.89,0.00,1,4.89,,
2011-06-15,2011-06-15,1bac316a-5f70-4ce5-bff7-4d78b7a07087,b1c428d6-4f07-31e0-90f0-68ffa6ff8c76,64d3320a-53ce-4599-a8e0-ee257c465226,834357,3 ML Amiodarone hydrocholoride 50 MG/ML Prefilled Syringe,50.67,0.00,1,50.67,,
2011-06-15,2011-06-15,1bac316a-5f70-4ce5-bff7-4d78b7a07087,b1c428d6-4f07-31e0-90f0-68ffa6ff8c76,64d3320a-53ce-4599-a8e0-ee257c465226,1190795,Atropine Sulfate 1 MG/ML Injectable Solution,18.86,0.00,1,18.86,,
2015-12-06,2015-12-06,4d6b9991-ee0e-48ac-b63c-0e0284df207e,b1c428d6-4f07-31e0-90f0-68ffa6ff8c76,0be2a0ab-3ea9-4d5c-a72d-cbd6698b5fe8,309362,Clopidogrel 75 MG Oral Tablet,32.94,0.00,1,32.94,,
2015-12-06,2015-12-06,4d6b9991-ee0e-48ac-b63c-0e0284df207e,b1c428d6-4f07-31e0-90f0-68ffa6ff8c76,0be2a0ab-3ea9-4d5c-a72d-cbd6698b5fe8,1804799,Alteplase 100 MG Injection,6495.89,0.00,1,6495.89,,
1960-05-15,,2bb73131-22fe-4117-9690-ed7bd89ef232,b1c428d6-4f07-31e0-90f0-68ffa6ff8c76,93a9e756-7017-4f42-88aa-ce2536046b56,705129,Nitroglycerin 0.4 MG/ACTUAT Mucosal Spray,30.14,0.00,152,4581.28,,
1972-11-19,1972-11-19,2bb73131-22fe-4117-9690-ed7bd89ef232,b1c428d6-4f07-31e0-90f0-68ffa6ff8c76,1023dce7-2de6-4572-86ed-3dfa6b5acbb0,1660014,1 ML Epinephrine 1 MG/ML Injection,3.10,0.00,1,3.10,,
1972-11-19,1972-11-19,2bb73131-22fe-4117-9690-ed7bd89ef232,b1c428d6-4f07-31e0-90f0-68ffa6ff8c76,1023dce7-2de6-4572-86ed-3dfa6b5acbb0,834357,3 ML Amiodarone hydrocholoride 50 MG/ML Prefilled Syringe,10.76,0.00,1,10.76,,
1972-11-19,1972-11-19,2bb73131-22fe-4117-9690-ed7bd89ef232,b1c428d6-4f07-31e0-90f0-68ffa6ff8c76,1023dce7-2de6-4572-86ed-3dfa6b5acbb0,1190795,Atropine Sulfate 1 MG/ML Injectable Solution,17.37,0.00,1,17.37,,
1988-10-27,2009-02-19,e51acf5b-0802-4b3d-9579-a04110b1a16d,b1c428d6-4f07-31e0-90f0-68ffa6ff8c76,668165b9-30e6-457b-9ca0-0ac45ea9f3fc,705129,Nitroglycerin 0.4 MG/ACTUAT Mucosal Spray,180.68,0.00,247,44627.96,,
1991-11-14,2009-02-19,e51acf5b-0802-4b3d-9579-a04110b1a16d,b1c428d6-4f07-31e0-90f0-68ffa6ff8c76,3eef1fb0-12ea-44f5-9c3c-71388288b824,312961,Simvastatin 20 MG Oral Tablet,24.92,0.00,210,5233.20,,
1994-12-01,2009-02-19,e51acf5b-0802-4b3d-9579-a04110b1a16d,b1c428d6-4f07-31e0-90f0-68ffa6ff8c76,279fc104-f18a-4433-9fa0-06764a833b2b,197361,Amlodipine 5 MG Oral Tablet,34.09,0.00,173,5897.57,,
1997-12-18,2009-02-19,e51acf5b-0802-4b3d-9579-a04110b1a16d,b1c428d6-4f07-31e0-90f0-68ffa6ff8c76,d3fb1163-3084-4def-9111-893153f6c372,309362,Clopidogrel 75 MG Oral Tablet,46.27,0.00,136,6292.72,,
2009-02-19,,e51acf5b-0802-4b3d-9579-a04110b1a16d,b1c428d6-4f07-31e0-90f0-68ffa6ff8c76,251c8e41-7f57-42d0-b271-47a4ac88ad1c,309362,Clopidogrel 75 MG Oral Tablet,33.34,0.00,134,4467.56,,
2009-02-19,,e51acf5b-0802-4b3d-9579-a04110b1a16d,b1c428d6-4f07-31e0-90f0-68ffa6ff8c76,251c8e41-7f57-42d0-b271-47a4ac88ad1c,705129,Nitroglycerin 0.4 MG/ACTUAT Mucosal Spray,134.75,0.00,134,18056.50,,
2009-02-19,,e51acf5b-0802-4b3d-9579-a04110b1a16d,b1c428d6-4f07-31e0-90f0-68ffa6ff8c76,251c8e41-7f57-42d0-b271-47a4ac88ad1c,312961,Simvastatin 20 MG Oral Tablet,45.92,0.00,134,6153.28,,
2009-02-19,,e51acf5b-0802-4b3d-9579-a04110b1a16d,b1c428d6-4f07-31e0-90f0-68ffa6ff8c76,251c8e41-7f57-42d0-b271-47a4ac88ad1c,197361,Amlodipine 5 MG Oral Tablet,17.16,0.00,134,2299.44,,
2009-02-19,,e51acf5b-0802-4b3d-9579-a04110b1a16d,b1c428d6-4f07-31e0-90f0-68ffa6ff8c76,251c8e41-7f57-42d0-b271-47a4ac88ad1c,904419,Alendronic acid 10 MG Oral Tablet,184.05,0.00,134,24662.70,,
2013-03-14,,e51acf5b-0802-4b3d-9579-a04110b1a16d,b1c428d6-4f07-31e0-90f0-68ffa6ff8c76,3c35e759-b530-4dd0-bfb5-617ab4181a3a,855332,Warfarin Sodium 5 MG Oral Tablet,109.38,0.00,85,9297.30,,
2013-03-14,,e51acf5b-0802-4b3d-9579-a04110b1a16d,b1c428d6-4f07-31e0-90f0-68ffa6ff8c76,3c35e759-b530-4dd0-bfb5-617ab4181a3a,897718,Verapamil Hydrochloride 40 MG,210.33,0.00,85,17878.05,,
2013-03-14,,e51acf5b-0802-4b3d-9579-a04110b1a16d,b1c428d6-4f07-31e0-90f0-68ffa6ff8c76,3c35e759-b530-4dd0-bfb5-617ab4181a3a,197604,Digoxin 0.125 MG Oral Tablet,69.46,0.00,85,5904.10,,
2014-12-22,,d4133eb4-2264-4f75-a8a6-8cb0f111f0fa,b1c428d6-4f07-31e0-90f0-68ffa6ff8c76,95643d5c-b33a-4f9b-b49c-cf3e157ca84d,309362,Clopidogrel 75 MG Oral Tablet,67.96,0.00,63,4281.48,,
2014-12-22,,d4133eb4-2264-4f75-a8a6-8cb0f111f0fa,b1c428d6-4f07-31e0-90f0-68ffa6ff8c76,95643d5c-b33a-4f9b-b49c-cf3e157ca84d,312961,Simvastatin 20 MG Oral Tablet,20.31,0.00,63,1279.53,,
2014-12-22,,d4133eb4-2264-4f75-a8a6-8cb0f111f0fa,b1c428d6-4f07-31e0-90f0-68ffa6ff8c76,95643d5c-b33a-4f9b-b49c-cf3e157ca84d,197361,Amlodipine 5 MG Oral Tablet,42.45,0.00,63,2674.35,,
2014-12-22,,d4133eb4-2264-4f75-a8a6-8cb0f111f0fa,b1c428d6-4f07-31e0-90f0-68ffa6ff8c76,95643d5c-b33a-4f9b-b49c-cf3e157ca84d,705129,Nitroglycerin 0.4 MG/ACTUAT Mucosal Spray,28.00,0.00,63,1764.00,,
2015-08-01,2015-08-01,9e36e17e-3024-4668-b6f4-218f02bc45b9,b1c428d6-4f07-31e0-90f0-68ffa6ff8c76,7e046a8d-0cc5-4d6a-ad5d-d251750b688f,309362,Clopidogrel 75 MG Oral Tablet,83.64,0.00,1,83.64,,
2015-08-01,2015-08-01,9e36e17e-3024-4668-b6f4-218f02bc45b9,b1c428d6-4f07-31e0-90f0-68ffa6ff8c76,7e046a8d-0cc5-4d6a-ad5d-d251750b688f,1804799,Alteplase 100 MG Injection,6451.44,0.00,1,6451.44,,
