Id,BIRTHDATE,DEATHDATE,SSN,DRIVERS,PASSPORT,PREFIX,FIRST,LAST,SUFFIX,MAIDEN,MARITAL,RACE,ETHNICITY,GENDER,BIRTHPLACE,ADDRESS,CITY,STATE,COUNTY,ZIP,LAT,LON,HEALTHCARE_EXPENSES,HEALTHCARE_COVERAGE
12dcd476-d708-4b49-80e6-cef24a2f25c0,2011-03-20,,999-18-5184,,,,Tiger,Mattlar,,,,white,nonhispanic,M,Helsinki  Uusimaa  FI,522 Roini Katu Unit 25,Vantaa,Uusimaa,Vantaa,01640,60.36286447395127,25.09215579355749,2125.0,0.0
d2fe3230-fb19-4a65-a6aa-939c83d54774,1981-08-17,,999-84-6474,S99972100,X32794797X,Mr.,Heikki-Matti,Kotkamaa,,,M,white,nonhispanic,M,Helsinki  Uusimaa  FI,1014 Stepanow Katu,Nurmijärvi,Uusimaa,Nurmijärvi,05100,60.41514738543887,24.671470266114436,4250.0,0.0
da059a5e-852d-42b1-a31f-b77c205ec2d0,1979-04-15,,999-42-5512,S99970742,X14571076X,Ms.,Sini-Johanna,von Pfaler,,,S,white,nonhispanic,F,Vantaa  Uusimaa  FI,173 Soukkala Katu,Kerava,Uusimaa,Kerava,04260,60.44464495477328,25.14051167664343,4375.0,0.0
67f2e99e-d5b9-4741-8984-564448756529,1971-02-19,,999-45-1191,S99942120,X62704403X,Mrs.,Aliida,Rautalin,,Ruostetsaari,M,white,nonhispanic,F,Vantaa  Uusimaa  FI,529 Peranto Katu Unit 78,Helsinki,Uusimaa,Helsinki,00760,60.212767411800385,24.852077253575352,4875.0,0.0
9afdb156-c443-4bac-ab51-33d0ffd37474,1957-04-04,,999-51-9949,S99911929,X53143812X,Mr.,Tariq,Lindbom,,,M,white,nonhispanic,M,Helsinki  Uusimaa  FI,352 Hiivanainen Katu,Vantaa,Uusimaa,Vantaa,01420,60.27860512959561,24.75517193226936,6500.0,0.0
10dcd293-7bf9-44e8-9631-a0757afa1f8e,1963-08-20,,999-46-6318,S99951315,X49916299X,Mr.,Roopert,Käkränen,,,M,white,nonhispanic,M,Helsinki  Uusimaa  FI,764 Petäys Katu Suite 65,Helsinki,Uusimaa,Helsinki,00510,60.267310952744225,24.8365545501134,5750.0,0.0
bf9811db-069b-42a2-a6e7-80cf3f5eb760,1994-10-14,,999-74-5768,S99942008,X82534719X,Ms.,Mireka,Kaarlampi,,,,white,nonhispanic,F,Espoo  Uusimaa  FI,1001 Mönkäre Katu,Kirkkonummi,Uusimaa,Kirkkonummi,02440,60.20122210979058,24.482886836999043,3750.0,0.0
609f6be1-f06e-44ef-9279-ac0d51d4db85,1991-01-10,2011-02-17,999-24-9003,S99954443,X47835118X,Mr.,Mac,Trinh,,,,white,nonhispanic,M,Espoo  Uusimaa  FI,926 Ranta-Korpi Katu,Kerava,Uusimaa,Kerava,04200,60.41904843131514,25.10410644080336,3996.84,0.0
6f180aed-9714-4013-a518-ba05376fc596,1953-08-28,,999-56-9507,S99991793,X17397738X,Mr.,Jino,Kumpula,,,M,white,nonhispanic,M,Helsinki  Uusimaa  FI,496 Tuulos Katu,Kerava,Uusimaa,Kerava,04220,60.34052571049729,25.190942792123366,7000.0,0.0
544ff5a8-48d4-494a-96f8-71e2b2e8e043,2009-04-29,,999-69-1707,,,,Mirka-Maria,Vihavainen,,,,white,nonhispanic,F,Helsinki  Uusimaa  FI,705 Ceder Katu,Helsinki,Uusimaa,Helsinki,00910,60.14809681028045,25.005617780352505,2375.0,0.0
26827572-a91e-482a-a75c-6d9a059eb721,1950-06-08,,999-38-4207,S99921382,X3767712X,Mrs.,Desirè,Hirvinen,,Tunturivuori,M,white,nonhispanic,F,Helsinki  Uusimaa  FI,637 Korpikoski Katu Suite 99,Helsinki,Uusimaa,Helsinki,00930,60.17601293632977,24.97145065742687,7375.0,0.0
498608ea-618a-4419-ba54-cc0495051955,1954-03-25,,999-64-4224,S99985567,X54070283X,Mr.,Sandro,Kaunisto,,,S,white,nonhispanic,M,Vihti  Uusimaa  FI,165 Landin Katu,Porvoo,Uusimaa,Porvoo,07370,60.35979305283354,25.676361145787848,9250.0,0.0
f1e07f72-3e03-41ba-947f-5d3608d8b2e5,2005-08-16,,999-27-4192,,,,Juha-Markus,Soikko,,,,white,nonhispanic,M,Vantaa  Uusimaa  FI,718 Hummel Katu Suite 36,Tuusula,Uusimaa,Tuusula,04300,60.39650068343382,24.981965066014837,2875.0,0.0
aa4a3756-27c6-4136-9f4a-c0b8d0a58f59,1991-01-10,,999-15-6114,S99949691,X54345035X,Mr.,Turjo,Vaarne,,,M,white,nonhispanic,M,Espoo  Uusimaa  FI,466 Norrbäck Katu Suite 34,Kerava,Uusimaa,Kerava,04220,60.38646663817439,25.058449083826517,3875.0,0.0
e1e4a2d1-35a6-444f-8845-9c11e24a3d16,1981-10-02,,999-67-2962,S99951898,X84400296X,Mrs.,Nea-Mari,Killström,,Begu,M,white,nonhispanic,F,Helsinki  Uusimaa  FI,134 Viantie Katu,Espoo,Uusimaa,Espoo,02250,60.25835274274921,24.7662247565242,4568.65,0.0
f9c63ae9-01b5-4564-adff-8eea4a734b2f,1988-07-07,2017-05-25,999-72-4396,S99936974,X1408290X,Mr.,Santos,Valorinne,,,M,white,nonhispanic,M,Porvoo  Uusimaa  FI,222 Finér Katu Apt 75,Raasepori,Uusimaa,Raasepori,10360,60.00203232079174,23.484164594674983,4504.56,0.0
79533f05-edd1-41aa-871b-026bfe31b2b7,1961-09-22,,999-23-8645,S99922938,X42206053X,Mr.,Juha-Jaakko,Joensuu,,,M,white,nonhispanic,M,Vantaa  Uusimaa  FI,774 Humaloja Katu,Espoo,Uusimaa,Espoo,02160,60.231594448398575,24.664159531573013,6000.0,0.0
4b0fd522-d22f-4212-9de1-f87c7bc29161,1975-08-02,,999-55-2649,S99976635,X16675935X,Mrs.,Ursula,Aarni,,Kynsilehto,M,white,nonhispanic,F,Lohja  Uusimaa  FI,334 Linnavuori Katu,Helsinki,Uusimaa,Helsinki,00780,60.228719691947525,24.898565754820634,4625.0,0.0
cc3a0f6d-de41-4705-9c15-0abf4035f16e,1952-11-21,,999-20-8956,S99944002,X59920019X,Mr.,Oso,Laalo,,,M,white,nonhispanic,M,Porvoo  Uusimaa  FI,705 Kaijomaa Katu,Helsinki,Uusimaa,Helsinki,00740,60.21121941903563,24.899528369607683,7125.0,0.0
470a5114-afbd-4388-b52a-99f94c61d4ea,1988-05-29,,999-17-1270,S99943519,X43117169X,Mrs.,Heli-Maarit,Tausta,,Eräpuro,M,white,nonhispanic,F,Mäntsälä  Uusimaa  FI,710 Kaslin Katu Apt 37,Helsinki,Uusimaa,Helsinki,00250,60.15904483894048,24.90413407864973,4000.0,0.0
02174ef2-ca9c-47a3-9655-c870a2bb3378,2019-01-09,,999-86-6773,,,,Otto-Oskari,Honkakorpi,,,,white,nonhispanic,M,Helsinki  Uusimaa  FI,163 Takarautio Katu Apt 67,Kirkkonummi,Uusimaa,Kirkkonummi,02430,60.0895410780468,24.48952844065675,750.0,0.0
57d2ca6a-533c-43c5-be98-081349bbf60f,1949-01-16,,999-84-6394,S99982600,X59082133X,Mr.,Kauri,Valve,,,S,white,nonhispanic,M,Helsinki  Uusimaa  FI,779 Rajasalo Katu Suite 57,Lohja,Uusimaa,Lohja,09930,60.28577489792125,23.89947401579687,7500.0,0.0
e9d9a624-080f-49ab-a9b5-ce5c68bf4380,2004-10-31,,999-36-8746,,,,Randolph,Rongonen,,,,white,nonhispanic,M,Helsinki  Uusimaa  FI,232 Nykung Katu Suite 61,Espoo,Uusimaa,Espoo,02970,60.19424757484892,24.800015378578472,3000.0,0.0
916f433d-72b6-4a46-a9e9-75290e3e0358,1988-07-07,,999-51-3753,S99928994,X41072892X,Mr.,Riccardo,Sarasmo,MD,,S,white,nonhispanic,M,Vantaa  Uusimaa  FI,1012 Rauhio Katu,Raasepori,Uusimaa,Raasepori,10660,60.16003858171241,23.513926187291236,4000.0,0.0
5b3acb4a-a0c6-4de1-a3b6-b02af2ab3112,2014-02-01,,999-67-8081,,,,Tawfik,Guldbrand,,,,white,nonhispanic,F,Espoo  Uusimaa  FI,290 Skata Katu,Vantaa,Uusimaa,Vantaa,01600,60.31382828898488,25.05995267179804,1875.0,0.0
6a1ecf37-859c-4da7-8a4b-346fa4a51a2c,1986-05-13,,999-63-9500,S99922670,X20114507X,Mrs.,Adelé,Koskilahti,,Nevanpää,M,white,nonhispanic,F,Kauniainen  Uusimaa  FI,527 Longi Katu Suite 45,Helsinki,Uusimaa,Helsinki,00550,60.176490951588896,25.012639630271998,4000.0,0.0
b41f8a71-68be-4990-8ef6-2e00f65235c2,1979-04-24,,999-74-8651,S99947062,X74055808X,Mrs.,Jinka,Toppar,,Vähäjylkkä,M,white,nonhispanic,F,Porvoo  Uusimaa  FI,515 Lucander Katu,Porvoo,Uusimaa,Porvoo,07110,60.357638579112376,25.533084355935188,4375.0,0.0
ee669af9-aa2d-4ba6-8ca3-e0bf14803142,2015-09-22,,999-43-2968,,,,Eevariitta,Thil,,,,white,nonhispanic,F,Vantaa  Uusimaa  FI,1080 Vuolio Katu Apt 87,Järvenpää,Uusimaa,Järvenpää,04400,60.45443206119476,25.1281566739989,1625.0,0.0
b70a9229-c117-4567-98d6-8bfad4347529,1970-01-31,,999-81-1597,S99974453,X39750091X,Mrs.,Elliina,Alasentie,,Iso-Anttila,M,white,nonhispanic,F,Helsinki  Uusimaa  FI,1068 Sonné Katu,Helsinki,Uusimaa,Helsinki,00530,60.21916639495679,24.948003967891303,5000.0,0.0
a3ce3919-293f-4ac6-b39a-1cdd910daba5,1946-01-30,,999-63-2050,S99917534,X25707170X,Ms.,Talvi,Hiironniemi,,,S,white,nonhispanic,F,Helsinki  Uusimaa  FI,367 Vuola Katu Suite 6,Helsinki,Uusimaa,Helsinki,00650,60.225451190165096,25.054339215459134,14451.48,0.0
334d5615-5c9c-4ec3-b6f5-089feee8f879,1945-03-28,2013-06-12,999-73-1275,S99910907,X80893274X,Mr.,Visar,Tenhonen,,,M,white,nonhispanic,M,Frankfurt  Hesse  DE,626 Engelberg Katu,Vihti,Uusimaa,Vihti,03790,60.40563034501941,24.57185902881185,7755.81,0.0
7a6e906a-0079-459c-ad87-df501db4c53d,1938-06-21,,999-68-3775,S99966288,X82698411X,Mrs.,Robyn,Dahlstedt,,Ordén,M,white,nonhispanic,F,Helsinki  Uusimaa  FI,644 Noutere Katu,Vantaa,Uusimaa,Vantaa,01760,60.231665399590625,24.753042053026384,8875.0,0.0
859cd9ed-ff4a-4f1d-96f4-f452a443dc78,1980-12-17,,999-80-9625,S99957475,X32696468X,Mr.,Juhannes,Olifirenko,,,S,white,nonhispanic,M,Helsinki  Uusimaa  FI,1057 al-Khafaji Katu Suite 60,Helsinki,Uusimaa,Helsinki,00230,60.15614417182206,25.125918325358192,4414.71,0.0
9f59da2d-6b2b-4e54-9032-1647c5480c9a,2007-02-02,,999-71-7382,,,,Esteban,Green,,,,white,nonhispanic,M,Helsinki  Uusimaa  FI,348 Klem Katu Unit 37,Järvenpää,Uusimaa,Järvenpää,04410,60.45766055314868,25.113181809940766,2750.0,0.0
b0208210-9678-42c8-96a7-4484ddf325bb,1946-10-02,2004-12-22,999-33-6653,S99953962,X54104025X,Ms.,Mairit,Henry,,,S,white,nonhispanic,F,Lohja  Uusimaa  FI,358 Pihlhjerta Katu Unit 98,Espoo,Uusimaa,Espoo,02360,60.2913613264774,24.74834427674286,12775.55,0.0
888bd78d-dc23-4b50-b784-2cf6bdd6007d,1972-04-22,,999-41-2728,S99941340,X33138862X,Mrs.,Minnaleena,Hedemäki,,Sinivirta,M,white,nonhispanic,F,Vantaa  Uusimaa  FI,392 Siljama Katu,Helsinki,Uusimaa,Helsinki,00440,60.10660041144903,24.92874267103782,4750.0,0.0
fad505c2-4feb-4094-9cb5-6aea137782a1,2009-01-30,,999-47-1402,,,,Claude,Berggrén,,,,white,nonhispanic,M,Lohja  Uusimaa  FI,1032 Väisänen Katu Apt 58,Helsinki,Uusimaa,Helsinki,00430,60.19369504555411,24.973809813683726,2500.0,0.0
89e30aae-d34f-4c6a-a5ee-fb1c78e6e829,1959-09-14,,999-74-8175,S99914658,X62782644X,Mrs.,Hannaleena,Mäkelälammi,,Kairo,M,white,nonhispanic,F,Helsinki  Uusimaa  FI,317 Niinimaa Katu Suite 88,Espoo,Uusimaa,Espoo,02940,60.18907601712621,24.542137362786352,6250.0,0.0
05a0aaef-7b9f-4f15-b034-ca2e79028f73,1993-05-31,,999-35-7430,S99949174,X26790062X,Ms.,Raika,Våg,,,,white,nonhispanic,F,Vantaa  Uusimaa  FI,124 Hirvonsalo Katu Apt 98,Espoo,Uusimaa,Espoo,02110,60.23308022995113,24.819769533452224,3750.0,0.0
56611186-9373-4ce3-94de-290dd46342f2,1990-10-26,,999-34-6527,S99948926,X18934927X,Mr.,Rahman,Takala,,,M,white,nonhispanic,M,Porvoo  Uusimaa  FI,474 Osolanus Katu,Lapinjärvi,Uusimaa,Lapinjärvi,07850,60.7271791892625,26.24471894389082,3875.0,0.0
6572b64a-552e-44bb-afb0-9760c01f8d43,1975-03-20,2000-12-28,999-90-3661,S99944378,X25445646X,Ms.,Jennamari,Vuola,,,,white,nonhispanic,F,Espoo  Uusimaa  FI,230 Asumaniemi Katu,Raasepori,Uusimaa,Raasepori,10320,60.18122810709398,23.605063667249663,4173.78,0.0
e29c94f2-f79c-4a5e-b3ed-83560184f94f,1942-08-02,,999-50-9169,S99955958,X65683061X,Mr.,Matteo,Ruoholahti,,,M,white,nonhispanic,M,Espoo  Uusimaa  FI,278 Syyrakki Katu,Helsinki,Uusimaa,Helsinki,00630,60.197214840762676,25.041926851655635,8375.0,0.0
f729cc2e-91d6-4c75-a54c-1cfb2107e7f2,2017-05-04,,999-18-1604,,,,Raile,Teini,,,,white,nonhispanic,F,Helsinki  Uusimaa  FI,902 Sohlo Katu Unit 70,Loviisa,Uusimaa,Loviisa,07930,60.474571207207774,26.302540454093414,1250.0,0.0
7cea7dc9-2a56-46f3-9300-42d0e844f710,1945-10-12,,999-67-8090,S99970104,X47113243X,Mrs.,Anneliina,Halmetoja,,Vilska,M,white,nonhispanic,F,Helsinki  Uusimaa  FI,777 Yli-Savola Katu,Vantaa,Uusimaa,Vantaa,01630,60.21244498573175,25.083963204331383,8000.0,0.0
abc63d11-a491-4866-a8a2-e00bae87f3a0,1995-11-07,,999-95-7500,S99930450,X45838355X,Mr.,Voitto,Stepanov,,,,white,nonhispanic,M,Porvoo  Uusimaa  FI,1083 Serkelä Katu,Helsinki,Uusimaa,Helsinki,00990,60.18388779250348,24.959074306788256,3625.0,0.0
0d5210e9-bd46-4c55-8568-e0617f39b4af,1945-03-28,,999-42-7524,S99922791,X70178517X,Mr.,Besnik,Vuorema,,,M,white,nonhispanic,M,Hamburg  Hamburg  DE,1009 Forsström Katu,Vihti,Uusimaa,Vihti,03790,60.289701046435695,24.48157656872895,8000.0,0.0
e230638a-0fa0-4000-ad23-4723467e3089,1941-06-19,1974-06-06,999-31-4054,S99962781,X84275508X,Mr.,Ramón,Dahlbo,,,M,white,nonhispanic,M,Porvoo  Uusimaa  FI,388 Laurent Katu Suite 0,Loviisa,Uusimaa,Loviisa,07945,60.521995956698525,26.30603378017914,4378.52,0.0
5c38ba6e-07d8-41a9-acbb-c7a05e6c6103,1946-10-02,,999-80-7638,S99968741,X25648963X,Ms.,Enya,Makslahti,,,S,white,nonhispanic,F,Espoo  Uusimaa  FI,793 Vuoppola Katu Apt 11,Espoo,Uusimaa,Espoo,02120,60.19500839866134,24.68371113446146,7875.0,0.0
e930d200-e32e-4249-8158-4355e4cf8d6b,1975-03-20,,999-34-9755,S99953818,X26297400X,Mrs.,Kylie,Öman,,Uusihakala,M,white,nonhispanic,F,Vantaa  Uusimaa  FI,379 Nordkvist Katu Suite 2,Raasepori,Uusimaa,Raasepori,10480,59.95759406283982,23.4098936115271,4625.0,0.0
706c2f7a-5ef3-4680-8e8d-1f9da8e170fb,1963-04-01,,999-78-9516,S99933297,X247456X,Mr.,Herrick,Kuusto,,,M,white,nonhispanic,M,Espoo  Uusimaa  FI,546 Vihikangas Katu Suite 18,Helsinki,Uusimaa,Helsinki,00180,60.13910671576267,25.0288896760302,5750.0,0.0
c3738831-4abe-4c60-9b6c-a225d8260c5e,1996-05-15,,999-57-3724,S99928070,X68391640X,Ms.,Lioudmila,Uimonen,,,,white,nonhispanic,F,Espoo  Uusimaa  FI,482 Flöjt Katu Apt 36,Helsinki,Uusimaa,Helsinki,00250,60.20333563237549,24.927042961245974,3625.0,0.0
3da1b12f-92d5-4225-b726-2e7679923cf8,1983-12-20,,999-34-9818,S99930488,X27177220X,Ms.,Franseska,Intonen,,,S,white,nonhispanic,F,Espoo  Uusimaa  FI,190 Vihola Katu Suite 55,Espoo,Uusimaa,Espoo,02150,60.2152089986516,24.808627778534078,4125.0,0.0
a4247667-77ec-4a41-8a2f-94d14fd18b13,1946-03-02,2016-04-09,999-31-1781,S99964454,X85848916X,Mr.,Horst,Kauhala,,,M,white,nonhispanic,M,Vantaa  Uusimaa  FI,152 Äijänaho Katu,Vantaa,Uusimaa,Vantaa,01390,60.31650138041178,24.943082501219273,7997.5,0.0
85b1005e-636b-4c3d-99e5-28fd9208e848,2004-10-08,,999-99-4802,,,,Maryama,Hukkataival,,,,white,nonhispanic,F,Vantaa  Uusimaa  FI,822 Mitro Katu,Sipoo,Uusimaa,Sipoo,01150,60.29494053335968,25.500653054995077,3000.0,0.0
10abd2d4-b060-452d-a8bf-0fbc5cb4b186,1980-10-23,,999-20-2041,S99929745,X2038834X,Mrs.,Ai,Päivähonka,,Penkari,M,white,nonhispanic,F,Helsinki  Uusimaa  FI,519 Siegfrids Katu Suite 21,Helsinki,Uusimaa,Helsinki,00880,60.18788506507169,24.91463240136116,4250.0,0.0
82f4de37-096f-4841-931c-a1308a85eeab,1954-06-04,,999-89-3428,S99964738,X48831829X,Mr.,Vitali,Lerkki,,,M,white,nonhispanic,M,Vantaa  Uusimaa  FI,579 Könkö Katu Unit 51,Kerava,Uusimaa,Kerava,04220,60.393096329616625,25.071596528305403,8000.0,0.0
70264dd4-2535-450a-8de6-d7b05935476c,2013-05-12,,999-44-1214,,,,Kaitlin,Alhosaari,,,,white,nonhispanic,F,Raasepori  Uusimaa  FI,898 Broms Katu,Helsinki,Uusimaa,Helsinki,00120,60.169525287503035,24.936354635713734,1875.0,0.0
b6e0b46e-2329-4823-a1a5-8fd0d712af68,1979-10-24,,999-14-6408,S99952586,X6746842X,Mr.,Lamin,Sosunov,,,S,white,nonhispanic,M,Raasepori  Uusimaa  FI,439 Niitynpää Katu,Hyvinkää,Uusimaa,Hyvinkää,05720,60.61802861077178,24.805116589458134,4375.0,0.0
140e9b1a-0b5f-4b1f-9c1d-67f51a5bb94a,1941-06-19,,999-44-2329,S99934575,X54256867X,Mr.,Dan,Tupila,,,S,white,nonhispanic,M,Espoo  Uusimaa  FI,1045 Leppäkynnäs Katu,Loviisa,Uusimaa,Loviisa,07930,60.5966006298784,26.00551512151623,14949.34,0.0
44d816ac-9cc4-494e-8e1b-76d9dd5efd7b,2001-11-07,,999-67-3112,S99960441,,Ms.,Dia,Mytkäniemi,,,,white,nonhispanic,F,Helsinki  Uusimaa  FI,470 Mollberg Katu Unit 40,Espoo,Uusimaa,Espoo,02290,60.22051210709383,24.67931023555375,3375.0,0.0
1bac316a-5f70-4ce5-bff7-4d78b7a07087,1956-04-04,,999-40-2233,S99977168,X62066734X,Mrs.,Erita,Yli-Koski,,Sysi-Aho,M,white,nonhispanic,F,Espoo  Uusimaa  FI,597 Sidorov Katu,Helsinki,Uusimaa,Helsinki,00410,60.121961469430865,24.998601317194158,6824.42,0.0
b3959130-770c-47a6-83d8-38076b39768d,1962-09-21,,999-81-5404,S99910113,X6960429X,Ms.,Lita,Kilpi,,,S,white,nonhispanic,F,Helsinki  Uusimaa  FI,139 Ansa Katu,Espoo,Uusimaa,Espoo,02270,60.20808569467636,24.808231556850842,5875.0,0.0
fd15770d-4e5b-4c37-9204-99f49b14de14,1986-05-09,,999-73-1007,S99926099,X21558692X,Mrs.,Kaisaleena,Metsäpuro,,Sirenne,M,white,nonhispanic,F,Espoo  Uusimaa  FI,936 Elvström Katu,Vihti,Uusimaa,Vihti,03220,60.42928902680107,24.380995852678,4000.0,0.0
c1df79cb-8b9c-4206-830d-959ca4dbab08,1993-11-04,,999-84-5353,S99914257,X50149061X,Ms.,Wiola,Rantamo,,,,white,nonhispanic,F,Helsinki  Uusimaa  FI,797 Talamo Katu,Helsinki,Uusimaa,Helsinki,00980,60.18501969974975,25.031742025484103,3750.0,0.0
4eca1ec0-58bd-484e-b72d-bf60749772c7,1969-01-06,,999-74-9948,S99984884,X24750264X,Mr.,Zana,Raja,,,M,white,nonhispanic,M,Helsinki  Uusimaa  FI,1024 Ranta-Lassila Katu,Hanko,Uusimaa,Hanko,10900,59.89275277498275,23.174474552609066,5125.0,0.0
5cd91aa5-cda8-4024-9e63-37dbf1c4cd84,1946-03-02,,999-61-8476,S99911734,X59772582X,Mr.,Carl,Kauha,,,M,white,nonhispanic,M,Helsinki  Uusimaa  FI,1080 Mason Katu,Vantaa,Uusimaa,Vantaa,01380,60.23129364018069,24.879407576987152,7875.0,0.0
4d6b9991-ee0e-48ac-b63c-0e0284df207e,1946-04-07,,999-54-1354,S99950098,X89984396X,Mr.,Frits,Raimoranta,,,M,white,nonhispanic,M,Lohja  Uusimaa  FI,604 Flytström Katu,Helsinki,Uusimaa,Helsinki,00500,60.267835844904255,24.857201388440473,14528.83,0.0
f4acc4e5-4559-4cf9-95e6-0cb872749862,1946-11-12,,999-55-6341,S99941222,X70584874X,Mr.,Achilles,Kamutta,,,M,white,nonhispanic,M,Järvenpää  Uusimaa  FI,796 Panttila Katu Unit 71,Espoo,Uusimaa,Espoo,02140,60.15488435520594,24.840770889246755,7750.0,0.0
85ec8523-a449-41ef-bf2f-131d18a5f557,1968-06-21,,999-50-2498,S99947642,X26493838X,Mrs.,Lydmila,Ferati,,Kalasniemi,M,white,nonhispanic,F,Helsinki  Uusimaa  FI,998 Sumala Katu Apt 27,Hyvinkää,Uusimaa,Hyvinkää,05800,60.60925455288425,24.80551043427617,5125.0,0.0
f1201c7b-eeea-4e78-a271-72d862bd5c9e,1997-05-22,,999-29-9183,S99931606,X30931408X,Ms.,Jutta-Mari,Segerstam,,,,white,nonhispanic,F,Helsinki  Uusimaa  FI,699 Vehmaa Katu Unit 29,Helsinki,Uusimaa,Helsinki,00630,60.20997526360031,24.89240478759273,3625.0,0.0
dbca1ba2-cfd0-4dc8-816c-23a765b27e22,1973-10-07,,999-76-5825,S99938816,X38856981X,Mr.,Dag,Siuvatti,,,M,white,nonhispanic,M,Espoo  Uusimaa  FI,316 Muotka Katu,Raasepori,Uusimaa,Raasepori,10300,60.12416030680041,23.497786220378703,4750.0,0.0
75fbd23e-9a10-4d5f-ad4b-26bb1eb5ed14,1996-03-03,,999-60-8598,S99995482,X49571349X,Mr.,Ruuben,Joenkoski,,,,white,nonhispanic,M,Espoo  Uusimaa  FI,531 Kuitikka Katu Unit 74,Helsinki,Uusimaa,Helsinki,00940,60.22075150601408,24.87572671603281,3625.0,0.0
6e0d4610-9586-4f5f-aa16-d41661aaeec1,1979-06-11,,999-63-6547,S99937184,X25345242X,Mr.,Jori-Matti,Sadinmäki,,,S,white,nonhispanic,M,Vantaa  Uusimaa  FI,913 Lauttanen Katu Apt 75,Porvoo,Uusimaa,Porvoo,07220,60.30214173558165,25.389826326208514,4375.0,0.0
2bb73131-22fe-4117-9690-ed7bd89ef232,1960-02-07,1972-11-19,999-50-4492,,,,Maria-Christina,Kassala,,,,white,nonhispanic,F,Vantaa  Uusimaa  FI,306 Välikangas Katu,Helsinki,Uusimaa,Helsinki,00210,60.209393126435465,24.971540139499186,2781.23,0.0
fa2d6b19-729c-4c5c-a16c-f4af4cf88aa6,1995-11-15,,999-94-7640,S99964636,X13864871X,Ms.,Jolanda,Ögård,,,,white,nonhispanic,F,Helsinki  Uusimaa  FI,421 Lintula Katu Unit 67,Vantaa,Uusimaa,Vantaa,01520,60.304930737520856,25.126013963210813,3625.0,0.0
69536e8b-0264-4763-9f01-960f3fc19289,1956-08-19,,999-34-4422,S99942910,X62720173X,Mrs.,Ninette,Hasari,,Harjapää,M,white,nonhispanic,F,Helsinki  Uusimaa  FI,1055 Ruohomäki Katu,Espoo,Uusimaa,Espoo,02940,60.214257245595036,24.69319663383172,6625.0,0.0
cec02fe4-50e7-4ed1-a429-c200c83ae4c3,2009-06-24,,999-91-6427,,,,Mahamed,Sommer,,,,white,nonhispanic,F,Espoo  Uusimaa  FI,149 Vuorikivi Katu,Espoo,Uusimaa,Espoo,02150,60.18977604346899,24.70117710290196,2375.0,0.0
8807deda-3d5f-47fd-b4b6-f8349e66b73b,1983-03-04,,999-63-3983,S99931278,X79032624X,Mr.,Fevzi,Nivajärvi,,,S,white,nonhispanic,M,Helsinki  Uusimaa  FI,801 Paulsson Katu Suite 54,Espoo,Uusimaa,Espoo,02130,60.25064938974067,24.651859447539998,4125.0,0.0
ea8fab13-8cca-43e7-9720-1eef61f67cf8,1950-01-27,,999-37-8299,S99966910,X55568743X,Mr.,Marcelo,Krebs,,,M,white,nonhispanic,M,Lyon  Auvergne-Rhone-Alpes  FR,483 Grahn Katu Suite 61,Raasepori,Uusimaa,Raasepori,10360,60.154502091584796,23.561493352500857,7375.0,0.0
316ad226-2b3a-4b2d-8f3d-52b86172f0be,2013-02-06,,999-93-1753,,,,Jan-Eerik,Liljedahl,,,,white,nonhispanic,M,Espoo  Uusimaa  FI,972 Jiang Katu Apt 26,Espoo,Uusimaa,Espoo,02650,60.20792885997013,24.78180929299939,2000.0,0.0
720c191f-4be8-437a-aa04-51ae10443f21,1947-11-02,,999-15-9816,S99972463,X64866439X,Mr.,Karrinpoika,Hakalax,,,M,white,nonhispanic,M,Vantaa  Uusimaa  FI,140 Lamminpohja Katu Unit 37,Helsinki,Uusimaa,Helsinki,00950,60.18414931581129,24.97534993271857,7821.65,0.0
92fd9781-08df-4408-ab7a-0ece757c787e,1993-06-06,,999-96-4911,S99970923,X2870061X,Ms.,Maj-Leena,Svanbäck,,,,white,nonhispanic,F,Tuusula  Uusimaa  FI,649 Patanen Katu,Hyvinkää,Uusimaa,Hyvinkää,05840,60.603596635730675,24.81382731491687,3750.0,0.0
34ecf94f-6f14-4102-b2d3-16c491472326,2011-06-17,,999-15-6533,,,,Jenni-Maria,Hand,,,,white,nonhispanic,F,Espoo  Uusimaa  FI,635 Tevajärvi Katu Unit 37,Järvenpää,Uusimaa,Järvenpää,04400,60.526713377901466,25.069475670258395,2125.0,0.0
ccd78ebd-a297-403b-9709-ec7abf6f18dc,1960-02-07,,999-66-1107,S99916696,X62149870X,Mrs.,Lonny,Virmajoki,,Wichmann,M,white,nonhispanic,F,Raasepori  Uusimaa  FI,193 Demasör Katu Unit 61,Helsinki,Uusimaa,Helsinki,00350,60.149027911404104,24.919879249340703,6125.0,0.0
bb926972-d690-4a28-8112-b3abfb5f6ad7,1942-09-29,,999-90-6839,S99968244,X55704928X,Mrs.,Judit,Hauhia,,Viiankorpi,M,white,nonhispanic,F,Hyvinkää  Uusimaa  FI,361 Lallo Katu Suite 56,Helsinki,Uusimaa,Helsinki,00640,60.24784356251306,25.037171597403333,8375.0,0.0
067cd17d-5395-4d1c-b817-ff2262d55e56,2016-03-06,,999-81-9468,,,,Maini,Huopio,,,,white,nonhispanic,F,Helsinki  Uusimaa  FI,240 Kamppi Katu Apt 17,Helsinki,Uusimaa,Helsinki,00100,60.14298392588551,24.932321052013815,1625.0,0.0
5421559a-fdb2-4bd0-a54a-f585557771d6,1946-07-09,,999-87-4865,S99965216,X36884465X,Mr.,Hamsa,Kelho,,,M,white,nonhispanic,M,Helsinki  Uusimaa  FI,234 Paasiranta Katu,Raasepori,Uusimaa,Raasepori,10660,60.04942139255402,23.35967993130301,7875.0,0.0
a5d8d28c-33e6-4b6b-b0a2-69d515e61a3e,1952-10-14,,999-63-4144,S99943857,X58182697X,Mrs.,Hanne-Maaria,Ali-Kovero,PhD,Elfving,M,white,nonhispanic,F,Helsinki  Uusimaa  FI,844 Tekkala Katu,Espoo,Uusimaa,Espoo,02750,60.20996718854065,24.766759544654548,7125.0,0.0
fbe3aa1f-47a9-4a18-b349-16c62ae6610f,1988-06-13,,999-65-1419,S99940573,X60340566X,Mr.,Ville-Valtteri,Ylihärsilä,,,M,white,nonhispanic,M,Mäntsälä  Uusimaa  FI,696 Lagerlöf Katu,Helsinki,Uusimaa,Helsinki,00250,60.26488817090168,25.034231505189606,4000.0,0.0
e51acf5b-0802-4b3d-9579-a04110b1a16d,1928-08-30,,999-90-2019,S99940332,X3862857X,Ms.,Alisha,Suokanerva,,,S,white,nonhispanic,F,Vantaa  Uusimaa  FI,616 Segerman Katu,Vihti,Uusimaa,Vihti,03300,60.45450054492024,24.355564012001025,10285.96,0.0
d4133eb4-2264-4f75-a8a6-8cb0f111f0fa,1983-10-10,,999-29-5751,S99982265,X80273571X,Mr.,Herman,Peltonen,,,M,white,nonhispanic,M,Helsinki  Uusimaa  FI,315 Halmkrona Katu,Karkkila,Uusimaa,Karkkila,03710,60.56734836003242,24.232165700480557,4625.0,0.0
43dab1fc-0075-4911-bf6d-82a6b772d061,1966-05-16,,999-34-6640,S99918006,X70552634X,Mr.,Pärttyli,Eränen,,,S,white,nonhispanic,M,Tuusula  Uusimaa  FI,270 Storlund Katu Apt 15,Sipoo,Uusimaa,Sipoo,04240,60.22639154968241,25.516959568817192,5375.0,0.0
98e1aa7b-591a-4720-8080-b989de0a7235,2016-06-15,,999-56-8006,,,,Xuan,Solas,,,,white,nonhispanic,F,Vihti  Uusimaa  FI,852 Teponoja Katu Apt 15,Helsinki,Uusimaa,Helsinki,00630,60.17035830318673,24.986736368848188,1500.0,0.0
852a312f-3c6f-48be-b604-9d7478216fc4,1986-04-12,,999-58-4759,S99948038,X37209633X,Ms.,Akseliina,Adolfsson,,,S,white,nonhispanic,F,Helsinki  Uusimaa  FI,503 Yli-Houhala Katu Apt 5,Helsinki,Uusimaa,Helsinki,00860,60.153624303627666,25.07253936348882,4000.0,0.0
7bdbd0c3-eb00-4ff1-ada7-aa83160bd0fd,1985-04-29,,999-33-6911,S99936606,X29761322X,Mr.,Torbjörn,Lampenius,,,M,white,nonhispanic,M,Vantaa  Uusimaa  FI,875 Venninen Katu,Lapinjärvi,Uusimaa,Lapinjärvi,07850,60.71917535897748,26.300861067391278,4125.0,0.0
b7d1337f-aa0c-4dec-a52f-3c1930d3a57c,2004-10-03,,999-65-9333,,,,Biritta,Ruusiala,,,,white,nonhispanic,F,Helsinki  Uusimaa  FI,187 Appelqvist Katu,Vantaa,Uusimaa,Vantaa,01740,60.31510236412837,24.899913665684014,3000.0,0.0
0159f1a6-3d85-4770-bd00-48faa78e0a4a,1966-03-28,,999-51-9634,S99944730,X85311914X,Mrs.,Lou,Tiiperi,,Paasikannas,M,white,nonhispanic,F,Lohja  Uusimaa  FI,580 Flekander Katu Unit 92,Helsinki,Uusimaa,Helsinki,00620,60.148052870637954,24.941638120831623,5375.0,0.0
697c9e66-9862-497d-bd1a-d9115502d524,1998-03-30,,999-64-3971,S99999242,X42746197X,Ms.,Nguyen,Wiirilinna,,,,white,nonhispanic,F,Hyvinkää  Uusimaa  FI,930 Meretniemi Katu Suite 45,Vantaa,Uusimaa,Vantaa,01620,60.329666870571856,24.993943265975663,3500.0,0.0
10d1c608-7258-4a31-b992-0332cb4be500,1989-07-23,,999-62-6318,S99912794,X54892617X,Mr.,Nicodemus,Kylliäinen,,,S,white,nonhispanic,M,Espoo  Uusimaa  FI,945 Hyle Katu,Espoo,Uusimaa,Espoo,02940,60.21094114846156,24.61242336376449,3875.0,0.0
8b91a285-5fd8-45c8-80cd-e003613f26e5,2010-02-01,,999-30-6501,,,,Augusto,Kuure,,,,white,nonhispanic,M,Järvenpää  Uusimaa  FI,515 Pirhonen Katu,Helsinki,Uusimaa,Helsinki,00520,60.202938540550036,25.030059284354362,2375.0,0.0
2aff3b46-d6da-4d9f-a335-261fae08cfb2,1947-10-23,,999-12-2928,S99997755,X18129248X,Mr.,Sylvesteri,Märkälä,,,M,white,nonhispanic,M,Karkkila  Uusimaa  FI,438 Alhava Katu Apt 88,Helsinki,Uusimaa,Helsinki,00500,60.19283408320616,25.009945859621816,7750.0,0.0
3a5319e7-3268-44ef-94e2-f99d4a8f466d,1993-03-22,,999-99-3286,S99936313,X26596431X,Ms.,Stina,Laasanen,,,,white,nonhispanic,F,Kauniainen  Uusimaa  FI,347 Förström Katu Apt 26,Espoo,Uusimaa,Espoo,02750,60.20331750776841,24.743625296037287,3750.0,0.0
61188de0-358d-4541-9662-c75b314c3323,1993-12-27,,999-18-7981,S99910963,X54306622X,Ms.,Emilie,Isto,,,,white,nonhispanic,F,Espoo  Uusimaa  FI,1086 Katajala Katu,Helsinki,Uusimaa,Helsinki,00540,60.2982997979159,25.235194182814475,3750.0,0.0
f214cd0b-7875-4ba2-a389-cd21e89ff596,1993-07-17,,999-12-6289,S99980879,X85179238X,Ms.,Rachelle,Vistbacka,,,,white,nonhispanic,F,Helsinki  Uusimaa  FI,833 Kimpimäki Katu,Espoo,Uusimaa,Espoo,02710,60.14212620624653,24.70609730686391,3750.0,0.0
cff8faa8-ff71-4ba3-a836-7fe96ee1f511,1985-04-28,,999-83-5959,S99917118,X35053281X,Mr.,Ilo,Järnberg,,,M,white,nonhispanic,M,Vihti  Uusimaa  FI,303 Krogell Katu Unit 24,Helsinki,Uusimaa,Helsinki,00610,60.243651521581356,24.98066771538284,4125.0,0.0
c6a4a420-ceb9-44d8-85de-3ce6e8504328,2003-02-01,,999-63-8202,S99925511,,,Melissa,Lope,,,,white,nonhispanic,F,Helsinki  Uusimaa  FI,458 Kuopusjärvi Katu Apt 37,Lohja,Uusimaa,Lohja,09930,60.31093934239548,23.82579693161249,3125.0,0.0
9e36e17e-3024-4668-b6f4-218f02bc45b9,1955-12-17,,999-73-8249,S99978501,X70867397X,Mr.,Iivari,Tuliainen,,,M,white,nonhispanic,M,Helsinki  Uusimaa  FI,817 Stolt Katu Suite 68,Helsinki,Uusimaa,Helsinki,00360,60.29063826220647,25.027389459035287,13410.08,0.0
856e631e-5873-4d09-a968-61f9ca462ce6,1989-01-22,,999-29-3516,S99960805,X49786376X,Mrs.,Renée,Orlova,,Tapioharju,M,white,nonhispanic,F,Lohja  Uusimaa  FI,105 Sagulin Katu,Helsinki,Uusimaa,Helsinki,00930,60.22235646377324,25.091952102815387,3875.0,0.0
