PATIENT,START_YEAR,END_YEAR,PAYER,OWNERSHIP
d2fe3230-fb19-4a65-a6aa-939c83d54774,1981,1999,e15e7b92-f376-374f-9285-2f59a38ad823,Guardian
da059a5e-852d-42b1-a31f-b77c205ec2d0,1979,1997,e15e7b92-f376-374f-9285-2f59a38ad823,Guardian
67f2e99e-d5b9-4741-8984-564448756529,1971,1989,e15e7b92-f376-374f-9285-2f59a38ad823,Guardian
9afdb156-c443-4bac-ab51-33d0ffd37474,1957,1975,e15e7b92-f376-374f-9285-2f59a38ad823,Guardian
10dcd293-7bf9-44e8-9631-a0757afa1f8e,1963,1981,e15e7b92-f376-374f-9285-2f59a38ad823,Guardian
bf9811db-069b-42a2-a6e7-80cf3f5eb760,1994,2012,e15e7b92-f376-374f-9285-2f59a38ad823,Guardian
609f6be1-f06e-44ef-9279-ac0d51d4db85,1991,2009,e15e7b92-f376-374f-9285-2f59a38ad823,Guardian
609f6be1-f06e-44ef-9279-ac0d51d4db85,2010,2011,e15e7b92-f376-374f-9285-2f59a38ad823,Self
6f180aed-9714-4013-a518-ba05376fc596,1953,1971,e15e7b92-f376-374f-9285-2f59a38ad823,Guardian
26827572-a91e-482a-a75c-6d9a059eb721,1950,1968,e15e7b92-f376-374f-9285-2f59a38ad823,Guardian
498608ea-618a-4419-ba54-cc0495051955,1954,1972,e15e7b92-f376-374f-9285-2f59a38ad823,Guardian
aa4a3756-27c6-4136-9f4a-c0b8d0a58f59,1991,2009,e15e7b92-f376-374f-9285-2f59a38ad823,Guardian
e1e4a2d1-35a6-444f-8845-9c11e24a3d16,1981,1999,e15e7b92-f376-374f-9285-2f59a38ad823,Guardian
f9c63ae9-01b5-4564-adff-8eea4a734b2f,1988,2006,e15e7b92-f376-374f-9285-2f59a38ad823,Guardian
79533f05-edd1-41aa-871b-026bfe31b2b7,1961,1979,e15e7b92-f376-374f-9285-2f59a38ad823,Guardian
4b0fd522-d22f-4212-9de1-f87c7bc29161,1975,1993,e15e7b92-f376-374f-9285-2f59a38ad823,Guardian
cc3a0f6d-de41-4705-9c15-0abf4035f16e,1952,1970,e15e7b92-f376-374f-9285-2f59a38ad823,Guardian
470a5114-afbd-4388-b52a-99f94c61d4ea,1988,2006,e15e7b92-f376-374f-9285-2f59a38ad823,Guardian
57d2ca6a-533c-43c5-be98-081349bbf60f,1949,1967,e15e7b92-f376-374f-9285-2f59a38ad823,Guardian
916f433d-72b6-4a46-a9e9-75290e3e0358,1988,2006,e15e7b92-f376-374f-9285-2f59a38ad823,Guardian
6a1ecf37-859c-4da7-8a4b-346fa4a51a2c,1986,2004,e15e7b92-f376-374f-9285-2f59a38ad823,Guardian
b41f8a71-68be-4990-8ef6-2e00f65235c2,1979,1997,e15e7b92-f376-374f-9285-2f59a38ad823,Guardian
b70a9229-c117-4567-98d6-8bfad4347529,1970,1988,e15e7b92-f376-374f-9285-2f59a38ad823,Guardian
a3ce3919-293f-4ac6-b39a-1cdd910daba5,1946,1964,e15e7b92-f376-374f-9285-2f59a38ad823,Guardian
334d5615-5c9c-4ec3-b6f5-089feee8f879,1945,1963,e15e7b92-f376-374f-9285-2f59a38ad823,Guardian
334d5615-5c9c-4ec3-b6f5-089feee8f879,1964,2013,e15e7b92-f376-374f-9285-2f59a38ad823,Self
7a6e906a-0079-459c-ad87-df501db4c53d,1938,1956,e15e7b92-f376-374f-9285-2f59a38ad823,Guardian
859cd9ed-ff4a-4f1d-96f4-f452a443dc78,1980,1998,e15e7b92-f376-374f-9285-2f59a38ad823,Guardian
b0208210-9678-42c8-96a7-4484ddf325bb,1946,1964,e15e7b92-f376-374f-9285-2f59a38ad823,Guardian
b0208210-9678-42c8-96a7-4484ddf325bb,1965,2004,e15e7b92-f376-374f-9285-2f59a38ad823,Self
888bd78d-dc23-4b50-b784-2cf6bdd6007d,1972,1990,e15e7b92-f376-374f-9285-2f59a38ad823,Guardian
89e30aae-d34f-4c6a-a5ee-fb1c78e6e829,1959,1977,e15e7b92-f376-374f-9285-2f59a38ad823,Guardian
05a0aaef-7b9f-4f15-b034-ca2e79028f73,1993,2011,e15e7b92-f376-374f-9285-2f59a38ad823,Guardian
56611186-9373-4ce3-94de-290dd46342f2,1990,2008,e15e7b92-f376-374f-9285-2f59a38ad823,Guardian
6572b64a-552e-44bb-afb0-9760c01f8d43,1975,1993,e15e7b92-f376-374f-9285-2f59a38ad823,Guardian
e29c94f2-f79c-4a5e-b3ed-83560184f94f,1942,1960,e15e7b92-f376-374f-9285-2f59a38ad823,Guardian
7cea7dc9-2a56-46f3-9300-42d0e844f710,1945,1963,e15e7b92-f376-374f-9285-2f59a38ad823,Guardian
abc63d11-a491-4866-a8a2-e00bae87f3a0,1995,2013,e15e7b92-f376-374f-9285-2f59a38ad823,Guardian
0d5210e9-bd46-4c55-8568-e0617f39b4af,1945,1963,e15e7b92-f376-374f-9285-2f59a38ad823,Guardian
e230638a-0fa0-4000-ad23-4723467e3089,1941,1959,e15e7b92-f376-374f-9285-2f59a38ad823,Guardian
5c38ba6e-07d8-41a9-acbb-c7a05e6c6103,1946,1964,e15e7b92-f376-374f-9285-2f59a38ad823,Guardian
e930d200-e32e-4249-8158-4355e4cf8d6b,1975,1993,e15e7b92-f376-374f-9285-2f59a38ad823,Guardian
706c2f7a-5ef3-4680-8e8d-1f9da8e170fb,1963,1981,e15e7b92-f376-374f-9285-2f59a38ad823,Guardian
c3738831-4abe-4c60-9b6c-a225d8260c5e,1996,2014,e15e7b92-f376-374f-9285-2f59a38ad823,Guardian
3da1b12f-92d5-4225-b726-2e7679923cf8,1983,2001,e15e7b92-f376-374f-9285-2f59a38ad823,Guardian
a4247667-77ec-4a41-8a2f-94d14fd18b13,1946,1964,e15e7b92-f376-374f-9285-2f59a38ad823,Guardian
a4247667-77ec-4a41-8a2f-94d14fd18b13,1965,2016,e15e7b92-f376-374f-9285-2f59a38ad823,Self
10abd2d4-b060-452d-a8bf-0fbc5cb4b186,1980,1998,e15e7b92-f376-374f-9285-2f59a38ad823,Guardian
82f4de37-096f-4841-931c-a1308a85eeab,1954,1972,e15e7b92-f376-374f-9285-2f59a38ad823,Guardian
b6e0b46e-2329-4823-a1a5-8fd0d712af68,1979,1997,e15e7b92-f376-374f-9285-2f59a38ad823,Guardian
140e9b1a-0b5f-4b1f-9c1d-67f51a5bb94a,1941,1959,e15e7b92-f376-374f-9285-2f59a38ad823,Guardian
44d816ac-9cc4-494e-8e1b-76d9dd5efd7b,2001,2019,e15e7b92-f376-374f-9285-2f59a38ad823,Guardian
1bac316a-5f70-4ce5-bff7-4d78b7a07087,1956,1974,e15e7b92-f376-374f-9285-2f59a38ad823,Guardian
b3959130-770c-47a6-83d8-38076b39768d,1962,1980,e15e7b92-f376-374f-9285-2f59a38ad823,Guardian
fd15770d-4e5b-4c37-9204-99f49b14de14,1986,2004,e15e7b92-f376-374f-9285-2f59a38ad823,Guardian
c1df79cb-8b9c-4206-830d-959ca4dbab08,1993,2011,e15e7b92-f376-374f-9285-2f59a38ad823,Guardian
4eca1ec0-58bd-484e-b72d-bf60749772c7,1969,1987,e15e7b92-f376-374f-9285-2f59a38ad823,Guardian
5cd91aa5-cda8-4024-9e63-37dbf1c4cd84,1946,1964,e15e7b92-f376-374f-9285-2f59a38ad823,Guardian
4d6b9991-ee0e-48ac-b63c-0e0284df207e,1946,1964,e15e7b92-f376-374f-9285-2f59a38ad823,Guardian
4d6b9991-ee0e-48ac-b63c-0e0284df207e,1965,2015,b1c428d6-4f07-31e0-90f0-68ffa6ff8c76,Self
4d6b9991-ee0e-48ac-b63c-0e0284df207e,2016,2016,e15e7b92-f376-374f-9285-2f59a38ad823,
f4acc4e5-4559-4cf9-95e6-0cb872749862,1946,1964,e15e7b92-f376-374f-9285-2f59a38ad823,Guardian
85ec8523-a449-41ef-bf2f-131d18a5f557,1968,1986,e15e7b92-f376-374f-9285-2f59a38ad823,Guardian
f1201c7b-eeea-4e78-a271-72d862bd5c9e,1997,2015,e15e7b92-f376-374f-9285-2f59a38ad823,Guardian
dbca1ba2-cfd0-4dc8-816c-23a765b27e22,1973,1991,e15e7b92-f376-374f-9285-2f59a38ad823,Guardian
75fbd23e-9a10-4d5f-ad4b-26bb1eb5ed14,1996,2014,e15e7b92-f376-374f-9285-2f59a38ad823,Guardian
6e0d4610-9586-4f5f-aa16-d41661aaeec1,1979,1997,e15e7b92-f376-374f-9285-2f59a38ad823,Guardian
fa2d6b19-729c-4c5c-a16c-f4af4cf88aa6,1995,2013,e15e7b92-f376-374f-9285-2f59a38ad823,Guardian
2bb73131-22fe-4117-9690-ed7bd89ef232,1960,1972,e15e7b92-f376-374f-9285-2f59a38ad823,Guardian
69536e8b-0264-4763-9f01-960f3fc19289,1956,1974,e15e7b92-f376-374f-9285-2f59a38ad823,Guardian
8807deda-3d5f-47fd-b4b6-f8349e66b73b,1983,2001,e15e7b92-f376-374f-9285-2f59a38ad823,Guardian
ea8fab13-8cca-43e7-9720-1eef61f67cf8,1950,1968,e15e7b92-f376-374f-9285-2f59a38ad823,Guardian
720c191f-4be8-437a-aa04-51ae10443f21,1947,1965,e15e7b92-f376-374f-9285-2f59a38ad823,Guardian
92fd9781-08df-4408-ab7a-0ece757c787e,1993,2011,e15e7b92-f376-374f-9285-2f59a38ad823,Guardian
ccd78ebd-a297-403b-9709-ec7abf6f18dc,1960,1978,e15e7b92-f376-374f-9285-2f59a38ad823,Guardian
bb926972-d690-4a28-8112-b3abfb5f6ad7,1942,1960,e15e7b92-f376-374f-9285-2f59a38ad823,Guardian
5421559a-fdb2-4bd0-a54a-f585557771d6,1946,1964,e15e7b92-f376-374f-9285-2f59a38ad823,Guardian
a5d8d28c-33e6-4b6b-b0a2-69d515e61a3e,1952,1970,e15e7b92-f376-374f-9285-2f59a38ad823,Guardian
fbe3aa1f-47a9-4a18-b349-16c62ae6610f,1988,2006,e15e7b92-f376-374f-9285-2f59a38ad823,Guardian
e51acf5b-0802-4b3d-9579-a04110b1a16d,1928,1928,b1c428d6-4f07-31e0-90f0-68ffa6ff8c76,
e51acf5b-0802-4b3d-9579-a04110b1a16d,1929,1932,e15e7b92-f376-374f-9285-2f59a38ad823,
e51acf5b-0802-4b3d-9579-a04110b1a16d,1933,1937,b1c428d6-4f07-31e0-90f0-68ffa6ff8c76,Guardian
e51acf5b-0802-4b3d-9579-a04110b1a16d,1938,1948,e15e7b92-f376-374f-9285-2f59a38ad823,
e51acf5b-0802-4b3d-9579-a04110b1a16d,1949,1950,b1c428d6-4f07-31e0-90f0-68ffa6ff8c76,Self
e51acf5b-0802-4b3d-9579-a04110b1a16d,1951,1951,e15e7b92-f376-374f-9285-2f59a38ad823,
e51acf5b-0802-4b3d-9579-a04110b1a16d,1952,1953,b1c428d6-4f07-31e0-90f0-68ffa6ff8c76,Self
e51acf5b-0802-4b3d-9579-a04110b1a16d,1954,1954,e15e7b92-f376-374f-9285-2f59a38ad823,
e51acf5b-0802-4b3d-9579-a04110b1a16d,1955,1956,b1c428d6-4f07-31e0-90f0-68ffa6ff8c76,Self
e51acf5b-0802-4b3d-9579-a04110b1a16d,1957,1957,e15e7b92-f376-374f-9285-2f59a38ad823,
e51acf5b-0802-4b3d-9579-a04110b1a16d,1958,1959,b1c428d6-4f07-31e0-90f0-68ffa6ff8c76,Self
e51acf5b-0802-4b3d-9579-a04110b1a16d,1960,1960,e15e7b92-f376-374f-9285-2f59a38ad823,
e51acf5b-0802-4b3d-9579-a04110b1a16d,1961,1962,b1c428d6-4f07-31e0-90f0-68ffa6ff8c76,Self
e51acf5b-0802-4b3d-9579-a04110b1a16d,1963,1963,e15e7b92-f376-374f-9285-2f59a38ad823,
e51acf5b-0802-4b3d-9579-a04110b1a16d,1964,1965,b1c428d6-4f07-31e0-90f0-68ffa6ff8c76,Self
e51acf5b-0802-4b3d-9579-a04110b1a16d,1966,1966,e15e7b92-f376-374f-9285-2f59a38ad823,
e51acf5b-0802-4b3d-9579-a04110b1a16d,1967,1968,b1c428d6-4f07-31e0-90f0-68ffa6ff8c76,Self
e51acf5b-0802-4b3d-9579-a04110b1a16d,1969,1969,e15e7b92-f376-374f-9285-2f59a38ad823,
e51acf5b-0802-4b3d-9579-a04110b1a16d,1970,1970,b1c428d6-4f07-31e0-90f0-68ffa6ff8c76,Self
e51acf5b-0802-4b3d-9579-a04110b1a16d,1971,1971,e15e7b92-f376-374f-9285-2f59a38ad823,
e51acf5b-0802-4b3d-9579-a04110b1a16d,1972,1972,b1c428d6-4f07-31e0-90f0-68ffa6ff8c76,Self
e51acf5b-0802-4b3d-9579-a04110b1a16d,1973,1973,e15e7b92-f376-374f-9285-2f59a38ad823,
e51acf5b-0802-4b3d-9579-a04110b1a16d,1974,1974,b1c428d6-4f07-31e0-90f0-68ffa6ff8c76,Self
e51acf5b-0802-4b3d-9579-a04110b1a16d,1975,1975,e15e7b92-f376-374f-9285-2f59a38ad823,
e51acf5b-0802-4b3d-9579-a04110b1a16d,1976,1976,b1c428d6-4f07-31e0-90f0-68ffa6ff8c76,Self
e51acf5b-0802-4b3d-9579-a04110b1a16d,1977,1977,e15e7b92-f376-374f-9285-2f59a38ad823,
e51acf5b-0802-4b3d-9579-a04110b1a16d,1978,1978,b1c428d6-4f07-31e0-90f0-68ffa6ff8c76,Self
e51acf5b-0802-4b3d-9579-a04110b1a16d,1979,2019,e15e7b92-f376-374f-9285-2f59a38ad823,
d4133eb4-2264-4f75-a8a6-8cb0f111f0fa,1983,2001,e15e7b92-f376-374f-9285-2f59a38ad823,Guardian
43dab1fc-0075-4911-bf6d-82a6b772d061,1966,1984,e15e7b92-f376-374f-9285-2f59a38ad823,Guardian
852a312f-3c6f-48be-b604-9d7478216fc4,1986,2004,e15e7b92-f376-374f-9285-2f59a38ad823,Guardian
7bdbd0c3-eb00-4ff1-ada7-aa83160bd0fd,1985,2003,e15e7b92-f376-374f-9285-2f59a38ad823,Guardian
0159f1a6-3d85-4770-bd00-48faa78e0a4a,1966,1984,e15e7b92-f376-374f-9285-2f59a38ad823,Guardian
697c9e66-9862-497d-bd1a-d9115502d524,1998,2016,e15e7b92-f376-374f-9285-2f59a38ad823,Guardian
10d1c608-7258-4a31-b992-0332cb4be500,1989,2007,e15e7b92-f376-374f-9285-2f59a38ad823,Guardian
2aff3b46-d6da-4d9f-a335-261fae08cfb2,1947,1965,e15e7b92-f376-374f-9285-2f59a38ad823,Guardian
3a5319e7-3268-44ef-94e2-f99d4a8f466d,1993,2011,e15e7b92-f376-374f-9285-2f59a38ad823,Guardian
61188de0-358d-4541-9662-c75b314c3323,1993,2011,e15e7b92-f376-374f-9285-2f59a38ad823,Guardian
f214cd0b-7875-4ba2-a389-cd21e89ff596,1993,2011,e15e7b92-f376-374f-9285-2f59a38ad823,Guardian
cff8faa8-ff71-4ba3-a836-7fe96ee1f511,1985,2003,e15e7b92-f376-374f-9285-2f59a38ad823,Guardian
9e36e17e-3024-4668-b6f4-218f02bc45b9,1955,1973,e15e7b92-f376-374f-9285-2f59a38ad823,Guardian
856e631e-5873-4d09-a968-61f9ca462ce6,1989,2007,e15e7b92-f376-374f-9285-2f59a38ad823,Guardian
