DATE,PATIENT,ENCOUNTER,CODE,DESCRIPTION,BASE_COST,REASONCODE,REASONDESCRIPTION
2017-06-01,9afdb156-c443-4bac-ab51-33d0ffd37474,d7d85b55-932e-44be-a1b9-04584655ae05,312681000,Bone density scan (procedure),10055.85,,
2011-02-17,609f6be1-f06e-44ef-9279-ac0d51d4db85,5db0156d-9f01-4627-a3ea-60537c293a3e,40701008,Echocardiography (procedure),1019.22,22298006,Myocardial Infarction
2011-02-17,609f6be1-f06e-44ef-9279-ac0d51d4db85,5db0156d-9f01-4627-a3ea-60537c293a3e,415070008,Percutaneous coronary intervention,14320.05,22298006,Myocardial Infarction
2011-02-17,609f6be1-f06e-44ef-9279-ac0d51d4db85,5db0156d-9f01-4627-a3ea-60537c293a3e,232717009,Coronary artery bypass grafting,53519.98,22298006,Myocardial Infarction
2010-08-05,26827572-a91e-482a-a75c-6d9a059eb721,8b3185d2-51c6-4e69-bda8-b12e343b0889,312681000,Bone density scan (procedure),11980.43,,
2017-05-25,f9c63ae9-01b5-4564-adff-8eea4a734b2f,8541086c-e179-4c78-9928-ce946ec9fd95,40701008,Echocardiography (procedure),998.19,22298006,Myocardial Infarction
2017-05-25,f9c63ae9-01b5-4564-adff-8eea4a734b2f,8541086c-e179-4c78-9928-ce946ec9fd95,415070008,Percutaneous coronary intervention,28711.06,22298006,Myocardial Infarction
2017-05-25,f9c63ae9-01b5-4564-adff-8eea4a734b2f,8541086c-e179-4c78-9928-ce946ec9fd95,232717009,Coronary artery bypass grafting,54820.19,22298006,Myocardial Infarction
2016-10-21,79533f05-edd1-41aa-871b-026bfe31b2b7,e58f74da-9d55-4ca3-9a22-6b58c7b5ddec,180325003,Electrical cardioversion,28753.09,49436004,Atrial Fibrillation
2017-10-27,79533f05-edd1-41aa-871b-026bfe31b2b7,6d2ba60a-614a-40bb-8a4c-da066266ed46,18286008,Catheter ablation of tissue of heart,16539.36,49436004,Atrial Fibrillation
2018-11-02,79533f05-edd1-41aa-871b-026bfe31b2b7,48affd13-20c8-49a6-a94b-0e20975e4f9c,180325003,Electrical cardioversion,27149.44,49436004,Atrial Fibrillation
2019-11-08,79533f05-edd1-41aa-871b-026bfe31b2b7,bf34c0dc-6c2a-487c-956e-a22c550a67bb,180325003,Electrical cardioversion,23061.75,49436004,Atrial Fibrillation
2013-04-07,57d2ca6a-533c-43c5-be98-081349bbf60f,d905ce8e-1550-4a2d-b1c5-2276ca83aa22,180325003,Electrical cardioversion,32358.93,49436004,Atrial Fibrillation
2014-04-13,57d2ca6a-533c-43c5-be98-081349bbf60f,44d519c7-ff05-4a53-88d1-81a1d605ac47,180325003,Electrical cardioversion,30185.86,49436004,Atrial Fibrillation
2015-04-19,57d2ca6a-533c-43c5-be98-081349bbf60f,04fb7096-8d1f-43d3-98e5-c7084079faf7,180325003,Electrical cardioversion,34019.22,49436004,Atrial Fibrillation
2016-04-24,57d2ca6a-533c-43c5-be98-081349bbf60f,99458807-350a-4b65-b0e5-472f8d374cec,180325003,Electrical cardioversion,40925.68,49436004,Atrial Fibrillation
2017-04-30,57d2ca6a-533c-43c5-be98-081349bbf60f,b3e58f84-c480-4113-ab17-349590f0c859,180325003,Electrical cardioversion,15762.51,49436004,Atrial Fibrillation
2018-05-06,57d2ca6a-533c-43c5-be98-081349bbf60f,908bd79f-5945-4ada-a9e9-2d129621663b,180325003,Electrical cardioversion,35093.44,49436004,Atrial Fibrillation
2019-05-12,57d2ca6a-533c-43c5-be98-081349bbf60f,3ac4d5fe-71b4-4175-8e71-bec6e93d8489,180325003,Electrical cardioversion,26644.22,49436004,Atrial Fibrillation
2013-06-12,334d5615-5c9c-4ec3-b6f5-089feee8f879,1cf1fdcd-919f-418c-83a1-b603352271c8,40701008,Echocardiography (procedure),1213.76,22298006,Myocardial Infarction
2013-06-12,334d5615-5c9c-4ec3-b6f5-089feee8f879,1cf1fdcd-919f-418c-83a1-b603352271c8,415070008,Percutaneous coronary intervention,19252.27,22298006,Myocardial Infarction
2013-06-12,334d5615-5c9c-4ec3-b6f5-089feee8f879,1cf1fdcd-919f-418c-83a1-b603352271c8,232717009,Coronary artery bypass grafting,54872.31,22298006,Myocardial Infarction
2018-12-11,7a6e906a-0079-459c-ad87-df501db4c53d,dbc37f9f-4080-4777-ba15-7f8a4bd41a34,312681000,Bone density scan (procedure),5575.20,,
2004-12-22,b0208210-9678-42c8-96a7-4484ddf325bb,27c98b64-a413-4e6f-9c54-f040a6aad068,40701008,Echocardiography (procedure),1131.35,230690007,Stroke
2004-12-22,b0208210-9678-42c8-96a7-4484ddf325bb,27c98b64-a413-4e6f-9c54-f040a6aad068,433112001,Percutaneous mechanical thrombectomy of portal vein using fluoroscopic guidance,31830.15,230690007,Stroke
2019-11-11,89e30aae-d34f-4c6a-a5ee-fb1c78e6e829,98b85b7f-5464-4930-be35-ca29c4cf861f,312681000,Bone density scan (procedure),5367.44,,
2000-12-28,6572b64a-552e-44bb-afb0-9760c01f8d43,2bc7ee15-2c6b-46d0-b3d6-66a944855653,40701008,Echocardiography (procedure),1617.06,410429000,Cardiac Arrest
2000-12-28,6572b64a-552e-44bb-afb0-9760c01f8d43,2bc7ee15-2c6b-46d0-b3d6-66a944855653,447365002,Insertion of biventricular implantable cardioverter defibrillator,23837.69,410429000,Cardiac Arrest
2000-12-28,6572b64a-552e-44bb-afb0-9760c01f8d43,2bc7ee15-2c6b-46d0-b3d6-66a944855653,18286008,Catheter ablation of tissue of heart,8704.24,410429000,Cardiac Arrest
2012-11-25,e29c94f2-f79c-4a5e-b3ed-83560184f94f,a40fedfc-c9ec-48cb-a421-b1415a67094e,312681000,Bone density scan (procedure),12257.37,,
1974-06-06,e230638a-0fa0-4000-ad23-4723467e3089,684a35ae-be27-4db9-9b5a-61a7fbcfe1ec,40701008,Echocardiography (procedure),538.46,22298006,Myocardial Infarction
1974-06-06,e230638a-0fa0-4000-ad23-4723467e3089,684a35ae-be27-4db9-9b5a-61a7fbcfe1ec,415070008,Percutaneous coronary intervention,22299.16,22298006,Myocardial Infarction
1974-06-06,e230638a-0fa0-4000-ad23-4723467e3089,684a35ae-be27-4db9-9b5a-61a7fbcfe1ec,232717009,Coronary artery bypass grafting,37397.58,22298006,Myocardial Infarction
2016-04-09,a4247667-77ec-4a41-8a2f-94d14fd18b13,b32f7a3c-0d80-4474-8dd9-d24526007a62,40701008,Echocardiography (procedure),761.44,22298006,Myocardial Infarction
2016-04-09,a4247667-77ec-4a41-8a2f-94d14fd18b13,b32f7a3c-0d80-4474-8dd9-d24526007a62,415070008,Percutaneous coronary intervention,32332.00,22298006,Myocardial Infarction
2016-04-09,a4247667-77ec-4a41-8a2f-94d14fd18b13,b32f7a3c-0d80-4474-8dd9-d24526007a62,232717009,Coronary artery bypass grafting,38190.54,22298006,Myocardial Infarction
2017-01-27,82f4de37-096f-4841-931c-a1308a85eeab,cabe3b33-bf2d-4975-a0d0-d66e2bedcc71,180325003,Electrical cardioversion,24844.59,49436004,Atrial Fibrillation
2018-02-02,82f4de37-096f-4841-931c-a1308a85eeab,40d8d72a-235b-468d-9e32-3a14cad6a8f3,18286008,Catheter ablation of tissue of heart,7798.77,49436004,Atrial Fibrillation
2019-02-08,82f4de37-096f-4841-931c-a1308a85eeab,fb3aefa6-f676-4714-8b17-e62cefe9b04f,180325003,Electrical cardioversion,22799.21,49436004,Atrial Fibrillation
2020-02-14,82f4de37-096f-4841-931c-a1308a85eeab,827452d7-9995-4f3f-97d0-2f18921b7fcd,180325003,Electrical cardioversion,28729.21,49436004,Atrial Fibrillation
2014-09-25,140e9b1a-0b5f-4b1f-9c1d-67f51a5bb94a,bbaebcf9-52b2-4480-ada9-124917744850,40701008,Echocardiography (procedure),1596.50,230690007,Stroke
2014-09-25,140e9b1a-0b5f-4b1f-9c1d-67f51a5bb94a,bbaebcf9-52b2-4480-ada9-124917744850,433112001,Percutaneous mechanical thrombectomy of portal vein using fluoroscopic guidance,31273.01,230690007,Stroke
2011-06-15,1bac316a-5f70-4ce5-bff7-4d78b7a07087,64d3320a-53ce-4599-a8e0-ee257c465226,40701008,Echocardiography (procedure),1331.55,410429000,Cardiac Arrest
2011-06-15,1bac316a-5f70-4ce5-bff7-4d78b7a07087,64d3320a-53ce-4599-a8e0-ee257c465226,447365002,Insertion of biventricular implantable cardioverter defibrillator,29593.49,410429000,Cardiac Arrest
2011-06-15,1bac316a-5f70-4ce5-bff7-4d78b7a07087,64d3320a-53ce-4599-a8e0-ee257c465226,18286008,Catheter ablation of tissue of heart,7870.41,410429000,Cardiac Arrest
2015-12-06,4d6b9991-ee0e-48ac-b63c-0e0284df207e,0be2a0ab-3ea9-4d5c-a72d-cbd6698b5fe8,40701008,Echocardiography (procedure),1144.87,230690007,Stroke
2015-12-06,4d6b9991-ee0e-48ac-b63c-0e0284df207e,0be2a0ab-3ea9-4d5c-a72d-cbd6698b5fe8,433112001,Percutaneous mechanical thrombectomy of portal vein using fluoroscopic guidance,18313.34,230690007,Stroke
1972-11-19,2bb73131-22fe-4117-9690-ed7bd89ef232,1023dce7-2de6-4572-86ed-3dfa6b5acbb0,40701008,Echocardiography (procedure),1133.70,410429000,Cardiac Arrest
1972-11-19,2bb73131-22fe-4117-9690-ed7bd89ef232,1023dce7-2de6-4572-86ed-3dfa6b5acbb0,447365002,Insertion of biventricular implantable cardioverter defibrillator,38633.18,410429000,Cardiac Arrest
1972-11-19,2bb73131-22fe-4117-9690-ed7bd89ef232,1023dce7-2de6-4572-86ed-3dfa6b5acbb0,18286008,Catheter ablation of tissue of heart,9961.96,410429000,Cardiac Arrest
2013-03-14,e51acf5b-0802-4b3d-9579-a04110b1a16d,3c35e759-b530-4dd0-bfb5-617ab4181a3a,180325003,Electrical cardioversion,21582.78,49436004,Atrial Fibrillation
2014-03-20,e51acf5b-0802-4b3d-9579-a04110b1a16d,16952342-9279-4f11-bfe1-1cb82f329e9d,180325003,Electrical cardioversion,33703.63,49436004,Atrial Fibrillation
2015-03-26,e51acf5b-0802-4b3d-9579-a04110b1a16d,87f61691-8329-4f33-b788-31aaaa134684,180325003,Electrical cardioversion,42268.78,49436004,Atrial Fibrillation
2016-03-31,e51acf5b-0802-4b3d-9579-a04110b1a16d,dab06e66-4490-42e6-8f2a-27ad14e7a421,180325003,Electrical cardioversion,27900.27,49436004,Atrial Fibrillation
2017-04-06,e51acf5b-0802-4b3d-9579-a04110b1a16d,3c64e937-df94-4fad-865c-779cedf92128,180325003,Electrical cardioversion,15749.45,49436004,Atrial Fibrillation
2018-04-12,e51acf5b-0802-4b3d-9579-a04110b1a16d,2396b5e8-45a4-4301-9733-f4d413240f7d,180325003,Electrical cardioversion,24846.06,49436004,Atrial Fibrillation
2019-04-18,e51acf5b-0802-4b3d-9579-a04110b1a16d,cfc1f136-7971-4ac8-a070-335508aec1cf,180325003,Electrical cardioversion,30767.67,49436004,Atrial Fibrillation
2015-08-01,9e36e17e-3024-4668-b6f4-218f02bc45b9,7e046a8d-0cc5-4d6a-ad5d-d251750b688f,40701008,Echocardiography (procedure),1275.82,230690007,Stroke
2015-08-01,9e36e17e-3024-4668-b6f4-218f02bc45b9,7e046a8d-0cc5-4d6a-ad5d-d251750b688f,433112001,Percutaneous mechanical thrombectomy of portal vein using fluoroscopic guidance,38569.37,230690007,Stroke
