Id,ORGANIZATION,NAME,GENDER,SPECIALITY,ADDRESS,CITY,STATE,ZIP,LAT,LON,UTILIZATION
4f30df9b-8fe2-384e-9eb4-e83b02ecf3af,319baef9-e8e6-3320-9e0b-7991d9c167b8,Madelein Virkalahti,F,GENERAL PRACTICE,Haartmaninkatu 4,Helsinki,18,00290,60.189159,24.909081,2
b8d156f8-7da7-3c90-9e0b-306d212d257e,39010280-b8e5-3b1a-b835-bafbeea21968,Turkka Eklund,M,GENERAL PRACTICE,Turuntie 150,Espoo,18,02740,60.22589,24.77581,2
76f4b448-e161-3d8e-a22b-e2db98a0494c,8af774ed-7635-320a-ad8c-a63aa309a858,Alliina Langenoja,F,GENERAL PRACTICE,Sairaalatie 8,Lohja,18,08200,60.2247,24.01885,2
3f4058b5-9152-3d29-90f2-a9aa12d03893,d8b3cbb1-88db-3fc1-bb2b-6a9c0037e6e5,Ahvo Rytkö,M,GENERAL PRACTICE,Sairaalantie 1,Porvoo,18,06200,60.37911,25.69576,1
533796bb-996e-30f1-9ea4-41d0aae25ea8,738aef7e-a279-3f65-9dba-fead16b27400,Marja-Reetta Tarri,F,GENERAL PRACTICE,Turuntie 150,Espoo,18,02740,60.22589,24.77581,1145
edb8f480-e199-3e1e-9202-cbeb39027373,9a3e6919-4ed0-32fe-a1e2-7184b06c415f,Onni Päiviö,M,GENERAL PRACTICE,Karvasmäentie 6,Espoo,18,02740,60.22011,24.6848,658
44d96829-02d7-3130-beb7-7bb7dd5e7460,a70486b2-c33a-37b3-a4cf-b3dc06cb9d84,Louisa Birling,F,GENERAL PRACTICE,Sairaalakatu 1,Vantaa,18,01400,60.3299,25.0608,1363
6108a700-b0d1-3523-9650-2c285d7b659b,bf25636d-50a4-3cf2-b937-0e59fd37503f,Madelein Virkalahti,F,GENERAL PRACTICE,Sairaalankatu 1,Hyvinkää,18,05830,60.612,24.82486,106
4ff35782-c7ea-32ed-963c-74f3753cb323,4eddd774-a01b-3a0b-b4c6-736a5581aba4,Michaela Voionmaa,F,GENERAL PRACTICE,Ohkolantie 10,Kellokoski,18,04500,60.53054,25.10548,87
75041374-0be8-31a1-9f06-4a27045fa55d,942171f0-df04-34cc-9c85-1a11b2f08717,Milly Rantakallio,F,GENERAL PRACTICE,Sairaalatie 8,Lohja,18,08200,60.2247,24.01885,457
334a2ede-7058-33a2-a886-5004b5061546,216a84b2-6287-356d-9bcf-655abf00debb,Jenna-Maria Kulovuori,F,GENERAL PRACTICE,Sairaalantie 1,Porvoo,18,06200,60.37911,25.69576,387
7c9ab77a-3b96-3936-8bf8-50c62ddfbccf,319baef9-e8e6-3320-9e0b-7991d9c167b8,Marja-Reetta Tarri,F,GENERAL PRACTICE,Haartmaninkatu 4,Helsinki,18,00290,60.189159,24.909081,1
4ec7b691-acc0-3798-a91a-74a795a24b09,39010280-b8e5-3b1a-b835-bafbeea21968,Louisa Birling,F,GENERAL PRACTICE,Turuntie 150,Espoo,18,02740,60.22589,24.77581,1
ba63060c-3f04-3ce9-bb72-a388d6d3d866,7b74aa83-5335-38dd-a213-d6df36c7f627,Madelein Virkalahti,F,GENERAL PRACTICE,Karvasmäentie 6,Espoo,18,02740,60.22011,24.6848,1
0cbde3d4-b458-3426-b569-60a01c0211db,af916982-f5f8-341b-b159-69e72695294c,Michaela Voionmaa,F,GENERAL PRACTICE,Sairaalakatu 1,Vantaa,18,01400,60.3299,25.0608,4
366c485c-73d0-3d97-a796-261576e657a2,d8b3cbb1-88db-3fc1-bb2b-6a9c0037e6e5,Agnesa Kastemaa,F,GENERAL PRACTICE,Sairaalantie 1,Porvoo,18,06200,60.37911,25.69576,1
