person_id,gender_concept_id,year_of_birth,month_of_birth,day_of_birth,birth_datetime,race_concept_id,ethnicity_concept_id,location_id,provider_id,care_site_id,person_source_value,gender_source_value,gender_source_concept_id,race_source_value,race_source_concept_id,ethnicity_source_value,ethnicity_source_concept_id
1759,8532,2006,3,11,,8527,0,1759,,,61d80f93-276b-44db-acfa-34ffcb15a626,F,0,white,0,nonhispanic,0
1760,8507,1987,7,6,,8527,0,1760,,,f3d5670f-44c9-44e0-b88f-a1b5c93fd654,M,0,white,0,nonhispanic,0
1761,8532,1985,4,23,,8527,0,1761,,,df5989b0-8c76-42d6-8a6d-0a4fb267eadd,F,0,white,0,nonhispanic,0
1762,8507,2017,12,28,,8527,0,1762,,,9c8942ed-5b08-4c82-bbe9-ab3d132214c5,M,0,white,0,nonhispanic,0
1763,8507,1975,9,14,,8527,0,1763,,,3a3e9cec-9afa-4048-bf1c-34475bef6bc0,M,0,white,0,nonhispanic,0
1764,8532,1978,9,13,,8527,0,1764,,,254e667f-7736-4f24-bb99-84e4c4078961,F,0,white,0,nonhispanic,0
1765,8507,2018,8,29,,8527,0,1765,,,c9b60af3-9871-443d-ba33-e1f3bada3687,M,0,white,0,nonhispanic,0
1766,8532,1984,11,18,,8527,0,1766,,,d4c62df5-5381-49ca-9292-9fd08357c558,F,0,white,0,nonhispanic,0
1767,8507,1956,11,23,,8527,0,1767,,,7df29c56-a5e2-4675-8e3a-f377dca297f7,M,0,white,0,nonhispanic,0
1768,8507,1955,4,17,,8527,0,1768,,,ee75d7cd-5bb0-4a86-b6ce-3b25e63e1434,M,0,white,0,nonhispanic,0
1769,8532,1950,7,28,,8527,0,1769,,,04757ac0-0331-40e8-98ea-28503c378332,F,0,white,0,nonhispanic,0
1770,8507,2014,10,13,,8527,0,1770,,,4e79a919-149f-4a1b-88b0-9d73c68a9da2,M,0,white,0,nonhispanic,0
1771,8532,1979,2,8,,8527,0,1771,,,b8636cb3-df20-453e-9a77-4ef53197dc0a,F,0,white,0,nonhispanic,0
1772,8532,1990,12,5,,8527,0,1772,,,a33e3577-5050-4057-ada8-fa05ec9fc43a,F,0,white,0,nonhispanic,0
1773,8507,1962,9,27,,8527,0,1773,,,df785bbe-d10e-476f-8ab3-85e12721b143,M,0,white,0,nonhispanic,0
1774,8507,1965,10,23,,8527,0,1774,,,b37ad442-01f1-4b91-94d8-51e49f5fb58c,M,0,white,0,nonhispanic,0
1775,8507,2007,8,11,,8527,0,1775,,,4f951e6a-4d98-4255-9352-9980469ee096,M,0,white,0,nonhispanic,0
1776,8532,1983,7,28,,8527,0,1776,,,5c20fe13-483d-4184-97e9-3faf24dcfa44,F,0,white,0,nonhispanic,0
1777,8507,1973,3,18,,8527,0,1777,,,16309c20-b967-4001-8fe5-a7759fb9412a,M,0,white,0,nonhispanic,0
1778,8507,1989,11,23,,8527,0,1778,,,7f114e85-938a-4eca-b18f-59a0a638eec2,M,0,white,0,nonhispanic,0
1779,8532,2002,2,19,,8527,0,1779,,,aa7adadb-a4c7-4d46-98e6-e84b70bcc415,F,0,white,0,nonhispanic,0
1780,8532,1939,2,8,,8527,0,1780,,,8d8fa8e2-e301-459c-8008-644e41a8d69e,F,0,white,0,nonhispanic,0
1781,8507,1956,12,14,,8527,0,1781,,,2186308c-d28c-4282-be1d-90c316193421,M,0,white,0,nonhispanic,0
1782,8507,1958,4,25,,8527,0,1782,,,4a98a76e-9cdf-45af-854f-efd27c375b90,M,0,white,0,nonhispanic,0
1783,8532,1990,2,1,,8527,0,1783,,,2dd02d21-92c8-4817-80fc-f5045b7a988d,F,0,white,0,nonhispanic,0
1784,8507,1963,7,4,,8527,0,1784,,,51df8a6a-e18c-4960-af01-a7b254d986db,M,0,white,0,nonhispanic,0
1785,8507,1982,10,14,,8527,0,1785,,,19433462-af6d-4683-8916-d11c6fc128b0,M,0,white,0,nonhispanic,0
1786,8532,1980,7,7,,8527,0,1786,,,1d8dee24-9e45-4eb1-96a0-ff65d1b649a5,F,0,white,0,nonhispanic,0
1787,8532,1968,4,29,,8527,0,1787,,,1e55a690-b4af-457a-b36d-2ca4068c82e6,F,0,white,0,nonhispanic,0
1788,8532,1972,9,28,,8527,0,1788,,,c81a0538-e6f8-4ca2-9886-9550f5bb08b4,F,0,white,0,nonhispanic,0
1789,8532,2010,2,4,,8527,0,1789,,,898116ac-2ba3-4340-ba27-e8ea002350cf,F,0,white,0,nonhispanic,0
1790,8507,2017,5,16,,8527,0,1790,,,c0937711-1d4e-497c-868b-c4a515d49cd8,M,0,white,0,nonhispanic,0
1791,8507,1995,10,20,,8527,0,1791,,,23604dc3-a591-4ac2-a6cd-4f06366c345a,M,0,white,0,nonhispanic,0
1792,8532,1993,12,19,,8527,0,1792,,,5bcd0bd8-f29a-4387-a6e6-fc28d4227d2b,F,0,white,0,nonhispanic,0
1793,8507,2004,8,27,,8527,0,1793,,,e2c4d80f-743a-497c-8e3a-609a07ec7b0b,M,0,white,0,nonhispanic,0
1794,8532,1977,8,25,,8527,0,1794,,,ca225d9a-1c6a-4866-88bd-0c791e455bf5,F,0,white,0,nonhispanic,0
1795,8532,1981,8,19,,8527,0,1795,,,91917e37-4e40-4c8d-a1bc-20c3be573846,F,0,white,0,nonhispanic,0
1796,8532,1978,9,18,,8527,0,1796,,,a3f39e39-f094-4d69-b33d-7fc7a626842f,F,0,white,0,nonhispanic,0
1797,8532,1975,3,30,,8527,0,1797,,,b4c849ca-d899-441d-8ac8-ad800a7ad0ca,F,0,white,0,nonhispanic,0
1798,8507,1965,11,27,,8527,0,1798,,,c1b68549-47cb-42fe-9d1a-af0281594047,M,0,white,0,nonhispanic,0
1799,8507,1971,3,24,,8527,0,1799,,,47aa6052-3446-4343-a8a5-99d57a96a0f9,M,0,white,0,nonhispanic,0
1800,8507,1944,11,4,,8527,0,1800,,,b6682a44-d8d9-44a1-8633-9c41be2ed508,M,0,white,0,nonhispanic,0
1801,8532,1940,3,8,,8527,0,1801,,,d3d6e6b6-0c1d-4716-950d-488cd2bda5a3,F,0,white,0,nonhispanic,0
1802,8532,2011,3,12,,8527,0,1802,,,b231b978-9bd8-43d0-9f28-186dde85c806,F,0,white,0,nonhispanic,0
1803,8507,1963,7,8,,8527,0,1803,,,6bb92b5f-1dd9-4855-924c-1f709f1bd4d6,M,0,white,0,nonhispanic,0
1804,8532,2010,1,25,,8527,0,1804,,,d6e82f0c-3550-4af6-8beb-3508377e9588,F,0,white,0,nonhispanic,0
1805,8507,2014,5,18,,8527,0,1805,,,e018eb36-9c64-4ec4-803a-1d63ffd41ec1,M,0,white,0,nonhispanic,0
1806,8532,1995,9,17,,8527,0,1806,,,6055ac23-3d76-4b10-8d48-c2d889137cb4,F,0,white,0,nonhispanic,0
1807,8532,1956,2,27,,8527,0,1807,,,ceae792b-bb74-439d-9588-c993d1371a82,F,0,white,0,nonhispanic,0
1808,8532,1982,4,14,,8527,0,1808,,,c6b3892d-24be-438d-a4c6-f10360c74b5c,F,0,white,0,nonhispanic,0
1809,8507,1965,9,9,,8527,0,1809,,,263e3a54-6fd1-4d6e-a761-d8bc966e9069,M,0,white,0,nonhispanic,0
1810,8507,2004,2,5,,8527,0,1810,,,3806b9ce-b0c0-44ca-b710-59b6b3c84202,M,0,white,0,nonhispanic,0
1811,8532,2005,12,17,,8527,0,1811,,,a2962a37-6d33-43d5-a066-d6e4e11ea8ba,F,0,white,0,nonhispanic,0
1812,8532,1938,7,22,,8527,0,1812,,,aa7c2c68-a2dd-4be4-b5cf-ddb5fd4126b7,F,0,white,0,nonhispanic,0
1813,8532,1963,9,4,,8527,0,1813,,,36b2d171-b657-40ab-94a7-d7bedf2fcf8e,F,0,white,0,nonhispanic,0
1814,8532,1959,9,9,,8527,0,1814,,,7005233e-b844-4389-a134-2e0eee48e363,F,0,white,0,nonhispanic,0
1815,8532,2013,7,5,,8527,0,1815,,,3991ae5d-6241-4145-b762-f0c62ddff718,F,0,white,0,nonhispanic,0
1816,8532,1966,6,3,,8527,0,1816,,,0f9cca05-fc48-4309-a7a4-f56d72dc6015,F,0,white,0,nonhispanic,0
1817,8507,2016,10,26,,8527,0,1817,,,e1b5d990-14b2-4fde-bb9f-3bf3bb0206b7,M,0,white,0,nonhispanic,0
1818,8532,1995,4,26,,8527,0,1818,,,b7d7d303-fe76-4dec-8fbf-6a155b5b970d,F,0,white,0,nonhispanic,0
1819,8532,1990,1,6,,8527,0,1819,,,9647e1d6-3180-4ef7-a44a-67c71f05433a,F,0,white,0,nonhispanic,0
1820,8532,1969,12,25,,8527,0,1820,,,e45ffcbe-eb89-434c-9e59-65147a611969,F,0,white,0,nonhispanic,0
1821,8532,2005,7,30,,8527,0,1821,,,51dfcf34-3c36-44f5-900e-26d023f74e6c,F,0,white,0,nonhispanic,0
1822,8532,2005,4,10,,8527,0,1822,,,4e556388-736c-48da-8aea-3b2db1c70036,F,0,white,0,nonhispanic,0
1823,8507,1941,8,4,,8527,0,1823,,,49c2c284-88c8-481b-9518-a782162f0394,M,0,white,0,nonhispanic,0
1824,8507,1986,4,23,,8527,0,1824,,,a14f6b79-d98c-4ab5-970d-ad89bcb5bc5a,M,0,white,0,nonhispanic,0
1825,8532,1996,6,28,,8527,0,1825,,,39dc4b26-25b2-449f-8819-01a41f859d44,F,0,white,0,nonhispanic,0
1826,8507,2006,6,18,,8527,0,1826,,,d6caad98-af4c-4a7d-b3ad-6399f08c48bb,M,0,white,0,nonhispanic,0
1827,8507,2011,4,25,,8527,0,1827,,,825f8537-8256-474c-9d2d-1e9c5b739de3,M,0,white,0,nonhispanic,0
1828,8507,2005,11,11,,8527,0,1828,,,8bf655f5-ce10-4df3-94fa-4e0ff2c7a7c5,M,0,white,0,nonhispanic,0
1829,8507,1975,8,18,,8527,0,1829,,,4eb5af94-16ee-4cee-977e-cb7008026595,M,0,white,0,nonhispanic,0
1830,8532,1938,7,22,,8527,0,1830,,,7a805e68-9472-4d75-94cc-0ebe3d8eef61,F,0,white,0,nonhispanic,0
1831,8532,2007,8,27,,8527,0,1831,,,2a2897e8-977d-4cc7-953b-c61d5297b2f1,F,0,white,0,nonhispanic,0
1832,8507,2015,5,21,,8527,0,1832,,,297a479f-a04f-45b9-bfce-d401e4bb4b1e,M,0,white,0,nonhispanic,0
1833,8532,1981,2,1,,8527,0,1833,,,b86f612b-8941-4e06-bc48-d04e30bc50fe,F,0,white,0,nonhispanic,0
1834,8532,2003,5,5,,8527,0,1834,,,3f34de49-bbfb-4cae-9e45-bd6c27a50e92,F,0,white,0,nonhispanic,0
1835,8507,1981,1,26,,8527,0,1835,,,1e210d61-6ac7-4c4a-a705-52585fefe0f2,M,0,white,0,nonhispanic,0
1836,8507,1993,1,25,,8527,0,1836,,,6aa216fd-0081-4830-a4cc-a97a9edc3312,M,0,white,0,nonhispanic,0
1837,8532,2012,5,26,,8527,0,1837,,,05b9666e-3642-43fd-a0a2-2b5e60771d07,F,0,white,0,nonhispanic,0
1838,8507,1920,9,5,,8527,0,1838,,,294eec06-358c-4863-86b3-fce8b77cd8c0,M,0,white,0,nonhispanic,0
1839,8507,1941,8,4,,8527,0,1839,,,35979a43-4135-4aac-9c17-a0ec3e8aeb56,M,0,white,0,nonhispanic,0
1840,8507,2018,4,24,,8527,0,1840,,,20f296a7-0ae8-45bd-8e22-f448260674f3,M,0,white,0,nonhispanic,0
1841,8507,1974,9,2,,8527,0,1841,,,b6564dcc-dd80-4177-ab00-e3ff63e680c5,M,0,white,0,nonhispanic,0
1842,8532,1960,2,25,,8527,0,1842,,,b4cf438e-d291-4321-b156-b66f0db0e887,F,0,white,0,nonhispanic,0
1843,8532,1980,2,25,,8527,0,1843,,,537084f2-e49b-4bd7-bdda-9d7a6c082adc,F,0,white,0,nonhispanic,0
1844,8532,2009,1,8,,8527,0,1844,,,478005ef-14e0-4d05-8f63-c6d60b2cdb00,F,0,white,0,nonhispanic,0
1845,8507,1944,4,21,,8527,0,1845,,,7310b8d2-22fb-42ea-b86e-0dd267d3b949,M,0,white,0,nonhispanic,0
1846,8532,2002,10,28,,8527,0,1846,,,7a81abcf-6759-48a2-b1cb-27bb97f36f8d,F,0,white,0,nonhispanic,0
1847,8532,1940,4,26,,8527,0,1847,,,aa9fd1e1-587b-402c-9e67-1d30a10161fa,F,0,white,0,nonhispanic,0
1848,8532,1961,1,4,,8527,0,1848,,,67ef1d29-ce9f-4733-8c94-7cfc9b3844cb,F,0,white,0,nonhispanic,0
1849,8507,1965,12,29,,8527,0,1849,,,c779a7c6-75e5-43fd-b627-e0f17aa0e0f6,M,0,white,0,nonhispanic,0
1850,8507,1970,4,2,,8527,0,1850,,,e3cd8ae8-3336-4d76-81fb-f6e673b9a4be,M,0,white,0,nonhispanic,0
1851,8532,1997,12,18,,8527,0,1851,,,8efcdf29-eef8-4be1-ab42-1a3417ccbba5,F,0,white,0,nonhispanic,0
1852,8532,1960,1,18,,8527,0,1852,,,377b8d0c-2728-4fed-94f4-ac8e1885bd54,F,0,white,0,nonhispanic,0
1853,8532,1963,8,11,,8527,0,1853,,,45383c45-8a36-4188-bf04-cadd5cf1a04c,F,0,white,0,nonhispanic,0
1854,8532,1985,5,23,,8527,0,1854,,,be34c943-e84c-4223-9a2b-48faf1378fe6,F,0,white,0,nonhispanic,0
1855,8507,2001,10,20,,8527,0,1855,,,6a729668-24e9-47dc-bbe7-7a7ac0049d8a,M,0,white,0,nonhispanic,0
1856,8532,1968,4,14,,8527,0,1856,,,3dc58068-1de9-4793-879a-de3759f15926,F,0,white,0,nonhispanic,0
1857,8532,1974,1,6,,8527,0,1857,,,4b33ecfe-1e8e-46f7-8250-88f11ba1ab64,F,0,white,0,nonhispanic,0
1858,8507,1949,10,18,,8527,0,1858,,,12ebff67-08dc-4640-94f4-b3a4ce32082f,M,0,white,0,nonhispanic,0
1859,8532,1956,2,19,,8527,0,1859,,,6eaf039f-2b47-4983-8b14-d0728573f06b,F,0,white,0,nonhispanic,0
1860,8532,1916,1,7,,8527,0,1860,,,08098861-18f6-4aba-bb14-c57657da363d,F,0,white,0,nonhispanic,0
1861,8532,1916,1,7,,8527,0,1861,,,dca29851-06da-4bcd-ac38-515dfdae5747,F,0,white,0,nonhispanic,0
1862,8532,1916,1,7,,8527,0,1862,,,279f42de-e6f8-4b33-99ce-4a4bca1b1e3d,F,0,white,0,nonhispanic,0
