location_id,address_1,address_2,city,state,zip,county,location_source_value
2791,166 Englund Katu,,Lohja,Uusimaa,03870,Lohja,7c0eb21d-6ff3-432d-b0b9-87dc32369b67
2792,640 Niemetmaa Katu,,Helsinki,Uusimaa,00250,Helsinki,f0668fd6-8ade-4281-a0d0-7322ec974b3a
2793,250 Löfroth Katu Suite 80,,Espoo,Uusimaa,02600,Espoo,ec114d88-64fd-4be7-8379-a6fd9352b346
2794,991 Lukkariniemi Katu Suite 45,,Helsinki,Uusimaa,00560,Helsinki,9b7261da-765e-44c4-b4b4-85a9ecadbaa1
2795,243 Lähetkangas Katu Suite 17,,Porvoo,Uusimaa,06400,Porvoo,f149f438-177b-42a4-b213-3176a61ac3b6
2796,356 Jokipolvi Katu,,Lohja,Uusimaa,08360,Lohja,440be425-5671-448b-b392-4572d8156a53
2797,1049 Perkonoja Katu Suite 34,,Vantaa,Uusimaa,01390,Vantaa,ac90b17d-6105-42d6-a436-03788a3064b2
2798,994 Kurkola Katu Suite 23,,Vantaa,Uusimaa,01450,Vantaa,fdec1db2-467d-48a6-892e-eade3e1c5659
2799,122 Juustila Katu,,Kirkkonummi,Uusimaa,02470,Kirkkonummi,c47b785d-5ae5-4c63-b16a-929c2b31ac17
2800,706 Väntsi Katu,,Espoo,Uusimaa,02100,Espoo,552f630d-eab7-4d6c-b880-a8dcc173db44
2801,814 Peräsaari Katu Unit 55,,Helsinki,Uusimaa,00200,Helsinki,767df570-d31e-4700-8f79-a80820e64333
2802,511 Filppu Katu Suite 11,,Porvoo,Uusimaa,06530,Porvoo,180c5be8-41b6-475c-ba05-cc51e7d85d87
2803,160 Saikanmäki Katu Suite 77,,Helsinki,Uusimaa,00200,Helsinki,3c10877a-0077-4c3e-987c-c7b684c42001
2804,106 Lääkkö Katu,,Helsinki,Uusimaa,00190,Helsinki,e1732519-f48a-4b94-b9ad-e05176f44540
2805,513 Urjanheimo Katu Unit 89,,Loviisa,Uusimaa,07890,Loviisa,e62efad3-70b6-4a0d-a48c-dcaa86679a0f
2806,176 Riitamaa Katu,,Kerava,Uusimaa,04260,Kerava,82dab968-e48b-46d5-9116-f903695456ab
2807,120 Alarauhio Katu Unit 32,,Nurmijärvi,Uusimaa,01900,Nurmijärvi,c2affcc7-269c-41c4-bb6b-5cbc214d8156
2808,224 Lönnström Katu,,Vantaa,Uusimaa,01640,Vantaa,6ccdc113-f6ef-44e3-ab35-0a76d23e1eb9
2809,688 Pellinen Katu,,Vantaa,Uusimaa,01730,Vantaa,716dbf8f-d42e-4287-bbc3-cb1c03d235bb
2810,131 Malk Katu Suite 43,,Mäntsälä,Uusimaa,04620,Mäntsälä,3bd12fd6-3e82-40dd-8dc4-db1f53a8559f
2811,366 Vallius Katu,,Helsinki,Uusimaa,00570,Helsinki,c92e26bb-4463-4a3f-81dc-664b4c0d59f4
2812,719 Ågren Katu,,Vantaa,Uusimaa,01630,Vantaa,5833806a-0e9f-4e21-8ab2-9939afa842ee
2813,824 Busi Katu Unit 58,,Helsinki,Uusimaa,00900,Helsinki,8e69def9-9c54-4f6e-9abf-c46d6ae155e4
2814,117 Skoglund Katu,,Vantaa,Uusimaa,01750,Vantaa,a8a3ca5c-9172-4695-9f31-db6b0ee2402f
2815,366 Petäjoki Katu,,Kirkkonummi,Uusimaa,02400,Kirkkonummi,36c7c4aa-4612-4388-b69f-ee0e71b3b247
2816,518 Rönnlöf Katu,,Lohja,Uusimaa,09520,Lohja,c95f1a2a-e855-4a22-af91-1db5c731b6bb
2817,602 Luumi Katu,,Vantaa,Uusimaa,01600,Vantaa,26782874-d8fd-4acd-a51f-f0d787d576c3
2818,1061 Lampén Katu,,Espoo,Uusimaa,02150,Espoo,3bf5d0bb-bf4b-472b-850f-f0c32574c378
2819,333 Heinäsuo Katu,,Helsinki,Uusimaa,00920,Helsinki,6fd0585d-0f24-4d2a-9c45-0c75449597f2
2820,848 Salosaari Katu Unit 75,,Karkkila,Uusimaa,03620,Karkkila,3fddf036-b542-48aa-91a4-b32dc762c750
2821,894 Westerstråhle Katu Unit 68,,Tuusula,Uusimaa,04370,Tuusula,ad829500-87a1-437c-9400-20c98ea4e733
2822,298 Usva Katu Suite 20,,Espoo,Uusimaa,02140,Espoo,25bc2614-76a3-4aef-b2fb-3e4255ac834f
2823,297 Envik Katu Suite 81,,Vihti,Uusimaa,03220,Vihti,712438a7-2644-47fa-a154-07c21654b6d3
2824,245 Pitkä Katu,,Helsinki,Uusimaa,00660,Helsinki,f86ddfa1-e788-42ed-986f-fba13fe2d681
2825,878 Nyysti Katu,,Siuntio,Uusimaa,02490,Siuntio,78c78cb4-321d-4675-94bd-378cc4f23124
2826,339 Lehterä Katu Suite 43,,Vantaa,Uusimaa,01490,Vantaa,98cb2595-857f-4086-8199-851b1b004fc8
2827,178 Parsons Katu,,Espoo,Uusimaa,02920,Espoo,53c3282c-7530-4f49-82ef-7671a94d106d
2828,184 Meinander Katu Unit 6,,Helsinki,Uusimaa,00750,Helsinki,5b3528fa-fee5-4f65-9c8f-c3569fc66352
2829,176 Heimberg Katu Suite 73,,Espoo,Uusimaa,02150,Espoo,d788d508-a9ee-4811-8d55-b8f7d308e1fc
2830,824 Gül Katu,,Espoo,Uusimaa,02360,Espoo,42b64e0d-2e86-4c55-8a7b-9fd7ff9b811b
2831,601 Iljana Katu Unit 10,,Helsinki,Uusimaa,00260,Helsinki,bd055d8f-cb79-4f69-9395-ba8f492278de
2832,606 Minetti Katu Apt 84,,Porvoo,Uusimaa,06950,Porvoo,16444fb0-cf46-4085-903e-397925e5a82f
2833,1029 Solala Katu,,Helsinki,Uusimaa,00710,Helsinki,2808f444-d7b9-49ad-a2b3-1e189e643541
2834,578 Myrsky Katu,,Lohja,Uusimaa,09630,Lohja,cb53bd86-5c0e-4457-a160-2500e4aa21bc
2835,978 Wolff Katu,,Helsinki,Uusimaa,00430,Helsinki,424f1ed6-9f4a-4e52-8d06-4ed3e6d96c92
2836,851 Tekoniemi Katu Apt 57,,Helsinki,Uusimaa,00440,Helsinki,02a43554-792c-4ef5-b2ab-e050cae6fe48
2837,849 Välikallio Katu Unit 44,,Vantaa,Uusimaa,01630,Vantaa,442a14af-72fc-4982-9ad0-6f999ce38002
2838,771 Silen Katu,,Sipoo,Uusimaa,01120,Sipoo,fafcd2a5-7a27-4b46-a6aa-06fb3b673b07
2839,302 Kinos Katu Apt 37,,Helsinki,Uusimaa,00960,Helsinki,1fb0eaf0-f2e5-4a84-b6a2-b0c132480852
2840,543 Kotamäki Katu Apt 93,,Lohja,Uusimaa,08680,Lohja,c387bd9a-c3ff-4602-bf3d-400ddd3a1435
2841,193 Törhönen Katu,,Espoo,Uusimaa,02730,Espoo,b612e152-cc4c-4a2e-99c4-67217e0335dc
2842,1034 Maury Katu,,Helsinki,Uusimaa,00440,Helsinki,2540b87d-0766-44cd-88f4-49a330ea8ba3
2843,551 Selkilä Katu,,Helsinki,Uusimaa,00740,Helsinki,00427581-28c5-4b10-bee7-349c1c63c2e2
2844,342 Mansnerus Katu,,Vantaa,Uusimaa,01750,Vantaa,629938f3-7bd1-44d2-a1ee-2a2727afff1a
2845,330 Al-Faisal Katu Apt 5,,Helsinki,Uusimaa,00750,Helsinki,b236e754-a745-4d62-abe3-7bc525ce6945
2846,967 Huoman Katu Unit 82,,Espoo,Uusimaa,02380,Espoo,795a84bf-9e51-4f1e-94aa-ce8a0f7207f3
2847,825 Lindevall Katu,,Helsinki,Uusimaa,00190,Helsinki,300d221d-32a1-4c9d-a96f-0c15b734054b
2848,480 Ala-Aho Katu,,Helsinki,Uusimaa,00820,Helsinki,df165025-f3d0-40e7-a427-f5e861f3ce12
2849,897 Pentinmikko Katu Apt 64,,Loviisa,Uusimaa,07740,Loviisa,4a1eb9ee-d27a-4365-a454-309d64bcfac4
2850,898 Sampo Katu Suite 44,,Nurmijärvi,Uusimaa,01840,Nurmijärvi,3afe378a-c2d2-4369-af72-a7d992902e5f
2851,1036 Sahinaho Katu,,Vantaa,Uusimaa,01420,Vantaa,ab4e8207-c779-4a00-81c0-31890d74400f
2852,338 Hallikainen Katu Unit 97,,Vantaa,Uusimaa,01230,Vantaa,4b348d26-eb95-4973-8760-a09b1737e0ce
2853,332 Landen Katu,,Porvoo,Uusimaa,07310,Porvoo,e29b3c5d-daac-4144-986a-339214898dd4
2854,1039 Kirkkopelto Katu Suite 0,,Helsinki,Uusimaa,00240,Helsinki,b0aa4095-56a7-4ed4-b141-f38f80cba073
2855,848 Hietanoro Katu,,Espoo,Uusimaa,02740,Espoo,8ad52f21-6a55-4764-869d-96448ee358ce
2856,115 Palojärvi Katu Suite 57,,Helsinki,Uusimaa,00330,Helsinki,3ffe4861-1bcc-4e66-9a9e-a39327c864ea
2857,261 Pihlaja Katu,,Raasepori,Uusimaa,10350,Raasepori,53edbe5f-adec-4ab9-bba8-29b796eeb50e
2858,905 Voittomäki Katu Suite 61,,Mäntsälä,Uusimaa,04940,Mäntsälä,f82bd24f-6cba-427c-9860-c174e7d6705e
2859,532 Sigfridsson Katu,,Kirkkonummi,Uusimaa,02390,Kirkkonummi,d4aaa936-4b19-4397-b411-1b1aa2af5cf0
2860,474 Tiikkainen Katu Apt 68,,Vantaa,Uusimaa,01720,Vantaa,dcec2bab-03f6-45da-8577-c6db84f9f5cd
2861,732 Lauronen Katu,,Helsinki,Uusimaa,00180,Helsinki,5acec969-dfe2-4e4f-8dbe-e7031f07ec4d
2862,1097 Solkinen Katu,,Kerava,Uusimaa,04260,Kerava,0c2a2315-8187-461f-8edc-9aa6e1a1f10f
2863,416 Helenius Katu,,Espoo,Uusimaa,02150,Espoo,42f2223d-0ff7-42ae-bf5c-a83115ff7ed2
2864,1051 Langinkoski Katu Unit 0,,Helsinki,Uusimaa,00280,Helsinki,7b9134b3-d850-430e-8fac-413dea219a8f
2865,738 Kirkkomäki Katu,,Hanko,Uusimaa,10960,Hanko,0b35c953-5e65-4e9c-aa48-05d1bfbdc4b9
2866,834 Markula Katu,,Helsinki,Uusimaa,00850,Helsinki,87ce52c2-6a34-44f3-9b4a-c7288022230f
2867,853 Toijonen Katu,,Vantaa,Uusimaa,01400,Vantaa,02dd98b8-ea7b-4307-9a1d-71080f8f8b79
2868,593 Rönty Katu,,Kauniainen,Uusimaa,02700,Kauniainen,9c6b33bc-2bf6-4fbb-8204-6fb8f20a0fc4
2869,775 Saloranta Katu Suite 89,,Helsinki,Uusimaa,00590,Helsinki,2c596635-cf80-4cf0-8e69-35f5e31512fa
2870,226 Lääkkölä Katu Suite 11,,Tuusula,Uusimaa,04330,Tuusula,13afd644-d889-4cf7-92c8-6e7c852e86d2
2871,669 Karavirta Katu Suite 37,,Helsinki,Uusimaa,00420,Helsinki,a99ed505-4c20-4c66-bbe5-c54e8b5bc9b7
2872,284 Jern Katu Apt 51,,Nurmijärvi,Uusimaa,05200,Nurmijärvi,f045567f-9c70-4051-893b-06a1dce23394
2873,627 Kotkamaa Katu Apt 40,,Espoo,Uusimaa,02230,Espoo,50f4ccfd-c5a9-4ad9-a1e2-2e1f914781a9
2874,1015 Law Katu Unit 75,,Helsinki,Uusimaa,00340,Helsinki,afc181d3-ede9-4dfb-b496-7bba8e6bc534
2875,864 Vahteri Katu,,Helsinki,Uusimaa,00530,Helsinki,eab00428-15ca-4678-adc8-0929b6f1af29
2876,680 Järventausta Katu,,Hanko,Uusimaa,10900,Hanko,1abf6376-c6d9-4f83-ad20-7655114a6472
2877,671 Talvisto Katu,,Espoo,Uusimaa,02730,Espoo,29fba8a1-26f4-4310-9617-378c48f22db3
2878,324 Kankaro Katu Unit 95,,Helsinki,Uusimaa,00130,Helsinki,7c0ab978-8a82-4048-877f-4251f2640644
2879,209 Leppäranta Katu Unit 4,,Helsinki,Uusimaa,00890,Helsinki,4d780902-ae05-444b-95d3-8b011d462206
2880,367 Hinkkanen Katu Suite 35,,Helsinki,Uusimaa,00580,Helsinki,f6e99b01-08ad-45b3-b478-0dbb6016b0a1
2881,194 Sandelin Katu,,Helsinki,Uusimaa,00360,Helsinki,3138ce48-2dfb-40ae-b36c-ca4996e25d8b
2882,759 Rimpiläinen Katu,,Porvoo,Uusimaa,06950,Porvoo,71c68c69-7015-4ce6-81dc-c91b4ca38e87
2883,206 Ääpälä Katu Unit 20,,Pornainen,Uusimaa,07150,Pornainen,7d699b66-3188-4384-adf7-a6e2967d53d9
2884,224 Bragge Katu Unit 47,,Vantaa,Uusimaa,01490,Vantaa,afca22f4-a213-4d0c-87a1-4d65bae640aa
2885,926 Kortessalo Katu,,Vantaa,Uusimaa,01650,Vantaa,d2d4f381-7e6d-4965-a685-240ca686a624
2886,1014 Haimelin Katu,,Helsinki,Uusimaa,00630,Helsinki,409902a7-1a61-46b1-9df9-4e96cf264bf3
2887,295 Lehterä Katu Unit 90,,Järvenpää,Uusimaa,04400,Järvenpää,4be32086-43f0-4c14-b2b1-0c1e40405d3a
2888,791 Linninen Katu,,Vantaa,Uusimaa,01230,Vantaa,43b05362-7900-4197-b632-1e41aaab5156
2889,476 Fogelholm Katu,,Helsinki,Uusimaa,00280,Helsinki,d0359d33-1996-435e-9225-a688fdfe6f6f
2890,1081 Bonden Katu,,Helsinki,Uusimaa,00340,Helsinki,49e5f6db-d14e-4d37-8172-be49a327eb54
2891,1059 Ahmavuo Katu,,Hyvinkää,Uusimaa,05900,Hyvinkää,d2c91ef3-ce54-42f7-b4ba-42a92aed5c96
2892,840 Hinkka Katu Suite 0,,Helsinki,Uusimaa,00290,Helsinki,e3889144-26de-493d-9168-0024e2a323fe
2893,159 Niiniskorpi Katu Apt 76,,Lohja,Uusimaa,09520,Lohja,299d2097-dc5b-4b73-95c4-e00f946fff88
2894,845 Metsäniemi Katu,,Espoo,Uusimaa,02230,Espoo,50caaf99-ea21-481b-8302-7f825544fe57
