person_id,gender_concept_id,year_of_birth,month_of_birth,day_of_birth,birth_datetime,race_concept_id,ethnicity_concept_id,location_id,provider_id,care_site_id,person_source_value,gender_source_value,gender_source_concept_id,race_source_value,race_source_concept_id,ethnicity_source_value,ethnicity_source_concept_id
2791,8532,2016,11,19,,8527,0,2791,,,7c0eb21d-6ff3-432d-b0b9-87dc32369b67,F,0,white,0,nonhispanic,0
2792,8532,2020,1,3,,8527,0,2792,,,f0668fd6-8ade-4281-a0d0-7322ec974b3a,F,0,white,0,nonhispanic,0
2793,8532,2009,3,24,,8527,0,2793,,,ec114d88-64fd-4be7-8379-a6fd9352b346,F,0,white,0,nonhispanic,0
2794,8532,1999,9,29,,8527,0,2794,,,9b7261da-765e-44c4-b4b4-85a9ecadbaa1,F,0,white,0,nonhispanic,0
2795,8532,1981,8,15,,8527,0,2795,,,f149f438-177b-42a4-b213-3176a61ac3b6,F,0,white,0,nonhispanic,0
2796,8507,1987,5,28,,8527,0,2796,,,440be425-5671-448b-b392-4572d8156a53,M,0,white,0,nonhispanic,0
2797,8507,1989,7,3,,8527,0,2797,,,ac90b17d-6105-42d6-a436-03788a3064b2,M,0,white,0,nonhispanic,0
2798,8507,1970,6,25,,8527,0,2798,,,fdec1db2-467d-48a6-892e-eade3e1c5659,M,0,white,0,nonhispanic,0
2799,8532,2006,11,26,,8527,0,2799,,,c47b785d-5ae5-4c63-b16a-929c2b31ac17,F,0,white,0,nonhispanic,0
2800,8507,1958,6,3,,8527,0,2800,,,552f630d-eab7-4d6c-b880-a8dcc173db44,M,0,white,0,nonhispanic,0
2801,8507,1962,6,15,,8527,0,2801,,,767df570-d31e-4700-8f79-a80820e64333,M,0,white,0,nonhispanic,0
2802,8532,2017,2,26,,8527,0,2802,,,180c5be8-41b6-475c-ba05-cc51e7d85d87,F,0,white,0,nonhispanic,0
2803,8507,1973,9,11,,8527,0,2803,,,3c10877a-0077-4c3e-987c-c7b684c42001,M,0,white,0,nonhispanic,0
2804,8532,1956,7,31,,8527,0,2804,,,e1732519-f48a-4b94-b9ad-e05176f44540,F,0,white,0,nonhispanic,0
2805,8532,2003,12,10,,8527,0,2805,,,e62efad3-70b6-4a0d-a48c-dcaa86679a0f,F,0,white,0,nonhispanic,0
2806,8507,1972,12,31,,8527,0,2806,,,82dab968-e48b-46d5-9116-f903695456ab,M,0,white,0,nonhispanic,0
2807,8532,2004,5,31,,8527,0,2807,,,c2affcc7-269c-41c4-bb6b-5cbc214d8156,F,0,white,0,nonhispanic,0
2808,8532,1977,12,31,,8527,0,2808,,,6ccdc113-f6ef-44e3-ab35-0a76d23e1eb9,F,0,white,0,nonhispanic,0
2809,8507,1970,8,17,,8527,0,2809,,,716dbf8f-d42e-4287-bbc3-cb1c03d235bb,M,0,white,0,nonhispanic,0
2810,8532,2006,10,23,,8527,0,2810,,,3bd12fd6-3e82-40dd-8dc4-db1f53a8559f,F,0,white,0,nonhispanic,0
2811,8507,1941,7,14,,8527,0,2811,,,c92e26bb-4463-4a3f-81dc-664b4c0d59f4,M,0,white,0,nonhispanic,0
2812,8532,2005,1,26,,8527,0,2812,,,5833806a-0e9f-4e21-8ab2-9939afa842ee,F,0,white,0,nonhispanic,0
2813,8507,1947,6,22,,8527,0,2813,,,8e69def9-9c54-4f6e-9abf-c46d6ae155e4,M,0,white,0,nonhispanic,0
2814,8507,1994,5,30,,8527,0,2814,,,a8a3ca5c-9172-4695-9f31-db6b0ee2402f,M,0,white,0,nonhispanic,0
2815,8532,1982,2,20,,8527,0,2815,,,36c7c4aa-4612-4388-b69f-ee0e71b3b247,F,0,white,0,nonhispanic,0
2816,8507,1963,12,7,,8527,0,2816,,,c95f1a2a-e855-4a22-af91-1db5c731b6bb,M,0,white,0,nonhispanic,0
2817,8507,2010,12,5,,8527,0,2817,,,26782874-d8fd-4acd-a51f-f0d787d576c3,M,0,white,0,nonhispanic,0
2818,8532,1996,4,24,,8527,0,2818,,,3bf5d0bb-bf4b-472b-850f-f0c32574c378,F,0,white,0,nonhispanic,0
2819,8532,1942,9,29,,8527,0,2819,,,6fd0585d-0f24-4d2a-9c45-0c75449597f2,F,0,white,0,nonhispanic,0
2820,8507,1969,12,12,,8527,0,2820,,,3fddf036-b542-48aa-91a4-b32dc762c750,M,0,white,0,nonhispanic,0
2821,8507,1965,8,22,,8527,0,2821,,,ad829500-87a1-437c-9400-20c98ea4e733,M,0,white,0,nonhispanic,0
2822,8507,2003,12,20,,8527,0,2822,,,25bc2614-76a3-4aef-b2fb-3e4255ac834f,M,0,white,0,nonhispanic,0
2823,8532,1967,11,25,,8527,0,2823,,,712438a7-2644-47fa-a154-07c21654b6d3,F,0,white,0,nonhispanic,0
2824,8507,1985,4,20,,8527,0,2824,,,f86ddfa1-e788-42ed-986f-fba13fe2d681,M,0,white,0,nonhispanic,0
2825,8507,1963,2,21,,8527,0,2825,,,78c78cb4-321d-4675-94bd-378cc4f23124,M,0,white,0,nonhispanic,0
2826,8507,1988,8,3,,8527,0,2826,,,98cb2595-857f-4086-8199-851b1b004fc8,M,0,white,0,nonhispanic,0
2827,8507,1988,2,1,,8527,0,2827,,,53c3282c-7530-4f49-82ef-7671a94d106d,M,0,white,0,nonhispanic,0
2828,8532,1974,5,30,,8527,0,2828,,,5b3528fa-fee5-4f65-9c8f-c3569fc66352,F,0,white,0,nonhispanic,0
2829,8532,1992,3,19,,8527,0,2829,,,d788d508-a9ee-4811-8d55-b8f7d308e1fc,F,0,white,0,nonhispanic,0
2830,8507,1993,11,13,,8527,0,2830,,,42b64e0d-2e86-4c55-8a7b-9fd7ff9b811b,M,0,white,0,nonhispanic,0
2831,8507,1985,4,9,,8527,0,2831,,,bd055d8f-cb79-4f69-9395-ba8f492278de,M,0,white,0,nonhispanic,0
2832,8532,1962,11,1,,8527,0,2832,,,16444fb0-cf46-4085-903e-397925e5a82f,F,0,white,0,nonhispanic,0
2833,8507,1966,4,8,,8527,0,2833,,,2808f444-d7b9-49ad-a2b3-1e189e643541,M,0,white,0,nonhispanic,0
2834,8532,1953,2,9,,8527,0,2834,,,cb53bd86-5c0e-4457-a160-2500e4aa21bc,F,0,white,0,nonhispanic,0
2835,8532,1987,7,15,,8527,0,2835,,,424f1ed6-9f4a-4e52-8d06-4ed3e6d96c92,F,0,white,0,nonhispanic,0
2836,8532,1982,8,26,,8527,0,2836,,,02a43554-792c-4ef5-b2ab-e050cae6fe48,F,0,white,0,nonhispanic,0
2837,8532,2003,4,17,,8527,0,2837,,,442a14af-72fc-4982-9ad0-6f999ce38002,F,0,white,0,nonhispanic,0
2838,8507,1998,2,28,,8527,0,2838,,,fafcd2a5-7a27-4b46-a6aa-06fb3b673b07,M,0,white,0,nonhispanic,0
2839,8507,1937,7,5,,8527,0,2839,,,1fb0eaf0-f2e5-4a84-b6a2-b0c132480852,M,0,white,0,nonhispanic,0
2840,8532,2002,10,8,,8527,0,2840,,,c387bd9a-c3ff-4602-bf3d-400ddd3a1435,F,0,white,0,nonhispanic,0
2841,8507,2016,12,11,,8527,0,2841,,,b612e152-cc4c-4a2e-99c4-67217e0335dc,M,0,white,0,nonhispanic,0
2842,8507,1945,10,22,,8527,0,2842,,,2540b87d-0766-44cd-88f4-49a330ea8ba3,M,0,white,0,nonhispanic,0
2843,8507,1994,11,12,,8527,0,2843,,,00427581-28c5-4b10-bee7-349c1c63c2e2,M,0,white,0,nonhispanic,0
2844,8532,1945,3,18,,8527,0,2844,,,629938f3-7bd1-44d2-a1ee-2a2727afff1a,F,0,white,0,nonhispanic,0
2845,8532,1950,5,27,,8527,0,2845,,,b236e754-a745-4d62-abe3-7bc525ce6945,F,0,white,0,nonhispanic,0
2846,8507,2011,4,13,,8527,0,2846,,,795a84bf-9e51-4f1e-94aa-ce8a0f7207f3,M,0,white,0,nonhispanic,0
2847,8507,1980,1,7,,8527,0,2847,,,300d221d-32a1-4c9d-a96f-0c15b734054b,M,0,white,0,nonhispanic,0
2848,8532,1990,7,4,,8527,0,2848,,,df165025-f3d0-40e7-a427-f5e861f3ce12,F,0,white,0,nonhispanic,0
2849,8532,1953,8,11,,8527,0,2849,,,4a1eb9ee-d27a-4365-a454-309d64bcfac4,F,0,white,0,nonhispanic,0
2850,8507,1979,5,5,,8527,0,2850,,,3afe378a-c2d2-4369-af72-a7d992902e5f,M,0,white,0,nonhispanic,0
2851,8532,1973,8,15,,8527,0,2851,,,ab4e8207-c779-4a00-81c0-31890d74400f,F,0,white,0,nonhispanic,0
2852,8507,1975,5,13,,8527,0,2852,,,4b348d26-eb95-4973-8760-a09b1737e0ce,M,0,white,0,nonhispanic,0
2853,8532,1978,11,12,,8527,0,2853,,,e29b3c5d-daac-4144-986a-339214898dd4,F,0,white,0,nonhispanic,0
2854,8532,1991,10,10,,8527,0,2854,,,b0aa4095-56a7-4ed4-b141-f38f80cba073,F,0,white,0,nonhispanic,0
2855,8507,1946,3,21,,8527,0,2855,,,8ad52f21-6a55-4764-869d-96448ee358ce,M,0,white,0,nonhispanic,0
2856,8507,1959,11,28,,8527,0,2856,,,3ffe4861-1bcc-4e66-9a9e-a39327c864ea,M,0,white,0,nonhispanic,0
2857,8532,1970,11,26,,8527,0,2857,,,53edbe5f-adec-4ab9-bba8-29b796eeb50e,F,0,white,0,nonhispanic,0
2858,8532,1999,11,27,,8527,0,2858,,,f82bd24f-6cba-427c-9860-c174e7d6705e,F,0,white,0,nonhispanic,0
2859,8532,1987,8,5,,8527,0,2859,,,d4aaa936-4b19-4397-b411-1b1aa2af5cf0,F,0,white,0,nonhispanic,0
2860,8507,1975,5,13,,8527,0,2860,,,dcec2bab-03f6-45da-8577-c6db84f9f5cd,M,0,white,0,nonhispanic,0
2861,8507,1974,6,8,,8527,0,2861,,,5acec969-dfe2-4e4f-8dbe-e7031f07ec4d,M,0,white,0,nonhispanic,0
2862,8532,2000,9,16,,8527,0,2862,,,0c2a2315-8187-461f-8edc-9aa6e1a1f10f,F,0,white,0,nonhispanic,0
2863,8532,1979,9,6,,8527,0,2863,,,42f2223d-0ff7-42ae-bf5c-a83115ff7ed2,F,0,white,0,nonhispanic,0
2864,8507,1995,6,9,,8527,0,2864,,,7b9134b3-d850-430e-8fac-413dea219a8f,M,0,white,0,nonhispanic,0
2865,8507,1957,2,17,,8527,0,2865,,,0b35c953-5e65-4e9c-aa48-05d1bfbdc4b9,M,0,white,0,nonhispanic,0
2866,8507,1982,1,23,,8527,0,2866,,,87ce52c2-6a34-44f3-9b4a-c7288022230f,M,0,white,0,nonhispanic,0
2867,8532,2019,4,3,,8527,0,2867,,,02dd98b8-ea7b-4307-9a1d-71080f8f8b79,F,0,white,0,nonhispanic,0
2868,8507,1960,7,23,,8527,0,2868,,,9c6b33bc-2bf6-4fbb-8204-6fb8f20a0fc4,M,0,white,0,nonhispanic,0
2869,8507,1992,4,18,,8527,0,2869,,,2c596635-cf80-4cf0-8e69-35f5e31512fa,M,0,white,0,nonhispanic,0
2870,8532,1984,9,9,,8527,0,2870,,,13afd644-d889-4cf7-92c8-6e7c852e86d2,F,0,white,0,nonhispanic,0
2871,8507,1980,7,9,,8527,0,2871,,,a99ed505-4c20-4c66-bbe5-c54e8b5bc9b7,M,0,white,0,nonhispanic,0
2872,8532,1953,4,8,,8527,0,2872,,,f045567f-9c70-4051-893b-06a1dce23394,F,0,white,0,nonhispanic,0
2873,8507,1963,8,5,,8527,0,2873,,,50f4ccfd-c5a9-4ad9-a1e2-2e1f914781a9,M,0,white,0,nonhispanic,0
2874,8532,1949,2,14,,8527,0,2874,,,afc181d3-ede9-4dfb-b496-7bba8e6bc534,F,0,white,0,nonhispanic,0
2875,8532,1981,10,25,,8527,0,2875,,,eab00428-15ca-4678-adc8-0929b6f1af29,F,0,white,0,nonhispanic,0
2876,8507,1957,2,17,,8527,0,2876,,,1abf6376-c6d9-4f83-ad20-7655114a6472,M,0,white,0,nonhispanic,0
2877,8532,1953,10,16,,8527,0,2877,,,29fba8a1-26f4-4310-9617-378c48f22db3,F,0,white,0,nonhispanic,0
2878,8507,1916,4,16,,8527,0,2878,,,7c0ab978-8a82-4048-877f-4251f2640644,M,0,white,0,nonhispanic,0
2879,8507,1980,7,9,,8527,0,2879,,,4d780902-ae05-444b-95d3-8b011d462206,M,0,white,0,nonhispanic,0
2880,8507,1968,3,9,,8527,0,2880,,,f6e99b01-08ad-45b3-b478-0dbb6016b0a1,M,0,white,0,nonhispanic,0
2881,8532,1952,6,3,,8527,0,2881,,,3138ce48-2dfb-40ae-b36c-ca4996e25d8b,F,0,white,0,nonhispanic,0
2882,8532,1992,7,8,,8527,0,2882,,,71c68c69-7015-4ce6-81dc-c91b4ca38e87,F,0,white,0,nonhispanic,0
2883,8507,1982,9,14,,8527,0,2883,,,7d699b66-3188-4384-adf7-a6e2967d53d9,M,0,white,0,nonhispanic,0
2884,8507,1984,8,18,,8527,0,2884,,,afca22f4-a213-4d0c-87a1-4d65bae640aa,M,0,white,0,nonhispanic,0
2885,8507,1970,5,27,,8527,0,2885,,,d2d4f381-7e6d-4965-a685-240ca686a624,M,0,white,0,nonhispanic,0
2886,8532,1989,5,3,,8527,0,2886,,,409902a7-1a61-46b1-9df9-4e96cf264bf3,F,0,white,0,nonhispanic,0
2887,8532,1995,6,8,,8527,0,2887,,,4be32086-43f0-4c14-b2b1-0c1e40405d3a,F,0,white,0,nonhispanic,0
2888,8507,1984,12,27,,8527,0,2888,,,43b05362-7900-4197-b632-1e41aaab5156,M,0,white,0,nonhispanic,0
2889,8507,1977,9,10,,8527,0,2889,,,d0359d33-1996-435e-9225-a688fdfe6f6f,M,0,white,0,nonhispanic,0
2890,8507,1916,4,16,,8527,0,2890,,,49e5f6db-d14e-4d37-8172-be49a327eb54,M,0,white,0,nonhispanic,0
2891,8532,1959,12,9,,8527,0,2891,,,d2c91ef3-ce54-42f7-b4ba-42a92aed5c96,F,0,white,0,nonhispanic,0
2892,8507,1957,10,12,,8527,0,2892,,,e3889144-26de-493d-9168-0024e2a323fe,M,0,white,0,nonhispanic,0
2893,8507,1962,12,27,,8527,0,2893,,,299d2097-dc5b-4b73-95c4-e00f946fff88,M,0,white,0,nonhispanic,0
2894,8532,1945,5,11,,8527,0,2894,,,50caaf99-ea21-481b-8302-7f825544fe57,F,0,white,0,nonhispanic,0
