location_id,address_1,address_2,city,state,zip,county,location_source_value
617,505 Alava Katu Apt 77,,Hyvinkää,Uusimaa,05820,Hyvinkää,b40b7e0c-ba64-48ba-b372-04b7895c075f
618,1029 Kaila Katu,,Helsinki,Uusimaa,00250,Helsinki,bfc38864-f8e0-423c-ac88-872dd496f006
619,378 Yli-Olli Katu,,Vantaa,Uusimaa,01650,Vantaa,e8e40536-a74d-4320-89d9-c88f3eb2da2e
620,761 Ma Katu,,Helsinki,Uusimaa,00990,Helsinki,5fb0f1d7-24b3-4ce2-a541-9bba99e9fbcf
621,927 Linderoos Katu,,Helsinki,Uusimaa,00340,Helsinki,7fab4f2e-74b7-4d5e-b044-4b5b24ef2c18
622,364 Pajanen Katu,,Helsinki,Uusimaa,00120,Helsinki,8711370d-db7f-4486-9eff-0b3ddeebaa04
623,1063 Holmnäs Katu Unit 93,,Sipoo,Uusimaa,01190,Sipoo,d21de25f-29e0-4167-b2a8-d3a9f4a04c26
624,247 Tahkokallio Katu Apt 85,,Helsinki,Uusimaa,00890,Helsinki,e7661303-74ae-43c5-945b-c5690dc41905
625,426 Lehtimäki Katu,,Vantaa,Uusimaa,01630,Vantaa,256c067d-13df-401e-bec7-2896d5ab3704
626,489 Helkamäki Katu Apt 80,,Espoo,Uusimaa,02130,Espoo,dc70bcc5-e908-4e9f-8e5b-048dedc8c2e5
627,403 Saranen Katu,,Helsinki,Uusimaa,00240,Helsinki,e41d966f-8935-4ed1-87b4-d368159bedbe
628,202 Olkoniemi Katu,,Helsinki,Uusimaa,00730,Helsinki,b20b241e-7a67-4eb5-947f-6d51c986dd88
629,726 Grägg Katu,,Vantaa,Uusimaa,01680,Vantaa,db0b75b8-3c27-41b0-a9e5-a5c461e45121
630,959 Nuorala Katu,,Helsinki,Uusimaa,00640,Helsinki,8b65828e-ac4e-405b-92c9-3e2f6d62434f
631,605 Somervuo Katu Apt 13,,Kauniainen,Uusimaa,02700,Kauniainen,5ac7d6df-035e-4c8d-889c-20da751da793
632,411 Savinainen Katu,,Helsinki,Uusimaa,00740,Helsinki,4e598678-f34b-46b5-9d32-c82c423e6f3f
633,1036 Vahvelainen Katu,,Helsinki,Uusimaa,00790,Helsinki,d957b3b7-79cb-4891-954c-611f580dd620
634,414 Etholén Katu Unit 11,,Helsinki,Uusimaa,00120,Helsinki,fc8d7185-69e9-4f9c-b696-ccda7b6a75ca
635,584 Upola Katu Suite 1,,Espoo,Uusimaa,02610,Espoo,c5acf137-e59e-4582-b4e4-f3efc316cea7
636,440 Waltzer Katu,,Espoo,Uusimaa,02200,Espoo,bb359d58-8776-4ddf-8ed9-f94b2126f7b7
637,200 Maanpää Katu,,Espoo,Uusimaa,02940,Espoo,3e2ab5f0-557a-4234-a303-3143738210ed
638,100 Oravala Katu,,Vantaa,Uusimaa,01680,Vantaa,d31bcf96-9508-4b70-b6ff-61f520ec2ddf
639,1029 Thessler Katu,,Helsinki,Uusimaa,00590,Helsinki,7379676f-f530-47be-8d3c-4f579ba7fc89
640,505 Vallenius Katu,,Helsinki,Uusimaa,00520,Helsinki,a3afacfe-b6d2-4a0d-adeb-d7fa6cf7848d
641,1081 Wihinen Katu,,Hyvinkää,Uusimaa,05720,Hyvinkää,d0551b55-2102-488e-8dc7-d1ec69a15615
642,929 Vehka-aho Katu Suite 39,,Helsinki,Uusimaa,00690,Helsinki,f1735e75-440f-4f3d-a150-3276098afcc1
643,913 Heinonen Katu Apt 29,,Helsinki,Uusimaa,00340,Helsinki,a746fde4-29e5-4f09-b09b-47f46f2f701b
644,969 Menna Katu,,Helsinki,Uusimaa,00570,Helsinki,615c8945-4b3e-4fac-aaff-1a9170cb9c21
645,757 Ylivainio Katu,,Vantaa,Uusimaa,01520,Vantaa,80aa3919-6c26-4f93-a855-45ecd2beaaf2
646,936 Halttula Katu Unit 53,,Helsinki,Uusimaa,00130,Helsinki,b05ccf1c-0823-47a4-9c19-7b6ca992141c
647,361 Oskarsson Katu,,Helsinki,Uusimaa,00310,Helsinki,31be7612-e20a-49f8-847c-fd35bd4286a5
648,768 Viitasalo Katu,,Espoo,Uusimaa,02250,Espoo,651a3e0e-4620-458b-a46e-1f3684a57f1b
649,564 Suojama Katu Apt 12,,Espoo,Uusimaa,02810,Espoo,b82a8170-f45b-4e91-9699-434d1870e802
650,152 Liljekvist Katu Apt 42,,Helsinki,Uusimaa,00920,Helsinki,eaacd780-c147-43a7-adf1-6f410cb68f59
651,221 Walve Katu,,Espoo,Uusimaa,02860,Espoo,8f2ded9d-82ee-4456-b274-a749d241f741
652,454 Vieri Katu,,Vantaa,Uusimaa,01530,Vantaa,01ffe803-177c-48af-b0b2-8266babde5bf
653,659 Grönbacka Katu,,Vantaa,Uusimaa,01770,Vantaa,1ebe88ab-462d-44d3-ba2e-d5340ee640af
654,245 Kosomaa Katu Unit 89,,Kirkkonummi,Uusimaa,02550,Kirkkonummi,f5f12e6a-6539-47b9-bc55-73930efc61b7
655,1061 Saaranluoma Katu,,Helsinki,Uusimaa,00400,Helsinki,1b8af351-f60d-41c6-b882-2dec5bc910aa
656,163 Madekivi Katu,,Helsinki,Uusimaa,00670,Helsinki,5249b814-e87c-408e-9237-f6e92a12b7b2
657,865 Karosvuo Katu,,Helsinki,Uusimaa,00860,Helsinki,61dd3476-5853-4a05-a6c9-4b4b692948e8
658,188 Humalajoki Katu Apt 45,,Helsinki,Uusimaa,00120,Helsinki,198dffb9-aa2f-4e1e-9534-46ff4390e48d
659,515 Taisto Katu,,Helsinki,Uusimaa,00870,Helsinki,9d4215b6-9680-48ec-86e2-5c48e7be5d94
660,149 Rantti Katu,,Helsinki,Uusimaa,00400,Helsinki,184ffea4-2ca1-4ad7-8045-61ffb90bcf25
661,795 Maantila Katu Unit 28,,Helsinki,Uusimaa,00940,Helsinki,baf58f5c-37eb-4e19-8c91-1ebe6182b3c2
662,938 Sievers Katu,,Helsinki,Uusimaa,00320,Helsinki,7992bbdb-023f-4503-b0da-cc39b8546255
663,321 Hernelahti Katu,,Helsinki,Uusimaa,00860,Helsinki,a88b192d-fde9-4a3c-b50f-6c955190539c
664,777 Jensén Katu,,Espoo,Uusimaa,02260,Espoo,0a231390-6b47-47b5-8cbd-7ce7b363537e
665,314 Remander Katu Suite 21,,Vantaa,Uusimaa,01400,Vantaa,766d947f-a2c8-4ba6-8730-23008b763cac
666,687 Hjelt Katu,,Helsinki,Uusimaa,00430,Helsinki,097f6ccc-2fd9-4524-91ae-cf57ed267ba8
667,565 Mure Katu,,Helsinki,Uusimaa,00880,Helsinki,c865f78e-a368-4a7d-90c7-4f4e782a4356
668,856 Hietaranta Katu Suite 7,,Vantaa,Uusimaa,01700,Vantaa,87d2b722-fae7-47a1-a7e9-016f1794f77d
669,1023 Wiksten Katu Apt 27,,Helsinki,Uusimaa,00820,Helsinki,90ed9bac-daf2-4008-b43c-5a0016346353
670,845 Ali-Melkkilä Katu Suite 83,,Tuusula,Uusimaa,04310,Tuusula,f1bec903-ae40-4bcb-a19a-122d7a8bd172
671,318 Heliste Katu Suite 74,,Lapinjärvi,Uusimaa,07810,Lapinjärvi,edca2e96-67c3-41cc-bacd-4f54fc79e9b0
672,442 Ford Katu Apt 18,,Espoo,Uusimaa,02260,Espoo,467123d9-d166-4f87-a73f-32c57a43fe53
673,420 Oulujärvi Katu Suite 59,,Helsinki,Uusimaa,00330,Helsinki,506f9b48-3678-419c-a6b8-7679c5f82588
674,459 Simukka Katu,,Sipoo,Uusimaa,01150,Sipoo,d2677fb3-d9ac-4f04-b04b-81841d910318
675,785 Salojensaari Katu,,Espoo,Uusimaa,02280,Espoo,70caf953-7d21-4e65-8879-2679502c2915
676,788 Virkki Katu Suite 69,,Helsinki,Uusimaa,00990,Helsinki,48a4d4a8-28bc-43af-ac8e-a630f828b69e
677,571 Rajapuro Katu Unit 89,,Vantaa,Uusimaa,01300,Vantaa,24ce4bba-788c-4314-91c1-f76c4d0a8b86
678,931 Rantahalvari Katu Suite 43,,Vantaa,Uusimaa,01450,Vantaa,f0590405-598d-4da0-a4b0-b2667f8ade0d
679,299 Sirparanta Katu Unit 16,,Espoo,Uusimaa,02300,Espoo,671ac33d-f712-4a5b-970b-6db135b43dc6
680,426 Orjala Katu Suite 8,,Vantaa,Uusimaa,01340,Vantaa,36e8cc4c-89dc-4759-a73c-85d8ca53730e
681,947 Tenttula Katu Apt 70,,Espoo,Uusimaa,02250,Espoo,66e8d157-69fe-4b0f-b5dd-969ab39274b9
682,356 Nelson Katu,,Helsinki,Uusimaa,00850,Helsinki,052a4a89-4458-45a7-88f4-de315526d5bc
683,952 Luodetlahti Katu Unit 74,,Vantaa,Uusimaa,01630,Vantaa,71946595-db66-40f8-b539-32ff528d11a8
684,176 Åminne Katu,,Helsinki,Uusimaa,00100,Helsinki,a5471a88-5d70-475a-8108-9a16801f3af8
685,327 Yli-Talonen Katu Suite 71,,Helsinki,Uusimaa,00770,Helsinki,d7996748-1b48-40fe-9ea6-ac96efa7e715
686,231 Pirttilampi Katu Apt 21,,Hyvinkää,Uusimaa,05810,Hyvinkää,ab3c5969-c687-41eb-b174-5ff1967cda23
687,1082 Varvio Katu,,Nurmijärvi,Uusimaa,01860,Nurmijärvi,1c5d18b8-10de-4052-9b77-8b8d0428915a
688,378 Kuismin Katu,,Porvoo,Uusimaa,07220,Porvoo,e9e1af46-1cbd-465c-8014-6920bc8c18c1
689,1049 Ylikantola Katu,,Helsinki,Uusimaa,00390,Helsinki,d42ec26f-9026-479c-bdd8-10db280c5a0b
690,782 Leiviskä Katu,,Helsinki,Uusimaa,00300,Helsinki,fb6a8eb6-b6e8-47c6-be14-236666b9e27c
691,844 Mildh Katu,,Nurmijärvi,Uusimaa,05450,Nurmijärvi,6b1feff8-00cd-4a54-b11e-604a772cc73b
692,235 Seppinen Katu,,Helsinki,Uusimaa,00340,Helsinki,26a9ab99-5ae5-44aa-8da8-71ce1dcb3f71
693,645 Lintula Katu Apt 67,,Espoo,Uusimaa,02920,Espoo,1b20c791-5e26-4bf7-8126-e4d5186fb6ef
694,474 Romppala Katu Suite 63,,Helsinki,Uusimaa,00820,Helsinki,1af8670e-d76f-4f01-a4c4-2a10f9455603
695,110 Vähä-Pietilä Katu,,Järvenpää,Uusimaa,04460,Järvenpää,95f9cd08-ab70-4232-9cce-51ab8e1a4fad
696,558 Enlund Katu,,Vihti,Uusimaa,03430,Vihti,2c76d6f1-6644-4e41-96b1-4121818af0df
697,351 Luolakari Katu Apt 70,,Helsinki,Uusimaa,00160,Helsinki,68b2799e-3752-4b09-a278-c1f8734cad75
698,936 Ansio Katu Apt 84,,Myrskylä,Uusimaa,07600,Myrskylä,85324224-f3c6-4b86-b63c-77e06717cac8
699,727 Nuija Katu Apt 5,,Loviisa,Uusimaa,07980,Loviisa,81bf0415-5c30-4abd-b275-549f1e996d22
700,541 Meriranta Katu Apt 10,,Vantaa,Uusimaa,01660,Vantaa,a3c7855c-763c-4e5d-87de-ce21f77a7a52
701,487 Edfelt Katu Apt 53,,Kerava,Uusimaa,04220,Kerava,6849a511-44cd-45e1-b9c5-8fb730985ca5
702,725 Tuohisto-Kokko Katu Suite 37,,Järvenpää,Uusimaa,04420,Järvenpää,1c911bbf-886c-4f6b-b9a6-b235d95d5dbd
703,826 Bäckmark Katu,,Helsinki,Uusimaa,00780,Helsinki,3c241a88-d2e3-4d10-9138-bc073f79a127
704,342 Koskue Katu Unit 87,,Espoo,Uusimaa,02210,Espoo,5cab9d6f-9a88-4a0f-9959-2cbac8cfa441
705,1099 Veija Katu Apt 18,,Helsinki,Uusimaa,00530,Helsinki,ec238384-d5ac-46c1-b4fd-e42a005e3128
706,101 Kasanko Katu,,Helsinki,Uusimaa,00350,Helsinki,2c820dae-0ecc-4783-915c-c431e122b377
707,864 Heinonmäki Katu Suite 45,,Espoo,Uusimaa,02970,Espoo,fa0bfa7a-a375-40fa-a616-355a7aa47ed4
708,636 Nurkki Katu Unit 8,,Nurmijärvi,Uusimaa,05450,Nurmijärvi,23c58069-aefa-458c-b6e6-b3b317002eb7
709,629 Sorola Katu,,Helsinki,Uusimaa,00530,Helsinki,eee43958-32a3-4952-b853-0c217785e730
710,416 Mäentaus Katu Apt 1,,Helsinki,Uusimaa,00740,Helsinki,2f1dc3b3-9598-407f-8050-feea8613633d
711,725 Vuorikivi Katu Apt 82,,Tuusula,Uusimaa,05430,Tuusula,abb565e6-fcdd-4484-8ac8-0e9225b56176
712,311 Salem Katu Apt 51,,Porvoo,Uusimaa,06100,Porvoo,93e06054-e379-46ff-bdd7-fa342a7ae5bd
713,331 Hiekkalinna Katu Unit 65,,Helsinki,Uusimaa,00830,Helsinki,2f8923b0-1d99-442f-b417-5bf2e80b206f
714,633 Urvanta Katu,,Espoo,Uusimaa,02240,Espoo,426ae0e0-f0ca-4e26-a69e-0c4355648d93
715,766 Åker Katu,,Helsinki,Uusimaa,00140,Helsinki,979db6a8-5651-46ea-88b2-7a79b4483413
716,585 Pantti Katu Unit 24,,Kauniainen,Uusimaa,02700,Kauniainen,4a563851-4f82-43f7-bcd6-80e76ac26f31
717,286 Soranko Katu Apt 92,,Lapinjärvi,Uusimaa,47350,Lapinjärvi,10d01091-b552-4ff3-89a7-77cefea1b91e
718,416 Yläranta Katu Apt 53,,Hyvinkää,Uusimaa,05950,Hyvinkää,b74a3c90-826b-4bb2-a708-8cd1133a4df6
