location_id,address_1,address_2,city,state,zip,county,location_source_value
3102,1015 Helo Katu Unit 8,,Porvoo,Uusimaa,06450,Porvoo,c5fc4cbf-35f3-493e-afa3-12b5f6de9141
3103,673 Inhilä Katu,,Vantaa,Uusimaa,01630,Vantaa,2abe3540-f89a-40f4-9e15-49451db64832
3104,242 Yli-Mäyry Katu Apt 34,,Helsinki,Uusimaa,00100,Helsinki,4351433c-c6ec-42ed-bb12-6650d796ddd6
3105,543 Humalainen Katu Suite 62,,Espoo,Uusimaa,02160,Espoo,27e81449-2b76-4057-9937-74e0bd29ce66
3106,903 Huczkowski Katu,,Espoo,Uusimaa,02290,Espoo,2b53a3d2-a065-4acb-82d0-3c69fd66addb
3107,349 Pekarila Katu,,Järvenpää,Uusimaa,04440,Järvenpää,a2c976dd-9857-4a8e-a59a-6fa0e818ca84
3108,253 Urkko Katu Suite 0,,Kerava,Uusimaa,04260,Kerava,d05d228a-e848-46f5-ad74-20b84dabbc7b
3109,628 Paalijärvi Katu,,Vantaa,Uusimaa,01280,Vantaa,6bdda938-7926-456b-b03b-25e16e34f5be
3110,348 Rajapolvi Katu,,Helsinki,Uusimaa,00640,Helsinki,ebd0bd19-eefe-48cb-94da-4a334449a833
3111,232 Sneitz Katu Suite 52,,Vantaa,Uusimaa,01400,Vantaa,90ceb26f-bc97-4a03-9021-bf478937365d
3112,721 Juola Katu,,Vantaa,Uusimaa,01530,Vantaa,9d3a02b3-ffd8-45b4-902a-6db63a8290a0
3113,437 Saraste Katu,,Helsinki,Uusimaa,00650,Helsinki,538bf59e-e502-421e-9c5e-e3e277775fc6
3114,629 Pousi Katu Suite 32,,Lapinjärvi,Uusimaa,07830,Lapinjärvi,65ae3e1c-29d7-4087-bb64-cf40c1fb263e
3115,407 Niemitalo Katu,,Sipoo,Uusimaa,04170,Sipoo,028a6f37-e34b-4081-966e-e9a5944952e8
3116,429 Ailus Katu,,Helsinki,Uusimaa,00190,Helsinki,c5d75135-9ffd-4605-9034-1581707ebfa7
3117,485 Syvälahti Katu Suite 64,,Espoo,Uusimaa,02660,Espoo,d6dd56b3-5099-4701-ad62-81a7b451f1c4
3118,285 Ilmakangas Katu Suite 27,,Helsinki,Uusimaa,00990,Helsinki,9eda1bb6-18be-4754-8f89-f3463cfac8fb
3119,982 Pinnioja Katu,,Vantaa,Uusimaa,01350,Vantaa,16e52a3d-b894-4392-bd03-efeadc573eff
3120,673 Heini Katu,,Helsinki,Uusimaa,00130,Helsinki,3a734362-fe1b-4dd3-bcf3-9966dbec4347
3121,130 Mäki-Korpela Katu,,Järvenpää,Uusimaa,04410,Järvenpää,4d06a86b-8604-402d-b25b-32549836510c
3122,215 Teppana Katu Apt 95,,Kirkkonummi,Uusimaa,02470,Kirkkonummi,2a73cbf4-da0c-44a0-ad97-f81cd6e01572
3123,679 Kaljunen Katu Apt 24,,Espoo,Uusimaa,02980,Espoo,35c79ea0-6814-473e-a67e-356dc432f49f
3124,1035 Pasinen Katu Suite 37,,Helsinki,Uusimaa,00730,Helsinki,9e95d120-22e2-41b8-9cb2-bf9ecf0f5cbf
3125,689 Vilska Katu,,Espoo,Uusimaa,02600,Espoo,7ce04b73-f384-4ddc-afda-5c982a99f809
3126,233 Vähä-Ettala Katu,,Helsinki,Uusimaa,00330,Helsinki,1ef6e337-28c0-408b-9fd2-06bf1a702f20
3127,838 Hyökki Katu Unit 21,,Helsinki,Uusimaa,00120,Helsinki,b9e010a0-43fc-4a76-bbeb-d667d8cc034a
3128,245 Itäaho Katu,,Helsinki,Uusimaa,00330,Helsinki,2af449aa-696a-479d-8105-f20b3de3b343
3129,522 Hernesniemi Katu Suite 79,,Espoo,Uusimaa,02140,Espoo,cbb7a9c9-bc0b-4231-b1f0-149e4bc47d2e
3130,934 Sid Katu,,Helsinki,Uusimaa,00940,Helsinki,480244d2-bdbb-4087-aa2e-c9551dfad986
3131,189 Sopenlehto Katu Apt 98,,Helsinki,Uusimaa,00620,Helsinki,8a7bd123-77bf-478f-92d2-25ae9daa53bd
3132,451 Luomahaara Katu Apt 49,,Vantaa,Uusimaa,01610,Vantaa,3b5df67d-aab8-423e-8b84-a373521a2a1a
3133,812 Kangaskortet Katu Unit 3,,Nurmijärvi,Uusimaa,01860,Nurmijärvi,817c2156-a958-47b2-a53d-f43417f46e20
3134,317 Sieviläinen Katu Unit 78,,Espoo,Uusimaa,02100,Espoo,32f6f1d0-5dd0-424f-a1a2-2939339f1293
3135,1077 Styrman Katu Unit 38,,Helsinki,Uusimaa,00910,Helsinki,dad1b7e2-8cd6-41a5-8286-5bcee53fbe43
3136,126 Saija Katu Unit 41,,Porvoo,Uusimaa,06450,Porvoo,1318c9d1-d54d-4602-84d6-1aeb737d3c49
3137,939 Paulus Katu,,Siuntio,Uusimaa,02590,Siuntio,83869dc9-fefa-4fff-b5a0-796e80c49931
3138,156 Temonen Katu,,Kirkkonummi,Uusimaa,02400,Kirkkonummi,3305c33c-7dde-4a09-b341-ebe7cad402e4
3139,592 Valpola Katu Suite 51,,Hyvinkää,Uusimaa,05880,Hyvinkää,37b9f427-e39e-401b-b01c-001d031c6a03
3140,825 Platan Katu,,Loviisa,Uusimaa,07940,Loviisa,a32cfc42-e257-4b2f-808e-cf5c8d09c507
3141,771 Korkonen Katu,,Vantaa,Uusimaa,01750,Vantaa,c057ad57-0c9b-42c0-8de5-d0b5d394ff54
3142,936 Elomäki Katu Unit 85,,Helsinki,Uusimaa,00730,Helsinki,2b9dff68-4dca-4c7b-81d9-0a7e11df9ff6
3143,981 Alaraasakka Katu,,Espoo,Uusimaa,02600,Espoo,638b25ea-1f52-4fd8-9606-2d52d47964e2
3144,255 Gratschev Katu,,Helsinki,Uusimaa,00300,Helsinki,139090f9-29d7-4567-9e8c-0cb4817da06a
3145,392 Puttonen Katu Suite 61,,Nurmijärvi,Uusimaa,05250,Nurmijärvi,8d0bdbea-b972-4cf1-95ae-86e24c9e4376
3146,503 Sointu Katu Unit 32,,Helsinki,Uusimaa,00390,Helsinki,0d26877d-1ad6-46f6-9bed-d6f59bc7f61d
3147,264 Linjamäki Katu Unit 91,,Hyvinkää,Uusimaa,05880,Hyvinkää,60002ba7-16fb-4c0d-9c61-3123b07d5f14
3148,931 Saviharju Katu Apt 95,,Helsinki,Uusimaa,00940,Helsinki,21adb0b4-9ee2-48f2-85e7-970b616cca39
3149,614 Vihtamäki Katu Unit 94,,Helsinki,Uusimaa,00310,Helsinki,798acaf6-a239-4d1e-9b6b-fc4e9bcc3c2a
3150,157 Boisman Katu Suite 71,,Kerava,Uusimaa,04260,Kerava,23ad88cd-64c3-4128-8cb1-866cb56d45eb
3151,398 Passila Katu,,Nurmijärvi,Uusimaa,05100,Nurmijärvi,b85799d1-5440-4122-b2bf-f7ad503ed671
3152,417 Kotamäki Katu,,Helsinki,Uusimaa,00530,Helsinki,f287f5a3-79d9-451c-bbad-3f4b82ea7969
3153,634 Kotamaa Katu,,Helsinki,Uusimaa,00140,Helsinki,c4c6f58f-1343-436a-a66d-c5f7408fabd4
3154,433 Rangell Katu,,Espoo,Uusimaa,02810,Espoo,9d4f12f8-4205-457f-9c47-c561ada891b7
3155,748 Micklin Katu,,Helsinki,Uusimaa,00970,Helsinki,6b0332e7-29d0-4823-b609-5b84db040f3e
3156,189 Meisalmi Katu Suite 19,,Helsinki,Uusimaa,00330,Helsinki,35d707e9-2a7a-416f-a7f2-57824ca9ea10
3157,873 Berisha Katu Apt 66,,Helsinki,Uusimaa,00100,Helsinki,5e90fde5-458c-406e-ba54-e3e74ed8f983
3158,770 Lilja Katu Apt 15,,Helsinki,Uusimaa,00920,Helsinki,06e278cb-8d50-4d0b-83ec-0ad9af487105
3159,1028 Lepänkoski Katu Unit 18,,Vantaa,Uusimaa,01620,Vantaa,ea8cd142-5ad9-4d55-b36e-cb4899bf078c
3160,113 Paattimäki Katu Suite 13,,Espoo,Uusimaa,02940,Espoo,d716226c-85de-40ae-a343-79ea18d2791b
3161,767 Hauskamaa Katu,,Vantaa,Uusimaa,01700,Vantaa,67b34005-5e0b-4543-9659-029fc8b05494
3162,236 Gardberg Katu Suite 57,,Helsinki,Uusimaa,00380,Helsinki,8e1aa536-e874-4713-873f-b31a30c72bcf
3163,659 Axelsson Katu,,Nurmijärvi,Uusimaa,01860,Nurmijärvi,8a3184f1-bba5-42fc-9aa3-3261798437c0
3164,403 Vuorensola Katu Unit 27,,Helsinki,Uusimaa,00940,Helsinki,d447ba0a-005c-4194-a2ec-bc8ec8ece26f
3165,423 Charpentier Katu Apt 96,,Hyvinkää,Uusimaa,05900,Hyvinkää,fd9bdf29-3c56-4eec-baf3-1604e3f062c1
3166,381 Åkesson Katu,,Helsinki,Uusimaa,00640,Helsinki,869efe15-2137-400a-a9fb-8795e31098cc
3167,1016 Lehtilä Katu,,Järvenpää,Uusimaa,04410,Järvenpää,25660a34-467d-4e22-9bd7-ce934aad3c40
3168,501 Varjos Katu Suite 4,,Kirkkonummi,Uusimaa,02430,Kirkkonummi,06ff660f-052f-4db5-95c0-9b6abd0448df
3169,1058 Schrey Katu,,Helsinki,Uusimaa,00160,Helsinki,f89f0216-23a4-466f-a949-6bc612ecf9fa
3170,632 Meyer Katu Apt 70,,Mäntsälä,Uusimaa,04630,Mäntsälä,0130e8e0-713c-4681-ab04-0fcbef48bd25
3171,1025 Naamanka Katu Apt 94,,Helsinki,Uusimaa,00740,Helsinki,13210c20-380d-4aa5-8d40-d1d6cec6f00c
3172,658 Möttö Katu,,Kirkkonummi,Uusimaa,02410,Kirkkonummi,7d188c99-14f0-42da-bee1-719adc1e1147
3173,422 Kantti Katu Apt 67,,Kerava,Uusimaa,04200,Kerava,af4e446d-02b5-453c-8dae-44ee0cdc1907
3174,514 Kannela Katu Unit 77,,Helsinki,Uusimaa,00160,Helsinki,95f9e4b9-b070-4a4d-a4d0-6487a8266283
3175,934 Juoperi Katu Suite 67,,Helsinki,Uusimaa,00980,Helsinki,1ab1981e-51d8-4b92-9c8e-dea28bbf1a9b
3176,1094 Skriko Katu,,Espoo,Uusimaa,02710,Espoo,b02c765b-9bb1-4b0b-9111-bd25649b83bc
3177,639 Merjamaa Katu Suite 80,,Helsinki,Uusimaa,00150,Helsinki,2659b849-a096-4f61-8f00-6833578f4832
3178,138 Kiviharju Katu Apt 96,,Helsinki,Uusimaa,00280,Helsinki,457e8eb1-a1bb-4d2f-a4a8-8c39e3b3961b
3179,357 Aunio Katu,,Mäntsälä,Uusimaa,04940,Mäntsälä,4e505242-32d4-464d-a92d-3ee6796b01bc
3180,818 Buska Katu,,Sipoo,Uusimaa,04170,Sipoo,2ca5b391-076a-4193-b7fe-2770d32ed4de
3181,720 Haaksiala Katu Suite 94,,Espoo,Uusimaa,02290,Espoo,e2ec23b9-ebfb-43dd-9e24-48dccbd0a88c
3182,426 Törnkvist Katu Unit 46,,Vantaa,Uusimaa,01710,Vantaa,533d9b39-2d51-4027-8099-ee9ebcacf057
3183,238 Helynen Katu Suite 48,,Helsinki,Uusimaa,00740,Helsinki,ebe84c66-2597-4a53-8314-6959234670a1
3184,1001 Tran Katu Apt 74,,Raasepori,Uusimaa,10380,Raasepori,e1d778ab-54b0-492e-9cc3-dbe07be332cb
3185,432 Amnell Katu,,Espoo,Uusimaa,02660,Espoo,279dbacc-fb95-4c34-b110-bbd17efe967b
3186,659 Pihlgren Katu,,Porvoo,Uusimaa,06200,Porvoo,594d0355-40db-464e-bc09-5820ec452452
3187,845 Pentinmikko Katu,,Helsinki,Uusimaa,00390,Helsinki,9b25e8bd-3abe-4d0a-8c62-3ed57f5cdfba
3188,176 Näykki Katu,,Kerava,Uusimaa,04250,Kerava,3de2dd1f-fe14-4e61-a618-795b4af4a442
3189,184 Häme Katu Unit 43,,Vantaa,Uusimaa,01680,Vantaa,440806fe-bd54-47c9-a16e-4cb8c25e7733
3190,867 Wärnman Katu,,Helsinki,Uusimaa,00650,Helsinki,d0553da2-241f-4d1d-9301-3e59ceb5ec64
3191,872 Jacklin Katu,,Vantaa,Uusimaa,01680,Vantaa,84042669-7844-4932-b4fa-74c97bd4a11e
3192,359 Naapuri Katu Apt 66,,Espoo,Uusimaa,02270,Espoo,05aca627-9aa1-4026-bd58-51782c25fdcd
3193,846 Veikkolainen Katu,,Espoo,Uusimaa,02860,Espoo,e37f6f7e-5daf-4857-a846-ce5f2de6b7d6
3194,335 Polus Katu,,Lohja,Uusimaa,09220,Lohja,765456e3-534b-4c41-a505-b08611dbe4ee
3195,844 Ropo Katu Suite 88,,Vantaa,Uusimaa,01530,Vantaa,07f2c5f1-c98a-412c-9ea1-bdbdd95e7c91
3196,1063 Aminoff Katu Suite 88,,Helsinki,Uusimaa,00280,Helsinki,64a96a67-f15c-4462-a700-e8b495abca4f
3197,359 Jacklin Katu Unit 91,,Vantaa,Uusimaa,01400,Vantaa,a4702d3b-3ab4-4837-9d1c-350fddc21835
3198,295 Yli-Seppänen Katu Suite 39,,Lapinjärvi,Uusimaa,07840,Lapinjärvi,bce2aeef-2a45-44df-bc0c-0897d185239c
3199,936 Kosunen Katu Apt 10,,Vantaa,Uusimaa,01620,Vantaa,a55734ab-1938-47bf-a9bf-1d29f37e8e8a
3200,524 Honkakoski Katu,,Helsinki,Uusimaa,00670,Helsinki,64a995a7-1ba4-45ac-a0d9-877d2f713e24
3201,929 Mörsäri Katu Apt 50,,Kerava,Uusimaa,04260,Kerava,971a2885-358c-43a7-a254-694dfc6b47f4
3202,1040 Kurkisuo Katu,,Helsinki,Uusimaa,00670,Helsinki,93956cf9-8c3a-412c-b7d4-ba028c25f4ee
3203,164 Kanckos Katu Unit 13,,Porvoo,Uusimaa,07350,Porvoo,f1d4ff06-16e1-43a4-9141-4fa75f13f44d
3204,427 Remsu Katu Unit 17,,Helsinki,Uusimaa,00260,Helsinki,88a9009e-5af0-468f-962f-d89abb1a8d98
