person_id,gender_concept_id,year_of_birth,month_of_birth,day_of_birth,birth_datetime,race_concept_id,ethnicity_concept_id,location_id,provider_id,care_site_id,person_source_value,gender_source_value,gender_source_concept_id,race_source_value,race_source_concept_id,ethnicity_source_value,ethnicity_source_concept_id
3102,8507,2009,5,2,,8527,0,3102,,,c5fc4cbf-35f3-493e-afa3-12b5f6de9141,M,0,white,0,nonhispanic,0
3103,8507,1999,8,15,,8527,0,3103,,,2abe3540-f89a-40f4-9e15-49451db64832,M,0,white,0,nonhispanic,0
3104,8507,1995,12,8,,8527,0,3104,,,4351433c-c6ec-42ed-bb12-6650d796ddd6,M,0,white,0,nonhispanic,0
3105,8507,1987,8,27,,8527,0,3105,,,27e81449-2b76-4057-9937-74e0bd29ce66,M,0,white,0,nonhispanic,0
3106,8532,1980,3,9,,8527,0,3106,,,2b53a3d2-a065-4acb-82d0-3c69fd66addb,F,0,white,0,nonhispanic,0
3107,8507,1973,11,12,,8527,0,3107,,,a2c976dd-9857-4a8e-a59a-6fa0e818ca84,M,0,white,0,nonhispanic,0
3108,8507,2006,5,2,,8527,0,3108,,,d05d228a-e848-46f5-ad74-20b84dabbc7b,M,0,white,0,nonhispanic,0
3109,8507,1969,2,28,,8527,0,3109,,,6bdda938-7926-456b-b03b-25e16e34f5be,M,0,white,0,nonhispanic,0
3110,8507,2005,4,8,,8527,0,3110,,,ebd0bd19-eefe-48cb-94da-4a334449a833,M,0,white,0,nonhispanic,0
3111,8507,2019,3,26,,8527,0,3111,,,90ceb26f-bc97-4a03-9021-bf478937365d,M,0,white,0,nonhispanic,0
3112,8532,2009,7,30,,8527,0,3112,,,9d3a02b3-ffd8-45b4-902a-6db63a8290a0,F,0,white,0,nonhispanic,0
3113,8532,1968,7,17,,8527,0,3113,,,538bf59e-e502-421e-9c5e-e3e277775fc6,F,0,white,0,nonhispanic,0
3114,8532,1944,1,16,,8527,0,3114,,,65ae3e1c-29d7-4087-bb64-cf40c1fb263e,F,0,white,0,nonhispanic,0
3115,8507,1962,11,27,,8527,0,3115,,,028a6f37-e34b-4081-966e-e9a5944952e8,M,0,white,0,nonhispanic,0
3116,8532,1982,2,8,,8527,0,3116,,,c5d75135-9ffd-4605-9034-1581707ebfa7,F,0,white,0,nonhispanic,0
3117,8507,2002,2,8,,8527,0,3117,,,d6dd56b3-5099-4701-ad62-81a7b451f1c4,M,0,white,0,nonhispanic,0
3118,8532,1959,5,18,,8527,0,3118,,,9eda1bb6-18be-4754-8f89-f3463cfac8fb,F,0,white,0,nonhispanic,0
3119,8532,1997,8,17,,8527,0,3119,,,16e52a3d-b894-4392-bd03-efeadc573eff,F,0,white,0,nonhispanic,0
3120,8507,1982,1,19,,8527,0,3120,,,3a734362-fe1b-4dd3-bcf3-9966dbec4347,M,0,white,0,nonhispanic,0
3121,8532,1991,12,6,,8527,0,3121,,,4d06a86b-8604-402d-b25b-32549836510c,F,0,white,0,nonhispanic,0
3122,8507,1988,1,11,,8527,0,3122,,,2a73cbf4-da0c-44a0-ad97-f81cd6e01572,M,0,white,0,nonhispanic,0
3123,8532,1977,9,28,,8527,0,3123,,,35c79ea0-6814-473e-a67e-356dc432f49f,F,0,white,0,nonhispanic,0
3124,8507,1992,3,6,,8527,0,3124,,,9e95d120-22e2-41b8-9cb2-bf9ecf0f5cbf,M,0,white,0,nonhispanic,0
3125,8532,1955,2,22,,8527,0,3125,,,7ce04b73-f384-4ddc-afda-5c982a99f809,F,0,white,0,nonhispanic,0
3126,8532,1997,6,26,,8527,0,3126,,,1ef6e337-28c0-408b-9fd2-06bf1a702f20,F,0,white,0,nonhispanic,0
3127,8507,2006,5,4,,8527,0,3127,,,b9e010a0-43fc-4a76-bbeb-d667d8cc034a,M,0,white,0,nonhispanic,0
3128,8507,1994,9,18,,8527,0,3128,,,2af449aa-696a-479d-8105-f20b3de3b343,M,0,white,0,nonhispanic,0
3129,8507,2008,10,27,,8527,0,3129,,,cbb7a9c9-bc0b-4231-b1f0-149e4bc47d2e,M,0,white,0,nonhispanic,0
3130,8532,2016,8,6,,8527,0,3130,,,480244d2-bdbb-4087-aa2e-c9551dfad986,F,0,white,0,nonhispanic,0
3131,8507,2017,3,31,,8527,0,3131,,,8a7bd123-77bf-478f-92d2-25ae9daa53bd,M,0,white,0,nonhispanic,0
3132,8532,1966,11,1,,8527,0,3132,,,3b5df67d-aab8-423e-8b84-a373521a2a1a,F,0,white,0,nonhispanic,0
3133,8507,1935,7,25,,8527,0,3133,,,817c2156-a958-47b2-a53d-f43417f46e20,M,0,white,0,nonhispanic,0
3134,8507,1942,5,12,,8527,0,3134,,,32f6f1d0-5dd0-424f-a1a2-2939339f1293,M,0,white,0,nonhispanic,0
3135,8507,1943,9,16,,8527,0,3135,,,dad1b7e2-8cd6-41a5-8286-5bcee53fbe43,M,0,white,0,nonhispanic,0
3136,8507,1961,2,27,,8527,0,3136,,,1318c9d1-d54d-4602-84d6-1aeb737d3c49,M,0,white,0,nonhispanic,0
3137,8532,1969,1,2,,8527,0,3137,,,83869dc9-fefa-4fff-b5a0-796e80c49931,F,0,white,0,nonhispanic,0
3138,8532,2016,2,29,,8527,0,3138,,,3305c33c-7dde-4a09-b341-ebe7cad402e4,F,0,white,0,nonhispanic,0
3139,8532,1962,5,3,,8527,0,3139,,,37b9f427-e39e-401b-b01c-001d031c6a03,F,0,white,0,nonhispanic,0
3140,8532,1962,5,13,,8527,0,3140,,,a32cfc42-e257-4b2f-808e-cf5c8d09c507,F,0,white,0,nonhispanic,0
3141,8532,2010,11,21,,8527,0,3141,,,c057ad57-0c9b-42c0-8de5-d0b5d394ff54,F,0,white,0,nonhispanic,0
3142,8532,1975,2,13,,8527,0,3142,,,2b9dff68-4dca-4c7b-81d9-0a7e11df9ff6,F,0,white,0,nonhispanic,0
3143,8532,1952,7,10,,8527,0,3143,,,638b25ea-1f52-4fd8-9606-2d52d47964e2,F,0,white,0,nonhispanic,0
3144,8507,1986,8,11,,8527,0,3144,,,139090f9-29d7-4567-9e8c-0cb4817da06a,M,0,white,0,nonhispanic,0
3145,8507,1935,7,25,,8527,0,3145,,,8d0bdbea-b972-4cf1-95ae-86e24c9e4376,M,0,white,0,nonhispanic,0
3146,8532,1980,8,17,,8527,0,3146,,,0d26877d-1ad6-46f6-9bed-d6f59bc7f61d,F,0,white,0,nonhispanic,0
3147,8532,1995,7,24,,8527,0,3147,,,60002ba7-16fb-4c0d-9c61-3123b07d5f14,F,0,white,0,nonhispanic,0
3148,8532,1948,12,6,,8527,0,3148,,,21adb0b4-9ee2-48f2-85e7-970b616cca39,F,0,white,0,nonhispanic,0
3149,8507,1990,8,11,,8527,0,3149,,,798acaf6-a239-4d1e-9b6b-fc4e9bcc3c2a,M,0,white,0,nonhispanic,0
3150,8532,1962,2,2,,8527,0,3150,,,23ad88cd-64c3-4128-8cb1-866cb56d45eb,F,0,white,0,nonhispanic,0
3151,8507,2018,8,30,,8527,0,3151,,,b85799d1-5440-4122-b2bf-f7ad503ed671,M,0,white,0,nonhispanic,0
3152,8532,1981,8,5,,8527,0,3152,,,f287f5a3-79d9-451c-bbad-3f4b82ea7969,F,0,white,0,nonhispanic,0
3153,8507,1964,11,28,,8527,0,3153,,,c4c6f58f-1343-436a-a66d-c5f7408fabd4,M,0,white,0,nonhispanic,0
3154,8532,2017,1,21,,8527,0,3154,,,9d4f12f8-4205-457f-9c47-c561ada891b7,F,0,white,0,nonhispanic,0
3155,8532,1956,1,21,,8527,0,3155,,,6b0332e7-29d0-4823-b609-5b84db040f3e,F,0,white,0,nonhispanic,0
3156,8507,1998,9,25,,8527,0,3156,,,35d707e9-2a7a-416f-a7f2-57824ca9ea10,M,0,white,0,nonhispanic,0
3157,8532,1997,6,23,,8527,0,3157,,,5e90fde5-458c-406e-ba54-e3e74ed8f983,F,0,white,0,nonhispanic,0
3158,8532,1957,12,11,,8527,0,3158,,,06e278cb-8d50-4d0b-83ec-0ad9af487105,F,0,white,0,nonhispanic,0
3159,8532,1940,8,28,,8527,0,3159,,,ea8cd142-5ad9-4d55-b36e-cb4899bf078c,F,0,white,0,nonhispanic,0
3160,8507,1989,5,31,,8527,0,3160,,,d716226c-85de-40ae-a343-79ea18d2791b,M,0,white,0,nonhispanic,0
3161,8507,1953,2,21,,8527,0,3161,,,67b34005-5e0b-4543-9659-029fc8b05494,M,0,white,0,nonhispanic,0
3162,8507,1964,11,28,,8527,0,3162,,,8e1aa536-e874-4713-873f-b31a30c72bcf,M,0,white,0,nonhispanic,0
3163,8507,1988,11,22,,8527,0,3163,,,8a3184f1-bba5-42fc-9aa3-3261798437c0,M,0,white,0,nonhispanic,0
3164,8507,1978,1,27,,8527,0,3164,,,d447ba0a-005c-4194-a2ec-bc8ec8ece26f,M,0,white,0,nonhispanic,0
3165,8532,2005,10,23,,8527,0,3165,,,fd9bdf29-3c56-4eec-baf3-1604e3f062c1,F,0,white,0,nonhispanic,0
3166,8507,1985,5,9,,8527,0,3166,,,869efe15-2137-400a-a9fb-8795e31098cc,M,0,white,0,nonhispanic,0
3167,8532,1943,6,28,,8527,0,3167,,,25660a34-467d-4e22-9bd7-ce934aad3c40,F,0,white,0,nonhispanic,0
3168,8532,1950,11,13,,8527,0,3168,,,06ff660f-052f-4db5-95c0-9b6abd0448df,F,0,white,0,nonhispanic,0
3169,8532,1986,4,19,,8527,0,3169,,,f89f0216-23a4-466f-a949-6bc612ecf9fa,F,0,white,0,nonhispanic,0
3170,8507,1952,1,24,,8527,0,3170,,,0130e8e0-713c-4681-ab04-0fcbef48bd25,M,0,white,0,nonhispanic,0
3171,8532,1976,9,8,,8527,0,3171,,,13210c20-380d-4aa5-8d40-d1d6cec6f00c,F,0,white,0,nonhispanic,0
3172,8532,2009,2,11,,8527,0,3172,,,7d188c99-14f0-42da-bee1-719adc1e1147,F,0,white,0,nonhispanic,0
3173,8532,2004,3,13,,8527,0,3173,,,af4e446d-02b5-453c-8dae-44ee0cdc1907,F,0,white,0,nonhispanic,0
3174,8532,1954,5,19,,8527,0,3174,,,95f9e4b9-b070-4a4d-a4d0-6487a8266283,F,0,white,0,nonhispanic,0
3175,8532,2005,9,2,,8527,0,3175,,,1ab1981e-51d8-4b92-9c8e-dea28bbf1a9b,F,0,white,0,nonhispanic,0
3176,8507,1983,7,13,,8527,0,3176,,,b02c765b-9bb1-4b0b-9111-bd25649b83bc,M,0,white,0,nonhispanic,0
3177,8532,2009,3,17,,8527,0,3177,,,2659b849-a096-4f61-8f00-6833578f4832,F,0,white,0,nonhispanic,0
3178,8532,2019,3,8,,8527,0,3178,,,457e8eb1-a1bb-4d2f-a4a8-8c39e3b3961b,F,0,white,0,nonhispanic,0
3179,8507,1953,3,20,,8527,0,3179,,,4e505242-32d4-464d-a92d-3ee6796b01bc,M,0,white,0,nonhispanic,0
3180,8507,1968,3,19,,8527,0,3180,,,2ca5b391-076a-4193-b7fe-2770d32ed4de,M,0,white,0,nonhispanic,0
3181,8507,1989,2,19,,8527,0,3181,,,e2ec23b9-ebfb-43dd-9e24-48dccbd0a88c,M,0,white,0,nonhispanic,0
3182,8507,1946,7,8,,8527,0,3182,,,533d9b39-2d51-4027-8099-ee9ebcacf057,M,0,white,0,nonhispanic,0
3183,8507,1969,1,16,,8527,0,3183,,,ebe84c66-2597-4a53-8314-6959234670a1,M,0,white,0,nonhispanic,0
3184,8532,1950,6,9,,8527,0,3184,,,e1d778ab-54b0-492e-9cc3-dbe07be332cb,F,0,white,0,nonhispanic,0
3185,8507,1997,10,20,,8527,0,3185,,,279dbacc-fb95-4c34-b110-bbd17efe967b,M,0,white,0,nonhispanic,0
3186,8507,1949,6,13,,8527,0,3186,,,594d0355-40db-464e-bc09-5820ec452452,M,0,white,0,nonhispanic,0
3187,8507,1966,5,7,,8527,0,3187,,,9b25e8bd-3abe-4d0a-8c62-3ed57f5cdfba,M,0,white,0,nonhispanic,0
3188,8532,1958,10,7,,8527,0,3188,,,3de2dd1f-fe14-4e61-a618-795b4af4a442,F,0,white,0,nonhispanic,0
3189,8532,2012,9,1,,8527,0,3189,,,440806fe-bd54-47c9-a16e-4cb8c25e7733,F,0,white,0,nonhispanic,0
3190,8507,2018,3,5,,8527,0,3190,,,d0553da2-241f-4d1d-9301-3e59ceb5ec64,M,0,white,0,nonhispanic,0
3191,8507,1997,8,3,,8527,0,3191,,,84042669-7844-4932-b4fa-74c97bd4a11e,M,0,white,0,nonhispanic,0
3192,8532,2012,6,25,,8527,0,3192,,,05aca627-9aa1-4026-bd58-51782c25fdcd,F,0,white,0,nonhispanic,0
3193,8532,1991,5,11,,8527,0,3193,,,e37f6f7e-5daf-4857-a846-ce5f2de6b7d6,F,0,white,0,nonhispanic,0
3194,8507,1947,11,4,,8527,0,3194,,,765456e3-534b-4c41-a505-b08611dbe4ee,M,0,white,0,nonhispanic,0
3195,8532,1985,11,1,,8527,0,3195,,,07f2c5f1-c98a-412c-9ea1-bdbdd95e7c91,F,0,white,0,nonhispanic,0
3196,8507,1975,6,26,,8527,0,3196,,,64a96a67-f15c-4462-a700-e8b495abca4f,M,0,white,0,nonhispanic,0
3197,8507,2006,8,1,,8527,0,3197,,,a4702d3b-3ab4-4837-9d1c-350fddc21835,M,0,white,0,nonhispanic,0
3198,8532,2008,10,15,,8527,0,3198,,,bce2aeef-2a45-44df-bc0c-0897d185239c,F,0,white,0,nonhispanic,0
3199,8507,1946,7,8,,8527,0,3199,,,a55734ab-1938-47bf-a9bf-1d29f37e8e8a,M,0,white,0,nonhispanic,0
3200,8532,1979,4,11,,8527,0,3200,,,64a995a7-1ba4-45ac-a0d9-877d2f713e24,F,0,white,0,nonhispanic,0
3201,8532,1957,6,15,,8527,0,3201,,,971a2885-358c-43a7-a254-694dfc6b47f4,F,0,white,0,nonhispanic,0
3202,8507,1986,3,20,,8527,0,3202,,,93956cf9-8c3a-412c-b7d4-ba028c25f4ee,M,0,white,0,nonhispanic,0
3203,8532,1982,5,28,,8527,0,3203,,,f1d4ff06-16e1-43a4-9141-4fa75f13f44d,F,0,white,0,nonhispanic,0
3204,8507,1936,12,25,,8527,0,3204,,,88a9009e-5af0-468f-962f-d89abb1a8d98,M,0,white,0,nonhispanic,0
