START,STOP,PATIENT,ENCOUNTER,CODE,DESCRIPTION
1970-01-26,,17fa6c67-b5e0-449a-aa89-8701d17b5eac,6100fd89-5587-4106-abed-1bb81ef8407f,53741008,Coronary Heart Disease
1970-05-25,,17fa6c67-b5e0-449a-aa89-8701d17b5eac,1e6853f4-8ff6-4f6f-9120-77049ffff479,22298006,Myocardial Infarction
1970-05-25,,17fa6c67-b5e0-449a-aa89-8701d17b5eac,1e6853f4-8ff6-4f6f-9120-77049ffff479,399211009,History of myocardial infarction (situation)
2006-09-05,,2aa979e2-bb32-4a18-92c4-25a46d469361,5c601808-e1c2-4a5c-ae72-3f544b621d57,74400008,Appendicitis
2006-09-05,,2aa979e2-bb32-4a18-92c4-25a46d469361,df2e6195-ad7e-4130-ab57-0587fda31fb6,428251008,History of appendectomy
2017-01-10,,e19dc66e-d9ff-4032-9024-f845af3ac33a,81490f79-3aba-413b-8079-0f3ef027b2cf,230690007,Stroke
2004-08-28,,ff45c369-ddaf-496f-806e-be243f05c008,51a81266-69ab-464e-bef1-e89275f4483b,53741008,Coronary Heart Disease
1991-09-02,,c72b17c5-ebbe-4124-8326-581d6b8e8842,90db8a19-6b19-48af-93c5-d8a739f23367,410429000,Cardiac Arrest
1991-09-02,,c72b17c5-ebbe-4124-8326-581d6b8e8842,90db8a19-6b19-48af-93c5-d8a739f23367,429007001,History of cardiac arrest (situation)
1980-01-12,,865988e9-d851-4729-b46f-3d04b9b9c639,1ecb32b2-476b-4e4e-b70a-7478f64644c2,74400008,Appendicitis
1980-01-12,,865988e9-d851-4729-b46f-3d04b9b9c639,00b8696e-3d96-4523-a5c1-106763b42681,428251008,History of appendectomy
1970-12-06,,d6ab69ea-58b9-4f62-bd42-fad817598894,966b6001-4bb7-442c-ac92-4763061740c0,53741008,Coronary Heart Disease
1972-07-09,,d6ab69ea-58b9-4f62-bd42-fad817598894,336d6402-4408-417d-bab8-3c750efab175,22298006,Myocardial Infarction
1972-07-09,,d6ab69ea-58b9-4f62-bd42-fad817598894,336d6402-4408-417d-bab8-3c750efab175,399211009,History of myocardial infarction (situation)
1980-12-21,,7f58c83a-493c-4695-a3f4-7fb4a0e23201,bbf74622-6c24-4379-954c-19517ab0d6cf,53741008,Coronary Heart Disease
2013-12-26,,55f1ea07-f227-4432-89b3-df62b0a55470,5ff33357-bbf6-4d9a-916a-18ff4b423d7e,49436004,Atrial Fibrillation
1932-05-19,,d2f406c9-e8e0-438f-867f-ee3b495c4a23,4338ed36-783d-4a71-aeb8-2923417a51b1,74400008,Appendicitis
1932-05-19,,d2f406c9-e8e0-438f-867f-ee3b495c4a23,30e3616e-d2f8-4f92-856a-ab18759812d6,428251008,History of appendectomy
1953-12-30,,b059d98e-a095-4558-9ea9-bf633cb553ae,b739f308-b545-4ad7-ac31-5ef0c1911b36,74400008,Appendicitis
1953-12-30,,b059d98e-a095-4558-9ea9-bf633cb553ae,f492f75d-ccae-4ba3-9baa-f775883d9394,428251008,History of appendectomy
1989-01-19,,b059d98e-a095-4558-9ea9-bf633cb553ae,b00fed0b-788a-47c1-99f2-e97520d49e91,53741008,Coronary Heart Disease
2005-03-31,,b059d98e-a095-4558-9ea9-bf633cb553ae,aef8b0e2-1d87-49c9-ab84-a39ba0bb2ca3,22298006,Myocardial Infarction
2005-03-31,,b059d98e-a095-4558-9ea9-bf633cb553ae,aef8b0e2-1d87-49c9-ab84-a39ba0bb2ca3,399211009,History of myocardial infarction (situation)
1976-04-18,,73c953b3-2541-4ab5-aeca-c6e700a52bc0,d6df62d8-62c5-4eef-b3e8-2db31f0c5e27,410429000,Cardiac Arrest
1976-04-18,,73c953b3-2541-4ab5-aeca-c6e700a52bc0,d6df62d8-62c5-4eef-b3e8-2db31f0c5e27,429007001,History of cardiac arrest (situation)
2000-11-24,,6af8caf4-eee4-4e05-ba3a-89ea13753892,0cd31890-79c8-4af4-aaf2-c05d552501d8,49436004,Atrial Fibrillation
2005-12-23,,6af8caf4-eee4-4e05-ba3a-89ea13753892,7d1ad2b4-1c3c-4614-b621-2beaf10d95b6,53741008,Coronary Heart Disease
2019-12-28,,b6f79101-c23a-46e6-914f-f46256f71ff9,0719062a-1192-4ba5-ab99-dd1f9579868d,230690007,Stroke
2017-07-17,,b5d2315f-8364-4cdf-ad9b-b067a7babe7a,8d94cef5-9f9e-4a47-8f1d-a461a67345c0,230690007,Stroke
1955-12-17,,89bbaf6d-ec42-4bf9-8d1f-f1d7efd75a90,3e29c0d7-4c16-482f-a063-dad1a370bcf7,410429000,Cardiac Arrest
1955-12-17,,89bbaf6d-ec42-4bf9-8d1f-f1d7efd75a90,3e29c0d7-4c16-482f-a063-dad1a370bcf7,429007001,History of cardiac arrest (situation)
2007-03-22,,f2c45a4b-35dd-4c38-91f1-de91098b8f7e,2f2a4fdf-2d2c-4515-962f-a1c8f3ded712,49436004,Atrial Fibrillation
2015-02-07,,9837c302-1c71-4927-a535-2af8c2b61d46,5ff5d909-ae95-4702-a670-bbd9a419323c,49436004,Atrial Fibrillation
1946-09-14,,a17f7215-87b7-4a45-87df-cc684a358cfa,65578f2f-858e-49ba-952d-fffe44d50421,47693006,Rupture of appendix
1946-09-14,,a17f7215-87b7-4a45-87df-cc684a358cfa,65578f2f-858e-49ba-952d-fffe44d50421,74400008,Appendicitis
1946-09-14,,a17f7215-87b7-4a45-87df-cc684a358cfa,6be46956-b5e7-4585-9783-80e065c98aaa,428251008,History of appendectomy
1998-10-26,,d1baf617-2b2e-48b2-9060-b8fa1db8f49f,db2dd375-46e2-4819-a52f-6e1cb5aefd40,230690007,Stroke
2017-02-27,,d1baf617-2b2e-48b2-9060-b8fa1db8f49f,39223e19-4e14-4d78-8dbb-2fa095db7eeb,410429000,Cardiac Arrest
2017-02-27,,d1baf617-2b2e-48b2-9060-b8fa1db8f49f,39223e19-4e14-4d78-8dbb-2fa095db7eeb,429007001,History of cardiac arrest (situation)
2018-01-25,,47769031-ea95-4d9e-9e73-803e25081a8f,b28c5c87-b016-417f-ac6f-b473532b9fda,49436004,Atrial Fibrillation
2014-02-09,,e0790ec2-f12d-4443-ac21-3ef8c179b451,697b8a65-08f2-4d12-bd7f-58c57e538679,230690007,Stroke
2015-02-05,,9f9495b7-54b9-461f-8657-6ee2f68bfbf4,8abcfa96-944d-42af-b0f1-ecbe7321e337,53741008,Coronary Heart Disease
2019-04-10,,3d093807-ca92-40f2-b539-0be066c4f19b,2eb2f434-7415-4aa7-bc07-4df74065e5f3,49436004,Atrial Fibrillation
1965-07-18,,a6244079-37f6-4021-80f2-7017ea36d05a,aec912f1-eec3-4c95-8962-6dfa880a565b,410429000,Cardiac Arrest
1965-07-18,,a6244079-37f6-4021-80f2-7017ea36d05a,aec912f1-eec3-4c95-8962-6dfa880a565b,429007001,History of cardiac arrest (situation)
2011-08-07,,a6244079-37f6-4021-80f2-7017ea36d05a,68cb5619-4b37-4a11-b219-f745a8c28d5a,53741008,Coronary Heart Disease
