START,STOP,PATIENT,PAYER,ENCOUNTER,CODE,DESCRIPTION,BASE_COST,PAYER_COVERAGE,DISPENSES,TOTALCOST,REASONCODE,REASONDESCRIPTION
1970-01-26,1970-05-25,17fa6c67-b5e0-449a-aa89-8701d17b5eac,b1c428d6-4f07-31e0-90f0-68ffa6ff8c76,6100fd89-5587-4106-abed-1bb81ef8407f,705129,Nitroglycerin 0.4 MG/ACTUAT Mucosal Spray,45.53,0.00,3,136.59,,
2017-01-10,2017-01-10,e19dc66e-d9ff-4032-9024-f845af3ac33a,b1c428d6-4f07-31e0-90f0-68ffa6ff8c76,81490f79-3aba-413b-8079-0f3ef027b2cf,309362,Clopidogrel 75 MG Oral Tablet,25.83,0.00,1,25.83,,
2017-01-10,2017-01-10,e19dc66e-d9ff-4032-9024-f845af3ac33a,b1c428d6-4f07-31e0-90f0-68ffa6ff8c76,81490f79-3aba-413b-8079-0f3ef027b2cf,1804799,Alteplase 100 MG Injection,6265.17,0.00,1,6265.17,,
2004-08-28,,ff45c369-ddaf-496f-806e-be243f05c008,b1c428d6-4f07-31e0-90f0-68ffa6ff8c76,51a81266-69ab-464e-bef1-e89275f4483b,309362,Clopidogrel 75 MG Oral Tablet,27.09,0.00,189,5120.01,,
2004-08-28,,ff45c369-ddaf-496f-806e-be243f05c008,b1c428d6-4f07-31e0-90f0-68ffa6ff8c76,51a81266-69ab-464e-bef1-e89275f4483b,312961,Simvastatin 20 MG Oral Tablet,9.69,0.00,189,1831.41,,
2004-08-28,,ff45c369-ddaf-496f-806e-be243f05c008,b1c428d6-4f07-31e0-90f0-68ffa6ff8c76,51a81266-69ab-464e-bef1-e89275f4483b,197361,Amlodipine 5 MG Oral Tablet,74.47,0.00,189,14074.83,,
2004-08-28,,ff45c369-ddaf-496f-806e-be243f05c008,b1c428d6-4f07-31e0-90f0-68ffa6ff8c76,51a81266-69ab-464e-bef1-e89275f4483b,705129,Nitroglycerin 0.4 MG/ACTUAT Mucosal Spray,211.21,0.00,189,39918.69,,
1970-12-06,1972-07-09,d6ab69ea-58b9-4f62-bd42-fad817598894,b1c428d6-4f07-31e0-90f0-68ffa6ff8c76,966b6001-4bb7-442c-ac92-4763061740c0,705129,Nitroglycerin 0.4 MG/ACTUAT Mucosal Spray,196.81,0.00,19,3739.39,,
1980-12-21,,7f58c83a-493c-4695-a3f4-7fb4a0e23201,b1c428d6-4f07-31e0-90f0-68ffa6ff8c76,bbf74622-6c24-4379-954c-19517ab0d6cf,705129,Nitroglycerin 0.4 MG/ACTUAT Mucosal Spray,87.77,0.00,477,41866.29,,
1991-02-17,,7f58c83a-493c-4695-a3f4-7fb4a0e23201,b1c428d6-4f07-31e0-90f0-68ffa6ff8c76,86502b9b-dfc0-4030-8979-58e641564e66,312961,Simvastatin 20 MG Oral Tablet,33.96,0.00,353,11987.88,,
1994-03-06,,7f58c83a-493c-4695-a3f4-7fb4a0e23201,b1c428d6-4f07-31e0-90f0-68ffa6ff8c76,d6e60fcb-095a-4dc7-98d5-ca1525cc12df,197361,Amlodipine 5 MG Oral Tablet,62.34,0.00,316,19699.44,,
1997-03-23,,7f58c83a-493c-4695-a3f4-7fb4a0e23201,b1c428d6-4f07-31e0-90f0-68ffa6ff8c76,f8d22f5e-b214-4f6a-bf24-6f1315b5e3a6,309362,Clopidogrel 75 MG Oral Tablet,87.51,0.00,279,24415.29,,
2013-12-26,,55f1ea07-f227-4432-89b3-df62b0a55470,b1c428d6-4f07-31e0-90f0-68ffa6ff8c76,5ff33357-bbf6-4d9a-916a-18ff4b423d7e,855332,Warfarin Sodium 5 MG Oral Tablet,203.24,0.00,75,15243.00,,
2013-12-26,,55f1ea07-f227-4432-89b3-df62b0a55470,b1c428d6-4f07-31e0-90f0-68ffa6ff8c76,5ff33357-bbf6-4d9a-916a-18ff4b423d7e,897718,Verapamil Hydrochloride 40 MG,89.91,0.00,75,6743.25,,
2013-12-26,,55f1ea07-f227-4432-89b3-df62b0a55470,b1c428d6-4f07-31e0-90f0-68ffa6ff8c76,5ff33357-bbf6-4d9a-916a-18ff4b423d7e,197604,Digoxin 0.125 MG Oral Tablet,51.41,0.00,75,3855.75,,
1989-01-19,2005-03-31,b059d98e-a095-4558-9ea9-bf633cb553ae,b1c428d6-4f07-31e0-90f0-68ffa6ff8c76,b00fed0b-788a-47c1-99f2-e97520d49e91,705129,Nitroglycerin 0.4 MG/ACTUAT Mucosal Spray,10.77,0.00,197,2121.69,,
1991-01-31,,b059d98e-a095-4558-9ea9-bf633cb553ae,b1c428d6-4f07-31e0-90f0-68ffa6ff8c76,60f0dd6c-bd01-4d51-b106-26aba224a2c2,312961,Simvastatin 20 MG Oral Tablet,18.68,0.00,172,3212.96,,
1994-02-17,,b059d98e-a095-4558-9ea9-bf633cb553ae,b1c428d6-4f07-31e0-90f0-68ffa6ff8c76,3926e000-afd5-48d2-986f-8f369de09ae0,197361,Amlodipine 5 MG Oral Tablet,16.78,0.00,135,2265.30,,
1997-03-06,2005-03-31,b059d98e-a095-4558-9ea9-bf633cb553ae,b1c428d6-4f07-31e0-90f0-68ffa6ff8c76,1c77c125-070a-40ac-a196-28daa5732c70,309362,Clopidogrel 75 MG Oral Tablet,87.28,0.00,98,8553.44,,
2005-03-31,2005-03-31,b059d98e-a095-4558-9ea9-bf633cb553ae,b1c428d6-4f07-31e0-90f0-68ffa6ff8c76,aef8b0e2-1d87-49c9-ab84-a39ba0bb2ca3,259255,Atorvastatin 80 MG Oral Tablet,132.72,0.00,1,132.72,,
2005-03-31,2005-03-31,b059d98e-a095-4558-9ea9-bf633cb553ae,b1c428d6-4f07-31e0-90f0-68ffa6ff8c76,aef8b0e2-1d87-49c9-ab84-a39ba0bb2ca3,833036,Captopril 25 MG Oral Tablet,73.88,0.00,1,73.88,,
2000-11-24,,6af8caf4-eee4-4e05-ba3a-89ea13753892,b1c428d6-4f07-31e0-90f0-68ffa6ff8c76,0cd31890-79c8-4af4-aaf2-c05d552501d8,855332,Warfarin Sodium 5 MG Oral Tablet,75.01,0.00,234,17552.34,,
2000-11-24,,6af8caf4-eee4-4e05-ba3a-89ea13753892,b1c428d6-4f07-31e0-90f0-68ffa6ff8c76,0cd31890-79c8-4af4-aaf2-c05d552501d8,897718,Verapamil Hydrochloride 40 MG,65.02,0.00,234,15214.68,,
2000-11-24,,6af8caf4-eee4-4e05-ba3a-89ea13753892,b1c428d6-4f07-31e0-90f0-68ffa6ff8c76,0cd31890-79c8-4af4-aaf2-c05d552501d8,197604,Digoxin 0.125 MG Oral Tablet,107.90,0.00,234,25248.60,,
2005-12-23,,6af8caf4-eee4-4e05-ba3a-89ea13753892,b1c428d6-4f07-31e0-90f0-68ffa6ff8c76,7d1ad2b4-1c3c-4614-b621-2beaf10d95b6,309362,Clopidogrel 75 MG Oral Tablet,25.52,0.00,173,4414.96,,
2005-12-23,,6af8caf4-eee4-4e05-ba3a-89ea13753892,b1c428d6-4f07-31e0-90f0-68ffa6ff8c76,7d1ad2b4-1c3c-4614-b621-2beaf10d95b6,312961,Simvastatin 20 MG Oral Tablet,17.02,0.00,173,2944.46,,
2005-12-23,,6af8caf4-eee4-4e05-ba3a-89ea13753892,b1c428d6-4f07-31e0-90f0-68ffa6ff8c76,7d1ad2b4-1c3c-4614-b621-2beaf10d95b6,197361,Amlodipine 5 MG Oral Tablet,39.34,0.00,173,6805.82,,
2005-12-23,,6af8caf4-eee4-4e05-ba3a-89ea13753892,b1c428d6-4f07-31e0-90f0-68ffa6ff8c76,7d1ad2b4-1c3c-4614-b621-2beaf10d95b6,705129,Nitroglycerin 0.4 MG/ACTUAT Mucosal Spray,122.40,0.00,173,21175.20,,
2019-12-28,2019-12-28,b6f79101-c23a-46e6-914f-f46256f71ff9,b1c428d6-4f07-31e0-90f0-68ffa6ff8c76,0719062a-1192-4ba5-ab99-dd1f9579868d,309362,Clopidogrel 75 MG Oral Tablet,11.34,0.00,1,11.34,,
2019-12-28,2019-12-28,b6f79101-c23a-46e6-914f-f46256f71ff9,b1c428d6-4f07-31e0-90f0-68ffa6ff8c76,0719062a-1192-4ba5-ab99-dd1f9579868d,1804799,Alteplase 100 MG Injection,6574.15,0.00,1,6574.15,,
2017-07-17,2017-07-17,b5d2315f-8364-4cdf-ad9b-b067a7babe7a,b1c428d6-4f07-31e0-90f0-68ffa6ff8c76,8d94cef5-9f9e-4a47-8f1d-a461a67345c0,309362,Clopidogrel 75 MG Oral Tablet,101.47,0.00,1,101.47,,
2017-07-17,2017-07-17,b5d2315f-8364-4cdf-ad9b-b067a7babe7a,b1c428d6-4f07-31e0-90f0-68ffa6ff8c76,8d94cef5-9f9e-4a47-8f1d-a461a67345c0,1804799,Alteplase 100 MG Injection,6467.75,0.00,1,6467.75,,
2007-03-22,,f2c45a4b-35dd-4c38-91f1-de91098b8f7e,b1c428d6-4f07-31e0-90f0-68ffa6ff8c76,2f2a4fdf-2d2c-4515-962f-a1c8f3ded712,855332,Warfarin Sodium 5 MG Oral Tablet,71.02,0.00,157,11150.14,,
2007-03-22,,f2c45a4b-35dd-4c38-91f1-de91098b8f7e,b1c428d6-4f07-31e0-90f0-68ffa6ff8c76,2f2a4fdf-2d2c-4515-962f-a1c8f3ded712,897718,Verapamil Hydrochloride 40 MG,46.20,0.00,157,7253.40,,
2007-03-22,,f2c45a4b-35dd-4c38-91f1-de91098b8f7e,b1c428d6-4f07-31e0-90f0-68ffa6ff8c76,2f2a4fdf-2d2c-4515-962f-a1c8f3ded712,197604,Digoxin 0.125 MG Oral Tablet,36.07,0.00,157,5662.99,,
2015-02-07,,9837c302-1c71-4927-a535-2af8c2b61d46,b1c428d6-4f07-31e0-90f0-68ffa6ff8c76,5ff5d909-ae95-4702-a670-bbd9a419323c,855332,Warfarin Sodium 5 MG Oral Tablet,87.60,0.00,62,5431.20,,
2015-02-07,,9837c302-1c71-4927-a535-2af8c2b61d46,b1c428d6-4f07-31e0-90f0-68ffa6ff8c76,5ff5d909-ae95-4702-a670-bbd9a419323c,897718,Verapamil Hydrochloride 40 MG,30.59,0.00,62,1896.58,,
2015-02-07,,9837c302-1c71-4927-a535-2af8c2b61d46,b1c428d6-4f07-31e0-90f0-68ffa6ff8c76,5ff5d909-ae95-4702-a670-bbd9a419323c,197604,Digoxin 0.125 MG Oral Tablet,107.88,0.00,62,6688.56,,
2017-02-27,2017-02-27,d1baf617-2b2e-48b2-9060-b8fa1db8f49f,b1c428d6-4f07-31e0-90f0-68ffa6ff8c76,39223e19-4e14-4d78-8dbb-2fa095db7eeb,1660014,1 ML Epinephrine 1 MG/ML Injection,2.36,0.00,1,2.36,,
2017-02-27,2017-02-27,d1baf617-2b2e-48b2-9060-b8fa1db8f49f,b1c428d6-4f07-31e0-90f0-68ffa6ff8c76,39223e19-4e14-4d78-8dbb-2fa095db7eeb,834357,3 ML Amiodarone hydrocholoride 50 MG/ML Prefilled Syringe,17.21,0.00,1,17.21,,
2017-02-27,2017-02-27,d1baf617-2b2e-48b2-9060-b8fa1db8f49f,b1c428d6-4f07-31e0-90f0-68ffa6ff8c76,39223e19-4e14-4d78-8dbb-2fa095db7eeb,1190795,Atropine Sulfate 1 MG/ML Injectable Solution,27.14,0.00,1,27.14,,
2018-01-25,,47769031-ea95-4d9e-9e73-803e25081a8f,b1c428d6-4f07-31e0-90f0-68ffa6ff8c76,b28c5c87-b016-417f-ac6f-b473532b9fda,855332,Warfarin Sodium 5 MG Oral Tablet,100.12,0.00,25,2503.00,,
2018-01-25,,47769031-ea95-4d9e-9e73-803e25081a8f,b1c428d6-4f07-31e0-90f0-68ffa6ff8c76,b28c5c87-b016-417f-ac6f-b473532b9fda,897718,Verapamil Hydrochloride 40 MG,158.79,0.00,25,3969.75,,
2018-01-25,,47769031-ea95-4d9e-9e73-803e25081a8f,b1c428d6-4f07-31e0-90f0-68ffa6ff8c76,b28c5c87-b016-417f-ac6f-b473532b9fda,197604,Digoxin 0.125 MG Oral Tablet,119.76,0.00,25,2994.00,,
2014-02-09,2014-02-09,e0790ec2-f12d-4443-ac21-3ef8c179b451,b1c428d6-4f07-31e0-90f0-68ffa6ff8c76,697b8a65-08f2-4d12-bd7f-58c57e538679,309362,Clopidogrel 75 MG Oral Tablet,67.27,0.00,1,67.27,,
2014-02-09,2014-02-09,e0790ec2-f12d-4443-ac21-3ef8c179b451,b1c428d6-4f07-31e0-90f0-68ffa6ff8c76,697b8a65-08f2-4d12-bd7f-58c57e538679,1804799,Alteplase 100 MG Injection,6580.30,0.00,1,6580.30,,
2015-02-05,,9f9495b7-54b9-461f-8657-6ee2f68bfbf4,b1c428d6-4f07-31e0-90f0-68ffa6ff8c76,8abcfa96-944d-42af-b0f1-ecbe7321e337,309362,Clopidogrel 75 MG Oral Tablet,57.51,0.00,62,3565.62,,
2015-02-05,,9f9495b7-54b9-461f-8657-6ee2f68bfbf4,b1c428d6-4f07-31e0-90f0-68ffa6ff8c76,8abcfa96-944d-42af-b0f1-ecbe7321e337,312961,Simvastatin 20 MG Oral Tablet,34.73,0.00,62,2153.26,,
2015-02-05,,9f9495b7-54b9-461f-8657-6ee2f68bfbf4,b1c428d6-4f07-31e0-90f0-68ffa6ff8c76,8abcfa96-944d-42af-b0f1-ecbe7321e337,197361,Amlodipine 5 MG Oral Tablet,39.31,0.00,62,2437.22,,
2015-02-05,,9f9495b7-54b9-461f-8657-6ee2f68bfbf4,b1c428d6-4f07-31e0-90f0-68ffa6ff8c76,8abcfa96-944d-42af-b0f1-ecbe7321e337,705129,Nitroglycerin 0.4 MG/ACTUAT Mucosal Spray,133.45,0.00,62,8273.90,,
2019-04-10,,3d093807-ca92-40f2-b539-0be066c4f19b,b1c428d6-4f07-31e0-90f0-68ffa6ff8c76,2eb2f434-7415-4aa7-bc07-4df74065e5f3,855332,Warfarin Sodium 5 MG Oral Tablet,182.94,0.00,11,2012.34,,
2019-04-10,,3d093807-ca92-40f2-b539-0be066c4f19b,b1c428d6-4f07-31e0-90f0-68ffa6ff8c76,2eb2f434-7415-4aa7-bc07-4df74065e5f3,897718,Verapamil Hydrochloride 40 MG,205.26,0.00,11,2257.86,,
2019-04-10,,3d093807-ca92-40f2-b539-0be066c4f19b,b1c428d6-4f07-31e0-90f0-68ffa6ff8c76,2eb2f434-7415-4aa7-bc07-4df74065e5f3,197604,Digoxin 0.125 MG Oral Tablet,97.18,0.00,11,1068.98,,
2011-08-07,,a6244079-37f6-4021-80f2-7017ea36d05a,b1c428d6-4f07-31e0-90f0-68ffa6ff8c76,68cb5619-4b37-4a11-b219-f745a8c28d5a,309362,Clopidogrel 75 MG Oral Tablet,37.63,0.00,104,3913.52,,
2011-08-07,,a6244079-37f6-4021-80f2-7017ea36d05a,b1c428d6-4f07-31e0-90f0-68ffa6ff8c76,68cb5619-4b37-4a11-b219-f745a8c28d5a,312961,Simvastatin 20 MG Oral Tablet,25.43,0.00,104,2644.72,,
2011-08-07,,a6244079-37f6-4021-80f2-7017ea36d05a,b1c428d6-4f07-31e0-90f0-68ffa6ff8c76,68cb5619-4b37-4a11-b219-f745a8c28d5a,197361,Amlodipine 5 MG Oral Tablet,11.33,0.00,104,1178.32,,
2011-08-07,,a6244079-37f6-4021-80f2-7017ea36d05a,b1c428d6-4f07-31e0-90f0-68ffa6ff8c76,68cb5619-4b37-4a11-b219-f745a8c28d5a,705129,Nitroglycerin 0.4 MG/ACTUAT Mucosal Spray,19.48,0.00,104,2025.92,,
