Id,BIRTHDATE,DEATHDATE,SSN,DRIVERS,PASSPORT,PREFIX,FIRST,LAST,SUFFIX,MAIDEN,MARITAL,RACE,ETHNICITY,GENDER,BIRTHPLACE,ADDRESS,CITY,STATE,COUNTY,ZIP,LAT,LON,HEALTHCARE_EXPENSES,HEALTHCARE_COVERAGE
59cc27ed-f169-4686-94bb-05c19ce7258c,2010-07-05,,999-64-4135,,,,Hannaliisa,Okulov,,,,white,nonhispanic,F,Helsinki  Uusimaa  FI,733 Vesimäki Katu Unit 6,Helsinki,Uusimaa,Helsinki,00410,60.10755939817129,24.972551269616268,2250.0,0.0
657e9d29-d572-42ea-880f-d1aa5d85a900,1994-09-12,,999-25-8248,S99911643,X71597377X,Mr.,Sauli,Loisko,,,,white,nonhispanic,M,Helsinki  Uusimaa  FI,718 Paasolainen Katu,Helsinki,Uusimaa,Helsinki,00120,60.22203552384171,25.020304342796177,3750.0,0.0
5499a0eb-73d8-4486-be20-0e9ac1a759a3,1998-01-31,,999-96-4207,S99985802,X45861779X,Mr.,Aapa,Paakki,,,,white,nonhispanic,M,Helsinki  Uusimaa  FI,617 Martinsuo Katu,Kerava,Uusimaa,Kerava,04200,60.44528591475517,25.106558521850427,3500.0,0.0
d270f0a1-5408-4af8-a27b-ea9b63f9672c,2003-07-22,,999-85-4111,S99932338,,,Hille,Yli-Mannila,,,,white,nonhispanic,M,Helsinki  Uusimaa  FI,1092 Masanen Katu Unit 49,Pukkila,Uusimaa,Pukkila,07550,60.68660786907229,25.698035213697757,3125.0,0.0
3762eb85-5b54-44da-932d-f83f44a2df59,1984-10-21,,999-22-6437,S99946983,X12843692X,Mrs.,Eileen,Alakurtti,,Palola,M,white,nonhispanic,F,Lohja  Uusimaa  FI,993 Liang Katu Suite 22,Vantaa,Uusimaa,Vantaa,01610,60.316029804151526,24.995468830266347,4125.0,0.0
036311c3-a7a8-42d6-9e36-591259e8258d,1978-01-18,,999-14-2954,S99995582,X2696795X,Mrs.,Muniira,Rahkala,,Tapiainen,M,white,nonhispanic,F,Helsinki  Uusimaa  FI,267 Häkämies Katu Apt 48,Helsinki,Uusimaa,Helsinki,00630,60.259559612467726,24.876444933816693,4500.0,0.0
773ee041-b573-4637-8d66-f4b1cc2eb761,1979-01-08,,999-25-8967,S99986778,X50427991X,Mrs.,Dina,Seinä,,Tolkkinen,M,white,nonhispanic,F,Vantaa  Uusimaa  FI,823 Vähä-Savo Katu,Vantaa,Uusimaa,Vantaa,01260,60.30660379630411,25.161578559842006,4375.0,0.0
0b2f5550-b058-41d4-89bb-4af67449c8ba,1978-04-30,,999-71-8803,S99949701,X2639460X,Mrs.,Selena,Vinblad,,Båsk,M,white,nonhispanic,F,Helsinki  Uusimaa  FI,1048 Rikkola Katu Apt 49,Helsinki,Uusimaa,Helsinki,00580,60.21389988715411,24.82968103221065,4375.0,0.0
b3cb9290-14cd-4ead-b026-ef25f1964870,2016-05-01,,999-87-5180,,,,Wilhelm,Soramäki,,,,white,nonhispanic,M,Helsinki  Uusimaa  FI,931 Kaunisvaara Katu Unit 88,Sipoo,Uusimaa,Sipoo,04240,60.33670526257191,25.352012701187185,1500.0,0.0
a5f52db4-422f-48a3-8dc4-7e7711f0b064,1989-02-15,,999-69-5309,S99973610,X11269458X,Mrs.,Marion,Ojamies,,Frantzén,M,white,nonhispanic,F,Helsinki  Uusimaa  FI,440 Raitmaa Katu,Helsinki,Uusimaa,Helsinki,00310,60.21710008627249,24.8888496188176,3875.0,0.0
8dab057c-8199-48fb-abb4-e1c61878810c,2005-06-04,,999-72-4152,,,,Ranghild,Vaaraniemi,,,,white,nonhispanic,F,Vantaa  Uusimaa  FI,151 Säiläkivi Katu,Kerava,Uusimaa,Kerava,04260,60.43631092346987,25.121514609903386,2875.0,0.0
9a9ba25b-9c29-41a7-b113-d30505dd4f71,1992-03-05,,999-75-6902,S99978154,X20244360X,Mr.,Manasse,Yli-Kortesniemi,,,M,white,nonhispanic,M,Espoo  Uusimaa  FI,232 Handolin Katu Unit 54,Helsinki,Uusimaa,Helsinki,00880,60.236558023592394,24.99542775523637,3750.0,0.0
7eb2c8b3-425f-4f1c-9c6e-7abc79863e62,1995-01-08,,999-63-5088,S99960092,X46762406X,Mr.,Sere,Vahanto,,,,white,nonhispanic,M,Helsinki  Uusimaa  FI,504 Alajärvi Katu Suite 17,Helsinki,Uusimaa,Helsinki,00140,60.12913677513126,24.92083910055789,3625.0,0.0
567b57db-4b91-412b-8341-d497dd112e4e,1989-09-21,,999-91-5982,S99918618,X56095791X,Mr.,Kai-Mikael,Kraus,,,M,white,nonhispanic,M,Mäntsälä  Uusimaa  FI,762 Korppila Katu,Lohja,Uusimaa,Lohja,08350,60.25628011921824,23.90005664404931,3875.0,0.0
17fa6c67-b5e0-449a-aa89-8701d17b5eac,1969-08-18,1970-05-25,999-16-1385,,,,Kaveh,Raitamäki,,,,white,nonhispanic,M,Helsinki  Uusimaa  FI,463 Terva-aho Katu Apt 32,Helsinki,Uusimaa,Helsinki,00890,60.17055925804768,24.938103582566654,795.53,0.0
62959c97-c25c-43f2-a82b-f839c264270c,2007-08-25,,999-69-4287,,,,Tom-Johan,Lakiasuo,,,,white,nonhispanic,M,Helsinki  Uusimaa  FI,502 Lebeitsuk Katu,Porvoo,Uusimaa,Porvoo,06200,60.244806695934706,25.42923775847186,2625.0,0.0
2aa979e2-bb32-4a18-92c4-25a46d469361,2005-09-03,,999-33-5366,,,,Vadim,Lapila,,,,white,nonhispanic,M,Helsinki  Uusimaa  FI,1050 Jalli Katu Apt 48,Helsinki,Uusimaa,Helsinki,00990,60.15751898173164,25.026864978169595,2895.6,0.0
944f2e5a-0d30-4428-bc23-3289480cb8a2,1991-06-26,,999-59-7312,S99978014,X50524830X,Mr.,Anthony,Seeck,,,M,white,nonhispanic,M,Espoo  Uusimaa  FI,677 Hautajoki Katu Suite 47,Helsinki,Uusimaa,Helsinki,00560,60.23471075292119,24.89689118347508,3875.0,0.0
4853c08a-b3ad-4cc7-92e5-8c7dd4e67633,1973-04-17,,999-75-7537,S99919086,X40270656X,Mr.,Karhu,Krekelä,,,S,white,nonhispanic,M,Vantaa  Uusimaa  FI,191 Meisalmi Katu,Helsinki,Uusimaa,Helsinki,00200,60.24427081811456,24.851181198066076,4750.0,0.0
50cd3e0d-9941-441d-9032-fe29305bcc25,2019-03-03,,999-39-2345,,,,Katri,Lantunen,,,,white,nonhispanic,F,Helsinki  Uusimaa  FI,225 Kiljunen Katu Suite 79,Hyvinkää,Uusimaa,Hyvinkää,05800,60.65257088012951,24.91925335315583,750.0,0.0
e19dc66e-d9ff-4032-9024-f845af3ac33a,1924-01-08,,999-98-1539,S99956537,X82302181X,Mrs.,Mohamed,Hoppari,,Karanka,M,white,nonhispanic,F,Lohja  Uusimaa  FI,281 Nivukoski Katu Apt 37,Helsinki,Uusimaa,Helsinki,00760,60.24104035499308,25.003514527950294,17041.0,0.0
ff45c369-ddaf-496f-806e-be243f05c008,1979-06-23,,999-74-5474,S99940019,X17671631X,Mr.,Vasilis,Siimekselä,,,M,white,nonhispanic,M,Helsinki  Uusimaa  FI,463 Alaranta Katu,Tuusula,Uusimaa,Tuusula,04390,60.48019367596863,25.05115923548363,5625.0,0.0
c72b17c5-ebbe-4124-8326-581d6b8e8842,1969-08-18,,999-28-5043,S99954075,X8896600X,Mr.,Miiku,Ojapalo,,,M,white,nonhispanic,M,Espoo  Uusimaa  FI,465 Ticklén Katu Unit 47,Helsinki,Uusimaa,Helsinki,00370,60.18161503743803,25.003951051998733,5176.6,0.0
6a9a19f5-2706-4917-89f6-8456846acd77,1986-10-04,,999-41-4420,S99926320,X74496885X,Mrs.,Hoda,Varantola,,Liukka,M,white,nonhispanic,F,Mäntsälä  Uusimaa  FI,588 Laukkarinen Katu Suite 82,Helsinki,Uusimaa,Helsinki,00870,60.20971597785425,24.986114596577895,4000.0,0.0
8d48a306-9e8c-45ca-9405-801b763d438e,1963-08-19,,999-48-7264,S99971553,X16806853X,Mrs.,Jonna-Riikka,Kairi,,Pitkäpaasi,M,white,nonhispanic,F,Helsinki  Uusimaa  FI,547 Torvikoski Katu Suite 80,Vantaa,Uusimaa,Vantaa,01620,60.322279778702004,24.848807000434178,5750.0,0.0
c7af3245-7634-4905-bd1f-c1b4a126187b,2014-08-24,,999-19-1257,,,,Binh,Musku,,,,white,nonhispanic,M,Helsinki  Uusimaa  FI,1083 Korkiakoski Katu Apt 48,Vantaa,Uusimaa,Vantaa,01620,60.30401419297312,25.014903612321334,1750.0,0.0
3e2e20ad-7cca-44f0-9544-e02630ad8707,1982-09-07,,999-55-2275,S99996748,X39538834X,Ms.,Suvi-Tuulia,Ylinikkilä,,,S,white,nonhispanic,F,Loviisa  Uusimaa  FI,604 Berry Katu Unit 3,Espoo,Uusimaa,Espoo,02680,60.15590061177652,24.749564866521755,4250.0,0.0
865988e9-d851-4729-b46f-3d04b9b9c639,1975-01-12,,999-19-1713,S99989923,X39872060X,Mrs.,Kyllikki,Pollari,,Falck,M,white,nonhispanic,F,Hyvinkää  Uusimaa  FI,364 Gripenberg Katu,Helsinki,Uusimaa,Helsinki,00890,60.230132479212166,24.882590278204614,4645.6,0.0
d6ab69ea-58b9-4f62-bd42-fad817598894,1953-10-18,1972-07-09,999-56-8759,S99958799,,Mr.,Visar,Löthman,,,,white,nonhispanic,M,Paris  Ile-de-France  FR,492 Vihtamäki Katu Suite 77,Helsinki,Uusimaa,Helsinki,00310,60.23667694295128,25.05912517056307,3696.81,0.0
3f659d8a-79f1-4d3d-b039-eed74d2f27cf,2013-08-31,,999-49-9343,,,,Viva,Schalin,,,,white,nonhispanic,F,Helsinki  Uusimaa  FI,883 Kupiainen Katu,Espoo,Uusimaa,Espoo,02860,60.19204233695345,24.782638779822065,1875.0,0.0
7f58c83a-493c-4695-a3f4-7fb4a0e23201,1952-10-12,,999-31-7959,S99928467,X58927860X,Mr.,Valery,Kiilo,,,S,white,nonhispanic,M,Espoo  Uusimaa  FI,499 Grönfors Katu,Nurmijärvi,Uusimaa,Nurmijärvi,05200,60.455845601073,24.859887158420936,8625.0,0.0
c12ee90d-a641-42e6-b0ff-d0196fb64adc,1982-05-22,,999-33-3700,S99957383,X28952652X,Mr.,Mertzi,Valle,,,S,white,nonhispanic,M,Tuusula  Uusimaa  FI,858 Ruuhilehto Katu Apt 15,Espoo,Uusimaa,Espoo,02180,60.291047013483045,24.545630076970088,4250.0,0.0
ca689af2-cf5b-4f42-83ee-2edbc7035a2c,1980-04-15,,999-91-6220,S99930003,X72205035X,Mrs.,Mohammed,Lyöri,,Pentinpuro,M,white,nonhispanic,F,Lohja  Uusimaa  FI,143 Näätsaari Katu,Espoo,Uusimaa,Espoo,02170,60.24097186034588,24.732911225660747,4250.0,0.0
0ddecfce-1547-41c1-9710-f8600b7287f0,2017-12-21,,999-59-7902,,,,Petrintytär,Koret,,,,white,nonhispanic,F,Kerava  Uusimaa  FI,280 Lappi Katu,Kauniainen,Uusimaa,Kauniainen,02700,60.22396287533924,24.692613957778256,1125.0,0.0
ae5f934d-5ed9-4528-b368-1013dd391426,2000-04-15,,999-74-2499,S99962085,,Mr.,Willjam,Pyyny,,,,white,nonhispanic,M,Helsinki  Uusimaa  FI,825 Rotstén Katu Unit 20,Porvoo,Uusimaa,Porvoo,07110,60.50908860479349,25.78704779057025,3500.0,0.0
55f1ea07-f227-4432-89b3-df62b0a55470,1951-10-18,,999-33-1252,S99937825,X84271808X,Mr.,Artturi,Pellonpää,,,M,white,nonhispanic,M,Helsinki  Uusimaa  FI,826 Matkala Katu,Loviisa,Uusimaa,Loviisa,07700,60.43596016291666,26.319079539915965,7250.0,0.0
adbc6473-decb-4e47-8d69-bdd23c3e287d,1961-10-09,,999-79-5462,S99914791,X42373122X,Ms.,Davina,Somersalo,,,S,white,nonhispanic,F,Helsinki  Uusimaa  FI,280 Pöysä Katu Unit 68,Helsinki,Uusimaa,Helsinki,00410,60.22323440776811,25.04454374196405,6000.0,0.0
d2f406c9-e8e0-438f-867f-ee3b495c4a23,1922-05-20,,999-94-1354,S99973372,X8666561X,Mrs.,Summer,Honkapää,,Mäki-Välkkilä,M,white,nonhispanic,F,Helsinki  Uusimaa  FI,854 Yli-Hynnilä Katu,Helsinki,Uusimaa,Helsinki,00350,60.2889012571504,25.054786035047133,10895.6,0.0
b059d98e-a095-4558-9ea9-bf633cb553ae,1942-12-31,2005-03-31,999-64-4221,S99993151,X49762519X,Mr.,Nicke,Pääjoki,,,S,white,nonhispanic,M,Sipoo  Uusimaa  FI,221 Kavasto Katu Unit 95,Helsinki,Uusimaa,Helsinki,00500,60.23687002092151,25.093984146364182,7075.25,0.0
8280bcf1-0013-4aeb-8cf7-b6f4d338ace1,1992-05-09,,999-80-4771,S99957051,X23121967X,Mr.,Christiano,Hiillos,,,M,white,nonhispanic,M,Helsinki  Uusimaa  FI,631 Koso Katu Apt 77,Espoo,Uusimaa,Espoo,02770,60.20313142553131,24.728378725369154,3750.0,0.0
c1306f9f-3d35-4cdd-814c-c2f747a6847b,1953-10-18,,999-96-9149,S99963823,X49738608X,Mr.,Roopert,Joki-Erkkilä,,,M,white,nonhispanic,M,Paris  Ile-de-France  FR,631 Kossi Katu,Helsinki,Uusimaa,Helsinki,00730,60.154297412658195,25.042820672293733,7000.0,0.0
73c953b3-2541-4ab5-aeca-c6e700a52bc0,1965-10-24,,999-35-1358,S99959999,X81988671X,Mrs.,Christell,Fröjd,,Muunoja,M,white,nonhispanic,F,Helsinki  Uusimaa  FI,289 Akkoyun Katu Suite 23,Espoo,Uusimaa,Espoo,02940,60.154237489785444,24.799412139529718,5836.9,0.0
400185a5-ed1b-46e9-8ecf-05deda235550,1968-09-12,,999-90-2256,S99947186,X31107339X,Mr.,Raffaele,Vähäkuopus,,,M,white,nonhispanic,M,Nurmijärvi  Uusimaa  FI,182 Tiisanoja Katu,Siuntio,Uusimaa,Siuntio,02590,60.198809282991014,24.28021564892675,5125.0,0.0
6af8caf4-eee4-4e05-ba3a-89ea13753892,1936-09-04,,999-30-6893,S99965430,X22401362X,Mr.,Rashed,Ola,,,M,white,nonhispanic,M,Helsinki  Uusimaa  FI,289 Aksela Katu,Helsinki,Uusimaa,Helsinki,00300,60.2028445354635,25.020652829922376,9000.0,0.0
3a1abaeb-d5b5-4973-b4b6-507802585e9b,2007-03-06,,999-30-1962,,,,Dat,Paloluoto,,,,white,nonhispanic,M,Helsinki  Uusimaa  FI,1020 Holtinkoski Katu,Tuusula,Uusimaa,Tuusula,04340,60.42445861603568,24.971598513885507,2625.0,0.0
8da1f8e3-6781-47f6-9412-3497eeb662de,1982-04-15,,999-46-3633,S99917176,X37490024X,Mr.,Kaiku,Raivikko,,,M,white,nonhispanic,M,Porvoo  Uusimaa  FI,903 Roponen Katu,Helsinki,Uusimaa,Helsinki,00610,60.190710938782225,24.949124720637396,4250.0,0.0
663787bf-ac26-41ce-b62c-93a8e354f876,1992-06-02,,999-50-4418,S99993094,X85840582X,Mr.,Furkan,Lahti-Nuuttila,,,M,white,nonhispanic,M,Helsinki  Uusimaa  FI,474 Lehesvuori Katu Apt 27,Espoo,Uusimaa,Espoo,02860,60.15767578445177,24.79802218017581,3750.0,0.0
b6f79101-c23a-46e6-914f-f46256f71ff9,1945-11-17,,999-21-7810,S99914066,X15017619X,Mr.,Jules,Groop,,,S,white,nonhispanic,M,Helsinki  Uusimaa  FI,1046 Rehman Katu,Tuusula,Uusimaa,Tuusula,04500,60.32040601280127,25.013722535702644,14585.49,0.0
3f14d74f-f5e4-402c-892f-007e615f1b84,1968-05-07,,999-31-3213,S99971598,X17322262X,Mr.,Reipas,Ikävalko,,,M,white,nonhispanic,M,Vantaa  Uusimaa  FI,297 Launne Katu,Kerava,Uusimaa,Kerava,04220,60.383893177612535,25.096735911913097,5125.0,0.0
cc219baa-e2ed-4b9c-80bb-e6b50c9c26c8,2007-01-25,,999-29-6473,,,,Olli-Heikki,Lintervo,,,,white,nonhispanic,M,Helsinki  Uusimaa  FI,164 Taulio Katu Suite 93,Helsinki,Uusimaa,Helsinki,00510,60.21289412605552,25.22855178870627,2750.0,0.0
4527b795-b92f-4cf4-aed8-fdd75f5a1a68,1990-08-27,,999-29-7862,S99912451,X84578978X,Mr.,Tommo,Kaleton,,,M,white,nonhispanic,M,Helsinki  Uusimaa  FI,235 Tyystälä Katu,Espoo,Uusimaa,Espoo,02250,60.238988377736966,24.789063814129566,3875.0,0.0
b5d2315f-8364-4cdf-ad9b-b067a7babe7a,1954-02-01,,999-28-3431,S99956371,X68239934X,Mr.,Einari,Halmari,,,M,white,nonhispanic,M,Espoo  Uusimaa  FI,599 Hienola Katu,Pornainen,Uusimaa,Pornainen,07170,60.48957519109123,25.331489252554842,13569.220000000001,0.0
9a78dfcd-04c8-49ba-87c0-93ca6b51cc0c,2006-11-24,,999-66-7755,,,,Raili,Janger,,,,white,nonhispanic,F,Porvoo  Uusimaa  FI,778 Huhtelin Katu Unit 15,Helsinki,Uusimaa,Helsinki,00640,60.18188471241803,25.124558351629474,2750.0,0.0
5978064a-3aa5-4d4a-884b-83b9dced7000,2006-05-06,,999-26-6839,,,,Saber,Vaalto,,,,white,nonhispanic,M,Karkkila  Uusimaa  FI,678 Mänki Katu Unit 91,Helsinki,Uusimaa,Helsinki,00700,60.14230618465981,25.081640390717897,2750.0,0.0
07fd45ca-1f54-42a4-a563-254cfb94311c,2003-03-19,,999-41-4522,S99970278,,,Mirjana,Iisvirta,,,,white,nonhispanic,F,Helsinki  Uusimaa  FI,881 Stranius Katu,Vantaa,Uusimaa,Vantaa,01620,60.26882217700956,24.759616766037713,3125.0,0.0
89bbaf6d-ec42-4bf9-8d1f-f1d7efd75a90,1934-12-22,,999-99-4453,S99953742,X69897734X,Mrs.,Sinikukka,Hakunti,,Säily,M,white,nonhispanic,F,Espoo  Uusimaa  FI,168 Perus Katu Apt 92,Helsinki,Uusimaa,Helsinki,00760,60.19602896055637,24.977030013297266,9394.47,0.0
f2c45a4b-35dd-4c38-91f1-de91098b8f7e,1942-12-31,,999-81-1358,S99921192,X59581649X,Mr.,Valo,Hakosalo,,,M,white,nonhispanic,M,Helsinki  Uusimaa  FI,439 Laukala Katu Suite 37,Helsinki,Uusimaa,Helsinki,00720,60.29651841018232,25.016445112574576,8250.0,0.0
981830bd-0f28-4503-bc86-5264e21807c4,2002-05-29,,999-32-9008,S99990164,,,Hanna-Sisko,Vaikko,,,,white,nonhispanic,F,Helsinki  Uusimaa  FI,208 Raja Katu Suite 24,Nurmijärvi,Uusimaa,Nurmijärvi,05450,60.46007695221352,24.58646554417252,3250.0,0.0
291d0091-9059-4937-b171-0b4b2aeb145a,1996-07-26,,999-62-6674,S99962625,X38928451X,Mr.,Kåre,Laxell,,,,white,nonhispanic,M,Helsinki  Uusimaa  FI,270 Hörkkö Katu,Espoo,Uusimaa,Espoo,02100,60.275891728564446,24.804372892581473,3625.0,0.0
2b6e5524-42a5-496f-b739-c1fe8e4e7aef,2017-02-13,,999-20-9091,,,,Mohamuud,Harkio,,,,white,nonhispanic,F,Vantaa  Uusimaa  FI,117 Hagel Katu Unit 86,Vantaa,Uusimaa,Vantaa,01630,60.2697864023101,24.809912389587883,1375.0,0.0
fd63d6d9-d7d8-45ab-b1d1-51d21726a359,1981-08-04,,999-24-4384,S99932069,X15262428X,Mr.,Maxime,Butt,,,M,white,nonhispanic,M,Helsinki  Uusimaa  FI,501 Tyrmi Katu,Espoo,Uusimaa,Espoo,02820,60.20508417200176,24.844025335638086,4250.0,0.0
d570a0f1-c0bc-4610-a1b4-e7d2e72af0e1,1991-01-18,,999-44-5317,S99966094,X66236295X,Mrs.,Seidi,Pimenoff,,Abukar,M,white,nonhispanic,F,Helsinki  Uusimaa  FI,591 Högander Katu Unit 81,Helsinki,Uusimaa,Helsinki,00930,60.1817749138337,24.927079220666155,3875.0,0.0
580127a7-267d-403b-ba09-510ec46c43e2,1976-12-18,,999-26-8203,S99959508,X75002663X,Mrs.,Katrina,Ruohomaa,,Aller,M,white,nonhispanic,F,Espoo  Uusimaa  FI,608 Serguskin Katu Suite 64,Helsinki,Uusimaa,Helsinki,00360,60.149407196437124,25.01270159049366,4500.0,0.0
8a4ee05c-112d-4c40-b48c-72b86c84fa1d,1960-09-04,,999-79-8388,S99923233,X58021357X,Mr.,Miikael,Viiperi,,,M,white,nonhispanic,M,Helsinki  Uusimaa  FI,155 Lumijärvi Katu Apt 63,Helsinki,Uusimaa,Helsinki,00730,60.24430222799771,24.999527494293705,6125.0,0.0
7db80192-030f-48f4-94e7-30a93e74dc79,1988-01-17,,999-28-3984,S99933672,X43713961X,Mr.,Abdallah,Yltävä,,,M,white,nonhispanic,M,Porvoo  Uusimaa  FI,156 Kyrönen Katu Suite 41,Nurmijärvi,Uusimaa,Nurmijärvi,01810,60.46548610797469,24.74473004421703,4000.0,0.0
209ccc6f-fb19-40f0-9175-5ba199b39dfe,2006-03-29,,999-28-6634,,,,Teemu-Petteri,Riitamo,,,,white,nonhispanic,M,Porvoo  Uusimaa  FI,709 Haarahiltunen Katu,Helsinki,Uusimaa,Helsinki,00790,60.2112991164283,24.91673266230264,2750.0,0.0
90cae139-0a72-47d7-8d01-3b0971b96f00,1943-12-13,,999-11-2003,S99933139,X42586527X,Mr.,Murad,Kostensalo,,,S,white,nonhispanic,M,Porvoo  Uusimaa  FI,582 Pyrä Katu,Helsinki,Uusimaa,Helsinki,00700,60.21571067641394,25.233728843539417,8125.0,0.0
9837c302-1c71-4927-a535-2af8c2b61d46,1939-09-16,,999-29-2893,S99984359,X8897983X,Mr.,Vesa-Petteri,Kianto,,,M,white,nonhispanic,M,Espoo  Uusimaa  FI,483 Lumppio Katu Apt 71,Helsinki,Uusimaa,Helsinki,00670,60.22119924321971,24.987752055655232,8750.0,0.0
6d4ad0b6-21b2-4ae3-b25a-f1f403d8a782,2004-08-12,,999-23-2434,,,,Erkki,Rudnäs,,,,white,nonhispanic,M,Helsinki  Uusimaa  FI,754 Cook Katu Apt 83,Helsinki,Uusimaa,Helsinki,00750,60.19644026093469,24.85299029635707,3000.0,0.0
bf3940d7-0cfe-4545-a684-43874e7de89e,1943-10-12,,999-88-1569,S99978433,X32560729X,Mrs.,Tilda,Kulvik,,Kalpa,M,white,nonhispanic,F,Helsinki  Uusimaa  FI,193 Keppola Katu Unit 48,Espoo,Uusimaa,Espoo,02770,60.167654630561124,24.755587461659783,8125.0,0.0
205ba75b-ff67-453c-ba45-d6370720dabc,1961-08-30,,999-26-8891,S99953500,X1106693X,Mr.,Henry,Haasiosalo,,,M,white,nonhispanic,M,Helsinki  Uusimaa  FI,942 Rovio Katu,Helsinki,Uusimaa,Helsinki,00200,60.142444395176966,25.108329751072613,6000.0,0.0
a17f7215-87b7-4a45-87df-cc684a358cfa,1938-09-15,,999-29-1454,S99963008,X155654X,Mr.,Mika-Petri,Loppi,,,M,white,nonhispanic,M,Sipoo  Uusimaa  FI,556 Forsgård Katu,Espoo,Uusimaa,Espoo,02620,60.21069087082064,24.54998758109818,8770.6,0.0
882597fc-0129-4c2c-ab18-d9b3fa3e828d,1953-06-20,,999-88-3054,S99980221,X8636859X,Mrs.,Eva-Kristina,Ryönänkoski,,Renko,M,white,nonhispanic,F,Helsinki  Uusimaa  FI,552 Al-Essa Katu,Järvenpää,Uusimaa,Järvenpää,04400,60.4216422881987,25.160794815792112,7000.0,0.0
0d802726-5041-4713-9dc2-d263ac5b97e1,2019-11-13,,999-70-5256,,,,Evgenija,Sarasmo,,,,white,nonhispanic,F,Vihti  Uusimaa  FI,669 Maajärvi Katu,Helsinki,Uusimaa,Helsinki,00750,60.19360898367941,25.162720203949075,375.0,0.0
3421cfe5-bee2-4142-bf52-45746e999d1f,1954-10-12,,999-38-2058,S99976719,X61586917X,Mrs.,Valentina,Norvapalo,,Poukkula,M,white,nonhispanic,F,Helsinki  Uusimaa  FI,268 Saxlund Katu Unit 60,Vantaa,Uusimaa,Vantaa,01490,60.306590576186174,25.02854364565977,6875.0,0.0
9999f431-fc04-40a4-9ad6-417c3c4228a5,2002-05-19,,999-98-6222,S99963598,,,Hamzah,Aarnos,,,,white,nonhispanic,M,Helsinki  Uusimaa  FI,766 Huovari Katu,Helsinki,Uusimaa,Helsinki,00760,60.18288190056692,24.957428528914114,3250.0,0.0
d13b304c-72bf-464d-90b8-be2a73647036,1940-03-31,,999-66-4740,S99966448,X51685522X,Mr.,Syväri,Rajapuro,,,M,white,nonhispanic,M,Helsinki  Uusimaa  FI,594 Wichmann Katu Suite 52,Helsinki,Uusimaa,Helsinki,00430,60.23652560141319,24.94435094662251,8625.0,0.0
c6f5018d-ed24-47c4-ba8c-afa2742d3fe0,2004-10-15,,999-26-2703,,,,Eelo,Erma,,,,white,nonhispanic,M,Espoo  Uusimaa  FI,592 Peura Katu Suite 95,Helsinki,Uusimaa,Helsinki,00200,60.219930293569796,24.99023883154236,3000.0,0.0
b06b1b17-b960-4f6e-988e-072c5a272327,2009-01-05,,999-58-7512,,,,Stanislav,Polet,,,,white,nonhispanic,M,Mäntsälä  Uusimaa  FI,616 Hurmola Katu Unit 82,Hanko,Uusimaa,Hanko,10820,59.824203120933184,23.130427848203105,2500.0,0.0
d1baf617-2b2e-48b2-9060-b8fa1db8f49f,1956-09-17,,999-42-2957,S99942983,X38951333X,Mr.,Sadik,Kaski,,,M,white,nonhispanic,M,Helsinki  Uusimaa  FI,246 Välilä Katu,Helsinki,Uusimaa,Helsinki,00770,60.225366798229864,24.939791209356123,13586.43,0.0
f4aaf671-93c6-4525-bbd9-1c50bfb6cb00,1996-07-06,,999-60-5355,S99967352,X49265700X,Ms.,Arielle,Ollitervo,,,,white,nonhispanic,F,Espoo  Uusimaa  FI,582 Jousala Katu Unit 32,Nurmijärvi,Uusimaa,Nurmijärvi,05200,60.405515021724064,24.685243870827968,3625.0,0.0
47769031-ea95-4d9e-9e73-803e25081a8f,1952-10-30,,999-28-1121,S99994827,X32655457X,Mr.,Ari-Juhani,Valjus,,,S,white,nonhispanic,M,Helsinki  Uusimaa  FI,411 Paasikangas Katu,Vantaa,Uusimaa,Vantaa,01650,60.344666454085335,24.803530315663252,7125.0,0.0
ad54d1aa-f26a-4758-b729-e63c85c39fd4,1997-07-17,,999-55-8905,S99911551,X7705169X,Mr.,Elmeri,Solitanner,,,,white,nonhispanic,M,Helsinki  Uusimaa  FI,961 Siltasalmi Katu,Helsinki,Uusimaa,Helsinki,00660,60.29517866162533,24.832059657784693,3625.0,0.0
971ffd36-6ef2-4091-a7a4-7f13e2a8a4be,1974-05-30,,999-63-9263,S99978217,X55826396X,Mrs.,Merliina,Jurkka,,Tilaeus,M,white,nonhispanic,F,Helsinki  Uusimaa  FI,1093 Mertala Katu Suite 26,Järvenpää,Uusimaa,Järvenpää,04460,60.48769608186093,25.162810244473942,4625.0,0.0
d6d55ed7-906e-4f90-8d65-0f6c14d288e5,2008-10-01,,999-22-4775,,,,Sannukka,Hertteli,,,,white,nonhispanic,F,Helsinki  Uusimaa  FI,727 Lammia Katu Unit 44,Helsinki,Uusimaa,Helsinki,00940,60.21382756708584,24.92854233219529,2500.0,0.0
257c4dfe-ea55-43ef-80d6-2b4fcb31036a,2003-06-11,,999-46-4177,S99945205,,,Marcia,Haaraniemi,,,,white,nonhispanic,F,Nurmijärvi  Uusimaa  FI,474 Koskensilta Katu Apt 9,Espoo,Uusimaa,Espoo,02230,60.15238645628168,24.679027282236888,3125.0,0.0
5a20cba9-bbe0-4479-aef4-0d7077f5c1ba,1980-05-13,,999-46-9064,S99912887,X3100004X,Mrs.,Toussainte,Kelly,,Valkonen,M,white,nonhispanic,F,Helsinki  Uusimaa  FI,439 Sirenius Katu,Helsinki,Uusimaa,Helsinki,00680,60.17674054303505,25.04793813339376,4250.0,0.0
12e8645c-7664-408c-a156-7500e915587a,1962-06-15,,999-22-2218,S99926073,X34969061X,Mrs.,Helene,Rouhikko,,Hovatov,M,white,nonhispanic,F,Espoo  Uusimaa  FI,738 Nivakoski Katu Apt 15,Helsinki,Uusimaa,Helsinki,00700,60.21085326135152,25.092261481979484,5875.0,0.0
31c7f4ad-e69a-45b5-b576-655e22829541,1968-11-04,,999-35-1671,S99993139,X33956229X,Mrs.,Samiira,Iiskola,,Sairinen,M,white,nonhispanic,F,Vantaa  Uusimaa  FI,214 Wulff Katu,Helsinki,Uusimaa,Helsinki,00240,60.257029379249566,24.87715231976632,5125.0,0.0
b4260198-a002-4372-9082-c4ef7cda6c98,2008-04-04,,999-97-4055,,,,Jakub,Luukkonen,,,,white,nonhispanic,M,Lohja  Uusimaa  FI,798 Turvala Katu Suite 72,Lohja,Uusimaa,Lohja,08800,60.22166542322332,24.01997378094884,2500.0,0.0
e0790ec2-f12d-4443-ac21-3ef8c179b451,1971-03-28,,999-17-5805,S99948608,X68789129X,Mr.,Jerri,Koski,,,M,white,nonhispanic,M,Espoo  Uusimaa  FI,428 Vorimo Katu,Helsinki,Uusimaa,Helsinki,00990,60.16479811370119,24.996427239972533,11647.57,0.0
9f9495b7-54b9-461f-8657-6ee2f68bfbf4,1992-12-03,,999-82-6618,S99957634,X26959795X,Mr.,Janek,Vesaranta,,,M,white,nonhispanic,M,Järvenpää  Uusimaa  FI,512 Töppärä Katu,Helsinki,Uusimaa,Helsinki,00900,60.20591465998675,24.84563401915543,4250.0,0.0
3d093807-ca92-40f2-b539-0be066c4f19b,1973-03-21,,999-85-8455,S99986594,X83827553X,Ms.,Laini,Salviander,,,S,white,nonhispanic,F,Espoo  Uusimaa  FI,176 Sankelo Katu,Helsinki,Uusimaa,Helsinki,00940,60.20550109697084,25.132680306498774,4750.0,0.0
6e939c80-5c5a-4f73-a08a-8c8ce51af7e9,1995-07-17,,999-68-6814,S99957475,X46372115X,Ms.,Eetla,Ruonala,,,,white,nonhispanic,F,Kerava  Uusimaa  FI,623 Oikarainen Katu,Helsinki,Uusimaa,Helsinki,00520,60.21262226514448,24.965283770587508,3625.0,0.0
86e983b8-a714-4b29-a855-267e0282867e,2017-06-12,,999-56-9778,,,,Hassan,Stordell,,,,white,nonhispanic,M,Hyvinkää  Uusimaa  FI,578 Nyroos Katu,Helsinki,Uusimaa,Helsinki,00270,60.19515976692993,24.926462813756324,1250.0,0.0
c731e601-f708-4328-b4e4-153466be5467,1961-01-26,,999-28-7887,S99989352,X25423189X,Mr.,Aki-Petri,Myllykangas,,,M,white,nonhispanic,M,Helsinki  Uusimaa  FI,106 Ahonpää Katu Unit 60,Kauniainen,Uusimaa,Kauniainen,02700,60.17183450730434,24.70327435530475,6000.0,0.0
4a9c8e6d-6f4b-4993-bd6f-b10fafb26773,1947-07-14,,999-81-9934,S99987512,X53704333X,Mrs.,Tuuli-Anna,Forsvik,,Palsa,M,white,nonhispanic,F,Helsinki  Uusimaa  FI,243 Ingves Katu,Helsinki,Uusimaa,Helsinki,00630,60.17838021118261,24.875707949381603,7750.0,0.0
0139cf58-c9f4-4d27-b226-01fcaf33d698,1951-01-03,,999-37-4198,S99935337,X29311296X,Mrs.,Anu-Liisa,Räsänen,,Vokkolainen,M,white,nonhispanic,F,Helsinki  Uusimaa  FI,794 Tuokila Katu Suite 42,Vantaa,Uusimaa,Vantaa,01230,60.331565242551825,25.036460259502768,7250.0,0.0
277e38cf-8197-4c26-9e4c-9bcffc1c56c7,1957-09-02,,999-44-9331,S99989496,X77836141X,Mr.,Andy,Pönniä,,,M,white,nonhispanic,M,Helsinki  Uusimaa  FI,358 Ivalo Katu Suite 95,Helsinki,Uusimaa,Helsinki,00730,60.21672796711935,25.08837542194798,6500.0,0.0
686db57a-6dd0-4f29-9ea1-be9a69835ed0,1955-01-19,,999-93-7199,S99964423,X31545436X,Mrs.,Anielka,Linjos,,Heikius,M,white,nonhispanic,F,Vantaa  Uusimaa  FI,480 Klockars Katu Suite 75,Helsinki,Uusimaa,Helsinki,00990,60.281971376126144,24.9755268977106,6750.0,0.0
52cf1539-47ed-4429-b3c0-f928eafe9bfd,1970-09-17,,999-70-9527,S99948379,X71257380X,Ms.,Aviva,Weissenfelt,,,S,white,nonhispanic,F,Espoo  Uusimaa  FI,485 Wargelin Katu,Helsinki,Uusimaa,Helsinki,00690,60.281192553824134,24.923476459628347,4875.0,0.0
dbd957f9-c6fb-4f74-a154-3b690909a98f,1961-11-29,,999-91-1235,S99929308,X64535186X,Mrs.,Eliisabet,Huhtiniemi,,Dunderfelt,M,white,nonhispanic,F,Espoo  Uusimaa  FI,1091 Baron Katu,Helsinki,Uusimaa,Helsinki,00500,60.1899236004911,24.924924162677545,6000.0,0.0
a6244079-37f6-4021-80f2-7017ea36d05a,1941-04-13,,999-20-9158,S99939595,X48569350X,Mr.,Marie,Lehmuskanta,,,S,white,nonhispanic,M,Järvenpää  Uusimaa  FI,835 Taskula Katu Suite 98,Vantaa,Uusimaa,Vantaa,01420,60.25474279281042,24.927880619860584,8750.83,0.0
