PATIENT,START_YEAR,END_YEAR,PAYER,OWNERSHIP
657e9d29-d572-42ea-880f-d1aa5d85a900,1994,2012,e15e7b92-f376-374f-9285-2f59a38ad823,Guardian
5499a0eb-73d8-4486-be20-0e9ac1a759a3,1998,2016,e15e7b92-f376-374f-9285-2f59a38ad823,Guardian
3762eb85-5b54-44da-932d-f83f44a2df59,1984,2002,e15e7b92-f376-374f-9285-2f59a38ad823,Guardian
036311c3-a7a8-42d6-9e36-591259e8258d,1978,1996,e15e7b92-f376-374f-9285-2f59a38ad823,Guardian
773ee041-b573-4637-8d66-f4b1cc2eb761,1979,1997,e15e7b92-f376-374f-9285-2f59a38ad823,Guardian
0b2f5550-b058-41d4-89bb-4af67449c8ba,1978,1996,e15e7b92-f376-374f-9285-2f59a38ad823,Guardian
a5f52db4-422f-48a3-8dc4-7e7711f0b064,1989,2007,e15e7b92-f376-374f-9285-2f59a38ad823,Guardian
9a9ba25b-9c29-41a7-b113-d30505dd4f71,1992,2010,e15e7b92-f376-374f-9285-2f59a38ad823,Guardian
7eb2c8b3-425f-4f1c-9c6e-7abc79863e62,1995,2013,e15e7b92-f376-374f-9285-2f59a38ad823,Guardian
567b57db-4b91-412b-8341-d497dd112e4e,1989,2007,e15e7b92-f376-374f-9285-2f59a38ad823,Guardian
944f2e5a-0d30-4428-bc23-3289480cb8a2,1991,2009,e15e7b92-f376-374f-9285-2f59a38ad823,Guardian
4853c08a-b3ad-4cc7-92e5-8c7dd4e67633,1973,1991,e15e7b92-f376-374f-9285-2f59a38ad823,Guardian
e19dc66e-d9ff-4032-9024-f845af3ac33a,1924,1942,e15e7b92-f376-374f-9285-2f59a38ad823,Guardian
ff45c369-ddaf-496f-806e-be243f05c008,1979,1997,e15e7b92-f376-374f-9285-2f59a38ad823,Guardian
c72b17c5-ebbe-4124-8326-581d6b8e8842,1969,1987,e15e7b92-f376-374f-9285-2f59a38ad823,Guardian
6a9a19f5-2706-4917-89f6-8456846acd77,1986,2004,e15e7b92-f376-374f-9285-2f59a38ad823,Guardian
8d48a306-9e8c-45ca-9405-801b763d438e,1963,1981,e15e7b92-f376-374f-9285-2f59a38ad823,Guardian
3e2e20ad-7cca-44f0-9544-e02630ad8707,1982,2000,e15e7b92-f376-374f-9285-2f59a38ad823,Guardian
865988e9-d851-4729-b46f-3d04b9b9c639,1975,1993,e15e7b92-f376-374f-9285-2f59a38ad823,Guardian
d6ab69ea-58b9-4f62-bd42-fad817598894,1953,1971,e15e7b92-f376-374f-9285-2f59a38ad823,Guardian
3f659d8a-79f1-4d3d-b039-eed74d2f27cf,2013,2013,b1c428d6-4f07-31e0-90f0-68ffa6ff8c76,
3f659d8a-79f1-4d3d-b039-eed74d2f27cf,2014,2014,e15e7b92-f376-374f-9285-2f59a38ad823,
7f58c83a-493c-4695-a3f4-7fb4a0e23201,1952,1970,e15e7b92-f376-374f-9285-2f59a38ad823,Guardian
c12ee90d-a641-42e6-b0ff-d0196fb64adc,1982,2000,e15e7b92-f376-374f-9285-2f59a38ad823,Guardian
ca689af2-cf5b-4f42-83ee-2edbc7035a2c,1980,1998,e15e7b92-f376-374f-9285-2f59a38ad823,Guardian
ae5f934d-5ed9-4528-b368-1013dd391426,2000,2018,e15e7b92-f376-374f-9285-2f59a38ad823,Guardian
55f1ea07-f227-4432-89b3-df62b0a55470,1951,1969,e15e7b92-f376-374f-9285-2f59a38ad823,Guardian
adbc6473-decb-4e47-8d69-bdd23c3e287d,1961,1979,e15e7b92-f376-374f-9285-2f59a38ad823,Guardian
d2f406c9-e8e0-438f-867f-ee3b495c4a23,1922,1940,e15e7b92-f376-374f-9285-2f59a38ad823,Guardian
b059d98e-a095-4558-9ea9-bf633cb553ae,1942,1960,e15e7b92-f376-374f-9285-2f59a38ad823,Guardian
8280bcf1-0013-4aeb-8cf7-b6f4d338ace1,1992,2010,e15e7b92-f376-374f-9285-2f59a38ad823,Guardian
c1306f9f-3d35-4cdd-814c-c2f747a6847b,1953,1971,e15e7b92-f376-374f-9285-2f59a38ad823,Guardian
73c953b3-2541-4ab5-aeca-c6e700a52bc0,1965,1983,e15e7b92-f376-374f-9285-2f59a38ad823,Guardian
400185a5-ed1b-46e9-8ecf-05deda235550,1968,1986,e15e7b92-f376-374f-9285-2f59a38ad823,Guardian
6af8caf4-eee4-4e05-ba3a-89ea13753892,1936,1954,e15e7b92-f376-374f-9285-2f59a38ad823,Guardian
8da1f8e3-6781-47f6-9412-3497eeb662de,1982,2000,e15e7b92-f376-374f-9285-2f59a38ad823,Guardian
663787bf-ac26-41ce-b62c-93a8e354f876,1992,2010,e15e7b92-f376-374f-9285-2f59a38ad823,Guardian
3f14d74f-f5e4-402c-892f-007e615f1b84,1968,1986,e15e7b92-f376-374f-9285-2f59a38ad823,Guardian
b6f79101-c23a-46e6-914f-f46256f71ff9,1945,1963,e15e7b92-f376-374f-9285-2f59a38ad823,Guardian
4527b795-b92f-4cf4-aed8-fdd75f5a1a68,1990,2008,e15e7b92-f376-374f-9285-2f59a38ad823,Guardian
b5d2315f-8364-4cdf-ad9b-b067a7babe7a,1954,1972,e15e7b92-f376-374f-9285-2f59a38ad823,Guardian
89bbaf6d-ec42-4bf9-8d1f-f1d7efd75a90,1934,1952,e15e7b92-f376-374f-9285-2f59a38ad823,Guardian
f2c45a4b-35dd-4c38-91f1-de91098b8f7e,1942,1960,e15e7b92-f376-374f-9285-2f59a38ad823,Guardian
291d0091-9059-4937-b171-0b4b2aeb145a,1996,2014,e15e7b92-f376-374f-9285-2f59a38ad823,Guardian
fd63d6d9-d7d8-45ab-b1d1-51d21726a359,1981,1999,e15e7b92-f376-374f-9285-2f59a38ad823,Guardian
d570a0f1-c0bc-4610-a1b4-e7d2e72af0e1,1991,2009,e15e7b92-f376-374f-9285-2f59a38ad823,Guardian
580127a7-267d-403b-ba09-510ec46c43e2,1976,1994,e15e7b92-f376-374f-9285-2f59a38ad823,Guardian
8a4ee05c-112d-4c40-b48c-72b86c84fa1d,1960,1978,e15e7b92-f376-374f-9285-2f59a38ad823,Guardian
7db80192-030f-48f4-94e7-30a93e74dc79,1988,2006,e15e7b92-f376-374f-9285-2f59a38ad823,Guardian
90cae139-0a72-47d7-8d01-3b0971b96f00,1943,1961,e15e7b92-f376-374f-9285-2f59a38ad823,Guardian
9837c302-1c71-4927-a535-2af8c2b61d46,1939,1957,e15e7b92-f376-374f-9285-2f59a38ad823,Guardian
bf3940d7-0cfe-4545-a684-43874e7de89e,1943,1961,e15e7b92-f376-374f-9285-2f59a38ad823,Guardian
205ba75b-ff67-453c-ba45-d6370720dabc,1961,1979,e15e7b92-f376-374f-9285-2f59a38ad823,Guardian
a17f7215-87b7-4a45-87df-cc684a358cfa,1938,1956,e15e7b92-f376-374f-9285-2f59a38ad823,Guardian
882597fc-0129-4c2c-ab18-d9b3fa3e828d,1953,1971,e15e7b92-f376-374f-9285-2f59a38ad823,Guardian
3421cfe5-bee2-4142-bf52-45746e999d1f,1954,1972,e15e7b92-f376-374f-9285-2f59a38ad823,Guardian
d13b304c-72bf-464d-90b8-be2a73647036,1940,1958,e15e7b92-f376-374f-9285-2f59a38ad823,Guardian
d1baf617-2b2e-48b2-9060-b8fa1db8f49f,1956,1974,e15e7b92-f376-374f-9285-2f59a38ad823,Guardian
f4aaf671-93c6-4525-bbd9-1c50bfb6cb00,1996,2014,e15e7b92-f376-374f-9285-2f59a38ad823,Guardian
47769031-ea95-4d9e-9e73-803e25081a8f,1952,1970,e15e7b92-f376-374f-9285-2f59a38ad823,Guardian
ad54d1aa-f26a-4758-b729-e63c85c39fd4,1997,2015,e15e7b92-f376-374f-9285-2f59a38ad823,Guardian
971ffd36-6ef2-4091-a7a4-7f13e2a8a4be,1974,1992,e15e7b92-f376-374f-9285-2f59a38ad823,Guardian
5a20cba9-bbe0-4479-aef4-0d7077f5c1ba,1980,1998,e15e7b92-f376-374f-9285-2f59a38ad823,Guardian
12e8645c-7664-408c-a156-7500e915587a,1962,1980,e15e7b92-f376-374f-9285-2f59a38ad823,Guardian
31c7f4ad-e69a-45b5-b576-655e22829541,1968,1986,e15e7b92-f376-374f-9285-2f59a38ad823,Guardian
e0790ec2-f12d-4443-ac21-3ef8c179b451,1971,1989,e15e7b92-f376-374f-9285-2f59a38ad823,Guardian
9f9495b7-54b9-461f-8657-6ee2f68bfbf4,1992,2010,e15e7b92-f376-374f-9285-2f59a38ad823,Guardian
3d093807-ca92-40f2-b539-0be066c4f19b,1973,1991,e15e7b92-f376-374f-9285-2f59a38ad823,Guardian
6e939c80-5c5a-4f73-a08a-8c8ce51af7e9,1995,2013,e15e7b92-f376-374f-9285-2f59a38ad823,Guardian
c731e601-f708-4328-b4e4-153466be5467,1961,1979,e15e7b92-f376-374f-9285-2f59a38ad823,Guardian
4a9c8e6d-6f4b-4993-bd6f-b10fafb26773,1947,1965,e15e7b92-f376-374f-9285-2f59a38ad823,Guardian
0139cf58-c9f4-4d27-b226-01fcaf33d698,1951,1969,e15e7b92-f376-374f-9285-2f59a38ad823,Guardian
277e38cf-8197-4c26-9e4c-9bcffc1c56c7,1957,1975,e15e7b92-f376-374f-9285-2f59a38ad823,Guardian
686db57a-6dd0-4f29-9ea1-be9a69835ed0,1955,1973,e15e7b92-f376-374f-9285-2f59a38ad823,Guardian
52cf1539-47ed-4429-b3c0-f928eafe9bfd,1970,1988,e15e7b92-f376-374f-9285-2f59a38ad823,Guardian
dbd957f9-c6fb-4f74-a154-3b690909a98f,1961,1979,e15e7b92-f376-374f-9285-2f59a38ad823,Guardian
a6244079-37f6-4021-80f2-7017ea36d05a,1941,1959,e15e7b92-f376-374f-9285-2f59a38ad823,Guardian
