DATE,PATIENT,ENCOUNTER,CODE,DESCRIPTION,BASE_COST,REASONCODE,REASONDESCRIPTION
1970-05-25,17fa6c67-b5e0-449a-aa89-8701d17b5eac,1e6853f4-8ff6-4f6f-9120-77049ffff479,40701008,Echocardiography (procedure),1334.20,22298006,Myocardial Infarction
1970-05-25,17fa6c67-b5e0-449a-aa89-8701d17b5eac,1e6853f4-8ff6-4f6f-9120-77049ffff479,415070008,Percutaneous coronary intervention,19502.85,22298006,Myocardial Infarction
1970-05-25,17fa6c67-b5e0-449a-aa89-8701d17b5eac,1e6853f4-8ff6-4f6f-9120-77049ffff479,232717009,Coronary artery bypass grafting,45905.90,22298006,Myocardial Infarction
2017-01-10,e19dc66e-d9ff-4032-9024-f845af3ac33a,81490f79-3aba-413b-8079-0f3ef027b2cf,40701008,Echocardiography (procedure),999.61,230690007,Stroke
2017-01-10,e19dc66e-d9ff-4032-9024-f845af3ac33a,81490f79-3aba-413b-8079-0f3ef027b2cf,433112001,Percutaneous mechanical thrombectomy of portal vein using fluoroscopic guidance,21819.08,230690007,Stroke
1972-07-09,d6ab69ea-58b9-4f62-bd42-fad817598894,336d6402-4408-417d-bab8-3c750efab175,40701008,Echocardiography (procedure),826.16,22298006,Myocardial Infarction
1972-07-09,d6ab69ea-58b9-4f62-bd42-fad817598894,336d6402-4408-417d-bab8-3c750efab175,415070008,Percutaneous coronary intervention,39287.22,22298006,Myocardial Infarction
1972-07-09,d6ab69ea-58b9-4f62-bd42-fad817598894,336d6402-4408-417d-bab8-3c750efab175,232717009,Coronary artery bypass grafting,28784.82,22298006,Myocardial Infarction
2013-12-26,55f1ea07-f227-4432-89b3-df62b0a55470,5ff33357-bbf6-4d9a-916a-18ff4b423d7e,18286008,Catheter ablation of tissue of heart,5904.06,49436004,Atrial Fibrillation
2015-01-01,55f1ea07-f227-4432-89b3-df62b0a55470,4cf31b13-92d9-490c-a9af-aaf62c2467af,180325003,Electrical cardioversion,22615.54,49436004,Atrial Fibrillation
2016-01-07,55f1ea07-f227-4432-89b3-df62b0a55470,b497c3c1-133d-443c-9314-bc3d24ec0d1d,18286008,Catheter ablation of tissue of heart,9665.50,49436004,Atrial Fibrillation
2017-01-12,55f1ea07-f227-4432-89b3-df62b0a55470,503f8b04-9c2a-445a-b7dd-26c07d3f9f06,180325003,Electrical cardioversion,43234.84,49436004,Atrial Fibrillation
2018-01-18,55f1ea07-f227-4432-89b3-df62b0a55470,1b76f31a-5dd2-4698-b67d-5e9746cf869a,18286008,Catheter ablation of tissue of heart,9781.79,49436004,Atrial Fibrillation
2019-01-24,55f1ea07-f227-4432-89b3-df62b0a55470,d4ae865b-393b-48b5-b41b-aad050b423a2,18286008,Catheter ablation of tissue of heart,12305.08,49436004,Atrial Fibrillation
2020-01-30,55f1ea07-f227-4432-89b3-df62b0a55470,8d254a9b-349b-4080-a8df-763fc5e3b07d,180325003,Electrical cardioversion,27769.23,49436004,Atrial Fibrillation
2005-03-31,b059d98e-a095-4558-9ea9-bf633cb553ae,aef8b0e2-1d87-49c9-ab84-a39ba0bb2ca3,40701008,Echocardiography (procedure),1236.23,22298006,Myocardial Infarction
2005-03-31,b059d98e-a095-4558-9ea9-bf633cb553ae,aef8b0e2-1d87-49c9-ab84-a39ba0bb2ca3,415070008,Percutaneous coronary intervention,29678.78,22298006,Myocardial Infarction
2005-03-31,b059d98e-a095-4558-9ea9-bf633cb553ae,aef8b0e2-1d87-49c9-ab84-a39ba0bb2ca3,232717009,Coronary artery bypass grafting,54331.69,22298006,Myocardial Infarction
2011-01-21,6af8caf4-eee4-4e05-ba3a-89ea13753892,22239c93-fa40-4456-b9a0-54a58a5daeb4,180325003,Electrical cardioversion,35772.07,49436004,Atrial Fibrillation
2012-01-27,6af8caf4-eee4-4e05-ba3a-89ea13753892,bce1e34e-8dba-4d80-a1a5-67fe2c8f82aa,18286008,Catheter ablation of tissue of heart,10825.06,49436004,Atrial Fibrillation
2013-02-01,6af8caf4-eee4-4e05-ba3a-89ea13753892,75f0abdd-573d-4832-b50b-f0cb8fe81ece,180325003,Electrical cardioversion,29536.87,49436004,Atrial Fibrillation
2014-02-07,6af8caf4-eee4-4e05-ba3a-89ea13753892,fab9ae4b-9d1c-43ac-96ab-5ba907e693a1,18286008,Catheter ablation of tissue of heart,9805.25,49436004,Atrial Fibrillation
2015-02-13,6af8caf4-eee4-4e05-ba3a-89ea13753892,c7b010a2-6805-4996-9d7c-7d8d233a343f,180325003,Electrical cardioversion,22207.69,49436004,Atrial Fibrillation
2016-02-19,6af8caf4-eee4-4e05-ba3a-89ea13753892,ebef034f-7766-4fe0-b42c-d2835c77a46d,180325003,Electrical cardioversion,38428.98,49436004,Atrial Fibrillation
2017-02-24,6af8caf4-eee4-4e05-ba3a-89ea13753892,87a6127a-6302-46d7-aacf-466d709a0514,18286008,Catheter ablation of tissue of heart,5463.31,49436004,Atrial Fibrillation
2018-03-02,6af8caf4-eee4-4e05-ba3a-89ea13753892,2bc10d6d-fdff-4c2b-9111-bdc524f50944,18286008,Catheter ablation of tissue of heart,9942.78,49436004,Atrial Fibrillation
2019-03-08,6af8caf4-eee4-4e05-ba3a-89ea13753892,175b9148-f906-49c3-8bc1-017c5a1a217f,180325003,Electrical cardioversion,22074.11,49436004,Atrial Fibrillation
2019-12-28,b6f79101-c23a-46e6-914f-f46256f71ff9,0719062a-1192-4ba5-ab99-dd1f9579868d,40701008,Echocardiography (procedure),1054.81,230690007,Stroke
2019-12-28,b6f79101-c23a-46e6-914f-f46256f71ff9,0719062a-1192-4ba5-ab99-dd1f9579868d,433112001,Percutaneous mechanical thrombectomy of portal vein using fluoroscopic guidance,22416.03,230690007,Stroke
2017-07-17,b5d2315f-8364-4cdf-ad9b-b067a7babe7a,8d94cef5-9f9e-4a47-8f1d-a461a67345c0,40701008,Echocardiography (procedure),714.86,230690007,Stroke
2017-07-17,b5d2315f-8364-4cdf-ad9b-b067a7babe7a,8d94cef5-9f9e-4a47-8f1d-a461a67345c0,433112001,Percutaneous mechanical thrombectomy of portal vein using fluoroscopic guidance,20993.62,230690007,Stroke
2010-04-08,f2c45a4b-35dd-4c38-91f1-de91098b8f7e,81889e8f-84e4-4f22-9d91-57c7086dea47,180325003,Electrical cardioversion,22258.00,49436004,Atrial Fibrillation
2011-04-14,f2c45a4b-35dd-4c38-91f1-de91098b8f7e,90b3114f-3947-4b8d-a367-15ac81685586,18286008,Catheter ablation of tissue of heart,10533.10,49436004,Atrial Fibrillation
2012-04-19,f2c45a4b-35dd-4c38-91f1-de91098b8f7e,a40677ca-53f4-44e9-93fe-1ccce7ac7899,180325003,Electrical cardioversion,24692.74,49436004,Atrial Fibrillation
2013-04-25,f2c45a4b-35dd-4c38-91f1-de91098b8f7e,cc7aac73-d3b7-47e6-92aa-7225215c397c,180325003,Electrical cardioversion,36360.51,49436004,Atrial Fibrillation
2014-05-01,f2c45a4b-35dd-4c38-91f1-de91098b8f7e,649174c7-34fc-470e-af9d-3525a6120822,180325003,Electrical cardioversion,33402.18,49436004,Atrial Fibrillation
2015-05-07,f2c45a4b-35dd-4c38-91f1-de91098b8f7e,5346f9f2-7feb-47cc-baa8-ff20b5295a33,180325003,Electrical cardioversion,48924.65,49436004,Atrial Fibrillation
2016-05-12,f2c45a4b-35dd-4c38-91f1-de91098b8f7e,791f358c-ee44-4ae8-8700-bf147c3355e6,18286008,Catheter ablation of tissue of heart,10304.05,49436004,Atrial Fibrillation
2017-05-18,f2c45a4b-35dd-4c38-91f1-de91098b8f7e,4018fc99-6f9a-4b6c-af75-b2533de821ae,180325003,Electrical cardioversion,22120.53,49436004,Atrial Fibrillation
2018-05-24,f2c45a4b-35dd-4c38-91f1-de91098b8f7e,e5c1df4f-2a9b-4461-aa64-314b9c2c2cdf,180325003,Electrical cardioversion,22618.96,49436004,Atrial Fibrillation
2019-05-30,f2c45a4b-35dd-4c38-91f1-de91098b8f7e,47f08e5c-3e55-4c77-b178-549a30928307,180325003,Electrical cardioversion,50828.46,49436004,Atrial Fibrillation
2015-02-07,9837c302-1c71-4927-a535-2af8c2b61d46,5ff5d909-ae95-4702-a670-bbd9a419323c,18286008,Catheter ablation of tissue of heart,17206.71,49436004,Atrial Fibrillation
2016-02-13,9837c302-1c71-4927-a535-2af8c2b61d46,a5f958d6-8298-4f8e-99d1-bdfc1bb27cbb,180325003,Electrical cardioversion,33619.10,49436004,Atrial Fibrillation
2017-02-18,9837c302-1c71-4927-a535-2af8c2b61d46,9e496cb5-bcbc-4613-95b8-63a2828f478f,180325003,Electrical cardioversion,39315.12,49436004,Atrial Fibrillation
2018-02-24,9837c302-1c71-4927-a535-2af8c2b61d46,625e93b3-3193-48f0-85d6-939620206427,180325003,Electrical cardioversion,43255.00,49436004,Atrial Fibrillation
2019-03-02,9837c302-1c71-4927-a535-2af8c2b61d46,9fb3a658-5ce2-4639-a01d-7751f25f9a08,180325003,Electrical cardioversion,32308.56,49436004,Atrial Fibrillation
2020-03-07,9837c302-1c71-4927-a535-2af8c2b61d46,26dfb9c4-036e-45f0-ae3b-441e54fcf3d0,180325003,Electrical cardioversion,29462.89,49436004,Atrial Fibrillation
2017-02-27,d1baf617-2b2e-48b2-9060-b8fa1db8f49f,39223e19-4e14-4d78-8dbb-2fa095db7eeb,40701008,Echocardiography (procedure),650.27,410429000,Cardiac Arrest
2017-02-27,d1baf617-2b2e-48b2-9060-b8fa1db8f49f,39223e19-4e14-4d78-8dbb-2fa095db7eeb,447365002,Insertion of biventricular implantable cardioverter defibrillator,45339.56,410429000,Cardiac Arrest
2017-02-27,d1baf617-2b2e-48b2-9060-b8fa1db8f49f,39223e19-4e14-4d78-8dbb-2fa095db7eeb,18286008,Catheter ablation of tissue of heart,9593.95,410429000,Cardiac Arrest
2018-01-25,47769031-ea95-4d9e-9e73-803e25081a8f,b28c5c87-b016-417f-ac6f-b473532b9fda,180325003,Electrical cardioversion,26514.84,49436004,Atrial Fibrillation
2019-01-31,47769031-ea95-4d9e-9e73-803e25081a8f,a8b46931-5f78-4b39-8787-8cb4ccf645dc,180325003,Electrical cardioversion,30096.72,49436004,Atrial Fibrillation
2020-02-06,47769031-ea95-4d9e-9e73-803e25081a8f,6c16c242-616e-48a6-aade-010599efa238,180325003,Electrical cardioversion,29587.53,49436004,Atrial Fibrillation
2014-02-09,e0790ec2-f12d-4443-ac21-3ef8c179b451,697b8a65-08f2-4d12-bd7f-58c57e538679,40701008,Echocardiography (procedure),956.73,230690007,Stroke
2014-02-09,e0790ec2-f12d-4443-ac21-3ef8c179b451,697b8a65-08f2-4d12-bd7f-58c57e538679,433112001,Percutaneous mechanical thrombectomy of portal vein using fluoroscopic guidance,28728.47,230690007,Stroke
2019-04-10,3d093807-ca92-40f2-b539-0be066c4f19b,2eb2f434-7415-4aa7-bc07-4df74065e5f3,180325003,Electrical cardioversion,13475.25,49436004,Atrial Fibrillation
