Id,ORGANIZATION,NAME,GENDER,SPECIALITY,ADDRESS,CITY,STATE,ZIP,LAT,LON,UTILIZATION
643c4442-221a-353e-a2b5-183d4500a922,319baef9-e8e6-3320-9e0b-7991d9c167b8,Karwan Rötkönen,M,GENERAL PRACTICE,Haartmaninkatu 4,Helsinki,18,00290,60.189159,24.909081,3
1ea4c2fa-8123-337a-b33b-47835201d6c9,d8f91bff-b1eb-3e4d-8936-10924c36977a,Kasimiira Luhtalampi,F,GENERAL PRACTICE,Meilahdentie 2,Helsinki,18,00250,60.19263,24.89436,1
e67cc9ba-77c5-3708-b924-f9690aa3f94c,410e8cf7-76a3-307f-b421-5fa7760177f1,Meliha Savallampi,F,GENERAL PRACTICE,Kasarmikatu 11-13,Helsinki,18,00130,60.16102,24.94834,1
e1dde669-0d45-3779-ad18-d6b721833282,39010280-b8e5-3b1a-b835-bafbeea21968,Zakariya Yu,M,GENERAL PRACTICE,Turuntie 150,Espoo,18,02740,60.22589,24.77581,1
214053b3-6b0f-38c9-a56b-f68a171eeabf,7b74aa83-5335-38dd-a213-d6df36c7f627,Annakaisa Tuomolin,F,GENERAL PRACTICE,Karvasmäentie 6,Espoo,18,02740,60.22011,24.6848,2
c0fea5ed-2111-3370-b438-6a1952119c88,af916982-f5f8-341b-b159-69e72695294c,A Frederiksen,F,GENERAL PRACTICE,Sairaalakatu 1,Vantaa,18,01400,60.3299,25.0608,6
913e23dc-c277-3d2c-8d2f-017bd5b63c8b,294d60d6-0e2b-396b-a8bf-77998642f6b7,Rinja Polojärvi,F,GENERAL PRACTICE,Ohkolantie 10,Kellokoski,18,04500,60.53054,25.10548,1
419ac5c1-f4e2-34e7-8b6e-6f7a0a477831,738aef7e-a279-3f65-9dba-fead16b27400,Valdo Tuura,M,GENERAL PRACTICE,Turuntie 150,Espoo,18,02740,60.22589,24.77581,1071
e6ec764a-e7dc-3456-b071-fdd0d2c6cdfe,9a3e6919-4ed0-32fe-a1e2-7184b06c415f,Satu-Päivikki Högholm,F,GENERAL PRACTICE,Karvasmäentie 6,Espoo,18,02740,60.22011,24.6848,271
6d136878-0cbc-30ba-b10e-9f4989ceaee6,a70486b2-c33a-37b3-a4cf-b3dc06cb9d84,Xin Hoppari,F,GENERAL PRACTICE,Sairaalakatu 1,Vantaa,18,01400,60.3299,25.0608,1966
0bc76dbf-6102-311c-95c7-ce75695d1f7c,bf25636d-50a4-3cf2-b937-0e59fd37503f,Karwan Rötkönen,M,GENERAL PRACTICE,Sairaalankatu 1,Hyvinkää,18,05830,60.612,24.82486,107
04e91fd9-1033-3aa4-af94-fc86590b7a0e,4eddd774-a01b-3a0b-b4c6-736a5581aba4,Miko-Matias Nemlander,M,GENERAL PRACTICE,Ohkolantie 10,Kellokoski,18,04500,60.53054,25.10548,244
f5131f8b-b0d4-3c5f-861e-d14ffed7c992,942171f0-df04-34cc-9c85-1a11b2f08717,Dante Ivaska,M,GENERAL PRACTICE,Sairaalatie 8,Lohja,18,08200,60.2247,24.01885,112
b9f9814a-59ac-3f0a-b46e-3f553c85c853,216a84b2-6287-356d-9bcf-655abf00debb,Silja-Sofia Louhimo,F,GENERAL PRACTICE,Sairaalantie 1,Porvoo,18,06200,60.37911,25.69576,132
cc8a909e-c494-3a57-9f0a-78aee48c0b08,319baef9-e8e6-3320-9e0b-7991d9c167b8,Valdo Tuura,M,GENERAL PRACTICE,Haartmaninkatu 4,Helsinki,18,00290,60.189159,24.909081,6
8f0d40a9-d1a1-3347-83dc-9e0293739441,af916982-f5f8-341b-b159-69e72695294c,Miko-Matias Nemlander,M,GENERAL PRACTICE,Sairaalakatu 1,Vantaa,18,01400,60.3299,25.0608,2
