person_id,gender_concept_id,year_of_birth,month_of_birth,day_of_birth,birth_datetime,race_concept_id,ethnicity_concept_id,location_id,provider_id,care_site_id,person_source_value,gender_source_value,gender_source_concept_id,race_source_value,race_source_concept_id,ethnicity_source_value,ethnicity_source_concept_id
1656,8532,2014,12,28,,8527,0,1656,,,ba7b5d89-86ee-4f7c-bdc8-d036af45280d,F,0,white,0,nonhispanic,0
1657,8507,1988,2,27,,8527,0,1657,,,51fd9147-c604-4dbe-91c7-d6d52cee11ce,M,0,white,0,nonhispanic,0
1658,8507,1971,7,9,,8527,0,1658,,,aea0a483-b014-4b42-8c4a-b4e745dd3e5f,M,0,white,0,nonhispanic,0
1659,8507,1972,3,25,,8527,0,1659,,,3569f8c5-5456-487b-9230-7c18dd1cff28,M,0,white,0,nonhispanic,0
1660,8507,1965,5,21,,8527,0,1660,,,db6cb3a1-9acd-470a-89cd-49765485aa4a,M,0,white,0,nonhispanic,0
1661,8532,1948,11,25,,8527,0,1661,,,be491997-cec9-459e-acab-cfaf538d9397,F,0,white,0,nonhispanic,0
1662,8507,1942,3,24,,8527,0,1662,,,ba5288d9-fdc9-44a0-a9b3-3a22312d9c89,M,0,white,0,nonhispanic,0
1663,8532,1939,1,11,,8527,0,1663,,,00dc2e60-7021-4c5f-bdeb-d17d8bff70dc,F,0,white,0,nonhispanic,0
1664,8532,1936,1,29,,8527,0,1664,,,7cb39181-a309-4514-b65a-4beeb3c37848,F,0,white,0,nonhispanic,0
1665,8532,1957,9,26,,8527,0,1665,,,12e2d6c6-80a8-45b8-bdaa-37596845cf75,F,0,white,0,nonhispanic,0
1666,8532,1954,9,2,,8527,0,1666,,,3bd1c0b7-5313-4278-aa58-a5d1f9022671,F,0,white,0,nonhispanic,0
1667,8532,1953,6,12,,8527,0,1667,,,baa03cf0-916f-41b0-b6d6-ba71178542a0,F,0,white,0,nonhispanic,0
1668,8507,1965,6,5,,8527,0,1668,,,e22cc0e0-d3c5-4d6f-98db-322a510c0dbc,M,0,white,0,nonhispanic,0
1669,8507,1969,7,31,,8527,0,1669,,,30d89e5f-17fe-4a95-aff3-2316f52a23b0,M,0,white,0,nonhispanic,0
1670,8507,1961,8,17,,8527,0,1670,,,88069aef-56a4-4ce4-ac67-940e6d6e7d89,M,0,white,0,nonhispanic,0
1671,8532,1964,8,13,,8527,0,1671,,,a5d47443-3c55-4000-88c3-f02db6740a9a,F,0,white,0,nonhispanic,0
1672,8507,1992,1,28,,8527,0,1672,,,1e2181e6-3e6d-4acf-87b8-e4859fef33ba,M,0,white,0,nonhispanic,0
1673,8532,1984,12,22,,8527,0,1673,,,009973f9-60b8-4153-b62a-79a4efe72bde,F,0,white,0,nonhispanic,0
1674,8507,1997,5,7,,8527,0,1674,,,03e99ed2-8a78-4a31-ad22-842c9b5f04fc,M,0,white,0,nonhispanic,0
1675,8532,1940,2,22,,8527,0,1675,,,a0785137-114a-432c-98ea-7c2598c20a20,F,0,white,0,nonhispanic,0
1676,8532,1990,8,13,,8527,0,1676,,,3d76618e-2489-47b1-885c-c2365672b953,F,0,white,0,nonhispanic,0
1677,8507,1936,12,9,,8527,0,1677,,,d2f5edb3-3a55-4621-88b8-75a702169f25,M,0,white,0,nonhispanic,0
1678,8507,1998,1,11,,8527,0,1678,,,3b1bfd35-ecf7-45fa-9cf3-f06c94e5c441,M,0,white,0,nonhispanic,0
1679,8532,1943,12,4,,8527,0,1679,,,a51429d6-60ea-40f2-b360-09832df7172a,F,0,white,0,nonhispanic,0
1680,8532,2017,2,20,,8527,0,1680,,,a5497453-c11e-4aff-8d29-bf395a5ab11a,F,0,white,0,nonhispanic,0
1681,8532,1941,5,13,,8527,0,1681,,,9961d761-8bf8-4810-9fdf-719367229689,F,0,white,0,nonhispanic,0
1682,8507,1913,5,8,,8527,0,1682,,,f6d38747-7f0c-4054-9857-fddf434f8fa4,M,0,white,0,nonhispanic,0
1683,8532,2004,12,30,,8527,0,1683,,,9c0d189f-0a2b-4312-a225-f79899ab067d,F,0,white,0,nonhispanic,0
1684,8532,1975,9,17,,8527,0,1684,,,bfb24ed8-ad0c-4472-83de-28d7c3a00f7d,F,0,white,0,nonhispanic,0
1685,8507,1966,8,16,,8527,0,1685,,,9cb07b3a-9147-4651-ba40-6ee49d83c4a1,M,0,white,0,nonhispanic,0
1686,8507,1980,1,3,,8527,0,1686,,,392be4a2-e19e-466f-a7f0-d8f1b476b836,M,0,white,0,nonhispanic,0
1687,8532,1940,2,22,,8527,0,1687,,,31c77469-d03d-4fdc-b4b6-e804712864af,F,0,white,0,nonhispanic,0
1688,8532,2004,9,21,,8527,0,1688,,,197de682-9704-42e4-bec5-80433c74c4a0,F,0,white,0,nonhispanic,0
1689,8507,1991,1,9,,8527,0,1689,,,6b876ac4-9508-45c1-867e-3c249e5afa16,M,0,white,0,nonhispanic,0
1690,8532,1958,4,11,,8527,0,1690,,,bffd5325-d1bf-4a55-a630-f74142c9ba63,F,0,white,0,nonhispanic,0
1691,8532,1969,9,24,,8527,0,1691,,,53c3bd27-01bf-4cca-b1ba-09492bec4a20,F,0,white,0,nonhispanic,0
1692,8507,2010,2,28,,8527,0,1692,,,497fe427-0e96-496e-82a9-911596f0a286,M,0,white,0,nonhispanic,0
1693,8507,1939,8,6,,8527,0,1693,,,d54b0a37-9ceb-4baf-809b-06fb28ed32b2,M,0,white,0,nonhispanic,0
1694,8532,1981,1,1,,8527,0,1694,,,2e7a614e-d9ff-4857-8673-3f885ab3c5c4,F,0,white,0,nonhispanic,0
1695,8507,2012,9,5,,8527,0,1695,,,87784ae1-354b-433f-922a-a93fc0fe91d3,M,0,white,0,nonhispanic,0
1696,8507,1952,7,16,,8527,0,1696,,,36cb291a-4dcb-4305-ba61-0f21cc422642,M,0,white,0,nonhispanic,0
1697,8532,1963,10,21,,8527,0,1697,,,69f382cd-6723-49d9-9993-52042b4ebd00,F,0,white,0,nonhispanic,0
1698,8532,1972,2,27,,8527,0,1698,,,d6fd9bcc-cda4-42ed-b1d6-097d2b55bd89,F,0,white,0,nonhispanic,0
1699,8507,1913,5,8,,8527,0,1699,,,399ca9ed-a2fa-41bc-9ed4-6fd983a12c4c,M,0,white,0,nonhispanic,0
1700,8507,1997,4,28,,8527,0,1700,,,f40aa9fb-8ec6-45a7-be2b-235f7b7006ba,M,0,white,0,nonhispanic,0
1701,8532,1988,5,19,,8527,0,1701,,,15ce6fe6-6f6f-45d0-bb97-b09f7a1deb54,F,0,white,0,nonhispanic,0
1702,8507,1912,8,3,,8527,0,1702,,,6bf70e08-7541-4da8-a867-6cfd6ec00df4,M,0,white,0,nonhispanic,0
1703,8507,1962,8,8,,8527,0,1703,,,cd8d0c9e-f8c3-43b6-98ef-275838bd86a3,M,0,white,0,nonhispanic,0
1704,8507,1994,1,13,,8527,0,1704,,,7e195aea-288e-42fa-907b-569dffaf1644,M,0,white,0,nonhispanic,0
1705,8532,1951,1,18,,8527,0,1705,,,23eef313-533e-4537-b85d-1ab00a0bb2f4,F,0,white,0,nonhispanic,0
1706,8507,1925,1,2,,8527,0,1706,,,2b942b72-4b5c-4e2e-bd79-c2b6c105a53f,M,0,white,0,nonhispanic,0
1707,8532,1959,7,12,,8527,0,1707,,,e220ce30-8dfa-4a35-b2f2-50371d5c38a7,F,0,white,0,nonhispanic,0
1708,8532,1983,2,4,,8527,0,1708,,,c7154713-85e7-4908-a248-9bf2fc0417cb,F,0,white,0,nonhispanic,0
1709,8507,2013,7,30,,8527,0,1709,,,a9dc8284-0363-43bf-8ba4-a3ce6af0a10f,M,0,white,0,nonhispanic,0
1710,8532,1955,10,2,,8527,0,1710,,,91ca12a5-b0c9-4d40-ba47-ee14dd57401e,F,0,white,0,nonhispanic,0
1711,8507,2006,10,8,,8527,0,1711,,,e4a60632-fe3d-4393-9e22-90138774da15,M,0,white,0,nonhispanic,0
1712,8532,2018,5,2,,8527,0,1712,,,bd2a63a1-cf5e-4268-9cd8-fca39f872bd7,F,0,white,0,nonhispanic,0
1713,8532,1966,4,16,,8527,0,1713,,,f9ea6555-fefd-4e5b-bce4-6de1fcaf0602,F,0,white,0,nonhispanic,0
1714,8507,1978,6,9,,8527,0,1714,,,b5c15cbc-b387-4f2f-9195-66068c1bb5dd,M,0,white,0,nonhispanic,0
1715,8532,1983,10,26,,8527,0,1715,,,14b6e5b4-230e-49c8-b81a-a51356befb21,F,0,white,0,nonhispanic,0
1716,8532,1977,12,29,,8527,0,1716,,,e4cabce8-93fb-4143-be6a-f9e3c3649110,F,0,white,0,nonhispanic,0
1717,8532,1998,11,4,,8527,0,1717,,,6d21a902-ed0c-4fe9-8adf-d8304efdac8e,F,0,white,0,nonhispanic,0
1718,8507,1974,10,8,,8527,0,1718,,,a6897b08-df00-486a-9a0c-f3d50c35d359,M,0,white,0,nonhispanic,0
1719,8507,2001,12,27,,8527,0,1719,,,2de304fe-b139-48db-a2e9-412ebd998373,M,0,white,0,nonhispanic,0
1720,8507,1965,2,9,,8527,0,1720,,,1eb07836-d680-44b8-b149-abc14ba3810a,M,0,white,0,nonhispanic,0
1721,8532,1983,3,6,,8527,0,1721,,,1b9eb531-651e-4e86-b62f-d6f64a2d96a2,F,0,white,0,nonhispanic,0
1722,8532,2017,1,5,,8527,0,1722,,,313ccf40-a4c2-47e0-a044-208de33f3b38,F,0,white,0,nonhispanic,0
1723,8507,1912,8,3,,8527,0,1723,,,6a204b5b-82e1-4895-8810-b84cfda39ef3,M,0,white,0,nonhispanic,0
1724,8507,1994,7,1,,8527,0,1724,,,9f6f32f9-598f-42ff-89ae-0e293a210b1d,M,0,white,0,nonhispanic,0
1725,8532,2004,4,1,,8527,0,1725,,,2eb4dea9-5b9e-4ce7-9911-05c497d5e671,F,0,white,0,nonhispanic,0
1726,8532,1959,12,24,,8527,0,1726,,,3cf5aa2b-1298-489d-a141-a1fec20c8167,F,0,white,0,nonhispanic,0
1727,8532,2007,6,23,,8527,0,1727,,,15e80d67-0d1d-4546-a053-8e5f76b46dd1,F,0,white,0,nonhispanic,0
1728,8532,1970,4,23,,8527,0,1728,,,42c1a0e4-6954-4cda-84b8-423f0e3aec76,F,0,white,0,nonhispanic,0
1729,8532,2019,9,24,,8527,0,1729,,,553b443b-d516-4f0b-8aaa-c4a9ec9a5ed8,F,0,white,0,nonhispanic,0
1730,8532,1997,6,3,,8527,0,1730,,,4ead37cf-42b3-44e8-9170-95d847d3c4d0,F,0,white,0,nonhispanic,0
1731,8532,1960,8,20,,8527,0,1731,,,34181855-1629-47e4-890b-2478e2c67e4b,F,0,white,0,nonhispanic,0
1732,8507,1993,9,22,,8527,0,1732,,,0c3c1e5b-9711-4bda-9c0b-3527fad37c99,M,0,white,0,nonhispanic,0
1733,8532,1989,3,22,,8527,0,1733,,,4e26447c-a6e5-4346-b106-15532ce3bdc6,F,0,white,0,nonhispanic,0
1734,8532,1956,8,8,,8527,0,1734,,,883774ef-a700-4158-a8ed-8834d1a7c658,F,0,white,0,nonhispanic,0
1735,8507,2012,3,21,,8527,0,1735,,,e2ce1021-c2fd-45a4-9ba5-483705088efc,M,0,white,0,nonhispanic,0
1736,8532,1986,12,9,,8527,0,1736,,,bb193aab-412c-4958-ae74-df605534d5c7,F,0,white,0,nonhispanic,0
1737,8507,1981,3,14,,8527,0,1737,,,1b290019-d53c-4df3-bb78-82a8f919337e,M,0,white,0,nonhispanic,0
1738,8507,2010,4,5,,8527,0,1738,,,b7a0138c-37c8-44ce-8544-08c92cfec089,M,0,white,0,nonhispanic,0
1739,8507,1962,6,14,,8527,0,1739,,,03e3e4bf-7978-404e-8b3d-4486951aa412,M,0,white,0,nonhispanic,0
1740,8507,2004,7,19,,8527,0,1740,,,6ca5e59b-8a71-4429-9186-b6eaf9b9d08a,M,0,white,0,nonhispanic,0
1741,8507,1983,10,14,,8527,0,1741,,,a0b2fb21-d51c-43a9-911c-79b41c70521f,M,0,white,0,nonhispanic,0
1742,8507,1937,10,13,,8527,0,1742,,,343ed3bf-a909-44f4-9c87-0c290783254a,M,0,white,0,nonhispanic,0
1743,8507,1980,12,28,,8527,0,1743,,,944488cf-8805-4697-bfbf-213e9141c8a3,M,0,white,0,nonhispanic,0
1744,8507,1984,3,4,,8527,0,1744,,,5291fa04-a8fb-4573-9e7b-a43a11c7b528,M,0,white,0,nonhispanic,0
1745,8532,1921,3,17,,8527,0,1745,,,ba39bf12-a613-41a1-aa93-69cef0bcddd8,F,0,white,0,nonhispanic,0
1746,8507,1988,10,1,,8527,0,1746,,,26dd8553-3dce-4e56-9cf8-934de30ba0ae,M,0,white,0,nonhispanic,0
1747,8507,1993,7,1,,8527,0,1747,,,d6a71ae3-6a5d-4942-88bc-5bf378f35b88,M,0,white,0,nonhispanic,0
1748,8507,1998,10,7,,8527,0,1748,,,5f484aa0-1459-45ae-86a2-3790e62eb6d0,M,0,white,0,nonhispanic,0
1749,8507,1946,2,4,,8527,0,1749,,,39a4f624-dd81-4390-8582-64688e61108a,M,0,white,0,nonhispanic,0
1750,8532,2013,11,4,,8527,0,1750,,,9176304b-e4ef-4dee-93b6-9d342f6638de,F,0,white,0,nonhispanic,0
1751,8532,1975,4,27,,8527,0,1751,,,486e8f0f-7093-4a0d-83d1-60b4c786855c,F,0,white,0,nonhispanic,0
1752,8507,1976,2,5,,8527,0,1752,,,d36bf36b-aa8d-4ee0-9aa6-371d1b51bb1d,M,0,white,0,nonhispanic,0
1753,8532,1988,6,16,,8527,0,1753,,,aef585b6-014c-4e83-91ec-491f24ae467e,F,0,white,0,nonhispanic,0
1754,8532,1987,2,17,,8527,0,1754,,,19ba4762-5f71-4652-aba3-69ded8fc15f3,F,0,white,0,nonhispanic,0
1755,8507,1955,6,8,,8527,0,1755,,,31198074-84f3-467d-aa00-623e06588723,M,0,white,0,nonhispanic,0
1756,8532,1956,10,2,,8527,0,1756,,,cfa5af7e-97e5-493d-a195-2f88adb131df,F,0,white,0,nonhispanic,0
1757,8507,1965,4,23,,8527,0,1757,,,19945ab9-6f9c-4a00-a800-a373bf5a5b2a,M,0,white,0,nonhispanic,0
1758,8507,1927,8,22,,8527,0,1758,,,dd781ba5-6930-4de4-98b9-b5ebc407df52,M,0,white,0,nonhispanic,0
