Id,START,STOP,PATIENT,ENCOUNTER,CODE,DESCRIPTION,REASONCODE,REASONDESCRIPTION
bc68d132-234d-4352-8626-bf7d54267b43,2016-11-29,2016-12-06,67fc13da-7253-4293-9dbb-a5e78e3e8304,10388419-9016-49d4-aa3f-dff3dc554a44,53950000,Respiratory therapy,10509002,Acute bronchitis (disorder)
e78470ed-0b83-4c99-87ad-9a3bdc16be0a,2013-10-19,2013-10-26,3584490d-0fdd-4a19-9b40-986c3ab609a5,95f439d9-8086-457c-a2c1-9c117188604b,53950000,Respiratory therapy,10509002,Acute bronchitis (disorder)
1017e571-de27-4803-a29b-145fda1b558e,2015-09-27,2015-10-04,4f8a6410-2245-47a5-963e-cda824c0a9cf,5b88b0e2-3095-4356-8f3a-e2359648bc53,53950000,Respiratory therapy,10509002,Acute bronchitis (disorder)
3028e3c3-6e1e-4bff-bdca-a55d729f6721,2018-11-18,2018-12-02,4f8a6410-2245-47a5-963e-cda824c0a9cf,8fd090d7-78d3-421f-95d8-2b61eabded15,53950000,Respiratory therapy,10509002,Acute bronchitis (disorder)
53f920f2-1df3-4f3e-a704-318c6be18daa,2012-02-29,2012-03-07,b5d7a07c-c1ee-4f69-8baa-7c3a2e12ec03,45e2594e-feb6-4d68-a280-06e663eb4009,53950000,Respiratory therapy,10509002,Acute bronchitis (disorder)
5c04aaa9-6e05-4f7e-a00a-0ed10e96f505,1973-10-27,1974-06-24,857ce369-febb-4302-8802-c733679e7dcf,7353762f-8e6c-40e0-81ee-f6b9ffe69433,53950000,Respiratory therapy,10509002,Acute bronchitis (disorder)
78a5b1fa-ef2f-45cd-b782-f0eb7dac658b,2009-11-28,2010-11-10,7db07bb6-68e7-4b69-bd44-eaa9a4c75c20,9392b1ce-dea3-403d-8cdf-bfa9246ca2ec,53950000,Respiratory therapy,10509002,Acute bronchitis (disorder)
bd2c7702-3816-4bfa-81c0-8bf55249d5d8,2014-02-23,2014-03-02,7db07bb6-68e7-4b69-bd44-eaa9a4c75c20,ec1ad530-8bc3-4a6c-ba15-cdd54e1d3adb,53950000,Respiratory therapy,10509002,Acute bronchitis (disorder)
e0949420-53cc-4614-b976-94d20dae1ee7,2010-05-15,2010-05-29,9a85f75d-c126-4aa1-8028-7c1fd4108d15,4a0f7834-f579-412a-bcde-d8abfeedcf12,53950000,Respiratory therapy,10509002,Acute bronchitis (disorder)
4c2db12a-7d9b-4b95-8fcb-6d18c8576cd5,2017-01-08,2017-01-15,04a8096a-8a1c-4b8b-b954-c54e85bac099,94699ea5-07a0-459c-a796-a3c47c6248a0,53950000,Respiratory therapy,10509002,Acute bronchitis (disorder)
7fba94e3-6aee-4d2d-9262-c532cbb03aae,2019-05-22,2019-06-05,50476a5c-65ca-4883-b2f7-33053bf95538,aa5e6654-c7b0-4811-a026-5278e1afd921,53950000,Respiratory therapy,10509002,Acute bronchitis (disorder)
cfb1b8c4-fe36-4dee-8de1-ea108f3e2771,2013-09-14,2014-09-14,e2b8f5e0-ff8e-4461-a867-96db116c84db,8274fb2c-d664-4e55-9bb9-8fb2a095e7ae,53950000,Respiratory therapy,10509002,Acute bronchitis (disorder)
4af68245-dcc1-45fc-b337-459626beb96f,2011-12-08,2012-01-16,89e687b8-bf5b-4ec0-858d-3def5a253a9a,78cf96b0-d133-4a8f-a7eb-ba82fe0be05a,53950000,Respiratory therapy,10509002,Acute bronchitis (disorder)
cdc8f22c-2dd3-4d81-9751-a5a8874fafa4,2019-08-08,2020-03-02,89e687b8-bf5b-4ec0-858d-3def5a253a9a,f9e9fbbd-7d26-4cd3-9f68-b8efbf24dff1,53950000,Respiratory therapy,10509002,Acute bronchitis (disorder)
bf418c60-3f53-4490-bd3b-0311e6f1f8c8,2015-09-21,2016-02-14,a8490913-fe9d-4497-815c-4338099ef294,78b6074f-fd74-4b98-ad84-b63f9acda4c4,53950000,Respiratory therapy,10509002,Acute bronchitis (disorder)
e5b1fc11-3fc9-4580-b8e2-51f850de57c6,2016-03-17,2016-03-31,a8490913-fe9d-4497-815c-4338099ef294,aa0b580d-5865-4ae1-a603-8fb586ac9214,53950000,Respiratory therapy,10509002,Acute bronchitis (disorder)
4fc297a7-e150-4437-bafb-1346b64321fb,2011-04-15,2011-12-27,48453db3-ca62-4243-ad91-6a0e7906d71e,538b9abb-3759-421e-96a6-4d76225a546d,53950000,Respiratory therapy,10509002,Acute bronchitis (disorder)
b15efc73-dfd8-427a-9cca-7e6dc0db5d78,2018-12-18,2019-04-05,35cabe09-57a0-41b9-96fd-a4f4159368ae,6a6da818-ccc4-45d7-b6e1-9873ea8ee10f,53950000,Respiratory therapy,10509002,Acute bronchitis (disorder)
d3fd6195-7b0d-4805-b8e0-ffafcacb8114,2018-09-08,2019-02-25,11f35480-5d99-46a4-b267-4607621c021f,70e811cd-f0a2-462c-8e35-de503d339f5e,53950000,Respiratory therapy,10509002,Acute bronchitis (disorder)
15e08a62-9a51-462b-9705-07101430ed5c,2017-07-21,2017-07-28,5ae43edd-aa2e-4c30-9ca2-d11b415332df,0c3dfee7-50fd-4b47-8416-c1bfe6fcc3e1,53950000,Respiratory therapy,10509002,Acute bronchitis (disorder)
fe513e14-30fe-4544-90e1-68ea423ea8bb,2017-01-26,2019-09-11,5e9bb2be-79cc-498f-a49b-f07a107c2b37,3dddd61e-8cb1-4020-abae-1a5ffdea35f2,53950000,Respiratory therapy,10509002,Acute bronchitis (disorder)
2a80d3dd-5207-439a-879b-0ad1febdbbf1,2010-10-12,2011-05-23,a70032c6-41ef-4632-b618-e1d24989faff,5ccc6458-ceb5-4242-9844-3e0a95871d49,53950000,Respiratory therapy,10509002,Acute bronchitis (disorder)
d71d5c3f-decd-47d2-af32-9cec2d533606,2010-05-23,2010-12-24,f59c0e5e-6010-4544-903d-579a3757b227,9719f71a-66bb-48a9-a469-1486d3797f8b,53950000,Respiratory therapy,10509002,Acute bronchitis (disorder)
68ae9623-2dc7-401a-b690-b5d296f3e31f,2013-05-19,2013-12-15,ca5d9627-445f-497e-bedc-337db7f37401,724ef6a8-8689-4468-b037-2967dc5a32e0,53950000,Respiratory therapy,10509002,Acute bronchitis (disorder)
8ce1657d-07b5-40ff-b66a-048e4d9236ac,2010-06-20,2010-07-05,c372d026-1ddc-4451-8290-0803eea3fa6b,4659cb08-5d31-4ead-b816-2e7058c2d2d9,53950000,Respiratory therapy,10509002,Acute bronchitis (disorder)
0cb8b3e8-f67b-4228-95a0-195476b09b3e,2012-08-24,2014-07-14,c372d026-1ddc-4451-8290-0803eea3fa6b,3aded950-ccfd-46d7-9972-7a6c7aaf03ce,53950000,Respiratory therapy,10509002,Acute bronchitis (disorder)
9d640567-6517-4aa1-98a5-9ff7d9347ccf,2011-06-08,2011-11-23,05aa3558-4543-4909-ae08-a0e0f061bcb3,79f008a8-8845-49f1-a4a7-32ed830dbcf1,53950000,Respiratory therapy,10509002,Acute bronchitis (disorder)
8d114b6c-5068-4b77-9992-0ec51b4c32fc,2018-01-01,2018-01-08,cf62b0b3-0859-4989-8eac-eeec449f80dc,4929c3cf-b404-44f2-970c-df1fa2899084,53950000,Respiratory therapy,10509002,Acute bronchitis (disorder)
e24e8cd6-6f65-41b1-b2b8-c1466879b138,2017-07-24,2017-07-31,a552f784-a87b-468f-bf14-bba2f2fa3b12,04b2f98d-f973-4afd-bba1-d6ac1b003570,53950000,Respiratory therapy,10509002,Acute bronchitis (disorder)
0b8a9929-86c2-4454-a826-5133c05fa46b,2019-02-22,2019-03-01,a552f784-a87b-468f-bf14-bba2f2fa3b12,2fe17394-f541-4572-a5c7-f26fc7d856f0,53950000,Respiratory therapy,10509002,Acute bronchitis (disorder)
1309576b-5766-402b-8e58-51b95f41c449,2016-08-02,2016-08-09,199894bb-a76d-4ce7-95db-710c25fd8da3,493eea44-36dc-4166-a1ff-5530fab03c0e,53950000,Respiratory therapy,10509002,Acute bronchitis (disorder)
994e959c-8f11-4f74-a3ea-1a869a123024,2010-03-23,2010-07-04,0fdb5777-0d74-4a59-92a5-39cb583e6bb5,1d522b97-7fe8-4bc5-a7b6-ffcfb959cd4f,53950000,Respiratory therapy,10509002,Acute bronchitis (disorder)
ac8362a2-6ab8-4652-920d-9e29b48ae852,2014-07-18,2015-03-12,f374e311-1bd7-4c75-87f5-782687edb65e,de6cc44c-9a55-4c76-9a67-89a3cf038a17,53950000,Respiratory therapy,10509002,Acute bronchitis (disorder)
5512bc7f-d269-4643-b95a-6b75540a60f5,2011-06-02,2012-04-12,d54b0d4f-c192-4b10-87c2-0c1189dd6150,d6fba8aa-c2d4-42fc-bf7e-9695c2f2d471,53950000,Respiratory therapy,10509002,Acute bronchitis (disorder)
76fb1202-325b-4d16-b589-82c0671b9d6a,2012-06-12,2013-04-18,d54b0d4f-c192-4b10-87c2-0c1189dd6150,a1201ef8-6129-43a4-9ebe-ee0dba2f3e73,53950000,Respiratory therapy,10509002,Acute bronchitis (disorder)
4ac75451-beb1-46c5-bc96-d80a94416259,2016-10-18,2017-09-28,7a562cc1-d057-4471-b12c-c77dcf258201,d1b11103-f293-43f8-a61e-d2d122c986d2,53950000,Respiratory therapy,10509002,Acute bronchitis (disorder)
a440933f-e0bd-44c8-bd49-2253b31f5635,2012-03-23,2012-03-30,89595822-c0ff-4867-ae9a-f5e6c011c980,959bc1b2-dfe9-4845-b26d-e9abcb6afa49,53950000,Respiratory therapy,10509002,Acute bronchitis (disorder)
2d31d571-d0b6-4225-90de-fe107d9d5c11,2012-08-28,2012-09-04,cdc2a223-50ef-4bb7-bb45-9a53742e7add,9b4f3d51-fe89-4fe3-92f6-2ec0f23c0226,53950000,Respiratory therapy,10509002,Acute bronchitis (disorder)
cd37d7f9-6d72-402a-b361-31db07723eb4,2016-12-13,2018-10-30,cdc2a223-50ef-4bb7-bb45-9a53742e7add,247d7dbc-edfc-4313-b6de-19005b6d8dce,53950000,Respiratory therapy,10509002,Acute bronchitis (disorder)
