START,STOP,PATIENT,ENCOUNTER,CODE,DESCRIPTION
2016-11-29,2016-12-06,67fc13da-7253-4293-9dbb-a5e78e3e8304,10388419-9016-49d4-aa3f-dff3dc554a44,10509002,Acute bronchitis (disorder)
2013-10-19,2013-10-26,3584490d-0fdd-4a19-9b40-986c3ab609a5,95f439d9-8086-457c-a2c1-9c117188604b,10509002,Acute bronchitis (disorder)
2015-09-27,2015-10-04,4f8a6410-2245-47a5-963e-cda824c0a9cf,5b88b0e2-3095-4356-8f3a-e2359648bc53,10509002,Acute bronchitis (disorder)
2018-11-18,2018-12-02,4f8a6410-2245-47a5-963e-cda824c0a9cf,8fd090d7-78d3-421f-95d8-2b61eabded15,10509002,Acute bronchitis (disorder)
2006-01-25,,04a71026-f63e-45ad-8fe5-8594422e5435,f84ea65b-c931-481e-961c-4ddbebbf7bbb,53741008,Coronary Heart Disease
2012-02-29,2012-03-07,b5d7a07c-c1ee-4f69-8baa-7c3a2e12ec03,45e2594e-feb6-4d68-a280-06e663eb4009,10509002,Acute bronchitis (disorder)
1955-03-21,,857ce369-febb-4302-8802-c733679e7dcf,29104255-61fd-4ea9-a02a-bfed408d4218,53741008,Coronary Heart Disease
1984-04-23,,857ce369-febb-4302-8802-c733679e7dcf,c815f4b8-4308-434b-9f6b-181f91f56fa8,22298006,Myocardial Infarction
1984-04-23,,857ce369-febb-4302-8802-c733679e7dcf,c815f4b8-4308-434b-9f6b-181f91f56fa8,399211009,History of myocardial infarction (situation)
2014-02-23,2014-03-02,7db07bb6-68e7-4b69-bd44-eaa9a4c75c20,ec1ad530-8bc3-4a6c-ba15-cdd54e1d3adb,10509002,Acute bronchitis (disorder)
2010-05-15,2010-05-29,9a85f75d-c126-4aa1-8028-7c1fd4108d15,4a0f7834-f579-412a-bcde-d8abfeedcf12,10509002,Acute bronchitis (disorder)
2015-07-04,,ac2fa77b-723f-4624-9374-e684a182aecf,49437496-9e3d-4e7c-b4eb-cf5cb355e38d,410429000,Cardiac Arrest
2015-07-04,,ac2fa77b-723f-4624-9374-e684a182aecf,49437496-9e3d-4e7c-b4eb-cf5cb355e38d,429007001,History of cardiac arrest (situation)
2017-01-08,2017-01-15,04a8096a-8a1c-4b8b-b954-c54e85bac099,94699ea5-07a0-459c-a796-a3c47c6248a0,10509002,Acute bronchitis (disorder)
1998-11-19,,1f21d3a5-2801-4fa5-9d1a-4a18fb82dfbd,60d176c4-1e6d-4305-a95f-a601ba37e36c,230690007,Stroke
2019-05-22,2019-06-05,50476a5c-65ca-4883-b2f7-33053bf95538,aa5e6654-c7b0-4811-a026-5278e1afd921,10509002,Acute bronchitis (disorder)
2013-09-14,2013-09-21,e2b8f5e0-ff8e-4461-a867-96db116c84db,8274fb2c-d664-4e55-9bb9-8fb2a095e7ae,10509002,Acute bronchitis (disorder)
2011-12-08,2011-12-15,89e687b8-bf5b-4ec0-858d-3def5a253a9a,78cf96b0-d133-4a8f-a7eb-ba82fe0be05a,10509002,Acute bronchitis (disorder)
2019-08-08,2019-08-15,89e687b8-bf5b-4ec0-858d-3def5a253a9a,f9e9fbbd-7d26-4cd3-9f68-b8efbf24dff1,10509002,Acute bronchitis (disorder)
2015-09-21,2015-09-28,a8490913-fe9d-4497-815c-4338099ef294,78b6074f-fd74-4b98-ad84-b63f9acda4c4,10509002,Acute bronchitis (disorder)
2016-03-17,2016-03-31,a8490913-fe9d-4497-815c-4338099ef294,aa0b580d-5865-4ae1-a603-8fb586ac9214,10509002,Acute bronchitis (disorder)
2011-04-15,2011-04-29,48453db3-ca62-4243-ad91-6a0e7906d71e,538b9abb-3759-421e-96a6-4d76225a546d,10509002,Acute bronchitis (disorder)
2017-03-24,,35cabe09-57a0-41b9-96fd-a4f4159368ae,14c56a2f-a202-485b-815c-658701f468a6,49436004,Atrial Fibrillation
2018-12-18,2019-01-01,35cabe09-57a0-41b9-96fd-a4f4159368ae,6a6da818-ccc4-45d7-b6e1-9873ea8ee10f,10509002,Acute bronchitis (disorder)
1971-06-11,,2305e094-198a-4c4f-a9ba-af10592e81f2,81580956-2651-4a7b-af94-a05b86588591,410429000,Cardiac Arrest
1971-06-11,,2305e094-198a-4c4f-a9ba-af10592e81f2,81580956-2651-4a7b-af94-a05b86588591,429007001,History of cardiac arrest (situation)
2013-05-03,,2305e094-198a-4c4f-a9ba-af10592e81f2,9410ea4b-4dca-4b39-a174-5ce3e206d215,53741008,Coronary Heart Disease
2005-02-27,,c033c9fa-5b1e-44fc-903c-3006a14d5d5a,11b886ff-d44f-49af-a36d-3be0915762ad,49436004,Atrial Fibrillation
2018-09-08,2018-09-15,11f35480-5d99-46a4-b267-4607621c021f,70e811cd-f0a2-462c-8e35-de503d339f5e,10509002,Acute bronchitis (disorder)
2017-07-21,2017-07-28,5ae43edd-aa2e-4c30-9ca2-d11b415332df,0c3dfee7-50fd-4b47-8416-c1bfe6fcc3e1,10509002,Acute bronchitis (disorder)
2017-01-26,2017-02-02,5e9bb2be-79cc-498f-a49b-f07a107c2b37,3dddd61e-8cb1-4020-abae-1a5ffdea35f2,10509002,Acute bronchitis (disorder)
2010-10-12,2010-10-26,a70032c6-41ef-4632-b618-e1d24989faff,5ccc6458-ceb5-4242-9844-3e0a95871d49,10509002,Acute bronchitis (disorder)
2010-05-23,2010-05-30,f59c0e5e-6010-4544-903d-579a3757b227,9719f71a-66bb-48a9-a469-1486d3797f8b,10509002,Acute bronchitis (disorder)
2012-09-02,,3280fd86-1276-43cf-9925-1170a317d1b7,ffc03bb8-a54c-462b-893f-5199eaf148f4,53741008,Coronary Heart Disease
2002-02-17,,509f1089-51a2-4ec9-b848-454a8444b1b1,b668259e-0cf1-4cff-b55e-f7ba326c135e,53741008,Coronary Heart Disease
2005-04-10,,509f1089-51a2-4ec9-b848-454a8444b1b1,0caf3acd-deff-4fb2-a689-73256bb21d5f,22298006,Myocardial Infarction
2005-04-10,,509f1089-51a2-4ec9-b848-454a8444b1b1,0caf3acd-deff-4fb2-a689-73256bb21d5f,399211009,History of myocardial infarction (situation)
1995-09-03,,ca5d9627-445f-497e-bedc-337db7f37401,ec7cd691-95d5-4fac-95d9-0d94386f1491,53741008,Coronary Heart Disease
2013-05-19,2013-06-02,ca5d9627-445f-497e-bedc-337db7f37401,724ef6a8-8689-4468-b037-2967dc5a32e0,10509002,Acute bronchitis (disorder)
2014-10-05,,ca5d9627-445f-497e-bedc-337db7f37401,56dd6cc8-2357-42f0-9e96-0c381dff81e8,22298006,Myocardial Infarction
2014-10-05,,ca5d9627-445f-497e-bedc-337db7f37401,56dd6cc8-2357-42f0-9e96-0c381dff81e8,399211009,History of myocardial infarction (situation)
2010-06-20,2010-06-27,c372d026-1ddc-4451-8290-0803eea3fa6b,4659cb08-5d31-4ead-b816-2e7058c2d2d9,10509002,Acute bronchitis (disorder)
2012-08-24,2012-09-07,c372d026-1ddc-4451-8290-0803eea3fa6b,3aded950-ccfd-46d7-9972-7a6c7aaf03ce,10509002,Acute bronchitis (disorder)
2011-06-08,2011-06-22,05aa3558-4543-4909-ae08-a0e0f061bcb3,79f008a8-8845-49f1-a4a7-32ed830dbcf1,10509002,Acute bronchitis (disorder)
1973-11-13,,e70adeb0-31c3-431a-bc58-1aacc492f930,acf4f8c2-4043-4af9-b406-a590e4a22406,410429000,Cardiac Arrest
1973-11-13,,e70adeb0-31c3-431a-bc58-1aacc492f930,acf4f8c2-4043-4af9-b406-a590e4a22406,429007001,History of cardiac arrest (situation)
2013-04-15,,682739ea-5af1-48ab-afbf-630aa48ed29f,42e782bd-4baa-4454-8c3c-edf45638c6d4,49436004,Atrial Fibrillation
2018-01-01,2018-01-08,cf62b0b3-0859-4989-8eac-eeec449f80dc,4929c3cf-b404-44f2-970c-df1fa2899084,10509002,Acute bronchitis (disorder)
2017-07-24,2017-07-31,a552f784-a87b-468f-bf14-bba2f2fa3b12,04b2f98d-f973-4afd-bba1-d6ac1b003570,10509002,Acute bronchitis (disorder)
2019-02-22,2019-03-01,a552f784-a87b-468f-bf14-bba2f2fa3b12,2fe17394-f541-4572-a5c7-f26fc7d856f0,10509002,Acute bronchitis (disorder)
2016-08-02,2016-08-09,199894bb-a76d-4ce7-95db-710c25fd8da3,493eea44-36dc-4166-a1ff-5530fab03c0e,10509002,Acute bronchitis (disorder)
2010-03-23,2010-04-06,0fdb5777-0d74-4a59-92a5-39cb583e6bb5,1d522b97-7fe8-4bc5-a7b6-ffcfb959cd4f,10509002,Acute bronchitis (disorder)
2012-07-15,,0fdb5777-0d74-4a59-92a5-39cb583e6bb5,034f0552-63c8-49b8-8767-f5a32218e516,53741008,Coronary Heart Disease
2012-07-15,,0fdb5777-0d74-4a59-92a5-39cb583e6bb5,034f0552-63c8-49b8-8767-f5a32218e516,49436004,Atrial Fibrillation
2015-06-07,,0fdb5777-0d74-4a59-92a5-39cb583e6bb5,75e4721b-947c-498c-a0e3-db683c5fedbc,22298006,Myocardial Infarction
2015-06-07,,0fdb5777-0d74-4a59-92a5-39cb583e6bb5,75e4721b-947c-498c-a0e3-db683c5fedbc,399211009,History of myocardial infarction (situation)
2014-07-18,2014-07-25,f374e311-1bd7-4c75-87f5-782687edb65e,de6cc44c-9a55-4c76-9a67-89a3cf038a17,10509002,Acute bronchitis (disorder)
2016-08-01,,f63d07ad-2186-42ad-9b00-6d8e9f54d2b1,d95a7f07-422c-46da-85e3-2efc69e433aa,49436004,Atrial Fibrillation
2011-06-02,2011-06-16,d54b0d4f-c192-4b10-87c2-0c1189dd6150,d6fba8aa-c2d4-42fc-bf7e-9695c2f2d471,10509002,Acute bronchitis (disorder)
2012-06-12,2012-06-26,d54b0d4f-c192-4b10-87c2-0c1189dd6150,a1201ef8-6129-43a4-9ebe-ee0dba2f3e73,10509002,Acute bronchitis (disorder)
2016-10-18,2016-11-01,7a562cc1-d057-4471-b12c-c77dcf258201,d1b11103-f293-43f8-a61e-d2d122c986d2,10509002,Acute bronchitis (disorder)
2006-12-26,,228b7ef4-7c9d-469b-b20e-d8560ea87bbe,f7ab013b-7fed-4200-ad98-67c4fa9bb182,53741008,Coronary Heart Disease
2013-12-17,,228b7ef4-7c9d-469b-b20e-d8560ea87bbe,b98d4cf6-065b-4583-a603-ee2de6cf24d9,410429000,Cardiac Arrest
2013-12-17,,228b7ef4-7c9d-469b-b20e-d8560ea87bbe,b98d4cf6-065b-4583-a603-ee2de6cf24d9,429007001,History of cardiac arrest (situation)
2012-03-23,2012-03-30,89595822-c0ff-4867-ae9a-f5e6c011c980,959bc1b2-dfe9-4845-b26d-e9abcb6afa49,10509002,Acute bronchitis (disorder)
1991-09-08,,3886d71b-e71a-4e0a-8f82-1cdc3a3f9b6e,4f34c7e4-59cc-411f-bf60-fb65e3f0145c,410429000,Cardiac Arrest
1991-09-08,,3886d71b-e71a-4e0a-8f82-1cdc3a3f9b6e,4f34c7e4-59cc-411f-bf60-fb65e3f0145c,429007001,History of cardiac arrest (situation)
2012-08-28,2012-09-04,cdc2a223-50ef-4bb7-bb45-9a53742e7add,9b4f3d51-fe89-4fe3-92f6-2ec0f23c0226,10509002,Acute bronchitis (disorder)
2016-12-13,2016-12-27,cdc2a223-50ef-4bb7-bb45-9a53742e7add,247d7dbc-edfc-4313-b6de-19005b6d8dce,10509002,Acute bronchitis (disorder)
