START,STOP,PATIENT,PAYER,ENCOUNTER,CODE,DESCRIPTION,BASE_COST,PAYER_COVERAGE,DISPENSES,TOTALCOST,REASONCODE,REASONDESCRIPTION
2016-11-29,2016-12-06,67fc13da-7253-4293-9dbb-a5e78e3e8304,b1c428d6-4f07-31e0-90f0-68ffa6ff8c76,10388419-9016-49d4-aa3f-dff3dc554a44,1043400,Acetaminophen 21.7 MG/ML / Dextromethorphan Hydrobromide 1 MG/ML / doxylamine succinate 0.417 MG/ML Oral Solution,8.45,0.00,1,8.45,10509002,Acute bronchitis (disorder)
2013-10-19,2013-10-26,3584490d-0fdd-4a19-9b40-986c3ab609a5,b1c428d6-4f07-31e0-90f0-68ffa6ff8c76,95f439d9-8086-457c-a2c1-9c117188604b,1043400,Acetaminophen 21.7 MG/ML / Dextromethorphan Hydrobromide 1 MG/ML / doxylamine succinate 0.417 MG/ML Oral Solution,5.66,0.00,1,5.66,10509002,Acute bronchitis (disorder)
2015-09-27,2015-10-04,4f8a6410-2245-47a5-963e-cda824c0a9cf,b1c428d6-4f07-31e0-90f0-68ffa6ff8c76,5b88b0e2-3095-4356-8f3a-e2359648bc53,313782,Acetaminophen 325 MG Oral Tablet,5.04,0.00,1,5.04,10509002,Acute bronchitis (disorder)
2018-11-18,2018-12-02,4f8a6410-2245-47a5-963e-cda824c0a9cf,b1c428d6-4f07-31e0-90f0-68ffa6ff8c76,8fd090d7-78d3-421f-95d8-2b61eabded15,313782,Acetaminophen 325 MG Oral Tablet,5.48,0.00,1,5.48,10509002,Acute bronchitis (disorder)
2006-01-25,,04a71026-f63e-45ad-8fe5-8594422e5435,b1c428d6-4f07-31e0-90f0-68ffa6ff8c76,f84ea65b-c931-481e-961c-4ddbebbf7bbb,309362,Clopidogrel 75 MG Oral Tablet,89.89,0.00,171,15371.19,,
2006-01-25,,04a71026-f63e-45ad-8fe5-8594422e5435,b1c428d6-4f07-31e0-90f0-68ffa6ff8c76,f84ea65b-c931-481e-961c-4ddbebbf7bbb,312961,Simvastatin 20 MG Oral Tablet,32.90,0.00,171,5625.90,,
2006-01-25,,04a71026-f63e-45ad-8fe5-8594422e5435,b1c428d6-4f07-31e0-90f0-68ffa6ff8c76,f84ea65b-c931-481e-961c-4ddbebbf7bbb,197361,Amlodipine 5 MG Oral Tablet,48.67,0.00,171,8322.57,,
2006-01-25,,04a71026-f63e-45ad-8fe5-8594422e5435,b1c428d6-4f07-31e0-90f0-68ffa6ff8c76,f84ea65b-c931-481e-961c-4ddbebbf7bbb,705129,Nitroglycerin 0.4 MG/ACTUAT Mucosal Spray,14.91,0.00,171,2549.61,,
2012-02-29,2012-03-07,b5d7a07c-c1ee-4f69-8baa-7c3a2e12ec03,b1c428d6-4f07-31e0-90f0-68ffa6ff8c76,45e2594e-feb6-4d68-a280-06e663eb4009,313782,Acetaminophen 325 MG Oral Tablet,6.61,0.00,1,6.61,10509002,Acute bronchitis (disorder)
1955-03-21,1974-06-24,857ce369-febb-4302-8802-c733679e7dcf,b1c428d6-4f07-31e0-90f0-68ffa6ff8c76,29104255-61fd-4ea9-a02a-bfed408d4218,705129,Nitroglycerin 0.4 MG/ACTUAT Mucosal Spray,75.74,0.00,234,17723.16,,
1974-06-24,1984-04-23,857ce369-febb-4302-8802-c733679e7dcf,b1c428d6-4f07-31e0-90f0-68ffa6ff8c76,153c3c55-2ccf-4d6a-b3a0-8d97714f1ddb,705129,Nitroglycerin 0.4 MG/ACTUAT Mucosal Spray,32.05,0.00,119,3813.95,,
1984-04-23,1984-04-23,857ce369-febb-4302-8802-c733679e7dcf,b1c428d6-4f07-31e0-90f0-68ffa6ff8c76,c815f4b8-4308-434b-9f6b-181f91f56fa8,833036,Captopril 25 MG Oral Tablet,87.94,0.00,1,87.94,,
2014-02-23,2014-03-02,7db07bb6-68e7-4b69-bd44-eaa9a4c75c20,b1c428d6-4f07-31e0-90f0-68ffa6ff8c76,ec1ad530-8bc3-4a6c-ba15-cdd54e1d3adb,313782,Acetaminophen 325 MG Oral Tablet,7.93,0.00,1,7.93,10509002,Acute bronchitis (disorder)
2010-05-15,2010-05-29,9a85f75d-c126-4aa1-8028-7c1fd4108d15,b1c428d6-4f07-31e0-90f0-68ffa6ff8c76,4a0f7834-f579-412a-bcde-d8abfeedcf12,313782,Acetaminophen 325 MG Oral Tablet,5.39,0.00,1,5.39,10509002,Acute bronchitis (disorder)
2015-07-04,2015-07-04,ac2fa77b-723f-4624-9374-e684a182aecf,b1c428d6-4f07-31e0-90f0-68ffa6ff8c76,49437496-9e3d-4e7c-b4eb-cf5cb355e38d,1660014,1 ML Epinephrine 1 MG/ML Injection,3.44,0.00,1,3.44,,
2015-07-04,2015-07-04,ac2fa77b-723f-4624-9374-e684a182aecf,b1c428d6-4f07-31e0-90f0-68ffa6ff8c76,49437496-9e3d-4e7c-b4eb-cf5cb355e38d,834357,3 ML Amiodarone hydrocholoride 50 MG/ML Prefilled Syringe,68.90,0.00,1,68.90,,
2015-07-04,2015-07-04,ac2fa77b-723f-4624-9374-e684a182aecf,b1c428d6-4f07-31e0-90f0-68ffa6ff8c76,49437496-9e3d-4e7c-b4eb-cf5cb355e38d,1190795,Atropine Sulfate 1 MG/ML Injectable Solution,13.89,0.00,1,13.89,,
2017-01-08,2017-01-15,04a8096a-8a1c-4b8b-b954-c54e85bac099,b1c428d6-4f07-31e0-90f0-68ffa6ff8c76,94699ea5-07a0-459c-a796-a3c47c6248a0,313782,Acetaminophen 325 MG Oral Tablet,5.29,0.00,1,5.29,10509002,Acute bronchitis (disorder)
2019-05-22,2019-06-05,50476a5c-65ca-4883-b2f7-33053bf95538,b1c428d6-4f07-31e0-90f0-68ffa6ff8c76,aa5e6654-c7b0-4811-a026-5278e1afd921,1043400,Acetaminophen 21.7 MG/ML / Dextromethorphan Hydrobromide 1 MG/ML / doxylamine succinate 0.417 MG/ML Oral Solution,8.34,0.00,1,8.34,10509002,Acute bronchitis (disorder)
2013-09-14,2013-09-21,e2b8f5e0-ff8e-4461-a867-96db116c84db,b1c428d6-4f07-31e0-90f0-68ffa6ff8c76,8274fb2c-d664-4e55-9bb9-8fb2a095e7ae,1043400,Acetaminophen 21.7 MG/ML / Dextromethorphan Hydrobromide 1 MG/ML / doxylamine succinate 0.417 MG/ML Oral Solution,11.19,0.00,1,11.19,10509002,Acute bronchitis (disorder)
2011-12-08,2011-12-15,89e687b8-bf5b-4ec0-858d-3def5a253a9a,b1c428d6-4f07-31e0-90f0-68ffa6ff8c76,78cf96b0-d133-4a8f-a7eb-ba82fe0be05a,313782,Acetaminophen 325 MG Oral Tablet,4.75,0.00,1,4.75,10509002,Acute bronchitis (disorder)
2019-08-08,2019-08-15,89e687b8-bf5b-4ec0-858d-3def5a253a9a,b1c428d6-4f07-31e0-90f0-68ffa6ff8c76,f9e9fbbd-7d26-4cd3-9f68-b8efbf24dff1,313782,Acetaminophen 325 MG Oral Tablet,5.05,0.00,1,5.05,10509002,Acute bronchitis (disorder)
2015-09-21,2015-09-28,a8490913-fe9d-4497-815c-4338099ef294,b1c428d6-4f07-31e0-90f0-68ffa6ff8c76,78b6074f-fd74-4b98-ad84-b63f9acda4c4,313782,Acetaminophen 325 MG Oral Tablet,5.67,0.00,1,5.67,10509002,Acute bronchitis (disorder)
2016-03-17,2016-03-31,a8490913-fe9d-4497-815c-4338099ef294,b1c428d6-4f07-31e0-90f0-68ffa6ff8c76,aa0b580d-5865-4ae1-a603-8fb586ac9214,313782,Acetaminophen 325 MG Oral Tablet,6.10,0.00,1,6.10,10509002,Acute bronchitis (disorder)
2011-04-15,2011-04-29,48453db3-ca62-4243-ad91-6a0e7906d71e,b1c428d6-4f07-31e0-90f0-68ffa6ff8c76,538b9abb-3759-421e-96a6-4d76225a546d,313782,Acetaminophen 325 MG Oral Tablet,7.96,0.00,1,7.96,10509002,Acute bronchitis (disorder)
2017-03-24,2019-04-05,35cabe09-57a0-41b9-96fd-a4f4159368ae,b1c428d6-4f07-31e0-90f0-68ffa6ff8c76,14c56a2f-a202-485b-815c-658701f468a6,855332,Warfarin Sodium 5 MG Oral Tablet,35.87,0.00,24,860.88,,
2017-03-24,2019-04-05,35cabe09-57a0-41b9-96fd-a4f4159368ae,b1c428d6-4f07-31e0-90f0-68ffa6ff8c76,14c56a2f-a202-485b-815c-658701f468a6,897718,Verapamil Hydrochloride 40 MG,151.27,0.00,24,3630.48,,
2017-03-24,2019-04-05,35cabe09-57a0-41b9-96fd-a4f4159368ae,b1c428d6-4f07-31e0-90f0-68ffa6ff8c76,14c56a2f-a202-485b-815c-658701f468a6,197604,Digoxin 0.125 MG Oral Tablet,51.13,0.00,24,1227.12,,
2018-12-18,2019-01-01,35cabe09-57a0-41b9-96fd-a4f4159368ae,b1c428d6-4f07-31e0-90f0-68ffa6ff8c76,6a6da818-ccc4-45d7-b6e1-9873ea8ee10f,313782,Acetaminophen 325 MG Oral Tablet,4.89,0.00,1,4.89,10509002,Acute bronchitis (disorder)
2019-04-05,,35cabe09-57a0-41b9-96fd-a4f4159368ae,b1c428d6-4f07-31e0-90f0-68ffa6ff8c76,b77578d5-85df-4497-b820-4662dfd99f7f,897718,Verapamil Hydrochloride 40 MG,36.29,0.00,11,399.19,,
2019-04-05,,35cabe09-57a0-41b9-96fd-a4f4159368ae,b1c428d6-4f07-31e0-90f0-68ffa6ff8c76,b77578d5-85df-4497-b820-4662dfd99f7f,197604,Digoxin 0.125 MG Oral Tablet,79.96,0.00,11,879.56,,
2019-04-05,,35cabe09-57a0-41b9-96fd-a4f4159368ae,b1c428d6-4f07-31e0-90f0-68ffa6ff8c76,b77578d5-85df-4497-b820-4662dfd99f7f,855332,Warfarin Sodium 5 MG Oral Tablet,99.99,0.00,11,1099.89,,
2013-05-03,,2305e094-198a-4c4f-a9ba-af10592e81f2,b1c428d6-4f07-31e0-90f0-68ffa6ff8c76,9410ea4b-4dca-4b39-a174-5ce3e206d215,309362,Clopidogrel 75 MG Oral Tablet,60.40,0.00,83,5013.20,,
2013-05-03,,2305e094-198a-4c4f-a9ba-af10592e81f2,b1c428d6-4f07-31e0-90f0-68ffa6ff8c76,9410ea4b-4dca-4b39-a174-5ce3e206d215,312961,Simvastatin 20 MG Oral Tablet,23.34,0.00,83,1937.22,,
2013-05-03,,2305e094-198a-4c4f-a9ba-af10592e81f2,b1c428d6-4f07-31e0-90f0-68ffa6ff8c76,9410ea4b-4dca-4b39-a174-5ce3e206d215,197361,Amlodipine 5 MG Oral Tablet,14.99,0.00,83,1244.17,,
2013-05-03,,2305e094-198a-4c4f-a9ba-af10592e81f2,b1c428d6-4f07-31e0-90f0-68ffa6ff8c76,9410ea4b-4dca-4b39-a174-5ce3e206d215,705129,Nitroglycerin 0.4 MG/ACTUAT Mucosal Spray,112.35,0.00,83,9325.05,,
2005-02-27,,c033c9fa-5b1e-44fc-903c-3006a14d5d5a,b1c428d6-4f07-31e0-90f0-68ffa6ff8c76,11b886ff-d44f-49af-a36d-3be0915762ad,855332,Warfarin Sodium 5 MG Oral Tablet,141.09,0.00,182,25678.38,,
2005-02-27,,c033c9fa-5b1e-44fc-903c-3006a14d5d5a,b1c428d6-4f07-31e0-90f0-68ffa6ff8c76,11b886ff-d44f-49af-a36d-3be0915762ad,897718,Verapamil Hydrochloride 40 MG,155.23,0.00,182,28251.86,,
2005-02-27,,c033c9fa-5b1e-44fc-903c-3006a14d5d5a,b1c428d6-4f07-31e0-90f0-68ffa6ff8c76,11b886ff-d44f-49af-a36d-3be0915762ad,197604,Digoxin 0.125 MG Oral Tablet,56.32,0.00,182,10250.24,,
2018-09-08,2018-09-15,11f35480-5d99-46a4-b267-4607621c021f,b1c428d6-4f07-31e0-90f0-68ffa6ff8c76,70e811cd-f0a2-462c-8e35-de503d339f5e,1043400,Acetaminophen 21.7 MG/ML / Dextromethorphan Hydrobromide 1 MG/ML / doxylamine succinate 0.417 MG/ML Oral Solution,10.77,0.00,1,10.77,10509002,Acute bronchitis (disorder)
2017-07-21,2017-07-28,5ae43edd-aa2e-4c30-9ca2-d11b415332df,b1c428d6-4f07-31e0-90f0-68ffa6ff8c76,0c3dfee7-50fd-4b47-8416-c1bfe6fcc3e1,1043400,Acetaminophen 21.7 MG/ML / Dextromethorphan Hydrobromide 1 MG/ML / doxylamine succinate 0.417 MG/ML Oral Solution,9.94,0.00,1,9.94,10509002,Acute bronchitis (disorder)
2017-01-26,2017-02-02,5e9bb2be-79cc-498f-a49b-f07a107c2b37,b1c428d6-4f07-31e0-90f0-68ffa6ff8c76,3dddd61e-8cb1-4020-abae-1a5ffdea35f2,313782,Acetaminophen 325 MG Oral Tablet,6.67,0.00,1,6.67,10509002,Acute bronchitis (disorder)
2010-10-12,2010-10-26,a70032c6-41ef-4632-b618-e1d24989faff,b1c428d6-4f07-31e0-90f0-68ffa6ff8c76,5ccc6458-ceb5-4242-9844-3e0a95871d49,313782,Acetaminophen 325 MG Oral Tablet,8.33,0.00,1,8.33,10509002,Acute bronchitis (disorder)
2010-05-23,2010-05-30,f59c0e5e-6010-4544-903d-579a3757b227,b1c428d6-4f07-31e0-90f0-68ffa6ff8c76,9719f71a-66bb-48a9-a469-1486d3797f8b,1043400,Acetaminophen 21.7 MG/ML / Dextromethorphan Hydrobromide 1 MG/ML / doxylamine succinate 0.417 MG/ML Oral Solution,6.16,0.00,1,6.16,10509002,Acute bronchitis (disorder)
2012-09-02,,3280fd86-1276-43cf-9925-1170a317d1b7,b1c428d6-4f07-31e0-90f0-68ffa6ff8c76,ffc03bb8-a54c-462b-893f-5199eaf148f4,309362,Clopidogrel 75 MG Oral Tablet,106.22,0.00,91,9666.02,,
2012-09-02,,3280fd86-1276-43cf-9925-1170a317d1b7,b1c428d6-4f07-31e0-90f0-68ffa6ff8c76,ffc03bb8-a54c-462b-893f-5199eaf148f4,312961,Simvastatin 20 MG Oral Tablet,41.00,0.00,91,3731.00,,
2012-09-02,,3280fd86-1276-43cf-9925-1170a317d1b7,b1c428d6-4f07-31e0-90f0-68ffa6ff8c76,ffc03bb8-a54c-462b-893f-5199eaf148f4,197361,Amlodipine 5 MG Oral Tablet,29.51,0.00,91,2685.41,,
2012-09-02,,3280fd86-1276-43cf-9925-1170a317d1b7,b1c428d6-4f07-31e0-90f0-68ffa6ff8c76,ffc03bb8-a54c-462b-893f-5199eaf148f4,705129,Nitroglycerin 0.4 MG/ACTUAT Mucosal Spray,151.67,0.00,91,13801.97,,
2002-02-17,2005-04-10,509f1089-51a2-4ec9-b848-454a8444b1b1,b1c428d6-4f07-31e0-90f0-68ffa6ff8c76,b668259e-0cf1-4cff-b55e-f7ba326c135e,309362,Clopidogrel 75 MG Oral Tablet,71.85,0.00,38,2730.30,,
2002-02-17,,509f1089-51a2-4ec9-b848-454a8444b1b1,b1c428d6-4f07-31e0-90f0-68ffa6ff8c76,b668259e-0cf1-4cff-b55e-f7ba326c135e,312961,Simvastatin 20 MG Oral Tablet,22.30,0.00,38,847.40,,
2002-02-17,,509f1089-51a2-4ec9-b848-454a8444b1b1,b1c428d6-4f07-31e0-90f0-68ffa6ff8c76,b668259e-0cf1-4cff-b55e-f7ba326c135e,197361,Amlodipine 5 MG Oral Tablet,72.03,0.00,38,2737.14,,
2002-02-17,2005-04-10,509f1089-51a2-4ec9-b848-454a8444b1b1,b1c428d6-4f07-31e0-90f0-68ffa6ff8c76,b668259e-0cf1-4cff-b55e-f7ba326c135e,705129,Nitroglycerin 0.4 MG/ACTUAT Mucosal Spray,296.65,0.00,38,11272.70,,
2005-04-10,2005-04-10,509f1089-51a2-4ec9-b848-454a8444b1b1,b1c428d6-4f07-31e0-90f0-68ffa6ff8c76,0caf3acd-deff-4fb2-a689-73256bb21d5f,259255,Atorvastatin 80 MG Oral Tablet,175.21,0.00,1,175.21,,
2005-04-10,2005-04-10,509f1089-51a2-4ec9-b848-454a8444b1b1,b1c428d6-4f07-31e0-90f0-68ffa6ff8c76,0caf3acd-deff-4fb2-a689-73256bb21d5f,833036,Captopril 25 MG Oral Tablet,84.66,0.00,1,84.66,,
1995-09-03,2002-10-13,ca5d9627-445f-497e-bedc-337db7f37401,b1c428d6-4f07-31e0-90f0-68ffa6ff8c76,ec7cd691-95d5-4fac-95d9-0d94386f1491,312961,Simvastatin 20 MG Oral Tablet,13.64,0.00,86,1173.04,,
1995-09-03,2002-10-13,ca5d9627-445f-497e-bedc-337db7f37401,b1c428d6-4f07-31e0-90f0-68ffa6ff8c76,ec7cd691-95d5-4fac-95d9-0d94386f1491,197361,Amlodipine 5 MG Oral Tablet,4.65,0.00,86,399.90,,
2002-10-13,2013-12-15,ca5d9627-445f-497e-bedc-337db7f37401,b1c428d6-4f07-31e0-90f0-68ffa6ff8c76,99aea7c1-416d-4a9a-80ca-2ee6a7328311,309362,Clopidogrel 75 MG Oral Tablet,34.79,0.00,136,4731.44,,
2002-10-13,2013-12-15,ca5d9627-445f-497e-bedc-337db7f37401,b1c428d6-4f07-31e0-90f0-68ffa6ff8c76,99aea7c1-416d-4a9a-80ca-2ee6a7328311,705129,Nitroglycerin 0.4 MG/ACTUAT Mucosal Spray,151.76,0.00,136,20639.36,,
2002-10-13,2013-12-15,ca5d9627-445f-497e-bedc-337db7f37401,b1c428d6-4f07-31e0-90f0-68ffa6ff8c76,99aea7c1-416d-4a9a-80ca-2ee6a7328311,312961,Simvastatin 20 MG Oral Tablet,25.28,0.00,136,3438.08,,
2002-10-13,2013-12-15,ca5d9627-445f-497e-bedc-337db7f37401,b1c428d6-4f07-31e0-90f0-68ffa6ff8c76,99aea7c1-416d-4a9a-80ca-2ee6a7328311,197361,Amlodipine 5 MG Oral Tablet,13.35,0.00,136,1815.60,,
2013-05-19,2013-06-02,ca5d9627-445f-497e-bedc-337db7f37401,b1c428d6-4f07-31e0-90f0-68ffa6ff8c76,724ef6a8-8689-4468-b037-2967dc5a32e0,313782,Acetaminophen 325 MG Oral Tablet,5.64,0.00,1,5.64,10509002,Acute bronchitis (disorder)
2013-12-15,2014-10-05,ca5d9627-445f-497e-bedc-337db7f37401,b1c428d6-4f07-31e0-90f0-68ffa6ff8c76,89cbe0bb-838d-43be-824c-54985102264a,309362,Clopidogrel 75 MG Oral Tablet,61.01,0.00,9,549.09,,
2013-12-15,2014-10-05,ca5d9627-445f-497e-bedc-337db7f37401,b1c428d6-4f07-31e0-90f0-68ffa6ff8c76,89cbe0bb-838d-43be-824c-54985102264a,705129,Nitroglycerin 0.4 MG/ACTUAT Mucosal Spray,19.67,0.00,9,177.03,,
2013-12-15,,ca5d9627-445f-497e-bedc-337db7f37401,b1c428d6-4f07-31e0-90f0-68ffa6ff8c76,89cbe0bb-838d-43be-824c-54985102264a,312961,Simvastatin 20 MG Oral Tablet,30.54,0.00,10,305.40,,
2013-12-15,,ca5d9627-445f-497e-bedc-337db7f37401,b1c428d6-4f07-31e0-90f0-68ffa6ff8c76,89cbe0bb-838d-43be-824c-54985102264a,197361,Amlodipine 5 MG Oral Tablet,34.38,0.00,10,343.80,,
2014-10-05,2014-10-05,ca5d9627-445f-497e-bedc-337db7f37401,b1c428d6-4f07-31e0-90f0-68ffa6ff8c76,56dd6cc8-2357-42f0-9e96-0c381dff81e8,259255,Atorvastatin 80 MG Oral Tablet,282.10,0.00,1,282.10,,
2014-10-05,2014-10-05,ca5d9627-445f-497e-bedc-337db7f37401,b1c428d6-4f07-31e0-90f0-68ffa6ff8c76,56dd6cc8-2357-42f0-9e96-0c381dff81e8,833036,Captopril 25 MG Oral Tablet,78.39,0.00,1,78.39,,
2010-06-20,2010-06-27,c372d026-1ddc-4451-8290-0803eea3fa6b,b1c428d6-4f07-31e0-90f0-68ffa6ff8c76,4659cb08-5d31-4ead-b816-2e7058c2d2d9,313782,Acetaminophen 325 MG Oral Tablet,6.02,0.00,1,6.02,10509002,Acute bronchitis (disorder)
2012-08-24,2012-09-07,c372d026-1ddc-4451-8290-0803eea3fa6b,b1c428d6-4f07-31e0-90f0-68ffa6ff8c76,3aded950-ccfd-46d7-9972-7a6c7aaf03ce,313782,Acetaminophen 325 MG Oral Tablet,6.67,0.00,1,6.67,10509002,Acute bronchitis (disorder)
2011-06-08,2011-06-22,05aa3558-4543-4909-ae08-a0e0f061bcb3,b1c428d6-4f07-31e0-90f0-68ffa6ff8c76,79f008a8-8845-49f1-a4a7-32ed830dbcf1,313782,Acetaminophen 325 MG Oral Tablet,5.35,0.00,1,5.35,10509002,Acute bronchitis (disorder)
2013-04-15,,682739ea-5af1-48ab-afbf-630aa48ed29f,b1c428d6-4f07-31e0-90f0-68ffa6ff8c76,42e782bd-4baa-4454-8c3c-edf45638c6d4,855332,Warfarin Sodium 5 MG Oral Tablet,51.24,0.00,84,4304.16,,
2013-04-15,,682739ea-5af1-48ab-afbf-630aa48ed29f,b1c428d6-4f07-31e0-90f0-68ffa6ff8c76,42e782bd-4baa-4454-8c3c-edf45638c6d4,897718,Verapamil Hydrochloride 40 MG,155.40,0.00,84,13053.60,,
2013-04-15,,682739ea-5af1-48ab-afbf-630aa48ed29f,b1c428d6-4f07-31e0-90f0-68ffa6ff8c76,42e782bd-4baa-4454-8c3c-edf45638c6d4,197604,Digoxin 0.125 MG Oral Tablet,42.29,0.00,84,3552.36,,
2018-01-01,2018-01-08,cf62b0b3-0859-4989-8eac-eeec449f80dc,b1c428d6-4f07-31e0-90f0-68ffa6ff8c76,4929c3cf-b404-44f2-970c-df1fa2899084,313782,Acetaminophen 325 MG Oral Tablet,6.10,0.00,1,6.10,10509002,Acute bronchitis (disorder)
2017-07-24,2017-07-31,a552f784-a87b-468f-bf14-bba2f2fa3b12,b1c428d6-4f07-31e0-90f0-68ffa6ff8c76,04b2f98d-f973-4afd-bba1-d6ac1b003570,1043400,Acetaminophen 21.7 MG/ML / Dextromethorphan Hydrobromide 1 MG/ML / doxylamine succinate 0.417 MG/ML Oral Solution,5.99,0.00,1,5.99,10509002,Acute bronchitis (disorder)
2019-02-22,2019-03-01,a552f784-a87b-468f-bf14-bba2f2fa3b12,b1c428d6-4f07-31e0-90f0-68ffa6ff8c76,2fe17394-f541-4572-a5c7-f26fc7d856f0,313782,Acetaminophen 325 MG Oral Tablet,6.52,0.00,1,6.52,10509002,Acute bronchitis (disorder)
2016-08-02,2016-08-09,199894bb-a76d-4ce7-95db-710c25fd8da3,b1c428d6-4f07-31e0-90f0-68ffa6ff8c76,493eea44-36dc-4166-a1ff-5530fab03c0e,313782,Acetaminophen 325 MG Oral Tablet,6.20,0.00,1,6.20,10509002,Acute bronchitis (disorder)
2010-03-23,2010-04-06,0fdb5777-0d74-4a59-92a5-39cb583e6bb5,b1c428d6-4f07-31e0-90f0-68ffa6ff8c76,1d522b97-7fe8-4bc5-a7b6-ffcfb959cd4f,313782,Acetaminophen 325 MG Oral Tablet,5.34,0.00,1,5.34,10509002,Acute bronchitis (disorder)
2012-07-15,2015-06-07,0fdb5777-0d74-4a59-92a5-39cb583e6bb5,b1c428d6-4f07-31e0-90f0-68ffa6ff8c76,034f0552-63c8-49b8-8767-f5a32218e516,309362,Clopidogrel 75 MG Oral Tablet,25.88,0.00,35,905.80,,
2012-07-15,,0fdb5777-0d74-4a59-92a5-39cb583e6bb5,b1c428d6-4f07-31e0-90f0-68ffa6ff8c76,034f0552-63c8-49b8-8767-f5a32218e516,312961,Simvastatin 20 MG Oral Tablet,26.95,0.00,35,943.25,,
2012-07-15,,0fdb5777-0d74-4a59-92a5-39cb583e6bb5,b1c428d6-4f07-31e0-90f0-68ffa6ff8c76,034f0552-63c8-49b8-8767-f5a32218e516,197361,Amlodipine 5 MG Oral Tablet,43.44,0.00,35,1520.40,,
2012-07-15,2015-06-07,0fdb5777-0d74-4a59-92a5-39cb583e6bb5,b1c428d6-4f07-31e0-90f0-68ffa6ff8c76,034f0552-63c8-49b8-8767-f5a32218e516,705129,Nitroglycerin 0.4 MG/ACTUAT Mucosal Spray,39.33,0.00,35,1376.55,,
2012-07-15,,0fdb5777-0d74-4a59-92a5-39cb583e6bb5,b1c428d6-4f07-31e0-90f0-68ffa6ff8c76,034f0552-63c8-49b8-8767-f5a32218e516,855332,Warfarin Sodium 5 MG Oral Tablet,28.81,0.00,35,1008.35,,
2012-07-15,,0fdb5777-0d74-4a59-92a5-39cb583e6bb5,b1c428d6-4f07-31e0-90f0-68ffa6ff8c76,034f0552-63c8-49b8-8767-f5a32218e516,897718,Verapamil Hydrochloride 40 MG,141.36,0.00,35,4947.60,,
2012-07-15,,0fdb5777-0d74-4a59-92a5-39cb583e6bb5,b1c428d6-4f07-31e0-90f0-68ffa6ff8c76,034f0552-63c8-49b8-8767-f5a32218e516,197604,Digoxin 0.125 MG Oral Tablet,72.08,0.00,35,2522.80,,
2015-06-07,2015-06-07,0fdb5777-0d74-4a59-92a5-39cb583e6bb5,b1c428d6-4f07-31e0-90f0-68ffa6ff8c76,75e4721b-947c-498c-a0e3-db683c5fedbc,259255,Atorvastatin 80 MG Oral Tablet,20.64,0.00,1,20.64,,
2015-06-07,2015-06-07,0fdb5777-0d74-4a59-92a5-39cb583e6bb5,b1c428d6-4f07-31e0-90f0-68ffa6ff8c76,75e4721b-947c-498c-a0e3-db683c5fedbc,833036,Captopril 25 MG Oral Tablet,66.00,0.00,1,66.00,,
2014-07-18,2014-07-25,f374e311-1bd7-4c75-87f5-782687edb65e,b1c428d6-4f07-31e0-90f0-68ffa6ff8c76,de6cc44c-9a55-4c76-9a67-89a3cf038a17,1043400,Acetaminophen 21.7 MG/ML / Dextromethorphan Hydrobromide 1 MG/ML / doxylamine succinate 0.417 MG/ML Oral Solution,7.29,0.00,1,7.29,10509002,Acute bronchitis (disorder)
2016-08-01,,f63d07ad-2186-42ad-9b00-6d8e9f54d2b1,b1c428d6-4f07-31e0-90f0-68ffa6ff8c76,d95a7f07-422c-46da-85e3-2efc69e433aa,855332,Warfarin Sodium 5 MG Oral Tablet,47.65,0.00,43,2048.95,,
2016-08-01,,f63d07ad-2186-42ad-9b00-6d8e9f54d2b1,b1c428d6-4f07-31e0-90f0-68ffa6ff8c76,d95a7f07-422c-46da-85e3-2efc69e433aa,897718,Verapamil Hydrochloride 40 MG,46.99,0.00,43,2020.57,,
2016-08-01,,f63d07ad-2186-42ad-9b00-6d8e9f54d2b1,b1c428d6-4f07-31e0-90f0-68ffa6ff8c76,d95a7f07-422c-46da-85e3-2efc69e433aa,197604,Digoxin 0.125 MG Oral Tablet,24.92,0.00,43,1071.56,,
2011-06-02,2011-06-16,d54b0d4f-c192-4b10-87c2-0c1189dd6150,b1c428d6-4f07-31e0-90f0-68ffa6ff8c76,d6fba8aa-c2d4-42fc-bf7e-9695c2f2d471,1043400,Acetaminophen 21.7 MG/ML / Dextromethorphan Hydrobromide 1 MG/ML / doxylamine succinate 0.417 MG/ML Oral Solution,6.91,0.00,1,6.91,10509002,Acute bronchitis (disorder)
2012-06-12,2012-06-26,d54b0d4f-c192-4b10-87c2-0c1189dd6150,b1c428d6-4f07-31e0-90f0-68ffa6ff8c76,a1201ef8-6129-43a4-9ebe-ee0dba2f3e73,313782,Acetaminophen 325 MG Oral Tablet,5.34,0.00,1,5.34,10509002,Acute bronchitis (disorder)
2016-10-18,2016-11-01,7a562cc1-d057-4471-b12c-c77dcf258201,b1c428d6-4f07-31e0-90f0-68ffa6ff8c76,d1b11103-f293-43f8-a61e-d2d122c986d2,313782,Acetaminophen 325 MG Oral Tablet,6.88,0.00,1,6.88,10509002,Acute bronchitis (disorder)
2006-12-26,,228b7ef4-7c9d-469b-b20e-d8560ea87bbe,b1c428d6-4f07-31e0-90f0-68ffa6ff8c76,f7ab013b-7fed-4200-ad98-67c4fa9bb182,309362,Clopidogrel 75 MG Oral Tablet,118.40,0.00,85,10064.00,,
2006-12-26,,228b7ef4-7c9d-469b-b20e-d8560ea87bbe,b1c428d6-4f07-31e0-90f0-68ffa6ff8c76,f7ab013b-7fed-4200-ad98-67c4fa9bb182,312961,Simvastatin 20 MG Oral Tablet,23.78,0.00,85,2021.30,,
2006-12-26,,228b7ef4-7c9d-469b-b20e-d8560ea87bbe,b1c428d6-4f07-31e0-90f0-68ffa6ff8c76,f7ab013b-7fed-4200-ad98-67c4fa9bb182,197361,Amlodipine 5 MG Oral Tablet,27.89,0.00,85,2370.65,,
2006-12-26,,228b7ef4-7c9d-469b-b20e-d8560ea87bbe,b1c428d6-4f07-31e0-90f0-68ffa6ff8c76,f7ab013b-7fed-4200-ad98-67c4fa9bb182,705129,Nitroglycerin 0.4 MG/ACTUAT Mucosal Spray,310.44,0.00,85,26387.40,,
2013-12-17,2013-12-17,228b7ef4-7c9d-469b-b20e-d8560ea87bbe,b1c428d6-4f07-31e0-90f0-68ffa6ff8c76,b98d4cf6-065b-4583-a603-ee2de6cf24d9,1660014,1 ML Epinephrine 1 MG/ML Injection,3.88,0.00,1,3.88,,
2013-12-17,2013-12-17,228b7ef4-7c9d-469b-b20e-d8560ea87bbe,b1c428d6-4f07-31e0-90f0-68ffa6ff8c76,b98d4cf6-065b-4583-a603-ee2de6cf24d9,834357,3 ML Amiodarone hydrocholoride 50 MG/ML Prefilled Syringe,270.00,0.00,1,270.00,,
2013-12-17,2013-12-17,228b7ef4-7c9d-469b-b20e-d8560ea87bbe,b1c428d6-4f07-31e0-90f0-68ffa6ff8c76,b98d4cf6-065b-4583-a603-ee2de6cf24d9,1190795,Atropine Sulfate 1 MG/ML Injectable Solution,24.96,0.00,1,24.96,,
2012-03-23,2012-03-30,89595822-c0ff-4867-ae9a-f5e6c011c980,b1c428d6-4f07-31e0-90f0-68ffa6ff8c76,959bc1b2-dfe9-4845-b26d-e9abcb6afa49,313782,Acetaminophen 325 MG Oral Tablet,4.94,0.00,1,4.94,10509002,Acute bronchitis (disorder)
2012-08-28,2012-09-04,cdc2a223-50ef-4bb7-bb45-9a53742e7add,b1c428d6-4f07-31e0-90f0-68ffa6ff8c76,9b4f3d51-fe89-4fe3-92f6-2ec0f23c0226,313782,Acetaminophen 325 MG Oral Tablet,6.56,0.00,1,6.56,10509002,Acute bronchitis (disorder)
2016-12-13,2016-12-27,cdc2a223-50ef-4bb7-bb45-9a53742e7add,b1c428d6-4f07-31e0-90f0-68ffa6ff8c76,247d7dbc-edfc-4313-b6de-19005b6d8dce,1043400,Acetaminophen 21.7 MG/ML / Dextromethorphan Hydrobromide 1 MG/ML / doxylamine succinate 0.417 MG/ML Oral Solution,10.26,0.00,1,10.26,10509002,Acute bronchitis (disorder)
