Id,NAME,ADDRESS,CITY,STATE,ZIP,LAT,LON,PHONE,REVENUE,UTILIZATION
6e3a689b-5f4c-3946-be10-180a8ba7c680,Aurora Hospital,Nordenskiöldinkatu 20,Helsinki,18,00250,60.19244,24.92811,+358931065605,3500.0,47
319baef9-e8e6-3320-9e0b-7991d9c167b8,Haartman hospital,Haartmaninkatu 4,Helsinki,18,00290,60.189159,24.909081,+35894711,250.0,2
bca99918-a2c6-32bf-af26-057c0e13c120,Herttoniemi Hospital,Kettutie 8,Helsinki,18,00800,60.47152,22.69371,+358947178247,0.0,2
11276b62-3547-3e42-b7b7-e079a2152633,Meilahti Tower Hospital,Haartmaninkatu 4,Helsinki,18,00290,60.47152,22.69371,+358947172432,625.0,5
ecfc6f5c-d314-339d-a46c-e26b3f10e6e9,Psychiatrycenter,Välskärinkatu 12,Helsinki,18,00260,60.17998,24.91999,+35894711,500.0,6
d8f91bff-b1eb-3e4d-8936-10924c36977a,Skin and Allergy Hospital,Meilahdentie 2,Helsinki,18,00250,60.19263,24.89436,+358947186355,3500.0,46
410e8cf7-76a3-307f-b421-5fa7760177f1,Surgical Hospital,Kasarmikatu 11-13,Helsinki,18,00130,60.16102,24.94834,+358947188310,3750.0,51
39010280-b8e5-3b1a-b835-bafbeea21968,Jorvi Hospital,Turuntie 150,Espoo,18,02740,60.22589,24.77581,+35894711,4500.0,62
7b74aa83-5335-38dd-a213-d6df36c7f627,Espoo Hospital,Karvasmäentie 6,Espoo,18,02740,60.22011,24.6848,+35894711,3125.0,38
af916982-f5f8-341b-b159-69e72695294c,Peijas Hospital,Sairaalakatu 1,Vantaa,18,01400,60.3299,25.0608,+358947167371,5625.0,74
b9b4f8d8-b4a7-3164-a21f-c57b0c40c3ff,Hyvinkää Hospital,Sairaalankatu 1,Hyvinkää,18,05830,60.612,24.82486,+3581945871,500.0,4
294d60d6-0e2b-396b-a8bf-77998642f6b7,Kellokoski Hospital,Ohkolantie 10,Kellokoski,18,04500,60.53054,25.10548,+35894711,1250.0,18
8af774ed-7635-320a-ad8c-a63aa309a858,Lohja Hospital,Sairaalatie 8,Lohja,18,08200,60.2247,24.01885,+3581938011,875.0,12
d8b3cbb1-88db-3fc1-bb2b-6a9c0037e6e5,Porvoo Hospital,Sairaalantie 1,Porvoo,18,06200,60.37911,25.69576,+3581954821,125.0,2
738aef7e-a279-3f65-9dba-fead16b27400,Jorvi Hospital,Turuntie 150,Espoo,18,02740,60.22589,24.77581,+35894711,186375.0,1494
9a3e6919-4ed0-32fe-a1e2-7184b06c415f,Espoo Hospital,Karvasmäentie 6,Espoo,18,02740,60.22011,24.6848,+35894711,48750.0,392
a70486b2-c33a-37b3-a4cf-b3dc06cb9d84,Peijas Hospital,Sairaalakatu 1,Vantaa,18,01400,60.3299,25.0608,+358947167371,182125.0,1457
bf25636d-50a4-3cf2-b937-0e59fd37503f,Hyvinkää Hospital,Sairaalankatu 1,Hyvinkää,18,05830,60.612,24.82486,+3581945871,7625.0,61
4eddd774-a01b-3a0b-b4c6-736a5581aba4,Kellokoski Hospital,Ohkolantie 10,Kellokoski,18,04500,60.53054,25.10548,+35894711,20500.0,164
942171f0-df04-34cc-9c85-1a11b2f08717,Lohja Hospital,Sairaalatie 8,Lohja,18,08200,60.2247,24.01885,+3581938011,27750.0,222
216a84b2-6287-356d-9bcf-655abf00debb,Porvoo Hospital,Sairaalantie 1,Porvoo,18,06200,60.37911,25.69576,+3581954821,9875.0,79
319baef9-e8e6-3320-9e0b-7991d9c167b8,Haartman hospital,Haartmaninkatu 4,Helsinki,18,00290,60.189159,24.909081,+35894711,375.0,23
11276b62-3547-3e42-b7b7-e079a2152633,Meilahti Tower Hospital,Haartmaninkatu 4,Helsinki,18,00290,60.47152,22.69371,+358947172432,0.0,2
39010280-b8e5-3b1a-b835-bafbeea21968,Jorvi Hospital,Turuntie 150,Espoo,18,02740,60.22589,24.77581,+35894711,0.0,14
7b74aa83-5335-38dd-a213-d6df36c7f627,Espoo Hospital,Karvasmäentie 6,Espoo,18,02740,60.22011,24.6848,+35894711,0.0,7
af916982-f5f8-341b-b159-69e72695294c,Peijas Hospital,Sairaalakatu 1,Vantaa,18,01400,60.3299,25.0608,+358947167371,125.0,15
b9b4f8d8-b4a7-3164-a21f-c57b0c40c3ff,Hyvinkää Hospital,Sairaalankatu 1,Hyvinkää,18,05830,60.612,24.82486,+3581945871,0.0,4
294d60d6-0e2b-396b-a8bf-77998642f6b7,Kellokoski Hospital,Ohkolantie 10,Kellokoski,18,04500,60.53054,25.10548,+35894711,0.0,1
8af774ed-7635-320a-ad8c-a63aa309a858,Lohja Hospital,Sairaalatie 8,Lohja,18,08200,60.2247,24.01885,+3581938011,0.0,3
