Id,BIRTHDATE,DEATHDATE,SSN,DRIVERS,PASSPORT,PREFIX,FIRST,LAST,SUFFIX,MAIDEN,MARITAL,RACE,ETHNICITY,GENDER,BIRTHPLACE,ADDRESS,CITY,STATE,COUNTY,ZIP,LAT,LON,HEALTHCARE_EXPENSES,HEALTHCARE_COVERAGE
4e3761a9-cdaf-4bf6-a0df-421eb762208d,2005-12-29,,999-83-7759,,,,Toive,Perttu,,,,white,nonhispanic,M,Helsinki  Uusimaa  FI,192 Tihveräinen Katu,Espoo,Uusimaa,Espoo,02650,60.1914736910633,24.756857655063573,2875.0,0.0
e39286ba-613c-499d-87b0-70b3793ee3f3,1998-04-06,,999-39-9396,S99926286,X33792111X,Mr.,Abu,Lavila,,,,white,nonhispanic,M,Vantaa  Uusimaa  FI,1027 Truong Katu,Nurmijärvi,Uusimaa,Nurmijärvi,01820,60.48327321304033,24.736391427385982,3500.0,0.0
67fc13da-7253-4293-9dbb-a5e78e3e8304,2009-04-08,,999-18-8006,,,,Suoma,Kaprio,,,,white,nonhispanic,F,Myrskylä  Uusimaa  FI,162 Ketonen Katu Unit 27,Espoo,Uusimaa,Espoo,02180,60.25337970336058,24.859510412354858,2508.45,0.0
b645940c-848a-4f23-afe9-b771bb452655,1981-02-03,,999-15-6332,S99954812,X29160043X,Mrs.,Rosemary,Lehrbäck,,Wahrman,M,white,nonhispanic,F,Vantaa  Uusimaa  FI,939 Häyrynen Katu,Helsinki,Uusimaa,Helsinki,00920,60.19257519254135,24.93404907365104,4384.74,0.0
05fe74d9-9bc1-45d4-bb75-b437ad1c2bdb,1982-03-21,,999-37-3704,S99974814,X78985250X,Mr.,Zafer,Maljonen,,,S,white,nonhispanic,M,Espoo  Uusimaa  FI,1096 Nordling Katu Unit 42,Vantaa,Uusimaa,Vantaa,01600,60.28364552866513,25.070233045241405,4250.0,0.0
327b63bd-d735-484c-a686-77aad05c940b,1983-01-17,,999-64-1641,S99940968,X32313391X,Mrs.,Cristine,Dahlfors,,Memonen,M,white,nonhispanic,F,Vantaa  Uusimaa  FI,928 Patrikka Katu,Vantaa,Uusimaa,Vantaa,01690,60.27191136073388,25.084162216226826,4390.69,0.0
74fd19f6-ece9-431c-a956-3f18990835de,2018-01-30,,999-82-6340,,,,Lynne,Ribacka,,,,white,nonhispanic,F,Espoo  Uusimaa  FI,311 Harjanne Katu,Kauniainen,Uusimaa,Kauniainen,02700,60.24254687063113,24.74677837435681,1125.0,0.0
b1fb7b96-018f-4dc4-843a-391a6ce85674,2014-05-17,,999-51-2103,,,,Hannakaisa,Santaluoto,,,,white,nonhispanic,F,Helsinki  Uusimaa  FI,909 Haaksi Katu,Helsinki,Uusimaa,Helsinki,00930,60.2741188074786,25.050806495566043,1750.0,0.0
3584490d-0fdd-4a19-9b40-986c3ab609a5,2012-05-26,,999-85-9344,,,,Wanjiku,Hjulgren,,,,white,nonhispanic,F,Espoo  Uusimaa  FI,744 Säisä Katu,Helsinki,Uusimaa,Helsinki,00910,60.10474988529001,24.908707894895652,2130.66,0.0
4f8a6410-2245-47a5-963e-cda824c0a9cf,1990-11-06,,999-84-8128,S99925112,X84163979X,Mrs.,Kylie,Annila,,Karjula,M,white,nonhispanic,F,Vantaa  Uusimaa  FI,187 Lignell Katu,Helsinki,Uusimaa,Helsinki,00410,60.24860909669829,24.95525184952336,4135.52,0.0
e9cbe504-1493-417b-8b1b-ace427f4055e,1971-04-27,,999-99-1553,S99910222,X34373045X,Mrs.,Margetta,Huotilainen,,Larm,M,white,nonhispanic,F,Raasepori  Uusimaa  FI,212 Nummikari Katu,Helsinki,Uusimaa,Helsinki,00520,60.18469956998576,24.94638240401781,5136.08,0.0
04a71026-f63e-45ad-8fe5-8594422e5435,1956-01-25,,999-62-4931,S99956468,X58434130X,Mrs.,Natalie,Ylänkö,,Erikäinen,M,white,nonhispanic,F,Mäntsälä  Uusimaa  FI,552 Sadinmaa Katu,Vantaa,Uusimaa,Vantaa,01510,60.29161280526651,24.832182962547517,6758.3,0.0
caddb2ec-b18f-4526-b95a-bcdba122b2fd,1961-08-21,,999-59-6626,S99990461,X21068979X,Mr.,Malte,Wärri,,,M,white,nonhispanic,M,Mäntsälä  Uusimaa  FI,521 Nybonn Katu Unit 97,Vantaa,Uusimaa,Vantaa,01630,60.28635020414522,24.814097309099683,6262.45,0.0
6618dfc4-f0f5-490a-b2c4-56a9cf8ccad4,1977-09-29,,999-51-6543,S99971079,X74826755X,Mrs.,Mara,Wesin,,Latukka,M,white,nonhispanic,F,Helsinki  Uusimaa  FI,905 Lalli Katu Unit 96,Vantaa,Uusimaa,Vantaa,01380,60.268759175542634,25.02204515771723,4500.0,0.0
538131c9-ddc5-439b-aace-0ee2ba166bf9,1998-05-27,,999-30-4038,S99935241,X2295807X,Ms.,Viivi-Sofia,Kauranne,,,,white,nonhispanic,F,Helsinki  Uusimaa  FI,702 Huovinen Katu,Espoo,Uusimaa,Espoo,02120,60.18968213426215,24.800513009715278,3500.0,0.0
b5d7a07c-c1ee-4f69-8baa-7c3a2e12ec03,2002-04-11,,999-70-5959,S99993187,,,Serhat,Aimonen,,,,white,nonhispanic,M,Espoo  Uusimaa  FI,870 Uttula Katu Suite 9,Vantaa,Uusimaa,Vantaa,01680,60.21995166885281,24.823079724521328,3646.83,0.0
51840f95-f1c9-47d4-9425-f855be0d3436,1974-04-02,,999-53-8799,S99929018,X5438086X,Mrs.,Jenita,Amini,,Lonnakko,M,white,nonhispanic,F,Kerava  Uusimaa  FI,147 Kulta Katu Suite 25,Vantaa,Uusimaa,Vantaa,01300,60.36946647979108,25.11654411334033,5021.6,0.0
368b4e4e-97f5-4368-af0b-b44e9e23ec55,1986-02-13,,999-83-7271,S99950378,X40113974X,Mr.,Ugochukwu,Uusipaavalniemi,PhD,,M,white,nonhispanic,M,Helsinki  Uusimaa  FI,721 Raittinen Katu Unit 62,Helsinki,Uusimaa,Helsinki,00360,60.170547349302325,25.06493275431154,4129.57,0.0
857ce369-febb-4302-8802-c733679e7dcf,1953-04-13,1984-04-23,999-36-1831,S99990995,X205169X,Mrs.,Viivia,Abdi,,Kantele,M,white,nonhispanic,F,Helsinki  Uusimaa  FI,386 Lauanne Katu,Espoo,Uusimaa,Espoo,02160,60.16016799271971,24.697145604363364,5324.85,0.0
6d4f74e2-3017-4d1d-850f-7ba48d603b28,2016-03-27,,999-50-3133,,,,Ghulam,Långskog,,,,white,nonhispanic,M,Espoo  Uusimaa  FI,231 Uusi-Viitala Katu,Mäntsälä,Uusimaa,Mäntsälä,04820,60.79477694968898,25.235074140552253,1625.0,0.0
7db07bb6-68e7-4b69-bd44-eaa9a4c75c20,1985-09-04,,999-85-9949,S99943551,X62450097X,Mrs.,Aslög,Saimanen,,Saunio,M,white,nonhispanic,F,Porvoo  Uusimaa  FI,223 Raipala Katu,Helsinki,Uusimaa,Helsinki,00990,60.271412228955086,24.907116293168993,4389.36,0.0
4d3009a5-afcd-4dbf-b1b7-a75a1b1dbd12,1997-08-10,,999-60-8425,S99995151,X42555996X,Mr.,Leni,Siilanen,,,,white,nonhispanic,M,Porvoo  Uusimaa  FI,554 Kaasalainen Katu,Lohja,Uusimaa,Lohja,09520,60.17317398201377,24.02382136889825,3625.0,0.0
9a85f75d-c126-4aa1-8028-7c1fd4108d15,1990-01-20,,999-42-6160,S99962937,X5511535X,Mr.,Remy,Hyrske,,,M,white,nonhispanic,M,Vantaa  Uusimaa  FI,629 Leikko Katu,Espoo,Uusimaa,Espoo,02780,60.13541035955886,24.659803376903575,4136.05,0.0
fb34d806-cd05-40e5-ac58-22c027d56123,2017-03-02,,999-14-2220,,,,Varvara,Lievetmursu,,,,white,nonhispanic,F,Helsinki  Uusimaa  FI,914 Alakahri Katu,Nurmijärvi,Uusimaa,Nurmijärvi,05450,60.417729596094105,24.735854194323768,1375.0,0.0
18defa88-28bd-436f-9268-a8248267f652,1951-09-27,,999-14-6090,S99925962,X11439699X,Mr.,Aso,Hanhirova,,,M,white,nonhispanic,M,Helsinki  Uusimaa  FI,389 Selinummi Katu,Espoo,Uusimaa,Espoo,02620,60.16774598314373,24.79533438412369,7381.04,0.0
8c52d3ce-2503-48c7-a325-4a5b216156a6,1993-01-08,,999-64-5729,S99945864,X59818634X,Mr.,Gert,Koto,,,M,white,nonhispanic,M,Hyvinkää  Uusimaa  FI,703 Jalo Katu Suite 8,Helsinki,Uusimaa,Helsinki,00800,60.242855776066236,25.018150545693924,3880.85,0.0
263016f4-da49-4563-a773-72ff89e82ddc,1971-08-29,,999-67-7308,S99966305,X29130532X,Mrs.,Dorota,Vuoma,,Luhtavaara,M,white,nonhispanic,F,Espoo  Uusimaa  FI,1051 Pirttinokka Katu,Helsinki,Uusimaa,Helsinki,00860,60.147006634857135,25.00195777154474,5270.46,0.0
54772a89-54d2-4016-af90-d6e34ca76fc1,1975-05-10,,999-23-2784,S99951505,X81575200X,Mrs.,Papu,Haarla,,Raak,M,white,nonhispanic,F,Vantaa  Uusimaa  FI,1061 Lehmusvuori Katu Suite 78,Helsinki,Uusimaa,Helsinki,00590,60.229644115550435,24.855938084997725,4892.26,0.0
b8f14d3d-a647-48ed-b148-b345c02be614,2019-03-01,,999-51-3027,,,,Brynolf,Turkka,,,,white,nonhispanic,M,Helsinki  Uusimaa  FI,671 Nyländen Katu,Helsinki,Uusimaa,Helsinki,00310,60.17076336033507,24.982726373582796,750.0,0.0
814b35b0-4d7c-48be-a969-76cfb27ae654,1987-10-11,,999-64-5545,S99946551,X10244656X,Mrs.,Mirva-Liisa,Sandås,,Palmqvist,M,white,nonhispanic,F,Vantaa  Uusimaa  FI,934 Watts Katu,Vantaa,Uusimaa,Vantaa,01380,60.28521011347791,25.03129896453474,4130.51,0.0
f2132540-bc89-4448-a6a4-b255b9794cfd,1992-01-09,,999-73-6659,S99944281,X31293175X,Mr.,Hilding,Aalto-Setälä,,,M,white,nonhispanic,M,Vantaa  Uusimaa  FI,988 Tursas Katu Apt 80,Helsinki,Uusimaa,Helsinki,00390,60.31893638217056,25.015594491260256,3883.24,0.0
1146f2ee-742d-41b5-80f9-583e577734e1,1981-10-30,,999-47-6866,S99941979,X19244355X,Mr.,Egzon,Puntila,,,M,white,nonhispanic,M,Helsinki  Uusimaa  FI,630 Sipolainen Katu Suite 8,Helsinki,Uusimaa,Helsinki,00710,60.235969577058626,24.98001999187824,4380.95,0.0
95be4c72-8f89-4dda-a966-e3bd9a0876be,1953-04-13,,999-67-9951,S99946353,X21505821X,Mrs.,Amela,Suppula,,Kallioniemi,M,white,nonhispanic,F,Helsinki  Uusimaa  FI,499 Särmäkari Katu Unit 40,Espoo,Uusimaa,Espoo,02740,60.16041914713855,24.82766081482536,7665.38,0.0
ce557116-2652-4a72-928c-c9d4881a86b7,2005-03-20,,999-92-5441,,,,Liisamari,Toiminen,,,,white,nonhispanic,F,Helsinki  Uusimaa  FI,108 Viirumäki Katu Suite 44,Nurmijärvi,Uusimaa,Nurmijärvi,05450,60.31843349031242,24.784077242850024,3004.35,0.0
ac2fa77b-723f-4624-9374-e684a182aecf,1975-05-24,,999-21-4137,S99983283,X88424778X,Mrs.,Brita-Liisa,Kuusikoski,,Merivirta,M,white,nonhispanic,F,Nurmijärvi  Uusimaa  FI,626 Friari Katu,Kirkkonummi,Uusimaa,Kirkkonummi,02400,60.0977106030459,24.420389205611432,4836.23,0.0
04a8096a-8a1c-4b8b-b954-c54e85bac099,2008-04-23,,999-49-9133,,,,Salomo,Bomström,,,,white,nonhispanic,M,Vantaa  Uusimaa  FI,948 Länsipuro Katu Unit 9,Helsinki,Uusimaa,Helsinki,00990,60.25784333439871,24.97961790891287,2630.29,0.0
1f21d3a5-2801-4fa5-9d1a-4a18fb82dfbd,1954-04-29,,999-42-9925,S99986478,X12107897X,Mr.,Dieter,Paasi,,,M,white,nonhispanic,M,Vihti  Uusimaa  FI,658 Kormi Katu Unit 39,Helsinki,Uusimaa,Helsinki,00600,60.211719369659555,24.884847718520753,13569.939999999999,0.0
50476a5c-65ca-4883-b2f7-33053bf95538,1973-05-22,,999-69-8129,S99932341,X68708470X,Ms.,Maisu,Kvarnström,,,S,white,nonhispanic,F,Helsinki  Uusimaa  FI,307 Rannanheimo Katu,Lohja,Uusimaa,Lohja,08100,60.30315834127637,23.866545661056858,5013.53,0.0
e2b8f5e0-ff8e-4461-a867-96db116c84db,1943-05-16,,999-56-9615,S99953016,X82930174X,Ms.,Anetta,Malvikko,,,S,white,nonhispanic,F,Helsinki  Uusimaa  FI,686 Ånäs Katu,Vantaa,Uusimaa,Vantaa,01480,60.25835752050229,25.03878851045814,9168.95,0.0
414ebf72-434c-4f30-a0ed-c649e86a1a0b,1984-10-09,,999-64-4692,S99922061,X61629143X,Mrs.,Jadwiga,Lerbacka,,Tönkyrä,M,white,nonhispanic,F,Lohja  Uusimaa  FI,737 Yli-Hallila Katu Suite 42,Karkkila,Uusimaa,Karkkila,03620,60.55434515481843,24.424293961475705,4649.15,0.0
89e687b8-bf5b-4ec0-858d-3def5a253a9a,2008-02-11,,999-27-3398,,,,Ainoliina,Saikkonen,,,,white,nonhispanic,F,Espoo  Uusimaa  FI,617 Eho Katu Suite 57,Vantaa,Uusimaa,Vantaa,01400,60.292452974110205,25.16158009789073,3018.14,0.0
75777583-9071-4cdb-847f-e9d31fe5b1a7,2005-01-31,,999-41-5379,,,,Yuusuf,Degerstedt,,,,white,nonhispanic,M,Kirkkonummi  Uusimaa  FI,452 Soidinniemi Katu,Porvoo,Uusimaa,Porvoo,07320,60.43833571473821,25.745225753683616,2875.0,0.0
87fd96d7-454b-4427-b1af-0d410a1e648e,1981-06-07,,999-32-8234,S99974879,X17582054X,Mrs.,Hellen,Morgan,,Maikola,M,white,nonhispanic,F,Vantaa  Uusimaa  FI,979 Peuna Katu Apt 81,Helsinki,Uusimaa,Helsinki,00430,60.205793673117704,24.8280279506191,4778.07,0.0
2bdf6fa4-2a3f-4b06-a3b5-8c434b8a4ac6,2017-08-22,,999-52-2725,,,,Hannelore,Apajainen,,,,white,nonhispanic,F,Järvenpää  Uusimaa  FI,388 Arenius Katu Unit 63,Helsinki,Uusimaa,Helsinki,00690,60.17979601049404,24.939231143001933,1250.0,0.0
a8490913-fe9d-4497-815c-4338099ef294,1963-01-27,,999-82-1579,S99974219,X810161X,Mrs.,Abdinasir,Nuottimäki,,Harjuhaahto,M,white,nonhispanic,F,Helsinki  Uusimaa  FI,799 Posio Katu Apt 88,Vantaa,Uusimaa,Vantaa,01600,60.3852035815694,24.805242799129736,6273.81,0.0
2be81bc3-0e38-42e7-a09b-e6b744f8fb89,2016-10-05,,999-19-8407,,,,Moonika,Taipale,,,,white,nonhispanic,F,Helsinki  Uusimaa  FI,372 Ala-Nikula Katu,Helsinki,Uusimaa,Helsinki,00730,60.22941689675828,24.914931062685806,1375.0,0.0
b3ddbe8e-f594-443d-a833-b469e15925aa,1982-12-16,,999-90-9050,S99931483,X21603826X,Ms.,Emelia,Kostekivi,,,S,white,nonhispanic,F,Helsinki  Uusimaa  FI,829 Talman Katu,Vantaa,Uusimaa,Vantaa,01630,60.260496363312846,25.102450797413585,4512.42,0.0
5041a9b8-99f0-449f-99b7-620adacd4b1c,1979-03-02,,999-21-2087,S99985718,X5077087X,Mr.,Gökhan,Elijoki,,,M,white,nonhispanic,M,Helsinki  Uusimaa  FI,1064 Vikholm Katu,Helsinki,Uusimaa,Helsinki,00880,60.18851793627074,24.984945057399838,4770.52,0.0
eb543c75-265c-4693-abf7-55c22f8e6df9,1990-08-24,,999-98-2392,S99921239,X44179536X,Ms.,Beada,Kukonlehto,,,S,white,nonhispanic,F,Espoo  Uusimaa  FI,668 Tervalahti Katu Unit 42,Helsinki,Uusimaa,Helsinki,00130,60.26097349176156,24.935640530234245,3875.0,0.0
48453db3-ca62-4243-ad91-6a0e7906d71e,2006-01-10,,999-24-4578,,,,Nike,Ottavainen,,,,white,nonhispanic,F,Helsinki  Uusimaa  FI,438 Fogel Katu Apt 20,Helsinki,Uusimaa,Helsinki,00190,60.2225090345191,24.89567556095079,3007.96,0.0
35cabe09-57a0-41b9-96fd-a4f4159368ae,1954-01-08,,999-77-5284,S99973704,X14593301X,Mr.,Reino,Otranen,,,M,white,nonhispanic,M,Raasepori  Uusimaa  FI,151 Kytökangas Katu,Helsinki,Uusimaa,Helsinki,00910,60.18554772972025,25.04839632130445,7639.18,0.0
2305e094-198a-4c4f-a9ba-af10592e81f2,1956-03-23,,999-41-6095,S99989161,X76805972X,Mr.,Jani-Matti,Vimpeli,,,S,white,nonhispanic,M,Lohja  Uusimaa  FI,1068 Gibson Katu Apt 89,Helsinki,Uusimaa,Helsinki,00270,60.1654007452608,24.922726445571442,7332.49,0.0
c033c9fa-5b1e-44fc-903c-3006a14d5d5a,1929-10-06,,999-78-5721,S99995172,X33328739X,Mrs.,Elizaveta,Nybohm,,Lähteenoja,M,white,nonhispanic,F,Järvenpää  Uusimaa  FI,325 Kaariaho Katu,Hanko,Uusimaa,Hanko,10820,59.84506617818237,22.994272704269807,10537.69,0.0
48a53fb1-1279-43c6-9d01-07a402e15194,2003-08-04,,999-37-1288,S99948843,,,Pirkko-Liisa,Kormi,,,,white,nonhispanic,F,Espoo  Uusimaa  FI,902 Talso Katu Apt 15,Espoo,Uusimaa,Espoo,02970,60.168228756249334,24.80521489063826,3125.0,0.0
e69398d1-d20a-4b1d-b154-ebff086a1137,1982-03-30,,999-19-2021,S99971398,X72980105X,Mrs.,Suvi-Maria,Battilana,,Lapinsalo,M,white,nonhispanic,F,Tuusula  Uusimaa  FI,897 Vuorikivi Katu,Espoo,Uusimaa,Espoo,02200,60.2222358382528,24.706245651598728,4511.33,0.0
06abe4ca-2b07-41a1-bac7-113d73fdab6d,1973-06-19,,999-60-1205,S99953400,X6344155X,Mrs.,Karelia,Åsenbrygg,,Pråhl,M,white,nonhispanic,F,Vihti  Uusimaa  FI,613 Kolttola Katu,Tuusula,Uusimaa,Tuusula,04300,60.44956744652447,24.979059452212454,5012.93,0.0
11f35480-5d99-46a4-b267-4607621c021f,2016-03-21,,999-11-9578,,,,Daniele,Maavuori,,,,white,nonhispanic,M,Vihti  Uusimaa  FI,812 Alinen Katu Suite 17,Espoo,Uusimaa,Espoo,02200,60.12765511861865,24.70933259492602,1760.77,0.0
23912ba3-c80d-48e0-8217-f2f6e26f1b82,1976-12-27,,999-39-1336,S99920420,X68128727X,Mrs.,Signild,Aumanen,,Sabel,M,white,nonhispanic,F,Helsinki  Uusimaa  FI,853 Seitala Katu,Vantaa,Uusimaa,Vantaa,01630,60.27243268326959,24.81516618547443,4632.5,0.0
bbf3990f-1f09-46ff-9c85-d98d088d113f,2014-07-25,,999-75-6693,,,,Ila,Arpula,,,,white,nonhispanic,M,Vantaa  Uusimaa  FI,394 Muotka Katu,Espoo,Uusimaa,Espoo,02280,60.157898411170294,24.810652220827148,1750.0,0.0
67e1edc7-a191-4c3f-9953-5abc082939ff,1966-01-09,,999-18-6931,S99932014,X38668442X,Mr.,Pyry-Pekka,Santi,,,S,white,nonhispanic,M,Hyvinkää  Uusimaa  FI,533 Kallila Katu,Helsinki,Uusimaa,Helsinki,00700,60.25840036752698,24.961307843607443,6157.46,0.0
a1a31557-394d-43ad-a6c2-94b7a6d889dd,1985-02-26,,999-51-7777,S99913160,X2280373X,Mr.,Otro,Surenkin,,,M,white,nonhispanic,M,Helsinki  Uusimaa  FI,177 Pomrén Katu,Helsinki,Uusimaa,Helsinki,00330,60.20563252063025,24.955762692453135,4125.0,0.0
3a804575-cc78-4154-bec0-0912509d6252,1981-12-17,,999-15-2938,S99975436,X52787745X,Mr.,Asif,Burakoff,,,M,white,nonhispanic,M,Helsinki  Uusimaa  FI,510 Mustaniemi Katu Apt 47,Helsinki,Uusimaa,Helsinki,00370,60.242153533625014,25.094179607999735,4382.27,0.0
cb3bd21a-eec0-40ac-9e29-d218bcd6a5a5,1979-03-22,,999-58-2183,S99989224,X69718056X,Mr.,Altti,Hautaluoma,,,M,white,nonhispanic,M,Mäntsälä  Uusimaa  FI,714 Hirvola Katu Unit 54,Nurmijärvi,Uusimaa,Nurmijärvi,05250,60.41261470697922,24.751282490859982,4511.04,0.0
a6dbb394-8d41-448d-987b-d1ae93986530,1953-11-10,,999-82-9121,S99959277,X48514825X,Mrs.,Dionne,Roivio,,Stubb,M,white,nonhispanic,F,Helsinki  Uusimaa  FI,896 Enström Katu,Porvoo,Uusimaa,Porvoo,07350,60.34467745480211,25.44516847301508,7129.99,0.0
7e9bf588-9bc0-4e19-83a6-08339576dac8,2006-08-05,,999-89-2658,,,,Margit,Vahanen,,,,white,nonhispanic,F,Espoo  Uusimaa  FI,897 Putus Katu,Helsinki,Uusimaa,Helsinki,00850,60.09963841751624,25.094931314220837,2750.0,0.0
5ae43edd-aa2e-4c30-9ca2-d11b415332df,1989-08-29,,999-39-1132,S99967726,X74447159X,Mrs.,Natasja,Abbas,,Fågel,M,white,nonhispanic,F,Nurmijärvi  Uusimaa  FI,486 Hellanmaa Katu Suite 92,Espoo,Uusimaa,Espoo,02260,60.178038346128105,24.76361603134281,4141.08,0.0
64e8e5b9-fdb1-483e-97db-a1166d6d6b57,1973-11-28,,999-26-4977,S99945232,X87009802X,Mrs.,Minna-Marika,Iso-Ilomäki,,Vakkuri,M,white,nonhispanic,F,Espoo  Uusimaa  FI,336 Kangaskokko Katu Unit 32,Helsinki,Uusimaa,Helsinki,00660,60.27840856486952,24.95171585940841,4879.58,0.0
d87dad48-5535-424d-8f2a-6b8e5751adcd,1966-02-18,,999-36-1039,S99968313,X68270244X,Mr.,Semi,Uusihakala,,,M,white,nonhispanic,M,Helsinki  Uusimaa  FI,100 Stjerna Katu Suite 5,Helsinki,Uusimaa,Helsinki,00980,60.20956056917418,24.857063464455916,5506.84,0.0
5e9bb2be-79cc-498f-a49b-f07a107c2b37,1979-09-05,,999-36-1556,S99991354,X41134630X,Mr.,Abderrahim,Tohkanen,,,M,white,nonhispanic,M,Helsinki  Uusimaa  FI,974 Hilla Katu,Kerava,Uusimaa,Kerava,04260,60.40291249325812,25.124994792888973,4900.77,0.0
a70032c6-41ef-4632-b618-e1d24989faff,1997-04-21,,999-33-9492,S99998827,X60834042X,Mr.,Jan-Mikael,Vierunketo,,,,white,nonhispanic,M,Vantaa  Uusimaa  FI,874 Harsia Katu Apt 83,Järvenpää,Uusimaa,Järvenpää,04420,60.41756752302118,25.189872710756216,3758.33,0.0
9a9a0ae6-d180-4f0f-9fcd-b01a97675264,1991-01-13,,999-37-6958,S99941089,X61080762X,Mr.,Colin,Multaniemi,,,M,white,nonhispanic,M,Vantaa  Uusimaa  FI,794 Tarssanen Katu,Helsinki,Uusimaa,Helsinki,00100,60.15093893069276,24.99220951251839,4139.12,0.0
f59c0e5e-6010-4544-903d-579a3757b227,1958-12-12,,999-52-2533,S99953335,X83855537X,Mr.,Almir,Kuusakoski,,,M,white,nonhispanic,M,Helsinki  Uusimaa  FI,103 Kastepohja Katu Apt 61,Helsinki,Uusimaa,Helsinki,00710,60.220721540872646,24.950212393408556,6638.65,0.0
3280fd86-1276-43cf-9925-1170a317d1b7,1945-05-27,,999-36-1795,S99938759,X81010831X,Mrs.,Viktoriya,Suorsa,MD,Siltola,M,white,nonhispanic,F,Kauniainen  Uusimaa  FI,561 Enegren Katu Unit 89,Helsinki,Uusimaa,Helsinki,00100,60.195872788322696,24.921992169694168,8262.18,0.0
509f1089-51a2-4ec9-b848-454a8444b1b1,1949-01-30,2005-04-10,999-64-8934,S99949613,X2012991X,Mr.,Muhsin,Maanpää,,,M,white,nonhispanic,M,Askola  Uusimaa  FI,155 Ala-Opas Katu,Espoo,Uusimaa,Espoo,02810,60.17791621225242,24.807355598240907,6637.85,0.0
ca5d9627-445f-497e-bedc-337db7f37401,1985-08-25,2014-10-05,999-75-7302,S99949503,X30477081X,Mr.,Vesa-Jukka,Mohamud,,,M,white,nonhispanic,M,Nurmijärvi  Uusimaa  FI,703 Salmiosalo Katu,Espoo,Uusimaa,Espoo,02380,60.12341592809651,24.71232399791741,5955.59,0.0
c372d026-1ddc-4451-8290-0803eea3fa6b,1968-06-24,,999-13-7888,S99941201,X51445095X,Mr.,Jani-Juhani,Paajanen,,,M,white,nonhispanic,M,Helsinki  Uusimaa  FI,493 Putto Katu Suite 51,Kauniainen,Uusimaa,Kauniainen,02700,60.210469717492,24.665499916711603,5648.52,0.0
05aa3558-4543-4909-ae08-a0e0f061bcb3,1958-11-05,,999-71-3401,S99943981,X43635948X,Mr.,Filemon,Koskenmäki,,,M,white,nonhispanic,M,Helsinki  Uusimaa  FI,1077 Saressalo Katu Suite 46,Helsinki,Uusimaa,Helsinki,00820,60.13236593029738,25.033770705048887,7038.47,0.0
acc020aa-5d11-49c9-8411-5e8b614b9346,1953-05-15,,999-92-3915,S99936620,X89677213X,Mr.,Klaus,Lepo,,,M,white,nonhispanic,M,Helsinki  Uusimaa  FI,187 Maliniemi Katu,Järvenpää,Uusimaa,Järvenpää,04460,60.492709438114154,25.191405158644667,7525.78,0.0
e70adeb0-31c3-431a-bc58-1aacc492f930,1945-05-15,,999-78-5932,S99992952,X70702668X,Mrs.,Sini-Johanna,Routi,,Uljonen,M,white,nonhispanic,F,Helsinki  Uusimaa  FI,548 Kellberg Katu,Helsinki,Uusimaa,Helsinki,00210,60.20996230734155,25.056020750121338,8987.74,0.0
12eee8f2-7ce4-4b36-9722-43b02c278d3d,1956-08-13,,999-23-1962,S99933802,X84000830X,Mrs.,Elga,Arrenius,,Siikström,M,white,nonhispanic,F,Helsinki  Uusimaa  FI,444 Hovivuori Katu Apt 85,Vantaa,Uusimaa,Vantaa,01380,60.30929706584645,24.91482124112474,7020.04,0.0
8e2c2cfa-05d6-4054-b096-085718589fb1,1985-08-25,,999-24-6463,S99910378,X73329891X,Mr.,Juhanpoika,Finell,PhD,,S,white,nonhispanic,M,Helsinki  Uusimaa  FI,503 Askolin Katu,Espoo,Uusimaa,Espoo,02170,60.219385598504736,24.838098199426973,4387.92,0.0
e1f372e9-5445-42f8-b6ff-44caa2e8345c,1949-11-19,,999-72-4861,S99926264,X21120975X,Mr.,Danial,Lomakka,,,M,white,nonhispanic,M,Vantaa  Uusimaa  FI,225 Eskills Katu Unit 54,Helsinki,Uusimaa,Helsinki,00930,60.187368794070274,24.924880865864964,7642.49,0.0
c3ff3ef2-1bee-401e-87e4-d32371e58af2,1967-09-07,,999-58-4069,S99917688,X37855657X,Ms.,Pia-Marie,Vehmaskoski,,,S,white,nonhispanic,F,Helsinki  Uusimaa  FI,921 Vuohtoniemi Katu Unit 53,Kauniainen,Uusimaa,Kauniainen,02700,60.20501919946307,24.694445290262976,5648.19,0.0
7e43d94b-3a4b-40d8-9bdb-def549112275,1966-10-06,,999-43-1899,S99965182,X24584754X,Mr.,Ilves,Rännäli,,,M,white,nonhispanic,M,Kerava  Uusimaa  FI,390 Peltovuori Katu Suite 48,Lohja,Uusimaa,Lohja,08700,60.32552446842141,24.02998329758713,6030.03,0.0
682739ea-5af1-48ab-afbf-630aa48ed29f,1963-04-15,,999-64-9442,S99912467,X40573696X,Mrs.,Dahir,Hökkä,,Rinkineva,M,white,nonhispanic,F,Hyvinkää  Uusimaa  FI,487 Lillinen Katu,Helsinki,Uusimaa,Helsinki,00320,60.252163053401894,25.11345611357329,6143.27,0.0
cf62b0b3-0859-4989-8eac-eeec449f80dc,1949-01-30,,999-45-7616,S99939962,X87796420X,Mr.,Alonso,Romanov,,,S,white,nonhispanic,M,Kirkkonummi  Uusimaa  FI,307 Tanhula Katu,Espoo,Uusimaa,Espoo,02270,60.18490638546864,24.78696609366831,8024.6900000000005,0.0
a552f784-a87b-468f-bf14-bba2f2fa3b12,1999-12-25,,999-73-6713,S99990269,X62665597X,Ms.,Ann-Cristin,Friberg,,,,white,nonhispanic,F,Vantaa  Uusimaa  FI,448 Suurkoivu Katu Unit 52,Helsinki,Uusimaa,Helsinki,00980,60.2783058893342,24.985281401150065,3762.51,0.0
6f432a03-b8b4-4c88-a538-9cd958892501,1978-11-20,,999-62-8098,S99927080,X57197890X,Ms.,Inger,Ekonoja,,,S,white,nonhispanic,F,Kerava  Uusimaa  FI,121 Wahlsten Katu,Espoo,Uusimaa,Espoo,02380,60.194900328842316,24.66638598656179,4505.06,0.0
451f0ca4-e5da-4c62-b83e-81b62a2cc634,2002-06-17,,999-86-7821,S99971718,,,Mehdi,Rantamaa,,,,white,nonhispanic,M,Helsinki  Uusimaa  FI,190 Puntila Katu Unit 58,Espoo,Uusimaa,Espoo,02120,60.21046544902142,24.6443768619184,3250.0,0.0
199894bb-a76d-4ce7-95db-710c25fd8da3,1975-02-22,,999-99-5339,S99993909,X17957435X,Mrs.,Mariem,Tillikainen,,Eivola,M,white,nonhispanic,F,Hyvinkää  Uusimaa  FI,935 Gertsch Katu,Helsinki,Uusimaa,Helsinki,00500,60.17738733389695,25.00366598525709,5020.95,0.0
0fdb5777-0d74-4a59-92a5-39cb583e6bb5,1945-04-08,2015-06-07,999-81-7853,S99970677,X6416637X,Mr.,Maxim,Markela,,,M,white,nonhispanic,M,Nurmijärvi  Uusimaa  FI,151 Högnabba Katu Suite 29,Helsinki,Uusimaa,Helsinki,00620,60.15555151189896,24.866564194183706,8179.05,0.0
c823c514-b0e9-4ab2-8b27-924df17b4b15,1976-09-02,,999-71-2966,S99964242,X56844335X,Ms.,Christell,Rouhiainen,,,S,white,nonhispanic,F,Helsinki  Uusimaa  FI,460 Rajala Katu,Kerava,Uusimaa,Kerava,04220,60.39178693759461,25.102560289466556,4895.53,0.0
3242b4e0-efa1-42ab-aa6c-f75089577441,2014-05-20,,999-97-9100,,,,Gudrun,Rotola-Pukkila,,,,white,nonhispanic,F,Nurmijärvi  Uusimaa  FI,409 Wallendahl Katu Unit 68,Helsinki,Uusimaa,Helsinki,00420,60.327782051514184,24.97742405155819,1750.0,0.0
f374e311-1bd7-4c75-87f5-782687edb65e,2006-03-09,,999-55-6316,,,,Toussainte,Rautelius,,,,white,nonhispanic,F,Espoo  Uusimaa  FI,834 Levi Katu,Helsinki,Uusimaa,Helsinki,00680,60.100841945718706,25.040444468024738,3012.71,0.0
f63d07ad-2186-42ad-9b00-6d8e9f54d2b1,1944-03-27,,999-22-6778,S99975163,X30374675X,Ms.,Warda,Bulut,,,S,white,nonhispanic,F,Helsinki  Uusimaa  FI,299 Ojonen Katu,Helsinki,Uusimaa,Helsinki,00230,60.1695498423934,25.127128189791563,8516.62,0.0
248b074f-c6ff-495f-a11b-234470238abf,2005-04-19,,999-88-1290,,,,Ria-Maria,Ekebom,,,,white,nonhispanic,F,Helsinki  Uusimaa  FI,402 Kastus Katu Suite 3,Helsinki,Uusimaa,Helsinki,00690,60.15863818082141,25.062658016444075,2875.0,0.0
6c62be7d-33f5-4c13-9e72-fbd66f4c60c7,1984-04-17,,999-25-3581,S99933178,X4140276X,Ms.,Hansdotter,Vuorelma,,,S,white,nonhispanic,F,Helsinki  Uusimaa  FI,1022 Tempakka Katu Suite 75,Lohja,Uusimaa,Lohja,08500,60.28784611911021,24.134607004523385,4125.0,0.0
d54b0d4f-c192-4b10-87c2-0c1189dd6150,1954-02-25,,999-99-5551,S99985017,X53439871X,Mr.,Klaus-Erik,Justander,,,S,white,nonhispanic,M,Espoo  Uusimaa  FI,346 Santanen Katu Suite 97,Espoo,Uusimaa,Espoo,02290,60.23184077903752,24.63295157729135,7667.35,0.0
7a562cc1-d057-4471-b12c-c77dcf258201,1943-05-13,,999-59-9210,S99959569,X31809579X,Mr.,Turo,Yli-Mäenpää,,,M,white,nonhispanic,M,Lohja  Uusimaa  FI,910 Syring Katu,Järvenpää,Uusimaa,Järvenpää,04410,60.47909709093471,25.079918886452276,8915.71,0.0
228b7ef4-7c9d-469b-b20e-d8560ea87bbe,1972-10-10,2013-12-17,999-86-1749,S99988969,X28961871X,Mrs.,Ritva-Anneli,Krankka,,Hätinen,M,white,nonhispanic,F,Helsinki  Uusimaa  FI,1088 Takamäki Katu,Vantaa,Uusimaa,Vantaa,01770,60.31531726223904,24.884755607581532,5691.45,0.0
14b211b9-2870-4040-8c13-4e5659b02a5f,1975-04-22,,999-10-2605,S99935972,X42343577X,Mrs.,Thérése,Takaluoma,,von Nandelstadh,M,white,nonhispanic,F,Raasepori  Uusimaa  FI,132 Helpiölä Katu Unit 12,Helsinki,Uusimaa,Helsinki,00940,60.223217037811665,24.88407533679514,5022.56,0.0
89595822-c0ff-4867-ae9a-f5e6c011c980,1967-12-03,,999-83-7597,S99966147,X37948185X,Mr.,Taimo,Minerva,,,M,white,nonhispanic,M,Raasepori  Uusimaa  FI,103 Yousif Katu Suite 53,Vantaa,Uusimaa,Vantaa,01300,60.26636004819411,25.09626527774873,6174.65,0.0
3886d71b-e71a-4e0a-8f82-1cdc3a3f9b6e,1945-04-08,,999-37-6442,S99959334,X49835231X,Mr.,Frédéric,Tiistola,,,M,white,nonhispanic,M,Helsinki  Uusimaa  FI,910 Eskolin Katu Suite 90,Helsinki,Uusimaa,Helsinki,00420,60.1950400668665,24.93938610660349,9185.55,0.0
ad293fd3-a459-4234-b8d7-c8635998713e,1946-09-20,,999-76-2740,S99986920,X19330700X,Mr.,Jussa,Verlin,,,M,white,nonhispanic,M,Nice  Provence-Alpes-Cote d'Azur  FR,339 Kilpijärvi Katu,Espoo,Uusimaa,Espoo,02150,60.18573608538719,24.794274257111244,8403.43,0.0
cdc2a223-50ef-4bb7-bb45-9a53742e7add,1972-10-10,,999-87-1383,S99948869,X3240757X,Mrs.,Auli,Ylioja,,Tano,M,white,nonhispanic,F,Helsinki  Uusimaa  FI,1055 Jyrkiäinen Katu,Vantaa,Uusimaa,Vantaa,01690,60.255388303404736,24.815069823825265,5543.78,0.0
