PATIENT,START_YEAR,END_YEAR,PAYER,OWNERSHIP
e39286ba-613c-499d-87b0-70b3793ee3f3,1998,2016,e15e7b92-f376-374f-9285-2f59a38ad823,Guardian
b645940c-848a-4f23-afe9-b771bb452655,1981,1999,e15e7b92-f376-374f-9285-2f59a38ad823,Guardian
05fe74d9-9bc1-45d4-bb75-b437ad1c2bdb,1982,2000,e15e7b92-f376-374f-9285-2f59a38ad823,Guardian
327b63bd-d735-484c-a686-77aad05c940b,1983,2001,e15e7b92-f376-374f-9285-2f59a38ad823,Guardian
4f8a6410-2245-47a5-963e-cda824c0a9cf,1990,2008,e15e7b92-f376-374f-9285-2f59a38ad823,Guardian
e9cbe504-1493-417b-8b1b-ace427f4055e,1971,1989,e15e7b92-f376-374f-9285-2f59a38ad823,Guardian
04a71026-f63e-45ad-8fe5-8594422e5435,1956,1974,e15e7b92-f376-374f-9285-2f59a38ad823,Guardian
caddb2ec-b18f-4526-b95a-bcdba122b2fd,1961,1979,e15e7b92-f376-374f-9285-2f59a38ad823,Guardian
6618dfc4-f0f5-490a-b2c4-56a9cf8ccad4,1977,1995,e15e7b92-f376-374f-9285-2f59a38ad823,Guardian
538131c9-ddc5-439b-aace-0ee2ba166bf9,1998,2016,e15e7b92-f376-374f-9285-2f59a38ad823,Guardian
51840f95-f1c9-47d4-9425-f855be0d3436,1974,1992,e15e7b92-f376-374f-9285-2f59a38ad823,Guardian
368b4e4e-97f5-4368-af0b-b44e9e23ec55,1986,2004,e15e7b92-f376-374f-9285-2f59a38ad823,Guardian
857ce369-febb-4302-8802-c733679e7dcf,1953,1971,e15e7b92-f376-374f-9285-2f59a38ad823,Guardian
857ce369-febb-4302-8802-c733679e7dcf,1972,1984,e15e7b92-f376-374f-9285-2f59a38ad823,Self
4d3009a5-afcd-4dbf-b1b7-a75a1b1dbd12,1997,2015,e15e7b92-f376-374f-9285-2f59a38ad823,Guardian
9a85f75d-c126-4aa1-8028-7c1fd4108d15,1990,2008,e15e7b92-f376-374f-9285-2f59a38ad823,Guardian
7db07bb6-68e7-4b69-bd44-eaa9a4c75c20,1985,2003,e15e7b92-f376-374f-9285-2f59a38ad823,Guardian
18defa88-28bd-436f-9268-a8248267f652,1951,1969,e15e7b92-f376-374f-9285-2f59a38ad823,Guardian
8c52d3ce-2503-48c7-a325-4a5b216156a6,1993,2011,e15e7b92-f376-374f-9285-2f59a38ad823,Guardian
263016f4-da49-4563-a773-72ff89e82ddc,1971,1989,e15e7b92-f376-374f-9285-2f59a38ad823,Guardian
54772a89-54d2-4016-af90-d6e34ca76fc1,1975,1993,e15e7b92-f376-374f-9285-2f59a38ad823,Guardian
814b35b0-4d7c-48be-a969-76cfb27ae654,1987,1987,b1c428d6-4f07-31e0-90f0-68ffa6ff8c76,
814b35b0-4d7c-48be-a969-76cfb27ae654,1988,1988,e15e7b92-f376-374f-9285-2f59a38ad823,
814b35b0-4d7c-48be-a969-76cfb27ae654,1989,2005,e15e7b92-f376-374f-9285-2f59a38ad823,Guardian
f2132540-bc89-4448-a6a4-b255b9794cfd,1992,2010,e15e7b92-f376-374f-9285-2f59a38ad823,Guardian
1146f2ee-742d-41b5-80f9-583e577734e1,1981,1999,e15e7b92-f376-374f-9285-2f59a38ad823,Guardian
95be4c72-8f89-4dda-a966-e3bd9a0876be,1953,1971,e15e7b92-f376-374f-9285-2f59a38ad823,Guardian
ac2fa77b-723f-4624-9374-e684a182aecf,1975,1993,e15e7b92-f376-374f-9285-2f59a38ad823,Guardian
1f21d3a5-2801-4fa5-9d1a-4a18fb82dfbd,1954,1972,e15e7b92-f376-374f-9285-2f59a38ad823,Guardian
50476a5c-65ca-4883-b2f7-33053bf95538,1973,1991,e15e7b92-f376-374f-9285-2f59a38ad823,Guardian
e2b8f5e0-ff8e-4461-a867-96db116c84db,1943,1961,e15e7b92-f376-374f-9285-2f59a38ad823,Guardian
414ebf72-434c-4f30-a0ed-c649e86a1a0b,1984,2002,e15e7b92-f376-374f-9285-2f59a38ad823,Guardian
87fd96d7-454b-4427-b1af-0d410a1e648e,1981,1999,e15e7b92-f376-374f-9285-2f59a38ad823,Guardian
a8490913-fe9d-4497-815c-4338099ef294,1963,1981,e15e7b92-f376-374f-9285-2f59a38ad823,Guardian
b3ddbe8e-f594-443d-a833-b469e15925aa,1982,2000,e15e7b92-f376-374f-9285-2f59a38ad823,Guardian
5041a9b8-99f0-449f-99b7-620adacd4b1c,1979,1997,e15e7b92-f376-374f-9285-2f59a38ad823,Guardian
eb543c75-265c-4693-abf7-55c22f8e6df9,1990,2008,e15e7b92-f376-374f-9285-2f59a38ad823,Guardian
35cabe09-57a0-41b9-96fd-a4f4159368ae,1954,1972,e15e7b92-f376-374f-9285-2f59a38ad823,Guardian
2305e094-198a-4c4f-a9ba-af10592e81f2,1956,1974,e15e7b92-f376-374f-9285-2f59a38ad823,Guardian
c033c9fa-5b1e-44fc-903c-3006a14d5d5a,1929,1947,e15e7b92-f376-374f-9285-2f59a38ad823,Guardian
e69398d1-d20a-4b1d-b154-ebff086a1137,1982,2000,e15e7b92-f376-374f-9285-2f59a38ad823,Guardian
23912ba3-c80d-48e0-8217-f2f6e26f1b82,1976,1994,e15e7b92-f376-374f-9285-2f59a38ad823,Guardian
06abe4ca-2b07-41a1-bac7-113d73fdab6d,1973,1991,e15e7b92-f376-374f-9285-2f59a38ad823,Guardian
67e1edc7-a191-4c3f-9953-5abc082939ff,1966,1984,e15e7b92-f376-374f-9285-2f59a38ad823,Guardian
a1a31557-394d-43ad-a6c2-94b7a6d889dd,1985,2003,e15e7b92-f376-374f-9285-2f59a38ad823,Guardian
3a804575-cc78-4154-bec0-0912509d6252,1981,1999,e15e7b92-f376-374f-9285-2f59a38ad823,Guardian
cb3bd21a-eec0-40ac-9e29-d218bcd6a5a5,1979,1997,e15e7b92-f376-374f-9285-2f59a38ad823,Guardian
a6dbb394-8d41-448d-987b-d1ae93986530,1953,1971,e15e7b92-f376-374f-9285-2f59a38ad823,Guardian
5ae43edd-aa2e-4c30-9ca2-d11b415332df,1989,2007,e15e7b92-f376-374f-9285-2f59a38ad823,Guardian
64e8e5b9-fdb1-483e-97db-a1166d6d6b57,1973,1991,e15e7b92-f376-374f-9285-2f59a38ad823,Guardian
d87dad48-5535-424d-8f2a-6b8e5751adcd,1966,1984,e15e7b92-f376-374f-9285-2f59a38ad823,Guardian
5e9bb2be-79cc-498f-a49b-f07a107c2b37,1979,1997,e15e7b92-f376-374f-9285-2f59a38ad823,Guardian
a70032c6-41ef-4632-b618-e1d24989faff,1997,2015,e15e7b92-f376-374f-9285-2f59a38ad823,Guardian
9a9a0ae6-d180-4f0f-9fcd-b01a97675264,1991,2009,e15e7b92-f376-374f-9285-2f59a38ad823,Guardian
f59c0e5e-6010-4544-903d-579a3757b227,1958,1976,e15e7b92-f376-374f-9285-2f59a38ad823,Guardian
3280fd86-1276-43cf-9925-1170a317d1b7,1945,1963,e15e7b92-f376-374f-9285-2f59a38ad823,Guardian
509f1089-51a2-4ec9-b848-454a8444b1b1,1949,1967,e15e7b92-f376-374f-9285-2f59a38ad823,Guardian
509f1089-51a2-4ec9-b848-454a8444b1b1,1968,2005,e15e7b92-f376-374f-9285-2f59a38ad823,Self
ca5d9627-445f-497e-bedc-337db7f37401,1985,2003,e15e7b92-f376-374f-9285-2f59a38ad823,Guardian
ca5d9627-445f-497e-bedc-337db7f37401,2004,2014,e15e7b92-f376-374f-9285-2f59a38ad823,Self
c372d026-1ddc-4451-8290-0803eea3fa6b,1968,1986,e15e7b92-f376-374f-9285-2f59a38ad823,Guardian
05aa3558-4543-4909-ae08-a0e0f061bcb3,1958,1976,e15e7b92-f376-374f-9285-2f59a38ad823,Guardian
acc020aa-5d11-49c9-8411-5e8b614b9346,1953,1971,e15e7b92-f376-374f-9285-2f59a38ad823,Guardian
e70adeb0-31c3-431a-bc58-1aacc492f930,1945,1963,e15e7b92-f376-374f-9285-2f59a38ad823,Guardian
12eee8f2-7ce4-4b36-9722-43b02c278d3d,1956,1974,e15e7b92-f376-374f-9285-2f59a38ad823,Guardian
8e2c2cfa-05d6-4054-b096-085718589fb1,1985,2003,e15e7b92-f376-374f-9285-2f59a38ad823,Guardian
e1f372e9-5445-42f8-b6ff-44caa2e8345c,1949,1967,e15e7b92-f376-374f-9285-2f59a38ad823,Guardian
c3ff3ef2-1bee-401e-87e4-d32371e58af2,1967,1985,e15e7b92-f376-374f-9285-2f59a38ad823,Guardian
7e43d94b-3a4b-40d8-9bdb-def549112275,1966,1984,e15e7b92-f376-374f-9285-2f59a38ad823,Guardian
682739ea-5af1-48ab-afbf-630aa48ed29f,1963,1981,e15e7b92-f376-374f-9285-2f59a38ad823,Guardian
cf62b0b3-0859-4989-8eac-eeec449f80dc,1949,1967,e15e7b92-f376-374f-9285-2f59a38ad823,Guardian
a552f784-a87b-468f-bf14-bba2f2fa3b12,1999,2017,e15e7b92-f376-374f-9285-2f59a38ad823,Guardian
6f432a03-b8b4-4c88-a538-9cd958892501,1978,1978,b1c428d6-4f07-31e0-90f0-68ffa6ff8c76,
6f432a03-b8b4-4c88-a538-9cd958892501,1979,1982,e15e7b92-f376-374f-9285-2f59a38ad823,
6f432a03-b8b4-4c88-a538-9cd958892501,1983,1987,b1c428d6-4f07-31e0-90f0-68ffa6ff8c76,Guardian
6f432a03-b8b4-4c88-a538-9cd958892501,1988,1998,e15e7b92-f376-374f-9285-2f59a38ad823,
6f432a03-b8b4-4c88-a538-9cd958892501,1999,2000,b1c428d6-4f07-31e0-90f0-68ffa6ff8c76,Self
6f432a03-b8b4-4c88-a538-9cd958892501,2001,2001,e15e7b92-f376-374f-9285-2f59a38ad823,
6f432a03-b8b4-4c88-a538-9cd958892501,2002,2003,b1c428d6-4f07-31e0-90f0-68ffa6ff8c76,Self
6f432a03-b8b4-4c88-a538-9cd958892501,2004,2004,e15e7b92-f376-374f-9285-2f59a38ad823,
6f432a03-b8b4-4c88-a538-9cd958892501,2005,2006,b1c428d6-4f07-31e0-90f0-68ffa6ff8c76,Self
6f432a03-b8b4-4c88-a538-9cd958892501,2007,2007,e15e7b92-f376-374f-9285-2f59a38ad823,
6f432a03-b8b4-4c88-a538-9cd958892501,2008,2009,b1c428d6-4f07-31e0-90f0-68ffa6ff8c76,Self
6f432a03-b8b4-4c88-a538-9cd958892501,2010,2010,e15e7b92-f376-374f-9285-2f59a38ad823,
6f432a03-b8b4-4c88-a538-9cd958892501,2011,2012,b1c428d6-4f07-31e0-90f0-68ffa6ff8c76,Self
6f432a03-b8b4-4c88-a538-9cd958892501,2013,2013,e15e7b92-f376-374f-9285-2f59a38ad823,
6f432a03-b8b4-4c88-a538-9cd958892501,2014,2015,b1c428d6-4f07-31e0-90f0-68ffa6ff8c76,Self
6f432a03-b8b4-4c88-a538-9cd958892501,2016,2016,e15e7b92-f376-374f-9285-2f59a38ad823,
6f432a03-b8b4-4c88-a538-9cd958892501,2017,2018,b1c428d6-4f07-31e0-90f0-68ffa6ff8c76,Self
6f432a03-b8b4-4c88-a538-9cd958892501,2019,2019,e15e7b92-f376-374f-9285-2f59a38ad823,
199894bb-a76d-4ce7-95db-710c25fd8da3,1975,1975,b1c428d6-4f07-31e0-90f0-68ffa6ff8c76,
199894bb-a76d-4ce7-95db-710c25fd8da3,1976,1976,e15e7b92-f376-374f-9285-2f59a38ad823,
199894bb-a76d-4ce7-95db-710c25fd8da3,1977,1993,e15e7b92-f376-374f-9285-2f59a38ad823,Guardian
0fdb5777-0d74-4a59-92a5-39cb583e6bb5,1945,1963,e15e7b92-f376-374f-9285-2f59a38ad823,Guardian
0fdb5777-0d74-4a59-92a5-39cb583e6bb5,1964,2015,e15e7b92-f376-374f-9285-2f59a38ad823,Self
c823c514-b0e9-4ab2-8b27-924df17b4b15,1976,1994,e15e7b92-f376-374f-9285-2f59a38ad823,Guardian
f63d07ad-2186-42ad-9b00-6d8e9f54d2b1,1944,1962,e15e7b92-f376-374f-9285-2f59a38ad823,Guardian
6c62be7d-33f5-4c13-9e72-fbd66f4c60c7,1984,2002,e15e7b92-f376-374f-9285-2f59a38ad823,Guardian
d54b0d4f-c192-4b10-87c2-0c1189dd6150,1954,1972,e15e7b92-f376-374f-9285-2f59a38ad823,Guardian
7a562cc1-d057-4471-b12c-c77dcf258201,1943,1961,e15e7b92-f376-374f-9285-2f59a38ad823,Guardian
228b7ef4-7c9d-469b-b20e-d8560ea87bbe,1972,1990,e15e7b92-f376-374f-9285-2f59a38ad823,Guardian
228b7ef4-7c9d-469b-b20e-d8560ea87bbe,1991,2013,e15e7b92-f376-374f-9285-2f59a38ad823,Self
14b211b9-2870-4040-8c13-4e5659b02a5f,1975,1993,e15e7b92-f376-374f-9285-2f59a38ad823,Guardian
89595822-c0ff-4867-ae9a-f5e6c011c980,1967,1985,e15e7b92-f376-374f-9285-2f59a38ad823,Guardian
3886d71b-e71a-4e0a-8f82-1cdc3a3f9b6e,1945,1963,e15e7b92-f376-374f-9285-2f59a38ad823,Guardian
ad293fd3-a459-4234-b8d7-c8635998713e,1946,1964,e15e7b92-f376-374f-9285-2f59a38ad823,Guardian
cdc2a223-50ef-4bb7-bb45-9a53742e7add,1972,1990,e15e7b92-f376-374f-9285-2f59a38ad823,Guardian
