DATE,PATIENT,ENCOUNTER,CODE,DESCRIPTION,BASE_COST,REASONCODE,REASONDESCRIPTION
2016-11-29,67fc13da-7253-4293-9dbb-a5e78e3e8304,10388419-9016-49d4-aa3f-dff3dc554a44,399208008,Plain chest X-ray (procedure),7289.17,10509002,Acute bronchitis (disorder)
2013-10-19,3584490d-0fdd-4a19-9b40-986c3ab609a5,95f439d9-8086-457c-a2c1-9c117188604b,23426006,Measurement of respiratory function (procedure),500.00,10509002,Acute bronchitis (disorder)
2012-02-29,b5d7a07c-c1ee-4f69-8baa-7c3a2e12ec03,45e2594e-feb6-4d68-a280-06e663eb4009,269911007,Sputum examination (procedure),7021.29,10509002,Acute bronchitis (disorder)
1984-04-23,857ce369-febb-4302-8802-c733679e7dcf,c815f4b8-4308-434b-9f6b-181f91f56fa8,40701008,Echocardiography (procedure),1059.20,22298006,Myocardial Infarction
1984-04-23,857ce369-febb-4302-8802-c733679e7dcf,c815f4b8-4308-434b-9f6b-181f91f56fa8,415070008,Percutaneous coronary intervention,13455.95,22298006,Myocardial Infarction
1984-04-23,857ce369-febb-4302-8802-c733679e7dcf,c815f4b8-4308-434b-9f6b-181f91f56fa8,232717009,Coronary artery bypass grafting,29020.16,22298006,Myocardial Infarction
2014-02-23,7db07bb6-68e7-4b69-bd44-eaa9a4c75c20,ec1ad530-8bc3-4a6c-ba15-cdd54e1d3adb,269911007,Sputum examination (procedure),5806.17,10509002,Acute bronchitis (disorder)
2015-07-04,ac2fa77b-723f-4624-9374-e684a182aecf,49437496-9e3d-4e7c-b4eb-cf5cb355e38d,40701008,Echocardiography (procedure),1039.51,410429000,Cardiac Arrest
2015-07-04,ac2fa77b-723f-4624-9374-e684a182aecf,49437496-9e3d-4e7c-b4eb-cf5cb355e38d,447365002,Insertion of biventricular implantable cardioverter defibrillator,20987.41,410429000,Cardiac Arrest
2015-07-04,ac2fa77b-723f-4624-9374-e684a182aecf,49437496-9e3d-4e7c-b4eb-cf5cb355e38d,18286008,Catheter ablation of tissue of heart,11589.62,410429000,Cardiac Arrest
2017-01-08,04a8096a-8a1c-4b8b-b954-c54e85bac099,94699ea5-07a0-459c-a796-a3c47c6248a0,269911007,Sputum examination (procedure),6981.49,10509002,Acute bronchitis (disorder)
2019-05-22,50476a5c-65ca-4883-b2f7-33053bf95538,aa5e6654-c7b0-4811-a026-5278e1afd921,269911007,Sputum examination (procedure),8399.77,10509002,Acute bronchitis (disorder)
2013-09-14,e2b8f5e0-ff8e-4461-a867-96db116c84db,8274fb2c-d664-4e55-9bb9-8fb2a095e7ae,23426006,Measurement of respiratory function (procedure),500.00,10509002,Acute bronchitis (disorder)
2019-08-08,89e687b8-bf5b-4ec0-858d-3def5a253a9a,f9e9fbbd-7d26-4cd3-9f68-b8efbf24dff1,23426006,Measurement of respiratory function (procedure),500.00,10509002,Acute bronchitis (disorder)
2015-09-21,a8490913-fe9d-4497-815c-4338099ef294,78b6074f-fd74-4b98-ad84-b63f9acda4c4,269911007,Sputum examination (procedure),4446.87,10509002,Acute bronchitis (disorder)
2016-03-17,a8490913-fe9d-4497-815c-4338099ef294,aa0b580d-5865-4ae1-a603-8fb586ac9214,269911007,Sputum examination (procedure),9104.22,10509002,Acute bronchitis (disorder)
2011-04-15,48453db3-ca62-4243-ad91-6a0e7906d71e,538b9abb-3759-421e-96a6-4d76225a546d,23426006,Measurement of respiratory function (procedure),500.00,10509002,Acute bronchitis (disorder)
2017-03-24,35cabe09-57a0-41b9-96fd-a4f4159368ae,14c56a2f-a202-485b-815c-658701f468a6,18286008,Catheter ablation of tissue of heart,6907.23,49436004,Atrial Fibrillation
2018-03-30,35cabe09-57a0-41b9-96fd-a4f4159368ae,b8d5da1b-5beb-4633-987a-52beb3544484,180325003,Electrical cardioversion,16534.68,49436004,Atrial Fibrillation
2018-12-18,35cabe09-57a0-41b9-96fd-a4f4159368ae,6a6da818-ccc4-45d7-b6e1-9873ea8ee10f,399208008,Plain chest X-ray (procedure),5466.44,10509002,Acute bronchitis (disorder)
2018-12-28,35cabe09-57a0-41b9-96fd-a4f4159368ae,9e44447b-f25d-452c-a0d7-4aef84834b4a,180325003,Electrical cardioversion,34901.03,49436004,Atrial Fibrillation
2019-04-05,35cabe09-57a0-41b9-96fd-a4f4159368ae,b77578d5-85df-4497-b820-4662dfd99f7f,180325003,Electrical cardioversion,20815.81,49436004,Atrial Fibrillation
2010-03-28,c033c9fa-5b1e-44fc-903c-3006a14d5d5a,382b2751-a8f5-46af-bd0a-9897a57a0bfe,180325003,Electrical cardioversion,30285.83,49436004,Atrial Fibrillation
2011-04-03,c033c9fa-5b1e-44fc-903c-3006a14d5d5a,f112da00-681d-43d6-b32e-f210eea31369,180325003,Electrical cardioversion,16863.47,49436004,Atrial Fibrillation
2012-04-08,c033c9fa-5b1e-44fc-903c-3006a14d5d5a,0e5638b6-4e09-4fcf-82bd-ba8f8148565b,18286008,Catheter ablation of tissue of heart,12308.78,49436004,Atrial Fibrillation
2013-04-14,c033c9fa-5b1e-44fc-903c-3006a14d5d5a,3c7bddaf-91e0-4a90-8f8b-8ab9b2043544,180325003,Electrical cardioversion,38200.24,49436004,Atrial Fibrillation
2014-04-20,c033c9fa-5b1e-44fc-903c-3006a14d5d5a,fcd51b34-178a-4fc2-93f3-be3f0ce4a995,180325003,Electrical cardioversion,49623.33,49436004,Atrial Fibrillation
2015-04-26,c033c9fa-5b1e-44fc-903c-3006a14d5d5a,b49db39e-3e51-43f1-87b0-cb0443c6735e,180325003,Electrical cardioversion,46126.01,49436004,Atrial Fibrillation
2016-05-01,c033c9fa-5b1e-44fc-903c-3006a14d5d5a,6833a482-b1e7-452a-bb3e-7cd90bd39aac,180325003,Electrical cardioversion,28684.41,49436004,Atrial Fibrillation
2017-05-07,c033c9fa-5b1e-44fc-903c-3006a14d5d5a,06c41efa-3b08-4fb9-ba11-4a5309ba4063,180325003,Electrical cardioversion,41552.25,49436004,Atrial Fibrillation
2018-05-13,c033c9fa-5b1e-44fc-903c-3006a14d5d5a,700986ec-47bc-40ca-acb7-6b00eee3aa85,18286008,Catheter ablation of tissue of heart,9319.42,49436004,Atrial Fibrillation
2019-05-19,c033c9fa-5b1e-44fc-903c-3006a14d5d5a,86151f0f-78dc-4709-9087-871eac623a66,180325003,Electrical cardioversion,21093.41,49436004,Atrial Fibrillation
2018-09-08,11f35480-5d99-46a4-b267-4607621c021f,70e811cd-f0a2-462c-8e35-de503d339f5e,23426006,Measurement of respiratory function (procedure),500.00,10509002,Acute bronchitis (disorder)
2017-07-21,5ae43edd-aa2e-4c30-9ca2-d11b415332df,0c3dfee7-50fd-4b47-8416-c1bfe6fcc3e1,269911007,Sputum examination (procedure),4650.40,10509002,Acute bronchitis (disorder)
2017-01-26,5e9bb2be-79cc-498f-a49b-f07a107c2b37,3dddd61e-8cb1-4020-abae-1a5ffdea35f2,23426006,Measurement of respiratory function (procedure),500.00,10509002,Acute bronchitis (disorder)
2010-10-12,a70032c6-41ef-4632-b618-e1d24989faff,5ccc6458-ceb5-4242-9844-3e0a95871d49,23426006,Measurement of respiratory function (procedure),500.00,10509002,Acute bronchitis (disorder)
2010-05-23,f59c0e5e-6010-4544-903d-579a3757b227,9719f71a-66bb-48a9-a469-1486d3797f8b,23426006,Measurement of respiratory function (procedure),500.00,10509002,Acute bronchitis (disorder)
2005-04-10,509f1089-51a2-4ec9-b848-454a8444b1b1,0caf3acd-deff-4fb2-a689-73256bb21d5f,40701008,Echocardiography (procedure),1603.14,22298006,Myocardial Infarction
2005-04-10,509f1089-51a2-4ec9-b848-454a8444b1b1,0caf3acd-deff-4fb2-a689-73256bb21d5f,415070008,Percutaneous coronary intervention,32945.80,22298006,Myocardial Infarction
2005-04-10,509f1089-51a2-4ec9-b848-454a8444b1b1,0caf3acd-deff-4fb2-a689-73256bb21d5f,232717009,Coronary artery bypass grafting,39595.95,22298006,Myocardial Infarction
2013-05-19,ca5d9627-445f-497e-bedc-337db7f37401,724ef6a8-8689-4468-b037-2967dc5a32e0,23426006,Measurement of respiratory function (procedure),500.00,10509002,Acute bronchitis (disorder)
2014-10-05,ca5d9627-445f-497e-bedc-337db7f37401,56dd6cc8-2357-42f0-9e96-0c381dff81e8,40701008,Echocardiography (procedure),1501.77,22298006,Myocardial Infarction
2014-10-05,ca5d9627-445f-497e-bedc-337db7f37401,56dd6cc8-2357-42f0-9e96-0c381dff81e8,415070008,Percutaneous coronary intervention,21183.06,22298006,Myocardial Infarction
2014-10-05,ca5d9627-445f-497e-bedc-337db7f37401,56dd6cc8-2357-42f0-9e96-0c381dff81e8,232717009,Coronary artery bypass grafting,47567.52,22298006,Myocardial Infarction
2012-08-24,c372d026-1ddc-4451-8290-0803eea3fa6b,3aded950-ccfd-46d7-9972-7a6c7aaf03ce,399208008,Plain chest X-ray (procedure),12508.97,10509002,Acute bronchitis (disorder)
2011-06-08,05aa3558-4543-4909-ae08-a0e0f061bcb3,79f008a8-8845-49f1-a4a7-32ed830dbcf1,23426006,Measurement of respiratory function (procedure),500.00,10509002,Acute bronchitis (disorder)
2013-04-15,682739ea-5af1-48ab-afbf-630aa48ed29f,42e782bd-4baa-4454-8c3c-edf45638c6d4,180325003,Electrical cardioversion,31722.94,49436004,Atrial Fibrillation
2014-04-21,682739ea-5af1-48ab-afbf-630aa48ed29f,2a3e6356-0ea3-4109-8716-a07dbef38147,180325003,Electrical cardioversion,32384.97,49436004,Atrial Fibrillation
2015-04-27,682739ea-5af1-48ab-afbf-630aa48ed29f,32ef130a-de55-4fc5-a028-654584608bd1,180325003,Electrical cardioversion,22497.08,49436004,Atrial Fibrillation
2016-05-02,682739ea-5af1-48ab-afbf-630aa48ed29f,d5db0094-0d58-4d5f-8d31-c740e5565031,180325003,Electrical cardioversion,26980.63,49436004,Atrial Fibrillation
2017-05-08,682739ea-5af1-48ab-afbf-630aa48ed29f,78106215-fc9e-4d0f-8206-5245c20a8bd0,180325003,Electrical cardioversion,39902.42,49436004,Atrial Fibrillation
2018-05-14,682739ea-5af1-48ab-afbf-630aa48ed29f,a118ce13-6001-4468-97af-21cfc83dda58,180325003,Electrical cardioversion,22319.80,49436004,Atrial Fibrillation
2019-05-20,682739ea-5af1-48ab-afbf-630aa48ed29f,31ad3019-d3df-4c65-a9cd-8b0338ac6cdf,18286008,Catheter ablation of tissue of heart,13547.22,49436004,Atrial Fibrillation
2018-01-01,cf62b0b3-0859-4989-8eac-eeec449f80dc,4929c3cf-b404-44f2-970c-df1fa2899084,269911007,Sputum examination (procedure),9259.73,10509002,Acute bronchitis (disorder)
2019-02-22,a552f784-a87b-468f-bf14-bba2f2fa3b12,2fe17394-f541-4572-a5c7-f26fc7d856f0,23426006,Measurement of respiratory function (procedure),500.00,10509002,Acute bronchitis (disorder)
2016-08-02,199894bb-a76d-4ce7-95db-710c25fd8da3,493eea44-36dc-4166-a1ff-5530fab03c0e,23426006,Measurement of respiratory function (procedure),500.00,10509002,Acute bronchitis (disorder)
2010-03-23,0fdb5777-0d74-4a59-92a5-39cb583e6bb5,1d522b97-7fe8-4bc5-a7b6-ffcfb959cd4f,269911007,Sputum examination (procedure),6525.36,10509002,Acute bronchitis (disorder)
2012-07-15,0fdb5777-0d74-4a59-92a5-39cb583e6bb5,034f0552-63c8-49b8-8767-f5a32218e516,180325003,Electrical cardioversion,25299.87,49436004,Atrial Fibrillation
2013-07-21,0fdb5777-0d74-4a59-92a5-39cb583e6bb5,fb66a3da-0f5e-4e34-9434-4c4380c22a32,180325003,Electrical cardioversion,32608.20,49436004,Atrial Fibrillation
2014-07-27,0fdb5777-0d74-4a59-92a5-39cb583e6bb5,c760afe3-01c4-4c17-b2be-ad643a740f97,180325003,Electrical cardioversion,43889.48,49436004,Atrial Fibrillation
2015-06-07,0fdb5777-0d74-4a59-92a5-39cb583e6bb5,75e4721b-947c-498c-a0e3-db683c5fedbc,40701008,Echocardiography (procedure),790.74,22298006,Myocardial Infarction
2015-06-07,0fdb5777-0d74-4a59-92a5-39cb583e6bb5,75e4721b-947c-498c-a0e3-db683c5fedbc,415070008,Percutaneous coronary intervention,23968.97,22298006,Myocardial Infarction
2015-06-07,0fdb5777-0d74-4a59-92a5-39cb583e6bb5,75e4721b-947c-498c-a0e3-db683c5fedbc,232717009,Coronary artery bypass grafting,47832.17,22298006,Myocardial Infarction
2014-07-18,f374e311-1bd7-4c75-87f5-782687edb65e,de6cc44c-9a55-4c76-9a67-89a3cf038a17,23426006,Measurement of respiratory function (procedure),500.00,10509002,Acute bronchitis (disorder)
2016-08-01,f63d07ad-2186-42ad-9b00-6d8e9f54d2b1,d95a7f07-422c-46da-85e3-2efc69e433aa,180325003,Electrical cardioversion,37984.97,49436004,Atrial Fibrillation
2017-08-07,f63d07ad-2186-42ad-9b00-6d8e9f54d2b1,40eca26f-dd26-4958-a306-bcb20e0a7242,180325003,Electrical cardioversion,46848.94,49436004,Atrial Fibrillation
2018-08-13,f63d07ad-2186-42ad-9b00-6d8e9f54d2b1,30dc88a2-7c74-4cc2-bad4-1b5519ba321c,180325003,Electrical cardioversion,25538.58,49436004,Atrial Fibrillation
2019-08-19,f63d07ad-2186-42ad-9b00-6d8e9f54d2b1,b5f5776c-f35b-48e1-9bd6-3b3e574706a3,180325003,Electrical cardioversion,24553.82,49436004,Atrial Fibrillation
2012-06-12,d54b0d4f-c192-4b10-87c2-0c1189dd6150,a1201ef8-6129-43a4-9ebe-ee0dba2f3e73,269911007,Sputum examination (procedure),3784.00,10509002,Acute bronchitis (disorder)
2016-10-18,7a562cc1-d057-4471-b12c-c77dcf258201,d1b11103-f293-43f8-a61e-d2d122c986d2,23426006,Measurement of respiratory function (procedure),500.00,10509002,Acute bronchitis (disorder)
2013-12-17,228b7ef4-7c9d-469b-b20e-d8560ea87bbe,b98d4cf6-065b-4583-a603-ee2de6cf24d9,40701008,Echocardiography (procedure),881.56,410429000,Cardiac Arrest
2013-12-17,228b7ef4-7c9d-469b-b20e-d8560ea87bbe,b98d4cf6-065b-4583-a603-ee2de6cf24d9,447365002,Insertion of biventricular implantable cardioverter defibrillator,26535.80,410429000,Cardiac Arrest
2013-12-17,228b7ef4-7c9d-469b-b20e-d8560ea87bbe,b98d4cf6-065b-4583-a603-ee2de6cf24d9,18286008,Catheter ablation of tissue of heart,5982.18,410429000,Cardiac Arrest
2012-03-23,89595822-c0ff-4867-ae9a-f5e6c011c980,959bc1b2-dfe9-4845-b26d-e9abcb6afa49,23426006,Measurement of respiratory function (procedure),500.00,10509002,Acute bronchitis (disorder)
2016-12-13,cdc2a223-50ef-4bb7-bb45-9a53742e7add,247d7dbc-edfc-4313-b6de-19005b6d8dce,23426006,Measurement of respiratory function (procedure),500.00,10509002,Acute bronchitis (disorder)
