Id,ORGANIZATION,NAME,GENDER,SPECIALITY,ADDRESS,CITY,STATE,ZIP,LAT,LON,UTILIZATION
a3a09ce6-246d-30ea-940c-68ac7419045f,6e3a689b-5f4c-3946-be10-180a8ba7c680,Karla Lemettilä,F,GENERAL PRACTICE,Nordenskiöldinkatu 20,Helsinki,18,00250,60.19244,24.92811,47
264c4488-89e4-361c-acdd-9085b56820bb,319baef9-e8e6-3320-9e0b-7991d9c167b8,Eine Rönö,F,GENERAL PRACTICE,Haartmaninkatu 4,Helsinki,18,00290,60.189159,24.909081,2
3e7140e9-bfa1-3c80-bf7d-c3b74b9697b7,bca99918-a2c6-32bf-af26-057c0e13c120,Gisella Karhuniemi,F,GENERAL PRACTICE,Kettutie 8,Helsinki,18,00800,60.47152,22.69371,2
a84e3c17-a175-32d9-8c5a-478c958b15d2,11276b62-3547-3e42-b7b7-e079a2152633,Paolo Arovaara,M,GENERAL PRACTICE,Haartmaninkatu 4,Helsinki,18,00290,60.47152,22.69371,5
87c7494d-6407-3d0f-8c83-e02f706dc297,ecfc6f5c-d314-339d-a46c-e26b3f10e6e9,Loui Wedenoja,M,GENERAL PRACTICE,Välskärinkatu 12,Helsinki,18,00260,60.17998,24.91999,6
4bd2f56c-3925-33a3-87ee-acb748a218e9,d8f91bff-b1eb-3e4d-8936-10924c36977a,Giulia Bergvall,F,GENERAL PRACTICE,Meilahdentie 2,Helsinki,18,00250,60.19263,24.89436,46
c1033101-2a32-321f-ad8f-a23091de465c,410e8cf7-76a3-307f-b421-5fa7760177f1,Nicole Suomilammi,F,GENERAL PRACTICE,Kasarmikatu 11-13,Helsinki,18,00130,60.16102,24.94834,51
5d288a3b-585a-3181-ac46-01c215ce6740,39010280-b8e5-3b1a-b835-bafbeea21968,Olav Järvilahti,M,GENERAL PRACTICE,Turuntie 150,Espoo,18,02740,60.22589,24.77581,62
0d1cdf1f-0bdf-3ccd-af9e-f39e5352db20,7b74aa83-5335-38dd-a213-d6df36c7f627,Abdillahi Hirvisuo,F,GENERAL PRACTICE,Karvasmäentie 6,Espoo,18,02740,60.22011,24.6848,38
38c4e132-25c7-343c-88ba-fc2b384e193c,af916982-f5f8-341b-b159-69e72695294c,Maija-Elina Martonen,F,GENERAL PRACTICE,Sairaalakatu 1,Vantaa,18,01400,60.3299,25.0608,74
3f4f6b52-e7f5-3dcd-bd71-a9bd54837e2b,b9b4f8d8-b4a7-3164-a21f-c57b0c40c3ff,Serhat Roini,M,GENERAL PRACTICE,Sairaalankatu 1,Hyvinkää,18,05830,60.612,24.82486,4
bfb14e41-85c3-349b-943b-2df79eb80302,294d60d6-0e2b-396b-a8bf-77998642f6b7,Jarl-Erik Karkamo,M,GENERAL PRACTICE,Ohkolantie 10,Kellokoski,18,04500,60.53054,25.10548,18
e0282b72-7140-3d29-8ba2-4382983734af,8af774ed-7635-320a-ad8c-a63aa309a858,Tomi Aura,M,GENERAL PRACTICE,Sairaalatie 8,Lohja,18,08200,60.2247,24.01885,12
2c0290ad-42c0-35ea-b09d-59365a9f5c6e,d8b3cbb1-88db-3fc1-bb2b-6a9c0037e6e5,Milos Uusikivi,M,GENERAL PRACTICE,Sairaalantie 1,Porvoo,18,06200,60.37911,25.69576,2
72da5cfe-aa13-3067-8910-0b2aaf6162ae,738aef7e-a279-3f65-9dba-fead16b27400,Karla Lemettilä,F,GENERAL PRACTICE,Turuntie 150,Espoo,18,02740,60.22589,24.77581,1494
0bbc34c6-6b69-3d39-9eda-e436ea44a598,9a3e6919-4ed0-32fe-a1e2-7184b06c415f,Md Mäklin,M,GENERAL PRACTICE,Karvasmäentie 6,Espoo,18,02740,60.22011,24.6848,392
f7d8626f-de3b-373b-a568-1dd801362fac,a70486b2-c33a-37b3-a4cf-b3dc06cb9d84,Susana Tanhuanpää,F,GENERAL PRACTICE,Sairaalakatu 1,Vantaa,18,01400,60.3299,25.0608,1457
2fbf52e2-3b68-3edc-bfc3-075a6db95252,bf25636d-50a4-3cf2-b937-0e59fd37503f,Eine Rönö,F,GENERAL PRACTICE,Sairaalankatu 1,Hyvinkää,18,05830,60.612,24.82486,61
b75f3809-4034-34b4-a5a5-d4f563a1a9dd,4eddd774-a01b-3a0b-b4c6-736a5581aba4,Gisella Karhuniemi,F,GENERAL PRACTICE,Ohkolantie 10,Kellokoski,18,04500,60.53054,25.10548,164
cd13786e-b7da-3c13-8606-b8f8a205da27,942171f0-df04-34cc-9c85-1a11b2f08717,Mari-Jaana Heikelä,F,GENERAL PRACTICE,Sairaalatie 8,Lohja,18,08200,60.2247,24.01885,222
7051d95c-99aa-3932-ac62-d1273da624eb,216a84b2-6287-356d-9bcf-655abf00debb,Paolo Arovaara,M,GENERAL PRACTICE,Sairaalantie 1,Porvoo,18,06200,60.37911,25.69576,79
a2551e1a-6363-3de3-b2dc-59d747c473c8,319baef9-e8e6-3320-9e0b-7991d9c167b8,Karla Lemettilä,F,GENERAL PRACTICE,Haartmaninkatu 4,Helsinki,18,00290,60.189159,24.909081,23
f453a9e3-cde2-3e7f-b395-ba5d1192d7fe,11276b62-3547-3e42-b7b7-e079a2152633,Md Mäklin,M,GENERAL PRACTICE,Haartmaninkatu 4,Helsinki,18,00290,60.47152,22.69371,2
faf7edce-fc44-33b3-9419-6c9a6de41422,39010280-b8e5-3b1a-b835-bafbeea21968,Susana Tanhuanpää,F,GENERAL PRACTICE,Turuntie 150,Espoo,18,02740,60.22589,24.77581,14
4ac31f57-c947-3309-b8c1-2c465aaaaa5b,7b74aa83-5335-38dd-a213-d6df36c7f627,Eine Rönö,F,GENERAL PRACTICE,Karvasmäentie 6,Espoo,18,02740,60.22011,24.6848,7
6a7ed82a-a4db-340b-9337-a0999dd1548f,af916982-f5f8-341b-b159-69e72695294c,Gisella Karhuniemi,F,GENERAL PRACTICE,Sairaalakatu 1,Vantaa,18,01400,60.3299,25.0608,15
a9055885-aa89-3eac-b337-3b344c2c15b5,b9b4f8d8-b4a7-3164-a21f-c57b0c40c3ff,Mari-Jaana Heikelä,F,GENERAL PRACTICE,Sairaalankatu 1,Hyvinkää,18,05830,60.612,24.82486,4
48d2ac68-a1f2-3bbf-a28a-48259cad7ca3,294d60d6-0e2b-396b-a8bf-77998642f6b7,Mireille Tukia,F,GENERAL PRACTICE,Ohkolantie 10,Kellokoski,18,04500,60.53054,25.10548,1
215c260d-f698-3576-a8bd-7ac64fa56145,8af774ed-7635-320a-ad8c-a63aa309a858,Paolo Arovaara,M,GENERAL PRACTICE,Sairaalatie 8,Lohja,18,08200,60.2247,24.01885,3
