location_id,address_1,address_2,city,state,zip,county,location_source_value
4436,192 Tihveräinen Katu,,Espoo,Uusimaa,02650,Espoo,4e3761a9-cdaf-4bf6-a0df-421eb762208d
4437,1027 Truong Katu,,Nurmijärvi,Uusimaa,01820,Nurmijärvi,e39286ba-613c-499d-87b0-70b3793ee3f3
4438,162 Ketonen Katu Unit 27,,Espoo,Uusimaa,02180,Espoo,67fc13da-7253-4293-9dbb-a5e78e3e8304
4439,939 Häyrynen Katu,,Helsinki,Uusimaa,00920,Helsinki,b645940c-848a-4f23-afe9-b771bb452655
4440,1096 Nordling Katu Unit 42,,Vantaa,Uusimaa,01600,Vantaa,05fe74d9-9bc1-45d4-bb75-b437ad1c2bdb
4441,928 Patrikka Katu,,Vantaa,Uusimaa,01690,Vantaa,327b63bd-d735-484c-a686-77aad05c940b
4442,311 Harjanne Katu,,Kauniainen,Uusimaa,02700,Kauniainen,74fd19f6-ece9-431c-a956-3f18990835de
4443,909 Haaksi Katu,,Helsinki,Uusimaa,00930,Helsinki,b1fb7b96-018f-4dc4-843a-391a6ce85674
4444,744 Säisä Katu,,Helsinki,Uusimaa,00910,Helsinki,3584490d-0fdd-4a19-9b40-986c3ab609a5
4445,187 Lignell Katu,,Helsinki,Uusimaa,00410,Helsinki,4f8a6410-2245-47a5-963e-cda824c0a9cf
4446,212 Nummikari Katu,,Helsinki,Uusimaa,00520,Helsinki,e9cbe504-1493-417b-8b1b-ace427f4055e
4447,552 Sadinmaa Katu,,Vantaa,Uusimaa,01510,Vantaa,04a71026-f63e-45ad-8fe5-8594422e5435
4448,521 Nybonn Katu Unit 97,,Vantaa,Uusimaa,01630,Vantaa,caddb2ec-b18f-4526-b95a-bcdba122b2fd
4449,905 Lalli Katu Unit 96,,Vantaa,Uusimaa,01380,Vantaa,6618dfc4-f0f5-490a-b2c4-56a9cf8ccad4
4450,702 Huovinen Katu,,Espoo,Uusimaa,02120,Espoo,538131c9-ddc5-439b-aace-0ee2ba166bf9
4451,870 Uttula Katu Suite 9,,Vantaa,Uusimaa,01680,Vantaa,b5d7a07c-c1ee-4f69-8baa-7c3a2e12ec03
4452,147 Kulta Katu Suite 25,,Vantaa,Uusimaa,01300,Vantaa,51840f95-f1c9-47d4-9425-f855be0d3436
4453,721 Raittinen Katu Unit 62,,Helsinki,Uusimaa,00360,Helsinki,368b4e4e-97f5-4368-af0b-b44e9e23ec55
4454,386 Lauanne Katu,,Espoo,Uusimaa,02160,Espoo,857ce369-febb-4302-8802-c733679e7dcf
4455,231 Uusi-Viitala Katu,,Mäntsälä,Uusimaa,04820,Mäntsälä,6d4f74e2-3017-4d1d-850f-7ba48d603b28
4456,223 Raipala Katu,,Helsinki,Uusimaa,00990,Helsinki,7db07bb6-68e7-4b69-bd44-eaa9a4c75c20
4457,554 Kaasalainen Katu,,Lohja,Uusimaa,09520,Lohja,4d3009a5-afcd-4dbf-b1b7-a75a1b1dbd12
4458,629 Leikko Katu,,Espoo,Uusimaa,02780,Espoo,9a85f75d-c126-4aa1-8028-7c1fd4108d15
4459,914 Alakahri Katu,,Nurmijärvi,Uusimaa,05450,Nurmijärvi,fb34d806-cd05-40e5-ac58-22c027d56123
4460,389 Selinummi Katu,,Espoo,Uusimaa,02620,Espoo,18defa88-28bd-436f-9268-a8248267f652
4461,703 Jalo Katu Suite 8,,Helsinki,Uusimaa,00800,Helsinki,8c52d3ce-2503-48c7-a325-4a5b216156a6
4462,1051 Pirttinokka Katu,,Helsinki,Uusimaa,00860,Helsinki,263016f4-da49-4563-a773-72ff89e82ddc
4463,1061 Lehmusvuori Katu Suite 78,,Helsinki,Uusimaa,00590,Helsinki,54772a89-54d2-4016-af90-d6e34ca76fc1
4464,671 Nyländen Katu,,Helsinki,Uusimaa,00310,Helsinki,b8f14d3d-a647-48ed-b148-b345c02be614
4465,934 Watts Katu,,Vantaa,Uusimaa,01380,Vantaa,814b35b0-4d7c-48be-a969-76cfb27ae654
4466,988 Tursas Katu Apt 80,,Helsinki,Uusimaa,00390,Helsinki,f2132540-bc89-4448-a6a4-b255b9794cfd
4467,630 Sipolainen Katu Suite 8,,Helsinki,Uusimaa,00710,Helsinki,1146f2ee-742d-41b5-80f9-583e577734e1
4468,499 Särmäkari Katu Unit 40,,Espoo,Uusimaa,02740,Espoo,95be4c72-8f89-4dda-a966-e3bd9a0876be
4469,108 Viirumäki Katu Suite 44,,Nurmijärvi,Uusimaa,05450,Nurmijärvi,ce557116-2652-4a72-928c-c9d4881a86b7
4470,626 Friari Katu,,Kirkkonummi,Uusimaa,02400,Kirkkonummi,ac2fa77b-723f-4624-9374-e684a182aecf
4471,948 Länsipuro Katu Unit 9,,Helsinki,Uusimaa,00990,Helsinki,04a8096a-8a1c-4b8b-b954-c54e85bac099
4472,658 Kormi Katu Unit 39,,Helsinki,Uusimaa,00600,Helsinki,1f21d3a5-2801-4fa5-9d1a-4a18fb82dfbd
4473,307 Rannanheimo Katu,,Lohja,Uusimaa,08100,Lohja,50476a5c-65ca-4883-b2f7-33053bf95538
4474,686 Ånäs Katu,,Vantaa,Uusimaa,01480,Vantaa,e2b8f5e0-ff8e-4461-a867-96db116c84db
4475,737 Yli-Hallila Katu Suite 42,,Karkkila,Uusimaa,03620,Karkkila,414ebf72-434c-4f30-a0ed-c649e86a1a0b
4476,617 Eho Katu Suite 57,,Vantaa,Uusimaa,01400,Vantaa,89e687b8-bf5b-4ec0-858d-3def5a253a9a
4477,452 Soidinniemi Katu,,Porvoo,Uusimaa,07320,Porvoo,75777583-9071-4cdb-847f-e9d31fe5b1a7
4478,979 Peuna Katu Apt 81,,Helsinki,Uusimaa,00430,Helsinki,87fd96d7-454b-4427-b1af-0d410a1e648e
4479,388 Arenius Katu Unit 63,,Helsinki,Uusimaa,00690,Helsinki,2bdf6fa4-2a3f-4b06-a3b5-8c434b8a4ac6
4480,799 Posio Katu Apt 88,,Vantaa,Uusimaa,01600,Vantaa,a8490913-fe9d-4497-815c-4338099ef294
4481,372 Ala-Nikula Katu,,Helsinki,Uusimaa,00730,Helsinki,2be81bc3-0e38-42e7-a09b-e6b744f8fb89
4482,829 Talman Katu,,Vantaa,Uusimaa,01630,Vantaa,b3ddbe8e-f594-443d-a833-b469e15925aa
4483,1064 Vikholm Katu,,Helsinki,Uusimaa,00880,Helsinki,5041a9b8-99f0-449f-99b7-620adacd4b1c
4484,668 Tervalahti Katu Unit 42,,Helsinki,Uusimaa,00130,Helsinki,eb543c75-265c-4693-abf7-55c22f8e6df9
4485,438 Fogel Katu Apt 20,,Helsinki,Uusimaa,00190,Helsinki,48453db3-ca62-4243-ad91-6a0e7906d71e
4486,151 Kytökangas Katu,,Helsinki,Uusimaa,00910,Helsinki,35cabe09-57a0-41b9-96fd-a4f4159368ae
4487,1068 Gibson Katu Apt 89,,Helsinki,Uusimaa,00270,Helsinki,2305e094-198a-4c4f-a9ba-af10592e81f2
4488,325 Kaariaho Katu,,Hanko,Uusimaa,10820,Hanko,c033c9fa-5b1e-44fc-903c-3006a14d5d5a
4489,902 Talso Katu Apt 15,,Espoo,Uusimaa,02970,Espoo,48a53fb1-1279-43c6-9d01-07a402e15194
4490,897 Vuorikivi Katu,,Espoo,Uusimaa,02200,Espoo,e69398d1-d20a-4b1d-b154-ebff086a1137
4491,613 Kolttola Katu,,Tuusula,Uusimaa,04300,Tuusula,06abe4ca-2b07-41a1-bac7-113d73fdab6d
4492,812 Alinen Katu Suite 17,,Espoo,Uusimaa,02200,Espoo,11f35480-5d99-46a4-b267-4607621c021f
4493,853 Seitala Katu,,Vantaa,Uusimaa,01630,Vantaa,23912ba3-c80d-48e0-8217-f2f6e26f1b82
4494,394 Muotka Katu,,Espoo,Uusimaa,02280,Espoo,bbf3990f-1f09-46ff-9c85-d98d088d113f
4495,533 Kallila Katu,,Helsinki,Uusimaa,00700,Helsinki,67e1edc7-a191-4c3f-9953-5abc082939ff
4496,177 Pomrén Katu,,Helsinki,Uusimaa,00330,Helsinki,a1a31557-394d-43ad-a6c2-94b7a6d889dd
4497,510 Mustaniemi Katu Apt 47,,Helsinki,Uusimaa,00370,Helsinki,3a804575-cc78-4154-bec0-0912509d6252
4498,714 Hirvola Katu Unit 54,,Nurmijärvi,Uusimaa,05250,Nurmijärvi,cb3bd21a-eec0-40ac-9e29-d218bcd6a5a5
4499,896 Enström Katu,,Porvoo,Uusimaa,07350,Porvoo,a6dbb394-8d41-448d-987b-d1ae93986530
4500,897 Putus Katu,,Helsinki,Uusimaa,00850,Helsinki,7e9bf588-9bc0-4e19-83a6-08339576dac8
4501,486 Hellanmaa Katu Suite 92,,Espoo,Uusimaa,02260,Espoo,5ae43edd-aa2e-4c30-9ca2-d11b415332df
4502,336 Kangaskokko Katu Unit 32,,Helsinki,Uusimaa,00660,Helsinki,64e8e5b9-fdb1-483e-97db-a1166d6d6b57
4503,100 Stjerna Katu Suite 5,,Helsinki,Uusimaa,00980,Helsinki,d87dad48-5535-424d-8f2a-6b8e5751adcd
4504,974 Hilla Katu,,Kerava,Uusimaa,04260,Kerava,5e9bb2be-79cc-498f-a49b-f07a107c2b37
4505,874 Harsia Katu Apt 83,,Järvenpää,Uusimaa,04420,Järvenpää,a70032c6-41ef-4632-b618-e1d24989faff
4506,794 Tarssanen Katu,,Helsinki,Uusimaa,00100,Helsinki,9a9a0ae6-d180-4f0f-9fcd-b01a97675264
4507,103 Kastepohja Katu Apt 61,,Helsinki,Uusimaa,00710,Helsinki,f59c0e5e-6010-4544-903d-579a3757b227
4508,561 Enegren Katu Unit 89,,Helsinki,Uusimaa,00100,Helsinki,3280fd86-1276-43cf-9925-1170a317d1b7
4509,155 Ala-Opas Katu,,Espoo,Uusimaa,02810,Espoo,509f1089-51a2-4ec9-b848-454a8444b1b1
4510,703 Salmiosalo Katu,,Espoo,Uusimaa,02380,Espoo,ca5d9627-445f-497e-bedc-337db7f37401
4511,493 Putto Katu Suite 51,,Kauniainen,Uusimaa,02700,Kauniainen,c372d026-1ddc-4451-8290-0803eea3fa6b
4512,1077 Saressalo Katu Suite 46,,Helsinki,Uusimaa,00820,Helsinki,05aa3558-4543-4909-ae08-a0e0f061bcb3
4513,187 Maliniemi Katu,,Järvenpää,Uusimaa,04460,Järvenpää,acc020aa-5d11-49c9-8411-5e8b614b9346
4514,548 Kellberg Katu,,Helsinki,Uusimaa,00210,Helsinki,e70adeb0-31c3-431a-bc58-1aacc492f930
4515,444 Hovivuori Katu Apt 85,,Vantaa,Uusimaa,01380,Vantaa,12eee8f2-7ce4-4b36-9722-43b02c278d3d
4516,503 Askolin Katu,,Espoo,Uusimaa,02170,Espoo,8e2c2cfa-05d6-4054-b096-085718589fb1
4517,225 Eskills Katu Unit 54,,Helsinki,Uusimaa,00930,Helsinki,e1f372e9-5445-42f8-b6ff-44caa2e8345c
4518,921 Vuohtoniemi Katu Unit 53,,Kauniainen,Uusimaa,02700,Kauniainen,c3ff3ef2-1bee-401e-87e4-d32371e58af2
4519,390 Peltovuori Katu Suite 48,,Lohja,Uusimaa,08700,Lohja,7e43d94b-3a4b-40d8-9bdb-def549112275
4520,487 Lillinen Katu,,Helsinki,Uusimaa,00320,Helsinki,682739ea-5af1-48ab-afbf-630aa48ed29f
4521,307 Tanhula Katu,,Espoo,Uusimaa,02270,Espoo,cf62b0b3-0859-4989-8eac-eeec449f80dc
4522,448 Suurkoivu Katu Unit 52,,Helsinki,Uusimaa,00980,Helsinki,a552f784-a87b-468f-bf14-bba2f2fa3b12
4523,121 Wahlsten Katu,,Espoo,Uusimaa,02380,Espoo,6f432a03-b8b4-4c88-a538-9cd958892501
4524,190 Puntila Katu Unit 58,,Espoo,Uusimaa,02120,Espoo,451f0ca4-e5da-4c62-b83e-81b62a2cc634
4525,935 Gertsch Katu,,Helsinki,Uusimaa,00500,Helsinki,199894bb-a76d-4ce7-95db-710c25fd8da3
4526,151 Högnabba Katu Suite 29,,Helsinki,Uusimaa,00620,Helsinki,0fdb5777-0d74-4a59-92a5-39cb583e6bb5
4527,460 Rajala Katu,,Kerava,Uusimaa,04220,Kerava,c823c514-b0e9-4ab2-8b27-924df17b4b15
4528,409 Wallendahl Katu Unit 68,,Helsinki,Uusimaa,00420,Helsinki,3242b4e0-efa1-42ab-aa6c-f75089577441
4529,834 Levi Katu,,Helsinki,Uusimaa,00680,Helsinki,f374e311-1bd7-4c75-87f5-782687edb65e
4530,299 Ojonen Katu,,Helsinki,Uusimaa,00230,Helsinki,f63d07ad-2186-42ad-9b00-6d8e9f54d2b1
4531,402 Kastus Katu Suite 3,,Helsinki,Uusimaa,00690,Helsinki,248b074f-c6ff-495f-a11b-234470238abf
4532,1022 Tempakka Katu Suite 75,,Lohja,Uusimaa,08500,Lohja,6c62be7d-33f5-4c13-9e72-fbd66f4c60c7
4533,346 Santanen Katu Suite 97,,Espoo,Uusimaa,02290,Espoo,d54b0d4f-c192-4b10-87c2-0c1189dd6150
4534,910 Syring Katu,,Järvenpää,Uusimaa,04410,Järvenpää,7a562cc1-d057-4471-b12c-c77dcf258201
4535,1088 Takamäki Katu,,Vantaa,Uusimaa,01770,Vantaa,228b7ef4-7c9d-469b-b20e-d8560ea87bbe
4536,132 Helpiölä Katu Unit 12,,Helsinki,Uusimaa,00940,Helsinki,14b211b9-2870-4040-8c13-4e5659b02a5f
4537,103 Yousif Katu Suite 53,,Vantaa,Uusimaa,01300,Vantaa,89595822-c0ff-4867-ae9a-f5e6c011c980
4538,910 Eskolin Katu Suite 90,,Helsinki,Uusimaa,00420,Helsinki,3886d71b-e71a-4e0a-8f82-1cdc3a3f9b6e
4539,339 Kilpijärvi Katu,,Espoo,Uusimaa,02150,Espoo,ad293fd3-a459-4234-b8d7-c8635998713e
4540,1055 Jyrkiäinen Katu,,Vantaa,Uusimaa,01690,Vantaa,cdc2a223-50ef-4bb7-bb45-9a53742e7add
