person_id,gender_concept_id,year_of_birth,month_of_birth,day_of_birth,birth_datetime,race_concept_id,ethnicity_concept_id,location_id,provider_id,care_site_id,person_source_value,gender_source_value,gender_source_concept_id,race_source_value,race_source_concept_id,ethnicity_source_value,ethnicity_source_concept_id
2895,8507,2014,5,13,,8527,0,2895,,,a6d334f3-8ead-4397-ae56-c4797d264bb2,M,0,white,0,nonhispanic,0
2896,8532,2003,2,15,,8527,0,2896,,,c8e92089-b26e-478f-9506-0036d5a894b2,F,0,white,0,nonhispanic,0
2897,8507,2000,11,6,,8527,0,2897,,,7f7484a8-0e73-4b7f-aec3-7cefe74f4012,M,0,white,0,nonhispanic,0
2898,8532,1998,1,10,,8527,0,2898,,,269c219a-5845-4f0c-88dd-e1cfc598996b,F,0,white,0,nonhispanic,0
2899,8532,1983,7,12,,8527,0,2899,,,1db1b15c-4196-4ce0-bce2-51753e7d41bc,F,0,white,0,nonhispanic,0
2900,8532,1977,2,21,,8527,0,2900,,,b03ac7ce-7fe0-4e84-b7b1-d13e359c77ad,F,0,white,0,nonhispanic,0
2901,8507,1961,10,23,,8527,0,2901,,,25ee341d-d459-435b-9b2f-003ace5eaf52,M,0,white,0,nonhispanic,0
2902,8532,1983,8,6,,8527,0,2902,,,7cb9c4cd-e9aa-425b-9835-015417989f56,F,0,white,0,nonhispanic,0
2903,8507,1964,6,29,,8527,0,2903,,,a90ab7a0-da1f-4cc6-bd25-8aae1f4c52f5,M,0,white,0,nonhispanic,0
2904,8532,1988,10,21,,8527,0,2904,,,1e654a1e-ccce-489a-9251-13b865028b74,F,0,white,0,nonhispanic,0
2905,8532,1951,10,24,,8527,0,2905,,,3ffed9ae-bd1a-4d40-850d-8f9870e76f4f,F,0,white,0,nonhispanic,0
2906,8507,2018,10,27,,8527,0,2906,,,bc67304d-fed2-4f28-a8fa-04b885dfce61,M,0,white,0,nonhispanic,0
2907,8532,2000,6,29,,8527,0,2907,,,f7b3ac98-8d2f-4e90-b330-362f16189356,F,0,white,0,nonhispanic,0
2908,8532,1958,12,23,,8527,0,2908,,,4822c6a6-a741-4c0b-abf4-f7cf4ec41585,F,0,white,0,nonhispanic,0
2909,8507,2003,12,17,,8527,0,2909,,,0ff3555a-75b1-413d-bc40-a13e370b356c,M,0,white,0,nonhispanic,0
2910,8532,2016,10,28,,8527,0,2910,,,5bd5f2a0-0edb-4929-a6cd-6e9ea5b8fd52,F,0,white,0,nonhispanic,0
2911,8507,1999,1,3,,8527,0,2911,,,7d7807cb-5bea-45b9-9422-f0f62127579d,M,0,white,0,nonhispanic,0
2912,8507,1947,7,2,,8527,0,2912,,,b17d8718-4245-4f66-aa9c-d3581d19a615,M,0,white,0,nonhispanic,0
2913,8507,1961,11,14,,8527,0,2913,,,c0f4bf9a-af08-41a5-8f10-f866791b7504,M,0,white,0,nonhispanic,0
2914,8532,2015,1,23,,8527,0,2914,,,74f07ba6-6b4b-486f-a723-2ee93006cdba,F,0,white,0,nonhispanic,0
2915,8507,2005,9,21,,8527,0,2915,,,c858c997-a4c9-488c-803c-ec630dc87ffa,M,0,white,0,nonhispanic,0
2916,8507,1961,10,23,,8527,0,2916,,,5e5858a0-f30b-4104-a2ab-c583a8c04cb0,M,0,white,0,nonhispanic,0
2917,8532,1980,12,12,,8527,0,2917,,,8c8a5799-ed65-4765-b2f6-7cee9f1b20b6,F,0,white,0,nonhispanic,0
2918,8532,1984,5,10,,8527,0,2918,,,6f5cf35a-5281-48fb-acf4-26c7c378638e,F,0,white,0,nonhispanic,0
2919,8532,1969,5,12,,8527,0,2919,,,b89a0223-7cca-4a79-b439-2d5f3c032cf3,F,0,white,0,nonhispanic,0
2920,8532,2002,10,11,,8527,0,2920,,,6dfc52a4-9fad-46cd-a53b-223256fae2d3,F,0,white,0,nonhispanic,0
2921,8532,2012,7,25,,8527,0,2921,,,b51fb6e2-2021-4f44-ab75-346a3e313835,F,0,white,0,nonhispanic,0
2922,8532,1976,10,2,,8527,0,2922,,,a384dc3d-e900-4a68-80eb-d966eaa03db5,F,0,white,0,nonhispanic,0
2923,8507,2019,8,29,,8527,0,2923,,,68a0854c-2ccb-4afb-bc91-dbf940efe8f0,M,0,white,0,nonhispanic,0
2924,8532,1965,6,7,,8527,0,2924,,,d7c1e207-686b-412d-9cfb-492893ddcd04,F,0,white,0,nonhispanic,0
2925,8532,1961,8,26,,8527,0,2925,,,2e15038e-8ff3-4a97-9010-7ebd654f9112,F,0,white,0,nonhispanic,0
2926,8532,1997,4,16,,8527,0,2926,,,df64a81b-bec8-4767-b65f-0f9d9d03bd22,F,0,white,0,nonhispanic,0
2927,8532,1974,3,7,,8527,0,2927,,,be9cd329-f5f3-4f6f-8aa7-e55f9d56308b,F,0,white,0,nonhispanic,0
2928,8532,1985,12,7,,8527,0,2928,,,f6f1ffcb-0970-4e9e-acfc-aa4cd1c2b569,F,0,white,0,nonhispanic,0
2929,8507,1989,1,1,,8527,0,2929,,,293c8e1d-4703-4bc6-b20b-2f38aca6e933,M,0,white,0,nonhispanic,0
2930,8532,1982,3,10,,8527,0,2930,,,5a80a68d-b9b9-4d0c-99c7-cdcd8a8cffb3,F,0,white,0,nonhispanic,0
2931,8507,2003,2,22,,8527,0,2931,,,73849065-b1c0-480e-9150-4ec7d537bcb8,M,0,white,0,nonhispanic,0
2932,8507,1994,5,6,,8527,0,2932,,,7513c333-6200-44d0-b405-765ff30e10d3,M,0,white,0,nonhispanic,0
2933,8532,1952,10,25,,8527,0,2933,,,113b160b-3487-4f9d-bd9e-c6cf770d1a03,F,0,white,0,nonhispanic,0
2934,8532,2019,2,9,,8527,0,2934,,,734a4001-b7ab-43d4-9107-2b3d04e58a04,F,0,white,0,nonhispanic,0
2935,8507,1909,9,27,,8527,0,2935,,,bee4f788-cad5-4398-b7cf-c6535371c307,M,0,white,0,nonhispanic,0
2936,8507,2011,7,5,,8527,0,2936,,,23fa03b1-5e84-4697-921e-75128f4f4ce1,M,0,white,0,nonhispanic,0
2937,8507,1989,1,1,,8527,0,2937,,,469456ed-0247-4afa-ae8e-b0cd81591cd4,M,0,white,0,nonhispanic,0
2938,8532,1993,10,3,,8527,0,2938,,,a566cf57-b2b2-46b6-b050-7317542fd573,F,0,white,0,nonhispanic,0
2939,8507,2007,12,28,,8527,0,2939,,,a141d557-f98d-482a-8607-38220eabb973,M,0,white,0,nonhispanic,0
2940,8532,2015,8,14,,8527,0,2940,,,e412ba4b-25bd-407d-92e7-958c3080901d,F,0,white,0,nonhispanic,0
2941,8507,1951,2,18,,8527,0,2941,,,e4a862d5-98ce-4684-9726-cd6e3d8408f1,M,0,white,0,nonhispanic,0
2942,8532,1936,8,5,,8527,0,2942,,,cb1df21e-451d-434d-830c-1c0c540c7c5e,F,0,white,0,nonhispanic,0
2943,8507,1947,12,6,,8527,0,2943,,,29e709de-f4b4-43d2-82ba-01a4cd218104,M,0,white,0,nonhispanic,0
2944,8507,1946,9,3,,8527,0,2944,,,f2625f7d-2124-47bc-8971-e9fd2d722eac,M,0,white,0,nonhispanic,0
2945,8507,1995,7,29,,8527,0,2945,,,a8e41bff-f12a-4d1c-8613-371f92c350fc,M,0,white,0,nonhispanic,0
2946,8507,2011,6,12,,8527,0,2946,,,402faf4a-076f-4e05-9698-713238bc5534,M,0,white,0,nonhispanic,0
2947,8507,1951,5,26,,8527,0,2947,,,92857b82-cd40-4c52-86bf-81ce6d225fd1,M,0,white,0,nonhispanic,0
2948,8532,2013,12,31,,8527,0,2948,,,6b084af4-cd0c-475c-8970-60f2b10431ea,F,0,white,0,nonhispanic,0
2949,8532,1952,11,1,,8527,0,2949,,,bc294951-00ee-4106-8931-1de658b01a78,F,0,white,0,nonhispanic,0
2950,8507,1953,10,23,,8527,0,2950,,,d63e530c-ff50-4c60-b14d-a185b06e512e,M,0,white,0,nonhispanic,0
2951,8532,2005,7,12,,8527,0,2951,,,b9fb20a5-6412-4e14-bc79-bdef8dff5052,F,0,white,0,nonhispanic,0
2952,8507,1968,7,30,,8527,0,2952,,,84a1a13d-75d0-4122-b1fd-2f6a4bf23f49,M,0,white,0,nonhispanic,0
2953,8507,1909,9,27,,8527,0,2953,,,eab2d040-673c-4f40-ac97-ac7db3f2ddc1,M,0,white,0,nonhispanic,0
2954,8532,1952,9,8,,8527,0,2954,,,4707ba24-f0ca-4dbf-94e0-dd5dd1dbf6cd,F,0,white,0,nonhispanic,0
2955,8532,1988,10,3,,8527,0,2955,,,827c4ee8-8582-4092-a1fa-108fad06fa79,F,0,white,0,nonhispanic,0
2956,8507,1970,12,25,,8527,0,2956,,,cd776da9-a540-4bbe-829c-99e3517eb42a,M,0,white,0,nonhispanic,0
2957,8507,1975,7,24,,8527,0,2957,,,67221b38-269f-49d9-9d08-5e0a09b39e70,M,0,white,0,nonhispanic,0
2958,8507,1993,8,17,,8527,0,2958,,,5a6ac65f-9ca7-42f8-941f-0f9a66945e01,M,0,white,0,nonhispanic,0
2959,8507,1967,6,2,,8527,0,2959,,,cd6e4825-b95c-4416-9210-486e3e50f648,M,0,white,0,nonhispanic,0
2960,8532,2011,3,10,,8527,0,2960,,,2194c6c1-b34b-43c7-9bdf-a9b6788719be,F,0,white,0,nonhispanic,0
2961,8532,1948,9,14,,8527,0,2961,,,20731ffe-436b-4ef6-9227-ab2311776445,F,0,white,0,nonhispanic,0
2962,8507,2004,6,9,,8527,0,2962,,,4e607094-e769-4ffa-92d9-624742ebcb36,M,0,white,0,nonhispanic,0
2963,8532,2006,11,16,,8527,0,2963,,,41e1522e-1646-4163-8244-95882afa0e04,F,0,white,0,nonhispanic,0
2964,8532,1962,12,17,,8527,0,2964,,,2259dd2f-8131-4897-a797-cb3c47a73454,F,0,white,0,nonhispanic,0
2965,8507,1979,10,9,,8527,0,2965,,,da80805f-adc1-4f33-b8ab-f920fc181e6f,M,0,white,0,nonhispanic,0
2966,8507,1929,3,28,,8527,0,2966,,,10a1e2a4-9fe5-4d16-b721-6fb3b5030f11,M,0,white,0,nonhispanic,0
2967,8532,1977,6,4,,8527,0,2967,,,f1cb0812-3f76-4e53-a978-2ddc963e6f3f,F,0,white,0,nonhispanic,0
2968,8532,2016,6,21,,8527,0,2968,,,258a18df-2dc7-4827-a86d-d91e324ddc7d,F,0,white,0,nonhispanic,0
2969,8507,1948,12,10,,8527,0,2969,,,6fae068a-f2f0-4c99-847e-d240448d010f,M,0,white,0,nonhispanic,0
2970,8532,1979,11,11,,8527,0,2970,,,d299c69c-2e5d-4e11-9bea-5c03853d2234,F,0,white,0,nonhispanic,0
2971,8507,1964,6,24,,8527,0,2971,,,135ab75f-1dc1-4fa9-b889-922df25065dc,M,0,white,0,nonhispanic,0
2972,8507,1968,9,9,,8527,0,2972,,,177e5eae-9a53-48e6-82d7-7148fd21b531,M,0,white,0,nonhispanic,0
2973,8532,1971,8,12,,8527,0,2973,,,be825f7c-8d62-49cb-b2aa-cf8539f255be,F,0,white,0,nonhispanic,0
2974,8532,1985,10,30,,8527,0,2974,,,86cd80e1-1b57-45fd-bcac-60e391c22d9d,F,0,white,0,nonhispanic,0
2975,8532,1962,1,7,,8527,0,2975,,,0f40aea0-4ed0-4f3b-8a82-9825429b8279,F,0,white,0,nonhispanic,0
2976,8507,1995,8,19,,8527,0,2976,,,068f26d7-4f0f-4ad4-bd2e-f43837dc3135,M,0,white,0,nonhispanic,0
2977,8507,1909,9,27,,8527,0,2977,,,6aa96af3-746c-4271-bdc7-9e92dc29cd54,M,0,white,0,nonhispanic,0
2978,8532,2008,6,5,,8527,0,2978,,,97900311-7f0a-4544-baa6-d58fd1faf819,F,0,white,0,nonhispanic,0
2979,8532,1989,10,10,,8527,0,2979,,,71823a16-d6ab-4cb6-9a67-723af8599a72,F,0,white,0,nonhispanic,0
2980,8532,1988,11,10,,8527,0,2980,,,ca3cdd78-7e55-4c9d-bd5e-d559c1c3b4a2,F,0,white,0,nonhispanic,0
2981,8507,1948,12,10,,8527,0,2981,,,39e26065-fc6f-4683-9154-0b490612fe90,M,0,white,0,nonhispanic,0
2982,8532,1976,3,14,,8527,0,2982,,,dffaf5e3-c596-4951-bd00-3dbe931bf82e,F,0,white,0,nonhispanic,0
2983,8507,1948,2,18,,8527,0,2983,,,19d4cfe9-ea3b-4d0e-9f54-984591568fb7,M,0,white,0,nonhispanic,0
2984,8532,1978,5,11,,8527,0,2984,,,134af016-b662-4555-a0b5-8ce52d3712c0,F,0,white,0,nonhispanic,0
2985,8532,1939,1,2,,8527,0,2985,,,8c63c83b-91e6-46e8-8a7a-5999b53222f0,F,0,white,0,nonhispanic,0
2986,8532,1954,11,3,,8527,0,2986,,,dfeaa5d0-a990-4c84-999a-aca40ee8d405,F,0,white,0,nonhispanic,0
2987,8532,1994,11,20,,8527,0,2987,,,62044846-21da-4ffa-87bc-9e79b4c439df,F,0,white,0,nonhispanic,0
2988,8532,2001,11,5,,8527,0,2988,,,6f998889-28db-42a1-9c8c-57d99f2e76c4,F,0,white,0,nonhispanic,0
2989,8507,1992,1,22,,8527,0,2989,,,d1d10dc9-f7e0-4a78-a2fb-493e5aa72291,M,0,white,0,nonhispanic,0
2990,8532,2006,7,23,,8527,0,2990,,,378ac910-4b1b-4c85-832f-68bf7a0932d7,F,0,white,0,nonhispanic,0
2991,8507,1975,10,11,,8527,0,2991,,,cf6a85d1-fade-43c0-aa72-182a025892f4,M,0,white,0,nonhispanic,0
2992,8532,2019,8,15,,8527,0,2992,,,057a8ec0-acf5-4c57-b929-51eba1985ac7,F,0,white,0,nonhispanic,0
2993,8507,2006,8,5,,8527,0,2993,,,4145c42d-12f3-4840-8430-49bd6bec9828,M,0,white,0,nonhispanic,0
2994,8532,1993,3,19,,8527,0,2994,,,7f8b5cd4-e1f9-44ba-93de-e978207eef6c,F,0,white,0,nonhispanic,0
2995,8532,1979,3,26,,8527,0,2995,,,2dd1e4cd-a25c-46a3-b336-5f6d1825928c,F,0,white,0,nonhispanic,0
2996,8507,1967,11,5,,8527,0,2996,,,b290ddac-586a-4102-bd68-7a2ed934ef8d,M,0,white,0,nonhispanic,0
2997,8507,1982,11,20,,8527,0,2997,,,cdaa28b9-6f6e-493f-ab70-b9ee46a7d1eb,M,0,white,0,nonhispanic,0
2998,8507,1950,6,19,,8527,0,2998,,,db9ff487-6698-4dc7-b3a4-58009cc6df07,M,0,white,0,nonhispanic,0
2999,8532,1954,11,8,,8527,0,2999,,,07f2771f-4cb4-4242-8261-055a4ad6a189,F,0,white,0,nonhispanic,0
