START,STOP,PATIENT,ENCOUNTER,CODE,DESCRIPTION
2016-12-08,,2f5ea61d-1570-4962-b392-66cdf51575c0,041d0b48-5d47-43b0-9ac6-f55b02df21b1,49436004,Atrial Fibrillation
1976-06-19,,4dd977c2-02e5-4370-b426-f8f11fb56c55,3e2bc08e-c54d-4bf4-8194-988d0d593601,53741008,Coronary Heart Disease
2001-06-02,,4dd977c2-02e5-4370-b426-f8f11fb56c55,1613caec-6492-45dc-9544-17e0902897ba,22298006,Myocardial Infarction
2001-06-02,,4dd977c2-02e5-4370-b426-f8f11fb56c55,1613caec-6492-45dc-9544-17e0902897ba,399211009,History of myocardial infarction (situation)
1972-04-21,,d9e79a96-671a-43de-9957-e0f57c4c68c2,0bb498a2-5643-47fd-b649-e35c89d8b426,53741008,Coronary Heart Disease
1947-12-20,,fb3a323e-30ea-4865-882c-b0f83e6ac7b7,c4628692-0ba8-4cc9-83fb-b5b0f21c87d2,53741008,Coronary Heart Disease
1974-04-13,,fb3a323e-30ea-4865-882c-b0f83e6ac7b7,3ca347df-030a-449f-a9b2-69fbf0ff1744,22298006,Myocardial Infarction
1974-04-13,,fb3a323e-30ea-4865-882c-b0f83e6ac7b7,3ca347df-030a-449f-a9b2-69fbf0ff1744,399211009,History of myocardial infarction (situation)
1998-11-01,,d27c22bd-3dd0-497e-83ae-254e6d034b8a,b72a09f3-d1ad-4608-91fe-2d2c6fc9b097,87433001,Pulmonary emphysema (disorder)
1973-02-13,,7bf89b60-5b4e-4ced-a320-9221a2f5a27d,9efb18cc-a3d0-499a-a365-8665da5b5e85,53741008,Coronary Heart Disease
1975-05-06,,7bf89b60-5b4e-4ced-a320-9221a2f5a27d,ec291609-28ba-4d77-80b7-41b1a509010e,22298006,Myocardial Infarction
1975-05-06,,7bf89b60-5b4e-4ced-a320-9221a2f5a27d,ec291609-28ba-4d77-80b7-41b1a509010e,399211009,History of myocardial infarction (situation)
2005-05-11,,334159ed-7241-4101-9df4-157803182b23,804f6983-f80a-41de-90b8-9d55c6337b9b,230690007,Stroke
1945-09-24,,0dd0f74c-89a7-4f8d-a185-f41e893d038c,229b3a2a-ff5c-4690-a277-6c8303cbad4c,410429000,Cardiac Arrest
1945-09-24,,0dd0f74c-89a7-4f8d-a185-f41e893d038c,229b3a2a-ff5c-4690-a277-6c8303cbad4c,429007001,History of cardiac arrest (situation)
1967-07-20,,37f053d6-2327-46bd-bfb7-3842ac1183f7,46c5405c-365a-430e-b373-878e97061c31,87433001,Pulmonary emphysema (disorder)
1990-11-15,,37f053d6-2327-46bd-bfb7-3842ac1183f7,2b9fb656-ad42-4fdb-886d-34aedbeaee0a,49436004,Atrial Fibrillation
2017-07-11,,34061983-971a-4a0b-86f2-c570ab841dc1,6c552745-eca1-4aaf-89e9-418314f8f875,230690007,Stroke
2007-12-28,,b55c93ea-a1d8-4700-afac-65ee3350fa92,e8d79c52-0601-4a8b-b645-fceaa711e457,53741008,Coronary Heart Disease
2016-02-12,,b55c93ea-a1d8-4700-afac-65ee3350fa92,7cf1e6b3-28c4-4012-861f-23a434404a1b,87433001,Pulmonary emphysema (disorder)
1944-12-06,,d6a2aadb-f5e0-4f1d-bb87-39514f60df0a,ea665a70-63ae-4d56-be67-474680db01b6,410429000,Cardiac Arrest
1944-12-06,,d6a2aadb-f5e0-4f1d-bb87-39514f60df0a,ea665a70-63ae-4d56-be67-474680db01b6,429007001,History of cardiac arrest (situation)
