START,STOP,PATIENT,PAYER,ENCOUNTER,CODE,DESCRIPTION,BASE_COST,PAYER_COVERAGE,DISPENSES,TOTALCOST,REASONCODE,REASONDESCRIPTION
2016-12-08,,2f5ea61d-1570-4962-b392-66cdf51575c0,b1c428d6-4f07-31e0-90f0-68ffa6ff8c76,041d0b48-5d47-43b0-9ac6-f55b02df21b1,855332,Warfarin Sodium 5 MG Oral Tablet,79.39,0.00,39,3096.21,,
2016-12-08,,2f5ea61d-1570-4962-b392-66cdf51575c0,b1c428d6-4f07-31e0-90f0-68ffa6ff8c76,041d0b48-5d47-43b0-9ac6-f55b02df21b1,897718,Verapamil Hydrochloride 40 MG,133.14,0.00,39,5192.46,,
2016-12-08,,2f5ea61d-1570-4962-b392-66cdf51575c0,b1c428d6-4f07-31e0-90f0-68ffa6ff8c76,041d0b48-5d47-43b0-9ac6-f55b02df21b1,197604,Digoxin 0.125 MG Oral Tablet,69.63,0.00,39,2715.57,,
1976-06-19,2001-06-02,4dd977c2-02e5-4370-b426-f8f11fb56c55,b1c428d6-4f07-31e0-90f0-68ffa6ff8c76,3e2bc08e-c54d-4bf4-8194-988d0d593601,705129,Nitroglycerin 0.4 MG/ACTUAT Mucosal Spray,196.21,0.00,303,59451.63,,
1991-09-14,,4dd977c2-02e5-4370-b426-f8f11fb56c55,b1c428d6-4f07-31e0-90f0-68ffa6ff8c76,bc98c059-7adb-4024-a7ff-616b9a8e97e8,312961,Simvastatin 20 MG Oral Tablet,28.20,0.00,118,3327.60,,
1994-10-01,,4dd977c2-02e5-4370-b426-f8f11fb56c55,b1c428d6-4f07-31e0-90f0-68ffa6ff8c76,6cf3a369-35f8-4deb-b215-44529600cd9d,197361,Amlodipine 5 MG Oral Tablet,55.56,0.00,81,4500.36,,
1997-10-18,2001-06-02,4dd977c2-02e5-4370-b426-f8f11fb56c55,b1c428d6-4f07-31e0-90f0-68ffa6ff8c76,91765c0e-65f0-4f8d-8822-4c5c738a2a4a,309362,Clopidogrel 75 MG Oral Tablet,76.29,0.00,44,3356.76,,
2001-06-02,2001-06-02,4dd977c2-02e5-4370-b426-f8f11fb56c55,b1c428d6-4f07-31e0-90f0-68ffa6ff8c76,1613caec-6492-45dc-9544-17e0902897ba,259255,Atorvastatin 80 MG Oral Tablet,351.32,0.00,1,351.32,,
2001-06-02,2001-06-02,4dd977c2-02e5-4370-b426-f8f11fb56c55,b1c428d6-4f07-31e0-90f0-68ffa6ff8c76,1613caec-6492-45dc-9544-17e0902897ba,833036,Captopril 25 MG Oral Tablet,128.10,0.00,1,128.10,,
1972-04-21,,d9e79a96-671a-43de-9957-e0f57c4c68c2,b1c428d6-4f07-31e0-90f0-68ffa6ff8c76,0bb498a2-5643-47fd-b649-e35c89d8b426,705129,Nitroglycerin 0.4 MG/ACTUAT Mucosal Spray,182.98,0.00,583,106677.34,,
1991-08-09,,d9e79a96-671a-43de-9957-e0f57c4c68c2,b1c428d6-4f07-31e0-90f0-68ffa6ff8c76,24fec48b-6c87-4846-a1ab-b215981e116d,312961,Simvastatin 20 MG Oral Tablet,12.12,0.00,348,4217.76,,
1994-08-26,,d9e79a96-671a-43de-9957-e0f57c4c68c2,b1c428d6-4f07-31e0-90f0-68ffa6ff8c76,24be78c1-6839-478c-8257-00a43e8da314,197361,Amlodipine 5 MG Oral Tablet,28.01,0.00,311,8711.11,,
1997-09-12,,d9e79a96-671a-43de-9957-e0f57c4c68c2,b1c428d6-4f07-31e0-90f0-68ffa6ff8c76,7e03b3c9-585a-4123-a9ac-50468d941b52,309362,Clopidogrel 75 MG Oral Tablet,97.79,0.00,273,26696.67,,
1947-12-20,1974-04-13,fb3a323e-30ea-4865-882c-b0f83e6ac7b7,b1c428d6-4f07-31e0-90f0-68ffa6ff8c76,c4628692-0ba8-4cc9-83fb-b5b0f21c87d2,705129,Nitroglycerin 0.4 MG/ACTUAT Mucosal Spray,70.66,0.00,320,22611.20,,
2001-11-04,2002-11-10,d27c22bd-3dd0-497e-83ae-254e6d034b8a,b1c428d6-4f07-31e0-90f0-68ffa6ff8c76,34c36b7b-c077-4c22-885c-e177847181f2,896209,60 ACTUAT Fluticasone propionate 0.25 MG/ACTUAT / salmeterol 0.05 MG/ACTUAT Dry Powder Inhaler,39.07,0.00,12,468.84,87433001,Pulmonary emphysema (disorder)
2002-11-10,2003-11-16,d27c22bd-3dd0-497e-83ae-254e6d034b8a,b1c428d6-4f07-31e0-90f0-68ffa6ff8c76,ddc80928-ec37-4db4-97c8-64fd0e83d6b6,896209,60 ACTUAT Fluticasone propionate 0.25 MG/ACTUAT / salmeterol 0.05 MG/ACTUAT Dry Powder Inhaler,41.83,0.00,12,501.96,87433001,Pulmonary emphysema (disorder)
2003-11-16,2004-11-21,d27c22bd-3dd0-497e-83ae-254e6d034b8a,b1c428d6-4f07-31e0-90f0-68ffa6ff8c76,c95e488a-1ab9-49e4-a219-16d575087ee0,896209,60 ACTUAT Fluticasone propionate 0.25 MG/ACTUAT / salmeterol 0.05 MG/ACTUAT Dry Powder Inhaler,24.89,0.00,12,298.68,87433001,Pulmonary emphysema (disorder)
2004-11-21,2005-11-27,d27c22bd-3dd0-497e-83ae-254e6d034b8a,b1c428d6-4f07-31e0-90f0-68ffa6ff8c76,1ede515f-f556-4c50-b68e-db1eb39d02c1,896209,60 ACTUAT Fluticasone propionate 0.25 MG/ACTUAT / salmeterol 0.05 MG/ACTUAT Dry Powder Inhaler,43.08,0.00,12,516.96,87433001,Pulmonary emphysema (disorder)
2005-11-27,2006-12-03,d27c22bd-3dd0-497e-83ae-254e6d034b8a,b1c428d6-4f07-31e0-90f0-68ffa6ff8c76,8a509708-7f71-46a3-bd9c-e04db68f88ed,896209,60 ACTUAT Fluticasone propionate 0.25 MG/ACTUAT / salmeterol 0.05 MG/ACTUAT Dry Powder Inhaler,22.55,0.00,12,270.60,87433001,Pulmonary emphysema (disorder)
2006-12-03,2007-12-09,d27c22bd-3dd0-497e-83ae-254e6d034b8a,b1c428d6-4f07-31e0-90f0-68ffa6ff8c76,f7c512ac-c059-471b-91c3-af3ae6edace2,896209,60 ACTUAT Fluticasone propionate 0.25 MG/ACTUAT / salmeterol 0.05 MG/ACTUAT Dry Powder Inhaler,39.38,0.00,12,472.56,87433001,Pulmonary emphysema (disorder)
2007-12-09,2008-12-14,d27c22bd-3dd0-497e-83ae-254e6d034b8a,b1c428d6-4f07-31e0-90f0-68ffa6ff8c76,b7db8c99-a1cc-42d2-9d55-097a1b99e038,896209,60 ACTUAT Fluticasone propionate 0.25 MG/ACTUAT / salmeterol 0.05 MG/ACTUAT Dry Powder Inhaler,17.68,0.00,12,212.16,87433001,Pulmonary emphysema (disorder)
2008-12-14,2009-12-20,d27c22bd-3dd0-497e-83ae-254e6d034b8a,b1c428d6-4f07-31e0-90f0-68ffa6ff8c76,888687ea-2aed-44f8-af9e-38f1efeca30c,896209,60 ACTUAT Fluticasone propionate 0.25 MG/ACTUAT / salmeterol 0.05 MG/ACTUAT Dry Powder Inhaler,24.46,0.00,12,293.52,87433001,Pulmonary emphysema (disorder)
2009-12-20,2010-12-26,d27c22bd-3dd0-497e-83ae-254e6d034b8a,b1c428d6-4f07-31e0-90f0-68ffa6ff8c76,da9da1f8-6ecb-4bf6-8b68-02363115f90d,896209,60 ACTUAT Fluticasone propionate 0.25 MG/ACTUAT / salmeterol 0.05 MG/ACTUAT Dry Powder Inhaler,29.95,0.00,12,359.40,87433001,Pulmonary emphysema (disorder)
2010-12-26,2012-01-01,d27c22bd-3dd0-497e-83ae-254e6d034b8a,b1c428d6-4f07-31e0-90f0-68ffa6ff8c76,1b72a917-32b2-454b-abc8-7e57e2483baf,896209,60 ACTUAT Fluticasone propionate 0.25 MG/ACTUAT / salmeterol 0.05 MG/ACTUAT Dry Powder Inhaler,16.31,0.00,12,195.72,87433001,Pulmonary emphysema (disorder)
2012-01-01,2013-01-06,d27c22bd-3dd0-497e-83ae-254e6d034b8a,b1c428d6-4f07-31e0-90f0-68ffa6ff8c76,e839cb0c-37c5-4608-a145-38bbb5714def,896209,60 ACTUAT Fluticasone propionate 0.25 MG/ACTUAT / salmeterol 0.05 MG/ACTUAT Dry Powder Inhaler,38.25,0.00,12,459.00,87433001,Pulmonary emphysema (disorder)
2013-01-06,2014-01-12,d27c22bd-3dd0-497e-83ae-254e6d034b8a,b1c428d6-4f07-31e0-90f0-68ffa6ff8c76,683a493f-bf56-42be-8064-2af7fdb1de0f,896209,60 ACTUAT Fluticasone propionate 0.25 MG/ACTUAT / salmeterol 0.05 MG/ACTUAT Dry Powder Inhaler,23.79,0.00,12,285.48,87433001,Pulmonary emphysema (disorder)
2014-01-12,2015-01-18,d27c22bd-3dd0-497e-83ae-254e6d034b8a,b1c428d6-4f07-31e0-90f0-68ffa6ff8c76,fa8efaa7-8aea-44af-a60a-1576f8dd3d6c,896209,60 ACTUAT Fluticasone propionate 0.25 MG/ACTUAT / salmeterol 0.05 MG/ACTUAT Dry Powder Inhaler,24.90,0.00,12,298.80,87433001,Pulmonary emphysema (disorder)
2015-01-18,2016-01-24,d27c22bd-3dd0-497e-83ae-254e6d034b8a,b1c428d6-4f07-31e0-90f0-68ffa6ff8c76,722b44c9-d743-46f2-bbcb-bef5dd34dcd7,896209,60 ACTUAT Fluticasone propionate 0.25 MG/ACTUAT / salmeterol 0.05 MG/ACTUAT Dry Powder Inhaler,18.47,0.00,12,221.64,87433001,Pulmonary emphysema (disorder)
2016-01-24,2017-01-29,d27c22bd-3dd0-497e-83ae-254e6d034b8a,b1c428d6-4f07-31e0-90f0-68ffa6ff8c76,7add101b-5fc1-4da7-954d-06bdaea9bf6b,896209,60 ACTUAT Fluticasone propionate 0.25 MG/ACTUAT / salmeterol 0.05 MG/ACTUAT Dry Powder Inhaler,17.95,0.00,12,215.40,87433001,Pulmonary emphysema (disorder)
2017-01-29,2018-02-04,d27c22bd-3dd0-497e-83ae-254e6d034b8a,b1c428d6-4f07-31e0-90f0-68ffa6ff8c76,ee022eaf-f4ca-4b53-af53-c8285dae6cd0,896209,60 ACTUAT Fluticasone propionate 0.25 MG/ACTUAT / salmeterol 0.05 MG/ACTUAT Dry Powder Inhaler,22.27,0.00,12,267.24,87433001,Pulmonary emphysema (disorder)
2018-02-04,2019-02-10,d27c22bd-3dd0-497e-83ae-254e6d034b8a,b1c428d6-4f07-31e0-90f0-68ffa6ff8c76,f3168e0b-2c37-4c19-9017-8cb47a246754,896209,60 ACTUAT Fluticasone propionate 0.25 MG/ACTUAT / salmeterol 0.05 MG/ACTUAT Dry Powder Inhaler,21.25,0.00,12,255.00,87433001,Pulmonary emphysema (disorder)
2019-02-10,2020-02-16,d27c22bd-3dd0-497e-83ae-254e6d034b8a,b1c428d6-4f07-31e0-90f0-68ffa6ff8c76,c154a09a-df6f-464b-a5b9-d7f01d50bc45,896209,60 ACTUAT Fluticasone propionate 0.25 MG/ACTUAT / salmeterol 0.05 MG/ACTUAT Dry Powder Inhaler,36.77,0.00,12,441.24,87433001,Pulmonary emphysema (disorder)
2020-02-16,,d27c22bd-3dd0-497e-83ae-254e6d034b8a,b1c428d6-4f07-31e0-90f0-68ffa6ff8c76,c3abe450-ccb4-4fca-9530-08327a96f739,896209,60 ACTUAT Fluticasone propionate 0.25 MG/ACTUAT / salmeterol 0.05 MG/ACTUAT Dry Powder Inhaler,47.31,0.00,1,47.31,87433001,Pulmonary emphysema (disorder)
1973-02-13,1975-05-06,7bf89b60-5b4e-4ced-a320-9221a2f5a27d,b1c428d6-4f07-31e0-90f0-68ffa6ff8c76,9efb18cc-a3d0-499a-a365-8665da5b5e85,705129,Nitroglycerin 0.4 MG/ACTUAT Mucosal Spray,16.24,0.00,27,438.48,,
1970-07-23,1971-07-29,37f053d6-2327-46bd-bfb7-3842ac1183f7,b1c428d6-4f07-31e0-90f0-68ffa6ff8c76,feed02f2-16d9-4552-ab3f-7502e6e91058,896209,60 ACTUAT Fluticasone propionate 0.25 MG/ACTUAT / salmeterol 0.05 MG/ACTUAT Dry Powder Inhaler,32.86,0.00,12,394.32,87433001,Pulmonary emphysema (disorder)
1971-07-29,1972-08-03,37f053d6-2327-46bd-bfb7-3842ac1183f7,b1c428d6-4f07-31e0-90f0-68ffa6ff8c76,8a575eeb-d151-40d5-a33b-b9ac472a08ad,896209,60 ACTUAT Fluticasone propionate 0.25 MG/ACTUAT / salmeterol 0.05 MG/ACTUAT Dry Powder Inhaler,33.45,0.00,12,401.40,87433001,Pulmonary emphysema (disorder)
1972-08-03,1973-08-09,37f053d6-2327-46bd-bfb7-3842ac1183f7,b1c428d6-4f07-31e0-90f0-68ffa6ff8c76,6a7eae64-3b8d-423c-993c-5d967209d970,896209,60 ACTUAT Fluticasone propionate 0.25 MG/ACTUAT / salmeterol 0.05 MG/ACTUAT Dry Powder Inhaler,31.47,0.00,12,377.64,87433001,Pulmonary emphysema (disorder)
1973-08-09,1974-08-15,37f053d6-2327-46bd-bfb7-3842ac1183f7,b1c428d6-4f07-31e0-90f0-68ffa6ff8c76,3df9b70c-435d-4910-b1d7-35736de961fb,896209,60 ACTUAT Fluticasone propionate 0.25 MG/ACTUAT / salmeterol 0.05 MG/ACTUAT Dry Powder Inhaler,20.22,0.00,12,242.64,87433001,Pulmonary emphysema (disorder)
1974-08-15,1975-08-21,37f053d6-2327-46bd-bfb7-3842ac1183f7,b1c428d6-4f07-31e0-90f0-68ffa6ff8c76,8540910b-dfc9-461e-a3dd-9a0bb5905dfb,896209,60 ACTUAT Fluticasone propionate 0.25 MG/ACTUAT / salmeterol 0.05 MG/ACTUAT Dry Powder Inhaler,51.12,0.00,12,613.44,87433001,Pulmonary emphysema (disorder)
1975-08-21,1976-08-26,37f053d6-2327-46bd-bfb7-3842ac1183f7,b1c428d6-4f07-31e0-90f0-68ffa6ff8c76,a6a15760-81ca-4cd4-aef2-ca29d9488350,896209,60 ACTUAT Fluticasone propionate 0.25 MG/ACTUAT / salmeterol 0.05 MG/ACTUAT Dry Powder Inhaler,58.73,0.00,12,704.76,87433001,Pulmonary emphysema (disorder)
1976-08-26,1977-09-01,37f053d6-2327-46bd-bfb7-3842ac1183f7,b1c428d6-4f07-31e0-90f0-68ffa6ff8c76,82c71139-d8ef-46cf-b499-ca521c941384,896209,60 ACTUAT Fluticasone propionate 0.25 MG/ACTUAT / salmeterol 0.05 MG/ACTUAT Dry Powder Inhaler,15.81,0.00,12,189.72,87433001,Pulmonary emphysema (disorder)
1977-09-01,1978-09-07,37f053d6-2327-46bd-bfb7-3842ac1183f7,b1c428d6-4f07-31e0-90f0-68ffa6ff8c76,fc795e12-3ce3-4c6f-b1f1-02aeca217dc8,896209,60 ACTUAT Fluticasone propionate 0.25 MG/ACTUAT / salmeterol 0.05 MG/ACTUAT Dry Powder Inhaler,43.53,0.00,12,522.36,87433001,Pulmonary emphysema (disorder)
1978-09-07,1979-09-13,37f053d6-2327-46bd-bfb7-3842ac1183f7,b1c428d6-4f07-31e0-90f0-68ffa6ff8c76,7e2c5433-cd8d-4b1f-9d87-c9291060fa89,896209,60 ACTUAT Fluticasone propionate 0.25 MG/ACTUAT / salmeterol 0.05 MG/ACTUAT Dry Powder Inhaler,17.46,0.00,12,209.52,87433001,Pulmonary emphysema (disorder)
1979-09-13,1980-09-18,37f053d6-2327-46bd-bfb7-3842ac1183f7,b1c428d6-4f07-31e0-90f0-68ffa6ff8c76,72298adf-657e-4cea-9eb1-db9c3f5d3018,896209,60 ACTUAT Fluticasone propionate 0.25 MG/ACTUAT / salmeterol 0.05 MG/ACTUAT Dry Powder Inhaler,20.61,0.00,12,247.32,87433001,Pulmonary emphysema (disorder)
1980-09-18,1981-09-24,37f053d6-2327-46bd-bfb7-3842ac1183f7,b1c428d6-4f07-31e0-90f0-68ffa6ff8c76,a028bf7f-d32c-4e04-acbf-81b09a04f3b6,896209,60 ACTUAT Fluticasone propionate 0.25 MG/ACTUAT / salmeterol 0.05 MG/ACTUAT Dry Powder Inhaler,44.21,0.00,12,530.52,87433001,Pulmonary emphysema (disorder)
1981-09-24,1982-09-30,37f053d6-2327-46bd-bfb7-3842ac1183f7,b1c428d6-4f07-31e0-90f0-68ffa6ff8c76,973e948b-1aee-4350-a621-3c17f10e42d9,896209,60 ACTUAT Fluticasone propionate 0.25 MG/ACTUAT / salmeterol 0.05 MG/ACTUAT Dry Powder Inhaler,24.10,0.00,12,289.20,87433001,Pulmonary emphysema (disorder)
1982-09-30,1983-10-06,37f053d6-2327-46bd-bfb7-3842ac1183f7,b1c428d6-4f07-31e0-90f0-68ffa6ff8c76,de249743-666a-48a2-b493-8238faa9709e,896209,60 ACTUAT Fluticasone propionate 0.25 MG/ACTUAT / salmeterol 0.05 MG/ACTUAT Dry Powder Inhaler,33.97,0.00,12,407.64,87433001,Pulmonary emphysema (disorder)
1983-10-06,1984-10-11,37f053d6-2327-46bd-bfb7-3842ac1183f7,b1c428d6-4f07-31e0-90f0-68ffa6ff8c76,82eb1969-062b-46be-ac31-d15e812a4595,896209,60 ACTUAT Fluticasone propionate 0.25 MG/ACTUAT / salmeterol 0.05 MG/ACTUAT Dry Powder Inhaler,20.23,0.00,12,242.76,87433001,Pulmonary emphysema (disorder)
1984-10-11,1985-10-17,37f053d6-2327-46bd-bfb7-3842ac1183f7,b1c428d6-4f07-31e0-90f0-68ffa6ff8c76,422d79a7-8df2-4029-be6a-f6e6d7464f96,896209,60 ACTUAT Fluticasone propionate 0.25 MG/ACTUAT / salmeterol 0.05 MG/ACTUAT Dry Powder Inhaler,48.07,0.00,12,576.84,87433001,Pulmonary emphysema (disorder)
1985-10-17,1986-10-23,37f053d6-2327-46bd-bfb7-3842ac1183f7,b1c428d6-4f07-31e0-90f0-68ffa6ff8c76,86ccef3a-200f-4533-a1d8-3c04ee68adbe,896209,60 ACTUAT Fluticasone propionate 0.25 MG/ACTUAT / salmeterol 0.05 MG/ACTUAT Dry Powder Inhaler,29.10,0.00,12,349.20,87433001,Pulmonary emphysema (disorder)
1986-10-23,1987-10-29,37f053d6-2327-46bd-bfb7-3842ac1183f7,b1c428d6-4f07-31e0-90f0-68ffa6ff8c76,f60f6c8f-ef3a-4ff0-8803-4f803a12c8d1,896209,60 ACTUAT Fluticasone propionate 0.25 MG/ACTUAT / salmeterol 0.05 MG/ACTUAT Dry Powder Inhaler,44.50,0.00,12,534.00,87433001,Pulmonary emphysema (disorder)
1987-10-29,1988-11-03,37f053d6-2327-46bd-bfb7-3842ac1183f7,b1c428d6-4f07-31e0-90f0-68ffa6ff8c76,c457bc88-f1c9-45b4-a0f9-fe662a8b6dcb,896209,60 ACTUAT Fluticasone propionate 0.25 MG/ACTUAT / salmeterol 0.05 MG/ACTUAT Dry Powder Inhaler,19.16,0.00,12,229.92,87433001,Pulmonary emphysema (disorder)
1988-11-03,1989-11-09,37f053d6-2327-46bd-bfb7-3842ac1183f7,b1c428d6-4f07-31e0-90f0-68ffa6ff8c76,69469a15-5061-4387-8bfc-317f1024b29b,896209,60 ACTUAT Fluticasone propionate 0.25 MG/ACTUAT / salmeterol 0.05 MG/ACTUAT Dry Powder Inhaler,44.21,0.00,12,530.52,87433001,Pulmonary emphysema (disorder)
1989-11-09,1990-11-15,37f053d6-2327-46bd-bfb7-3842ac1183f7,b1c428d6-4f07-31e0-90f0-68ffa6ff8c76,5720aa11-ebf4-4899-b62b-c45f2cbc0e58,896209,60 ACTUAT Fluticasone propionate 0.25 MG/ACTUAT / salmeterol 0.05 MG/ACTUAT Dry Powder Inhaler,28.29,0.00,12,339.48,87433001,Pulmonary emphysema (disorder)
1990-11-15,1990-11-15,37f053d6-2327-46bd-bfb7-3842ac1183f7,b1c428d6-4f07-31e0-90f0-68ffa6ff8c76,2b9fb656-ad42-4fdb-886d-34aedbeaee0a,855332,Warfarin Sodium 5 MG Oral Tablet,144.19,0.00,1,144.19,,
1990-11-15,1990-11-15,37f053d6-2327-46bd-bfb7-3842ac1183f7,b1c428d6-4f07-31e0-90f0-68ffa6ff8c76,2b9fb656-ad42-4fdb-886d-34aedbeaee0a,897718,Verapamil Hydrochloride 40 MG,198.67,0.00,1,198.67,,
1990-11-15,1990-11-15,37f053d6-2327-46bd-bfb7-3842ac1183f7,b1c428d6-4f07-31e0-90f0-68ffa6ff8c76,2b9fb656-ad42-4fdb-886d-34aedbeaee0a,197604,Digoxin 0.125 MG Oral Tablet,34.18,0.00,1,34.18,,
1990-11-15,1991-11-21,37f053d6-2327-46bd-bfb7-3842ac1183f7,b1c428d6-4f07-31e0-90f0-68ffa6ff8c76,2b9fb656-ad42-4fdb-886d-34aedbeaee0a,897718,Verapamil Hydrochloride 40 MG,62.80,0.00,12,753.60,,
1990-11-15,1991-11-21,37f053d6-2327-46bd-bfb7-3842ac1183f7,b1c428d6-4f07-31e0-90f0-68ffa6ff8c76,2b9fb656-ad42-4fdb-886d-34aedbeaee0a,197604,Digoxin 0.125 MG Oral Tablet,46.41,0.00,12,556.92,,
1990-11-15,1991-11-21,37f053d6-2327-46bd-bfb7-3842ac1183f7,b1c428d6-4f07-31e0-90f0-68ffa6ff8c76,2b9fb656-ad42-4fdb-886d-34aedbeaee0a,896209,60 ACTUAT Fluticasone propionate 0.25 MG/ACTUAT / salmeterol 0.05 MG/ACTUAT Dry Powder Inhaler,27.88,0.00,12,334.56,87433001,Pulmonary emphysema (disorder)
1990-11-15,1991-11-21,37f053d6-2327-46bd-bfb7-3842ac1183f7,b1c428d6-4f07-31e0-90f0-68ffa6ff8c76,2b9fb656-ad42-4fdb-886d-34aedbeaee0a,855332,Warfarin Sodium 5 MG Oral Tablet,86.95,0.00,12,1043.40,,
1991-11-21,1992-11-26,37f053d6-2327-46bd-bfb7-3842ac1183f7,b1c428d6-4f07-31e0-90f0-68ffa6ff8c76,59bd89e4-2970-4330-ae8f-e21aabc39463,897718,Verapamil Hydrochloride 40 MG,58.21,0.00,12,698.52,,
1991-11-21,1992-11-26,37f053d6-2327-46bd-bfb7-3842ac1183f7,b1c428d6-4f07-31e0-90f0-68ffa6ff8c76,59bd89e4-2970-4330-ae8f-e21aabc39463,197604,Digoxin 0.125 MG Oral Tablet,56.90,0.00,12,682.80,,
1991-11-21,1992-11-26,37f053d6-2327-46bd-bfb7-3842ac1183f7,b1c428d6-4f07-31e0-90f0-68ffa6ff8c76,59bd89e4-2970-4330-ae8f-e21aabc39463,896209,60 ACTUAT Fluticasone propionate 0.25 MG/ACTUAT / salmeterol 0.05 MG/ACTUAT Dry Powder Inhaler,38.76,0.00,12,465.12,87433001,Pulmonary emphysema (disorder)
1991-11-21,1992-11-26,37f053d6-2327-46bd-bfb7-3842ac1183f7,b1c428d6-4f07-31e0-90f0-68ffa6ff8c76,59bd89e4-2970-4330-ae8f-e21aabc39463,855332,Warfarin Sodium 5 MG Oral Tablet,208.59,0.00,12,2503.08,,
1992-11-26,1993-12-02,37f053d6-2327-46bd-bfb7-3842ac1183f7,b1c428d6-4f07-31e0-90f0-68ffa6ff8c76,72a96f3b-168d-4b6b-8710-b6114bf350ce,897718,Verapamil Hydrochloride 40 MG,88.07,0.00,12,1056.84,,
1992-11-26,1993-12-02,37f053d6-2327-46bd-bfb7-3842ac1183f7,b1c428d6-4f07-31e0-90f0-68ffa6ff8c76,72a96f3b-168d-4b6b-8710-b6114bf350ce,197604,Digoxin 0.125 MG Oral Tablet,22.56,0.00,12,270.72,,
1992-11-26,1993-12-02,37f053d6-2327-46bd-bfb7-3842ac1183f7,b1c428d6-4f07-31e0-90f0-68ffa6ff8c76,72a96f3b-168d-4b6b-8710-b6114bf350ce,896209,60 ACTUAT Fluticasone propionate 0.25 MG/ACTUAT / salmeterol 0.05 MG/ACTUAT Dry Powder Inhaler,36.86,0.00,12,442.32,87433001,Pulmonary emphysema (disorder)
1992-11-26,1993-12-02,37f053d6-2327-46bd-bfb7-3842ac1183f7,b1c428d6-4f07-31e0-90f0-68ffa6ff8c76,72a96f3b-168d-4b6b-8710-b6114bf350ce,855332,Warfarin Sodium 5 MG Oral Tablet,151.83,0.00,12,1821.96,,
1993-12-02,1994-12-08,37f053d6-2327-46bd-bfb7-3842ac1183f7,b1c428d6-4f07-31e0-90f0-68ffa6ff8c76,8f53b05b-27a0-43ff-bb66-17314c3a1abe,897718,Verapamil Hydrochloride 40 MG,126.33,0.00,12,1515.96,,
1993-12-02,1994-12-08,37f053d6-2327-46bd-bfb7-3842ac1183f7,b1c428d6-4f07-31e0-90f0-68ffa6ff8c76,8f53b05b-27a0-43ff-bb66-17314c3a1abe,197604,Digoxin 0.125 MG Oral Tablet,91.11,0.00,12,1093.32,,
1993-12-02,1994-12-08,37f053d6-2327-46bd-bfb7-3842ac1183f7,b1c428d6-4f07-31e0-90f0-68ffa6ff8c76,8f53b05b-27a0-43ff-bb66-17314c3a1abe,896209,60 ACTUAT Fluticasone propionate 0.25 MG/ACTUAT / salmeterol 0.05 MG/ACTUAT Dry Powder Inhaler,19.80,0.00,12,237.60,87433001,Pulmonary emphysema (disorder)
1993-12-02,1994-12-08,37f053d6-2327-46bd-bfb7-3842ac1183f7,b1c428d6-4f07-31e0-90f0-68ffa6ff8c76,8f53b05b-27a0-43ff-bb66-17314c3a1abe,855332,Warfarin Sodium 5 MG Oral Tablet,99.08,0.00,12,1188.96,,
1994-12-08,1995-12-14,37f053d6-2327-46bd-bfb7-3842ac1183f7,b1c428d6-4f07-31e0-90f0-68ffa6ff8c76,52d9c5bd-b12c-495c-99b9-ed062ce5b2f3,897718,Verapamil Hydrochloride 40 MG,23.34,0.00,12,280.08,,
1994-12-08,1995-12-14,37f053d6-2327-46bd-bfb7-3842ac1183f7,b1c428d6-4f07-31e0-90f0-68ffa6ff8c76,52d9c5bd-b12c-495c-99b9-ed062ce5b2f3,197604,Digoxin 0.125 MG Oral Tablet,103.90,0.00,12,1246.80,,
1994-12-08,1995-12-14,37f053d6-2327-46bd-bfb7-3842ac1183f7,b1c428d6-4f07-31e0-90f0-68ffa6ff8c76,52d9c5bd-b12c-495c-99b9-ed062ce5b2f3,896209,60 ACTUAT Fluticasone propionate 0.25 MG/ACTUAT / salmeterol 0.05 MG/ACTUAT Dry Powder Inhaler,36.08,0.00,12,432.96,87433001,Pulmonary emphysema (disorder)
1994-12-08,1995-12-14,37f053d6-2327-46bd-bfb7-3842ac1183f7,b1c428d6-4f07-31e0-90f0-68ffa6ff8c76,52d9c5bd-b12c-495c-99b9-ed062ce5b2f3,855332,Warfarin Sodium 5 MG Oral Tablet,202.34,0.00,12,2428.08,,
1995-12-14,1996-12-19,37f053d6-2327-46bd-bfb7-3842ac1183f7,b1c428d6-4f07-31e0-90f0-68ffa6ff8c76,b20a2c42-9176-4950-9fee-ba159bdac229,897718,Verapamil Hydrochloride 40 MG,111.01,0.00,12,1332.12,,
1995-12-14,1996-12-19,37f053d6-2327-46bd-bfb7-3842ac1183f7,b1c428d6-4f07-31e0-90f0-68ffa6ff8c76,b20a2c42-9176-4950-9fee-ba159bdac229,197604,Digoxin 0.125 MG Oral Tablet,49.73,0.00,12,596.76,,
1995-12-14,1996-12-19,37f053d6-2327-46bd-bfb7-3842ac1183f7,b1c428d6-4f07-31e0-90f0-68ffa6ff8c76,b20a2c42-9176-4950-9fee-ba159bdac229,896209,60 ACTUAT Fluticasone propionate 0.25 MG/ACTUAT / salmeterol 0.05 MG/ACTUAT Dry Powder Inhaler,14.29,0.00,12,171.48,87433001,Pulmonary emphysema (disorder)
1995-12-14,1996-12-19,37f053d6-2327-46bd-bfb7-3842ac1183f7,b1c428d6-4f07-31e0-90f0-68ffa6ff8c76,b20a2c42-9176-4950-9fee-ba159bdac229,855332,Warfarin Sodium 5 MG Oral Tablet,10.48,0.00,12,125.76,,
1996-12-19,1997-12-25,37f053d6-2327-46bd-bfb7-3842ac1183f7,b1c428d6-4f07-31e0-90f0-68ffa6ff8c76,5fc98f4f-caba-4945-9e4c-ec95e5580fb9,897718,Verapamil Hydrochloride 40 MG,246.92,0.00,12,2963.04,,
1996-12-19,1997-12-25,37f053d6-2327-46bd-bfb7-3842ac1183f7,b1c428d6-4f07-31e0-90f0-68ffa6ff8c76,5fc98f4f-caba-4945-9e4c-ec95e5580fb9,197604,Digoxin 0.125 MG Oral Tablet,22.97,0.00,12,275.64,,
1996-12-19,1997-12-25,37f053d6-2327-46bd-bfb7-3842ac1183f7,b1c428d6-4f07-31e0-90f0-68ffa6ff8c76,5fc98f4f-caba-4945-9e4c-ec95e5580fb9,896209,60 ACTUAT Fluticasone propionate 0.25 MG/ACTUAT / salmeterol 0.05 MG/ACTUAT Dry Powder Inhaler,29.56,0.00,12,354.72,87433001,Pulmonary emphysema (disorder)
1996-12-19,1997-12-25,37f053d6-2327-46bd-bfb7-3842ac1183f7,b1c428d6-4f07-31e0-90f0-68ffa6ff8c76,5fc98f4f-caba-4945-9e4c-ec95e5580fb9,855332,Warfarin Sodium 5 MG Oral Tablet,116.30,0.00,12,1395.60,,
1997-12-25,,37f053d6-2327-46bd-bfb7-3842ac1183f7,b1c428d6-4f07-31e0-90f0-68ffa6ff8c76,d3b427dd-f5fc-4fe1-9475-dca1ff6dbbc1,897718,Verapamil Hydrochloride 40 MG,127.43,0.00,1,127.43,,
1997-12-25,,37f053d6-2327-46bd-bfb7-3842ac1183f7,b1c428d6-4f07-31e0-90f0-68ffa6ff8c76,d3b427dd-f5fc-4fe1-9475-dca1ff6dbbc1,197604,Digoxin 0.125 MG Oral Tablet,94.23,0.00,1,94.23,,
1997-12-25,,37f053d6-2327-46bd-bfb7-3842ac1183f7,b1c428d6-4f07-31e0-90f0-68ffa6ff8c76,d3b427dd-f5fc-4fe1-9475-dca1ff6dbbc1,896209,60 ACTUAT Fluticasone propionate 0.25 MG/ACTUAT / salmeterol 0.05 MG/ACTUAT Dry Powder Inhaler,14.74,0.00,1,14.74,87433001,Pulmonary emphysema (disorder)
1997-12-25,,37f053d6-2327-46bd-bfb7-3842ac1183f7,b1c428d6-4f07-31e0-90f0-68ffa6ff8c76,d3b427dd-f5fc-4fe1-9475-dca1ff6dbbc1,855332,Warfarin Sodium 5 MG Oral Tablet,107.63,0.00,1,107.63,,
2017-07-11,2017-07-11,34061983-971a-4a0b-86f2-c570ab841dc1,b1c428d6-4f07-31e0-90f0-68ffa6ff8c76,6c552745-eca1-4aaf-89e9-418314f8f875,309362,Clopidogrel 75 MG Oral Tablet,26.65,0.00,1,26.65,,
2017-07-11,2017-07-11,34061983-971a-4a0b-86f2-c570ab841dc1,b1c428d6-4f07-31e0-90f0-68ffa6ff8c76,6c552745-eca1-4aaf-89e9-418314f8f875,1804799,Alteplase 100 MG Injection,6356.74,0.00,1,6356.74,,
2007-12-28,2016-02-12,b55c93ea-a1d8-4700-afac-65ee3350fa92,b1c428d6-4f07-31e0-90f0-68ffa6ff8c76,e8d79c52-0601-4a8b-b645-fceaa711e457,309362,Clopidogrel 75 MG Oral Tablet,22.76,0.00,98,2230.48,,
2007-12-28,2016-02-12,b55c93ea-a1d8-4700-afac-65ee3350fa92,b1c428d6-4f07-31e0-90f0-68ffa6ff8c76,e8d79c52-0601-4a8b-b645-fceaa711e457,312961,Simvastatin 20 MG Oral Tablet,8.73,0.00,98,855.54,,
2007-12-28,2016-02-12,b55c93ea-a1d8-4700-afac-65ee3350fa92,b1c428d6-4f07-31e0-90f0-68ffa6ff8c76,e8d79c52-0601-4a8b-b645-fceaa711e457,197361,Amlodipine 5 MG Oral Tablet,14.78,0.00,98,1448.44,,
2007-12-28,2016-02-12,b55c93ea-a1d8-4700-afac-65ee3350fa92,b1c428d6-4f07-31e0-90f0-68ffa6ff8c76,e8d79c52-0601-4a8b-b645-fceaa711e457,705129,Nitroglycerin 0.4 MG/ACTUAT Mucosal Spray,187.35,0.00,98,18360.30,,
2016-02-12,2017-02-17,b55c93ea-a1d8-4700-afac-65ee3350fa92,b1c428d6-4f07-31e0-90f0-68ffa6ff8c76,7cf1e6b3-28c4-4012-861f-23a434404a1b,309362,Clopidogrel 75 MG Oral Tablet,43.79,0.00,12,525.48,,
2016-02-12,2017-02-17,b55c93ea-a1d8-4700-afac-65ee3350fa92,b1c428d6-4f07-31e0-90f0-68ffa6ff8c76,7cf1e6b3-28c4-4012-861f-23a434404a1b,705129,Nitroglycerin 0.4 MG/ACTUAT Mucosal Spray,45.63,0.00,12,547.56,,
2016-02-12,2017-02-17,b55c93ea-a1d8-4700-afac-65ee3350fa92,b1c428d6-4f07-31e0-90f0-68ffa6ff8c76,7cf1e6b3-28c4-4012-861f-23a434404a1b,312961,Simvastatin 20 MG Oral Tablet,26.17,0.00,12,314.04,,
2016-02-12,2017-02-17,b55c93ea-a1d8-4700-afac-65ee3350fa92,b1c428d6-4f07-31e0-90f0-68ffa6ff8c76,7cf1e6b3-28c4-4012-861f-23a434404a1b,197361,Amlodipine 5 MG Oral Tablet,14.24,0.00,12,170.88,,
2017-02-17,2018-02-23,b55c93ea-a1d8-4700-afac-65ee3350fa92,b1c428d6-4f07-31e0-90f0-68ffa6ff8c76,71120aca-0a19-49d3-a983-ee441be58049,309362,Clopidogrel 75 MG Oral Tablet,38.06,0.00,12,456.72,,
2017-02-17,2018-02-23,b55c93ea-a1d8-4700-afac-65ee3350fa92,b1c428d6-4f07-31e0-90f0-68ffa6ff8c76,71120aca-0a19-49d3-a983-ee441be58049,705129,Nitroglycerin 0.4 MG/ACTUAT Mucosal Spray,182.17,0.00,12,2186.04,,
2017-02-17,2018-02-23,b55c93ea-a1d8-4700-afac-65ee3350fa92,b1c428d6-4f07-31e0-90f0-68ffa6ff8c76,71120aca-0a19-49d3-a983-ee441be58049,312961,Simvastatin 20 MG Oral Tablet,43.21,0.00,12,518.52,,
2017-02-17,2018-02-23,b55c93ea-a1d8-4700-afac-65ee3350fa92,b1c428d6-4f07-31e0-90f0-68ffa6ff8c76,71120aca-0a19-49d3-a983-ee441be58049,197361,Amlodipine 5 MG Oral Tablet,66.30,0.00,12,795.60,,
2017-02-17,2018-02-23,b55c93ea-a1d8-4700-afac-65ee3350fa92,b1c428d6-4f07-31e0-90f0-68ffa6ff8c76,71120aca-0a19-49d3-a983-ee441be58049,896209,60 ACTUAT Fluticasone propionate 0.25 MG/ACTUAT / salmeterol 0.05 MG/ACTUAT Dry Powder Inhaler,19.24,0.00,12,230.88,87433001,Pulmonary emphysema (disorder)
2018-02-23,2019-03-01,b55c93ea-a1d8-4700-afac-65ee3350fa92,b1c428d6-4f07-31e0-90f0-68ffa6ff8c76,3bff02e3-63b7-40d5-88f2-6dec984a8be7,309362,Clopidogrel 75 MG Oral Tablet,112.50,0.00,12,1350.00,,
2018-02-23,2019-03-01,b55c93ea-a1d8-4700-afac-65ee3350fa92,b1c428d6-4f07-31e0-90f0-68ffa6ff8c76,3bff02e3-63b7-40d5-88f2-6dec984a8be7,705129,Nitroglycerin 0.4 MG/ACTUAT Mucosal Spray,223.88,0.00,12,2686.56,,
2018-02-23,2019-03-01,b55c93ea-a1d8-4700-afac-65ee3350fa92,b1c428d6-4f07-31e0-90f0-68ffa6ff8c76,3bff02e3-63b7-40d5-88f2-6dec984a8be7,312961,Simvastatin 20 MG Oral Tablet,15.12,0.00,12,181.44,,
2018-02-23,2019-03-01,b55c93ea-a1d8-4700-afac-65ee3350fa92,b1c428d6-4f07-31e0-90f0-68ffa6ff8c76,3bff02e3-63b7-40d5-88f2-6dec984a8be7,896209,60 ACTUAT Fluticasone propionate 0.25 MG/ACTUAT / salmeterol 0.05 MG/ACTUAT Dry Powder Inhaler,19.38,0.00,12,232.56,87433001,Pulmonary emphysema (disorder)
2018-02-23,2019-03-01,b55c93ea-a1d8-4700-afac-65ee3350fa92,b1c428d6-4f07-31e0-90f0-68ffa6ff8c76,3bff02e3-63b7-40d5-88f2-6dec984a8be7,197361,Amlodipine 5 MG Oral Tablet,25.23,0.00,12,302.76,,
2019-03-01,2020-03-06,b55c93ea-a1d8-4700-afac-65ee3350fa92,b1c428d6-4f07-31e0-90f0-68ffa6ff8c76,9fa6c864-b7dd-4273-b32d-6fe066d9e058,309362,Clopidogrel 75 MG Oral Tablet,131.66,0.00,12,1579.92,,
2019-03-01,2020-03-06,b55c93ea-a1d8-4700-afac-65ee3350fa92,b1c428d6-4f07-31e0-90f0-68ffa6ff8c76,9fa6c864-b7dd-4273-b32d-6fe066d9e058,705129,Nitroglycerin 0.4 MG/ACTUAT Mucosal Spray,261.20,0.00,12,3134.40,,
2019-03-01,2020-03-06,b55c93ea-a1d8-4700-afac-65ee3350fa92,b1c428d6-4f07-31e0-90f0-68ffa6ff8c76,9fa6c864-b7dd-4273-b32d-6fe066d9e058,312961,Simvastatin 20 MG Oral Tablet,49.61,0.00,12,595.32,,
2019-03-01,2020-03-06,b55c93ea-a1d8-4700-afac-65ee3350fa92,b1c428d6-4f07-31e0-90f0-68ffa6ff8c76,9fa6c864-b7dd-4273-b32d-6fe066d9e058,896209,60 ACTUAT Fluticasone propionate 0.25 MG/ACTUAT / salmeterol 0.05 MG/ACTUAT Dry Powder Inhaler,10.82,0.00,12,129.84,87433001,Pulmonary emphysema (disorder)
2019-03-01,2020-03-06,b55c93ea-a1d8-4700-afac-65ee3350fa92,b1c428d6-4f07-31e0-90f0-68ffa6ff8c76,9fa6c864-b7dd-4273-b32d-6fe066d9e058,197361,Amlodipine 5 MG Oral Tablet,13.44,0.00,12,161.28,,
2020-03-06,,b55c93ea-a1d8-4700-afac-65ee3350fa92,b1c428d6-4f07-31e0-90f0-68ffa6ff8c76,92403d82-a78f-4fa8-85fa-073047d245e9,309362,Clopidogrel 75 MG Oral Tablet,36.07,0.00,1,36.07,,
2020-03-06,,b55c93ea-a1d8-4700-afac-65ee3350fa92,b1c428d6-4f07-31e0-90f0-68ffa6ff8c76,92403d82-a78f-4fa8-85fa-073047d245e9,705129,Nitroglycerin 0.4 MG/ACTUAT Mucosal Spray,257.41,0.00,1,257.41,,
2020-03-06,,b55c93ea-a1d8-4700-afac-65ee3350fa92,b1c428d6-4f07-31e0-90f0-68ffa6ff8c76,92403d82-a78f-4fa8-85fa-073047d245e9,312961,Simvastatin 20 MG Oral Tablet,24.78,0.00,1,24.78,,
2020-03-06,,b55c93ea-a1d8-4700-afac-65ee3350fa92,b1c428d6-4f07-31e0-90f0-68ffa6ff8c76,92403d82-a78f-4fa8-85fa-073047d245e9,896209,60 ACTUAT Fluticasone propionate 0.25 MG/ACTUAT / salmeterol 0.05 MG/ACTUAT Dry Powder Inhaler,33.56,0.00,1,33.56,87433001,Pulmonary emphysema (disorder)
2020-03-06,,b55c93ea-a1d8-4700-afac-65ee3350fa92,b1c428d6-4f07-31e0-90f0-68ffa6ff8c76,92403d82-a78f-4fa8-85fa-073047d245e9,197361,Amlodipine 5 MG Oral Tablet,53.40,0.00,1,53.40,,
