Id,BIRTHDATE,DEATHDATE,SSN,DRIVERS,PASSPORT,PREFIX,FIRST,LAST,SUFFIX,MAIDEN,MARITAL,RACE,ETHNICITY,GENDER,BIRTHPLACE,ADDRESS,CITY,STATE,COUNTY,ZIP,LAT,LON,HEALTHCARE_EXPENSES,HEALTHCARE_COVERAGE
1b34d0df-67bc-441b-a390-73b69338db5b,2014-02-13,,999-71-9089,,,,Khalil,Tiilikka,,,,white,nonhispanic,M,Helsinki  Uusimaa  FI,263 Olán Katu,Raasepori,Uusimaa,Raasepori,10320,60.037297297405495,23.51535176246987,1875.0,0.0
bcbe7dd2-b760-4842-a143-957a3b85b215,2009-08-25,,999-55-2782,,,,Sven-Åke,Lehesvuori,,,,white,nonhispanic,M,Järvenpää  Uusimaa  FI,1013 Kuja-Penttilä Katu Unit 51,Helsinki,Uusimaa,Helsinki,00910,60.287013627478565,24.976747224462073,2375.0,0.0
b709b623-cf70-45b3-a46f-6126e324dd92,1999-12-06,,999-76-3179,S99994379,X75862662X,Mr.,Vincent,Suotula,,,,white,nonhispanic,M,Lohja  Uusimaa  FI,516 Niilola Katu,Helsinki,Uusimaa,Helsinki,00790,60.202279907256575,25.101631095213882,3500.0,0.0
d3205dd6-7a95-47cb-a94e-b6a718c9447f,1982-11-16,,999-24-5485,S99952002,X18957465X,Mr.,Ale,Tiisanoja,,,M,white,nonhispanic,M,Helsinki  Uusimaa  FI,253 Kielinen Katu,Helsinki,Uusimaa,Helsinki,00970,60.17368339759699,25.134283034467895,4250.0,0.0
53624d76-f53f-4200-8efa-baa2b25b6793,1976-10-07,,999-79-8958,S99924633,X81041144X,Mr.,Kieran,Ajanto,,,S,white,nonhispanic,M,Helsinki  Uusimaa  FI,456 Sonkajärvi Katu,Helsinki,Uusimaa,Helsinki,00390,60.21184639470609,25.0342070119228,4500.0,0.0
cda4a5e0-930e-42b2-a9e5-423024dc5cd1,1979-07-30,,999-80-7614,S99966588,X38984581X,Mrs.,Elwiira,Rantila,,Loikala,M,white,nonhispanic,F,Sipoo  Uusimaa  FI,299 Ena Katu,Helsinki,Uusimaa,Helsinki,00600,60.21602587421765,24.846215152824673,4375.0,0.0
022b43fb-ec21-4584-9044-bc5d96887446,2005-01-03,,999-50-4216,,,,Matintytär,Lehdontie,,,,white,nonhispanic,F,Palermo  Sicily  IT,611 Olkkola Katu,Espoo,Uusimaa,Espoo,02860,60.25221110023318,24.71213307529761,3000.0,0.0
28ea7263-ebdb-4382-a4bc-e965b52d01b8,1968-04-10,,999-32-5896,S99963280,X65432056X,Mr.,Sami-Petri,Porre,,,M,white,nonhispanic,M,Helsinki  Uusimaa  FI,571 Saijonkivi Katu Apt 98,Helsinki,Uusimaa,Helsinki,00590,60.12394743212923,24.92673028241229,5125.0,0.0
ad6e2fc9-d956-438d-a924-f47566f1fab2,1987-01-13,,999-46-5764,S99953272,X9383341X,Mrs.,Aksiina,Byström,,Kannasmaa,M,white,nonhispanic,F,Vantaa  Uusimaa  FI,693 Kuivalainen Katu Suite 52,Kirkkonummi,Uusimaa,Kirkkonummi,02390,60.07806657243175,24.38423515697242,4000.0,0.0
7b94b7b7-a77e-4146-9882-4f853da7cae8,1965-09-25,,999-51-2660,S99955896,X29843154X,Mrs.,Marga,Hirsjärvi,,Karinen,M,white,nonhispanic,F,Lohja  Uusimaa  FI,848 Powell Katu,Helsinki,Uusimaa,Helsinki,00530,60.23049754971338,24.93814229779284,5500.0,0.0
7e615fa3-6eb2-4e0c-bfb0-42c06b1517be,1957-10-24,,999-83-7882,S99930451,X63643115X,Mrs.,Reem,Konu,,Sivil,M,white,nonhispanic,F,Helsinki  Uusimaa  FI,841 Märijärvi Katu Suite 22,Helsinki,Uusimaa,Helsinki,00360,60.22159537147401,24.920861880805692,6500.0,0.0
81ac7f1a-74d7-47f1-9829-fc6a4f7aa683,1998-11-02,,999-40-2607,S99944267,X42169880X,Ms.,Anna-Linnea,Riiki,,,,white,nonhispanic,F,Vantaa  Uusimaa  FI,832 Jerkku Katu Apt 0,Helsinki,Uusimaa,Helsinki,00590,60.29830164817211,24.954975099881,3500.0,0.0
588a59c9-2abf-4917-be00-f4e4efd92218,2011-02-01,,999-14-3355,,,,Thien,Kaijomaa,,,,white,nonhispanic,F,Tuusula  Uusimaa  FI,511 Mölläri Katu,Vantaa,Uusimaa,Vantaa,01770,60.28581386776982,24.803392953224762,2250.0,0.0
918f6785-c828-4f39-bf84-1c1c0d011c61,2002-12-02,,999-39-6459,S99984646,,,Monalisa,Kemilä,,,,white,nonhispanic,F,Helsinki  Uusimaa  FI,602 Raistakka Katu,Helsinki,Uusimaa,Helsinki,00800,60.24789877889013,25.02715974704443,3250.0,0.0
88e264ba-9645-4ae7-bc1f-e8b6ff46b8ae,1989-06-09,,999-22-1268,S99985570,X5432328X,Mr.,Morris,Mettovaara,,,S,white,nonhispanic,M,St Petersburg  St Petersburg  RU,128 Ahti Katu Apt 23,Espoo,Uusimaa,Espoo,02740,60.18337650035224,24.681987119633717,3875.0,0.0
23d9fe83-7a59-484d-a059-f6e34eee48c4,1976-05-31,,999-37-5829,S99952962,X33510233X,Mrs.,Luminka,Pihlström,,Aholaita,M,white,nonhispanic,F,Helsinki  Uusimaa  FI,610 Lerto Katu Unit 20,Espoo,Uusimaa,Espoo,02780,60.17440741238265,24.68611028326514,4500.0,0.0
e7e2e9f9-e9c8-452a-ada0-75d946471cef,2014-06-21,,999-42-7575,,,,Esteri,Dahlgren,,,,white,nonhispanic,F,Hyvinkää  Uusimaa  FI,549 Nysten Katu,Pornainen,Uusimaa,Pornainen,07170,60.47874664554681,25.333334168416503,1750.0,0.0
f4c4c087-062a-4ed2-bb09-b2dbf28ef656,2001-08-10,,999-63-2928,S99999866,,Mr.,Abdelaziz,Ehrs,,,,white,nonhispanic,M,Tuusula  Uusimaa  FI,267 Villanen Katu,Vantaa,Uusimaa,Vantaa,01670,60.30681511475009,25.088862710764598,3375.0,0.0
50e6406b-f754-4305-8a19-c9bb4c535d8c,1988-11-06,,999-87-6435,S99925084,X3098872X,Mrs.,Vivi-Ann,Tengström,,Latva-Hoppala,M,white,nonhispanic,F,Vantaa  Uusimaa  FI,562 Päljänoja Katu Unit 94,Lohja,Uusimaa,Lohja,09810,60.32450638983308,24.03442658059287,4000.0,0.0
2f5ea61d-1570-4962-b392-66cdf51575c0,1955-10-06,,999-97-8026,S99962687,X85375699X,Mr.,Outi,Hotakainen,,,M,white,nonhispanic,M,Vantaa  Uusimaa  FI,449 Kamppila Katu,Nurmijärvi,Uusimaa,Nurmijärvi,01830,60.454362906796376,24.8767176267166,6750.0,0.0
36cbef4c-ff2d-415c-b0e2-baf2a3a03adb,2012-01-27,,999-26-8634,,,,Vilko,Simanen,,,,white,nonhispanic,M,Helsinki  Uusimaa  FI,656 Pruikkonen Katu Unit 74,Nurmijärvi,Uusimaa,Nurmijärvi,05250,60.430832890013534,24.748670024076773,2125.0,0.0
d60a796a-541c-4985-bd92-2be81fc92798,1990-05-07,,999-63-2229,S99980385,X71416757X,Mr.,Jens,Sipponen,,,M,white,nonhispanic,M,Järvenpää  Uusimaa  FI,981 Boholm Katu Unit 11,Helsinki,Uusimaa,Helsinki,00510,60.24556915007342,24.996767889132094,3875.0,0.0
136b7cd2-4021-4473-a309-49c5b3c1bf4b,1977-02-12,,999-48-8568,S99969249,X15449233X,Mr.,Melwin,Köping,,,M,white,nonhispanic,M,Helsinki  Uusimaa  FI,619 Kaikko Katu Unit 96,Espoo,Uusimaa,Espoo,02270,60.143874279584715,24.77267480446774,4500.0,0.0
11050aa6-9ae3-4ad6-b2d9-0bf85a64aa9e,1944-04-30,,999-37-3388,S99936815,X2145573X,Mr.,Reinhard,Saksinen,,,M,white,nonhispanic,M,Järvenpää  Uusimaa  FI,493 Brunner Katu Suite 10,Lohja,Uusimaa,Lohja,08350,60.30556271672463,23.958721898497235,8125.0,0.0
7f00f576-6af5-4eae-8902-baa6683c3b06,1941-09-17,,999-94-6197,S99935891,X67907983X,Mr.,Kalle-Ville,Kutinlahti,,,M,white,nonhispanic,M,Porvoo  Uusimaa  FI,114 Portti Katu Unit 62,Helsinki,Uusimaa,Helsinki,00950,60.17003473691951,24.947149063456397,8500.0,0.0
c85465c4-a397-497d-aa7e-3503cb2c9360,1981-06-20,,999-64-5293,S99938180,X7917138X,Mr.,Kunto,Berndtsson,,,M,white,nonhispanic,M,Loviisa  Uusimaa  FI,636 Hopponen Katu Apt 87,Helsinki,Uusimaa,Helsinki,00410,60.184416216047715,24.9868763554551,4250.0,0.0
12734685-aa59-4bdc-9197-a28cad7d21db,2019-04-18,,999-35-5964,,,,Sinimaria,Räisä,,,,white,nonhispanic,F,Helsinki  Uusimaa  FI,617 Nyblin Katu Suite 23,Raasepori,Uusimaa,Raasepori,10350,59.93353593378732,23.24486815471751,625.0,0.0
f935adb8-60aa-4781-a15d-ccd7e9b13a89,1976-04-07,,999-41-5581,S99952144,X7291023X,Mr.,Oke,Hautalahti,,,S,white,nonhispanic,M,Helsinki  Uusimaa  FI,859 Tuuttu Katu Suite 77,Tuusula,Uusimaa,Tuusula,04350,60.49489754233506,24.987088725518912,4500.0,0.0
99454502-6e7c-438e-81df-7d2027b0cca9,1985-01-07,,999-41-6986,S99962087,X30585243X,Mr.,Roald,Sarkkinen,,,M,white,nonhispanic,M,Helsinki  Uusimaa  FI,443 Isokuortti Katu,Vantaa,Uusimaa,Vantaa,01660,60.298859307173224,24.778604114402228,4125.0,0.0
3110ba7c-eee2-42fa-a18a-ced7a03c00f3,1983-02-06,,999-83-2012,S99980669,X32321269X,Mr.,Jouka,Huhtaluoma,,,M,white,nonhispanic,M,Helsinki  Uusimaa  FI,528 Vataja Katu,Espoo,Uusimaa,Espoo,02810,60.21695819499878,24.828822737015297,4125.0,0.0
de7b707e-aff6-4ac3-96f4-734c8241e15e,2004-11-26,,999-54-8268,,,,Trong,Jokivirta,,,,white,nonhispanic,M,Helsinki  Uusimaa  FI,978 Lindegren Katu Unit 59,Vihti,Uusimaa,Vihti,03220,60.52146846273627,24.584747299855774,3000.0,0.0
66e43cc9-e27e-4a48-8b4a-526b9fb16ac5,1957-01-21,,999-79-6860,S99915434,X49864076X,Mr.,Ali,Kotavuopio,,,S,white,nonhispanic,M,Helsinki  Uusimaa  FI,489 Tammiluoma Katu,Helsinki,Uusimaa,Helsinki,00310,60.234624225282204,25.05838135109547,6500.0,0.0
a2b47b3f-51ef-4b0f-b225-894bbcb27b69,1983-02-06,,999-45-2221,S99926292,X59268606X,Mr.,Mitjo,Routama,,,S,white,nonhispanic,M,Helsinki  Uusimaa  FI,662 Eliasson Katu,Helsinki,Uusimaa,Helsinki,00820,60.21552764075869,24.94838021884379,4125.0,0.0
6980418f-25bc-4935-b2f8-af66efdeaa60,1988-05-07,,999-35-6592,S99919526,X77130648X,Mrs.,Gitta,Torp,,Tsupari,M,white,nonhispanic,F,Loviisa  Uusimaa  FI,131 Kiviaho Katu,Espoo,Uusimaa,Espoo,02360,60.24978004534797,24.697614029618183,4000.0,0.0
4f054992-6f1c-44ea-b7a4-b2ee132e07de,1972-12-06,,999-88-8879,S99963452,X85596836X,Mr.,Gaius,Ylilammi,,,M,white,nonhispanic,M,Vantaa  Uusimaa  FI,139 Huhtilainen Katu Apt 83,Espoo,Uusimaa,Espoo,02780,60.157763195170006,24.66937674262615,4750.0,0.0
4dd977c2-02e5-4370-b426-f8f11fb56c55,1921-05-21,2001-06-02,999-18-7111,S99928955,X53245111X,Mrs.,Anne-Kaisa,Ruokangas,JD,Taivaanranta,M,white,nonhispanic,F,Helsinki  Uusimaa  FI,995 Toppi Katu,Helsinki,Uusimaa,Helsinki,00190,60.280346970493305,24.95429096415023,9501.92,0.0
0c5dc20a-643e-4dc3-92af-19420e4bc00b,1962-02-16,,999-11-2809,S99937997,X60841562X,Mrs.,Aino-Marjatta,Tuorila,,Lövgren,M,white,nonhispanic,F,Helsinki  Uusimaa  FI,407 King Katu Apt 4,Järvenpää,Uusimaa,Järvenpää,04400,60.48454669835028,25.115177914822322,5875.0,0.0
1bf45ed1-d4aa-43fa-a029-947378b6a3a2,1993-06-29,,999-11-7705,S99950229,X24420624X,Mr.,Maximilian,Sauna-aho,,,,white,nonhispanic,M,Helsinki  Uusimaa  FI,261 Palokari Katu,Helsinki,Uusimaa,Helsinki,00510,60.22804794825323,25.081362243559205,3750.0,0.0
077a581a-d426-4095-88c0-318c7a909f81,1997-09-25,,999-14-3324,S99965143,X69788792X,Mr.,Kim,Haikola,,,,white,nonhispanic,M,Helsinki  Uusimaa  FI,732 Kleimola Katu Suite 98,Vantaa,Uusimaa,Vantaa,01720,60.243811233754776,24.81166426225709,3625.0,0.0
f854ccb6-2cb8-41d9-b4ce-d8bc0f8883da,2010-10-11,,999-61-1252,,,,Vanilia,Niura,,,,white,nonhispanic,F,Espoo  Uusimaa  FI,278 Majapuro Katu,Kerava,Uusimaa,Kerava,04260,60.3462443352276,25.158212835677606,2250.0,0.0
88c51ce2-a711-4617-bdf6-ceb2428cf436,2001-09-11,,999-34-8921,S99966242,,Ms.,Anne-Lie,Spåra,,,,white,nonhispanic,F,Espoo  Uusimaa  FI,151 Woods Katu Apt 70,Vantaa,Uusimaa,Vantaa,01600,60.29637813010813,24.917774613476137,3375.0,0.0
33c6b76d-5a90-4fff-8b7c-535b0da9fcc2,1957-12-12,,999-86-8950,S99961237,X55902978X,Mrs.,Yan,Walther,,Mahlamäki,M,white,nonhispanic,F,Vantaa  Uusimaa  FI,169 Lassenius Katu Suite 17,Vantaa,Uusimaa,Vantaa,01770,60.255729308347014,25.103444411822824,6500.0,0.0
f9c2dbb0-2ebe-4d84-a4bd-91b23cc26dd1,1965-06-25,,999-42-2902,S99996627,X13646921X,Mr.,Henrinpoika,Knapp,,,S,white,nonhispanic,M,Espoo  Uusimaa  FI,985 Hannolainen Katu Unit 50,Vantaa,Uusimaa,Vantaa,01510,60.321332583121674,25.069057789868605,5500.0,0.0
9fb2001c-12fb-454a-b37a-0ac5030f77b3,2004-06-10,,999-78-7624,,,,Evertti,Jussila,,,,white,nonhispanic,M,Helsinki  Uusimaa  FI,638 Sahlstén Katu Apt 89,Espoo,Uusimaa,Espoo,02320,60.15590584201588,24.79552663256998,3000.0,0.0
95158520-0c4a-484e-a53d-27bffe1ef87e,2009-08-22,,999-43-2356,,,,Ulrik,Gullstén,,,,white,nonhispanic,M,Helsinki  Uusimaa  FI,219 Jäkkö Katu,Helsinki,Uusimaa,Helsinki,00370,60.22866179660999,24.8454514095671,2375.0,0.0
d1c9ae2c-593b-427f-b349-0cee781dc835,1969-04-29,,999-20-5374,S99950097,X59402219X,Mr.,Mika-Pekka,Riitijoki,,,M,white,nonhispanic,M,Helsinki  Uusimaa  FI,565 Huotari Katu,Nurmijärvi,Uusimaa,Nurmijärvi,01900,60.3546280000017,24.642719875300383,5000.0,0.0
90620044-2007-439f-813e-67c642d2d9b9,1956-02-05,,999-75-1404,S99938152,X13148308X,Mr.,Ronan,Somerma,,,M,white,nonhispanic,M,Vantaa  Uusimaa  FI,138 Mannersuo Katu,Helsinki,Uusimaa,Helsinki,00240,60.19310858044459,24.89025056317769,6625.0,0.0
d9e79a96-671a-43de-9957-e0f57c4c68c2,1966-05-06,,999-65-5734,S99959056,X81411436X,Mrs.,Riitta-Anneli,Högel,,Löytynoja,M,white,nonhispanic,F,Helsinki  Uusimaa  FI,231 Sirola Katu Unit 74,Vantaa,Uusimaa,Vantaa,01420,60.31913724239954,25.09755851009305,7750.0,0.0
23fd1e19-ac5a-4cd1-b9b4-84e2b3e24d2e,1951-07-05,,999-51-1540,S99944994,X71922166X,Mrs.,Josephina,Hakosalmi,,Pirjola,M,white,nonhispanic,F,Helsinki  Uusimaa  FI,311 Keinonen Katu,Helsinki,Uusimaa,Helsinki,00320,60.16174316879135,24.870477671979202,7250.0,0.0
902e1e77-8c35-4495-b87f-6387f54e20bb,1984-07-07,,999-53-9549,S99932205,X67149425X,Ms.,Agata,Hippinen,,,S,white,nonhispanic,F,Espoo  Uusimaa  FI,1063 Virtaniemi Katu Apt 13,Kerava,Uusimaa,Kerava,04230,60.42444177969313,25.076603972265808,4125.0,0.0
67b8c7f9-231d-4a2e-b908-6355279f938b,1976-02-06,,999-40-9546,S99927146,X42384381X,Mrs.,Ea,Oivukka,,Vartiala,M,white,nonhispanic,F,Vantaa  Uusimaa  FI,843 Tervakoski Katu,Nurmijärvi,Uusimaa,Nurmijärvi,05250,60.3867629971008,24.794694728280533,4625.0,0.0
d15507f1-9635-468b-bf29-513a331bcb0e,1948-12-24,,999-41-1957,S99915339,X30213789X,Mrs.,Alwan,Haddad,,Geust,M,white,nonhispanic,F,Athens  Athens Prefecture  GR,742 Tammivuori Katu,Nurmijärvi,Uusimaa,Nurmijärvi,01940,60.455766672128235,24.687367584998544,7500.0,0.0
4c659d55-d0dd-41e3-8c94-fe84fa473076,1921-05-21,,999-14-9557,S99922661,X57557288X,Mrs.,Silje,Ärlig,PhD,Kellin,M,white,nonhispanic,F,Espoo  Uusimaa  FI,520 Kukonlehto Katu,Helsinki,Uusimaa,Helsinki,00800,60.17907423959081,25.136377024420973,11000.0,0.0
578771d2-f0ee-4bab-8ed9-553d752d419a,1973-11-08,,999-66-3313,S99998925,X9595737X,Mr.,Dietrich,Liinpää,,,M,white,nonhispanic,M,Helsinki  Uusimaa  FI,784 Bondfolk Katu Apt 92,Espoo,Uusimaa,Espoo,02780,60.20119826723418,24.654967594218746,4750.0,0.0
2258ec27-60ce-4ff7-9afe-fef08c9c762f,1985-11-29,,999-90-9754,S99967196,X66894661X,Mr.,Waleed,Hiiri,,,M,white,nonhispanic,M,Vantaa  Uusimaa  FI,334 Vimpeli Katu,Kirkkonummi,Uusimaa,Kirkkonummi,02880,60.23681223033171,24.361530080522467,4125.0,0.0
48e24bbe-20d0-42cc-834d-c47d06311912,1966-06-24,,999-13-4593,S99926922,X16483969X,Mr.,Ruben,Honkio,,,M,white,nonhispanic,M,Vantaa  Uusimaa  FI,972 Jokila Katu,Helsinki,Uusimaa,Helsinki,00410,60.130667218101514,24.89018209626429,5375.0,0.0
eca3ef1c-8cd3-417e-8ca7-d21f8156c12b,1994-11-04,,999-58-8413,S99986995,X85101318X,Ms.,Vilma,Säkkilä,,,,white,nonhispanic,F,Espoo  Uusimaa  FI,617 Wiksten Katu Unit 8,Helsinki,Uusimaa,Helsinki,00100,60.229406838912205,25.008034044680297,3750.0,0.0
ca9ec9f7-3e39-4e63-9c22-d0aaac0737f8,1952-11-20,,999-76-5197,S99925894,X39062753X,Mrs.,Camilla,Uksila,,Elkki,M,white,nonhispanic,F,Helsinki  Uusimaa  FI,913 Alajääski Katu Apt 33,Mäntsälä,Uusimaa,Mäntsälä,04630,60.678000011962524,25.300056777777282,7125.0,0.0
fb3a323e-30ea-4865-882c-b0f83e6ac7b7,1944-01-15,1974-04-13,999-64-5619,S99972857,X81109217X,Mr.,Vilgot,Juuvinmaa,,,M,white,nonhispanic,M,Helsinki  Uusimaa  FI,900 Korkiakoski Katu,Mäntsälä,Uusimaa,Mäntsälä,04530,60.79609104103514,25.482007804699986,4945.66,0.0
58c71ccd-715e-49cf-8248-eab7bea5e080,2005-09-24,,999-76-2201,,,,Tupuna,Hyytiäinen,,,,white,nonhispanic,F,Hyvinkää  Uusimaa  FI,102 Svart Katu Suite 69,Espoo,Uusimaa,Espoo,02210,60.23438197004175,24.75732681430488,2875.0,0.0
d27c22bd-3dd0-497e-83ae-254e6d034b8a,1979-09-02,,999-59-9241,S99964962,X77571816X,Mr.,Carlos,Mannoja,,,M,white,nonhispanic,M,Helsinki  Uusimaa  FI,734 Leistiö Katu,Helsinki,Uusimaa,Helsinki,00200,60.25008083619534,24.991619677845748,6502.85,0.0
2d43ffe7-f41d-49e4-b1cf-f280c97bf80c,1991-12-15,,999-53-9120,S99989141,X54846496X,Mr.,Nikolaos,Talliniemi,,,M,white,nonhispanic,M,Espoo  Uusimaa  FI,803 Savolahti Katu,Helsinki,Uusimaa,Helsinki,00580,60.14940291142926,24.957589477257244,3875.0,0.0
7bf89b60-5b4e-4ced-a320-9221a2f5a27d,1950-12-12,1975-05-06,999-30-5595,S99967770,X45469855X,Mr.,Ananias,Suviola,,,,white,nonhispanic,M,Espoo  Uusimaa  FI,847 Lapola Katu Apt 45,Helsinki,Uusimaa,Helsinki,00720,60.20990984441643,24.863412651340735,4016.24,0.0
3d8d9cb2-ab87-48f6-9977-5a858e7378c9,1973-12-13,,999-78-9520,S99933622,X37733750X,Mr.,Nuutti,Ylimaula,JD,,S,white,nonhispanic,M,Helsinki  Uusimaa  FI,610 Antosalo Katu Unit 99,Lohja,Uusimaa,Lohja,03850,60.44844847234053,23.913176670025887,4750.0,0.0
cb468a96-c7df-4bcd-aee1-f4c9704b952a,1978-12-20,,999-12-3829,S99938496,X62541619X,Mrs.,Rosali,Kerkkänen,,Mannonen,M,white,nonhispanic,F,Lohja  Uusimaa  FI,141 Palkivaara Katu,Kirkkonummi,Uusimaa,Kirkkonummi,02460,60.17057631727001,24.594456774397077,4375.0,0.0
fb358a76-4b68-4909-9c40-91b4b222c029,1974-01-20,,999-84-9250,S99928300,X43675415X,Mr.,Jousia,Avikainen,,,M,white,nonhispanic,M,Helsinki  Uusimaa  FI,917 Hanhimäki Katu,Espoo,Uusimaa,Espoo,02140,60.14350548068592,24.697299066783955,4750.0,0.0
0235ca37-02bb-490c-84ae-5c9fe54caae2,2001-11-19,,999-27-8508,S99929045,,Ms.,Aalia,Piuhola,,,,white,nonhispanic,F,Kirkkonummi  Uusimaa  FI,593 Ananin Katu Apt 40,Helsinki,Uusimaa,Helsinki,00810,60.205707053075805,24.93734920373559,3375.0,0.0
334159ed-7241-4101-9df4-157803182b23,1962-03-21,,999-93-3835,S99958782,X47268527X,Mrs.,Wiveka,Söyrilä,,Närvänen,M,white,nonhispanic,F,Raasepori  Uusimaa  FI,347 Hautajärvi Katu,Helsinki,Uusimaa,Helsinki,00260,60.234997147561856,25.026334132659404,12549.77,0.0
a586ebe4-56ed-4e5a-bbb7-60e92af55cf1,2008-08-06,,999-17-5228,,,,Mai,Habbal,,,,white,nonhispanic,F,Helsinki  Uusimaa  FI,326 Kenttämies Katu Unit 71,Helsinki,Uusimaa,Helsinki,00430,60.137944243567624,24.90349006067406,2500.0,0.0
59b94df8-c17f-4c76-9ec5-4450a6bc8958,1979-04-12,,999-43-1481,S99960307,X65262338X,Mrs.,Iina-Kaisa,Bhandari,,Warma,M,white,nonhispanic,F,Vantaa  Uusimaa  FI,494 Järf Katu,Helsinki,Uusimaa,Helsinki,00380,60.14464801539119,25.00238722322161,4375.0,0.0
17708f7e-48ec-4742-94c9-7c62348651bc,1944-01-15,,999-64-5002,S99944509,X46138983X,Mr.,Emilian,Pöyhiä,,,M,white,nonhispanic,M,Helsinki  Uusimaa  FI,939 Istolahti Katu,Mäntsälä,Uusimaa,Mäntsälä,04600,60.654678202234116,25.237095670486067,8125.0,0.0
65d29e2d-6f65-45c0-bd2f-35f3a0251a60,1979-09-12,,999-10-8419,S99943380,X59055896X,Mr.,Hayden,Rama,,,M,white,nonhispanic,M,Vantaa  Uusimaa  FI,309 Uuspelto Katu,Hyvinkää,Uusimaa,Hyvinkää,05860,60.67295597482017,24.824874890064233,4375.0,0.0
e5a962d9-249d-459b-b861-bd7076926918,1999-10-26,,999-49-4667,S99975802,X47535895X,Ms.,Lusina,Abrahamsson,,,,white,nonhispanic,F,Porvoo  Uusimaa  FI,376 Koivuaho Katu Apt 39,Helsinki,Uusimaa,Helsinki,00770,60.2606874476252,24.89284000346104,3500.0,0.0
bfb8d497-6bcd-4994-8623-67bd732602d6,1941-10-11,,999-73-7143,S99983127,X29427411X,Ms.,Eedith,Raasu,,,S,white,nonhispanic,F,Lohja  Uusimaa  FI,123 Hannunkivi Katu,Helsinki,Uusimaa,Helsinki,00730,60.134965935465345,24.972916101710943,8375.0,0.0
c784e93d-940e-4a7c-9282-ad1cc2077861,1950-12-12,,999-14-2100,S99958611,X51190282X,Mr.,Matinpoika,Hekanaho,,,M,white,nonhispanic,M,Nurmijärvi  Uusimaa  FI,997 Jäntti Katu Unit 7,Helsinki,Uusimaa,Helsinki,00510,60.2459992306828,24.884921016938954,7250.0,0.0
4387c8b1-06aa-41a2-960b-e3fcf72037bf,1968-06-15,,999-97-2487,S99973653,X78818540X,Mr.,Jaakko-Juhani,Surakka,,,M,white,nonhispanic,M,Helsinki  Uusimaa  FI,668 Kajasviita Katu Unit 12,Espoo,Uusimaa,Espoo,02290,60.344468481187825,24.74808492906499,5125.0,0.0
96afce9e-192c-43bb-b547-fb0633a25b61,1985-07-07,,999-84-6979,S99977476,X24443096X,Mr.,Ihab,Nyvall,,,M,white,nonhispanic,M,Sipoo  Uusimaa  FI,334 Könnö Katu Unit 67,Vantaa,Uusimaa,Vantaa,01770,60.36949862155717,25.03752916847043,4125.0,0.0
bd1a5653-d465-400e-9d26-e718aa025df9,1987-09-13,,999-29-5412,S99992343,X50409029X,Ms.,Maarit,Palsamäki,,,S,white,nonhispanic,F,Raasepori  Uusimaa  FI,1050 Kojonen Katu Suite 78,Järvenpää,Uusimaa,Järvenpää,04460,60.429836047356815,25.07037048740208,4000.0,0.0
ce2edea1-7888-478a-af4c-09f7e3b903b6,1972-01-07,,999-49-9499,S99953520,X75480533X,Mrs.,Blanka,Bergenwall,,Härkki,M,white,nonhispanic,F,Espoo  Uusimaa  FI,665 Talman Katu Unit 32,Kerava,Uusimaa,Kerava,04260,60.3979947766848,25.155367588056198,4875.0,0.0
c5bf7196-edaf-4762-82b4-b375d3fb02eb,1971-08-18,,999-71-2961,S99999769,X52830499X,Mrs.,Olena,Alestalo,,Degerholm,M,white,nonhispanic,F,Espoo  Uusimaa  FI,579 Linnanto Katu Unit 14,Espoo,Uusimaa,Espoo,02810,60.282748596544906,24.728038666756458,4875.0,0.0
0dd0f74c-89a7-4f8d-a185-f41e893d038c,1938-10-17,,999-29-8453,S99951588,X13867382X,Mr.,Jeeli,Väinölä,,,M,white,nonhispanic,M,Järvenpää  Uusimaa  FI,979 Harhala Katu Unit 55,Helsinki,Uusimaa,Helsinki,00550,60.27959709233058,25.016166534030866,8896.42,0.0
3a0fb793-56ef-461d-8223-a2ddd53f6d16,1952-05-25,,999-17-1172,S99973852,X21410684X,Mr.,Kaarel,Hatanpää,,,S,white,nonhispanic,M,Tuusula  Uusimaa  FI,174 Kurittu Katu Apt 24,Helsinki,Uusimaa,Helsinki,00230,60.2144298435766,24.866028892053254,7125.0,0.0
37f053d6-2327-46bd-bfb7-3842ac1183f7,1939-05-11,1997-12-25,999-25-5620,S99933413,X74948390X,Mr.,Lulzim,Viitakoski,,,M,white,nonhispanic,M,Kauniainen  Uusimaa  FI,860 Laesvuori Katu,Helsinki,Uusimaa,Helsinki,00860,60.16283132543515,24.94260835208058,10602.2,0.0
3e7b5a08-4275-4e74-9fdd-078a3774abed,1967-12-15,,999-68-7986,S99951178,X63926123X,Mrs.,Halimo,Uusimäki,,Posti,M,white,nonhispanic,F,Hyvinkää  Uusimaa  FI,339 Aitio Katu Unit 80,Helsinki,Uusimaa,Helsinki,00740,60.31675915945155,25.037165707351,5250.0,0.0
feb3c7f3-461e-4b15-9eb2-2958ec2c2bec,1992-04-10,,999-66-3333,S99935439,X23595388X,Mr.,Said,Kalho,,,M,white,nonhispanic,M,Helsinki  Uusimaa  FI,103 Aarnikoivu Katu,Vihti,Uusimaa,Vihti,03430,60.40616037819602,24.21202779314322,3750.0,0.0
193dff7d-85c9-4a44-9ed1-bcc90b451bcc,1991-10-28,,999-34-2324,S99923472,X58489367X,Mrs.,Caisha,Ala-Vannesluoma,,Maikkola,M,white,nonhispanic,F,Helsinki  Uusimaa  FI,146 Toukola Katu Suite 55,Helsinki,Uusimaa,Helsinki,00610,60.24463351821294,25.13511183914431,3875.0,0.0
1246ce4f-9bc5-496e-a01a-c1437ecb3d67,1959-03-28,,999-44-2290,S99943608,X78717537X,Mrs.,Jade-Maria,Hairetdin,,Maajärvi,M,white,nonhispanic,F,Helsinki  Uusimaa  FI,200 Linervo Katu,Nurmijärvi,Uusimaa,Nurmijärvi,01830,60.44689271082821,24.876766513531194,6250.0,0.0
a658c696-065b-485a-9008-15a0f6ec8abc,1972-09-27,,999-73-3478,S99987664,X4085971X,Mrs.,Darlene,Sjöberg,,Puronvarsi,M,white,nonhispanic,F,Helsinki  Uusimaa  FI,300 Reinilä Katu,Helsinki,Uusimaa,Helsinki,00850,60.19174696568351,24.828380697392706,4750.0,0.0
a585aa19-13f9-42f2-84ac-162998000aa9,1967-06-18,,999-76-1654,S99938892,X2062823X,Mr.,Reetrikki,Louhimo,,,S,white,nonhispanic,M,Helsinki  Uusimaa  FI,770 Rajaoja Katu Unit 10,Helsinki,Uusimaa,Helsinki,00830,60.13329322201533,24.965587454388324,5250.0,0.0
01dfc7b0-2db9-4aa2-99d5-545eceb4d852,2012-02-22,,999-44-6133,,,,Ronnie,Kamaja,,,,white,nonhispanic,M,Helsinki  Uusimaa  FI,938 Tuomiaho Katu,Espoo,Uusimaa,Espoo,02760,60.145378713279925,24.742114141620867,2125.0,0.0
8e66dd24-0f30-454c-8a37-d0cda24c2fd6,2007-09-21,,999-88-7952,,,,Atik,Omar,,,,white,nonhispanic,M,Helsinki  Uusimaa  FI,160 Valkeapää Katu,Helsinki,Uusimaa,Helsinki,00760,60.31105190682944,25.04504089823431,2625.0,0.0
924982d9-bc33-4eb8-a778-f8d1cb3da57f,1988-06-26,,999-58-3969,S99912686,X80971670X,Mr.,Miikka-Matias,Oikuri,,,S,white,nonhispanic,M,Espoo  Uusimaa  FI,810 Yliheljo Katu,Espoo,Uusimaa,Espoo,02660,60.33655969151775,24.575599462975845,4000.0,0.0
f2307db3-782c-4d82-9ed1-ac122fd44f83,1998-07-18,,999-93-5517,S99962554,X8678452X,Ms.,Miitu,Krank,,,,white,nonhispanic,F,Espoo  Uusimaa  FI,974 Hauta Katu Unit 27,Vantaa,Uusimaa,Vantaa,01260,60.27679699303912,25.131368424035806,3500.0,0.0
34061983-971a-4a0b-86f2-c570ab841dc1,1939-08-08,,999-36-1436,S99923092,X66947865X,Mr.,Kurt,Nybo,,,S,white,nonhispanic,M,Espoo  Uusimaa  FI,725 Blomkvist Katu,Espoo,Uusimaa,Espoo,02170,60.27229526113447,24.5301942165465,15258.39,0.0
6b4a97d7-b998-4b54-a675-0ad8b28d32d9,1979-07-29,,999-45-7292,S99971486,X68784384X,Mrs.,Seija,Teräs,,Ask,M,white,nonhispanic,F,Helsinki  Uusimaa  FI,162 Sevola Katu Suite 69,Espoo,Uusimaa,Espoo,02820,60.20496319685534,24.816576068238124,4375.0,0.0
b4d68dd9-da3b-4c9b-883d-35dfc8be27df,1939-05-11,,999-73-3026,S99976404,X67526604X,Mr.,Eppu,Kauri,,,M,white,nonhispanic,M,Askola  Uusimaa  FI,260 Matomäki Katu,Helsinki,Uusimaa,Helsinki,00570,60.274769580897036,24.947759957762642,8750.0,0.0
934a2ac7-1dc6-4d4b-a790-0bb9e0f84614,1977-12-31,,999-66-3319,S99934814,X22225579X,Mrs.,Si,Joki,,Reims,M,white,nonhispanic,F,Nurmijärvi  Uusimaa  FI,640 Vehkalampi Katu Apt 77,Kirkkonummi,Uusimaa,Kirkkonummi,02550,60.219374243578024,24.395121342080817,4500.0,0.0
3b74f653-55d7-4700-bd61-051ec03f1be8,1967-04-01,,999-53-3440,S99929814,X38828050X,Mr.,Tahir,Pounu,,,M,white,nonhispanic,M,Helsinki  Uusimaa  FI,803 Saares Katu Unit 65,Espoo,Uusimaa,Espoo,02330,60.21877677506153,24.772743560022406,5250.0,0.0
b55c93ea-a1d8-4700-afac-65ee3350fa92,1953-12-04,,999-34-1383,S99971851,X21417929X,Mrs.,Mery,Väglund,,Päivätie,M,white,nonhispanic,F,Helsinki  Uusimaa  FI,799 Ruuni Katu,Helsinki,Uusimaa,Helsinki,00550,60.22612483036189,24.985012755186606,8575.27,0.0
91aa6d75-9eca-4892-93b9-4ae871470dd8,1965-06-18,,999-47-1462,S99922101,X87426563X,Ms.,Silve,Raiski,,,S,white,nonhispanic,F,Helsinki  Uusimaa  FI,411 Chydenius Katu Suite 6,Vantaa,Uusimaa,Vantaa,01390,60.302657725329105,25.095477845316175,5500.0,0.0
630b6839-5673-46e5-b6f9-d6ca40442347,1982-05-10,,999-16-9534,S99980623,X78563875X,Mrs.,Judy,Vihersola,,Ryttäri,M,white,nonhispanic,F,Kirkkonummi  Uusimaa  FI,178 Ranni Katu,Helsinki,Uusimaa,Helsinki,00640,60.20266739349397,25.056768464746444,4250.0,0.0
8bcd5330-c883-4f30-88de-23aafca7b530,1961-01-26,,999-39-3067,S99945877,X19696229X,Mr.,Tero-Pekka,Tupitsa,,,S,white,nonhispanic,M,Kerava  Uusimaa  FI,167 Harjanne Katu Suite 82,Espoo,Uusimaa,Espoo,02330,60.31958432138415,24.554967821898458,6000.0,0.0
d6a2aadb-f5e0-4f1d-bb87-39514f60df0a,1940-11-06,,999-18-7478,S99928978,X46722069X,Ms.,Lilia,Uschanov,,,S,white,nonhispanic,F,Järvenpää  Uusimaa  FI,749 Narkilahti Katu,Hyvinkää,Uusimaa,Hyvinkää,05440,60.580511990233234,24.829540381173903,8645.49,0.0
f689bd93-5d5f-4af4-a3de-9d19a9aff5b8,1936-05-14,,999-68-2021,S99943954,X14657895X,Mr.,Abdiaziz,Blomros,,,M,white,nonhispanic,M,Helsinki  Uusimaa  FI,1033 Kauno Katu,Järvenpää,Uusimaa,Järvenpää,04410,60.42445634017233,25.128095590150433,9125.0,0.0
