PATIENT,START_YEAR,END_YEAR,PAYER,OWNERSHIP
b709b623-cf70-45b3-a46f-6126e324dd92,1999,2017,e15e7b92-f376-374f-9285-2f59a38ad823,Guardian
d3205dd6-7a95-47cb-a94e-b6a718c9447f,1982,2000,e15e7b92-f376-374f-9285-2f59a38ad823,Guardian
53624d76-f53f-4200-8efa-baa2b25b6793,1976,1994,e15e7b92-f376-374f-9285-2f59a38ad823,Guardian
cda4a5e0-930e-42b2-a9e5-423024dc5cd1,1979,1997,e15e7b92-f376-374f-9285-2f59a38ad823,Guardian
28ea7263-ebdb-4382-a4bc-e965b52d01b8,1968,1986,e15e7b92-f376-374f-9285-2f59a38ad823,Guardian
ad6e2fc9-d956-438d-a924-f47566f1fab2,1987,2005,e15e7b92-f376-374f-9285-2f59a38ad823,Guardian
7b94b7b7-a77e-4146-9882-4f853da7cae8,1965,1983,e15e7b92-f376-374f-9285-2f59a38ad823,Guardian
7e615fa3-6eb2-4e0c-bfb0-42c06b1517be,1957,1975,e15e7b92-f376-374f-9285-2f59a38ad823,Guardian
81ac7f1a-74d7-47f1-9829-fc6a4f7aa683,1998,2016,e15e7b92-f376-374f-9285-2f59a38ad823,Guardian
88e264ba-9645-4ae7-bc1f-e8b6ff46b8ae,1989,2007,e15e7b92-f376-374f-9285-2f59a38ad823,Guardian
23d9fe83-7a59-484d-a059-f6e34eee48c4,1976,1994,e15e7b92-f376-374f-9285-2f59a38ad823,Guardian
f4c4c087-062a-4ed2-bb09-b2dbf28ef656,2001,2019,e15e7b92-f376-374f-9285-2f59a38ad823,Guardian
50e6406b-f754-4305-8a19-c9bb4c535d8c,1988,2006,e15e7b92-f376-374f-9285-2f59a38ad823,Guardian
2f5ea61d-1570-4962-b392-66cdf51575c0,1955,1973,e15e7b92-f376-374f-9285-2f59a38ad823,Guardian
d60a796a-541c-4985-bd92-2be81fc92798,1990,2008,e15e7b92-f376-374f-9285-2f59a38ad823,Guardian
136b7cd2-4021-4473-a309-49c5b3c1bf4b,1977,1995,e15e7b92-f376-374f-9285-2f59a38ad823,Guardian
11050aa6-9ae3-4ad6-b2d9-0bf85a64aa9e,1944,1962,e15e7b92-f376-374f-9285-2f59a38ad823,Guardian
7f00f576-6af5-4eae-8902-baa6683c3b06,1941,1959,e15e7b92-f376-374f-9285-2f59a38ad823,Guardian
c85465c4-a397-497d-aa7e-3503cb2c9360,1981,1999,e15e7b92-f376-374f-9285-2f59a38ad823,Guardian
f935adb8-60aa-4781-a15d-ccd7e9b13a89,1976,1994,e15e7b92-f376-374f-9285-2f59a38ad823,Guardian
99454502-6e7c-438e-81df-7d2027b0cca9,1985,2003,e15e7b92-f376-374f-9285-2f59a38ad823,Guardian
3110ba7c-eee2-42fa-a18a-ced7a03c00f3,1983,2001,e15e7b92-f376-374f-9285-2f59a38ad823,Guardian
a2b47b3f-51ef-4b0f-b225-894bbcb27b69,1983,2001,e15e7b92-f376-374f-9285-2f59a38ad823,Guardian
66e43cc9-e27e-4a48-8b4a-526b9fb16ac5,1957,1975,e15e7b92-f376-374f-9285-2f59a38ad823,Guardian
6980418f-25bc-4935-b2f8-af66efdeaa60,1988,2006,e15e7b92-f376-374f-9285-2f59a38ad823,Guardian
4f054992-6f1c-44ea-b7a4-b2ee132e07de,1972,1990,e15e7b92-f376-374f-9285-2f59a38ad823,Guardian
4dd977c2-02e5-4370-b426-f8f11fb56c55,1921,1939,e15e7b92-f376-374f-9285-2f59a38ad823,Guardian
4dd977c2-02e5-4370-b426-f8f11fb56c55,1940,2001,e15e7b92-f376-374f-9285-2f59a38ad823,Self
0c5dc20a-643e-4dc3-92af-19420e4bc00b,1962,1980,e15e7b92-f376-374f-9285-2f59a38ad823,Guardian
1bf45ed1-d4aa-43fa-a029-947378b6a3a2,1993,2011,e15e7b92-f376-374f-9285-2f59a38ad823,Guardian
077a581a-d426-4095-88c0-318c7a909f81,1997,2015,e15e7b92-f376-374f-9285-2f59a38ad823,Guardian
88c51ce2-a711-4617-bdf6-ceb2428cf436,2001,2019,e15e7b92-f376-374f-9285-2f59a38ad823,Guardian
33c6b76d-5a90-4fff-8b7c-535b0da9fcc2,1957,1975,e15e7b92-f376-374f-9285-2f59a38ad823,Guardian
f9c2dbb0-2ebe-4d84-a4bd-91b23cc26dd1,1965,1983,e15e7b92-f376-374f-9285-2f59a38ad823,Guardian
d1c9ae2c-593b-427f-b349-0cee781dc835,1969,1987,e15e7b92-f376-374f-9285-2f59a38ad823,Guardian
d9e79a96-671a-43de-9957-e0f57c4c68c2,1966,1984,e15e7b92-f376-374f-9285-2f59a38ad823,Guardian
90620044-2007-439f-813e-67c642d2d9b9,1956,1974,e15e7b92-f376-374f-9285-2f59a38ad823,Guardian
23fd1e19-ac5a-4cd1-b9b4-84e2b3e24d2e,1951,1969,e15e7b92-f376-374f-9285-2f59a38ad823,Guardian
902e1e77-8c35-4495-b87f-6387f54e20bb,1984,2002,e15e7b92-f376-374f-9285-2f59a38ad823,Guardian
67b8c7f9-231d-4a2e-b908-6355279f938b,1976,1994,e15e7b92-f376-374f-9285-2f59a38ad823,Guardian
d15507f1-9635-468b-bf29-513a331bcb0e,1948,1966,e15e7b92-f376-374f-9285-2f59a38ad823,Guardian
4c659d55-d0dd-41e3-8c94-fe84fa473076,1921,1939,e15e7b92-f376-374f-9285-2f59a38ad823,Guardian
578771d2-f0ee-4bab-8ed9-553d752d419a,1973,1991,e15e7b92-f376-374f-9285-2f59a38ad823,Guardian
2258ec27-60ce-4ff7-9afe-fef08c9c762f,1985,2003,e15e7b92-f376-374f-9285-2f59a38ad823,Guardian
48e24bbe-20d0-42cc-834d-c47d06311912,1966,1984,e15e7b92-f376-374f-9285-2f59a38ad823,Guardian
eca3ef1c-8cd3-417e-8ca7-d21f8156c12b,1994,2012,e15e7b92-f376-374f-9285-2f59a38ad823,Guardian
ca9ec9f7-3e39-4e63-9c22-d0aaac0737f8,1952,1970,e15e7b92-f376-374f-9285-2f59a38ad823,Guardian
fb3a323e-30ea-4865-882c-b0f83e6ac7b7,1944,1962,e15e7b92-f376-374f-9285-2f59a38ad823,Guardian
fb3a323e-30ea-4865-882c-b0f83e6ac7b7,1963,1974,e15e7b92-f376-374f-9285-2f59a38ad823,Self
d27c22bd-3dd0-497e-83ae-254e6d034b8a,1979,1997,e15e7b92-f376-374f-9285-2f59a38ad823,Guardian
2d43ffe7-f41d-49e4-b1cf-f280c97bf80c,1991,2009,e15e7b92-f376-374f-9285-2f59a38ad823,Guardian
7bf89b60-5b4e-4ced-a320-9221a2f5a27d,1950,1968,e15e7b92-f376-374f-9285-2f59a38ad823,Guardian
3d8d9cb2-ab87-48f6-9977-5a858e7378c9,1973,1991,e15e7b92-f376-374f-9285-2f59a38ad823,Guardian
cb468a96-c7df-4bcd-aee1-f4c9704b952a,1978,1996,e15e7b92-f376-374f-9285-2f59a38ad823,Guardian
fb358a76-4b68-4909-9c40-91b4b222c029,1974,1992,e15e7b92-f376-374f-9285-2f59a38ad823,Guardian
0235ca37-02bb-490c-84ae-5c9fe54caae2,2001,2019,e15e7b92-f376-374f-9285-2f59a38ad823,Guardian
334159ed-7241-4101-9df4-157803182b23,1962,1980,e15e7b92-f376-374f-9285-2f59a38ad823,Guardian
59b94df8-c17f-4c76-9ec5-4450a6bc8958,1979,1997,e15e7b92-f376-374f-9285-2f59a38ad823,Guardian
17708f7e-48ec-4742-94c9-7c62348651bc,1944,1962,e15e7b92-f376-374f-9285-2f59a38ad823,Guardian
65d29e2d-6f65-45c0-bd2f-35f3a0251a60,1979,1997,e15e7b92-f376-374f-9285-2f59a38ad823,Guardian
e5a962d9-249d-459b-b861-bd7076926918,1999,2017,e15e7b92-f376-374f-9285-2f59a38ad823,Guardian
bfb8d497-6bcd-4994-8623-67bd732602d6,1941,1959,e15e7b92-f376-374f-9285-2f59a38ad823,Guardian
c784e93d-940e-4a7c-9282-ad1cc2077861,1950,1968,e15e7b92-f376-374f-9285-2f59a38ad823,Guardian
4387c8b1-06aa-41a2-960b-e3fcf72037bf,1968,1986,e15e7b92-f376-374f-9285-2f59a38ad823,Guardian
96afce9e-192c-43bb-b547-fb0633a25b61,1985,2003,e15e7b92-f376-374f-9285-2f59a38ad823,Guardian
bd1a5653-d465-400e-9d26-e718aa025df9,1987,2005,e15e7b92-f376-374f-9285-2f59a38ad823,Guardian
ce2edea1-7888-478a-af4c-09f7e3b903b6,1972,1990,e15e7b92-f376-374f-9285-2f59a38ad823,Guardian
c5bf7196-edaf-4762-82b4-b375d3fb02eb,1971,1989,e15e7b92-f376-374f-9285-2f59a38ad823,Guardian
0dd0f74c-89a7-4f8d-a185-f41e893d038c,1938,1956,e15e7b92-f376-374f-9285-2f59a38ad823,Guardian
3a0fb793-56ef-461d-8223-a2ddd53f6d16,1952,1970,e15e7b92-f376-374f-9285-2f59a38ad823,Guardian
37f053d6-2327-46bd-bfb7-3842ac1183f7,1939,1957,e15e7b92-f376-374f-9285-2f59a38ad823,Guardian
3e7b5a08-4275-4e74-9fdd-078a3774abed,1967,1985,e15e7b92-f376-374f-9285-2f59a38ad823,Guardian
feb3c7f3-461e-4b15-9eb2-2958ec2c2bec,1992,2010,e15e7b92-f376-374f-9285-2f59a38ad823,Guardian
193dff7d-85c9-4a44-9ed1-bcc90b451bcc,1991,2009,e15e7b92-f376-374f-9285-2f59a38ad823,Guardian
1246ce4f-9bc5-496e-a01a-c1437ecb3d67,1959,1977,e15e7b92-f376-374f-9285-2f59a38ad823,Guardian
a658c696-065b-485a-9008-15a0f6ec8abc,1972,1990,e15e7b92-f376-374f-9285-2f59a38ad823,Guardian
a585aa19-13f9-42f2-84ac-162998000aa9,1967,1985,e15e7b92-f376-374f-9285-2f59a38ad823,Guardian
924982d9-bc33-4eb8-a778-f8d1cb3da57f,1988,2006,e15e7b92-f376-374f-9285-2f59a38ad823,Guardian
f2307db3-782c-4d82-9ed1-ac122fd44f83,1998,2016,e15e7b92-f376-374f-9285-2f59a38ad823,Guardian
6b4a97d7-b998-4b54-a675-0ad8b28d32d9,1979,1997,e15e7b92-f376-374f-9285-2f59a38ad823,Guardian
34061983-971a-4a0b-86f2-c570ab841dc1,1939,1957,e15e7b92-f376-374f-9285-2f59a38ad823,Guardian
934a2ac7-1dc6-4d4b-a790-0bb9e0f84614,1977,1995,e15e7b92-f376-374f-9285-2f59a38ad823,Guardian
b4d68dd9-da3b-4c9b-883d-35dfc8be27df,1939,1957,e15e7b92-f376-374f-9285-2f59a38ad823,Guardian
b55c93ea-a1d8-4700-afac-65ee3350fa92,1953,1971,e15e7b92-f376-374f-9285-2f59a38ad823,Guardian
3b74f653-55d7-4700-bd61-051ec03f1be8,1967,1985,e15e7b92-f376-374f-9285-2f59a38ad823,Guardian
91aa6d75-9eca-4892-93b9-4ae871470dd8,1965,1983,e15e7b92-f376-374f-9285-2f59a38ad823,Guardian
630b6839-5673-46e5-b6f9-d6ca40442347,1982,2000,e15e7b92-f376-374f-9285-2f59a38ad823,Guardian
8bcd5330-c883-4f30-88de-23aafca7b530,1961,1979,e15e7b92-f376-374f-9285-2f59a38ad823,Guardian
d6a2aadb-f5e0-4f1d-bb87-39514f60df0a,1940,1958,e15e7b92-f376-374f-9285-2f59a38ad823,Guardian
f689bd93-5d5f-4af4-a3de-9d19a9aff5b8,1936,1954,e15e7b92-f376-374f-9285-2f59a38ad823,Guardian
