DATE,PATIENT,ENCOUNTER,CODE,DESCRIPTION,BASE_COST,REASONCODE,REASONDESCRIPTION
2016-12-08,2f5ea61d-1570-4962-b392-66cdf51575c0,041d0b48-5d47-43b0-9ac6-f55b02df21b1,180325003,Electrical cardioversion,26206.78,49436004,Atrial Fibrillation
2017-12-14,2f5ea61d-1570-4962-b392-66cdf51575c0,123c128b-d2fe-42a9-bafd-24a981f19d68,180325003,Electrical cardioversion,24936.43,49436004,Atrial Fibrillation
2018-12-20,2f5ea61d-1570-4962-b392-66cdf51575c0,90174627-a1c1-40f7-8c26-649078033aeb,180325003,Electrical cardioversion,32183.55,49436004,Atrial Fibrillation
2019-12-26,2f5ea61d-1570-4962-b392-66cdf51575c0,21bd097e-89cd-450f-aa0f-5c00d7a37a17,180325003,Electrical cardioversion,43348.79,49436004,Atrial Fibrillation
2001-06-02,4dd977c2-02e5-4370-b426-f8f11fb56c55,1613caec-6492-45dc-9544-17e0902897ba,40701008,Echocardiography (procedure),991.38,22298006,Myocardial Infarction
2001-06-02,4dd977c2-02e5-4370-b426-f8f11fb56c55,1613caec-6492-45dc-9544-17e0902897ba,415070008,Percutaneous coronary intervention,24335.09,22298006,Myocardial Infarction
2001-06-02,4dd977c2-02e5-4370-b426-f8f11fb56c55,1613caec-6492-45dc-9544-17e0902897ba,232717009,Coronary artery bypass grafting,29328.08,22298006,Myocardial Infarction
1974-04-13,fb3a323e-30ea-4865-882c-b0f83e6ac7b7,3ca347df-030a-449f-a9b2-69fbf0ff1744,40701008,Echocardiography (procedure),797.90,22298006,Myocardial Infarction
1974-04-13,fb3a323e-30ea-4865-882c-b0f83e6ac7b7,3ca347df-030a-449f-a9b2-69fbf0ff1744,415070008,Percutaneous coronary intervention,20553.25,22298006,Myocardial Infarction
1974-04-13,fb3a323e-30ea-4865-882c-b0f83e6ac7b7,3ca347df-030a-449f-a9b2-69fbf0ff1744,232717009,Coronary artery bypass grafting,65380.60,22298006,Myocardial Infarction
2010-12-26,d27c22bd-3dd0-497e-83ae-254e6d034b8a,1b72a917-32b2-454b-abc8-7e57e2483baf,127783003,Spirometry (procedure),6195.45,87433001,Pulmonary emphysema (disorder)
2012-01-01,d27c22bd-3dd0-497e-83ae-254e6d034b8a,e839cb0c-37c5-4608-a145-38bbb5714def,127783003,Spirometry (procedure),9991.27,87433001,Pulmonary emphysema (disorder)
2013-01-06,d27c22bd-3dd0-497e-83ae-254e6d034b8a,683a493f-bf56-42be-8064-2af7fdb1de0f,127783003,Spirometry (procedure),11746.73,87433001,Pulmonary emphysema (disorder)
2014-01-12,d27c22bd-3dd0-497e-83ae-254e6d034b8a,fa8efaa7-8aea-44af-a60a-1576f8dd3d6c,127783003,Spirometry (procedure),5972.29,87433001,Pulmonary emphysema (disorder)
2015-01-18,d27c22bd-3dd0-497e-83ae-254e6d034b8a,722b44c9-d743-46f2-bbcb-bef5dd34dcd7,127783003,Spirometry (procedure),7094.01,87433001,Pulmonary emphysema (disorder)
2016-01-24,d27c22bd-3dd0-497e-83ae-254e6d034b8a,7add101b-5fc1-4da7-954d-06bdaea9bf6b,127783003,Spirometry (procedure),12090.12,87433001,Pulmonary emphysema (disorder)
2016-01-24,d27c22bd-3dd0-497e-83ae-254e6d034b8a,7add101b-5fc1-4da7-954d-06bdaea9bf6b,15081005,Pulmonary rehabilitation (regime/therapy),500.00,87433001,Pulmonary emphysema (disorder)
2017-01-29,d27c22bd-3dd0-497e-83ae-254e6d034b8a,ee022eaf-f4ca-4b53-af53-c8285dae6cd0,127783003,Spirometry (procedure),13136.16,87433001,Pulmonary emphysema (disorder)
2017-01-29,d27c22bd-3dd0-497e-83ae-254e6d034b8a,ee022eaf-f4ca-4b53-af53-c8285dae6cd0,15081005,Pulmonary rehabilitation (regime/therapy),500.00,87433001,Pulmonary emphysema (disorder)
2017-04-16,d27c22bd-3dd0-497e-83ae-254e6d034b8a,66a1904a-d53a-4a9a-af2d-b1605d7ceeae,88039007,Transplant of lung (procedure),164502.36,87433001,Pulmonary emphysema (disorder)
2018-02-04,d27c22bd-3dd0-497e-83ae-254e6d034b8a,f3168e0b-2c37-4c19-9017-8cb47a246754,127783003,Spirometry (procedure),6595.54,87433001,Pulmonary emphysema (disorder)
2018-02-04,d27c22bd-3dd0-497e-83ae-254e6d034b8a,f3168e0b-2c37-4c19-9017-8cb47a246754,15081005,Pulmonary rehabilitation (regime/therapy),500.00,87433001,Pulmonary emphysema (disorder)
2019-02-10,d27c22bd-3dd0-497e-83ae-254e6d034b8a,c154a09a-df6f-464b-a5b9-d7f01d50bc45,127783003,Spirometry (procedure),8627.99,87433001,Pulmonary emphysema (disorder)
2019-02-10,d27c22bd-3dd0-497e-83ae-254e6d034b8a,c154a09a-df6f-464b-a5b9-d7f01d50bc45,15081005,Pulmonary rehabilitation (regime/therapy),500.00,87433001,Pulmonary emphysema (disorder)
2020-02-16,d27c22bd-3dd0-497e-83ae-254e6d034b8a,c3abe450-ccb4-4fca-9530-08327a96f739,127783003,Spirometry (procedure),7202.45,87433001,Pulmonary emphysema (disorder)
2020-02-16,d27c22bd-3dd0-497e-83ae-254e6d034b8a,c3abe450-ccb4-4fca-9530-08327a96f739,15081005,Pulmonary rehabilitation (regime/therapy),500.00,87433001,Pulmonary emphysema (disorder)
1975-05-06,7bf89b60-5b4e-4ced-a320-9221a2f5a27d,ec291609-28ba-4d77-80b7-41b1a509010e,40701008,Echocardiography (procedure),957.27,22298006,Myocardial Infarction
1975-05-06,7bf89b60-5b4e-4ced-a320-9221a2f5a27d,ec291609-28ba-4d77-80b7-41b1a509010e,415070008,Percutaneous coronary intervention,32396.36,22298006,Myocardial Infarction
1975-05-06,7bf89b60-5b4e-4ced-a320-9221a2f5a27d,ec291609-28ba-4d77-80b7-41b1a509010e,232717009,Coronary artery bypass grafting,52425.99,22298006,Myocardial Infarction
1988-11-03,37f053d6-2327-46bd-bfb7-3842ac1183f7,69469a15-5061-4387-8bfc-317f1024b29b,127783003,Spirometry (procedure),9319.46,87433001,Pulmonary emphysema (disorder)
1989-11-09,37f053d6-2327-46bd-bfb7-3842ac1183f7,5720aa11-ebf4-4899-b62b-c45f2cbc0e58,127783003,Spirometry (procedure),12328.87,87433001,Pulmonary emphysema (disorder)
1990-11-15,37f053d6-2327-46bd-bfb7-3842ac1183f7,2b9fb656-ad42-4fdb-886d-34aedbeaee0a,180325003,Electrical cardioversion,41752.88,49436004,Atrial Fibrillation
1990-11-15,37f053d6-2327-46bd-bfb7-3842ac1183f7,2b9fb656-ad42-4fdb-886d-34aedbeaee0a,127783003,Spirometry (procedure),7698.46,87433001,Pulmonary emphysema (disorder)
1991-11-21,37f053d6-2327-46bd-bfb7-3842ac1183f7,59bd89e4-2970-4330-ae8f-e21aabc39463,180325003,Electrical cardioversion,21628.10,49436004,Atrial Fibrillation
1991-11-21,37f053d6-2327-46bd-bfb7-3842ac1183f7,59bd89e4-2970-4330-ae8f-e21aabc39463,127783003,Spirometry (procedure),7836.83,87433001,Pulmonary emphysema (disorder)
1992-11-26,37f053d6-2327-46bd-bfb7-3842ac1183f7,72a96f3b-168d-4b6b-8710-b6114bf350ce,180325003,Electrical cardioversion,29822.56,49436004,Atrial Fibrillation
1992-11-26,37f053d6-2327-46bd-bfb7-3842ac1183f7,72a96f3b-168d-4b6b-8710-b6114bf350ce,127783003,Spirometry (procedure),10454.61,87433001,Pulmonary emphysema (disorder)
1993-12-02,37f053d6-2327-46bd-bfb7-3842ac1183f7,8f53b05b-27a0-43ff-bb66-17314c3a1abe,180325003,Electrical cardioversion,44816.41,49436004,Atrial Fibrillation
1993-12-02,37f053d6-2327-46bd-bfb7-3842ac1183f7,8f53b05b-27a0-43ff-bb66-17314c3a1abe,127783003,Spirometry (procedure),7954.32,87433001,Pulmonary emphysema (disorder)
1994-12-08,37f053d6-2327-46bd-bfb7-3842ac1183f7,52d9c5bd-b12c-495c-99b9-ed062ce5b2f3,18286008,Catheter ablation of tissue of heart,7813.05,49436004,Atrial Fibrillation
1994-12-08,37f053d6-2327-46bd-bfb7-3842ac1183f7,52d9c5bd-b12c-495c-99b9-ed062ce5b2f3,127783003,Spirometry (procedure),12825.07,87433001,Pulmonary emphysema (disorder)
1995-12-14,37f053d6-2327-46bd-bfb7-3842ac1183f7,b20a2c42-9176-4950-9fee-ba159bdac229,180325003,Electrical cardioversion,30640.16,49436004,Atrial Fibrillation
1995-12-14,37f053d6-2327-46bd-bfb7-3842ac1183f7,b20a2c42-9176-4950-9fee-ba159bdac229,127783003,Spirometry (procedure),9999.13,87433001,Pulmonary emphysema (disorder)
1995-12-14,37f053d6-2327-46bd-bfb7-3842ac1183f7,b20a2c42-9176-4950-9fee-ba159bdac229,15081005,Pulmonary rehabilitation (regime/therapy),500.00,87433001,Pulmonary emphysema (disorder)
1996-12-19,37f053d6-2327-46bd-bfb7-3842ac1183f7,5fc98f4f-caba-4945-9e4c-ec95e5580fb9,180325003,Electrical cardioversion,35204.62,49436004,Atrial Fibrillation
1996-12-19,37f053d6-2327-46bd-bfb7-3842ac1183f7,5fc98f4f-caba-4945-9e4c-ec95e5580fb9,127783003,Spirometry (procedure),10789.32,87433001,Pulmonary emphysema (disorder)
1996-12-19,37f053d6-2327-46bd-bfb7-3842ac1183f7,5fc98f4f-caba-4945-9e4c-ec95e5580fb9,15081005,Pulmonary rehabilitation (regime/therapy),500.00,87433001,Pulmonary emphysema (disorder)
1997-12-25,37f053d6-2327-46bd-bfb7-3842ac1183f7,d3b427dd-f5fc-4fe1-9475-dca1ff6dbbc1,180325003,Electrical cardioversion,33776.10,49436004,Atrial Fibrillation
1997-12-25,37f053d6-2327-46bd-bfb7-3842ac1183f7,d3b427dd-f5fc-4fe1-9475-dca1ff6dbbc1,127783003,Spirometry (procedure),13730.61,87433001,Pulmonary emphysema (disorder)
1997-12-25,37f053d6-2327-46bd-bfb7-3842ac1183f7,d3b427dd-f5fc-4fe1-9475-dca1ff6dbbc1,15081005,Pulmonary rehabilitation (regime/therapy),500.00,87433001,Pulmonary emphysema (disorder)
2017-07-11,34061983-971a-4a0b-86f2-c570ab841dc1,6c552745-eca1-4aaf-89e9-418314f8f875,40701008,Echocardiography (procedure),1062.94,230690007,Stroke
2017-07-11,34061983-971a-4a0b-86f2-c570ab841dc1,6c552745-eca1-4aaf-89e9-418314f8f875,433112001,Percutaneous mechanical thrombectomy of portal vein using fluoroscopic guidance,26502.36,230690007,Stroke
2016-02-12,b55c93ea-a1d8-4700-afac-65ee3350fa92,7cf1e6b3-28c4-4012-861f-23a434404a1b,127783003,Spirometry (procedure),7640.56,87433001,Pulmonary emphysema (disorder)
2017-02-17,b55c93ea-a1d8-4700-afac-65ee3350fa92,71120aca-0a19-49d3-a983-ee441be58049,127783003,Spirometry (procedure),9679.05,87433001,Pulmonary emphysema (disorder)
2018-02-23,b55c93ea-a1d8-4700-afac-65ee3350fa92,3bff02e3-63b7-40d5-88f2-6dec984a8be7,127783003,Spirometry (procedure),10242.07,87433001,Pulmonary emphysema (disorder)
2019-03-01,b55c93ea-a1d8-4700-afac-65ee3350fa92,9fa6c864-b7dd-4273-b32d-6fe066d9e058,127783003,Spirometry (procedure),9061.97,87433001,Pulmonary emphysema (disorder)
2020-03-06,b55c93ea-a1d8-4700-afac-65ee3350fa92,92403d82-a78f-4fa8-85fa-073047d245e9,127783003,Spirometry (procedure),14652.53,87433001,Pulmonary emphysema (disorder)
