Id,ORGANIZATION,NAME,GENDER,SPECIALITY,ADDRESS,CITY,STATE,ZIP,LAT,LON,UTILIZATION
930f9cc0-abb7-3ecd-9e8e-ac505c64ee6a,6e3a689b-5f4c-3946-be10-180a8ba7c680,Abdinur Solismaa,M,GENERAL PRACTICE,Nordenskiöldinkatu 20,Helsinki,18,00250,60.19244,24.92811,1
65b0a64d-cf82-329c-b49f-df2d08b23f33,319baef9-e8e6-3320-9e0b-7991d9c167b8,Safina Skärström,F,GENERAL PRACTICE,Haartmaninkatu 4,Helsinki,18,00290,60.189159,24.909081,1
127ff042-55b3-3b57-9ab7-a85d6b451530,7b74aa83-5335-38dd-a213-d6df36c7f627,Pasinpoika Holster,M,GENERAL PRACTICE,Karvasmäentie 6,Espoo,18,02740,60.22011,24.6848,1
610dd6ac-ea13-382d-83cc-55a7dfa91a10,af916982-f5f8-341b-b159-69e72695294c,Volodymyr Pötrönen,M,GENERAL PRACTICE,Sairaalakatu 1,Vantaa,18,01400,60.3299,25.0608,1
8c2afa85-c523-3843-a3e7-ba47d5c52b93,294d60d6-0e2b-396b-a8bf-77998642f6b7,Jean Rissa,M,GENERAL PRACTICE,Ohkolantie 10,Kellokoski,18,04500,60.53054,25.10548,1
e649f387-0bd2-36ca-bd27-dfab104fff37,738aef7e-a279-3f65-9dba-fead16b27400,Abdinur Solismaa,M,GENERAL PRACTICE,Turuntie 150,Espoo,18,02740,60.22589,24.77581,1169
328f3120-121f-3a90-b5a6-e3311f45c59e,9a3e6919-4ed0-32fe-a1e2-7184b06c415f,Toan Ylikauppila,M,GENERAL PRACTICE,Karvasmäentie 6,Espoo,18,02740,60.22011,24.6848,563
9decfb4d-b98d-33e4-b750-d6c0a2b28da3,a70486b2-c33a-37b3-a4cf-b3dc06cb9d84,Bernhard Ihaksinen,M,GENERAL PRACTICE,Sairaalakatu 1,Vantaa,18,01400,60.3299,25.0608,1542
5e6e3a15-3b9c-33ab-8418-26f3e1f60d0e,bf25636d-50a4-3cf2-b937-0e59fd37503f,Safina Skärström,F,GENERAL PRACTICE,Sairaalankatu 1,Hyvinkää,18,05830,60.612,24.82486,308
97adb42b-4042-357a-9b59-2bcb3366d15f,4eddd774-a01b-3a0b-b4c6-736a5581aba4,Minna-Maija Leppänen,F,GENERAL PRACTICE,Ohkolantie 10,Kellokoski,18,04500,60.53054,25.10548,331
45654ea0-3638-3fca-98c3-1738055b1c6c,942171f0-df04-34cc-9c85-1a11b2f08717,Aino-Maria Storhannus,F,GENERAL PRACTICE,Sairaalatie 8,Lohja,18,08200,60.2247,24.01885,185
a51be610-f1c4-3246-8186-04223d20cd0e,319baef9-e8e6-3320-9e0b-7991d9c167b8,Abdinur Solismaa,M,GENERAL PRACTICE,Haartmaninkatu 4,Helsinki,18,00290,60.189159,24.909081,1
22f07937-79c9-367d-bd05-137608816f94,af916982-f5f8-341b-b159-69e72695294c,Minna-Maija Leppänen,F,GENERAL PRACTICE,Sairaalakatu 1,Vantaa,18,01400,60.3299,25.0608,1
c2d9a53c-e073-386b-88db-75205dae95a1,b9b4f8d8-b4a7-3164-a21f-c57b0c40c3ff,Aino-Maria Storhannus,F,GENERAL PRACTICE,Sairaalankatu 1,Hyvinkää,18,05830,60.612,24.82486,1
