START,STOP,PATIENT,ENCOUNTER,CODE,DESCRIPTION
2015-10-09,,2cd3affb-5725-4894-8025-3dab424b9b9f,b39c8901-a5bc-4f10-b80c-84b50218adff,230690007,Stroke
2016-10-16,,596a905d-512e-4439-9a15-df8ab1ab66ad,2ece1028-2791-49f6-b180-c320b3a7d7fc,49436004,Atrial Fibrillation
2015-06-12,,cadc83d1-e0d8-4987-a7e5-c1764732768d,c549d5f0-c635-418e-a005-167e0ed25ab6,230690007,Stroke
2016-04-08,,7b0ec64a-0b8e-479c-aca8-b9690f3079d6,e30030fa-3d98-465b-9e4a-44504329fcd4,49436004,Atrial Fibrillation
2009-01-07,,39e7ccaf-c8be-4a3c-9c9d-7e7998d7f63c,3d9b1d62-6004-474c-85ac-bad010ccc6e2,49436004,Atrial Fibrillation
2018-02-28,,39e7ccaf-c8be-4a3c-9c9d-7e7998d7f63c,d20129d7-124e-4dfc-8872-93100c5abd54,53741008,Coronary Heart Disease
