START,STOP,PATIENT,PAYER,ENCOUNTER,CODE,DESCRIPTION,BASE_COST,PAYER_COVERAGE,DISPENSES,TOTALCOST,REASONCODE,REASONDESCRIPTION
2015-10-09,2015-10-09,2cd3affb-5725-4894-8025-3dab424b9b9f,b1c428d6-4f07-31e0-90f0-68ffa6ff8c76,b39c8901-a5bc-4f10-b80c-84b50218adff,309362,Clopidogrel 75 MG Oral Tablet,23.49,0.00,1,23.49,,
2015-10-09,2015-10-09,2cd3affb-5725-4894-8025-3dab424b9b9f,b1c428d6-4f07-31e0-90f0-68ffa6ff8c76,b39c8901-a5bc-4f10-b80c-84b50218adff,1804799,Alteplase 100 MG Injection,6529.37,0.00,1,6529.37,,
2016-10-16,,596a905d-512e-4439-9a15-df8ab1ab66ad,b1c428d6-4f07-31e0-90f0-68ffa6ff8c76,2ece1028-2791-49f6-b180-c320b3a7d7fc,855332,Warfarin Sodium 5 MG Oral Tablet,106.13,0.00,41,4351.33,,
2016-10-16,,596a905d-512e-4439-9a15-df8ab1ab66ad,b1c428d6-4f07-31e0-90f0-68ffa6ff8c76,2ece1028-2791-49f6-b180-c320b3a7d7fc,897718,Verapamil Hydrochloride 40 MG,130.39,0.00,41,5345.99,,
2016-10-16,,596a905d-512e-4439-9a15-df8ab1ab66ad,b1c428d6-4f07-31e0-90f0-68ffa6ff8c76,2ece1028-2791-49f6-b180-c320b3a7d7fc,197604,Digoxin 0.125 MG Oral Tablet,25.82,0.00,41,1058.62,,
2015-06-12,2015-06-12,cadc83d1-e0d8-4987-a7e5-c1764732768d,b1c428d6-4f07-31e0-90f0-68ffa6ff8c76,c549d5f0-c635-418e-a005-167e0ed25ab6,309362,Clopidogrel 75 MG Oral Tablet,51.38,0.00,1,51.38,,
2015-06-12,2015-06-12,cadc83d1-e0d8-4987-a7e5-c1764732768d,b1c428d6-4f07-31e0-90f0-68ffa6ff8c76,c549d5f0-c635-418e-a005-167e0ed25ab6,1804799,Alteplase 100 MG Injection,6262.79,0.00,1,6262.79,,
2016-04-08,,7b0ec64a-0b8e-479c-aca8-b9690f3079d6,b1c428d6-4f07-31e0-90f0-68ffa6ff8c76,e30030fa-3d98-465b-9e4a-44504329fcd4,855332,Warfarin Sodium 5 MG Oral Tablet,73.86,0.00,47,3471.42,,
2016-04-08,,7b0ec64a-0b8e-479c-aca8-b9690f3079d6,b1c428d6-4f07-31e0-90f0-68ffa6ff8c76,e30030fa-3d98-465b-9e4a-44504329fcd4,897718,Verapamil Hydrochloride 40 MG,28.11,0.00,47,1321.17,,
2016-04-08,,7b0ec64a-0b8e-479c-aca8-b9690f3079d6,b1c428d6-4f07-31e0-90f0-68ffa6ff8c76,e30030fa-3d98-465b-9e4a-44504329fcd4,197604,Digoxin 0.125 MG Oral Tablet,102.97,0.00,47,4839.59,,
2000-10-16,,6a8801e6-155e-4182-9622-0d539eadc5cd,b1c428d6-4f07-31e0-90f0-68ffa6ff8c76,05f79223-b27e-4e97-bc67-b733a5c4d659,1049221,Acetaminophen 325 MG / oxyCODONE Hydrochloride 5 MG Oral Tablet,975.40,0.00,506,493552.40,,
2009-01-07,,39e7ccaf-c8be-4a3c-9c9d-7e7998d7f63c,b1c428d6-4f07-31e0-90f0-68ffa6ff8c76,3d9b1d62-6004-474c-85ac-bad010ccc6e2,855332,Warfarin Sodium 5 MG Oral Tablet,174.17,0.00,136,23687.12,,
2009-01-07,,39e7ccaf-c8be-4a3c-9c9d-7e7998d7f63c,b1c428d6-4f07-31e0-90f0-68ffa6ff8c76,3d9b1d62-6004-474c-85ac-bad010ccc6e2,897718,Verapamil Hydrochloride 40 MG,192.12,0.00,136,26128.32,,
2009-01-07,,39e7ccaf-c8be-4a3c-9c9d-7e7998d7f63c,b1c428d6-4f07-31e0-90f0-68ffa6ff8c76,3d9b1d62-6004-474c-85ac-bad010ccc6e2,197604,Digoxin 0.125 MG Oral Tablet,53.65,0.00,136,7296.40,,
2018-02-28,,39e7ccaf-c8be-4a3c-9c9d-7e7998d7f63c,b1c428d6-4f07-31e0-90f0-68ffa6ff8c76,d20129d7-124e-4dfc-8872-93100c5abd54,309362,Clopidogrel 75 MG Oral Tablet,96.47,0.00,24,2315.28,,
2018-02-28,,39e7ccaf-c8be-4a3c-9c9d-7e7998d7f63c,b1c428d6-4f07-31e0-90f0-68ffa6ff8c76,d20129d7-124e-4dfc-8872-93100c5abd54,312961,Simvastatin 20 MG Oral Tablet,29.99,0.00,24,719.76,,
2018-02-28,,39e7ccaf-c8be-4a3c-9c9d-7e7998d7f63c,b1c428d6-4f07-31e0-90f0-68ffa6ff8c76,d20129d7-124e-4dfc-8872-93100c5abd54,197361,Amlodipine 5 MG Oral Tablet,55.17,0.00,24,1324.08,,
2018-02-28,,39e7ccaf-c8be-4a3c-9c9d-7e7998d7f63c,b1c428d6-4f07-31e0-90f0-68ffa6ff8c76,d20129d7-124e-4dfc-8872-93100c5abd54,705129,Nitroglycerin 0.4 MG/ACTUAT Mucosal Spray,222.27,0.00,24,5334.48,,
