Id,BIRTHDATE,DEATHDATE,SSN,DRIVERS,PASSPORT,PREFIX,FIRST,LAST,SUFFIX,MAIDEN,MARITAL,RACE,ETHNICITY,GENDER,BIRTHPLACE,ADDRESS,CITY,STATE,COUNTY,ZIP,LAT,LON,HEALTHCARE_EXPENSES,HEALTHCARE_COVERAGE
96157711-86ad-4a13-adfa-80e771d33747,2017-10-08,,999-47-9280,,,,Satu-Susanna,Jaamalainen,,,,white,nonhispanic,F,Vantaa  Uusimaa  FI,889 Kännö Katu Suite 30,Helsinki,Uusimaa,Helsinki,00150,60.18181628679355,25.040402861292858,1125.0,0.0
0e18790c-4af4-4c24-b221-bf463e8bb040,2005-11-03,,999-49-4792,,,,Nora,Siliämaa,,,,white,nonhispanic,F,Hyvinkää  Uusimaa  FI,458 Jaukkuri Katu Suite 75,Vihti,Uusimaa,Vihti,03400,60.40683465885827,24.57062262225042,2875.0,0.0
5e2bf06d-a821-4217-ba9c-bd32bf83d98e,2000-08-24,,999-86-1987,S99949098,,Mr.,Lars-Gustav,Loitokari,,,,white,nonhispanic,M,Helsinki  Uusimaa  FI,478 Suninmäki Katu,Espoo,Uusimaa,Espoo,02260,60.215528558302886,24.750370396714803,3500.0,0.0
ab7f5360-b6af-4efd-8998-7a2b240d4895,1998-07-04,,999-56-7052,S99915313,X39165678X,Ms.,Evgenia,Abukar,,,,white,nonhispanic,F,Porvoo  Uusimaa  FI,221 Ojajärvi Katu Unit 96,Espoo,Uusimaa,Espoo,02770,60.256559148543154,24.660654885254228,3500.0,0.0
1554f525-f091-4a97-a2fa-5b6be27e16b7,2018-09-06,,999-32-9140,,,,Adaliina,Helasvuo,,,,white,nonhispanic,F,Helsinki  Uusimaa  FI,865 Hellund Katu,Järvenpää,Uusimaa,Järvenpää,04440,60.51774914118718,25.146631686712876,1000.0,0.0
ae681439-05ab-441c-96f3-a046890810c2,2012-11-05,,999-67-4338,,,,Hadi,Lammensalo,,,,white,nonhispanic,F,Helsinki  Uusimaa  FI,267 Ala-Salmi Katu Unit 0,Espoo,Uusimaa,Espoo,02130,60.233912895469146,24.73013342150349,2000.0,0.0
96502889-98ff-4a9e-ac78-c3de160784cc,2018-01-04,,999-70-3843,,,,Miro-Matias,Teppo,,,,white,nonhispanic,M,Vantaa  Uusimaa  FI,550 Louramo Katu Apt 19,Helsinki,Uusimaa,Helsinki,00740,60.11527962200911,25.06631065056927,1125.0,0.0
f93b563d-a909-48aa-a02d-8ed7108194c3,1978-11-06,,999-18-4533,S99924289,X64532168X,Mr.,Pate,Latva-Kiskola,PhD,,M,white,nonhispanic,M,Porvoo  Uusimaa  FI,408 Ilva Katu Unit 23,Porvoo,Uusimaa,Porvoo,07280,60.43331866770875,25.47426472045826,4375.0,0.0
e1af14cd-f5f1-445a-89d2-333d5941788b,1975-07-27,,999-89-9815,S99928554,X7445276X,Mrs.,Elmi,Yli-Talonen,,Uusihakala,M,white,nonhispanic,F,Järvenpää  Uusimaa  FI,979 Sinkman Katu,Helsinki,Uusimaa,Helsinki,00740,60.1629715572611,24.942420363370875,4625.0,0.0
535fde2e-2a1c-47f7-b4af-f548850d6ef9,1967-11-04,,999-38-1591,S99974739,X14133539X,Mr.,Valfrid,Polkutie,,,S,white,nonhispanic,M,Espoo  Uusimaa  FI,158 Luojola Katu Apt 78,Kerava,Uusimaa,Kerava,04230,60.41799080949803,25.160721037998133,5250.0,0.0
ada952ca-1107-4e18-83c4-adb04fd2d5af,1966-06-16,,999-86-7158,S99987900,X74153420X,Mr.,Juho-Eemil,Jaakkonen,,,M,white,nonhispanic,M,Karkkila  Uusimaa  FI,625 Louhikoski Katu,Vantaa,Uusimaa,Vantaa,01200,60.2388869265715,25.11428608788134,5375.0,0.0
6e1569a2-e4af-40bf-a5c4-e26fe2d11348,2006-09-29,,999-86-8769,,,,Marii,Saurento,,,,white,nonhispanic,F,Helsinki  Uusimaa  FI,534 Linnala Katu,Helsinki,Uusimaa,Helsinki,00640,60.20176643152712,24.990524161393655,2750.0,0.0
b9a0f61f-2bcd-40d8-a8fc-7956c21ca832,1988-12-10,,999-99-9051,S99933646,X11815456X,Mrs.,Ritva-Anneli,Aukio,,Seessalo,M,white,nonhispanic,F,Helsinki  Uusimaa  FI,314 Pelvo Katu,Vantaa,Uusimaa,Vantaa,01420,60.29397003280964,24.840308267150647,4000.0,0.0
58c007e1-4365-424d-a5a3-f857eb43dd9d,1987-03-12,,999-60-7758,S99923946,X80597241X,Mrs.,Erza,Kuusimäki,,Säätelä,M,white,nonhispanic,F,Helsinki  Uusimaa  FI,403 Piki Katu Apt 7,Vantaa,Uusimaa,Vantaa,01360,60.24125399361832,24.790622849350406,4000.0,0.0
ce6623ab-1541-4de4-bf72-4d639d89a20f,1951-02-04,,999-16-5766,S99981813,X11016652X,Mr.,Retu,Keijonen,,,M,white,nonhispanic,M,Tuusula  Uusimaa  FI,652 Ladau Katu,Helsinki,Uusimaa,Helsinki,00310,60.143434376846095,24.920810910234902,7250.0,0.0
7c6c32e1-a4b2-4b67-9159-4bcacd455fed,1955-08-23,,999-61-2296,S99910628,X28866197X,Mr.,Vilperi,Karhiniemi,,,M,white,nonhispanic,M,Vantaa  Uusimaa  FI,240 Mod Katu Apt 6,Espoo,Uusimaa,Espoo,02920,60.10542355074624,24.64432471529037,6750.0,0.0
1646a7e8-0064-4434-a1a6-7980fb1153b7,1994-02-12,,999-51-5572,S99947468,X21004863X,Mr.,Aro,Värtinen,,,,white,nonhispanic,M,Vantaa  Uusimaa  FI,571 Tulimäki Katu Suite 65,Vantaa,Uusimaa,Vantaa,01340,60.2196030426744,24.776238442298776,3750.0,0.0
60e74ad6-9f24-4ce8-aa13-0c10dc547eb8,1982-09-09,,999-79-6499,S99918323,X32282711X,Mr.,Petu,Korpinurmi,,,M,white,nonhispanic,M,Vantaa  Uusimaa  FI,813 Miettola Katu Suite 83,Kirkkonummi,Uusimaa,Kirkkonummi,02520,60.19303745214405,24.493743516045477,4250.0,0.0
248f45df-d248-46b4-bf2b-9fe2df5cd236,1992-01-18,,999-71-7634,S99913104,X74347608X,Mrs.,Anne-Maj,Hyöty,,Ala-Välkkilä,M,white,nonhispanic,F,Helsinki  Uusimaa  FI,144 Ekqvist Katu Suite 91,Espoo,Uusimaa,Espoo,02160,60.23962264156742,24.786054454560905,3750.0,0.0
87ee844b-3af3-4b9c-9989-ccefd32d9a53,1997-10-06,,999-75-5609,S99915781,X82682724X,Ms.,Maren,Ala-Sippola,,,,white,nonhispanic,F,Vantaa  Uusimaa  FI,542 Haipus Katu Suite 76,Espoo,Uusimaa,Espoo,02820,60.24903966263579,24.608705232881277,3625.0,0.0
eea87791-61e2-45d5-8292-ac881bda7ade,1992-02-15,,999-71-3788,S99958055,X28986205X,Mr.,Orma,Stjernberg,,,M,white,nonhispanic,M,Vantaa  Uusimaa  FI,242 Uunonen Katu,Helsinki,Uusimaa,Helsinki,00160,60.214127403983845,24.94183787730838,3750.0,0.0
2cd3affb-5725-4894-8025-3dab424b9b9f,1947-12-26,2015-10-09,999-83-1713,S99963753,X8145685X,Ms.,Anna-Eliisa,Hakuri,,,S,white,nonhispanic,F,Sipoo  Uusimaa  FI,869 Korkkanen Katu Suite 77,Hyvinkää,Uusimaa,Hyvinkää,05460,60.646664236722344,24.848048037800737,13802.86,0.0
cb74877a-c91e-4f73-ac17-6c1679fe96c7,1980-08-27,,999-54-5071,S99957096,X22320892X,Mr.,Eliah,Pälsynaho,,,S,white,nonhispanic,M,Helsinki  Uusimaa  FI,1096 Kaihola Katu Apt 41,Nurmijärvi,Uusimaa,Nurmijärvi,01820,60.47301075184092,24.85506922417042,4250.0,0.0
c5d8def2-1d68-48b1-9576-c959384a7982,1951-09-06,,999-99-7100,S99913171,X11153072X,Mr.,Theodor,Vedenjuoksu,,,M,white,nonhispanic,M,Helsinki  Uusimaa  FI,935 Kyyny Katu Suite 40,Helsinki,Uusimaa,Helsinki,00950,60.19625552249025,24.88111074562933,7250.0,0.0
459a78fc-3824-4334-84ed-4622ad05e37f,1946-04-17,,999-30-1722,S99996925,X13374945X,Mrs.,Pinar,Seliö,,Ulaska,M,white,nonhispanic,F,Kerava  Uusimaa  FI,764 Storberg Katu,Helsinki,Uusimaa,Helsinki,00310,60.18520934728453,24.9517115927614,7875.0,0.0
47bc4640-0af0-4f62-866c-e29d61b89b95,1945-11-07,,999-27-7991,S99925698,X22384738X,Mr.,Yassin,Tainio,,,S,white,nonhispanic,M,Espoo  Uusimaa  FI,1079 Pälvi Katu,Helsinki,Uusimaa,Helsinki,00500,60.15119743587856,24.97611919115143,7875.0,0.0
a0a027b3-41dd-4eef-bdf0-e270fb71fe34,1953-10-07,,999-41-4043,S99932833,X80661708X,Mr.,Yoel,Hurttia,,,M,white,nonhispanic,M,Hyvinkää  Uusimaa  FI,516 Käenmäki Katu Apt 53,Helsinki,Uusimaa,Helsinki,00620,60.26026098571096,25.133958553565407,7000.0,0.0
352fa9eb-588d-4da5-a849-ec1f55f8539f,1982-02-28,,999-88-1492,S99993692,X31142855X,Ms.,Blondine,Siebenberg,,,S,white,nonhispanic,F,Vantaa  Uusimaa  FI,194 Honkaperä Katu Suite 1,Espoo,Uusimaa,Espoo,02330,60.22253844912117,24.73615864169633,4250.0,0.0
596a905d-512e-4439-9a15-df8ab1ab66ad,1945-06-17,,999-15-8383,S99937951,X49523779X,Mr.,Muhammed,Jylhänkangas,,,M,white,nonhispanic,M,Kerava  Uusimaa  FI,1051 Piipponen Katu,Nurmijärvi,Uusimaa,Nurmijärvi,01830,60.4498677852986,24.886408057167664,8000.0,0.0
cadc83d1-e0d8-4987-a7e5-c1764732768d,1923-03-09,,999-53-4478,S99986664,X76030663X,Mrs.,Selena,Silius,,Vaskuri,M,white,nonhispanic,F,Vantaa  Uusimaa  FI,324 Kenttämaa Katu Apt 78,Vantaa,Uusimaa,Vantaa,01630,60.32565955111193,25.066191258716852,17189.17,0.0
be63365e-5d65-4334-8c56-4a862136168c,1969-03-25,,999-65-9135,S99945796,X9383285X,Mr.,Tudor,Hakkinen,,,M,white,nonhispanic,M,Helsinki  Uusimaa  FI,801 Yömaa Katu,Nurmijärvi,Uusimaa,Nurmijärvi,05100,60.56545454643226,24.8053628608615,5000.0,0.0
7b0ec64a-0b8e-479c-aca8-b9690f3079d6,1947-12-26,,999-94-7191,S99975633,X44684939X,Mrs.,Else,Vieri,,Kupsa,M,white,nonhispanic,F,Helsinki  Uusimaa  FI,977 Lintula Katu,Hyvinkää,Uusimaa,Hyvinkää,05440,60.618929403905454,24.81112533146539,7625.0,0.0
10553d6c-b92e-409d-9c5d-fa5318dbda09,1989-12-20,,999-81-7027,S99949954,X49100185X,Mr.,Raine,Kukkasmäki,,,M,white,nonhispanic,M,Espoo  Uusimaa  FI,168 Sirrola Katu,Helsinki,Uusimaa,Helsinki,00990,60.14740472177808,24.938358914466615,3875.0,0.0
86f04596-a270-4f91-8590-742ead0e90b8,1992-11-13,,999-18-5141,S99995809,X27997729X,Mrs.,Mielo,Titov,,Vuontisjärvi,M,white,nonhispanic,F,Järvenpää  Uusimaa  FI,418 Hienonen Katu Apt 54,Helsinki,Uusimaa,Helsinki,00340,60.28274251492136,24.98584286328256,3750.0,0.0
b62d674c-2441-4527-811e-b0078efa4e91,1974-08-29,,999-47-2635,S99921075,X46356998X,Mr.,Guillermo,Hanell,,,M,white,nonhispanic,M,Loviisa  Uusimaa  FI,185 Soitamo Katu Suite 49,Vantaa,Uusimaa,Vantaa,01720,60.302915698252164,24.987627829196434,4625.0,0.0
be52d523-1d91-4a8d-9e92-86690ab286a9,1972-08-15,,999-90-6389,S99983993,X21677875X,Mrs.,Anni-Maija,Poussa,,Keminen,M,white,nonhispanic,F,Helsinki  Uusimaa  FI,883 Ulvinen Katu Suite 69,Hyvinkää,Uusimaa,Hyvinkää,05830,60.693894248372864,25.023905615634078,4750.0,0.0
91342c9c-01bc-4956-b9c9-2c3227c9608e,1952-06-03,,999-97-8956,S99910546,X23523706X,Mr.,Tuomaanpoika,Merranmaa,,,S,white,nonhispanic,M,Porvoo  Uusimaa  FI,503 Haddas Katu,Järvenpää,Uusimaa,Järvenpää,04420,60.52837052483321,25.066776561369753,7125.0,0.0
73461102-e1c9-4f26-ad0c-d139712a6f00,1967-08-05,,999-14-4772,S99920691,X17454534X,Mr.,Feeliks,Kypärä,,,M,white,nonhispanic,M,Loviisa  Uusimaa  FI,842 Knopp Katu,Porvoo,Uusimaa,Porvoo,07390,60.45669094796047,25.604590118429936,5250.0,0.0
d29d2838-2fd6-4b09-9089-e4dd06db9d59,1935-08-23,,999-54-4147,S99998958,X48993855X,Mr.,Arto-Pekka,Maatela,,,M,white,nonhispanic,M,Helsinki  Uusimaa  FI,487 Horppila Katu,Hyvinkää,Uusimaa,Hyvinkää,05830,60.55222168392973,24.851977928931998,9250.0,0.0
6452776d-5cd9-4219-bf4e-d65af423ee9e,1957-02-21,,999-72-1108,S99990880,X39042993X,Mrs.,Marinna,Takalahti,,Kukola,M,white,nonhispanic,F,Loviisa  Uusimaa  FI,835 Jurmu Katu,Askola,Uusimaa,Askola,07230,60.51856457594769,25.599614489190703,6500.0,0.0
d088d83c-2e44-49ac-a6b1-4230e851a6c8,1994-08-25,,999-86-2339,S99977648,X7826378X,Mr.,Esu,Rosas,,,,white,nonhispanic,M,Helsinki  Uusimaa  FI,944 Tähtisalmi Katu,Espoo,Uusimaa,Espoo,02300,60.099529202996266,24.64590878329932,3750.0,0.0
97432df2-3bc1-4226-bfe2-266ac24424d8,1987-07-04,,999-29-3613,S99921637,X48523750X,Mrs.,Winnie,Mäennenä,,Ala-Könni,M,white,nonhispanic,F,Espoo  Uusimaa  FI,263 Laapas Katu,Helsinki,Uusimaa,Helsinki,00230,60.215506391915135,24.821315928567355,4000.0,0.0
da28a902-191e-4589-b0ee-d15ddaa8b6ac,1985-04-16,,999-66-1733,S99931314,X1510460X,Mr.,Amadeo,Hyykoski,,,S,white,nonhispanic,M,Helsinki  Uusimaa  FI,952 Vikholm Katu,Mäntsälä,Uusimaa,Mäntsälä,04530,60.61896063472576,25.21819671293173,4125.0,0.0
1f8c6413-ce03-4d1d-aacc-6609361c81d8,1977-05-17,,999-57-2793,S99992419,X68872637X,Mrs.,Jonna-Kaisa,Patjas,,Keski-Korsu,M,white,nonhispanic,F,Kirkkonummi  Uusimaa  FI,710 Auru Katu,Siuntio,Uusimaa,Siuntio,02590,60.12684664747408,24.206646521231697,4500.0,0.0
6a8801e6-155e-4182-9622-0d539eadc5cd,1946-10-24,,999-16-3882,S99950257,X8080937X,Ms.,Helmiida,Illukka,,,S,white,nonhispanic,F,Helsinki  Uusimaa  FI,148 Muoniovaara Katu,Espoo,Uusimaa,Espoo,02110,60.16281516680049,24.77737955834732,8125.0,0.0
bdda2f10-3581-4263-9385-7e5b9bc3038c,1980-07-16,,999-41-8944,S99914103,X52301333X,Mr.,Georg,Härsilä,,,S,white,nonhispanic,M,Tuusula  Uusimaa  FI,776 Tilvis Katu,Espoo,Uusimaa,Espoo,02270,60.30641096308405,24.624319397628845,4250.0,0.0
ec1ac815-8895-4fe4-b747-31583be72968,1963-10-31,,999-18-2939,S99983625,X83436290X,Mrs.,Inga-Lisa,Kaarla,,Muhos,M,white,nonhispanic,F,Helsinki  Uusimaa  FI,347 Lankanen Katu,Vantaa,Uusimaa,Vantaa,01640,60.2970955564546,24.82621925780804,5750.0,0.0
327f7211-2280-492b-af4c-c66af5940915,1999-09-27,,999-58-8764,S99936909,X44812497X,Ms.,Pia-Liisa,Mattans,,,,white,nonhispanic,F,Helsinki  Uusimaa  FI,908 Pyydysmäki Katu Apt 28,Espoo,Uusimaa,Espoo,02600,60.156924016930994,24.743778446337704,3500.0,0.0
07e23802-41be-4bfc-a86f-559ac3697b6e,1988-04-30,,999-84-4185,S99999742,X27633041X,Mr.,Pauno,Kesänen,,,M,white,nonhispanic,M,Espoo  Uusimaa  FI,608 Varila Katu,Helsinki,Uusimaa,Helsinki,00190,60.194479133843664,24.858405094312904,4000.0,0.0
c517b763-9488-4cd5-b42b-e2be4317bd8d,2000-01-19,,999-75-2282,S99934639,X77236259X,Mr.,Jerri,Petäjä,,,,white,nonhispanic,M,Patras  Achaea  GR,1042 Mäntyharju Katu Unit 25,Helsinki,Uusimaa,Helsinki,00420,60.12639462227391,24.890554605942537,3500.0,0.0
50afda83-6fb6-45d5-9e6a-ea6040fdb799,1962-05-30,,999-42-6035,S99920384,X87927287X,Mr.,Eugene,Paloranta,,,M,white,nonhispanic,M,Espoo  Uusimaa  FI,206 Siidorow Katu,Espoo,Uusimaa,Espoo,02920,60.16036754907255,24.795402241398136,5875.0,0.0
8afe9a3a-1a15-4393-bfba-83198f3c614b,1980-03-02,,999-23-8893,S99939614,X86414021X,Ms.,Eriika,Riipi,,,S,white,nonhispanic,F,Helsinki  Uusimaa  FI,964 Intovuori Katu,Espoo,Uusimaa,Espoo,02360,60.223541278489286,24.686097198840745,4250.0,0.0
3a6e2496-1a38-4c4e-8aa8-9887cf789e2c,1991-08-24,,999-33-7318,S99978468,X62221380X,Mrs.,Yan,Suzuki,,Leskenmaa,M,white,nonhispanic,F,Espoo  Uusimaa  FI,147 Ryösö Katu,Helsinki,Uusimaa,Helsinki,00710,60.283255391418784,25.052899638968267,3875.0,0.0
27d100d0-025c-4bbc-a945-4f541668b840,1955-06-27,,999-63-7254,S99939250,X19572768X,Mr.,Arvid,Urpunen,,,M,white,nonhispanic,M,Askola  Uusimaa  FI,504 Nevala Katu Suite 45,Vantaa,Uusimaa,Vantaa,01520,60.24520760560854,24.82706911450675,6750.0,0.0
875b1710-a52d-440e-b646-05feb5be8ab5,1986-10-21,,999-15-7561,S99961882,X44038944X,Mr.,Anttipekka,Mynttinen,,,M,white,nonhispanic,M,Helsinki  Uusimaa  FI,118 Uura Katu Suite 22,Helsinki,Uusimaa,Helsinki,00420,60.19378342961065,24.83632303313442,4000.0,0.0
d77f1e6e-ddfe-4aa2-8ebf-55d62f842b03,1991-08-25,,999-19-7532,S99930691,X8441468X,Mr.,Kaarlonpoika,Seistola,,,M,white,nonhispanic,M,Helsinki  Uusimaa  FI,195 Kaaronen Katu,Helsinki,Uusimaa,Helsinki,00970,60.1954596374953,25.030209204371282,3875.0,0.0
8ab3ab20-243d-4d01-992c-fe2d75b00d1d,1980-09-21,,999-97-5855,S99945274,X66416868X,Mr.,Sasha,Streng,,,M,white,nonhispanic,M,Helsinki  Uusimaa  FI,614 Bunda Katu,Espoo,Uusimaa,Espoo,02170,60.32252386615031,24.721609835222363,4250.0,0.0
ff8930b9-b255-4ba2-8035-101dda3780cd,1973-06-19,,999-40-8954,S99983513,X74711070X,Mrs.,Neea,Innanen,JD,Tuppi,M,white,nonhispanic,F,Kerava  Uusimaa  FI,376 Shrestha Katu Unit 28,Vantaa,Uusimaa,Vantaa,01610,60.29605741413641,24.757860291359147,4750.0,0.0
235bdfee-cde8-4856-be20-9a06efc47eba,1975-11-08,,999-42-1129,S99985550,X19924778X,Mr.,Jani-Kristian,Villanen,,,M,white,nonhispanic,M,Kirkkonummi  Uusimaa  FI,236 Muikku Katu,Helsinki,Uusimaa,Helsinki,00140,60.12462366610263,24.884051918240683,4625.0,0.0
2fb3e122-2926-4718-b58b-af3a0dce7b4e,1959-08-28,,999-62-1615,S99950972,X41603934X,Mr.,Juho-Aleksi,Lauren,MD,,M,white,nonhispanic,M,Helsinki  Uusimaa  FI,334 Silfsten Katu Suite 80,Espoo,Uusimaa,Espoo,02940,60.15253365642525,24.80991816506735,6250.0,0.0
537281c2-286b-4437-be63-5d1fde5f0cce,2004-07-11,,999-57-5522,,,,Kylie,Sjölind,,,,white,nonhispanic,F,Helsinki  Uusimaa  FI,182 Åvist Katu,Helsinki,Uusimaa,Helsinki,00380,60.1964495844299,25.04822625333948,3000.0,0.0
b3bbdd86-9ba4-4268-9f99-1e6d818a4608,1947-08-06,,999-37-8309,S99973023,X85424968X,Mr.,Vitaly,Pham,,,M,white,nonhispanic,M,Vantaa  Uusimaa  FI,276 Sundqvist Katu Unit 99,Vihti,Uusimaa,Vihti,03320,60.3973373674419,24.387954415654526,7750.0,0.0
6bd22320-ba01-4ce2-a77a-8e9975924879,1994-05-19,,999-19-3632,S99928714,X35244659X,Mr.,Verne,Vehmaan-Kreula,,,,white,nonhispanic,M,Pornainen  Uusimaa  FI,496 Ylimys Katu,Helsinki,Uusimaa,Helsinki,00910,60.16256703316464,24.962278897263356,3750.0,0.0
069ebbb3-1898-4e97-982c-34f50ab3b143,1995-11-19,,999-65-6899,S99959143,X45104003X,Ms.,Merjem,Kotola,,,,white,nonhispanic,F,Espoo  Uusimaa  FI,416 Ravio Katu Suite 64,Porvoo,Uusimaa,Porvoo,06650,60.18814688060875,25.862812997474816,3625.0,0.0
4a4b9b54-4125-46e7-bb54-d9d1b1693f53,1964-11-17,,999-35-1672,S99976653,X25006356X,Ms.,Adelma,Virtaranta,,,S,white,nonhispanic,F,Hyvinkää  Uusimaa  FI,386 Mahlberg Katu,Helsinki,Uusimaa,Helsinki,00560,60.25651073859679,25.046943815383347,5625.0,0.0
2020938f-096c-4c55-841d-ad919e777bc3,1987-03-15,,999-23-2658,S99916480,X10686960X,Mr.,Caspian,Käkönen,,,M,white,nonhispanic,M,Helsinki  Uusimaa  FI,261 Reed Katu Unit 72,Järvenpää,Uusimaa,Järvenpää,04440,60.47054080419204,25.11389642131342,4000.0,0.0
7f5a8dcb-4c70-4e44-9283-2e6ddecc3f2c,1961-01-29,,999-25-3519,S99958175,X88637875X,Mrs.,Uliana,Rynö,,Poikulainen,M,white,nonhispanic,F,Helsinki  Uusimaa  FI,134 Hossa Katu,Vantaa,Uusimaa,Vantaa,01260,60.20629574468532,24.769601926698304,6000.0,0.0
09559590-d139-4e22-bb08-ca3ce81f076a,2012-05-27,,999-62-4641,,,,Kaj-Johan,Gullberg,,,,white,nonhispanic,M,Porvoo  Uusimaa  FI,387 Noori Katu,Kerava,Uusimaa,Kerava,04220,60.410699261764286,25.079309130970064,2000.0,0.0
6c254e14-bc16-41ed-991d-0cf3a89113bf,1964-10-12,,999-63-8713,S99917894,X57744529X,Ms.,Bia,Jin,,,S,white,nonhispanic,F,Espoo  Uusimaa  FI,173 Koivuhuhta Katu,Järvenpää,Uusimaa,Järvenpää,04460,60.49584077345449,25.120772274083155,5625.0,0.0
0a7d75dd-5166-47c1-a414-c54be5fbc3a6,2017-11-12,,999-88-3355,,,,Neera,Mitro,,,,white,nonhispanic,F,Helsinki  Uusimaa  FI,878 Forssén Katu,Helsinki,Uusimaa,Helsinki,00520,60.19181651861751,25.041445291401704,1125.0,0.0
5b0f6872-1b11-4143-b5e1-ae9e31ca0efd,1979-09-04,,999-49-9359,S99972400,X28264657X,Mr.,Tim,Ala-Luhtala,,,M,white,nonhispanic,M,Helsinki  Uusimaa  FI,934 Vitie Katu,Siuntio,Uusimaa,Siuntio,02580,60.086141430953454,24.190155023368465,4375.0,0.0
35b40b07-2275-49dc-a852-a9ab613aa6d9,1980-12-02,,999-84-5873,S99954833,X28648375X,Mrs.,Hadi,Kaplin,,Paukkula,M,white,nonhispanic,F,Porvoo  Uusimaa  FI,504 Tiiliharju Katu Suite 98,Helsinki,Uusimaa,Helsinki,00330,60.17597035036222,25.076332329330818,4250.0,0.0
aebd1c22-c916-44b7-9e39-e0bf97edd634,2011-06-26,,999-99-7049,,,,Floora,Aholainen,,,,white,nonhispanic,F,Helsinki  Uusimaa  FI,200 Simsek Katu,Espoo,Uusimaa,Espoo,02270,60.227471980092,24.700935661252807,2125.0,0.0
eed60db9-437b-4ad7-a07e-305ad7fc2971,1991-09-12,,999-72-6774,S99963376,X62563033X,Mr.,Miitri,Veseli,,,M,white,nonhispanic,M,Hyvinkää  Uusimaa  FI,510 Lammenranta Katu Apt 7,Porvoo,Uusimaa,Porvoo,06650,60.25138996483626,25.850679294949675,3875.0,0.0
1e222221-2333-49ed-b88e-33b93a3f2f6c,1941-06-19,,999-51-2088,S99938413,X8809574X,Mr.,Lorens,Huutonen,,,M,white,nonhispanic,M,Helsinki  Uusimaa  FI,369 Hautaviita Katu Suite 62,Espoo,Uusimaa,Espoo,02300,60.17080780838411,24.723929071518167,8500.0,0.0
ca72ca02-a403-41d1-8d7a-7fd9e5784ac6,2001-08-18,,999-75-6110,S99929678,,Mr.,Senad,Vuotikka,,,,white,nonhispanic,M,Hyvinkää  Uusimaa  FI,249 Laarko Katu Apt 26,Sipoo,Uusimaa,Sipoo,01190,60.443733829098214,25.192855452523837,3375.0,0.0
371eee1d-2bef-4e7e-b52e-233645ffbc39,2001-01-26,,999-16-9577,S99912376,,Mr.,Sulayman,Saunavaara,,,,white,nonhispanic,M,Sipoo  Uusimaa  FI,929 Hamari Katu Unit 52,Askola,Uusimaa,Askola,07230,60.55320447959416,25.542813867337934,3375.0,0.0
144a134a-0688-4b31-98b8-a163945523b5,1978-02-26,,999-55-7520,S99957917,X18122165X,Mr.,Hicham,Törö,,,M,white,nonhispanic,M,Espoo  Uusimaa  FI,956 Hakarinne Katu Suite 1,Espoo,Uusimaa,Espoo,02810,60.17245507821155,24.74500817679122,4375.0,0.0
49ab6f39-c167-42f2-ab81-88e4c003bee7,1936-06-12,,999-57-6448,S99936419,X22942096X,Mr.,Salih,Halila,,,M,white,nonhispanic,M,Vantaa  Uusimaa  FI,395 Tobiasson Katu Unit 55,Kerava,Uusimaa,Kerava,04200,60.34347289703532,25.197043567688173,9125.0,0.0
b5ef93b6-3555-440e-87a2-1f965068e2c2,1968-02-24,,999-14-5720,S99949991,X66424656X,Ms.,Susan,Tuoresmäki,,,S,white,nonhispanic,F,Helsinki  Uusimaa  FI,153 Westerling Katu Suite 2,Vantaa,Uusimaa,Vantaa,01760,60.32977232823183,24.880324767179367,5250.0,0.0
42a95498-0d55-411d-b504-4b78522965e3,2004-01-01,,999-64-9605,S99921900,,,Halti,Vuorelma,,,,white,nonhispanic,M,Vantaa  Uusimaa  FI,748 Gerber Katu,Espoo,Uusimaa,Espoo,02720,60.216736869250525,24.79134822017466,3125.0,0.0
20455f34-a63b-450b-a8e0-f3d5cf52fab6,2006-12-21,,999-74-9013,,,,Tilla,Koskiniemi,,,,white,nonhispanic,F,Järvenpää  Uusimaa  FI,657 Maunola Katu,Vantaa,Uusimaa,Vantaa,01680,60.24054848896551,24.7465321890738,2750.0,0.0
39e7ccaf-c8be-4a3c-9c9d-7e7998d7f63c,1943-10-13,,999-95-3344,S99922556,X21520023X,Mrs.,Maaret,Kallioväli,,Vuorenmäki,M,white,nonhispanic,F,Kerava  Uusimaa  FI,937 Hiuspää Katu,Mäntsälä,Uusimaa,Mäntsälä,04630,60.766005790453626,25.328402448335478,8125.0,0.0
bfe0338f-9eef-4cec-a908-c550faaa5874,1995-03-05,,999-12-4942,S99990468,X41531630X,Mr.,Martti-Mikael,Malmberg,,,,white,nonhispanic,M,Vantaa  Uusimaa  FI,579 Austin Katu Apt 94,Vantaa,Uusimaa,Vantaa,01340,60.30986874828183,25.00577336484119,3625.0,0.0
9b838cfe-685a-4513-baac-0aef57bdda57,1976-04-21,,999-34-9203,S99962029,X54304528X,Mrs.,Minja-Maria,Janssen,,Saksola,M,white,nonhispanic,F,Kerava  Uusimaa  FI,683 Ruukki Katu,Helsinki,Uusimaa,Helsinki,00850,60.210283676158554,24.915804751674884,4500.0,0.0
6f165b5c-83e7-4d5f-8de1-24ff29550455,1983-07-10,,999-93-2607,S99934429,X76286248X,Mr.,Hans-Göran,Heiskanen,,,M,white,nonhispanic,M,Espoo  Uusimaa  FI,178 Mäki-Kauppila Katu,Helsinki,Uusimaa,Helsinki,00120,60.18936618051591,24.856701310824487,4125.0,0.0
8fad39c0-1291-4265-8546-2b6f4a7f6570,1990-07-05,,999-54-2603,S99928430,X3489783X,Mrs.,Rea,Haarala,,Pouhakka,M,white,nonhispanic,F,Hyvinkää  Uusimaa  FI,938 Kalho Katu,Helsinki,Uusimaa,Helsinki,00950,60.1395433990554,24.872426281317107,3875.0,0.0
401b27d8-c97b-45af-90e6-4811657dd77d,1998-02-22,,999-38-4845,S99984121,X67790907X,Mr.,Sami-Jukka,Lillstrang,,,,white,nonhispanic,M,Helsinki  Uusimaa  FI,558 Lindstedt Katu Suite 7,Helsinki,Uusimaa,Helsinki,00600,60.222317785072256,24.98969870061624,3500.0,0.0
dc3a296f-e03b-47df-ae04-524d46b09c04,1981-01-19,,999-91-3768,S99997713,X7958739X,Mr.,Levent,Isakov,,,M,white,nonhispanic,M,Helsinki  Uusimaa  FI,913 Uvanto Katu,Nurmijärvi,Uusimaa,Nurmijärvi,01860,60.46983240237297,24.65414995659821,4250.0,0.0
1383e0da-5311-4b44-862d-503d96b62106,1968-05-05,,999-88-1554,S99920041,X29454065X,Mrs.,Sade,Sirniö,,Siirilä,M,white,nonhispanic,F,Helsinki  Uusimaa  FI,751 Pihkola Katu Apt 36,Kirkkonummi,Uusimaa,Kirkkonummi,02540,60.03962168341222,24.292042981375843,5125.0,0.0
84677ef0-9f93-4cac-b568-3adc461d0eda,1985-03-23,,999-17-2718,S99968899,X8700442X,Mr.,Bradley,Poikala,,,M,white,nonhispanic,M,Helsinki  Uusimaa  FI,904 Kallunki Katu,Karkkila,Uusimaa,Karkkila,03620,60.56458487857479,24.181472687218648,4125.0,0.0
ebf8fa32-d9e8-4d19-8410-faf1ee15a35f,1973-10-02,,999-88-3727,S99956490,X80512158X,Mr.,Mir,Kuusjärvi,,,S,white,nonhispanic,M,Espoo  Uusimaa  FI,174 Nickull Katu Unit 44,Kirkkonummi,Uusimaa,Kirkkonummi,02540,60.139485823578006,24.534715638154417,4750.0,0.0
0a511ebe-cab6-4358-8618-3281aa09dd9c,2014-08-22,,999-45-2975,,,,Kastanja,Kuhmonen,,,,white,nonhispanic,F,Vantaa  Uusimaa  FI,1087 Armstrong Katu Apt 78,Espoo,Uusimaa,Espoo,02150,60.172187570709475,24.705182699507656,1750.0,0.0
f6ff8c63-a327-45ad-865c-1ecabbb840ea,1954-10-01,,999-34-8021,S99934033,X89307051X,Mrs.,Simin,Vaajala,,Huhtalo,M,white,nonhispanic,F,Helsinki  Uusimaa  FI,840 Lanu Katu,Helsinki,Uusimaa,Helsinki,00410,60.18825758471473,24.99335448532918,6875.0,0.0
b48d1305-df65-4a4f-8f24-1eba36a1d599,1979-11-25,,999-39-3484,S99997441,X65273179X,Mr.,Amin,Ijas,,,M,white,nonhispanic,M,Karkkila  Uusimaa  FI,917 Lukkarla Katu,Helsinki,Uusimaa,Helsinki,00980,60.22290736847336,24.92637453677507,4375.0,0.0
6aea5974-86d3-4279-929a-c3c631031952,1974-01-28,,999-16-6477,S99940795,X32805720X,Mr.,Sivert,Kaukua,,,M,white,nonhispanic,M,Helsinki  Uusimaa  FI,422 Westerling Katu Unit 33,Helsinki,Uusimaa,Helsinki,00260,60.119115509601095,25.02629984956568,4750.0,0.0
cc639de5-0937-4075-885b-ffd3553788b2,1979-06-23,,999-22-1249,S99961719,X52732737X,Mrs.,Menni,Ahomäki,,Toikander,M,white,nonhispanic,F,Vantaa  Uusimaa  FI,330 Rose Katu Suite 73,Helsinki,Uusimaa,Helsinki,00400,60.236925481981,25.055137566607353,4375.0,0.0
6534afc7-395f-4ead-b646-385a97bc0453,1960-12-10,,999-46-1150,S99999387,X29447682X,Mrs.,Anne-Birgitta,Yli-Antola,,Bjugg,M,white,nonhispanic,F,Vantaa  Uusimaa  FI,748 Isokorpi Katu,Espoo,Uusimaa,Espoo,02280,60.08788408276497,24.67141994497073,6125.0,0.0
39290f81-f106-4f86-8ee6-2721516a8a55,1972-07-15,,999-97-8708,S99954340,X9314514X,Mrs.,Senni-Sofia,Koskenvuo,,Wuollet,M,white,nonhispanic,F,Helsinki  Uusimaa  FI,1036 Arvilommi Katu Unit 39,Porvoo,Uusimaa,Porvoo,07130,60.520859867336526,25.737704533864104,4750.0,0.0
157808a2-ebf3-4480-9e52-cebefc95464e,1939-11-14,,999-23-5689,S99922698,X17796210X,Mrs.,Tuuva,Ylösmäki,,Päivärinta,M,white,nonhispanic,F,Helsinki  Uusimaa  FI,805 Aronoja Katu Unit 32,Sipoo,Uusimaa,Sipoo,01120,60.30394681662992,25.366139766444135,8625.0,0.0
f26f4add-d6f7-4a85-ae0d-1c3c6f35c689,1958-06-11,,999-55-7782,S99986463,X9523140X,Mr.,Ville-Joonas,Lummi,PhD,,M,white,nonhispanic,M,Kirkkonummi  Uusimaa  FI,417 Rummakko Katu,Helsinki,Uusimaa,Helsinki,00520,60.21701121839301,25.021541648794113,6375.0,0.0
