PATIENT,START_YEAR,END_YEAR,PAYER,OWNERSHIP
5e2bf06d-a821-4217-ba9c-bd32bf83d98e,2000,2018,e15e7b92-f376-374f-9285-2f59a38ad823,Guardian
ab7f5360-b6af-4efd-8998-7a2b240d4895,1998,2016,e15e7b92-f376-374f-9285-2f59a38ad823,Guardian
f93b563d-a909-48aa-a02d-8ed7108194c3,1978,1996,e15e7b92-f376-374f-9285-2f59a38ad823,Guardian
e1af14cd-f5f1-445a-89d2-333d5941788b,1975,1993,e15e7b92-f376-374f-9285-2f59a38ad823,Guardian
535fde2e-2a1c-47f7-b4af-f548850d6ef9,1967,1985,e15e7b92-f376-374f-9285-2f59a38ad823,Guardian
ada952ca-1107-4e18-83c4-adb04fd2d5af,1966,1984,e15e7b92-f376-374f-9285-2f59a38ad823,Guardian
b9a0f61f-2bcd-40d8-a8fc-7956c21ca832,1988,2006,e15e7b92-f376-374f-9285-2f59a38ad823,Guardian
58c007e1-4365-424d-a5a3-f857eb43dd9d,1987,2005,e15e7b92-f376-374f-9285-2f59a38ad823,Guardian
ce6623ab-1541-4de4-bf72-4d639d89a20f,1951,1969,e15e7b92-f376-374f-9285-2f59a38ad823,Guardian
7c6c32e1-a4b2-4b67-9159-4bcacd455fed,1955,1973,e15e7b92-f376-374f-9285-2f59a38ad823,Guardian
1646a7e8-0064-4434-a1a6-7980fb1153b7,1994,2012,e15e7b92-f376-374f-9285-2f59a38ad823,Guardian
60e74ad6-9f24-4ce8-aa13-0c10dc547eb8,1982,2000,e15e7b92-f376-374f-9285-2f59a38ad823,Guardian
248f45df-d248-46b4-bf2b-9fe2df5cd236,1992,2010,e15e7b92-f376-374f-9285-2f59a38ad823,Guardian
87ee844b-3af3-4b9c-9989-ccefd32d9a53,1997,2015,e15e7b92-f376-374f-9285-2f59a38ad823,Guardian
eea87791-61e2-45d5-8292-ac881bda7ade,1992,2010,e15e7b92-f376-374f-9285-2f59a38ad823,Guardian
2cd3affb-5725-4894-8025-3dab424b9b9f,1947,1965,e15e7b92-f376-374f-9285-2f59a38ad823,Guardian
cb74877a-c91e-4f73-ac17-6c1679fe96c7,1980,1998,e15e7b92-f376-374f-9285-2f59a38ad823,Guardian
c5d8def2-1d68-48b1-9576-c959384a7982,1951,1969,e15e7b92-f376-374f-9285-2f59a38ad823,Guardian
459a78fc-3824-4334-84ed-4622ad05e37f,1946,1964,e15e7b92-f376-374f-9285-2f59a38ad823,Guardian
47bc4640-0af0-4f62-866c-e29d61b89b95,1945,1963,e15e7b92-f376-374f-9285-2f59a38ad823,Guardian
a0a027b3-41dd-4eef-bdf0-e270fb71fe34,1953,1971,e15e7b92-f376-374f-9285-2f59a38ad823,Guardian
352fa9eb-588d-4da5-a849-ec1f55f8539f,1982,2000,e15e7b92-f376-374f-9285-2f59a38ad823,Guardian
596a905d-512e-4439-9a15-df8ab1ab66ad,1945,1963,e15e7b92-f376-374f-9285-2f59a38ad823,Guardian
cadc83d1-e0d8-4987-a7e5-c1764732768d,1923,1941,e15e7b92-f376-374f-9285-2f59a38ad823,Guardian
be63365e-5d65-4334-8c56-4a862136168c,1969,1987,e15e7b92-f376-374f-9285-2f59a38ad823,Guardian
7b0ec64a-0b8e-479c-aca8-b9690f3079d6,1947,1965,e15e7b92-f376-374f-9285-2f59a38ad823,Guardian
10553d6c-b92e-409d-9c5d-fa5318dbda09,1989,2007,e15e7b92-f376-374f-9285-2f59a38ad823,Guardian
86f04596-a270-4f91-8590-742ead0e90b8,1992,2010,e15e7b92-f376-374f-9285-2f59a38ad823,Guardian
b62d674c-2441-4527-811e-b0078efa4e91,1974,1992,e15e7b92-f376-374f-9285-2f59a38ad823,Guardian
be52d523-1d91-4a8d-9e92-86690ab286a9,1972,1990,e15e7b92-f376-374f-9285-2f59a38ad823,Guardian
91342c9c-01bc-4956-b9c9-2c3227c9608e,1952,1970,e15e7b92-f376-374f-9285-2f59a38ad823,Guardian
73461102-e1c9-4f26-ad0c-d139712a6f00,1967,1985,e15e7b92-f376-374f-9285-2f59a38ad823,Guardian
d29d2838-2fd6-4b09-9089-e4dd06db9d59,1935,1953,e15e7b92-f376-374f-9285-2f59a38ad823,Guardian
6452776d-5cd9-4219-bf4e-d65af423ee9e,1957,1975,e15e7b92-f376-374f-9285-2f59a38ad823,Guardian
d088d83c-2e44-49ac-a6b1-4230e851a6c8,1994,2012,e15e7b92-f376-374f-9285-2f59a38ad823,Guardian
97432df2-3bc1-4226-bfe2-266ac24424d8,1987,2005,e15e7b92-f376-374f-9285-2f59a38ad823,Guardian
da28a902-191e-4589-b0ee-d15ddaa8b6ac,1985,2003,e15e7b92-f376-374f-9285-2f59a38ad823,Guardian
1f8c6413-ce03-4d1d-aacc-6609361c81d8,1977,1995,e15e7b92-f376-374f-9285-2f59a38ad823,Guardian
6a8801e6-155e-4182-9622-0d539eadc5cd,1946,1964,e15e7b92-f376-374f-9285-2f59a38ad823,Guardian
bdda2f10-3581-4263-9385-7e5b9bc3038c,1980,1998,e15e7b92-f376-374f-9285-2f59a38ad823,Guardian
ec1ac815-8895-4fe4-b747-31583be72968,1963,1981,e15e7b92-f376-374f-9285-2f59a38ad823,Guardian
327f7211-2280-492b-af4c-c66af5940915,1999,2017,e15e7b92-f376-374f-9285-2f59a38ad823,Guardian
07e23802-41be-4bfc-a86f-559ac3697b6e,1988,2006,e15e7b92-f376-374f-9285-2f59a38ad823,Guardian
c517b763-9488-4cd5-b42b-e2be4317bd8d,2000,2018,e15e7b92-f376-374f-9285-2f59a38ad823,Guardian
50afda83-6fb6-45d5-9e6a-ea6040fdb799,1962,1980,e15e7b92-f376-374f-9285-2f59a38ad823,Guardian
8afe9a3a-1a15-4393-bfba-83198f3c614b,1980,1998,e15e7b92-f376-374f-9285-2f59a38ad823,Guardian
3a6e2496-1a38-4c4e-8aa8-9887cf789e2c,1991,2009,e15e7b92-f376-374f-9285-2f59a38ad823,Guardian
27d100d0-025c-4bbc-a945-4f541668b840,1955,1973,e15e7b92-f376-374f-9285-2f59a38ad823,Guardian
875b1710-a52d-440e-b646-05feb5be8ab5,1986,2004,e15e7b92-f376-374f-9285-2f59a38ad823,Guardian
d77f1e6e-ddfe-4aa2-8ebf-55d62f842b03,1991,2009,e15e7b92-f376-374f-9285-2f59a38ad823,Guardian
8ab3ab20-243d-4d01-992c-fe2d75b00d1d,1980,1998,e15e7b92-f376-374f-9285-2f59a38ad823,Guardian
ff8930b9-b255-4ba2-8035-101dda3780cd,1973,1991,e15e7b92-f376-374f-9285-2f59a38ad823,Guardian
235bdfee-cde8-4856-be20-9a06efc47eba,1975,1993,e15e7b92-f376-374f-9285-2f59a38ad823,Guardian
2fb3e122-2926-4718-b58b-af3a0dce7b4e,1959,1977,e15e7b92-f376-374f-9285-2f59a38ad823,Guardian
b3bbdd86-9ba4-4268-9f99-1e6d818a4608,1947,1965,e15e7b92-f376-374f-9285-2f59a38ad823,Guardian
6bd22320-ba01-4ce2-a77a-8e9975924879,1994,2012,e15e7b92-f376-374f-9285-2f59a38ad823,Guardian
069ebbb3-1898-4e97-982c-34f50ab3b143,1995,2013,e15e7b92-f376-374f-9285-2f59a38ad823,Guardian
4a4b9b54-4125-46e7-bb54-d9d1b1693f53,1964,1982,e15e7b92-f376-374f-9285-2f59a38ad823,Guardian
2020938f-096c-4c55-841d-ad919e777bc3,1987,2005,e15e7b92-f376-374f-9285-2f59a38ad823,Guardian
7f5a8dcb-4c70-4e44-9283-2e6ddecc3f2c,1961,1979,e15e7b92-f376-374f-9285-2f59a38ad823,Guardian
6c254e14-bc16-41ed-991d-0cf3a89113bf,1964,1982,e15e7b92-f376-374f-9285-2f59a38ad823,Guardian
5b0f6872-1b11-4143-b5e1-ae9e31ca0efd,1979,1997,e15e7b92-f376-374f-9285-2f59a38ad823,Guardian
35b40b07-2275-49dc-a852-a9ab613aa6d9,1980,1998,e15e7b92-f376-374f-9285-2f59a38ad823,Guardian
eed60db9-437b-4ad7-a07e-305ad7fc2971,1991,2009,e15e7b92-f376-374f-9285-2f59a38ad823,Guardian
1e222221-2333-49ed-b88e-33b93a3f2f6c,1941,1959,e15e7b92-f376-374f-9285-2f59a38ad823,Guardian
ca72ca02-a403-41d1-8d7a-7fd9e5784ac6,2001,2019,e15e7b92-f376-374f-9285-2f59a38ad823,Guardian
371eee1d-2bef-4e7e-b52e-233645ffbc39,2001,2019,e15e7b92-f376-374f-9285-2f59a38ad823,Guardian
144a134a-0688-4b31-98b8-a163945523b5,1978,1996,e15e7b92-f376-374f-9285-2f59a38ad823,Guardian
49ab6f39-c167-42f2-ab81-88e4c003bee7,1936,1954,e15e7b92-f376-374f-9285-2f59a38ad823,Guardian
b5ef93b6-3555-440e-87a2-1f965068e2c2,1968,1986,e15e7b92-f376-374f-9285-2f59a38ad823,Guardian
bfe0338f-9eef-4cec-a908-c550faaa5874,1995,2013,e15e7b92-f376-374f-9285-2f59a38ad823,Guardian
39e7ccaf-c8be-4a3c-9c9d-7e7998d7f63c,1943,1961,e15e7b92-f376-374f-9285-2f59a38ad823,Guardian
9b838cfe-685a-4513-baac-0aef57bdda57,1976,1994,e15e7b92-f376-374f-9285-2f59a38ad823,Guardian
6f165b5c-83e7-4d5f-8de1-24ff29550455,1983,2001,e15e7b92-f376-374f-9285-2f59a38ad823,Guardian
8fad39c0-1291-4265-8546-2b6f4a7f6570,1990,2008,e15e7b92-f376-374f-9285-2f59a38ad823,Guardian
401b27d8-c97b-45af-90e6-4811657dd77d,1998,2016,e15e7b92-f376-374f-9285-2f59a38ad823,Guardian
dc3a296f-e03b-47df-ae04-524d46b09c04,1981,1999,e15e7b92-f376-374f-9285-2f59a38ad823,Guardian
1383e0da-5311-4b44-862d-503d96b62106,1968,1986,e15e7b92-f376-374f-9285-2f59a38ad823,Guardian
84677ef0-9f93-4cac-b568-3adc461d0eda,1985,2003,e15e7b92-f376-374f-9285-2f59a38ad823,Guardian
ebf8fa32-d9e8-4d19-8410-faf1ee15a35f,1973,1991,e15e7b92-f376-374f-9285-2f59a38ad823,Guardian
f6ff8c63-a327-45ad-865c-1ecabbb840ea,1954,1972,e15e7b92-f376-374f-9285-2f59a38ad823,Guardian
b48d1305-df65-4a4f-8f24-1eba36a1d599,1979,1997,e15e7b92-f376-374f-9285-2f59a38ad823,Guardian
6aea5974-86d3-4279-929a-c3c631031952,1974,1992,e15e7b92-f376-374f-9285-2f59a38ad823,Guardian
cc639de5-0937-4075-885b-ffd3553788b2,1979,1997,e15e7b92-f376-374f-9285-2f59a38ad823,Guardian
6534afc7-395f-4ead-b646-385a97bc0453,1960,1978,e15e7b92-f376-374f-9285-2f59a38ad823,Guardian
39290f81-f106-4f86-8ee6-2721516a8a55,1972,1990,e15e7b92-f376-374f-9285-2f59a38ad823,Guardian
157808a2-ebf3-4480-9e52-cebefc95464e,1939,1957,e15e7b92-f376-374f-9285-2f59a38ad823,Guardian
f26f4add-d6f7-4a85-ae0d-1c3c6f35c689,1958,1976,e15e7b92-f376-374f-9285-2f59a38ad823,Guardian
