DATE,PATIENT,ENCOUNTER,CODE,DESCRIPTION,BASE_COST,REASONCODE,REASONDESCRIPTION
2015-10-09,2cd3affb-5725-4894-8025-3dab424b9b9f,b39c8901-a5bc-4f10-b80c-84b50218adff,40701008,Echocardiography (procedure),1152.97,230690007,Stroke
2015-10-09,2cd3affb-5725-4894-8025-3dab424b9b9f,b39c8901-a5bc-4f10-b80c-84b50218adff,433112001,Percutaneous mechanical thrombectomy of portal vein using fluoroscopic guidance,33834.97,230690007,Stroke
2016-10-16,596a905d-512e-4439-9a15-df8ab1ab66ad,2ece1028-2791-49f6-b180-c320b3a7d7fc,18286008,Catheter ablation of tissue of heart,9385.46,49436004,Atrial Fibrillation
2017-10-22,596a905d-512e-4439-9a15-df8ab1ab66ad,a60f8b5f-91cd-487c-a25c-143617a4fb81,180325003,Electrical cardioversion,23955.78,49436004,Atrial Fibrillation
2018-10-28,596a905d-512e-4439-9a15-df8ab1ab66ad,50ad2006-6b69-4130-8c04-2f3dd140b56e,18286008,Catheter ablation of tissue of heart,14803.89,49436004,Atrial Fibrillation
2019-11-03,596a905d-512e-4439-9a15-df8ab1ab66ad,b19de30f-efbb-4ef3-9cec-65c60a20ba61,180325003,Electrical cardioversion,27417.12,49436004,Atrial Fibrillation
2015-06-12,cadc83d1-e0d8-4987-a7e5-c1764732768d,c549d5f0-c635-418e-a005-167e0ed25ab6,40701008,Echocardiography (procedure),1910.29,230690007,Stroke
2015-06-12,cadc83d1-e0d8-4987-a7e5-c1764732768d,c549d5f0-c635-418e-a005-167e0ed25ab6,433112001,Percutaneous mechanical thrombectomy of portal vein using fluoroscopic guidance,27037.33,230690007,Stroke
2016-04-08,7b0ec64a-0b8e-479c-aca8-b9690f3079d6,e30030fa-3d98-465b-9e4a-44504329fcd4,180325003,Electrical cardioversion,38569.96,49436004,Atrial Fibrillation
2017-04-14,7b0ec64a-0b8e-479c-aca8-b9690f3079d6,7368e6f8-8bbd-43e3-a962-a94ad4ae51b1,180325003,Electrical cardioversion,40791.55,49436004,Atrial Fibrillation
2018-04-20,7b0ec64a-0b8e-479c-aca8-b9690f3079d6,e0e96afb-10b9-40a5-93c6-34fe9d83a15c,180325003,Electrical cardioversion,29013.69,49436004,Atrial Fibrillation
2019-04-26,7b0ec64a-0b8e-479c-aca8-b9690f3079d6,fb2bca45-9f79-42c6-b35b-26bb7a4cf8a3,180325003,Electrical cardioversion,19917.13,49436004,Atrial Fibrillation
2011-01-19,39e7ccaf-c8be-4a3c-9c9d-7e7998d7f63c,d6a6a835-ade6-4809-abe2-0067b7a5dda5,180325003,Electrical cardioversion,28271.02,49436004,Atrial Fibrillation
2012-01-25,39e7ccaf-c8be-4a3c-9c9d-7e7998d7f63c,0de14ddf-8d23-4372-ac94-0910858c0513,180325003,Electrical cardioversion,14730.09,49436004,Atrial Fibrillation
2013-01-30,39e7ccaf-c8be-4a3c-9c9d-7e7998d7f63c,362bc730-acbf-4759-9127-fce14f0be946,18286008,Catheter ablation of tissue of heart,9851.58,49436004,Atrial Fibrillation
2014-02-05,39e7ccaf-c8be-4a3c-9c9d-7e7998d7f63c,7248525d-5230-487d-a702-356c30f0482b,180325003,Electrical cardioversion,27948.39,49436004,Atrial Fibrillation
2015-02-11,39e7ccaf-c8be-4a3c-9c9d-7e7998d7f63c,bcc4916e-2e6f-4ee5-a87d-3f3e546e57f1,180325003,Electrical cardioversion,33755.50,49436004,Atrial Fibrillation
2016-02-17,39e7ccaf-c8be-4a3c-9c9d-7e7998d7f63c,ea09f6ab-f4c8-4701-8d9a-f94081d272b5,180325003,Electrical cardioversion,31536.52,49436004,Atrial Fibrillation
2017-02-22,39e7ccaf-c8be-4a3c-9c9d-7e7998d7f63c,d2d84187-ea6f-44fa-ab87-6ba07408c2b1,180325003,Electrical cardioversion,22707.90,49436004,Atrial Fibrillation
2018-02-28,39e7ccaf-c8be-4a3c-9c9d-7e7998d7f63c,d20129d7-124e-4dfc-8872-93100c5abd54,180325003,Electrical cardioversion,30651.02,49436004,Atrial Fibrillation
2019-03-06,39e7ccaf-c8be-4a3c-9c9d-7e7998d7f63c,91ded103-811b-4947-9ca9-750629ed2230,18286008,Catheter ablation of tissue of heart,11949.94,49436004,Atrial Fibrillation
