Id,ORGANIZATION,NAME,GENDER,SPECIALITY,ADDRESS,CITY,STATE,ZIP,LAT,LON,UTILIZATION
12df374f-c879-3410-a2dd-385ce90b0c67,39010280-b8e5-3b1a-b835-bafbeea21968,Eyal Roslander,M,GENERAL PRACTICE,Turuntie 150,Espoo,18,02740,60.22589,24.77581,2
be52fb1d-04db-3974-ab1d-0833e26a1ce0,af916982-f5f8-341b-b159-69e72695294c,Adalbert Sokka,M,GENERAL PRACTICE,Sairaalakatu 1,Vantaa,18,01400,60.3299,25.0608,1
8610ac36-7148-3e17-9969-39d325f21677,738aef7e-a279-3f65-9dba-fead16b27400,Holgersson Sompinmäki,M,GENERAL PRACTICE,Turuntie 150,Espoo,18,02740,60.22589,24.77581,1243
11ce3fc1-81c1-3bc2-93f3-3d1412f75d1b,9a3e6919-4ed0-32fe-a1e2-7184b06c415f,Babette Pallamo,F,GENERAL PRACTICE,Karvasmäentie 6,Espoo,18,02740,60.22011,24.6848,548
46605f18-edc0-36c9-8595-9e5db070d848,a70486b2-c33a-37b3-a4cf-b3dc06cb9d84,Anthon Hoffmann,M,GENERAL PRACTICE,Sairaalakatu 1,Vantaa,18,01400,60.3299,25.0608,983
47802159-774a-316d-aa72-83e837cd8873,bf25636d-50a4-3cf2-b937-0e59fd37503f,Eero Valtasaari,M,GENERAL PRACTICE,Sairaalankatu 1,Hyvinkää,18,05830,60.612,24.82486,365
4b01021b-aad0-39e8-8641-d0fc53be833e,4eddd774-a01b-3a0b-b4c6-736a5581aba4,Amor Karhatsu,M,GENERAL PRACTICE,Ohkolantie 10,Kellokoski,18,04500,60.53054,25.10548,347
ad7bdb88-0217-328f-a748-5c1a01b8e3c1,942171f0-df04-34cc-9c85-1a11b2f08717,Hisham Torppa,M,GENERAL PRACTICE,Sairaalatie 8,Lohja,18,08200,60.2247,24.01885,145
1d78822d-d453-3d3b-896a-136438ca360a,216a84b2-6287-356d-9bcf-655abf00debb,Thorolf Yliruusi,M,GENERAL PRACTICE,Sairaalantie 1,Porvoo,18,06200,60.37911,25.69576,254
b6bed771-7ea5-3f4e-b672-e83d0afc2365,b9b4f8d8-b4a7-3164-a21f-c57b0c40c3ff,Hisham Torppa,M,GENERAL PRACTICE,Sairaalankatu 1,Hyvinkää,18,05830,60.612,24.82486,1
