Id,START,STOP,PATIENT,ENCOUNTER,CODE,DESCRIPTION,REASONCODE,REASONDESCRIPTION
628730e7-5768-478d-a992-0e63c7d1cf03,1944-11-26,,e8d650d9-ab43-4198-bbd0-11688ae7a3c0,2cb97a91-5c14-494d-9fcd-58f7db556543,699728000,Asthma self management,233678006,Childhood asthma
3de5bca8-847a-4dac-83e8-42d52da28e40,1964-08-11,,cb10ee22-8029-48ce-ad47-aa8bf2739c61,2d2c027f-05bb-4466-b86d-823cf0aa9203,699728000,Asthma self management,233678006,Childhood asthma
8bb00e43-1577-47d9-9161-0e4e2933e7d1,1973-02-17,,1a0560c5-63ec-46c3-82d1-ff065fc59bd4,d195d6d3-b58c-4896-be58-0ef55f9a11a7,699728000,Asthma self management,233678006,Childhood asthma
27a51971-e985-473c-80c2-a2ee37a70b43,2007-03-16,,a3c78df0-cbe4-4b63-a9b4-a0dba61435fe,14550f84-59eb-4966-bb7a-cb43587a6b41,699728000,Asthma self management,233678006,Childhood asthma
