START,STOP,PATIENT,ENCOUNTER,CODE,DESCRIPTION
2017-08-07,,54209af2-7e9b-4917-acfb-6dca36258640,9c30fc01-5d31-41ad-8625-f4a53b3e4b40,410429000,Cardiac Arrest
2017-08-07,,54209af2-7e9b-4917-acfb-6dca36258640,9c30fc01-5d31-41ad-8625-f4a53b3e4b40,429007001,History of cardiac arrest (situation)
2017-06-07,,816894bd-f08c-4476-9d49-baef32bf15bd,e27c4b0f-fe63-49ea-bfb9-68f301b79c7b,53741008,Coronary Heart Disease
2007-10-11,,e8d650d9-ab43-4198-bbd0-11688ae7a3c0,5a3520c8-8da3-4088-9ebd-0b4fbf76896b,53741008,Coronary Heart Disease
2008-12-18,,e8d650d9-ab43-4198-bbd0-11688ae7a3c0,c8fc63ef-394b-4c15-b114-f137db96ad18,410429000,Cardiac Arrest
2008-12-18,,e8d650d9-ab43-4198-bbd0-11688ae7a3c0,c8fc63ef-394b-4c15-b114-f137db96ad18,429007001,History of cardiac arrest (situation)
2018-09-20,,60a7c0b1-902b-4c94-828f-cfca9ae1d5f2,1fa782a6-8140-4192-b711-ece968d43649,53741008,Coronary Heart Disease
2003-05-30,,7ea83985-d52c-4d37-a7af-3983ce8f8deb,7da52b3d-7efe-4e28-be19-637b29adb2ba,410429000,Cardiac Arrest
2003-05-30,,7ea83985-d52c-4d37-a7af-3983ce8f8deb,7da52b3d-7efe-4e28-be19-637b29adb2ba,429007001,History of cardiac arrest (situation)
1985-07-02,,cbbbfa8d-ea42-47f4-8cc4-3793e4e9c0a5,1a2f4cf7-6f77-4092-857c-1303d729fcb1,410429000,Cardiac Arrest
1985-07-02,,cbbbfa8d-ea42-47f4-8cc4-3793e4e9c0a5,1a2f4cf7-6f77-4092-857c-1303d729fcb1,429007001,History of cardiac arrest (situation)
1994-11-08,,cbbbfa8d-ea42-47f4-8cc4-3793e4e9c0a5,f8be9fc8-f0dc-4398-b704-fb4e0e6a444a,53741008,Coronary Heart Disease
1997-06-03,,1a0560c5-63ec-46c3-82d1-ff065fc59bd4,2ab536f0-626f-41f6-a5b2-f6b9a5b98a4e,53741008,Coronary Heart Disease
1973-04-21,,bb454c29-8644-47fc-925d-9b626048f409,1f6fde57-8bf9-4a95-a7ea-fa547a8cbd91,410429000,Cardiac Arrest
1973-04-21,,bb454c29-8644-47fc-925d-9b626048f409,1f6fde57-8bf9-4a95-a7ea-fa547a8cbd91,429007001,History of cardiac arrest (situation)
1996-04-18,,37b32457-6e78-4ede-90f2-ca521f3ca404,af884668-0ecb-409c-901c-092c42bd9b42,230690007,Stroke
2007-03-16,,a3c78df0-cbe4-4b63-a9b4-a0dba61435fe,14550f84-59eb-4966-bb7a-cb43587a6b41,233678006,Childhood asthma
1978-10-05,,15ca94d8-d7f8-4249-a0ab-4ea5462031b3,f6caeb91-3c77-427f-b738-3db6cc6c521c,410429000,Cardiac Arrest
1978-10-05,,15ca94d8-d7f8-4249-a0ab-4ea5462031b3,f6caeb91-3c77-427f-b738-3db6cc6c521c,429007001,History of cardiac arrest (situation)
