START,STOP,PATIENT,PAYER,ENCOUNTER,CODE,DESCRIPTION,BASE_COST,PAYER_COVERAGE,DISPENSES,TOTALCOST,REASONCODE,REASONDESCRIPTION
2017-08-07,2017-08-07,54209af2-7e9b-4917-acfb-6dca36258640,b1c428d6-4f07-31e0-90f0-68ffa6ff8c76,9c30fc01-5d31-41ad-8625-f4a53b3e4b40,1660014,1 ML Epinephrine 1 MG/ML Injection,4.13,0.00,1,4.13,,
2017-08-07,2017-08-07,54209af2-7e9b-4917-acfb-6dca36258640,b1c428d6-4f07-31e0-90f0-68ffa6ff8c76,9c30fc01-5d31-41ad-8625-f4a53b3e4b40,834357,3 ML Amiodarone hydrocholoride 50 MG/ML Prefilled Syringe,104.14,0.00,1,104.14,,
2017-08-07,2017-08-07,54209af2-7e9b-4917-acfb-6dca36258640,b1c428d6-4f07-31e0-90f0-68ffa6ff8c76,9c30fc01-5d31-41ad-8625-f4a53b3e4b40,1190795,Atropine Sulfate 1 MG/ML Injectable Solution,26.41,0.00,1,26.41,,
2017-06-07,,816894bd-f08c-4476-9d49-baef32bf15bd,b1c428d6-4f07-31e0-90f0-68ffa6ff8c76,e27c4b0f-fe63-49ea-bfb9-68f301b79c7b,309362,Clopidogrel 75 MG Oral Tablet,22.61,0.00,33,746.13,,
2017-06-07,,816894bd-f08c-4476-9d49-baef32bf15bd,b1c428d6-4f07-31e0-90f0-68ffa6ff8c76,e27c4b0f-fe63-49ea-bfb9-68f301b79c7b,312961,Simvastatin 20 MG Oral Tablet,10.81,0.00,33,356.73,,
2017-06-07,,816894bd-f08c-4476-9d49-baef32bf15bd,b1c428d6-4f07-31e0-90f0-68ffa6ff8c76,e27c4b0f-fe63-49ea-bfb9-68f301b79c7b,197361,Amlodipine 5 MG Oral Tablet,48.28,0.00,33,1593.24,,
2017-06-07,,816894bd-f08c-4476-9d49-baef32bf15bd,b1c428d6-4f07-31e0-90f0-68ffa6ff8c76,e27c4b0f-fe63-49ea-bfb9-68f301b79c7b,705129,Nitroglycerin 0.4 MG/ACTUAT Mucosal Spray,193.46,0.00,33,6384.18,,
1944-11-26,1962-01-25,e8d650d9-ab43-4198-bbd0-11688ae7a3c0,b1c428d6-4f07-31e0-90f0-68ffa6ff8c76,2cb97a91-5c14-494d-9fcd-58f7db556543,895994,120 ACTUAT Fluticasone propionate 0.044 MG/ACTUAT Metered Dose Inhaler,17.75,0.00,208,3692.00,233678006,Childhood asthma
1944-11-26,1962-01-25,e8d650d9-ab43-4198-bbd0-11688ae7a3c0,b1c428d6-4f07-31e0-90f0-68ffa6ff8c76,2cb97a91-5c14-494d-9fcd-58f7db556543,2123111,NDA020503 200 ACTUAT Albuterol 0.09 MG/ACTUAT Metered Dose Inhaler,830.61,0.00,208,172766.88,233678006,Childhood asthma
1962-01-25,,e8d650d9-ab43-4198-bbd0-11688ae7a3c0,b1c428d6-4f07-31e0-90f0-68ffa6ff8c76,6bd4f9aa-28fc-4a1d-9f8b-3a2a08705f8d,895994,120 ACTUAT Fluticasone propionate 0.044 MG/ACTUAT Metered Dose Inhaler,20.30,0.00,571,11591.30,233678006,Childhood asthma
1962-01-25,,e8d650d9-ab43-4198-bbd0-11688ae7a3c0,b1c428d6-4f07-31e0-90f0-68ffa6ff8c76,6bd4f9aa-28fc-4a1d-9f8b-3a2a08705f8d,2123111,NDA020503 200 ACTUAT Albuterol 0.09 MG/ACTUAT Metered Dose Inhaler,174.79,0.00,571,99805.09,233678006,Childhood asthma
2007-10-11,,e8d650d9-ab43-4198-bbd0-11688ae7a3c0,b1c428d6-4f07-31e0-90f0-68ffa6ff8c76,5a3520c8-8da3-4088-9ebd-0b4fbf76896b,309362,Clopidogrel 75 MG Oral Tablet,33.54,0.00,14,469.56,,
2007-10-11,,e8d650d9-ab43-4198-bbd0-11688ae7a3c0,b1c428d6-4f07-31e0-90f0-68ffa6ff8c76,5a3520c8-8da3-4088-9ebd-0b4fbf76896b,312961,Simvastatin 20 MG Oral Tablet,36.95,0.00,14,517.30,,
2007-10-11,,e8d650d9-ab43-4198-bbd0-11688ae7a3c0,b1c428d6-4f07-31e0-90f0-68ffa6ff8c76,5a3520c8-8da3-4088-9ebd-0b4fbf76896b,197361,Amlodipine 5 MG Oral Tablet,35.55,0.00,14,497.70,,
2007-10-11,,e8d650d9-ab43-4198-bbd0-11688ae7a3c0,b1c428d6-4f07-31e0-90f0-68ffa6ff8c76,5a3520c8-8da3-4088-9ebd-0b4fbf76896b,705129,Nitroglycerin 0.4 MG/ACTUAT Mucosal Spray,31.67,0.00,14,443.38,,
2008-12-18,2008-12-18,e8d650d9-ab43-4198-bbd0-11688ae7a3c0,b1c428d6-4f07-31e0-90f0-68ffa6ff8c76,c8fc63ef-394b-4c15-b114-f137db96ad18,1660014,1 ML Epinephrine 1 MG/ML Injection,4.96,0.00,1,4.96,,
2008-12-18,2008-12-18,e8d650d9-ab43-4198-bbd0-11688ae7a3c0,b1c428d6-4f07-31e0-90f0-68ffa6ff8c76,c8fc63ef-394b-4c15-b114-f137db96ad18,834357,3 ML Amiodarone hydrocholoride 50 MG/ML Prefilled Syringe,334.34,0.00,1,334.34,,
2008-12-18,2008-12-18,e8d650d9-ab43-4198-bbd0-11688ae7a3c0,b1c428d6-4f07-31e0-90f0-68ffa6ff8c76,c8fc63ef-394b-4c15-b114-f137db96ad18,1190795,Atropine Sulfate 1 MG/ML Injectable Solution,36.28,0.00,1,36.28,,
2018-09-20,,60a7c0b1-902b-4c94-828f-cfca9ae1d5f2,b1c428d6-4f07-31e0-90f0-68ffa6ff8c76,1fa782a6-8140-4192-b711-ece968d43649,309362,Clopidogrel 75 MG Oral Tablet,59.56,0.00,17,1012.52,,
2018-09-20,,60a7c0b1-902b-4c94-828f-cfca9ae1d5f2,b1c428d6-4f07-31e0-90f0-68ffa6ff8c76,1fa782a6-8140-4192-b711-ece968d43649,312961,Simvastatin 20 MG Oral Tablet,35.33,0.00,17,600.61,,
2018-09-20,,60a7c0b1-902b-4c94-828f-cfca9ae1d5f2,b1c428d6-4f07-31e0-90f0-68ffa6ff8c76,1fa782a6-8140-4192-b711-ece968d43649,197361,Amlodipine 5 MG Oral Tablet,59.49,0.00,17,1011.33,,
2018-09-20,,60a7c0b1-902b-4c94-828f-cfca9ae1d5f2,b1c428d6-4f07-31e0-90f0-68ffa6ff8c76,1fa782a6-8140-4192-b711-ece968d43649,705129,Nitroglycerin 0.4 MG/ACTUAT Mucosal Spray,127.02,0.00,17,2159.34,,
1964-08-11,1982-10-10,cb10ee22-8029-48ce-ad47-aa8bf2739c61,b1c428d6-4f07-31e0-90f0-68ffa6ff8c76,2d2c027f-05bb-4466-b86d-823cf0aa9203,895994,120 ACTUAT Fluticasone propionate 0.044 MG/ACTUAT Metered Dose Inhaler,34.83,0.00,221,7697.43,233678006,Childhood asthma
1964-08-11,1982-10-10,cb10ee22-8029-48ce-ad47-aa8bf2739c61,b1c428d6-4f07-31e0-90f0-68ffa6ff8c76,2d2c027f-05bb-4466-b86d-823cf0aa9203,2123111,NDA020503 200 ACTUAT Albuterol 0.09 MG/ACTUAT Metered Dose Inhaler,28.63,0.00,221,6327.23,233678006,Childhood asthma
1982-10-10,,cb10ee22-8029-48ce-ad47-aa8bf2739c61,b1c428d6-4f07-31e0-90f0-68ffa6ff8c76,581ce109-d3d4-4f91-82c6-29d7c9051435,895994,120 ACTUAT Fluticasone propionate 0.044 MG/ACTUAT Metered Dose Inhaler,19.36,0.00,455,8808.80,233678006,Childhood asthma
1982-10-10,,cb10ee22-8029-48ce-ad47-aa8bf2739c61,b1c428d6-4f07-31e0-90f0-68ffa6ff8c76,581ce109-d3d4-4f91-82c6-29d7c9051435,2123111,NDA020503 200 ACTUAT Albuterol 0.09 MG/ACTUAT Metered Dose Inhaler,493.10,0.00,455,224360.50,233678006,Childhood asthma
1994-11-08,,cbbbfa8d-ea42-47f4-8cc4-3793e4e9c0a5,b1c428d6-4f07-31e0-90f0-68ffa6ff8c76,f8be9fc8-f0dc-4398-b704-fb4e0e6a444a,312961,Simvastatin 20 MG Oral Tablet,15.98,0.00,308,4921.84,,
1994-11-08,,cbbbfa8d-ea42-47f4-8cc4-3793e4e9c0a5,b1c428d6-4f07-31e0-90f0-68ffa6ff8c76,f8be9fc8-f0dc-4398-b704-fb4e0e6a444a,197361,Amlodipine 5 MG Oral Tablet,68.67,0.00,308,21150.36,,
1994-11-08,,cbbbfa8d-ea42-47f4-8cc4-3793e4e9c0a5,b1c428d6-4f07-31e0-90f0-68ffa6ff8c76,f8be9fc8-f0dc-4398-b704-fb4e0e6a444a,705129,Nitroglycerin 0.4 MG/ACTUAT Mucosal Spray,224.86,0.00,308,69256.88,,
1997-11-25,,cbbbfa8d-ea42-47f4-8cc4-3793e4e9c0a5,b1c428d6-4f07-31e0-90f0-68ffa6ff8c76,a7695cbb-6f12-4a6a-8c7e-8432d572cdf2,309362,Clopidogrel 75 MG Oral Tablet,5.44,0.00,271,1474.24,,
1973-02-17,1989-04-18,1a0560c5-63ec-46c3-82d1-ff065fc59bd4,b1c428d6-4f07-31e0-90f0-68ffa6ff8c76,d195d6d3-b58c-4896-be58-0ef55f9a11a7,895994,120 ACTUAT Fluticasone propionate 0.044 MG/ACTUAT Metered Dose Inhaler,21.25,0.00,196,4165.00,233678006,Childhood asthma
1973-02-17,1989-04-18,1a0560c5-63ec-46c3-82d1-ff065fc59bd4,b1c428d6-4f07-31e0-90f0-68ffa6ff8c76,d195d6d3-b58c-4896-be58-0ef55f9a11a7,2123111,NDA020503 200 ACTUAT Albuterol 0.09 MG/ACTUAT Metered Dose Inhaler,922.87,0.00,196,180882.52,233678006,Childhood asthma
1989-04-18,,1a0560c5-63ec-46c3-82d1-ff065fc59bd4,b1c428d6-4f07-31e0-90f0-68ffa6ff8c76,9adc7e9d-6c3e-4a81-9edf-f2f60323377d,895994,120 ACTUAT Fluticasone propionate 0.044 MG/ACTUAT Metered Dose Inhaler,41.97,0.00,376,15780.72,233678006,Childhood asthma
1989-04-18,,1a0560c5-63ec-46c3-82d1-ff065fc59bd4,b1c428d6-4f07-31e0-90f0-68ffa6ff8c76,9adc7e9d-6c3e-4a81-9edf-f2f60323377d,2123111,NDA020503 200 ACTUAT Albuterol 0.09 MG/ACTUAT Metered Dose Inhaler,34.95,0.00,376,13141.20,233678006,Childhood asthma
1997-06-03,,1a0560c5-63ec-46c3-82d1-ff065fc59bd4,b1c428d6-4f07-31e0-90f0-68ffa6ff8c76,2ab536f0-626f-41f6-a5b2-f6b9a5b98a4e,309362,Clopidogrel 75 MG Oral Tablet,61.30,0.00,277,16980.10,,
1997-06-03,,1a0560c5-63ec-46c3-82d1-ff065fc59bd4,b1c428d6-4f07-31e0-90f0-68ffa6ff8c76,2ab536f0-626f-41f6-a5b2-f6b9a5b98a4e,312961,Simvastatin 20 MG Oral Tablet,36.70,0.00,277,10165.90,,
1997-06-03,,1a0560c5-63ec-46c3-82d1-ff065fc59bd4,b1c428d6-4f07-31e0-90f0-68ffa6ff8c76,2ab536f0-626f-41f6-a5b2-f6b9a5b98a4e,197361,Amlodipine 5 MG Oral Tablet,16.71,0.00,277,4628.67,,
1997-06-03,,1a0560c5-63ec-46c3-82d1-ff065fc59bd4,b1c428d6-4f07-31e0-90f0-68ffa6ff8c76,2ab536f0-626f-41f6-a5b2-f6b9a5b98a4e,705129,Nitroglycerin 0.4 MG/ACTUAT Mucosal Spray,227.32,0.00,277,62967.64,,
2007-03-16,,a3c78df0-cbe4-4b63-a9b4-a0dba61435fe,b1c428d6-4f07-31e0-90f0-68ffa6ff8c76,14550f84-59eb-4966-bb7a-cb43587a6b41,895994,120 ACTUAT Fluticasone propionate 0.044 MG/ACTUAT Metered Dose Inhaler,35.41,0.00,158,5594.78,233678006,Childhood asthma
2007-03-16,,a3c78df0-cbe4-4b63-a9b4-a0dba61435fe,b1c428d6-4f07-31e0-90f0-68ffa6ff8c76,14550f84-59eb-4966-bb7a-cb43587a6b41,2123111,NDA020503 200 ACTUAT Albuterol 0.09 MG/ACTUAT Metered Dose Inhaler,784.60,0.00,158,123966.80,233678006,Childhood asthma
