Id,BIRTHDATE,DEATHDATE,SSN,DRIVERS,PASSPORT,PREFIX,FIRST,LAST,SUFFIX,MAIDEN,MARITAL,RACE,ETHNICITY,GENDER,BIRTHPLACE,ADDRESS,CITY,STATE,COUNTY,ZIP,LAT,LON,HEALTHCARE_EXPENSES,HEALTHCARE_COVERAGE
b6f32ac0-f6c0-4df9-8754-031949f394c1,2006-01-07,,999-30-8446,,,,Pikka,Valtamo,,,,white,nonhispanic,F,Espoo  Uusimaa  FI,148 Prihti Katu,Helsinki,Uusimaa,Helsinki,00420,60.22474534847348,24.986776206700146,2875.0,0.0
a22ece88-44c4-4505-b8d9-83007d8489d7,2004-04-09,,999-61-3354,,,,Sefania,Abdulkadir,,,,white,nonhispanic,M,Helsinki  Uusimaa  FI,764 Kaipomäki Katu,Nurmijärvi,Uusimaa,Nurmijärvi,01940,60.572818150901774,24.91503251082517,3000.0,0.0
a25ced55-a19d-4548-9d43-1feb059a71fc,2006-09-29,,999-62-4691,,,,Irfan,Larvi,,,,white,nonhispanic,M,Helsinki  Uusimaa  FI,988 Reinistö Katu,Hyvinkää,Uusimaa,Hyvinkää,05460,60.57688918664854,24.916330051663014,2750.0,0.0
ebb640db-ec6b-4e90-98de-67ab94a32c40,1997-03-01,,999-90-1260,S99928120,X85341889X,Ms.,Anni-Maija,Peisa,,,,white,nonhispanic,F,Vantaa  Uusimaa  FI,836 Majoinen Katu Apt 85,Porvoo,Uusimaa,Porvoo,07130,60.351281788493836,25.482667101848826,3625.0,0.0
20ed8bee-f636-4e97-9600-91a7239b12d2,1993-06-12,,999-54-9205,S99911423,X933920X,Ms.,Leena-Liisa,Mero,,,,white,nonhispanic,F,Porvoo  Uusimaa  FI,245 Jolma Katu,Vantaa,Uusimaa,Vantaa,01490,60.30224339218586,24.80198064446967,3750.0,0.0
490cb520-565c-4df8-9c99-5dbbe4a43256,2013-12-31,,999-65-2267,,,,Issa,Kylmäluoma,,,,white,nonhispanic,M,Vihti  Uusimaa  FI,1011 Välilehto Katu Unit 17,Espoo,Uusimaa,Espoo,02740,60.20617949775624,24.703505395262795,1875.0,0.0
d8fcb0f5-a57f-42b4-ab31-5738136353fd,2007-12-26,,999-15-5964,,,,Tapionpoika,Hopearuoho,,,,white,nonhispanic,M,Vantaa  Uusimaa  FI,381 Baran Katu Apt 92,Espoo,Uusimaa,Espoo,02610,60.164199776093,24.774460133127988,2625.0,0.0
c3f5df5d-d812-47df-baf5-12d20c74fac0,1982-05-09,,999-45-1734,S99998931,X61181395X,Mrs.,Lumi-Lilja,Seinä,,Joutsenvirta,M,white,nonhispanic,F,Helsinki  Uusimaa  FI,861 Pelo Katu Apt 17,Helsinki,Uusimaa,Helsinki,00320,60.239119018350856,24.86565357972534,4250.0,0.0
c6f0b576-d047-40c9-a857-c9a08ec69e1d,2003-02-20,,999-54-3106,S99986190,,,Piija,Frankberg,,,,white,nonhispanic,F,Siuntio  Uusimaa  FI,127 Raikaa Katu Apt 16,Kauniainen,Uusimaa,Kauniainen,02700,60.19922395791366,24.739454060660808,3125.0,0.0
5340d6e0-fac2-4069-bace-c417cf3acff3,2003-04-01,,999-79-3142,S99945203,,,Jaafar,Multimäki,,,,white,nonhispanic,M,Tuusula  Uusimaa  FI,1011 Rinttilä Katu Apt 8,Helsinki,Uusimaa,Helsinki,00840,60.2124631250502,24.85802407825651,3125.0,0.0
fa679baa-eade-42d9-9def-69057f00e807,2008-07-29,,999-27-7047,,,,Eli,Naakka,,,,white,nonhispanic,M,Vantaa  Uusimaa  FI,202 Sarvijärvi Katu,Vantaa,Uusimaa,Vantaa,01710,60.37829268088299,25.083331793775763,2500.0,0.0
62588c3a-8524-48a1-bf44-7530eaf0b941,1985-05-22,,999-42-7787,S99953329,X66005846X,Mrs.,Renate,Finerus,,Järnfors,M,white,nonhispanic,F,Kirkkonummi  Uusimaa  FI,841 Kottila Katu,Helsinki,Uusimaa,Helsinki,00230,60.1669958382054,24.892475579555395,4125.0,0.0
289ae795-bd9b-46d9-8df1-70ef097de671,1961-04-30,,999-11-7999,S99962605,X60876534X,Mrs.,Annuka,Uusi-Äijö,,Kaitfors,M,white,nonhispanic,F,Helsinki  Uusimaa  FI,298 Torsti Katu,Porvoo,Uusimaa,Porvoo,07320,60.44359434247878,25.71479619952438,6000.0,0.0
63f889b2-3a1a-4a3c-9d5b-28e64687203d,2002-03-22,,999-94-6273,S99990379,,,Marianna,Raitavuo,,,,white,nonhispanic,F,Sipoo  Uusimaa  FI,791 Koimäki Katu Apt 66,Vantaa,Uusimaa,Vantaa,01760,60.355008245726,24.993172564704512,3250.0,0.0
e059628b-a83d-441d-883b-5808eaab96a2,1953-03-07,,999-30-6874,S99949325,X3860861X,Ms.,Jesmiina,Ruhtinas,,,S,white,nonhispanic,F,Espoo  Uusimaa  FI,567 Kumanto Katu Unit 24,Helsinki,Uusimaa,Helsinki,00770,60.152252006773914,25.060903277095747,7000.0,0.0
8e494c3f-18eb-43ef-95ef-25c80bba275b,1968-10-07,,999-46-8592,S99923999,X86209647X,Ms.,Enni-Maija,Räätäri,,,S,white,nonhispanic,F,Vantaa  Uusimaa  FI,227 Länsikallio Katu Suite 58,Porvoo,Uusimaa,Porvoo,06950,60.48542623776665,25.755463979669045,5125.0,0.0
b9aa6ce6-e1ee-4b77-b8c5-4603c3f83629,2007-03-29,,999-77-2198,,,,Severus,Sarelius,,,,white,nonhispanic,M,Kerava  Uusimaa  FI,247 Mäki-Ontto Katu,Helsinki,Uusimaa,Helsinki,00540,60.21571691305188,24.841877100878826,2625.0,0.0
afbed943-535c-49c1-9c0a-14e006ff8c54,2002-02-24,,999-98-6840,S99954140,,Ms.,Anjatta,Perunka,,,,white,nonhispanic,F,Helsinki  Uusimaa  FI,991 Korsbäck Katu,Helsinki,Uusimaa,Helsinki,00790,60.1461362130291,24.958469562133416,3250.0,0.0
5cc5bd29-99b0-47ab-bc4a-ec84643189d8,2014-11-20,,999-16-4257,,,,Heli-Maija,Hynninen,,,,white,nonhispanic,F,Helsinki  Uusimaa  FI,1098 Uusiheimala Katu,Helsinki,Uusimaa,Helsinki,00430,60.14562904671135,24.888370674994363,1750.0,0.0
54209af2-7e9b-4917-acfb-6dca36258640,1993-05-31,,999-94-4840,S99970178,X76976533X,Mr.,Ari,Kölhi,,,,white,nonhispanic,M,Lapinjärvi  Uusimaa  FI,360 Nokua Katu,Helsinki,Uusimaa,Helsinki,00740,60.28632500246618,25.0630579843281,4009.68,0.0
300a6152-d81c-46c4-b7f8-f324c8f132b0,1953-10-20,,999-11-5208,S99969908,X62297275X,Mrs.,Tram,Steenari,,Rauvola,M,white,nonhispanic,F,Mäntsälä  Uusimaa  FI,753 Järvirova Katu Apt 40,Porvoo,Uusimaa,Porvoo,06400,60.46807647162344,25.571728715913984,7000.0,0.0
117a5cb7-7ba6-4be7-892b-19b77b88b3e8,2013-02-06,,999-18-1151,,,,Antoinette,Ranne,,,,white,nonhispanic,F,Vantaa  Uusimaa  FI,1067 Evikoski Katu Suite 45,Helsinki,Uusimaa,Helsinki,00330,60.213491595779104,24.86979484984304,2000.0,0.0
b69443b4-8345-4a93-af11-7fc7c584a4ed,2004-11-01,,999-72-3158,,,,Michaela,Bräysy,,,,white,nonhispanic,F,Mäntsälä  Uusimaa  FI,525 Miihkinen Katu Apt 32,Vantaa,Uusimaa,Vantaa,01640,60.29548302169334,25.0713490302387,3000.0,0.0
e56d881f-6d78-47c4-b6f1-c4ede580ad76,1962-08-19,,999-79-7784,S99956909,X82369240X,Mrs.,Asma,Orvasto,,Törmäkangas,M,white,nonhispanic,F,Hamburg  Hamburg  DE,999 Latva-Äijö Katu,Porvoo,Uusimaa,Porvoo,07310,60.35525795964463,25.86638089739379,5875.0,0.0
86a482ea-8f4a-4e55-86d7-074221ccd35c,1959-02-19,,999-62-4859,S99954847,X10575544X,Mr.,Teofiilus,Paloviita,,,M,white,nonhispanic,M,Kirkkonummi  Uusimaa  FI,112 Kajanto Katu Unit 71,Espoo,Uusimaa,Espoo,02780,60.223987232668776,24.763892151954607,6250.0,0.0
93c93230-1c73-4f6c-81b4-d95cfcfb1502,2005-12-08,,999-17-9733,,,,Jussi-Mikko,Yli-Kerttula,,,,white,nonhispanic,M,Lohja  Uusimaa  FI,206 Tennilä Katu Unit 84,Vantaa,Uusimaa,Vantaa,01300,60.2370576188559,24.8622486298292,2875.0,0.0
521cb267-ae58-46af-a31b-2b3be6646f91,1985-10-15,,999-79-1769,S99959272,X30498871X,Mrs.,Philippa,Takatalo,,Suominen,M,white,nonhispanic,F,Vantaa  Uusimaa  FI,974 Isohaka Katu Apt 67,Tuusula,Uusimaa,Tuusula,04380,60.45831169560558,25.023940380308893,4125.0,0.0
96bc0e7e-2ddb-4707-aa96-d78709bd5c04,1980-05-31,,999-37-9031,S99910501,X68895696X,Mr.,Neo,Renko,,,S,white,nonhispanic,M,Vantaa  Uusimaa  FI,662 Uusikangas Katu Suite 33,Helsinki,Uusimaa,Helsinki,00720,60.22485177408347,24.997765486380857,4250.0,0.0
2dff2f30-a901-4692-a06f-ad0d4f094499,2010-08-31,,999-70-5378,,,,Jonah,Issakainen,,,,white,nonhispanic,M,Espoo  Uusimaa  FI,686 Sarapää Katu Unit 41,Lohja,Uusimaa,Lohja,08450,60.31017942637137,24.077763083793045,2250.0,0.0
1767ce53-3343-464d-b90f-8c64a93829d7,1961-01-31,,999-70-7527,S99944805,X74490885X,Ms.,Tiina-Elina,Jammeh,,,S,white,nonhispanic,F,Helsinki  Uusimaa  FI,107 Karjala Katu Unit 88,Nurmijärvi,Uusimaa,Nurmijärvi,05200,60.534555329055436,24.72416589872467,6000.0,0.0
0e59ce51-5fd4-43fa-8020-4862fc2c7fc5,2015-04-23,,999-24-6915,,,,Rose-Marie,Noiva,,,,white,nonhispanic,F,Vantaa  Uusimaa  FI,1035 Keskiniva Katu Unit 59,Tuusula,Uusimaa,Tuusula,04340,60.58881319888412,25.144255898546504,1625.0,0.0
01f922a6-873f-4928-90b7-4790f1907bd6,2004-10-25,,999-11-1708,,,,Saraliina,von Veh,,,,white,nonhispanic,F,Espoo  Uusimaa  FI,292 Leistiö Katu Suite 7,Nurmijärvi,Uusimaa,Nurmijärvi,05450,60.450122116828794,24.827378326837945,3000.0,0.0
8701f103-37ec-4729-9f4e-4a9ed168b2da,1993-09-05,,999-35-8704,S99940451,X28335042X,Ms.,Hava,Lyyjynen,,,,white,nonhispanic,F,Hyvinkää  Uusimaa  FI,431 Mutkala Katu,Helsinki,Uusimaa,Helsinki,00440,60.19542667973137,24.925421827614038,3750.0,0.0
a2673229-3c53-4b6c-a876-0c02644f7996,1990-10-25,,999-95-4770,S99996297,X43804164X,Mrs.,Isobel,Tuusa,,Kreander,M,white,nonhispanic,F,Tuusula  Uusimaa  FI,632 Kettumäki Katu Unit 8,Raasepori,Uusimaa,Raasepori,10350,60.15052690964272,23.53136967892842,3875.0,0.0
816894bd-f08c-4476-9d49-baef32bf15bd,1949-02-23,,999-17-5559,S99952563,X32529594X,Mr.,Jarl-Olof,Velakoski,,,M,white,nonhispanic,M,Espoo  Uusimaa  FI,158 Vehnämäki Katu,Helsinki,Uusimaa,Helsinki,00890,60.192206767300924,24.960402128058952,7500.0,0.0
d8469f54-4256-463d-ae39-bdda86f2f340,2006-06-02,,999-31-2449,,,,Jad,Åfelt,,,,white,nonhispanic,M,Helsinki  Uusimaa  FI,253 Neittaanmäki Katu Unit 72,Helsinki,Uusimaa,Helsinki,00390,60.12606809494332,24.860284954007238,2750.0,0.0
4e5ac83e-d347-4b3f-8da6-3665347f11f3,2005-06-25,,999-82-2482,,,,Gunilla,Kostensalo,,,,white,nonhispanic,F,Helsinki  Uusimaa  FI,967 Karvo Katu Unit 13,Helsinki,Uusimaa,Helsinki,00690,60.2600066686877,25.068348089718587,2875.0,0.0
352f2992-ff9c-433c-bc96-93b456c50941,1953-03-07,,999-73-1566,S99913490,X62511920X,Mrs.,Mirva,Riisalo,,Staffans,M,white,nonhispanic,F,Helsinki  Uusimaa  FI,1045 Tienpää Katu Suite 63,Helsinki,Uusimaa,Helsinki,00410,60.29187248617911,24.954980138171127,7000.0,0.0
328b5d4b-197c-4bc5-adc9-f22c3a9b3572,1983-09-09,,999-51-2257,S99961938,X36585508X,Mrs.,Hedda,Korsimo,,Ilvesluoto,M,white,nonhispanic,F,Porvoo  Uusimaa  FI,892 Lo Katu,Vantaa,Uusimaa,Vantaa,01510,60.35946441720252,25.050312820586612,4125.0,0.0
cf7aaf9c-cec0-4b4c-9bda-9b15114821c7,1970-10-22,,999-38-4212,S99919039,X37047767X,Mr.,Timon,Hoberg,,,S,white,nonhispanic,M,Järvenpää  Uusimaa  FI,179 Ruutikainen Katu Apt 43,Espoo,Uusimaa,Espoo,02730,60.21893811822696,24.843290478062027,4875.0,0.0
b135c486-2c5d-4573-be7e-c96f50d067e7,1952-04-13,,999-88-6132,S99929801,X67202848X,Mrs.,Mikaela,Kallas,,Jolkin,M,white,nonhispanic,F,Helsinki  Uusimaa  FI,270 Valtiala Katu,Espoo,Uusimaa,Espoo,02360,60.2081917754388,24.861281993997935,7125.0,0.0
e8d650d9-ab43-4198-bbd0-11688ae7a3c0,1941-11-20,2008-12-18,999-10-9665,S99985563,X73294988X,Mr.,Harrinpoika,Teder,,,M,white,nonhispanic,M,Raasepori  Uusimaa  FI,202 Laihiainen Katu,Helsinki,Uusimaa,Helsinki,00280,60.215562601942196,24.982706723561137,16848.94,0.0
552f27ad-c85f-48a6-abbf-fdec338b45c1,1969-11-14,,999-11-2075,S99963145,X15085457X,Mr.,Jakob,Lahola,,,M,white,nonhispanic,M,Helsinki  Uusimaa  FI,829 Kallionkieli Katu Apt 46,Pornainen,Uusimaa,Pornainen,07150,60.46772095381325,25.25947058319023,5000.0,0.0
da8b701a-b90f-4d41-be45-29f664810adb,2003-03-22,,999-69-1090,S99949111,,,Noah,Abdillahi,,,,white,nonhispanic,M,Nurmijärvi  Uusimaa  FI,616 Viertonen Katu,Helsinki,Uusimaa,Helsinki,00240,60.24812645746516,24.872814928741775,3125.0,0.0
6b77c37b-ef5e-483b-bec8-94eec448ea4d,2011-03-09,,999-53-1716,,,,Jarinpoika,Kariluoma,,,,white,nonhispanic,M,Helsinki  Uusimaa  FI,823 Ojuri Katu Apt 20,Helsinki,Uusimaa,Helsinki,00820,60.216892902169704,24.949603280050507,2125.0,0.0
60a7c0b1-902b-4c94-828f-cfca9ae1d5f2,1940-04-11,,999-45-7977,S99979348,X21214155X,Mr.,Kamil,Auru,,,M,white,nonhispanic,M,Espoo  Uusimaa  FI,420 Haapsamo Katu,Tuusula,Uusimaa,Tuusula,05430,60.597775049365694,25.01034407988862,8625.0,0.0
9148fce6-82c6-4d47-8be5-9c59f5313152,1960-08-25,,999-90-3081,S99922600,X30934889X,Mr.,Florentin,Nousiainen,,,M,white,nonhispanic,M,Helsinki  Uusimaa  FI,567 Yli-Alho Katu,Helsinki,Uusimaa,Helsinki,00830,60.18136334210601,24.90421445171657,6125.0,0.0
cb10ee22-8029-48ce-ad47-aa8bf2739c61,1962-08-05,,999-28-2039,S99917122,X72462950X,Ms.,Angeliina,Sompinmäki,,,S,white,nonhispanic,F,Karkkila  Uusimaa  FI,651 Onatsu Katu,Helsinki,Uusimaa,Helsinki,00430,60.13566370435254,24.858730151125172,13563.46,0.0
ff35829a-7f04-4bbc-ae2f-cc3dc6b506cd,1950-08-31,,999-71-1140,S99914128,X9017149X,Mrs.,Saara-Sofia,Karukoski,,Pirttilahti,M,white,nonhispanic,F,Helsinki  Uusimaa  FI,991 Puonti Katu,Espoo,Uusimaa,Espoo,02360,60.192971196242326,24.723213731966354,7375.0,0.0
c960aba3-d10a-4989-8b4e-23e6b7a90d29,2005-01-28,,999-73-4331,,,,Mauro,Pöri,,,,white,nonhispanic,M,Vantaa  Uusimaa  FI,452 Tarujoki Katu Apt 45,Lohja,Uusimaa,Lohja,08680,60.281352463493384,23.897700266002214,3000.0,0.0
9e0a1310-8548-4561-8f8c-84a5e4058740,1950-05-04,,999-29-7447,S99942399,X80158079X,Mr.,Raino,Kalliosalo,,,M,white,nonhispanic,M,Helsinki  Uusimaa  FI,924 Rasilainen Katu Apt 85,Helsinki,Uusimaa,Helsinki,00220,60.205568493672125,25.006900462203976,7375.0,0.0
1032ce73-b065-48fb-a89f-127f7c71570b,1991-01-21,,999-52-4628,S99967027,X18045552X,Mrs.,Mirjaana,Pehrman,,Hakola,M,white,nonhispanic,F,Helsinki  Uusimaa  FI,350 Grof Katu,Helsinki,Uusimaa,Helsinki,00190,60.195438725648266,24.87449537007774,3875.0,0.0
7ea83985-d52c-4d37-a7af-3983ce8f8deb,1970-03-27,,999-33-6306,S99932622,X43563453X,Mr.,Ngoc,Ilovuori,,,M,white,nonhispanic,M,Helsinki  Uusimaa  FI,724 Kiljunen Katu Suite 29,Vantaa,Uusimaa,Vantaa,01740,60.284447401504885,25.096819883748058,5119.08,0.0
2db337e4-daf5-4d7d-9c4a-e0609ba30b5b,1941-11-20,,999-48-8227,S99929097,X39153077X,Mr.,Matti-Petteri,Urponen,,,M,white,nonhispanic,M,Vantaa  Uusimaa  FI,951 Likitalo Katu Suite 55,Helsinki,Uusimaa,Helsinki,00790,60.19381233568197,25.08843103528691,8375.0,0.0
0bf50dc6-26f4-4974-a043-f54bb2e0e41e,1951-07-24,,999-11-6794,S99970427,X60637670X,Mr.,Sture,Rinta-Jouppi,,,M,white,nonhispanic,M,Vantaa  Uusimaa  FI,965 Lamu Katu,Kirkkonummi,Uusimaa,Kirkkonummi,02540,60.205895242228216,24.534882997264926,7250.0,0.0
2da9e69d-d904-461b-9708-97b3e42df486,2005-02-26,,999-51-4681,,,,Sven-Åke,Viisanen,,,,white,nonhispanic,M,Helsinki  Uusimaa  FI,563 Takasuo Katu Unit 13,Helsinki,Uusimaa,Helsinki,00220,60.259338164883296,25.09999978185135,2875.0,0.0
cbbbfa8d-ea42-47f4-8cc4-3793e4e9c0a5,1957-08-20,,999-15-8535,S99973478,X45840537X,Mrs.,Wilina,Itä,,Eräluoto,M,white,nonhispanic,F,Mäntsälä  Uusimaa  FI,847 Värn Katu,Vantaa,Uusimaa,Vantaa,01700,60.29735880339751,25.08525026840532,7517.87,0.0
e96511db-69c2-46dd-8315-d9c131833874,1981-12-05,,999-68-7229,S99987899,X12143640X,Mr.,Joaquim,Hakli,,,M,white,nonhispanic,M,Lohja  Uusimaa  FI,867 Kent Katu,Karkkila,Uusimaa,Karkkila,03620,60.61708499241531,24.200033340699658,4250.0,0.0
0f7bc7f1-a4e3-45be-8a6c-5781e991cbfe,1951-10-15,,999-45-3558,S99974136,X2143201X,Mrs.,Sohvia,Lyyra,,Käpylä,M,white,nonhispanic,F,Helsinki  Uusimaa  FI,421 Vara Katu Apt 64,Helsinki,Uusimaa,Helsinki,00860,60.20308910258192,24.9880632427333,7250.0,0.0
bce37158-7adf-4ae3-ac4b-d4f42d28fc06,1990-01-16,,999-60-9328,S99960561,X89403322X,Mrs.,Maaru,Sarpakunnas,,Blommendahl,M,white,nonhispanic,F,Vantaa  Uusimaa  FI,1021 Laajakallio Katu Unit 3,Helsinki,Uusimaa,Helsinki,00170,60.25441349016721,24.881724041151127,3875.0,0.0
fd8e52d9-6be9-4365-91e6-fb3aff9c8971,2019-01-13,,999-46-8068,,,,Thyra,Kälvinmäki,,,,white,nonhispanic,F,Espoo  Uusimaa  FI,930 Lindborg Katu Apt 52,Hyvinkää,Uusimaa,Hyvinkää,05440,60.58311340577173,25.003329749639107,750.0,0.0
411b9bb3-9e7d-4f5e-89b4-1aaa014b277b,1990-11-12,,999-64-4862,S99973950,X18874710X,Mrs.,Iro,Blomster,,Rajalahti,M,white,nonhispanic,F,Porvoo  Uusimaa  FI,291 Airamaa Katu Apt 93,Helsinki,Uusimaa,Helsinki,00230,60.20931483100256,24.951559639823234,3875.0,0.0
4d311053-ba66-4428-82ca-0b2dc3dff10e,1991-09-21,,999-56-5109,S99917209,X84711434X,Mr.,Rostislav,Brommels,,,M,white,nonhispanic,M,Helsinki  Uusimaa  FI,647 Pylvänen Katu,Kauniainen,Uusimaa,Kauniainen,02700,60.209146403253726,24.686543262088243,3875.0,0.0
82a51071-7a44-46d6-b9f1-7792aad2f65f,1994-12-09,,999-83-9062,S99993877,X17605468X,Ms.,Anna-Maaret,Klapuri,,,,white,nonhispanic,F,Helsinki  Uusimaa  FI,890 Itäranta Katu Apt 15,Hyvinkää,Uusimaa,Hyvinkää,05900,60.60302340288363,24.835930207456702,3750.0,0.0
ec387500-4f8a-4fd4-bff3-5c01b5c14a21,1995-04-23,,999-60-5844,S99999508,X69038393X,Ms.,Vieno,Karvinen,,,,white,nonhispanic,F,Helsinki  Uusimaa  FI,180 Lääveri Katu,Vantaa,Uusimaa,Vantaa,01350,60.278472897658816,25.06901850770034,3625.0,0.0
bd734ad2-a082-42cd-ae67-1b7a133ff903,1954-05-18,,999-43-2988,S99942700,X71940845X,Mrs.,Emelina,Liesegang,JD,Wihlman,M,white,nonhispanic,F,Helsinki  Uusimaa  FI,550 Ylituomaala Katu,Helsinki,Uusimaa,Helsinki,00850,60.19009961380516,24.842898313362806,6875.0,0.0
4a62acd4-e162-43e7-8182-53bed47b74a4,1999-09-16,,999-96-3289,S99939342,X53442320X,Mr.,Krister,Boije,,,,white,nonhispanic,M,Helsinki  Uusimaa  FI,1050 Viirre Katu,Nurmijärvi,Uusimaa,Nurmijärvi,01900,60.48473631659745,24.850887453896267,3500.0,0.0
5cd3ba92-679e-4469-a6c2-1b29d76dc614,1976-03-20,,999-83-3819,S99994133,X52987795X,Mr.,Émil,Tönkyrä,,,M,white,nonhispanic,M,Lohja  Uusimaa  FI,687 Hukkila Katu Suite 39,Helsinki,Uusimaa,Helsinki,00950,60.15640167520105,24.928228102992083,4500.0,0.0
8257bbb8-219b-41f9-8381-d7bd059dce94,1982-11-09,,999-12-1460,S99969795,X72991615X,Mr.,Benhard,Iivarinen,,,M,white,nonhispanic,M,Helsinki  Uusimaa  FI,401 Feldt Katu,Helsinki,Uusimaa,Helsinki,00510,60.1903216555407,24.891112642255997,4250.0,0.0
8b6b11c3-bb3e-4e87-a407-28385cbbdde2,1991-05-27,,999-41-9917,S99933272,X27334595X,Mr.,Khalid,Hollming,,,M,white,nonhispanic,M,Espoo  Uusimaa  FI,956 Remula Katu,Espoo,Uusimaa,Espoo,02710,60.22958683707103,24.75661525278467,3875.0,0.0
7d952409-5cf5-4c8b-b362-cefbf1466b4a,1980-10-28,,999-24-4452,S99978171,X85389805X,Mrs.,Viivia,Pieniniemi,,Oravisjärvi,M,white,nonhispanic,F,Helsinki  Uusimaa  FI,442 Andronoff Katu Unit 60,Espoo,Uusimaa,Espoo,02210,60.25046412508108,24.703685701410784,4250.0,0.0
1a0560c5-63ec-46c3-82d1-ff065fc59bd4,1969-02-11,,999-43-6195,S99930880,X14630805X,Mrs.,Olesja,Jaskio,,Jankko,M,white,nonhispanic,F,Lohja  Uusimaa  FI,1004 Freese Katu Unit 35,Hyvinkää,Uusimaa,Hyvinkää,05820,60.661928411503126,24.816512562091418,11569.119999999999,0.0
bb454c29-8644-47fc-925d-9b626048f409,1970-12-12,,999-15-4456,S99990755,X19716601X,Mrs.,Merete,Tupakka,,Peräntie,M,white,nonhispanic,F,Lisbon  Estremadura  PT,132 Äärelä Katu,Helsinki,Uusimaa,Helsinki,00690,60.191761584077234,24.843586979830256,5068.59,0.0
d4b35b98-0591-40f1-9871-e06c83d900cd,1967-03-01,,999-28-7277,S99959077,X70579598X,Mrs.,Thora,Klemm,MD,Hihnala,M,white,nonhispanic,F,Helsinki  Uusimaa  FI,759 Pöllä Katu,Helsinki,Uusimaa,Helsinki,00870,60.19221831052746,24.888546673837954,5250.0,0.0
fce4160d-eacc-4d63-bc9c-e0ae580ad6a8,2001-12-21,,999-63-6449,S99990952,,Ms.,Hjördis,Laitamaa,,,,white,nonhispanic,F,Siuntio  Uusimaa  FI,645 Jylhänkangas Katu Suite 28,Kirkkonummi,Uusimaa,Kirkkonummi,02470,60.278334713967745,24.416945272091183,3375.0,0.0
0e6396b0-ea08-4d5c-9f9d-bf8766ffb651,1980-09-14,,999-28-6863,S99978488,X58482985X,Ms.,Wanessa,Smed,,,S,white,nonhispanic,F,Helsinki  Uusimaa  FI,436 Harberg Katu Unit 48,Helsinki,Uusimaa,Helsinki,00860,60.19684781300499,24.883274576988562,4250.0,0.0
37b32457-6e78-4ede-90f2-ca521f3ca404,1944-10-26,,999-61-5596,S99919833,X7588299X,Mr.,Heino,Arvaja,,,M,white,nonhispanic,M,Helsinki  Uusimaa  FI,521 Maaninen Katu,Siuntio,Uusimaa,Siuntio,02490,60.21609590998208,24.155887565539988,14589.45,0.0
e24cb950-c5d0-4a07-99d3-76086c81e8ab,1947-09-09,,999-30-5585,S99957597,X69117059X,Mr.,Styrbjörn,Holm,,,S,white,nonhispanic,M,Karkkila  Uusimaa  FI,796 Peromaa Katu,Kauniainen,Uusimaa,Kauniainen,02700,60.26045112544434,24.734897832398588,7750.0,0.0
91c7513d-531e-48ab-b850-3e4550288bc4,2017-06-05,,999-74-3361,,,,Cuong,Shire,,,,white,nonhispanic,M,Vantaa  Uusimaa  FI,368 Kaatrakoski Katu,Helsinki,Uusimaa,Helsinki,00130,60.2004380024262,24.885550701907764,1250.0,0.0
a5221a81-b70a-4684-8a62-80d7484f278f,2013-07-11,,999-11-6663,,,,Esme,Reko,,,,white,nonhispanic,F,Helsinki  Uusimaa  FI,1087 Nelson Katu,Vihti,Uusimaa,Vihti,03790,60.29531671914195,24.403641081525148,1875.0,0.0
5b4af8e9-3bc0-4ac9-a059-03a98d1b52ee,1948-12-21,,999-48-7619,S99952298,X40940602X,Mr.,Liban,Vacklin,,,S,white,nonhispanic,M,Espoo  Uusimaa  FI,621 Fältberg Katu Unit 46,Espoo,Uusimaa,Espoo,02290,60.176747810223894,24.82127799739946,7500.0,0.0
d5761374-bb6e-42c7-ad29-17a58147e4be,1935-10-08,,999-69-2506,S99925278,X51478159X,Mr.,Oras,Valin,,,M,white,nonhispanic,M,Helsinki  Uusimaa  FI,1076 Rasanen Katu,Helsinki,Uusimaa,Helsinki,00320,60.1097600054096,24.91418929110644,9125.0,0.0
53aac0af-5aa2-4969-8d4d-7e8e51f800a4,1989-10-16,,999-81-4252,S99978684,X25204003X,Mr.,Luiz,Rouvila,,,M,white,nonhispanic,M,Espoo  Uusimaa  FI,611 Kupsala Katu,Helsinki,Uusimaa,Helsinki,00840,60.22200875656241,25.09188174187153,3875.0,0.0
f1b89581-2003-4bd3-9ceb-2b990cb8b39d,1993-09-21,,999-20-4789,S99973601,X85110097X,Ms.,Jenni-Maaria,Nyvall,,,,white,nonhispanic,F,Helsinki  Uusimaa  FI,458 Kaunonen Katu Apt 61,Helsinki,Uusimaa,Helsinki,00910,60.20787408556322,24.93331352040721,3750.0,0.0
116b5efb-46ed-4e77-93b8-75b545a4534c,1982-06-14,,999-38-3184,S99935920,X27497177X,Mrs.,Omar,Hylli,,Rautén,M,white,nonhispanic,F,Vantaa  Uusimaa  FI,377 Ärmänen Katu Apt 57,Järvenpää,Uusimaa,Järvenpää,04440,60.432995479329094,25.136296745191405,4250.0,0.0
4f95bd55-e20b-4f6c-9a00-e019afc63227,2013-05-24,,999-90-4049,,,,Ann-Catrine,Yli-Suvanto,,,,white,nonhispanic,F,Espoo  Uusimaa  FI,873 Siironen Katu,Espoo,Uusimaa,Espoo,02740,60.14574085404908,24.7397211550076,1875.0,0.0
74e3b91f-fd91-4677-baef-aacde678b92d,1976-09-28,,999-81-2687,S99940021,X73102250X,Mr.,Chinedu,Kuntanen,,,M,white,nonhispanic,M,Helsinki  Uusimaa  FI,796 Kannala Katu Suite 37,Helsinki,Uusimaa,Helsinki,00420,60.16394819711932,25.019505773284344,4500.0,0.0
f8d8d9c9-b25d-4efe-8771-bdb573d6d54a,1982-07-30,,999-68-4249,S99931989,X47709163X,Mr.,Akinpoika,Putkiranta,,,M,white,nonhispanic,M,Vantaa  Uusimaa  FI,1090 Salomäki Katu Suite 32,Hyvinkää,Uusimaa,Hyvinkää,05830,60.65987631201002,24.869492057580562,4250.0,0.0
4f161059-cd7c-4bb2-8388-ac2b54a49baf,1967-05-17,,999-71-1071,S99972914,X3163948X,Mrs.,Quynh,Munter,,Reiniharju,M,white,nonhispanic,F,Vantaa  Uusimaa  FI,833 Kopperi Katu Apt 72,Helsinki,Uusimaa,Helsinki,00100,60.197561761427785,24.982031823991132,5250.0,0.0
b76e13c3-33f4-45b4-a00b-806c0c221d3d,1998-10-09,,999-42-3784,S99938857,X80780566X,Mr.,Samir,Saarikangas,,,,white,nonhispanic,M,Helsinki  Uusimaa  FI,1017 Hagelstam Katu,Helsinki,Uusimaa,Helsinki,00870,60.197813863412684,24.890184678551414,3500.0,0.0
86ec86ab-885b-4b21-984d-8ca044838eaa,2006-08-04,,999-27-9745,,,,Villemarkus,Jokivarsi,,,,white,nonhispanic,M,Helsinki  Uusimaa  FI,133 Post Katu Suite 76,Helsinki,Uusimaa,Helsinki,00100,60.15343032510193,24.89608570510037,2750.0,0.0
2ab038ae-7775-4401-8447-e08ad5f95c45,2003-11-08,,999-43-7129,S99912057,,,Riku-Pekka,Väliranta,,,,white,nonhispanic,M,Helsinki  Uusimaa  FI,749 Lähtinen Katu,Porvoo,Uusimaa,Porvoo,07390,60.24366296802716,25.581312436179655,3125.0,0.0
ad0b89fd-4a1c-4cf9-bf76-00641080c57f,1969-08-29,,999-36-4300,S99939274,X13522631X,Mr.,Justus,Suuniittu,,,M,white,nonhispanic,M,Lohja  Uusimaa  FI,492 Kronvall Katu Suite 99,Espoo,Uusimaa,Espoo,02760,60.33802331388089,24.74368713010145,5000.0,0.0
32e2e931-345a-45aa-9ee6-7bb47ba2ac9a,1953-12-11,,999-98-6801,S99997701,X46289294X,Mr.,Kalid,Poikelin,,,M,white,nonhispanic,M,Järvenpää  Uusimaa  FI,1002 Purakasmäki Katu Unit 44,Espoo,Uusimaa,Espoo,02940,60.151710944995926,24.857115411222125,6875.0,0.0
dfb5f3c1-5508-44e0-8f47-3a611d8f8852,1976-03-18,,999-26-5034,S99959274,X29255072X,Mrs.,Helvi,Jouhkimo,,Mikander,M,white,nonhispanic,F,Hyvinkää  Uusimaa  FI,525 Ingerström Katu Suite 74,Espoo,Uusimaa,Espoo,02660,60.09605178018958,24.69841924302058,4500.0,0.0
a3c78df0-cbe4-4b63-a9b4-a0dba61435fe,2005-03-09,,999-23-8109,,,,Lyylia,Severinkangas,,,,white,nonhispanic,F,Espoo  Uusimaa  FI,931 Fadjukoff Katu Unit 69,Helsinki,Uusimaa,Helsinki,00420,60.12172309144481,24.919425418126888,4500.0,0.0
15ca94d8-d7f8-4249-a0ab-4ea5462031b3,1969-10-02,,999-93-8585,S99946577,X13630557X,Mrs.,Tiina-Maarit,Hylkilä,,Ambrusin,M,white,nonhispanic,F,Helsinki  Uusimaa  FI,949 Halm Katu,Vihti,Uusimaa,Vihti,03300,60.31803207905382,24.4190991911225,5232.38,0.0
c0e029d0-0e3f-4445-8ff2-6c1682f2b46b,1980-06-10,,999-59-2628,S99987610,X10630584X,Mrs.,Melise,Nysten,,Söderman,M,white,nonhispanic,F,Helsinki  Uusimaa  FI,636 Tyyvi Katu Apt 32,Espoo,Uusimaa,Espoo,02130,60.12969052299873,24.67800746244138,4250.0,0.0
1a0f1b6b-58cb-4118-b581-640ab8ba1808,1957-02-06,,999-91-5424,S99998660,X37505253X,Mrs.,Margarita,Mäki-Kulmala,,Tuutijärvi,M,white,nonhispanic,F,Helsinki  Uusimaa  FI,908 Aivio Katu Unit 66,Vantaa,Uusimaa,Vantaa,01370,60.3117622078048,25.047292634580057,6500.0,0.0
9f95057d-3eac-41be-b798-c8e1fe548c4b,1953-08-09,,999-80-7873,S99955330,X89158031X,Mr.,Nicolas,Tanska,,,M,white,nonhispanic,M,Faro  Algarve  PT,177 Sivén Katu,Kirkkonummi,Uusimaa,Kirkkonummi,02540,60.16328098314374,24.63537703801273,7000.0,0.0
a29015b4-0a5d-4e14-b288-952d1e85f248,1954-11-23,,999-68-8934,S99942879,X60306851X,Mrs.,Auvikki,Louhula,,Hinkula,M,white,nonhispanic,F,Helsinki  Uusimaa  FI,502 Rogers Katu Apt 70,Helsinki,Uusimaa,Helsinki,00210,60.199427253077346,24.892058724317568,6875.0,0.0
