PATIENT,START_YEAR,END_YEAR,PAYER,OWNERSHIP
ebb640db-ec6b-4e90-98de-67ab94a32c40,1997,2015,e15e7b92-f376-374f-9285-2f59a38ad823,Guardian
20ed8bee-f636-4e97-9600-91a7239b12d2,1993,2011,e15e7b92-f376-374f-9285-2f59a38ad823,Guardian
c3f5df5d-d812-47df-baf5-12d20c74fac0,1982,2000,e15e7b92-f376-374f-9285-2f59a38ad823,Guardian
62588c3a-8524-48a1-bf44-7530eaf0b941,1985,2003,e15e7b92-f376-374f-9285-2f59a38ad823,Guardian
289ae795-bd9b-46d9-8df1-70ef097de671,1961,1979,e15e7b92-f376-374f-9285-2f59a38ad823,Guardian
8e494c3f-18eb-43ef-95ef-25c80bba275b,1968,1986,e15e7b92-f376-374f-9285-2f59a38ad823,Guardian
e059628b-a83d-441d-883b-5808eaab96a2,1953,1971,e15e7b92-f376-374f-9285-2f59a38ad823,Guardian
afbed943-535c-49c1-9c0a-14e006ff8c54,2002,2002,b1c428d6-4f07-31e0-90f0-68ffa6ff8c76,
afbed943-535c-49c1-9c0a-14e006ff8c54,2003,2003,e15e7b92-f376-374f-9285-2f59a38ad823,
afbed943-535c-49c1-9c0a-14e006ff8c54,2004,2020,e15e7b92-f376-374f-9285-2f59a38ad823,Guardian
54209af2-7e9b-4917-acfb-6dca36258640,1993,2011,e15e7b92-f376-374f-9285-2f59a38ad823,Guardian
300a6152-d81c-46c4-b7f8-f324c8f132b0,1953,1971,e15e7b92-f376-374f-9285-2f59a38ad823,Guardian
117a5cb7-7ba6-4be7-892b-19b77b88b3e8,2013,2013,b1c428d6-4f07-31e0-90f0-68ffa6ff8c76,
117a5cb7-7ba6-4be7-892b-19b77b88b3e8,2014,2014,e15e7b92-f376-374f-9285-2f59a38ad823,
e56d881f-6d78-47c4-b6f1-c4ede580ad76,1962,1980,e15e7b92-f376-374f-9285-2f59a38ad823,Guardian
86a482ea-8f4a-4e55-86d7-074221ccd35c,1959,1977,e15e7b92-f376-374f-9285-2f59a38ad823,Guardian
521cb267-ae58-46af-a31b-2b3be6646f91,1985,2003,e15e7b92-f376-374f-9285-2f59a38ad823,Guardian
96bc0e7e-2ddb-4707-aa96-d78709bd5c04,1980,1998,e15e7b92-f376-374f-9285-2f59a38ad823,Guardian
1767ce53-3343-464d-b90f-8c64a93829d7,1961,1979,e15e7b92-f376-374f-9285-2f59a38ad823,Guardian
8701f103-37ec-4729-9f4e-4a9ed168b2da,1993,2011,e15e7b92-f376-374f-9285-2f59a38ad823,Guardian
a2673229-3c53-4b6c-a876-0c02644f7996,1990,2008,e15e7b92-f376-374f-9285-2f59a38ad823,Guardian
816894bd-f08c-4476-9d49-baef32bf15bd,1949,1967,e15e7b92-f376-374f-9285-2f59a38ad823,Guardian
352f2992-ff9c-433c-bc96-93b456c50941,1953,1953,b1c428d6-4f07-31e0-90f0-68ffa6ff8c76,
352f2992-ff9c-433c-bc96-93b456c50941,1954,1957,e15e7b92-f376-374f-9285-2f59a38ad823,
352f2992-ff9c-433c-bc96-93b456c50941,1958,1971,e15e7b92-f376-374f-9285-2f59a38ad823,Guardian
328b5d4b-197c-4bc5-adc9-f22c3a9b3572,1983,2001,e15e7b92-f376-374f-9285-2f59a38ad823,Guardian
cf7aaf9c-cec0-4b4c-9bda-9b15114821c7,1970,1988,e15e7b92-f376-374f-9285-2f59a38ad823,Guardian
b135c486-2c5d-4573-be7e-c96f50d067e7,1952,1970,e15e7b92-f376-374f-9285-2f59a38ad823,Guardian
e8d650d9-ab43-4198-bbd0-11688ae7a3c0,1941,1959,e15e7b92-f376-374f-9285-2f59a38ad823,Guardian
e8d650d9-ab43-4198-bbd0-11688ae7a3c0,1960,2008,e15e7b92-f376-374f-9285-2f59a38ad823,Self
552f27ad-c85f-48a6-abbf-fdec338b45c1,1969,1987,e15e7b92-f376-374f-9285-2f59a38ad823,Guardian
60a7c0b1-902b-4c94-828f-cfca9ae1d5f2,1940,1958,e15e7b92-f376-374f-9285-2f59a38ad823,Guardian
9148fce6-82c6-4d47-8be5-9c59f5313152,1960,1978,e15e7b92-f376-374f-9285-2f59a38ad823,Guardian
cb10ee22-8029-48ce-ad47-aa8bf2739c61,1962,1980,e15e7b92-f376-374f-9285-2f59a38ad823,Guardian
ff35829a-7f04-4bbc-ae2f-cc3dc6b506cd,1950,1968,e15e7b92-f376-374f-9285-2f59a38ad823,Guardian
9e0a1310-8548-4561-8f8c-84a5e4058740,1950,1968,e15e7b92-f376-374f-9285-2f59a38ad823,Guardian
1032ce73-b065-48fb-a89f-127f7c71570b,1991,2009,e15e7b92-f376-374f-9285-2f59a38ad823,Guardian
7ea83985-d52c-4d37-a7af-3983ce8f8deb,1970,1988,e15e7b92-f376-374f-9285-2f59a38ad823,Guardian
2db337e4-daf5-4d7d-9c4a-e0609ba30b5b,1941,1959,e15e7b92-f376-374f-9285-2f59a38ad823,Guardian
0bf50dc6-26f4-4974-a043-f54bb2e0e41e,1951,1969,e15e7b92-f376-374f-9285-2f59a38ad823,Guardian
cbbbfa8d-ea42-47f4-8cc4-3793e4e9c0a5,1957,1975,e15e7b92-f376-374f-9285-2f59a38ad823,Guardian
e96511db-69c2-46dd-8315-d9c131833874,1981,1999,e15e7b92-f376-374f-9285-2f59a38ad823,Guardian
0f7bc7f1-a4e3-45be-8a6c-5781e991cbfe,1951,1969,e15e7b92-f376-374f-9285-2f59a38ad823,Guardian
bce37158-7adf-4ae3-ac4b-d4f42d28fc06,1990,2008,e15e7b92-f376-374f-9285-2f59a38ad823,Guardian
411b9bb3-9e7d-4f5e-89b4-1aaa014b277b,1990,2008,e15e7b92-f376-374f-9285-2f59a38ad823,Guardian
4d311053-ba66-4428-82ca-0b2dc3dff10e,1991,2009,e15e7b92-f376-374f-9285-2f59a38ad823,Guardian
82a51071-7a44-46d6-b9f1-7792aad2f65f,1994,2012,e15e7b92-f376-374f-9285-2f59a38ad823,Guardian
ec387500-4f8a-4fd4-bff3-5c01b5c14a21,1995,2013,e15e7b92-f376-374f-9285-2f59a38ad823,Guardian
bd734ad2-a082-42cd-ae67-1b7a133ff903,1954,1972,e15e7b92-f376-374f-9285-2f59a38ad823,Guardian
4a62acd4-e162-43e7-8182-53bed47b74a4,1999,2017,e15e7b92-f376-374f-9285-2f59a38ad823,Guardian
5cd3ba92-679e-4469-a6c2-1b29d76dc614,1976,1994,e15e7b92-f376-374f-9285-2f59a38ad823,Guardian
8257bbb8-219b-41f9-8381-d7bd059dce94,1982,2000,e15e7b92-f376-374f-9285-2f59a38ad823,Guardian
8b6b11c3-bb3e-4e87-a407-28385cbbdde2,1991,2009,e15e7b92-f376-374f-9285-2f59a38ad823,Guardian
7d952409-5cf5-4c8b-b362-cefbf1466b4a,1980,1998,e15e7b92-f376-374f-9285-2f59a38ad823,Guardian
1a0560c5-63ec-46c3-82d1-ff065fc59bd4,1969,1987,e15e7b92-f376-374f-9285-2f59a38ad823,Guardian
bb454c29-8644-47fc-925d-9b626048f409,1970,1988,e15e7b92-f376-374f-9285-2f59a38ad823,Guardian
d4b35b98-0591-40f1-9871-e06c83d900cd,1967,1985,e15e7b92-f376-374f-9285-2f59a38ad823,Guardian
fce4160d-eacc-4d63-bc9c-e0ae580ad6a8,2001,2019,e15e7b92-f376-374f-9285-2f59a38ad823,Guardian
0e6396b0-ea08-4d5c-9f9d-bf8766ffb651,1980,1998,e15e7b92-f376-374f-9285-2f59a38ad823,Guardian
37b32457-6e78-4ede-90f2-ca521f3ca404,1944,1962,e15e7b92-f376-374f-9285-2f59a38ad823,Guardian
37b32457-6e78-4ede-90f2-ca521f3ca404,1963,1995,b1c428d6-4f07-31e0-90f0-68ffa6ff8c76,Self
37b32457-6e78-4ede-90f2-ca521f3ca404,1996,1996,e15e7b92-f376-374f-9285-2f59a38ad823,
e24cb950-c5d0-4a07-99d3-76086c81e8ab,1947,1965,e15e7b92-f376-374f-9285-2f59a38ad823,Guardian
5b4af8e9-3bc0-4ac9-a059-03a98d1b52ee,1948,1966,e15e7b92-f376-374f-9285-2f59a38ad823,Guardian
d5761374-bb6e-42c7-ad29-17a58147e4be,1935,1953,e15e7b92-f376-374f-9285-2f59a38ad823,Guardian
53aac0af-5aa2-4969-8d4d-7e8e51f800a4,1989,2007,e15e7b92-f376-374f-9285-2f59a38ad823,Guardian
f1b89581-2003-4bd3-9ceb-2b990cb8b39d,1993,2011,e15e7b92-f376-374f-9285-2f59a38ad823,Guardian
116b5efb-46ed-4e77-93b8-75b545a4534c,1982,2000,e15e7b92-f376-374f-9285-2f59a38ad823,Guardian
74e3b91f-fd91-4677-baef-aacde678b92d,1976,1994,e15e7b92-f376-374f-9285-2f59a38ad823,Guardian
f8d8d9c9-b25d-4efe-8771-bdb573d6d54a,1982,2000,e15e7b92-f376-374f-9285-2f59a38ad823,Guardian
4f161059-cd7c-4bb2-8388-ac2b54a49baf,1967,1985,e15e7b92-f376-374f-9285-2f59a38ad823,Guardian
b76e13c3-33f4-45b4-a00b-806c0c221d3d,1998,2016,e15e7b92-f376-374f-9285-2f59a38ad823,Guardian
ad0b89fd-4a1c-4cf9-bf76-00641080c57f,1969,1987,e15e7b92-f376-374f-9285-2f59a38ad823,Guardian
32e2e931-345a-45aa-9ee6-7bb47ba2ac9a,1953,1971,e15e7b92-f376-374f-9285-2f59a38ad823,Guardian
dfb5f3c1-5508-44e0-8f47-3a611d8f8852,1976,1994,e15e7b92-f376-374f-9285-2f59a38ad823,Guardian
15ca94d8-d7f8-4249-a0ab-4ea5462031b3,1969,1987,e15e7b92-f376-374f-9285-2f59a38ad823,Guardian
c0e029d0-0e3f-4445-8ff2-6c1682f2b46b,1980,1998,e15e7b92-f376-374f-9285-2f59a38ad823,Guardian
1a0f1b6b-58cb-4118-b581-640ab8ba1808,1957,1975,e15e7b92-f376-374f-9285-2f59a38ad823,Guardian
9f95057d-3eac-41be-b798-c8e1fe548c4b,1953,1971,e15e7b92-f376-374f-9285-2f59a38ad823,Guardian
a29015b4-0a5d-4e14-b288-952d1e85f248,1954,1972,e15e7b92-f376-374f-9285-2f59a38ad823,Guardian
