DATE,PATIENT,ENCOUNTER,CODE,DESCRIPTION,BASE_COST,REASONCODE,REASONDESCRIPTION
2017-08-07,54209af2-7e9b-4917-acfb-6dca36258640,9c30fc01-5d31-41ad-8625-f4a53b3e4b40,40701008,Echocardiography (procedure),809.53,410429000,Cardiac Arrest
2017-08-07,54209af2-7e9b-4917-acfb-6dca36258640,9c30fc01-5d31-41ad-8625-f4a53b3e4b40,447365002,Insertion of biventricular implantable cardioverter defibrillator,24425.42,410429000,Cardiac Arrest
2017-08-07,54209af2-7e9b-4917-acfb-6dca36258640,9c30fc01-5d31-41ad-8625-f4a53b3e4b40,18286008,Catheter ablation of tissue of heart,14841.90,410429000,Cardiac Arrest
2008-12-18,e8d650d9-ab43-4198-bbd0-11688ae7a3c0,c8fc63ef-394b-4c15-b114-f137db96ad18,40701008,Echocardiography (procedure),847.18,410429000,Cardiac Arrest
2008-12-18,e8d650d9-ab43-4198-bbd0-11688ae7a3c0,c8fc63ef-394b-4c15-b114-f137db96ad18,447365002,Insertion of biventricular implantable cardioverter defibrillator,33496.32,410429000,Cardiac Arrest
2008-12-18,e8d650d9-ab43-4198-bbd0-11688ae7a3c0,c8fc63ef-394b-4c15-b114-f137db96ad18,18286008,Catheter ablation of tissue of heart,10415.57,410429000,Cardiac Arrest
