Id,ORGANIZATION,NAME,GENDER,SPECIALITY,ADDRESS,CITY,STATE,ZIP,LAT,LON,UTILIZATION
ca09ead4-4fa8-3eb7-acc7-6e3c8dc77449,6e3a689b-5f4c-3946-be10-180a8ba7c680,Vilhelm Lehtiranta,M,GENERAL PRACTICE,Nordenskiöldinkatu 20,Helsinki,18,00250,60.19244,24.92811,37
e6af6501-e4af-3fef-af4f-79e61ee6721e,319baef9-e8e6-3320-9e0b-7991d9c167b8,Love Moderus,M,GENERAL PRACTICE,Haartmaninkatu 4,Helsinki,18,00290,60.189159,24.909081,25
6fc6eaab-19a0-32c9-bb20-23e86d63a112,d8f91bff-b1eb-3e4d-8936-10924c36977a,Juho-Heikki Salkolahti,M,GENERAL PRACTICE,Meilahdentie 2,Helsinki,18,00250,60.19263,24.89436,33
264c4652-4ba1-3c59-bd11-d9805db5e951,410e8cf7-76a3-307f-b421-5fa7760177f1,Karl-Gustav Häivälä,M,GENERAL PRACTICE,Kasarmikatu 11-13,Helsinki,18,00130,60.16102,24.94834,11
dc229332-021f-36de-8257-ab25e12b9a03,b9b4f8d8-b4a7-3164-a21f-c57b0c40c3ff,Badr Ståhle,M,GENERAL PRACTICE,Sairaalankatu 1,Hyvinkää,18,05830,60.612,24.82486,26
dc5336bd-7759-365a-9283-d0128ff52810,738aef7e-a279-3f65-9dba-fead16b27400,Vilhelm Lehtiranta,M,GENERAL PRACTICE,Turuntie 150,Espoo,18,02740,60.22589,24.77581,1411
9e7d1d7e-939d-37b5-b1f2-ff23c06663fe,9a3e6919-4ed0-32fe-a1e2-7184b06c415f,Kha Ihalmo,F,GENERAL PRACTICE,Karvasmäentie 6,Espoo,18,02740,60.22011,24.6848,405
9f4df178-b3c9-31e0-b578-a0b454825af5,a70486b2-c33a-37b3-a4cf-b3dc06cb9d84,Abdikarin Sassila,F,GENERAL PRACTICE,Sairaalakatu 1,Vantaa,18,01400,60.3299,25.0608,1003
91becb72-74c2-34e6-834c-3598025c5b2b,bf25636d-50a4-3cf2-b937-0e59fd37503f,Love Moderus,M,GENERAL PRACTICE,Sairaalankatu 1,Hyvinkää,18,05830,60.612,24.82486,269
a6128630-9621-3dea-ba47-f689db4e18a3,4eddd774-a01b-3a0b-b4c6-736a5581aba4,Isela Passi,F,GENERAL PRACTICE,Ohkolantie 10,Kellokoski,18,04500,60.53054,25.10548,195
601440dd-4782-329f-867e-c6d14ef0594f,942171f0-df04-34cc-9c85-1a11b2f08717,Devin Mankonen,M,GENERAL PRACTICE,Sairaalatie 8,Lohja,18,08200,60.2247,24.01885,171
fc48a393-563e-39ac-9259-c9902bd5d4a0,216a84b2-6287-356d-9bcf-655abf00debb,Thorvald Paappanen,M,GENERAL PRACTICE,Sairaalantie 1,Porvoo,18,06200,60.37911,25.69576,246
abab169a-371b-368b-9ab7-b856be257421,319baef9-e8e6-3320-9e0b-7991d9c167b8,Vilhelm Lehtiranta,M,GENERAL PRACTICE,Haartmaninkatu 4,Helsinki,18,00290,60.189159,24.909081,1
60614419-3ec3-3f79-b7ad-8a519814831b,af916982-f5f8-341b-b159-69e72695294c,Isela Passi,F,GENERAL PRACTICE,Sairaalakatu 1,Vantaa,18,01400,60.3299,25.0608,3
f0740e6c-80a7-3198-aaa6-b8baacd916e4,8af774ed-7635-320a-ad8c-a63aa309a858,Thorvald Paappanen,M,GENERAL PRACTICE,Sairaalatie 8,Lohja,18,08200,60.2247,24.01885,1
