person_id,gender_concept_id,year_of_birth,month_of_birth,day_of_birth,birth_datetime,race_concept_id,ethnicity_concept_id,location_id,provider_id,care_site_id,person_source_value,gender_source_value,gender_source_concept_id,race_source_value,race_source_concept_id,ethnicity_source_value,ethnicity_source_concept_id
617,8507,2015,12,10,,8527,0,617,,,b40b7e0c-ba64-48ba-b372-04b7895c075f,M,0,white,0,nonhispanic,0
618,8507,2006,9,17,,8527,0,618,,,bfc38864-f8e0-423c-ac88-872dd496f006,M,0,white,0,nonhispanic,0
619,8532,1996,3,19,,8527,0,619,,,e8e40536-a74d-4320-89d9-c88f3eb2da2e,F,0,white,0,nonhispanic,0
620,8532,2008,8,24,,8527,0,620,,,5fb0f1d7-24b3-4ce2-a541-9bba99e9fbcf,F,0,white,0,nonhispanic,0
621,8507,1995,9,15,,8527,0,621,,,7fab4f2e-74b7-4d5e-b044-4b5b24ef2c18,M,0,white,0,nonhispanic,0
622,8532,1984,4,8,,8527,0,622,,,8711370d-db7f-4486-9eff-0b3ddeebaa04,F,0,white,0,nonhispanic,0
623,8532,1973,6,21,,8527,0,623,,,d21de25f-29e0-4167-b2a8-d3a9f4a04c26,F,0,white,0,nonhispanic,0
624,8507,1998,9,24,,8527,0,624,,,e7661303-74ae-43c5-945b-c5690dc41905,M,0,white,0,nonhispanic,0
625,8532,1984,12,2,,8527,0,625,,,256c067d-13df-401e-bec7-2896d5ab3704,F,0,white,0,nonhispanic,0
626,8532,1988,3,22,,8527,0,626,,,dc70bcc5-e908-4e9f-8e5b-048dedc8c2e5,F,0,white,0,nonhispanic,0
627,8507,1957,4,1,,8527,0,627,,,e41d966f-8935-4ed1-87b4-d368159bedbe,M,0,white,0,nonhispanic,0
628,8507,1985,12,7,,8527,0,628,,,b20b241e-7a67-4eb5-947f-6d51c986dd88,M,0,white,0,nonhispanic,0
629,8507,2018,10,7,,8527,0,629,,,db0b75b8-3c27-41b0-a9e5-a5c461e45121,M,0,white,0,nonhispanic,0
630,8532,1950,8,21,,8527,0,630,,,8b65828e-ac4e-405b-92c9-3e2f6d62434f,F,0,white,0,nonhispanic,0
631,8532,2012,5,31,,8527,0,631,,,5ac7d6df-035e-4c8d-889c-20da751da793,F,0,white,0,nonhispanic,0
632,8507,1993,9,28,,8527,0,632,,,4e598678-f34b-46b5-9d32-c82c423e6f3f,M,0,white,0,nonhispanic,0
633,8532,1992,4,7,,8527,0,633,,,d957b3b7-79cb-4891-954c-611f580dd620,F,0,white,0,nonhispanic,0
634,8532,1986,3,29,,8527,0,634,,,fc8d7185-69e9-4f9c-b696-ccda7b6a75ca,F,0,white,0,nonhispanic,0
635,8507,1948,10,4,,8527,0,635,,,c5acf137-e59e-4582-b4e4-f3efc316cea7,M,0,white,0,nonhispanic,0
636,8507,1996,1,24,,8527,0,636,,,bb359d58-8776-4ddf-8ed9-f94b2126f7b7,M,0,white,0,nonhispanic,0
637,8532,1976,10,31,,8527,0,637,,,3e2ab5f0-557a-4234-a303-3143738210ed,F,0,white,0,nonhispanic,0
638,8507,1991,11,30,,8527,0,638,,,d31bcf96-9508-4b70-b6ff-61f520ec2ddf,M,0,white,0,nonhispanic,0
639,8507,1998,11,24,,8527,0,639,,,7379676f-f530-47be-8d3c-4f579ba7fc89,M,0,white,0,nonhispanic,0
640,8507,1944,6,20,,8527,0,640,,,a3afacfe-b6d2-4a0d-adeb-d7fa6cf7848d,M,0,white,0,nonhispanic,0
641,8532,1962,4,2,,8527,0,641,,,d0551b55-2102-488e-8dc7-d1ec69a15615,F,0,white,0,nonhispanic,0
642,8532,1966,9,9,,8527,0,642,,,f1735e75-440f-4f3d-a150-3276098afcc1,F,0,white,0,nonhispanic,0
643,8532,2001,1,19,,8527,0,643,,,a746fde4-29e5-4f09-b09b-47f46f2f701b,F,0,white,0,nonhispanic,0
644,8532,1928,1,13,,8527,0,644,,,615c8945-4b3e-4fac-aaff-1a9170cb9c21,F,0,white,0,nonhispanic,0
645,8532,2004,10,6,,8527,0,645,,,80aa3919-6c26-4f93-a855-45ecd2beaaf2,F,0,white,0,nonhispanic,0
646,8507,1993,8,13,,8527,0,646,,,b05ccf1c-0823-47a4-9c19-7b6ca992141c,M,0,white,0,nonhispanic,0
647,8507,1992,11,21,,8527,0,647,,,31be7612-e20a-49f8-847c-fd35bd4286a5,M,0,white,0,nonhispanic,0
648,8532,1974,12,21,,8527,0,648,,,651a3e0e-4620-458b-a46e-1f3684a57f1b,F,0,white,0,nonhispanic,0
649,8507,2003,3,10,,8527,0,649,,,b82a8170-f45b-4e91-9699-434d1870e802,M,0,white,0,nonhispanic,0
650,8532,2006,6,21,,8527,0,650,,,eaacd780-c147-43a7-adf1-6f410cb68f59,F,0,white,0,nonhispanic,0
651,8507,1960,8,31,,8527,0,651,,,8f2ded9d-82ee-4456-b274-a749d241f741,M,0,white,0,nonhispanic,0
652,8507,2008,6,3,,8527,0,652,,,01ffe803-177c-48af-b0b2-8266babde5bf,M,0,white,0,nonhispanic,0
653,8507,1982,1,26,,8527,0,653,,,1ebe88ab-462d-44d3-ba2e-d5340ee640af,M,0,white,0,nonhispanic,0
654,8507,1956,4,24,,8527,0,654,,,f5f12e6a-6539-47b9-bc55-73930efc61b7,M,0,white,0,nonhispanic,0
655,8532,2017,7,2,,8527,0,655,,,1b8af351-f60d-41c6-b882-2dec5bc910aa,F,0,white,0,nonhispanic,0
656,8507,1989,2,18,,8527,0,656,,,5249b814-e87c-408e-9237-f6e92a12b7b2,M,0,white,0,nonhispanic,0
657,8507,2011,8,25,,8527,0,657,,,61dd3476-5853-4a05-a6c9-4b4b692948e8,M,0,white,0,nonhispanic,0
658,8507,1962,8,23,,8527,0,658,,,198dffb9-aa2f-4e1e-9534-46ff4390e48d,M,0,white,0,nonhispanic,0
659,8532,1989,11,12,,8527,0,659,,,9d4215b6-9680-48ec-86e2-5c48e7be5d94,F,0,white,0,nonhispanic,0
660,8507,1950,8,4,,8527,0,660,,,184ffea4-2ca1-4ad7-8045-61ffb90bcf25,M,0,white,0,nonhispanic,0
661,8532,1989,11,29,,8527,0,661,,,baf58f5c-37eb-4e19-8c91-1ebe6182b3c2,F,0,white,0,nonhispanic,0
662,8532,1973,8,14,,8527,0,662,,,7992bbdb-023f-4503-b0da-cc39b8546255,F,0,white,0,nonhispanic,0
663,8507,1984,1,9,,8527,0,663,,,a88b192d-fde9-4a3c-b50f-6c955190539c,M,0,white,0,nonhispanic,0
664,8507,2007,4,30,,8527,0,664,,,0a231390-6b47-47b5-8cbd-7ce7b363537e,M,0,white,0,nonhispanic,0
665,8507,2009,9,13,,8527,0,665,,,766d947f-a2c8-4ba6-8730-23008b763cac,M,0,white,0,nonhispanic,0
666,8507,2006,11,24,,8527,0,666,,,097f6ccc-2fd9-4524-91ae-cf57ed267ba8,M,0,white,0,nonhispanic,0
667,8507,1990,7,31,,8527,0,667,,,c865f78e-a368-4a7d-90c7-4f4e782a4356,M,0,white,0,nonhispanic,0
668,8532,2010,10,11,,8527,0,668,,,87d2b722-fae7-47a1-a7e9-016f1794f77d,F,0,white,0,nonhispanic,0
669,8507,1962,8,23,,8527,0,669,,,90ed9bac-daf2-4008-b43c-5a0016346353,M,0,white,0,nonhispanic,0
670,8532,2001,10,23,,8527,0,670,,,f1bec903-ae40-4bcb-a19a-122d7a8bd172,F,0,white,0,nonhispanic,0
671,8507,1940,6,21,,8527,0,671,,,edca2e96-67c3-41cc-bacd-4f54fc79e9b0,M,0,white,0,nonhispanic,0
672,8532,1910,10,16,,8527,0,672,,,467123d9-d166-4f87-a73f-32c57a43fe53,F,0,white,0,nonhispanic,0
673,8532,1952,3,1,,8527,0,673,,,506f9b48-3678-419c-a6b8-7679c5f82588,F,0,white,0,nonhispanic,0
674,8532,2015,10,19,,8527,0,674,,,d2677fb3-d9ac-4f04-b04b-81841d910318,F,0,white,0,nonhispanic,0
675,8532,1997,12,25,,8527,0,675,,,70caf953-7d21-4e65-8879-2679502c2915,F,0,white,0,nonhispanic,0
676,8532,1951,4,17,,8527,0,676,,,48a4d4a8-28bc-43af-ac8e-a630f828b69e,F,0,white,0,nonhispanic,0
677,8507,1991,5,10,,8527,0,677,,,24ce4bba-788c-4314-91c1-f76c4d0a8b86,M,0,white,0,nonhispanic,0
678,8532,2006,12,12,,8527,0,678,,,f0590405-598d-4da0-a4b0-b2667f8ade0d,F,0,white,0,nonhispanic,0
679,8532,1983,11,7,,8527,0,679,,,671ac33d-f712-4a5b-970b-6db135b43dc6,F,0,white,0,nonhispanic,0
680,8507,1987,5,22,,8527,0,680,,,36e8cc4c-89dc-4759-a73c-85d8ca53730e,M,0,white,0,nonhispanic,0
681,8507,1960,10,22,,8527,0,681,,,66e8d157-69fe-4b0f-b5dd-969ab39274b9,M,0,white,0,nonhispanic,0
682,8507,1972,1,21,,8527,0,682,,,052a4a89-4458-45a7-88f4-de315526d5bc,M,0,white,0,nonhispanic,0
683,8507,2001,8,6,,8527,0,683,,,71946595-db66-40f8-b539-32ff528d11a8,M,0,white,0,nonhispanic,0
684,8507,1977,8,23,,8527,0,684,,,a5471a88-5d70-475a-8108-9a16801f3af8,M,0,white,0,nonhispanic,0
685,8507,1991,9,10,,8527,0,685,,,d7996748-1b48-40fe-9ea6-ac96efa7e715,M,0,white,0,nonhispanic,0
686,8507,2003,6,30,,8527,0,686,,,ab3c5969-c687-41eb-b174-5ff1967cda23,M,0,white,0,nonhispanic,0
687,8532,1997,7,18,,8527,0,687,,,1c5d18b8-10de-4052-9b77-8b8d0428915a,F,0,white,0,nonhispanic,0
688,8532,1952,5,6,,8527,0,688,,,e9e1af46-1cbd-465c-8014-6920bc8c18c1,F,0,white,0,nonhispanic,0
689,8507,1979,1,24,,8527,0,689,,,d42ec26f-9026-479c-bdd8-10db280c5a0b,M,0,white,0,nonhispanic,0
690,8507,1972,1,21,,8527,0,690,,,fb6a8eb6-b6e8-47c6-be14-236666b9e27c,M,0,white,0,nonhispanic,0
691,8532,2006,3,18,,8527,0,691,,,6b1feff8-00cd-4a54-b11e-604a772cc73b,F,0,white,0,nonhispanic,0
692,8507,1998,4,14,,8527,0,692,,,26a9ab99-5ae5-44aa-8da8-71ce1dcb3f71,M,0,white,0,nonhispanic,0
693,8507,1968,5,18,,8527,0,693,,,1b20c791-5e26-4bf7-8126-e4d5186fb6ef,M,0,white,0,nonhispanic,0
694,8507,1998,7,12,,8527,0,694,,,1af8670e-d76f-4f01-a4c4-2a10f9455603,M,0,white,0,nonhispanic,0
695,8532,2014,6,23,,8527,0,695,,,95f9cd08-ab70-4232-9cce-51ab8e1a4fad,F,0,white,0,nonhispanic,0
696,8532,1948,9,9,,8527,0,696,,,2c76d6f1-6644-4e41-96b1-4121818af0df,F,0,white,0,nonhispanic,0
697,8532,2019,11,29,,8527,0,697,,,68b2799e-3752-4b09-a278-c1f8734cad75,F,0,white,0,nonhispanic,0
698,8532,1957,8,4,,8527,0,698,,,85324224-f3c6-4b86-b63c-77e06717cac8,F,0,white,0,nonhispanic,0
699,8532,1957,1,25,,8527,0,699,,,81bf0415-5c30-4abd-b275-549f1e996d22,F,0,white,0,nonhispanic,0
700,8532,1976,9,27,,8527,0,700,,,a3c7855c-763c-4e5d-87de-ce21f77a7a52,F,0,white,0,nonhispanic,0
701,8507,1973,3,22,,8527,0,701,,,6849a511-44cd-45e1-b9c5-8fb730985ca5,M,0,white,0,nonhispanic,0
702,8532,2000,11,21,,8527,0,702,,,1c911bbf-886c-4f6b-b9a6-b235d95d5dbd,F,0,white,0,nonhispanic,0
703,8507,1994,11,19,,8527,0,703,,,3c241a88-d2e3-4d10-9138-bc073f79a127,M,0,white,0,nonhispanic,0
704,8532,2013,1,14,,8527,0,704,,,5cab9d6f-9a88-4a0f-9959-2cbac8cfa441,F,0,white,0,nonhispanic,0
705,8532,1968,6,9,,8527,0,705,,,ec238384-d5ac-46c1-b4fd-e42a005e3128,F,0,white,0,nonhispanic,0
706,8507,1976,8,14,,8527,0,706,,,2c820dae-0ecc-4783-915c-c431e122b377,M,0,white,0,nonhispanic,0
707,8507,2011,7,17,,8527,0,707,,,fa0bfa7a-a375-40fa-a616-355a7aa47ed4,M,0,white,0,nonhispanic,0
708,8507,1986,10,25,,8527,0,708,,,23c58069-aefa-458c-b6e6-b3b317002eb7,M,0,white,0,nonhispanic,0
709,8532,1996,9,30,,8527,0,709,,,eee43958-32a3-4952-b853-0c217785e730,F,0,white,0,nonhispanic,0
710,8532,1943,1,5,,8527,0,710,,,2f1dc3b3-9598-407f-8050-feea8613633d,F,0,white,0,nonhispanic,0
711,8532,1980,8,26,,8527,0,711,,,abb565e6-fcdd-4484-8ac8-0e9225b56176,F,0,white,0,nonhispanic,0
712,8532,2000,12,26,,8527,0,712,,,93e06054-e379-46ff-bdd7-fa342a7ae5bd,F,0,white,0,nonhispanic,0
713,8507,1983,1,25,,8527,0,713,,,2f8923b0-1d99-442f-b417-5bf2e80b206f,M,0,white,0,nonhispanic,0
714,8532,1959,1,14,,8527,0,714,,,426ae0e0-f0ca-4e26-a69e-0c4355648d93,F,0,white,0,nonhispanic,0
715,8532,1943,11,27,,8527,0,715,,,979db6a8-5651-46ea-88b2-7a79b4483413,F,0,white,0,nonhispanic,0
716,8532,1971,7,27,,8527,0,716,,,4a563851-4f82-43f7-bcd6-80e76ac26f31,F,0,white,0,nonhispanic,0
717,8532,1959,4,5,,8527,0,717,,,10d01091-b552-4ff3-89a7-77cefea1b91e,F,0,white,0,nonhispanic,0
718,8507,1957,7,5,,8527,0,718,,,b74a3c90-826b-4bb2-a708-8cd1133a4df6,M,0,white,0,nonhispanic,0
