location_id,address_1,address_2,city,state,zip,county,location_source_value
2685,777 Santapakka Katu Apt 57,,Espoo,Uusimaa,02740,Espoo,b8246ecf-93ac-4c15-bb90-75b694aca030
2686,958 Aikio Katu Unit 72,,Helsinki,Uusimaa,00700,Helsinki,e9f8e043-349f-43d4-bc18-1c392b92cdb5
2687,369 Tilander Katu,,Tuusula,Uusimaa,04310,Tuusula,987d8e87-a90a-41e2-8242-b47fbf0006fd
2688,719 Rynö Katu,,Helsinki,Uusimaa,00920,Helsinki,fc320a7a-388f-4106-8990-19f51b2111db
2689,1029 Kolunsarka Katu Suite 99,,Helsinki,Uusimaa,00800,Helsinki,e8b21cb6-7f17-4039-9eab-6d6ac3ba2c09
2690,531 Kuotesaho Katu,,Vantaa,Uusimaa,01640,Vantaa,b6af6830-17ba-48de-befc-148b95de8eab
2691,889 Appelgrén Katu,,Kerava,Uusimaa,04200,Kerava,061221bd-627f-44f3-9211-2374d2cd7cbe
2692,619 Aaltokoski Katu Unit 67,,Helsinki,Uusimaa,00160,Helsinki,9c2fc5e9-212e-4e9a-9338-207af28f1e26
2693,880 Koivumaa Katu,,Helsinki,Uusimaa,00930,Helsinki,86bccb1f-af04-47c6-af4e-80b0f4df96f9
2694,622 Niesniemi Katu Apt 94,,Helsinki,Uusimaa,00580,Helsinki,eac830ca-ff29-4fe3-855e-7b39990ab63e
2695,193 Beijar Katu,,Helsinki,Uusimaa,00660,Helsinki,2a1f3eec-16f9-4a11-8a91-8813c0987cfe
2696,478 Kukkumäki Katu Apt 30,,Vantaa,Uusimaa,01730,Vantaa,0f830f9b-2a8b-4873-9c4e-e68cd505e652
2697,1005 Pohjasniemi Katu,,Espoo,Uusimaa,02710,Espoo,b75e7166-66c0-4a85-8705-cd957659fd55
2698,195 Rinta-Säntti Katu Apt 54,,Espoo,Uusimaa,02710,Espoo,8ce0df78-51c2-4373-9c7b-d820bddc6918
2699,770 Pukkila Katu Apt 72,,Vantaa,Uusimaa,01230,Vantaa,41c2f51d-1183-4cc1-b3aa-a9a5307797c5
2700,474 Raina Katu,,Espoo,Uusimaa,02720,Espoo,39c13e43-55d6-4dde-a140-090ddacfd0c3
2701,705 Kirstilä Katu Unit 12,,Espoo,Uusimaa,02820,Espoo,9f47195d-74cb-4d5e-8984-19dc5e0c033d
2702,1099 Phillips Katu Suite 61,,Helsinki,Uusimaa,00740,Helsinki,2083faff-8213-4418-9bc5-ff654eaa8be4
2703,509 Raeske Katu,,Helsinki,Uusimaa,00380,Helsinki,58027ea7-15bf-449f-b05d-fc0e4f933f27
2704,899 Mäki-Hokkonen Katu Apt 68,,Kerava,Uusimaa,04250,Kerava,beddf708-a3d7-4faa-b671-2efbb275456e
2705,165 Metsähonkala Katu Suite 89,,Helsinki,Uusimaa,00220,Helsinki,ea003afa-2d4d-4d2a-b758-3335fc0bc310
2706,949 Kallijärvi Katu,,Espoo,Uusimaa,02290,Espoo,d089875c-3f92-4483-99a1-7de9ceb571cf
2707,1020 Raudasoja Katu Unit 46,,Kauniainen,Uusimaa,02700,Kauniainen,b89f2284-e855-4b2d-a845-054db92a75f1
2708,852 Aitamurto Katu Suite 48,,Helsinki,Uusimaa,00360,Helsinki,ae1213b7-e78e-4d97-b5cc-767ad8ca3a9e
2709,683 Karru Katu Apt 58,,Helsinki,Uusimaa,00730,Helsinki,ec88fde1-58e2-4079-b5be-85d126bf58fd
2710,723 Hanén Katu Suite 78,,Vantaa,Uusimaa,01650,Vantaa,e221c897-82f2-47dc-96b5-316516062dba
2711,564 Salokoski Katu,,Lohja,Uusimaa,09430,Lohja,67569683-4cec-4ed7-aae5-93b3913aeb60
2712,1054 Valkila Katu,,Helsinki,Uusimaa,00690,Helsinki,6ac7d105-bbd2-4104-a28d-cccba67bfd3b
2713,804 Vanhakylä Katu,,Espoo,Uusimaa,02170,Espoo,c50c0ef8-4ad4-4e2f-afc1-a0041c418b9f
2714,457 Leislahti Katu,,Hyvinkää,Uusimaa,05860,Hyvinkää,c232e1e7-4498-4eb2-9773-4536b4d89277
2715,395 Tulasalo Katu Suite 83,,Espoo,Uusimaa,02110,Espoo,f176607a-720b-4670-98f5-b6e797ee829f
2716,380 Vaalavuo Katu,,Espoo,Uusimaa,02380,Espoo,4089b901-6f8f-4d66-874b-3c329fa94117
2717,1048 Tasala Katu,,Helsinki,Uusimaa,00280,Helsinki,391ee029-f8f0-4ce6-a9be-f21e2da8b8ab
2718,119 Saarento Katu,,Helsinki,Uusimaa,00950,Helsinki,7c4f28ec-45a1-4a14-882f-17d19408d986
2719,162 Sevelius Katu,,Helsinki,Uusimaa,00310,Helsinki,dda4db0c-6074-4677-873b-81280a60ca02
2720,1022 Leppiaho Katu,,Kauniainen,Uusimaa,02700,Kauniainen,8d9032e2-f20a-4c0f-96a3-0e31690a4a79
2721,641 Mantsinen Katu Apt 52,,Järvenpää,Uusimaa,04440,Järvenpää,201bc0db-41d6-4e7f-b973-51ece2ee1c9f
2722,823 Strid Katu Suite 8,,Nurmijärvi,Uusimaa,01800,Nurmijärvi,65228240-7dac-45be-9a81-2aefa07f72c0
2723,330 Mandell Katu Unit 87,,Kerava,Uusimaa,04250,Kerava,f2c5c25b-e2df-4dce-a7fa-dbdbe286fddc
2724,1019 Talvio Katu,,Espoo,Uusimaa,02330,Espoo,d57ebf44-830f-436b-9f81-a8f4c61b8367
2725,188 Inkeröinen Katu Apt 81,,Vantaa,Uusimaa,01620,Vantaa,ce5ea22f-4540-4dd0-ac05-ea1006e5abb8
2726,531 Kaihari Katu,,Siuntio,Uusimaa,02570,Siuntio,0281fcb2-f070-4702-9161-e528ef94f674
2727,1007 Pajuluoma Katu,,Vihti,Uusimaa,03220,Vihti,cea25d67-8904-4abc-a740-88f9e5cc5ed8
2728,286 Altio Katu,,Järvenpää,Uusimaa,04400,Järvenpää,699448a2-8394-4b08-8770-a6c3de170bde
2729,330 Backström Katu Apt 28,,Loviisa,Uusimaa,07740,Loviisa,64437f4f-3a5f-4d68-a6f2-ebf35b055d21
2730,1063 Doroci Katu Apt 66,,Vantaa,Uusimaa,01600,Vantaa,5b2f0b61-7018-457c-88e2-2fff6d85ed30
2731,155 Broder Katu Unit 71,,Vantaa,Uusimaa,01420,Vantaa,abafeded-7918-44d1-8a89-4c929295729b
2732,221 Tuumi Katu Apt 78,,Järvenpää,Uusimaa,04460,Järvenpää,7226f5be-6e7c-47df-b8db-0c9331e6e576
2733,827 Ulfstedt Katu,,Kirkkonummi,Uusimaa,02880,Kirkkonummi,d6aba33b-a45f-4731-9e8b-903f93aeac85
2734,279 Sucksdorff Katu,,Helsinki,Uusimaa,00620,Helsinki,415bb2f7-6bdd-4456-a258-c4866f535388
2735,802 Rähmönen Katu Suite 84,,Vantaa,Uusimaa,01770,Vantaa,119c7355-b25d-47b4-bdcc-e2aece9c6e50
2736,388 Leppäkynnäs Katu,,Porvoo,Uusimaa,07350,Porvoo,5af96683-5b17-4dd8-b238-ab75287358ae
2737,212 Johans Katu Unit 12,,Helsinki,Uusimaa,00350,Helsinki,c78b68fc-8c98-4c81-9f86-805aa2de11d3
2738,438 Ahtinen Katu,,Helsinki,Uusimaa,00950,Helsinki,62e08d78-17d8-4a40-a65c-3aad510fb642
2739,1026 Turku Katu,,Helsinki,Uusimaa,00690,Helsinki,67b3b321-6fc8-40f9-a273-d4615e54bd5f
2740,421 Tistelgren Katu Suite 15,,Helsinki,Uusimaa,00690,Helsinki,5901be00-ac9c-4353-95cf-2824a601549e
2741,1025 Runnakko Katu Unit 95,,Espoo,Uusimaa,02280,Espoo,38a468d8-b9b2-41ce-a9b9-3ab5683dafa6
2742,1087 Valtoaho Katu Apt 62,,Helsinki,Uusimaa,00500,Helsinki,7192ea5a-fa23-4615-a9ad-3af5bd0fffa7
2743,518 Siiki Katu,,Helsinki,Uusimaa,00700,Helsinki,365ebe3f-a3df-4552-ae59-68ecf3f84ae8
2744,180 Salokannel Katu,,Raasepori,Uusimaa,10600,Raasepori,8f49cd96-8c38-40a5-869b-2faba96c59c2
2745,1045 Lähdeaho Katu Suite 23,,Espoo,Uusimaa,02240,Espoo,bc676215-5ae7-4550-98c0-160b784ae94c
2746,303 Kingelin Katu,,Raasepori,Uusimaa,10620,Raasepori,b1120a3a-bebd-4fa0-932b-d5539efc295e
2747,766 Ojavalli Katu,,Helsinki,Uusimaa,00670,Helsinki,39100fac-dd58-4a4e-8939-4b31d8e7c1b7
2748,466 Viipuri Katu Apt 94,,Vantaa,Uusimaa,01300,Vantaa,710c6aa0-32c8-409d-ae36-383798ceaec4
2749,857 Pyssysalo Katu,,Helsinki,Uusimaa,00930,Helsinki,24d68bb3-2850-4c4a-ad79-e4d44c35c5d5
2750,447 Lauttajärvi Katu,,Helsinki,Uusimaa,00720,Helsinki,7bfa2093-c900-4797-9bca-9714da837f4d
2751,181 Vanala Katu,,Espoo,Uusimaa,02760,Espoo,033aa8a2-1b73-459c-8d9e-01da6297b15d
2752,383 Sumioinen Katu,,Vantaa,Uusimaa,01700,Vantaa,e770c29c-0bee-481d-9979-8605b0a32018
2753,1079 Siippola Katu,,Mäntsälä,Uusimaa,04840,Mäntsälä,200b77b3-9d1b-4d64-8e81-bc792458006e
2754,617 Abdillahi Katu,,Siuntio,Uusimaa,02490,Siuntio,6e7d4334-ae35-4f43-bd9d-a715a2de23a7
2755,221 Ojaharju Katu,,Helsinki,Uusimaa,00440,Helsinki,415b1a42-fee1-49d2-bd38-88c2372abc8f
2756,678 Meriaho Katu,,Vantaa,Uusimaa,01480,Vantaa,6e521606-6230-4b15-8ef5-33a4a58b8070
2757,455 Korelin Katu Apt 32,,Vantaa,Uusimaa,01740,Vantaa,d5208348-b690-48c4-8b25-d32ad75b9304
2758,720 Valin Katu,,Espoo,Uusimaa,02340,Espoo,18bab419-a5af-4f3f-a59d-449c4cb6ce8b
2759,935 Tormilainen Katu,,Vantaa,Uusimaa,01340,Vantaa,81f98eb6-a334-478e-9916-458d34c2758c
2760,523 Attila Katu Unit 49,,Espoo,Uusimaa,02120,Espoo,d2ca3942-5238-48be-ac27-b4db3e52d25d
2761,1088 Peltomäki Katu,,Espoo,Uusimaa,02130,Espoo,8aff3c54-0b69-4058-ad45-bbc619c468dd
2762,562 Suur-Hamari Katu,,Espoo,Uusimaa,02620,Espoo,1f63251d-4fa4-4b79-9ca2-f97d71efe402
2763,946 Lahtomäki Katu,,Helsinki,Uusimaa,00680,Helsinki,38c8bd57-ec57-40b8-89ed-076501156ffc
2764,635 Haikonen Katu,,Vantaa,Uusimaa,01530,Vantaa,3d3d592f-39a2-4c13-b6a4-3b6f32cd10a4
2765,1097 Kotakorva Katu Apt 14,,Helsinki,Uusimaa,00880,Helsinki,66073bb3-ee78-47a5-9bcf-e23f0e6e2fe4
2766,534 Pirttijoki Katu Unit 31,,Espoo,Uusimaa,02160,Espoo,4b3e1d1c-673b-4625-94d2-066bc48b45c3
2767,878 Korkiatupa Katu Unit 27,,Helsinki,Uusimaa,00140,Helsinki,c1bbcb9d-b6ad-40fa-b89d-3fc407cae4c3
2768,598 Niilola Katu,,Espoo,Uusimaa,02210,Espoo,b62ed73d-6af6-46ca-ae58-a0f917c430a3
2769,585 Alatulkkila Katu,,Helsinki,Uusimaa,00240,Helsinki,fd1dc2ff-34cd-4319-b53e-25908a7cb312
2770,1085 Uusivuo Katu Unit 5,,Helsinki,Uusimaa,00160,Helsinki,d1ae7fc5-29c8-4350-a5dd-d557bd472a58
2771,642 Riitinki Katu,,Karkkila,Uusimaa,03710,Karkkila,3054d766-6350-46a4-a7b5-514e0aa06f2c
2772,805 Kurkimäki Katu,,Vantaa,Uusimaa,01680,Vantaa,cdd5fb2c-ee86-4380-a0d1-dbac12cf64a3
2773,1061 Tienvieri Katu,,Espoo,Uusimaa,02210,Espoo,df922524-b33c-4e95-88e0-da60cc7c65a2
2774,337 Abdulla Katu,,Vantaa,Uusimaa,01620,Vantaa,7b32fb95-8ac2-4c21-abd7-81b15a44c1d3
2775,905 Kohtamäki Katu Unit 93,,Vantaa,Uusimaa,01380,Vantaa,bd2de5f3-a0b3-4a7c-96cc-5fc9b65b934d
2776,657 Huitu Katu Unit 79,,Tuusula,Uusimaa,04300,Tuusula,08bd045d-c1af-46de-9273-0720239cd67f
2777,100 Massala Katu,,Espoo,Uusimaa,02760,Espoo,6b005209-000c-49cd-97a2-7d2676180fb7
2778,261 Puusaari Katu Unit 82,,Hyvinkää,Uusimaa,05810,Hyvinkää,b4bff347-5b6d-441f-8739-018ba66bbfea
2779,435 Hörman Katu,,Raasepori,Uusimaa,10350,Raasepori,57acc2ea-5a13-44ca-a284-87fcc228b723
2780,722 Aitta-aho Katu Apt 9,,Vantaa,Uusimaa,01650,Vantaa,71479b3a-ab8b-443d-a50f-7c8c461a7efa
2781,856 Brusi Katu,,Tuusula,Uusimaa,04300,Tuusula,f3af3bc4-adfb-4d9a-8f9e-eccb435bbc89
2782,162 Saareks Katu Suite 19,,Sipoo,Uusimaa,01120,Sipoo,e014e87d-204c-46bb-bda9-8eb533138848
2783,666 Sadiku Katu Apt 37,,Karkkila,Uusimaa,03600,Karkkila,b7ecadb1-b6a8-4984-a749-ba54ff7f2ed2
2784,763 Norrvik Katu Suite 93,,Helsinki,Uusimaa,00660,Helsinki,3e3d2c25-7bf7-45ea-b21b-4cefb6d9b273
2785,770 Sjöblad Katu,,Kauniainen,Uusimaa,02700,Kauniainen,656fd5dd-f3e4-4ae9-9539-79d2df9186ab
2786,1030 Himanen Katu,,Helsinki,Uusimaa,00550,Helsinki,9ff95b77-398a-4ddb-a71c-e1193badeb30
2787,164 Itälinna Katu,,Espoo,Uusimaa,02260,Espoo,8d16e673-9e3d-43bf-82f5-d7185fff947c
2788,1073 Kaalikoski Katu,,Hyvinkää,Uusimaa,05820,Hyvinkää,bc963c13-a675-4128-b47f-14ec73fb0a15
2789,1074 Valvio Katu Unit 68,,Helsinki,Uusimaa,00360,Helsinki,7d666f66-9e4c-43ff-bd23-a4873e448721
2790,538 Viljaniemi Katu,,Helsinki,Uusimaa,00620,Helsinki,1b8703e6-6808-4abf-81bb-6cbe83a7fd56
