person_id,gender_concept_id,year_of_birth,month_of_birth,day_of_birth,birth_datetime,race_concept_id,ethnicity_concept_id,location_id,provider_id,care_site_id,person_source_value,gender_source_value,gender_source_concept_id,race_source_value,race_source_concept_id,ethnicity_source_value,ethnicity_source_concept_id
2685,8507,1952,1,23,,8527,0,2685,,,b8246ecf-93ac-4c15-bb90-75b694aca030,M,0,white,0,nonhispanic,0
2686,8507,1994,7,9,,8527,0,2686,,,e9f8e043-349f-43d4-bc18-1c392b92cdb5,M,0,white,0,nonhispanic,0
2687,8507,1986,12,22,,8527,0,2687,,,987d8e87-a90a-41e2-8242-b47fbf0006fd,M,0,white,0,nonhispanic,0
2688,8532,1984,10,4,,8527,0,2688,,,fc320a7a-388f-4106-8990-19f51b2111db,F,0,white,0,nonhispanic,0
2689,8507,1980,8,16,,8527,0,2689,,,e8b21cb6-7f17-4039-9eab-6d6ac3ba2c09,M,0,white,0,nonhispanic,0
2690,8532,2015,5,17,,8527,0,2690,,,b6af6830-17ba-48de-befc-148b95de8eab,F,0,white,0,nonhispanic,0
2691,8507,1974,1,24,,8527,0,2691,,,061221bd-627f-44f3-9211-2374d2cd7cbe,M,0,white,0,nonhispanic,0
2692,8507,1971,2,26,,8527,0,2692,,,9c2fc5e9-212e-4e9a-9338-207af28f1e26,M,0,white,0,nonhispanic,0
2693,8532,2001,5,27,,8527,0,2693,,,86bccb1f-af04-47c6-af4e-80b0f4df96f9,F,0,white,0,nonhispanic,0
2694,8507,2008,10,18,,8527,0,2694,,,eac830ca-ff29-4fe3-855e-7b39990ab63e,M,0,white,0,nonhispanic,0
2695,8507,1994,9,10,,8527,0,2695,,,2a1f3eec-16f9-4a11-8a91-8813c0987cfe,M,0,white,0,nonhispanic,0
2696,8507,1989,5,19,,8527,0,2696,,,0f830f9b-2a8b-4873-9c4e-e68cd505e652,M,0,white,0,nonhispanic,0
2697,8507,1948,5,30,,8527,0,2697,,,b75e7166-66c0-4a85-8705-cd957659fd55,M,0,white,0,nonhispanic,0
2698,8507,1952,1,23,,8527,0,2698,,,8ce0df78-51c2-4373-9c7b-d820bddc6918,M,0,white,0,nonhispanic,0
2699,8507,2009,6,2,,8527,0,2699,,,41c2f51d-1183-4cc1-b3aa-a9a5307797c5,M,0,white,0,nonhispanic,0
2700,8507,1999,12,28,,8527,0,2700,,,39c13e43-55d6-4dde-a140-090ddacfd0c3,M,0,white,0,nonhispanic,0
2701,8532,2013,2,25,,8527,0,2701,,,9f47195d-74cb-4d5e-8984-19dc5e0c033d,F,0,white,0,nonhispanic,0
2702,8507,1929,8,17,,8527,0,2702,,,2083faff-8213-4418-9bc5-ff654eaa8be4,M,0,white,0,nonhispanic,0
2703,8532,1995,3,5,,8527,0,2703,,,58027ea7-15bf-449f-b05d-fc0e4f933f27,F,0,white,0,nonhispanic,0
2704,8532,1947,6,27,,8527,0,2704,,,beddf708-a3d7-4faa-b671-2efbb275456e,F,0,white,0,nonhispanic,0
2705,8507,1986,3,23,,8527,0,2705,,,ea003afa-2d4d-4d2a-b758-3335fc0bc310,M,0,white,0,nonhispanic,0
2706,8507,1978,12,6,,8527,0,2706,,,d089875c-3f92-4483-99a1-7de9ceb571cf,M,0,white,0,nonhispanic,0
2707,8507,1960,4,22,,8527,0,2707,,,b89f2284-e855-4b2d-a845-054db92a75f1,M,0,white,0,nonhispanic,0
2708,8532,1941,4,18,,8527,0,2708,,,ae1213b7-e78e-4d97-b5cc-767ad8ca3a9e,F,0,white,0,nonhispanic,0
2709,8507,1967,6,10,,8527,0,2709,,,ec88fde1-58e2-4079-b5be-85d126bf58fd,M,0,white,0,nonhispanic,0
2710,8532,2013,10,11,,8527,0,2710,,,e221c897-82f2-47dc-96b5-316516062dba,F,0,white,0,nonhispanic,0
2711,8532,1995,5,4,,8527,0,2711,,,67569683-4cec-4ed7-aae5-93b3913aeb60,F,0,white,0,nonhispanic,0
2712,8507,1992,2,2,,8527,0,2712,,,6ac7d105-bbd2-4104-a28d-cccba67bfd3b,M,0,white,0,nonhispanic,0
2713,8532,1957,12,15,,8527,0,2713,,,c50c0ef8-4ad4-4e2f-afc1-a0041c418b9f,F,0,white,0,nonhispanic,0
2714,8507,1992,3,3,,8527,0,2714,,,c232e1e7-4498-4eb2-9773-4536b4d89277,M,0,white,0,nonhispanic,0
2715,8532,2007,2,23,,8527,0,2715,,,f176607a-720b-4670-98f5-b6e797ee829f,F,0,white,0,nonhispanic,0
2716,8507,1969,11,12,,8527,0,2716,,,4089b901-6f8f-4d66-874b-3c329fa94117,M,0,white,0,nonhispanic,0
2717,8507,1929,8,17,,8527,0,2717,,,391ee029-f8f0-4ce6-a9be-f21e2da8b8ab,M,0,white,0,nonhispanic,0
2718,8532,1962,11,7,,8527,0,2718,,,7c4f28ec-45a1-4a14-882f-17d19408d986,F,0,white,0,nonhispanic,0
2719,8507,1960,9,18,,8527,0,2719,,,dda4db0c-6074-4677-873b-81280a60ca02,M,0,white,0,nonhispanic,0
2720,8507,1997,4,27,,8527,0,2720,,,8d9032e2-f20a-4c0f-96a3-0e31690a4a79,M,0,white,0,nonhispanic,0
2721,8532,1990,1,27,,8527,0,2721,,,201bc0db-41d6-4e7f-b973-51ece2ee1c9f,F,0,white,0,nonhispanic,0
2722,8507,1993,9,9,,8527,0,2722,,,65228240-7dac-45be-9a81-2aefa07f72c0,M,0,white,0,nonhispanic,0
2723,8507,1935,5,24,,8527,0,2723,,,f2c5c25b-e2df-4dce-a7fa-dbdbe286fddc,M,0,white,0,nonhispanic,0
2724,8507,1969,11,12,,8527,0,2724,,,d57ebf44-830f-436b-9f81-a8f4c61b8367,M,0,white,0,nonhispanic,0
2725,8532,1961,10,3,,8527,0,2725,,,ce5ea22f-4540-4dd0-ac05-ea1006e5abb8,F,0,white,0,nonhispanic,0
2726,8507,2005,6,26,,8527,0,2726,,,0281fcb2-f070-4702-9161-e528ef94f674,M,0,white,0,nonhispanic,0
2727,8507,1984,8,24,,8527,0,2727,,,cea25d67-8904-4abc-a740-88f9e5cc5ed8,M,0,white,0,nonhispanic,0
2728,8507,1957,10,19,,8527,0,2728,,,699448a2-8394-4b08-8770-a6c3de170bde,M,0,white,0,nonhispanic,0
2729,8507,1955,7,20,,8527,0,2729,,,64437f4f-3a5f-4d68-a6f2-ebf35b055d21,M,0,white,0,nonhispanic,0
2730,8507,1991,2,4,,8527,0,2730,,,5b2f0b61-7018-457c-88e2-2fff6d85ed30,M,0,white,0,nonhispanic,0
2731,8507,1975,12,6,,8527,0,2731,,,abafeded-7918-44d1-8a89-4c929295729b,M,0,white,0,nonhispanic,0
2732,8532,2011,11,21,,8527,0,2732,,,7226f5be-6e7c-47df-b8db-0c9331e6e576,F,0,white,0,nonhispanic,0
2733,8532,2010,11,26,,8527,0,2733,,,d6aba33b-a45f-4731-9e8b-903f93aeac85,F,0,white,0,nonhispanic,0
2734,8532,1975,5,15,,8527,0,2734,,,415bb2f7-6bdd-4456-a258-c4866f535388,F,0,white,0,nonhispanic,0
2735,8532,2016,5,22,,8527,0,2735,,,119c7355-b25d-47b4-bdcc-e2aece9c6e50,F,0,white,0,nonhispanic,0
2736,8532,1991,1,30,,8527,0,2736,,,5af96683-5b17-4dd8-b238-ab75287358ae,F,0,white,0,nonhispanic,0
2737,8532,1980,4,25,,8527,0,2737,,,c78b68fc-8c98-4c81-9f86-805aa2de11d3,F,0,white,0,nonhispanic,0
2738,8507,1981,4,4,,8527,0,2738,,,62e08d78-17d8-4a40-a65c-3aad510fb642,M,0,white,0,nonhispanic,0
2739,8507,2012,8,25,,8527,0,2739,,,67b3b321-6fc8-40f9-a273-d4615e54bd5f,M,0,white,0,nonhispanic,0
2740,8507,1985,11,5,,8527,0,2740,,,5901be00-ac9c-4353-95cf-2824a601549e,M,0,white,0,nonhispanic,0
2741,8532,2012,5,23,,8527,0,2741,,,38a468d8-b9b2-41ce-a9b9-3ab5683dafa6,F,0,white,0,nonhispanic,0
2742,8532,1993,4,7,,8527,0,2742,,,7192ea5a-fa23-4615-a9ad-3af5bd0fffa7,F,0,white,0,nonhispanic,0
2743,8532,1982,8,11,,8527,0,2743,,,365ebe3f-a3df-4552-ae59-68ecf3f84ae8,F,0,white,0,nonhispanic,0
2744,8532,1995,3,20,,8527,0,2744,,,8f49cd96-8c38-40a5-869b-2faba96c59c2,F,0,white,0,nonhispanic,0
2745,8532,1987,7,8,,8527,0,2745,,,bc676215-5ae7-4550-98c0-160b784ae94c,F,0,white,0,nonhispanic,0
2746,8532,2005,8,4,,8527,0,2746,,,b1120a3a-bebd-4fa0-932b-d5539efc295e,F,0,white,0,nonhispanic,0
2747,8507,1981,3,5,,8527,0,2747,,,39100fac-dd58-4a4e-8939-4b31d8e7c1b7,M,0,white,0,nonhispanic,0
2748,8532,1937,10,17,,8527,0,2748,,,710c6aa0-32c8-409d-ae36-383798ceaec4,F,0,white,0,nonhispanic,0
2749,8532,1983,9,24,,8527,0,2749,,,24d68bb3-2850-4c4a-ad79-e4d44c35c5d5,F,0,white,0,nonhispanic,0
2750,8507,1929,11,27,,8527,0,2750,,,7bfa2093-c900-4797-9bca-9714da837f4d,M,0,white,0,nonhispanic,0
2751,8532,1989,7,31,,8527,0,2751,,,033aa8a2-1b73-459c-8d9e-01da6297b15d,F,0,white,0,nonhispanic,0
2752,8532,1978,4,1,,8527,0,2752,,,e770c29c-0bee-481d-9979-8605b0a32018,F,0,white,0,nonhispanic,0
2753,8532,1978,4,13,,8527,0,2753,,,200b77b3-9d1b-4d64-8e81-bc792458006e,F,0,white,0,nonhispanic,0
2754,8532,1974,1,9,,8527,0,2754,,,6e7d4334-ae35-4f43-bd9d-a715a2de23a7,F,0,white,0,nonhispanic,0
2755,8532,1956,11,18,,8527,0,2755,,,415b1a42-fee1-49d2-bd38-88c2372abc8f,F,0,white,0,nonhispanic,0
2756,8532,1966,4,22,,8527,0,2756,,,6e521606-6230-4b15-8ef5-33a4a58b8070,F,0,white,0,nonhispanic,0
2757,8507,2000,10,17,,8527,0,2757,,,d5208348-b690-48c4-8b25-d32ad75b9304,M,0,white,0,nonhispanic,0
2758,8507,1991,3,4,,8527,0,2758,,,18bab419-a5af-4f3f-a59d-449c4cb6ce8b,M,0,white,0,nonhispanic,0
2759,8507,1997,2,1,,8527,0,2759,,,81f98eb6-a334-478e-9916-458d34c2758c,M,0,white,0,nonhispanic,0
2760,8532,2014,5,25,,8527,0,2760,,,d2ca3942-5238-48be-ac27-b4db3e52d25d,F,0,white,0,nonhispanic,0
2761,8507,2000,5,5,,8527,0,2761,,,8aff3c54-0b69-4058-ad45-bbc619c468dd,M,0,white,0,nonhispanic,0
2762,8532,1985,7,30,,8527,0,2762,,,1f63251d-4fa4-4b79-9ca2-f97d71efe402,F,0,white,0,nonhispanic,0
2763,8507,1999,12,27,,8527,0,2763,,,38c8bd57-ec57-40b8-89ed-076501156ffc,M,0,white,0,nonhispanic,0
2764,8507,1961,11,29,,8527,0,2764,,,3d3d592f-39a2-4c13-b6a4-3b6f32cd10a4,M,0,white,0,nonhispanic,0
2765,8507,1987,5,1,,8527,0,2765,,,66073bb3-ee78-47a5-9bcf-e23f0e6e2fe4,M,0,white,0,nonhispanic,0
2766,8532,1944,2,10,,8527,0,2766,,,4b3e1d1c-673b-4625-94d2-066bc48b45c3,F,0,white,0,nonhispanic,0
2767,8507,1967,2,9,,8527,0,2767,,,c1bbcb9d-b6ad-40fa-b89d-3fc407cae4c3,M,0,white,0,nonhispanic,0
2768,8532,1975,10,9,,8527,0,2768,,,b62ed73d-6af6-46ca-ae58-a0f917c430a3,F,0,white,0,nonhispanic,0
2769,8532,1988,8,24,,8527,0,2769,,,fd1dc2ff-34cd-4319-b53e-25908a7cb312,F,0,white,0,nonhispanic,0
2770,8532,1989,6,25,,8527,0,2770,,,d1ae7fc5-29c8-4350-a5dd-d557bd472a58,F,0,white,0,nonhispanic,0
2771,8507,1965,4,27,,8527,0,2771,,,3054d766-6350-46a4-a7b5-514e0aa06f2c,M,0,white,0,nonhispanic,0
2772,8507,1990,3,18,,8527,0,2772,,,cdd5fb2c-ee86-4380-a0d1-dbac12cf64a3,M,0,white,0,nonhispanic,0
2773,8532,1979,7,23,,8527,0,2773,,,df922524-b33c-4e95-88e0-da60cc7c65a2,F,0,white,0,nonhispanic,0
2774,8507,1974,6,11,,8527,0,2774,,,7b32fb95-8ac2-4c21-abd7-81b15a44c1d3,M,0,white,0,nonhispanic,0
2775,8532,1980,1,2,,8527,0,2775,,,bd2de5f3-a0b3-4a7c-96cc-5fc9b65b934d,F,0,white,0,nonhispanic,0
2776,8507,1993,11,29,,8527,0,2776,,,08bd045d-c1af-46de-9273-0720239cd67f,M,0,white,0,nonhispanic,0
2777,8507,1974,3,2,,8527,0,2777,,,6b005209-000c-49cd-97a2-7d2676180fb7,M,0,white,0,nonhispanic,0
2778,8507,1963,8,1,,8527,0,2778,,,b4bff347-5b6d-441f-8739-018ba66bbfea,M,0,white,0,nonhispanic,0
2779,8507,1939,6,17,,8527,0,2779,,,57acc2ea-5a13-44ca-a284-87fcc228b723,M,0,white,0,nonhispanic,0
2780,8507,1959,5,16,,8527,0,2780,,,71479b3a-ab8b-443d-a50f-7c8c461a7efa,M,0,white,0,nonhispanic,0
2781,8532,1984,10,15,,8527,0,2781,,,f3af3bc4-adfb-4d9a-8f9e-eccb435bbc89,F,0,white,0,nonhispanic,0
2782,8532,1961,10,31,,8527,0,2782,,,e014e87d-204c-46bb-bda9-8eb533138848,F,0,white,0,nonhispanic,0
2783,8532,1974,4,18,,8527,0,2783,,,b7ecadb1-b6a8-4984-a749-ba54ff7f2ed2,F,0,white,0,nonhispanic,0
2784,8532,1990,6,20,,8527,0,2784,,,3e3d2c25-7bf7-45ea-b21b-4cefb6d9b273,F,0,white,0,nonhispanic,0
2785,8507,1977,6,26,,8527,0,2785,,,656fd5dd-f3e4-4ae9-9539-79d2df9186ab,M,0,white,0,nonhispanic,0
2786,8532,1991,8,5,,8527,0,2786,,,9ff95b77-398a-4ddb-a71c-e1193badeb30,F,0,white,0,nonhispanic,0
2787,8507,1974,3,2,,8527,0,2787,,,8d16e673-9e3d-43bf-82f5-d7185fff947c,M,0,white,0,nonhispanic,0
2788,8507,1963,8,1,,8527,0,2788,,,bc963c13-a675-4128-b47f-14ec73fb0a15,M,0,white,0,nonhispanic,0
2789,8507,1953,1,17,,8527,0,2789,,,7d666f66-9e4c-43ff-bd23-a4873e448721,M,0,white,0,nonhispanic,0
2790,8507,1953,1,17,,8527,0,2790,,,1b8703e6-6808-4abf-81bb-6cbe83a7fd56,M,0,white,0,nonhispanic,0
