location_id,address_1,address_2,city,state,zip,county,location_source_value
4128,1059 Rimali Katu Suite 84,,Mäntsälä,Uusimaa,04820,Mäntsälä,acfd7772-7619-406b-bd3e-fd9213181c4d
4129,226 Kalkela Katu Apt 21,,Espoo,Uusimaa,02720,Espoo,cb5e9d08-71e9-4da9-90cc-45171cdac23e
4130,476 Lauraeus Katu Unit 20,,Helsinki,Uusimaa,00250,Helsinki,c9648bd6-8e4b-42dd-ae78-a69d009b5ccd
4131,822 Maavirta Katu Suite 94,,Järvenpää,Uusimaa,04430,Järvenpää,77cda4e2-91e3-4fd9-8a25-5ad226900458
4132,218 Perkiökangas Katu Unit 66,,Kauniainen,Uusimaa,02700,Kauniainen,cfdecc37-d9ad-4891-aa7a-f8a890f207ff
4133,123 Frusti Katu Suite 75,,Hyvinkää,Uusimaa,05810,Hyvinkää,9b8a82c4-2c38-435a-bb98-3321dcc697f8
4134,798 Vuopala Katu Suite 54,,Vantaa,Uusimaa,01420,Vantaa,52aa335c-0508-4632-86d8-824e69df708d
4135,835 Silius Katu Unit 56,,Lohja,Uusimaa,09520,Lohja,821cc792-7258-4187-bf15-b29fdc6ac461
4136,760 Kielosto Katu Suite 17,,Helsinki,Uusimaa,00630,Helsinki,ee064682-5e40-4801-a4fd-b22fa0a1dc00
4137,391 Okkonen Katu,,Hyvinkää,Uusimaa,05880,Hyvinkää,708c8187-87ca-41a6-992e-83551566c81d
4138,174 Mäkiniemi Katu,,Helsinki,Uusimaa,00420,Helsinki,7c786168-a99e-47d4-be53-e1ff2adeafce
4139,310 Lihr Katu,,Helsinki,Uusimaa,00440,Helsinki,dcd5a754-b9bb-420a-b730-58c11f7532e9
4140,142 Korjansalo Katu Unit 66,,Lohja,Uusimaa,08150,Lohja,bf7f9e85-9d8d-4297-899e-9035c1ef5fad
4141,202 Kyntäjä Katu,,Espoo,Uusimaa,02620,Espoo,5d04f0fb-ce77-48bb-a382-f79e04d715e6
4142,565 Hietula Katu,,Lohja,Uusimaa,08150,Lohja,48972980-f755-4ce1-b165-46b1a09d1521
4143,731 Wallén Katu,,Espoo,Uusimaa,02660,Espoo,fd977778-558c-4001-850e-a3827ba55234
4144,669 Jokiperä Katu Unit 84,,Vantaa,Uusimaa,01200,Vantaa,ead035b4-4db5-4d9e-be5d-735e721cbbbb
4145,765 Vuolukka Katu,,Helsinki,Uusimaa,00410,Helsinki,89b1e9de-d6f3-424d-92f2-dd5fb68e282d
4146,1047 Välkkilä Katu Apt 30,,Helsinki,Uusimaa,00300,Helsinki,86de062c-3771-4c95-a2c7-871b5803f030
4147,566 Poimaa Katu Apt 72,,Espoo,Uusimaa,02660,Espoo,22b816ef-fd1a-4119-8fa9-f5b1199b0fad
4148,353 Vetola Katu,,Vantaa,Uusimaa,01680,Vantaa,49492bc7-2bbc-49bc-b9dc-ccdbfb596200
4149,125 Gallén Katu,,Nurmijärvi,Uusimaa,05100,Nurmijärvi,c51530f9-eeae-472a-ae06-5ea97d1b2641
4150,442 Vinblad Katu Suite 26,,Espoo,Uusimaa,02210,Espoo,5c0ffb9d-dc6a-4282-9edc-7d74249eea85
4151,815 Lehmann Katu,,Helsinki,Uusimaa,00670,Helsinki,aa0162cd-9c8e-4580-8ec1-5909334d4b11
4152,407 Sievilä Katu Suite 82,,Helsinki,Uusimaa,00340,Helsinki,ccd11ad9-2a9e-4af6-af8b-33dd59d509a6
4153,1084 Hangasmäki Katu Suite 37,,Kirkkonummi,Uusimaa,02410,Kirkkonummi,881d9ac8-fad0-4807-b589-f9c716b2c4f4
4154,871 Latosaari Katu Unit 20,,Espoo,Uusimaa,02270,Espoo,acd039ef-8462-4e34-be85-6f125444ee38
4155,928 Hankia Katu,,Helsinki,Uusimaa,00780,Helsinki,ab20c0fc-957c-49a2-ac9e-e98fdb304303
4156,308 Rönning Katu,,Kauniainen,Uusimaa,02700,Kauniainen,49da6d9a-c6e4-40f3-be2d-3094a1e4551c
4157,759 Hahl Katu,,Helsinki,Uusimaa,00520,Helsinki,2841c130-3a04-4826-9901-2537dc88c7c0
4158,569 Laukka Katu Suite 9,,Vantaa,Uusimaa,01650,Vantaa,011a151c-3d7d-4952-86ca-ddc9847c21f7
4159,586 Viukari Katu Suite 61,,Hanko,Uusimaa,10900,Hanko,6c92ba21-c795-4a39-80ff-13d538bcd370
4160,147 Poutanen Katu,,Tuusula,Uusimaa,04340,Tuusula,ad139c20-bdc4-48b2-920f-1468ca749503
4161,154 Huttula Katu,,Helsinki,Uusimaa,00940,Helsinki,db2442f1-b420-46b7-91cb-2e2ff5578ac6
4162,657 Vallas Katu Unit 63,,Espoo,Uusimaa,02240,Espoo,09961169-3321-432a-99f5-4638aa3a4029
4163,986 Liekkinen Katu Suite 30,,Helsinki,Uusimaa,00800,Helsinki,4dd102b6-0eec-4b3f-8747-3562a513ad7e
4164,968 Kerokoski Katu Apt 55,,Helsinki,Uusimaa,00680,Helsinki,4e6567ed-ec19-43c9-905d-188a58d3c2ed
4165,183 Laitio Katu,,Vantaa,Uusimaa,01280,Vantaa,2b2130c5-541d-4493-ad6f-20be333cda6d
4166,170 Viinikangas Katu,,Vantaa,Uusimaa,01770,Vantaa,fe725240-23b3-4165-9bdc-0f49f1395dfb
4167,1052 Huhtahaara Katu Apt 36,,Kerava,Uusimaa,04260,Kerava,2b19d587-73c6-4fc5-934b-b7b0dc261294
4168,126 Asiainen Katu Unit 73,,Espoo,Uusimaa,02980,Espoo,4cc2467b-faa5-4909-a0ff-f658e3e34451
4169,574 Puuri Katu Suite 19,,Vantaa,Uusimaa,01710,Vantaa,50bb3795-96a7-44c4-a6b4-0b74e6070d93
4170,625 Watts Katu Unit 52,,Kerava,Uusimaa,04220,Kerava,04328ee5-dc93-471d-9b99-fb1712508916
4171,1071 Vyhtinen Katu Apt 97,,Helsinki,Uusimaa,00870,Helsinki,a7e336e4-cdca-4fa6-a541-59aa317fa8d7
4172,298 Al-Essa Katu Apt 61,,Helsinki,Uusimaa,00440,Helsinki,90cfbf84-a054-486b-93d4-f56be6acc0f6
4173,604 Kianen Katu Suite 75,,Tuusula,Uusimaa,04300,Tuusula,0b5f8ad5-cc58-4bb9-88fb-4fcf4cb0c0c4
4174,747 Luonuansuu Katu Apt 2,,Vantaa,Uusimaa,01340,Vantaa,ecd6a691-4156-4d9d-bbea-2e9faa938279
4175,433 Syrjä Katu,,Helsinki,Uusimaa,00120,Helsinki,14c97af9-2cb9-4775-b7ac-4ea92081b558
4176,459 Toljamo Katu,,Helsinki,Uusimaa,00600,Helsinki,5e207dc0-204e-43f4-9514-f546ba3ec474
4177,481 Atkins Katu Unit 37,,Nurmijärvi,Uusimaa,05250,Nurmijärvi,e3fa4445-21b9-42f1-8316-aaec1d61ed21
4178,535 Kesälahti Katu Unit 73,,Espoo,Uusimaa,02680,Espoo,4779238c-0841-4131-a2f9-dc43fb8d6ce4
4179,612 Leman Katu Suite 8,,Espoo,Uusimaa,02650,Espoo,66778d84-fac2-4bce-b5ad-4b41dee0a766
4180,333 Kööpikkä Katu Apt 3,,Helsinki,Uusimaa,00900,Helsinki,3b70e90a-2c82-455b-98f8-767ee3ff355d
4181,134 Ruosteenoja Katu,,Helsinki,Uusimaa,00530,Helsinki,b6413621-2ff4-4461-ab16-55c9d7b6c5d0
4182,917 Uponen Katu,,Nurmijärvi,Uusimaa,01800,Nurmijärvi,04414a90-96a1-46bb-8389-38f052af2544
4183,239 Kurjenniemi Katu Suite 92,,Tuusula,Uusimaa,04330,Tuusula,aa133cc7-4620-4910-86b5-7a27a8caf2ce
4184,376 Kinkki Katu,,Vantaa,Uusimaa,01280,Vantaa,eb98f3e3-98e6-4372-b462-7bb14ecf1893
4185,562 Peritalo Katu,,Pornainen,Uusimaa,07190,Pornainen,ce3b4519-fd73-4ae2-9c6a-a0a858f727e2
4186,1012 Nikanto Katu Apt 82,,Helsinki,Uusimaa,00120,Helsinki,468028f2-5b37-48cb-8887-e1c740e2623c
4187,824 Palmroos Katu Unit 76,,Helsinki,Uusimaa,00250,Helsinki,d5fd29c7-6e8c-4635-867c-95a570c3ed8a
4188,628 Seestie Katu,,Helsinki,Uusimaa,00390,Helsinki,ba4e60f5-657e-48b6-a6ab-74041ea6b7a3
4189,298 Lintelä Katu Suite 49,,Lohja,Uusimaa,08480,Lohja,98be60dc-729d-4b15-835c-b4e0ab16848c
4190,334 Lintusaari Katu Unit 93,,Helsinki,Uusimaa,00980,Helsinki,d9a23e59-e069-4d30-b5eb-683c24e81408
4191,507 Jyrkkiö Katu Suite 70,,Espoo,Uusimaa,02780,Espoo,a7b56a7a-e0d3-409c-9390-8109d170cd0e
4192,102 Parkkisenniemi Katu,,Järvenpää,Uusimaa,04440,Järvenpää,a0701ef3-6a06-4a5f-8e97-adcf56cb4542
4193,360 Suopajärvi Katu,,Tuusula,Uusimaa,04370,Tuusula,6b71fecb-34c6-4053-968c-32fbe43f1a29
4194,319 Jänne Katu Unit 99,,Helsinki,Uusimaa,00240,Helsinki,55a0bf2e-e6c8-42ab-817b-f97419b3a953
4195,1097 Roine Katu Apt 91,,Kerava,Uusimaa,04220,Kerava,bc074483-7a28-4e79-ad05-012a445f9201
4196,370 Oksaharju Katu,,Vantaa,Uusimaa,01450,Vantaa,982014c1-632f-498c-a65e-256f029cd5da
4197,545 Laisaari Katu,,Helsinki,Uusimaa,00140,Helsinki,2f15bb4c-e3dc-4e6b-a5eb-b43fbc09d67c
4198,653 Hanhinen Katu Suite 58,,Vantaa,Uusimaa,01300,Vantaa,9dfa20d9-9aec-455b-a820-2abce786594d
4199,268 Kyötikki Katu,,Helsinki,Uusimaa,00190,Helsinki,c58fd178-66c4-4118-a90c-65d075f9780c
4200,415 Romppanen Katu,,Helsinki,Uusimaa,00670,Helsinki,2cf36914-4ee0-4515-afde-d2d0b6366d7e
4201,577 Falk Katu,,Helsinki,Uusimaa,00140,Helsinki,86489b56-49a9-4044-b569-bebe2ffa91fd
4202,228 Laesvuori Katu,,Raasepori,Uusimaa,10470,Raasepori,555030d9-a5d1-4181-b5a6-470e07aa8497
4203,920 Humaloja Katu,,Helsinki,Uusimaa,00970,Helsinki,db52f752-794f-4051-84fe-095bdda3a71e
4204,622 Suvanto Katu,,Helsinki,Uusimaa,00400,Helsinki,966aaf86-03be-48c7-92a2-0ec0c130f4ed
4205,306 Antikainen Katu,,Espoo,Uusimaa,02340,Espoo,34fe686d-6672-4528-8bbc-db1da5249fed
4206,400 Alakarhu Katu,,Helsinki,Uusimaa,00660,Helsinki,0911a9c1-cac6-4a9e-a5cb-e8d75504f452
4207,837 Löf Katu Suite 18,,Porvoo,Uusimaa,07310,Porvoo,752f6ee3-e6b9-485a-a71d-7763890093b1
4208,471 Ruostetoja Katu,,Helsinki,Uusimaa,00100,Helsinki,e9aefcb2-1917-4366-8d14-e9b6b1f2deae
4209,387 Astala Katu Apt 23,,Raasepori,Uusimaa,10680,Raasepori,f6440be9-ca2a-47ef-babb-a0d0424dc416
4210,450 Jussilainen Katu,,Helsinki,Uusimaa,00370,Helsinki,951f425e-3360-480e-8955-43bc8b980ec2
4211,671 Lipitsäinen Katu,,Nurmijärvi,Uusimaa,01860,Nurmijärvi,887c739d-d9ec-44ae-b8fb-7807303518d7
4212,784 Vahlberg Katu,,Järvenpää,Uusimaa,04410,Järvenpää,34242169-399f-4adb-9449-5004cf54ecc9
4213,947 Järviaho Katu Suite 79,,Kirkkonummi,Uusimaa,02450,Kirkkonummi,e13e7758-7192-48bb-bd1a-b7facbfd856e
4214,798 Jerkku Katu Suite 71,,Vantaa,Uusimaa,01450,Vantaa,84413d09-879c-4d65-920d-8ae54c45df55
4215,956 Jousa Katu Apt 89,,Helsinki,Uusimaa,00870,Helsinki,49bb818e-6360-4154-9357-0bea7dade06e
4216,681 Piilikangas Katu Suite 13,,Helsinki,Uusimaa,00760,Helsinki,d8f89147-3427-4d5c-b78f-9eb3a287d419
4217,317 Kojola Katu Unit 66,,Hyvinkää,Uusimaa,05620,Hyvinkää,8879d43e-5908-4996-ae1c-5ea63ae2f9a5
4218,511 Ryynänen Katu Suite 72,,Vihti,Uusimaa,03320,Vihti,16b8add0-a1ef-4c7d-a1d8-cb6117515c66
4219,729 Turpeinen Katu Apt 8,,Helsinki,Uusimaa,00950,Helsinki,4279624d-07fa-42df-850e-115aaf1698c7
4220,858 Merkkiniemi Katu Unit 83,,Kerava,Uusimaa,04230,Kerava,7ad2a3d6-a117-47ce-b537-d7047c817a55
4221,743 Yli-Länttä Katu Apt 96,,Vantaa,Uusimaa,01630,Vantaa,d1843a94-a10a-4357-93f1-ca024966dfdf
4222,261 Näyhä Katu Unit 63,,Järvenpää,Uusimaa,04400,Järvenpää,54507060-768c-49f2-b455-9fc87d95472f
4223,528 Särkimäki Katu,,Kirkkonummi,Uusimaa,02470,Kirkkonummi,1218fc59-309a-49ee-98be-aef5b248c42a
4224,510 Tunturila Katu,,Helsinki,Uusimaa,00640,Helsinki,aef6448c-c06a-48e0-917f-1edde02dd69b
4225,461 Cavenius Katu Suite 23,,Vantaa,Uusimaa,01260,Vantaa,cde58499-a7e8-43ff-971b-5051d07e0836
4226,865 Demirel Katu,,Helsinki,Uusimaa,00840,Helsinki,ae8a022f-c198-4150-8001-61df62bb9402
4227,462 Jyväkorpi Katu,,Hyvinkää,Uusimaa,05880,Hyvinkää,4aee02fb-ee15-41e9-92da-6a95bf3012d0
4228,988 Tollola Katu,,Loviisa,Uusimaa,07700,Loviisa,9fa4dcfb-ab36-4b81-8295-93166b4be586
4229,974 Vuoto Katu Apt 16,,Helsinki,Uusimaa,00770,Helsinki,e2297268-1612-44c4-9d47-5e4cf8e79db5
4230,116 Palmgrén Katu,,Askola,Uusimaa,07230,Askola,a5d775b7-d91e-42ec-a37a-6291d00eb51a
4231,541 Snårbacka Katu Apt 9,,Helsinki,Uusimaa,00130,Helsinki,3944027e-a4b9-4cfb-8ca4-e52718c2659f
4232,780 Lindgrén Katu,,Askola,Uusimaa,07580,Askola,2a01d8ab-ff27-4c61-a150-c11afe43dee8
