location_id,address_1,address_2,city,state,zip,county,location_source_value
517,126 Kautiala Katu,,Helsinki,Uusimaa,00150,Helsinki,9ed187bc-beeb-47e6-a469-aa7cd0c42c52
518,225 Nakkula Katu,,Helsinki,Uusimaa,00420,Helsinki,4a96e71a-989a-4621-b418-f7f34b3fe87b
519,472 Hatinen Katu Unit 1,,Helsinki,Uusimaa,00590,Helsinki,663f97ce-a6f8-4085-98cb-d5a8f9cb9270
520,482 Thun Katu,,Helsinki,Uusimaa,00360,Helsinki,40bdd9f7-4c51-453f-a416-fe743662012b
521,856 Talasmo Katu Apt 62,,Espoo,Uusimaa,02180,Espoo,bb36c886-9f14-4297-a251-a481149647fb
522,461 Mörk Katu Apt 95,,Vantaa,Uusimaa,01280,Vantaa,718ec8dc-c157-4487-af60-b3b12758373d
523,636 Haaja Katu,,Kirkkonummi,Uusimaa,02440,Kirkkonummi,2ec686b7-57d8-4f71-9c04-79a109c08312
524,860 Graeffe Katu,,Helsinki,Uusimaa,00930,Helsinki,2537b1d4-7285-4ca6-b93b-aa806dee9a07
525,999 Sarviharju Katu,,Helsinki,Uusimaa,00240,Helsinki,82f44313-9a18-45de-8032-dfc6fa57f67e
526,669 Sahlström Katu,,Helsinki,Uusimaa,00550,Helsinki,bc41b8b1-8a4c-443d-af93-576d703c4c7e
527,601 Lillkvist Katu Apt 9,,Helsinki,Uusimaa,00440,Helsinki,0104085b-2955-414f-9a7a-a1fe4ae86e46
528,306 Merta Katu,,Karkkila,Uusimaa,03710,Karkkila,3b48d3f5-9761-4c94-b688-46947fdb0722
529,271 Wathén Katu Unit 10,,Hyvinkää,Uusimaa,05880,Hyvinkää,6a5f5c2f-4a35-4066-9347-9fd15db371b8
530,775 Viitakangas Katu Apt 35,,Hyvinkää,Uusimaa,05840,Hyvinkää,0117abd6-54e4-43e6-b646-68e4e268e47a
531,211 Sysi-Aho Katu,,Espoo,Uusimaa,02250,Espoo,b958fd97-5e75-4ab1-acde-a63cf0827b01
532,647 Rannanjärvi Katu,,Mäntsälä,Uusimaa,04940,Mäntsälä,8c4a00d0-41b1-4fa4-b6a2-aad4d831b873
533,641 Rasi Katu Apt 87,,Kerava,Uusimaa,04250,Kerava,b8cbb97b-7ad8-4e31-9d44-8aa2fc78604c
534,788 Fogelström Katu,,Nurmijärvi,Uusimaa,01820,Nurmijärvi,71e0aad0-c3f8-4976-acb6-af1268305d67
535,754 Nybjörk Katu Suite 53,,Helsinki,Uusimaa,00200,Helsinki,fa2fb38e-afb3-48d9-a2a0-e99ded8409df
536,183 Vakkari Katu,,Vantaa,Uusimaa,01370,Vantaa,63e204df-8427-43bc-900e-d7cdb7f840f7
537,860 Vesander Katu,,Helsinki,Uusimaa,00820,Helsinki,d5e7d5de-f3f7-4f46-8f96-a6891fefa99f
538,491 Pirttimaa Katu Unit 19,,Vihti,Uusimaa,03300,Vihti,113a2a6f-8960-4931-974a-07a4e433df90
539,456 Rekola Katu,,Vantaa,Uusimaa,01230,Vantaa,74579bc3-e950-4cdb-aa3f-b485dc1fead9
540,981 Åkerblad Katu,,Helsinki,Uusimaa,00510,Helsinki,c794731e-4b27-4e4f-bfb2-241fdb4d174e
541,431 Sinikumpu Katu,,Helsinki,Uusimaa,00930,Helsinki,1625ecf6-834d-4f57-8d42-471133809baf
542,832 Hartman Katu Unit 89,,Pornainen,Uusimaa,07170,Pornainen,f27b0980-e3da-4bb3-963e-b364c736d9a6
543,533 Kotiaho Katu Unit 19,,Espoo,Uusimaa,02620,Espoo,acda562d-4cb0-4260-934c-59a98bb5e8a0
544,373 Vaajanen Katu Unit 52,,Tuusula,Uusimaa,04370,Tuusula,afe90de7-622b-4fcb-a54b-92db1e4d883f
545,914 Baer Katu,,Helsinki,Uusimaa,00880,Helsinki,b830533c-a30e-4bbc-96fc-73c7c983d566
546,587 Noopila Katu Apt 66,,Espoo,Uusimaa,02100,Espoo,9289e997-7e7e-4c32-9a9c-22d4e905c561
547,491 Rajakorpi Katu Suite 74,,Helsinki,Uusimaa,00500,Helsinki,ed95b61f-660f-489c-b8f0-84687d50eb92
548,327 Paulasaari Katu,,Helsinki,Uusimaa,00430,Helsinki,3b25a2d5-86b2-4e4e-a7cb-c40983bf8010
549,913 Hamberg Katu Unit 10,,Vantaa,Uusimaa,01720,Vantaa,79738cc6-f547-4103-80a5-e2086ef7fa32
550,422 Kursukangas Katu,,Lohja,Uusimaa,09120,Lohja,2746b166-0758-424a-abd1-0f16ee26438e
551,306 Pohja Katu Suite 0,,Helsinki,Uusimaa,00900,Helsinki,9507e236-3ba4-4a5c-8c1b-a44272927954
552,430 Piirtola Katu,,Lohja,Uusimaa,08150,Lohja,2fe27989-e36c-4db1-82c8-d58281a16dad
553,468 Linde Katu Unit 20,,Helsinki,Uusimaa,00130,Helsinki,8051e14f-52da-447f-8ad7-d68ba4c727d7
554,963 Santalo Katu,,Lohja,Uusimaa,09430,Lohja,f2a285c8-70b4-4af2-bf23-62f94043e135
555,601 Puputti Katu Suite 84,,Helsinki,Uusimaa,00300,Helsinki,27c49162-4c48-4830-93cb-dd7bb16e0115
556,197 Grant Katu,,Vantaa,Uusimaa,01760,Vantaa,fe886184-a388-4d72-9cb9-1a24aa30a1d5
557,783 Kemppinen Katu,,Raasepori,Uusimaa,10440,Raasepori,6d28a374-a316-4af7-bb27-e6d4807f857a
558,824 Paavisto Katu,,Espoo,Uusimaa,02300,Espoo,8590e191-a991-47af-8edb-69841f2e071e
559,582 Hirviniemi Katu Suite 43,,Lohja,Uusimaa,09220,Lohja,59ef1529-4de4-401f-a129-f9fadb01fec8
560,825 Greijer Katu,,Helsinki,Uusimaa,00310,Helsinki,52591a48-2251-451e-97e7-6f19f51ff246
561,184 Visala Katu,,Espoo,Uusimaa,02300,Espoo,2782980a-6bb7-4451-9d1a-3c4fc09d8bcc
562,302 Cox Katu,,Helsinki,Uusimaa,00900,Helsinki,334931e6-a1c3-4ba5-8a32-91ea4dd3c0a4
563,721 Halko Katu,,Helsinki,Uusimaa,00720,Helsinki,ca359753-712c-46a4-abc6-f3cf737eebca
564,1049 Fischer Katu Suite 79,,Espoo,Uusimaa,02140,Espoo,377176ea-0ed6-4ce7-a6ea-e5e3a6ef4416
565,450 Vähä-Ypyä Katu Suite 62,,Helsinki,Uusimaa,00540,Helsinki,08769a48-2c69-4b63-b9c3-50b2862f9fd9
566,487 Turva Katu Unit 22,,Espoo,Uusimaa,02100,Espoo,94ba58f4-d57a-4ba1-a93c-5d6ab7440aa0
567,881 Kosola Katu,,Helsinki,Uusimaa,00130,Helsinki,39ec648f-8512-4e4f-8589-094c7262c80a
568,112 Kolppanen Katu,,Helsinki,Uusimaa,00530,Helsinki,b9fda069-6c93-42bc-adf4-91725d29b7e0
569,598 Uitto Katu Apt 35,,Loviisa,Uusimaa,07910,Loviisa,8f136537-121a-4921-adc3-461241b085f4
570,464 Väänänen Katu,,Helsinki,Uusimaa,00890,Helsinki,9f8cd471-fc54-4d1f-9769-2cae0524069e
571,925 Ahrens Katu,,Nurmijärvi,Uusimaa,01830,Nurmijärvi,e463293a-bb16-4fa5-a5f7-dcf4febd68aa
572,1002 Koskimaa Katu Apt 40,,Järvenpää,Uusimaa,04430,Järvenpää,74d076f1-5228-4a9d-8eca-4b65cca88d65
573,750 Ridell Katu,,Vihti,Uusimaa,03250,Vihti,53fba0a3-89f6-4894-9291-b701783c0150
574,464 Siurua Katu,,Helsinki,Uusimaa,00570,Helsinki,3d52ef36-3afd-4998-9a0a-4255b5eadffd
575,282 Hutko Katu,,Helsinki,Uusimaa,00390,Helsinki,41d0c959-c3fa-43e9-81ce-80ed1b0bd0b4
576,515 Keihänen Katu,,Tuusula,Uusimaa,04380,Tuusula,9dd6199e-d602-456f-85b9-74cca4997bec
577,1010 Maher Katu,,Raasepori,Uusimaa,10570,Raasepori,33b2eab0-ed0e-456f-8669-e87dd32f3752
578,292 Petälä Katu Apt 91,,Helsinki,Uusimaa,00120,Helsinki,fb477464-bf5e-429f-a404-10c8576ebab6
579,228 Taulaniemi Katu,,Nurmijärvi,Uusimaa,01830,Nurmijärvi,5f520cc9-5c21-4576-b70a-7f2fb4a2ddd7
580,173 Rongas Katu Suite 34,,Helsinki,Uusimaa,00560,Helsinki,97a8ff9a-aa91-4b8d-a3f3-9d43254df9c3
581,959 Vierula Katu,,Espoo,Uusimaa,02150,Espoo,b196e06f-f186-4f11-b611-56497c335d1f
582,310 Haukipää Katu Unit 20,,Helsinki,Uusimaa,00850,Helsinki,85932ea5-ba35-41b9-93a6-eed4388c8bca
583,339 Kuohukivi Katu,,Pukkila,Uusimaa,07560,Pukkila,622ee8ad-f563-4e34-bb82-e15d24a8e10d
584,325 Himilä Katu Unit 96,,Espoo,Uusimaa,02320,Espoo,b90bbca2-98c9-43db-8b2b-70ffb400a9c5
585,209 Teder Katu Suite 35,,Mäntsälä,Uusimaa,04480,Mäntsälä,b785019e-6902-46ef-b372-c2f05eae4c9a
586,551 Ylijoutsijärvi Katu Unit 89,,Vantaa,Uusimaa,01450,Vantaa,7c13d320-047d-4d76-9e89-3675f608c78f
587,1011 Mahlakaarto Katu Apt 78,,Espoo,Uusimaa,02140,Espoo,c94d8ae6-7dd4-43dc-8426-9fe25432c9ac
588,411 Pettersen Katu,,Karkkila,Uusimaa,03620,Karkkila,cf66e0f3-2704-4a64-8276-93801457ace0
589,726 Vuorelma Katu,,Helsinki,Uusimaa,00870,Helsinki,b73bd56e-cf88-4a29-98cc-10a407c9cf78
590,1018 Teider Katu Suite 5,,Vantaa,Uusimaa,01350,Vantaa,d70fc7b9-4511-45f4-82f9-0171ffe4ca40
591,293 Järä Katu Unit 62,,Helsinki,Uusimaa,00380,Helsinki,3ba0ddf6-7c0f-49f6-aa45-0119d275e839
592,441 Prusti Katu Apt 69,,Vantaa,Uusimaa,01640,Vantaa,34b52bff-190b-444a-93e0-f5cc53ae8f2b
593,468 Takalo Katu,,Espoo,Uusimaa,02980,Espoo,d466976c-b5ca-4bca-a0da-47c14eaa9053
594,407 Haikkola Katu,,Järvenpää,Uusimaa,04400,Järvenpää,a8c29b4b-14cd-4ec2-91cc-7d6b259b3410
595,760 Tatti Katu Suite 77,,Helsinki,Uusimaa,00820,Helsinki,a0469df2-f66b-4fea-9b35-85ce7f8b4e2e
596,954 Kaisla Katu Apt 85,,Helsinki,Uusimaa,00440,Helsinki,a8169d50-b89b-4a2f-8c72-311c124c1b41
597,371 Miiluniemi Katu,,Hyvinkää,Uusimaa,05620,Hyvinkää,76ff43f7-d51a-4b09-a171-34b46776f769
598,454 Jaarinen Katu,,Lohja,Uusimaa,09930,Lohja,841bb4dd-97bf-4f95-acd5-6a526db2efbf
599,407 Vickholm Katu Unit 64,,Helsinki,Uusimaa,00910,Helsinki,23d0eabb-78ee-42c9-a43e-322b30fdeb3d
600,991 Högbäck Katu Apt 58,,Vantaa,Uusimaa,01520,Vantaa,536b243e-a31e-47ed-b0b7-8a01ba1dda17
601,281 Lähteelä Katu,,Kerava,Uusimaa,04250,Kerava,30c47999-7652-4d0a-be1a-63ad870a7f57
602,842 Sarastamo Katu,,Helsinki,Uusimaa,00720,Helsinki,c6bc295e-c92b-4960-857e-f73ac8d75eaf
603,576 Kervinen Katu Apt 71,,Helsinki,Uusimaa,00730,Helsinki,ef1519ee-9955-4339-bef5-c821b8a15008
604,695 Strandman Katu Apt 93,,Porvoo,Uusimaa,01180,Porvoo,ea240d16-f4ab-4e37-82f8-4daadafd6be1
605,607 Siikamäki Katu Apt 40,,Helsinki,Uusimaa,00850,Helsinki,44080f98-5b0e-407e-b7c5-51941cefbced
606,962 Lehtonurmi Katu Apt 86,,Helsinki,Uusimaa,00950,Helsinki,7a2dec9c-34ea-4e45-b28f-675e0c25cc17
607,348 Remonen Katu Suite 73,,Espoo,Uusimaa,02710,Espoo,aaceb372-aa5c-440f-92b8-7e0e66e8fecd
608,949 Ylirinne Katu,,Hyvinkää,Uusimaa,05950,Hyvinkää,63693634-3d77-4bc8-9ba3-1e37ed070596
609,1068 Naula Katu,,Espoo,Uusimaa,02210,Espoo,8071b685-aa2d-46fc-a624-c4d97e2fbe10
610,731 Koivulehto Katu Apt 91,,Espoo,Uusimaa,02180,Espoo,e62ea5a0-2a2d-4323-a0dc-709e5b8d9dc3
611,569 Pajulahti Katu,,Helsinki,Uusimaa,00980,Helsinki,7369efe7-6e61-4415-a423-d3cc1cd816a7
612,999 Röj Katu,,Kerava,Uusimaa,04200,Kerava,cb611921-dfab-48e8-bf7f-0363badb4109
613,264 Salakari Katu Suite 11,,Helsinki,Uusimaa,00270,Helsinki,dd77f502-b38d-462c-a469-47e051d99910
614,343 Toom Katu,,Helsinki,Uusimaa,00610,Helsinki,972c281f-266f-44e3-8d62-8fb05241547f
615,393 Yli-Paavola Katu Unit 44,,Vantaa,Uusimaa,01480,Vantaa,7ae27fff-b597-49ed-b76a-d94d852f32f7
616,689 Teinonen Katu Suite 51,,Vantaa,Uusimaa,01670,Vantaa,823a0ed9-a8e5-4e49-9435-4939465638b7
