person_id,gender_concept_id,year_of_birth,month_of_birth,day_of_birth,birth_datetime,race_concept_id,ethnicity_concept_id,location_id,provider_id,care_site_id,person_source_value,gender_source_value,gender_source_concept_id,race_source_value,race_source_concept_id,ethnicity_source_value,ethnicity_source_concept_id
926,8507,2015,9,22,,8527,0,926,,,181008a4-7a36-4adc-a222-ac441c203e23,M,0,white,0,nonhispanic,0
927,8507,1993,12,1,,8527,0,927,,,6452dc9c-0b44-4660-968e-f2550f7f2d82,M,0,white,0,nonhispanic,0
928,8507,1990,8,9,,8527,0,928,,,246f42dd-eed0-44c2-99c9-ec13e9f9f6f4,M,0,white,0,nonhispanic,0
929,8532,1988,7,30,,8527,0,929,,,591616b6-3e91-4f39-ada8-a3a89ad14d84,F,0,white,0,nonhispanic,0
930,8532,2013,3,30,,8527,0,930,,,0db8f2e4-bf0e-4f1c-97b8-289cbfd9bdbc,F,0,white,0,nonhispanic,0
931,8532,1980,2,28,,8527,0,931,,,caf024d7-7f7d-4d3d-8d03-d7e4c1379297,F,0,white,0,nonhispanic,0
932,8532,1967,10,25,,8527,0,932,,,f2f5d627-d241-4bc1-bd3f-5550d463b40c,F,0,white,0,nonhispanic,0
933,8507,2003,1,27,,8527,0,933,,,b8db241d-39f1-4a81-873f-d57f6fb3c3ab,M,0,white,0,nonhispanic,0
934,8507,1970,9,27,,8527,0,934,,,35c4e7ff-2353-4234-a788-252c8bad0bc4,M,0,white,0,nonhispanic,0
935,8532,1971,3,31,,8527,0,935,,,0c065267-24d8-48d0-9109-2d7cfd648731,F,0,white,0,nonhispanic,0
936,8532,1960,3,23,,8527,0,936,,,36f4371b-b2e9-4588-b2a0-1e57de4afdbf,F,0,white,0,nonhispanic,0
937,8532,2003,8,22,,8527,0,937,,,153855cb-ed12-4f11-a8a2-5dec1810fb6b,F,0,white,0,nonhispanic,0
938,8507,1989,2,7,,8527,0,938,,,17ebc245-c1c4-484d-951a-90b156951a20,M,0,white,0,nonhispanic,0
939,8532,1995,11,19,,8527,0,939,,,24217286-e372-41dd-9101-229f34631698,F,0,white,0,nonhispanic,0
940,8507,1994,10,8,,8527,0,940,,,7f51ec99-0c3f-4cfe-bf4e-7e0ea245b96c,M,0,white,0,nonhispanic,0
941,8507,1963,3,19,,8527,0,941,,,d43abf67-9505-41f1-9bba-582aff3c6049,M,0,white,0,nonhispanic,0
942,8532,2000,6,20,,8527,0,942,,,cd8bfd3e-f033-4ac6-b7f4-406898b13b57,F,0,white,0,nonhispanic,0
943,8532,1977,3,28,,8527,0,943,,,60deff10-4b4e-4f1b-a76b-54f0f41f9ad4,F,0,white,0,nonhispanic,0
944,8532,2004,4,23,,8527,0,944,,,c251df38-e906-48d5-8d3c-d8cd8f6a104e,F,0,white,0,nonhispanic,0
945,8507,1961,6,2,,8527,0,945,,,8c3a5daa-7640-4b53-8a98-9d9064430632,M,0,white,0,nonhispanic,0
946,8507,1996,9,23,,8527,0,946,,,c6a16635-d1cf-4b5a-b617-631c7dc64588,M,0,white,0,nonhispanic,0
947,8507,1986,9,3,,8527,0,947,,,233a5e31-b276-439c-8d11-962358db4d91,M,0,white,0,nonhispanic,0
948,8532,1963,1,7,,8527,0,948,,,896de2be-e20e-4882-86a3-36be21484f2e,F,0,white,0,nonhispanic,0
949,8532,1964,11,29,,8527,0,949,,,746bd785-2425-467b-a1d7-bd5c77961925,F,0,white,0,nonhispanic,0
950,8507,1976,1,12,,8527,0,950,,,fc7e45bf-3efe-4769-823f-387e2fb898f9,M,0,white,0,nonhispanic,0
951,8532,2012,8,20,,8527,0,951,,,a835d7bb-d6e9-4efa-b28b-904e39a69c57,F,0,white,0,nonhispanic,0
952,8507,1998,3,20,,8527,0,952,,,3b5ab367-ffd3-496d-8b01-bf28e7b0332e,M,0,white,0,nonhispanic,0
953,8507,1983,5,2,,8527,0,953,,,8787c7a6-cf79-4f52-889c-4caa917b3af3,M,0,white,0,nonhispanic,0
954,8507,2020,2,25,,8527,0,954,,,214d4e27-3c4b-439f-bb4d-dfc288d11de1,M,0,white,0,nonhispanic,0
955,8507,1973,10,27,,8527,0,955,,,2ee9daa7-30d8-4836-8196-88ea36a224f5,M,0,white,0,nonhispanic,0
956,8507,1966,9,9,,8527,0,956,,,e8e29c69-0943-429f-990a-4277f56bab59,M,0,white,0,nonhispanic,0
957,8507,1990,2,2,,8527,0,957,,,66454b6d-7fa9-458d-9a87-25defc2ab2d3,M,0,white,0,nonhispanic,0
958,8532,2014,11,1,,8527,0,958,,,9d12ccd5-c2bc-45ab-bf7c-cb0519fbf456,F,0,white,0,nonhispanic,0
959,8507,1988,11,22,,8527,0,959,,,9e94989f-8b33-4df9-ab15-73db38ad9617,M,0,white,0,nonhispanic,0
960,8507,1936,2,24,,8527,0,960,,,767bcbf0-4e00-4ca5-9e33-8ee4f7740e84,M,0,white,0,nonhispanic,0
961,8532,1979,6,30,,8527,0,961,,,41bc6069-fa84-429b-8dcf-f7b9adfe0249,F,0,white,0,nonhispanic,0
962,8532,1962,9,24,,8527,0,962,,,ee634bdf-fde5-4661-b9d3-f2fae874d89d,F,0,white,0,nonhispanic,0
963,8507,1958,7,9,,8527,0,963,,,9c70c10f-299c-4bc8-8031-646601f3a1e2,M,0,white,0,nonhispanic,0
964,8507,1985,11,21,,8527,0,964,,,24e13b1c-1340-4cfe-bc30-a75da317c384,M,0,white,0,nonhispanic,0
965,8507,1981,7,11,,8527,0,965,,,4d59371a-a2ab-4ab8-a45e-c8c7a5bcd227,M,0,white,0,nonhispanic,0
966,8507,1956,9,1,,8527,0,966,,,f9e2743f-7a83-4b2c-aeac-cfcb91832495,M,0,white,0,nonhispanic,0
967,8532,2008,10,26,,8527,0,967,,,83dc9ccc-7f8e-425a-9494-b4b375349fd8,F,0,white,0,nonhispanic,0
968,8507,2010,9,27,,8527,0,968,,,55878477-835e-4409-89c0-8c365a7696fd,M,0,white,0,nonhispanic,0
969,8507,1953,4,29,,8527,0,969,,,3d7dabef-eac4-4f2d-9b60-c0e37882ee1d,M,0,white,0,nonhispanic,0
970,8532,1962,9,11,,8527,0,970,,,2cc190fe-e6db-4279-9c41-663a58fde8c6,F,0,white,0,nonhispanic,0
971,8532,1965,9,23,,8527,0,971,,,7c176b56-58ef-4ae4-b23c-711fb63733ff,F,0,white,0,nonhispanic,0
972,8532,2013,10,11,,8527,0,972,,,6730d85e-2599-46be-bf07-c5cbcfca7916,F,0,white,0,nonhispanic,0
973,8507,2004,6,10,,8527,0,973,,,95598200-4a7d-41ad-a804-68f1cc90c928,M,0,white,0,nonhispanic,0
974,8532,2001,2,26,,8527,0,974,,,6c4641df-c583-4cec-bd96-4b3cc4cc8acc,F,0,white,0,nonhispanic,0
975,8507,2014,9,23,,8527,0,975,,,2f3c4288-c603-4da2-bc73-4a3133f033b6,M,0,white,0,nonhispanic,0
976,8532,1979,11,5,,8527,0,976,,,d05e0511-f60e-477c-8504-d515c8ea8bf9,F,0,white,0,nonhispanic,0
977,8507,1958,7,9,,8527,0,977,,,02e211b3-c7c0-4347-b859-edd54a1c1b46,M,0,white,0,nonhispanic,0
978,8532,1991,3,6,,8527,0,978,,,c5ff187a-ad8c-4aee-b466-d242bc5b1688,F,0,white,0,nonhispanic,0
979,8507,1936,2,24,,8527,0,979,,,5f983320-1a1e-498e-8c5c-a8f0c6a052a6,M,0,white,0,nonhispanic,0
980,8532,1985,8,30,,8527,0,980,,,af818120-8562-4965-9948-8704fef35a1d,F,0,white,0,nonhispanic,0
981,8532,1959,7,3,,8527,0,981,,,b51c8233-c73f-4e25-8352-9c509b19bf70,F,0,white,0,nonhispanic,0
982,8532,1985,10,18,,8527,0,982,,,6035c37c-f155-4ba5-90e0-4f80e0aa3464,F,0,white,0,nonhispanic,0
983,8532,2007,3,2,,8527,0,983,,,0b9ef861-25ea-4e56-a4fa-03e9e39dc5f6,F,0,white,0,nonhispanic,0
984,8532,2008,6,13,,8527,0,984,,,cd94cb0d-000f-4549-944c-25078ca9c1d0,F,0,white,0,nonhispanic,0
985,8532,1991,5,30,,8527,0,985,,,a18deb5c-260a-4e22-8436-cda4fdcfb881,F,0,white,0,nonhispanic,0
986,8532,1988,5,21,,8527,0,986,,,0e29b3aa-378c-4568-8ba2-1cd2d7cd3504,F,0,white,0,nonhispanic,0
987,8507,1993,11,15,,8527,0,987,,,693d998a-d7ab-45b1-9492-517b0cf69e4e,M,0,white,0,nonhispanic,0
988,8532,2015,2,19,,8527,0,988,,,3c8eed1d-a7b9-4edb-9ea2-352d40334637,F,0,white,0,nonhispanic,0
989,8507,1960,10,26,,8527,0,989,,,a770f298-7cc6-4a26-a2f1-b50a90d2a4ae,M,0,white,0,nonhispanic,0
990,8532,1971,4,7,,8527,0,990,,,60515b71-c40f-41fa-936e-82603a01f9ec,F,0,white,0,nonhispanic,0
991,8507,1989,1,7,,8527,0,991,,,2cf5eccc-362f-41cf-afbe-f4f785e36540,M,0,white,0,nonhispanic,0
992,8507,2011,3,26,,8527,0,992,,,fc24e37e-b129-4fb9-9c6a-d84174f77978,M,0,white,0,nonhispanic,0
993,8507,1979,6,19,,8527,0,993,,,5a56fac3-1c2b-4f18-be34-cbf276550704,M,0,white,0,nonhispanic,0
994,8507,1965,4,24,,8527,0,994,,,2961a7b6-eb44-406e-812a-b96510d5aad7,M,0,white,0,nonhispanic,0
995,8507,1961,8,13,,8527,0,995,,,d6d26960-486c-4f35-b99d-59535888eecf,M,0,white,0,nonhispanic,0
996,8532,2008,11,13,,8527,0,996,,,c68e4acf-e682-4c0f-9281-fa1a8e280c1f,F,0,white,0,nonhispanic,0
997,8532,1985,5,20,,8527,0,997,,,909e9530-026d-47f0-9307-9b00dad52a8e,F,0,white,0,nonhispanic,0
998,8507,2007,2,27,,8527,0,998,,,e59d27ec-4c93-4a43-a63d-0c7b3525fb4d,M,0,white,0,nonhispanic,0
999,8507,1965,7,10,,8527,0,999,,,2bf39632-d042-4035-bd4a-7c8c7cd6489f,M,0,white,0,nonhispanic,0
1000,8507,1980,7,20,,8527,0,1000,,,aa1ab836-942f-47d2-9b96-4c5663b44cb0,M,0,white,0,nonhispanic,0
1001,8507,1949,3,17,,8527,0,1001,,,ac911c76-eb04-4438-85fa-cd24d30d7089,M,0,white,0,nonhispanic,0
1002,8532,1983,5,23,,8527,0,1002,,,19df1c06-34ad-47b5-9dc6-849d5f07d8a5,F,0,white,0,nonhispanic,0
1003,8507,1962,8,25,,8527,0,1003,,,8f16d8dc-d325-4c65-ba6c-b730597561f0,M,0,white,0,nonhispanic,0
1004,8532,2004,6,30,,8527,0,1004,,,4c6a6583-8f54-44d6-8510-6406208b47d7,F,0,white,0,nonhispanic,0
1005,8507,2016,9,20,,8527,0,1005,,,aed58d2f-72d3-409e-9d02-b76f3bf1e4a0,M,0,white,0,nonhispanic,0
1006,8532,1967,1,31,,8527,0,1006,,,c55c7a01-5e00-4e5b-ae57-03259a7a5a89,F,0,white,0,nonhispanic,0
1007,8507,1965,4,24,,8527,0,1007,,,e2f5e022-5275-42e3-9546-4a07a2de103a,M,0,white,0,nonhispanic,0
1008,8532,1994,5,27,,8527,0,1008,,,ec0f11cf-9d89-4933-a27b-2d8d31793913,F,0,white,0,nonhispanic,0
1009,8507,2011,1,14,,8527,0,1009,,,029905fb-a9d2-4e0d-88fd-1fe19c0b6f50,M,0,white,0,nonhispanic,0
1010,8532,1959,5,19,,8527,0,1010,,,0c310bb1-d8f6-4105-ace7-dbc007f14d06,F,0,white,0,nonhispanic,0
1011,8532,2007,2,22,,8527,0,1011,,,78f8dd92-81f3-4f2d-a392-c725371d95f7,F,0,white,0,nonhispanic,0
1012,8532,2013,4,10,,8527,0,1012,,,0aa8cbfa-3a48-4b99-b0c3-b93217648193,F,0,white,0,nonhispanic,0
1013,8532,2007,11,11,,8527,0,1013,,,5ec7c64c-0240-4215-8087-56b01f0ce49d,F,0,white,0,nonhispanic,0
1014,8532,1973,7,23,,8527,0,1014,,,6f52ed72-512c-4e19-bf42-9ef200ac5f68,F,0,white,0,nonhispanic,0
1015,8507,1997,6,8,,8527,0,1015,,,c5200c86-2711-4864-a5ea-84815d3ec143,M,0,white,0,nonhispanic,0
1016,8532,1985,5,2,,8527,0,1016,,,4ec6167c-de72-4417-a086-fa551324ade9,F,0,white,0,nonhispanic,0
1017,8532,1954,8,7,,8527,0,1017,,,b0f4e219-4e16-4f4b-8d93-6be6908a863d,F,0,white,0,nonhispanic,0
1018,8532,2012,9,5,,8527,0,1018,,,6f603992-1074-4113-bda2-60460922e76f,F,0,white,0,nonhispanic,0
1019,8507,1983,12,1,,8527,0,1019,,,af26ee5c-a58e-404c-9293-31a9208a97f5,M,0,white,0,nonhispanic,0
1020,8507,1960,4,11,,8527,0,1020,,,74aac221-f8c7-4250-a407-146e504dc29a,M,0,white,0,nonhispanic,0
1021,8532,1983,3,26,,8527,0,1021,,,b6c8a6ab-81c6-48f4-87e7-9e20bdf81c7e,F,0,white,0,nonhispanic,0
1022,8532,2003,3,11,,8527,0,1022,,,68fcd0fd-58e1-4ff2-adc2-01691870cb4b,F,0,white,0,nonhispanic,0
1023,8507,1978,1,28,,8527,0,1023,,,9b96903e-cab4-49b6-8356-144e866083ae,M,0,white,0,nonhispanic,0
1024,8507,1958,5,6,,8527,0,1024,,,f1872faa-b3e3-456f-940d-ff7b4cb274bf,M,0,white,0,nonhispanic,0
1025,8507,1977,12,24,,8527,0,1025,,,6660da8a-ff1b-4e26-9fcc-cbb1fd4e3f07,M,0,white,0,nonhispanic,0
1026,8532,1970,2,12,,8527,0,1026,,,39a70a32-becd-46f3-8224-5ee80525c8c8,F,0,white,0,nonhispanic,0
1027,8532,1960,5,4,,8527,0,1027,,,b7915731-9717-459c-86c4-c0bad50f665c,F,0,white,0,nonhispanic,0
1028,8507,1975,8,4,,8527,0,1028,,,4256e1f1-5643-4ae1-918c-e2e8b1bd792e,M,0,white,0,nonhispanic,0
