person_id,gender_concept_id,year_of_birth,month_of_birth,day_of_birth,birth_datetime,race_concept_id,ethnicity_concept_id,location_id,provider_id,care_site_id,person_source_value,gender_source_value,gender_source_concept_id,race_source_value,race_source_concept_id,ethnicity_source_value,ethnicity_source_concept_id
3000,8507,2001,12,27,,8527,0,3000,,,176f052b-7433-4c09-972c-58134b47cd97,M,0,white,0,nonhispanic,0
3001,8507,2000,11,3,,8527,0,3001,,,2445f20d-18de-4adb-8fdf-033005c4479e,M,0,white,0,nonhispanic,0
3002,8507,1988,9,19,,8527,0,3002,,,4e67ac53-1039-4f9e-a56a-aa885207ee04,M,0,white,0,nonhispanic,0
3003,8532,1981,3,17,,8527,0,3003,,,6d7af9c3-9207-4747-bb63-02757521e92d,F,0,white,0,nonhispanic,0
3004,8507,1980,10,7,,8527,0,3004,,,74b79379-d6d8-4874-a429-f02ffeac45b9,M,0,white,0,nonhispanic,0
3005,8532,2015,8,15,,8527,0,3005,,,6dd3f6e9-ca70-4064-81aa-ca11826effff,F,0,white,0,nonhispanic,0
3006,8532,1976,4,13,,8527,0,3006,,,0dcbab2b-49bc-4c9f-9523-6a793b9c7126,F,0,white,0,nonhispanic,0
3007,8507,1980,12,28,,8527,0,3007,,,d826f1f6-988f-4422-9802-8f70d4c49e9d,M,0,white,0,nonhispanic,0
3008,8532,1958,12,12,,8527,0,3008,,,8b122203-9437-4b6e-9ba9-b7ea058a2476,F,0,white,0,nonhispanic,0
3009,8507,1993,7,13,,8527,0,3009,,,a3a2e934-3f1d-4b12-803a-d3429628aaaa,M,0,white,0,nonhispanic,0
3010,8532,1988,7,8,,8527,0,3010,,,eac08efd-d162-49e6-834b-061bbc31f144,F,0,white,0,nonhispanic,0
3011,8507,1976,8,8,,8527,0,3011,,,d17aef9b-b679-4fab-a272-6211944dec71,M,0,white,0,nonhispanic,0
3012,8532,1965,2,11,,8527,0,3012,,,9927ca7b-30ab-42d0-843f-b8d388644707,F,0,white,0,nonhispanic,0
3013,8532,1940,9,3,,8527,0,3013,,,13d22854-9756-4c80-9d49-e7a797843dc6,F,0,white,0,nonhispanic,0
3014,8532,1952,8,27,,8527,0,3014,,,3def7bd8-e033-4a34-bdc2-4286b70ad156,F,0,white,0,nonhispanic,0
3015,8507,2014,5,10,,8527,0,3015,,,bec941cf-5951-4e96-893c-4156c5ed1c0b,M,0,white,0,nonhispanic,0
3016,8532,1989,5,12,,8527,0,3016,,,c7ff12d7-d0d7-4346-832b-5a5c34c640ed,F,0,white,0,nonhispanic,0
3017,8532,2017,7,10,,8527,0,3017,,,48b0bf31-348c-4d0a-860f-e761146072b1,F,0,white,0,nonhispanic,0
3018,8532,1993,3,24,,8527,0,3018,,,7b5b34ad-0f4b-4d85-a292-888fa33a4f66,F,0,white,0,nonhispanic,0
3019,8507,1975,2,7,,8527,0,3019,,,8e1b814d-5a7e-40ff-9447-a3be69e588d4,M,0,white,0,nonhispanic,0
3020,8507,2013,2,23,,8527,0,3020,,,f12b5a61-1f9a-45de-adaf-4a6297bd0775,M,0,white,0,nonhispanic,0
3021,8507,1989,12,17,,8527,0,3021,,,5da25e53-e785-489d-961c-19252559f549,M,0,white,0,nonhispanic,0
3022,8507,1950,1,1,,8527,0,3022,,,b4dc7b69-efea-4ae3-9e3d-31896f03da4e,M,0,white,0,nonhispanic,0
3023,8532,1966,11,3,,8527,0,3023,,,7a5ebab9-b956-4a13-8bb9-e0aefb5f2e18,F,0,white,0,nonhispanic,0
3024,8532,1980,3,28,,8527,0,3024,,,26e96e3c-0864-4282-a6f5-b5a0879d284c,F,0,white,0,nonhispanic,0
3025,8507,2015,4,7,,8527,0,3025,,,b0b37528-0aaf-4689-8f57-e4f9c3f7c3f8,M,0,white,0,nonhispanic,0
3026,8532,1958,1,15,,8527,0,3026,,,4276b4ee-a614-4b50-8869-3a5af0809413,F,0,white,0,nonhispanic,0
3027,8507,1983,3,13,,8527,0,3027,,,355888f2-42f7-4eb5-962f-08e7bdaa8481,M,0,white,0,nonhispanic,0
3028,8507,1952,12,21,,8527,0,3028,,,2e48ccdc-a259-4ff4-9274-f18fe8c12d9f,M,0,white,0,nonhispanic,0
3029,8507,2001,8,12,,8527,0,3029,,,b1ecb738-4016-4713-a1f3-00eeb219ed8b,M,0,white,0,nonhispanic,0
3030,8507,1981,12,16,,8527,0,3030,,,1056530a-0ddd-4ff8-aaa8-b12a91ab08c2,M,0,white,0,nonhispanic,0
3031,8507,2001,10,21,,8527,0,3031,,,fa0d06ba-53d5-4049-99af-61f3dfc42940,M,0,white,0,nonhispanic,0
3032,8532,1994,6,6,,8527,0,3032,,,be82ccf3-84a9-4248-beae-181feaa128cd,F,0,white,0,nonhispanic,0
3033,8532,1962,4,14,,8527,0,3033,,,350863b4-6792-4c79-810f-22c09acde24b,F,0,white,0,nonhispanic,0
3034,8507,1945,10,19,,8527,0,3034,,,8778b3fa-ee5f-423a-bf63-a8bde87bf20d,M,0,white,0,nonhispanic,0
3035,8507,1984,9,21,,8527,0,3035,,,42cf7839-01d4-4c12-84cd-a8ae5a14192d,M,0,white,0,nonhispanic,0
3036,8507,1950,7,22,,8527,0,3036,,,a6323a67-2c4e-4028-9a7d-8ba49defc5b5,M,0,white,0,nonhispanic,0
3037,8507,2007,1,21,,8527,0,3037,,,67e96bc0-3f2c-4e1f-b5f0-bd665f7175db,M,0,white,0,nonhispanic,0
3038,8507,1987,9,26,,8527,0,3038,,,41bfeb49-af6c-4fed-b699-151d4b3d5fbd,M,0,white,0,nonhispanic,0
3039,8532,2010,6,2,,8527,0,3039,,,b105a375-b11d-4cf1-a128-2765b3cf92c8,F,0,white,0,nonhispanic,0
3040,8507,2013,9,16,,8527,0,3040,,,020b4347-1858-430e-9a8b-66205488ee86,M,0,white,0,nonhispanic,0
3041,8507,1985,9,4,,8527,0,3041,,,2bfcbedd-ab2f-4d73-8d7b-b6922e637057,M,0,white,0,nonhispanic,0
3042,8532,2004,9,5,,8527,0,3042,,,72acba60-7623-4767-9a18-3d7d2dc73f02,F,0,white,0,nonhispanic,0
3043,8532,1951,4,10,,8527,0,3043,,,9fb1b2a5-b32a-44f8-9e87-ca2dcb818b2d,F,0,white,0,nonhispanic,0
3044,8532,1983,9,17,,8527,0,3044,,,fa2ecc75-41be-45f2-aeed-ef871b797b35,F,0,white,0,nonhispanic,0
3045,8532,1965,11,7,,8527,0,3045,,,8d258770-5524-4291-9906-98e1301444f8,F,0,white,0,nonhispanic,0
3046,8532,2001,10,26,,8527,0,3046,,,5fc2e33b-74ec-46f5-a82c-b86c38556612,F,0,white,0,nonhispanic,0
3047,8532,1944,1,31,,8527,0,3047,,,2429ef2d-d0f9-47e3-8ae5-cbb7e111d2ba,F,0,white,0,nonhispanic,0
3048,8532,1997,11,7,,8527,0,3048,,,c550ac2c-5e1e-4be1-bdce-68bd394cca99,F,0,white,0,nonhispanic,0
3049,8507,1975,5,8,,8527,0,3049,,,c1d019ef-1e34-4be5-9411-4f603aa3971d,M,0,white,0,nonhispanic,0
3050,8532,1973,2,16,,8527,0,3050,,,98323edc-05f3-4004-a100-6e2fefd8a966,F,0,white,0,nonhispanic,0
3051,8532,1989,7,14,,8527,0,3051,,,13c9afa6-f548-434b-8c18-cba1e3d0ff2e,F,0,white,0,nonhispanic,0
3052,8507,2007,3,8,,8527,0,3052,,,80ac9fce-5419-48da-944c-6fd82dd95489,M,0,white,0,nonhispanic,0
3053,8532,1983,2,22,,8527,0,3053,,,02155433-1307-4c17-bda3-8cdac4d2f809,F,0,white,0,nonhispanic,0
3054,8532,1970,3,31,,8527,0,3054,,,f225b539-ac6e-4260-bfca-272249520b72,F,0,white,0,nonhispanic,0
3055,8532,1944,9,26,,8527,0,3055,,,46de7455-4fba-4b30-9795-0585c1d51eef,F,0,white,0,nonhispanic,0
3056,8532,2014,3,9,,8527,0,3056,,,b5956e8b-8ae0-43ab-ac49-3a544e498690,F,0,white,0,nonhispanic,0
3057,8532,2013,7,3,,8527,0,3057,,,8201f214-46ab-4029-9940-ba24990acc91,F,0,white,0,nonhispanic,0
3058,8507,1984,3,14,,8527,0,3058,,,bd7bc740-ccae-45b9-8b5d-3af30b43b0b9,M,0,white,0,nonhispanic,0
3059,8507,2000,6,18,,8527,0,3059,,,336a2575-da77-4ca0-80d6-e49642d28f19,M,0,white,0,nonhispanic,0
3060,8532,2018,9,9,,8527,0,3060,,,f95ed1ca-d4b8-4b84-ad33-63b903c1a1cf,F,0,white,0,nonhispanic,0
3061,8532,1943,12,5,,8527,0,3061,,,379987fa-01c5-4961-a638-e9f2e0aaa5d0,F,0,white,0,nonhispanic,0
3062,8532,1982,9,7,,8527,0,3062,,,6a063c5e-b5f1-4136-b48c-baaccdce2218,F,0,white,0,nonhispanic,0
3063,8507,1965,12,11,,8527,0,3063,,,a84a7a21-0368-45f9-9436-e3300b0949d3,M,0,white,0,nonhispanic,0
3064,8507,1988,3,21,,8527,0,3064,,,0396e525-dc98-4e17-a180-2d5716041048,M,0,white,0,nonhispanic,0
3065,8507,1958,11,24,,8527,0,3065,,,abb97296-768d-43ae-9f59-9a9ed39b6c58,M,0,white,0,nonhispanic,0
3066,8532,2013,11,4,,8527,0,3066,,,e9c379c8-673a-488f-b431-a06d20b9e973,F,0,white,0,nonhispanic,0
3067,8507,1977,8,12,,8527,0,3067,,,a64e91ba-b57c-4e10-9daa-8837bc2b33fd,M,0,white,0,nonhispanic,0
3068,8507,1932,2,10,,8527,0,3068,,,c74247b9-ed5d-4e35-8c37-9791ea6bf3d2,M,0,white,0,nonhispanic,0
3069,8507,1958,5,30,,8527,0,3069,,,32e31673-67da-4017-b463-58bc48cfa73e,M,0,white,0,nonhispanic,0
3070,8507,1946,6,2,,8527,0,3070,,,9fef0578-9648-4b97-a9cd-01224e03634d,M,0,white,0,nonhispanic,0
3071,8532,1976,10,7,,8527,0,3071,,,48d7a429-2809-41cd-9094-d2c87142a6a0,F,0,white,0,nonhispanic,0
3072,8532,1964,4,26,,8527,0,3072,,,20ea64ce-cb99-4311-adde-1c8c5cc12712,F,0,white,0,nonhispanic,0
3073,8507,2018,5,5,,8527,0,3073,,,caa90456-b098-446b-9282-c5b8cf32e87c,M,0,white,0,nonhispanic,0
3074,8532,1990,6,22,,8527,0,3074,,,1a478aea-c490-4502-a2fc-9be82689186d,F,0,white,0,nonhispanic,0
3075,8507,1961,11,3,,8527,0,3075,,,a92e6824-358e-4c25-8cf9-1f4b259e2d50,M,0,white,0,nonhispanic,0
3076,8507,1957,2,15,,8527,0,3076,,,2dbfdc60-a2b4-4498-ac74-495b3425b9e9,M,0,white,0,nonhispanic,0
3077,8532,2006,10,24,,8527,0,3077,,,47fe14f0-ec04-407a-b837-fe32ac7fd4ea,F,0,white,0,nonhispanic,0
3078,8532,1962,1,17,,8527,0,3078,,,39e39743-2120-46c2-837a-2a6f2f2686df,F,0,white,0,nonhispanic,0
3079,8532,1938,11,14,,8527,0,3079,,,c402dd0d-cfce-4811-bb01-d49faee6940e,F,0,white,0,nonhispanic,0
3080,8532,2016,3,29,,8527,0,3080,,,fe483de5-0118-435e-a2ec-543ca71fb060,F,0,white,0,nonhispanic,0
3081,8532,1998,5,26,,8527,0,3081,,,6ae12c49-f4a6-4069-8d86-6a8f41c27422,F,0,white,0,nonhispanic,0
3082,8507,1958,5,30,,8527,0,3082,,,1c3e45da-ef1c-45ff-ad28-823a72c27e2a,M,0,white,0,nonhispanic,0
3083,8507,1991,4,7,,8527,0,3083,,,5a359b27-b380-41e2-a490-848584a8abf7,M,0,white,0,nonhispanic,0
3084,8507,1932,2,10,,8527,0,3084,,,97c187c9-4adf-450f-810b-d51c9b838255,M,0,white,0,nonhispanic,0
3085,8507,2015,1,8,,8527,0,3085,,,37db4575-6fcd-49a9-a705-5df7c1ff6155,M,0,white,0,nonhispanic,0
3086,8532,1944,7,18,,8527,0,3086,,,5cd40b24-55f5-4976-b800-a8a7978eda34,F,0,white,0,nonhispanic,0
3087,8507,1989,3,7,,8527,0,3087,,,6ebb8ba0-9798-4df8-9131-cbe775a6c9b8,M,0,white,0,nonhispanic,0
3088,8532,1993,11,11,,8527,0,3088,,,b191c4e1-6851-4d02-9d57-c922927f68d9,F,0,white,0,nonhispanic,0
3089,8532,1997,2,19,,8527,0,3089,,,4cabb5f6-a5c4-447a-be26-58bdada7206b,F,0,white,0,nonhispanic,0
3090,8507,2019,3,25,,8527,0,3090,,,4235a4a2-cd1b-4c56-8113-81e293caa6ef,M,0,white,0,nonhispanic,0
3091,8532,1995,5,28,,8527,0,3091,,,f8aa2d20-3e54-4b28-8326-156c067161fd,F,0,white,0,nonhispanic,0
3092,8532,1991,5,14,,8527,0,3092,,,dbb697e8-970e-4986-bc28-4956ca2bb156,F,0,white,0,nonhispanic,0
3093,8507,2003,8,5,,8527,0,3093,,,9480ba39-245c-4e8f-8d48-1b71e0897493,M,0,white,0,nonhispanic,0
3094,8507,2004,10,12,,8527,0,3094,,,c105cc12-3666-4718-aecf-88156758862c,M,0,white,0,nonhispanic,0
3095,8532,1984,6,24,,8527,0,3095,,,a1078988-3f12-4814-b6b8-496593216c76,F,0,white,0,nonhispanic,0
3096,8532,1997,4,14,,8527,0,3096,,,ae84b22d-e72b-41d9-9853-5e48fdbc2c36,F,0,white,0,nonhispanic,0
3097,8532,1972,11,9,,8527,0,3097,,,31f637b1-457e-4c07-a9ef-f2e02563291f,F,0,white,0,nonhispanic,0
3098,8507,1967,2,12,,8527,0,3098,,,54228bd3-8862-42bb-a6d2-6505650a2193,M,0,white,0,nonhispanic,0
3099,8532,1956,3,18,,8527,0,3099,,,f7e521ef-0ff2-41c9-8796-fdeaef349020,F,0,white,0,nonhispanic,0
3100,8507,1948,8,4,,8527,0,3100,,,84e5d143-7905-44eb-9346-2c8fbeb6a4f7,M,0,white,0,nonhispanic,0
3101,8507,1943,9,29,,8527,0,3101,,,349275b0-5f00-4f60-86f2-77be169c282c,M,0,white,0,nonhispanic,0
