person_id,gender_concept_id,year_of_birth,month_of_birth,day_of_birth,birth_datetime,race_concept_id,ethnicity_concept_id,location_id,provider_id,care_site_id,person_source_value,gender_source_value,gender_source_concept_id,race_source_value,race_source_concept_id,ethnicity_source_value,ethnicity_source_concept_id
2174,8532,2010,7,5,,8527,0,2174,,,59cc27ed-f169-4686-94bb-05c19ce7258c,F,0,white,0,nonhispanic,0
2175,8507,1994,9,12,,8527,0,2175,,,657e9d29-d572-42ea-880f-d1aa5d85a900,M,0,white,0,nonhispanic,0
2176,8507,1998,1,31,,8527,0,2176,,,5499a0eb-73d8-4486-be20-0e9ac1a759a3,M,0,white,0,nonhispanic,0
2177,8507,2003,7,22,,8527,0,2177,,,d270f0a1-5408-4af8-a27b-ea9b63f9672c,M,0,white,0,nonhispanic,0
2178,8532,1984,10,21,,8527,0,2178,,,3762eb85-5b54-44da-932d-f83f44a2df59,F,0,white,0,nonhispanic,0
2179,8532,1978,1,18,,8527,0,2179,,,036311c3-a7a8-42d6-9e36-591259e8258d,F,0,white,0,nonhispanic,0
2180,8532,1979,1,8,,8527,0,2180,,,773ee041-b573-4637-8d66-f4b1cc2eb761,F,0,white,0,nonhispanic,0
2181,8532,1978,4,30,,8527,0,2181,,,0b2f5550-b058-41d4-89bb-4af67449c8ba,F,0,white,0,nonhispanic,0
2182,8507,2016,5,1,,8527,0,2182,,,b3cb9290-14cd-4ead-b026-ef25f1964870,M,0,white,0,nonhispanic,0
2183,8532,1989,2,15,,8527,0,2183,,,a5f52db4-422f-48a3-8dc4-7e7711f0b064,F,0,white,0,nonhispanic,0
2184,8532,2005,6,4,,8527,0,2184,,,8dab057c-8199-48fb-abb4-e1c61878810c,F,0,white,0,nonhispanic,0
2185,8507,1992,3,5,,8527,0,2185,,,9a9ba25b-9c29-41a7-b113-d30505dd4f71,M,0,white,0,nonhispanic,0
2186,8507,1995,1,8,,8527,0,2186,,,7eb2c8b3-425f-4f1c-9c6e-7abc79863e62,M,0,white,0,nonhispanic,0
2187,8507,1989,9,21,,8527,0,2187,,,567b57db-4b91-412b-8341-d497dd112e4e,M,0,white,0,nonhispanic,0
2188,8507,1969,8,18,,8527,0,2188,,,17fa6c67-b5e0-449a-aa89-8701d17b5eac,M,0,white,0,nonhispanic,0
2189,8507,2007,8,25,,8527,0,2189,,,62959c97-c25c-43f2-a82b-f839c264270c,M,0,white,0,nonhispanic,0
2190,8507,2005,9,3,,8527,0,2190,,,2aa979e2-bb32-4a18-92c4-25a46d469361,M,0,white,0,nonhispanic,0
2191,8507,1991,6,26,,8527,0,2191,,,944f2e5a-0d30-4428-bc23-3289480cb8a2,M,0,white,0,nonhispanic,0
2192,8507,1973,4,17,,8527,0,2192,,,4853c08a-b3ad-4cc7-92e5-8c7dd4e67633,M,0,white,0,nonhispanic,0
2193,8532,2019,3,3,,8527,0,2193,,,50cd3e0d-9941-441d-9032-fe29305bcc25,F,0,white,0,nonhispanic,0
2194,8532,1924,1,8,,8527,0,2194,,,e19dc66e-d9ff-4032-9024-f845af3ac33a,F,0,white,0,nonhispanic,0
2195,8507,1979,6,23,,8527,0,2195,,,ff45c369-ddaf-496f-806e-be243f05c008,M,0,white,0,nonhispanic,0
2196,8507,1969,8,18,,8527,0,2196,,,c72b17c5-ebbe-4124-8326-581d6b8e8842,M,0,white,0,nonhispanic,0
2197,8532,1986,10,4,,8527,0,2197,,,6a9a19f5-2706-4917-89f6-8456846acd77,F,0,white,0,nonhispanic,0
2198,8532,1963,8,19,,8527,0,2198,,,8d48a306-9e8c-45ca-9405-801b763d438e,F,0,white,0,nonhispanic,0
2199,8507,2014,8,24,,8527,0,2199,,,c7af3245-7634-4905-bd1f-c1b4a126187b,M,0,white,0,nonhispanic,0
2200,8532,1982,9,7,,8527,0,2200,,,3e2e20ad-7cca-44f0-9544-e02630ad8707,F,0,white,0,nonhispanic,0
2201,8532,1975,1,12,,8527,0,2201,,,865988e9-d851-4729-b46f-3d04b9b9c639,F,0,white,0,nonhispanic,0
2202,8507,1953,10,18,,8527,0,2202,,,d6ab69ea-58b9-4f62-bd42-fad817598894,M,0,white,0,nonhispanic,0
2203,8532,2013,8,31,,8527,0,2203,,,3f659d8a-79f1-4d3d-b039-eed74d2f27cf,F,0,white,0,nonhispanic,0
2204,8507,1952,10,12,,8527,0,2204,,,7f58c83a-493c-4695-a3f4-7fb4a0e23201,M,0,white,0,nonhispanic,0
2205,8507,1982,5,22,,8527,0,2205,,,c12ee90d-a641-42e6-b0ff-d0196fb64adc,M,0,white,0,nonhispanic,0
2206,8532,1980,4,15,,8527,0,2206,,,ca689af2-cf5b-4f42-83ee-2edbc7035a2c,F,0,white,0,nonhispanic,0
2207,8532,2017,12,21,,8527,0,2207,,,0ddecfce-1547-41c1-9710-f8600b7287f0,F,0,white,0,nonhispanic,0
2208,8507,2000,4,15,,8527,0,2208,,,ae5f934d-5ed9-4528-b368-1013dd391426,M,0,white,0,nonhispanic,0
2209,8507,1951,10,18,,8527,0,2209,,,55f1ea07-f227-4432-89b3-df62b0a55470,M,0,white,0,nonhispanic,0
2210,8532,1961,10,9,,8527,0,2210,,,adbc6473-decb-4e47-8d69-bdd23c3e287d,F,0,white,0,nonhispanic,0
2211,8532,1922,5,20,,8527,0,2211,,,d2f406c9-e8e0-438f-867f-ee3b495c4a23,F,0,white,0,nonhispanic,0
2212,8507,1942,12,31,,8527,0,2212,,,b059d98e-a095-4558-9ea9-bf633cb553ae,M,0,white,0,nonhispanic,0
2213,8507,1992,5,9,,8527,0,2213,,,8280bcf1-0013-4aeb-8cf7-b6f4d338ace1,M,0,white,0,nonhispanic,0
2214,8507,1953,10,18,,8527,0,2214,,,c1306f9f-3d35-4cdd-814c-c2f747a6847b,M,0,white,0,nonhispanic,0
2215,8532,1965,10,24,,8527,0,2215,,,73c953b3-2541-4ab5-aeca-c6e700a52bc0,F,0,white,0,nonhispanic,0
2216,8507,1968,9,12,,8527,0,2216,,,400185a5-ed1b-46e9-8ecf-05deda235550,M,0,white,0,nonhispanic,0
2217,8507,1936,9,4,,8527,0,2217,,,6af8caf4-eee4-4e05-ba3a-89ea13753892,M,0,white,0,nonhispanic,0
2218,8507,2007,3,6,,8527,0,2218,,,3a1abaeb-d5b5-4973-b4b6-507802585e9b,M,0,white,0,nonhispanic,0
2219,8507,1982,4,15,,8527,0,2219,,,8da1f8e3-6781-47f6-9412-3497eeb662de,M,0,white,0,nonhispanic,0
2220,8507,1992,6,2,,8527,0,2220,,,663787bf-ac26-41ce-b62c-93a8e354f876,M,0,white,0,nonhispanic,0
2221,8507,1945,11,17,,8527,0,2221,,,b6f79101-c23a-46e6-914f-f46256f71ff9,M,0,white,0,nonhispanic,0
2222,8507,1968,5,7,,8527,0,2222,,,3f14d74f-f5e4-402c-892f-007e615f1b84,M,0,white,0,nonhispanic,0
2223,8507,2007,1,25,,8527,0,2223,,,cc219baa-e2ed-4b9c-80bb-e6b50c9c26c8,M,0,white,0,nonhispanic,0
2224,8507,1990,8,27,,8527,0,2224,,,4527b795-b92f-4cf4-aed8-fdd75f5a1a68,M,0,white,0,nonhispanic,0
2225,8507,1954,2,1,,8527,0,2225,,,b5d2315f-8364-4cdf-ad9b-b067a7babe7a,M,0,white,0,nonhispanic,0
2226,8532,2006,11,24,,8527,0,2226,,,9a78dfcd-04c8-49ba-87c0-93ca6b51cc0c,F,0,white,0,nonhispanic,0
2227,8507,2006,5,6,,8527,0,2227,,,5978064a-3aa5-4d4a-884b-83b9dced7000,M,0,white,0,nonhispanic,0
2228,8532,2003,3,19,,8527,0,2228,,,07fd45ca-1f54-42a4-a563-254cfb94311c,F,0,white,0,nonhispanic,0
2229,8532,1934,12,22,,8527,0,2229,,,89bbaf6d-ec42-4bf9-8d1f-f1d7efd75a90,F,0,white,0,nonhispanic,0
2230,8507,1942,12,31,,8527,0,2230,,,f2c45a4b-35dd-4c38-91f1-de91098b8f7e,M,0,white,0,nonhispanic,0
2231,8532,2002,5,29,,8527,0,2231,,,981830bd-0f28-4503-bc86-5264e21807c4,F,0,white,0,nonhispanic,0
2232,8507,1996,7,26,,8527,0,2232,,,291d0091-9059-4937-b171-0b4b2aeb145a,M,0,white,0,nonhispanic,0
2233,8532,2017,2,13,,8527,0,2233,,,2b6e5524-42a5-496f-b739-c1fe8e4e7aef,F,0,white,0,nonhispanic,0
2234,8507,1981,8,4,,8527,0,2234,,,fd63d6d9-d7d8-45ab-b1d1-51d21726a359,M,0,white,0,nonhispanic,0
2235,8532,1991,1,18,,8527,0,2235,,,d570a0f1-c0bc-4610-a1b4-e7d2e72af0e1,F,0,white,0,nonhispanic,0
2236,8532,1976,12,18,,8527,0,2236,,,580127a7-267d-403b-ba09-510ec46c43e2,F,0,white,0,nonhispanic,0
2237,8507,1960,9,4,,8527,0,2237,,,8a4ee05c-112d-4c40-b48c-72b86c84fa1d,M,0,white,0,nonhispanic,0
2238,8507,1988,1,17,,8527,0,2238,,,7db80192-030f-48f4-94e7-30a93e74dc79,M,0,white,0,nonhispanic,0
2239,8507,2006,3,29,,8527,0,2239,,,209ccc6f-fb19-40f0-9175-5ba199b39dfe,M,0,white,0,nonhispanic,0
2240,8507,1943,12,13,,8527,0,2240,,,90cae139-0a72-47d7-8d01-3b0971b96f00,M,0,white,0,nonhispanic,0
2241,8507,1939,9,16,,8527,0,2241,,,9837c302-1c71-4927-a535-2af8c2b61d46,M,0,white,0,nonhispanic,0
2242,8507,2004,8,12,,8527,0,2242,,,6d4ad0b6-21b2-4ae3-b25a-f1f403d8a782,M,0,white,0,nonhispanic,0
2243,8532,1943,10,12,,8527,0,2243,,,bf3940d7-0cfe-4545-a684-43874e7de89e,F,0,white,0,nonhispanic,0
2244,8507,1961,8,30,,8527,0,2244,,,205ba75b-ff67-453c-ba45-d6370720dabc,M,0,white,0,nonhispanic,0
2245,8507,1938,9,15,,8527,0,2245,,,a17f7215-87b7-4a45-87df-cc684a358cfa,M,0,white,0,nonhispanic,0
2246,8532,1953,6,20,,8527,0,2246,,,882597fc-0129-4c2c-ab18-d9b3fa3e828d,F,0,white,0,nonhispanic,0
2247,8532,2019,11,13,,8527,0,2247,,,0d802726-5041-4713-9dc2-d263ac5b97e1,F,0,white,0,nonhispanic,0
2248,8532,1954,10,12,,8527,0,2248,,,3421cfe5-bee2-4142-bf52-45746e999d1f,F,0,white,0,nonhispanic,0
2249,8507,2002,5,19,,8527,0,2249,,,9999f431-fc04-40a4-9ad6-417c3c4228a5,M,0,white,0,nonhispanic,0
2250,8507,1940,3,31,,8527,0,2250,,,d13b304c-72bf-464d-90b8-be2a73647036,M,0,white,0,nonhispanic,0
2251,8507,2004,10,15,,8527,0,2251,,,c6f5018d-ed24-47c4-ba8c-afa2742d3fe0,M,0,white,0,nonhispanic,0
2252,8507,2009,1,5,,8527,0,2252,,,b06b1b17-b960-4f6e-988e-072c5a272327,M,0,white,0,nonhispanic,0
2253,8507,1956,9,17,,8527,0,2253,,,d1baf617-2b2e-48b2-9060-b8fa1db8f49f,M,0,white,0,nonhispanic,0
2254,8532,1996,7,6,,8527,0,2254,,,f4aaf671-93c6-4525-bbd9-1c50bfb6cb00,F,0,white,0,nonhispanic,0
2255,8507,1952,10,30,,8527,0,2255,,,47769031-ea95-4d9e-9e73-803e25081a8f,M,0,white,0,nonhispanic,0
2256,8507,1997,7,17,,8527,0,2256,,,ad54d1aa-f26a-4758-b729-e63c85c39fd4,M,0,white,0,nonhispanic,0
2257,8532,1974,5,30,,8527,0,2257,,,971ffd36-6ef2-4091-a7a4-7f13e2a8a4be,F,0,white,0,nonhispanic,0
2258,8532,2008,10,1,,8527,0,2258,,,d6d55ed7-906e-4f90-8d65-0f6c14d288e5,F,0,white,0,nonhispanic,0
2259,8532,2003,6,11,,8527,0,2259,,,257c4dfe-ea55-43ef-80d6-2b4fcb31036a,F,0,white,0,nonhispanic,0
2260,8532,1980,5,13,,8527,0,2260,,,5a20cba9-bbe0-4479-aef4-0d7077f5c1ba,F,0,white,0,nonhispanic,0
2261,8532,1962,6,15,,8527,0,2261,,,12e8645c-7664-408c-a156-7500e915587a,F,0,white,0,nonhispanic,0
2262,8532,1968,11,4,,8527,0,2262,,,31c7f4ad-e69a-45b5-b576-655e22829541,F,0,white,0,nonhispanic,0
2263,8507,2008,4,4,,8527,0,2263,,,b4260198-a002-4372-9082-c4ef7cda6c98,M,0,white,0,nonhispanic,0
2264,8507,1971,3,28,,8527,0,2264,,,e0790ec2-f12d-4443-ac21-3ef8c179b451,M,0,white,0,nonhispanic,0
2265,8507,1992,12,3,,8527,0,2265,,,9f9495b7-54b9-461f-8657-6ee2f68bfbf4,M,0,white,0,nonhispanic,0
2266,8532,1973,3,21,,8527,0,2266,,,3d093807-ca92-40f2-b539-0be066c4f19b,F,0,white,0,nonhispanic,0
2267,8532,1995,7,17,,8527,0,2267,,,6e939c80-5c5a-4f73-a08a-8c8ce51af7e9,F,0,white,0,nonhispanic,0
2268,8507,2017,6,12,,8527,0,2268,,,86e983b8-a714-4b29-a855-267e0282867e,M,0,white,0,nonhispanic,0
2269,8507,1961,1,26,,8527,0,2269,,,c731e601-f708-4328-b4e4-153466be5467,M,0,white,0,nonhispanic,0
2270,8532,1947,7,14,,8527,0,2270,,,4a9c8e6d-6f4b-4993-bd6f-b10fafb26773,F,0,white,0,nonhispanic,0
2271,8532,1951,1,3,,8527,0,2271,,,0139cf58-c9f4-4d27-b226-01fcaf33d698,F,0,white,0,nonhispanic,0
2272,8507,1957,9,2,,8527,0,2272,,,277e38cf-8197-4c26-9e4c-9bcffc1c56c7,M,0,white,0,nonhispanic,0
2273,8532,1955,1,19,,8527,0,2273,,,686db57a-6dd0-4f29-9ea1-be9a69835ed0,F,0,white,0,nonhispanic,0
2274,8532,1970,9,17,,8527,0,2274,,,52cf1539-47ed-4429-b3c0-f928eafe9bfd,F,0,white,0,nonhispanic,0
2275,8532,1961,11,29,,8527,0,2275,,,dbd957f9-c6fb-4f74-a154-3b690909a98f,F,0,white,0,nonhispanic,0
2276,8507,1941,4,13,,8527,0,2276,,,a6244079-37f6-4021-80f2-7017ea36d05a,M,0,white,0,nonhispanic,0
