person_id,gender_concept_id,year_of_birth,month_of_birth,day_of_birth,birth_datetime,race_concept_id,ethnicity_concept_id,location_id,provider_id,care_site_id,person_source_value,gender_source_value,gender_source_concept_id,race_source_value,race_source_concept_id,ethnicity_source_value,ethnicity_source_concept_id
517,8507,2008,6,6,,8527,0,517,,,9ed187bc-beeb-47e6-a469-aa7cd0c42c52,M,0,white,0,nonhispanic,0
518,8532,2002,10,4,,8527,0,518,,,4a96e71a-989a-4621-b418-f7f34b3fe87b,F,0,white,0,nonhispanic,0
519,8532,1989,10,17,,8527,0,519,,,663f97ce-a6f8-4085-98cb-d5a8f9cb9270,F,0,white,0,nonhispanic,0
520,8507,2008,3,26,,8527,0,520,,,40bdd9f7-4c51-453f-a416-fe743662012b,M,0,white,0,nonhispanic,0
521,8507,2013,5,14,,8527,0,521,,,bb36c886-9f14-4297-a251-a481149647fb,M,0,white,0,nonhispanic,0
522,8532,2012,11,6,,8527,0,522,,,718ec8dc-c157-4487-af60-b3b12758373d,F,0,white,0,nonhispanic,0
523,8532,2019,11,24,,8527,0,523,,,2ec686b7-57d8-4f71-9c04-79a109c08312,F,0,white,0,nonhispanic,0
524,8532,1971,8,15,,8527,0,524,,,2537b1d4-7285-4ca6-b93b-aa806dee9a07,F,0,white,0,nonhispanic,0
525,8532,1980,8,15,,8527,0,525,,,82f44313-9a18-45de-8032-dfc6fa57f67e,F,0,white,0,nonhispanic,0
526,8532,1958,6,9,,8527,0,526,,,bc41b8b1-8a4c-443d-af93-576d703c4c7e,F,0,white,0,nonhispanic,0
527,8532,1957,3,26,,8527,0,527,,,0104085b-2955-414f-9a7a-a1fe4ae86e46,F,0,white,0,nonhispanic,0
528,8507,1947,3,13,,8527,0,528,,,3b48d3f5-9761-4c94-b688-46947fdb0722,M,0,white,0,nonhispanic,0
529,8532,2012,4,17,,8527,0,529,,,6a5f5c2f-4a35-4066-9347-9fd15db371b8,F,0,white,0,nonhispanic,0
530,8507,1991,8,16,,8527,0,530,,,0117abd6-54e4-43e6-b646-68e4e268e47a,M,0,white,0,nonhispanic,0
531,8507,1939,7,31,,8527,0,531,,,b958fd97-5e75-4ab1-acde-a63cf0827b01,M,0,white,0,nonhispanic,0
532,8532,2008,5,23,,8527,0,532,,,8c4a00d0-41b1-4fa4-b6a2-aad4d831b873,F,0,white,0,nonhispanic,0
533,8507,1989,12,19,,8527,0,533,,,b8cbb97b-7ad8-4e31-9d44-8aa2fc78604c,M,0,white,0,nonhispanic,0
534,8532,2006,11,10,,8527,0,534,,,71e0aad0-c3f8-4976-acb6-af1268305d67,F,0,white,0,nonhispanic,0
535,8532,1987,6,2,,8527,0,535,,,fa2fb38e-afb3-48d9-a2a0-e99ded8409df,F,0,white,0,nonhispanic,0
536,8507,1970,11,19,,8527,0,536,,,63e204df-8427-43bc-900e-d7cdb7f840f7,M,0,white,0,nonhispanic,0
537,8532,2002,4,5,,8527,0,537,,,d5e7d5de-f3f7-4f46-8f96-a6891fefa99f,F,0,white,0,nonhispanic,0
538,8507,2017,4,19,,8527,0,538,,,113a2a6f-8960-4931-974a-07a4e433df90,M,0,white,0,nonhispanic,0
539,8532,1993,11,28,,8527,0,539,,,74579bc3-e950-4cdb-aa3f-b485dc1fead9,F,0,white,0,nonhispanic,0
540,8532,1978,2,9,,8527,0,540,,,c794731e-4b27-4e4f-bfb2-241fdb4d174e,F,0,white,0,nonhispanic,0
541,8507,2017,10,6,,8527,0,541,,,1625ecf6-834d-4f57-8d42-471133809baf,M,0,white,0,nonhispanic,0
542,8507,2013,5,20,,8527,0,542,,,f27b0980-e3da-4bb3-963e-b364c736d9a6,M,0,white,0,nonhispanic,0
543,8532,1969,8,9,,8527,0,543,,,acda562d-4cb0-4260-934c-59a98bb5e8a0,F,0,white,0,nonhispanic,0
544,8532,1972,10,7,,8527,0,544,,,afe90de7-622b-4fcb-a54b-92db1e4d883f,F,0,white,0,nonhispanic,0
545,8532,1941,5,20,,8527,0,545,,,b830533c-a30e-4bbc-96fc-73c7c983d566,F,0,white,0,nonhispanic,0
546,8507,1959,6,19,,8527,0,546,,,9289e997-7e7e-4c32-9a9c-22d4e905c561,M,0,white,0,nonhispanic,0
547,8507,1946,12,12,,8527,0,547,,,ed95b61f-660f-489c-b8f0-84687d50eb92,M,0,white,0,nonhispanic,0
548,8507,2010,11,3,,8527,0,548,,,3b25a2d5-86b2-4e4e-a7cb-c40983bf8010,M,0,white,0,nonhispanic,0
549,8532,2018,8,20,,8527,0,549,,,79738cc6-f547-4103-80a5-e2086ef7fa32,F,0,white,0,nonhispanic,0
550,8532,1958,12,19,,8527,0,550,,,2746b166-0758-424a-abd1-0f16ee26438e,F,0,white,0,nonhispanic,0
551,8507,1977,5,12,,8527,0,551,,,9507e236-3ba4-4a5c-8c1b-a44272927954,M,0,white,0,nonhispanic,0
552,8507,1957,11,30,,8527,0,552,,,2fe27989-e36c-4db1-82c8-d58281a16dad,M,0,white,0,nonhispanic,0
553,8532,1972,12,3,,8527,0,553,,,8051e14f-52da-447f-8ad7-d68ba4c727d7,F,0,white,0,nonhispanic,0
554,8507,1992,6,19,,8527,0,554,,,f2a285c8-70b4-4af2-bf23-62f94043e135,M,0,white,0,nonhispanic,0
555,8532,1924,2,25,,8527,0,555,,,27c49162-4c48-4830-93cb-dd7bb16e0115,F,0,white,0,nonhispanic,0
556,8532,1950,9,4,,8527,0,556,,,fe886184-a388-4d72-9cb9-1a24aa30a1d5,F,0,white,0,nonhispanic,0
557,8507,2006,6,29,,8527,0,557,,,6d28a374-a316-4af7-bb27-e6d4807f857a,M,0,white,0,nonhispanic,0
558,8532,2001,9,23,,8527,0,558,,,8590e191-a991-47af-8edb-69841f2e071e,F,0,white,0,nonhispanic,0
559,8532,2011,3,26,,8527,0,559,,,59ef1529-4de4-401f-a129-f9fadb01fec8,F,0,white,0,nonhispanic,0
560,8532,1972,2,21,,8527,0,560,,,52591a48-2251-451e-97e7-6f19f51ff246,F,0,white,0,nonhispanic,0
561,8507,1942,2,27,,8527,0,561,,,2782980a-6bb7-4451-9d1a-3c4fc09d8bcc,M,0,white,0,nonhispanic,0
562,8532,1941,1,13,,8527,0,562,,,334931e6-a1c3-4ba5-8a32-91ea4dd3c0a4,F,0,white,0,nonhispanic,0
563,8507,1980,2,1,,8527,0,563,,,ca359753-712c-46a4-abc6-f3cf737eebca,M,0,white,0,nonhispanic,0
564,8507,2019,4,29,,8527,0,564,,,377176ea-0ed6-4ce7-a6ea-e5e3a6ef4416,M,0,white,0,nonhispanic,0
565,8507,1967,4,15,,8527,0,565,,,08769a48-2c69-4b63-b9c3-50b2862f9fd9,M,0,white,0,nonhispanic,0
566,8507,1981,5,25,,8527,0,566,,,94ba58f4-d57a-4ba1-a93c-5d6ab7440aa0,M,0,white,0,nonhispanic,0
567,8507,1978,11,10,,8527,0,567,,,39ec648f-8512-4e4f-8589-094c7262c80a,M,0,white,0,nonhispanic,0
568,8532,1994,10,18,,8527,0,568,,,b9fda069-6c93-42bc-adf4-91725d29b7e0,F,0,white,0,nonhispanic,0
569,8532,2008,8,5,,8527,0,569,,,8f136537-121a-4921-adc3-461241b085f4,F,0,white,0,nonhispanic,0
570,8532,1971,11,25,,8527,0,570,,,9f8cd471-fc54-4d1f-9769-2cae0524069e,F,0,white,0,nonhispanic,0
571,8532,1976,3,20,,8527,0,571,,,e463293a-bb16-4fa5-a5f7-dcf4febd68aa,F,0,white,0,nonhispanic,0
572,8507,1966,7,31,,8527,0,572,,,74d076f1-5228-4a9d-8eca-4b65cca88d65,M,0,white,0,nonhispanic,0
573,8507,2005,9,13,,8527,0,573,,,53fba0a3-89f6-4894-9291-b701783c0150,M,0,white,0,nonhispanic,0
574,8532,1993,8,5,,8527,0,574,,,3d52ef36-3afd-4998-9a0a-4255b5eadffd,F,0,white,0,nonhispanic,0
575,8507,1958,2,27,,8527,0,575,,,41d0c959-c3fa-43e9-81ce-80ed1b0bd0b4,M,0,white,0,nonhispanic,0
576,8507,1970,3,6,,8527,0,576,,,9dd6199e-d602-456f-85b9-74cca4997bec,M,0,white,0,nonhispanic,0
577,8532,1989,11,18,,8527,0,577,,,33b2eab0-ed0e-456f-8669-e87dd32f3752,F,0,white,0,nonhispanic,0
578,8507,1992,2,29,,8527,0,578,,,fb477464-bf5e-429f-a404-10c8576ebab6,M,0,white,0,nonhispanic,0
579,8532,1948,12,29,,8527,0,579,,,5f520cc9-5c21-4576-b70a-7f2fb4a2ddd7,F,0,white,0,nonhispanic,0
580,8532,2001,9,13,,8527,0,580,,,97a8ff9a-aa91-4b8d-a3f3-9d43254df9c3,F,0,white,0,nonhispanic,0
581,8532,1991,5,23,,8527,0,581,,,b196e06f-f186-4f11-b611-56497c335d1f,F,0,white,0,nonhispanic,0
582,8532,1975,3,12,,8527,0,582,,,85932ea5-ba35-41b9-93a6-eed4388c8bca,F,0,white,0,nonhispanic,0
583,8532,1954,9,8,,8527,0,583,,,622ee8ad-f563-4e34-bb82-e15d24a8e10d,F,0,white,0,nonhispanic,0
584,8532,1988,7,1,,8527,0,584,,,b90bbca2-98c9-43db-8b2b-70ffb400a9c5,F,0,white,0,nonhispanic,0
585,8507,1942,10,29,,8527,0,585,,,b785019e-6902-46ef-b372-c2f05eae4c9a,M,0,white,0,nonhispanic,0
586,8507,1992,12,25,,8527,0,586,,,7c13d320-047d-4d76-9e89-3675f608c78f,M,0,white,0,nonhispanic,0
587,8532,2019,12,14,,8527,0,587,,,c94d8ae6-7dd4-43dc-8426-9fe25432c9ac,F,0,white,0,nonhispanic,0
588,8532,1977,8,9,,8527,0,588,,,cf66e0f3-2704-4a64-8276-93801457ace0,F,0,white,0,nonhispanic,0
589,8532,1986,8,18,,8527,0,589,,,b73bd56e-cf88-4a29-98cc-10a407c9cf78,F,0,white,0,nonhispanic,0
590,8507,1959,1,4,,8527,0,590,,,d70fc7b9-4511-45f4-82f9-0171ffe4ca40,M,0,white,0,nonhispanic,0
591,8507,2010,2,5,,8527,0,591,,,3ba0ddf6-7c0f-49f6-aa45-0119d275e839,M,0,white,0,nonhispanic,0
592,8507,1956,5,21,,8527,0,592,,,34b52bff-190b-444a-93e0-f5cc53ae8f2b,M,0,white,0,nonhispanic,0
593,8532,2018,8,22,,8527,0,593,,,d466976c-b5ca-4bca-a0da-47c14eaa9053,F,0,white,0,nonhispanic,0
594,8532,1975,1,19,,8527,0,594,,,a8c29b4b-14cd-4ec2-91cc-7d6b259b3410,F,0,white,0,nonhispanic,0
595,8507,2013,6,17,,8527,0,595,,,a0469df2-f66b-4fea-9b35-85ce7f8b4e2e,M,0,white,0,nonhispanic,0
596,8532,1998,1,8,,8527,0,596,,,a8169d50-b89b-4a2f-8c72-311c124c1b41,F,0,white,0,nonhispanic,0
597,8532,1967,6,22,,8527,0,597,,,76ff43f7-d51a-4b09-a171-34b46776f769,F,0,white,0,nonhispanic,0
598,8507,1994,10,19,,8527,0,598,,,841bb4dd-97bf-4f95-acd5-6a526db2efbf,M,0,white,0,nonhispanic,0
599,8532,1979,12,31,,8527,0,599,,,23d0eabb-78ee-42c9-a43e-322b30fdeb3d,F,0,white,0,nonhispanic,0
600,8507,1976,11,28,,8527,0,600,,,536b243e-a31e-47ed-b0b7-8a01ba1dda17,M,0,white,0,nonhispanic,0
601,8507,1996,10,26,,8527,0,601,,,30c47999-7652-4d0a-be1a-63ad870a7f57,M,0,white,0,nonhispanic,0
602,8532,2011,11,17,,8527,0,602,,,c6bc295e-c92b-4960-857e-f73ac8d75eaf,F,0,white,0,nonhispanic,0
603,8507,1968,8,29,,8527,0,603,,,ef1519ee-9955-4339-bef5-c821b8a15008,M,0,white,0,nonhispanic,0
604,8532,1996,11,29,,8527,0,604,,,ea240d16-f4ab-4e37-82f8-4daadafd6be1,F,0,white,0,nonhispanic,0
605,8507,1991,1,19,,8527,0,605,,,44080f98-5b0e-407e-b7c5-51941cefbced,M,0,white,0,nonhispanic,0
606,8532,1910,5,2,,8527,0,606,,,7a2dec9c-34ea-4e45-b28f-675e0c25cc17,F,0,white,0,nonhispanic,0
607,8507,2017,2,10,,8527,0,607,,,aaceb372-aa5c-440f-92b8-7e0e66e8fecd,M,0,white,0,nonhispanic,0
608,8507,2016,12,21,,8527,0,608,,,63693634-3d77-4bc8-9ba3-1e37ed070596,M,0,white,0,nonhispanic,0
609,8532,1962,4,26,,8527,0,609,,,8071b685-aa2d-46fc-a624-c4d97e2fbe10,F,0,white,0,nonhispanic,0
610,8532,1985,12,18,,8527,0,610,,,e62ea5a0-2a2d-4323-a0dc-709e5b8d9dc3,F,0,white,0,nonhispanic,0
611,8507,2015,11,14,,8527,0,611,,,7369efe7-6e61-4415-a423-d3cc1cd816a7,M,0,white,0,nonhispanic,0
612,8532,1978,12,4,,8527,0,612,,,cb611921-dfab-48e8-bf7f-0363badb4109,F,0,white,0,nonhispanic,0
613,8532,1954,11,27,,8527,0,613,,,dd77f502-b38d-462c-a469-47e051d99910,F,0,white,0,nonhispanic,0
614,8507,1940,3,9,,8527,0,614,,,972c281f-266f-44e3-8d62-8fb05241547f,M,0,white,0,nonhispanic,0
615,8507,1966,5,3,,8527,0,615,,,7ae27fff-b597-49ed-b76a-d94d852f32f7,M,0,white,0,nonhispanic,0
616,8532,1947,12,15,,8527,0,616,,,823a0ed9-a8e5-4e49-9435-4939465638b7,F,0,white,0,nonhispanic,0
