location_id,address_1,address_2,city,state,zip,county,location_source_value
1759,292 Heponiemi Katu,,Sipoo,Uusimaa,01120,Sipoo,61d80f93-276b-44db-acfa-34ffcb15a626
1760,885 Tohni Katu,,Espoo,Uusimaa,02280,Espoo,f3d5670f-44c9-44e0-b88f-a1b5c93fd654
1761,1074 Luoma-aho Katu Apt 22,,Helsinki,Uusimaa,00700,Helsinki,df5989b0-8c76-42d6-8a6d-0a4fb267eadd
1762,993 Lemetti Katu,,Porvoo,Uusimaa,06400,Porvoo,9c8942ed-5b08-4c82-bbe9-ab3d132214c5
1763,894 Kara Katu Apt 16,,Helsinki,Uusimaa,00570,Helsinki,3a3e9cec-9afa-4048-bf1c-34475bef6bc0
1764,311 Pauloff Katu Unit 73,,Helsinki,Uusimaa,00430,Helsinki,254e667f-7736-4f24-bb99-84e4c4078961
1765,963 Ala-Hukkala Katu,,Espoo,Uusimaa,02820,Espoo,c9b60af3-9871-443d-ba33-e1f3bada3687
1766,994 Piilonen Katu Apt 1,,Kauniainen,Uusimaa,02700,Kauniainen,d4c62df5-5381-49ca-9292-9fd08357c558
1767,306 Rantala Katu,,Espoo,Uusimaa,02740,Espoo,7df29c56-a5e2-4675-8e3a-f377dca297f7
1768,987 Kananoja Katu,,Helsinki,Uusimaa,00560,Helsinki,ee75d7cd-5bb0-4a86-b6ce-3b25e63e1434
1769,163 Welling Katu,,Sipoo,Uusimaa,01190,Sipoo,04757ac0-0331-40e8-98ea-28503c378332
1770,973 Lehtoniemi Katu,,Tuusula,Uusimaa,04330,Tuusula,4e79a919-149f-4a1b-88b0-9d73c68a9da2
1771,795 Helkamäki Katu Suite 31,,Hyvinkää,Uusimaa,05830,Hyvinkää,b8636cb3-df20-453e-9a77-4ef53197dc0a
1772,986 Järviranta Katu,,Vantaa,Uusimaa,01370,Vantaa,a33e3577-5050-4057-ada8-fa05ec9fc43a
1773,126 Hyörtti Katu,,Vantaa,Uusimaa,01660,Vantaa,df785bbe-d10e-476f-8ab3-85e12721b143
1774,1061 Ruokosalmi Katu,,Vantaa,Uusimaa,01770,Vantaa,b37ad442-01f1-4b91-94d8-51e49f5fb58c
1775,385 Fagersund Katu,,Espoo,Uusimaa,02210,Espoo,4f951e6a-4d98-4255-9352-9980469ee096
1776,251 Sidorov Katu,,Helsinki,Uusimaa,00570,Helsinki,5c20fe13-483d-4184-97e9-3faf24dcfa44
1777,948 Petäjäniemi Katu,,Helsinki,Uusimaa,00210,Helsinki,16309c20-b967-4001-8fe5-a7759fb9412a
1778,571 Piila Katu,,Hyvinkää,Uusimaa,05810,Hyvinkää,7f114e85-938a-4eca-b18f-59a0a638eec2
1779,172 Raasu Katu,,Espoo,Uusimaa,02270,Espoo,aa7adadb-a4c7-4d46-98e6-e84b70bcc415
1780,248 Mulli Katu Unit 42,,Nurmijärvi,Uusimaa,05450,Nurmijärvi,8d8fa8e2-e301-459c-8008-644e41a8d69e
1781,302 Herajärvi Katu Unit 76,,Helsinki,Uusimaa,00890,Helsinki,2186308c-d28c-4282-be1d-90c316193421
1782,939 Tuulinen Katu Apt 83,,Espoo,Uusimaa,02720,Espoo,4a98a76e-9cdf-45af-854f-efd27c375b90
1783,449 Ahlskog Katu,,Helsinki,Uusimaa,00140,Helsinki,2dd02d21-92c8-4817-80fc-f5045b7a988d
1784,584 Hernesaho Katu,,Helsinki,Uusimaa,00260,Helsinki,51df8a6a-e18c-4960-af01-a7b254d986db
1785,252 Toiva Katu,,Lohja,Uusimaa,09630,Lohja,19433462-af6d-4683-8916-d11c6fc128b0
1786,372 Stenbäck Katu,,Hyvinkää,Uusimaa,05820,Hyvinkää,1d8dee24-9e45-4eb1-96a0-ff65d1b649a5
1787,1038 Kultavuori Katu,,Helsinki,Uusimaa,00600,Helsinki,1e55a690-b4af-457a-b36d-2ca4068c82e6
1788,1006 Rikula Katu Apt 96,,Kirkkonummi,Uusimaa,02550,Kirkkonummi,c81a0538-e6f8-4ca2-9886-9550f5bb08b4
1789,728 Janhonen Katu Unit 54,,Espoo,Uusimaa,02810,Espoo,898116ac-2ba3-4340-ba27-e8ea002350cf
1790,1090 Suur-Askola Katu Suite 18,,Vantaa,Uusimaa,01720,Vantaa,c0937711-1d4e-497c-868b-c4a515d49cd8
1791,734 Andtsjö Katu Apt 48,,Vantaa,Uusimaa,01620,Vantaa,23604dc3-a591-4ac2-a6cd-4f06366c345a
1792,425 Nuijanmaa Katu Suite 82,,Helsinki,Uusimaa,00930,Helsinki,5bcd0bd8-f29a-4387-a6e6-fc28d4227d2b
1793,270 Korell Katu,,Raasepori,Uusimaa,10640,Raasepori,e2c4d80f-743a-497c-8e3a-609a07ec7b0b
1794,745 Hatanpää Katu Unit 71,,Raasepori,Uusimaa,10410,Raasepori,ca225d9a-1c6a-4866-88bd-0c791e455bf5
1795,629 Wahtera Katu Unit 44,,Vantaa,Uusimaa,01230,Vantaa,91917e37-4e40-4c8d-a1bc-20c3be573846
1796,632 Ista Katu,,Sipoo,Uusimaa,04150,Sipoo,a3f39e39-f094-4d69-b33d-7fc7a626842f
1797,639 Valorinne Katu,,Espoo,Uusimaa,02720,Espoo,b4c849ca-d899-441d-8ac8-ad800a7ad0ca
1798,917 Lahtelin Katu Apt 51,,Espoo,Uusimaa,02600,Espoo,c1b68549-47cb-42fe-9d1a-af0281594047
1799,107 Haanperä Katu Unit 53,,Kirkkonummi,Uusimaa,02400,Kirkkonummi,47aa6052-3446-4343-a8a5-99d57a96a0f9
1800,265 Kohtala Katu,,Lohja,Uusimaa,03870,Lohja,b6682a44-d8d9-44a1-8633-9c41be2ed508
1801,521 Jalola Katu,,Raasepori,Uusimaa,10680,Raasepori,d3d6e6b6-0c1d-4716-950d-488cd2bda5a3
1802,1053 Sarastamo Katu,,Vantaa,Uusimaa,01340,Vantaa,b231b978-9bd8-43d0-9f28-186dde85c806
1803,1053 Lehdonkivi Katu Apt 28,,Helsinki,Uusimaa,00910,Helsinki,6bb92b5f-1dd9-4855-924c-1f709f1bd4d6
1804,797 Porter Katu Suite 21,,Vantaa,Uusimaa,01700,Vantaa,d6e82f0c-3550-4af6-8beb-3508377e9588
1805,358 Airaskorpi Katu,,Helsinki,Uusimaa,00420,Helsinki,e018eb36-9c64-4ec4-803a-1d63ffd41ec1
1806,937 Marjakoski Katu,,Helsinki,Uusimaa,00230,Helsinki,6055ac23-3d76-4b10-8d48-c2d889137cb4
1807,1062 Elgbacka Katu Suite 38,,Helsinki,Uusimaa,00910,Helsinki,ceae792b-bb74-439d-9588-c993d1371a82
1808,204 Ylilammi Katu Unit 66,,Espoo,Uusimaa,02770,Espoo,c6b3892d-24be-438d-a4c6-f10360c74b5c
1809,532 Uusi-Uola Katu,,Hyvinkää,Uusimaa,05440,Hyvinkää,263e3a54-6fd1-4d6e-a761-d8bc966e9069
1810,980 Taam Katu Apt 81,,Helsinki,Uusimaa,00530,Helsinki,3806b9ce-b0c0-44ca-b710-59b6b3c84202
1811,1062 Benson Katu,,Kerava,Uusimaa,04220,Kerava,a2962a37-6d33-43d5-a066-d6e4e11ea8ba
1812,203 Karsisto Katu,,Espoo,Uusimaa,02970,Espoo,aa7c2c68-a2dd-4be4-b5cf-ddb5fd4126b7
1813,910 Lahdenmäki Katu,,Espoo,Uusimaa,02150,Espoo,36b2d171-b657-40ab-94a7-d7bedf2fcf8e
1814,140 Valtiala Katu,,Vantaa,Uusimaa,01720,Vantaa,7005233e-b844-4389-a134-2e0eee48e363
1815,748 Haiko Katu,,Helsinki,Uusimaa,00200,Helsinki,3991ae5d-6241-4145-b762-f0c62ddff718
1816,765 Sonkkila Katu Apt 96,,Porvoo,Uusimaa,07220,Porvoo,0f9cca05-fc48-4309-a7a4-f56d72dc6015
1817,717 Pakanen Katu,,Helsinki,Uusimaa,00990,Helsinki,e1b5d990-14b2-4fde-bb9f-3bf3bb0206b7
1818,931 Ikäläinen Katu Apt 72,,Helsinki,Uusimaa,00180,Helsinki,b7d7d303-fe76-4dec-8fbf-6a155b5b970d
1819,328 Hjulberg Katu,,Espoo,Uusimaa,02100,Espoo,9647e1d6-3180-4ef7-a44a-67c71f05433a
1820,490 Antus Katu,,Kerava,Uusimaa,04200,Kerava,e45ffcbe-eb89-434c-9e59-65147a611969
1821,155 Kotila Katu,,Kirkkonummi,Uusimaa,02460,Kirkkonummi,51dfcf34-3c36-44f5-900e-26d023f74e6c
1822,939 Takkula Katu,,Vantaa,Uusimaa,01530,Vantaa,4e556388-736c-48da-8aea-3b2db1c70036
1823,404 Mathlin Katu,,Porvoo,Uusimaa,07450,Porvoo,49c2c284-88c8-481b-9518-a782162f0394
1824,258 Yli-Pietilä Katu Unit 40,,Helsinki,Uusimaa,00260,Helsinki,a14f6b79-d98c-4ab5-970d-ad89bcb5bc5a
1825,291 Sosunov Katu,,Helsinki,Uusimaa,00520,Helsinki,39dc4b26-25b2-449f-8819-01a41f859d44
1826,667 Helmi Katu,,Helsinki,Uusimaa,00860,Helsinki,d6caad98-af4c-4a7d-b3ad-6399f08c48bb
1827,566 Korkalainen Katu Apt 98,,Helsinki,Uusimaa,00960,Helsinki,825f8537-8256-474c-9d2d-1e9c5b739de3
1828,360 Täyränen Katu Apt 46,,Helsinki,Uusimaa,00850,Helsinki,8bf655f5-ce10-4df3-94fa-4e0ff2c7a7c5
1829,575 Muhola Katu Unit 93,,Kerava,Uusimaa,04230,Kerava,4eb5af94-16ee-4cee-977e-cb7008026595
1830,711 Känsälä Katu Suite 11,,Espoo,Uusimaa,02150,Espoo,7a805e68-9472-4d75-94cc-0ebe3d8eef61
1831,309 Kuhalampi Katu,,Vantaa,Uusimaa,01280,Vantaa,2a2897e8-977d-4cc7-953b-c61d5297b2f1
1832,837 Sora Katu Suite 47,,Espoo,Uusimaa,02200,Espoo,297a479f-a04f-45b9-bfce-d401e4bb4b1e
1833,164 Brask Katu,,Espoo,Uusimaa,02210,Espoo,b86f612b-8941-4e06-bc48-d04e30bc50fe
1834,416 Kekonen Katu,,Vantaa,Uusimaa,01520,Vantaa,3f34de49-bbfb-4cae-9e45-bd6c27a50e92
1835,608 Silvonen Katu Suite 81,,Helsinki,Uusimaa,00700,Helsinki,1e210d61-6ac7-4c4a-a705-52585fefe0f2
1836,662 Heikura Katu,,Helsinki,Uusimaa,00230,Helsinki,6aa216fd-0081-4830-a4cc-a97a9edc3312
1837,643 Hällström Katu Unit 1,,Porvoo,Uusimaa,07390,Porvoo,05b9666e-3642-43fd-a0a2-2b5e60771d07
1838,166 Kiljain Katu Unit 28,,Sipoo,Uusimaa,04170,Sipoo,294eec06-358c-4863-86b3-fce8b77cd8c0
1839,408 Hilpinen Katu,,Porvoo,Uusimaa,06400,Porvoo,35979a43-4135-4aac-9c17-a0ec3e8aeb56
1840,907 Svarts Katu,,Kerava,Uusimaa,04250,Kerava,20f296a7-0ae8-45bd-8e22-f448260674f3
1841,792 Hindström Katu Suite 86,,Helsinki,Uusimaa,00620,Helsinki,b6564dcc-dd80-4177-ab00-e3ff63e680c5
1842,727 Myllyrinne Katu Apt 53,,Kerava,Uusimaa,04200,Kerava,b4cf438e-d291-4321-b156-b66f0db0e887
1843,609 Hane Katu,,Helsinki,Uusimaa,00800,Helsinki,537084f2-e49b-4bd7-bdda-9d7a6c082adc
1844,525 Kähtävä Katu Apt 52,,Kirkkonummi,Uusimaa,02470,Kirkkonummi,478005ef-14e0-4d05-8f63-c6d60b2cdb00
1845,1006 Haaslahti Katu Suite 29,,Helsinki,Uusimaa,00390,Helsinki,7310b8d2-22fb-42ea-b86e-0dd267d3b949
1846,143 Ekfors Katu,,Nurmijärvi,Uusimaa,05250,Nurmijärvi,7a81abcf-6759-48a2-b1cb-27bb97f36f8d
1847,260 Kalliokuusi Katu Suite 70,,Espoo,Uusimaa,02120,Espoo,aa9fd1e1-587b-402c-9e67-1d30a10161fa
1848,614 Ylimaa Katu Apt 6,,Helsinki,Uusimaa,00920,Helsinki,67ef1d29-ce9f-4733-8c94-7cfc9b3844cb
1849,453 Permanto Katu,,Vantaa,Uusimaa,01670,Vantaa,c779a7c6-75e5-43fd-b627-e0f17aa0e0f6
1850,712 Könni Katu,,Helsinki,Uusimaa,00900,Helsinki,e3cd8ae8-3336-4d76-81fb-f6e673b9a4be
1851,103 Sweins Katu Suite 5,,Hyvinkää,Uusimaa,05440,Hyvinkää,8efcdf29-eef8-4be1-ab42-1a3417ccbba5
1852,158 Ursin Katu,,Mäntsälä,Uusimaa,04920,Mäntsälä,377b8d0c-2728-4fed-94f4-ac8e1885bd54
1853,352 Mannari Katu Suite 86,,Espoo,Uusimaa,02820,Espoo,45383c45-8a36-4188-bf04-cadd5cf1a04c
1854,343 Inkerö Katu,,Vantaa,Uusimaa,01520,Vantaa,be34c943-e84c-4223-9a2b-48faf1378fe6
1855,265 Indrén Katu Apt 35,,Mäntsälä,Uusimaa,04840,Mäntsälä,6a729668-24e9-47dc-bbe7-7a7ac0049d8a
1856,970 Arajärvi Katu,,Kirkkonummi,Uusimaa,02410,Kirkkonummi,3dc58068-1de9-4793-879a-de3759f15926
1857,273 Meloni Katu,,Helsinki,Uusimaa,00320,Helsinki,4b33ecfe-1e8e-46f7-8250-88f11ba1ab64
1858,1027 Narvanto Katu Unit 62,,Vantaa,Uusimaa,01670,Vantaa,12ebff67-08dc-4640-94f4-b3a4ce32082f
1859,476 Hurttia Katu Suite 24,,Helsinki,Uusimaa,00980,Helsinki,6eaf039f-2b47-4983-8b14-d0728573f06b
1860,539 Puukko Katu Unit 95,,Kirkkonummi,Uusimaa,02420,Kirkkonummi,08098861-18f6-4aba-bb14-c57657da363d
1861,982 Viitala Katu,,Kirkkonummi,Uusimaa,02480,Kirkkonummi,dca29851-06da-4bcd-ac38-515dfdae5747
1862,464 Luiro Katu,,Kirkkonummi,Uusimaa,02540,Kirkkonummi,279f42de-e6f8-4b33-99ce-4a4bca1b1e3d
