location_id,address_1,address_2,city,state,zip,county,location_source_value
4744,171 Ruskeeniemi Katu,,Espoo,Uusimaa,02680,Espoo,dd6f0a96-03d9-4f74-ad57-0faa0efdaf70
4745,396 Mehiläinen Katu Suite 92,,Helsinki,Uusimaa,00990,Helsinki,139df6b8-59dc-4ad4-ae9e-65b5993f52e9
4746,217 Sailio Katu Suite 94,,Espoo,Uusimaa,02230,Espoo,81093d0f-69f9-4a12-a0d2-7e077b63c796
4747,839 Ylisirniö Katu Suite 64,,Vihti,Uusimaa,03400,Vihti,27f65cd8-386a-4f2c-af8c-89fdcd1ac962
4748,548 Mitikka Katu,,Helsinki,Uusimaa,00970,Helsinki,e83697af-5a12-4bc7-9338-fa558ba160a0
4749,223 Karioja Katu,,Helsinki,Uusimaa,00790,Helsinki,e98ded14-2d3a-4d08-a2bd-1a966ec308af
4750,449 Vaskivuo Katu,,Helsinki,Uusimaa,00190,Helsinki,0943a209-1e88-4dbf-b3f3-fbbddf0d7276
4751,1038 al-Nazary Katu Unit 69,,Helsinki,Uusimaa,00180,Helsinki,b54aabc7-e4cd-4c3a-9b42-ec62d2ec6029
4752,162 Krüger Katu,,Helsinki,Uusimaa,00580,Helsinki,e252cb2b-f8a0-455e-b1cf-53385ce42269
4753,739 Kovalainen Katu,,Helsinki,Uusimaa,00550,Helsinki,6d05a530-e0c2-4c0b-ab8e-343c06a1706e
4754,266 Puranen Katu,,Vihti,Uusimaa,03100,Vihti,21ceaa3e-c46c-45c1-b69e-8254924d493e
4755,290 Ryytty Katu,,Tuusula,Uusimaa,04330,Tuusula,163f5020-f764-4dad-9a48-9f6212c9284f
4756,212 Hahkala Katu Suite 60,,Lohja,Uusimaa,09430,Lohja,327201ee-be6d-4416-a5eb-a3ebbb5e8e98
4757,1051 Ekroth Katu,,Helsinki,Uusimaa,00420,Helsinki,06e65031-852c-481f-8670-0b87f6df9767
4758,753 Niku Katu Suite 92,,Espoo,Uusimaa,02600,Espoo,e4381587-66b0-4027-bdf6-018d690ba61b
4759,475 Mäki-Fränti Katu Apt 36,,Järvenpää,Uusimaa,04440,Järvenpää,883426c6-a15c-42e7-a049-b659e17f7c00
4760,675 Gordon Katu Unit 86,,Järvenpää,Uusimaa,04440,Järvenpää,a3fb18b8-1377-4449-a738-c77b5d5e1a49
4761,1061 Wihlman Katu Apt 56,,Vantaa,Uusimaa,01750,Vantaa,fe7b16f3-c23f-4979-b807-193f87984eab
4762,937 Kangasvieri Katu,,Tuusula,Uusimaa,04300,Tuusula,43c69300-1e9b-4886-8354-f4e2d8208003
4763,599 Morgan Katu Unit 73,,Vantaa,Uusimaa,01200,Vantaa,bdae5f51-b171-462f-8960-06fcb1e43d59
4764,341 Hälvä Katu,,Järvenpää,Uusimaa,04440,Järvenpää,0790ac7e-6a37-4239-92a6-6670c751b306
4765,119 Telén Katu Unit 22,,Helsinki,Uusimaa,00390,Helsinki,2daade70-af90-4183-92e0-7cdf669c4a46
4766,995 Linde Katu,,Vantaa,Uusimaa,01510,Vantaa,09502403-ee6e-49b1-85f0-b45f159f1fe3
4767,162 Syväranta Katu,,Espoo,Uusimaa,02660,Espoo,cd206e8f-c5f7-40c1-9aad-4b3667a05fb3
4768,767 Wägar Katu,,Helsinki,Uusimaa,00580,Helsinki,6d10f6ae-911d-4fca-bb92-02930b5a44bd
4769,616 Makaroff Katu Apt 37,,Raasepori,Uusimaa,10350,Raasepori,593c6404-6a22-4126-97a4-0864e4522425
4770,1086 Tyvijärvi Katu Apt 96,,Kirkkonummi,Uusimaa,02430,Kirkkonummi,fd4d48f3-bc8d-464d-8313-9c8d2bbd920e
4771,1042 Laatio Katu,,Helsinki,Uusimaa,00790,Helsinki,80b24df3-011d-465f-b56e-bd4884e78660
4772,637 Nykvist Katu Suite 99,,Espoo,Uusimaa,02660,Espoo,0369b88a-f81a-4865-9f07-b05c8dcd550c
4773,625 Fonsell Katu,,Tuusula,Uusimaa,05400,Tuusula,5b80ac1d-20b3-405c-8277-0a1c0963d0cb
4774,1093 Jakunaho Katu Unit 63,,Espoo,Uusimaa,02160,Espoo,856873f4-fcc8-4b50-8055-a5c610448254
4775,1098 Korpeinen Katu Unit 89,,Vantaa,Uusimaa,01600,Vantaa,d3ddc0cd-d7cf-44c3-bd2a-1237fc074e43
4776,826 Kuuliala Katu,,Espoo,Uusimaa,02150,Espoo,be9108e6-592b-445e-be44-13436229325e
4777,651 Hylkilä Katu,,Kirkkonummi,Uusimaa,02510,Kirkkonummi,774ce5f6-3af9-4921-ab7a-70597c59d014
4778,969 Joki-Hollanti Katu,,Vantaa,Uusimaa,01640,Vantaa,0e70b76e-7a5d-4418-9fcb-e6534b0e62c2
4779,939 Kivipensas Katu Apt 37,,Porvoo,Uusimaa,07410,Porvoo,11efbdb7-debf-4c2b-80f8-82752df39f62
4780,267 Seessalo Katu,,Siuntio,Uusimaa,02590,Siuntio,e19d33bd-7383-4304-9a93-e6d68dd39a62
4781,963 Kyynäräinen Katu Suite 75,,Helsinki,Uusimaa,00190,Helsinki,c4bd7382-8052-4a3e-8410-bbfcd35e40c8
4782,296 Ericsson Katu Apt 69,,Helsinki,Uusimaa,00230,Helsinki,de6db869-294e-4b3a-ac80-c25f6fedd1f9
4783,517 Isolauri Katu,,Helsinki,Uusimaa,00550,Helsinki,db8fa5cb-36a8-4abc-8c56-4fee67f6b2cd
4784,812 Pääskynen Katu Apt 30,,Vantaa,Uusimaa,01230,Vantaa,8e8c6ac8-77b1-4320-93ac-929369f8cb10
4785,715 Rampanen Katu,,Helsinki,Uusimaa,00520,Helsinki,940b4964-00a1-4c91-af85-fc16e5e909e1
4786,314 Tervapuro Katu Unit 49,,Helsinki,Uusimaa,00780,Helsinki,c5ec750c-5622-4c1f-bccb-6f22a642f1f7
4787,859 Vihersalo Katu Apt 13,,Helsinki,Uusimaa,00620,Helsinki,fb66579d-2b2f-4dea-ad0a-0652d24572f0
4788,714 Ervast Katu Suite 23,,Espoo,Uusimaa,02750,Espoo,d78878b1-ac5a-4536-bdb8-2abbdde7f3cb
4789,512 Mäki-Pollari Katu Suite 50,,Helsinki,Uusimaa,00340,Helsinki,34771d7e-f19e-4285-a696-70dd8c86e832
4790,1071 Keskisimonen Katu Unit 63,,Vantaa,Uusimaa,01610,Vantaa,58735ad6-4c39-4311-857b-74ccb93bc626
4791,248 Pyykkö Katu,,Nurmijärvi,Uusimaa,01820,Nurmijärvi,fba3b43e-9156-4e3b-b5bd-fc97a410f053
4792,777 Harviainen Katu,,Lohja,Uusimaa,03870,Lohja,9429dbff-b363-49b8-b81b-ee20dada6689
4793,953 Kurttio Katu,,Nurmijärvi,Uusimaa,01900,Nurmijärvi,754fde35-0400-4a6a-a39c-8b228e582236
4794,420 Potinoja Katu,,Porvoo,Uusimaa,07370,Porvoo,470e1270-50ce-45dc-9159-811d9fca0b94
4795,347 Rintatalo Katu,,Kirkkonummi,Uusimaa,02540,Kirkkonummi,f4d8645d-f03a-4970-a5b2-145194f74ee1
4796,363 Sven Katu,,Helsinki,Uusimaa,00340,Helsinki,7ea0ed45-ed78-45ae-9ce1-bf4252e13a4d
4797,941 Huhtiniemi Katu Suite 97,,Helsinki,Uusimaa,00580,Helsinki,5e6e5540-52e8-42cf-9cd6-2557add8d923
4798,984 Tertsonen Katu Suite 27,,Helsinki,Uusimaa,00620,Helsinki,baaf4716-48d5-4e24-ba1d-5f9c38e385c5
4799,404 Tillonen Katu,,Lohja,Uusimaa,08800,Lohja,53dd1b9a-737c-40e4-b339-89f91296988f
4800,768 Ingelius Katu Apt 47,,Lohja,Uusimaa,09520,Lohja,6701f62a-b4bc-4490-8d81-13281afedc7b
4801,761 Bragge Katu Apt 17,,Hyvinkää,Uusimaa,05620,Hyvinkää,ecc691e4-0183-4369-b2b4-46a4c0376e84
4802,654 Jääskö Katu,,Helsinki,Uusimaa,00700,Helsinki,48bf2261-99d5-4bf6-ad45-5f324100cdd9
4803,739 Savelius Katu,,Espoo,Uusimaa,02770,Espoo,3070e04a-8b70-42a4-9b8a-36bb0e47f082
4804,981 Haarni Katu,,Vantaa,Uusimaa,01380,Vantaa,11b927c3-ac98-44d6-b0b4-e5d98a46246e
4805,142 Tillaeus Katu,,Vantaa,Uusimaa,01760,Vantaa,228d8bb6-5f94-432f-bae8-36e5239b0797
4806,855 Haavisto Katu Apt 30,,Espoo,Uusimaa,02280,Espoo,b82c2323-5164-4791-9eba-4636cc1b20cb
4807,115 Meiseri Katu,,Helsinki,Uusimaa,00120,Helsinki,7f04087d-a8f0-47cd-988f-063535761daa
4808,1093 Byckling Katu,,Espoo,Uusimaa,02970,Espoo,d470ed83-cc15-4b43-acca-33fa65d4e3dd
4809,479 Rimpioja Katu Unit 55,,Helsinki,Uusimaa,00220,Helsinki,7183af0e-8084-4301-b803-99b62d296d00
4810,759 Adan Katu,,Vantaa,Uusimaa,01510,Vantaa,2e109146-c9e1-48b2-9d6f-72c06cc04384
4811,760 Huotelin Katu,,Helsinki,Uusimaa,00630,Helsinki,4d12ee08-3d64-40ce-8d45-eee7b12c9bb7
4812,886 Blomros Katu,,Espoo,Uusimaa,02270,Espoo,2de5c98c-5dc4-42be-9968-c2e949d20d22
4813,912 Länsivaara Katu Suite 97,,Helsinki,Uusimaa,00950,Helsinki,de665432-32bc-4752-a234-6e139a7d3167
4814,540 Setola Katu,,Tuusula,Uusimaa,04310,Tuusula,21a8bfdd-2c44-4c7a-b1b9-314c19192b4f
4815,678 Björkqvist Katu Suite 31,,Hyvinkää,Uusimaa,05950,Hyvinkää,6b0a639f-6382-4c7f-b786-65c3c5745338
4816,527 Raekallio Katu,,Espoo,Uusimaa,02260,Espoo,0bd108b8-1e2d-4666-a82b-4a548c85d7d9
4817,712 Luosto Katu,,Vihti,Uusimaa,03430,Vihti,ccc4c861-25b4-42ef-bb49-7a0781cfa9f6
4818,160 Lankinen Katu,,Vantaa,Uusimaa,01730,Vantaa,02c63890-3b3c-4e08-a99e-b680dc6d7ae8
4819,476 Lahtela Katu,,Espoo,Uusimaa,02770,Espoo,8bb06eff-4d11-4953-ac3d-710f2a185816
4820,482 Pyhtinen Katu Apt 62,,Vantaa,Uusimaa,01280,Vantaa,d3206661-e2c2-4a40-9d9c-1ea8da06a0f3
4821,243 Holli Katu Apt 39,,Helsinki,Uusimaa,00940,Helsinki,402830f7-67e7-431b-b372-cff90232fc9e
4822,654 Palmujoki Katu Suite 88,,Helsinki,Uusimaa,00210,Helsinki,2645040f-4379-44f3-823b-2cdb08039276
4823,752 Lagerlöf Katu Unit 92,,Helsinki,Uusimaa,00240,Helsinki,232ba0bf-5b04-484f-81c6-5171830b3377
4824,150 Sotarauta Katu Suite 71,,Kerava,Uusimaa,04230,Kerava,6cea209c-e31f-412e-9823-58511a91b97f
4825,526 Suopajärvi Katu,,Loviisa,Uusimaa,07940,Loviisa,259218b3-72d6-4e31-b831-646a3aa28099
4826,996 Korpikallio Katu Unit 28,,Espoo,Uusimaa,02600,Espoo,511b3566-fc38-48b9-80d9-e031366cb2cb
4827,791 Meronen Katu Unit 56,,Helsinki,Uusimaa,00400,Helsinki,ffe0feb6-c18d-44f0-a17c-17540424267b
4828,401 Turunen Katu,,Helsinki,Uusimaa,00770,Helsinki,18ea4947-c306-4d59-87b9-f5eab359ef4b
4829,331 Mäkimartti Katu,,Helsinki,Uusimaa,00220,Helsinki,8b32c275-40e5-4543-a071-5f4465577f9f
4830,876 Hedeman Katu,,Helsinki,Uusimaa,00580,Helsinki,4c313353-9342-4c81-992a-d73b59b8e26a
4831,529 Sainkangas Katu,,Hanko,Uusimaa,10900,Hanko,3208ee4b-933e-46b0-9582-be4d2c8a2072
4832,856 Alanampa Katu Unit 31,,Helsinki,Uusimaa,00140,Helsinki,0185ce65-cfb8-456d-9649-52ce348345bc
4833,318 Aurén Katu Suite 19,,Hyvinkää,Uusimaa,05440,Hyvinkää,8a34f9f8-31ac-48de-aeb8-9bc483f1e739
4834,245 Kylli Katu Suite 77,,Helsinki,Uusimaa,00550,Helsinki,f38ddede-e61d-4428-84bf-45a3a86a0212
4835,608 Mantela Katu,,Järvenpää,Uusimaa,04410,Järvenpää,c7a591a6-bba7-43cb-ac73-a9d22d383667
4836,100 Ukura Katu,,Espoo,Uusimaa,02650,Espoo,3c79429e-b274-453b-ad42-08ba823cc26d
4837,126 Myllyrinne Katu Unit 72,,Raasepori,Uusimaa,10320,Raasepori,27bd23fd-42b4-496f-adba-e04d3f76e219
4838,826 Rahja Katu,,Tuusula,Uusimaa,04350,Tuusula,51ef4fd0-becf-4b61-a86f-c8da5cf99fce
4839,239 Riitakorpi Katu,,Raasepori,Uusimaa,10320,Raasepori,1f43a8c6-e384-4cc5-9a13-9e144006f054
4840,480 Vehmasto Katu,,Porvoo,Uusimaa,07130,Porvoo,097b4356-9e55-4316-9ad9-275ec6a2b53d
4841,816 Lehtilahti Katu Unit 90,,Vantaa,Uusimaa,01740,Vantaa,845b9246-5005-4f5c-8ad1-acac24b6af54
4842,470 Lehtimaa Katu,,Helsinki,Uusimaa,00510,Helsinki,2ee01e59-9515-44e1-b99d-02e12da5a41f
4843,191 Stengård Katu,,Helsinki,Uusimaa,00320,Helsinki,41a8a329-af93-4a2e-aaac-0655ebc04d27
4844,463 Kiilamaa Katu,,Vantaa,Uusimaa,01700,Vantaa,70189cf8-fb5a-493a-8e96-46c4e81d7438
4845,211 Huvinen Katu,,Lohja,Uusimaa,08350,Lohja,ef857a22-b5e1-40d1-b564-552e688f2d15
