person_id,gender_concept_id,year_of_birth,month_of_birth,day_of_birth,birth_datetime,race_concept_id,ethnicity_concept_id,location_id,provider_id,care_site_id,person_source_value,gender_source_value,gender_source_concept_id,race_source_value,race_source_concept_id,ethnicity_source_value,ethnicity_source_concept_id
4744,8532,2013,1,12,,8527,0,4744,,,dd6f0a96-03d9-4f74-ad57-0faa0efdaf70,F,0,white,0,nonhispanic,0
4745,8532,2005,8,26,,8527,0,4745,,,139df6b8-59dc-4ad4-ae9e-65b5993f52e9,F,0,white,0,nonhispanic,0
4746,8507,2012,1,28,,8527,0,4746,,,81093d0f-69f9-4a12-a0d2-7e077b63c796,M,0,white,0,nonhispanic,0
4747,8507,2002,11,6,,8527,0,4747,,,27f65cd8-386a-4f2c-af8c-89fdcd1ac962,M,0,white,0,nonhispanic,0
4748,8532,1988,11,12,,8527,0,4748,,,e83697af-5a12-4bc7-9338-fa558ba160a0,F,0,white,0,nonhispanic,0
4749,8532,1970,3,19,,8527,0,4749,,,e98ded14-2d3a-4d08-a2bd-1a966ec308af,F,0,white,0,nonhispanic,0
4750,8532,1963,1,27,,8527,0,4750,,,0943a209-1e88-4dbf-b3f3-fbbddf0d7276,F,0,white,0,nonhispanic,0
4751,8532,1994,9,19,,8527,0,4751,,,b54aabc7-e4cd-4c3a-9b42-ec62d2ec6029,F,0,white,0,nonhispanic,0
4752,8532,1987,8,10,,8527,0,4752,,,e252cb2b-f8a0-455e-b1cf-53385ce42269,F,0,white,0,nonhispanic,0
4753,8532,2013,3,16,,8527,0,4753,,,6d05a530-e0c2-4c0b-ab8e-343c06a1706e,F,0,white,0,nonhispanic,0
4754,8507,1948,6,26,,8527,0,4754,,,21ceaa3e-c46c-45c1-b69e-8254924d493e,M,0,white,0,nonhispanic,0
4755,8507,1992,9,9,,8527,0,4755,,,163f5020-f764-4dad-9a48-9f6212c9284f,M,0,white,0,nonhispanic,0
4756,8507,1925,1,9,,8527,0,4756,,,327201ee-be6d-4416-a5eb-a3ebbb5e8e98,M,0,white,0,nonhispanic,0
4757,8507,1985,5,8,,8527,0,4757,,,06e65031-852c-481f-8670-0b87f6df9767,M,0,white,0,nonhispanic,0
4758,8507,1974,6,21,,8527,0,4758,,,e4381587-66b0-4027-bdf6-018d690ba61b,M,0,white,0,nonhispanic,0
4759,8507,1951,1,4,,8527,0,4759,,,883426c6-a15c-42e7-a049-b659e17f7c00,M,0,white,0,nonhispanic,0
4760,8507,1981,5,31,,8527,0,4760,,,a3fb18b8-1377-4449-a738-c77b5d5e1a49,M,0,white,0,nonhispanic,0
4761,8507,1981,7,28,,8527,0,4761,,,fe7b16f3-c23f-4979-b807-193f87984eab,M,0,white,0,nonhispanic,0
4762,8532,2011,7,14,,8527,0,4762,,,43c69300-1e9b-4886-8354-f4e2d8208003,F,0,white,0,nonhispanic,0
4763,8532,2018,10,1,,8527,0,4763,,,bdae5f51-b171-462f-8960-06fcb1e43d59,F,0,white,0,nonhispanic,0
4764,8507,1911,6,28,,8527,0,4764,,,0790ac7e-6a37-4239-92a6-6670c751b306,M,0,white,0,nonhispanic,0
4765,8507,1999,11,23,,8527,0,4765,,,2daade70-af90-4183-92e0-7cdf669c4a46,M,0,white,0,nonhispanic,0
4766,8532,1979,7,14,,8527,0,4766,,,09502403-ee6e-49b1-85f0-b45f159f1fe3,F,0,white,0,nonhispanic,0
4767,8532,2015,7,16,,8527,0,4767,,,cd206e8f-c5f7-40c1-9aad-4b3667a05fb3,F,0,white,0,nonhispanic,0
4768,8507,1985,12,3,,8527,0,4768,,,6d10f6ae-911d-4fca-bb92-02930b5a44bd,M,0,white,0,nonhispanic,0
4769,8532,1994,7,30,,8527,0,4769,,,593c6404-6a22-4126-97a4-0864e4522425,F,0,white,0,nonhispanic,0
4770,8507,1968,7,7,,8527,0,4770,,,fd4d48f3-bc8d-464d-8313-9c8d2bbd920e,M,0,white,0,nonhispanic,0
4771,8532,1940,12,15,,8527,0,4771,,,80b24df3-011d-465f-b56e-bd4884e78660,F,0,white,0,nonhispanic,0
4772,8532,2005,4,24,,8527,0,4772,,,0369b88a-f81a-4865-9f07-b05c8dcd550c,F,0,white,0,nonhispanic,0
4773,8507,1957,5,26,,8527,0,4773,,,5b80ac1d-20b3-405c-8277-0a1c0963d0cb,M,0,white,0,nonhispanic,0
4774,8532,1970,12,7,,8527,0,4774,,,856873f4-fcc8-4b50-8055-a5c610448254,F,0,white,0,nonhispanic,0
4775,8507,1990,2,18,,8527,0,4775,,,d3ddc0cd-d7cf-44c3-bd2a-1237fc074e43,M,0,white,0,nonhispanic,0
4776,8507,1980,9,23,,8527,0,4776,,,be9108e6-592b-445e-be44-13436229325e,M,0,white,0,nonhispanic,0
4777,8532,1960,8,5,,8527,0,4777,,,774ce5f6-3af9-4921-ab7a-70597c59d014,F,0,white,0,nonhispanic,0
4778,8507,2009,3,24,,8527,0,4778,,,0e70b76e-7a5d-4418-9fcb-e6534b0e62c2,M,0,white,0,nonhispanic,0
4779,8532,2002,8,7,,8527,0,4779,,,11efbdb7-debf-4c2b-80f8-82752df39f62,F,0,white,0,nonhispanic,0
4780,8507,1963,9,10,,8527,0,4780,,,e19d33bd-7383-4304-9a93-e6d68dd39a62,M,0,white,0,nonhispanic,0
4781,8507,1993,12,9,,8527,0,4781,,,c4bd7382-8052-4a3e-8410-bbfcd35e40c8,M,0,white,0,nonhispanic,0
4782,8532,1955,8,28,,8527,0,4782,,,de6db869-294e-4b3a-ac80-c25f6fedd1f9,F,0,white,0,nonhispanic,0
4783,8532,1922,2,23,,8527,0,4783,,,db8fa5cb-36a8-4abc-8c56-4fee67f6b2cd,F,0,white,0,nonhispanic,0
4784,8507,1970,9,1,,8527,0,4784,,,8e8c6ac8-77b1-4320-93ac-929369f8cb10,M,0,white,0,nonhispanic,0
4785,8532,1984,8,25,,8527,0,4785,,,940b4964-00a1-4c91-af85-fc16e5e909e1,F,0,white,0,nonhispanic,0
4786,8532,1947,3,21,,8527,0,4786,,,c5ec750c-5622-4c1f-bccb-6f22a642f1f7,F,0,white,0,nonhispanic,0
4787,8507,1995,11,2,,8527,0,4787,,,fb66579d-2b2f-4dea-ad0a-0652d24572f0,M,0,white,0,nonhispanic,0
4788,8532,1991,1,23,,8527,0,4788,,,d78878b1-ac5a-4536-bdb8-2abbdde7f3cb,F,0,white,0,nonhispanic,0
4789,8507,1991,3,7,,8527,0,4789,,,34771d7e-f19e-4285-a696-70dd8c86e832,M,0,white,0,nonhispanic,0
4790,8532,1974,6,4,,8527,0,4790,,,58735ad6-4c39-4311-857b-74ccb93bc626,F,0,white,0,nonhispanic,0
4791,8532,2017,7,22,,8527,0,4791,,,fba3b43e-9156-4e3b-b5bd-fc97a410f053,F,0,white,0,nonhispanic,0
4792,8532,1968,3,4,,8527,0,4792,,,9429dbff-b363-49b8-b81b-ee20dada6689,F,0,white,0,nonhispanic,0
4793,8532,2006,11,19,,8527,0,4793,,,754fde35-0400-4a6a-a39c-8b228e582236,F,0,white,0,nonhispanic,0
4794,8507,2019,8,26,,8527,0,4794,,,470e1270-50ce-45dc-9159-811d9fca0b94,M,0,white,0,nonhispanic,0
4795,8507,2010,7,6,,8527,0,4795,,,f4d8645d-f03a-4970-a5b2-145194f74ee1,M,0,white,0,nonhispanic,0
4796,8507,1996,5,31,,8527,0,4796,,,7ea0ed45-ed78-45ae-9ce1-bf4252e13a4d,M,0,white,0,nonhispanic,0
4797,8532,1957,2,14,,8527,0,4797,,,5e6e5540-52e8-42cf-9cd6-2557add8d923,F,0,white,0,nonhispanic,0
4798,8532,1998,5,13,,8527,0,4798,,,baaf4716-48d5-4e24-ba1d-5f9c38e385c5,F,0,white,0,nonhispanic,0
4799,8532,1978,7,24,,8527,0,4799,,,53dd1b9a-737c-40e4-b339-89f91296988f,F,0,white,0,nonhispanic,0
4800,8507,1914,12,26,,8527,0,4800,,,6701f62a-b4bc-4490-8d81-13281afedc7b,M,0,white,0,nonhispanic,0
4801,8507,1948,11,25,,8527,0,4801,,,ecc691e4-0183-4369-b2b4-46a4c0376e84,M,0,white,0,nonhispanic,0
4802,8532,1981,7,19,,8527,0,4802,,,48bf2261-99d5-4bf6-ad45-5f324100cdd9,F,0,white,0,nonhispanic,0
4803,8532,1988,4,11,,8527,0,4803,,,3070e04a-8b70-42a4-9b8a-36bb0e47f082,F,0,white,0,nonhispanic,0
4804,8507,1975,12,29,,8527,0,4804,,,11b927c3-ac98-44d6-b0b4-e5d98a46246e,M,0,white,0,nonhispanic,0
4805,8532,1945,7,14,,8527,0,4805,,,228d8bb6-5f94-432f-bae8-36e5239b0797,F,0,white,0,nonhispanic,0
4806,8532,2014,4,23,,8527,0,4806,,,b82c2323-5164-4791-9eba-4636cc1b20cb,F,0,white,0,nonhispanic,0
4807,8532,1961,4,9,,8527,0,4807,,,7f04087d-a8f0-47cd-988f-063535761daa,F,0,white,0,nonhispanic,0
4808,8532,1965,7,22,,8527,0,4808,,,d470ed83-cc15-4b43-acca-33fa65d4e3dd,F,0,white,0,nonhispanic,0
4809,8532,1957,2,14,,8527,0,4809,,,7183af0e-8084-4301-b803-99b62d296d00,F,0,white,0,nonhispanic,0
4810,8532,2006,10,1,,8527,0,4810,,,2e109146-c9e1-48b2-9d6f-72c06cc04384,F,0,white,0,nonhispanic,0
4811,8532,1973,10,29,,8527,0,4811,,,4d12ee08-3d64-40ce-8d45-eee7b12c9bb7,F,0,white,0,nonhispanic,0
4812,8532,1967,11,6,,8527,0,4812,,,2de5c98c-5dc4-42be-9968-c2e949d20d22,F,0,white,0,nonhispanic,0
4813,8532,1979,6,12,,8527,0,4813,,,de665432-32bc-4752-a234-6e139a7d3167,F,0,white,0,nonhispanic,0
4814,8507,1987,4,19,,8527,0,4814,,,21a8bfdd-2c44-4c7a-b1b9-314c19192b4f,M,0,white,0,nonhispanic,0
4815,8507,1970,8,15,,8527,0,4815,,,6b0a639f-6382-4c7f-b786-65c3c5745338,M,0,white,0,nonhispanic,0
4816,8532,2011,5,24,,8527,0,4816,,,0bd108b8-1e2d-4666-a82b-4a548c85d7d9,F,0,white,0,nonhispanic,0
4817,8507,2015,11,10,,8527,0,4817,,,ccc4c861-25b4-42ef-bb49-7a0781cfa9f6,M,0,white,0,nonhispanic,0
4818,8532,1975,8,18,,8527,0,4818,,,02c63890-3b3c-4e08-a99e-b680dc6d7ae8,F,0,white,0,nonhispanic,0
4819,8532,2010,4,29,,8527,0,4819,,,8bb06eff-4d11-4953-ac3d-710f2a185816,F,0,white,0,nonhispanic,0
4820,8532,2017,4,21,,8527,0,4820,,,d3206661-e2c2-4a40-9d9c-1ea8da06a0f3,F,0,white,0,nonhispanic,0
4821,8507,1986,4,15,,8527,0,4821,,,402830f7-67e7-431b-b372-cff90232fc9e,M,0,white,0,nonhispanic,0
4822,8507,2006,1,27,,8527,0,4822,,,2645040f-4379-44f3-823b-2cdb08039276,M,0,white,0,nonhispanic,0
4823,8532,1979,6,12,,8527,0,4823,,,232ba0bf-5b04-484f-81c6-5171830b3377,F,0,white,0,nonhispanic,0
4824,8507,1991,6,14,,8527,0,4824,,,6cea209c-e31f-412e-9823-58511a91b97f,M,0,white,0,nonhispanic,0
4825,8507,1968,4,9,,8527,0,4825,,,259218b3-72d6-4e31-b831-646a3aa28099,M,0,white,0,nonhispanic,0
4826,8532,1962,12,20,,8527,0,4826,,,511b3566-fc38-48b9-80d9-e031366cb2cb,F,0,white,0,nonhispanic,0
4827,8532,2004,3,22,,8527,0,4827,,,ffe0feb6-c18d-44f0-a17c-17540424267b,F,0,white,0,nonhispanic,0
4828,8507,1963,8,13,,8527,0,4828,,,18ea4947-c306-4d59-87b9-f5eab359ef4b,M,0,white,0,nonhispanic,0
4829,8532,1989,7,6,,8527,0,4829,,,8b32c275-40e5-4543-a071-5f4465577f9f,F,0,white,0,nonhispanic,0
4830,8507,1979,8,28,,8527,0,4830,,,4c313353-9342-4c81-992a-d73b59b8e26a,M,0,white,0,nonhispanic,0
4831,8532,1911,8,21,,8527,0,4831,,,3208ee4b-933e-46b0-9582-be4d2c8a2072,F,0,white,0,nonhispanic,0
4832,8532,2018,6,24,,8527,0,4832,,,0185ce65-cfb8-456d-9649-52ce348345bc,F,0,white,0,nonhispanic,0
4833,8532,1980,1,27,,8527,0,4833,,,8a34f9f8-31ac-48de-aeb8-9bc483f1e739,F,0,white,0,nonhispanic,0
4834,8507,2013,12,24,,8527,0,4834,,,f38ddede-e61d-4428-84bf-45a3a86a0212,M,0,white,0,nonhispanic,0
4835,8532,2018,4,19,,8527,0,4835,,,c7a591a6-bba7-43cb-ac73-a9d22d383667,F,0,white,0,nonhispanic,0
4836,8532,2014,4,18,,8527,0,4836,,,3c79429e-b274-453b-ad42-08ba823cc26d,F,0,white,0,nonhispanic,0
4837,8532,1982,11,2,,8527,0,4837,,,27bd23fd-42b4-496f-adba-e04d3f76e219,F,0,white,0,nonhispanic,0
4838,8532,1998,7,1,,8527,0,4838,,,51ef4fd0-becf-4b61-a86f-c8da5cf99fce,F,0,white,0,nonhispanic,0
4839,8532,1955,6,22,,8527,0,4839,,,1f43a8c6-e384-4cc5-9a13-9e144006f054,F,0,white,0,nonhispanic,0
4840,8532,2011,8,12,,8527,0,4840,,,097b4356-9e55-4316-9ad9-275ec6a2b53d,F,0,white,0,nonhispanic,0
4841,8532,1959,8,6,,8527,0,4841,,,845b9246-5005-4f5c-8ad1-acac24b6af54,F,0,white,0,nonhispanic,0
4842,8507,1953,10,12,,8527,0,4842,,,2ee01e59-9515-44e1-b99d-02e12da5a41f,M,0,white,0,nonhispanic,0
4843,8507,1917,2,11,,8527,0,4843,,,41a8a329-af93-4a2e-aaac-0655ebc04d27,M,0,white,0,nonhispanic,0
4844,8532,1936,4,16,,8527,0,4844,,,70189cf8-fb5a-493a-8e96-46c4e81d7438,F,0,white,0,nonhispanic,0
4845,8532,1947,12,27,,8527,0,4845,,,ef857a22-b5e1-40d1-b564-552e688f2d15,F,0,white,0,nonhispanic,0
