START,STOP,PATIENT,ENCOUNTER,CODE,DESCRIPTION
1999-10-29,,0811d9d7-fb92-4c0a-afc2-dfa4e34b08b3,bfb4f579-784c-46ba-b55c-976450e12ed9,410429000,Cardiac Arrest
1999-10-29,,0811d9d7-fb92-4c0a-afc2-dfa4e34b08b3,bfb4f579-784c-46ba-b55c-976450e12ed9,429007001,History of cardiac arrest (situation)
1986-10-13,,f6a7f7dc-21e1-4c5a-abc3-214dbc4c5e65,226ea786-3687-401f-a036-80adaa3db6dd,410429000,Cardiac Arrest
1986-10-13,,f6a7f7dc-21e1-4c5a-abc3-214dbc4c5e65,226ea786-3687-401f-a036-80adaa3db6dd,429007001,History of cardiac arrest (situation)
1982-06-03,,d2d6b65b-c1df-4644-8ea3-7cc9b95acee9,90cccc73-eeda-42d2-977b-2fd9db66057f,53741008,Coronary Heart Disease
1983-12-29,,d2d6b65b-c1df-4644-8ea3-7cc9b95acee9,08c610ee-7f7b-47db-ab79-22df5a6f9c70,22298006,Myocardial Infarction
1983-12-29,,d2d6b65b-c1df-4644-8ea3-7cc9b95acee9,08c610ee-7f7b-47db-ab79-22df5a6f9c70,399211009,History of myocardial infarction (situation)
2011-12-03,,bc6c0356-4e2f-4e19-a81e-7952500dccaa,b638dbb5-5a8b-40d2-bf00-2e073f251302,410429000,Cardiac Arrest
2011-12-03,,bc6c0356-4e2f-4e19-a81e-7952500dccaa,b638dbb5-5a8b-40d2-bf00-2e073f251302,429007001,History of cardiac arrest (situation)
2014-11-14,,57d8279d-1c4d-4699-bab6-733999032549,4e4342ae-df56-4da9-bc99-695ad33a87b9,230690007,Stroke
2011-08-21,,b59352e1-91e9-4c0e-836e-cc0d6b1bddde,1390fa68-8b9c-4ced-bf73-cbfd760be004,53741008,Coronary Heart Disease
1971-08-23,,858fe767-5654-4c29-b8c7-1a2178d838c5,5645e084-1aa8-4ee0-8bd1-5df9fdd35137,53741008,Coronary Heart Disease
2000-12-27,,af12a2b2-c80b-42bf-9ca1-2429ab249a88,85d4c8d7-3a34-49fc-8fa7-6d727c173eea,53741008,Coronary Heart Disease
2011-06-15,,af12a2b2-c80b-42bf-9ca1-2429ab249a88,731500f7-9ddd-4c85-8b83-474207ec0788,230690007,Stroke
2003-11-06,,8bd098d0-1c91-49d8-a84c-2b99c30f5d7c,5f731152-b630-46a1-b6ec-5cc7b8ddf2c8,49436004,Atrial Fibrillation
2002-02-20,,e0cf489b-6cbc-4116-b1d8-1ce4b7867acd,1b0f6b95-3409-4991-aa4f-c1bb6bec5a93,230690007,Stroke
1991-10-29,,090f2dbf-c53a-413e-bc5c-5b54045b984a,0c15adc1-ea9e-4a0a-a63e-2a73b5030349,53741008,Coronary Heart Disease
1992-06-09,,090f2dbf-c53a-413e-bc5c-5b54045b984a,7941a1fe-3b45-45f4-8c45-63e26937b6bd,22298006,Myocardial Infarction
1992-06-09,,090f2dbf-c53a-413e-bc5c-5b54045b984a,7941a1fe-3b45-45f4-8c45-63e26937b6bd,399211009,History of myocardial infarction (situation)
2011-05-03,,75ad6dcc-6b90-4bc2-b57c-9a4052c9f304,dce2a0b4-4895-4e5f-abe9-575aa193a33c,230690007,Stroke
2004-07-03,,05c9c782-99e3-4cc2-b5b3-7d215633d4cd,d785dbb4-5b3c-497c-9c30-af0d0ed3fcde,49436004,Atrial Fibrillation
2009-08-22,,05c9c782-99e3-4cc2-b5b3-7d215633d4cd,9b44ec68-2297-449a-8fdc-b882a67f486c,230690007,Stroke
1994-11-01,,568ab06c-0033-4440-86f8-524e4fa1d350,8617e0ed-ad21-4bc1-9d41-ca822b81424d,53741008,Coronary Heart Disease
1999-06-01,,568ab06c-0033-4440-86f8-524e4fa1d350,843d8d6c-59f4-498c-afa7-e043848c610a,410429000,Cardiac Arrest
1999-06-01,,568ab06c-0033-4440-86f8-524e4fa1d350,843d8d6c-59f4-498c-afa7-e043848c610a,429007001,History of cardiac arrest (situation)
2017-04-01,,c0f2af1a-ae15-4ab1-bd29-731823e61260,b5a427d8-c41f-46ff-a664-2e6d52b1a739,49436004,Atrial Fibrillation
