START,STOP,PATIENT,PAYER,ENCOUNTER,CODE,DESCRIPTION,BASE_COST,PAYER_COVERAGE,DISPENSES,TOTALCOST,REASONCODE,REASONDESCRIPTION
1982-06-03,1983-12-29,d2d6b65b-c1df-4644-8ea3-7cc9b95acee9,b1c428d6-4f07-31e0-90f0-68ffa6ff8c76,90cccc73-eeda-42d2-977b-2fd9db66057f,705129,Nitroglycerin 0.4 MG/ACTUAT Mucosal Spray,16.33,0.00,19,310.27,,
1983-12-29,1983-12-29,d2d6b65b-c1df-4644-8ea3-7cc9b95acee9,b1c428d6-4f07-31e0-90f0-68ffa6ff8c76,08c610ee-7f7b-47db-ab79-22df5a6f9c70,833036,Captopril 25 MG Oral Tablet,56.22,0.00,1,56.22,,
2011-12-03,2011-12-03,bc6c0356-4e2f-4e19-a81e-7952500dccaa,b1c428d6-4f07-31e0-90f0-68ffa6ff8c76,b638dbb5-5a8b-40d2-bf00-2e073f251302,1660014,1 ML Epinephrine 1 MG/ML Injection,3.31,0.00,1,3.31,,
2011-12-03,2011-12-03,bc6c0356-4e2f-4e19-a81e-7952500dccaa,b1c428d6-4f07-31e0-90f0-68ffa6ff8c76,b638dbb5-5a8b-40d2-bf00-2e073f251302,834357,3 ML Amiodarone hydrocholoride 50 MG/ML Prefilled Syringe,269.40,0.00,1,269.40,,
2011-12-03,2011-12-03,bc6c0356-4e2f-4e19-a81e-7952500dccaa,b1c428d6-4f07-31e0-90f0-68ffa6ff8c76,b638dbb5-5a8b-40d2-bf00-2e073f251302,1190795,Atropine Sulfate 1 MG/ML Injectable Solution,27.36,0.00,1,27.36,,
2014-11-14,2014-11-14,57d8279d-1c4d-4699-bab6-733999032549,b1c428d6-4f07-31e0-90f0-68ffa6ff8c76,4e4342ae-df56-4da9-bc99-695ad33a87b9,309362,Clopidogrel 75 MG Oral Tablet,40.07,0.00,1,40.07,,
2014-11-14,2014-11-14,57d8279d-1c4d-4699-bab6-733999032549,b1c428d6-4f07-31e0-90f0-68ffa6ff8c76,4e4342ae-df56-4da9-bc99-695ad33a87b9,1804799,Alteplase 100 MG Injection,6560.86,0.00,1,6560.86,,
2011-08-21,,b59352e1-91e9-4c0e-836e-cc0d6b1bddde,b1c428d6-4f07-31e0-90f0-68ffa6ff8c76,1390fa68-8b9c-4ced-bf73-cbfd760be004,309362,Clopidogrel 75 MG Oral Tablet,41.78,0.00,104,4345.12,,
2011-08-21,,b59352e1-91e9-4c0e-836e-cc0d6b1bddde,b1c428d6-4f07-31e0-90f0-68ffa6ff8c76,1390fa68-8b9c-4ced-bf73-cbfd760be004,312961,Simvastatin 20 MG Oral Tablet,28.41,0.00,104,2954.64,,
2011-08-21,,b59352e1-91e9-4c0e-836e-cc0d6b1bddde,b1c428d6-4f07-31e0-90f0-68ffa6ff8c76,1390fa68-8b9c-4ced-bf73-cbfd760be004,197361,Amlodipine 5 MG Oral Tablet,40.15,0.00,104,4175.60,,
2011-08-21,,b59352e1-91e9-4c0e-836e-cc0d6b1bddde,b1c428d6-4f07-31e0-90f0-68ffa6ff8c76,1390fa68-8b9c-4ced-bf73-cbfd760be004,705129,Nitroglycerin 0.4 MG/ACTUAT Mucosal Spray,26.82,0.00,104,2789.28,,
1971-08-23,,858fe767-5654-4c29-b8c7-1a2178d838c5,b1c428d6-4f07-31e0-90f0-68ffa6ff8c76,5645e084-1aa8-4ee0-8bd1-5df9fdd35137,705129,Nitroglycerin 0.4 MG/ACTUAT Mucosal Spray,199.23,0.00,591,117744.93,,
1991-11-25,,858fe767-5654-4c29-b8c7-1a2178d838c5,b1c428d6-4f07-31e0-90f0-68ffa6ff8c76,730197f6-7aa5-411e-b3f9-206166ea4b34,312961,Simvastatin 20 MG Oral Tablet,21.73,0.00,344,7475.12,,
1994-12-12,,858fe767-5654-4c29-b8c7-1a2178d838c5,b1c428d6-4f07-31e0-90f0-68ffa6ff8c76,87892470-0b20-48d2-9a61-26e015aadb8f,197361,Amlodipine 5 MG Oral Tablet,6.48,0.00,307,1989.36,,
1997-12-29,,858fe767-5654-4c29-b8c7-1a2178d838c5,b1c428d6-4f07-31e0-90f0-68ffa6ff8c76,ed9a9bd9-c501-43a2-8b28-5e19157a405d,309362,Clopidogrel 75 MG Oral Tablet,35.26,0.00,270,9520.20,,
2000-12-27,2011-06-15,af12a2b2-c80b-42bf-9ca1-2429ab249a88,b1c428d6-4f07-31e0-90f0-68ffa6ff8c76,85d4c8d7-3a34-49fc-8fa7-6d727c173eea,309362,Clopidogrel 75 MG Oral Tablet,21.17,0.00,127,2688.59,,
2000-12-27,,af12a2b2-c80b-42bf-9ca1-2429ab249a88,b1c428d6-4f07-31e0-90f0-68ffa6ff8c76,85d4c8d7-3a34-49fc-8fa7-6d727c173eea,312961,Simvastatin 20 MG Oral Tablet,44.54,0.00,233,10377.82,,
2000-12-27,,af12a2b2-c80b-42bf-9ca1-2429ab249a88,b1c428d6-4f07-31e0-90f0-68ffa6ff8c76,85d4c8d7-3a34-49fc-8fa7-6d727c173eea,197361,Amlodipine 5 MG Oral Tablet,36.20,0.00,233,8434.60,,
2000-12-27,,af12a2b2-c80b-42bf-9ca1-2429ab249a88,b1c428d6-4f07-31e0-90f0-68ffa6ff8c76,85d4c8d7-3a34-49fc-8fa7-6d727c173eea,705129,Nitroglycerin 0.4 MG/ACTUAT Mucosal Spray,65.15,0.00,233,15179.95,,
2011-06-15,2011-06-15,af12a2b2-c80b-42bf-9ca1-2429ab249a88,b1c428d6-4f07-31e0-90f0-68ffa6ff8c76,731500f7-9ddd-4c85-8b83-474207ec0788,1804799,Alteplase 100 MG Injection,6149.53,0.00,1,6149.53,,
2012-02-29,,af12a2b2-c80b-42bf-9ca1-2429ab249a88,b1c428d6-4f07-31e0-90f0-68ffa6ff8c76,6fac4b84-d3de-4f6b-b537-5a3a7e92f052,309362,Clopidogrel 75 MG Oral Tablet,87.48,0.00,97,8485.56,,
2003-11-06,,8bd098d0-1c91-49d8-a84c-2b99c30f5d7c,b1c428d6-4f07-31e0-90f0-68ffa6ff8c76,5f731152-b630-46a1-b6ec-5cc7b8ddf2c8,855332,Warfarin Sodium 5 MG Oral Tablet,187.22,0.00,199,37256.78,,
2003-11-06,,8bd098d0-1c91-49d8-a84c-2b99c30f5d7c,b1c428d6-4f07-31e0-90f0-68ffa6ff8c76,5f731152-b630-46a1-b6ec-5cc7b8ddf2c8,897718,Verapamil Hydrochloride 40 MG,30.15,0.00,199,5999.85,,
2003-11-06,,8bd098d0-1c91-49d8-a84c-2b99c30f5d7c,b1c428d6-4f07-31e0-90f0-68ffa6ff8c76,5f731152-b630-46a1-b6ec-5cc7b8ddf2c8,197604,Digoxin 0.125 MG Oral Tablet,90.28,0.00,199,17965.72,,
1991-10-29,,090f2dbf-c53a-413e-bc5c-5b54045b984a,b1c428d6-4f07-31e0-90f0-68ffa6ff8c76,0c15adc1-ea9e-4a0a-a63e-2a73b5030349,312961,Simvastatin 20 MG Oral Tablet,30.18,0.00,7,211.26,,
1991-10-29,1992-06-09,090f2dbf-c53a-413e-bc5c-5b54045b984a,b1c428d6-4f07-31e0-90f0-68ffa6ff8c76,0c15adc1-ea9e-4a0a-a63e-2a73b5030349,705129,Nitroglycerin 0.4 MG/ACTUAT Mucosal Spray,160.26,0.00,7,1121.82,,
1992-06-09,1992-06-09,090f2dbf-c53a-413e-bc5c-5b54045b984a,b1c428d6-4f07-31e0-90f0-68ffa6ff8c76,7941a1fe-3b45-45f4-8c45-63e26937b6bd,833036,Captopril 25 MG Oral Tablet,64.13,0.00,1,64.13,,
2011-05-03,2011-05-03,75ad6dcc-6b90-4bc2-b57c-9a4052c9f304,b1c428d6-4f07-31e0-90f0-68ffa6ff8c76,dce2a0b4-4895-4e5f-abe9-575aa193a33c,309362,Clopidogrel 75 MG Oral Tablet,79.64,0.00,1,79.64,,
2011-05-03,2011-05-03,75ad6dcc-6b90-4bc2-b57c-9a4052c9f304,b1c428d6-4f07-31e0-90f0-68ffa6ff8c76,dce2a0b4-4895-4e5f-abe9-575aa193a33c,1804799,Alteplase 100 MG Injection,6433.93,0.00,1,6433.93,,
2004-07-03,,05c9c782-99e3-4cc2-b5b3-7d215633d4cd,b1c428d6-4f07-31e0-90f0-68ffa6ff8c76,d785dbb4-5b3c-497c-9c30-af0d0ed3fcde,855332,Warfarin Sodium 5 MG Oral Tablet,47.68,0.00,191,9106.88,,
2004-07-03,,05c9c782-99e3-4cc2-b5b3-7d215633d4cd,b1c428d6-4f07-31e0-90f0-68ffa6ff8c76,d785dbb4-5b3c-497c-9c30-af0d0ed3fcde,897718,Verapamil Hydrochloride 40 MG,39.62,0.00,191,7567.42,,
2004-07-03,,05c9c782-99e3-4cc2-b5b3-7d215633d4cd,b1c428d6-4f07-31e0-90f0-68ffa6ff8c76,d785dbb4-5b3c-497c-9c30-af0d0ed3fcde,197604,Digoxin 0.125 MG Oral Tablet,46.14,0.00,191,8812.74,,
1994-11-01,,568ab06c-0033-4440-86f8-524e4fa1d350,b1c428d6-4f07-31e0-90f0-68ffa6ff8c76,8617e0ed-ad21-4bc1-9d41-ca822b81424d,312961,Simvastatin 20 MG Oral Tablet,35.08,0.00,308,10804.64,,
1994-11-01,,568ab06c-0033-4440-86f8-524e4fa1d350,b1c428d6-4f07-31e0-90f0-68ffa6ff8c76,8617e0ed-ad21-4bc1-9d41-ca822b81424d,197361,Amlodipine 5 MG Oral Tablet,27.70,0.00,308,8531.60,,
1994-11-01,,568ab06c-0033-4440-86f8-524e4fa1d350,b1c428d6-4f07-31e0-90f0-68ffa6ff8c76,8617e0ed-ad21-4bc1-9d41-ca822b81424d,705129,Nitroglycerin 0.4 MG/ACTUAT Mucosal Spray,111.17,0.00,308,34240.36,,
1997-11-18,,568ab06c-0033-4440-86f8-524e4fa1d350,b1c428d6-4f07-31e0-90f0-68ffa6ff8c76,05c032a8-fda9-4273-8082-e1b4a035b953,309362,Clopidogrel 75 MG Oral Tablet,67.19,0.00,271,18208.49,,
2017-04-01,,c0f2af1a-ae15-4ab1-bd29-731823e61260,b1c428d6-4f07-31e0-90f0-68ffa6ff8c76,b5a427d8-c41f-46ff-a664-2e6d52b1a739,855332,Warfarin Sodium 5 MG Oral Tablet,62.61,0.00,35,2191.35,,
2017-04-01,,c0f2af1a-ae15-4ab1-bd29-731823e61260,b1c428d6-4f07-31e0-90f0-68ffa6ff8c76,b5a427d8-c41f-46ff-a664-2e6d52b1a739,897718,Verapamil Hydrochloride 40 MG,117.37,0.00,35,4107.95,,
2017-04-01,,c0f2af1a-ae15-4ab1-bd29-731823e61260,b1c428d6-4f07-31e0-90f0-68ffa6ff8c76,b5a427d8-c41f-46ff-a664-2e6d52b1a739,197604,Digoxin 0.125 MG Oral Tablet,58.29,0.00,35,2040.15,,
