Id,BIRTHDATE,DEATHDATE,SSN,DRIVERS,PASSPORT,PREFIX,FIRST,LAST,SUFFIX,MAIDEN,MARITAL,RACE,ETHNICITY,GENDER,BIRTHPLACE,ADDRESS,CITY,STATE,COUNTY,ZIP,LAT,LON,HEALTHCARE_EXPENSES,HEALTHCARE_COVERAGE
4ee095a8-aa02-4b89-80ca-a7362e373044,2011-03-16,,999-12-4009,,,,Estelle,Rytsölä,,,,white,nonhispanic,F,Vantaa  Uusimaa  FI,701 Hosionaho Katu,Helsinki,Uusimaa,Helsinki,00910,60.206209415068685,25.068269800164753,2125.0,0.0
64394e37-0f0d-41cd-93ff-d2bd24134b68,2014-01-27,,999-92-3989,,,,Meini,Sirkka,,,,white,nonhispanic,F,Helsinki  Uusimaa  FI,282 Sarkala Katu Apt 63,Helsinki,Uusimaa,Helsinki,00350,60.22740326926693,24.92617690450639,1875.0,0.0
215fe086-d9e4-4edd-9202-411e9c17ab10,1996-08-02,,999-92-9475,S99942264,X32574790X,Ms.,Fredrika,Lipponen,,,,white,nonhispanic,F,Raasepori  Uusimaa  FI,105 Engberg Katu Suite 13,Tuusula,Uusimaa,Tuusula,05400,60.34719612769988,24.87602411810909,3625.0,0.0
b31ab976-accc-4030-a502-d38b4833d667,1995-01-05,,999-75-5302,S99954525,X38106408X,Mr.,Solmu,Tiivola,,,,white,nonhispanic,M,Helsinki  Uusimaa  FI,101 Rintakumpu Katu Apt 17,Helsinki,Uusimaa,Helsinki,00750,60.11604101108494,25.083388198934326,3625.0,0.0
d9303b8a-3508-42d2-bdaa-ad5fd018b355,1985-04-06,,999-15-7609,S99994965,X9540825X,Mrs.,Elvy,Hellqvist,,Muuronen,M,white,nonhispanic,F,Vantaa  Uusimaa  FI,685 Paukama Katu Suite 86,Porvoo,Uusimaa,Porvoo,07390,60.17170755139447,25.885543167052138,4125.0,0.0
0811d9d7-fb92-4c0a-afc2-dfa4e34b08b3,1977-04-08,,999-13-8109,S99952932,X38240988X,Mr.,Henri-Pekka,Lappi,,,M,white,nonhispanic,M,Tuusula  Uusimaa  FI,314 Lasala Katu,Helsinki,Uusimaa,Helsinki,00600,60.26980627941606,24.817887681328965,4771.46,0.0
cfbe0617-5522-4752-836b-a1695acd0dd3,1990-05-10,,999-32-3431,S99924467,X82375108X,Mr.,Boleslaw,Knight,,,M,white,nonhispanic,M,Helsinki  Uusimaa  FI,1059 Takkula Katu Unit 95,Helsinki,Uusimaa,Helsinki,00930,60.23471467695342,24.97286491649039,3875.0,0.0
5c9bc348-148c-41a8-856b-d3bcb88e271d,1993-03-08,,999-39-1294,S99956231,X61748616X,Ms.,Evia,Aitta,,,,white,nonhispanic,F,Helsinki  Uusimaa  FI,1078 Vianto Katu Unit 39,Helsinki,Uusimaa,Helsinki,00440,60.32111102418629,25.062615520594026,3750.0,0.0
f6a7f7dc-21e1-4c5a-abc3-214dbc4c5e65,1978-10-16,,999-45-8070,S99999637,X27630101X,Mr.,Kian,Lindsberg,JD,,M,white,nonhispanic,M,Helsinki  Uusimaa  FI,896 Tervahauta Katu Unit 96,Espoo,Uusimaa,Espoo,02980,60.316518160072945,24.76239308498216,4477.39,0.0
f0021b99-6e03-4adb-a2de-49bb2e292c60,1959-08-26,,999-70-3392,S99924024,X82563729X,Mrs.,Liinu,Sarapää,,Vierunketo,M,white,nonhispanic,F,Järvenpää  Uusimaa  FI,624 Salvisto Katu Suite 33,Lapinjärvi,Uusimaa,Lapinjärvi,07850,60.72818984060076,26.204461850631123,6250.0,0.0
af1e71d6-484c-4b61-98c4-122734c688fe,1992-09-21,,999-79-2691,S99924435,X2652456X,Mr.,Toninpoika,Räntilä,,,M,white,nonhispanic,M,Hamburg  Hamburg  DE,981 Harsia Katu,Helsinki,Uusimaa,Helsinki,00720,60.197380901388605,25.067987590539733,3750.0,0.0
3ac10a7c-1da1-446c-a72b-fc780fddd28a,1950-05-05,,999-20-8892,S99996326,X13411189X,Mrs.,Miili,Kohi,,Lökström,M,white,nonhispanic,F,Kirkkonummi  Uusimaa  FI,326 Rak Katu Unit 73,Helsinki,Uusimaa,Helsinki,00170,60.211128582805976,24.986970110976475,7375.0,0.0
48689088-25b4-49f1-9db7-3024f547501e,1993-08-19,,999-97-9480,S99949835,X84313478X,Ms.,Liinu,Latva-Hoppala,,,,white,nonhispanic,F,Helsinki  Uusimaa  FI,539 Salomaa Katu,Pornainen,Uusimaa,Pornainen,07170,60.527108430777304,25.340280075569513,3750.0,0.0
4ea4f302-fba6-45ae-a596-3a63ff9fac06,2000-05-27,,999-15-2443,S99989784,,Ms.,Mimoza,Särkilä,,,,white,nonhispanic,F,Vantaa  Uusimaa  FI,988 Risula Katu,Vantaa,Uusimaa,Vantaa,01510,60.30421048411879,24.83680052728437,3500.0,0.0
d2d6b65b-c1df-4644-8ea3-7cc9b95acee9,1972-05-25,1983-12-29,999-52-1111,,,,Kasim,Funck,,,,white,nonhispanic,M,Hanko  Uusimaa  FI,136 Viuhko Katu Suite 99,Lohja,Uusimaa,Lohja,09120,60.43080384341416,24.055399088289807,2697.55,0.0
2ffd2e09-90f4-4da3-b1d8-dd917b8ef5d0,1990-01-14,,999-95-5448,S99956338,X70725608X,Mr.,Sylvester,Salehi,,,M,white,nonhispanic,M,Helsinki  Uusimaa  FI,1037 Rapinoja Katu,Lohja,Uusimaa,Lohja,03850,60.333486625995526,24.19666156827162,3875.0,0.0
08be7d45-1d65-4476-8c2e-976fd77325cd,1985-04-07,,999-49-1978,S99960401,X74752025X,Ms.,Iona,Mäki-Runsas,,,S,white,nonhispanic,F,Hyvinkää  Uusimaa  FI,955 Kapiainen Katu,Helsinki,Uusimaa,Helsinki,00270,60.222666562171135,25.105990125454177,4125.0,0.0
a7ff892e-35a3-425f-8b34-88038993da48,2004-10-21,,999-87-7122,,,,Majgret,Lipiäinen,,,,white,nonhispanic,F,Helsinki  Uusimaa  FI,510 Kaitosalmi Katu Apt 80,Vantaa,Uusimaa,Vantaa,01680,60.239750981862954,24.819915617767307,3000.0,0.0
16d7f66c-8ae7-48b2-bc04-baf1eac64981,1992-03-16,,999-44-4733,S99967886,X68413710X,Mr.,Niilo,Mäkivuoti,,,S,white,nonhispanic,M,Vantaa  Uusimaa  FI,483 Länsipuro Katu,Kirkkonummi,Uusimaa,Kirkkonummi,02400,60.141173681303506,24.546132731960732,3750.0,0.0
306cc926-4d01-42cb-b439-81c186aaf470,1956-07-29,,999-65-5206,S99992729,X47540331X,Mrs.,Kevät,Valaja,,Ustinov,M,white,nonhispanic,F,Helsinki  Uusimaa  FI,321 Höyssä Katu Apt 23,Espoo,Uusimaa,Espoo,02100,60.15465395239322,24.799793488472307,6625.0,0.0
571f0ebd-7bd9-4929-ade7-06e7003985e8,2008-11-16,,999-71-1072,,,,Aman,Sorola,,,,white,nonhispanic,M,Helsinki  Uusimaa  FI,135 Pyttynen Katu,Helsinki,Uusimaa,Helsinki,00560,60.25094210849882,24.837043447075608,2500.0,0.0
fed1e6c2-7215-4632-b004-9c38f10f60ab,1992-11-20,,999-71-7184,S99952629,X9019183X,Mr.,Diyar,Teuri,,,M,white,nonhispanic,M,Vantaa  Uusimaa  FI,121 Pöyskö Katu,Helsinki,Uusimaa,Helsinki,00210,60.265489069580795,24.943558096881045,3750.0,0.0
2f20fcd8-8a45-439e-bbda-216255facd9c,1971-07-21,,999-53-3007,S99931907,X36215061X,Mrs.,Ema,Mäntyharju,,Vasalampi,M,white,nonhispanic,F,Helsinki  Uusimaa  FI,647 Venermo Katu Unit 18,Mäntsälä,Uusimaa,Mäntsälä,04630,60.67070123829933,25.272954799716505,4875.0,0.0
790897e1-c0ea-4553-8855-90fa7f192ea6,2017-06-13,,999-66-3144,,,,Sabiina,Rotinen,,,,white,nonhispanic,F,Helsinki  Uusimaa  FI,908 Haimakainen Katu Apt 58,Helsinki,Uusimaa,Helsinki,00560,60.12688462854768,24.9648666030302,1250.0,0.0
b564bdfb-bf3e-453c-a20d-bd1585b8c2c2,1971-01-07,,999-42-9466,S99992619,X53335206X,Mr.,Juska,Seessalo,,,M,white,nonhispanic,M,Sipoo  Uusimaa  FI,929 Lankia Katu,Hyvinkää,Uusimaa,Hyvinkää,05830,60.672679248358676,24.88177918129185,4875.0,0.0
e2ae0379-224a-419d-a2ce-1a9eb236e12a,1972-05-25,,999-91-9128,S99984170,X86724689X,Mr.,Lauri-Juhani,Rosas,,,M,white,nonhispanic,M,Vantaa  Uusimaa  FI,118 Yläranta Katu Suite 54,Lohja,Uusimaa,Lohja,08480,60.554315396349764,23.987894779971725,4750.0,0.0
0cae7551-e20d-4301-9a59-861117d1df61,2012-05-01,,999-17-4776,,,,Anilla,Ryttyläinen,,,,white,nonhispanic,F,Helsinki  Uusimaa  FI,630 Larma Katu,Vantaa,Uusimaa,Vantaa,01660,60.23700002855526,25.113752135429795,2000.0,0.0
e0f8079f-efa9-4c15-9406-09a4f02b4c2d,1981-08-21,,999-83-2355,S99947638,X8338931X,Mrs.,Meri-Maaria,Järviaho,,Koivistoinen,M,white,nonhispanic,F,Espoo  Uusimaa  FI,746 Junnila Katu Unit 44,Porvoo,Uusimaa,Porvoo,06100,60.24658810976312,25.875563979664893,4250.0,0.0
6b0857e5-67d9-4dfc-a93d-5290352aec7f,2010-04-10,,999-60-3491,,,,Panunpoika,Lomu,,,,white,nonhispanic,M,Helsinki  Uusimaa  FI,278 Pajakoski Katu,Helsinki,Uusimaa,Helsinki,00200,60.205016734302305,24.9984833837619,2250.0,0.0
da7ab4a5-0ab2-4b90-8809-c9fcea403605,1959-03-24,,999-96-1958,S99955031,X66895740X,Mrs.,Kim,Ketelimäki,,Myllynen,M,white,nonhispanic,F,Raasepori  Uusimaa  FI,787 Lyytinen Katu,Vantaa,Uusimaa,Vantaa,01480,60.29997931632104,25.158711180775935,6250.0,0.0
628c9d34-0991-4f9a-b61d-46e165a5e570,2006-12-21,,999-15-1247,,,,Elmeri,Rautsiala,,,,white,nonhispanic,M,Vantaa  Uusimaa  FI,757 Kuja-Penttilä Katu,Helsinki,Uusimaa,Helsinki,00660,60.199078722701884,24.915828129664085,2750.0,0.0
bc6c0356-4e2f-4e19-a81e-7952500dccaa,2009-07-25,,999-28-5703,,,,Assari,Alhonpää,,,,white,nonhispanic,M,Helsinki  Uusimaa  FI,142 Jungell Katu Unit 84,Porvoo,Uusimaa,Porvoo,07110,60.338433325823424,25.434995209344574,2800.0699999999997,0.0
59df3798-798b-4524-a863-bc3bc7800171,2009-10-11,,999-86-9297,,,,Agostino,Liekari,,,,white,nonhispanic,M,Helsinki  Uusimaa  FI,694 Salmiosalo Katu Apt 32,Espoo,Uusimaa,Espoo,02630,60.185834698378464,24.73061459175171,2375.0,0.0
f8cb36b8-cd5f-45a4-9f41-460f284184ea,1967-08-09,,999-64-1572,S99971881,X12901375X,Mrs.,Trinity,Söderbäck,,Kuparinen,M,white,nonhispanic,F,Helsinki  Uusimaa  FI,755 Ullberg Katu,Kerava,Uusimaa,Kerava,04230,60.407089764252106,25.040181970080653,5250.0,0.0
6eac41d4-eae9-4c77-a62d-e336b7df4d4f,1979-03-22,,999-21-1869,S99939298,X30837339X,Mr.,Tobias,Otava,,,M,white,nonhispanic,M,Hyvinkää  Uusimaa  FI,362 Olsoni Katu,Järvenpää,Uusimaa,Järvenpää,04420,60.45398677810446,25.12981318023462,4375.0,0.0
9dadc8d0-e96a-4130-ab84-6a5c4182ea79,1981-12-12,,999-20-3009,S99914584,X2341893X,Mrs.,Tuula,Talamo,,Geisor,M,white,nonhispanic,F,Espoo  Uusimaa  FI,696 Vanhahonko Katu,Espoo,Uusimaa,Espoo,02680,60.12456193141535,24.65031434139322,4250.0,0.0
40f7745e-68d6-4ac4-a00c-d0382501a7b0,1971-02-23,,999-38-1637,S99936838,X54964680X,Mr.,Obinna,Aapio,,,M,white,nonhispanic,M,Espoo  Uusimaa  FI,1075 Tuokkola Katu Apt 59,Helsinki,Uusimaa,Helsinki,00380,60.20153067493698,25.028978018584585,4875.0,0.0
8cc1786b-f678-45b7-874f-6eb88071e3e6,1945-01-02,,999-81-5573,S99931421,X61237630X,Mr.,Siro,Viitavaara,,,M,white,nonhispanic,M,Kirkkonummi  Uusimaa  FI,376 Patrikka Katu Suite 13,Helsinki,Uusimaa,Helsinki,00440,60.24153928199687,24.84770927950942,8000.0,0.0
cdb7280a-0d8e-41d2-b488-dcb1b9edad64,1982-06-16,,999-11-9394,S99928521,X38396743X,Mrs.,Leena-Maija,Helasvuo,,Allonen,M,white,nonhispanic,F,Vantaa  Uusimaa  FI,296 Warpenius Katu,Vantaa,Uusimaa,Vantaa,01630,60.33947643558592,25.170453718731725,4250.0,0.0
bcd90ef9-d06b-4110-9310-ca53b0c35aeb,1965-10-07,,999-86-7574,S99970873,X55865121X,Mrs.,Jeanne,Syvähuoko,,Uutela,M,white,nonhispanic,F,Espoo  Uusimaa  FI,1014 Koivukoski Katu,Helsinki,Uusimaa,Helsinki,00420,60.28355664329022,24.962700888513496,5500.0,0.0
c54917d6-7c0d-4169-93b7-cc9565c4b73e,1982-03-19,,999-52-2428,S99991503,X83403706X,Mr.,Jakov,Nippula,,,S,white,nonhispanic,M,Porvoo  Uusimaa  FI,872 Karlsson Katu,Espoo,Uusimaa,Espoo,02340,60.26843818180018,24.863538198396608,4250.0,0.0
af85feec-ce37-4e1d-a7fc-b37b15d660be,1947-01-25,,999-21-7399,S99939880,X20446739X,Ms.,Adile,Lang,MD,,S,white,nonhispanic,F,Helsinki  Uusimaa  FI,769 Damstén Katu Suite 52,Kirkkonummi,Uusimaa,Kirkkonummi,02390,60.10476167035914,24.560997069536946,7750.0,0.0
57d8279d-1c4d-4699-bab6-733999032549,1970-10-30,,999-59-1240,S99927784,X64532958X,Mr.,Alexanteri,Poukkula,,,M,white,nonhispanic,M,Helsinki  Uusimaa  FI,120 König Katu,Helsinki,Uusimaa,Helsinki,00960,60.23028918395486,24.976401471997878,11475.93,0.0
51fa7940-651a-4f5c-b840-a4d152084f1b,1972-10-10,,999-83-1456,S99923156,X65812202X,Ms.,Henriika,Hanninen,,,S,white,nonhispanic,F,Porvoo  Uusimaa  FI,475 Mäkiö Katu,Tuusula,Uusimaa,Tuusula,04360,60.39117047064267,25.00403015239815,4750.0,0.0
b59352e1-91e9-4c0e-836e-cc0d6b1bddde,1937-04-04,,999-52-4507,S99974330,X84520582X,Mr.,Samulinpoika,Eteläpää,,,M,white,nonhispanic,M,Järvenpää  Uusimaa  FI,786 Vahteri Katu Unit 34,Helsinki,Uusimaa,Helsinki,00530,60.22022491582011,25.052942262076485,9000.0,0.0
8cbb14cc-0165-43ac-8837-0e7710f136ff,1998-12-24,,999-83-7944,S99975323,X50333328X,Ms.,Ann-Kristine,Kovakoski,,,,white,nonhispanic,F,Vantaa  Uusimaa  FI,646 Tahkokallio Katu,Espoo,Uusimaa,Espoo,02650,60.198609595145754,24.729668256135827,3500.0,0.0
0f800170-e9d9-4b64-a8d2-3111a710da7e,2005-04-04,,999-82-6158,,,,Laura-Liisa,Virmajoki,,,,white,nonhispanic,F,Helsinki  Uusimaa  FI,630 Bågman Katu,Espoo,Uusimaa,Espoo,02610,60.227561189961676,24.806474630793257,2875.0,0.0
7bcefc7f-338f-46df-817f-2ad4b9a86dab,2018-02-27,,999-12-5826,,,,Satu-Marjut,Sula,,,,white,nonhispanic,F,Hyvinkää  Uusimaa  FI,605 Kotiniemi Katu,Helsinki,Uusimaa,Helsinki,00370,60.202010132817065,24.922749028463514,1125.0,0.0
28541717-e8f1-466e-9ab9-492aec702e19,2009-09-22,,999-23-8401,,,,Aija,Karinkanta,,,,white,nonhispanic,F,Kirkkonummi  Uusimaa  FI,502 Sakara Katu Apt 25,Helsinki,Uusimaa,Helsinki,00970,60.18217516829983,24.984866876407867,2375.0,0.0
53eb6e34-d037-474b-80ce-74bfa6ac5e8a,1950-04-20,,999-93-5754,S99949444,X59347220X,Mr.,Niklas,Pönkkö,,,M,white,nonhispanic,M,Hyvinkää  Uusimaa  FI,1068 Renström Katu Unit 58,Kerava,Uusimaa,Kerava,04220,60.45400083658072,25.128936584776692,7375.0,0.0
6566ea4b-6a98-41e5-9a19-dee2043994d7,1974-09-25,,999-10-5646,S99939087,X33515834X,Mrs.,Marikka,Ihanainen,,Dromberg,M,white,nonhispanic,F,Tuusula  Uusimaa  FI,945 Rezaei Katu,Lohja,Uusimaa,Lohja,08350,60.261178294541956,23.873423457740184,4625.0,0.0
2ee7bccd-9e5a-417d-a014-d9ea082a49cd,1951-08-07,,999-67-7179,S99970333,X21820816X,Mrs.,Maleena,Meloni,,Akhtar,M,white,nonhispanic,F,Hyvinkää  Uusimaa  FI,472 Eilo Katu,Järvenpää,Uusimaa,Järvenpää,04440,60.450226750617496,25.02961571482966,7250.0,0.0
dfe2e1d5-e388-4a0a-9806-99cd92dd5488,1991-09-03,,999-14-8154,S99910144,X71222897X,Mrs.,Leena-Sisko,Latva-Mäenpää,,Lustila,M,white,nonhispanic,F,Espoo  Uusimaa  FI,712 Puukko Katu Unit 26,Helsinki,Uusimaa,Helsinki,00670,60.17079275975512,25.02439413322138,3875.0,0.0
31dce47b-db1c-40c7-8d6c-1528d342a201,1977-12-01,,999-58-6439,S99970087,X30932250X,Ms.,Osmi,Tökkeri,,,S,white,nonhispanic,F,Helsinki  Uusimaa  FI,325 Rantataro Katu,Helsinki,Uusimaa,Helsinki,00370,60.178116439615195,25.03461971527498,4500.0,0.0
f1b5dfd2-b78d-4903-a3b1-7da0cb7620f2,1979-11-19,,999-45-7353,S99935912,X25597308X,Mrs.,Hannastiina,Välisalo,,Laapotti,M,white,nonhispanic,F,Kirkkonummi  Uusimaa  FI,753 Ilpala Katu,Helsinki,Uusimaa,Helsinki,00920,60.2410718600784,25.018254645150872,4375.0,0.0
858fe767-5654-4c29-b8c7-1a2178d838c5,1970-09-14,,999-37-7436,S99920749,X59227198X,Ms.,Biret,Korvo,,,S,white,nonhispanic,F,Tuusula  Uusimaa  FI,850 Rahola Katu Suite 15,Vantaa,Uusimaa,Vantaa,01260,60.25958176184767,24.84647114773575,7125.0,0.0
af12a2b2-c80b-42bf-9ca1-2429ab249a88,1943-11-17,,999-26-2811,S99932159,X52050115X,Mr.,Kris,Havinen,,,M,white,nonhispanic,M,Vantaa  Uusimaa  FI,404 Gull Katu,Helsinki,Uusimaa,Helsinki,00610,60.23081695603846,24.903998754355705,14420.7,0.0
c5945b33-8ae7-4484-8f41-f6c22b23d36c,1992-08-27,,999-42-6977,S99965917,X6448480X,Mr.,Martti,Yli-Hukkala,,,M,white,nonhispanic,M,Helsinki  Uusimaa  FI,643 Vuorilahti Katu Unit 73,Helsinki,Uusimaa,Helsinki,00260,60.221507732003545,24.91249019523052,3750.0,0.0
f790bcd9-6bee-490e-948a-8759ddb4fd45,1986-09-27,,999-20-4520,S99912304,X63951872X,Mr.,Cristoffer,Silokangas,,,M,white,nonhispanic,M,Espoo  Uusimaa  FI,389 Maininki Katu Unit 81,Helsinki,Uusimaa,Helsinki,00530,60.169450650452475,25.096380613711975,4000.0,0.0
ff5ea0b6-63e6-45ec-88d2-361dbffbc586,2016-06-13,,999-58-9791,,,,Bart,Siljander,,,,white,nonhispanic,M,Espoo  Uusimaa  FI,317 Salenius Katu Unit 98,Espoo,Uusimaa,Espoo,02770,60.37123890473452,24.724230642387504,1500.0,0.0
511254e1-8446-4df7-9471-521b54d7da44,1968-01-15,,999-75-7568,S99955205,X42861931X,Mrs.,Nemi,Nännimäinen,,Hinkkurinen,M,white,nonhispanic,F,Loviisa  Uusimaa  FI,252 Savolahti Katu,Helsinki,Uusimaa,Helsinki,00350,60.24715521078845,25.0511858054513,5250.0,0.0
7dc02e37-c4e2-4ba2-87f3-b87a740db0bd,1997-03-13,,999-10-3269,S99924438,X13831355X,Mr.,Riku-Matti,Pelkkala,,,,white,nonhispanic,M,Helsinki  Uusimaa  FI,302 Sarelin Katu,Helsinki,Uusimaa,Helsinki,00550,60.15841772391722,24.972237618653793,3625.0,0.0
b15611ec-e563-4e20-8405-045a92469812,1960-03-23,,999-36-8421,S99956732,X69193307X,Mr.,Nazir,Vääräniemi,,,M,white,nonhispanic,M,Espoo  Uusimaa  FI,890 Lapinjoki Katu,Vantaa,Uusimaa,Vantaa,01720,60.32011520760732,25.178956300359282,6125.0,0.0
4e811270-e999-4919-9967-ddbb207069b2,1985-01-05,,999-11-7969,S99958837,X23105483X,Mr.,Masood,Rauhakylä,,,M,white,nonhispanic,M,Helsinki  Uusimaa  FI,121 Nybyggar Katu Unit 44,Helsinki,Uusimaa,Helsinki,00690,60.2962630534678,24.85861242198978,4125.0,0.0
8bd098d0-1c91-49d8-a84c-2b99c30f5d7c,1934-07-19,,999-38-6581,S99957765,X48313408X,Mr.,J,Otsomaa,,,M,white,nonhispanic,M,Hyvinkää  Uusimaa  FI,978 Koppala Katu,Tuusula,Uusimaa,Tuusula,05430,60.56501202123359,25.015880963159937,9375.0,0.0
12b0fd29-9869-41e4-8330-99a6d33ca53f,1977-03-23,,999-61-9237,S99974166,X47551162X,Ms.,Mirva,Salomäki,,,S,white,nonhispanic,F,Espoo  Uusimaa  FI,612 Keinänen Katu,Helsinki,Uusimaa,Helsinki,00230,60.18602702782904,24.943793051724104,4500.0,0.0
066920f0-cc3b-49ac-8398-b564566157ec,1963-04-02,,999-91-5855,S99918675,X46023256X,Mrs.,Anna-Laura,Sirparanta,,Wardi,M,white,nonhispanic,F,Kerava  Uusimaa  FI,355 Mod Katu,Tuusula,Uusimaa,Tuusula,04320,60.5404248757131,24.962528449924637,5750.0,0.0
aef62695-2f33-4d51-a228-3620d46397e6,1985-06-30,,999-24-5132,S99941693,X33441495X,Ms.,Nasrin,Jacobsson,,,S,white,nonhispanic,F,Espoo  Uusimaa  FI,184 Furman Katu Suite 11,Helsinki,Uusimaa,Helsinki,00900,60.17461684001073,25.05989746912181,4125.0,0.0
81dba1d6-ccb2-44dc-ab83-0fbc600dd88c,1980-06-27,,999-65-5538,S99993143,X19690791X,Ms.,Valentiina,Suonsyrjä,,,S,white,nonhispanic,F,Tuusula  Uusimaa  FI,410 Kaslin Katu Apt 21,Järvenpää,Uusimaa,Järvenpää,04460,60.52158040672963,25.090231347982904,4250.0,0.0
d3aa8f3a-84cc-427c-b9b0-ea61de1dca48,1962-01-15,,999-63-6714,S99956699,X13735700X,Mrs.,Kaia,Lasander,,Viheriäranta,M,white,nonhispanic,F,Espoo  Uusimaa  FI,312 Mäkihonko Katu,Tuusula,Uusimaa,Tuusula,04380,60.395699964081885,25.013012793093015,6000.0,0.0
83e6686b-f170-422f-9b8a-b0e85c0d28df,2006-05-02,,999-44-6948,,,,Monia,Roinisto,,,,white,nonhispanic,F,Hyvinkää  Uusimaa  FI,928 Aspvik Katu Suite 30,Lohja,Uusimaa,Lohja,09520,60.49372028997955,23.793563566664226,2750.0,0.0
eee776f1-4af1-4f15-9bd4-055e4ae85bb4,2002-06-30,,999-68-4671,S99959431,,,Bart,Lau,,,,white,nonhispanic,M,Vantaa  Uusimaa  FI,660 Jallinoja Katu Suite 32,Kauniainen,Uusimaa,Kauniainen,02700,60.24448722311754,24.70592862455499,3250.0,0.0
85f97d17-a653-4981-aab5-de7f6cc12fdc,2004-12-26,,999-19-6035,,,,Warren,Burtsov,,,,white,nonhispanic,M,Helsinki  Uusimaa  FI,131 Ruuth Katu,Vantaa,Uusimaa,Vantaa,01730,60.36676402450118,25.058950568794298,3000.0,0.0
a14cd3c9-26c4-4e7e-8633-c75ee4c71e80,1969-04-21,,999-49-5101,S99972855,X65193979X,Mr.,Erkki-Juhani,Matarainen,,,M,white,nonhispanic,M,Askola  Uusimaa  FI,791 Keinonen Katu,Espoo,Uusimaa,Espoo,02130,60.173336346126455,24.667929782498828,5000.0,0.0
370cb4a8-130a-4401-b327-5f03a45b036f,2004-10-10,,999-92-5626,,,,Raimontytär,Reponen,,,,white,nonhispanic,F,Vantaa  Uusimaa  FI,678 Peräsarka Katu,Nurmijärvi,Uusimaa,Nurmijärvi,01940,60.421597547244396,24.75147109186943,3000.0,0.0
32637182-075f-4b29-a689-efc5e622d65c,2016-07-04,,999-68-8771,,,,Dorian,Korkmaz,,,,white,nonhispanic,M,Lohja  Uusimaa  FI,336 Maunumäki Katu Apt 90,Vantaa,Uusimaa,Vantaa,01340,60.21836153326357,24.816715809662114,1500.0,0.0
06ebd6db-0c5e-4156-8ebd-fe0f94ca6f1a,1936-01-05,,999-99-2575,S99966578,X20544176X,Mrs.,Eveliina,Rautoja,,Huoman,M,white,nonhispanic,F,Helsinki  Uusimaa  FI,686 Haukkovaara Katu Apt 11,Espoo,Uusimaa,Espoo,02770,60.119769330125465,24.65634004910023,9125.0,0.0
5017a27f-22ac-41b0-8592-161577ccae14,2004-02-08,,999-47-9167,S99969759,,,Vanja,Kairisto,,,,white,nonhispanic,M,Porvoo  Uusimaa  FI,483 Kallström Katu,Raasepori,Uusimaa,Raasepori,10360,60.0268676662397,23.340358973558015,3000.0,0.0
e0cf489b-6cbc-4116-b1d8-1ce4b7867acd,1954-11-17,,999-85-8718,S99987948,X3115450X,Mrs.,Tiina,Laavola,,Orlova,M,white,nonhispanic,F,Helsinki  Uusimaa  FI,685 Kankaristo Katu,Raasepori,Uusimaa,Raasepori,10320,60.101172053659866,23.61490681076651,13661.27,0.0
db89b2c3-7eaa-456a-983d-df7cb587f4e5,2005-05-03,,999-45-9007,,,,Selena,Willandt,,,,white,nonhispanic,F,Hyvinkää  Uusimaa  FI,398 Vanhanen Katu Apt 27,Helsinki,Uusimaa,Helsinki,00670,60.184314568100014,25.170317292550525,2875.0,0.0
066d9186-f3c3-4d94-8371-5f023e5254f8,1990-11-28,,999-89-7756,S99938736,X3174162X,Mrs.,Eugenia,Eteläkoski,,Grans,M,white,nonhispanic,F,Espoo  Uusimaa  FI,1091 Sippu Katu Apt 72,Vantaa,Uusimaa,Vantaa,01390,60.22754126298395,24.804838076477836,3875.0,0.0
e451fd02-dd29-4731-86a9-c01903e1210d,1959-05-17,,999-76-3654,S99950266,X77852490X,Mr.,Arman,Hallivuori,,,M,white,nonhispanic,M,Vantaa  Uusimaa  FI,594 Väätti Katu Unit 93,Loviisa,Uusimaa,Loviisa,07740,60.38015108025749,26.188203553624653,6250.0,0.0
1eba5397-c49c-4910-8374-8d0f8ad19b0a,1997-06-22,,999-14-1918,S99976772,X88458308X,Ms.,Aniara,Maantila,,,,white,nonhispanic,F,Helsinki  Uusimaa  FI,673 Kapulainen Katu,Vantaa,Uusimaa,Vantaa,01710,60.26738647867039,24.999669325288217,3625.0,0.0
fa4a94da-45a9-4ded-b99e-b905fa6a5b95,2018-11-03,,999-39-1726,,,,Aagot,Ahjokivi,,,,white,nonhispanic,F,Helsinki  Uusimaa  FI,661 Könnölä Katu Unit 44,Helsinki,Uusimaa,Helsinki,00190,60.20183961415067,25.139280526185434,875.0,0.0
494f52ef-4ebd-4299-8f84-8eae48d95ddd,1967-07-03,,999-57-2957,S99938263,X73036202X,Mrs.,Margareta,Ristaniemi,,Jönsas,M,white,nonhispanic,F,Helsinki  Uusimaa  FI,683 Akiola Katu,Espoo,Uusimaa,Espoo,02630,60.14561056699258,24.841886771786083,5250.0,0.0
9aecadce-0515-434b-845a-48308d436771,1991-11-05,,999-40-3800,S99962812,X25081649X,Ms.,Andréa,Tammimetsä,,,S,white,nonhispanic,F,Myrskylä  Uusimaa  FI,610 Engsbo Katu,Espoo,Uusimaa,Espoo,02280,60.247032693916104,24.622269524060144,3875.0,0.0
db007cad-b15c-402a-8ae4-6ef5b5c07660,1967-03-21,,999-46-5653,S99947111,X21828113X,Mrs.,Maritza,Vehniäinen,JD,Häsä,M,white,nonhispanic,F,Patras  Achaea  GR,320 Stormi Katu Apt 30,Helsinki,Uusimaa,Helsinki,00140,60.238141140948684,24.978700863058343,5250.0,0.0
090f2dbf-c53a-413e-bc5c-5b54045b984a,1969-08-26,1992-06-09,999-77-5156,S99962577,X56691467X,Mr.,Kenth,Jiang,,,,white,nonhispanic,M,Helsinki  Uusimaa  FI,710 Valento Katu,Helsinki,Uusimaa,Helsinki,00510,60.15534495672801,24.87899893599171,3974.39,0.0
3444877d-2f01-4f17-9b2f-03dd6b82d29c,1990-03-29,,999-11-8129,S99963007,X40264947X,Mr.,Shahin,Tuomenpuro,,,M,white,nonhispanic,M,Helsinki  Uusimaa  FI,736 Kettumäki Katu,Espoo,Uusimaa,Espoo,02360,60.20713716099327,24.738624998062246,3875.0,0.0
75ad6dcc-6b90-4bc2-b57c-9a4052c9f304,1936-10-13,2011-05-03,999-44-4252,S99982206,X8915477X,Mr.,Ervin,Olkkola,,,S,white,nonhispanic,M,Kerava  Uusimaa  FI,416 Viirimäki Katu Suite 38,Siuntio,Uusimaa,Siuntio,02580,60.17201623716304,24.150814085362427,14638.57,0.0
526651c1-bf5c-49e6-a682-25bbf7a32380,1961-12-25,,999-99-1499,S99994695,X27943223X,Mrs.,Mariliina,Vehkaperä,,Vanhanarkaus,M,white,nonhispanic,F,Helsinki  Uusimaa  FI,235 Vehma Katu,Helsinki,Uusimaa,Helsinki,00850,60.201127516992955,25.05291718739767,6000.0,0.0
5cede156-14cc-4af7-bb68-55aaa13191c8,1964-03-20,,999-58-9116,S99930750,X51166480X,Mr.,Rio,Lönnmark,,,M,white,nonhispanic,M,Hyvinkää  Uusimaa  FI,794 Vähätalo Katu Unit 4,Vantaa,Uusimaa,Vantaa,01670,60.29407519508332,24.954365250358098,5625.0,0.0
155da90d-5df6-45c4-80e4-f11145f9a326,2016-06-17,,999-51-1956,,,,Linda-Mari,Suomio,,,,white,nonhispanic,F,Helsinki  Uusimaa  FI,1030 Pulkkila Katu,Helsinki,Uusimaa,Helsinki,00600,60.22448367589257,24.9417817534471,1500.0,0.0
a440f2f5-d2d9-43f5-9e11-6fb1424590d7,1972-04-15,,999-47-6031,S99937217,X58229215X,Ms.,Amalie,Forsgren,,,S,white,nonhispanic,F,Vantaa  Uusimaa  FI,140 Wuollet Katu Suite 90,Tuusula,Uusimaa,Tuusula,04300,60.37164332427168,25.025386966649805,4750.0,0.0
d441b165-4921-4efb-8f66-2f385563d112,2014-08-26,,999-83-5157,,,,Saarah,Sundell,,,,white,nonhispanic,F,Espoo  Uusimaa  FI,239 Ristioja Katu,Vantaa,Uusimaa,Vantaa,01660,60.306233817547664,25.04285833311424,1750.0,0.0
05c9c782-99e3-4cc2-b5b3-7d215633d4cd,1926-01-23,,999-67-5346,S99955469,X87046567X,Mrs.,Magnusdotter,Kaanela,,Merilehti,M,white,nonhispanic,F,Helsinki  Uusimaa  FI,977 Tekkala Katu,Loviisa,Uusimaa,Loviisa,07740,60.4952664869383,26.441055839440008,16632.44,0.0
daed4f74-74be-4206-b46a-0ba2691a9944,1990-06-21,,999-77-7580,S99921155,X49415191X,Ms.,Eva-Britt,Klasila,,,S,white,nonhispanic,F,Thessaloniki  Thessaloniki Prefecture  GR,422 Korolainen Katu Apt 63,Helsinki,Uusimaa,Helsinki,00320,60.205570997329495,25.05805731109676,3875.0,0.0
546bca4b-ca89-411d-86d8-6a3a83f93b6a,1947-12-17,,999-83-6749,S99982014,X17774671X,Mr.,Mihhail,Kaunisvaara,,,M,white,nonhispanic,M,Porvoo  Uusimaa  FI,349 Korvenranta Katu,Helsinki,Uusimaa,Helsinki,00400,60.15373770115429,24.9503641316555,7625.0,0.0
568ab06c-0033-4440-86f8-524e4fa1d350,1969-08-26,,999-42-1903,S99971281,X61586740X,Mr.,Aarre,Toiminen,,,S,white,nonhispanic,M,Helsinki  Uusimaa  FI,899 Huostila Katu Unit 8,Helsinki,Uusimaa,Helsinki,00710,60.19845983802508,25.100142496287894,6951.02,0.0
98f716ad-5ae4-4617-b6f5-d4f4e0da8ac7,1976-02-01,,999-68-3899,S99975691,X75768849X,Mr.,Jiri,Gefwert,,,M,white,nonhispanic,M,Vantaa  Uusimaa  FI,1020 Pereira Katu,Helsinki,Uusimaa,Helsinki,00420,60.20669032594178,24.985612088052417,4625.0,0.0
1bdcc0bc-6ed8-4f26-bf75-c14fb7981999,1936-10-13,,999-99-5430,S99994358,X30564238X,Mr.,Orhan,Alasimi,,,M,white,nonhispanic,M,Helsinki  Uusimaa  FI,487 Keveri Katu,Siuntio,Uusimaa,Siuntio,02580,60.1729684383041,24.288794649342762,9000.0,0.0
c0f2af1a-ae15-4ab1-bd29-731823e61260,1941-11-08,,999-77-6854,S99994876,X4843588X,Mrs.,Yemina,Vasama,,Kotkavaara,M,white,nonhispanic,F,Vantaa  Uusimaa  FI,783 Heurlin Katu,Helsinki,Uusimaa,Helsinki,00600,60.20867080661527,24.846773809617673,8375.0,0.0
23231f08-0231-42e5-ac64-46a53e6ac7b2,1951-07-18,,999-62-3040,S99949517,X43907140X,Mrs.,Roberta,Liljelund,,Alastalo,M,white,nonhispanic,F,Vantaa  Uusimaa  FI,824 Tiihala Katu,Helsinki,Uusimaa,Helsinki,00600,60.15583267000889,24.964472682693458,7250.0,0.0
