PATIENT,START_YEAR,END_YEAR,PAYER,OWNERSHIP
215fe086-d9e4-4edd-9202-411e9c17ab10,1996,2014,e15e7b92-f376-374f-9285-2f59a38ad823,Guardian
b31ab976-accc-4030-a502-d38b4833d667,1995,2013,e15e7b92-f376-374f-9285-2f59a38ad823,Guardian
d9303b8a-3508-42d2-bdaa-ad5fd018b355,1985,2003,e15e7b92-f376-374f-9285-2f59a38ad823,Guardian
0811d9d7-fb92-4c0a-afc2-dfa4e34b08b3,1977,1995,e15e7b92-f376-374f-9285-2f59a38ad823,Guardian
cfbe0617-5522-4752-836b-a1695acd0dd3,1990,2008,e15e7b92-f376-374f-9285-2f59a38ad823,Guardian
5c9bc348-148c-41a8-856b-d3bcb88e271d,1993,2011,e15e7b92-f376-374f-9285-2f59a38ad823,Guardian
f6a7f7dc-21e1-4c5a-abc3-214dbc4c5e65,1978,1996,e15e7b92-f376-374f-9285-2f59a38ad823,Guardian
f0021b99-6e03-4adb-a2de-49bb2e292c60,1959,1977,e15e7b92-f376-374f-9285-2f59a38ad823,Guardian
af1e71d6-484c-4b61-98c4-122734c688fe,1992,2010,e15e7b92-f376-374f-9285-2f59a38ad823,Guardian
48689088-25b4-49f1-9db7-3024f547501e,1993,2011,e15e7b92-f376-374f-9285-2f59a38ad823,Guardian
3ac10a7c-1da1-446c-a72b-fc780fddd28a,1950,1968,e15e7b92-f376-374f-9285-2f59a38ad823,Guardian
4ea4f302-fba6-45ae-a596-3a63ff9fac06,2000,2018,e15e7b92-f376-374f-9285-2f59a38ad823,Guardian
2ffd2e09-90f4-4da3-b1d8-dd917b8ef5d0,1990,2008,e15e7b92-f376-374f-9285-2f59a38ad823,Guardian
08be7d45-1d65-4476-8c2e-976fd77325cd,1985,2003,e15e7b92-f376-374f-9285-2f59a38ad823,Guardian
16d7f66c-8ae7-48b2-bc04-baf1eac64981,1992,2010,e15e7b92-f376-374f-9285-2f59a38ad823,Guardian
306cc926-4d01-42cb-b439-81c186aaf470,1956,1974,e15e7b92-f376-374f-9285-2f59a38ad823,Guardian
fed1e6c2-7215-4632-b004-9c38f10f60ab,1992,2010,e15e7b92-f376-374f-9285-2f59a38ad823,Guardian
2f20fcd8-8a45-439e-bbda-216255facd9c,1971,1989,e15e7b92-f376-374f-9285-2f59a38ad823,Guardian
b564bdfb-bf3e-453c-a20d-bd1585b8c2c2,1971,1989,e15e7b92-f376-374f-9285-2f59a38ad823,Guardian
e2ae0379-224a-419d-a2ce-1a9eb236e12a,1972,1990,e15e7b92-f376-374f-9285-2f59a38ad823,Guardian
e0f8079f-efa9-4c15-9406-09a4f02b4c2d,1981,1999,e15e7b92-f376-374f-9285-2f59a38ad823,Guardian
da7ab4a5-0ab2-4b90-8809-c9fcea403605,1959,1977,e15e7b92-f376-374f-9285-2f59a38ad823,Guardian
f8cb36b8-cd5f-45a4-9f41-460f284184ea,1967,1985,e15e7b92-f376-374f-9285-2f59a38ad823,Guardian
6eac41d4-eae9-4c77-a62d-e336b7df4d4f,1979,1997,e15e7b92-f376-374f-9285-2f59a38ad823,Guardian
9dadc8d0-e96a-4130-ab84-6a5c4182ea79,1981,1999,e15e7b92-f376-374f-9285-2f59a38ad823,Guardian
40f7745e-68d6-4ac4-a00c-d0382501a7b0,1971,1989,e15e7b92-f376-374f-9285-2f59a38ad823,Guardian
8cc1786b-f678-45b7-874f-6eb88071e3e6,1945,1963,e15e7b92-f376-374f-9285-2f59a38ad823,Guardian
cdb7280a-0d8e-41d2-b488-dcb1b9edad64,1982,2000,e15e7b92-f376-374f-9285-2f59a38ad823,Guardian
bcd90ef9-d06b-4110-9310-ca53b0c35aeb,1965,1983,e15e7b92-f376-374f-9285-2f59a38ad823,Guardian
c54917d6-7c0d-4169-93b7-cc9565c4b73e,1982,2000,e15e7b92-f376-374f-9285-2f59a38ad823,Guardian
af85feec-ce37-4e1d-a7fc-b37b15d660be,1947,1965,e15e7b92-f376-374f-9285-2f59a38ad823,Guardian
57d8279d-1c4d-4699-bab6-733999032549,1970,1988,e15e7b92-f376-374f-9285-2f59a38ad823,Guardian
51fa7940-651a-4f5c-b840-a4d152084f1b,1972,1990,e15e7b92-f376-374f-9285-2f59a38ad823,Guardian
b59352e1-91e9-4c0e-836e-cc0d6b1bddde,1937,1955,e15e7b92-f376-374f-9285-2f59a38ad823,Guardian
8cbb14cc-0165-43ac-8837-0e7710f136ff,1998,2016,e15e7b92-f376-374f-9285-2f59a38ad823,Guardian
53eb6e34-d037-474b-80ce-74bfa6ac5e8a,1950,1968,e15e7b92-f376-374f-9285-2f59a38ad823,Guardian
6566ea4b-6a98-41e5-9a19-dee2043994d7,1974,1992,e15e7b92-f376-374f-9285-2f59a38ad823,Guardian
2ee7bccd-9e5a-417d-a014-d9ea082a49cd,1951,1969,e15e7b92-f376-374f-9285-2f59a38ad823,Guardian
dfe2e1d5-e388-4a0a-9806-99cd92dd5488,1991,2009,e15e7b92-f376-374f-9285-2f59a38ad823,Guardian
31dce47b-db1c-40c7-8d6c-1528d342a201,1977,1995,e15e7b92-f376-374f-9285-2f59a38ad823,Guardian
f1b5dfd2-b78d-4903-a3b1-7da0cb7620f2,1979,1997,e15e7b92-f376-374f-9285-2f59a38ad823,Guardian
858fe767-5654-4c29-b8c7-1a2178d838c5,1970,1988,e15e7b92-f376-374f-9285-2f59a38ad823,Guardian
af12a2b2-c80b-42bf-9ca1-2429ab249a88,1943,1961,e15e7b92-f376-374f-9285-2f59a38ad823,Guardian
c5945b33-8ae7-4484-8f41-f6c22b23d36c,1992,2010,e15e7b92-f376-374f-9285-2f59a38ad823,Guardian
f790bcd9-6bee-490e-948a-8759ddb4fd45,1986,2004,e15e7b92-f376-374f-9285-2f59a38ad823,Guardian
511254e1-8446-4df7-9471-521b54d7da44,1968,1986,e15e7b92-f376-374f-9285-2f59a38ad823,Guardian
b15611ec-e563-4e20-8405-045a92469812,1960,1978,e15e7b92-f376-374f-9285-2f59a38ad823,Guardian
7dc02e37-c4e2-4ba2-87f3-b87a740db0bd,1997,2015,e15e7b92-f376-374f-9285-2f59a38ad823,Guardian
4e811270-e999-4919-9967-ddbb207069b2,1985,2003,e15e7b92-f376-374f-9285-2f59a38ad823,Guardian
8bd098d0-1c91-49d8-a84c-2b99c30f5d7c,1934,1952,e15e7b92-f376-374f-9285-2f59a38ad823,Guardian
12b0fd29-9869-41e4-8330-99a6d33ca53f,1977,1995,e15e7b92-f376-374f-9285-2f59a38ad823,Guardian
066920f0-cc3b-49ac-8398-b564566157ec,1963,1981,e15e7b92-f376-374f-9285-2f59a38ad823,Guardian
aef62695-2f33-4d51-a228-3620d46397e6,1985,2003,e15e7b92-f376-374f-9285-2f59a38ad823,Guardian
81dba1d6-ccb2-44dc-ab83-0fbc600dd88c,1980,1998,e15e7b92-f376-374f-9285-2f59a38ad823,Guardian
d3aa8f3a-84cc-427c-b9b0-ea61de1dca48,1962,1980,e15e7b92-f376-374f-9285-2f59a38ad823,Guardian
a14cd3c9-26c4-4e7e-8633-c75ee4c71e80,1969,1987,e15e7b92-f376-374f-9285-2f59a38ad823,Guardian
06ebd6db-0c5e-4156-8ebd-fe0f94ca6f1a,1936,1954,e15e7b92-f376-374f-9285-2f59a38ad823,Guardian
e0cf489b-6cbc-4116-b1d8-1ce4b7867acd,1954,1972,e15e7b92-f376-374f-9285-2f59a38ad823,Guardian
066d9186-f3c3-4d94-8371-5f023e5254f8,1990,2008,e15e7b92-f376-374f-9285-2f59a38ad823,Guardian
1eba5397-c49c-4910-8374-8d0f8ad19b0a,1997,2015,e15e7b92-f376-374f-9285-2f59a38ad823,Guardian
e451fd02-dd29-4731-86a9-c01903e1210d,1959,1977,e15e7b92-f376-374f-9285-2f59a38ad823,Guardian
494f52ef-4ebd-4299-8f84-8eae48d95ddd,1967,1985,e15e7b92-f376-374f-9285-2f59a38ad823,Guardian
9aecadce-0515-434b-845a-48308d436771,1991,2009,e15e7b92-f376-374f-9285-2f59a38ad823,Guardian
db007cad-b15c-402a-8ae4-6ef5b5c07660,1967,1985,e15e7b92-f376-374f-9285-2f59a38ad823,Guardian
090f2dbf-c53a-413e-bc5c-5b54045b984a,1969,1987,e15e7b92-f376-374f-9285-2f59a38ad823,Guardian
3444877d-2f01-4f17-9b2f-03dd6b82d29c,1990,2008,e15e7b92-f376-374f-9285-2f59a38ad823,Guardian
75ad6dcc-6b90-4bc2-b57c-9a4052c9f304,1936,1954,e15e7b92-f376-374f-9285-2f59a38ad823,Guardian
526651c1-bf5c-49e6-a682-25bbf7a32380,1961,1979,e15e7b92-f376-374f-9285-2f59a38ad823,Guardian
5cede156-14cc-4af7-bb68-55aaa13191c8,1964,1982,e15e7b92-f376-374f-9285-2f59a38ad823,Guardian
a440f2f5-d2d9-43f5-9e11-6fb1424590d7,1972,1990,e15e7b92-f376-374f-9285-2f59a38ad823,Guardian
05c9c782-99e3-4cc2-b5b3-7d215633d4cd,1926,1944,e15e7b92-f376-374f-9285-2f59a38ad823,Guardian
daed4f74-74be-4206-b46a-0ba2691a9944,1990,2008,e15e7b92-f376-374f-9285-2f59a38ad823,Guardian
546bca4b-ca89-411d-86d8-6a3a83f93b6a,1947,1965,e15e7b92-f376-374f-9285-2f59a38ad823,Guardian
568ab06c-0033-4440-86f8-524e4fa1d350,1969,1987,e15e7b92-f376-374f-9285-2f59a38ad823,Guardian
98f716ad-5ae4-4617-b6f5-d4f4e0da8ac7,1976,1994,e15e7b92-f376-374f-9285-2f59a38ad823,Guardian
1bdcc0bc-6ed8-4f26-bf75-c14fb7981999,1936,1954,e15e7b92-f376-374f-9285-2f59a38ad823,Guardian
c0f2af1a-ae15-4ab1-bd29-731823e61260,1941,1959,e15e7b92-f376-374f-9285-2f59a38ad823,Guardian
23231f08-0231-42e5-ac64-46a53e6ac7b2,1951,1969,e15e7b92-f376-374f-9285-2f59a38ad823,Guardian
