DATE,PATIENT,ENCOUNTER,CODE,DESCRIPTION,BASE_COST,REASONCODE,REASONDESCRIPTION
1983-12-29,d2d6b65b-c1df-4644-8ea3-7cc9b95acee9,08c610ee-7f7b-47db-ab79-22df5a6f9c70,40701008,Echocardiography (procedure),1427.51,22298006,Myocardial Infarction
1983-12-29,d2d6b65b-c1df-4644-8ea3-7cc9b95acee9,08c610ee-7f7b-47db-ab79-22df5a6f9c70,415070008,Percutaneous coronary intervention,29962.29,22298006,Myocardial Infarction
1983-12-29,d2d6b65b-c1df-4644-8ea3-7cc9b95acee9,08c610ee-7f7b-47db-ab79-22df5a6f9c70,232717009,Coronary artery bypass grafting,41040.62,22298006,Myocardial Infarction
2011-12-03,bc6c0356-4e2f-4e19-a81e-7952500dccaa,b638dbb5-5a8b-40d2-bf00-2e073f251302,40701008,Echocardiography (procedure),1046.01,410429000,Cardiac Arrest
2011-12-03,bc6c0356-4e2f-4e19-a81e-7952500dccaa,b638dbb5-5a8b-40d2-bf00-2e073f251302,447365002,Insertion of biventricular implantable cardioverter defibrillator,26487.53,410429000,Cardiac Arrest
2011-12-03,bc6c0356-4e2f-4e19-a81e-7952500dccaa,b638dbb5-5a8b-40d2-bf00-2e073f251302,18286008,Catheter ablation of tissue of heart,8846.67,410429000,Cardiac Arrest
2014-11-14,57d8279d-1c4d-4699-bab6-733999032549,4e4342ae-df56-4da9-bc99-695ad33a87b9,40701008,Echocardiography (procedure),740.97,230690007,Stroke
2014-11-14,57d8279d-1c4d-4699-bab6-733999032549,4e4342ae-df56-4da9-bc99-695ad33a87b9,433112001,Percutaneous mechanical thrombectomy of portal vein using fluoroscopic guidance,18817.73,230690007,Stroke
2011-06-15,af12a2b2-c80b-42bf-9ca1-2429ab249a88,731500f7-9ddd-4c85-8b83-474207ec0788,40701008,Echocardiography (procedure),985.14,230690007,Stroke
2011-06-15,af12a2b2-c80b-42bf-9ca1-2429ab249a88,731500f7-9ddd-4c85-8b83-474207ec0788,433112001,Percutaneous mechanical thrombectomy of portal vein using fluoroscopic guidance,27589.97,230690007,Stroke
2010-12-16,8bd098d0-1c91-49d8-a84c-2b99c30f5d7c,692f8467-d06e-431a-bea9-60390c895861,180325003,Electrical cardioversion,25114.71,49436004,Atrial Fibrillation
2011-12-22,8bd098d0-1c91-49d8-a84c-2b99c30f5d7c,6ae33db3-2369-47d2-aae8-a4bd31eaeee4,180325003,Electrical cardioversion,31821.38,49436004,Atrial Fibrillation
2012-12-27,8bd098d0-1c91-49d8-a84c-2b99c30f5d7c,dcf85b81-3363-45dc-87ae-3ab0fd3e347e,180325003,Electrical cardioversion,24519.33,49436004,Atrial Fibrillation
2014-01-02,8bd098d0-1c91-49d8-a84c-2b99c30f5d7c,29940f9c-f352-4b24-a339-504d6a238841,18286008,Catheter ablation of tissue of heart,7617.76,49436004,Atrial Fibrillation
2015-01-08,8bd098d0-1c91-49d8-a84c-2b99c30f5d7c,5069aa67-63d5-4e96-a45a-6d2424ad99ea,180325003,Electrical cardioversion,25022.80,49436004,Atrial Fibrillation
2016-01-14,8bd098d0-1c91-49d8-a84c-2b99c30f5d7c,3a53ce72-0498-4882-8333-0bd6ea879e29,180325003,Electrical cardioversion,31370.68,49436004,Atrial Fibrillation
2017-01-19,8bd098d0-1c91-49d8-a84c-2b99c30f5d7c,7bf3361e-aee7-46c0-a56d-00c3b2993786,180325003,Electrical cardioversion,34593.24,49436004,Atrial Fibrillation
2018-01-25,8bd098d0-1c91-49d8-a84c-2b99c30f5d7c,1fbf4c02-5ae0-4f9c-ae89-8a61b13e04d5,180325003,Electrical cardioversion,22298.29,49436004,Atrial Fibrillation
2019-01-31,8bd098d0-1c91-49d8-a84c-2b99c30f5d7c,843a2817-30af-4973-82b4-053b3af7c8c5,180325003,Electrical cardioversion,26784.46,49436004,Atrial Fibrillation
2020-02-06,8bd098d0-1c91-49d8-a84c-2b99c30f5d7c,69458be1-aa45-4894-a4ee-f2e032101401,180325003,Electrical cardioversion,16751.23,49436004,Atrial Fibrillation
1992-06-09,090f2dbf-c53a-413e-bc5c-5b54045b984a,7941a1fe-3b45-45f4-8c45-63e26937b6bd,40701008,Echocardiography (procedure),619.07,22298006,Myocardial Infarction
1992-06-09,090f2dbf-c53a-413e-bc5c-5b54045b984a,7941a1fe-3b45-45f4-8c45-63e26937b6bd,415070008,Percutaneous coronary intervention,35855.06,22298006,Myocardial Infarction
1992-06-09,090f2dbf-c53a-413e-bc5c-5b54045b984a,7941a1fe-3b45-45f4-8c45-63e26937b6bd,232717009,Coronary artery bypass grafting,54807.94,22298006,Myocardial Infarction
2011-05-03,75ad6dcc-6b90-4bc2-b57c-9a4052c9f304,dce2a0b4-4895-4e5f-abe9-575aa193a33c,40701008,Echocardiography (procedure),1579.29,230690007,Stroke
2011-05-03,75ad6dcc-6b90-4bc2-b57c-9a4052c9f304,dce2a0b4-4895-4e5f-abe9-575aa193a33c,433112001,Percutaneous mechanical thrombectomy of portal vein using fluoroscopic guidance,17735.62,230690007,Stroke
2010-08-07,05c9c782-99e3-4cc2-b5b3-7d215633d4cd,fdfb7a5b-e5fe-42d9-829e-7c2b0995467a,180325003,Electrical cardioversion,22073.45,49436004,Atrial Fibrillation
2011-08-13,05c9c782-99e3-4cc2-b5b3-7d215633d4cd,4c06f4f2-d8f5-4aa7-9c0d-3844e9a9bcdb,180325003,Electrical cardioversion,23678.02,49436004,Atrial Fibrillation
2012-08-18,05c9c782-99e3-4cc2-b5b3-7d215633d4cd,26352f73-16af-4778-b652-246df3304e4d,180325003,Electrical cardioversion,27647.78,49436004,Atrial Fibrillation
2013-08-24,05c9c782-99e3-4cc2-b5b3-7d215633d4cd,5eb8f7ed-8350-4e2b-87b8-7e0ae4a55608,180325003,Electrical cardioversion,28549.15,49436004,Atrial Fibrillation
2014-08-30,05c9c782-99e3-4cc2-b5b3-7d215633d4cd,4303810a-01ac-4ac0-88d2-10b712ed562b,180325003,Electrical cardioversion,22465.89,49436004,Atrial Fibrillation
2015-09-05,05c9c782-99e3-4cc2-b5b3-7d215633d4cd,d4969678-1cf8-42a4-b750-36fe6a6c0ca5,180325003,Electrical cardioversion,22910.08,49436004,Atrial Fibrillation
2016-09-10,05c9c782-99e3-4cc2-b5b3-7d215633d4cd,f3082074-7788-44ca-9b2b-37df4e19a8c4,180325003,Electrical cardioversion,38339.91,49436004,Atrial Fibrillation
2017-09-16,05c9c782-99e3-4cc2-b5b3-7d215633d4cd,b4fb9781-12b4-497a-b430-0a825e355d72,180325003,Electrical cardioversion,29768.62,49436004,Atrial Fibrillation
2018-09-22,05c9c782-99e3-4cc2-b5b3-7d215633d4cd,e3bd6aa7-230d-4db2-b5e4-38eb6155b001,180325003,Electrical cardioversion,37928.26,49436004,Atrial Fibrillation
2019-09-28,05c9c782-99e3-4cc2-b5b3-7d215633d4cd,1ee62c6b-da00-4118-b016-8eda157af74b,180325003,Electrical cardioversion,35644.43,49436004,Atrial Fibrillation
2017-04-01,c0f2af1a-ae15-4ab1-bd29-731823e61260,b5a427d8-c41f-46ff-a664-2e6d52b1a739,180325003,Electrical cardioversion,19656.16,49436004,Atrial Fibrillation
2018-04-07,c0f2af1a-ae15-4ab1-bd29-731823e61260,f54bbb6d-9bff-4ec1-a516-490a3aabf331,180325003,Electrical cardioversion,23797.06,49436004,Atrial Fibrillation
2019-04-13,c0f2af1a-ae15-4ab1-bd29-731823e61260,3e7a9e44-f6fa-4985-adba-bf97b2dbd524,18286008,Catheter ablation of tissue of heart,8426.11,49436004,Atrial Fibrillation
