Id,ORGANIZATION,NAME,GENDER,SPECIALITY,ADDRESS,CITY,STATE,ZIP,LAT,LON,UTILIZATION
055146a3-a976-348d-985e-e246e4bc3736,319baef9-e8e6-3320-9e0b-7991d9c167b8,Naemi Pieti,F,GENERAL PRACTICE,Haartmaninkatu 4,Helsinki,18,00290,60.189159,24.909081,1
7d966c5c-81f8-35a3-97b2-683ccfc43bd8,39010280-b8e5-3b1a-b835-bafbeea21968,Samppa Vannas,M,GENERAL PRACTICE,Turuntie 150,Espoo,18,02740,60.22589,24.77581,1
4d9150ac-de22-38c7-a97b-75070cfbd938,af916982-f5f8-341b-b159-69e72695294c,Airiina Sannikka,F,GENERAL PRACTICE,Sairaalakatu 1,Vantaa,18,01400,60.3299,25.0608,1
ce34f12c-c071-32e2-b34e-f2d75e9d6b18,8af774ed-7635-320a-ad8c-a63aa309a858,Kay Selin,F,GENERAL PRACTICE,Sairaalatie 8,Lohja,18,08200,60.2247,24.01885,1
cc140945-2e10-36d5-9f37-1924443312a4,d8b3cbb1-88db-3fc1-bb2b-6a9c0037e6e5,Vili-Pekka Serola,M,GENERAL PRACTICE,Sairaalantie 1,Porvoo,18,06200,60.37911,25.69576,2
bdde8161-6d99-3591-a7a8-bb50f5b86358,738aef7e-a279-3f65-9dba-fead16b27400,Jonna-Maria Pesu,F,GENERAL PRACTICE,Turuntie 150,Espoo,18,02740,60.22589,24.77581,933
8e07ca53-1e41-3bc6-b484-829334891c72,9a3e6919-4ed0-32fe-a1e2-7184b06c415f,Walborg Rauhamaa,F,GENERAL PRACTICE,Karvasmäentie 6,Espoo,18,02740,60.22011,24.6848,343
f36449af-6474-3e78-b10f-7d396dfe364d,a70486b2-c33a-37b3-a4cf-b3dc06cb9d84,Evelyne Pöntynen,F,GENERAL PRACTICE,Sairaalakatu 1,Vantaa,18,01400,60.3299,25.0608,1467
7b99d5b1-29f7-3bb3-84f1-e4727f191cea,bf25636d-50a4-3cf2-b937-0e59fd37503f,Naemi Pieti,F,GENERAL PRACTICE,Sairaalankatu 1,Hyvinkää,18,05830,60.612,24.82486,39
d9157453-7212-3d24-bcff-22cc0a3fd4b3,4eddd774-a01b-3a0b-b4c6-736a5581aba4,Villehard Kiho,M,GENERAL PRACTICE,Ohkolantie 10,Kellokoski,18,04500,60.53054,25.10548,376
bb58a9aa-ca45-39fb-ac2d-a954312c5089,942171f0-df04-34cc-9c85-1a11b2f08717,Emma-Sofia Ståhle,F,GENERAL PRACTICE,Sairaalatie 8,Lohja,18,08200,60.2247,24.01885,365
e24abea6-dd22-35c9-a0c7-20ad7caebfb9,216a84b2-6287-356d-9bcf-655abf00debb,Melchior Toro,M,GENERAL PRACTICE,Sairaalantie 1,Porvoo,18,06200,60.37911,25.69576,269
8593102d-c617-3205-af31-27037c89fa25,319baef9-e8e6-3320-9e0b-7991d9c167b8,Jonna-Maria Pesu,F,GENERAL PRACTICE,Haartmaninkatu 4,Helsinki,18,00290,60.189159,24.909081,1
e31d2e9f-5750-36bc-ac8e-b4573d899f6e,8af774ed-7635-320a-ad8c-a63aa309a858,Melchior Toro,M,GENERAL PRACTICE,Sairaalatie 8,Lohja,18,08200,60.2247,24.01885,2
