location_id,address_1,address_2,city,state,zip,county,location_source_value
413,617 Kahra Katu Suite 31,,Sipoo,Uusimaa,06880,Sipoo,5a99dfd4-3049-47ed-a10a-25e8ecccf6bf
414,999 Rannelma Katu Apt 18,,Lohja,Uusimaa,08100,Lohja,1bcf6d56-4e43-42eb-a44e-dec52c98dc20
415,181 Arnold Katu Suite 93,,Porvoo,Uusimaa,07220,Porvoo,15652f84-3ebf-4ff1-8fbe-7e034ac2b1a5
416,933 Sormunen Katu Unit 91,,Helsinki,Uusimaa,00880,Helsinki,11e68533-3bcc-4007-9e39-20f9b64d02fb
417,311 Harrison Katu Apt 60,,Helsinki,Uusimaa,00830,Helsinki,73e6ba23-75ca-4c13-8591-56dc6e4c5ac2
418,304 Rauhio Katu,,Helsinki,Uusimaa,00900,Helsinki,326c0596-d26c-4688-af7d-643cd4b80f3c
419,758 Litola Katu,,Espoo,Uusimaa,02380,Espoo,2e030a0e-af8d-417b-9cdb-e941d392fd37
420,1002 Oksaharju Katu Unit 38,,Nurmijärvi,Uusimaa,01800,Nurmijärvi,3d6890b4-6f1c-4fa7-ae15-f7d9c026b021
421,740 King Katu Apt 88,,Kirkkonummi,Uusimaa,02480,Kirkkonummi,73e2da88-dafa-4a2b-8de0-2f3750b7a6dd
422,349 Volama Katu Apt 14,,Kerava,Uusimaa,04230,Kerava,05ccc38e-ef5a-4461-a6cd-dcc8c1291a58
423,699 Piililä Katu,,Lohja,Uusimaa,08680,Lohja,aa7963ba-0ca1-4790-b144-6a0facce6c8f
424,230 Serlachius Katu Unit 39,,Helsinki,Uusimaa,00420,Helsinki,966037e6-2ac7-483f-b8de-b6e41605734b
425,519 Routa Katu,,Helsinki,Uusimaa,00810,Helsinki,f6aefec5-14cc-4f5c-a858-047d5aec86ff
426,363 Björkas Katu,,Helsinki,Uusimaa,00260,Helsinki,7f2cfedc-b050-4ce1-a453-dedbdca6564e
427,181 Ammunet Katu,,Porvoo,Uusimaa,07450,Porvoo,e27acefb-e48c-4c59-879f-64caddc15e5c
428,456 Tolmunen Katu Unit 66,,Helsinki,Uusimaa,00900,Helsinki,68e914d1-2a80-4636-9e08-d5d5246b0560
429,573 Kuoksa Katu,,Helsinki,Uusimaa,00800,Helsinki,2db9c459-eeb1-4cab-a50e-af225e4a9abd
430,279 Otsamo Katu,,Nurmijärvi,Uusimaa,01900,Nurmijärvi,0a4b0876-98c7-47bb-a387-edfe3009cbb9
431,834 Ouninkorpi Katu,,Helsinki,Uusimaa,00530,Helsinki,58231f68-3e10-404e-8c95-94aec983d200
432,648 Torvasti Katu,,Kirkkonummi,Uusimaa,02410,Kirkkonummi,b0fec3f3-c99e-4d7d-a590-ac71b3de63f6
433,971 Vettenniemi Katu,,Helsinki,Uusimaa,00760,Helsinki,47406f7d-3b18-4442-a0bd-8f3c4c1a31b4
434,720 Smahl Katu,,Siuntio,Uusimaa,02590,Siuntio,cf590cf6-ac70-4f00-87d4-39124ea5b694
435,328 Paldan Katu Unit 93,,Helsinki,Uusimaa,00730,Helsinki,0dcd5ddf-3a64-46ff-8eae-a17089c5cbe8
436,681 Angervisto Katu Apt 39,,Vantaa,Uusimaa,01600,Vantaa,f53279da-f510-4a92-8efb-9ee1631f0751
437,919 Wilson Katu,,Helsinki,Uusimaa,00750,Helsinki,2b59133d-fe06-4560-aa5e-85465c334b6f
438,291 Kortesalmi Katu,,Helsinki,Uusimaa,00580,Helsinki,928ea815-8939-4b5c-8455-e4fecfc464f2
439,579 Hautoniemi Katu,,Espoo,Uusimaa,02630,Espoo,a57bfeff-4039-4dee-bd24-9190c0e403eb
440,100 Virtasalo Katu,,Helsinki,Uusimaa,00340,Helsinki,68fd86fd-6d50-43ee-b580-37ce7bc6487f
441,823 Viinikainen Katu Apt 57,,Helsinki,Uusimaa,00600,Helsinki,42c59bc6-09f4-458a-8327-b18d80941c2f
442,465 Nord Katu Unit 89,,Lohja,Uusimaa,03850,Lohja,39f406b2-1b97-40c7-9b35-1748e15a52f3
443,704 Aropaltio Katu,,Lohja,Uusimaa,08680,Lohja,fa510bb1-339e-4757-b292-cc426dbd4701
444,140 Koivusilta Katu Suite 76,,Helsinki,Uusimaa,00310,Helsinki,9f7711d5-bed2-45dc-ba1b-c77547bee8c8
445,725 Luokkamäki Katu,,Vihti,Uusimaa,03250,Vihti,4243cb07-d94f-4a24-9c7a-622d3ed413d8
446,547 Patovirta Katu Apt 41,,Nurmijärvi,Uusimaa,01940,Nurmijärvi,e2b8ad27-6207-4cac-8a6c-3ccc8342671a
447,620 Kares Katu,,Espoo,Uusimaa,02760,Espoo,750a5fd1-d06e-42b3-a642-bd790c87b890
448,1082 Fernandez Katu Suite 69,,Helsinki,Uusimaa,00520,Helsinki,996bac0d-c025-4adc-81cd-14752175c23a
449,342 Kontula Katu Apt 96,,Kerava,Uusimaa,04250,Kerava,b3a4cb78-e01a-4673-84bb-24e08c8e9626
450,424 Meckelborg Katu Unit 0,,Lohja,Uusimaa,03850,Lohja,b294b4d8-735a-450b-a624-806d04f1b590
451,271 Vuontisjärvi Katu Unit 7,,Espoo,Uusimaa,02100,Espoo,a8fa6903-b986-459f-9b48-7e1ed57c33dc
452,215 Pulsa Katu,,Helsinki,Uusimaa,00350,Helsinki,3c70a77f-c06a-4cf6-a999-6234cf013816
453,527 Wik Katu,,Vihti,Uusimaa,03250,Vihti,13038f46-02d2-48d4-99b6-cfd7301ee24c
454,759 Tarvus Katu,,Mäntsälä,Uusimaa,04820,Mäntsälä,b2fa11c6-9a35-49c4-a154-5b35d66d4d3d
455,130 Gästgivars Katu,,Vantaa,Uusimaa,01420,Vantaa,6270985f-8e43-4ff4-ac9a-cd271cd89471
456,833 Pylväläinen Katu Suite 88,,Espoo,Uusimaa,02160,Espoo,a485019f-1bdf-4030-a6da-d8f41ca2bb42
457,1072 Tuira Katu,,Helsinki,Uusimaa,00940,Helsinki,4e0deb5d-37f6-4712-a9eb-9bbcfb4e16d1
458,426 Haljala Katu,,Karkkila,Uusimaa,03620,Karkkila,c068ba67-9681-41fa-b211-ba4c99671ea4
459,1005 Kerätär Katu,,Kirkkonummi,Uusimaa,02410,Kirkkonummi,617b9f64-b817-4cd5-8ab1-429f441045fb
460,546 Nikitin Katu,,Vantaa,Uusimaa,01420,Vantaa,e5cf68ee-74f0-4ede-bfdb-9f1222b2396c
461,675 Yli-Kahrakuusi Katu,,Helsinki,Uusimaa,00120,Helsinki,a7138584-ea76-489e-9cab-161fe5de7312
462,1098 Varpula Katu Unit 6,,Nurmijärvi,Uusimaa,01860,Nurmijärvi,ab1a5ee2-0195-4d45-b89a-caadfc4302ee
463,390 Supperi Katu Unit 64,,Kerava,Uusimaa,04260,Kerava,4e80e804-6d1b-4c77-bc74-b704742049d6
464,1058 Toroska Katu,,Vantaa,Uusimaa,01340,Vantaa,706f5caf-13e4-46c7-8483-a0837b292821
465,787 Paakkinen Katu Suite 39,,Espoo,Uusimaa,02240,Espoo,8db3d15f-2be0-4baa-99a4-fae739d36fe9
466,505 Teppinen Katu,,Helsinki,Uusimaa,00760,Helsinki,20ff78e9-e277-40c8-b4af-ff28b7c110e1
467,818 Simuna Katu,,Karkkila,Uusimaa,03710,Karkkila,b99fa6e3-6fa4-487a-9db7-e43a0352adc6
468,101 Krogell Katu Apt 96,,Helsinki,Uusimaa,00220,Helsinki,26543f16-749d-40f8-8e11-9c31aa6a89cc
469,538 Tähtinen Katu,,Vantaa,Uusimaa,01300,Vantaa,1769d759-0480-4627-bd78-dba72edb7354
470,387 Unkuri Katu,,Helsinki,Uusimaa,00710,Helsinki,b4ada774-edc0-4080-aee7-a14558801e46
471,862 Niskajärvi Katu,,Vihti,Uusimaa,03320,Vihti,9de2b06e-4273-4d35-b865-134c21b28faa
472,865 Nedergård Katu Unit 68,,Helsinki,Uusimaa,00980,Helsinki,9469fc1b-c055-4abc-9b94-31ce8012d5ae
473,215 Kaunismäki Katu,,Vantaa,Uusimaa,01660,Vantaa,68652c57-a10a-4036-a48c-64cc43e5914b
474,997 Puhtila Katu,,Vantaa,Uusimaa,01350,Vantaa,ca8af4b0-4bde-442f-b5d5-cf54add98416
475,647 Ratia Katu,,Helsinki,Uusimaa,00980,Helsinki,e5d7fdb4-9664-4f7c-bc8c-acbfc9a0294c
476,361 Korpilauri Katu,,Espoo,Uusimaa,02110,Espoo,bee2a214-72cc-4a95-b0cd-b3027c1eccd7
477,817 Gilbert Katu,,Helsinki,Uusimaa,00320,Helsinki,e7808dac-0c3b-4fae-bb0e-c29bf6f8b400
478,875 Mikola Katu,,Vantaa,Uusimaa,01530,Vantaa,dc2bc53c-5265-4ebb-b4d9-048d01aba8dd
479,871 Kärpänen Katu,,Helsinki,Uusimaa,00430,Helsinki,ffab0e71-1970-421c-b539-e395c3e2e333
480,882 Notkola Katu,,Kerava,Uusimaa,04220,Kerava,9f163ee3-2c4c-4a9f-b9bd-b8f6549530a4
481,644 Niitynpää Katu,,Kirkkonummi,Uusimaa,02450,Kirkkonummi,694a02e8-00d1-41db-b63d-082e732371db
482,523 Salviander Katu,,Lohja,Uusimaa,08480,Lohja,df7dc4f2-f51e-4af6-bcb4-0756c65ea62b
483,412 Suurnäkki Katu,,Espoo,Uusimaa,02100,Espoo,f9c899e2-ace1-40e8-b7ea-aebae2929d1b
484,999 Nikmo Katu Suite 9,,Helsinki,Uusimaa,00980,Helsinki,69a8283a-9e8a-4e7d-a166-eeb58d343396
485,395 Hagren Katu Unit 47,,Porvoo,Uusimaa,07410,Porvoo,89854b83-a46f-4baf-b29e-a45d975272ff
486,1010 Käenmäki Katu Suite 79,,Vihti,Uusimaa,03300,Vihti,1bd09768-59b4-414e-868d-2933b1a89873
487,512 Kesämaa Katu,,Vantaa,Uusimaa,01390,Vantaa,355c7814-82f8-4dd8-a1c1-28a0b019f199
488,973 Takapuro Katu Suite 78,,Vantaa,Uusimaa,01620,Vantaa,09d1a043-7155-4fff-965b-6821c5db6003
489,432 Kosamo Katu Suite 53,,Vantaa,Uusimaa,01200,Vantaa,3bf53301-9b08-4847-a48d-6f616d43b060
490,423 Jonsson Katu Apt 15,,Vantaa,Uusimaa,01770,Vantaa,35799836-9165-4d73-a863-6c674968082d
491,911 Aholaita Katu Suite 62,,Tuusula,Uusimaa,04390,Tuusula,15231875-ad9e-4af6-b43f-0aa2b337bc6a
492,537 Vitie Katu,,Helsinki,Uusimaa,00560,Helsinki,bab29a05-fcea-4e70-89ce-8bcbaf062330
493,514 Vähäkuopus Katu,,Espoo,Uusimaa,02730,Espoo,21df276c-cf9e-48fe-a255-4989a9126419
494,142 Helpiölä Katu Apt 60,,Espoo,Uusimaa,02300,Espoo,8e0b1d8a-f40a-475b-889c-8f84cee6aa16
495,592 Mäki-Tulokas Katu,,Vantaa,Uusimaa,01710,Vantaa,c6b005de-9d50-4f7d-9511-1b6cf00eaf26
496,514 Helander Katu Suite 50,,Espoo,Uusimaa,02610,Espoo,823d3aba-c94d-4cc1-aaa8-95956b5a674a
497,278 Hietaharju Katu,,Vantaa,Uusimaa,01300,Vantaa,562b1b9e-55a2-4c7b-a7e9-6831c61968c0
498,1015 Meskus Katu Suite 97,,Helsinki,Uusimaa,00640,Helsinki,72d2768a-8a82-4455-a094-c8d4594b9c19
499,695 Aksela Katu,,Vihti,Uusimaa,03100,Vihti,ba92efe8-62db-4eca-b79d-ae0560d65475
500,1067 Kaarkoski Katu,,Espoo,Uusimaa,02200,Espoo,af074cee-57cb-46de-860a-0d01f31a82cf
501,434 Sieppo Katu Apt 53,,Helsinki,Uusimaa,00840,Helsinki,4f49fb9c-7f32-400d-a9ab-3e5d5edd2dad
502,516 Örnberg Katu,,Vihti,Uusimaa,03150,Vihti,e805d1d6-f808-4f1a-884a-c2a24895d1e5
503,579 Törmäkangas Katu Unit 28,,Tuusula,Uusimaa,04330,Tuusula,c434396d-21f7-4f8f-a98a-6147d8d6c8ef
504,688 Karilainen Katu,,Helsinki,Uusimaa,00940,Helsinki,0cd143ca-cdb6-4d6b-af9a-0474b4846923
505,674 Hauhio Katu,,Vantaa,Uusimaa,01280,Vantaa,d6a0a360-9dd4-47ba-8f2d-5ef56ba89eee
506,745 Wernér Katu,,Helsinki,Uusimaa,00130,Helsinki,add505b6-a597-47f1-9d53-2121ef15fb5f
507,591 Nevaranta Katu Suite 56,,Lohja,Uusimaa,08500,Lohja,7e8260af-adf2-4b1b-8b48-61560b00d385
508,709 Salinmäki Katu,,Vantaa,Uusimaa,01230,Vantaa,54c05c0c-9021-42c9-8adf-ca279dc360f3
509,534 Huhtaviita Katu Suite 7,,Helsinki,Uusimaa,00140,Helsinki,84bc278f-3b46-4597-a96b-7efd080bec81
510,691 Raitinpää Katu,,Espoo,Uusimaa,02170,Espoo,fa80a54c-4e95-4a4e-90c5-aa9d6cdede92
511,461 Valajärvi Katu Suite 15,,Helsinki,Uusimaa,00790,Helsinki,2df5ac15-494c-40f4-a1f1-5aa58bc71da4
512,515 Långskog Katu Apt 76,,Helsinki,Uusimaa,00970,Helsinki,8b1f5548-e60f-46bd-8d1d-54f5f247458f
513,122 Evijoki Katu Unit 40,,Vantaa,Uusimaa,01200,Vantaa,48aa3796-699d-4732-aad1-684fed7194fa
514,478 Kyykoski Katu,,Helsinki,Uusimaa,00310,Helsinki,c786250d-01f6-4940-8ccb-5e69d2112a8a
515,317 Seppi Katu,,Vihti,Uusimaa,03400,Vihti,47651b78-73e7-4014-94a2-964d5c779408
516,286 Heinijoki Katu Apt 7,,Espoo,Uusimaa,02820,Espoo,48e22a6c-054e-44a1-8a6f-469e6c55195d
