person_id,gender_concept_id,year_of_birth,month_of_birth,day_of_birth,birth_datetime,race_concept_id,ethnicity_concept_id,location_id,provider_id,care_site_id,person_source_value,gender_source_value,gender_source_concept_id,race_source_value,race_source_concept_id,ethnicity_source_value,ethnicity_source_concept_id
413,8507,2014,6,16,,8527,0,413,,,5a99dfd4-3049-47ed-a10a-25e8ecccf6bf,M,0,white,0,nonhispanic,0
414,8507,2018,9,2,,8527,0,414,,,1bcf6d56-4e43-42eb-a44e-dec52c98dc20,M,0,white,0,nonhispanic,0
415,8507,2008,11,3,,8527,0,415,,,15652f84-3ebf-4ff1-8fbe-7e034ac2b1a5,M,0,white,0,nonhispanic,0
416,8532,2005,2,26,,8527,0,416,,,11e68533-3bcc-4007-9e39-20f9b64d02fb,F,0,white,0,nonhispanic,0
417,8507,2015,4,9,,8527,0,417,,,73e6ba23-75ca-4c13-8591-56dc6e4c5ac2,M,0,white,0,nonhispanic,0
418,8532,1989,12,19,,8527,0,418,,,326c0596-d26c-4688-af7d-643cd4b80f3c,F,0,white,0,nonhispanic,0
419,8507,1985,8,5,,8527,0,419,,,2e030a0e-af8d-417b-9cdb-e941d392fd37,M,0,white,0,nonhispanic,0
420,8532,1989,9,1,,8527,0,420,,,3d6890b4-6f1c-4fa7-ae15-f7d9c026b021,F,0,white,0,nonhispanic,0
421,8532,1967,10,26,,8527,0,421,,,73e2da88-dafa-4a2b-8de0-2f3750b7a6dd,F,0,white,0,nonhispanic,0
422,8532,1965,2,27,,8527,0,422,,,05ccc38e-ef5a-4461-a6cd-dcc8c1291a58,F,0,white,0,nonhispanic,0
423,8507,1936,4,26,,8527,0,423,,,aa7963ba-0ca1-4790-b144-6a0facce6c8f,M,0,white,0,nonhispanic,0
424,8507,1996,4,30,,8527,0,424,,,966037e6-2ac7-483f-b8de-b6e41605734b,M,0,white,0,nonhispanic,0
425,8507,1966,8,21,,8527,0,425,,,f6aefec5-14cc-4f5c-a858-047d5aec86ff,M,0,white,0,nonhispanic,0
426,8507,1985,6,8,,8527,0,426,,,7f2cfedc-b050-4ce1-a453-dedbdca6564e,M,0,white,0,nonhispanic,0
427,8532,2003,2,16,,8527,0,427,,,e27acefb-e48c-4c59-879f-64caddc15e5c,F,0,white,0,nonhispanic,0
428,8532,2011,5,12,,8527,0,428,,,68e914d1-2a80-4636-9e08-d5d5246b0560,F,0,white,0,nonhispanic,0
429,8532,1967,4,16,,8527,0,429,,,2db9c459-eeb1-4cab-a50e-af225e4a9abd,F,0,white,0,nonhispanic,0
430,8532,1980,4,28,,8527,0,430,,,0a4b0876-98c7-47bb-a387-edfe3009cbb9,F,0,white,0,nonhispanic,0
431,8532,2008,4,5,,8527,0,431,,,58231f68-3e10-404e-8c95-94aec983d200,F,0,white,0,nonhispanic,0
432,8532,2006,1,20,,8527,0,432,,,b0fec3f3-c99e-4d7d-a590-ac71b3de63f6,F,0,white,0,nonhispanic,0
433,8507,1998,6,20,,8527,0,433,,,47406f7d-3b18-4442-a0bd-8f3c4c1a31b4,M,0,white,0,nonhispanic,0
434,8532,1974,6,23,,8527,0,434,,,cf590cf6-ac70-4f00-87d4-39124ea5b694,F,0,white,0,nonhispanic,0
435,8507,2007,8,31,,8527,0,435,,,0dcd5ddf-3a64-46ff-8eae-a17089c5cbe8,M,0,white,0,nonhispanic,0
436,8532,2007,10,29,,8527,0,436,,,f53279da-f510-4a92-8efb-9ee1631f0751,F,0,white,0,nonhispanic,0
437,8532,1979,2,11,,8527,0,437,,,2b59133d-fe06-4560-aa5e-85465c334b6f,F,0,white,0,nonhispanic,0
438,8507,1967,11,9,,8527,0,438,,,928ea815-8939-4b5c-8455-e4fecfc464f2,M,0,white,0,nonhispanic,0
439,8532,1961,2,19,,8527,0,439,,,a57bfeff-4039-4dee-bd24-9190c0e403eb,F,0,white,0,nonhispanic,0
440,8532,2009,6,3,,8527,0,440,,,68fd86fd-6d50-43ee-b580-37ce7bc6487f,F,0,white,0,nonhispanic,0
441,8532,1996,10,5,,8527,0,441,,,42c59bc6-09f4-458a-8327-b18d80941c2f,F,0,white,0,nonhispanic,0
442,8507,1936,4,26,,8527,0,442,,,39f406b2-1b97-40c7-9b35-1748e15a52f3,M,0,white,0,nonhispanic,0
443,8532,2018,4,24,,8527,0,443,,,fa510bb1-339e-4757-b292-cc426dbd4701,F,0,white,0,nonhispanic,0
444,8532,1975,11,30,,8527,0,444,,,9f7711d5-bed2-45dc-ba1b-c77547bee8c8,F,0,white,0,nonhispanic,0
445,8507,2011,12,1,,8527,0,445,,,4243cb07-d94f-4a24-9c7a-622d3ed413d8,M,0,white,0,nonhispanic,0
446,8507,2019,7,15,,8527,0,446,,,e2b8ad27-6207-4cac-8a6c-3ccc8342671a,M,0,white,0,nonhispanic,0
447,8532,1988,8,14,,8527,0,447,,,750a5fd1-d06e-42b3-a642-bd790c87b890,F,0,white,0,nonhispanic,0
448,8532,2004,3,15,,8527,0,448,,,996bac0d-c025-4adc-81cd-14752175c23a,F,0,white,0,nonhispanic,0
449,8532,2018,11,28,,8527,0,449,,,b3a4cb78-e01a-4673-84bb-24e08c8e9626,F,0,white,0,nonhispanic,0
450,8507,1973,9,14,,8527,0,450,,,b294b4d8-735a-450b-a624-806d04f1b590,M,0,white,0,nonhispanic,0
451,8507,2018,12,4,,8527,0,451,,,a8fa6903-b986-459f-9b48-7e1ed57c33dc,M,0,white,0,nonhispanic,0
452,8507,1943,12,1,,8527,0,452,,,3c70a77f-c06a-4cf6-a999-6234cf013816,M,0,white,0,nonhispanic,0
453,8507,1971,12,17,,8527,0,453,,,13038f46-02d2-48d4-99b6-cfd7301ee24c,M,0,white,0,nonhispanic,0
454,8507,1963,6,19,,8527,0,454,,,b2fa11c6-9a35-49c4-a154-5b35d66d4d3d,M,0,white,0,nonhispanic,0
455,8507,1966,8,19,,8527,0,455,,,6270985f-8e43-4ff4-ac9a-cd271cd89471,M,0,white,0,nonhispanic,0
456,8532,1981,7,13,,8527,0,456,,,a485019f-1bdf-4030-a6da-d8f41ca2bb42,F,0,white,0,nonhispanic,0
457,8507,1983,9,19,,8527,0,457,,,4e0deb5d-37f6-4712-a9eb-9bbcfb4e16d1,M,0,white,0,nonhispanic,0
458,8532,1986,7,29,,8527,0,458,,,c068ba67-9681-41fa-b211-ba4c99671ea4,F,0,white,0,nonhispanic,0
459,8507,1976,12,3,,8527,0,459,,,617b9f64-b817-4cd5-8ab1-429f441045fb,M,0,white,0,nonhispanic,0
460,8507,1984,4,2,,8527,0,460,,,e5cf68ee-74f0-4ede-bfdb-9f1222b2396c,M,0,white,0,nonhispanic,0
461,8507,1953,12,15,,8527,0,461,,,a7138584-ea76-489e-9cab-161fe5de7312,M,0,white,0,nonhispanic,0
462,8507,2019,2,5,,8527,0,462,,,ab1a5ee2-0195-4d45-b89a-caadfc4302ee,M,0,white,0,nonhispanic,0
463,8507,1936,12,6,,8527,0,463,,,4e80e804-6d1b-4c77-bc74-b704742049d6,M,0,white,0,nonhispanic,0
464,8532,2000,9,20,,8527,0,464,,,706f5caf-13e4-46c7-8483-a0837b292821,F,0,white,0,nonhispanic,0
465,8532,1991,9,9,,8527,0,465,,,8db3d15f-2be0-4baa-99a4-fae739d36fe9,F,0,white,0,nonhispanic,0
466,8507,1974,10,3,,8527,0,466,,,20ff78e9-e277-40c8-b4af-ff28b7c110e1,M,0,white,0,nonhispanic,0
467,8507,1976,2,11,,8527,0,467,,,b99fa6e3-6fa4-487a-9db7-e43a0352adc6,M,0,white,0,nonhispanic,0
468,8507,1943,12,1,,8527,0,468,,,26543f16-749d-40f8-8e11-9c31aa6a89cc,M,0,white,0,nonhispanic,0
469,8532,1993,5,16,,8527,0,469,,,1769d759-0480-4627-bd78-dba72edb7354,F,0,white,0,nonhispanic,0
470,8507,1958,8,1,,8527,0,470,,,b4ada774-edc0-4080-aee7-a14558801e46,M,0,white,0,nonhispanic,0
471,8532,1993,4,25,,8527,0,471,,,9de2b06e-4273-4d35-b865-134c21b28faa,F,0,white,0,nonhispanic,0
472,8532,1993,9,1,,8527,0,472,,,9469fc1b-c055-4abc-9b94-31ce8012d5ae,F,0,white,0,nonhispanic,0
473,8507,2019,8,28,,8527,0,473,,,68652c57-a10a-4036-a48c-64cc43e5914b,M,0,white,0,nonhispanic,0
474,8532,2015,5,16,,8527,0,474,,,ca8af4b0-4bde-442f-b5d5-cf54add98416,F,0,white,0,nonhispanic,0
475,8532,2003,9,19,,8527,0,475,,,e5d7fdb4-9664-4f7c-bc8c-acbfc9a0294c,F,0,white,0,nonhispanic,0
476,8507,2010,4,26,,8527,0,476,,,bee2a214-72cc-4a95-b0cd-b3027c1eccd7,M,0,white,0,nonhispanic,0
477,8532,2008,2,29,,8527,0,477,,,e7808dac-0c3b-4fae-bb0e-c29bf6f8b400,F,0,white,0,nonhispanic,0
478,8507,1946,10,7,,8527,0,478,,,dc2bc53c-5265-4ebb-b4d9-048d01aba8dd,M,0,white,0,nonhispanic,0
479,8532,2011,5,9,,8527,0,479,,,ffab0e71-1970-421c-b539-e395c3e2e333,F,0,white,0,nonhispanic,0
480,8507,1936,12,6,,8527,0,480,,,9f163ee3-2c4c-4a9f-b9bd-b8f6549530a4,M,0,white,0,nonhispanic,0
481,8532,1979,3,16,,8527,0,481,,,694a02e8-00d1-41db-b63d-082e732371db,F,0,white,0,nonhispanic,0
482,8532,1951,9,12,,8527,0,482,,,df7dc4f2-f51e-4af6-bcb4-0756c65ea62b,F,0,white,0,nonhispanic,0
483,8532,1951,10,3,,8527,0,483,,,f9c899e2-ace1-40e8-b7ea-aebae2929d1b,F,0,white,0,nonhispanic,0
484,8532,1965,4,28,,8527,0,484,,,69a8283a-9e8a-4e7d-a166-eeb58d343396,F,0,white,0,nonhispanic,0
485,8532,1992,5,18,,8527,0,485,,,89854b83-a46f-4baf-b29e-a45d975272ff,F,0,white,0,nonhispanic,0
486,8532,1968,5,21,,8527,0,486,,,1bd09768-59b4-414e-868d-2933b1a89873,F,0,white,0,nonhispanic,0
487,8532,1958,9,15,,8527,0,487,,,355c7814-82f8-4dd8-a1c1-28a0b019f199,F,0,white,0,nonhispanic,0
488,8507,1973,3,17,,8527,0,488,,,09d1a043-7155-4fff-965b-6821c5db6003,M,0,white,0,nonhispanic,0
489,8532,1943,5,14,,8527,0,489,,,3bf53301-9b08-4847-a48d-6f616d43b060,F,0,white,0,nonhispanic,0
490,8507,1978,9,8,,8527,0,490,,,35799836-9165-4d73-a863-6c674968082d,M,0,white,0,nonhispanic,0
491,8532,2014,7,20,,8527,0,491,,,15231875-ad9e-4af6-b43f-0aa2b337bc6a,F,0,white,0,nonhispanic,0
492,8507,1988,4,9,,8527,0,492,,,bab29a05-fcea-4e70-89ce-8bcbaf062330,M,0,white,0,nonhispanic,0
493,8507,1948,9,16,,8527,0,493,,,21df276c-cf9e-48fe-a255-4989a9126419,M,0,white,0,nonhispanic,0
494,8507,1964,12,31,,8527,0,494,,,8e0b1d8a-f40a-475b-889c-8f84cee6aa16,M,0,white,0,nonhispanic,0
495,8532,1997,2,4,,8527,0,495,,,c6b005de-9d50-4f7d-9511-1b6cf00eaf26,F,0,white,0,nonhispanic,0
496,8507,2001,12,3,,8527,0,496,,,823d3aba-c94d-4cc1-aaa8-95956b5a674a,M,0,white,0,nonhispanic,0
497,8532,1949,12,16,,8527,0,497,,,562b1b9e-55a2-4c7b-a7e9-6831c61968c0,F,0,white,0,nonhispanic,0
498,8507,1974,10,30,,8527,0,498,,,72d2768a-8a82-4455-a094-c8d4594b9c19,M,0,white,0,nonhispanic,0
499,8532,1939,4,29,,8527,0,499,,,ba92efe8-62db-4eca-b79d-ae0560d65475,F,0,white,0,nonhispanic,0
500,8532,2012,10,19,,8527,0,500,,,af074cee-57cb-46de-860a-0d01f31a82cf,F,0,white,0,nonhispanic,0
501,8507,1966,8,19,,8527,0,501,,,4f49fb9c-7f32-400d-a9ab-3e5d5edd2dad,M,0,white,0,nonhispanic,0
502,8507,1956,2,10,,8527,0,502,,,e805d1d6-f808-4f1a-884a-c2a24895d1e5,M,0,white,0,nonhispanic,0
503,8507,1964,4,22,,8527,0,503,,,c434396d-21f7-4f8f-a98a-6147d8d6c8ef,M,0,white,0,nonhispanic,0
504,8532,1981,10,11,,8527,0,504,,,0cd143ca-cdb6-4d6b-af9a-0474b4846923,F,0,white,0,nonhispanic,0
505,8532,1948,9,5,,8527,0,505,,,d6a0a360-9dd4-47ba-8f2d-5ef56ba89eee,F,0,white,0,nonhispanic,0
506,8532,1978,10,7,,8527,0,506,,,add505b6-a597-47f1-9d53-2121ef15fb5f,F,0,white,0,nonhispanic,0
507,8507,2016,10,28,,8527,0,507,,,7e8260af-adf2-4b1b-8b48-61560b00d385,M,0,white,0,nonhispanic,0
508,8532,2010,2,6,,8527,0,508,,,54c05c0c-9021-42c9-8adf-ca279dc360f3,F,0,white,0,nonhispanic,0
509,8532,1993,7,24,,8527,0,509,,,84bc278f-3b46-4597-a96b-7efd080bec81,F,0,white,0,nonhispanic,0
510,8507,1984,5,3,,8527,0,510,,,fa80a54c-4e95-4a4e-90c5-aa9d6cdede92,M,0,white,0,nonhispanic,0
511,8532,1956,7,24,,8527,0,511,,,2df5ac15-494c-40f4-a1f1-5aa58bc71da4,F,0,white,0,nonhispanic,0
512,8507,1955,8,1,,8527,0,512,,,8b1f5548-e60f-46bd-8d1d-54f5f247458f,M,0,white,0,nonhispanic,0
513,8507,1969,6,29,,8527,0,513,,,48aa3796-699d-4732-aad1-684fed7194fa,M,0,white,0,nonhispanic,0
514,8507,1966,10,12,,8527,0,514,,,c786250d-01f6-4940-8ccb-5e69d2112a8a,M,0,white,0,nonhispanic,0
515,8532,1939,4,29,,8527,0,515,,,47651b78-73e7-4014-94a2-964d5c779408,F,0,white,0,nonhispanic,0
516,8532,1949,6,6,,8527,0,516,,,48e22a6c-054e-44a1-8a6f-469e6c55195d,F,0,white,0,nonhispanic,0
