person_id,gender_concept_id,year_of_birth,month_of_birth,day_of_birth,birth_datetime,race_concept_id,ethnicity_concept_id,location_id,provider_id,care_site_id,person_source_value,gender_source_value,gender_source_concept_id,race_source_value,race_source_concept_id,ethnicity_source_value,ethnicity_source_concept_id
3614,8507,2010,8,24,,8527,0,3614,,,2053ad0f-5467-469f-ad6c-ecd1cc6b5b06,M,0,white,0,nonhispanic,0
3615,8532,2007,11,4,,8527,0,3615,,,aca2ab64-8cb7-4b83-9a56-33a201e743e0,F,0,white,0,nonhispanic,0
3616,8507,1998,1,30,,8527,0,3616,,,111cc950-30e2-49f4-940d-8770a5c83b36,M,0,white,0,nonhispanic,0
3617,8532,1993,2,7,,8527,0,3617,,,2dfe5220-11ed-4d2f-badf-5b0582937e7b,F,0,white,0,nonhispanic,0
3618,8507,1999,8,5,,8527,0,3618,,,3037f8f4-0180-4e20-ae00-d741349da3e9,M,0,white,0,nonhispanic,0
3619,8507,1993,7,2,,8527,0,3619,,,660cb3ee-f159-4a9a-99bb-8433f6d8b89e,M,0,white,0,nonhispanic,0
3620,8507,1993,9,13,,8527,0,3620,,,b7662cdb-7cbb-4ce6-b08c-9b1c5e0abc61,M,0,white,0,nonhispanic,0
3621,8507,2009,5,19,,8527,0,3621,,,f63efec3-8907-4f95-a8f3-8689fa6cd825,M,0,white,0,nonhispanic,0
3622,8507,2008,8,13,,8527,0,3622,,,5be4d6b8-5115-4d0f-9098-728ed2a3600d,M,0,white,0,nonhispanic,0
3623,8532,2004,1,7,,8527,0,3623,,,465b4e68-5920-4576-92f0-2ca978aaf5c6,F,0,white,0,nonhispanic,0
3624,8532,1976,6,9,,8527,0,3624,,,2c6c2c93-35bb-4664-b35a-96544ddb0c56,F,0,white,0,nonhispanic,0
3625,8507,1949,3,11,,8527,0,3625,,,b5b41456-ca06-474c-b6df-a8f69d69ca1b,M,0,white,0,nonhispanic,0
3626,8507,2016,8,4,,8527,0,3626,,,a5c02f2c-48a2-4293-86df-cfa00f4b0202,M,0,white,0,nonhispanic,0
3627,8507,1965,3,8,,8527,0,3627,,,4c3b23a6-5c9c-4161-a1b6-45af332ef228,M,0,white,0,nonhispanic,0
3628,8507,1957,5,17,,8527,0,3628,,,d481ddaa-9a44-45c0-bc3f-f6aeb62ce5c0,M,0,white,0,nonhispanic,0
3629,8532,1970,10,11,,8527,0,3629,,,bf01bf3b-41ba-4a99-9a7b-a4ec1bb6a641,F,0,white,0,nonhispanic,0
3630,8507,2004,8,19,,8527,0,3630,,,913c53ec-e099-4af9-a3ae-d619cd29c443,M,0,white,0,nonhispanic,0
3631,8507,1957,2,18,,8527,0,3631,,,b30b9031-fb72-4776-9ab6-141d11941043,M,0,white,0,nonhispanic,0
3632,8507,1943,8,22,,8527,0,3632,,,f6329eff-7901-4811-8084-014e2b401074,M,0,white,0,nonhispanic,0
3633,8507,2015,1,21,,8527,0,3633,,,343f7d0c-8890-4db4-9831-0ad08d757456,M,0,white,0,nonhispanic,0
3634,8507,1989,1,29,,8527,0,3634,,,6232072c-dc90-4066-b326-36ad4e53c0a6,M,0,white,0,nonhispanic,0
3635,8532,1947,10,11,,8527,0,3635,,,d66858cc-f084-4d8a-a7be-070aea9c2d32,F,0,white,0,nonhispanic,0
3636,8532,1946,6,11,,8527,0,3636,,,8a7796d9-13b8-4e0c-8caa-0643988ee9a8,F,0,white,0,nonhispanic,0
3637,8532,1978,7,24,,8527,0,3637,,,90b938d8-82ec-410d-8aa6-4b6dd04e8baf,F,0,white,0,nonhispanic,0
3638,8532,2018,12,31,,8527,0,3638,,,d94d803f-123b-4330-830e-55071bbabdec,F,0,white,0,nonhispanic,0
3639,8507,1957,2,18,,8527,0,3639,,,b6604f27-1d7a-4580-8804-f118e7a01f64,M,0,white,0,nonhispanic,0
3640,8507,1984,5,8,,8527,0,3640,,,c9a40721-f85d-4095-8fec-a90e57deb722,M,0,white,0,nonhispanic,0
3641,8532,1975,7,15,,8527,0,3641,,,bf45e276-9b5d-425a-9c18-f2a7d851a71d,F,0,white,0,nonhispanic,0
3642,8507,1987,5,31,,8527,0,3642,,,dc1b4a97-a320-4cfc-86cb-e8f66ba9ecd4,M,0,white,0,nonhispanic,0
3643,8532,1998,11,11,,8527,0,3643,,,1618ff78-e84f-49fd-a147-bc0b012ad183,F,0,white,0,nonhispanic,0
3644,8507,2009,7,2,,8527,0,3644,,,d4719cbd-3df5-4992-8e81-2321243e1f3c,M,0,white,0,nonhispanic,0
3645,8507,1999,12,29,,8527,0,3645,,,dd481c84-e145-4732-ab31-e4902e2b4dcb,M,0,white,0,nonhispanic,0
3646,8532,1990,4,13,,8527,0,3646,,,9760fb3c-2c2c-4ef1-a1e5-ec14a39af97c,F,0,white,0,nonhispanic,0
3647,8532,1963,2,27,,8527,0,3647,,,56869717-57c3-4306-9eb0-d49f82b0e145,F,0,white,0,nonhispanic,0
3648,8532,1977,5,2,,8527,0,3648,,,3be9d907-e86b-44db-924a-b4f6c89abfd2,F,0,white,0,nonhispanic,0
3649,8532,1948,4,14,,8527,0,3649,,,af131e97-7947-44d2-b47b-ea316d60af0b,F,0,white,0,nonhispanic,0
3650,8532,1966,3,12,,8527,0,3650,,,624cd8c6-7137-4571-abf7-d472ab49149e,F,0,white,0,nonhispanic,0
3651,8507,1993,9,3,,8527,0,3651,,,c967a8c6-30ae-4815-b009-93d6fcd512db,M,0,white,0,nonhispanic,0
3652,8507,1957,2,18,,8527,0,3652,,,00b895ad-9345-4229-9e27-f8ce3b93cb8b,M,0,white,0,nonhispanic,0
3653,8532,1945,8,25,,8527,0,3653,,,dab4c670-96da-4b91-989d-aafa6ab23d20,F,0,white,0,nonhispanic,0
3654,8507,1995,3,13,,8527,0,3654,,,1ca3bdeb-d057-4c5e-9676-e4240185d23a,M,0,white,0,nonhispanic,0
3655,8532,1970,1,4,,8527,0,3655,,,c88e63b0-4703-427b-8d28-4fe3c478d4d1,F,0,white,0,nonhispanic,0
3656,8532,1993,10,25,,8527,0,3656,,,e538b3c7-31f6-4ed8-a2e9-bfa72d3de684,F,0,white,0,nonhispanic,0
3657,8507,1953,3,2,,8527,0,3657,,,f2b36738-3f85-4f42-aa5b-50665a866e64,M,0,white,0,nonhispanic,0
3658,8532,1963,12,13,,8527,0,3658,,,3458df66-a6dd-4a58-9c0d-d5f2aede6721,F,0,white,0,nonhispanic,0
3659,8507,1965,9,9,,8527,0,3659,,,4b34efaa-27b5-4b0f-96db-7a9ee6e03929,M,0,white,0,nonhispanic,0
3660,8507,1994,1,29,,8527,0,3660,,,40530b17-0003-4e45-b6c1-44b428021770,M,0,white,0,nonhispanic,0
3661,8507,1986,10,16,,8527,0,3661,,,4c27b1da-91ad-4b23-af80-f326229e14fb,M,0,white,0,nonhispanic,0
3662,8507,2017,7,7,,8527,0,3662,,,e19b1f3d-33ce-45ab-9565-46673af5c840,M,0,white,0,nonhispanic,0
3663,8507,2013,2,15,,8527,0,3663,,,838d3674-841e-4e42-8805-467281f9fc1e,M,0,white,0,nonhispanic,0
3664,8532,1937,11,12,,8527,0,3664,,,8df7f72d-57ef-4dd8-8269-7b3774c0d736,F,0,white,0,nonhispanic,0
3665,8507,2008,8,11,,8527,0,3665,,,68960405-1565-4686-bbe4-889c3b1f836d,M,0,white,0,nonhispanic,0
3666,8507,1998,12,18,,8527,0,3666,,,5dd3153b-9360-4f27-a03e-06842cfbdede,M,0,white,0,nonhispanic,0
3667,8507,1961,8,18,,8527,0,3667,,,8ab18516-9056-4d16-a98d-7fa4d9900d48,M,0,white,0,nonhispanic,0
3668,8507,1953,10,5,,8527,0,3668,,,71db536c-fa6b-4004-8373-49c5968137f6,M,0,white,0,nonhispanic,0
3669,8532,1956,1,9,,8527,0,3669,,,6af97b25-66f5-4cc2-97e2-6512bc18c194,F,0,white,0,nonhispanic,0
3670,8532,1987,9,27,,8527,0,3670,,,609f77ef-3a65-43f3-a762-62534cc8baeb,F,0,white,0,nonhispanic,0
3671,8532,1946,11,3,,8527,0,3671,,,be2d4c70-6837-4ad3-9304-b44551da674d,F,0,white,0,nonhispanic,0
3672,8507,1991,6,18,,8527,0,3672,,,0da0d57d-1dce-45a6-93ef-e4ad3fc3fc78,M,0,white,0,nonhispanic,0
3673,8507,1975,10,22,,8527,0,3673,,,281c8c68-81bc-4a9a-bd81-46eede383a26,M,0,white,0,nonhispanic,0
3674,8507,2008,9,22,,8527,0,3674,,,5602b1b9-d976-4074-9e4c-748bb4d7b720,M,0,white,0,nonhispanic,0
3675,8507,1955,6,22,,8527,0,3675,,,671cb1f7-5296-4dd8-b624-5aa1266f6f36,M,0,white,0,nonhispanic,0
3676,8532,1990,7,11,,8527,0,3676,,,7c2f2673-2b5c-4f95-a3c6-4e57a0489b7b,F,0,white,0,nonhispanic,0
3677,8532,1956,1,9,,8527,0,3677,,,c47d29d8-b46c-42d7-99ca-5d84337410aa,F,0,white,0,nonhispanic,0
3678,8532,1981,7,11,,8527,0,3678,,,606ff21e-6cf2-4fed-8d3d-1d5c3b785219,F,0,white,0,nonhispanic,0
3679,8532,1966,3,26,,8527,0,3679,,,47716c0c-f72b-44bc-8417-53e1ef363c9f,F,0,white,0,nonhispanic,0
3680,8507,1977,8,3,,8527,0,3680,,,9f8b0fb5-5f69-4348-8e2f-9415d80dfd10,M,0,white,0,nonhispanic,0
3681,8532,1974,9,8,,8527,0,3681,,,4737b299-d96d-4e4b-94ee-34d6bbb7ab25,F,0,white,0,nonhispanic,0
3682,8532,1946,2,5,,8527,0,3682,,,2f03ed55-1c4c-4b30-aa57-58be4f4de003,F,0,white,0,nonhispanic,0
3683,8532,1992,11,8,,8527,0,3683,,,ba6b2c72-5692-495a-b733-f5d584d86af2,F,0,white,0,nonhispanic,0
3684,8507,1986,5,16,,8527,0,3684,,,e2bbc918-8647-48b9-8096-e46b13d2de1a,M,0,white,0,nonhispanic,0
3685,8532,1966,12,21,,8527,0,3685,,,5b7d803b-d0b9-4c28-bcb0-30ac72dc732a,F,0,white,0,nonhispanic,0
3686,8532,1946,4,17,,8527,0,3686,,,9248c732-880e-4d7a-816f-04f51d8b8bbe,F,0,white,0,nonhispanic,0
3687,8532,1986,4,16,,8527,0,3687,,,fc3a32c0-d647-4357-9271-3e3b42b36301,F,0,white,0,nonhispanic,0
3688,8532,2003,1,11,,8527,0,3688,,,8e247a7c-ab2c-425b-832b-bfdbfb3672dc,F,0,white,0,nonhispanic,0
3689,8532,1975,3,28,,8527,0,3689,,,8a0d7945-9e86-437e-916a-fbb7c24075f4,F,0,white,0,nonhispanic,0
3690,8507,1988,6,30,,8527,0,3690,,,a58b9a28-ed41-48df-9562-8dcbf9fc1df1,M,0,white,0,nonhispanic,0
3691,8507,1949,11,6,,8527,0,3691,,,5907e5df-85a8-44a9-a8b4-67b6e2c68bc3,M,0,white,0,nonhispanic,0
3692,8507,2005,4,14,,8527,0,3692,,,7f5996db-bc22-4577-825b-6fd6db752b4b,M,0,white,0,nonhispanic,0
3693,8532,1954,7,31,,8527,0,3693,,,87b6c55d-3993-4d89-bd55-01604ab28e14,F,0,white,0,nonhispanic,0
3694,8532,1950,9,24,,8527,0,3694,,,8bd4e779-78a0-47df-ae15-92c14e983dc4,F,0,white,0,nonhispanic,0
3695,8507,2004,8,18,,8527,0,3695,,,0f08e5ae-a63a-41e9-8de6-0a934317a68e,M,0,white,0,nonhispanic,0
3696,8532,1969,6,30,,8527,0,3696,,,61d2d6b7-0ccf-4f6b-be3f-4507d0e77083,F,0,white,0,nonhispanic,0
3697,8532,2006,2,19,,8527,0,3697,,,2cf20bd5-a8f9-4542-93f7-ad580b3053c3,F,0,white,0,nonhispanic,0
3698,8532,1978,9,24,,8527,0,3698,,,bd4a49f9-1eb9-4826-bb43-f90ebd879020,F,0,white,0,nonhispanic,0
3699,8507,1987,3,16,,8527,0,3699,,,04e6b14f-80a5-4066-a280-221a005dc81f,M,0,white,0,nonhispanic,0
3700,8507,1941,8,15,,8527,0,3700,,,67917f4b-7a22-4cf3-a039-7bf94af97135,M,0,white,0,nonhispanic,0
3701,8532,1995,9,7,,8527,0,3701,,,88ad043a-ddf8-4c0b-8c0a-7e9e67cb5865,F,0,white,0,nonhispanic,0
3702,8532,2019,4,4,,8527,0,3702,,,a1b86344-6ee6-4e9d-b696-bb9278130560,F,0,white,0,nonhispanic,0
3703,8507,1992,6,3,,8527,0,3703,,,1a99dd73-ebef-45a2-8b18-75fb02fe4b9a,M,0,white,0,nonhispanic,0
3704,8532,2010,6,26,,8527,0,3704,,,15b9845f-f3d5-4d9a-81c6-c44c7a1b15fb,F,0,white,0,nonhispanic,0
3705,8532,2006,4,25,,8527,0,3705,,,cf3ded4d-a9b0-48b7-bcac-7e3f8aba1419,F,0,white,0,nonhispanic,0
3706,8532,2012,9,18,,8527,0,3706,,,f73fb5c6-97d9-4fa5-8f3b-f646ebf684c8,F,0,white,0,nonhispanic,0
3707,8532,1985,12,17,,8527,0,3707,,,9d938a67-3d3e-4f86-9460-d113aaf47a92,F,0,white,0,nonhispanic,0
3708,8532,1953,6,13,,8527,0,3708,,,4c65415a-12a5-456e-8b0c-40b907deefd0,F,0,white,0,nonhispanic,0
3709,8507,1974,5,26,,8527,0,3709,,,e6307cdc-6a6b-4887-90a8-ba6196d25b54,M,0,white,0,nonhispanic,0
3710,8507,1969,7,20,,8527,0,3710,,,3fee0a79-1333-4b94-a981-6b41c6af19eb,M,0,white,0,nonhispanic,0
3711,8532,1993,3,8,,8527,0,3711,,,31db77b9-0be9-426d-925a-9b1eee93ddbf,F,0,white,0,nonhispanic,0
3712,8507,1950,10,19,,8527,0,3712,,,ae886ec8-6016-4cbe-ac39-c162d00cf26b,M,0,white,0,nonhispanic,0
3713,8532,1993,8,17,,8527,0,3713,,,5ed9d13c-b96b-4aae-8da9-d0e9ff42320d,F,0,white,0,nonhispanic,0
3714,8507,1987,5,1,,8527,0,3714,,,f75b7386-c301-4ea9-a7c0-62efe3d6ca34,M,0,white,0,nonhispanic,0
3715,8532,1978,3,11,,8527,0,3715,,,71f11caa-9e28-47ea-8ed1-b15029f2a5c3,F,0,white,0,nonhispanic,0
3716,8532,1972,10,1,,8527,0,3716,,,886faf4f-5b72-4801-9f15-14ceccdf5fac,F,0,white,0,nonhispanic,0
3717,8507,1941,8,15,,8527,0,3717,,,14dd8c31-65a7-4fe1-96aa-caaa7a56b3f7,M,0,white,0,nonhispanic,0
