person_id,gender_concept_id,year_of_birth,month_of_birth,day_of_birth,birth_datetime,race_concept_id,ethnicity_concept_id,location_id,provider_id,care_site_id,person_source_value,gender_source_value,gender_source_concept_id,race_source_value,race_source_concept_id,ethnicity_source_value,ethnicity_source_concept_id
3513,8507,2014,5,9,,8527,0,3513,,,d5862d2a-9111-4446-9845-b6bff161da3f,M,0,white,0,nonhispanic,0
3514,8507,2015,2,21,,8527,0,3514,,,69504d4b-f1b3-426e-a74a-e74fb4fbb08e,M,0,white,0,nonhispanic,0
3515,8532,2002,2,5,,8527,0,3515,,,a42f0444-20e2-4118-a893-3c24a539727f,F,0,white,0,nonhispanic,0
3516,8507,2001,1,12,,8527,0,3516,,,82880bec-d284-4e85-b161-127177f235c3,M,0,white,0,nonhispanic,0
3517,8532,1986,5,1,,8527,0,3517,,,19095155-8f89-41bd-83a7-de4b6f500ba9,F,0,white,0,nonhispanic,0
3518,8532,1995,12,4,,8527,0,3518,,,287a54f1-6070-44dc-9d00-8a2229e4df92,F,0,white,0,nonhispanic,0
3519,8532,1990,8,7,,8527,0,3519,,,75e39a7e-e088-428e-9aa3-6598a07a9d2a,F,0,white,0,nonhispanic,0
3520,8532,2002,12,11,,8527,0,3520,,,18427e64-0afc-4e54-8977-597a049f8804,F,0,white,0,nonhispanic,0
3521,8532,1996,8,18,,8527,0,3521,,,51378fff-06d2-4356-873d-316e769f364b,F,0,white,0,nonhispanic,0
3522,8532,2017,4,15,,8527,0,3522,,,6793db5a-c49f-4da2-bc1a-9526d574aff6,F,0,white,0,nonhispanic,0
3523,8532,1957,2,23,,8527,0,3523,,,0e08606d-11f9-4cb9-932e-25102aef79ea,F,0,white,0,nonhispanic,0
3524,8532,1963,12,23,,8527,0,3524,,,b16560e4-893f-4ee5-b8e9-544fe163d321,F,0,white,0,nonhispanic,0
3525,8507,1950,2,27,,8527,0,3525,,,b17ef59b-8597-4c55-a498-7f98e7be74a5,M,0,white,0,nonhispanic,0
3526,8507,1996,3,6,,8527,0,3526,,,8562a48b-1244-4105-982f-4cf0ef7585a0,M,0,white,0,nonhispanic,0
3527,8532,2018,6,29,,8527,0,3527,,,4fd7f6b1-2a25-40ad-9aa8-048242fef1aa,F,0,white,0,nonhispanic,0
3528,8507,1991,4,30,,8527,0,3528,,,9de1023a-dd1a-4eae-8f87-af6deb6666e0,M,0,white,0,nonhispanic,0
3529,8507,1968,12,26,,8527,0,3529,,,f9e9b3cd-e85e-4eb5-b05f-a94e569b65c8,M,0,white,0,nonhispanic,0
3530,8507,2002,2,3,,8527,0,3530,,,b042d650-909c-4c3f-b5b3-c986c8f5d024,M,0,white,0,nonhispanic,0
3531,8532,1972,5,22,,8527,0,3531,,,b4b15b23-5c5b-48b0-8b5e-09db42815b12,F,0,white,0,nonhispanic,0
3532,8507,2000,6,28,,8527,0,3532,,,bd5a9067-0ea3-422f-9cf5-78cfd38f3cb3,M,0,white,0,nonhispanic,0
3533,8532,1962,8,21,,8527,0,3533,,,b39c60c8-9542-4d1e-9481-e346940b77fc,F,0,white,0,nonhispanic,0
3534,8532,1937,7,2,,8527,0,3534,,,d501217d-6b7e-4299-8dc7-f157c8e7576e,F,0,white,0,nonhispanic,0
3535,8532,1982,4,16,,8527,0,3535,,,5549f12d-1038-45bc-81d2-fa1f93865986,F,0,white,0,nonhispanic,0
3536,8532,1979,2,6,,8527,0,3536,,,a7053889-a560-4b7a-ba02-73a3c233663f,F,0,white,0,nonhispanic,0
3537,8532,1958,1,6,,8527,0,3537,,,4e5cdc9e-99ab-4e93-8ef2-a19f10bdf5d4,F,0,white,0,nonhispanic,0
3538,8507,2001,10,31,,8527,0,3538,,,3f39f58a-aecc-44aa-a7f5-c167148cf78b,M,0,white,0,nonhispanic,0
3539,8532,2019,5,18,,8527,0,3539,,,9f2fb56f-73d7-4705-be92-4edf244b0477,F,0,white,0,nonhispanic,0
3540,8532,2007,4,25,,8527,0,3540,,,df8c79de-370b-4ea8-ace4-c5be4ab4efa4,F,0,white,0,nonhispanic,0
3541,8532,2006,1,26,,8527,0,3541,,,668a292b-a496-4840-84e1-dd86b2adbbec,F,0,white,0,nonhispanic,0
3542,8507,2006,3,8,,8527,0,3542,,,947ff0a4-b5b6-4eb1-a721-1676ef0dc7d3,M,0,white,0,nonhispanic,0
3543,8532,1998,1,25,,8527,0,3543,,,864af374-e41d-4b0f-8ee5-c7300de54891,F,0,white,0,nonhispanic,0
3544,8532,2004,6,26,,8527,0,3544,,,515bf876-7981-4107-9877-1d39d65833b8,F,0,white,0,nonhispanic,0
3545,8507,1984,7,21,,8527,0,3545,,,2be7b328-b55c-4f2a-87a3-d1c059f0e241,M,0,white,0,nonhispanic,0
3546,8507,2009,7,13,,8527,0,3546,,,18d4577c-20d4-4cc3-86a7-8040a1eebfa6,M,0,white,0,nonhispanic,0
3547,8507,2002,8,23,,8527,0,3547,,,855c9d31-1739-482a-8bd1-90488102c7b2,M,0,white,0,nonhispanic,0
3548,8532,1970,3,12,,8527,0,3548,,,76b06d5c-b9b2-48da-b434-c05eafd7ab81,F,0,white,0,nonhispanic,0
3549,8532,2016,4,29,,8527,0,3549,,,a7f621bb-3fff-410b-b438-71ad57bacd29,F,0,white,0,nonhispanic,0
3550,8507,1950,9,23,,8527,0,3550,,,6b10d7ce-622b-4c22-911c-619033ad615b,M,0,white,0,nonhispanic,0
3551,8532,1989,11,27,,8527,0,3551,,,7f8246f3-9fae-4037-8a91-a6b2da17b2ec,F,0,white,0,nonhispanic,0
3552,8507,2018,2,10,,8527,0,3552,,,faf72e41-553d-4137-9267-b8b74bf05fac,M,0,white,0,nonhispanic,0
3553,8507,2009,12,24,,8527,0,3553,,,ef143536-87c0-42c4-8df5-30b60efe9433,M,0,white,0,nonhispanic,0
3554,8507,1969,9,11,,8527,0,3554,,,47b76b1f-e3e2-4ed6-9bda-3b29678e3950,M,0,white,0,nonhispanic,0
3555,8507,1978,2,8,,8527,0,3555,,,7eb9b667-f105-468a-8edb-03c161f98f8c,M,0,white,0,nonhispanic,0
3556,8532,1955,1,11,,8527,0,3556,,,b675ff9b-c94d-42cb-bd1f-82a6a68109cc,F,0,white,0,nonhispanic,0
3557,8532,2005,8,26,,8527,0,3557,,,b49b8352-a283-4fdd-9dbc-7ad84a538ea3,F,0,white,0,nonhispanic,0
3558,8532,2014,9,28,,8527,0,3558,,,ea67a666-d0f0-4b7d-a668-07ad74b144ee,F,0,white,0,nonhispanic,0
3559,8532,1971,6,22,,8527,0,3559,,,a2156d24-088e-491c-82ca-5c6b91dcc35c,F,0,white,0,nonhispanic,0
3560,8532,1977,2,23,,8527,0,3560,,,c8373496-da99-47b6-aeba-ce06120415cd,F,0,white,0,nonhispanic,0
3561,8532,2009,3,28,,8527,0,3561,,,5541a023-00be-4ba8-85d5-cfbd4ecebf1e,F,0,white,0,nonhispanic,0
3562,8532,2005,3,27,,8527,0,3562,,,767926ef-f677-4b4f-9fb5-6187ecb26c17,F,0,white,0,nonhispanic,0
3563,8532,1933,5,17,,8527,0,3563,,,18a599ef-4f9f-4923-b2bd-fcf9cb4d1f77,F,0,white,0,nonhispanic,0
3564,8532,2006,4,5,,8527,0,3564,,,d918c5d5-7662-43d3-b6f2-59342a6837cb,F,0,white,0,nonhispanic,0
3565,8507,1978,10,2,,8527,0,3565,,,ca682ccd-14cc-46b8-8a49-a5487a47bea4,M,0,white,0,nonhispanic,0
3566,8532,1983,1,24,,8527,0,3566,,,9fa6f66e-10bd-483d-b238-982f58db2ff5,F,0,white,0,nonhispanic,0
3567,8532,1960,9,12,,8527,0,3567,,,eeb17f06-ac29-42c5-b5cc-dcd063844f0e,F,0,white,0,nonhispanic,0
3568,8532,1968,3,25,,8527,0,3568,,,f91c49fd-fc1d-43cc-b276-ccbc7ba18312,F,0,white,0,nonhispanic,0
3569,8507,1938,1,22,,8527,0,3569,,,43491f2f-388a-4017-a9b6-59cc6d5c496c,M,0,white,0,nonhispanic,0
3570,8532,2006,7,5,,8527,0,3570,,,25996bb3-a601-49a9-82eb-9b1e7b510ecd,F,0,white,0,nonhispanic,0
3571,8532,1943,10,28,,8527,0,3571,,,0d7dfa89-a8e8-4975-b122-9470f99356f5,F,0,white,0,nonhispanic,0
3572,8507,1966,12,30,,8527,0,3572,,,3dc3564a-eb79-44ac-9ed8-b88d888a0880,M,0,white,0,nonhispanic,0
3573,8507,2005,12,9,,8527,0,3573,,,4a15092f-1f84-4c88-bd1f-84626784359c,M,0,white,0,nonhispanic,0
3574,8532,2004,8,25,,8527,0,3574,,,4b86b2d9-b89d-4242-95e8-1393b66f4de3,F,0,white,0,nonhispanic,0
3575,8532,2015,3,9,,8527,0,3575,,,16d81a91-91d5-4587-bf2b-6adaf59c0df7,F,0,white,0,nonhispanic,0
3576,8507,2008,7,13,,8527,0,3576,,,a8c39284-14c5-4562-af3d-5a99045c4d0c,M,0,white,0,nonhispanic,0
3577,8532,1970,9,29,,8527,0,3577,,,72fa9d42-d972-4c23-905f-0178062e6aaa,F,0,white,0,nonhispanic,0
3578,8532,1988,1,12,,8527,0,3578,,,4d6a1e06-9c07-4dc8-b423-fa4d1a61ea45,F,0,white,0,nonhispanic,0
3579,8507,1994,8,23,,8527,0,3579,,,74cfc9a6-b7ae-4671-bc34-116536bb4834,M,0,white,0,nonhispanic,0
3580,8507,1987,1,9,,8527,0,3580,,,6fb063a2-2adf-4c1e-a913-97b1f7cd934e,M,0,white,0,nonhispanic,0
3581,8507,1989,10,5,,8527,0,3581,,,a508d158-424a-481e-88df-682199f98469,M,0,white,0,nonhispanic,0
3582,8532,1960,6,20,,8527,0,3582,,,ed148d8b-76a8-4511-acb3-d77314a1a7bc,F,0,white,0,nonhispanic,0
3583,8532,1982,6,29,,8527,0,3583,,,a9e587b6-fa5b-4cad-bdf5-8f48b87f5159,F,0,white,0,nonhispanic,0
3584,8532,1984,8,27,,8527,0,3584,,,b9765b9a-e5c5-4fb3-ab82-df1805fa17c8,F,0,white,0,nonhispanic,0
3585,8507,2010,5,5,,8527,0,3585,,,6b291957-8528-4597-9f1a-03b93c41691a,M,0,white,0,nonhispanic,0
3586,8507,1991,11,5,,8527,0,3586,,,16fa1809-02d1-455b-bf70-0f457b5fdf89,M,0,white,0,nonhispanic,0
3587,8507,1947,6,29,,8527,0,3587,,,211ae226-098c-4f62-a98e-c2e2ff4ae708,M,0,white,0,nonhispanic,0
3588,8532,2019,12,9,,8527,0,3588,,,61a1f7a2-ed1c-4394-9656-5aa55ddc6081,F,0,white,0,nonhispanic,0
3589,8532,1956,5,20,,8527,0,3589,,,b2de0025-25c9-4f45-b36a-b51d59f498b2,F,0,white,0,nonhispanic,0
3590,8532,1987,12,21,,8527,0,3590,,,a071ee49-fb83-44c9-8789-50d9d6d3d5c0,F,0,white,0,nonhispanic,0
3591,8507,2017,12,14,,8527,0,3591,,,351f4f9e-a9cd-468c-bceb-24a62dc18dab,M,0,white,0,nonhispanic,0
3592,8507,1989,12,15,,8527,0,3592,,,acfdac10-7417-43a0-a896-0e04cdc414ba,M,0,white,0,nonhispanic,0
3593,8507,1990,2,24,,8527,0,3593,,,5854ac1f-76df-45f1-b0c6-fa1f5564bb2c,M,0,white,0,nonhispanic,0
3594,8507,1988,5,4,,8527,0,3594,,,f778e5c6-64db-4d6b-b12b-26f2a3501a26,M,0,white,0,nonhispanic,0
3595,8532,2007,9,28,,8527,0,3595,,,5e2af29a-d29c-4dcc-8417-64387ab01992,F,0,white,0,nonhispanic,0
3596,8507,1981,2,22,,8527,0,3596,,,1732dd65-5501-4eb0-a748-eb4844d58a2b,M,0,white,0,nonhispanic,0
3597,8532,2008,6,4,,8527,0,3597,,,ffd4ab43-3406-400f-b1b1-eff87bc186fe,F,0,white,0,nonhispanic,0
3598,8507,1992,3,30,,8527,0,3598,,,c5aa214f-4675-41f3-a300-fb26da2f65f2,M,0,white,0,nonhispanic,0
3599,8507,1978,2,26,,8527,0,3599,,,1fcae05c-7f9f-4df3-b6ef-842bde45065e,M,0,white,0,nonhispanic,0
3600,8507,1983,10,12,,8527,0,3600,,,05d35501-8118-4058-b474-08eefed59e06,M,0,white,0,nonhispanic,0
3601,8507,1950,2,17,,8527,0,3601,,,541ae421-0466-4462-b322-f0ee8f709860,M,0,white,0,nonhispanic,0
3602,8507,1990,2,16,,8527,0,3602,,,71744751-1fb8-4ffc-b7b3-f796ad07bde3,M,0,white,0,nonhispanic,0
3603,8532,1995,11,8,,8527,0,3603,,,121ea6a8-e289-4527-b901-1f8f7311a149,F,0,white,0,nonhispanic,0
3604,8507,1981,6,13,,8527,0,3604,,,6f2f1e04-3e66-4d98-83e2-40e979ac91c7,M,0,white,0,nonhispanic,0
3605,8532,1968,10,10,,8527,0,3605,,,a733f889-e378-4d1d-8bc9-daf636251526,F,0,white,0,nonhispanic,0
3606,8532,1976,5,10,,8527,0,3606,,,444476ec-a956-49c3-9362-4e7f79dfc5d4,F,0,white,0,nonhispanic,0
3607,8532,1939,9,23,,8527,0,3607,,,d4e64a46-cd7c-4837-a83f-da55f96b4fa2,F,0,white,0,nonhispanic,0
3608,8507,1990,2,16,,8527,0,3608,,,06817b4f-144e-40da-89f9-c730d7280006,M,0,white,0,nonhispanic,0
3609,8532,1991,2,5,,8527,0,3609,,,583363cd-6b50-4f17-8841-3ceb85deb0cd,F,0,white,0,nonhispanic,0
3610,8507,1971,11,7,,8527,0,3610,,,fd7f9119-3a23-49ad-855f-6b27724306e2,M,0,white,0,nonhispanic,0
3611,8507,1966,9,4,,8527,0,3611,,,1fe72adc-1a06-4e98-a1bf-6922169cc2db,M,0,white,0,nonhispanic,0
3612,8507,1968,5,7,,8527,0,3612,,,753ac6d6-087f-4f24-a433-ce819267fad9,M,0,white,0,nonhispanic,0
3613,8532,1947,11,30,,8527,0,3613,,,9116faeb-9b40-47ea-8dd3-e3e9be7b2ef4,F,0,white,0,nonhispanic,0
