location_id,address_1,address_2,city,state,zip,county,location_source_value
3205,263 Olán Katu,,Raasepori,Uusimaa,10320,Raasepori,1b34d0df-67bc-441b-a390-73b69338db5b
3206,1013 Kuja-Penttilä Katu Unit 51,,Helsinki,Uusimaa,00910,Helsinki,bcbe7dd2-b760-4842-a143-957a3b85b215
3207,516 Niilola Katu,,Helsinki,Uusimaa,00790,Helsinki,b709b623-cf70-45b3-a46f-6126e324dd92
3208,253 Kielinen Katu,,Helsinki,Uusimaa,00970,Helsinki,d3205dd6-7a95-47cb-a94e-b6a718c9447f
3209,456 Sonkajärvi Katu,,Helsinki,Uusimaa,00390,Helsinki,53624d76-f53f-4200-8efa-baa2b25b6793
3210,299 Ena Katu,,Helsinki,Uusimaa,00600,Helsinki,cda4a5e0-930e-42b2-a9e5-423024dc5cd1
3211,611 Olkkola Katu,,Espoo,Uusimaa,02860,Espoo,022b43fb-ec21-4584-9044-bc5d96887446
3212,571 Saijonkivi Katu Apt 98,,Helsinki,Uusimaa,00590,Helsinki,28ea7263-ebdb-4382-a4bc-e965b52d01b8
3213,693 Kuivalainen Katu Suite 52,,Kirkkonummi,Uusimaa,02390,Kirkkonummi,ad6e2fc9-d956-438d-a924-f47566f1fab2
3214,848 Powell Katu,,Helsinki,Uusimaa,00530,Helsinki,7b94b7b7-a77e-4146-9882-4f853da7cae8
3215,841 Märijärvi Katu Suite 22,,Helsinki,Uusimaa,00360,Helsinki,7e615fa3-6eb2-4e0c-bfb0-42c06b1517be
3216,832 Jerkku Katu Apt 0,,Helsinki,Uusimaa,00590,Helsinki,81ac7f1a-74d7-47f1-9829-fc6a4f7aa683
3217,511 Mölläri Katu,,Vantaa,Uusimaa,01770,Vantaa,588a59c9-2abf-4917-be00-f4e4efd92218
3218,602 Raistakka Katu,,Helsinki,Uusimaa,00800,Helsinki,918f6785-c828-4f39-bf84-1c1c0d011c61
3219,128 Ahti Katu Apt 23,,Espoo,Uusimaa,02740,Espoo,88e264ba-9645-4ae7-bc1f-e8b6ff46b8ae
3220,610 Lerto Katu Unit 20,,Espoo,Uusimaa,02780,Espoo,23d9fe83-7a59-484d-a059-f6e34eee48c4
3221,549 Nysten Katu,,Pornainen,Uusimaa,07170,Pornainen,e7e2e9f9-e9c8-452a-ada0-75d946471cef
3222,267 Villanen Katu,,Vantaa,Uusimaa,01670,Vantaa,f4c4c087-062a-4ed2-bb09-b2dbf28ef656
3223,562 Päljänoja Katu Unit 94,,Lohja,Uusimaa,09810,Lohja,50e6406b-f754-4305-8a19-c9bb4c535d8c
3224,449 Kamppila Katu,,Nurmijärvi,Uusimaa,01830,Nurmijärvi,2f5ea61d-1570-4962-b392-66cdf51575c0
3225,656 Pruikkonen Katu Unit 74,,Nurmijärvi,Uusimaa,05250,Nurmijärvi,36cbef4c-ff2d-415c-b0e2-baf2a3a03adb
3226,981 Boholm Katu Unit 11,,Helsinki,Uusimaa,00510,Helsinki,d60a796a-541c-4985-bd92-2be81fc92798
3227,619 Kaikko Katu Unit 96,,Espoo,Uusimaa,02270,Espoo,136b7cd2-4021-4473-a309-49c5b3c1bf4b
3228,493 Brunner Katu Suite 10,,Lohja,Uusimaa,08350,Lohja,11050aa6-9ae3-4ad6-b2d9-0bf85a64aa9e
3229,114 Portti Katu Unit 62,,Helsinki,Uusimaa,00950,Helsinki,7f00f576-6af5-4eae-8902-baa6683c3b06
3230,636 Hopponen Katu Apt 87,,Helsinki,Uusimaa,00410,Helsinki,c85465c4-a397-497d-aa7e-3503cb2c9360
3231,617 Nyblin Katu Suite 23,,Raasepori,Uusimaa,10350,Raasepori,12734685-aa59-4bdc-9197-a28cad7d21db
3232,859 Tuuttu Katu Suite 77,,Tuusula,Uusimaa,04350,Tuusula,f935adb8-60aa-4781-a15d-ccd7e9b13a89
3233,443 Isokuortti Katu,,Vantaa,Uusimaa,01660,Vantaa,99454502-6e7c-438e-81df-7d2027b0cca9
3234,528 Vataja Katu,,Espoo,Uusimaa,02810,Espoo,3110ba7c-eee2-42fa-a18a-ced7a03c00f3
3235,978 Lindegren Katu Unit 59,,Vihti,Uusimaa,03220,Vihti,de7b707e-aff6-4ac3-96f4-734c8241e15e
3236,489 Tammiluoma Katu,,Helsinki,Uusimaa,00310,Helsinki,66e43cc9-e27e-4a48-8b4a-526b9fb16ac5
3237,662 Eliasson Katu,,Helsinki,Uusimaa,00820,Helsinki,a2b47b3f-51ef-4b0f-b225-894bbcb27b69
3238,131 Kiviaho Katu,,Espoo,Uusimaa,02360,Espoo,6980418f-25bc-4935-b2f8-af66efdeaa60
3239,139 Huhtilainen Katu Apt 83,,Espoo,Uusimaa,02780,Espoo,4f054992-6f1c-44ea-b7a4-b2ee132e07de
3240,995 Toppi Katu,,Helsinki,Uusimaa,00190,Helsinki,4dd977c2-02e5-4370-b426-f8f11fb56c55
3241,407 King Katu Apt 4,,Järvenpää,Uusimaa,04400,Järvenpää,0c5dc20a-643e-4dc3-92af-19420e4bc00b
3242,261 Palokari Katu,,Helsinki,Uusimaa,00510,Helsinki,1bf45ed1-d4aa-43fa-a029-947378b6a3a2
3243,732 Kleimola Katu Suite 98,,Vantaa,Uusimaa,01720,Vantaa,077a581a-d426-4095-88c0-318c7a909f81
3244,278 Majapuro Katu,,Kerava,Uusimaa,04260,Kerava,f854ccb6-2cb8-41d9-b4ce-d8bc0f8883da
3245,151 Woods Katu Apt 70,,Vantaa,Uusimaa,01600,Vantaa,88c51ce2-a711-4617-bdf6-ceb2428cf436
3246,169 Lassenius Katu Suite 17,,Vantaa,Uusimaa,01770,Vantaa,33c6b76d-5a90-4fff-8b7c-535b0da9fcc2
3247,985 Hannolainen Katu Unit 50,,Vantaa,Uusimaa,01510,Vantaa,f9c2dbb0-2ebe-4d84-a4bd-91b23cc26dd1
3248,638 Sahlstén Katu Apt 89,,Espoo,Uusimaa,02320,Espoo,9fb2001c-12fb-454a-b37a-0ac5030f77b3
3249,219 Jäkkö Katu,,Helsinki,Uusimaa,00370,Helsinki,95158520-0c4a-484e-a53d-27bffe1ef87e
3250,565 Huotari Katu,,Nurmijärvi,Uusimaa,01900,Nurmijärvi,d1c9ae2c-593b-427f-b349-0cee781dc835
3251,138 Mannersuo Katu,,Helsinki,Uusimaa,00240,Helsinki,90620044-2007-439f-813e-67c642d2d9b9
3252,231 Sirola Katu Unit 74,,Vantaa,Uusimaa,01420,Vantaa,d9e79a96-671a-43de-9957-e0f57c4c68c2
3253,311 Keinonen Katu,,Helsinki,Uusimaa,00320,Helsinki,23fd1e19-ac5a-4cd1-b9b4-84e2b3e24d2e
3254,1063 Virtaniemi Katu Apt 13,,Kerava,Uusimaa,04230,Kerava,902e1e77-8c35-4495-b87f-6387f54e20bb
3255,843 Tervakoski Katu,,Nurmijärvi,Uusimaa,05250,Nurmijärvi,67b8c7f9-231d-4a2e-b908-6355279f938b
3256,742 Tammivuori Katu,,Nurmijärvi,Uusimaa,01940,Nurmijärvi,d15507f1-9635-468b-bf29-513a331bcb0e
3257,520 Kukonlehto Katu,,Helsinki,Uusimaa,00800,Helsinki,4c659d55-d0dd-41e3-8c94-fe84fa473076
3258,784 Bondfolk Katu Apt 92,,Espoo,Uusimaa,02780,Espoo,578771d2-f0ee-4bab-8ed9-553d752d419a
3259,334 Vimpeli Katu,,Kirkkonummi,Uusimaa,02880,Kirkkonummi,2258ec27-60ce-4ff7-9afe-fef08c9c762f
3260,972 Jokila Katu,,Helsinki,Uusimaa,00410,Helsinki,48e24bbe-20d0-42cc-834d-c47d06311912
3261,617 Wiksten Katu Unit 8,,Helsinki,Uusimaa,00100,Helsinki,eca3ef1c-8cd3-417e-8ca7-d21f8156c12b
3262,913 Alajääski Katu Apt 33,,Mäntsälä,Uusimaa,04630,Mäntsälä,ca9ec9f7-3e39-4e63-9c22-d0aaac0737f8
3263,900 Korkiakoski Katu,,Mäntsälä,Uusimaa,04530,Mäntsälä,fb3a323e-30ea-4865-882c-b0f83e6ac7b7
3264,102 Svart Katu Suite 69,,Espoo,Uusimaa,02210,Espoo,58c71ccd-715e-49cf-8248-eab7bea5e080
3265,734 Leistiö Katu,,Helsinki,Uusimaa,00200,Helsinki,d27c22bd-3dd0-497e-83ae-254e6d034b8a
3266,803 Savolahti Katu,,Helsinki,Uusimaa,00580,Helsinki,2d43ffe7-f41d-49e4-b1cf-f280c97bf80c
3267,847 Lapola Katu Apt 45,,Helsinki,Uusimaa,00720,Helsinki,7bf89b60-5b4e-4ced-a320-9221a2f5a27d
3268,610 Antosalo Katu Unit 99,,Lohja,Uusimaa,03850,Lohja,3d8d9cb2-ab87-48f6-9977-5a858e7378c9
3269,141 Palkivaara Katu,,Kirkkonummi,Uusimaa,02460,Kirkkonummi,cb468a96-c7df-4bcd-aee1-f4c9704b952a
3270,917 Hanhimäki Katu,,Espoo,Uusimaa,02140,Espoo,fb358a76-4b68-4909-9c40-91b4b222c029
3271,593 Ananin Katu Apt 40,,Helsinki,Uusimaa,00810,Helsinki,0235ca37-02bb-490c-84ae-5c9fe54caae2
3272,347 Hautajärvi Katu,,Helsinki,Uusimaa,00260,Helsinki,334159ed-7241-4101-9df4-157803182b23
3273,326 Kenttämies Katu Unit 71,,Helsinki,Uusimaa,00430,Helsinki,a586ebe4-56ed-4e5a-bbb7-60e92af55cf1
3274,494 Järf Katu,,Helsinki,Uusimaa,00380,Helsinki,59b94df8-c17f-4c76-9ec5-4450a6bc8958
3275,939 Istolahti Katu,,Mäntsälä,Uusimaa,04600,Mäntsälä,17708f7e-48ec-4742-94c9-7c62348651bc
3276,309 Uuspelto Katu,,Hyvinkää,Uusimaa,05860,Hyvinkää,65d29e2d-6f65-45c0-bd2f-35f3a0251a60
3277,376 Koivuaho Katu Apt 39,,Helsinki,Uusimaa,00770,Helsinki,e5a962d9-249d-459b-b861-bd7076926918
3278,123 Hannunkivi Katu,,Helsinki,Uusimaa,00730,Helsinki,bfb8d497-6bcd-4994-8623-67bd732602d6
3279,997 Jäntti Katu Unit 7,,Helsinki,Uusimaa,00510,Helsinki,c784e93d-940e-4a7c-9282-ad1cc2077861
3280,668 Kajasviita Katu Unit 12,,Espoo,Uusimaa,02290,Espoo,4387c8b1-06aa-41a2-960b-e3fcf72037bf
3281,334 Könnö Katu Unit 67,,Vantaa,Uusimaa,01770,Vantaa,96afce9e-192c-43bb-b547-fb0633a25b61
3282,1050 Kojonen Katu Suite 78,,Järvenpää,Uusimaa,04460,Järvenpää,bd1a5653-d465-400e-9d26-e718aa025df9
3283,665 Talman Katu Unit 32,,Kerava,Uusimaa,04260,Kerava,ce2edea1-7888-478a-af4c-09f7e3b903b6
3284,579 Linnanto Katu Unit 14,,Espoo,Uusimaa,02810,Espoo,c5bf7196-edaf-4762-82b4-b375d3fb02eb
3285,979 Harhala Katu Unit 55,,Helsinki,Uusimaa,00550,Helsinki,0dd0f74c-89a7-4f8d-a185-f41e893d038c
3286,174 Kurittu Katu Apt 24,,Helsinki,Uusimaa,00230,Helsinki,3a0fb793-56ef-461d-8223-a2ddd53f6d16
3287,860 Laesvuori Katu,,Helsinki,Uusimaa,00860,Helsinki,37f053d6-2327-46bd-bfb7-3842ac1183f7
3288,339 Aitio Katu Unit 80,,Helsinki,Uusimaa,00740,Helsinki,3e7b5a08-4275-4e74-9fdd-078a3774abed
3289,103 Aarnikoivu Katu,,Vihti,Uusimaa,03430,Vihti,feb3c7f3-461e-4b15-9eb2-2958ec2c2bec
3290,146 Toukola Katu Suite 55,,Helsinki,Uusimaa,00610,Helsinki,193dff7d-85c9-4a44-9ed1-bcc90b451bcc
3291,200 Linervo Katu,,Nurmijärvi,Uusimaa,01830,Nurmijärvi,1246ce4f-9bc5-496e-a01a-c1437ecb3d67
3292,300 Reinilä Katu,,Helsinki,Uusimaa,00850,Helsinki,a658c696-065b-485a-9008-15a0f6ec8abc
3293,770 Rajaoja Katu Unit 10,,Helsinki,Uusimaa,00830,Helsinki,a585aa19-13f9-42f2-84ac-162998000aa9
3294,938 Tuomiaho Katu,,Espoo,Uusimaa,02760,Espoo,01dfc7b0-2db9-4aa2-99d5-545eceb4d852
3295,160 Valkeapää Katu,,Helsinki,Uusimaa,00760,Helsinki,8e66dd24-0f30-454c-8a37-d0cda24c2fd6
3296,810 Yliheljo Katu,,Espoo,Uusimaa,02660,Espoo,924982d9-bc33-4eb8-a778-f8d1cb3da57f
3297,974 Hauta Katu Unit 27,,Vantaa,Uusimaa,01260,Vantaa,f2307db3-782c-4d82-9ed1-ac122fd44f83
3298,725 Blomkvist Katu,,Espoo,Uusimaa,02170,Espoo,34061983-971a-4a0b-86f2-c570ab841dc1
3299,162 Sevola Katu Suite 69,,Espoo,Uusimaa,02820,Espoo,6b4a97d7-b998-4b54-a675-0ad8b28d32d9
3300,260 Matomäki Katu,,Helsinki,Uusimaa,00570,Helsinki,b4d68dd9-da3b-4c9b-883d-35dfc8be27df
3301,640 Vehkalampi Katu Apt 77,,Kirkkonummi,Uusimaa,02550,Kirkkonummi,934a2ac7-1dc6-4d4b-a790-0bb9e0f84614
3302,803 Saares Katu Unit 65,,Espoo,Uusimaa,02330,Espoo,3b74f653-55d7-4700-bd61-051ec03f1be8
3303,799 Ruuni Katu,,Helsinki,Uusimaa,00550,Helsinki,b55c93ea-a1d8-4700-afac-65ee3350fa92
3304,411 Chydenius Katu Suite 6,,Vantaa,Uusimaa,01390,Vantaa,91aa6d75-9eca-4892-93b9-4ae871470dd8
3305,178 Ranni Katu,,Helsinki,Uusimaa,00640,Helsinki,630b6839-5673-46e5-b6f9-d6ca40442347
3306,167 Harjanne Katu Suite 82,,Espoo,Uusimaa,02330,Espoo,8bcd5330-c883-4f30-88de-23aafca7b530
3307,749 Narkilahti Katu,,Hyvinkää,Uusimaa,05440,Hyvinkää,d6a2aadb-f5e0-4f1d-bb87-39514f60df0a
3308,1033 Kauno Katu,,Järvenpää,Uusimaa,04410,Järvenpää,f689bd93-5d5f-4af4-a3de-9d19a9aff5b8
