condition_occurrence_id,person_id,condition_concept_id,condition_start_date,condition_start_datetime,condition_end_date,condition_end_datetime,condition_type_concept_id,stop_reason,provider_id,visit_occurrence_id,visit_detail_id,condition_source_value,condition_source_concept_id,condition_status_source_value,condition_status_concept_id
1138,3442,321042,1982-07-01,,,,32020,0,,18055,0,410429000,410429000,,
1139,3442,0,1982-07-01,,,,32020,0,,18055,0,429007001,429007001,,
1140,3445,381316,2013-01-14,,,,32020,0,,18075,0,230690007,230690007,,
1141,3455,313217,1996-11-14,,,,32020,0,,18127,0,49436004,49436004,,
1142,3484,317576,2004-06-15,,,,32020,0,,18320,0,53741008,53741008,,
1143,3484,4329847,2018-05-29,,,,32020,0,,18331,0,22298006,22298006,,
1144,3484,0,2018-05-29,,,,32020,0,,18331,0,399211009,399211009,,
1145,3489,317576,1961-09-08,,,,32020,0,,18356,0,53741008,53741008,,
1146,3489,381316,2007-09-21,,,,32020,0,,18360,0,230690007,230690007,,
