person_id,gender_concept_id,year_of_birth,month_of_birth,day_of_birth,birth_datetime,race_concept_id,ethnicity_concept_id,location_id,provider_id,care_site_id,person_source_value,gender_source_value,gender_source_concept_id,race_source_value,race_source_concept_id,ethnicity_source_value,ethnicity_source_concept_id
3412,8507,2005,1,12,,8527,0,3412,,,227423d7-0bc6-48d5-922c-8781c31626c9,M,0,white,0,nonhispanic,0
3413,8507,1986,2,1,,8527,0,3413,,,3a55f821-ff49-46e8-a754-7a0470092f32,M,0,white,0,nonhispanic,0
3414,8507,2014,12,16,,8527,0,3414,,,9f824b41-cf8d-4083-b542-e28ebfe38c71,M,0,white,0,nonhispanic,0
3415,8507,1975,1,12,,8527,0,3415,,,886c9a78-7657-42f3-bec1-d141bac5e55c,M,0,white,0,nonhispanic,0
3416,8532,1969,8,26,,8527,0,3416,,,dd61d616-7c7b-45ce-9f05-76ce2ce148e6,F,0,white,0,nonhispanic,0
3417,8532,1989,2,11,,8527,0,3417,,,b473e2ca-6429-410c-b7fb-f628796ba9a6,F,0,white,0,nonhispanic,0
3418,8532,1964,8,5,,8527,0,3418,,,0548f5bf-ffc3-464d-af0f-94de6513ea97,F,0,white,0,nonhispanic,0
3419,8532,1994,2,21,,8527,0,3419,,,8f74d509-2133-4599-9846-f33a7b8ea2a5,F,0,white,0,nonhispanic,0
3420,8507,1950,5,17,,8527,0,3420,,,a1b290e2-9adb-40c7-8ce9-3ad31b5e6e41,M,0,white,0,nonhispanic,0
3421,8532,2008,10,21,,8527,0,3421,,,866dafb2-07dc-4e7a-a403-b60923adb758,F,0,white,0,nonhispanic,0
3422,8532,1993,10,24,,8527,0,3422,,,14f5d125-c4ea-4660-b1eb-eb4854d06b1c,F,0,white,0,nonhispanic,0
3423,8532,1948,11,27,,8527,0,3423,,,93ff0e60-77f1-44a9-9ffb-2355f4965725,F,0,white,0,nonhispanic,0
3424,8532,1988,1,21,,8527,0,3424,,,62bb68da-aec0-4755-9a32-783ccc7f4207,F,0,white,0,nonhispanic,0
3425,8532,1938,6,19,,8527,0,3425,,,56fc8222-df20-4a7d-88b4-7d6edf64dbdc,F,0,white,0,nonhispanic,0
3426,8532,1988,10,6,,8527,0,3426,,,ae8e2277-bfa8-4651-be2e-7c12d5208619,F,0,white,0,nonhispanic,0
3427,8532,2012,7,29,,8527,0,3427,,,a8c1d180-252f-4496-a541-aad6314f813b,F,0,white,0,nonhispanic,0
3428,8507,2019,12,30,,8527,0,3428,,,4593f5a9-6d42-4281-9c68-99a512326ce1,M,0,white,0,nonhispanic,0
3429,8532,2006,11,7,,8527,0,3429,,,52e915fb-db19-4b30-85a8-7e57f19825ef,F,0,white,0,nonhispanic,0
3430,8532,2014,9,22,,8527,0,3430,,,043b4d31-c98e-4d14-9e36-b60a8ae9b0fe,F,0,white,0,nonhispanic,0
3431,8507,2011,12,21,,8527,0,3431,,,97637b69-c217-48ed-b426-5e68f75d68ce,M,0,white,0,nonhispanic,0
3432,8532,1992,9,18,,8527,0,3432,,,340e2255-2bde-4e12-9ffa-d5db588779e1,F,0,white,0,nonhispanic,0
3433,8507,1971,6,25,,8527,0,3433,,,8953f246-c0b7-4246-8846-547c1ff7b535,M,0,white,0,nonhispanic,0
3434,8532,1994,2,25,,8527,0,3434,,,292d6f04-c743-4704-842e-4e98543c310d,F,0,white,0,nonhispanic,0
3435,8532,1958,1,6,,8527,0,3435,,,f0481fe5-ee44-4e59-929d-09a43e595d74,F,0,white,0,nonhispanic,0
3436,8507,1959,9,22,,8527,0,3436,,,0eb8443a-1697-4531-8023-b4c689c75212,M,0,white,0,nonhispanic,0
3437,8532,1961,6,30,,8527,0,3437,,,df336c32-6a07-47f7-aab1-86c87776a19c,F,0,white,0,nonhispanic,0
3438,8532,1984,3,19,,8527,0,3438,,,aeecd98a-6b23-4afa-8212-ff874636b353,F,0,white,0,nonhispanic,0
3439,8532,1995,5,23,,8527,0,3439,,,b8a417da-2147-4b7a-958a-1dd516d7ba40,F,0,white,0,nonhispanic,0
3440,8507,1945,2,11,,8527,0,3440,,,9ce5ae96-fb9d-460d-8f4f-a00cb2f80d32,M,0,white,0,nonhispanic,0
3441,8532,1985,3,12,,8527,0,3441,,,7bccc209-8ce1-4cb9-9de5-226e07e606a1,F,0,white,0,nonhispanic,0
3442,8532,1945,3,29,,8527,0,3442,,,d0518c90-b9a6-4ab9-b2be-ef8b557c3560,F,0,white,0,nonhispanic,0
3443,8532,1993,1,5,,8527,0,3443,,,cc111a5e-5781-4c3f-9cc6-b78ed2d9c147,F,0,white,0,nonhispanic,0
3444,8532,1988,5,12,,8527,0,3444,,,f78c5100-7f15-4ff0-8166-1943956623e3,F,0,white,0,nonhispanic,0
3445,8507,1980,4,7,,8527,0,3445,,,efc5c24b-5361-4c02-8e92-c1de3cc6e95f,M,0,white,0,nonhispanic,0
3446,8507,1976,10,3,,8527,0,3446,,,342a6ffb-52fe-44bc-9fd4-811d3c0d02b2,M,0,white,0,nonhispanic,0
3447,8507,1968,6,18,,8527,0,3447,,,f17e9734-1464-48e3-84c9-2db8ce59b1e6,M,0,white,0,nonhispanic,0
3448,8532,1981,4,17,,8527,0,3448,,,fb3f928b-c7ca-4bb7-9274-b0e2a1ce2e8a,F,0,white,0,nonhispanic,0
3449,8532,1985,4,19,,8527,0,3449,,,632b8e5d-0561-4650-8e10-a91df9c07d55,F,0,white,0,nonhispanic,0
3450,8507,1982,12,14,,8527,0,3450,,,86371ba3-8ba2-4ed2-af80-cde573d99878,M,0,white,0,nonhispanic,0
3451,8532,1977,10,14,,8527,0,3451,,,35408a74-6fe0-48b5-b8e7-47c02dbf7470,F,0,white,0,nonhispanic,0
3452,8507,1997,3,29,,8527,0,3452,,,cd81032a-0985-4971-afe1-189c762fd31c,M,0,white,0,nonhispanic,0
3453,8507,1982,6,24,,8527,0,3453,,,9a00c668-b124-422e-98d8-70fa0e877a71,M,0,white,0,nonhispanic,0
3454,8532,2016,9,16,,8527,0,3454,,,b1e6e3f0-30cd-4086-a541-e093a0747020,F,0,white,0,nonhispanic,0
3455,8532,1912,5,2,,8527,0,3455,,,ebdd1a98-1d4a-48f7-a588-be7652355b7c,F,0,white,0,nonhispanic,0
3456,8532,1968,1,29,,8527,0,3456,,,e596cb2a-de45-4270-92a4-a54195726ce2,F,0,white,0,nonhispanic,0
3457,8532,2003,7,12,,8527,0,3457,,,7edb7006-fe43-4052-85b3-272426fdf237,F,0,white,0,nonhispanic,0
3458,8507,1977,4,27,,8527,0,3458,,,7ac3fd02-bed2-4b80-8410-596331a9de4f,M,0,white,0,nonhispanic,0
3459,8532,1989,12,18,,8527,0,3459,,,9f6e27e3-ebb9-4fbb-95d4-c09d75608aaf,F,0,white,0,nonhispanic,0
3460,8532,2019,6,25,,8527,0,3460,,,6d1751be-892d-4b68-a1ef-a6c8ed941df1,F,0,white,0,nonhispanic,0
3461,8532,1970,11,14,,8527,0,3461,,,006cee55-b485-48d5-9f3d-785dd36f0898,F,0,white,0,nonhispanic,0
3462,8532,1947,12,9,,8527,0,3462,,,6a020f8f-d5f6-4700-a8d3-a23761dfc3eb,F,0,white,0,nonhispanic,0
3463,8507,2004,12,16,,8527,0,3463,,,ab10870b-b20d-4659-9f5e-239cd1292680,M,0,white,0,nonhispanic,0
3464,8532,1983,6,5,,8527,0,3464,,,a68224c0-6499-42c1-90fd-ab1e2d1c7622,F,0,white,0,nonhispanic,0
3465,8532,1937,3,28,,8527,0,3465,,,5a99a904-c0e8-48a7-a49c-25664191151c,F,0,white,0,nonhispanic,0
3466,8532,2001,8,2,,8527,0,3466,,,f8847eb6-73a7-418b-8d13-13a72bc70ede,F,0,white,0,nonhispanic,0
3467,8532,1937,9,15,,8527,0,3467,,,0cf15f8c-2bbc-44bc-b2d9-42e0d55da3e7,F,0,white,0,nonhispanic,0
3468,8532,1992,11,2,,8527,0,3468,,,c3fb7e3a-5763-48eb-9051-f5f51fae08dd,F,0,white,0,nonhispanic,0
3469,8532,1976,10,22,,8527,0,3469,,,2a5bf28e-c29a-4769-9613-28397a68b6f6,F,0,white,0,nonhispanic,0
3470,8507,1967,10,11,,8527,0,3470,,,51a48999-be06-4dae-800f-9a0b29188a2a,M,0,white,0,nonhispanic,0
3471,8532,1967,5,11,,8527,0,3471,,,d20ef3ac-7aba-48cb-8ea8-0abcdf19a5ad,F,0,white,0,nonhispanic,0
3472,8507,2014,12,3,,8527,0,3472,,,040cbebf-676e-4da4-8c3d-e9621260b79e,M,0,white,0,nonhispanic,0
3473,8532,1985,4,30,,8527,0,3473,,,02940c31-1c78-4cf3-83f2-9ca131652af9,F,0,white,0,nonhispanic,0
3474,8507,1999,1,13,,8527,0,3474,,,08ab0f01-de50-41be-aee4-03e429773344,M,0,white,0,nonhispanic,0
3475,8507,2017,11,11,,8527,0,3475,,,0d9d703b-c3b7-47b6-8888-330ad9beec76,M,0,white,0,nonhispanic,0
3476,8532,1984,12,27,,8527,0,3476,,,6b7ef4e2-8291-4bf3-8898-7abc61215025,F,0,white,0,nonhispanic,0
3477,8532,1979,9,5,,8527,0,3477,,,ef7f3fff-4f15-4ba8-9b43-939e558264d5,F,0,white,0,nonhispanic,0
3478,8507,1987,3,11,,8527,0,3478,,,51fe4c75-f40f-418a-93f1-f319752d6ba7,M,0,white,0,nonhispanic,0
3479,8507,1997,3,9,,8527,0,3479,,,06469d6a-3a36-4041-8ceb-1e479a27cc11,M,0,white,0,nonhispanic,0
3480,8532,1976,12,22,,8527,0,3480,,,aac41d4a-5b06-4667-a8dc-39f773c88d74,F,0,white,0,nonhispanic,0
3481,8532,1964,4,6,,8527,0,3481,,,01d32747-d6ad-4df5-acf9-6e65778c3c34,F,0,white,0,nonhispanic,0
3482,8532,2016,12,27,,8527,0,3482,,,8a4a42df-fa8a-4546-978e-8afa4af809b9,F,0,white,0,nonhispanic,0
3483,8532,1983,11,15,,8527,0,3483,,,1219015d-ddaf-490d-b94c-98265ccfc11a,F,0,white,0,nonhispanic,0
3484,8507,1939,3,21,,8527,0,3484,,,1c7f0989-9d31-4260-984e-3c815e684c0c,M,0,white,0,nonhispanic,0
3485,8532,1994,8,27,,8527,0,3485,,,3b2585c2-94c4-46ad-b20a-401cfb35541e,F,0,white,0,nonhispanic,0
3486,8507,1947,6,12,,8527,0,3486,,,0875e972-a82d-4a62-bc4f-bc17a5590567,M,0,white,0,nonhispanic,0
3487,8532,1985,5,11,,8527,0,3487,,,0e5333ce-3e0a-4a82-a4e2-0b198c1342e3,F,0,white,0,nonhispanic,0
3488,8532,1975,10,4,,8527,0,3488,,,47744853-9c34-487b-af49-5d02940a8b40,F,0,white,0,nonhispanic,0
3489,8532,1913,8,15,,8527,0,3489,,,ea11bd49-8192-4591-b887-b03da1e14c21,F,0,white,0,nonhispanic,0
3490,8507,1969,12,7,,8527,0,3490,,,4af40ffd-6158-4e4f-a739-5215f38f23e9,M,0,white,0,nonhispanic,0
3491,8532,2012,2,7,,8527,0,3491,,,93ef3474-7036-44d3-bb3c-2d445d48bca6,F,0,white,0,nonhispanic,0
3492,8532,1949,11,15,,8527,0,3492,,,95275660-59a0-41cc-813e-98bf4b2aa6fa,F,0,white,0,nonhispanic,0
3493,8532,2003,4,24,,8527,0,3493,,,d7ae3312-941e-40ec-a7f2-77dacf8ef376,F,0,white,0,nonhispanic,0
3494,8532,2019,2,20,,8527,0,3494,,,bb4f0f8a-00a0-4d77-a415-2bdd368dcaec,F,0,white,0,nonhispanic,0
3495,8532,1985,12,19,,8527,0,3495,,,451c306e-2879-47d5-b7ce-b93c1eea36f5,F,0,white,0,nonhispanic,0
3496,8532,1999,8,18,,8527,0,3496,,,42e3f68b-7415-495b-a637-6ecdcc422aa6,F,0,white,0,nonhispanic,0
3497,8507,2000,11,17,,8527,0,3497,,,7b8d5902-1e1a-4ece-a9dd-2ba145e431ad,M,0,white,0,nonhispanic,0
3498,8507,1981,9,4,,8527,0,3498,,,d63f2057-63f2-40cf-99d4-762201c42a2f,M,0,white,0,nonhispanic,0
3499,8532,2019,9,28,,8527,0,3499,,,2a7f2f89-e64e-4861-b77a-60adb14f9996,F,0,white,0,nonhispanic,0
3500,8507,1971,7,2,,8527,0,3500,,,1ea2125b-1cf0-4ecb-b2fc-ef132a24e9d2,M,0,white,0,nonhispanic,0
3501,8507,1939,3,21,,8527,0,3501,,,18bf7762-9578-44e0-923a-2d986edd57f8,M,0,white,0,nonhispanic,0
3502,8532,1984,12,2,,8527,0,3502,,,ae2683d9-0d2e-476d-8889-0c573e2e94d3,F,0,white,0,nonhispanic,0
3503,8507,1998,4,22,,8527,0,3503,,,b9405bbf-254c-41ca-9dd0-5c11c6e08a98,M,0,white,0,nonhispanic,0
3504,8507,1998,10,18,,8527,0,3504,,,ef313d6d-7965-48c9-9646-2745f59cb02c,M,0,white,0,nonhispanic,0
3505,8532,1976,5,2,,8527,0,3505,,,6af28d30-8423-4066-9723-48869cc33960,F,0,white,0,nonhispanic,0
3506,8507,2017,1,30,,8527,0,3506,,,f3e59fc6-1603-48e9-afc7-9b99aaccb27f,M,0,white,0,nonhispanic,0
3507,8507,1975,12,28,,8527,0,3507,,,acf1120f-c5a2-4154-aa68-73b7f7795f5d,M,0,white,0,nonhispanic,0
3508,8532,1988,9,15,,8527,0,3508,,,ef5e92a2-b081-4a90-afb6-41f9df8c4e3c,F,0,white,0,nonhispanic,0
3509,8507,1994,11,13,,8527,0,3509,,,ef31d035-067e-4c4b-b8f5-f3192a9eda40,M,0,white,0,nonhispanic,0
3510,8532,1956,12,11,,8527,0,3510,,,02df5c82-53f6-4791-a655-f61ebbb69f4d,F,0,white,0,nonhispanic,0
3511,8532,1999,4,1,,8527,0,3511,,,a718cf5f-0db4-4064-8f30-d7a65b405640,F,0,white,0,nonhispanic,0
3512,8532,1945,4,1,,8527,0,3512,,,cda6f9eb-0297-4d91-9204-5ef2cf59a19f,F,0,white,0,nonhispanic,0
