person_id,gender_concept_id,year_of_birth,month_of_birth,day_of_birth,birth_datetime,race_concept_id,ethnicity_concept_id,location_id,provider_id,care_site_id,person_source_value,gender_source_value,gender_source_concept_id,race_source_value,race_source_concept_id,ethnicity_source_value,ethnicity_source_concept_id
2479,8507,2007,7,19,,8527,0,2479,,,f645e181-79ec-41a7-bfa0-d304990c043c,M,0,white,0,nonhispanic,0
2480,8507,2008,5,23,,8527,0,2480,,,541a5865-8f18-4ca0-b327-440e01561fb3,M,0,white,0,nonhispanic,0
2481,8507,1982,4,18,,8527,0,2481,,,4326ee5d-5fd4-44b8-84ac-bae7487b3a22,M,0,white,0,nonhispanic,0
2482,8532,1980,8,26,,8527,0,2482,,,76e8a8de-ceaa-4df1-9b90-e90dbb27254c,F,0,white,0,nonhispanic,0
2483,8532,1972,9,2,,8527,0,2483,,,f2fab566-102c-4ef6-b6b9-8ae9725543b0,F,0,white,0,nonhispanic,0
2484,8532,1971,11,29,,8527,0,2484,,,7a40ae2c-c589-479b-a470-e8a73984b5ad,F,0,white,0,nonhispanic,0
2485,8507,2011,4,4,,8527,0,2485,,,9a87e442-3ca1-416c-b795-3718c2d5d9f4,M,0,white,0,nonhispanic,0
2486,8507,1956,3,21,,8527,0,2486,,,ff739ce4-94bb-4b97-90da-c0a8700844a7,M,0,white,0,nonhispanic,0
2487,8507,2001,4,14,,8527,0,2487,,,51b46275-79ef-4fa0-ad6c-085e78768cd5,M,0,white,0,nonhispanic,0
2488,8532,2015,5,28,,8527,0,2488,,,abc8b7fa-805a-43e6-a257-8361d80e77ed,F,0,white,0,nonhispanic,0
2489,8532,2002,9,6,,8527,0,2489,,,2f475c73-7203-4925-a4b2-b49c04610209,F,0,white,0,nonhispanic,0
2490,8532,2003,10,21,,8527,0,2490,,,17da8a12-c63b-44bd-8b6a-122b1d30816c,F,0,white,0,nonhispanic,0
2491,8532,1984,8,18,,8527,0,2491,,,917dcf64-8ca0-4696-b797-6a73bad0feb3,F,0,white,0,nonhispanic,0
2492,8507,1937,11,10,,8527,0,2492,,,a96eb551-c77d-4438-a30e-74a520f7583f,M,0,white,0,nonhispanic,0
2493,8507,1915,2,6,,8527,0,2493,,,18ddee8b-b7f9-4a28-82b6-20eed8423314,M,0,white,0,nonhispanic,0
2494,8532,2002,1,24,,8527,0,2494,,,d789fcd1-2b71-449a-8507-d097f111d65f,F,0,white,0,nonhispanic,0
2495,8507,2019,5,31,,8527,0,2495,,,29aa3d79-f407-4e44-a181-78f4b1817c3c,M,0,white,0,nonhispanic,0
2496,8507,2019,3,14,,8527,0,2496,,,a82db475-2bd4-46f4-8fef-d537522e4927,M,0,white,0,nonhispanic,0
2497,8532,1948,5,6,,8527,0,2497,,,c230b4b7-59ca-4251-90f5-b023bb940e26,F,0,white,0,nonhispanic,0
2498,8532,1961,5,17,,8527,0,2498,,,829f9061-7112-42a6-aa86-d98c0bed729f,F,0,white,0,nonhispanic,0
2499,8507,1953,10,3,,8527,0,2499,,,5cee7799-de7b-48b5-8725-3dbe67a217c5,M,0,white,0,nonhispanic,0
2500,8507,1988,8,21,,8527,0,2500,,,55c2f001-d91e-42bc-a96e-ffc8115d006d,M,0,white,0,nonhispanic,0
2501,8507,1983,8,7,,8527,0,2501,,,d6739062-b4dd-4a90-9750-e35963253e92,M,0,white,0,nonhispanic,0
2502,8507,1987,9,23,,8527,0,2502,,,071905f1-c1b4-4bd3-9fdb-62d6a3c60659,M,0,white,0,nonhispanic,0
2503,8507,1964,6,5,,8527,0,2503,,,dd92dbd8-8a8b-404b-9714-c23dda3c20f9,M,0,white,0,nonhispanic,0
2504,8507,1983,4,24,,8527,0,2504,,,1e87cd91-966a-4872-92b3-66072e6fe1a1,M,0,white,0,nonhispanic,0
2505,8532,1985,7,21,,8527,0,2505,,,c9ae343c-95e4-4c66-9423-35d3ae23f806,F,0,white,0,nonhispanic,0
2506,8532,1996,3,24,,8527,0,2506,,,66d48b67-1416-4e07-a81c-6ae2c2cd9a20,F,0,white,0,nonhispanic,0
2507,8532,1961,5,17,,8527,0,2507,,,e4c9dcce-dd4b-4752-98f0-9d1c38831336,F,0,white,0,nonhispanic,0
2508,8532,1967,10,29,,8527,0,2508,,,bdd0b1ec-0797-46a7-9d16-82058530a325,F,0,white,0,nonhispanic,0
2509,8532,1947,4,26,,8527,0,2509,,,13597a9e-6edd-4025-89e6-93d0a5d19efa,F,0,white,0,nonhispanic,0
2510,8507,1983,6,5,,8527,0,2510,,,77842af1-07d0-4a68-b3c6-b26d610bab18,M,0,white,0,nonhispanic,0
2511,8507,1983,4,24,,8527,0,2511,,,8f8423fe-9160-42ac-84e9-eb02f79ec90b,M,0,white,0,nonhispanic,0
2512,8532,1929,10,12,,8527,0,2512,,,175fde81-d5fb-42d1-b578-3095a393d0ab,F,0,white,0,nonhispanic,0
2513,8532,1987,8,20,,8527,0,2513,,,5a687947-df56-48ce-9964-d2bb9749eb08,F,0,white,0,nonhispanic,0
2514,8507,2004,2,2,,8527,0,2514,,,31cd650b-502b-465a-97ae-4a9ece3bffb6,M,0,white,0,nonhispanic,0
2515,8532,1996,11,6,,8527,0,2515,,,27a3c24a-6790-415e-97e5-74eefbd49137,F,0,white,0,nonhispanic,0
2516,8507,2002,9,15,,8527,0,2516,,,b092ae89-697d-4c1a-9243-2ac8f9e482a7,M,0,white,0,nonhispanic,0
2517,8532,1945,12,6,,8527,0,2517,,,d1ddbddd-5352-4360-bf54-3a2f745e7202,F,0,white,0,nonhispanic,0
2518,8532,2001,1,9,,8527,0,2518,,,8c54aa3d-cbbe-4e41-901a-6758eb2bd3c7,F,0,white,0,nonhispanic,0
2519,8532,1996,8,24,,8527,0,2519,,,ed715b57-d009-4876-b05f-233783afc79d,F,0,white,0,nonhispanic,0
2520,8507,1993,12,8,,8527,0,2520,,,325f7b3c-45e4-47e0-9d9b-4ba4911c710d,M,0,white,0,nonhispanic,0
2521,8507,1973,4,14,,8527,0,2521,,,1767c725-5247-4033-9147-9ff8538af9f4,M,0,white,0,nonhispanic,0
2522,8532,1984,1,30,,8527,0,2522,,,4931e8dd-63a2-4a4f-b5a6-ed0a94df1642,F,0,white,0,nonhispanic,0
2523,8532,1966,10,22,,8527,0,2523,,,72c707ce-d2b6-46c1-b47c-ab8dbd418075,F,0,white,0,nonhispanic,0
2524,8532,1959,10,22,,8527,0,2524,,,29b6980a-92eb-4e98-9e46-94d60c5d7d40,F,0,white,0,nonhispanic,0
2525,8532,1963,6,22,,8527,0,2525,,,c16ed80f-cec3-4599-a694-de7b546c1ab1,F,0,white,0,nonhispanic,0
2526,8507,2014,5,3,,8527,0,2526,,,c31b3b50-aced-43f6-ab73-e6ab46ebc505,M,0,white,0,nonhispanic,0
2527,8507,2015,6,3,,8527,0,2527,,,534f8d6a-5700-4f61-967b-353537ada4fe,M,0,white,0,nonhispanic,0
2528,8507,1982,8,17,,8527,0,2528,,,d08da8e3-3055-4709-8113-f818cbd72d58,M,0,white,0,nonhispanic,0
2529,8532,1984,10,31,,8527,0,2529,,,a029376c-c258-41d5-8b80-94de497a5282,F,0,white,0,nonhispanic,0
2530,8532,2008,5,8,,8527,0,2530,,,1686cb37-9a40-4ae7-bb23-c0d3852ab2fc,F,0,white,0,nonhispanic,0
2531,8532,1945,12,6,,8527,0,2531,,,889a61ef-0f1a-4ad7-b9d6-03066d24229d,F,0,white,0,nonhispanic,0
2532,8532,1990,11,12,,8527,0,2532,,,d1e90e0b-6d0f-4061-9fdb-929d5a827770,F,0,white,0,nonhispanic,0
2533,8507,2005,2,26,,8527,0,2533,,,ebd23b70-b022-4f78-bbb0-8963edca7248,M,0,white,0,nonhispanic,0
2534,8507,1957,1,2,,8527,0,2534,,,7316ede5-de50-47fd-a96a-1ab9e7cfcf12,M,0,white,0,nonhispanic,0
2535,8532,1948,10,17,,8527,0,2535,,,078f151a-2e9e-44c6-b784-f2133b0a1c6e,F,0,white,0,nonhispanic,0
2536,8532,1953,3,19,,8527,0,2536,,,2ac3d4cf-cf7c-4449-818e-48046017ef5f,F,0,white,0,nonhispanic,0
2537,8532,1987,9,27,,8527,0,2537,,,4bc55a5a-a780-43b8-b4ce-715c49249dd6,F,0,white,0,nonhispanic,0
2538,8532,1976,1,10,,8527,0,2538,,,bf27658b-5869-4810-ae91-e607689a5301,F,0,white,0,nonhispanic,0
2539,8532,1938,6,28,,8527,0,2539,,,90bd45a5-c540-4358-ab5d-95f7a0114f28,F,0,white,0,nonhispanic,0
2540,8532,2009,3,19,,8527,0,2540,,,e535bc7f-dee5-4d24-b02d-90b9ec195e5d,F,0,white,0,nonhispanic,0
2541,8532,1957,1,20,,8527,0,2541,,,6696f659-a189-412d-9ceb-3abccccf1dff,F,0,white,0,nonhispanic,0
2542,8532,2011,9,24,,8527,0,2542,,,e4d8ee07-0365-4bd8-a0f9-83ce810b5ba7,F,0,white,0,nonhispanic,0
2543,8532,1997,6,30,,8527,0,2543,,,5cea03e2-63c7-4fdf-94ab-967ada95ca27,F,0,white,0,nonhispanic,0
2544,8507,2011,9,3,,8527,0,2544,,,53944a8c-4cad-43e9-a55d-3175a2ba7c27,M,0,white,0,nonhispanic,0
2545,8507,2004,8,7,,8527,0,2545,,,22fbcb33-4feb-4778-8fcf-0a4c6ab7c486,M,0,white,0,nonhispanic,0
2546,8532,1945,12,20,,8527,0,2546,,,49c04843-b440-4dd1-9213-cd971a671796,F,0,white,0,nonhispanic,0
2547,8507,1987,9,18,,8527,0,2547,,,78c8bf9c-1cbd-495f-9f23-428012909c9a,M,0,white,0,nonhispanic,0
2548,8507,1967,5,18,,8527,0,2548,,,8217ec6c-ca3f-4811-aff8-9737cb521247,M,0,white,0,nonhispanic,0
2549,8507,1996,9,17,,8527,0,2549,,,c7b2d2ec-1ba9-416e-80e9-f9c8a16f231b,M,0,white,0,nonhispanic,0
2550,8532,1988,12,1,,8527,0,2550,,,649fb8bb-4e15-4f17-9894-9cc9ddc157f7,F,0,white,0,nonhispanic,0
2551,8532,1989,4,27,,8527,0,2551,,,7f7f8708-e946-4024-9803-324a75bf7ff7,F,0,white,0,nonhispanic,0
2552,8532,1996,7,28,,8527,0,2552,,,db1b5426-7be3-4156-8b81-a1a1121d5695,F,0,white,0,nonhispanic,0
2553,8532,1958,9,14,,8527,0,2553,,,4f62e135-1504-4122-981a-7e45f4741512,F,0,white,0,nonhispanic,0
2554,8532,1940,9,30,,8527,0,2554,,,57f23a2b-0f57-4c94-8c98-f5f345e7ff7b,F,0,white,0,nonhispanic,0
2555,8507,1954,4,25,,8527,0,2555,,,1c58a3b9-30cd-491a-a794-b1eb2136d1d0,M,0,white,0,nonhispanic,0
2556,8507,1985,6,10,,8527,0,2556,,,ba25b575-572e-49bf-8416-9669477a16c7,M,0,white,0,nonhispanic,0
2557,8507,1986,8,9,,8527,0,2557,,,a2701f2b-1d30-4e74-bef2-a8f0e3369604,M,0,white,0,nonhispanic,0
2558,8507,1961,5,11,,8527,0,2558,,,39351be3-e0f5-425a-b445-eda97aa8675a,M,0,white,0,nonhispanic,0
2559,8507,1963,11,21,,8527,0,2559,,,ce13eb5d-b7ba-4ad5-95cf-8cbcca458581,M,0,white,0,nonhispanic,0
2560,8532,1971,10,30,,8527,0,2560,,,af52bb04-7bc9-4a7b-8e6d-9bfab2a891a9,F,0,white,0,nonhispanic,0
2561,8507,1999,1,10,,8527,0,2561,,,87f30ad7-4d05-4b3f-9fb9-8dcc20fa58d4,M,0,white,0,nonhispanic,0
2562,8532,1988,4,20,,8527,0,2562,,,9849e368-b10b-4534-b0c2-9b21f4f64be3,F,0,white,0,nonhispanic,0
2563,8532,2008,2,25,,8527,0,2563,,,4765d5fa-c6c2-49a3-b964-f19dfd85c2e0,F,0,white,0,nonhispanic,0
2564,8532,1977,12,22,,8527,0,2564,,,c929bca5-83a4-45db-bed5-6d4f346234d2,F,0,white,0,nonhispanic,0
2565,8532,1961,12,8,,8527,0,2565,,,9be0c3a9-f09c-4827-b6a0-861c255acff9,F,0,white,0,nonhispanic,0
2566,8507,1956,11,2,,8527,0,2566,,,5e11ea5d-9179-4020-99bd-5a690ee2276f,M,0,white,0,nonhispanic,0
2567,8532,1986,4,2,,8527,0,2567,,,acc2a41e-29f6-41b7-8ac6-c218bf464d90,F,0,white,0,nonhispanic,0
2568,8507,1963,11,21,,8527,0,2568,,,7b28df69-701c-4783-91e0-f101522370c6,M,0,white,0,nonhispanic,0
2569,8507,1991,12,7,,8527,0,2569,,,45bdc061-76cc-44eb-90ac-818e42447b57,M,0,white,0,nonhispanic,0
2570,8507,1993,1,27,,8527,0,2570,,,d2fb80f2-afc1-4ceb-827b-ef525678a465,M,0,white,0,nonhispanic,0
2571,8532,1997,7,5,,8527,0,2571,,,23163254-577b-42b6-af0d-955970b9632f,F,0,white,0,nonhispanic,0
2572,8507,1958,12,11,,8527,0,2572,,,1a33fd9d-8fb5-40ee-b49e-0b1e8955aa25,M,0,white,0,nonhispanic,0
2573,8532,1945,11,8,,8527,0,2573,,,b5d9a623-a88f-4091-9ea8-99d26c11193c,F,0,white,0,nonhispanic,0
2574,8507,1986,2,7,,8527,0,2574,,,fd59757c-83f0-4a2b-91fa-99e668d53530,M,0,white,0,nonhispanic,0
2575,8507,2008,1,20,,8527,0,2575,,,f10ac4c2-e521-41c4-81d7-efff1ae165a7,M,0,white,0,nonhispanic,0
2576,8507,1947,9,29,,8527,0,2576,,,d33f0a02-a384-4d6f-85c2-df291e3185c2,M,0,white,0,nonhispanic,0
2577,8507,1915,10,18,,8527,0,2577,,,3c4d94bd-b4fa-4a4c-bf2b-33521e327165,M,0,white,0,nonhispanic,0
2578,8507,1973,2,5,,8527,0,2578,,,c1df61f0-a0a1-4e30-baad-7f15db2dbf43,M,0,white,0,nonhispanic,0
2579,8507,1964,6,29,,8527,0,2579,,,a56591b5-145f-410e-a9ea-637b52b93443,M,0,white,0,nonhispanic,0
2580,8507,1960,8,19,,8527,0,2580,,,89bfca55-8514-4e45-a3aa-bd89e6f7475c,M,0,white,0,nonhispanic,0
2581,8507,1950,12,21,,8527,0,2581,,,008bcdc8-9f94-4453-903e-2e6221aba6d1,M,0,white,0,nonhispanic,0
2582,8532,1954,3,30,,8527,0,2582,,,51c1feab-4e7f-4353-81f7-88926d43a330,F,0,white,0,nonhispanic,0
