location_id,address_1,address_2,city,state,zip,county,location_source_value
1134,522 Roini Katu Unit 25,,Vantaa,Uusimaa,01640,Vantaa,12dcd476-d708-4b49-80e6-cef24a2f25c0
1135,1014 Stepanow Katu,,Nurmijärvi,Uusimaa,05100,Nurmijärvi,d2fe3230-fb19-4a65-a6aa-939c83d54774
1136,173 Soukkala Katu,,Kerava,Uusimaa,04260,Kerava,da059a5e-852d-42b1-a31f-b77c205ec2d0
1137,529 Peranto Katu Unit 78,,Helsinki,Uusimaa,00760,Helsinki,67f2e99e-d5b9-4741-8984-564448756529
1138,352 Hiivanainen Katu,,Vantaa,Uusimaa,01420,Vantaa,9afdb156-c443-4bac-ab51-33d0ffd37474
1139,764 Petäys Katu Suite 65,,Helsinki,Uusimaa,00510,Helsinki,10dcd293-7bf9-44e8-9631-a0757afa1f8e
1140,1001 Mönkäre Katu,,Kirkkonummi,Uusimaa,02440,Kirkkonummi,bf9811db-069b-42a2-a6e7-80cf3f5eb760
1141,926 Ranta-Korpi Katu,,Kerava,Uusimaa,04200,Kerava,609f6be1-f06e-44ef-9279-ac0d51d4db85
1142,496 Tuulos Katu,,Kerava,Uusimaa,04220,Kerava,6f180aed-9714-4013-a518-ba05376fc596
1143,705 Ceder Katu,,Helsinki,Uusimaa,00910,Helsinki,544ff5a8-48d4-494a-96f8-71e2b2e8e043
1144,637 Korpikoski Katu Suite 99,,Helsinki,Uusimaa,00930,Helsinki,26827572-a91e-482a-a75c-6d9a059eb721
1145,165 Landin Katu,,Porvoo,Uusimaa,07370,Porvoo,498608ea-618a-4419-ba54-cc0495051955
1146,718 Hummel Katu Suite 36,,Tuusula,Uusimaa,04300,Tuusula,f1e07f72-3e03-41ba-947f-5d3608d8b2e5
1147,466 Norrbäck Katu Suite 34,,Kerava,Uusimaa,04220,Kerava,aa4a3756-27c6-4136-9f4a-c0b8d0a58f59
1148,134 Viantie Katu,,Espoo,Uusimaa,02250,Espoo,e1e4a2d1-35a6-444f-8845-9c11e24a3d16
1149,222 Finér Katu Apt 75,,Raasepori,Uusimaa,10360,Raasepori,f9c63ae9-01b5-4564-adff-8eea4a734b2f
1150,774 Humaloja Katu,,Espoo,Uusimaa,02160,Espoo,79533f05-edd1-41aa-871b-026bfe31b2b7
1151,334 Linnavuori Katu,,Helsinki,Uusimaa,00780,Helsinki,4b0fd522-d22f-4212-9de1-f87c7bc29161
1152,705 Kaijomaa Katu,,Helsinki,Uusimaa,00740,Helsinki,cc3a0f6d-de41-4705-9c15-0abf4035f16e
1153,710 Kaslin Katu Apt 37,,Helsinki,Uusimaa,00250,Helsinki,470a5114-afbd-4388-b52a-99f94c61d4ea
1154,163 Takarautio Katu Apt 67,,Kirkkonummi,Uusimaa,02430,Kirkkonummi,02174ef2-ca9c-47a3-9655-c870a2bb3378
1155,779 Rajasalo Katu Suite 57,,Lohja,Uusimaa,09930,Lohja,57d2ca6a-533c-43c5-be98-081349bbf60f
1156,232 Nykung Katu Suite 61,,Espoo,Uusimaa,02970,Espoo,e9d9a624-080f-49ab-a9b5-ce5c68bf4380
1157,1012 Rauhio Katu,,Raasepori,Uusimaa,10660,Raasepori,916f433d-72b6-4a46-a9e9-75290e3e0358
1158,290 Skata Katu,,Vantaa,Uusimaa,01600,Vantaa,5b3acb4a-a0c6-4de1-a3b6-b02af2ab3112
1159,527 Longi Katu Suite 45,,Helsinki,Uusimaa,00550,Helsinki,6a1ecf37-859c-4da7-8a4b-346fa4a51a2c
1160,515 Lucander Katu,,Porvoo,Uusimaa,07110,Porvoo,b41f8a71-68be-4990-8ef6-2e00f65235c2
1161,1080 Vuolio Katu Apt 87,,Järvenpää,Uusimaa,04400,Järvenpää,ee669af9-aa2d-4ba6-8ca3-e0bf14803142
1162,1068 Sonné Katu,,Helsinki,Uusimaa,00530,Helsinki,b70a9229-c117-4567-98d6-8bfad4347529
1163,367 Vuola Katu Suite 6,,Helsinki,Uusimaa,00650,Helsinki,a3ce3919-293f-4ac6-b39a-1cdd910daba5
1164,626 Engelberg Katu,,Vihti,Uusimaa,03790,Vihti,334d5615-5c9c-4ec3-b6f5-089feee8f879
1165,644 Noutere Katu,,Vantaa,Uusimaa,01760,Vantaa,7a6e906a-0079-459c-ad87-df501db4c53d
1166,1057 al-Khafaji Katu Suite 60,,Helsinki,Uusimaa,00230,Helsinki,859cd9ed-ff4a-4f1d-96f4-f452a443dc78
1167,348 Klem Katu Unit 37,,Järvenpää,Uusimaa,04410,Järvenpää,9f59da2d-6b2b-4e54-9032-1647c5480c9a
1168,358 Pihlhjerta Katu Unit 98,,Espoo,Uusimaa,02360,Espoo,b0208210-9678-42c8-96a7-4484ddf325bb
1169,392 Siljama Katu,,Helsinki,Uusimaa,00440,Helsinki,888bd78d-dc23-4b50-b784-2cf6bdd6007d
1170,1032 Väisänen Katu Apt 58,,Helsinki,Uusimaa,00430,Helsinki,fad505c2-4feb-4094-9cb5-6aea137782a1
1171,317 Niinimaa Katu Suite 88,,Espoo,Uusimaa,02940,Espoo,89e30aae-d34f-4c6a-a5ee-fb1c78e6e829
1172,124 Hirvonsalo Katu Apt 98,,Espoo,Uusimaa,02110,Espoo,05a0aaef-7b9f-4f15-b034-ca2e79028f73
1173,474 Osolanus Katu,,Lapinjärvi,Uusimaa,07850,Lapinjärvi,56611186-9373-4ce3-94de-290dd46342f2
1174,230 Asumaniemi Katu,,Raasepori,Uusimaa,10320,Raasepori,6572b64a-552e-44bb-afb0-9760c01f8d43
1175,278 Syyrakki Katu,,Helsinki,Uusimaa,00630,Helsinki,e29c94f2-f79c-4a5e-b3ed-83560184f94f
1176,902 Sohlo Katu Unit 70,,Loviisa,Uusimaa,07930,Loviisa,f729cc2e-91d6-4c75-a54c-1cfb2107e7f2
1177,777 Yli-Savola Katu,,Vantaa,Uusimaa,01630,Vantaa,7cea7dc9-2a56-46f3-9300-42d0e844f710
1178,1083 Serkelä Katu,,Helsinki,Uusimaa,00990,Helsinki,abc63d11-a491-4866-a8a2-e00bae87f3a0
1179,1009 Forsström Katu,,Vihti,Uusimaa,03790,Vihti,0d5210e9-bd46-4c55-8568-e0617f39b4af
1180,388 Laurent Katu Suite 0,,Loviisa,Uusimaa,07945,Loviisa,e230638a-0fa0-4000-ad23-4723467e3089
1181,793 Vuoppola Katu Apt 11,,Espoo,Uusimaa,02120,Espoo,5c38ba6e-07d8-41a9-acbb-c7a05e6c6103
1182,379 Nordkvist Katu Suite 2,,Raasepori,Uusimaa,10480,Raasepori,e930d200-e32e-4249-8158-4355e4cf8d6b
1183,546 Vihikangas Katu Suite 18,,Helsinki,Uusimaa,00180,Helsinki,706c2f7a-5ef3-4680-8e8d-1f9da8e170fb
1184,482 Flöjt Katu Apt 36,,Helsinki,Uusimaa,00250,Helsinki,c3738831-4abe-4c60-9b6c-a225d8260c5e
1185,190 Vihola Katu Suite 55,,Espoo,Uusimaa,02150,Espoo,3da1b12f-92d5-4225-b726-2e7679923cf8
1186,152 Äijänaho Katu,,Vantaa,Uusimaa,01390,Vantaa,a4247667-77ec-4a41-8a2f-94d14fd18b13
1187,822 Mitro Katu,,Sipoo,Uusimaa,01150,Sipoo,85b1005e-636b-4c3d-99e5-28fd9208e848
1188,519 Siegfrids Katu Suite 21,,Helsinki,Uusimaa,00880,Helsinki,10abd2d4-b060-452d-a8bf-0fbc5cb4b186
1189,579 Könkö Katu Unit 51,,Kerava,Uusimaa,04220,Kerava,82f4de37-096f-4841-931c-a1308a85eeab
1190,898 Broms Katu,,Helsinki,Uusimaa,00120,Helsinki,70264dd4-2535-450a-8de6-d7b05935476c
1191,439 Niitynpää Katu,,Hyvinkää,Uusimaa,05720,Hyvinkää,b6e0b46e-2329-4823-a1a5-8fd0d712af68
1192,1045 Leppäkynnäs Katu,,Loviisa,Uusimaa,07930,Loviisa,140e9b1a-0b5f-4b1f-9c1d-67f51a5bb94a
1193,470 Mollberg Katu Unit 40,,Espoo,Uusimaa,02290,Espoo,44d816ac-9cc4-494e-8e1b-76d9dd5efd7b
1194,597 Sidorov Katu,,Helsinki,Uusimaa,00410,Helsinki,1bac316a-5f70-4ce5-bff7-4d78b7a07087
1195,139 Ansa Katu,,Espoo,Uusimaa,02270,Espoo,b3959130-770c-47a6-83d8-38076b39768d
1196,936 Elvström Katu,,Vihti,Uusimaa,03220,Vihti,fd15770d-4e5b-4c37-9204-99f49b14de14
1197,797 Talamo Katu,,Helsinki,Uusimaa,00980,Helsinki,c1df79cb-8b9c-4206-830d-959ca4dbab08
1198,1024 Ranta-Lassila Katu,,Hanko,Uusimaa,10900,Hanko,4eca1ec0-58bd-484e-b72d-bf60749772c7
1199,1080 Mason Katu,,Vantaa,Uusimaa,01380,Vantaa,5cd91aa5-cda8-4024-9e63-37dbf1c4cd84
1200,604 Flytström Katu,,Helsinki,Uusimaa,00500,Helsinki,4d6b9991-ee0e-48ac-b63c-0e0284df207e
1201,796 Panttila Katu Unit 71,,Espoo,Uusimaa,02140,Espoo,f4acc4e5-4559-4cf9-95e6-0cb872749862
1202,998 Sumala Katu Apt 27,,Hyvinkää,Uusimaa,05800,Hyvinkää,85ec8523-a449-41ef-bf2f-131d18a5f557
1203,699 Vehmaa Katu Unit 29,,Helsinki,Uusimaa,00630,Helsinki,f1201c7b-eeea-4e78-a271-72d862bd5c9e
1204,316 Muotka Katu,,Raasepori,Uusimaa,10300,Raasepori,dbca1ba2-cfd0-4dc8-816c-23a765b27e22
1205,531 Kuitikka Katu Unit 74,,Helsinki,Uusimaa,00940,Helsinki,75fbd23e-9a10-4d5f-ad4b-26bb1eb5ed14
1206,913 Lauttanen Katu Apt 75,,Porvoo,Uusimaa,07220,Porvoo,6e0d4610-9586-4f5f-aa16-d41661aaeec1
1207,306 Välikangas Katu,,Helsinki,Uusimaa,00210,Helsinki,2bb73131-22fe-4117-9690-ed7bd89ef232
1208,421 Lintula Katu Unit 67,,Vantaa,Uusimaa,01520,Vantaa,fa2d6b19-729c-4c5c-a16c-f4af4cf88aa6
1209,1055 Ruohomäki Katu,,Espoo,Uusimaa,02940,Espoo,69536e8b-0264-4763-9f01-960f3fc19289
1210,149 Vuorikivi Katu,,Espoo,Uusimaa,02150,Espoo,cec02fe4-50e7-4ed1-a429-c200c83ae4c3
1211,801 Paulsson Katu Suite 54,,Espoo,Uusimaa,02130,Espoo,8807deda-3d5f-47fd-b4b6-f8349e66b73b
1212,483 Grahn Katu Suite 61,,Raasepori,Uusimaa,10360,Raasepori,ea8fab13-8cca-43e7-9720-1eef61f67cf8
1213,972 Jiang Katu Apt 26,,Espoo,Uusimaa,02650,Espoo,316ad226-2b3a-4b2d-8f3d-52b86172f0be
1214,140 Lamminpohja Katu Unit 37,,Helsinki,Uusimaa,00950,Helsinki,720c191f-4be8-437a-aa04-51ae10443f21
1215,649 Patanen Katu,,Hyvinkää,Uusimaa,05840,Hyvinkää,92fd9781-08df-4408-ab7a-0ece757c787e
1216,635 Tevajärvi Katu Unit 37,,Järvenpää,Uusimaa,04400,Järvenpää,34ecf94f-6f14-4102-b2d3-16c491472326
1217,193 Demasör Katu Unit 61,,Helsinki,Uusimaa,00350,Helsinki,ccd78ebd-a297-403b-9709-ec7abf6f18dc
1218,361 Lallo Katu Suite 56,,Helsinki,Uusimaa,00640,Helsinki,bb926972-d690-4a28-8112-b3abfb5f6ad7
1219,240 Kamppi Katu Apt 17,,Helsinki,Uusimaa,00100,Helsinki,067cd17d-5395-4d1c-b817-ff2262d55e56
1220,234 Paasiranta Katu,,Raasepori,Uusimaa,10660,Raasepori,5421559a-fdb2-4bd0-a54a-f585557771d6
1221,844 Tekkala Katu,,Espoo,Uusimaa,02750,Espoo,a5d8d28c-33e6-4b6b-b0a2-69d515e61a3e
1222,696 Lagerlöf Katu,,Helsinki,Uusimaa,00250,Helsinki,fbe3aa1f-47a9-4a18-b349-16c62ae6610f
1223,616 Segerman Katu,,Vihti,Uusimaa,03300,Vihti,e51acf5b-0802-4b3d-9579-a04110b1a16d
1224,315 Halmkrona Katu,,Karkkila,Uusimaa,03710,Karkkila,d4133eb4-2264-4f75-a8a6-8cb0f111f0fa
1225,270 Storlund Katu Apt 15,,Sipoo,Uusimaa,04240,Sipoo,43dab1fc-0075-4911-bf6d-82a6b772d061
1226,852 Teponoja Katu Apt 15,,Helsinki,Uusimaa,00630,Helsinki,98e1aa7b-591a-4720-8080-b989de0a7235
1227,503 Yli-Houhala Katu Apt 5,,Helsinki,Uusimaa,00860,Helsinki,852a312f-3c6f-48be-b604-9d7478216fc4
1228,875 Venninen Katu,,Lapinjärvi,Uusimaa,07850,Lapinjärvi,7bdbd0c3-eb00-4ff1-ada7-aa83160bd0fd
1229,187 Appelqvist Katu,,Vantaa,Uusimaa,01740,Vantaa,b7d1337f-aa0c-4dec-a52f-3c1930d3a57c
1230,580 Flekander Katu Unit 92,,Helsinki,Uusimaa,00620,Helsinki,0159f1a6-3d85-4770-bd00-48faa78e0a4a
1231,930 Meretniemi Katu Suite 45,,Vantaa,Uusimaa,01620,Vantaa,697c9e66-9862-497d-bd1a-d9115502d524
1232,945 Hyle Katu,,Espoo,Uusimaa,02940,Espoo,10d1c608-7258-4a31-b992-0332cb4be500
1233,515 Pirhonen Katu,,Helsinki,Uusimaa,00520,Helsinki,8b91a285-5fd8-45c8-80cd-e003613f26e5
1234,438 Alhava Katu Apt 88,,Helsinki,Uusimaa,00500,Helsinki,2aff3b46-d6da-4d9f-a335-261fae08cfb2
1235,347 Förström Katu Apt 26,,Espoo,Uusimaa,02750,Espoo,3a5319e7-3268-44ef-94e2-f99d4a8f466d
1236,1086 Katajala Katu,,Helsinki,Uusimaa,00540,Helsinki,61188de0-358d-4541-9662-c75b314c3323
1237,833 Kimpimäki Katu,,Espoo,Uusimaa,02710,Espoo,f214cd0b-7875-4ba2-a389-cd21e89ff596
1238,303 Krogell Katu Unit 24,,Helsinki,Uusimaa,00610,Helsinki,cff8faa8-ff71-4ba3-a836-7fe96ee1f511
1239,458 Kuopusjärvi Katu Apt 37,,Lohja,Uusimaa,09930,Lohja,c6a4a420-ceb9-44d8-85de-3ce6e8504328
1240,817 Stolt Katu Suite 68,,Helsinki,Uusimaa,00360,Helsinki,9e36e17e-3024-4668-b6f4-218f02bc45b9
1241,105 Sagulin Katu,,Helsinki,Uusimaa,00930,Helsinki,856e631e-5873-4d09-a968-61f9ca462ce6
