measurement_id,person_id,measurement_concept_id,measurement_date,measurement_datetime,measurement_time,measurement_type_concept_id,operator_concept_id,value_as_number,value_as_concept_id,unit_concept_id,range_low,range_high,provider_id,visit_occurrence_id,visit_detail_id,measurement_source_value,measurement_source_concept_id,unit_source_value,value_source_value
10980,1138,3049273,2017-06-01,2017-06-01 00:00:00,2017-06-01,5001,0,-3.5,0,,,,,5493,0,38265-5,38265-5,{T-score},-3.5
11137,1144,3049273,2010-08-05,2010-08-05 00:00:00,2010-08-05,5001,0,-3.4,0,,,,,5544,0,38265-5,38265-5,{T-score},-3.4
11708,1165,3049273,2018-12-11,2018-12-11 00:00:00,2018-12-11,5001,0,-3.1,0,,,,,5717,0,38265-5,38265-5,{T-score},-3.1
11865,1171,3049273,2019-11-11,2019-11-11 00:00:00,2019-11-11,5001,0,-3.7,0,,,,,5771,0,38265-5,38265-5,{T-score},-3.7
11956,1175,3049273,2012-11-25,2012-11-25 00:00:00,2012-11-25,5001,0,-2.8,0,,,,,5791,0,38265-5,38265-5,{T-score},-2.8
