person_id,gender_concept_id,year_of_birth,month_of_birth,day_of_birth,birth_datetime,race_concept_id,ethnicity_concept_id,location_id,provider_id,care_site_id,person_source_value,gender_source_value,gender_source_concept_id,race_source_value,race_source_concept_id,ethnicity_source_value,ethnicity_source_concept_id
3205,8507,2014,2,13,,8527,0,3205,,,1b34d0df-67bc-441b-a390-73b69338db5b,M,0,white,0,nonhispanic,0
3206,8507,2009,8,25,,8527,0,3206,,,bcbe7dd2-b760-4842-a143-957a3b85b215,M,0,white,0,nonhispanic,0
3207,8507,1999,12,6,,8527,0,3207,,,b709b623-cf70-45b3-a46f-6126e324dd92,M,0,white,0,nonhispanic,0
3208,8507,1982,11,16,,8527,0,3208,,,d3205dd6-7a95-47cb-a94e-b6a718c9447f,M,0,white,0,nonhispanic,0
3209,8507,1976,10,7,,8527,0,3209,,,53624d76-f53f-4200-8efa-baa2b25b6793,M,0,white,0,nonhispanic,0
3210,8532,1979,7,30,,8527,0,3210,,,cda4a5e0-930e-42b2-a9e5-423024dc5cd1,F,0,white,0,nonhispanic,0
3211,8532,2005,1,3,,8527,0,3211,,,022b43fb-ec21-4584-9044-bc5d96887446,F,0,white,0,nonhispanic,0
3212,8507,1968,4,10,,8527,0,3212,,,28ea7263-ebdb-4382-a4bc-e965b52d01b8,M,0,white,0,nonhispanic,0
3213,8532,1987,1,13,,8527,0,3213,,,ad6e2fc9-d956-438d-a924-f47566f1fab2,F,0,white,0,nonhispanic,0
3214,8532,1965,9,25,,8527,0,3214,,,7b94b7b7-a77e-4146-9882-4f853da7cae8,F,0,white,0,nonhispanic,0
3215,8532,1957,10,24,,8527,0,3215,,,7e615fa3-6eb2-4e0c-bfb0-42c06b1517be,F,0,white,0,nonhispanic,0
3216,8532,1998,11,2,,8527,0,3216,,,81ac7f1a-74d7-47f1-9829-fc6a4f7aa683,F,0,white,0,nonhispanic,0
3217,8532,2011,2,1,,8527,0,3217,,,588a59c9-2abf-4917-be00-f4e4efd92218,F,0,white,0,nonhispanic,0
3218,8532,2002,12,2,,8527,0,3218,,,918f6785-c828-4f39-bf84-1c1c0d011c61,F,0,white,0,nonhispanic,0
3219,8507,1989,6,9,,8527,0,3219,,,88e264ba-9645-4ae7-bc1f-e8b6ff46b8ae,M,0,white,0,nonhispanic,0
3220,8532,1976,5,31,,8527,0,3220,,,23d9fe83-7a59-484d-a059-f6e34eee48c4,F,0,white,0,nonhispanic,0
3221,8532,2014,6,21,,8527,0,3221,,,e7e2e9f9-e9c8-452a-ada0-75d946471cef,F,0,white,0,nonhispanic,0
3222,8507,2001,8,10,,8527,0,3222,,,f4c4c087-062a-4ed2-bb09-b2dbf28ef656,M,0,white,0,nonhispanic,0
3223,8532,1988,11,6,,8527,0,3223,,,50e6406b-f754-4305-8a19-c9bb4c535d8c,F,0,white,0,nonhispanic,0
3224,8507,1955,10,6,,8527,0,3224,,,2f5ea61d-1570-4962-b392-66cdf51575c0,M,0,white,0,nonhispanic,0
3225,8507,2012,1,27,,8527,0,3225,,,36cbef4c-ff2d-415c-b0e2-baf2a3a03adb,M,0,white,0,nonhispanic,0
3226,8507,1990,5,7,,8527,0,3226,,,d60a796a-541c-4985-bd92-2be81fc92798,M,0,white,0,nonhispanic,0
3227,8507,1977,2,12,,8527,0,3227,,,136b7cd2-4021-4473-a309-49c5b3c1bf4b,M,0,white,0,nonhispanic,0
3228,8507,1944,4,30,,8527,0,3228,,,11050aa6-9ae3-4ad6-b2d9-0bf85a64aa9e,M,0,white,0,nonhispanic,0
3229,8507,1941,9,17,,8527,0,3229,,,7f00f576-6af5-4eae-8902-baa6683c3b06,M,0,white,0,nonhispanic,0
3230,8507,1981,6,20,,8527,0,3230,,,c85465c4-a397-497d-aa7e-3503cb2c9360,M,0,white,0,nonhispanic,0
3231,8532,2019,4,18,,8527,0,3231,,,12734685-aa59-4bdc-9197-a28cad7d21db,F,0,white,0,nonhispanic,0
3232,8507,1976,4,7,,8527,0,3232,,,f935adb8-60aa-4781-a15d-ccd7e9b13a89,M,0,white,0,nonhispanic,0
3233,8507,1985,1,7,,8527,0,3233,,,99454502-6e7c-438e-81df-7d2027b0cca9,M,0,white,0,nonhispanic,0
3234,8507,1983,2,6,,8527,0,3234,,,3110ba7c-eee2-42fa-a18a-ced7a03c00f3,M,0,white,0,nonhispanic,0
3235,8507,2004,11,26,,8527,0,3235,,,de7b707e-aff6-4ac3-96f4-734c8241e15e,M,0,white,0,nonhispanic,0
3236,8507,1957,1,21,,8527,0,3236,,,66e43cc9-e27e-4a48-8b4a-526b9fb16ac5,M,0,white,0,nonhispanic,0
3237,8507,1983,2,6,,8527,0,3237,,,a2b47b3f-51ef-4b0f-b225-894bbcb27b69,M,0,white,0,nonhispanic,0
3238,8532,1988,5,7,,8527,0,3238,,,6980418f-25bc-4935-b2f8-af66efdeaa60,F,0,white,0,nonhispanic,0
3239,8507,1972,12,6,,8527,0,3239,,,4f054992-6f1c-44ea-b7a4-b2ee132e07de,M,0,white,0,nonhispanic,0
3240,8532,1921,5,21,,8527,0,3240,,,4dd977c2-02e5-4370-b426-f8f11fb56c55,F,0,white,0,nonhispanic,0
3241,8532,1962,2,16,,8527,0,3241,,,0c5dc20a-643e-4dc3-92af-19420e4bc00b,F,0,white,0,nonhispanic,0
3242,8507,1993,6,29,,8527,0,3242,,,1bf45ed1-d4aa-43fa-a029-947378b6a3a2,M,0,white,0,nonhispanic,0
3243,8507,1997,9,25,,8527,0,3243,,,077a581a-d426-4095-88c0-318c7a909f81,M,0,white,0,nonhispanic,0
3244,8532,2010,10,11,,8527,0,3244,,,f854ccb6-2cb8-41d9-b4ce-d8bc0f8883da,F,0,white,0,nonhispanic,0
3245,8532,2001,9,11,,8527,0,3245,,,88c51ce2-a711-4617-bdf6-ceb2428cf436,F,0,white,0,nonhispanic,0
3246,8532,1957,12,12,,8527,0,3246,,,33c6b76d-5a90-4fff-8b7c-535b0da9fcc2,F,0,white,0,nonhispanic,0
3247,8507,1965,6,25,,8527,0,3247,,,f9c2dbb0-2ebe-4d84-a4bd-91b23cc26dd1,M,0,white,0,nonhispanic,0
3248,8507,2004,6,10,,8527,0,3248,,,9fb2001c-12fb-454a-b37a-0ac5030f77b3,M,0,white,0,nonhispanic,0
3249,8507,2009,8,22,,8527,0,3249,,,95158520-0c4a-484e-a53d-27bffe1ef87e,M,0,white,0,nonhispanic,0
3250,8507,1969,4,29,,8527,0,3250,,,d1c9ae2c-593b-427f-b349-0cee781dc835,M,0,white,0,nonhispanic,0
3251,8507,1956,2,5,,8527,0,3251,,,90620044-2007-439f-813e-67c642d2d9b9,M,0,white,0,nonhispanic,0
3252,8532,1966,5,6,,8527,0,3252,,,d9e79a96-671a-43de-9957-e0f57c4c68c2,F,0,white,0,nonhispanic,0
3253,8532,1951,7,5,,8527,0,3253,,,23fd1e19-ac5a-4cd1-b9b4-84e2b3e24d2e,F,0,white,0,nonhispanic,0
3254,8532,1984,7,7,,8527,0,3254,,,902e1e77-8c35-4495-b87f-6387f54e20bb,F,0,white,0,nonhispanic,0
3255,8532,1976,2,6,,8527,0,3255,,,67b8c7f9-231d-4a2e-b908-6355279f938b,F,0,white,0,nonhispanic,0
3256,8532,1948,12,24,,8527,0,3256,,,d15507f1-9635-468b-bf29-513a331bcb0e,F,0,white,0,nonhispanic,0
3257,8532,1921,5,21,,8527,0,3257,,,4c659d55-d0dd-41e3-8c94-fe84fa473076,F,0,white,0,nonhispanic,0
3258,8507,1973,11,8,,8527,0,3258,,,578771d2-f0ee-4bab-8ed9-553d752d419a,M,0,white,0,nonhispanic,0
3259,8507,1985,11,29,,8527,0,3259,,,2258ec27-60ce-4ff7-9afe-fef08c9c762f,M,0,white,0,nonhispanic,0
3260,8507,1966,6,24,,8527,0,3260,,,48e24bbe-20d0-42cc-834d-c47d06311912,M,0,white,0,nonhispanic,0
3261,8532,1994,11,4,,8527,0,3261,,,eca3ef1c-8cd3-417e-8ca7-d21f8156c12b,F,0,white,0,nonhispanic,0
3262,8532,1952,11,20,,8527,0,3262,,,ca9ec9f7-3e39-4e63-9c22-d0aaac0737f8,F,0,white,0,nonhispanic,0
3263,8507,1944,1,15,,8527,0,3263,,,fb3a323e-30ea-4865-882c-b0f83e6ac7b7,M,0,white,0,nonhispanic,0
3264,8532,2005,9,24,,8527,0,3264,,,58c71ccd-715e-49cf-8248-eab7bea5e080,F,0,white,0,nonhispanic,0
3265,8507,1979,9,2,,8527,0,3265,,,d27c22bd-3dd0-497e-83ae-254e6d034b8a,M,0,white,0,nonhispanic,0
3266,8507,1991,12,15,,8527,0,3266,,,2d43ffe7-f41d-49e4-b1cf-f280c97bf80c,M,0,white,0,nonhispanic,0
3267,8507,1950,12,12,,8527,0,3267,,,7bf89b60-5b4e-4ced-a320-9221a2f5a27d,M,0,white,0,nonhispanic,0
3268,8507,1973,12,13,,8527,0,3268,,,3d8d9cb2-ab87-48f6-9977-5a858e7378c9,M,0,white,0,nonhispanic,0
3269,8532,1978,12,20,,8527,0,3269,,,cb468a96-c7df-4bcd-aee1-f4c9704b952a,F,0,white,0,nonhispanic,0
3270,8507,1974,1,20,,8527,0,3270,,,fb358a76-4b68-4909-9c40-91b4b222c029,M,0,white,0,nonhispanic,0
3271,8532,2001,11,19,,8527,0,3271,,,0235ca37-02bb-490c-84ae-5c9fe54caae2,F,0,white,0,nonhispanic,0
3272,8532,1962,3,21,,8527,0,3272,,,334159ed-7241-4101-9df4-157803182b23,F,0,white,0,nonhispanic,0
3273,8532,2008,8,6,,8527,0,3273,,,a586ebe4-56ed-4e5a-bbb7-60e92af55cf1,F,0,white,0,nonhispanic,0
3274,8532,1979,4,12,,8527,0,3274,,,59b94df8-c17f-4c76-9ec5-4450a6bc8958,F,0,white,0,nonhispanic,0
3275,8507,1944,1,15,,8527,0,3275,,,17708f7e-48ec-4742-94c9-7c62348651bc,M,0,white,0,nonhispanic,0
3276,8507,1979,9,12,,8527,0,3276,,,65d29e2d-6f65-45c0-bd2f-35f3a0251a60,M,0,white,0,nonhispanic,0
3277,8532,1999,10,26,,8527,0,3277,,,e5a962d9-249d-459b-b861-bd7076926918,F,0,white,0,nonhispanic,0
3278,8532,1941,10,11,,8527,0,3278,,,bfb8d497-6bcd-4994-8623-67bd732602d6,F,0,white,0,nonhispanic,0
3279,8507,1950,12,12,,8527,0,3279,,,c784e93d-940e-4a7c-9282-ad1cc2077861,M,0,white,0,nonhispanic,0
3280,8507,1968,6,15,,8527,0,3280,,,4387c8b1-06aa-41a2-960b-e3fcf72037bf,M,0,white,0,nonhispanic,0
3281,8507,1985,7,7,,8527,0,3281,,,96afce9e-192c-43bb-b547-fb0633a25b61,M,0,white,0,nonhispanic,0
3282,8532,1987,9,13,,8527,0,3282,,,bd1a5653-d465-400e-9d26-e718aa025df9,F,0,white,0,nonhispanic,0
3283,8532,1972,1,7,,8527,0,3283,,,ce2edea1-7888-478a-af4c-09f7e3b903b6,F,0,white,0,nonhispanic,0
3284,8532,1971,8,18,,8527,0,3284,,,c5bf7196-edaf-4762-82b4-b375d3fb02eb,F,0,white,0,nonhispanic,0
3285,8507,1938,10,17,,8527,0,3285,,,0dd0f74c-89a7-4f8d-a185-f41e893d038c,M,0,white,0,nonhispanic,0
3286,8507,1952,5,25,,8527,0,3286,,,3a0fb793-56ef-461d-8223-a2ddd53f6d16,M,0,white,0,nonhispanic,0
3287,8507,1939,5,11,,8527,0,3287,,,37f053d6-2327-46bd-bfb7-3842ac1183f7,M,0,white,0,nonhispanic,0
3288,8532,1967,12,15,,8527,0,3288,,,3e7b5a08-4275-4e74-9fdd-078a3774abed,F,0,white,0,nonhispanic,0
3289,8507,1992,4,10,,8527,0,3289,,,feb3c7f3-461e-4b15-9eb2-2958ec2c2bec,M,0,white,0,nonhispanic,0
3290,8532,1991,10,28,,8527,0,3290,,,193dff7d-85c9-4a44-9ed1-bcc90b451bcc,F,0,white,0,nonhispanic,0
3291,8532,1959,3,28,,8527,0,3291,,,1246ce4f-9bc5-496e-a01a-c1437ecb3d67,F,0,white,0,nonhispanic,0
3292,8532,1972,9,27,,8527,0,3292,,,a658c696-065b-485a-9008-15a0f6ec8abc,F,0,white,0,nonhispanic,0
3293,8507,1967,6,18,,8527,0,3293,,,a585aa19-13f9-42f2-84ac-162998000aa9,M,0,white,0,nonhispanic,0
3294,8507,2012,2,22,,8527,0,3294,,,01dfc7b0-2db9-4aa2-99d5-545eceb4d852,M,0,white,0,nonhispanic,0
3295,8507,2007,9,21,,8527,0,3295,,,8e66dd24-0f30-454c-8a37-d0cda24c2fd6,M,0,white,0,nonhispanic,0
3296,8507,1988,6,26,,8527,0,3296,,,924982d9-bc33-4eb8-a778-f8d1cb3da57f,M,0,white,0,nonhispanic,0
3297,8532,1998,7,18,,8527,0,3297,,,f2307db3-782c-4d82-9ed1-ac122fd44f83,F,0,white,0,nonhispanic,0
3298,8507,1939,8,8,,8527,0,3298,,,34061983-971a-4a0b-86f2-c570ab841dc1,M,0,white,0,nonhispanic,0
3299,8532,1979,7,29,,8527,0,3299,,,6b4a97d7-b998-4b54-a675-0ad8b28d32d9,F,0,white,0,nonhispanic,0
3300,8507,1939,5,11,,8527,0,3300,,,b4d68dd9-da3b-4c9b-883d-35dfc8be27df,M,0,white,0,nonhispanic,0
3301,8532,1977,12,31,,8527,0,3301,,,934a2ac7-1dc6-4d4b-a790-0bb9e0f84614,F,0,white,0,nonhispanic,0
3302,8507,1967,4,1,,8527,0,3302,,,3b74f653-55d7-4700-bd61-051ec03f1be8,M,0,white,0,nonhispanic,0
3303,8532,1953,12,4,,8527,0,3303,,,b55c93ea-a1d8-4700-afac-65ee3350fa92,F,0,white,0,nonhispanic,0
3304,8532,1965,6,18,,8527,0,3304,,,91aa6d75-9eca-4892-93b9-4ae871470dd8,F,0,white,0,nonhispanic,0
3305,8532,1982,5,10,,8527,0,3305,,,630b6839-5673-46e5-b6f9-d6ca40442347,F,0,white,0,nonhispanic,0
3306,8507,1961,1,26,,8527,0,3306,,,8bcd5330-c883-4f30-88de-23aafca7b530,M,0,white,0,nonhispanic,0
3307,8532,1940,11,6,,8527,0,3307,,,d6a2aadb-f5e0-4f1d-bb87-39514f60df0a,F,0,white,0,nonhispanic,0
3308,8507,1936,5,14,,8527,0,3308,,,f689bd93-5d5f-4af4-a3de-9d19a9aff5b8,M,0,white,0,nonhispanic,0
