measurement_id,person_id,measurement_concept_id,measurement_date,measurement_datetime,measurement_time,measurement_type_concept_id,operator_concept_id,value_as_number,value_as_concept_id,unit_concept_id,range_low,range_high,provider_id,visit_occurrence_id,visit_detail_id,measurement_source_value,measurement_source_concept_id,unit_source_value,value_source_value
11665,4659,43055141,2011-08-27,2011-08-27 00:00:00,2011-08-27,5001,0,7.0,0,,,,,23925,0,72514-3,72514-3,{score},7.0
13376,4718,43055141,2010-03-29,2010-03-29 00:00:00,2010-03-29,5001,0,7.0,0,,,,,24385,0,72514-3,72514-3,{score},7.0
13620,4726,43055141,2016-09-01,2016-09-01 00:00:00,2016-09-01,5001,0,10.0,0,,,,,24444,0,72514-3,72514-3,{score},10.0
13873,4735,43055141,2017-03-12,2017-03-12 00:00:00,2017-03-12,5001,0,8.0,0,,,,,24524,0,72514-3,72514-3,{score},8.0
