person_id,gender_concept_id,year_of_birth,month_of_birth,day_of_birth,birth_datetime,race_concept_id,ethnicity_concept_id,location_id,provider_id,care_site_id,person_source_value,gender_source_value,gender_source_concept_id,race_source_value,race_source_concept_id,ethnicity_source_value,ethnicity_source_concept_id
4642,8532,1998,1,20,,8527,0,4642,,,08efe267-58f2-462f-869d-ffd333921056,F,0,white,0,nonhispanic,0
4643,8507,1983,9,24,,8527,0,4643,,,b84dab29-5cf8-40bc-b201-7c4becaae2fc,M,0,white,0,nonhispanic,0
4644,8507,1981,2,14,,8527,0,4644,,,e8f23c90-f065-42b2-a0c9-e1c99f4183ee,M,0,white,0,nonhispanic,0
4645,8532,1977,7,24,,8527,0,4645,,,a8d23103-703b-4810-8f8a-4540536c06e4,F,0,white,0,nonhispanic,0
4646,8507,1966,11,18,,8527,0,4646,,,6e0f5066-722a-4121-9b61-7f0e4fc53a2d,M,0,white,0,nonhispanic,0
4647,8507,1963,7,16,,8527,0,4647,,,ddf6286d-bd7b-45d2-83ba-d2eadd1ff094,M,0,white,0,nonhispanic,0
4648,8532,1966,6,20,,8527,0,4648,,,7e464f52-ba19-4b7b-9804-ae82c1a42b75,F,0,white,0,nonhispanic,0
4649,8507,1972,1,17,,8527,0,4649,,,61647ffa-2668-4cf3-ad7b-558d17928cf0,M,0,white,0,nonhispanic,0
4650,8507,1984,2,22,,8527,0,4650,,,03d98c0e-5eb2-4256-b987-62848995bc76,M,0,white,0,nonhispanic,0
4651,8507,1943,4,13,,8527,0,4651,,,d9cbcabb-fa3d-433c-ae0d-f683df81b1b0,M,0,white,0,nonhispanic,0
4652,8532,1966,6,21,,8527,0,4652,,,aea1ebca-a326-4bf0-aafe-f9b457cbbc8b,F,0,white,0,nonhispanic,0
4653,8507,1963,6,20,,8527,0,4653,,,23657142-916c-4d24-8a5b-4114ada2f53d,M,0,white,0,nonhispanic,0
4654,8507,1976,5,11,,8527,0,4654,,,a5c70a4b-6463-4f64-ac38-83ae2d7f321d,M,0,white,0,nonhispanic,0
4655,8507,2011,9,9,,8527,0,4655,,,3650a907-e7b1-4ecf-b7e3-eae0bffdf2ed,M,0,white,0,nonhispanic,0
4656,8532,1968,5,10,,8527,0,4656,,,df6cd2fb-cf0b-4d36-80f0-f0a5f05b8803,F,0,white,0,nonhispanic,0
4657,8507,2011,9,9,,8527,0,4657,,,32cd08e4-e6cb-4a6d-8ec1-1fe696e5c272,M,0,white,0,nonhispanic,0
4658,8507,2001,12,29,,8527,0,4658,,,3e549b42-7385-42fe-859c-7cb6f3ad528b,M,0,white,0,nonhispanic,0
4659,8532,1971,9,6,,8527,0,4659,,,0ecb22d9-0b83-4786-9d59-389fad9df96f,F,0,white,0,nonhispanic,0
4660,8507,1967,5,16,,8527,0,4660,,,09f60217-3859-4fc8-9f55-f47936389d0a,M,0,white,0,nonhispanic,0
4661,8532,1968,1,21,,8527,0,4661,,,f75b6e38-50e9-48ff-ab5d-74c788580253,F,0,white,0,nonhispanic,0
4662,8532,1918,12,2,,8527,0,4662,,,65e4b675-2e52-463e-8e4d-fa971c6a7960,F,0,white,0,nonhispanic,0
4663,8507,1957,12,31,,8527,0,4663,,,86588496-feb1-4a77-a0a9-5d6d5b21239f,M,0,white,0,nonhispanic,0
4664,8507,1989,10,24,,8527,0,4664,,,640a116e-c3c6-4c4e-89dd-e58b26234f65,M,0,white,0,nonhispanic,0
4665,8532,2007,11,1,,8527,0,4665,,,ececcaa7-2a67-443f-8d4a-38a676b371c5,F,0,white,0,nonhispanic,0
4666,8507,1955,1,9,,8527,0,4666,,,45173694-87d3-4339-a503-314d1114d9de,M,0,white,0,nonhispanic,0
4667,8532,1964,1,1,,8527,0,4667,,,787c25c3-7cba-4ced-8198-6fd9d3646e7b,F,0,white,0,nonhispanic,0
4668,8507,1958,1,27,,8527,0,4668,,,bab0969e-1089-4710-b8b1-c0f2feeb4672,M,0,white,0,nonhispanic,0
4669,8507,2013,6,21,,8527,0,4669,,,9b93ec0e-7280-4a8f-ab0c-3d5eabf3db16,M,0,white,0,nonhispanic,0
4670,8507,1994,10,9,,8527,0,4670,,,31704868-246d-45b0-b9d4-d39cfa303ac4,M,0,white,0,nonhispanic,0
4671,8532,1942,3,10,,8527,0,4671,,,f07e0e15-fa3e-4565-a223-01c6e8f689f1,F,0,white,0,nonhispanic,0
4672,8532,1979,12,30,,8527,0,4672,,,2f6cc2ad-e3cf-49f7-b08b-00e4a1ae828f,F,0,white,0,nonhispanic,0
4673,8507,2007,10,8,,8527,0,4673,,,ba8e4563-05f6-495c-a560-1a3ab14697bb,M,0,white,0,nonhispanic,0
4674,8532,1995,4,11,,8527,0,4674,,,7536763c-f630-4d07-a009-3e1b2734903c,F,0,white,0,nonhispanic,0
4675,8532,1999,10,12,,8527,0,4675,,,aa337ea0-6a79-4927-a3a1-3b4f419c4e52,F,0,white,0,nonhispanic,0
4676,8507,1987,7,1,,8527,0,4676,,,07c81c69-2702-47b7-a6ef-4770a272e4d3,M,0,white,0,nonhispanic,0
4677,8532,2000,12,22,,8527,0,4677,,,740c93fc-7d80-457a-9e82-5fa7c9acb66c,F,0,white,0,nonhispanic,0
4678,8532,1981,3,19,,8527,0,4678,,,c4dc8d13-2f7e-4975-a796-5e7e935ed74a,F,0,white,0,nonhispanic,0
4679,8507,1999,8,3,,8527,0,4679,,,cc432be3-d2a2-410a-9542-bd5500911c46,M,0,white,0,nonhispanic,0
4680,8532,1981,12,15,,8527,0,4680,,,13837aeb-9666-49b3-8438-27be72c59602,F,0,white,0,nonhispanic,0
4681,8532,1910,7,23,,8527,0,4681,,,7f7ba825-a4d1-41ed-aefe-f00a790c0e0f,F,0,white,0,nonhispanic,0
4682,8532,1998,7,26,,8527,0,4682,,,4cd0ff37-019a-478d-9261-e62a6a55019e,F,0,white,0,nonhispanic,0
4683,8507,1987,7,4,,8527,0,4683,,,ab9020cd-6bde-4232-8e70-31477c24a670,M,0,white,0,nonhispanic,0
4684,8532,1951,3,4,,8527,0,4684,,,345f8ea7-18d6-43d1-bdae-dac7fec21979,F,0,white,0,nonhispanic,0
4685,8507,1982,10,10,,8527,0,4685,,,0c484535-1d32-4f6c-9fb9-60dbbca3dd21,M,0,white,0,nonhispanic,0
4686,8532,1981,5,28,,8527,0,4686,,,d0d237a1-996d-4cee-a361-dcf3777ec3c1,F,0,white,0,nonhispanic,0
4687,8532,1997,5,14,,8527,0,4687,,,d7e70ceb-d9da-415d-b42f-566dacb4ab72,F,0,white,0,nonhispanic,0
4688,8532,1983,1,28,,8527,0,4688,,,97bd00b5-21e5-4fe5-aa2a-5866a3878371,F,0,white,0,nonhispanic,0
4689,8532,1953,7,16,,8527,0,4689,,,d82a394b-bc1e-48f3-931c-f330421c503f,F,0,white,0,nonhispanic,0
4690,8507,1954,6,17,,8527,0,4690,,,875d523f-1217-43de-8d89-470e26de2b1c,M,0,white,0,nonhispanic,0
4691,8532,1976,10,22,,8527,0,4691,,,0176c620-2f24-4150-ae35-55d7b3036208,F,0,white,0,nonhispanic,0
4692,8507,1997,3,27,,8527,0,4692,,,9ee5e75d-2307-44a9-9eb0-f8edec73c1c1,M,0,white,0,nonhispanic,0
4693,8507,1982,10,10,,8527,0,4693,,,c1821e66-e68a-4ef4-833d-0d18d3b6b414,M,0,white,0,nonhispanic,0
4694,8532,2005,6,12,,8527,0,4694,,,50220e46-c8c7-482b-bca1-39c7c85a1932,F,0,white,0,nonhispanic,0
4695,8532,1994,11,9,,8527,0,4695,,,9d240554-030a-46ab-9c6a-95b9dfe0bdc6,F,0,white,0,nonhispanic,0
4696,8507,2018,10,23,,8527,0,4696,,,4aaaef2d-7d41-4265-baa2-9779679e2780,M,0,white,0,nonhispanic,0
4697,8532,2013,8,16,,8527,0,4697,,,03dd123d-68f2-4523-8edf-94410996a89d,F,0,white,0,nonhispanic,0
4698,8532,1976,9,9,,8527,0,4698,,,629643c4-b529-4701-8730-4634c731f312,F,0,white,0,nonhispanic,0
4699,8532,1988,3,5,,8527,0,4699,,,89233b41-a620-429e-9720-cbe7a65f1763,F,0,white,0,nonhispanic,0
4700,8532,1952,6,16,,8527,0,4700,,,21c000c2-4bbb-4e24-a117-23b9a248e50d,F,0,white,0,nonhispanic,0
4701,8532,1975,3,4,,8527,0,4701,,,6ec3cb94-c918-404b-b0e3-0957b32aebbb,F,0,white,0,nonhispanic,0
4702,8532,1987,2,7,,8527,0,4702,,,1368b1f5-208d-4c3c-bfb4-0d21145350f7,F,0,white,0,nonhispanic,0
4703,8507,1948,1,19,,8527,0,4703,,,44fffd07-f9e7-4e7d-b3f2-3b7bde09e553,M,0,white,0,nonhispanic,0
4704,8532,1967,8,13,,8527,0,4704,,,df4ac268-5763-4b82-9992-7b7b887fbb69,F,0,white,0,nonhispanic,0
4705,8532,1953,6,7,,8527,0,4705,,,200bb13a-71fa-40be-8043-5b039280742b,F,0,white,0,nonhispanic,0
4706,8532,2012,8,1,,8527,0,4706,,,7462195f-2af5-4f71-848f-9fe956c2b07f,F,0,white,0,nonhispanic,0
4707,8507,1996,6,26,,8527,0,4707,,,488a4f9f-9bb8-490a-b52f-43691a3c1df7,M,0,white,0,nonhispanic,0
4708,8532,1936,1,7,,8527,0,4708,,,e3b004aa-d5ca-41b8-bf4f-d2cec61ae504,F,0,white,0,nonhispanic,0
4709,8532,1979,1,1,,8527,0,4709,,,8a3f5872-ad86-4e51-8761-91a6c7bf706d,F,0,white,0,nonhispanic,0
4710,8507,1988,3,26,,8527,0,4710,,,647cf2f0-88de-435e-a20d-c756dadab25c,M,0,white,0,nonhispanic,0
4711,8532,1956,6,30,,8527,0,4711,,,97ddc856-0e3f-4817-b33e-95d2b94c0164,F,0,white,0,nonhispanic,0
4712,8507,1985,3,13,,8527,0,4712,,,b0ce4837-d560-4329-8157-565cd74f301a,M,0,white,0,nonhispanic,0
4713,8507,1988,8,18,,8527,0,4713,,,a427e669-d1f4-48e3-b9b5-0657e930613d,M,0,white,0,nonhispanic,0
4714,8507,1978,4,7,,8527,0,4714,,,0b6f2ebf-08d2-4a43-a49e-d5ad9634be77,M,0,white,0,nonhispanic,0
4715,8507,1989,1,25,,8527,0,4715,,,ea2a916b-3caf-4cee-8ac6-e9bf872bef6c,M,0,white,0,nonhispanic,0
4716,8532,1977,7,5,,8527,0,4716,,,23ac5133-1ca2-4df5-b9bc-96b2cb9ec2a7,F,0,white,0,nonhispanic,0
4717,8507,2015,9,28,,8527,0,4717,,,82f583be-ff1e-498b-97e1-8661b4b31c4e,M,0,white,0,nonhispanic,0
4718,8532,1959,4,11,,8527,0,4718,,,30880b05-98ac-409a-8f6d-1610fb8cc322,F,0,white,0,nonhispanic,0
4719,8507,1962,4,5,,8527,0,4719,,,1aa3aff5-90c1-4ec1-8981-e7d94fe388da,M,0,white,0,nonhispanic,0
4720,8507,1965,7,29,,8527,0,4720,,,abf281c2-394e-40ed-a7f7-99ba840d5b3f,M,0,white,0,nonhispanic,0
4721,8507,1982,1,10,,8527,0,4721,,,b3edb89a-04a0-47ce-834b-d879a294376f,M,0,white,0,nonhispanic,0
4722,8507,1966,8,3,,8527,0,4722,,,d1d01410-b212-4c9c-998d-12a7960a4cbe,M,0,white,0,nonhispanic,0
4723,8507,1968,7,23,,8527,0,4723,,,291c60f5-2cb9-41be-8bf6-13659764cff4,M,0,white,0,nonhispanic,0
4724,8532,1980,7,6,,8527,0,4724,,,e508dd6c-0721-4abf-9d6a-66427b38c337,F,0,white,0,nonhispanic,0
4725,8532,1978,6,5,,8527,0,4725,,,bbc0e6e3-df75-4028-9518-965e593319b0,F,0,white,0,nonhispanic,0
4726,8507,1951,9,18,,8527,0,4726,,,92ea2c38-8156-4fe1-8c58-7c2539ee5b82,M,0,white,0,nonhispanic,0
4727,8507,1979,1,14,,8527,0,4727,,,53950bb5-d637-4c4d-8b48-a4b0a31c277d,M,0,white,0,nonhispanic,0
4728,8507,1959,3,5,,8527,0,4728,,,698b9498-bf29-4be3-a2bf-8d63f8b477cd,M,0,white,0,nonhispanic,0
4729,8532,2018,10,25,,8527,0,4729,,,7a027d27-f044-47e8-855c-2b29158a21b4,F,0,white,0,nonhispanic,0
4730,8532,2007,6,18,,8527,0,4730,,,959cd33d-eb2f-457e-9efb-6de14b22e3ee,F,0,white,0,nonhispanic,0
4731,8507,2006,8,25,,8527,0,4731,,,769a4007-2779-435a-91e3-68c8656129b6,M,0,white,0,nonhispanic,0
4732,8532,1961,3,19,,8527,0,4732,,,a43c73e8-ec54-43c9-bdfd-67d8269d34f3,F,0,white,0,nonhispanic,0
4733,8507,2003,9,30,,8527,0,4733,,,6744aed0-d0dc-449d-be3e-854ba517c0f0,M,0,white,0,nonhispanic,0
4734,8507,1961,7,23,,8527,0,4734,,,d9183156-aeb8-47e4-8d89-af0643bd0597,M,0,white,0,nonhispanic,0
4735,8532,1961,3,26,,8527,0,4735,,,f4416593-83ae-4eea-b654-90c30e6f4819,F,0,white,0,nonhispanic,0
4736,8507,2018,1,12,,8527,0,4736,,,72199050-cfba-4269-8490-9cc47c8ce0bb,M,0,white,0,nonhispanic,0
4737,8507,1981,7,13,,8527,0,4737,,,3ac9d0d5-ebc6-4486-83ce-81947140f059,M,0,white,0,nonhispanic,0
4738,8532,1945,1,6,,8527,0,4738,,,965f5cec-179e-4701-81ac-80a994b58f53,F,0,white,0,nonhispanic,0
4739,8532,2010,1,6,,8527,0,4739,,,b9b9adc9-3e70-4ba0-be36-d1c9b57a496f,F,0,white,0,nonhispanic,0
4740,8507,1984,1,15,,8527,0,4740,,,b7977e52-bbff-4426-820a-29665514fe9d,M,0,white,0,nonhispanic,0
4741,8507,1966,10,1,,8527,0,4741,,,688dda5e-5e5e-4ceb-80ef-37f100869caa,M,0,white,0,nonhispanic,0
4742,8507,2001,12,25,,8527,0,4742,,,1d11f339-1dd5-4e9f-8d24-411692abd8db,M,0,white,0,nonhispanic,0
4743,8507,1990,1,15,,8527,0,4743,,,02467d72-55fe-45d1-80a3-a55884b3836f,M,0,white,0,nonhispanic,0
