START,STOP,PATIENT,ENCOUNTER,CODE,DESCRIPTION
1979-11-05,,8dabb2ad-8ae3-4754-b366-013a35f05ce3,ad948ce8-12a5-48c2-9c6e-0187a97205aa,410429000,Cardiac Arrest
1979-11-05,,8dabb2ad-8ae3-4754-b366-013a35f05ce3,ad948ce8-12a5-48c2-9c6e-0187a97205aa,429007001,History of cardiac arrest (situation)
2013-06-21,,0112163b-c633-439b-bdfa-a4831ce33ee3,33ba0131-6245-480a-a507-49702f7e3d0d,53741008,Coronary Heart Disease
2014-04-11,,0112163b-c633-439b-bdfa-a4831ce33ee3,18c8a0fa-2e02-41f0-9acf-a9b4a8917a1f,22298006,Myocardial Infarction
2014-04-11,,0112163b-c633-439b-bdfa-a4831ce33ee3,18c8a0fa-2e02-41f0-9acf-a9b4a8917a1f,399211009,History of myocardial infarction (situation)
2014-06-23,,4830a18b-6d1b-493d-bc35-de5c8c412039,23026eb3-6c16-49c2-bed3-a7f03a02bea8,49436004,Atrial Fibrillation
1989-05-26,,53c7f3a3-22cf-44d7-98d7-9df33cf03328,6271daa4-4992-40aa-913c-0b38d362447d,230690007,Stroke
2011-08-06,,a2dc533d-33d8-4cef-bb59-eba19003bda6,423d7600-ec80-4a1c-b82b-2e64d71fafaf,53741008,Coronary Heart Disease
2018-02-03,,a2dc533d-33d8-4cef-bb59-eba19003bda6,56eee457-a845-4273-b801-28a69818a5a3,22298006,Myocardial Infarction
2018-02-03,,a2dc533d-33d8-4cef-bb59-eba19003bda6,56eee457-a845-4273-b801-28a69818a5a3,399211009,History of myocardial infarction (situation)
1996-06-22,,f98bef3e-4719-4f83-b47a-6d98563c4b64,cb26d1c1-e93f-4200-b49a-065825ce3290,410429000,Cardiac Arrest
1996-06-22,,f98bef3e-4719-4f83-b47a-6d98563c4b64,cb26d1c1-e93f-4200-b49a-065825ce3290,429007001,History of cardiac arrest (situation)
1998-01-25,,deed047b-3553-474b-b322-79d34b5724d9,aa213031-b77b-4dcd-9cb1-30c29288ace8,410429000,Cardiac Arrest
1998-01-25,,deed047b-3553-474b-b322-79d34b5724d9,aa213031-b77b-4dcd-9cb1-30c29288ace8,429007001,History of cardiac arrest (situation)
2019-06-02,,deed047b-3553-474b-b322-79d34b5724d9,0c782ab5-2b86-418f-922d-e8840b18ac6d,49436004,Atrial Fibrillation
1995-12-02,,06483c3c-b310-4a00-aa86-db9594d33381,0e8ceeec-5a70-4d27-bc3c-1b8ce3afa541,410429000,Cardiac Arrest
1995-12-02,,06483c3c-b310-4a00-aa86-db9594d33381,0e8ceeec-5a70-4d27-bc3c-1b8ce3afa541,429007001,History of cardiac arrest (situation)
2009-06-16,,77e83710-caba-4adf-b5b7-0e6ee21d4f0d,dbd46651-3f8a-4f36-aabd-1ca7aaecdeed,230690007,Stroke
1994-05-08,,965cad90-8a22-4b76-9e88-5166d0095d7d,dc5f9548-1c89-45e1-94c1-7a3698e29dbf,410429000,Cardiac Arrest
1994-05-08,,965cad90-8a22-4b76-9e88-5166d0095d7d,dc5f9548-1c89-45e1-94c1-7a3698e29dbf,429007001,History of cardiac arrest (situation)
1963-04-03,,25debc7a-9ba0-496a-9a91-0bcc11a62575,336e10ad-8198-4aa0-869c-4329bdc58b26,410429000,Cardiac Arrest
1963-04-03,,25debc7a-9ba0-496a-9a91-0bcc11a62575,336e10ad-8198-4aa0-869c-4329bdc58b26,429007001,History of cardiac arrest (situation)
1998-12-09,,25debc7a-9ba0-496a-9a91-0bcc11a62575,65526d84-5c33-428f-860f-d4e09176c856,230690007,Stroke
1992-01-11,,26b3641c-887a-4f52-9d25-3fde4b8bc81b,9cf47748-867c-4625-9cdd-e361dabc45f2,410429000,Cardiac Arrest
1992-01-11,,26b3641c-887a-4f52-9d25-3fde4b8bc81b,9cf47748-867c-4625-9cdd-e361dabc45f2,429007001,History of cardiac arrest (situation)
1987-09-14,,b02534b4-fc7a-48cd-b9bd-513a55c29169,41d9f34f-0b80-48ac-a801-a1cf2f1b7ee3,49436004,Atrial Fibrillation
2012-12-05,,dea4e7c1-7020-4060-8af2-57cda915db9f,8f8e0c6f-57a4-4869-a334-f1f63fc78035,230690007,Stroke
2016-07-03,,6ba8e865-091c-4dd1-aa47-c9d99c53534e,e2143f68-e2e2-4436-80b7-f77e51dd7174,230690007,Stroke
1992-08-05,,0533292b-b421-4ae4-a305-3aa4c74d5cd5,120e7331-39fc-4fa9-ace5-bfc309c02208,230690007,Stroke
1987-10-19,,eef9c357-a4ca-4470-8483-a18b3d1e14bf,1a53765b-72b7-45cb-a17f-cfeb7962e9db,53741008,Coronary Heart Disease
2000-04-10,,eef9c357-a4ca-4470-8483-a18b3d1e14bf,55a0c812-df60-4e0a-851d-98c8cdfcc054,230690007,Stroke
