START,STOP,PATIENT,PAYER,ENCOUNTER,CODE,DESCRIPTION,BASE_COST,PAYER_COVERAGE,DISPENSES,TOTALCOST,REASONCODE,REASONDESCRIPTION
2013-06-21,2014-04-11,0112163b-c633-439b-bdfa-a4831ce33ee3,b1c428d6-4f07-31e0-90f0-68ffa6ff8c76,33ba0131-6245-480a-a507-49702f7e3d0d,309362,Clopidogrel 75 MG Oral Tablet,18.18,0.00,9,163.62,,
2013-06-21,,0112163b-c633-439b-bdfa-a4831ce33ee3,b1c428d6-4f07-31e0-90f0-68ffa6ff8c76,33ba0131-6245-480a-a507-49702f7e3d0d,312961,Simvastatin 20 MG Oral Tablet,31.00,0.00,10,310.00,,
2013-06-21,,0112163b-c633-439b-bdfa-a4831ce33ee3,b1c428d6-4f07-31e0-90f0-68ffa6ff8c76,33ba0131-6245-480a-a507-49702f7e3d0d,197361,Amlodipine 5 MG Oral Tablet,2.55,0.00,10,25.50,,
2013-06-21,2014-04-11,0112163b-c633-439b-bdfa-a4831ce33ee3,b1c428d6-4f07-31e0-90f0-68ffa6ff8c76,33ba0131-6245-480a-a507-49702f7e3d0d,705129,Nitroglycerin 0.4 MG/ACTUAT Mucosal Spray,60.81,0.00,9,547.29,,
2014-04-11,2014-04-11,0112163b-c633-439b-bdfa-a4831ce33ee3,b1c428d6-4f07-31e0-90f0-68ffa6ff8c76,18c8a0fa-2e02-41f0-9acf-a9b4a8917a1f,259255,Atorvastatin 80 MG Oral Tablet,161.18,0.00,1,161.18,,
2014-04-11,2014-04-11,0112163b-c633-439b-bdfa-a4831ce33ee3,b1c428d6-4f07-31e0-90f0-68ffa6ff8c76,18c8a0fa-2e02-41f0-9acf-a9b4a8917a1f,833036,Captopril 25 MG Oral Tablet,45.51,0.00,1,45.51,,
2014-06-23,,4830a18b-6d1b-493d-bc35-de5c8c412039,b1c428d6-4f07-31e0-90f0-68ffa6ff8c76,23026eb3-6c16-49c2-bed3-a7f03a02bea8,855332,Warfarin Sodium 5 MG Oral Tablet,36.66,0.00,69,2529.54,,
2014-06-23,,4830a18b-6d1b-493d-bc35-de5c8c412039,b1c428d6-4f07-31e0-90f0-68ffa6ff8c76,23026eb3-6c16-49c2-bed3-a7f03a02bea8,897718,Verapamil Hydrochloride 40 MG,113.70,0.00,69,7845.30,,
2014-06-23,,4830a18b-6d1b-493d-bc35-de5c8c412039,b1c428d6-4f07-31e0-90f0-68ffa6ff8c76,23026eb3-6c16-49c2-bed3-a7f03a02bea8,197604,Digoxin 0.125 MG Oral Tablet,79.66,0.00,69,5496.54,,
2011-08-06,2018-02-03,a2dc533d-33d8-4cef-bb59-eba19003bda6,b1c428d6-4f07-31e0-90f0-68ffa6ff8c76,423d7600-ec80-4a1c-b82b-2e64d71fafaf,309362,Clopidogrel 75 MG Oral Tablet,96.63,0.00,79,7633.77,,
2011-08-06,,a2dc533d-33d8-4cef-bb59-eba19003bda6,b1c428d6-4f07-31e0-90f0-68ffa6ff8c76,423d7600-ec80-4a1c-b82b-2e64d71fafaf,312961,Simvastatin 20 MG Oral Tablet,45.58,0.00,79,3600.82,,
2011-08-06,,a2dc533d-33d8-4cef-bb59-eba19003bda6,b1c428d6-4f07-31e0-90f0-68ffa6ff8c76,423d7600-ec80-4a1c-b82b-2e64d71fafaf,197361,Amlodipine 5 MG Oral Tablet,11.40,0.00,79,900.60,,
2011-08-06,2018-02-03,a2dc533d-33d8-4cef-bb59-eba19003bda6,b1c428d6-4f07-31e0-90f0-68ffa6ff8c76,423d7600-ec80-4a1c-b82b-2e64d71fafaf,705129,Nitroglycerin 0.4 MG/ACTUAT Mucosal Spray,351.62,0.00,79,27777.98,,
2018-02-03,2018-02-03,a2dc533d-33d8-4cef-bb59-eba19003bda6,b1c428d6-4f07-31e0-90f0-68ffa6ff8c76,56eee457-a845-4273-b801-28a69818a5a3,259255,Atorvastatin 80 MG Oral Tablet,256.68,0.00,1,256.68,,
2018-02-03,2018-02-03,a2dc533d-33d8-4cef-bb59-eba19003bda6,b1c428d6-4f07-31e0-90f0-68ffa6ff8c76,56eee457-a845-4273-b801-28a69818a5a3,833036,Captopril 25 MG Oral Tablet,97.18,0.00,1,97.18,,
2019-06-02,,deed047b-3553-474b-b322-79d34b5724d9,b1c428d6-4f07-31e0-90f0-68ffa6ff8c76,0c782ab5-2b86-418f-922d-e8840b18ac6d,855332,Warfarin Sodium 5 MG Oral Tablet,121.83,0.00,9,1096.47,,
2019-06-02,,deed047b-3553-474b-b322-79d34b5724d9,b1c428d6-4f07-31e0-90f0-68ffa6ff8c76,0c782ab5-2b86-418f-922d-e8840b18ac6d,897718,Verapamil Hydrochloride 40 MG,60.82,0.00,9,547.38,,
2019-06-02,,deed047b-3553-474b-b322-79d34b5724d9,b1c428d6-4f07-31e0-90f0-68ffa6ff8c76,0c782ab5-2b86-418f-922d-e8840b18ac6d,197604,Digoxin 0.125 MG Oral Tablet,87.36,0.00,9,786.24,,
1998-12-09,1998-12-09,25debc7a-9ba0-496a-9a91-0bcc11a62575,b1c428d6-4f07-31e0-90f0-68ffa6ff8c76,65526d84-5c33-428f-860f-d4e09176c856,309362,Clopidogrel 75 MG Oral Tablet,32.10,0.00,1,32.10,,
1998-12-09,1998-12-09,25debc7a-9ba0-496a-9a91-0bcc11a62575,b1c428d6-4f07-31e0-90f0-68ffa6ff8c76,65526d84-5c33-428f-860f-d4e09176c856,1804799,Alteplase 100 MG Injection,6277.88,0.00,1,6277.88,,
1987-09-14,,b02534b4-fc7a-48cd-b9bd-513a55c29169,b1c428d6-4f07-31e0-90f0-68ffa6ff8c76,41d9f34f-0b80-48ac-a801-a1cf2f1b7ee3,855332,Warfarin Sodium 5 MG Oral Tablet,110.32,0.00,395,43576.40,,
1987-09-14,,b02534b4-fc7a-48cd-b9bd-513a55c29169,b1c428d6-4f07-31e0-90f0-68ffa6ff8c76,41d9f34f-0b80-48ac-a801-a1cf2f1b7ee3,897718,Verapamil Hydrochloride 40 MG,104.75,0.00,395,41376.25,,
1987-09-14,,b02534b4-fc7a-48cd-b9bd-513a55c29169,b1c428d6-4f07-31e0-90f0-68ffa6ff8c76,41d9f34f-0b80-48ac-a801-a1cf2f1b7ee3,197604,Digoxin 0.125 MG Oral Tablet,70.81,0.00,395,27969.95,,
2012-12-05,2012-12-05,dea4e7c1-7020-4060-8af2-57cda915db9f,b1c428d6-4f07-31e0-90f0-68ffa6ff8c76,8f8e0c6f-57a4-4869-a334-f1f63fc78035,309362,Clopidogrel 75 MG Oral Tablet,54.43,0.00,1,54.43,,
2012-12-05,2012-12-05,dea4e7c1-7020-4060-8af2-57cda915db9f,b1c428d6-4f07-31e0-90f0-68ffa6ff8c76,8f8e0c6f-57a4-4869-a334-f1f63fc78035,1804799,Alteplase 100 MG Injection,6597.02,0.00,1,6597.02,,
2016-07-03,2016-07-03,6ba8e865-091c-4dd1-aa47-c9d99c53534e,b1c428d6-4f07-31e0-90f0-68ffa6ff8c76,e2143f68-e2e2-4436-80b7-f77e51dd7174,309362,Clopidogrel 75 MG Oral Tablet,20.47,0.00,1,20.47,,
2016-07-03,2016-07-03,6ba8e865-091c-4dd1-aa47-c9d99c53534e,b1c428d6-4f07-31e0-90f0-68ffa6ff8c76,e2143f68-e2e2-4436-80b7-f77e51dd7174,1804799,Alteplase 100 MG Injection,6379.25,0.00,1,6379.25,,
1987-10-19,,eef9c357-a4ca-4470-8483-a18b3d1e14bf,b1c428d6-4f07-31e0-90f0-68ffa6ff8c76,1a53765b-72b7-45cb-a17f-cfeb7962e9db,705129,Nitroglycerin 0.4 MG/ACTUAT Mucosal Spray,213.84,0.00,394,84252.96,,
1991-11-11,,eef9c357-a4ca-4470-8483-a18b3d1e14bf,b1c428d6-4f07-31e0-90f0-68ffa6ff8c76,e63002a3-f9ed-49d4-9224-6a4733a7b6ba,312961,Simvastatin 20 MG Oral Tablet,9.69,0.00,344,3333.36,,
1994-11-28,,eef9c357-a4ca-4470-8483-a18b3d1e14bf,b1c428d6-4f07-31e0-90f0-68ffa6ff8c76,50baa29e-4d2d-4855-b548-5e8494a558b4,197361,Amlodipine 5 MG Oral Tablet,25.87,0.00,307,7942.09,,
1997-12-15,2000-04-10,eef9c357-a4ca-4470-8483-a18b3d1e14bf,b1c428d6-4f07-31e0-90f0-68ffa6ff8c76,5cb14b1e-a91f-42ec-9f3d-20b421899e53,309362,Clopidogrel 75 MG Oral Tablet,38.23,0.00,28,1070.44,,
2001-01-01,,eef9c357-a4ca-4470-8483-a18b3d1e14bf,b1c428d6-4f07-31e0-90f0-68ffa6ff8c76,13fd8a4c-62f2-4895-b1e0-821288c353e3,309362,Clopidogrel 75 MG Oral Tablet,42.90,0.00,233,9995.70,,
