Id,BIRTHDATE,DEATHDATE,SSN,DRIVERS,PASSPORT,PREFIX,FIRST,LAST,SUFFIX,MAIDEN,MARITAL,RACE,ETHNICITY,GENDER,BIRTHPLACE,ADDRESS,CITY,STATE,COUNTY,ZIP,LAT,LON,HEALTHCARE_EXPENSES,HEALTHCARE_COVERAGE
26cfd175-ce68-4834-9cea-fc187536fb29,2018-02-20,,999-42-8946,,,,Musse,Silander,,,,white,nonhispanic,M,Helsinki  Uusimaa  FI,904 Harvima Katu Unit 52,Helsinki,Uusimaa,Helsinki,00130,60.23699006783829,24.90665812793115,1125.0,0.0
e86c6370-50be-4fa1-a3b3-bd2b278913ad,2015-06-13,,999-98-6726,,,,Riikka-Sisko,Listokorpi,,,,white,nonhispanic,F,Kirkkonummi  Uusimaa  FI,624 Poranen Katu,Vihti,Uusimaa,Vihti,03100,60.40252055214707,24.38881777316824,1625.0,0.0
4c673ba1-44ab-4e21-8430-8623dcc3d23a,2008-10-03,,999-56-2484,,,,Tervo,Sumkin,,,,white,nonhispanic,M,Espoo  Uusimaa  FI,315 Liikka Katu Unit 91,Helsinki,Uusimaa,Helsinki,00250,60.18503182889537,24.99603754935628,2500.0,0.0
dfae9d7b-f2e2-4e2c-8765-54a7e69e9129,2007-04-08,,999-62-9804,,,,Mateus,Mendolin,,,,white,nonhispanic,M,Helsinki  Uusimaa  FI,761 Purolinna Katu Unit 93,Helsinki,Uusimaa,Helsinki,00500,60.29945079736208,24.945432119824172,2625.0,0.0
879630d4-fa72-4105-81c8-81cc71b1dd6c,2013-12-16,,999-63-4426,,,,Juha-Markus,Kannonmaa,,,,white,nonhispanic,M,Helsinki  Uusimaa  FI,918 Lindeman Katu Suite 82,Helsinki,Uusimaa,Helsinki,00530,60.20905250506254,24.906563532137188,1875.0,0.0
17da8be0-a6e6-4238-b06b-be1605286537,1994-04-30,,999-74-3003,S99914352,X70193487X,Mr.,Leon,Kyrkkö,,,,white,nonhispanic,M,Hanko  Uusimaa  FI,414 Länkimäki Katu Suite 19,Helsinki,Uusimaa,Helsinki,00860,60.16433004829681,25.073314148557223,3750.0,0.0
cf0141e8-5f9a-44f3-b450-ffcff4597f56,1984-07-27,,999-42-3068,S99981108,X30077980X,Mr.,Niko-Ville,Pyyhkälä,,,M,white,nonhispanic,M,Helsinki  Uusimaa  FI,817 Ihanus Katu,Kirkkonummi,Uusimaa,Kirkkonummi,02540,60.154492183488586,24.596073800053205,4125.0,0.0
488264ff-0d14-4964-9832-1a8c3255c9ab,1980-07-15,,999-36-4673,S99919996,X77885530X,Mrs.,Hannah,Ylä-Rautio,,Lemmilä,M,white,nonhispanic,F,Espoo  Uusimaa  FI,460 Bärholm Katu Unit 81,Helsinki,Uusimaa,Helsinki,00100,60.17699160159658,25.081478395270004,4250.0,0.0
9e86db0c-60e1-4c18-8ada-da72149eeddc,1969-05-13,,999-75-5646,S99983991,X53622305X,Mrs.,Emma,Tevaniemi,,Sulkakoski,M,white,nonhispanic,F,Siuntio  Uusimaa  FI,342 Pettilä Katu Unit 4,Helsinki,Uusimaa,Helsinki,00540,60.1609569631767,25.028748389900457,5000.0,0.0
c29b3b93-a2cf-4f06-bcfc-ba7313d0b986,1989-02-06,,999-72-8090,S99925753,X5455202X,Mrs.,Marja-Tuulia,Honkaselkä,,Kontti,M,white,nonhispanic,F,Vantaa  Uusimaa  FI,705 Nars Katu Unit 72,Helsinki,Uusimaa,Helsinki,00630,60.24868353833676,24.862045872487496,3875.0,0.0
8dabb2ad-8ae3-4754-b366-013a35f05ce3,1959-10-26,,999-84-7663,S99970436,X56105736X,Mr.,Rain,Matala,,,M,white,nonhispanic,M,Porvoo  Uusimaa  FI,242 Moijanen Katu,Vantaa,Uusimaa,Vantaa,01530,60.30592551155406,25.013302213987007,6485.7,0.0
1fde5ed4-6725-470a-8346-9ee638a6a26b,1986-04-19,,999-63-3715,S99989584,X42697045X,Mr.,Antti-Matias,Unga,,,M,white,nonhispanic,M,Helsinki  Uusimaa  FI,432 Avikainen Katu,Vantaa,Uusimaa,Vantaa,01750,60.258798471276386,24.819029579319118,4000.0,0.0
0be09a12-3ff2-4df3-b937-6c9f19c61c28,1995-10-30,,999-91-6855,S99940016,X14351312X,Ms.,Reine,Vesterback,,,,white,nonhispanic,F,Järvenpää  Uusimaa  FI,627 Kivihalme Katu Apt 20,Järvenpää,Uusimaa,Järvenpää,04410,60.43037288598991,25.054430712114094,3625.0,0.0
0112163b-c633-439b-bdfa-a4831ce33ee3,1941-02-14,2014-04-11,999-47-7067,S99987967,X56708788X,Mr.,Onervo,Kuki,,,M,white,nonhispanic,M,Helsinki  Uusimaa  FI,655 Sillander Katu,Hanko,Uusimaa,Hanko,10900,59.84199086973036,23.153459793726363,8160.68,0.0
14f45758-2e84-4b04-acd4-dde2ef550e9a,1991-09-04,,999-84-5767,S99911480,X37032130X,Mr.,Ismet,Hono,,,M,white,nonhispanic,M,Helsinki  Uusimaa  FI,227 Kostiander Katu,Helsinki,Uusimaa,Helsinki,00340,60.23465247493475,24.969979329509233,3875.0,0.0
3dabf612-05b3-4e47-bcaf-548eb97279d9,1999-10-31,,999-44-5507,S99987055,X33012054X,Ms.,Riana,Amiri,,,,white,nonhispanic,F,Vantaa  Uusimaa  FI,579 Ahtola Katu Apt 54,Helsinki,Uusimaa,Helsinki,00120,60.24100610875373,25.07558520367853,3500.0,0.0
a51a1231-faee-48a2-b763-0ca956540c4f,1979-03-31,,999-43-7906,S99954399,X39040991X,Mrs.,Jael,Lidman,,Erkheikki,M,white,nonhispanic,F,Kerava  Uusimaa  FI,414 Honkavuori Katu,Helsinki,Uusimaa,Helsinki,00300,60.222620908245304,25.062011032081408,4375.0,0.0
7c9ca103-3782-4730-9d79-7435536e85ef,1982-09-21,,999-35-6483,S99967949,X34688593X,Mr.,Mohammed,Jyräkoski,,,M,white,nonhispanic,M,Helsinki  Uusimaa  FI,662 Teiskonen Katu Unit 15,Vantaa,Uusimaa,Vantaa,01200,60.234319114384576,24.954568719999855,4250.0,0.0
68a17984-2903-49b9-b579-43fb5eae96dd,1961-07-14,,999-75-5316,S99922819,X34304073X,Ms.,Sunita,Kuntanen,,,S,white,nonhispanic,F,Moscow  Moscow  RU,152 Ala-Risku Katu Suite 60,Espoo,Uusimaa,Espoo,02180,60.21165935727673,24.631426829880944,6000.0,0.0
4830a18b-6d1b-493d-bc35-de5c8c412039,1957-05-13,,999-12-9864,S99964783,X60272193X,Mr.,Sami-Pekka,von Hertzen,,,M,white,nonhispanic,M,Sipoo  Uusimaa  FI,267 Kiilamaa Katu,Hyvinkää,Uusimaa,Hyvinkää,05460,60.57389926220439,24.79887873104495,6500.0,0.0
b2256849-8f62-46ef-b0fc-f4738536c404,1947-11-22,,999-23-1490,S99955383,X14122393X,Mrs.,Tuulikki,Sirainen,,Knape,M,white,nonhispanic,F,Helsinki  Uusimaa  FI,795 Kartimo Katu,Sipoo,Uusimaa,Sipoo,01190,60.315441934649385,25.30657212919504,7625.0,0.0
5fe770ff-6ebe-4eff-9b90-4130cff22322,1948-04-30,,999-57-3951,S99979496,X1181322X,Mr.,Jere-Pekka,Tatti,,,M,white,nonhispanic,M,Helsinki  Uusimaa  FI,866 Saarilehto Katu Apt 67,Mäntsälä,Uusimaa,Mäntsälä,04920,60.75602963548204,25.328311732329084,7625.0,0.0
7a7badc4-af67-41d8-bbf3-bc760889c9f8,1965-09-30,,999-65-4226,S99996044,X22928158X,Mrs.,Wilma-Lotta,Eckerman,,Ranta-Knuuttila,M,white,nonhispanic,F,Lohja  Uusimaa  FI,1058 Nordblom Katu Suite 35,Kirkkonummi,Uusimaa,Kirkkonummi,02520,60.09595463781526,24.565140439284242,5500.0,0.0
2a6605bc-edbe-4520-8e6e-3a895fc7fd07,1996-01-10,,999-52-9185,S99920250,X79008699X,Ms.,Juhontytär,Murto-Unkila,,,,white,nonhispanic,F,Helsinki  Uusimaa  FI,776 Hvitfelt Katu Apt 25,Helsinki,Uusimaa,Helsinki,00910,60.1669778690939,24.92399235750362,3625.0,0.0
53c7f3a3-22cf-44d7-98d7-9df33cf03328,1941-02-14,,999-16-8851,S99959008,X20631902X,Mr.,Sante,Hagqvist,,,S,white,nonhispanic,M,Helsinki  Uusimaa  FI,227 Kaaro Katu,Hanko,Uusimaa,Hanko,10820,59.85816428119752,23.091684704027646,14793.380000000001,0.0
3c492a63-33a8-4575-8c15-27c59f13022e,1938-04-07,,999-92-6363,S99949322,X41107119X,Ms.,Helén,Erkinantti,,,S,white,nonhispanic,F,Helsinki  Uusimaa  FI,1008 Avila Katu Apt 98,Helsinki,Uusimaa,Helsinki,00300,60.20130810730277,25.10836874920904,8875.0,0.0
6087c898-cc74-400d-9493-8d5f9ba7950b,1981-04-08,,999-41-5380,S99915381,X13016862X,Mrs.,Maira,Hedkrok,,Girsén,M,white,nonhispanic,F,Helsinki  Uusimaa  FI,999 Lindblom Katu Unit 62,Helsinki,Uusimaa,Helsinki,00910,60.20511209979643,24.91805957583959,4250.0,0.0
57e9ecbc-319e-4cf2-af6c-c4692c61cdcb,2011-10-31,,999-42-3884,,,,De,Mäki-Kulmala,,,,white,nonhispanic,F,Helsinki  Uusimaa  FI,156 Mauravaara Katu,Helsinki,Uusimaa,Helsinki,00570,60.197680449142595,25.00510982398539,2125.0,0.0
0879ec7d-3008-46e4-8e17-8fda0ccb8e57,1993-10-10,,999-70-7486,S99920247,X70704441X,Ms.,Katriina,Taljavirta,,,,white,nonhispanic,F,Kerava  Uusimaa  FI,597 Silveri Katu Suite 89,Espoo,Uusimaa,Espoo,02280,60.20286107642667,24.76134868001015,3750.0,0.0
cfd8482d-5711-40bf-bf3e-b82462a6e1d9,1973-10-21,,999-61-5316,S99985834,X88482275X,Mrs.,Mohamud,Mielonen,,Tausa,M,white,nonhispanic,F,Vantaa  Uusimaa  FI,979 Elijoki Katu,Espoo,Uusimaa,Espoo,02650,60.1445913469777,24.725064850819944,4750.0,0.0
fb85d7db-bcb9-412a-bfa9-a27a7880126f,1987-05-14,,999-86-8444,S99918050,X62762201X,Mrs.,Blerina,Lappalainen,,Kärkinen,M,white,nonhispanic,F,Helsinki  Uusimaa  FI,763 Mällönen Katu Apt 99,Espoo,Uusimaa,Espoo,02720,60.307893010396114,24.562065077393427,4000.0,0.0
fbe3fde3-0f1d-4b17-8af9-2118ebd5bad9,1959-02-10,,999-83-9309,S99911318,X72181882X,Mrs.,Eeva-Kaisa,Kahela,,Salmen,M,white,nonhispanic,F,Espoo  Uusimaa  FI,1083 Koskenvaara Katu Unit 7,Nurmijärvi,Uusimaa,Nurmijärvi,01820,60.42558584630109,24.912080867348855,6250.0,0.0
fc140b86-7bf1-47a2-99f5-1bcab9e06633,1956-09-25,,999-73-8433,S99960818,X17373069X,Mr.,Willy,Löv,,,M,white,nonhispanic,M,Hyvinkää  Uusimaa  FI,121 Ahllund Katu,Helsinki,Uusimaa,Helsinki,00600,60.25990256947918,24.90164740319669,6625.0,0.0
d6e8bf57-a11d-416a-819a-e96c91fccec6,2015-01-02,,999-24-4044,,,,Heikki,Romunen,,,,white,nonhispanic,M,Helsinki  Uusimaa  FI,356 Rönnbacka Katu,Porvoo,Uusimaa,Porvoo,06830,60.385799655687116,25.674300443785942,1750.0,0.0
4d48c254-f807-47fd-b137-ffe304eee041,2003-06-03,,999-82-6617,S99995242,,,Tiago,Antfolk,,,,white,nonhispanic,M,Porvoo  Uusimaa  FI,742 Pehrsson Katu Suite 27,Helsinki,Uusimaa,Helsinki,00870,60.189075134499184,25.118568758512872,3125.0,0.0
42607ab0-c487-48cf-9fba-c9255e3c291f,1953-01-05,,999-11-1061,S99914693,X68197098X,Mr.,Gábor,Kirkanen,,,M,white,nonhispanic,M,Helsinki  Uusimaa  FI,1011 Honkalammi Katu,Helsinki,Uusimaa,Helsinki,00140,60.28920547638459,25.069178747347543,7000.0,0.0
574a659c-09de-4ec6-9ca4-8b6e326b6c12,1989-06-26,,999-14-7951,S99968313,X48355099X,Mrs.,Emmanuelle,Lumikko,,Sassila,M,white,nonhispanic,F,Helsinki  Uusimaa  FI,121 Fjäder Katu Suite 35,Helsinki,Uusimaa,Helsinki,00510,60.21558682593795,24.956830815917026,3875.0,0.0
e66d0773-f6f1-466b-b18f-97c5a13aec15,2015-08-23,,999-69-5806,,,,Barbara,Åman,,,,white,nonhispanic,F,Helsinki  Uusimaa  FI,678 Ruosteluoma Katu,Kerava,Uusimaa,Kerava,04230,60.3493633552242,25.08335489621609,1625.0,0.0
d54aad62-8801-43b5-8f6e-07c129bd1d18,1991-09-29,,999-56-4712,S99948573,X30559399X,Mrs.,Gunne,Ainoa,,Vakkilainen,M,white,nonhispanic,F,Espoo  Uusimaa  FI,1074 Santamala Katu Unit 33,Helsinki,Uusimaa,Helsinki,00930,60.14645678349802,25.1011325840914,3875.0,0.0
6481269d-1bd6-48fb-97aa-7bd2d017921e,1966-05-02,,999-97-1596,S99960588,X26559879X,Mrs.,Annie,Siekkeli,,Sjöman,M,white,nonhispanic,F,Espoo  Uusimaa  FI,732 Helistö Katu,Espoo,Uusimaa,Espoo,02940,60.21822156142126,24.66754003683179,5375.0,0.0
cfbcbdac-4c7e-43bd-8947-6de222ef268b,2015-05-07,,999-36-2421,,,,Raed,Vihunen,,,,white,nonhispanic,M,Vantaa  Uusimaa  FI,394 Ivaska Katu,Vihti,Uusimaa,Vihti,03150,60.31060641680254,24.394293236628304,1625.0,0.0
f2878159-9259-4996-abe4-6f58fb98e341,1956-12-27,,999-72-6282,S99918220,X30757386X,Ms.,Svea,Sornikoski,,,S,white,nonhispanic,F,Kirkkonummi  Uusimaa  FI,644 Tallavaara Katu Suite 64,Raasepori,Uusimaa,Raasepori,10350,60.117096035945174,23.682836945422338,6500.0,0.0
b4f1725b-ee7b-49a2-a0c4-97bed72c6950,1989-04-21,,999-94-3495,S99968890,X50733453X,Mrs.,Kajsa,Lindroth,,Edelmann,M,white,nonhispanic,F,Vantaa  Uusimaa  FI,900 Phan Katu Suite 93,Espoo,Uusimaa,Espoo,02660,60.195706677754536,24.834159782430927,3875.0,0.0
cefd5b60-c80e-4f93-b093-c9afca665106,1949-07-30,,999-82-5818,S99932767,X60058256X,Mrs.,Sara-Maria,Asikainen,,Mäntymaa,M,white,nonhispanic,F,Helsinki  Uusimaa  FI,460 Tapaninen Katu,Espoo,Uusimaa,Espoo,02770,60.181885559732414,24.71667672741984,7500.0,0.0
a2dc533d-33d8-4cef-bb59-eba19003bda6,1957-07-13,2018-02-03,999-33-4746,S99966137,X75466648X,Mr.,Kalevinpoika,Luumi,,,M,white,nonhispanic,M,Kerava  Uusimaa  FI,1016 Polet Katu Suite 21,Espoo,Uusimaa,Espoo,02680,60.1914691695469,24.566990069358223,7177.11,0.0
46ca6d8f-1048-4413-9c23-679f177095c5,1954-08-02,,999-14-4200,S99925954,X71789479X,Mrs.,Sini-Susanna,Abdullah,,Lamminpää,M,white,nonhispanic,F,Helsinki  Uusimaa  FI,899 Oikia Katu Unit 98,Helsinki,Uusimaa,Helsinki,00680,60.17066636382169,24.880073936613734,6875.0,0.0
9d56041e-6285-4776-9ea2-b56b00daca61,1968-07-31,,999-83-8679,S99975264,X66198188X,Mrs.,Joan,Kotkavuori,,Åvist,M,white,nonhispanic,F,Porvoo  Uusimaa  FI,1065 Kronlöf Katu,Mäntsälä,Uusimaa,Mäntsälä,04600,60.753713910705606,25.23055105707795,5125.0,0.0
3f8ee65d-822c-42a2-be61-3903ca6d2d8e,2017-08-31,,999-95-5862,,,,Jian,Poropudas,,,,white,nonhispanic,M,Espoo  Uusimaa  FI,193 Korttinen Katu Unit 70,Hyvinkää,Uusimaa,Hyvinkää,05470,60.64104557661707,24.85575681156137,1250.0,0.0
f98bef3e-4719-4f83-b47a-6d98563c4b64,1989-04-01,,999-48-3244,S99976041,X8505758X,Mr.,Dean,Saraperä,,,M,white,nonhispanic,M,Helsinki  Uusimaa  FI,231 Alajuuma Katu Suite 2,Helsinki,Uusimaa,Helsinki,00640,60.18339902300347,24.904855508443394,4060.67,0.0
deed047b-3553-474b-b322-79d34b5724d9,1941-12-28,,999-79-6024,S99994623,X13017712X,Mrs.,Sini,Behm,,Jeronen,M,white,nonhispanic,F,Espoo  Uusimaa  FI,1074 Granfelt Katu Unit 51,Helsinki,Uusimaa,Helsinki,00880,60.1940671613343,24.88056778493062,8737.3,0.0
ce3ebdc5-2179-4c9c-9e23-781a23b1a248,2009-04-29,,999-41-8671,,,,M,Paulanto,,,,white,nonhispanic,M,Lapinjärvi  Uusimaa  FI,565 Vallin Katu,Kirkkonummi,Uusimaa,Kirkkonummi,02880,60.16675501214397,24.47793213916073,2375.0,0.0
2d3943ba-6101-4c02-9f05-1e38c004827c,1951-11-16,,999-88-5565,S99981693,X70575849X,Mrs.,Leyla,Luojus,,Pallamo,M,white,nonhispanic,F,Helsinki  Uusimaa  FI,854 Lusminki Katu,Helsinki,Uusimaa,Helsinki,00410,60.16386293870117,24.84492689306754,7250.0,0.0
4d50d50b-7ced-4102-ac7c-922087b325ee,1961-12-05,,999-58-9039,S99980329,X42256543X,Ms.,Ami,Puharinen,,,S,white,nonhispanic,F,Helsinki  Uusimaa  FI,377 Byrne Katu,Kerava,Uusimaa,Kerava,04230,60.39180910439742,25.129287158442192,6000.0,0.0
71843223-cfa1-4819-aa10-3b5bb32c84c9,2013-02-10,,999-31-5914,,,,Reima,Kapustamäki,,,,white,nonhispanic,M,Espoo  Uusimaa  FI,323 Fordell Katu Suite 77,Hyvinkää,Uusimaa,Hyvinkää,05460,60.61706917378014,24.994454542694793,2000.0,0.0
06483c3c-b310-4a00-aa86-db9594d33381,1957-07-13,,999-97-7295,S99928984,X34424871X,Mr.,Dennis,Gallén,,,M,white,nonhispanic,M,Espoo  Uusimaa  FI,811 Rasilainen Katu Unit 79,Espoo,Uusimaa,Espoo,02200,60.253335989602306,24.822110557817542,6721.58,0.0
ef93c953-2152-42e3-8a8c-fa5bf026833f,2018-09-16,,999-90-5793,,,,Talvikki,Nevasaari,,,,white,nonhispanic,F,Siuntio  Uusimaa  FI,523 Byström Katu Apt 55,Vihti,Uusimaa,Vihti,03220,60.40177756926955,24.51270558424216,1000.0,0.0
77e83710-caba-4adf-b5b7-0e6ee21d4f0d,1950-12-26,,999-78-2357,S99927906,X60195128X,Mrs.,Leanna,Vinnari,,Tyystälä,M,white,nonhispanic,F,Helsinki  Uusimaa  FI,659 Koskelo Katu Unit 49,Kerava,Uusimaa,Kerava,04200,60.398492125056165,25.156085589941352,13921.51,0.0
4a675c9b-d569-4c2b-9118-33eab964a486,1973-04-23,,999-11-4838,S99979924,X69923004X,Mrs.,Hilde,Suikkari,,Helpiö,M,white,nonhispanic,F,Vantaa  Uusimaa  FI,529 Hurnasti Katu,Lohja,Uusimaa,Lohja,09630,60.2253913736769,24.00803129593595,4750.0,0.0
fe464914-dafd-4ed6-ac90-f670d262e78b,1982-07-03,,999-99-5313,S99914486,X85916181X,Mr.,Pauli,Hautajärvi,,,M,white,nonhispanic,M,Helsinki  Uusimaa  FI,842 Raussi Katu Apt 88,Mäntsälä,Uusimaa,Mäntsälä,04530,60.75257257179509,25.401452470972558,4250.0,0.0
7a036386-3650-4088-be71-9e3e7a16408b,1968-06-03,,999-80-5487,S99922991,X44421370X,Mr.,Sai,Latif,,,M,white,nonhispanic,M,Loviisa  Uusimaa  FI,1061 Palm Katu,Helsinki,Uusimaa,Helsinki,00170,60.23802652576234,25.037846307488262,5125.0,0.0
28508f9b-a370-4233-9268-ba52d02f644e,2009-12-13,,999-66-8899,,,,Daisy,Kotamaa,,,,white,nonhispanic,F,Espoo  Uusimaa  FI,440 Pakola Katu Unit 63,Nurmijärvi,Uusimaa,Nurmijärvi,01810,60.47980600514121,24.69467225009922,2375.0,0.0
965cad90-8a22-4b76-9e88-5166d0095d7d,1961-08-27,,999-53-9648,S99928805,X5054937X,Ms.,Cécile,Mäki-Kauppila,,,S,white,nonhispanic,F,Vantaa  Uusimaa  FI,720 Muuraiskangas Katu,Espoo,Uusimaa,Espoo,02180,60.21155534192941,24.739670444248336,6172.1,0.0
8dc65a7f-0c6c-4bdd-af36-12eefb9150ab,1966-09-26,,999-90-3840,S99951030,X65940751X,Mrs.,Rochelle,Matinniemi,,Rahko,M,white,nonhispanic,F,Nurmijärvi  Uusimaa  FI,896 Olli Katu,Helsinki,Uusimaa,Helsinki,00880,60.25622132733886,24.973905582339604,5375.0,0.0
8e3eac7d-26c5-41f6-8ff7-d653a829fb2f,1999-07-30,,999-16-7786,S99959875,X16990917X,Mr.,Torstenson,Stenros,,,,white,nonhispanic,M,Vantaa  Uusimaa  FI,618 Kajan Katu Unit 84,Helsinki,Uusimaa,Helsinki,00440,60.238643268985115,25.068800554675523,3500.0,0.0
8288f3fd-3b4a-4982-9828-c3d0ce5ef28d,1996-09-29,,999-98-9579,S99963764,X28471043X,Mr.,Abdurrahman,Keskisaari,,,,white,nonhispanic,M,Espoo  Uusimaa  FI,732 Thusberg Katu,Vantaa,Uusimaa,Vantaa,01370,60.3640639724462,25.156472916734035,3625.0,0.0
eca10ffe-62c3-4c40-842f-c83dbcddaec1,1964-06-25,,999-96-3316,S99985092,X88795364X,Mrs.,Rosalina,Kittilä,,Oikuri,M,white,nonhispanic,F,Helsinki  Uusimaa  FI,328 Vakkari Katu Unit 70,Espoo,Uusimaa,Espoo,02140,60.301152917221636,24.65464445344243,5625.0,0.0
25debc7a-9ba0-496a-9a91-0bcc11a62575,1957-12-11,1998-12-09,999-38-1249,S99933854,X44787160X,Mrs.,Theres,Haidari,,Manelius,M,white,nonhispanic,F,Helsinki  Uusimaa  FI,887 Vahlqvist Katu,Raasepori,Uusimaa,Raasepori,10640,59.95428911614701,23.46063290565934,11094.470000000001,0.0
db0889f8-6e0a-462b-a464-0f624a1bd28b,1961-02-20,,999-90-4527,S99931584,X36578199X,Mrs.,Karola,Kalsola,,Pyötsiä,M,white,nonhispanic,F,Järvenpää  Uusimaa  FI,1070 Asp Katu Suite 32,Vantaa,Uusimaa,Vantaa,01520,60.29712849005759,25.177490988093187,6000.0,0.0
26b3641c-887a-4f52-9d25-3fde4b8bc81b,1959-01-24,,999-27-9059,S99928893,X70558244X,Ms.,Maija-Riikka,Pihlhjerta,,,S,white,nonhispanic,F,Mäntsälä  Uusimaa  FI,807 Stenius Katu,Järvenpää,Uusimaa,Järvenpää,04400,60.49175240710605,25.147082339439045,6414.1,0.0
181d6971-80bd-413a-84e8-810e87bb3210,1991-12-03,,999-91-7633,S99913036,X6955250X,Mr.,Suune,Yli-Kärkelä,,,M,white,nonhispanic,M,Helsinki  Uusimaa  FI,822 Saurento Katu Unit 76,Vantaa,Uusimaa,Vantaa,01420,60.24684888942781,24.886795160608845,3875.0,0.0
b02534b4-fc7a-48cd-b9bd-513a55c29169,1939-08-21,,999-37-2763,S99959535,X2007245X,Mrs.,Regina,Said,,Kaarivaara,M,white,nonhispanic,F,Vantaa  Uusimaa  FI,960 Kankaanperä Katu,Järvenpää,Uusimaa,Järvenpää,04400,60.51100702088555,25.111522005170198,8750.0,0.0
e959d914-ec77-4ce7-95ad-d718d3a12ff8,2013-11-10,,999-57-7113,,,,Isak,Niittyaho,,,,white,nonhispanic,M,Helsinki  Uusimaa  FI,152 Siuro Katu Suite 15,Helsinki,Uusimaa,Helsinki,00390,60.2013217973133,24.824843764217682,1875.0,0.0
36a9805f-985b-42a9-bc46-49491a8c9e89,2016-11-03,,999-94-7255,,,,Mika-Kristian,Virtala,,,,white,nonhispanic,M,Espoo  Uusimaa  FI,759 Ådahl Katu,Helsinki,Uusimaa,Helsinki,00910,60.15043918486066,24.8488341250345,1375.0,0.0
73871df5-fcf3-4a08-92e3-96095f530554,1996-11-10,,999-37-8005,S99914853,X74754293X,Ms.,Maj-Gun,Hohtari,,,,white,nonhispanic,F,Mäntsälä  Uusimaa  FI,650 Klavér Katu,Helsinki,Uusimaa,Helsinki,00930,60.13896830773376,25.033312308082635,3625.0,0.0
c8af9950-0c75-4d44-b342-165035cf8db1,1965-10-23,,999-30-6348,S99952746,X79768081X,Mr.,Tico,Veppling,,,M,white,nonhispanic,M,Vantaa  Uusimaa  FI,242 Juudin Katu Apt 56,Nurmijärvi,Uusimaa,Nurmijärvi,01820,60.55992992619265,24.952870048830903,5500.0,0.0
7009c5ca-502a-4092-972d-987847413b6a,1982-01-06,,999-79-3789,S99968272,X38512773X,Mrs.,Aslög,Lumme,,Kankanen,M,white,nonhispanic,F,Espoo  Uusimaa  FI,337 Peipinen Katu,Helsinki,Uusimaa,Helsinki,00640,60.23913511662375,25.08122159804022,4250.0,0.0
74ad93f2-c36c-425d-8d09-5f5744626616,1992-12-13,,999-59-8470,S99991510,X30159353X,Mr.,Dmitrij,Paulsson,,,M,white,nonhispanic,M,Nurmijärvi  Uusimaa  FI,191 Pyhältö Katu Suite 86,Espoo,Uusimaa,Espoo,02940,60.21973255398084,24.631221671011474,3750.0,0.0
80d85c9c-9f62-4c43-bbf2-9ced8ee5d44e,1953-05-10,,999-67-2568,S99973300,X67884480X,Mrs.,Anneliina,Lahermaa,,Hendriks,M,white,nonhispanic,F,Lohja  Uusimaa  FI,380 Tuohinen Katu Apt 48,Tuusula,Uusimaa,Tuusula,04320,60.375580598954315,25.059762574007465,7000.0,0.0
dea4e7c1-7020-4060-8af2-57cda915db9f,1957-12-11,,999-16-2150,S99999360,X75674139X,Mrs.,Sara-Maaria,Siuruainen,,Korva,M,white,nonhispanic,F,Helsinki  Uusimaa  FI,733 Hinds Katu,Raasepori,Uusimaa,Raasepori,10470,60.01711725482747,23.82716519433532,13276.45,0.0
d85480e2-ed59-4a31-8668-dc71036ef742,1968-06-03,,999-88-1880,S99982090,X39130732X,Ms.,Alessa,Frestadius,,,S,white,nonhispanic,F,Kirkkonummi  Uusimaa  FI,456 Fennander Katu Apt 5,Lohja,Uusimaa,Lohja,03870,60.33571915051118,23.96604836487284,5125.0,0.0
e7fe928e-d9d2-4ed4-ae63-53cba0bc04ba,1956-11-22,,999-34-5527,S99930461,X76165906X,Mr.,Kultimo,Sulo,,,S,white,nonhispanic,M,Espoo  Uusimaa  FI,216 Salmenniemi Katu Apt 58,Lohja,Uusimaa,Lohja,09520,60.293999797131605,23.786557621299963,6625.0,0.0
6ba8e865-091c-4dd1-aa47-c9d99c53534e,1966-07-10,,999-21-2115,S99973702,X19726966X,Mrs.,Ina-Sofia,Käkelä,,Loppi,M,white,nonhispanic,F,Espoo  Uusimaa  FI,283 Paakkanen Katu,Vantaa,Uusimaa,Vantaa,01690,60.30110243662911,24.833424220691008,11899.720000000001,0.0
95f70bd1-6661-4987-aef6-5ef6ef300255,1982-07-14,,999-83-8527,S99939346,X37874872X,Mr.,Leslie,Såg,,,M,white,nonhispanic,M,Espoo  Uusimaa  FI,985 Heikell Katu,Vantaa,Uusimaa,Vantaa,01280,60.293027536584106,25.056151374055254,4250.0,0.0
2666be74-058e-4904-932e-bebb385ca8fc,1979-09-12,,999-56-5891,S99940374,X26886203X,Mrs.,Thao,Lampainen,,Ilvessuo,M,white,nonhispanic,F,Raasepori  Uusimaa  FI,325 Rinnet Katu,Vantaa,Uusimaa,Vantaa,01680,60.36891705008577,25.084954893990183,4375.0,0.0
0533292b-b421-4ae4-a305-3aa4c74d5cd5,1946-09-18,,999-56-4800,S99957988,X47711297X,Mrs.,Jasmiin,Kamaja,,Jounila,M,white,nonhispanic,F,Helsinki  Uusimaa  FI,766 Märsylä Katu Suite 93,Helsinki,Uusimaa,Helsinki,00130,60.09282827273266,25.030926082691007,14287.08,0.0
c0aa602a-5d69-46d6-8723-877f42889565,1985-05-09,,999-46-1384,S99954449,X45317290X,Mrs.,Vadelma,Forssén,,Vainio-Mattila,M,white,nonhispanic,F,Helsinki  Uusimaa  FI,474 Sotarauta Katu Apt 51,Helsinki,Uusimaa,Helsinki,00260,60.20247968820134,25.125785024642013,4125.0,0.0
2698fb13-b97c-4403-894b-71639c181768,1967-08-02,,999-61-7698,S99919650,X70479542X,Mrs.,Desire,Hirsjärvi,,Rosvall,M,white,nonhispanic,F,Helsinki  Uusimaa  FI,857 Kannasto Katu,Vantaa,Uusimaa,Vantaa,01760,60.314504938760194,25.10446808232487,5250.0,0.0
eef9c357-a4ca-4470-8483-a18b3d1e14bf,1953-08-03,,999-44-9209,S99943887,X39504960X,Mrs.,Inga-Liisa,Woltter,,Paasisalo,M,white,nonhispanic,F,Helsinki  Uusimaa  FI,201 Sirama Katu,Porvoo,Uusimaa,Porvoo,07310,60.17702748432038,25.804902529616665,14311.349999999999,0.0
075fced0-58a0-487b-a069-b52dbe4f8271,1969-05-29,,999-17-1254,S99930919,X71653066X,Ms.,Sasa,Rantahakala,,,S,white,nonhispanic,F,Lohja  Uusimaa  FI,483 Santakallio Katu,Helsinki,Uusimaa,Helsinki,00340,60.20693262778781,24.83086724092456,5000.0,0.0
a134c0a7-aa38-425a-af29-3fd7bdbfcd26,1942-03-17,,999-53-8107,S99993134,X36874739X,Mrs.,Terhikki,Leistola,,Kymén,M,white,nonhispanic,F,Espoo  Uusimaa  FI,963 Ahtela Katu Apt 16,Lohja,Uusimaa,Lohja,08700,60.28807930897781,23.936633281940647,8375.0,0.0
03ac389e-50ab-454e-af30-2498eb2ada65,2009-12-05,,999-50-9033,,,,Siivertti,Haukkasalo,,,,white,nonhispanic,M,Helsinki  Uusimaa  FI,271 Lavikkala Katu Suite 47,Vantaa,Uusimaa,Vantaa,01390,60.327343401737856,24.82026887517341,2375.0,0.0
eaff0dea-97d5-4dd9-a729-3fd9ac9b382e,1972-12-05,,999-67-4190,S99984809,X50660176X,Mrs.,Päivintytär,Kaulamo,,Kilpimaa,M,white,nonhispanic,F,Tuusula  Uusimaa  FI,247 Pajamo Katu Suite 82,Helsinki,Uusimaa,Helsinki,00810,60.13898361483854,24.9027122660713,4750.0,0.0
82e8ee8d-91eb-4b46-9166-c5aa704361de,1947-07-30,,999-21-4462,S99997966,X38473504X,Mr.,Fatmir,Tiiri,,,M,white,nonhispanic,M,Helsinki  Uusimaa  FI,315 Märkjärvi Katu,Helsinki,Uusimaa,Helsinki,00240,60.22794517356322,24.873983224725432,7750.0,0.0
ce235f1d-260a-42c9-8df7-141d30c50bce,1994-06-12,,999-27-3282,S99987645,X1242619X,Mr.,Alvaro,Purkunen,,,,white,nonhispanic,M,Helsinki  Uusimaa  FI,343 Korkiakoski Katu Apt 38,Helsinki,Uusimaa,Helsinki,00510,60.22526727569024,24.94204487263506,3750.0,0.0
7c880c52-1c61-4455-b94b-28273218f611,1939-10-27,,999-25-2804,S99970272,X85378828X,Mrs.,Hanna-Reetta,Uusi-Heikkilä,,Alfthan,M,white,nonhispanic,F,Kauniainen  Uusimaa  FI,1036 Cajanus Katu Unit 27,Helsinki,Uusimaa,Helsinki,00640,60.208871304714556,25.036536048507735,8625.0,0.0
23d43e0e-4e20-4928-aa39-099652e49147,2004-11-12,,999-22-8068,,,,Merituuli,Puujalka,,,,white,nonhispanic,F,Karkkila  Uusimaa  FI,473 Sysmäläinen Katu Unit 48,Lohja,Uusimaa,Lohja,03810,60.255771634462135,23.99084791468966,3000.0,0.0
dd152840-3039-4ee9-ba5d-40dc64a5c14c,2011-05-13,,999-41-1391,,,,Eva-Maj,Hoppari,,,,white,nonhispanic,F,Helsinki  Uusimaa  FI,940 Liljeberg Katu,Espoo,Uusimaa,Espoo,02730,60.155400949409376,24.781593501843044,2125.0,0.0
88c22430-cb67-4871-a273-cdad21ee02a7,1961-07-09,,999-18-2759,S99911135,X78457678X,Mrs.,Anika,Tägtström,,Wallen,M,white,nonhispanic,F,Helsinki  Uusimaa  FI,800 Tätilä Katu,Vantaa,Uusimaa,Vantaa,01360,60.332157341200976,25.100136107688552,6000.0,0.0
dae2fd4c-1bf6-48a5-a0f4-7b7d47acc30f,1953-04-15,,999-67-2176,S99991990,X37026765X,Ms.,Aleksiina,Lundenius,,,S,white,nonhispanic,F,Helsinki  Uusimaa  FI,390 Hakola Katu Suite 77,Helsinki,Uusimaa,Helsinki,00430,60.2091279427062,24.92266166840481,7000.0,0.0
fd5b9932-9d66-4cdf-a94f-2ac3b23c9456,1978-03-01,,999-76-8251,S99995113,X27885629X,Ms.,Ahmed,Hatanmaa,,,S,white,nonhispanic,F,Espoo  Uusimaa  FI,968 Oxman Katu Suite 32,Mäntsälä,Uusimaa,Mäntsälä,04480,60.61032683170787,25.178928682668744,4375.0,0.0
c89fdb47-a2cd-47d1-8d68-896d80a6dafc,1956-04-03,,999-76-6972,S99915816,X82170357X,Mr.,Jimmie,Metelinen,MD,,M,white,nonhispanic,M,Kerava  Uusimaa  FI,843 Hurtig Katu Suite 63,Espoo,Uusimaa,Espoo,02810,60.20221716867288,24.640568694594524,6625.0,0.0
ea0fe91c-0cd4-4db6-90ad-8da76989d575,1956-07-07,,999-71-9793,S99952347,X16955439X,Mrs.,Nimo,Kamaja,,Ylä-Kotola,M,white,nonhispanic,F,Vantaa  Uusimaa  FI,589 Mallat Katu Unit 25,Helsinki,Uusimaa,Helsinki,00250,60.177087989854186,24.88228328897503,6625.0,0.0
cb8e2bce-60a8-4856-867a-e72d8e629f22,1975-08-04,,999-23-7660,S99929901,X53606606X,Mrs.,Anja-Kaarina,Renlund,,Kaerla,M,white,nonhispanic,F,Espoo  Uusimaa  FI,898 Liikaoja Katu,Helsinki,Uusimaa,Helsinki,00280,60.22094115589516,24.90076335291705,4625.0,0.0
