PATIENT,START_YEAR,END_YEAR,PAYER,OWNERSHIP
17da8be0-a6e6-4238-b06b-be1605286537,1994,2012,e15e7b92-f376-374f-9285-2f59a38ad823,Guardian
cf0141e8-5f9a-44f3-b450-ffcff4597f56,1984,2002,e15e7b92-f376-374f-9285-2f59a38ad823,Guardian
488264ff-0d14-4964-9832-1a8c3255c9ab,1980,1998,e15e7b92-f376-374f-9285-2f59a38ad823,Guardian
9e86db0c-60e1-4c18-8ada-da72149eeddc,1969,1987,e15e7b92-f376-374f-9285-2f59a38ad823,Guardian
c29b3b93-a2cf-4f06-bcfc-ba7313d0b986,1989,2007,e15e7b92-f376-374f-9285-2f59a38ad823,Guardian
8dabb2ad-8ae3-4754-b366-013a35f05ce3,1959,1977,e15e7b92-f376-374f-9285-2f59a38ad823,Guardian
1fde5ed4-6725-470a-8346-9ee638a6a26b,1986,1986,b1c428d6-4f07-31e0-90f0-68ffa6ff8c76,
1fde5ed4-6725-470a-8346-9ee638a6a26b,1987,1987,e15e7b92-f376-374f-9285-2f59a38ad823,
1fde5ed4-6725-470a-8346-9ee638a6a26b,1988,2004,e15e7b92-f376-374f-9285-2f59a38ad823,Guardian
0be09a12-3ff2-4df3-b937-6c9f19c61c28,1995,2013,e15e7b92-f376-374f-9285-2f59a38ad823,Guardian
14f45758-2e84-4b04-acd4-dde2ef550e9a,1991,2009,e15e7b92-f376-374f-9285-2f59a38ad823,Guardian
0112163b-c633-439b-bdfa-a4831ce33ee3,1941,1959,e15e7b92-f376-374f-9285-2f59a38ad823,Guardian
0112163b-c633-439b-bdfa-a4831ce33ee3,1960,2014,e15e7b92-f376-374f-9285-2f59a38ad823,Self
3dabf612-05b3-4e47-bcaf-548eb97279d9,1999,2017,e15e7b92-f376-374f-9285-2f59a38ad823,Guardian
a51a1231-faee-48a2-b763-0ca956540c4f,1979,1997,e15e7b92-f376-374f-9285-2f59a38ad823,Guardian
7c9ca103-3782-4730-9d79-7435536e85ef,1982,2000,e15e7b92-f376-374f-9285-2f59a38ad823,Guardian
68a17984-2903-49b9-b579-43fb5eae96dd,1961,1979,e15e7b92-f376-374f-9285-2f59a38ad823,Guardian
4830a18b-6d1b-493d-bc35-de5c8c412039,1957,1975,e15e7b92-f376-374f-9285-2f59a38ad823,Guardian
b2256849-8f62-46ef-b0fc-f4738536c404,1947,1965,e15e7b92-f376-374f-9285-2f59a38ad823,Guardian
5fe770ff-6ebe-4eff-9b90-4130cff22322,1948,1966,e15e7b92-f376-374f-9285-2f59a38ad823,Guardian
7a7badc4-af67-41d8-bbf3-bc760889c9f8,1965,1983,e15e7b92-f376-374f-9285-2f59a38ad823,Guardian
2a6605bc-edbe-4520-8e6e-3a895fc7fd07,1996,2014,e15e7b92-f376-374f-9285-2f59a38ad823,Guardian
53c7f3a3-22cf-44d7-98d7-9df33cf03328,1941,1959,e15e7b92-f376-374f-9285-2f59a38ad823,Guardian
3c492a63-33a8-4575-8c15-27c59f13022e,1938,1956,e15e7b92-f376-374f-9285-2f59a38ad823,Guardian
6087c898-cc74-400d-9493-8d5f9ba7950b,1981,1999,e15e7b92-f376-374f-9285-2f59a38ad823,Guardian
0879ec7d-3008-46e4-8e17-8fda0ccb8e57,1993,2011,e15e7b92-f376-374f-9285-2f59a38ad823,Guardian
cfd8482d-5711-40bf-bf3e-b82462a6e1d9,1973,1991,e15e7b92-f376-374f-9285-2f59a38ad823,Guardian
fb85d7db-bcb9-412a-bfa9-a27a7880126f,1987,2005,e15e7b92-f376-374f-9285-2f59a38ad823,Guardian
fbe3fde3-0f1d-4b17-8af9-2118ebd5bad9,1959,1977,e15e7b92-f376-374f-9285-2f59a38ad823,Guardian
fc140b86-7bf1-47a2-99f5-1bcab9e06633,1956,1974,e15e7b92-f376-374f-9285-2f59a38ad823,Guardian
42607ab0-c487-48cf-9fba-c9255e3c291f,1953,1971,e15e7b92-f376-374f-9285-2f59a38ad823,Guardian
574a659c-09de-4ec6-9ca4-8b6e326b6c12,1989,2007,e15e7b92-f376-374f-9285-2f59a38ad823,Guardian
d54aad62-8801-43b5-8f6e-07c129bd1d18,1991,2009,e15e7b92-f376-374f-9285-2f59a38ad823,Guardian
6481269d-1bd6-48fb-97aa-7bd2d017921e,1966,1984,e15e7b92-f376-374f-9285-2f59a38ad823,Guardian
f2878159-9259-4996-abe4-6f58fb98e341,1956,1974,e15e7b92-f376-374f-9285-2f59a38ad823,Guardian
b4f1725b-ee7b-49a2-a0c4-97bed72c6950,1989,2007,e15e7b92-f376-374f-9285-2f59a38ad823,Guardian
cefd5b60-c80e-4f93-b093-c9afca665106,1949,1967,e15e7b92-f376-374f-9285-2f59a38ad823,Guardian
a2dc533d-33d8-4cef-bb59-eba19003bda6,1957,1975,e15e7b92-f376-374f-9285-2f59a38ad823,Guardian
46ca6d8f-1048-4413-9c23-679f177095c5,1954,1972,e15e7b92-f376-374f-9285-2f59a38ad823,Guardian
9d56041e-6285-4776-9ea2-b56b00daca61,1968,1986,e15e7b92-f376-374f-9285-2f59a38ad823,Guardian
f98bef3e-4719-4f83-b47a-6d98563c4b64,1989,2007,e15e7b92-f376-374f-9285-2f59a38ad823,Guardian
deed047b-3553-474b-b322-79d34b5724d9,1941,1959,e15e7b92-f376-374f-9285-2f59a38ad823,Guardian
2d3943ba-6101-4c02-9f05-1e38c004827c,1951,1969,e15e7b92-f376-374f-9285-2f59a38ad823,Guardian
4d50d50b-7ced-4102-ac7c-922087b325ee,1961,1979,e15e7b92-f376-374f-9285-2f59a38ad823,Guardian
06483c3c-b310-4a00-aa86-db9594d33381,1957,1975,e15e7b92-f376-374f-9285-2f59a38ad823,Guardian
77e83710-caba-4adf-b5b7-0e6ee21d4f0d,1950,1968,e15e7b92-f376-374f-9285-2f59a38ad823,Guardian
4a675c9b-d569-4c2b-9118-33eab964a486,1973,1991,e15e7b92-f376-374f-9285-2f59a38ad823,Guardian
fe464914-dafd-4ed6-ac90-f670d262e78b,1982,2000,e15e7b92-f376-374f-9285-2f59a38ad823,Guardian
7a036386-3650-4088-be71-9e3e7a16408b,1968,1986,e15e7b92-f376-374f-9285-2f59a38ad823,Guardian
965cad90-8a22-4b76-9e88-5166d0095d7d,1961,1979,e15e7b92-f376-374f-9285-2f59a38ad823,Guardian
8dc65a7f-0c6c-4bdd-af36-12eefb9150ab,1966,1984,e15e7b92-f376-374f-9285-2f59a38ad823,Guardian
8e3eac7d-26c5-41f6-8ff7-d653a829fb2f,1999,2017,e15e7b92-f376-374f-9285-2f59a38ad823,Guardian
8288f3fd-3b4a-4982-9828-c3d0ce5ef28d,1996,2014,e15e7b92-f376-374f-9285-2f59a38ad823,Guardian
eca10ffe-62c3-4c40-842f-c83dbcddaec1,1964,1982,e15e7b92-f376-374f-9285-2f59a38ad823,Guardian
25debc7a-9ba0-496a-9a91-0bcc11a62575,1957,1975,e15e7b92-f376-374f-9285-2f59a38ad823,Guardian
25debc7a-9ba0-496a-9a91-0bcc11a62575,1976,1998,e15e7b92-f376-374f-9285-2f59a38ad823,Self
db0889f8-6e0a-462b-a464-0f624a1bd28b,1961,1979,e15e7b92-f376-374f-9285-2f59a38ad823,Guardian
26b3641c-887a-4f52-9d25-3fde4b8bc81b,1959,1977,e15e7b92-f376-374f-9285-2f59a38ad823,Guardian
181d6971-80bd-413a-84e8-810e87bb3210,1991,2009,e15e7b92-f376-374f-9285-2f59a38ad823,Guardian
b02534b4-fc7a-48cd-b9bd-513a55c29169,1939,1957,e15e7b92-f376-374f-9285-2f59a38ad823,Guardian
73871df5-fcf3-4a08-92e3-96095f530554,1996,2014,e15e7b92-f376-374f-9285-2f59a38ad823,Guardian
c8af9950-0c75-4d44-b342-165035cf8db1,1965,1983,e15e7b92-f376-374f-9285-2f59a38ad823,Guardian
7009c5ca-502a-4092-972d-987847413b6a,1982,2000,e15e7b92-f376-374f-9285-2f59a38ad823,Guardian
74ad93f2-c36c-425d-8d09-5f5744626616,1992,1992,b1c428d6-4f07-31e0-90f0-68ffa6ff8c76,
74ad93f2-c36c-425d-8d09-5f5744626616,1993,1997,e15e7b92-f376-374f-9285-2f59a38ad823,
74ad93f2-c36c-425d-8d09-5f5744626616,1998,2001,b1c428d6-4f07-31e0-90f0-68ffa6ff8c76,Guardian
74ad93f2-c36c-425d-8d09-5f5744626616,2002,2012,e15e7b92-f376-374f-9285-2f59a38ad823,
74ad93f2-c36c-425d-8d09-5f5744626616,2013,2014,b1c428d6-4f07-31e0-90f0-68ffa6ff8c76,Self
74ad93f2-c36c-425d-8d09-5f5744626616,2015,2015,e15e7b92-f376-374f-9285-2f59a38ad823,
74ad93f2-c36c-425d-8d09-5f5744626616,2016,2017,b1c428d6-4f07-31e0-90f0-68ffa6ff8c76,Self
74ad93f2-c36c-425d-8d09-5f5744626616,2018,2018,e15e7b92-f376-374f-9285-2f59a38ad823,
80d85c9c-9f62-4c43-bbf2-9ced8ee5d44e,1953,1971,e15e7b92-f376-374f-9285-2f59a38ad823,Guardian
d85480e2-ed59-4a31-8668-dc71036ef742,1968,1986,e15e7b92-f376-374f-9285-2f59a38ad823,Guardian
dea4e7c1-7020-4060-8af2-57cda915db9f,1957,1975,e15e7b92-f376-374f-9285-2f59a38ad823,Guardian
e7fe928e-d9d2-4ed4-ae63-53cba0bc04ba,1956,1974,e15e7b92-f376-374f-9285-2f59a38ad823,Guardian
6ba8e865-091c-4dd1-aa47-c9d99c53534e,1966,1984,e15e7b92-f376-374f-9285-2f59a38ad823,Guardian
95f70bd1-6661-4987-aef6-5ef6ef300255,1982,2000,e15e7b92-f376-374f-9285-2f59a38ad823,Guardian
2666be74-058e-4904-932e-bebb385ca8fc,1979,1997,e15e7b92-f376-374f-9285-2f59a38ad823,Guardian
0533292b-b421-4ae4-a305-3aa4c74d5cd5,1946,1964,e15e7b92-f376-374f-9285-2f59a38ad823,Guardian
c0aa602a-5d69-46d6-8723-877f42889565,1985,2003,e15e7b92-f376-374f-9285-2f59a38ad823,Guardian
2698fb13-b97c-4403-894b-71639c181768,1967,1985,e15e7b92-f376-374f-9285-2f59a38ad823,Guardian
075fced0-58a0-487b-a069-b52dbe4f8271,1969,1987,e15e7b92-f376-374f-9285-2f59a38ad823,Guardian
eef9c357-a4ca-4470-8483-a18b3d1e14bf,1953,1971,e15e7b92-f376-374f-9285-2f59a38ad823,Guardian
eef9c357-a4ca-4470-8483-a18b3d1e14bf,1972,1999,b1c428d6-4f07-31e0-90f0-68ffa6ff8c76,Self
eef9c357-a4ca-4470-8483-a18b3d1e14bf,2000,2000,e15e7b92-f376-374f-9285-2f59a38ad823,
a134c0a7-aa38-425a-af29-3fd7bdbfcd26,1942,1960,e15e7b92-f376-374f-9285-2f59a38ad823,Guardian
eaff0dea-97d5-4dd9-a729-3fd9ac9b382e,1972,1990,e15e7b92-f376-374f-9285-2f59a38ad823,Guardian
82e8ee8d-91eb-4b46-9166-c5aa704361de,1947,1965,e15e7b92-f376-374f-9285-2f59a38ad823,Guardian
ce235f1d-260a-42c9-8df7-141d30c50bce,1994,2012,e15e7b92-f376-374f-9285-2f59a38ad823,Guardian
7c880c52-1c61-4455-b94b-28273218f611,1939,1957,e15e7b92-f376-374f-9285-2f59a38ad823,Guardian
88c22430-cb67-4871-a273-cdad21ee02a7,1961,1979,e15e7b92-f376-374f-9285-2f59a38ad823,Guardian
dae2fd4c-1bf6-48a5-a0f4-7b7d47acc30f,1953,1971,e15e7b92-f376-374f-9285-2f59a38ad823,Guardian
fd5b9932-9d66-4cdf-a94f-2ac3b23c9456,1978,1978,b1c428d6-4f07-31e0-90f0-68ffa6ff8c76,
fd5b9932-9d66-4cdf-a94f-2ac3b23c9456,1979,1982,e15e7b92-f376-374f-9285-2f59a38ad823,
fd5b9932-9d66-4cdf-a94f-2ac3b23c9456,1983,1987,b1c428d6-4f07-31e0-90f0-68ffa6ff8c76,Guardian
fd5b9932-9d66-4cdf-a94f-2ac3b23c9456,1988,1998,e15e7b92-f376-374f-9285-2f59a38ad823,
fd5b9932-9d66-4cdf-a94f-2ac3b23c9456,1999,2000,b1c428d6-4f07-31e0-90f0-68ffa6ff8c76,Self
fd5b9932-9d66-4cdf-a94f-2ac3b23c9456,2001,2001,e15e7b92-f376-374f-9285-2f59a38ad823,
fd5b9932-9d66-4cdf-a94f-2ac3b23c9456,2002,2003,b1c428d6-4f07-31e0-90f0-68ffa6ff8c76,Self
fd5b9932-9d66-4cdf-a94f-2ac3b23c9456,2004,2004,e15e7b92-f376-374f-9285-2f59a38ad823,
fd5b9932-9d66-4cdf-a94f-2ac3b23c9456,2005,2006,b1c428d6-4f07-31e0-90f0-68ffa6ff8c76,Self
fd5b9932-9d66-4cdf-a94f-2ac3b23c9456,2007,2007,e15e7b92-f376-374f-9285-2f59a38ad823,
fd5b9932-9d66-4cdf-a94f-2ac3b23c9456,2008,2009,b1c428d6-4f07-31e0-90f0-68ffa6ff8c76,Self
fd5b9932-9d66-4cdf-a94f-2ac3b23c9456,2010,2010,e15e7b92-f376-374f-9285-2f59a38ad823,
fd5b9932-9d66-4cdf-a94f-2ac3b23c9456,2011,2012,b1c428d6-4f07-31e0-90f0-68ffa6ff8c76,Self
fd5b9932-9d66-4cdf-a94f-2ac3b23c9456,2013,2013,e15e7b92-f376-374f-9285-2f59a38ad823,
fd5b9932-9d66-4cdf-a94f-2ac3b23c9456,2014,2015,b1c428d6-4f07-31e0-90f0-68ffa6ff8c76,Self
fd5b9932-9d66-4cdf-a94f-2ac3b23c9456,2016,2016,e15e7b92-f376-374f-9285-2f59a38ad823,
fd5b9932-9d66-4cdf-a94f-2ac3b23c9456,2017,2018,b1c428d6-4f07-31e0-90f0-68ffa6ff8c76,Self
fd5b9932-9d66-4cdf-a94f-2ac3b23c9456,2019,2019,e15e7b92-f376-374f-9285-2f59a38ad823,
c89fdb47-a2cd-47d1-8d68-896d80a6dafc,1956,1974,e15e7b92-f376-374f-9285-2f59a38ad823,Guardian
ea0fe91c-0cd4-4db6-90ad-8da76989d575,1956,1974,e15e7b92-f376-374f-9285-2f59a38ad823,Guardian
cb8e2bce-60a8-4856-867a-e72d8e629f22,1975,1993,e15e7b92-f376-374f-9285-2f59a38ad823,Guardian
