DATE,PATIENT,ENCOUNTER,CODE,DESCRIPTION,BASE_COST,REASONCODE,REASONDESCRIPTION
2014-04-11,0112163b-c633-439b-bdfa-a4831ce33ee3,18c8a0fa-2e02-41f0-9acf-a9b4a8917a1f,40701008,Echocardiography (procedure),694.52,22298006,Myocardial Infarction
2014-04-11,0112163b-c633-439b-bdfa-a4831ce33ee3,18c8a0fa-2e02-41f0-9acf-a9b4a8917a1f,415070008,Percutaneous coronary intervention,31529.85,22298006,Myocardial Infarction
2014-04-11,0112163b-c633-439b-bdfa-a4831ce33ee3,18c8a0fa-2e02-41f0-9acf-a9b4a8917a1f,232717009,Coronary artery bypass grafting,51124.72,22298006,Myocardial Infarction
2014-06-23,4830a18b-6d1b-493d-bc35-de5c8c412039,23026eb3-6c16-49c2-bed3-a7f03a02bea8,180325003,Electrical cardioversion,42039.73,49436004,Atrial Fibrillation
2015-06-29,4830a18b-6d1b-493d-bc35-de5c8c412039,7ddc2dd3-661f-43bd-92b8-2abc943bf021,180325003,Electrical cardioversion,20575.77,49436004,Atrial Fibrillation
2016-07-04,4830a18b-6d1b-493d-bc35-de5c8c412039,0105cae5-ea61-4f81-bb3e-facca809642b,180325003,Electrical cardioversion,26967.97,49436004,Atrial Fibrillation
2017-07-10,4830a18b-6d1b-493d-bc35-de5c8c412039,531c4942-b275-449c-b792-e2f1feb83aac,180325003,Electrical cardioversion,36109.70,49436004,Atrial Fibrillation
2018-07-16,4830a18b-6d1b-493d-bc35-de5c8c412039,bfeef37d-cbd6-4b90-8455-91ab873d2297,180325003,Electrical cardioversion,21140.26,49436004,Atrial Fibrillation
2019-07-22,4830a18b-6d1b-493d-bc35-de5c8c412039,bdf2c2f3-de1b-442b-9f8c-196dd8aea807,18286008,Catheter ablation of tissue of heart,9431.26,49436004,Atrial Fibrillation
2018-02-03,a2dc533d-33d8-4cef-bb59-eba19003bda6,56eee457-a845-4273-b801-28a69818a5a3,40701008,Echocardiography (procedure),1130.05,22298006,Myocardial Infarction
2018-02-03,a2dc533d-33d8-4cef-bb59-eba19003bda6,56eee457-a845-4273-b801-28a69818a5a3,415070008,Percutaneous coronary intervention,17765.44,22298006,Myocardial Infarction
2018-02-03,a2dc533d-33d8-4cef-bb59-eba19003bda6,56eee457-a845-4273-b801-28a69818a5a3,232717009,Coronary artery bypass grafting,71458.69,22298006,Myocardial Infarction
2019-06-02,deed047b-3553-474b-b322-79d34b5724d9,0c782ab5-2b86-418f-922d-e8840b18ac6d,18286008,Catheter ablation of tissue of heart,10739.35,49436004,Atrial Fibrillation
1998-12-09,25debc7a-9ba0-496a-9a91-0bcc11a62575,65526d84-5c33-428f-860f-d4e09176c856,40701008,Echocardiography (procedure),1046.58,230690007,Stroke
1998-12-09,25debc7a-9ba0-496a-9a91-0bcc11a62575,65526d84-5c33-428f-860f-d4e09176c856,433112001,Percutaneous mechanical thrombectomy of portal vein using fluoroscopic guidance,29432.77,230690007,Stroke
2011-01-24,b02534b4-fc7a-48cd-b9bd-513a55c29169,db0b5b50-6640-4be8-9181-445170469ca4,18286008,Catheter ablation of tissue of heart,14058.42,49436004,Atrial Fibrillation
2012-01-30,b02534b4-fc7a-48cd-b9bd-513a55c29169,5c9468f6-e128-42df-8653-d77f3c3c8f97,18286008,Catheter ablation of tissue of heart,12132.51,49436004,Atrial Fibrillation
2013-02-04,b02534b4-fc7a-48cd-b9bd-513a55c29169,8d33f12e-f7ec-4b4d-9003-18e955a93012,180325003,Electrical cardioversion,32929.58,49436004,Atrial Fibrillation
2014-02-10,b02534b4-fc7a-48cd-b9bd-513a55c29169,ac874ff4-ab37-40a8-a0ad-b2d5c8d803e7,180325003,Electrical cardioversion,40020.13,49436004,Atrial Fibrillation
2015-02-16,b02534b4-fc7a-48cd-b9bd-513a55c29169,780b2652-e908-4b6b-af2d-99ec8e842291,18286008,Catheter ablation of tissue of heart,14864.94,49436004,Atrial Fibrillation
2016-02-22,b02534b4-fc7a-48cd-b9bd-513a55c29169,2dfbc1a8-cb82-47b9-9b4d-afaede83897a,180325003,Electrical cardioversion,27474.76,49436004,Atrial Fibrillation
2017-02-27,b02534b4-fc7a-48cd-b9bd-513a55c29169,9aae9ce1-db28-4dbe-8d64-fa3112030c34,180325003,Electrical cardioversion,36870.70,49436004,Atrial Fibrillation
2018-03-05,b02534b4-fc7a-48cd-b9bd-513a55c29169,331d25d2-8b47-4275-a4c7-1ee76b99c62d,180325003,Electrical cardioversion,16185.56,49436004,Atrial Fibrillation
2019-03-11,b02534b4-fc7a-48cd-b9bd-513a55c29169,e0e4fed0-34af-47c0-b373-ecce997c1def,180325003,Electrical cardioversion,26192.99,49436004,Atrial Fibrillation
2012-12-05,dea4e7c1-7020-4060-8af2-57cda915db9f,8f8e0c6f-57a4-4869-a334-f1f63fc78035,40701008,Echocardiography (procedure),496.98,230690007,Stroke
2012-12-05,dea4e7c1-7020-4060-8af2-57cda915db9f,8f8e0c6f-57a4-4869-a334-f1f63fc78035,433112001,Percutaneous mechanical thrombectomy of portal vein using fluoroscopic guidance,21191.73,230690007,Stroke
2016-07-03,6ba8e865-091c-4dd1-aa47-c9d99c53534e,e2143f68-e2e2-4436-80b7-f77e51dd7174,40701008,Echocardiography (procedure),1053.55,230690007,Stroke
2016-07-03,6ba8e865-091c-4dd1-aa47-c9d99c53534e,e2143f68-e2e2-4436-80b7-f77e51dd7174,433112001,Percutaneous mechanical thrombectomy of portal vein using fluoroscopic guidance,26917.00,230690007,Stroke
