Id,ORGANIZATION,NAME,GENDER,SPECIALITY,ADDRESS,CITY,STATE,ZIP,LAT,LON,UTILIZATION
56f5a71c-9253-3d3b-b0bd-8bfaf288647c,319baef9-e8e6-3320-9e0b-7991d9c167b8,Islam Keski-Kasari,M,GENERAL PRACTICE,Haartmaninkatu 4,Helsinki,18,00290,60.189159,24.909081,2
01905e68-d0c7-39a4-a0b0-5bce61ad2fe6,39010280-b8e5-3b1a-b835-bafbeea21968,Tiina-Maija Paahtio,F,GENERAL PRACTICE,Turuntie 150,Espoo,18,02740,60.22589,24.77581,2
fbfa8e69-4a95-347e-b6eb-ef721a8317a2,7b74aa83-5335-38dd-a213-d6df36c7f627,Wilja Paahtio,F,GENERAL PRACTICE,Karvasmäentie 6,Espoo,18,02740,60.22011,24.6848,1
17b15e71-95f6-35f9-96dd-a4542e6cb749,af916982-f5f8-341b-b159-69e72695294c,Samiira Hymylä,F,GENERAL PRACTICE,Sairaalakatu 1,Vantaa,18,01400,60.3299,25.0608,1
010092e5-f908-361e-aba0-afe0dd486ed4,294d60d6-0e2b-396b-a8bf-77998642f6b7,Naomi Venäläinen,F,GENERAL PRACTICE,Ohkolantie 10,Kellokoski,18,04500,60.53054,25.10548,1
6552bd3d-063c-3381-a986-4ab1ade78e5f,8af774ed-7635-320a-ad8c-a63aa309a858,Geoffrey Tenhu,M,GENERAL PRACTICE,Sairaalatie 8,Lohja,18,08200,60.2247,24.01885,1
9edcba4c-6ab8-35b4-8949-6ee8c6cc7d12,738aef7e-a279-3f65-9dba-fead16b27400,Larissa Rihko,F,GENERAL PRACTICE,Turuntie 150,Espoo,18,02740,60.22589,24.77581,997
e4f102f2-9d55-340a-8cbc-7a073db585c9,9a3e6919-4ed0-32fe-a1e2-7184b06c415f,Abdulkadir Laattala,F,GENERAL PRACTICE,Karvasmäentie 6,Espoo,18,02740,60.22011,24.6848,530
0ea951d2-1908-3fb8-a90b-667aa93e022b,a70486b2-c33a-37b3-a4cf-b3dc06cb9d84,Aira Rosas,F,GENERAL PRACTICE,Sairaalakatu 1,Vantaa,18,01400,60.3299,25.0608,1475
e4383dc3-6a85-36c8-bd8e-52bf1b48af4f,bf25636d-50a4-3cf2-b937-0e59fd37503f,Islam Keski-Kasari,M,GENERAL PRACTICE,Sairaalankatu 1,Hyvinkää,18,05830,60.612,24.82486,125
793676ba-48e6-3e82-bf5c-84dfda7a75c3,4eddd774-a01b-3a0b-b4c6-736a5581aba4,Ainomaria Matthews,F,GENERAL PRACTICE,Ohkolantie 10,Kellokoski,18,04500,60.53054,25.10548,307
95f80f9d-646b-397d-b5f4-f55a9aec6af6,942171f0-df04-34cc-9c85-1a11b2f08717,Kristina Hoppu,F,GENERAL PRACTICE,Sairaalatie 8,Lohja,18,08200,60.2247,24.01885,494
f3249047-721b-3312-b9d0-e9017d9bf867,216a84b2-6287-356d-9bcf-655abf00debb,Lova Rönkkönen,F,GENERAL PRACTICE,Sairaalantie 1,Porvoo,18,06200,60.37911,25.69576,78
a703d09f-d22c-3151-83f9-d5e2ec431c96,319baef9-e8e6-3320-9e0b-7991d9c167b8,Larissa Rihko,F,GENERAL PRACTICE,Haartmaninkatu 4,Helsinki,18,00290,60.189159,24.909081,1
ca89dc53-3147-38b8-bf2d-ada9b846c241,39010280-b8e5-3b1a-b835-bafbeea21968,Aira Rosas,F,GENERAL PRACTICE,Turuntie 150,Espoo,18,02740,60.22589,24.77581,1
5e8ab7c8-9dab-3823-a7a0-69718ecc2bb0,af916982-f5f8-341b-b159-69e72695294c,Ainomaria Matthews,F,GENERAL PRACTICE,Sairaalakatu 1,Vantaa,18,01400,60.3299,25.0608,1
a26b7950-689e-317c-8015-b445fb07cf13,8af774ed-7635-320a-ad8c-a63aa309a858,Lova Rönkkönen,F,GENERAL PRACTICE,Sairaalatie 8,Lohja,18,08200,60.2247,24.01885,4
799131b2-ebf2-3472-89d3-b5f416433103,d8b3cbb1-88db-3fc1-bb2b-6a9c0037e6e5,Laura-Mari Kinaret,F,GENERAL PRACTICE,Sairaalantie 1,Porvoo,18,06200,60.37911,25.69576,1
