Id,START,STOP,PATIENT,ENCOUNTER,CODE,DESCRIPTION,REASONCODE,REASONDESCRIPTION
bedabc2e-aef8-4370-9cf6-b0dc4c8be481,1991-04-01,,d9cbcabb-fa3d-433c-ae0d-f683df81b1b0,3c77f655-1b73-48d1-a1c4-cb61c8aff9af,408869004,Musculoskeletal care,239873007,Osteoarthritis of knee
f4f59eb3-b0bf-49bd-862b-beccdbb7b87c,2011-08-27,,0ecb22d9-0b83-4786-9d59-389fad9df96f,81c39082-44ef-4d70-b0ec-aabbc9309beb,408869004,Musculoskeletal care,201834006,Localized  primary osteoarthritis of the hand
ed1fd33d-e144-426c-993e-267d60bf07d6,2010-03-29,,30880b05-98ac-409a-8f6d-1610fb8cc322,e5bcdb2b-9d35-4ecd-946a-e8e2d55ac48c,408869004,Musculoskeletal care,239873007,Osteoarthritis of knee
4acdf141-d1de-4552-9a86-29479fcad60f,2006-07-19,,abf281c2-394e-40ed-a7f7-99ba840d5b3f,6070851e-3ab1-48b2-90ff-266f8c92ef8c,408869004,Musculoskeletal care,201834006,Localized  primary osteoarthritis of the hand
fe0739a9-f129-4c7b-9987-98a80ed77f90,2016-09-01,,92ea2c38-8156-4fe1-8c58-7c2539ee5b82,b8fa943b-a0c5-43d5-9232-d61518130c18,408869004,Musculoskeletal care,239873007,Osteoarthritis of knee
df9b69f8-bb13-4d49-8a86-63f674088ec7,2017-03-12,,f4416593-83ae-4eea-b654-90c30e6f4819,b1e1ef13-4746-4403-a0e3-87aeb23589fa,408869004,Musculoskeletal care,201834006,Localized  primary osteoarthritis of the hand
