START,STOP,PATIENT,ENCOUNTER,CODE,DESCRIPTION
1991-04-01,,d9cbcabb-fa3d-433c-ae0d-f683df81b1b0,3c77f655-1b73-48d1-a1c4-cb61c8aff9af,239873007,Osteoarthritis of knee
2014-07-08,,d9cbcabb-fa3d-433c-ae0d-f683df81b1b0,3a3e23d4-6202-41c6-91bb-ed3e11b637a1,230690007,Stroke
2017-08-25,,3650a907-e7b1-4ecf-b7e3-eae0bffdf2ed,58db7f8c-7322-42e9-99b4-f1d9216a4b5d,53741008,Coronary Heart Disease
2017-08-25,,3650a907-e7b1-4ecf-b7e3-eae0bffdf2ed,58db7f8c-7322-42e9-99b4-f1d9216a4b5d,22298006,Myocardial Infarction
2017-08-25,,3650a907-e7b1-4ecf-b7e3-eae0bffdf2ed,58db7f8c-7322-42e9-99b4-f1d9216a4b5d,399211009,History of myocardial infarction (situation)
1985-09-16,,0ecb22d9-0b83-4786-9d59-389fad9df96f,b320bab5-086a-4612-a991-e36e762a08fc,410429000,Cardiac Arrest
1985-09-16,,0ecb22d9-0b83-4786-9d59-389fad9df96f,b320bab5-086a-4612-a991-e36e762a08fc,429007001,History of cardiac arrest (situation)
2011-08-27,,0ecb22d9-0b83-4786-9d59-389fad9df96f,81c39082-44ef-4d70-b0ec-aabbc9309beb,201834006,Localized  primary osteoarthritis of the hand
2010-06-06,,f75b6e38-50e9-48ff-ab5d-74c788580253,51c0b331-e3fe-4db9-b36c-4757ecb80e19,230690007,Stroke
2014-03-02,,45173694-87d3-4339-a503-314d1114d9de,088f5c1a-200d-417c-b74b-551ba3b85f0c,49436004,Atrial Fibrillation
2019-04-01,,bab0969e-1089-4710-b8b1-c0f2feeb4672,2a662c44-2e51-4bf0-8e31-fbf0018e1a79,49436004,Atrial Fibrillation
2019-08-13,,f07e0e15-fa3e-4565-a223-01c6e8f689f1,107f4e99-5e8f-4bf2-bb84-760cc61a8591,49436004,Atrial Fibrillation
2019-09-03,,13837aeb-9666-49b3-8438-27be72c59602,2d41b755-4806-4935-a87e-0aa5075ca0f0,410429000,Cardiac Arrest
2019-09-03,,13837aeb-9666-49b3-8438-27be72c59602,2d41b755-4806-4935-a87e-0aa5075ca0f0,429007001,History of cardiac arrest (situation)
1984-11-10,,7f7ba825-a4d1-41ed-aefe-f00a790c0e0f,9c9fc4e7-cb18-41a8-b91c-23f039ae891a,230690007,Stroke
1985-03-17,,0c484535-1d32-4f6c-9fb9-60dbbca3dd21,c541099b-ec62-4812-a32e-2ce2cb0aefa0,53741008,Coronary Heart Disease
1993-02-21,,0c484535-1d32-4f6c-9fb9-60dbbca3dd21,ec9377e3-898a-423a-a52c-a0085c7a5ee0,410429000,Cardiac Arrest
1993-02-21,,0c484535-1d32-4f6c-9fb9-60dbbca3dd21,ec9377e3-898a-423a-a52c-a0085c7a5ee0,429007001,History of cardiac arrest (situation)
1994-06-23,,d0d237a1-996d-4cee-a361-dcf3777ec3c1,b9726505-4388-4adc-a321-b9705b4a0ef1,53741008,Coronary Heart Disease
2004-05-14,,97bd00b5-21e5-4fe5-aa2a-5866a3878371,72d7b770-ad6f-4c12-929d-8cfa717ad564,410429000,Cardiac Arrest
2004-05-14,,97bd00b5-21e5-4fe5-aa2a-5866a3878371,72d7b770-ad6f-4c12-929d-8cfa717ad564,429007001,History of cardiac arrest (situation)
1991-11-29,,0176c620-2f24-4150-ae35-55d7b3036208,d001a40d-dcb6-4637-9688-2c2d0a0f35dc,53741008,Coronary Heart Disease
2006-04-03,,44fffd07-f9e7-4e7d-b3f2-3b7bde09e553,b589dd53-3215-4510-bc68-e41155b217f7,230690007,Stroke
2014-09-19,,0b6f2ebf-08d2-4a43-a49e-d5ad9634be77,509f5d46-25ff-4fd1-b617-cac3d98bb6ce,410429000,Cardiac Arrest
2014-09-19,,0b6f2ebf-08d2-4a43-a49e-d5ad9634be77,509f5d46-25ff-4fd1-b617-cac3d98bb6ce,429007001,History of cardiac arrest (situation)
2010-03-29,,30880b05-98ac-409a-8f6d-1610fb8cc322,e5bcdb2b-9d35-4ecd-946a-e8e2d55ac48c,239873007,Osteoarthritis of knee
2019-05-16,,1aa3aff5-90c1-4ec1-8981-e7d94fe388da,5a722b1e-5cef-4a22-a344-bd911cbb5bc2,53741008,Coronary Heart Disease
2006-07-19,,abf281c2-394e-40ed-a7f7-99ba840d5b3f,6070851e-3ab1-48b2-90ff-266f8c92ef8c,201834006,Localized  primary osteoarthritis of the hand
2011-08-18,,abf281c2-394e-40ed-a7f7-99ba840d5b3f,144358a1-8f1b-4c91-b5ba-cd5c14d1f806,53741008,Coronary Heart Disease
2016-09-01,,92ea2c38-8156-4fe1-8c58-7c2539ee5b82,b8fa943b-a0c5-43d5-9232-d61518130c18,239873007,Osteoarthritis of knee
2017-03-12,,f4416593-83ae-4eea-b654-90c30e6f4819,b1e1ef13-4746-4403-a0e3-87aeb23589fa,201834006,Localized  primary osteoarthritis of the hand
