START,STOP,PATIENT,PAYER,ENCOUNTER,CODE,DESCRIPTION,BASE_COST,PAYER_COVERAGE,DISPENSES,TOTALCOST,REASONCODE,REASONDESCRIPTION
1991-04-01,,d9cbcabb-fa3d-433c-ae0d-f683df81b1b0,b1c428d6-4f07-31e0-90f0-68ffa6ff8c76,3c77f655-1b73-48d1-a1c4-cb61c8aff9af,849574,Naproxen sodium 220 MG Oral Tablet,9.57,0.00,352,3368.64,239873007,Osteoarthritis of knee
2014-07-08,2014-07-08,d9cbcabb-fa3d-433c-ae0d-f683df81b1b0,b1c428d6-4f07-31e0-90f0-68ffa6ff8c76,3a3e23d4-6202-41c6-91bb-ed3e11b637a1,309362,Clopidogrel 75 MG Oral Tablet,32.22,0.00,1,32.22,,
2014-07-08,2014-07-08,d9cbcabb-fa3d-433c-ae0d-f683df81b1b0,b1c428d6-4f07-31e0-90f0-68ffa6ff8c76,3a3e23d4-6202-41c6-91bb-ed3e11b637a1,1804799,Alteplase 100 MG Injection,6591.35,0.00,1,6591.35,,
2017-08-25,2017-08-25,3650a907-e7b1-4ecf-b7e3-eae0bffdf2ed,b1c428d6-4f07-31e0-90f0-68ffa6ff8c76,58db7f8c-7322-42e9-99b4-f1d9216a4b5d,309362,Clopidogrel 75 MG Oral Tablet,68.14,0.00,1,68.14,,
2017-08-25,,3650a907-e7b1-4ecf-b7e3-eae0bffdf2ed,b1c428d6-4f07-31e0-90f0-68ffa6ff8c76,58db7f8c-7322-42e9-99b4-f1d9216a4b5d,312961,Simvastatin 20 MG Oral Tablet,6.28,0.00,1,6.28,,
2017-08-25,,3650a907-e7b1-4ecf-b7e3-eae0bffdf2ed,b1c428d6-4f07-31e0-90f0-68ffa6ff8c76,58db7f8c-7322-42e9-99b4-f1d9216a4b5d,197361,Amlodipine 5 MG Oral Tablet,58.23,0.00,1,58.23,,
2017-08-25,2017-08-25,3650a907-e7b1-4ecf-b7e3-eae0bffdf2ed,b1c428d6-4f07-31e0-90f0-68ffa6ff8c76,58db7f8c-7322-42e9-99b4-f1d9216a4b5d,705129,Nitroglycerin 0.4 MG/ACTUAT Mucosal Spray,57.70,0.00,1,57.70,,
2017-08-25,2017-08-25,3650a907-e7b1-4ecf-b7e3-eae0bffdf2ed,b1c428d6-4f07-31e0-90f0-68ffa6ff8c76,58db7f8c-7322-42e9-99b4-f1d9216a4b5d,259255,Atorvastatin 80 MG Oral Tablet,168.23,0.00,1,168.23,,
2017-08-25,2017-08-25,3650a907-e7b1-4ecf-b7e3-eae0bffdf2ed,b1c428d6-4f07-31e0-90f0-68ffa6ff8c76,58db7f8c-7322-42e9-99b4-f1d9216a4b5d,833036,Captopril 25 MG Oral Tablet,114.39,0.00,1,114.39,,
2011-08-27,,0ecb22d9-0b83-4786-9d59-389fad9df96f,b1c428d6-4f07-31e0-90f0-68ffa6ff8c76,81c39082-44ef-4d70-b0ec-aabbc9309beb,849574,Naproxen sodium 220 MG Oral Tablet,13.94,0.00,103,1435.82,201834006,Localized  primary osteoarthritis of the hand
2010-06-06,2010-06-06,f75b6e38-50e9-48ff-ab5d-74c788580253,b1c428d6-4f07-31e0-90f0-68ffa6ff8c76,51c0b331-e3fe-4db9-b36c-4757ecb80e19,309362,Clopidogrel 75 MG Oral Tablet,64.13,0.00,1,64.13,,
2010-06-06,2010-06-06,f75b6e38-50e9-48ff-ab5d-74c788580253,b1c428d6-4f07-31e0-90f0-68ffa6ff8c76,51c0b331-e3fe-4db9-b36c-4757ecb80e19,1804799,Alteplase 100 MG Injection,6296.69,0.00,1,6296.69,,
2014-03-02,,45173694-87d3-4339-a503-314d1114d9de,b1c428d6-4f07-31e0-90f0-68ffa6ff8c76,088f5c1a-200d-417c-b74b-551ba3b85f0c,855332,Warfarin Sodium 5 MG Oral Tablet,17.17,0.00,73,1253.41,,
2014-03-02,,45173694-87d3-4339-a503-314d1114d9de,b1c428d6-4f07-31e0-90f0-68ffa6ff8c76,088f5c1a-200d-417c-b74b-551ba3b85f0c,897718,Verapamil Hydrochloride 40 MG,70.49,0.00,73,5145.77,,
2014-03-02,,45173694-87d3-4339-a503-314d1114d9de,b1c428d6-4f07-31e0-90f0-68ffa6ff8c76,088f5c1a-200d-417c-b74b-551ba3b85f0c,197604,Digoxin 0.125 MG Oral Tablet,60.79,0.00,73,4437.67,,
2019-04-01,,bab0969e-1089-4710-b8b1-c0f2feeb4672,b1c428d6-4f07-31e0-90f0-68ffa6ff8c76,2a662c44-2e51-4bf0-8e31-fbf0018e1a79,855332,Warfarin Sodium 5 MG Oral Tablet,221.62,0.00,11,2437.82,,
2019-04-01,,bab0969e-1089-4710-b8b1-c0f2feeb4672,b1c428d6-4f07-31e0-90f0-68ffa6ff8c76,2a662c44-2e51-4bf0-8e31-fbf0018e1a79,897718,Verapamil Hydrochloride 40 MG,120.99,0.00,11,1330.89,,
2019-04-01,,bab0969e-1089-4710-b8b1-c0f2feeb4672,b1c428d6-4f07-31e0-90f0-68ffa6ff8c76,2a662c44-2e51-4bf0-8e31-fbf0018e1a79,197604,Digoxin 0.125 MG Oral Tablet,67.63,0.00,11,743.93,,
2019-08-13,,f07e0e15-fa3e-4565-a223-01c6e8f689f1,b1c428d6-4f07-31e0-90f0-68ffa6ff8c76,107f4e99-5e8f-4bf2-bb84-760cc61a8591,855332,Warfarin Sodium 5 MG Oral Tablet,82.34,0.00,7,576.38,,
2019-08-13,,f07e0e15-fa3e-4565-a223-01c6e8f689f1,b1c428d6-4f07-31e0-90f0-68ffa6ff8c76,107f4e99-5e8f-4bf2-bb84-760cc61a8591,897718,Verapamil Hydrochloride 40 MG,27.20,0.00,7,190.40,,
2019-08-13,,f07e0e15-fa3e-4565-a223-01c6e8f689f1,b1c428d6-4f07-31e0-90f0-68ffa6ff8c76,107f4e99-5e8f-4bf2-bb84-760cc61a8591,197604,Digoxin 0.125 MG Oral Tablet,29.89,0.00,7,209.23,,
2019-09-03,2019-09-03,13837aeb-9666-49b3-8438-27be72c59602,b1c428d6-4f07-31e0-90f0-68ffa6ff8c76,2d41b755-4806-4935-a87e-0aa5075ca0f0,1660014,1 ML Epinephrine 1 MG/ML Injection,4.53,0.00,1,4.53,,
2019-09-03,2019-09-03,13837aeb-9666-49b3-8438-27be72c59602,b1c428d6-4f07-31e0-90f0-68ffa6ff8c76,2d41b755-4806-4935-a87e-0aa5075ca0f0,834357,3 ML Amiodarone hydrocholoride 50 MG/ML Prefilled Syringe,301.89,0.00,1,301.89,,
2019-09-03,2019-09-03,13837aeb-9666-49b3-8438-27be72c59602,b1c428d6-4f07-31e0-90f0-68ffa6ff8c76,2d41b755-4806-4935-a87e-0aa5075ca0f0,1190795,Atropine Sulfate 1 MG/ML Injectable Solution,35.33,0.00,1,35.33,,
1985-03-17,,0c484535-1d32-4f6c-9fb9-60dbbca3dd21,b1c428d6-4f07-31e0-90f0-68ffa6ff8c76,c541099b-ec62-4812-a32e-2ce2cb0aefa0,705129,Nitroglycerin 0.4 MG/ACTUAT Mucosal Spray,149.46,0.00,96,14348.16,,
1991-10-13,,0c484535-1d32-4f6c-9fb9-60dbbca3dd21,b1c428d6-4f07-31e0-90f0-68ffa6ff8c76,2434ccc8-4985-42e0-8329-10ebd5da8925,312961,Simvastatin 20 MG Oral Tablet,23.15,0.00,16,370.40,,
1993-02-21,1993-02-21,0c484535-1d32-4f6c-9fb9-60dbbca3dd21,b1c428d6-4f07-31e0-90f0-68ffa6ff8c76,ec9377e3-898a-423a-a52c-a0085c7a5ee0,1660014,1 ML Epinephrine 1 MG/ML Injection,3.45,0.00,1,3.45,,
1993-02-21,1993-02-21,0c484535-1d32-4f6c-9fb9-60dbbca3dd21,b1c428d6-4f07-31e0-90f0-68ffa6ff8c76,ec9377e3-898a-423a-a52c-a0085c7a5ee0,834357,3 ML Amiodarone hydrocholoride 50 MG/ML Prefilled Syringe,28.22,0.00,1,28.22,,
1993-02-21,1993-02-21,0c484535-1d32-4f6c-9fb9-60dbbca3dd21,b1c428d6-4f07-31e0-90f0-68ffa6ff8c76,ec9377e3-898a-423a-a52c-a0085c7a5ee0,1190795,Atropine Sulfate 1 MG/ML Injectable Solution,31.97,0.00,1,31.97,,
1994-06-23,,d0d237a1-996d-4cee-a361-dcf3777ec3c1,b1c428d6-4f07-31e0-90f0-68ffa6ff8c76,b9726505-4388-4adc-a321-b9705b4a0ef1,312961,Simvastatin 20 MG Oral Tablet,13.15,0.00,313,4115.95,,
1994-06-23,,d0d237a1-996d-4cee-a361-dcf3777ec3c1,b1c428d6-4f07-31e0-90f0-68ffa6ff8c76,b9726505-4388-4adc-a321-b9705b4a0ef1,197361,Amlodipine 5 MG Oral Tablet,38.84,0.00,313,12156.92,,
1994-06-23,,d0d237a1-996d-4cee-a361-dcf3777ec3c1,b1c428d6-4f07-31e0-90f0-68ffa6ff8c76,b9726505-4388-4adc-a321-b9705b4a0ef1,705129,Nitroglycerin 0.4 MG/ACTUAT Mucosal Spray,51.04,0.00,313,15975.52,,
1997-07-10,,d0d237a1-996d-4cee-a361-dcf3777ec3c1,b1c428d6-4f07-31e0-90f0-68ffa6ff8c76,b09144b7-3699-406b-ba99-7a0595ede67a,309362,Clopidogrel 75 MG Oral Tablet,72.35,0.00,276,19968.60,,
1991-11-29,,0176c620-2f24-4150-ae35-55d7b3036208,b1c428d6-4f07-31e0-90f0-68ffa6ff8c76,d001a40d-dcb6-4637-9688-2c2d0a0f35dc,312961,Simvastatin 20 MG Oral Tablet,8.34,0.00,344,2868.96,,
1991-11-29,,0176c620-2f24-4150-ae35-55d7b3036208,b1c428d6-4f07-31e0-90f0-68ffa6ff8c76,d001a40d-dcb6-4637-9688-2c2d0a0f35dc,705129,Nitroglycerin 0.4 MG/ACTUAT Mucosal Spray,32.85,0.00,344,11300.40,,
1994-12-16,,0176c620-2f24-4150-ae35-55d7b3036208,b1c428d6-4f07-31e0-90f0-68ffa6ff8c76,60a99dfb-9f75-4f57-aa81-92e4547c1e3a,197361,Amlodipine 5 MG Oral Tablet,39.87,0.00,307,12240.09,,
1998-01-02,,0176c620-2f24-4150-ae35-55d7b3036208,b1c428d6-4f07-31e0-90f0-68ffa6ff8c76,9fe17877-77cb-4042-b9ba-8fe183dd97f4,309362,Clopidogrel 75 MG Oral Tablet,9.77,0.00,270,2637.90,,
2014-09-19,2014-09-19,0b6f2ebf-08d2-4a43-a49e-d5ad9634be77,b1c428d6-4f07-31e0-90f0-68ffa6ff8c76,509f5d46-25ff-4fd1-b617-cac3d98bb6ce,1660014,1 ML Epinephrine 1 MG/ML Injection,3.98,0.00,1,3.98,,
2014-09-19,2014-09-19,0b6f2ebf-08d2-4a43-a49e-d5ad9634be77,b1c428d6-4f07-31e0-90f0-68ffa6ff8c76,509f5d46-25ff-4fd1-b617-cac3d98bb6ce,834357,3 ML Amiodarone hydrocholoride 50 MG/ML Prefilled Syringe,41.30,0.00,1,41.30,,
2014-09-19,2014-09-19,0b6f2ebf-08d2-4a43-a49e-d5ad9634be77,b1c428d6-4f07-31e0-90f0-68ffa6ff8c76,509f5d46-25ff-4fd1-b617-cac3d98bb6ce,1190795,Atropine Sulfate 1 MG/ML Injectable Solution,23.69,0.00,1,23.69,,
2010-03-29,,30880b05-98ac-409a-8f6d-1610fb8cc322,b1c428d6-4f07-31e0-90f0-68ffa6ff8c76,e5bcdb2b-9d35-4ecd-946a-e8e2d55ac48c,849574,Naproxen sodium 220 MG Oral Tablet,16.25,0.00,121,1966.25,239873007,Osteoarthritis of knee
2019-05-16,,1aa3aff5-90c1-4ec1-8981-e7d94fe388da,b1c428d6-4f07-31e0-90f0-68ffa6ff8c76,5a722b1e-5cef-4a22-a344-bd911cbb5bc2,309362,Clopidogrel 75 MG Oral Tablet,105.17,0.00,10,1051.70,,
2019-05-16,,1aa3aff5-90c1-4ec1-8981-e7d94fe388da,b1c428d6-4f07-31e0-90f0-68ffa6ff8c76,5a722b1e-5cef-4a22-a344-bd911cbb5bc2,312961,Simvastatin 20 MG Oral Tablet,23.73,0.00,10,237.30,,
2019-05-16,,1aa3aff5-90c1-4ec1-8981-e7d94fe388da,b1c428d6-4f07-31e0-90f0-68ffa6ff8c76,5a722b1e-5cef-4a22-a344-bd911cbb5bc2,197361,Amlodipine 5 MG Oral Tablet,21.19,0.00,10,211.90,,
2019-05-16,,1aa3aff5-90c1-4ec1-8981-e7d94fe388da,b1c428d6-4f07-31e0-90f0-68ffa6ff8c76,5a722b1e-5cef-4a22-a344-bd911cbb5bc2,705129,Nitroglycerin 0.4 MG/ACTUAT Mucosal Spray,27.66,0.00,10,276.60,,
2006-07-19,,abf281c2-394e-40ed-a7f7-99ba840d5b3f,b1c428d6-4f07-31e0-90f0-68ffa6ff8c76,6070851e-3ab1-48b2-90ff-266f8c92ef8c,849574,Naproxen sodium 220 MG Oral Tablet,15.08,0.00,166,2503.28,201834006,Localized  primary osteoarthritis of the hand
2011-08-18,,abf281c2-394e-40ed-a7f7-99ba840d5b3f,b1c428d6-4f07-31e0-90f0-68ffa6ff8c76,144358a1-8f1b-4c91-b5ba-cd5c14d1f806,309362,Clopidogrel 75 MG Oral Tablet,24.67,0.00,104,2565.68,,
2011-08-18,,abf281c2-394e-40ed-a7f7-99ba840d5b3f,b1c428d6-4f07-31e0-90f0-68ffa6ff8c76,144358a1-8f1b-4c91-b5ba-cd5c14d1f806,312961,Simvastatin 20 MG Oral Tablet,22.71,0.00,104,2361.84,,
2011-08-18,,abf281c2-394e-40ed-a7f7-99ba840d5b3f,b1c428d6-4f07-31e0-90f0-68ffa6ff8c76,144358a1-8f1b-4c91-b5ba-cd5c14d1f806,197361,Amlodipine 5 MG Oral Tablet,23.95,0.00,104,2490.80,,
2011-08-18,,abf281c2-394e-40ed-a7f7-99ba840d5b3f,b1c428d6-4f07-31e0-90f0-68ffa6ff8c76,144358a1-8f1b-4c91-b5ba-cd5c14d1f806,705129,Nitroglycerin 0.4 MG/ACTUAT Mucosal Spray,222.68,0.00,104,23158.72,,
2016-09-01,,92ea2c38-8156-4fe1-8c58-7c2539ee5b82,b1c428d6-4f07-31e0-90f0-68ffa6ff8c76,b8fa943b-a0c5-43d5-9232-d61518130c18,849574,Naproxen sodium 220 MG Oral Tablet,10.79,0.00,42,453.18,239873007,Osteoarthritis of knee
2017-03-12,,f4416593-83ae-4eea-b654-90c30e6f4819,b1c428d6-4f07-31e0-90f0-68ffa6ff8c76,b1e1ef13-4746-4403-a0e3-87aeb23589fa,849574,Naproxen sodium 220 MG Oral Tablet,5.80,0.00,36,208.80,201834006,Localized  primary osteoarthritis of the hand
