Id,BIRTHDATE,DEATHDATE,SSN,DRIVERS,PASSPORT,PREFIX,FIRST,LAST,SUFFIX,MAIDEN,MARITAL,RACE,ETHNICITY,GENDER,BIRTHPLACE,ADDRESS,CITY,STATE,COUNTY,ZIP,LAT,LON,HEALTHCARE_EXPENSES,HEALTHCARE_COVERAGE
08efe267-58f2-462f-869d-ffd333921056,1998-01-20,,999-55-6240,S99999156,X50548980X,Ms.,Federica,Mustikkaniemi,,,,white,nonhispanic,F,Tuusula  Uusimaa  FI,559 Mantere Katu,Järvenpää,Uusimaa,Järvenpää,04460,60.51335199879997,25.08941487938784,3500.0,0.0
b84dab29-5cf8-40bc-b201-7c4becaae2fc,1983-09-24,,999-10-1377,S99929105,X68246190X,Mr.,Ananias,Zittra,,,S,white,nonhispanic,M,Helsinki  Uusimaa  FI,519 Muurikainen Katu Apt 28,Vantaa,Uusimaa,Vantaa,01610,60.34962931547925,25.093208369080486,4125.0,0.0
e8f23c90-f065-42b2-a0c9-e1c99f4183ee,1981-02-14,,999-29-4997,S99970616,X32381668X,Mr.,Santero,Pessinen,,,M,white,nonhispanic,M,Helsinki  Uusimaa  FI,780 Rimpiläinen Katu,Vantaa,Uusimaa,Vantaa,01670,60.32898456105265,25.029676124944917,4250.0,0.0
a8d23103-703b-4810-8f8a-4540536c06e4,1977-07-24,,999-23-9961,S99973490,X57905229X,Mrs.,Kristianna,Fraktman,,Jaakonmäki,M,white,nonhispanic,F,Vantaa  Uusimaa  FI,145 Pärnäjärvi Katu Suite 53,Helsinki,Uusimaa,Helsinki,00530,60.21265801398393,24.880488769472134,4500.0,0.0
6e0f5066-722a-4121-9b61-7f0e4fc53a2d,1966-11-18,,999-22-1545,S99974284,X43738561X,Mr.,Ora,Kuuva,,,M,white,nonhispanic,M,Helsinki  Uusimaa  FI,842 Hannila Katu Unit 20,Helsinki,Uusimaa,Helsinki,00310,60.23151351562696,24.905554192205035,5375.0,0.0
ddf6286d-bd7b-45d2-83ba-d2eadd1ff094,1963-07-16,,999-91-2113,S99929745,X27481658X,Mr.,Eddie,Langer,,,M,white,nonhispanic,M,Raasepori  Uusimaa  FI,898 Rahiala Katu Apt 52,Helsinki,Uusimaa,Helsinki,00970,60.22712123139565,25.010428640017203,5750.0,0.0
7e464f52-ba19-4b7b-9804-ae82c1a42b75,1966-06-20,,999-63-9129,S99961527,X61818429X,Ms.,Valencia,Käräjämäki,,,S,white,nonhispanic,F,Vihti  Uusimaa  FI,904 Rosenius Katu Suite 77,Kirkkonummi,Uusimaa,Kirkkonummi,02480,60.122563479184464,24.466774843720167,5375.0,0.0
61647ffa-2668-4cf3-ad7b-558d17928cf0,1972-01-17,,999-87-6488,S99975510,X41085672X,Mr.,Kuno,Levoska,,,M,white,nonhispanic,M,Helsinki  Uusimaa  FI,470 Kotikangas Katu,Helsinki,Uusimaa,Helsinki,00340,60.29409805410555,25.001251486479273,4875.0,0.0
03d98c0e-5eb2-4256-b987-62848995bc76,1984-02-22,,999-38-8873,S99957216,X50140955X,Mr.,Jeremias,Wingren,,,M,white,nonhispanic,M,Helsinki  Uusimaa  FI,193 Sihto Katu Suite 45,Vantaa,Uusimaa,Vantaa,01730,60.224131062408254,25.114577208121638,4125.0,0.0
d9cbcabb-fa3d-433c-ae0d-f683df81b1b0,1943-04-13,,999-19-3936,S99939784,X72040400X,Mr.,Markonpoika,Kuskelin,,,S,white,nonhispanic,M,Pukkila  Uusimaa  FI,826 Ylén Katu Suite 26,Helsinki,Uusimaa,Helsinki,00920,60.17847411834549,24.949930599958286,15123.57,0.0
aea1ebca-a326-4bf0-aafe-f9b457cbbc8b,1966-06-21,,999-89-4940,S99932213,X22904562X,Mrs.,Nina-Mari,Blanck,,Käkränen,M,white,nonhispanic,F,Helsinki  Uusimaa  FI,952 Laasala Katu,Vantaa,Uusimaa,Vantaa,01490,60.30428172702794,24.770062263192752,5375.0,0.0
23657142-916c-4d24-8a5b-4114ada2f53d,1963-06-20,,999-32-9983,S99974937,X20092932X,Mr.,Mika-Antti,Markkula,,,M,white,nonhispanic,M,Helsinki  Uusimaa  FI,522 Taskinen Katu,Hyvinkää,Uusimaa,Hyvinkää,05880,60.594735207402415,24.830886275727206,5750.0,0.0
a5c70a4b-6463-4f64-ac38-83ae2d7f321d,1976-05-11,,999-84-4691,S99958326,X79869848X,Mr.,Algot,Kortesaari,MD,,M,white,nonhispanic,M,Helsinki  Uusimaa  FI,231 Heinemaa Katu Apt 57,Espoo,Uusimaa,Espoo,02630,60.24617989847495,24.77599552467432,4500.0,0.0
3650a907-e7b1-4ecf-b7e3-eae0bffdf2ed,2011-09-09,2017-08-25,999-20-3321,,,,Ove,Lautaoja,,,,white,nonhispanic,M,Helsinki  Uusimaa  FI,555 Toljander Katu,Järvenpää,Uusimaa,Järvenpää,04460,60.484850873082294,25.0988738351277,2283.46,0.0
df6cd2fb-cf0b-4d36-80f0-f0a5f05b8803,1968-05-10,,999-21-4028,S99911076,X20284847X,Mrs.,Sabah,Kotti,,Uussilta,M,white,nonhispanic,F,Porvoo  Uusimaa  FI,1009 Idman Katu Apt 14,Kirkkonummi,Uusimaa,Kirkkonummi,02460,60.16133468946809,24.38472897172859,5125.0,0.0
32cd08e4-e6cb-4a6d-8ec1-1fe696e5c272,2011-09-09,,999-49-9405,,,,Raikas,Karkia,,,,white,nonhispanic,M,Mäntsälä  Uusimaa  FI,704 Moser Katu,Järvenpää,Uusimaa,Järvenpää,04460,60.51207262822212,25.109504850482736,2125.0,0.0
3e549b42-7385-42fe-859c-7cb6f3ad528b,2001-12-29,,999-13-3176,S99999948,,Mr.,Marvin,Kalervo,,,,white,nonhispanic,M,Vantaa  Uusimaa  FI,1053 Lohvansuu Katu Unit 8,Porvoo,Uusimaa,Porvoo,07130,60.47387607331803,25.617357925625633,3375.0,0.0
0ecb22d9-0b83-4786-9d59-389fad9df96f,1971-09-06,,999-79-3710,S99975488,X69285449X,Mrs.,Heldine,Martola,,Seivo,M,white,nonhispanic,F,Espoo  Uusimaa  FI,403 Katajala Katu,Espoo,Uusimaa,Espoo,02280,60.3068919611835,24.757822507751992,5184.81,0.0
09f60217-3859-4fc8-9f55-f47936389d0a,1967-05-16,,999-18-4121,S99956381,X31391750X,Mr.,Waltter,Kanala,JD,,M,white,nonhispanic,M,Helsinki  Uusimaa  FI,759 Warren Katu Unit 73,Helsinki,Uusimaa,Helsinki,00340,60.113725467101695,24.880989046190845,5250.0,0.0
f75b6e38-50e9-48ff-ab5d-74c788580253,1968-01-21,,999-72-8790,S99977066,X13587376X,Mrs.,Orvokki,Stenfors,,Tappola,M,white,nonhispanic,F,Helsinki  Uusimaa  FI,686 Lares Katu,Helsinki,Uusimaa,Helsinki,00980,60.20228167625011,24.940712337797944,11735.82,0.0
65e4b675-2e52-463e-8e4d-fa971c6a7960,1918-12-02,,999-44-7085,S99966244,X81845440X,Mrs.,Nadia,Selroos,,Damski,M,white,nonhispanic,F,Helsinki  Uusimaa  FI,982 Aukeala Katu,Vantaa,Uusimaa,Vantaa,01720,60.31992518153242,24.885761511303453,11250.0,0.0
86588496-feb1-4a77-a0a9-5d6d5b21239f,1957-12-31,,999-11-9759,S99974921,X12253399X,Mr.,Jere,Wahlstedt,,,M,white,nonhispanic,M,Vantaa  Uusimaa  FI,389 Körmöläinen Katu,Hyvinkää,Uusimaa,Hyvinkää,05880,60.65807145637975,25.048073874756216,6375.0,0.0
640a116e-c3c6-4c4e-89dd-e58b26234f65,1989-10-24,,999-72-3470,S99932188,X34208828X,Mr.,Amor,Kruunari,,,M,white,nonhispanic,M,Vantaa  Uusimaa  FI,943 Vana Katu Suite 49,Helsinki,Uusimaa,Helsinki,00350,60.27681924300444,24.954804587219652,3875.0,0.0
ececcaa7-2a67-443f-8d4a-38a676b371c5,2007-11-01,,999-92-5379,,,,Ellimari,Petälä,,,,white,nonhispanic,F,Sipoo  Uusimaa  FI,126 Läykki Katu,Helsinki,Uusimaa,Helsinki,00520,60.19302997236581,25.044697885657513,2625.0,0.0
45173694-87d3-4339-a503-314d1114d9de,1955-01-09,,999-46-7101,S99968804,X52677351X,Mr.,Thore,Kaukanen,,,M,white,nonhispanic,M,Helsinki  Uusimaa  FI,430 Salervo Katu Unit 81,Vantaa,Uusimaa,Vantaa,01350,60.26766683424121,24.81038680129547,6750.0,0.0
787c25c3-7cba-4ced-8198-6fd9d3646e7b,1964-01-01,,999-51-1533,S99979048,X43173723X,Mrs.,Mikontytär,Korkia-aho,,Kataja-aho,M,white,nonhispanic,F,Helsinki  Uusimaa  FI,528 Long Katu,Espoo,Uusimaa,Espoo,02760,60.179107711224475,24.779512642355883,5750.0,0.0
bab0969e-1089-4710-b8b1-c0f2feeb4672,1958-01-27,,999-21-5404,S99920246,X88114162X,Mr.,Luqman,Rimpineva,,,M,white,nonhispanic,M,Kerava  Uusimaa  FI,119 Altun Katu Apt 30,Vantaa,Uusimaa,Vantaa,01670,60.32019748588903,25.056370543634213,6375.0,0.0
9b93ec0e-7280-4a8f-ab0c-3d5eabf3db16,2013-06-21,,999-10-7221,,,,Salomoni,Österbacka,,,,white,nonhispanic,M,Helsinki  Uusimaa  FI,866 Hanhijärvi Katu Unit 88,Kerava,Uusimaa,Kerava,04200,60.34569196025736,25.108266786988647,1875.0,0.0
31704868-246d-45b0-b9d4-d39cfa303ac4,1994-10-09,,999-74-3499,S99949994,X20523043X,Mr.,Vesseli,Päällysaho,,,,white,nonhispanic,M,Helsinki  Uusimaa  FI,445 Henriksén Katu Unit 97,Vantaa,Uusimaa,Vantaa,01600,60.36530563196693,25.147136297276596,3750.0,0.0
f07e0e15-fa3e-4565-a223-01c6e8f689f1,1942-03-10,,999-80-4218,S99941463,X7290050X,Mrs.,Loviisa,Valle,,Nurmi,M,white,nonhispanic,F,Kerava  Uusimaa  FI,302 Willgrén Katu Suite 42,Espoo,Uusimaa,Espoo,02940,60.23839458735353,24.772329972585418,8375.0,0.0
2f6cc2ad-e3cf-49f7-b08b-00e4a1ae828f,1979-12-30,,999-59-9522,S99942437,X33603676X,Mrs.,Nerea,Uludag,,Rinta-Kokko,M,white,nonhispanic,F,Helsinki  Uusimaa  FI,603 Ahlman Katu,Espoo,Uusimaa,Espoo,02860,60.2695082270226,24.82851543870452,4375.0,0.0
ba8e4563-05f6-495c-a560-1a3ab14697bb,2007-10-08,,999-43-4255,,,,Vili-Veikko,Pilto,,,,white,nonhispanic,M,Espoo  Uusimaa  FI,903 Puhilas Katu Unit 88,Espoo,Uusimaa,Espoo,02270,60.20964100518523,24.813004445587925,2625.0,0.0
7536763c-f630-4d07-a009-3e1b2734903c,1995-04-11,,999-19-5045,S99974190,X22392193X,Ms.,Oline,Pavlova,,,,white,nonhispanic,F,Helsinki  Uusimaa  FI,617 Länsivaara Katu Unit 95,Espoo,Uusimaa,Espoo,02200,60.167852238317174,24.761896061979748,3625.0,0.0
aa337ea0-6a79-4927-a3a1-3b4f419c4e52,1999-10-12,,999-41-1092,S99975362,X64996766X,Ms.,Etna,Piri,,,,white,nonhispanic,F,Espoo  Uusimaa  FI,1009 Laxén Katu Suite 75,Helsinki,Uusimaa,Helsinki,00600,60.203093158348494,24.976111647440554,3500.0,0.0
07c81c69-2702-47b7-a6ef-4770a272e4d3,1987-07-01,,999-58-8842,S99943198,X55097868X,Mr.,Fox,Järvisalo,,,M,white,nonhispanic,M,Espoo  Uusimaa  FI,462 Tulisalmi Katu,Helsinki,Uusimaa,Helsinki,00510,60.195430721184565,24.91635612997785,4000.0,0.0
740c93fc-7d80-457a-9e82-5fa7c9acb66c,2000-12-22,,999-34-5963,S99955707,,Ms.,Hanna-Katri,Polvi-Lohikoski,,,,white,nonhispanic,F,Järvenpää  Uusimaa  FI,675 Loskin Katu Unit 28,Nurmijärvi,Uusimaa,Nurmijärvi,01900,60.47519875050978,24.634894229682022,3500.0,0.0
c4dc8d13-2f7e-4975-a796-5e7e935ed74a,1981-03-19,,999-48-5032,S99934662,X34098689X,Mrs.,Iida-Liisa,Nikonen,,Latosaari,M,white,nonhispanic,F,Helsinki  Uusimaa  FI,480 Lostedt Katu,Kirkkonummi,Uusimaa,Kirkkonummi,02400,60.143190011594406,24.438469844972943,4250.0,0.0
cc432be3-d2a2-410a-9542-bd5500911c46,1999-08-03,,999-20-9655,S99960089,X16022158X,Mr.,Arseni,Tavisalo,,,,white,nonhispanic,M,Vantaa  Uusimaa  FI,1066 Soutukorva Katu,Espoo,Uusimaa,Espoo,02240,60.20216428873624,24.60556943990743,3500.0,0.0
13837aeb-9666-49b3-8438-27be72c59602,1981-12-15,,999-83-8002,S99949001,X41602637X,Mrs.,Marjetta,Alhomäki,,Forssten,M,white,nonhispanic,F,Mäntsälä  Uusimaa  FI,862 Kytöaho Katu Suite 19,Espoo,Uusimaa,Espoo,02740,60.2302344942978,24.783649973483158,4716.75,0.0
7f7ba825-a4d1-41ed-aefe-f00a790c0e0f,1910-07-23,,999-80-9388,S99970383,X78070780X,Mrs.,Onnia,Tarkia,,Vilkkula,M,white,nonhispanic,F,Järvenpää  Uusimaa  FI,1022 Knip Katu Unit 7,Loviisa,Uusimaa,Loviisa,07780,60.52128052022595,26.045455689499114,19280.56,0.0
4cd0ff37-019a-478d-9261-e62a6a55019e,1998-07-26,,999-50-6924,S99960735,X51818009X,Ms.,Lassentytär,Sallasmaa,,,,white,nonhispanic,F,Vantaa  Uusimaa  FI,815 Kunnamo Katu,Helsinki,Uusimaa,Helsinki,00920,60.11817571405326,24.962564971055805,3500.0,0.0
ab9020cd-6bde-4232-8e70-31477c24a670,1987-07-04,,999-66-2384,S99931896,X55006694X,Mr.,Pyry,Majabacka,,,M,white,nonhispanic,M,Helsinki  Uusimaa  FI,1061 Siviranta Katu Apt 86,Vantaa,Uusimaa,Vantaa,01520,60.29683890815234,24.843240805360473,4000.0,0.0
345f8ea7-18d6-43d1-bdae-dac7fec21979,1951-03-04,,999-52-2107,S99938416,X15662673X,Mrs.,Merena,Sekki,,Elovainio,M,white,nonhispanic,F,Vantaa  Uusimaa  FI,778 Puronvarsi Katu,Vantaa,Uusimaa,Vantaa,01450,60.26775996665496,24.931504534712285,7250.0,0.0
0c484535-1d32-4f6c-9fb9-60dbbca3dd21,1982-10-10,1993-02-21,999-25-6549,,,,Aatami,Raippalinna,,,,white,nonhispanic,M,Helsinki  Uusimaa  FI,884 Heinemaa Katu,Vantaa,Uusimaa,Vantaa,01480,60.29625286356228,25.048532908290888,2563.64,0.0
d0d237a1-996d-4cee-a361-dcf3777ec3c1,1981-05-28,,999-41-2816,S99985185,X72160588X,Mrs.,Anne-Liisa,Majaranta,,Miskala,M,white,nonhispanic,F,Vantaa  Uusimaa  FI,573 Malhonen Katu,Helsinki,Uusimaa,Helsinki,00270,60.108580884917295,24.9346542793933,5875.0,0.0
d7e70ceb-d9da-415d-b42f-566dacb4ab72,1997-05-14,,999-82-4466,S99922076,X82673054X,Ms.,Vineta,Hantula,,,,white,nonhispanic,F,Helsinki  Uusimaa  FI,306 Tuohimäki Katu Unit 39,Raasepori,Uusimaa,Raasepori,10410,60.13643643741764,23.44000972319235,3625.0,0.0
97bd00b5-21e5-4fe5-aa2a-5866a3878371,1983-01-28,,999-82-6198,S99940561,X60175258X,Mrs.,Minna-Marjaana,Lithovius,,Palomäki,M,white,nonhispanic,F,Helsinki  Uusimaa  FI,1042 Pietari Katu Apt 85,Vantaa,Uusimaa,Vantaa,01750,60.27309373858274,25.154066879136888,4367.36,0.0
d82a394b-bc1e-48f3-931c-f330421c503f,1953-07-16,,999-13-7679,S99927217,X87733780X,Ms.,Jemilia,Suoraniemi,,,S,white,nonhispanic,F,Kerava  Uusimaa  FI,322 Aakala Katu Apt 84,Espoo,Uusimaa,Espoo,02150,60.23650976119904,24.68027927995232,7000.0,0.0
875d523f-1217-43de-8d89-470e26de2b1c,1954-06-17,,999-36-8160,S99986270,X66099583X,Mr.,Nestor,Sisso,,,M,white,nonhispanic,M,Vihti  Uusimaa  FI,1068 Peräinen Katu,Helsinki,Uusimaa,Helsinki,00820,60.2927516287925,24.845058987140675,6875.0,0.0
0176c620-2f24-4150-ae35-55d7b3036208,1976-10-22,,999-76-4976,S99988069,X79848325X,Mrs.,Raija,Luopakka,,Rissa,M,white,nonhispanic,F,Helsinki  Uusimaa  FI,271 Larva Katu Suite 41,Helsinki,Uusimaa,Helsinki,00310,60.2441938705093,24.96223553116784,6375.0,0.0
9ee5e75d-2307-44a9-9eb0-f8edec73c1c1,1997-03-27,,999-48-8486,S99984780,X11340758X,Mr.,Topi,Sjökvist,,,,white,nonhispanic,M,Vantaa  Uusimaa  FI,666 Rentto Katu Apt 70,Vantaa,Uusimaa,Vantaa,01420,60.29709317206867,24.99519014113269,3625.0,0.0
c1821e66-e68a-4ef4-833d-0d18d3b6b414,1982-10-10,,999-80-2816,S99937999,X52050211X,Mr.,Kaipio,Savelius,,,M,white,nonhispanic,M,Helsinki  Uusimaa  FI,783 Ortiz Katu,Vantaa,Uusimaa,Vantaa,01510,60.28688993397856,24.795115167910044,4250.0,0.0
50220e46-c8c7-482b-bca1-39c7c85a1932,2005-06-12,,999-13-7028,,,,Tiia-Riitta,Keskihannu,,,,white,nonhispanic,F,Espoo  Uusimaa  FI,263 Lammentausta Katu Apt 57,Vantaa,Uusimaa,Vantaa,01390,60.294151745408,24.806869720796126,2875.0,0.0
9d240554-030a-46ab-9c6a-95b9dfe0bdc6,1994-11-09,,999-63-3303,S99968666,X1348871X,Ms.,Hila,Juustovaara,,,,white,nonhispanic,F,Helsinki  Uusimaa  FI,1042 Palletvuori Katu Suite 58,Vantaa,Uusimaa,Vantaa,01510,60.27336704953962,24.834926081205715,3750.0,0.0
4aaaef2d-7d41-4265-baa2-9779679e2780,2018-10-23,,999-87-1702,,,,Dominicus,Rinnekangas,,,,white,nonhispanic,M,Kerava  Uusimaa  FI,700 Åvall Katu Apt 24,Kirkkonummi,Uusimaa,Kirkkonummi,02440,60.185755608297534,24.611036207432853,875.0,0.0
03dd123d-68f2-4523-8edf-94410996a89d,2013-08-16,,999-71-2721,,,,Jimena,Pakari,,,,white,nonhispanic,F,Vantaa  Uusimaa  FI,785 Majonen Katu Unit 5,Helsinki,Uusimaa,Helsinki,00840,60.18569292206671,25.12809486083133,1875.0,0.0
629643c4-b529-4701-8730-4634c731f312,1976-09-09,,999-96-5049,S99960160,X55609287X,Mrs.,Adeleine,Robertson,,Karomäki,M,white,nonhispanic,F,Espoo  Uusimaa  FI,468 Sinersaari Katu Apt 93,Helsinki,Uusimaa,Helsinki,00220,60.296112385896386,24.900157963482382,4500.0,0.0
89233b41-a620-429e-9720-cbe7a65f1763,1988-03-05,,999-52-8882,S99978214,X88461770X,Mrs.,Vilmiina,Wanne,,Björs,M,white,nonhispanic,F,Helsinki  Uusimaa  FI,663 Raitamäki Katu Suite 36,Vantaa,Uusimaa,Vantaa,01610,60.24263940747716,24.82312925338439,4000.0,0.0
21c000c2-4bbb-4e24-a117-23b9a248e50d,1952-06-16,,999-34-5242,S99991963,X55059255X,Mrs.,Uliana,Kuningas,,Mäki-Kokkila,M,white,nonhispanic,F,Helsinki  Uusimaa  FI,612 Ollinpoika Katu Suite 75,Helsinki,Uusimaa,Helsinki,00900,60.24297512596566,24.962076788962875,7125.0,0.0
6ec3cb94-c918-404b-b0e3-0957b32aebbb,1975-03-04,,999-61-4241,S99989325,X9583429X,Mrs.,Adrianna,Wittfooth,,Turner,M,white,nonhispanic,F,Espoo  Uusimaa  FI,314 Loimusalo Katu Apt 9,Helsinki,Uusimaa,Helsinki,00270,60.20198717377411,24.806021592961216,4625.0,0.0
1368b1f5-208d-4c3c-bfb4-0d21145350f7,1987-02-07,,999-88-3022,S99929148,X61943091X,Ms.,Niina-Liisa,Karkia,,,S,white,nonhispanic,F,Vantaa  Uusimaa  FI,410 Pakarinen Katu,Raasepori,Uusimaa,Raasepori,10300,59.96700319594988,23.52537456394446,4000.0,0.0
44fffd07-f9e7-4e7d-b3f2-3b7bde09e553,1948-01-19,,999-93-6925,S99961328,X72660418X,Mr.,Maurizio,Iso-Tuisku,,,M,white,nonhispanic,M,Vantaa  Uusimaa  FI,794 Kalilainen Katu,Espoo,Uusimaa,Espoo,02980,60.118360635919956,24.637962990599707,13990.8,0.0
df4ac268-5763-4b82-9992-7b7b887fbb69,1967-08-13,,999-45-7832,S99912143,X27781225X,Mrs.,Shqipe,Railio,,Soikkonen,M,white,nonhispanic,F,Palermo  Sicily  IT,349 Gröning Katu Apt 97,Helsinki,Uusimaa,Helsinki,00640,60.260437436089305,24.87946245860835,5250.0,0.0
200bb13a-71fa-40be-8043-5b039280742b,1953-06-07,,999-93-1638,S99955990,X16489366X,Mrs.,Laia,Oslanus,,Dillström,M,white,nonhispanic,F,Vantaa  Uusimaa  FI,738 Hanhisalo Katu Apt 83,Espoo,Uusimaa,Espoo,02710,60.20968055848723,24.68516088019629,7000.0,0.0
7462195f-2af5-4f71-848f-9fe956c2b07f,2012-08-01,,999-91-1637,,,,Berith,Lautiainen,,,,white,nonhispanic,F,Helsinki  Uusimaa  FI,348 Dillström Katu,Hanko,Uusimaa,Hanko,10820,59.824470432690504,22.98372351339879,2000.0,0.0
488a4f9f-9bb8-490a-b52f-43691a3c1df7,1996-06-26,,999-31-3621,S99989026,X911268X,Mr.,Laine,Sarparanta,,,,white,nonhispanic,M,Espoo  Uusimaa  FI,182 Pääsky Katu Apt 91,Espoo,Uusimaa,Espoo,02300,60.21357491111292,24.727852755164694,3625.0,0.0
e3b004aa-d5ca-41b8-bf4f-d2cec61ae504,1936-01-07,,999-68-6870,S99961181,X37913896X,Mrs.,Mirigli,Pulkkinen,,Chang,M,white,nonhispanic,F,Porvoo  Uusimaa  FI,1070 Huikkonen Katu,Kauniainen,Uusimaa,Kauniainen,02700,60.20388698099349,24.686721356101092,9125.0,0.0
8a3f5872-ad86-4e51-8761-91a6c7bf706d,1979-01-01,,999-75-6911,S99998894,X27145189X,Mrs.,Tuula-Anneli,Rilla,,Kahlos,M,white,nonhispanic,F,Porvoo  Uusimaa  FI,346 Gåsström Katu,Vantaa,Uusimaa,Vantaa,01710,60.22872981732965,24.94114736229405,4375.0,0.0
647cf2f0-88de-435e-a20d-c756dadab25c,1988-03-26,,999-69-8983,S99962337,X82575847X,Mr.,Günther,Mäkikunnas,,,M,white,nonhispanic,M,Kirkkonummi  Uusimaa  FI,409 Hakatie Katu Unit 76,Helsinki,Uusimaa,Helsinki,00360,60.22177951839313,25.011538980222728,4000.0,0.0
97ddc856-0e3f-4817-b33e-95d2b94c0164,1956-06-30,,999-95-3912,S99967230,X52353304X,Mrs.,Ulla-Christina,Harvima,,Kriikku,M,white,nonhispanic,F,Espoo  Uusimaa  FI,250 Karmala Katu,Sipoo,Uusimaa,Sipoo,01190,60.42413726776364,25.194123560651107,6625.0,0.0
b0ce4837-d560-4329-8157-565cd74f301a,1985-03-13,,999-81-1580,S99969558,X19384517X,Mr.,Alaa,Henni,,,S,white,nonhispanic,M,Helsinki  Uusimaa  FI,899 Alakahri Katu,Espoo,Uusimaa,Espoo,02860,60.117636931183256,24.697014465264843,4125.0,0.0
a427e669-d1f4-48e3-b9b5-0657e930613d,1988-08-18,,999-21-4467,S99956154,X51536481X,Mr.,Kalle-Markus,Iho,,,M,white,nonhispanic,M,Helsinki  Uusimaa  FI,723 Laukniemi Katu Unit 13,Vantaa,Uusimaa,Vantaa,01300,60.25792007594693,24.8360150568098,4000.0,0.0
0b6f2ebf-08d2-4a43-a49e-d5ad9634be77,1978-04-07,,999-42-6969,S99927657,X64179986X,Mr.,Kim,Riski,,,S,white,nonhispanic,M,Järvenpää  Uusimaa  FI,913 Merivalo Katu Unit 95,Nurmijärvi,Uusimaa,Nurmijärvi,01830,60.37413915669866,24.731701472405746,4568.97,0.0
ea2a916b-3caf-4cee-8ac6-e9bf872bef6c,1989-01-25,,999-95-2003,S99917204,X88395449X,Mr.,Vsevolod,Leppikoski,,,M,white,nonhispanic,M,Vantaa  Uusimaa  FI,865 Kontolampi Katu,Vantaa,Uusimaa,Vantaa,01700,60.31640993401575,24.815283602462145,3875.0,0.0
23ac5133-1ca2-4df5-b9bc-96b2cb9ec2a7,1977-07-05,,999-43-3705,S99940302,X72752475X,Ms.,Pinja,Louhiniitty,,,S,white,nonhispanic,F,Helsinki  Uusimaa  FI,404 Talvela Katu,Helsinki,Uusimaa,Helsinki,00710,60.21983812260672,24.895909580711844,4500.0,0.0
82f583be-ff1e-498b-97e1-8661b4b31c4e,2015-09-28,,999-80-3843,,,,Roo,Lohiniva,,,,white,nonhispanic,M,Espoo  Uusimaa  FI,875 Huhta-aho Katu,Helsinki,Uusimaa,Helsinki,00130,60.18137563045411,25.0129643090773,1625.0,0.0
30880b05-98ac-409a-8f6d-1610fb8cc322,1959-04-11,,999-43-7261,S99963055,X19978649X,Mrs.,Ulfsdotter,Velling,,Rantula,M,white,nonhispanic,F,Porvoo  Uusimaa  FI,1001 Teirilä Katu,Vantaa,Uusimaa,Vantaa,01300,60.33099401051377,25.036774917809876,6375.0,0.0
1aa3aff5-90c1-4ec1-8981-e7d94fe388da,1962-04-05,,999-95-4466,S99911673,X39268200X,Mr.,Juho-Matias,Rannanheimo,,,S,white,nonhispanic,M,Raasepori  Uusimaa  FI,820 Alapirtti Katu Unit 57,Hanko,Uusimaa,Hanko,10940,59.8819525732852,23.186686958090093,5875.0,0.0
abf281c2-394e-40ed-a7f7-99ba840d5b3f,1965-07-29,,999-62-7868,S99928506,X84210466X,Mr.,Esa-Tapio,Kostekivi,,,M,white,nonhispanic,M,Vantaa  Uusimaa  FI,784 Kortekallio Katu,Vantaa,Uusimaa,Vantaa,01760,60.278594041527896,24.775804827990466,5875.0,0.0
b3edb89a-04a0-47ce-834b-d879a294376f,1982-01-10,,999-89-7595,S99975668,X722467X,Mr.,Sefania,Kneckt,,,M,white,nonhispanic,M,Järvenpää  Uusimaa  FI,201 Joensivu Katu,Porvoo,Uusimaa,Porvoo,07450,60.40841845519053,25.651242593689258,4250.0,0.0
d1d01410-b212-4c9c-998d-12a7960a4cbe,1966-08-03,,999-88-2046,S99929188,X59599691X,Mr.,Alwar,Särkisilta,,,M,white,nonhispanic,M,Helsinki  Uusimaa  FI,161 Riihiaho Katu,Vantaa,Uusimaa,Vantaa,01740,60.316085881722046,24.848816017113496,5375.0,0.0
291c60f5-2cb9-41be-8bf6-13659764cff4,1968-07-23,,999-31-2119,S99921594,X58581184X,Mr.,Jukanpoika,Valtavirta,,,S,white,nonhispanic,M,Vantaa  Uusimaa  FI,142 Ahlmark Katu Apt 66,Espoo,Uusimaa,Espoo,02250,60.08785373956133,24.636563462322076,5125.0,0.0
e508dd6c-0721-4abf-9d6a-66427b38c337,1980-07-06,,999-16-6752,S99930360,X80008671X,Mrs.,Eelin,Rauha,,Mukkulainen,M,white,nonhispanic,F,Vantaa  Uusimaa  FI,169 Renman Katu Suite 18,Hyvinkää,Uusimaa,Hyvinkää,05510,60.53443356264398,24.86697808745282,4250.0,0.0
bbc0e6e3-df75-4028-9518-965e593319b0,1978-06-05,,999-47-2715,S99919601,X84962282X,Mrs.,Gunnevi,Pihlavisto,,Pienimaa,M,white,nonhispanic,F,Tuusula  Uusimaa  FI,545 Merilä Katu,Vantaa,Uusimaa,Vantaa,01630,60.29079096710462,24.797541700712337,4375.0,0.0
92ea2c38-8156-4fe1-8c58-7c2539ee5b82,1951-09-18,,999-13-6077,S99962650,X79343742X,Mr.,Jaanus,Simoska,,,M,white,nonhispanic,M,Helsinki  Uusimaa  FI,818 Maurer Katu,Lohja,Uusimaa,Lohja,08700,60.32121748002962,24.1506255347249,7375.0,0.0
53950bb5-d637-4c4d-8b48-a4b0a31c277d,1979-01-14,,999-38-5410,S99965588,X87644894X,Mr.,Edel,Fredriksson,,,M,white,nonhispanic,M,Helsinki  Uusimaa  FI,293 Honkasaari Katu,Vantaa,Uusimaa,Vantaa,01230,60.333202982350905,25.12988623993345,4375.0,0.0
698b9498-bf29-4be3-a2bf-8d63f8b477cd,1959-03-05,,999-59-6956,S99914496,X14612776X,Mr.,Cuong,Perä-Takala,,,S,white,nonhispanic,M,Helsinki  Uusimaa  FI,601 Jyrkänne Katu,Helsinki,Uusimaa,Helsinki,00160,60.15336656230281,24.906812040018515,6250.0,0.0
7a027d27-f044-47e8-855c-2b29158a21b4,2018-10-25,,999-36-2389,,,,Henna-Maria,Pudas,,,,white,nonhispanic,F,Hyvinkää  Uusimaa  FI,691 Luhanka Katu Unit 29,Helsinki,Uusimaa,Helsinki,00620,60.24321299986956,24.896843493547564,875.0,0.0
959cd33d-eb2f-457e-9efb-6de14b22e3ee,2007-06-18,,999-39-7752,,,,Signe,Nyback,,,,white,nonhispanic,F,Tuusula  Uusimaa  FI,702 Uurasjärvi Katu,Helsinki,Uusimaa,Helsinki,00420,60.298134675959055,25.015957041547885,2625.0,0.0
769a4007-2779-435a-91e3-68c8656129b6,2006-08-25,,999-57-6607,,,,Leone,Rieppola,,,,white,nonhispanic,M,Järvenpää  Uusimaa  FI,773 Solatie Katu Suite 75,Espoo,Uusimaa,Espoo,02810,60.1975503166596,24.688613665109823,2750.0,0.0
a43c73e8-ec54-43c9-bdfd-67d8269d34f3,1961-03-19,,999-36-4136,S99983325,X52177171X,Mrs.,Rakel,Julin,,Sharif,M,white,nonhispanic,F,Tuusula  Uusimaa  FI,176 Hiittola Katu Unit 23,Helsinki,Uusimaa,Helsinki,00780,60.212949092968366,25.008759277419298,6000.0,0.0
6744aed0-d0dc-449d-be3e-854ba517c0f0,2003-09-30,,999-49-4348,S99925992,,,Mirsad,Pohjanoksa,,,,white,nonhispanic,M,Vantaa  Uusimaa  FI,133 Rytisalo Katu Apt 85,Vantaa,Uusimaa,Vantaa,01490,60.292472583266026,24.78049320093633,3125.0,0.0
d9183156-aeb8-47e4-8d89-af0643bd0597,1961-07-23,,999-79-5559,S99994537,X70744395X,Mr.,Malik,Mäkilehto,,,M,white,nonhispanic,M,Helsinki  Uusimaa  FI,462 Kuqi Katu Unit 98,Helsinki,Uusimaa,Helsinki,00860,60.171603855111364,24.979095383888776,6000.0,0.0
f4416593-83ae-4eea-b654-90c30e6f4819,1961-03-26,,999-61-6494,S99935495,X67735740X,Ms.,Angeli,Svahn,,,S,white,nonhispanic,F,Helsinki  Uusimaa  FI,319 Ala-Nissilä Katu,Porvoo,Uusimaa,Porvoo,06400,60.3135573752965,25.914906188818215,6125.0,0.0
72199050-cfba-4269-8490-9cc47c8ce0bb,2018-01-12,,999-81-7251,,,,Ele,Tulimäki,,,,white,nonhispanic,M,Nizhny Novgorod  Nizhny Novgorod Oblast  RU,425 Al-Tamimi Katu,Kirkkonummi,Uusimaa,Kirkkonummi,02540,60.13376232447844,24.562806580017348,1125.0,0.0
3ac9d0d5-ebc6-4486-83ce-81947140f059,1981-07-13,,999-56-2037,S99987076,X12506703X,Mr.,Zakaria,Pokkinen,,,M,white,nonhispanic,M,Helsinki  Uusimaa  FI,919 Leppimaa Katu,Helsinki,Uusimaa,Helsinki,00320,60.243993022633504,24.84287368112225,4250.0,0.0
965f5cec-179e-4701-81ac-80a994b58f53,1945-01-06,,999-31-8241,S99990682,X12078540X,Ms.,Anja-Liisa,Paul,,,S,white,nonhispanic,F,Helsinki  Uusimaa  FI,792 Hirvo Katu Unit 92,Helsinki,Uusimaa,Helsinki,00570,60.25756660191477,25.127119478878413,8000.0,0.0
b9b9adc9-3e70-4ba0-be36-d1c9b57a496f,2010-01-06,,999-91-6030,,,,Claudine,Harrivaara,,,,white,nonhispanic,F,Vantaa  Uusimaa  FI,903 Taivalkoski Katu,Espoo,Uusimaa,Espoo,02360,60.23247683242821,24.696886320534343,2375.0,0.0
b7977e52-bbff-4426-820a-29665514fe9d,1984-01-15,,999-71-7770,S99957958,X80730111X,Mr.,Veeli,Glumerus,,,M,white,nonhispanic,M,Helsinki  Uusimaa  FI,231 Matokangas Katu,Espoo,Uusimaa,Espoo,02160,60.194304791341665,24.688467723407665,4125.0,0.0
688dda5e-5e5e-4ceb-80ef-37f100869caa,1966-10-01,,999-81-8991,S99957166,X11794689X,Mr.,Antrea,Piik,,,M,white,nonhispanic,M,Helsinki  Uusimaa  FI,733 Häggqvist Katu,Espoo,Uusimaa,Espoo,02250,60.20031703686698,24.789355699215946,5375.0,0.0
1d11f339-1dd5-4e9f-8d24-411692abd8db,2001-12-25,,999-86-3492,S99919336,,Mr.,Oliwer,Nokkala,,,,white,nonhispanic,M,Espoo  Uusimaa  FI,251 Valtamo Katu Unit 84,Vantaa,Uusimaa,Vantaa,01420,60.273364077955094,24.876393498462217,3375.0,0.0
02467d72-55fe-45d1-80a3-a55884b3836f,1990-01-15,,999-31-7881,S99977236,X30691381X,Mr.,Ramil,Blanck,,,M,white,nonhispanic,M,Helsinki  Uusimaa  FI,860 Lampiselkä Katu,Kauniainen,Uusimaa,Kauniainen,02700,60.246959703091015,24.732822385576636,3875.0,0.0
