PATIENT,START_YEAR,END_YEAR,PAYER,OWNERSHIP
08efe267-58f2-462f-869d-ffd333921056,1998,2016,e15e7b92-f376-374f-9285-2f59a38ad823,Guardian
b84dab29-5cf8-40bc-b201-7c4becaae2fc,1983,2001,e15e7b92-f376-374f-9285-2f59a38ad823,Guardian
e8f23c90-f065-42b2-a0c9-e1c99f4183ee,1981,1999,e15e7b92-f376-374f-9285-2f59a38ad823,Guardian
a8d23103-703b-4810-8f8a-4540536c06e4,1977,1995,e15e7b92-f376-374f-9285-2f59a38ad823,Guardian
6e0f5066-722a-4121-9b61-7f0e4fc53a2d,1966,1984,e15e7b92-f376-374f-9285-2f59a38ad823,Guardian
ddf6286d-bd7b-45d2-83ba-d2eadd1ff094,1963,1981,e15e7b92-f376-374f-9285-2f59a38ad823,Guardian
7e464f52-ba19-4b7b-9804-ae82c1a42b75,1966,1984,e15e7b92-f376-374f-9285-2f59a38ad823,Guardian
61647ffa-2668-4cf3-ad7b-558d17928cf0,1972,1990,e15e7b92-f376-374f-9285-2f59a38ad823,Guardian
03d98c0e-5eb2-4256-b987-62848995bc76,1984,2002,e15e7b92-f376-374f-9285-2f59a38ad823,Guardian
d9cbcabb-fa3d-433c-ae0d-f683df81b1b0,1943,1961,e15e7b92-f376-374f-9285-2f59a38ad823,Guardian
aea1ebca-a326-4bf0-aafe-f9b457cbbc8b,1966,1984,e15e7b92-f376-374f-9285-2f59a38ad823,Guardian
23657142-916c-4d24-8a5b-4114ada2f53d,1963,1981,e15e7b92-f376-374f-9285-2f59a38ad823,Guardian
a5c70a4b-6463-4f64-ac38-83ae2d7f321d,1976,1994,e15e7b92-f376-374f-9285-2f59a38ad823,Guardian
df6cd2fb-cf0b-4d36-80f0-f0a5f05b8803,1968,1986,e15e7b92-f376-374f-9285-2f59a38ad823,Guardian
3e549b42-7385-42fe-859c-7cb6f3ad528b,2001,2019,e15e7b92-f376-374f-9285-2f59a38ad823,Guardian
0ecb22d9-0b83-4786-9d59-389fad9df96f,1971,1989,e15e7b92-f376-374f-9285-2f59a38ad823,Guardian
09f60217-3859-4fc8-9f55-f47936389d0a,1967,1985,e15e7b92-f376-374f-9285-2f59a38ad823,Guardian
f75b6e38-50e9-48ff-ab5d-74c788580253,1968,1986,e15e7b92-f376-374f-9285-2f59a38ad823,Guardian
65e4b675-2e52-463e-8e4d-fa971c6a7960,1918,1936,e15e7b92-f376-374f-9285-2f59a38ad823,Guardian
86588496-feb1-4a77-a0a9-5d6d5b21239f,1957,1975,e15e7b92-f376-374f-9285-2f59a38ad823,Guardian
640a116e-c3c6-4c4e-89dd-e58b26234f65,1989,2007,e15e7b92-f376-374f-9285-2f59a38ad823,Guardian
45173694-87d3-4339-a503-314d1114d9de,1955,1973,e15e7b92-f376-374f-9285-2f59a38ad823,Guardian
787c25c3-7cba-4ced-8198-6fd9d3646e7b,1964,1982,e15e7b92-f376-374f-9285-2f59a38ad823,Guardian
bab0969e-1089-4710-b8b1-c0f2feeb4672,1958,1976,e15e7b92-f376-374f-9285-2f59a38ad823,Guardian
31704868-246d-45b0-b9d4-d39cfa303ac4,1994,2012,e15e7b92-f376-374f-9285-2f59a38ad823,Guardian
f07e0e15-fa3e-4565-a223-01c6e8f689f1,1942,1960,e15e7b92-f376-374f-9285-2f59a38ad823,Guardian
2f6cc2ad-e3cf-49f7-b08b-00e4a1ae828f,1979,1997,e15e7b92-f376-374f-9285-2f59a38ad823,Guardian
7536763c-f630-4d07-a009-3e1b2734903c,1995,2013,e15e7b92-f376-374f-9285-2f59a38ad823,Guardian
aa337ea0-6a79-4927-a3a1-3b4f419c4e52,1999,2017,e15e7b92-f376-374f-9285-2f59a38ad823,Guardian
07c81c69-2702-47b7-a6ef-4770a272e4d3,1987,2005,e15e7b92-f376-374f-9285-2f59a38ad823,Guardian
c4dc8d13-2f7e-4975-a796-5e7e935ed74a,1981,1999,e15e7b92-f376-374f-9285-2f59a38ad823,Guardian
740c93fc-7d80-457a-9e82-5fa7c9acb66c,2000,2018,e15e7b92-f376-374f-9285-2f59a38ad823,Guardian
cc432be3-d2a2-410a-9542-bd5500911c46,1999,2017,e15e7b92-f376-374f-9285-2f59a38ad823,Guardian
13837aeb-9666-49b3-8438-27be72c59602,1981,1999,e15e7b92-f376-374f-9285-2f59a38ad823,Guardian
7f7ba825-a4d1-41ed-aefe-f00a790c0e0f,1910,1928,e15e7b92-f376-374f-9285-2f59a38ad823,Guardian
4cd0ff37-019a-478d-9261-e62a6a55019e,1998,2016,e15e7b92-f376-374f-9285-2f59a38ad823,Guardian
ab9020cd-6bde-4232-8e70-31477c24a670,1987,2005,e15e7b92-f376-374f-9285-2f59a38ad823,Guardian
345f8ea7-18d6-43d1-bdae-dac7fec21979,1951,1969,e15e7b92-f376-374f-9285-2f59a38ad823,Guardian
d0d237a1-996d-4cee-a361-dcf3777ec3c1,1981,1999,e15e7b92-f376-374f-9285-2f59a38ad823,Guardian
d7e70ceb-d9da-415d-b42f-566dacb4ab72,1997,2015,e15e7b92-f376-374f-9285-2f59a38ad823,Guardian
97bd00b5-21e5-4fe5-aa2a-5866a3878371,1983,2001,e15e7b92-f376-374f-9285-2f59a38ad823,Guardian
d82a394b-bc1e-48f3-931c-f330421c503f,1953,1953,b1c428d6-4f07-31e0-90f0-68ffa6ff8c76,
d82a394b-bc1e-48f3-931c-f330421c503f,1954,1957,e15e7b92-f376-374f-9285-2f59a38ad823,
d82a394b-bc1e-48f3-931c-f330421c503f,1958,1971,e15e7b92-f376-374f-9285-2f59a38ad823,Guardian
875d523f-1217-43de-8d89-470e26de2b1c,1954,1972,e15e7b92-f376-374f-9285-2f59a38ad823,Guardian
0176c620-2f24-4150-ae35-55d7b3036208,1976,1994,e15e7b92-f376-374f-9285-2f59a38ad823,Guardian
9ee5e75d-2307-44a9-9eb0-f8edec73c1c1,1997,2015,e15e7b92-f376-374f-9285-2f59a38ad823,Guardian
c1821e66-e68a-4ef4-833d-0d18d3b6b414,1982,2000,e15e7b92-f376-374f-9285-2f59a38ad823,Guardian
9d240554-030a-46ab-9c6a-95b9dfe0bdc6,1994,2012,e15e7b92-f376-374f-9285-2f59a38ad823,Guardian
629643c4-b529-4701-8730-4634c731f312,1976,1994,e15e7b92-f376-374f-9285-2f59a38ad823,Guardian
89233b41-a620-429e-9720-cbe7a65f1763,1988,2006,e15e7b92-f376-374f-9285-2f59a38ad823,Guardian
21c000c2-4bbb-4e24-a117-23b9a248e50d,1952,1970,e15e7b92-f376-374f-9285-2f59a38ad823,Guardian
6ec3cb94-c918-404b-b0e3-0957b32aebbb,1975,1993,e15e7b92-f376-374f-9285-2f59a38ad823,Guardian
1368b1f5-208d-4c3c-bfb4-0d21145350f7,1987,2005,e15e7b92-f376-374f-9285-2f59a38ad823,Guardian
44fffd07-f9e7-4e7d-b3f2-3b7bde09e553,1948,1966,e15e7b92-f376-374f-9285-2f59a38ad823,Guardian
df4ac268-5763-4b82-9992-7b7b887fbb69,1967,1985,e15e7b92-f376-374f-9285-2f59a38ad823,Guardian
200bb13a-71fa-40be-8043-5b039280742b,1953,1971,e15e7b92-f376-374f-9285-2f59a38ad823,Guardian
488a4f9f-9bb8-490a-b52f-43691a3c1df7,1996,2014,e15e7b92-f376-374f-9285-2f59a38ad823,Guardian
e3b004aa-d5ca-41b8-bf4f-d2cec61ae504,1936,1954,e15e7b92-f376-374f-9285-2f59a38ad823,Guardian
8a3f5872-ad86-4e51-8761-91a6c7bf706d,1979,1997,e15e7b92-f376-374f-9285-2f59a38ad823,Guardian
647cf2f0-88de-435e-a20d-c756dadab25c,1988,2006,e15e7b92-f376-374f-9285-2f59a38ad823,Guardian
97ddc856-0e3f-4817-b33e-95d2b94c0164,1956,1974,e15e7b92-f376-374f-9285-2f59a38ad823,Guardian
b0ce4837-d560-4329-8157-565cd74f301a,1985,2003,e15e7b92-f376-374f-9285-2f59a38ad823,Guardian
a427e669-d1f4-48e3-b9b5-0657e930613d,1988,2006,e15e7b92-f376-374f-9285-2f59a38ad823,Guardian
0b6f2ebf-08d2-4a43-a49e-d5ad9634be77,1978,1996,e15e7b92-f376-374f-9285-2f59a38ad823,Guardian
ea2a916b-3caf-4cee-8ac6-e9bf872bef6c,1989,2007,e15e7b92-f376-374f-9285-2f59a38ad823,Guardian
23ac5133-1ca2-4df5-b9bc-96b2cb9ec2a7,1977,1995,e15e7b92-f376-374f-9285-2f59a38ad823,Guardian
30880b05-98ac-409a-8f6d-1610fb8cc322,1959,1977,e15e7b92-f376-374f-9285-2f59a38ad823,Guardian
1aa3aff5-90c1-4ec1-8981-e7d94fe388da,1962,1980,e15e7b92-f376-374f-9285-2f59a38ad823,Guardian
b3edb89a-04a0-47ce-834b-d879a294376f,1982,2000,e15e7b92-f376-374f-9285-2f59a38ad823,Guardian
abf281c2-394e-40ed-a7f7-99ba840d5b3f,1965,1983,e15e7b92-f376-374f-9285-2f59a38ad823,Guardian
d1d01410-b212-4c9c-998d-12a7960a4cbe,1966,1984,e15e7b92-f376-374f-9285-2f59a38ad823,Guardian
291c60f5-2cb9-41be-8bf6-13659764cff4,1968,1986,e15e7b92-f376-374f-9285-2f59a38ad823,Guardian
e508dd6c-0721-4abf-9d6a-66427b38c337,1980,1998,e15e7b92-f376-374f-9285-2f59a38ad823,Guardian
bbc0e6e3-df75-4028-9518-965e593319b0,1978,1996,e15e7b92-f376-374f-9285-2f59a38ad823,Guardian
92ea2c38-8156-4fe1-8c58-7c2539ee5b82,1951,1969,e15e7b92-f376-374f-9285-2f59a38ad823,Guardian
53950bb5-d637-4c4d-8b48-a4b0a31c277d,1979,1997,e15e7b92-f376-374f-9285-2f59a38ad823,Guardian
698b9498-bf29-4be3-a2bf-8d63f8b477cd,1959,1977,e15e7b92-f376-374f-9285-2f59a38ad823,Guardian
a43c73e8-ec54-43c9-bdfd-67d8269d34f3,1961,1979,e15e7b92-f376-374f-9285-2f59a38ad823,Guardian
d9183156-aeb8-47e4-8d89-af0643bd0597,1961,1979,e15e7b92-f376-374f-9285-2f59a38ad823,Guardian
f4416593-83ae-4eea-b654-90c30e6f4819,1961,1979,e15e7b92-f376-374f-9285-2f59a38ad823,Guardian
3ac9d0d5-ebc6-4486-83ce-81947140f059,1981,1999,e15e7b92-f376-374f-9285-2f59a38ad823,Guardian
965f5cec-179e-4701-81ac-80a994b58f53,1945,1963,e15e7b92-f376-374f-9285-2f59a38ad823,Guardian
b7977e52-bbff-4426-820a-29665514fe9d,1984,2002,e15e7b92-f376-374f-9285-2f59a38ad823,Guardian
688dda5e-5e5e-4ceb-80ef-37f100869caa,1966,1984,e15e7b92-f376-374f-9285-2f59a38ad823,Guardian
1d11f339-1dd5-4e9f-8d24-411692abd8db,2001,2019,e15e7b92-f376-374f-9285-2f59a38ad823,Guardian
02467d72-55fe-45d1-80a3-a55884b3836f,1990,2008,e15e7b92-f376-374f-9285-2f59a38ad823,Guardian
