DATE,PATIENT,ENCOUNTER,CODE,DESCRIPTION,BASE_COST,REASONCODE,REASONDESCRIPTION
2014-07-08,d9cbcabb-fa3d-433c-ae0d-f683df81b1b0,3a3e23d4-6202-41c6-91bb-ed3e11b637a1,40701008,Echocardiography (procedure),954.01,230690007,Stroke
2014-07-08,d9cbcabb-fa3d-433c-ae0d-f683df81b1b0,3a3e23d4-6202-41c6-91bb-ed3e11b637a1,433112001,Percutaneous mechanical thrombectomy of portal vein using fluoroscopic guidance,23277.38,230690007,Stroke
2017-08-25,3650a907-e7b1-4ecf-b7e3-eae0bffdf2ed,58db7f8c-7322-42e9-99b4-f1d9216a4b5d,40701008,Echocardiography (procedure),1064.96,22298006,Myocardial Infarction
2017-08-25,3650a907-e7b1-4ecf-b7e3-eae0bffdf2ed,58db7f8c-7322-42e9-99b4-f1d9216a4b5d,415070008,Percutaneous coronary intervention,21709.29,22298006,Myocardial Infarction
2017-08-25,3650a907-e7b1-4ecf-b7e3-eae0bffdf2ed,58db7f8c-7322-42e9-99b4-f1d9216a4b5d,232717009,Coronary artery bypass grafting,39265.96,22298006,Myocardial Infarction
2010-06-06,f75b6e38-50e9-48ff-ab5d-74c788580253,51c0b331-e3fe-4db9-b36c-4757ecb80e19,40701008,Echocardiography (procedure),1030.45,230690007,Stroke
2010-06-06,f75b6e38-50e9-48ff-ab5d-74c788580253,51c0b331-e3fe-4db9-b36c-4757ecb80e19,433112001,Percutaneous mechanical thrombectomy of portal vein using fluoroscopic guidance,27411.99,230690007,Stroke
2014-03-02,45173694-87d3-4339-a503-314d1114d9de,088f5c1a-200d-417c-b74b-551ba3b85f0c,180325003,Electrical cardioversion,36797.31,49436004,Atrial Fibrillation
2015-03-08,45173694-87d3-4339-a503-314d1114d9de,8a7cc568-6254-4d7a-88e1-60c98308c57a,180325003,Electrical cardioversion,36796.37,49436004,Atrial Fibrillation
2016-03-13,45173694-87d3-4339-a503-314d1114d9de,47cf20be-3633-4307-9fc5-41c5e3c15232,180325003,Electrical cardioversion,32421.39,49436004,Atrial Fibrillation
2017-03-19,45173694-87d3-4339-a503-314d1114d9de,fd9b6ede-161e-47cb-8987-c0b52f345b48,180325003,Electrical cardioversion,37451.33,49436004,Atrial Fibrillation
2018-03-25,45173694-87d3-4339-a503-314d1114d9de,6d0546fe-c371-4d22-b0da-43f7d24297cc,180325003,Electrical cardioversion,32293.59,49436004,Atrial Fibrillation
2019-03-31,45173694-87d3-4339-a503-314d1114d9de,01778052-264c-4d35-adb7-6b29c87fe9e3,180325003,Electrical cardioversion,39705.60,49436004,Atrial Fibrillation
2019-04-01,bab0969e-1089-4710-b8b1-c0f2feeb4672,2a662c44-2e51-4bf0-8e31-fbf0018e1a79,180325003,Electrical cardioversion,35622.89,49436004,Atrial Fibrillation
2019-08-13,f07e0e15-fa3e-4565-a223-01c6e8f689f1,107f4e99-5e8f-4bf2-bb84-760cc61a8591,18286008,Catheter ablation of tissue of heart,11399.65,49436004,Atrial Fibrillation
2019-09-03,13837aeb-9666-49b3-8438-27be72c59602,2d41b755-4806-4935-a87e-0aa5075ca0f0,40701008,Echocardiography (procedure),1633.41,410429000,Cardiac Arrest
2019-09-03,13837aeb-9666-49b3-8438-27be72c59602,2d41b755-4806-4935-a87e-0aa5075ca0f0,447365002,Insertion of biventricular implantable cardioverter defibrillator,31032.21,410429000,Cardiac Arrest
2019-09-03,13837aeb-9666-49b3-8438-27be72c59602,2d41b755-4806-4935-a87e-0aa5075ca0f0,18286008,Catheter ablation of tissue of heart,10274.06,410429000,Cardiac Arrest
1993-02-21,0c484535-1d32-4f6c-9fb9-60dbbca3dd21,ec9377e3-898a-423a-a52c-a0085c7a5ee0,40701008,Echocardiography (procedure),589.19,410429000,Cardiac Arrest
1993-02-21,0c484535-1d32-4f6c-9fb9-60dbbca3dd21,ec9377e3-898a-423a-a52c-a0085c7a5ee0,447365002,Insertion of biventricular implantable cardioverter defibrillator,20177.27,410429000,Cardiac Arrest
1993-02-21,0c484535-1d32-4f6c-9fb9-60dbbca3dd21,ec9377e3-898a-423a-a52c-a0085c7a5ee0,18286008,Catheter ablation of tissue of heart,15189.29,410429000,Cardiac Arrest
2014-09-19,0b6f2ebf-08d2-4a43-a49e-d5ad9634be77,509f5d46-25ff-4fd1-b617-cac3d98bb6ce,40701008,Echocardiography (procedure),969.36,410429000,Cardiac Arrest
2014-09-19,0b6f2ebf-08d2-4a43-a49e-d5ad9634be77,509f5d46-25ff-4fd1-b617-cac3d98bb6ce,447365002,Insertion of biventricular implantable cardioverter defibrillator,28576.27,410429000,Cardiac Arrest
2014-09-19,0b6f2ebf-08d2-4a43-a49e-d5ad9634be77,509f5d46-25ff-4fd1-b617-cac3d98bb6ce,18286008,Catheter ablation of tissue of heart,11145.82,410429000,Cardiac Arrest
