Id,ORGANIZATION,NAME,GENDER,SPECIALITY,ADDRESS,CITY,STATE,ZIP,LAT,LON,UTILIZATION
a44b6b61-1251-3eb1-a338-b64cddedc8c9,319baef9-e8e6-3320-9e0b-7991d9c167b8,Harrintytär Ingerö,F,GENERAL PRACTICE,Haartmaninkatu 4,Helsinki,18,00290,60.189159,24.909081,1
74f82396-5c50-3681-bee3-7acb16e1de4f,410e8cf7-76a3-307f-b421-5fa7760177f1,Alyssa Kyrki,F,GENERAL PRACTICE,Kasarmikatu 11-13,Helsinki,18,00130,60.16102,24.94834,1
eaff30c1-32ba-3f1e-92cf-e481b45cc137,39010280-b8e5-3b1a-b835-bafbeea21968,Jaroslaw Sulkko,M,GENERAL PRACTICE,Turuntie 150,Espoo,18,02740,60.22589,24.77581,5
8d74414b-7e1c-39b7-9f92-ffa461d7a1fe,af916982-f5f8-341b-b159-69e72695294c,Simonpoika Helakallio,M,GENERAL PRACTICE,Sairaalakatu 1,Vantaa,18,01400,60.3299,25.0608,3
80be9ba9-5354-31b0-8763-cb673a5c3fc4,8af774ed-7635-320a-ad8c-a63aa309a858,Khalaf Alaverronen,M,GENERAL PRACTICE,Sairaalatie 8,Lohja,18,08200,60.2247,24.01885,1
152fce31-6320-3238-b921-8ae9a6910267,d8b3cbb1-88db-3fc1-bb2b-6a9c0037e6e5,Konrad Griffiths,M,GENERAL PRACTICE,Sairaalantie 1,Porvoo,18,06200,60.37911,25.69576,3
b368d860-fb66-327e-aa7d-1459d41d2cf9,738aef7e-a279-3f65-9dba-fead16b27400,Tricia Dunder,F,GENERAL PRACTICE,Turuntie 150,Espoo,18,02740,60.22589,24.77581,1626
e4fdcceb-ccaa-387c-9a4f-92c41bf679f5,9a3e6919-4ed0-32fe-a1e2-7184b06c415f,Aadolf Summanen,M,GENERAL PRACTICE,Karvasmäentie 6,Espoo,18,02740,60.22011,24.6848,585
6bbe23b6-7889-3b93-8c28-4d2133f22588,a70486b2-c33a-37b3-a4cf-b3dc06cb9d84,Birgitte Launo,F,GENERAL PRACTICE,Sairaalakatu 1,Vantaa,18,01400,60.3299,25.0608,970
605f0158-520f-36e1-98fc-430860dd8561,bf25636d-50a4-3cf2-b937-0e59fd37503f,Harrintytär Ingerö,F,GENERAL PRACTICE,Sairaalankatu 1,Hyvinkää,18,05830,60.612,24.82486,108
300b8346-9c71-30ed-8235-1c1f82eb71e8,4eddd774-a01b-3a0b-b4c6-736a5581aba4,Evamaria Rosengren,F,GENERAL PRACTICE,Ohkolantie 10,Kellokoski,18,04500,60.53054,25.10548,165
b6601bbd-2e73-3fe1-b6c9-04f6d1dc8b02,942171f0-df04-34cc-9c85-1a11b2f08717,Marge Lehtilahti,F,GENERAL PRACTICE,Sairaalatie 8,Lohja,18,08200,60.2247,24.01885,182
68154bb1-fb36-37bf-ad33-d53f479440e2,216a84b2-6287-356d-9bcf-655abf00debb,Willie Sipi,M,GENERAL PRACTICE,Sairaalantie 1,Porvoo,18,06200,60.37911,25.69576,207
a0845f97-bf45-3309-a5bd-e3187cba129d,319baef9-e8e6-3320-9e0b-7991d9c167b8,Tricia Dunder,F,GENERAL PRACTICE,Haartmaninkatu 4,Helsinki,18,00290,60.189159,24.909081,1
a726ea5d-dc86-3679-8e9d-ed37dd157e93,7b74aa83-5335-38dd-a213-d6df36c7f627,Harrintytär Ingerö,F,GENERAL PRACTICE,Karvasmäentie 6,Espoo,18,02740,60.22011,24.6848,1
