START,STOP,PATIENT,ENCOUNTER,CODE,DESCRIPTION
2012-02-27,,25ee341d-d459-435b-9b2f-003ace5eaf52,4151d162-cde5-4959-9136-aa9f5336a8d8,230690007,Stroke
2015-06-17,,b17d8718-4245-4f66-aa9c-d3581d19a615,40e83995-d086-4033-8a97-921404253b5e,230690007,Stroke
1992-06-07,,293c8e1d-4703-4bc6-b20b-2f38aca6e933,08041740-507d-4556-a959-a6809f849fb5,53741008,Coronary Heart Disease
2007-08-12,,293c8e1d-4703-4bc6-b20b-2f38aca6e933,9ebefc43-ea21-4a0b-a9ff-2c8f81f94320,410429000,Cardiac Arrest
2007-08-12,,293c8e1d-4703-4bc6-b20b-2f38aca6e933,9ebefc43-ea21-4a0b-a9ff-2c8f81f94320,429007001,History of cardiac arrest (situation)
1964-10-26,,bee4f788-cad5-4398-b7cf-c6535371c307,31363d58-87d4-4e80-a1d0-7325f9a1a02e,53741008,Coronary Heart Disease
1976-02-02,,bee4f788-cad5-4398-b7cf-c6535371c307,1d71d32b-0168-407e-89da-f97e29537080,22298006,Myocardial Infarction
1976-02-02,,bee4f788-cad5-4398-b7cf-c6535371c307,1d71d32b-0168-407e-89da-f97e29537080,399211009,History of myocardial infarction (situation)
1996-01-12,,d63e530c-ff50-4c60-b14d-a185b06e512e,f6a61c86-0ab8-4c3a-a2d4-3ccb9a44cebb,230690007,Stroke
1984-02-13,,eab2d040-673c-4f40-ac97-ac7db3f2ddc1,698a68e8-4ea6-4dce-86d7-18cf271f6f14,53741008,Coronary Heart Disease
1987-06-15,,eab2d040-673c-4f40-ac97-ac7db3f2ddc1,ff14d1fc-5c38-4fec-b829-00f62835b24b,410429000,Cardiac Arrest
1987-06-15,,eab2d040-673c-4f40-ac97-ac7db3f2ddc1,ff14d1fc-5c38-4fec-b829-00f62835b24b,429007001,History of cardiac arrest (situation)
2005-08-29,,eab2d040-673c-4f40-ac97-ac7db3f2ddc1,92814b32-7411-4521-80d8-9b4669fe669e,230690007,Stroke
2010-07-12,,eab2d040-673c-4f40-ac97-ac7db3f2ddc1,b9976c86-1f84-47c3-b685-b598403417c1,49436004,Atrial Fibrillation
1998-07-16,,10a1e2a4-9fe5-4d16-b721-6fb3b5030f11,8f5af338-0d4a-49f0-b6d1-337e3730365a,53741008,Coronary Heart Disease
2019-01-04,,6fae068a-f2f0-4c99-847e-d240448d010f,a855b499-619d-4f95-8e63-2a8419134475,230690007,Stroke
2002-01-13,,d299c69c-2e5d-4e11-9bea-5c03853d2234,eeb7f038-7b05-4452-92fc-021f0b409a8b,410429000,Cardiac Arrest
2002-01-13,,d299c69c-2e5d-4e11-9bea-5c03853d2234,eeb7f038-7b05-4452-92fc-021f0b409a8b,429007001,History of cardiac arrest (situation)
1998-05-04,,6aa96af3-746c-4271-bdc7-9e92dc29cd54,e3f4be68-3d25-4910-81b1-ffee5d8d9713,53741008,Coronary Heart Disease
2013-01-07,,6aa96af3-746c-4271-bdc7-9e92dc29cd54,ed21907b-ee74-4d1e-a0b9-2c84e7c9afb1,22298006,Myocardial Infarction
2013-01-07,,6aa96af3-746c-4271-bdc7-9e92dc29cd54,ed21907b-ee74-4d1e-a0b9-2c84e7c9afb1,399211009,History of myocardial infarction (situation)
2020-01-29,,dfeaa5d0-a990-4c84-999a-aca40ee8d405,58dd616f-044d-46c1-a033-838fe4406fc0,49436004,Atrial Fibrillation
2013-09-02,,db9ff487-6698-4dc7-b3a4-58009cc6df07,8cf98a19-f557-48ff-b9b6-a3f3ac1d670b,49436004,Atrial Fibrillation
