START,STOP,PATIENT,PAYER,ENCOUNTER,CODE,DESCRIPTION,BASE_COST,PAYER_COVERAGE,DISPENSES,TOTALCOST,REASONCODE,REASONDESCRIPTION
2012-02-27,2012-02-27,25ee341d-d459-435b-9b2f-003ace5eaf52,b1c428d6-4f07-31e0-90f0-68ffa6ff8c76,4151d162-cde5-4959-9136-aa9f5336a8d8,309362,Clopidogrel 75 MG Oral Tablet,46.72,0.00,1,46.72,,
2012-02-27,2012-02-27,25ee341d-d459-435b-9b2f-003ace5eaf52,b1c428d6-4f07-31e0-90f0-68ffa6ff8c76,4151d162-cde5-4959-9136-aa9f5336a8d8,1804799,Alteplase 100 MG Injection,6118.79,0.00,1,6118.79,,
2015-06-17,2015-06-18,b17d8718-4245-4f66-aa9c-d3581d19a615,b1c428d6-4f07-31e0-90f0-68ffa6ff8c76,40e83995-d086-4033-8a97-921404253b5e,309362,Clopidogrel 75 MG Oral Tablet,66.99,0.00,1,66.99,,
2015-06-17,2015-06-18,b17d8718-4245-4f66-aa9c-d3581d19a615,b1c428d6-4f07-31e0-90f0-68ffa6ff8c76,40e83995-d086-4033-8a97-921404253b5e,1804799,Alteplase 100 MG Injection,6399.45,0.00,1,6399.45,,
1992-06-07,,293c8e1d-4703-4bc6-b20b-2f38aca6e933,b1c428d6-4f07-31e0-90f0-68ffa6ff8c76,08041740-507d-4556-a959-a6809f849fb5,312961,Simvastatin 20 MG Oral Tablet,12.36,0.00,185,2286.60,,
1992-06-07,,293c8e1d-4703-4bc6-b20b-2f38aca6e933,b1c428d6-4f07-31e0-90f0-68ffa6ff8c76,08041740-507d-4556-a959-a6809f849fb5,705129,Nitroglycerin 0.4 MG/ACTUAT Mucosal Spray,29.76,0.00,185,5505.60,,
1994-12-18,,293c8e1d-4703-4bc6-b20b-2f38aca6e933,b1c428d6-4f07-31e0-90f0-68ffa6ff8c76,6b7c0202-5ebc-4177-a81d-b5c774aed5e1,197361,Amlodipine 5 MG Oral Tablet,45.81,0.00,154,7054.74,,
1998-01-04,,293c8e1d-4703-4bc6-b20b-2f38aca6e933,b1c428d6-4f07-31e0-90f0-68ffa6ff8c76,4c9b9f1e-e748-461d-abe1-e4e213332dc0,309362,Clopidogrel 75 MG Oral Tablet,134.91,0.00,117,15784.47,,
2007-08-12,2007-08-12,293c8e1d-4703-4bc6-b20b-2f38aca6e933,b1c428d6-4f07-31e0-90f0-68ffa6ff8c76,9ebefc43-ea21-4a0b-a9ff-2c8f81f94320,1660014,1 ML Epinephrine 1 MG/ML Injection,3.47,0.00,1,3.47,,
2007-08-12,2007-08-12,293c8e1d-4703-4bc6-b20b-2f38aca6e933,b1c428d6-4f07-31e0-90f0-68ffa6ff8c76,9ebefc43-ea21-4a0b-a9ff-2c8f81f94320,834357,3 ML Amiodarone hydrocholoride 50 MG/ML Prefilled Syringe,180.08,0.00,1,180.08,,
2007-08-12,2007-08-12,293c8e1d-4703-4bc6-b20b-2f38aca6e933,b1c428d6-4f07-31e0-90f0-68ffa6ff8c76,9ebefc43-ea21-4a0b-a9ff-2c8f81f94320,1190795,Atropine Sulfate 1 MG/ML Injectable Solution,29.19,0.00,1,29.19,,
1964-10-26,1976-02-02,bee4f788-cad5-4398-b7cf-c6535371c307,b1c428d6-4f07-31e0-90f0-68ffa6ff8c76,31363d58-87d4-4e80-a1d0-7325f9a1a02e,705129,Nitroglycerin 0.4 MG/ACTUAT Mucosal Spray,278.05,0.00,137,38092.85,,
1984-02-13,,eab2d040-673c-4f40-ac97-ac7db3f2ddc1,b1c428d6-4f07-31e0-90f0-68ffa6ff8c76,698a68e8-4ea6-4dce-86d7-18cf271f6f14,705129,Nitroglycerin 0.4 MG/ACTUAT Mucosal Spray,132.69,0.00,350,46441.50,,
1991-03-25,,eab2d040-673c-4f40-ac97-ac7db3f2ddc1,b1c428d6-4f07-31e0-90f0-68ffa6ff8c76,ef8d0c99-0217-41ce-b2e2-3ee699ebb8cd,312961,Simvastatin 20 MG Oral Tablet,27.68,0.00,264,7307.52,,
1994-04-11,,eab2d040-673c-4f40-ac97-ac7db3f2ddc1,b1c428d6-4f07-31e0-90f0-68ffa6ff8c76,c058e3a7-323b-40a6-ba09-06f047309efe,197361,Amlodipine 5 MG Oral Tablet,61.42,0.00,227,13942.34,,
1997-04-28,2005-08-29,eab2d040-673c-4f40-ac97-ac7db3f2ddc1,b1c428d6-4f07-31e0-90f0-68ffa6ff8c76,c1e2ab12-81a6-4bda-b448-d0c7449ad6a0,309362,Clopidogrel 75 MG Oral Tablet,89.31,0.00,101,9020.31,,
2005-08-29,2005-08-29,eab2d040-673c-4f40-ac97-ac7db3f2ddc1,b1c428d6-4f07-31e0-90f0-68ffa6ff8c76,92814b32-7411-4521-80d8-9b4669fe669e,1804799,Alteplase 100 MG Injection,6376.47,0.00,1,6376.47,,
2006-06-19,2012-11-26,eab2d040-673c-4f40-ac97-ac7db3f2ddc1,b1c428d6-4f07-31e0-90f0-68ffa6ff8c76,a8f6c49c-efbd-4fbb-8bb2-0b1248ae81d2,309362,Clopidogrel 75 MG Oral Tablet,109.80,0.00,78,8564.40,,
2010-07-12,,eab2d040-673c-4f40-ac97-ac7db3f2ddc1,b1c428d6-4f07-31e0-90f0-68ffa6ff8c76,b9976c86-1f84-47c3-b685-b598403417c1,855332,Warfarin Sodium 5 MG Oral Tablet,20.63,0.00,29,598.27,,
2010-07-12,,eab2d040-673c-4f40-ac97-ac7db3f2ddc1,b1c428d6-4f07-31e0-90f0-68ffa6ff8c76,b9976c86-1f84-47c3-b685-b598403417c1,897718,Verapamil Hydrochloride 40 MG,75.93,0.00,29,2201.97,,
2010-07-12,,eab2d040-673c-4f40-ac97-ac7db3f2ddc1,b1c428d6-4f07-31e0-90f0-68ffa6ff8c76,b9976c86-1f84-47c3-b685-b598403417c1,197604,Digoxin 0.125 MG Oral Tablet,112.67,0.00,29,3267.43,,
2012-11-26,2012-11-26,eab2d040-673c-4f40-ac97-ac7db3f2ddc1,b1c428d6-4f07-31e0-90f0-68ffa6ff8c76,45d1d3a7-68b8-4158-8f17-5b073b6b07dd,1804799,Alteplase 100 MG Injection,6154.39,0.00,1,6154.39,,
1998-07-16,,10a1e2a4-9fe5-4d16-b721-6fb3b5030f11,b1c428d6-4f07-31e0-90f0-68ffa6ff8c76,8f5af338-0d4a-49f0-b6d1-337e3730365a,309362,Clopidogrel 75 MG Oral Tablet,22.84,0.00,263,6006.92,,
1998-07-16,,10a1e2a4-9fe5-4d16-b721-6fb3b5030f11,b1c428d6-4f07-31e0-90f0-68ffa6ff8c76,8f5af338-0d4a-49f0-b6d1-337e3730365a,312961,Simvastatin 20 MG Oral Tablet,17.22,0.00,263,4528.86,,
1998-07-16,,10a1e2a4-9fe5-4d16-b721-6fb3b5030f11,b1c428d6-4f07-31e0-90f0-68ffa6ff8c76,8f5af338-0d4a-49f0-b6d1-337e3730365a,197361,Amlodipine 5 MG Oral Tablet,22.49,0.00,263,5914.87,,
1998-07-16,,10a1e2a4-9fe5-4d16-b721-6fb3b5030f11,b1c428d6-4f07-31e0-90f0-68ffa6ff8c76,8f5af338-0d4a-49f0-b6d1-337e3730365a,705129,Nitroglycerin 0.4 MG/ACTUAT Mucosal Spray,195.16,0.00,263,51327.08,,
2019-01-04,2019-01-04,6fae068a-f2f0-4c99-847e-d240448d010f,b1c428d6-4f07-31e0-90f0-68ffa6ff8c76,a855b499-619d-4f95-8e63-2a8419134475,309362,Clopidogrel 75 MG Oral Tablet,45.96,0.00,1,45.96,,
2019-01-04,2019-01-04,6fae068a-f2f0-4c99-847e-d240448d010f,b1c428d6-4f07-31e0-90f0-68ffa6ff8c76,a855b499-619d-4f95-8e63-2a8419134475,1804799,Alteplase 100 MG Injection,6445.08,0.00,1,6445.08,,
1998-05-04,2013-01-07,6aa96af3-746c-4271-bdc7-9e92dc29cd54,b1c428d6-4f07-31e0-90f0-68ffa6ff8c76,e3f4be68-3d25-4910-81b1-ffee5d8d9713,309362,Clopidogrel 75 MG Oral Tablet,25.00,0.00,178,4450.00,,
1998-05-04,,6aa96af3-746c-4271-bdc7-9e92dc29cd54,b1c428d6-4f07-31e0-90f0-68ffa6ff8c76,e3f4be68-3d25-4910-81b1-ffee5d8d9713,312961,Simvastatin 20 MG Oral Tablet,36.12,0.00,266,9607.92,,
1998-05-04,,6aa96af3-746c-4271-bdc7-9e92dc29cd54,b1c428d6-4f07-31e0-90f0-68ffa6ff8c76,e3f4be68-3d25-4910-81b1-ffee5d8d9713,197361,Amlodipine 5 MG Oral Tablet,8.31,0.00,266,2210.46,,
1998-05-04,2013-01-07,6aa96af3-746c-4271-bdc7-9e92dc29cd54,b1c428d6-4f07-31e0-90f0-68ffa6ff8c76,e3f4be68-3d25-4910-81b1-ffee5d8d9713,705129,Nitroglycerin 0.4 MG/ACTUAT Mucosal Spray,91.23,0.00,178,16238.94,,
2013-01-07,2013-01-07,6aa96af3-746c-4271-bdc7-9e92dc29cd54,b1c428d6-4f07-31e0-90f0-68ffa6ff8c76,ed21907b-ee74-4d1e-a0b9-2c84e7c9afb1,259255,Atorvastatin 80 MG Oral Tablet,322.38,0.00,1,322.38,,
2013-01-07,2013-01-07,6aa96af3-746c-4271-bdc7-9e92dc29cd54,b1c428d6-4f07-31e0-90f0-68ffa6ff8c76,ed21907b-ee74-4d1e-a0b9-2c84e7c9afb1,833036,Captopril 25 MG Oral Tablet,87.10,0.00,1,87.10,,
2013-07-29,,6aa96af3-746c-4271-bdc7-9e92dc29cd54,b1c428d6-4f07-31e0-90f0-68ffa6ff8c76,20b9d3c8-edcf-4e2e-9d09-78b8f86ba3cf,309362,Clopidogrel 75 MG Oral Tablet,5.02,0.00,80,401.60,,
2013-07-29,,6aa96af3-746c-4271-bdc7-9e92dc29cd54,b1c428d6-4f07-31e0-90f0-68ffa6ff8c76,20b9d3c8-edcf-4e2e-9d09-78b8f86ba3cf,705129,Nitroglycerin 0.4 MG/ACTUAT Mucosal Spray,145.84,0.00,80,11667.20,,
2020-01-29,,dfeaa5d0-a990-4c84-999a-aca40ee8d405,b1c428d6-4f07-31e0-90f0-68ffa6ff8c76,58dd616f-044d-46c1-a033-838fe4406fc0,855332,Warfarin Sodium 5 MG Oral Tablet,68.29,0.00,1,68.29,,
2020-01-29,,dfeaa5d0-a990-4c84-999a-aca40ee8d405,b1c428d6-4f07-31e0-90f0-68ffa6ff8c76,58dd616f-044d-46c1-a033-838fe4406fc0,897718,Verapamil Hydrochloride 40 MG,260.26,0.00,1,260.26,,
2020-01-29,,dfeaa5d0-a990-4c84-999a-aca40ee8d405,b1c428d6-4f07-31e0-90f0-68ffa6ff8c76,58dd616f-044d-46c1-a033-838fe4406fc0,197604,Digoxin 0.125 MG Oral Tablet,16.74,0.00,1,16.74,,
2013-09-02,,db9ff487-6698-4dc7-b3a4-58009cc6df07,b1c428d6-4f07-31e0-90f0-68ffa6ff8c76,8cf98a19-f557-48ff-b9b6-a3f3ac1d670b,855332,Warfarin Sodium 5 MG Oral Tablet,39.00,0.00,79,3081.00,,
2013-09-02,,db9ff487-6698-4dc7-b3a4-58009cc6df07,b1c428d6-4f07-31e0-90f0-68ffa6ff8c76,8cf98a19-f557-48ff-b9b6-a3f3ac1d670b,897718,Verapamil Hydrochloride 40 MG,110.10,0.00,79,8697.90,,
2013-09-02,,db9ff487-6698-4dc7-b3a4-58009cc6df07,b1c428d6-4f07-31e0-90f0-68ffa6ff8c76,8cf98a19-f557-48ff-b9b6-a3f3ac1d670b,197604,Digoxin 0.125 MG Oral Tablet,56.00,0.00,79,4424.00,,
