Id,BIRTHDATE,DEATHDATE,SSN,DRIVERS,PASSPORT,PREFIX,FIRST,LAST,SUFFIX,MAIDEN,MARITAL,RACE,ETHNICITY,GENDER,BIRTHPLACE,ADDRESS,CITY,STATE,COUNTY,ZIP,LAT,LON,HEALTHCARE_EXPENSES,HEALTHCARE_COVERAGE
a6d334f3-8ead-4397-ae56-c4797d264bb2,2014-05-13,,999-56-4979,,,,Hisham,Keski-Korpela,,,,white,nonhispanic,M,Espoo  Uusimaa  FI,554 Poraharju Katu Apt 76,Helsinki,Uusimaa,Helsinki,00390,60.12055921522114,24.874189380855213,1750.0,0.0
c8e92089-b26e-478f-9506-0036d5a894b2,2003-02-15,,999-72-8173,S99912864,,,Ranya,Vuohtoniemi,,,,white,nonhispanic,F,Espoo  Uusimaa  FI,673 Nykopp Katu Suite 79,Espoo,Uusimaa,Espoo,02730,60.22175139894624,24.655308942967903,3125.0,0.0
7f7484a8-0e73-4b7f-aec3-7cefe74f4012,2000-11-06,,999-29-7814,S99913318,,Mr.,Pablo,Savisalo,,,,white,nonhispanic,M,Lohja  Uusimaa  FI,258 Outavaara Katu Apt 32,Helsinki,Uusimaa,Helsinki,00720,60.19939351263101,24.926904849111235,3500.0,0.0
269c219a-5845-4f0c-88dd-e1cfc598996b,1998-01-10,,999-49-8531,S99937632,X60162416X,Ms.,Odessa,Kecklund,,,,white,nonhispanic,F,Espoo  Uusimaa  FI,1029 Konsala Katu,Tuusula,Uusimaa,Tuusula,04390,60.49663873075282,24.967319518525343,3500.0,0.0
1db1b15c-4196-4ce0-bce2-51753e7d41bc,1983-07-12,,999-53-8953,S99985923,X28670934X,Mrs.,Ria,Rouhiainen,,Paltto,M,white,nonhispanic,F,Lohja  Uusimaa  FI,1036 Ollila Katu Suite 32,Lohja,Uusimaa,Lohja,03850,60.26348155680374,24.0363095047699,4125.0,0.0
b03ac7ce-7fe0-4e84-b7b1-d13e359c77ad,1977-02-21,,999-24-9420,S99947743,X35986838X,Mrs.,Merja-Helena,Laivanen,,Ala-Vannesluoma,M,white,nonhispanic,F,Mäntsälä  Uusimaa  FI,500 Jantunen Katu Apt 42,Helsinki,Uusimaa,Helsinki,00840,60.23150804640972,24.945890257004955,4500.0,0.0
25ee341d-d459-435b-9b2f-003ace5eaf52,1961-10-23,2012-02-27,999-55-9796,S99949417,X49176580X,Mr.,Halvar,Matthews,,,M,white,nonhispanic,M,Nurmijärvi  Uusimaa  FI,666 Toivakainen Katu,Espoo,Uusimaa,Espoo,02270,60.31400552625605,24.73136104592063,11290.51,0.0
7cb9c4cd-e9aa-425b-9835-015417989f56,1983-08-06,,999-50-3083,S99961169,X50409661X,Ms.,Eira,Laitervo,,,S,white,nonhispanic,F,Vantaa  Uusimaa  FI,890 Silpola Katu,Nurmijärvi,Uusimaa,Nurmijärvi,01820,60.38485015941069,24.77889740178446,4125.0,0.0
a90ab7a0-da1f-4cc6-bd25-8aae1f4c52f5,1964-06-29,,999-93-5353,S99920129,X29155203X,Mr.,Anian,Savakko,,,M,white,nonhispanic,M,Espoo  Uusimaa  FI,808 Lasarov Katu,Helsinki,Uusimaa,Helsinki,00660,60.18058491535585,25.012102247104554,5625.0,0.0
1e654a1e-ccce-489a-9251-13b865028b74,1988-10-21,,999-16-5313,S99965179,X6258423X,Mrs.,Reea,Kenttä,,Skutnabba,M,white,nonhispanic,F,Helsinki  Uusimaa  FI,1042 Rehnström Katu,Espoo,Uusimaa,Espoo,02110,60.20327058397638,24.709590070543737,4000.0,0.0
3ffed9ae-bd1a-4d40-850d-8f9870e76f4f,1951-10-24,,999-46-9054,S99951278,X60209876X,Mrs.,Ninni,Ilvessuo,,Korin,M,white,nonhispanic,F,Vantaa  Uusimaa  FI,512 Mertamo Katu,Järvenpää,Uusimaa,Järvenpää,04420,60.42231894250099,25.049745342205608,7250.0,0.0
bc67304d-fed2-4f28-a8fa-04b885dfce61,2018-10-27,,999-43-3812,,,,Onur,Ovaska,,,,white,nonhispanic,M,Helsinki  Uusimaa  FI,597 Fagerman Katu,Helsinki,Uusimaa,Helsinki,00790,60.16329069521538,24.85382380987627,875.0,0.0
f7b3ac98-8d2f-4e90-b330-362f16189356,2000-06-29,,999-30-4879,S99915810,,Ms.,Elvina,Yliniva,,,,white,nonhispanic,F,Vantaa  Uusimaa  FI,945 Potapoff Katu Suite 16,Vantaa,Uusimaa,Vantaa,01520,60.29424571375455,25.095372177089427,3500.0,0.0
4822c6a6-a741-4c0b-abf4-f7cf4ec41585,1958-12-23,,999-59-7259,S99910311,X51415527X,Mrs.,Safina,Virronen,,Pyydysmäki,M,white,nonhispanic,F,Loviisa  Uusimaa  FI,486 Pramila Katu,Helsinki,Uusimaa,Helsinki,00230,60.20862182667045,24.916106635508992,6375.0,0.0
0ff3555a-75b1-413d-bc40-a13e370b356c,2003-12-17,,999-47-3281,S99986811,,,Kaapo,Orvasto,,,,white,nonhispanic,M,Helsinki  Uusimaa  FI,370 Ala-Mantila Katu Unit 4,Helsinki,Uusimaa,Helsinki,00860,60.27398237244469,24.829495470609604,3125.0,0.0
5bd5f2a0-0edb-4929-a6cd-6e9ea5b8fd52,2016-10-28,,999-31-8957,,,,Mariaana,Haidari,,,,white,nonhispanic,F,Helsinki  Uusimaa  FI,833 Garcia Katu,Porvoo,Uusimaa,Porvoo,07310,60.313708237639375,25.67838136530424,1375.0,0.0
7d7807cb-5bea-45b9-9422-f0f62127579d,1999-01-03,,999-26-8573,S99966355,X72362503X,Mr.,Mertsi,Nekkonen,,,,white,nonhispanic,M,Helsinki  Uusimaa  FI,297 Wörlund Katu,Vantaa,Uusimaa,Vantaa,01740,60.36927123401125,24.76850788175183,3500.0,0.0
b17d8718-4245-4f66-aa9c-d3581d19a615,1947-07-02,,999-44-9766,S99960151,X38092411X,Mr.,Lajos,Saviluoto,,,M,white,nonhispanic,M,Helsinki  Uusimaa  FI,758 Uksila Katu,Espoo,Uusimaa,Espoo,02660,60.1715080780163,24.83601882738382,14341.439999999999,0.0
c0f4bf9a-af08-41a5-8f10-f866791b7504,1961-11-14,,999-36-2134,S99934455,X15151578X,Mr.,Camillo,Passilahti,,,M,white,nonhispanic,M,Vantaa  Uusimaa  FI,784 Lundsten Katu Suite 2,Espoo,Uusimaa,Espoo,02740,60.155011452397204,24.79529993222534,6000.0,0.0
74f07ba6-6b4b-486f-a723-2ee93006cdba,2015-01-23,,999-55-8748,,,,Mailis,Heinula,,,,white,nonhispanic,F,Kirkkonummi  Uusimaa  FI,677 Lietsala Katu Suite 59,Hyvinkää,Uusimaa,Hyvinkää,05440,60.644864956755704,25.000178513328173,1750.0,0.0
c858c997-a4c9-488c-803c-ec630dc87ffa,2005-09-21,,999-67-8688,,,,Esa-Petri,Ingi,,,,white,nonhispanic,M,Espoo  Uusimaa  FI,224 Hakasuo Katu,Vantaa,Uusimaa,Vantaa,01720,60.34387456318319,25.08197945669784,2875.0,0.0
5e5858a0-f30b-4104-a2ab-c583a8c04cb0,1961-10-23,,999-40-5581,S99911290,X62309980X,Mr.,Juhana,Silla,,,M,white,nonhispanic,M,Helsinki  Uusimaa  FI,540 Michelsson Katu,Espoo,Uusimaa,Espoo,02680,60.155525621804735,24.821461021049878,6000.0,0.0
8c8a5799-ed65-4765-b2f6-7cee9f1b20b6,1980-12-12,,999-23-4985,S99932511,X63035377X,Mrs.,Taija-Maria,Kaapro,,Heliövaara,M,white,nonhispanic,F,Helsinki  Uusimaa  FI,555 Byholm Katu,Helsinki,Uusimaa,Helsinki,00140,60.19334808132684,24.924558446816093,4250.0,0.0
6f5cf35a-5281-48fb-acf4-26c7c378638e,1984-05-10,,999-40-8113,S99992330,X77117811X,Mrs.,Hanna-Elina,Wasström,,Melkinen,M,white,nonhispanic,F,Hyvinkää  Uusimaa  FI,313 Langhoff Katu,Lapinjärvi,Uusimaa,Lapinjärvi,07840,60.630879574773026,26.146024073512265,4125.0,0.0
b89a0223-7cca-4a79-b439-2d5f3c032cf3,1969-05-12,,999-45-6316,S99948423,X6503594X,Mrs.,Onerva,Pyöriä,,Vaskivuo,M,white,nonhispanic,F,Helsinki  Uusimaa  FI,1077 Ilonen Katu,Vantaa,Uusimaa,Vantaa,01630,60.33419479755701,24.974190595692672,5000.0,0.0
6dfc52a4-9fad-46cd-a53b-223256fae2d3,2002-10-11,,999-44-6337,S99965453,,,Wilhelmine,Lemmetti,,,,white,nonhispanic,F,Helsinki  Uusimaa  FI,680 Kinnari Katu Unit 3,Nurmijärvi,Uusimaa,Nurmijärvi,01840,60.43255002773997,24.910781669877753,3250.0,0.0
b51fb6e2-2021-4f44-ab75-346a3e313835,2012-07-25,,999-99-2917,,,,Faye,Berndtsson,,,,white,nonhispanic,F,Espoo  Uusimaa  FI,104 Kostin Katu,Järvenpää,Uusimaa,Järvenpää,04430,60.4793530025142,25.098013749005716,2000.0,0.0
a384dc3d-e900-4a68-80eb-d966eaa03db5,1976-10-02,,999-20-2429,S99998123,X39235217X,Mrs.,Joana,Kokljuschkin,,Lundén,M,white,nonhispanic,F,Siuntio  Uusimaa  FI,870 Reponen Katu,Helsinki,Uusimaa,Helsinki,00980,60.199281462587514,24.902537164927644,4500.0,0.0
68a0854c-2ccb-4afb-bc91-dbf940efe8f0,2019-08-29,,999-72-6637,,,,Noa,Viherjälaakso,,,,white,nonhispanic,M,Mäntsälä  Uusimaa  FI,829 Huhtiranta Katu,Tuusula,Uusimaa,Tuusula,04340,60.35159772090872,25.049811291195972,500.0,0.0
d7c1e207-686b-412d-9cfb-492893ddcd04,1965-06-07,,999-81-3404,S99997705,X30475265X,Ms.,Renee,Haarnio,,,S,white,nonhispanic,F,Vantaa  Uusimaa  FI,471 Priuska Katu,Helsinki,Uusimaa,Helsinki,00930,60.16145807983366,25.036397509610254,5500.0,0.0
2e15038e-8ff3-4a97-9010-7ebd654f9112,1961-08-26,,999-67-2358,S99945690,X48258669X,Ms.,Nea,Graeffe,,,S,white,nonhispanic,F,Helsinki  Uusimaa  FI,1079 Jormanainen Katu,Tuusula,Uusimaa,Tuusula,04390,60.40365671875516,24.99700093046932,6000.0,0.0
df64a81b-bec8-4767-b65f-0f9d9d03bd22,1997-04-16,,999-63-3990,S99946305,X34694481X,Ms.,Asla,Frii,,,,white,nonhispanic,F,Helsinki  Uusimaa  FI,150 Revahl Katu,Helsinki,Uusimaa,Helsinki,00610,60.267261968170864,25.04471595558169,3625.0,0.0
be9cd329-f5f3-4f6f-8aa7-e55f9d56308b,1974-03-07,,999-44-3750,S99989153,X81763675X,Mrs.,Stefania,Arminen,,Kähönen,M,white,nonhispanic,F,Porvoo  Uusimaa  FI,102 Pilhjerta Katu,Espoo,Uusimaa,Espoo,02100,60.180116901338394,24.75757873155519,4625.0,0.0
f6f1ffcb-0970-4e9e-acfc-aa4cd1c2b569,1985-12-07,,999-11-1288,S99937717,X73580479X,Mrs.,Loretta,Ylipalo,,Bayer,M,white,nonhispanic,F,Lohja  Uusimaa  FI,608 Nisukangas Katu,Helsinki,Uusimaa,Helsinki,00840,60.196286405961615,24.864242409963094,4125.0,0.0
293c8e1d-4703-4bc6-b20b-2f38aca6e933,1989-01-01,2007-08-12,999-53-5631,S99998406,,Mr.,Angelo,Savinen,,,,white,nonhispanic,M,Kirkkonummi  Uusimaa  FI,232 Ekbom Katu Apt 14,Helsinki,Uusimaa,Helsinki,00160,60.290198633895045,24.98759301470932,3712.74,0.0
5a80a68d-b9b9-4d0c-99c7-cdcd8a8cffb3,1982-03-10,,999-78-1844,S99954517,X80980532X,Mrs.,Donna,Pynnä,,Possakka,M,white,nonhispanic,F,Espoo  Uusimaa  FI,774 Seine Katu,Helsinki,Uusimaa,Helsinki,00720,60.18804099241775,24.927724020812295,4250.0,0.0
73849065-b1c0-480e-9150-4ec7d537bcb8,2003-02-22,,999-82-6663,S99996435,,,Veli-Veikko,Hernesmaa,,,,white,nonhispanic,M,Espoo  Uusimaa  FI,805 Niittyaro Katu Unit 79,Helsinki,Uusimaa,Helsinki,00690,60.15081302078206,24.988842605509582,3125.0,0.0
7513c333-6200-44d0-b405-765ff30e10d3,1994-05-06,,999-25-6395,S99910882,X1794058X,Mr.,Carson,Vilpas,,,,white,nonhispanic,M,Helsinki  Uusimaa  FI,104 Ala-Louko Katu,Helsinki,Uusimaa,Helsinki,00690,60.17606590285902,24.903352799015266,3750.0,0.0
113b160b-3487-4f9d-bd9e-c6cf770d1a03,1952-10-25,,999-39-8523,S99967426,X24128715X,Mrs.,Neve,Maronen,,Tams,M,white,nonhispanic,F,Helsinki  Uusimaa  FI,679 Merta Katu Unit 98,Vantaa,Uusimaa,Vantaa,01300,60.365463504231855,24.97530733015372,7125.0,0.0
734a4001-b7ab-43d4-9107-2b3d04e58a04,2019-02-09,,999-27-4862,,,,Sisko,Vierunketo,,,,white,nonhispanic,F,Helsinki  Uusimaa  FI,1021 Wassholm Katu,Helsinki,Uusimaa,Helsinki,00260,60.224757508681854,25.04893416781257,750.0,0.0
bee4f788-cad5-4398-b7cf-c6535371c307,1909-09-27,1976-02-02,999-43-2275,S99933486,X44877864X,Mr.,Saad,Välipirtti,,,M,white,nonhispanic,M,Helsinki  Uusimaa  FI,437 Loimi Katu Apt 64,Helsinki,Uusimaa,Helsinki,00120,60.21311347391865,25.07668758575668,7403.05,0.0
23fa03b1-5e84-4697-921e-75128f4f4ce1,2011-07-05,,999-11-1437,,,,Hilding,Lasila,,,,white,nonhispanic,M,Espoo  Uusimaa  FI,764 Sulopuisto Katu,Vantaa,Uusimaa,Vantaa,01710,60.26758614589339,24.81218436454467,2125.0,0.0
469456ed-0247-4afa-ae8e-b0cd81591cd4,1989-01-01,,999-18-3578,S99984125,X8423457X,Mr.,Guennadi,Kurra,,,S,white,nonhispanic,M,Helsinki  Uusimaa  FI,1020 Hyväkkä Katu,Helsinki,Uusimaa,Helsinki,00220,60.21169402164085,25.069389731894223,3875.0,0.0
a566cf57-b2b2-46b6-b050-7317542fd573,1993-10-03,,999-61-5384,S99926731,X18204936X,Ms.,Sahal,Suopelto,,,,white,nonhispanic,F,Vantaa  Uusimaa  FI,813 Iho Katu Unit 53,Espoo,Uusimaa,Espoo,02340,60.197686859552284,24.827938434709463,3750.0,0.0
a141d557-f98d-482a-8607-38220eabb973,2007-12-28,,999-44-4423,,,,Muhammed,Candelin,,,,white,nonhispanic,M,Vantaa  Uusimaa  FI,314 Sandman Katu,Vihti,Uusimaa,Vihti,03320,60.46454766612924,24.349569008002874,2625.0,0.0
e412ba4b-25bd-407d-92e7-958c3080901d,2015-08-14,,999-59-4152,,,,Piipa,Oljemark,,,,white,nonhispanic,F,Helsinki  Uusimaa  FI,948 Paalasmaa Katu,Kerava,Uusimaa,Kerava,04250,60.418385586613496,25.110353216828077,1625.0,0.0
e4a862d5-98ce-4684-9726-cd6e3d8408f1,1951-02-18,,999-81-4098,S99981738,X56394998X,Mr.,Tero-Matti,Laukkanen,,,M,white,nonhispanic,M,Helsinki  Uusimaa  FI,689 Haapalahti Katu Apt 46,Espoo,Uusimaa,Espoo,02320,60.239409175136004,24.718331070765014,7250.0,0.0
cb1df21e-451d-434d-830c-1c0c540c7c5e,1936-08-05,,999-72-5655,S99990236,X15773952X,Mrs.,Märta,Latto,,Hopea,M,white,nonhispanic,F,Helsinki  Uusimaa  FI,465 Holmstén Katu,Helsinki,Uusimaa,Helsinki,00880,60.18686439672138,24.97536694196075,9125.0,0.0
29e709de-f4b4-43d2-82ba-01a4cd218104,1947-12-06,,999-41-3102,S99956687,X58588218X,Mr.,Caspar,Veltheim,,,M,white,nonhispanic,M,Loviisa  Uusimaa  FI,216 Isoaho Katu,Espoo,Uusimaa,Espoo,02290,60.13910847261732,24.8468745731345,7625.0,0.0
f2625f7d-2124-47bc-8971-e9fd2d722eac,1946-09-03,,999-51-6092,S99963612,X18776500X,Mr.,Aleks,Lifflander,,,M,white,nonhispanic,M,Kerava  Uusimaa  FI,1020 Siikaranta Katu Apt 99,Helsinki,Uusimaa,Helsinki,00740,60.20432290402303,25.07707459928369,7875.0,0.0
a8e41bff-f12a-4d1c-8613-371f92c350fc,1995-07-29,,999-55-6011,S99947284,X28234885X,Mr.,Jaakkima,Kivalo,,,,white,nonhispanic,M,Helsinki  Uusimaa  FI,474 Morgan Katu,Espoo,Uusimaa,Espoo,02100,60.1703840816715,24.82948117397479,3625.0,0.0
402faf4a-076f-4e05-9698-713238bc5534,2011-06-12,,999-91-7575,,,,Petterinpoika,Fossi,,,,white,nonhispanic,M,Tuusula  Uusimaa  FI,799 Vaaranto Katu,Helsinki,Uusimaa,Helsinki,00860,60.244126507165255,24.89221528518188,2125.0,0.0
92857b82-cd40-4c52-86bf-81ce6d225fd1,1951-05-26,,999-45-9420,S99950208,X36098482X,Mr.,Karrinpoika,Tuohenmaa,,,M,white,nonhispanic,M,Vantaa  Uusimaa  FI,1008 Rötsä Katu,Vantaa,Uusimaa,Vantaa,01750,60.28529431850556,24.820847189403818,7250.0,0.0
6b084af4-cd0c-475c-8970-60f2b10431ea,2013-12-31,,999-72-6471,,,,Seren,Gratscheff,,,,white,nonhispanic,F,Kirkkonummi  Uusimaa  FI,440 Mella-Aho Katu,Helsinki,Uusimaa,Helsinki,00740,60.156641519769515,24.968632272664458,1875.0,0.0
bc294951-00ee-4106-8931-1de658b01a78,1952-11-01,,999-92-6034,S99974725,X58685748X,Mrs.,Ritja,Aittakari,,Rinta-Pollari,M,white,nonhispanic,F,Vantaa  Uusimaa  FI,841 Silaste Katu,Hanko,Uusimaa,Hanko,10940,59.85522071342555,23.035417561113423,7125.0,0.0
d63e530c-ff50-4c60-b14d-a185b06e512e,1953-10-23,,999-47-6191,S99941202,X55629239X,Mr.,Mika-Kristian,Al-Mosawi,,,S,white,nonhispanic,M,Espoo  Uusimaa  FI,996 Loimu Katu,Helsinki,Uusimaa,Helsinki,00520,60.11027514161047,24.939841643088567,13569.66,0.0
b9fb20a5-6412-4e14-bc79-bdef8dff5052,2005-07-12,,999-54-3254,,,,Eila-Maija,Luotolampi,,,,white,nonhispanic,F,Espoo  Uusimaa  FI,827 Vestergård Katu,Espoo,Uusimaa,Espoo,02820,60.125889162428926,24.67421705471904,2875.0,0.0
84a1a13d-75d0-4122-b1fd-2f6a4bf23f49,1968-07-30,,999-64-9814,S99940193,X6100288X,Mr.,Daniele,Kulonpää,,,M,white,nonhispanic,M,Braga  Minho  PT,543 Annanolli Katu,Järvenpää,Uusimaa,Järvenpää,04430,60.515315488994744,25.091661885579676,5125.0,0.0
eab2d040-673c-4f40-ac97-ac7db3f2ddc1,1909-09-27,2012-11-26,999-27-1544,S99968402,X72859571X,Mr.,Edison,Vasalampi,,,M,white,nonhispanic,M,Tuusula  Uusimaa  FI,593 Powell Katu,Helsinki,Uusimaa,Helsinki,00690,60.19649398456471,24.85547237748579,24881.370000000003,0.0
4707ba24-f0ca-4dbf-94e0-dd5dd1dbf6cd,1952-09-08,,999-96-2750,S99944290,X27762486X,Mrs.,Saara-Leena,Mustajärvi,,Nimell,M,white,nonhispanic,F,Espoo  Uusimaa  FI,173 Nordfors Katu,Vantaa,Uusimaa,Vantaa,01390,60.349351561441324,25.139779703311955,7125.0,0.0
827c4ee8-8582-4092-a1fa-108fad06fa79,1988-10-03,,999-47-9165,S99972560,X29930719X,Mrs.,Coco,Maunula,,Pohjala,M,white,nonhispanic,F,Hanko  Uusimaa  FI,504 Ruohomäki Katu,Vantaa,Uusimaa,Vantaa,01600,60.3043511818688,25.125080811249088,4000.0,0.0
cd776da9-a540-4bbe-829c-99e3517eb42a,1970-12-25,,999-28-3016,S99932482,X2036940X,Mr.,Armin,Huikku,,,M,white,nonhispanic,M,Helsinki  Uusimaa  FI,477 Edelmann Katu,Helsinki,Uusimaa,Helsinki,00190,60.278365639073876,25.040551948240353,4875.0,0.0
67221b38-269f-49d9-9d08-5e0a09b39e70,1975-07-24,,999-83-1818,S99940056,X16593298X,Mr.,Stuart,Uusi-Heikkilä,,,M,white,nonhispanic,M,Espoo  Uusimaa  FI,519 Rapeli Katu Suite 12,Mäntsälä,Uusimaa,Mäntsälä,04630,60.68283298134628,25.418362461347247,4625.0,0.0
5a6ac65f-9ca7-42f8-941f-0f9a66945e01,1993-08-17,,999-64-6404,S99986136,X25238X,Mr.,Alexandros,Nuottimäki,,,,white,nonhispanic,M,Helsinki  Uusimaa  FI,1048 Hynnälä Katu,Espoo,Uusimaa,Espoo,02380,60.150327922592105,24.657556662082403,3750.0,0.0
cd6e4825-b95c-4416-9210-486e3e50f648,1967-06-02,,999-21-7709,S99964990,X76564507X,Mr.,Maunus,Pitkäkoski,,,S,white,nonhispanic,M,Vantaa  Uusimaa  FI,697 Sievinen Katu,Nurmijärvi,Uusimaa,Nurmijärvi,01940,60.4946875180359,24.890385525069252,5250.0,0.0
2194c6c1-b34b-43c7-9bdf-a9b6788719be,2011-03-10,,999-33-5220,,,,Gustava,Kaskia,,,,white,nonhispanic,F,Helsinki  Uusimaa  FI,239 Korpinen Katu,Helsinki,Uusimaa,Helsinki,00150,60.224326770553134,25.032556021115113,2125.0,0.0
20731ffe-436b-4ef6-9227-ab2311776445,1948-09-14,,999-19-9672,S99924080,X76092156X,Mrs.,Elanor,Valkamo,,Kylväjä,M,white,nonhispanic,F,Espoo  Uusimaa  FI,1066 Kiilunen Katu Unit 75,Vantaa,Uusimaa,Vantaa,01420,60.35350047658161,25.11434867866536,7625.0,0.0
4e607094-e769-4ffa-92d9-624742ebcb36,2004-06-09,,999-96-2901,,,,Thore,Mörttinen,,,,white,nonhispanic,M,Helsinki  Uusimaa  FI,524 Wasberg Katu Suite 46,Espoo,Uusimaa,Espoo,02160,60.241131806667454,24.709367783872242,3000.0,0.0
41e1522e-1646-4163-8244-95882afa0e04,2006-11-16,,999-58-2665,,,,Walpuri,Lehtomaa,,,,white,nonhispanic,F,Espoo  Uusimaa  FI,637 Ihantoja Katu,Helsinki,Uusimaa,Helsinki,00180,60.12898962650486,25.032461947513383,2750.0,0.0
2259dd2f-8131-4897-a797-cb3c47a73454,1962-12-17,,999-94-5032,S99995424,X18137172X,Mrs.,Wilmiina,Steiner,,Henell,M,white,nonhispanic,F,Järvenpää  Uusimaa  FI,838 Paunila Katu Unit 51,Helsinki,Uusimaa,Helsinki,00330,60.14683351743714,24.944591395716383,5875.0,0.0
da80805f-adc1-4f33-b8ab-f920fc181e6f,1979-10-09,,999-61-1160,S99951336,X81029189X,Mr.,Esamatti,Sairanen,,,M,white,nonhispanic,M,Espoo  Uusimaa  FI,215 Hukkamäki Katu,Helsinki,Uusimaa,Helsinki,00710,60.15890107059937,24.947765773957133,4375.0,0.0
10a1e2a4-9fe5-4d16-b721-6fb3b5030f11,1929-03-28,,999-78-5492,S99912065,X74684482X,Mr.,Mir,Varjonen,,,M,white,nonhispanic,M,Espoo  Uusimaa  FI,652 Ruottinen Katu Unit 33,Vihti,Uusimaa,Vihti,03250,60.39819815771432,24.577713541808862,10000.0,0.0
f1cb0812-3f76-4e53-a978-2ddc963e6f3f,1977-06-04,,999-89-8291,S99938773,X17624098X,Mrs.,Yi,Teivainen,,Sieviläinen,M,white,nonhispanic,F,Helsinki  Uusimaa  FI,496 Kovapohja Katu,Helsinki,Uusimaa,Helsinki,00320,60.256097285368526,24.98018083480939,4500.0,0.0
258a18df-2dc7-4827-a86d-d91e324ddc7d,2016-06-21,,999-71-4641,,,,Liisa-Marja,Könönen,,,,white,nonhispanic,F,Vantaa  Uusimaa  FI,770 Kallionsivu Katu Unit 39,Vantaa,Uusimaa,Vantaa,01520,60.34264926073148,25.102076505007577,1500.0,0.0
6fae068a-f2f0-4c99-847e-d240448d010f,1948-12-10,2019-01-04,999-28-6756,S99957281,X824012X,Mr.,Shakir,Airio,,,M,white,nonhispanic,M,Espoo  Uusimaa  FI,1047 Holmgård Katu,Hyvinkää,Uusimaa,Hyvinkää,05620,60.55966440620551,25.01659316715566,13991.04,0.0
d299c69c-2e5d-4e11-9bea-5c03853d2234,1979-11-11,,999-29-8758,S99936686,X58172177X,Mrs.,Louhi,Peräinen,,Horttanainen,M,white,nonhispanic,F,Yekaterinburg  Sverdlovsk Oblast  RU,692 Djupsjö Katu,Espoo,Uusimaa,Espoo,02360,60.27987967852576,24.508824046168247,4551.96,0.0
135ab75f-1dc1-4fa9-b889-922df25065dc,1964-06-24,,999-45-3640,S99941868,X6377466X,Mr.,Hashim,Mönkölä,,,M,white,nonhispanic,M,Helsinki  Uusimaa  FI,682 Säkö Katu Suite 31,Kerava,Uusimaa,Kerava,04230,60.37229778132976,25.084946981011058,5625.0,0.0
177e5eae-9a53-48e6-82d7-7148fd21b531,1968-09-09,,999-70-7424,S99972941,X57756103X,Mr.,Sipi,Teurajärvi,,,M,white,nonhispanic,M,Espoo  Uusimaa  FI,1071 Mansala Katu,Helsinki,Uusimaa,Helsinki,00860,60.18396837230385,25.021069152476024,5125.0,0.0
be825f7c-8d62-49cb-b2aa-cf8539f255be,1971-08-12,,999-55-6618,S99988532,X50022295X,Mrs.,Ulrika,Ukkonen,,Kuusilinna,M,white,nonhispanic,F,Tuusula  Uusimaa  FI,746 Aholaita Katu,Hyvinkää,Uusimaa,Hyvinkää,05880,60.63250885939698,24.88155058883625,4875.0,0.0
86cd80e1-1b57-45fd-bcac-60e391c22d9d,1985-10-30,,999-13-4168,S99927713,X13683522X,Mrs.,Izabella,Holstikko,,Itäluoma,M,white,nonhispanic,F,Vantaa  Uusimaa  FI,237 Vestenius Katu,Kirkkonummi,Uusimaa,Kirkkonummi,02880,60.17732005859989,24.475411014630573,4125.0,0.0
0f40aea0-4ed0-4f3b-8a82-9825429b8279,1962-01-07,,999-63-2969,S99931152,X44346156X,Mrs.,Nele,Lapinsalo,,Takkula,M,white,nonhispanic,F,Vantaa  Uusimaa  FI,552 Linja Katu Unit 89,Espoo,Uusimaa,Espoo,02760,60.24628039574718,24.73580567556765,6000.0,0.0
068f26d7-4f0f-4ad4-bd2e-f43837dc3135,1995-08-19,,999-87-2179,S99981175,X58143003X,Mr.,Lambert,Arki,,,,white,nonhispanic,M,Helsinki  Uusimaa  FI,483 Heljanko Katu Suite 65,Helsinki,Uusimaa,Helsinki,00640,60.26444147902624,24.884491892244185,3625.0,0.0
6aa96af3-746c-4271-bdc7-9e92dc29cd54,1909-09-27,,999-21-8329,S99913137,X27766645X,Mr.,Hans-Henrik,Isoaho,,,M,white,nonhispanic,M,Kirkkonummi  Uusimaa  FI,533 Lövgren Katu,Helsinki,Uusimaa,Helsinki,00580,60.23010171113188,25.165732724788974,13025.71,0.0
97900311-7f0a-4544-baa6-d58fd1faf819,2008-06-05,,999-66-3038,,,,Raija-Leena,Lemström,,,,white,nonhispanic,F,Vantaa  Uusimaa  FI,735 Aadan Katu,Kerava,Uusimaa,Kerava,04250,60.408063865233274,25.10359176364205,2500.0,0.0
71823a16-d6ab-4cb6-9a67-723af8599a72,1989-10-10,,999-14-8674,S99963858,X23357154X,Mrs.,Anriikka,Huitsi,PhD,Krökki,M,white,nonhispanic,F,Vantaa  Uusimaa  FI,554 Paloposki Katu,Kerava,Uusimaa,Kerava,04230,60.395615821550926,25.089415565428514,3875.0,0.0
ca3cdd78-7e55-4c9d-bd5e-d559c1c3b4a2,1988-11-10,,999-15-7935,S99936556,X6792482X,Mrs.,Annmarie,Putto,,Leiman,M,white,nonhispanic,F,Helsinki  Uusimaa  FI,952 Drockila Katu Apt 43,Helsinki,Uusimaa,Helsinki,00350,60.20002103353843,25.16158360499906,4000.0,0.0
39e26065-fc6f-4683-9154-0b490612fe90,1948-12-10,,999-71-7904,S99934628,X89456054X,Mr.,Gleb,Hakoluoto,,,S,white,nonhispanic,M,Helsinki  Uusimaa  FI,897 Hast Katu Unit 23,Hyvinkää,Uusimaa,Hyvinkää,05830,60.64825522951906,24.847706710224305,7500.0,0.0
dffaf5e3-c596-4951-bd00-3dbe931bf82e,1976-03-14,,999-48-3730,S99962104,X75796292X,Mrs.,Juuni,Tuomikoski,,Kiiskilä,M,white,nonhispanic,F,Helsinki  Uusimaa  FI,264 Toivari Katu,Kirkkonummi,Uusimaa,Kirkkonummi,02410,60.16141605186462,24.56664499399631,4500.0,0.0
19d4cfe9-ea3b-4d0e-9f54-984591568fb7,1948-02-18,,999-27-2141,S99968518,X88699977X,Mr.,Enar,Lääperi,,,M,white,nonhispanic,M,Helsinki  Uusimaa  FI,827 Buuri Katu Suite 93,Porvoo,Uusimaa,Porvoo,07310,60.44536273478109,25.615385551125218,7625.0,0.0
134af016-b662-4555-a0b5-8ce52d3712c0,1978-05-11,,999-63-4430,S99963675,X15017937X,Mrs.,Aino-Liina,Ivaska,,Syrén,M,white,nonhispanic,F,Helsinki  Uusimaa  FI,773 Tiltti Katu,Porvoo,Uusimaa,Porvoo,06200,60.420950886162146,25.435953107860623,4375.0,0.0
8c63c83b-91e6-46e8-8a7a-5999b53222f0,1939-01-02,,999-43-9158,S99995925,X26564312X,Mrs.,Kide,Taivaloja,,Juottonen,M,white,nonhispanic,F,Kirkkonummi  Uusimaa  FI,598 Näslund Katu Unit 25,Helsinki,Uusimaa,Helsinki,00510,60.26337483279963,24.91193204546705,8750.0,0.0
dfeaa5d0-a990-4c84-999a-aca40ee8d405,1954-11-03,,999-90-1577,S99913755,X4044309X,Mrs.,Malina,Sigvart,,Malmiharju,M,white,nonhispanic,F,Helsinki  Uusimaa  FI,1072 Savikangas Katu,Helsinki,Uusimaa,Helsinki,00990,60.139732686595245,24.943008512540974,6875.0,0.0
62044846-21da-4ffa-87bc-9e79b4c439df,1994-11-20,,999-48-8603,S99966253,X13420695X,Ms.,Marjanna,Vähäpassi,,,,white,nonhispanic,F,Helsinki  Uusimaa  FI,227 Väistö Katu Unit 67,Espoo,Uusimaa,Espoo,02180,60.21564956914402,24.791392141179667,3750.0,0.0
6f998889-28db-42a1-9c8c-57d99f2e76c4,2001-11-05,,999-11-7525,S99910623,,Ms.,Miina,Karanka,,,,white,nonhispanic,F,Pornainen  Uusimaa  FI,914 Rantasaari Katu,Vantaa,Uusimaa,Vantaa,01740,60.27052524077412,24.877722368598246,3375.0,0.0
d1d10dc9-f7e0-4a78-a2fb-493e5aa72291,1992-01-22,,999-50-3609,S99975112,X16660976X,Mr.,Karo,Korvenperä,,,M,white,nonhispanic,M,Helsinki  Uusimaa  FI,136 Kurtelius Katu Suite 63,Espoo,Uusimaa,Espoo,02240,60.20165535037422,24.777802072300233,3750.0,0.0
378ac910-4b1b-4c85-832f-68bf7a0932d7,2006-07-23,,999-95-8995,,,,Tuula-Marja,Salmiosalo,,,,white,nonhispanic,F,Kerava  Uusimaa  FI,208 Ahmavuo Katu,Espoo,Uusimaa,Espoo,02710,60.11208932023766,24.77812268142688,2750.0,0.0
cf6a85d1-fade-43c0-aa72-182a025892f4,1975-10-11,,999-49-4339,S99922730,X75342266X,Mr.,Saamuel,Mitrunen,,,M,white,nonhispanic,M,Espoo  Uusimaa  FI,907 Manneri Katu Suite 0,Helsinki,Uusimaa,Helsinki,00640,60.2279982033534,24.84849414497439,4625.0,0.0
057a8ec0-acf5-4c57-b929-51eba1985ac7,2019-08-15,,999-89-2323,,,,Sirkka,Lipkin,,,,white,nonhispanic,F,Helsinki  Uusimaa  FI,774 Hulkkonen Katu Suite 10,Vantaa,Uusimaa,Vantaa,01200,60.32380458952314,25.16893631081427,500.0,0.0
4145c42d-12f3-4840-8430-49bd6bec9828,2006-08-05,,999-61-9890,,,,Vili-Pekka,Andrews,,,,white,nonhispanic,M,Helsinki  Uusimaa  FI,338 von Boehm Katu Apt 3,Helsinki,Uusimaa,Helsinki,00910,60.204600153980124,24.966297962071657,2750.0,0.0
7f8b5cd4-e1f9-44ba-93de-e978207eef6c,1993-03-19,,999-37-1188,S99978042,X58999695X,Ms.,Hassan,Thurman,,,,white,nonhispanic,F,Helsinki  Uusimaa  FI,920 Perjus Katu,Sipoo,Uusimaa,Sipoo,04170,60.276496643250624,25.290742893306934,3750.0,0.0
2dd1e4cd-a25c-46a3-b336-5f6d1825928c,1979-03-26,,999-15-9751,S99998579,X66510020X,Mrs.,Soili,Engström,,Leppo,M,white,nonhispanic,F,Helsinki  Uusimaa  FI,460 Suvilahti Katu,Helsinki,Uusimaa,Helsinki,00720,60.173458205573276,24.939519498468837,4375.0,0.0
b290ddac-586a-4102-bd68-7a2ed934ef8d,1967-11-05,,999-42-9610,S99932481,X42957065X,Mr.,Gaabriel,Piirto,,,M,white,nonhispanic,M,Sipoo  Uusimaa  FI,699 Puuska Katu,Vantaa,Uusimaa,Vantaa,01420,60.322016805604044,24.82497869270846,5250.0,0.0
cdaa28b9-6f6e-493f-ab70-b9ee46a7d1eb,1982-11-20,,999-74-2493,S99970140,X72048238X,Mr.,Vinh,Heusala,,,M,white,nonhispanic,M,Helsinki  Uusimaa  FI,215 Keltakangas Katu Apt 45,Helsinki,Uusimaa,Helsinki,00550,60.20441706500378,24.941789769123417,4250.0,0.0
db9ff487-6698-4dc7-b3a4-58009cc6df07,1950-06-19,,999-96-9112,S99955886,X10192572X,Mr.,Keimo,Koho,,,S,white,nonhispanic,M,Vantaa  Uusimaa  FI,348 Kalinainen Katu Suite 14,Helsinki,Uusimaa,Helsinki,00310,60.250013933596776,24.885399272972574,7375.0,0.0
07f2771f-4cb4-4242-8261-055a4ad6a189,1954-11-08,,999-37-7675,S99961768,X2348352X,Mrs.,Nita,Yrjälä,,Mertsalmi,M,white,nonhispanic,F,Helsinki  Uusimaa  FI,741 Esberg Katu Unit 79,Espoo,Uusimaa,Espoo,02320,60.242054962566066,24.792290775996797,6875.0,0.0
