PATIENT,START_YEAR,END_YEAR,PAYER,OWNERSHIP
7f7484a8-0e73-4b7f-aec3-7cefe74f4012,2000,2018,e15e7b92-f376-374f-9285-2f59a38ad823,Guardian
269c219a-5845-4f0c-88dd-e1cfc598996b,1998,2016,e15e7b92-f376-374f-9285-2f59a38ad823,Guardian
1db1b15c-4196-4ce0-bce2-51753e7d41bc,1983,2001,e15e7b92-f376-374f-9285-2f59a38ad823,Guardian
b03ac7ce-7fe0-4e84-b7b1-d13e359c77ad,1977,1995,e15e7b92-f376-374f-9285-2f59a38ad823,Guardian
25ee341d-d459-435b-9b2f-003ace5eaf52,1961,1979,e15e7b92-f376-374f-9285-2f59a38ad823,Guardian
7cb9c4cd-e9aa-425b-9835-015417989f56,1983,2001,e15e7b92-f376-374f-9285-2f59a38ad823,Guardian
a90ab7a0-da1f-4cc6-bd25-8aae1f4c52f5,1964,1982,e15e7b92-f376-374f-9285-2f59a38ad823,Guardian
1e654a1e-ccce-489a-9251-13b865028b74,1988,2006,e15e7b92-f376-374f-9285-2f59a38ad823,Guardian
3ffed9ae-bd1a-4d40-850d-8f9870e76f4f,1951,1969,e15e7b92-f376-374f-9285-2f59a38ad823,Guardian
f7b3ac98-8d2f-4e90-b330-362f16189356,2000,2018,e15e7b92-f376-374f-9285-2f59a38ad823,Guardian
4822c6a6-a741-4c0b-abf4-f7cf4ec41585,1958,1976,e15e7b92-f376-374f-9285-2f59a38ad823,Guardian
7d7807cb-5bea-45b9-9422-f0f62127579d,1999,2017,e15e7b92-f376-374f-9285-2f59a38ad823,Guardian
c0f4bf9a-af08-41a5-8f10-f866791b7504,1961,1979,e15e7b92-f376-374f-9285-2f59a38ad823,Guardian
b17d8718-4245-4f66-aa9c-d3581d19a615,1947,1965,e15e7b92-f376-374f-9285-2f59a38ad823,Guardian
5e5858a0-f30b-4104-a2ab-c583a8c04cb0,1961,1979,e15e7b92-f376-374f-9285-2f59a38ad823,Guardian
8c8a5799-ed65-4765-b2f6-7cee9f1b20b6,1980,1998,e15e7b92-f376-374f-9285-2f59a38ad823,Guardian
6f5cf35a-5281-48fb-acf4-26c7c378638e,1984,2002,e15e7b92-f376-374f-9285-2f59a38ad823,Guardian
b89a0223-7cca-4a79-b439-2d5f3c032cf3,1969,1987,e15e7b92-f376-374f-9285-2f59a38ad823,Guardian
a384dc3d-e900-4a68-80eb-d966eaa03db5,1976,1976,b1c428d6-4f07-31e0-90f0-68ffa6ff8c76,
a384dc3d-e900-4a68-80eb-d966eaa03db5,1977,1977,e15e7b92-f376-374f-9285-2f59a38ad823,
a384dc3d-e900-4a68-80eb-d966eaa03db5,1978,1994,e15e7b92-f376-374f-9285-2f59a38ad823,Guardian
d7c1e207-686b-412d-9cfb-492893ddcd04,1965,1983,e15e7b92-f376-374f-9285-2f59a38ad823,Guardian
2e15038e-8ff3-4a97-9010-7ebd654f9112,1961,1979,e15e7b92-f376-374f-9285-2f59a38ad823,Guardian
df64a81b-bec8-4767-b65f-0f9d9d03bd22,1997,2015,e15e7b92-f376-374f-9285-2f59a38ad823,Guardian
be9cd329-f5f3-4f6f-8aa7-e55f9d56308b,1974,1992,e15e7b92-f376-374f-9285-2f59a38ad823,Guardian
f6f1ffcb-0970-4e9e-acfc-aa4cd1c2b569,1985,2003,e15e7b92-f376-374f-9285-2f59a38ad823,Guardian
293c8e1d-4703-4bc6-b20b-2f38aca6e933,1989,2007,e15e7b92-f376-374f-9285-2f59a38ad823,Guardian
5a80a68d-b9b9-4d0c-99c7-cdcd8a8cffb3,1982,2000,e15e7b92-f376-374f-9285-2f59a38ad823,Guardian
7513c333-6200-44d0-b405-765ff30e10d3,1994,2012,e15e7b92-f376-374f-9285-2f59a38ad823,Guardian
113b160b-3487-4f9d-bd9e-c6cf770d1a03,1952,1970,e15e7b92-f376-374f-9285-2f59a38ad823,Guardian
bee4f788-cad5-4398-b7cf-c6535371c307,1909,1927,e15e7b92-f376-374f-9285-2f59a38ad823,Guardian
469456ed-0247-4afa-ae8e-b0cd81591cd4,1989,2007,e15e7b92-f376-374f-9285-2f59a38ad823,Guardian
a566cf57-b2b2-46b6-b050-7317542fd573,1993,2011,e15e7b92-f376-374f-9285-2f59a38ad823,Guardian
e4a862d5-98ce-4684-9726-cd6e3d8408f1,1951,1969,e15e7b92-f376-374f-9285-2f59a38ad823,Guardian
cb1df21e-451d-434d-830c-1c0c540c7c5e,1936,1954,e15e7b92-f376-374f-9285-2f59a38ad823,Guardian
29e709de-f4b4-43d2-82ba-01a4cd218104,1947,1965,e15e7b92-f376-374f-9285-2f59a38ad823,Guardian
f2625f7d-2124-47bc-8971-e9fd2d722eac,1946,1964,e15e7b92-f376-374f-9285-2f59a38ad823,Guardian
a8e41bff-f12a-4d1c-8613-371f92c350fc,1995,2013,e15e7b92-f376-374f-9285-2f59a38ad823,Guardian
92857b82-cd40-4c52-86bf-81ce6d225fd1,1951,1969,e15e7b92-f376-374f-9285-2f59a38ad823,Guardian
bc294951-00ee-4106-8931-1de658b01a78,1952,1970,e15e7b92-f376-374f-9285-2f59a38ad823,Guardian
d63e530c-ff50-4c60-b14d-a185b06e512e,1953,1971,e15e7b92-f376-374f-9285-2f59a38ad823,Guardian
84a1a13d-75d0-4122-b1fd-2f6a4bf23f49,1968,1986,e15e7b92-f376-374f-9285-2f59a38ad823,Guardian
eab2d040-673c-4f40-ac97-ac7db3f2ddc1,1909,1927,e15e7b92-f376-374f-9285-2f59a38ad823,Guardian
eab2d040-673c-4f40-ac97-ac7db3f2ddc1,1928,2012,e15e7b92-f376-374f-9285-2f59a38ad823,Self
4707ba24-f0ca-4dbf-94e0-dd5dd1dbf6cd,1952,1970,e15e7b92-f376-374f-9285-2f59a38ad823,Guardian
827c4ee8-8582-4092-a1fa-108fad06fa79,1988,2006,e15e7b92-f376-374f-9285-2f59a38ad823,Guardian
cd776da9-a540-4bbe-829c-99e3517eb42a,1970,1988,e15e7b92-f376-374f-9285-2f59a38ad823,Guardian
67221b38-269f-49d9-9d08-5e0a09b39e70,1975,1993,e15e7b92-f376-374f-9285-2f59a38ad823,Guardian
5a6ac65f-9ca7-42f8-941f-0f9a66945e01,1993,2011,e15e7b92-f376-374f-9285-2f59a38ad823,Guardian
cd6e4825-b95c-4416-9210-486e3e50f648,1967,1985,e15e7b92-f376-374f-9285-2f59a38ad823,Guardian
20731ffe-436b-4ef6-9227-ab2311776445,1948,1966,e15e7b92-f376-374f-9285-2f59a38ad823,Guardian
2259dd2f-8131-4897-a797-cb3c47a73454,1962,1980,e15e7b92-f376-374f-9285-2f59a38ad823,Guardian
da80805f-adc1-4f33-b8ab-f920fc181e6f,1979,1997,e15e7b92-f376-374f-9285-2f59a38ad823,Guardian
10a1e2a4-9fe5-4d16-b721-6fb3b5030f11,1929,1947,e15e7b92-f376-374f-9285-2f59a38ad823,Guardian
f1cb0812-3f76-4e53-a978-2ddc963e6f3f,1977,1995,e15e7b92-f376-374f-9285-2f59a38ad823,Guardian
6fae068a-f2f0-4c99-847e-d240448d010f,1948,1966,e15e7b92-f376-374f-9285-2f59a38ad823,Guardian
d299c69c-2e5d-4e11-9bea-5c03853d2234,1979,1997,e15e7b92-f376-374f-9285-2f59a38ad823,Guardian
135ab75f-1dc1-4fa9-b889-922df25065dc,1964,1982,e15e7b92-f376-374f-9285-2f59a38ad823,Guardian
177e5eae-9a53-48e6-82d7-7148fd21b531,1968,1986,e15e7b92-f376-374f-9285-2f59a38ad823,Guardian
be825f7c-8d62-49cb-b2aa-cf8539f255be,1971,1989,e15e7b92-f376-374f-9285-2f59a38ad823,Guardian
86cd80e1-1b57-45fd-bcac-60e391c22d9d,1985,2003,e15e7b92-f376-374f-9285-2f59a38ad823,Guardian
0f40aea0-4ed0-4f3b-8a82-9825429b8279,1962,1980,e15e7b92-f376-374f-9285-2f59a38ad823,Guardian
068f26d7-4f0f-4ad4-bd2e-f43837dc3135,1995,2013,e15e7b92-f376-374f-9285-2f59a38ad823,Guardian
6aa96af3-746c-4271-bdc7-9e92dc29cd54,1909,1927,e15e7b92-f376-374f-9285-2f59a38ad823,Guardian
71823a16-d6ab-4cb6-9a67-723af8599a72,1989,2007,e15e7b92-f376-374f-9285-2f59a38ad823,Guardian
ca3cdd78-7e55-4c9d-bd5e-d559c1c3b4a2,1988,2006,e15e7b92-f376-374f-9285-2f59a38ad823,Guardian
39e26065-fc6f-4683-9154-0b490612fe90,1948,1966,e15e7b92-f376-374f-9285-2f59a38ad823,Guardian
dffaf5e3-c596-4951-bd00-3dbe931bf82e,1976,1994,e15e7b92-f376-374f-9285-2f59a38ad823,Guardian
134af016-b662-4555-a0b5-8ce52d3712c0,1978,1996,e15e7b92-f376-374f-9285-2f59a38ad823,Guardian
19d4cfe9-ea3b-4d0e-9f54-984591568fb7,1948,1966,e15e7b92-f376-374f-9285-2f59a38ad823,Guardian
8c63c83b-91e6-46e8-8a7a-5999b53222f0,1939,1957,e15e7b92-f376-374f-9285-2f59a38ad823,Guardian
62044846-21da-4ffa-87bc-9e79b4c439df,1994,2012,e15e7b92-f376-374f-9285-2f59a38ad823,Guardian
6f998889-28db-42a1-9c8c-57d99f2e76c4,2001,2019,e15e7b92-f376-374f-9285-2f59a38ad823,Guardian
dfeaa5d0-a990-4c84-999a-aca40ee8d405,1954,1972,e15e7b92-f376-374f-9285-2f59a38ad823,Guardian
d1d10dc9-f7e0-4a78-a2fb-493e5aa72291,1992,2010,e15e7b92-f376-374f-9285-2f59a38ad823,Guardian
cf6a85d1-fade-43c0-aa72-182a025892f4,1975,1993,e15e7b92-f376-374f-9285-2f59a38ad823,Guardian
7f8b5cd4-e1f9-44ba-93de-e978207eef6c,1993,2011,e15e7b92-f376-374f-9285-2f59a38ad823,Guardian
2dd1e4cd-a25c-46a3-b336-5f6d1825928c,1979,1997,e15e7b92-f376-374f-9285-2f59a38ad823,Guardian
b290ddac-586a-4102-bd68-7a2ed934ef8d,1967,1985,e15e7b92-f376-374f-9285-2f59a38ad823,Guardian
cdaa28b9-6f6e-493f-ab70-b9ee46a7d1eb,1982,2000,e15e7b92-f376-374f-9285-2f59a38ad823,Guardian
db9ff487-6698-4dc7-b3a4-58009cc6df07,1950,1968,e15e7b92-f376-374f-9285-2f59a38ad823,Guardian
07f2771f-4cb4-4242-8261-055a4ad6a189,1954,1972,e15e7b92-f376-374f-9285-2f59a38ad823,Guardian
