DATE,PATIENT,ENCOUNTER,CODE,DESCRIPTION,BASE_COST,REASONCODE,REASONDESCRIPTION
2012-02-27,25ee341d-d459-435b-9b2f-003ace5eaf52,4151d162-cde5-4959-9136-aa9f5336a8d8,40701008,Echocardiography (procedure),981.81,230690007,Stroke
2012-02-27,25ee341d-d459-435b-9b2f-003ace5eaf52,4151d162-cde5-4959-9136-aa9f5336a8d8,433112001,Percutaneous mechanical thrombectomy of portal vein using fluoroscopic guidance,15212.35,230690007,Stroke
2015-06-17,b17d8718-4245-4f66-aa9c-d3581d19a615,40e83995-d086-4033-8a97-921404253b5e,40701008,Echocardiography (procedure),1045.76,230690007,Stroke
2015-06-17,b17d8718-4245-4f66-aa9c-d3581d19a615,40e83995-d086-4033-8a97-921404253b5e,433112001,Percutaneous mechanical thrombectomy of portal vein using fluoroscopic guidance,13714.47,230690007,Stroke
2007-08-12,293c8e1d-4703-4bc6-b20b-2f38aca6e933,9ebefc43-ea21-4a0b-a9ff-2c8f81f94320,40701008,Echocardiography (procedure),692.61,410429000,Cardiac Arrest
2007-08-12,293c8e1d-4703-4bc6-b20b-2f38aca6e933,9ebefc43-ea21-4a0b-a9ff-2c8f81f94320,447365002,Insertion of biventricular implantable cardioverter defibrillator,50949.41,410429000,Cardiac Arrest
2007-08-12,293c8e1d-4703-4bc6-b20b-2f38aca6e933,9ebefc43-ea21-4a0b-a9ff-2c8f81f94320,18286008,Catheter ablation of tissue of heart,11369.04,410429000,Cardiac Arrest
1976-02-02,bee4f788-cad5-4398-b7cf-c6535371c307,1d71d32b-0168-407e-89da-f97e29537080,40701008,Echocardiography (procedure),1402.75,22298006,Myocardial Infarction
1976-02-02,bee4f788-cad5-4398-b7cf-c6535371c307,1d71d32b-0168-407e-89da-f97e29537080,415070008,Percutaneous coronary intervention,40480.66,22298006,Myocardial Infarction
1976-02-02,bee4f788-cad5-4398-b7cf-c6535371c307,1d71d32b-0168-407e-89da-f97e29537080,232717009,Coronary artery bypass grafting,42627.50,22298006,Myocardial Infarction
2005-08-29,eab2d040-673c-4f40-ac97-ac7db3f2ddc1,92814b32-7411-4521-80d8-9b4669fe669e,40701008,Echocardiography (procedure),1155.50,230690007,Stroke
2005-08-29,eab2d040-673c-4f40-ac97-ac7db3f2ddc1,92814b32-7411-4521-80d8-9b4669fe669e,433112001,Percutaneous mechanical thrombectomy of portal vein using fluoroscopic guidance,16667.41,230690007,Stroke
2010-07-12,eab2d040-673c-4f40-ac97-ac7db3f2ddc1,b9976c86-1f84-47c3-b685-b598403417c1,180325003,Electrical cardioversion,33616.04,49436004,Atrial Fibrillation
2011-07-18,eab2d040-673c-4f40-ac97-ac7db3f2ddc1,c7fb82ba-e1e7-4919-975d-3afb98fef7e2,180325003,Electrical cardioversion,35715.64,49436004,Atrial Fibrillation
2012-07-23,eab2d040-673c-4f40-ac97-ac7db3f2ddc1,811ee5fe-ba74-4aa8-afdc-635e722060bc,18286008,Catheter ablation of tissue of heart,14719.90,49436004,Atrial Fibrillation
2012-11-26,eab2d040-673c-4f40-ac97-ac7db3f2ddc1,45d1d3a7-68b8-4158-8f17-5b073b6b07dd,40701008,Echocardiography (procedure),1649.42,230690007,Stroke
2012-11-26,eab2d040-673c-4f40-ac97-ac7db3f2ddc1,45d1d3a7-68b8-4158-8f17-5b073b6b07dd,433112001,Percutaneous mechanical thrombectomy of portal vein using fluoroscopic guidance,25998.08,230690007,Stroke
2019-01-04,6fae068a-f2f0-4c99-847e-d240448d010f,a855b499-619d-4f95-8e63-2a8419134475,40701008,Echocardiography (procedure),994.61,230690007,Stroke
2019-01-04,6fae068a-f2f0-4c99-847e-d240448d010f,a855b499-619d-4f95-8e63-2a8419134475,433112001,Percutaneous mechanical thrombectomy of portal vein using fluoroscopic guidance,23620.54,230690007,Stroke
2013-01-07,6aa96af3-746c-4271-bdc7-9e92dc29cd54,ed21907b-ee74-4d1e-a0b9-2c84e7c9afb1,40701008,Echocardiography (procedure),563.01,22298006,Myocardial Infarction
2013-01-07,6aa96af3-746c-4271-bdc7-9e92dc29cd54,ed21907b-ee74-4d1e-a0b9-2c84e7c9afb1,415070008,Percutaneous coronary intervention,23297.45,22298006,Myocardial Infarction
2013-01-07,6aa96af3-746c-4271-bdc7-9e92dc29cd54,ed21907b-ee74-4d1e-a0b9-2c84e7c9afb1,232717009,Coronary artery bypass grafting,58637.43,22298006,Myocardial Infarction
2020-01-29,dfeaa5d0-a990-4c84-999a-aca40ee8d405,58dd616f-044d-46c1-a033-838fe4406fc0,180325003,Electrical cardioversion,35941.42,49436004,Atrial Fibrillation
2013-09-02,db9ff487-6698-4dc7-b3a4-58009cc6df07,8cf98a19-f557-48ff-b9b6-a3f3ac1d670b,180325003,Electrical cardioversion,28996.11,49436004,Atrial Fibrillation
2014-09-08,db9ff487-6698-4dc7-b3a4-58009cc6df07,7559e2ab-bf5a-4974-9d30-ebb4acaa91e8,180325003,Electrical cardioversion,31772.34,49436004,Atrial Fibrillation
2015-09-14,db9ff487-6698-4dc7-b3a4-58009cc6df07,4c037dea-6a37-4fbb-a3d1-55c698234b7d,180325003,Electrical cardioversion,20590.47,49436004,Atrial Fibrillation
2016-09-19,db9ff487-6698-4dc7-b3a4-58009cc6df07,d38f43aa-6191-4f9b-b0ee-bc57cb1fe9bd,180325003,Electrical cardioversion,36723.68,49436004,Atrial Fibrillation
2017-09-25,db9ff487-6698-4dc7-b3a4-58009cc6df07,17bcf3f4-82b5-4790-aefc-a716064f6176,180325003,Electrical cardioversion,29169.52,49436004,Atrial Fibrillation
2018-10-01,db9ff487-6698-4dc7-b3a4-58009cc6df07,3e6776fa-da77-4f3c-bf93-f3335329d1d5,180325003,Electrical cardioversion,33041.76,49436004,Atrial Fibrillation
2019-10-07,db9ff487-6698-4dc7-b3a4-58009cc6df07,7bdc60b7-a7fe-45b3-b88c-64bb5666863e,180325003,Electrical cardioversion,51301.19,49436004,Atrial Fibrillation
