Id,ORGANIZATION,NAME,GENDER,SPECIALITY,ADDRESS,CITY,STATE,ZIP,LAT,LON,UTILIZATION
28926e99-d981-362c-8d61-b921eabe577c,319baef9-e8e6-3320-9e0b-7991d9c167b8,Katja Wilhelms,F,GENERAL PRACTICE,Haartmaninkatu 4,Helsinki,18,00290,60.189159,24.909081,4
0470103e-ca6f-38ae-aa4e-f83297a0a8c2,af916982-f5f8-341b-b159-69e72695294c,Olga Kylmämaa,F,GENERAL PRACTICE,Sairaalakatu 1,Vantaa,18,01400,60.3299,25.0608,1
5e79e32b-2850-3ebd-968e-c9633c1e1ad9,294d60d6-0e2b-396b-a8bf-77998642f6b7,Zana Luomaa,M,GENERAL PRACTICE,Ohkolantie 10,Kellokoski,18,04500,60.53054,25.10548,1
995893e2-2ca3-3509-a1cc-8341c6893b3a,738aef7e-a279-3f65-9dba-fead16b27400,Viktoriina Krapi,F,GENERAL PRACTICE,Turuntie 150,Espoo,18,02740,60.22589,24.77581,1605
7cced2d7-0b6b-39a5-b9f4-67b58a25885f,9a3e6919-4ed0-32fe-a1e2-7184b06c415f,Auringonkukka Pärnänen,F,GENERAL PRACTICE,Karvasmäentie 6,Espoo,18,02740,60.22011,24.6848,376
ed45ed64-1b76-339d-977c-1c0e95c01eb7,a70486b2-c33a-37b3-a4cf-b3dc06cb9d84,Tuulia Salermo,F,GENERAL PRACTICE,Sairaalakatu 1,Vantaa,18,01400,60.3299,25.0608,1349
30bddd65-d2f1-341a-8f4b-9c431cf2f897,bf25636d-50a4-3cf2-b937-0e59fd37503f,Katja Wilhelms,F,GENERAL PRACTICE,Sairaalankatu 1,Hyvinkää,18,05830,60.612,24.82486,141
579674e8-653b-3768-9209-808738c0c5b8,4eddd774-a01b-3a0b-b4c6-736a5581aba4,Emma-Liisa Kunelius,F,GENERAL PRACTICE,Ohkolantie 10,Kellokoski,18,04500,60.53054,25.10548,196
f97e4c26-df77-3d84-b98c-3bb9d13b5dc7,942171f0-df04-34cc-9c85-1a11b2f08717,Idil Piiri,F,GENERAL PRACTICE,Sairaalatie 8,Lohja,18,08200,60.2247,24.01885,111
bcf78470-d971-3349-a946-4ff887db9021,216a84b2-6287-356d-9bcf-655abf00debb,Pär Louhevirta,M,GENERAL PRACTICE,Sairaalantie 1,Porvoo,18,06200,60.37911,25.69576,140
278c7576-e970-3738-a7fe-cd611195ea66,319baef9-e8e6-3320-9e0b-7991d9c167b8,Viktoriina Krapi,F,GENERAL PRACTICE,Haartmaninkatu 4,Helsinki,18,00290,60.189159,24.909081,1
ab994e0a-ff48-3234-8f6a-447801541cff,39010280-b8e5-3b1a-b835-bafbeea21968,Tuulia Salermo,F,GENERAL PRACTICE,Turuntie 150,Espoo,18,02740,60.22589,24.77581,1
59fca058-45c1-3fe3-8692-f9195a90d448,af916982-f5f8-341b-b159-69e72695294c,Emma-Liisa Kunelius,F,GENERAL PRACTICE,Sairaalakatu 1,Vantaa,18,01400,60.3299,25.0608,2
