location_id,address_1,address_2,city,state,zip,county,location_source_value
4233,701 Hosionaho Katu,,Helsinki,Uusimaa,00910,Helsinki,4ee095a8-aa02-4b89-80ca-a7362e373044
4234,282 Sarkala Katu Apt 63,,Helsinki,Uusimaa,00350,Helsinki,64394e37-0f0d-41cd-93ff-d2bd24134b68
4235,105 Engberg Katu Suite 13,,Tuusula,Uusimaa,05400,Tuusula,215fe086-d9e4-4edd-9202-411e9c17ab10
4236,101 Rintakumpu Katu Apt 17,,Helsinki,Uusimaa,00750,Helsinki,b31ab976-accc-4030-a502-d38b4833d667
4237,685 Paukama Katu Suite 86,,Porvoo,Uusimaa,07390,Porvoo,d9303b8a-3508-42d2-bdaa-ad5fd018b355
4238,314 Lasala Katu,,Helsinki,Uusimaa,00600,Helsinki,0811d9d7-fb92-4c0a-afc2-dfa4e34b08b3
4239,1059 Takkula Katu Unit 95,,Helsinki,Uusimaa,00930,Helsinki,cfbe0617-5522-4752-836b-a1695acd0dd3
4240,1078 Vianto Katu Unit 39,,Helsinki,Uusimaa,00440,Helsinki,5c9bc348-148c-41a8-856b-d3bcb88e271d
4241,896 Tervahauta Katu Unit 96,,Espoo,Uusimaa,02980,Espoo,f6a7f7dc-21e1-4c5a-abc3-214dbc4c5e65
4242,624 Salvisto Katu Suite 33,,Lapinjärvi,Uusimaa,07850,Lapinjärvi,f0021b99-6e03-4adb-a2de-49bb2e292c60
4243,981 Harsia Katu,,Helsinki,Uusimaa,00720,Helsinki,af1e71d6-484c-4b61-98c4-122734c688fe
4244,326 Rak Katu Unit 73,,Helsinki,Uusimaa,00170,Helsinki,3ac10a7c-1da1-446c-a72b-fc780fddd28a
4245,539 Salomaa Katu,,Pornainen,Uusimaa,07170,Pornainen,48689088-25b4-49f1-9db7-3024f547501e
4246,988 Risula Katu,,Vantaa,Uusimaa,01510,Vantaa,4ea4f302-fba6-45ae-a596-3a63ff9fac06
4247,136 Viuhko Katu Suite 99,,Lohja,Uusimaa,09120,Lohja,d2d6b65b-c1df-4644-8ea3-7cc9b95acee9
4248,1037 Rapinoja Katu,,Lohja,Uusimaa,03850,Lohja,2ffd2e09-90f4-4da3-b1d8-dd917b8ef5d0
4249,955 Kapiainen Katu,,Helsinki,Uusimaa,00270,Helsinki,08be7d45-1d65-4476-8c2e-976fd77325cd
4250,510 Kaitosalmi Katu Apt 80,,Vantaa,Uusimaa,01680,Vantaa,a7ff892e-35a3-425f-8b34-88038993da48
4251,483 Länsipuro Katu,,Kirkkonummi,Uusimaa,02400,Kirkkonummi,16d7f66c-8ae7-48b2-bc04-baf1eac64981
4252,321 Höyssä Katu Apt 23,,Espoo,Uusimaa,02100,Espoo,306cc926-4d01-42cb-b439-81c186aaf470
4253,135 Pyttynen Katu,,Helsinki,Uusimaa,00560,Helsinki,571f0ebd-7bd9-4929-ade7-06e7003985e8
4254,121 Pöyskö Katu,,Helsinki,Uusimaa,00210,Helsinki,fed1e6c2-7215-4632-b004-9c38f10f60ab
4255,647 Venermo Katu Unit 18,,Mäntsälä,Uusimaa,04630,Mäntsälä,2f20fcd8-8a45-439e-bbda-216255facd9c
4256,908 Haimakainen Katu Apt 58,,Helsinki,Uusimaa,00560,Helsinki,790897e1-c0ea-4553-8855-90fa7f192ea6
4257,929 Lankia Katu,,Hyvinkää,Uusimaa,05830,Hyvinkää,b564bdfb-bf3e-453c-a20d-bd1585b8c2c2
4258,118 Yläranta Katu Suite 54,,Lohja,Uusimaa,08480,Lohja,e2ae0379-224a-419d-a2ce-1a9eb236e12a
4259,630 Larma Katu,,Vantaa,Uusimaa,01660,Vantaa,0cae7551-e20d-4301-9a59-861117d1df61
4260,746 Junnila Katu Unit 44,,Porvoo,Uusimaa,06100,Porvoo,e0f8079f-efa9-4c15-9406-09a4f02b4c2d
4261,278 Pajakoski Katu,,Helsinki,Uusimaa,00200,Helsinki,6b0857e5-67d9-4dfc-a93d-5290352aec7f
4262,787 Lyytinen Katu,,Vantaa,Uusimaa,01480,Vantaa,da7ab4a5-0ab2-4b90-8809-c9fcea403605
4263,757 Kuja-Penttilä Katu,,Helsinki,Uusimaa,00660,Helsinki,628c9d34-0991-4f9a-b61d-46e165a5e570
4264,142 Jungell Katu Unit 84,,Porvoo,Uusimaa,07110,Porvoo,bc6c0356-4e2f-4e19-a81e-7952500dccaa
4265,694 Salmiosalo Katu Apt 32,,Espoo,Uusimaa,02630,Espoo,59df3798-798b-4524-a863-bc3bc7800171
4266,755 Ullberg Katu,,Kerava,Uusimaa,04230,Kerava,f8cb36b8-cd5f-45a4-9f41-460f284184ea
4267,362 Olsoni Katu,,Järvenpää,Uusimaa,04420,Järvenpää,6eac41d4-eae9-4c77-a62d-e336b7df4d4f
4268,696 Vanhahonko Katu,,Espoo,Uusimaa,02680,Espoo,9dadc8d0-e96a-4130-ab84-6a5c4182ea79
4269,1075 Tuokkola Katu Apt 59,,Helsinki,Uusimaa,00380,Helsinki,40f7745e-68d6-4ac4-a00c-d0382501a7b0
4270,376 Patrikka Katu Suite 13,,Helsinki,Uusimaa,00440,Helsinki,8cc1786b-f678-45b7-874f-6eb88071e3e6
4271,296 Warpenius Katu,,Vantaa,Uusimaa,01630,Vantaa,cdb7280a-0d8e-41d2-b488-dcb1b9edad64
4272,1014 Koivukoski Katu,,Helsinki,Uusimaa,00420,Helsinki,bcd90ef9-d06b-4110-9310-ca53b0c35aeb
4273,872 Karlsson Katu,,Espoo,Uusimaa,02340,Espoo,c54917d6-7c0d-4169-93b7-cc9565c4b73e
4274,769 Damstén Katu Suite 52,,Kirkkonummi,Uusimaa,02390,Kirkkonummi,af85feec-ce37-4e1d-a7fc-b37b15d660be
4275,120 König Katu,,Helsinki,Uusimaa,00960,Helsinki,57d8279d-1c4d-4699-bab6-733999032549
4276,475 Mäkiö Katu,,Tuusula,Uusimaa,04360,Tuusula,51fa7940-651a-4f5c-b840-a4d152084f1b
4277,786 Vahteri Katu Unit 34,,Helsinki,Uusimaa,00530,Helsinki,b59352e1-91e9-4c0e-836e-cc0d6b1bddde
4278,646 Tahkokallio Katu,,Espoo,Uusimaa,02650,Espoo,8cbb14cc-0165-43ac-8837-0e7710f136ff
4279,630 Bågman Katu,,Espoo,Uusimaa,02610,Espoo,0f800170-e9d9-4b64-a8d2-3111a710da7e
4280,605 Kotiniemi Katu,,Helsinki,Uusimaa,00370,Helsinki,7bcefc7f-338f-46df-817f-2ad4b9a86dab
4281,502 Sakara Katu Apt 25,,Helsinki,Uusimaa,00970,Helsinki,28541717-e8f1-466e-9ab9-492aec702e19
4282,1068 Renström Katu Unit 58,,Kerava,Uusimaa,04220,Kerava,53eb6e34-d037-474b-80ce-74bfa6ac5e8a
4283,945 Rezaei Katu,,Lohja,Uusimaa,08350,Lohja,6566ea4b-6a98-41e5-9a19-dee2043994d7
4284,472 Eilo Katu,,Järvenpää,Uusimaa,04440,Järvenpää,2ee7bccd-9e5a-417d-a014-d9ea082a49cd
4285,712 Puukko Katu Unit 26,,Helsinki,Uusimaa,00670,Helsinki,dfe2e1d5-e388-4a0a-9806-99cd92dd5488
4286,325 Rantataro Katu,,Helsinki,Uusimaa,00370,Helsinki,31dce47b-db1c-40c7-8d6c-1528d342a201
4287,753 Ilpala Katu,,Helsinki,Uusimaa,00920,Helsinki,f1b5dfd2-b78d-4903-a3b1-7da0cb7620f2
4288,850 Rahola Katu Suite 15,,Vantaa,Uusimaa,01260,Vantaa,858fe767-5654-4c29-b8c7-1a2178d838c5
4289,404 Gull Katu,,Helsinki,Uusimaa,00610,Helsinki,af12a2b2-c80b-42bf-9ca1-2429ab249a88
4290,643 Vuorilahti Katu Unit 73,,Helsinki,Uusimaa,00260,Helsinki,c5945b33-8ae7-4484-8f41-f6c22b23d36c
4291,389 Maininki Katu Unit 81,,Helsinki,Uusimaa,00530,Helsinki,f790bcd9-6bee-490e-948a-8759ddb4fd45
4292,317 Salenius Katu Unit 98,,Espoo,Uusimaa,02770,Espoo,ff5ea0b6-63e6-45ec-88d2-361dbffbc586
4293,252 Savolahti Katu,,Helsinki,Uusimaa,00350,Helsinki,511254e1-8446-4df7-9471-521b54d7da44
4294,302 Sarelin Katu,,Helsinki,Uusimaa,00550,Helsinki,7dc02e37-c4e2-4ba2-87f3-b87a740db0bd
4295,890 Lapinjoki Katu,,Vantaa,Uusimaa,01720,Vantaa,b15611ec-e563-4e20-8405-045a92469812
4296,121 Nybyggar Katu Unit 44,,Helsinki,Uusimaa,00690,Helsinki,4e811270-e999-4919-9967-ddbb207069b2
4297,978 Koppala Katu,,Tuusula,Uusimaa,05430,Tuusula,8bd098d0-1c91-49d8-a84c-2b99c30f5d7c
4298,612 Keinänen Katu,,Helsinki,Uusimaa,00230,Helsinki,12b0fd29-9869-41e4-8330-99a6d33ca53f
4299,355 Mod Katu,,Tuusula,Uusimaa,04320,Tuusula,066920f0-cc3b-49ac-8398-b564566157ec
4300,184 Furman Katu Suite 11,,Helsinki,Uusimaa,00900,Helsinki,aef62695-2f33-4d51-a228-3620d46397e6
4301,410 Kaslin Katu Apt 21,,Järvenpää,Uusimaa,04460,Järvenpää,81dba1d6-ccb2-44dc-ab83-0fbc600dd88c
4302,312 Mäkihonko Katu,,Tuusula,Uusimaa,04380,Tuusula,d3aa8f3a-84cc-427c-b9b0-ea61de1dca48
4303,928 Aspvik Katu Suite 30,,Lohja,Uusimaa,09520,Lohja,83e6686b-f170-422f-9b8a-b0e85c0d28df
4304,660 Jallinoja Katu Suite 32,,Kauniainen,Uusimaa,02700,Kauniainen,eee776f1-4af1-4f15-9bd4-055e4ae85bb4
4305,131 Ruuth Katu,,Vantaa,Uusimaa,01730,Vantaa,85f97d17-a653-4981-aab5-de7f6cc12fdc
4306,791 Keinonen Katu,,Espoo,Uusimaa,02130,Espoo,a14cd3c9-26c4-4e7e-8633-c75ee4c71e80
4307,678 Peräsarka Katu,,Nurmijärvi,Uusimaa,01940,Nurmijärvi,370cb4a8-130a-4401-b327-5f03a45b036f
4308,336 Maunumäki Katu Apt 90,,Vantaa,Uusimaa,01340,Vantaa,32637182-075f-4b29-a689-efc5e622d65c
4309,686 Haukkovaara Katu Apt 11,,Espoo,Uusimaa,02770,Espoo,06ebd6db-0c5e-4156-8ebd-fe0f94ca6f1a
4310,483 Kallström Katu,,Raasepori,Uusimaa,10360,Raasepori,5017a27f-22ac-41b0-8592-161577ccae14
4311,685 Kankaristo Katu,,Raasepori,Uusimaa,10320,Raasepori,e0cf489b-6cbc-4116-b1d8-1ce4b7867acd
4312,398 Vanhanen Katu Apt 27,,Helsinki,Uusimaa,00670,Helsinki,db89b2c3-7eaa-456a-983d-df7cb587f4e5
4313,1091 Sippu Katu Apt 72,,Vantaa,Uusimaa,01390,Vantaa,066d9186-f3c3-4d94-8371-5f023e5254f8
4314,594 Väätti Katu Unit 93,,Loviisa,Uusimaa,07740,Loviisa,e451fd02-dd29-4731-86a9-c01903e1210d
4315,673 Kapulainen Katu,,Vantaa,Uusimaa,01710,Vantaa,1eba5397-c49c-4910-8374-8d0f8ad19b0a
4316,661 Könnölä Katu Unit 44,,Helsinki,Uusimaa,00190,Helsinki,fa4a94da-45a9-4ded-b99e-b905fa6a5b95
4317,683 Akiola Katu,,Espoo,Uusimaa,02630,Espoo,494f52ef-4ebd-4299-8f84-8eae48d95ddd
4318,610 Engsbo Katu,,Espoo,Uusimaa,02280,Espoo,9aecadce-0515-434b-845a-48308d436771
4319,320 Stormi Katu Apt 30,,Helsinki,Uusimaa,00140,Helsinki,db007cad-b15c-402a-8ae4-6ef5b5c07660
4320,710 Valento Katu,,Helsinki,Uusimaa,00510,Helsinki,090f2dbf-c53a-413e-bc5c-5b54045b984a
4321,736 Kettumäki Katu,,Espoo,Uusimaa,02360,Espoo,3444877d-2f01-4f17-9b2f-03dd6b82d29c
4322,416 Viirimäki Katu Suite 38,,Siuntio,Uusimaa,02580,Siuntio,75ad6dcc-6b90-4bc2-b57c-9a4052c9f304
4323,235 Vehma Katu,,Helsinki,Uusimaa,00850,Helsinki,526651c1-bf5c-49e6-a682-25bbf7a32380
4324,794 Vähätalo Katu Unit 4,,Vantaa,Uusimaa,01670,Vantaa,5cede156-14cc-4af7-bb68-55aaa13191c8
4325,1030 Pulkkila Katu,,Helsinki,Uusimaa,00600,Helsinki,155da90d-5df6-45c4-80e4-f11145f9a326
4326,140 Wuollet Katu Suite 90,,Tuusula,Uusimaa,04300,Tuusula,a440f2f5-d2d9-43f5-9e11-6fb1424590d7
4327,239 Ristioja Katu,,Vantaa,Uusimaa,01660,Vantaa,d441b165-4921-4efb-8f66-2f385563d112
4328,977 Tekkala Katu,,Loviisa,Uusimaa,07740,Loviisa,05c9c782-99e3-4cc2-b5b3-7d215633d4cd
4329,422 Korolainen Katu Apt 63,,Helsinki,Uusimaa,00320,Helsinki,daed4f74-74be-4206-b46a-0ba2691a9944
4330,349 Korvenranta Katu,,Helsinki,Uusimaa,00400,Helsinki,546bca4b-ca89-411d-86d8-6a3a83f93b6a
4331,899 Huostila Katu Unit 8,,Helsinki,Uusimaa,00710,Helsinki,568ab06c-0033-4440-86f8-524e4fa1d350
4332,1020 Pereira Katu,,Helsinki,Uusimaa,00420,Helsinki,98f716ad-5ae4-4617-b6f5-d4f4e0da8ac7
4333,487 Keveri Katu,,Siuntio,Uusimaa,02580,Siuntio,1bdcc0bc-6ed8-4f26-bf75-c14fb7981999
4334,783 Heurlin Katu,,Helsinki,Uusimaa,00600,Helsinki,c0f2af1a-ae15-4ab1-bd29-731823e61260
4335,824 Tiihala Katu,,Helsinki,Uusimaa,00600,Helsinki,23231f08-0231-42e5-ac64-46a53e6ac7b2
