person_id,gender_concept_id,year_of_birth,month_of_birth,day_of_birth,birth_datetime,race_concept_id,ethnicity_concept_id,location_id,provider_id,care_site_id,person_source_value,gender_source_value,gender_source_concept_id,race_source_value,race_source_concept_id,ethnicity_source_value,ethnicity_source_concept_id
4233,8532,2011,3,16,,8527,0,4233,,,4ee095a8-aa02-4b89-80ca-a7362e373044,F,0,white,0,nonhispanic,0
4234,8532,2014,1,27,,8527,0,4234,,,64394e37-0f0d-41cd-93ff-d2bd24134b68,F,0,white,0,nonhispanic,0
4235,8532,1996,8,2,,8527,0,4235,,,215fe086-d9e4-4edd-9202-411e9c17ab10,F,0,white,0,nonhispanic,0
4236,8507,1995,1,5,,8527,0,4236,,,b31ab976-accc-4030-a502-d38b4833d667,M,0,white,0,nonhispanic,0
4237,8532,1985,4,6,,8527,0,4237,,,d9303b8a-3508-42d2-bdaa-ad5fd018b355,F,0,white,0,nonhispanic,0
4238,8507,1977,4,8,,8527,0,4238,,,0811d9d7-fb92-4c0a-afc2-dfa4e34b08b3,M,0,white,0,nonhispanic,0
4239,8507,1990,5,10,,8527,0,4239,,,cfbe0617-5522-4752-836b-a1695acd0dd3,M,0,white,0,nonhispanic,0
4240,8532,1993,3,8,,8527,0,4240,,,5c9bc348-148c-41a8-856b-d3bcb88e271d,F,0,white,0,nonhispanic,0
4241,8507,1978,10,16,,8527,0,4241,,,f6a7f7dc-21e1-4c5a-abc3-214dbc4c5e65,M,0,white,0,nonhispanic,0
4242,8532,1959,8,26,,8527,0,4242,,,f0021b99-6e03-4adb-a2de-49bb2e292c60,F,0,white,0,nonhispanic,0
4243,8507,1992,9,21,,8527,0,4243,,,af1e71d6-484c-4b61-98c4-122734c688fe,M,0,white,0,nonhispanic,0
4244,8532,1950,5,5,,8527,0,4244,,,3ac10a7c-1da1-446c-a72b-fc780fddd28a,F,0,white,0,nonhispanic,0
4245,8532,1993,8,19,,8527,0,4245,,,48689088-25b4-49f1-9db7-3024f547501e,F,0,white,0,nonhispanic,0
4246,8532,2000,5,27,,8527,0,4246,,,4ea4f302-fba6-45ae-a596-3a63ff9fac06,F,0,white,0,nonhispanic,0
4247,8507,1972,5,25,,8527,0,4247,,,d2d6b65b-c1df-4644-8ea3-7cc9b95acee9,M,0,white,0,nonhispanic,0
4248,8507,1990,1,14,,8527,0,4248,,,2ffd2e09-90f4-4da3-b1d8-dd917b8ef5d0,M,0,white,0,nonhispanic,0
4249,8532,1985,4,7,,8527,0,4249,,,08be7d45-1d65-4476-8c2e-976fd77325cd,F,0,white,0,nonhispanic,0
4250,8532,2004,10,21,,8527,0,4250,,,a7ff892e-35a3-425f-8b34-88038993da48,F,0,white,0,nonhispanic,0
4251,8507,1992,3,16,,8527,0,4251,,,16d7f66c-8ae7-48b2-bc04-baf1eac64981,M,0,white,0,nonhispanic,0
4252,8532,1956,7,29,,8527,0,4252,,,306cc926-4d01-42cb-b439-81c186aaf470,F,0,white,0,nonhispanic,0
4253,8507,2008,11,16,,8527,0,4253,,,571f0ebd-7bd9-4929-ade7-06e7003985e8,M,0,white,0,nonhispanic,0
4254,8507,1992,11,20,,8527,0,4254,,,fed1e6c2-7215-4632-b004-9c38f10f60ab,M,0,white,0,nonhispanic,0
4255,8532,1971,7,21,,8527,0,4255,,,2f20fcd8-8a45-439e-bbda-216255facd9c,F,0,white,0,nonhispanic,0
4256,8532,2017,6,13,,8527,0,4256,,,790897e1-c0ea-4553-8855-90fa7f192ea6,F,0,white,0,nonhispanic,0
4257,8507,1971,1,7,,8527,0,4257,,,b564bdfb-bf3e-453c-a20d-bd1585b8c2c2,M,0,white,0,nonhispanic,0
4258,8507,1972,5,25,,8527,0,4258,,,e2ae0379-224a-419d-a2ce-1a9eb236e12a,M,0,white,0,nonhispanic,0
4259,8532,2012,5,1,,8527,0,4259,,,0cae7551-e20d-4301-9a59-861117d1df61,F,0,white,0,nonhispanic,0
4260,8532,1981,8,21,,8527,0,4260,,,e0f8079f-efa9-4c15-9406-09a4f02b4c2d,F,0,white,0,nonhispanic,0
4261,8507,2010,4,10,,8527,0,4261,,,6b0857e5-67d9-4dfc-a93d-5290352aec7f,M,0,white,0,nonhispanic,0
4262,8532,1959,3,24,,8527,0,4262,,,da7ab4a5-0ab2-4b90-8809-c9fcea403605,F,0,white,0,nonhispanic,0
4263,8507,2006,12,21,,8527,0,4263,,,628c9d34-0991-4f9a-b61d-46e165a5e570,M,0,white,0,nonhispanic,0
4264,8507,2009,7,25,,8527,0,4264,,,bc6c0356-4e2f-4e19-a81e-7952500dccaa,M,0,white,0,nonhispanic,0
4265,8507,2009,10,11,,8527,0,4265,,,59df3798-798b-4524-a863-bc3bc7800171,M,0,white,0,nonhispanic,0
4266,8532,1967,8,9,,8527,0,4266,,,f8cb36b8-cd5f-45a4-9f41-460f284184ea,F,0,white,0,nonhispanic,0
4267,8507,1979,3,22,,8527,0,4267,,,6eac41d4-eae9-4c77-a62d-e336b7df4d4f,M,0,white,0,nonhispanic,0
4268,8532,1981,12,12,,8527,0,4268,,,9dadc8d0-e96a-4130-ab84-6a5c4182ea79,F,0,white,0,nonhispanic,0
4269,8507,1971,2,23,,8527,0,4269,,,40f7745e-68d6-4ac4-a00c-d0382501a7b0,M,0,white,0,nonhispanic,0
4270,8507,1945,1,2,,8527,0,4270,,,8cc1786b-f678-45b7-874f-6eb88071e3e6,M,0,white,0,nonhispanic,0
4271,8532,1982,6,16,,8527,0,4271,,,cdb7280a-0d8e-41d2-b488-dcb1b9edad64,F,0,white,0,nonhispanic,0
4272,8532,1965,10,7,,8527,0,4272,,,bcd90ef9-d06b-4110-9310-ca53b0c35aeb,F,0,white,0,nonhispanic,0
4273,8507,1982,3,19,,8527,0,4273,,,c54917d6-7c0d-4169-93b7-cc9565c4b73e,M,0,white,0,nonhispanic,0
4274,8532,1947,1,25,,8527,0,4274,,,af85feec-ce37-4e1d-a7fc-b37b15d660be,F,0,white,0,nonhispanic,0
4275,8507,1970,10,30,,8527,0,4275,,,57d8279d-1c4d-4699-bab6-733999032549,M,0,white,0,nonhispanic,0
4276,8532,1972,10,10,,8527,0,4276,,,51fa7940-651a-4f5c-b840-a4d152084f1b,F,0,white,0,nonhispanic,0
4277,8507,1937,4,4,,8527,0,4277,,,b59352e1-91e9-4c0e-836e-cc0d6b1bddde,M,0,white,0,nonhispanic,0
4278,8532,1998,12,24,,8527,0,4278,,,8cbb14cc-0165-43ac-8837-0e7710f136ff,F,0,white,0,nonhispanic,0
4279,8532,2005,4,4,,8527,0,4279,,,0f800170-e9d9-4b64-a8d2-3111a710da7e,F,0,white,0,nonhispanic,0
4280,8532,2018,2,27,,8527,0,4280,,,7bcefc7f-338f-46df-817f-2ad4b9a86dab,F,0,white,0,nonhispanic,0
4281,8532,2009,9,22,,8527,0,4281,,,28541717-e8f1-466e-9ab9-492aec702e19,F,0,white,0,nonhispanic,0
4282,8507,1950,4,20,,8527,0,4282,,,53eb6e34-d037-474b-80ce-74bfa6ac5e8a,M,0,white,0,nonhispanic,0
4283,8532,1974,9,25,,8527,0,4283,,,6566ea4b-6a98-41e5-9a19-dee2043994d7,F,0,white,0,nonhispanic,0
4284,8532,1951,8,7,,8527,0,4284,,,2ee7bccd-9e5a-417d-a014-d9ea082a49cd,F,0,white,0,nonhispanic,0
4285,8532,1991,9,3,,8527,0,4285,,,dfe2e1d5-e388-4a0a-9806-99cd92dd5488,F,0,white,0,nonhispanic,0
4286,8532,1977,12,1,,8527,0,4286,,,31dce47b-db1c-40c7-8d6c-1528d342a201,F,0,white,0,nonhispanic,0
4287,8532,1979,11,19,,8527,0,4287,,,f1b5dfd2-b78d-4903-a3b1-7da0cb7620f2,F,0,white,0,nonhispanic,0
4288,8532,1970,9,14,,8527,0,4288,,,858fe767-5654-4c29-b8c7-1a2178d838c5,F,0,white,0,nonhispanic,0
4289,8507,1943,11,17,,8527,0,4289,,,af12a2b2-c80b-42bf-9ca1-2429ab249a88,M,0,white,0,nonhispanic,0
4290,8507,1992,8,27,,8527,0,4290,,,c5945b33-8ae7-4484-8f41-f6c22b23d36c,M,0,white,0,nonhispanic,0
4291,8507,1986,9,27,,8527,0,4291,,,f790bcd9-6bee-490e-948a-8759ddb4fd45,M,0,white,0,nonhispanic,0
4292,8507,2016,6,13,,8527,0,4292,,,ff5ea0b6-63e6-45ec-88d2-361dbffbc586,M,0,white,0,nonhispanic,0
4293,8532,1968,1,15,,8527,0,4293,,,511254e1-8446-4df7-9471-521b54d7da44,F,0,white,0,nonhispanic,0
4294,8507,1997,3,13,,8527,0,4294,,,7dc02e37-c4e2-4ba2-87f3-b87a740db0bd,M,0,white,0,nonhispanic,0
4295,8507,1960,3,23,,8527,0,4295,,,b15611ec-e563-4e20-8405-045a92469812,M,0,white,0,nonhispanic,0
4296,8507,1985,1,5,,8527,0,4296,,,4e811270-e999-4919-9967-ddbb207069b2,M,0,white,0,nonhispanic,0
4297,8507,1934,7,19,,8527,0,4297,,,8bd098d0-1c91-49d8-a84c-2b99c30f5d7c,M,0,white,0,nonhispanic,0
4298,8532,1977,3,23,,8527,0,4298,,,12b0fd29-9869-41e4-8330-99a6d33ca53f,F,0,white,0,nonhispanic,0
4299,8532,1963,4,2,,8527,0,4299,,,066920f0-cc3b-49ac-8398-b564566157ec,F,0,white,0,nonhispanic,0
4300,8532,1985,6,30,,8527,0,4300,,,aef62695-2f33-4d51-a228-3620d46397e6,F,0,white,0,nonhispanic,0
4301,8532,1980,6,27,,8527,0,4301,,,81dba1d6-ccb2-44dc-ab83-0fbc600dd88c,F,0,white,0,nonhispanic,0
4302,8532,1962,1,15,,8527,0,4302,,,d3aa8f3a-84cc-427c-b9b0-ea61de1dca48,F,0,white,0,nonhispanic,0
4303,8532,2006,5,2,,8527,0,4303,,,83e6686b-f170-422f-9b8a-b0e85c0d28df,F,0,white,0,nonhispanic,0
4304,8507,2002,6,30,,8527,0,4304,,,eee776f1-4af1-4f15-9bd4-055e4ae85bb4,M,0,white,0,nonhispanic,0
4305,8507,2004,12,26,,8527,0,4305,,,85f97d17-a653-4981-aab5-de7f6cc12fdc,M,0,white,0,nonhispanic,0
4306,8507,1969,4,21,,8527,0,4306,,,a14cd3c9-26c4-4e7e-8633-c75ee4c71e80,M,0,white,0,nonhispanic,0
4307,8532,2004,10,10,,8527,0,4307,,,370cb4a8-130a-4401-b327-5f03a45b036f,F,0,white,0,nonhispanic,0
4308,8507,2016,7,4,,8527,0,4308,,,32637182-075f-4b29-a689-efc5e622d65c,M,0,white,0,nonhispanic,0
4309,8532,1936,1,5,,8527,0,4309,,,06ebd6db-0c5e-4156-8ebd-fe0f94ca6f1a,F,0,white,0,nonhispanic,0
4310,8507,2004,2,8,,8527,0,4310,,,5017a27f-22ac-41b0-8592-161577ccae14,M,0,white,0,nonhispanic,0
4311,8532,1954,11,17,,8527,0,4311,,,e0cf489b-6cbc-4116-b1d8-1ce4b7867acd,F,0,white,0,nonhispanic,0
4312,8532,2005,5,3,,8527,0,4312,,,db89b2c3-7eaa-456a-983d-df7cb587f4e5,F,0,white,0,nonhispanic,0
4313,8532,1990,11,28,,8527,0,4313,,,066d9186-f3c3-4d94-8371-5f023e5254f8,F,0,white,0,nonhispanic,0
4314,8507,1959,5,17,,8527,0,4314,,,e451fd02-dd29-4731-86a9-c01903e1210d,M,0,white,0,nonhispanic,0
4315,8532,1997,6,22,,8527,0,4315,,,1eba5397-c49c-4910-8374-8d0f8ad19b0a,F,0,white,0,nonhispanic,0
4316,8532,2018,11,3,,8527,0,4316,,,fa4a94da-45a9-4ded-b99e-b905fa6a5b95,F,0,white,0,nonhispanic,0
4317,8532,1967,7,3,,8527,0,4317,,,494f52ef-4ebd-4299-8f84-8eae48d95ddd,F,0,white,0,nonhispanic,0
4318,8532,1991,11,5,,8527,0,4318,,,9aecadce-0515-434b-845a-48308d436771,F,0,white,0,nonhispanic,0
4319,8532,1967,3,21,,8527,0,4319,,,db007cad-b15c-402a-8ae4-6ef5b5c07660,F,0,white,0,nonhispanic,0
4320,8507,1969,8,26,,8527,0,4320,,,090f2dbf-c53a-413e-bc5c-5b54045b984a,M,0,white,0,nonhispanic,0
4321,8507,1990,3,29,,8527,0,4321,,,3444877d-2f01-4f17-9b2f-03dd6b82d29c,M,0,white,0,nonhispanic,0
4322,8507,1936,10,13,,8527,0,4322,,,75ad6dcc-6b90-4bc2-b57c-9a4052c9f304,M,0,white,0,nonhispanic,0
4323,8532,1961,12,25,,8527,0,4323,,,526651c1-bf5c-49e6-a682-25bbf7a32380,F,0,white,0,nonhispanic,0
4324,8507,1964,3,20,,8527,0,4324,,,5cede156-14cc-4af7-bb68-55aaa13191c8,M,0,white,0,nonhispanic,0
4325,8532,2016,6,17,,8527,0,4325,,,155da90d-5df6-45c4-80e4-f11145f9a326,F,0,white,0,nonhispanic,0
4326,8532,1972,4,15,,8527,0,4326,,,a440f2f5-d2d9-43f5-9e11-6fb1424590d7,F,0,white,0,nonhispanic,0
4327,8532,2014,8,26,,8527,0,4327,,,d441b165-4921-4efb-8f66-2f385563d112,F,0,white,0,nonhispanic,0
4328,8532,1926,1,23,,8527,0,4328,,,05c9c782-99e3-4cc2-b5b3-7d215633d4cd,F,0,white,0,nonhispanic,0
4329,8532,1990,6,21,,8527,0,4329,,,daed4f74-74be-4206-b46a-0ba2691a9944,F,0,white,0,nonhispanic,0
4330,8507,1947,12,17,,8527,0,4330,,,546bca4b-ca89-411d-86d8-6a3a83f93b6a,M,0,white,0,nonhispanic,0
4331,8507,1969,8,26,,8527,0,4331,,,568ab06c-0033-4440-86f8-524e4fa1d350,M,0,white,0,nonhispanic,0
4332,8507,1976,2,1,,8527,0,4332,,,98f716ad-5ae4-4617-b6f5-d4f4e0da8ac7,M,0,white,0,nonhispanic,0
4333,8507,1936,10,13,,8527,0,4333,,,1bdcc0bc-6ed8-4f26-bf75-c14fb7981999,M,0,white,0,nonhispanic,0
4334,8532,1941,11,8,,8527,0,4334,,,c0f2af1a-ae15-4ab1-bd29-731823e61260,F,0,white,0,nonhispanic,0
4335,8532,1951,7,18,,8527,0,4335,,,23231f08-0231-42e5-ac64-46a53e6ac7b2,F,0,white,0,nonhispanic,0
