location_id,address_1,address_2,city,state,zip,county,location_source_value
3000,874 Kalilainen Katu,,Karkkila,Uusimaa,03710,Karkkila,176f052b-7433-4c09-972c-58134b47cd97
3001,714 Saarento Katu,,Vantaa,Uusimaa,01710,Vantaa,2445f20d-18de-4adb-8fdf-033005c4479e
3002,682 Sonkajärvi Katu,,Helsinki,Uusimaa,00970,Helsinki,4e67ac53-1039-4f9e-a56a-aa885207ee04
3003,954 Guseff Katu,,Helsinki,Uusimaa,00400,Helsinki,6d7af9c3-9207-4747-bb63-02757521e92d
3004,315 Lundstedt Katu Suite 39,,Helsinki,Uusimaa,00190,Helsinki,74b79379-d6d8-4874-a429-f02ffeac45b9
3005,697 Verkkosaari Katu,,Pornainen,Uusimaa,07150,Pornainen,6dd3f6e9-ca70-4064-81aa-ca11826effff
3006,261 Kortela Katu Apt 9,,Järvenpää,Uusimaa,04430,Järvenpää,0dcbab2b-49bc-4c9f-9523-6a793b9c7126
3007,1046 Näsman Katu Unit 60,,Helsinki,Uusimaa,00500,Helsinki,d826f1f6-988f-4422-9802-8f70d4c49e9d
3008,632 Ekblad Katu,,Helsinki,Uusimaa,00300,Helsinki,8b122203-9437-4b6e-9ba9-b7ea058a2476
3009,939 Suosilta Katu Unit 73,,Järvenpää,Uusimaa,04410,Järvenpää,a3a2e934-3f1d-4b12-803a-d3429628aaaa
3010,845 Louhivuori Katu,,Vantaa,Uusimaa,01730,Vantaa,eac08efd-d162-49e6-834b-061bbc31f144
3011,885 Harjumaa Katu,,Vantaa,Uusimaa,01400,Vantaa,d17aef9b-b679-4fab-a272-6211944dec71
3012,176 Hertto Katu,,Helsinki,Uusimaa,00900,Helsinki,9927ca7b-30ab-42d0-843f-b8d388644707
3013,131 Juutilainen Katu,,Hyvinkää,Uusimaa,05800,Hyvinkää,13d22854-9756-4c80-9d49-e7a797843dc6
3014,899 Karhila Katu,,Helsinki,Uusimaa,00330,Helsinki,3def7bd8-e033-4a34-bdc2-4286b70ad156
3015,715 Hillo Katu,,Espoo,Uusimaa,02600,Espoo,bec941cf-5951-4e96-893c-4156c5ed1c0b
3016,776 Änäkkälä Katu Suite 69,,Vantaa,Uusimaa,01490,Vantaa,c7ff12d7-d0d7-4346-832b-5a5c34c640ed
3017,210 Vuoksenturja Katu,,Helsinki,Uusimaa,00330,Helsinki,48b0bf31-348c-4d0a-860f-e761146072b1
3018,499 Valtari Katu Suite 89,,Helsinki,Uusimaa,00780,Helsinki,7b5b34ad-0f4b-4d85-a292-888fa33a4f66
3019,542 Rahkola Katu,,Vantaa,Uusimaa,01610,Vantaa,8e1b814d-5a7e-40ff-9447-a3be69e588d4
3020,945 Olkoniemi Katu,,Porvoo,Uusimaa,07360,Porvoo,f12b5a61-1f9a-45de-adaf-4a6297bd0775
3021,122 Äyräs Katu Apt 72,,Helsinki,Uusimaa,00180,Helsinki,5da25e53-e785-489d-961c-19252559f549
3022,663 Tuomi-Nikula Katu,,Espoo,Uusimaa,02610,Espoo,b4dc7b69-efea-4ae3-9e3d-31896f03da4e
3023,1087 Vainiola Katu Suite 48,,Helsinki,Uusimaa,00340,Helsinki,7a5ebab9-b956-4a13-8bb9-e0aefb5f2e18
3024,785 Valkeajärvi Katu,,Vantaa,Uusimaa,01380,Vantaa,26e96e3c-0864-4282-a6f5-b5a0879d284c
3025,734 Fridman Katu,,Vantaa,Uusimaa,01420,Vantaa,b0b37528-0aaf-4689-8f57-e4f9c3f7c3f8
3026,175 Potkonen Katu,,Vantaa,Uusimaa,01420,Vantaa,4276b4ee-a614-4b50-8869-3a5af0809413
3027,384 Grägg Katu,,Espoo,Uusimaa,02330,Espoo,355888f2-42f7-4eb5-962f-08e7bdaa8481
3028,704 Partiainen Katu Suite 87,,Helsinki,Uusimaa,00810,Helsinki,2e48ccdc-a259-4ff4-9274-f18fe8c12d9f
3029,302 Sjöbacka Katu Apt 76,,Vantaa,Uusimaa,01730,Vantaa,b1ecb738-4016-4713-a1f3-00eeb219ed8b
3030,291 Valima Katu,,Helsinki,Uusimaa,00810,Helsinki,1056530a-0ddd-4ff8-aaa8-b12a91ab08c2
3031,290 Purontaus Katu,,Helsinki,Uusimaa,00320,Helsinki,fa0d06ba-53d5-4049-99af-61f3dfc42940
3032,415 With Katu Unit 91,,Kerava,Uusimaa,04220,Kerava,be82ccf3-84a9-4248-beae-181feaa128cd
3033,956 Mäkitöyli Katu Suite 50,,Tuusula,Uusimaa,04500,Tuusula,350863b4-6792-4c79-810f-22c09acde24b
3034,559 Sumu Katu,,Porvoo,Uusimaa,06530,Porvoo,8778b3fa-ee5f-423a-bf63-a8bde87bf20d
3035,213 Lähdemäki Katu Apt 16,,Espoo,Uusimaa,02290,Espoo,42cf7839-01d4-4c12-84cd-a8ae5a14192d
3036,296 Savikoski Katu Apt 78,,Helsinki,Uusimaa,00430,Helsinki,a6323a67-2c4e-4028-9a7d-8ba49defc5b5
3037,144 Fromholtz Katu Unit 42,,Helsinki,Uusimaa,00820,Helsinki,67e96bc0-3f2c-4e1f-b5f0-bd665f7175db
3038,264 Vittaniemi Katu Apt 81,,Helsinki,Uusimaa,00310,Helsinki,41bfeb49-af6c-4fed-b699-151d4b3d5fbd
3039,936 Attila Katu Apt 42,,Helsinki,Uusimaa,00310,Helsinki,b105a375-b11d-4cf1-a128-2765b3cf92c8
3040,606 Tarima Katu Suite 28,,Helsinki,Uusimaa,00150,Helsinki,020b4347-1858-430e-9a8b-66205488ee86
3041,1066 Majors Katu,,Helsinki,Uusimaa,00940,Helsinki,2bfcbedd-ab2f-4d73-8d7b-b6922e637057
3042,662 Tuhkalainen Katu Unit 55,,Espoo,Uusimaa,02920,Espoo,72acba60-7623-4767-9a18-3d7d2dc73f02
3043,433 Larkio Katu Apt 83,,Helsinki,Uusimaa,00790,Helsinki,9fb1b2a5-b32a-44f8-9e87-ca2dcb818b2d
3044,546 Law Katu,,Helsinki,Uusimaa,00100,Helsinki,fa2ecc75-41be-45f2-aeed-ef871b797b35
3045,231 Talvisalmi Katu,,Helsinki,Uusimaa,00800,Helsinki,8d258770-5524-4291-9906-98e1301444f8
3046,217 Ijas Katu Unit 82,,Järvenpää,Uusimaa,04400,Järvenpää,5fc2e33b-74ec-46f5-a82c-b86c38556612
3047,137 Lillkaas Katu,,Vantaa,Uusimaa,01370,Vantaa,2429ef2d-d0f9-47e3-8ae5-cbb7e111d2ba
3048,113 Charpentier Katu Unit 69,,Helsinki,Uusimaa,00430,Helsinki,c550ac2c-5e1e-4be1-bdce-68bd394cca99
3049,741 Kivari Katu,,Helsinki,Uusimaa,00130,Helsinki,c1d019ef-1e34-4be5-9411-4f603aa3971d
3050,554 Montell Katu,,Porvoo,Uusimaa,07370,Porvoo,98323edc-05f3-4004-a100-6e2fefd8a966
3051,864 Chrons Katu Apt 90,,Helsinki,Uusimaa,00690,Helsinki,13c9afa6-f548-434b-8c18-cba1e3d0ff2e
3052,637 Pilkama Katu Unit 33,,Hanko,Uusimaa,10820,Hanko,80ac9fce-5419-48da-944c-6fd82dd95489
3053,577 Heikinaho Katu Suite 96,,Hyvinkää,Uusimaa,05840,Hyvinkää,02155433-1307-4c17-bda3-8cdac4d2f809
3054,481 Kukkoaho Katu,,Helsinki,Uusimaa,00230,Helsinki,f225b539-ac6e-4260-bfca-272249520b72
3055,407 Wegelius Katu,,Hyvinkää,Uusimaa,05720,Hyvinkää,46de7455-4fba-4b30-9795-0585c1d51eef
3056,451 Kohtalo Katu,,Vantaa,Uusimaa,01690,Vantaa,b5956e8b-8ae0-43ab-ac49-3a544e498690
3057,909 Malms Katu Apt 56,,Helsinki,Uusimaa,00670,Helsinki,8201f214-46ab-4029-9940-ba24990acc91
3058,507 Ivakko Katu Unit 10,,Helsinki,Uusimaa,00550,Helsinki,bd7bc740-ccae-45b9-8b5d-3af30b43b0b9
3059,284 Viertonen Katu Apt 93,,Vantaa,Uusimaa,01280,Vantaa,336a2575-da77-4ca0-80d6-e49642d28f19
3060,543 Vertanen Katu,,Helsinki,Uusimaa,00290,Helsinki,f95ed1ca-d4b8-4b84-ad33-63b903c1a1cf
3061,156 Hirvaskoski Katu Suite 82,,Espoo,Uusimaa,02160,Espoo,379987fa-01c5-4961-a638-e9f2e0aaa5d0
3062,443 Kuutschin Katu,,Vantaa,Uusimaa,01760,Vantaa,6a063c5e-b5f1-4136-b48c-baaccdce2218
3063,658 Tainio Katu Suite 38,,Helsinki,Uusimaa,00960,Helsinki,a84a7a21-0368-45f9-9436-e3300b0949d3
3064,924 Grundvall Katu Suite 11,,Raasepori,Uusimaa,10470,Raasepori,0396e525-dc98-4e17-a180-2d5716041048
3065,774 Yli-Suutala Katu,,Loviisa,Uusimaa,07930,Loviisa,abb97296-768d-43ae-9f59-9a9ed39b6c58
3066,483 Huikkola Katu,,Espoo,Uusimaa,02600,Espoo,e9c379c8-673a-488f-b431-a06d20b9e973
3067,1029 Uppala Katu Unit 41,,Askola,Uusimaa,07580,Askola,a64e91ba-b57c-4e10-9daa-8837bc2b33fd
3068,799 Laukkarinen Katu,,Helsinki,Uusimaa,00520,Helsinki,c74247b9-ed5d-4e35-8c37-9791ea6bf3d2
3069,883 Thurén Katu Suite 65,,Karkkila,Uusimaa,03620,Karkkila,32e31673-67da-4017-b463-58bc48cfa73e
3070,126 Uusihonko Katu Unit 73,,Espoo,Uusimaa,02710,Espoo,9fef0578-9648-4b97-a9cd-01224e03634d
3071,934 Vestervik Katu,,Nurmijärvi,Uusimaa,01940,Nurmijärvi,48d7a429-2809-41cd-9094-d2c87142a6a0
3072,667 Epäilys Katu Suite 90,,Espoo,Uusimaa,02660,Espoo,20ea64ce-cb99-4311-adde-1c8c5cc12712
3073,1077 Julkunen Katu,,Järvenpää,Uusimaa,04420,Järvenpää,caa90456-b098-446b-9282-c5b8cf32e87c
3074,535 Lundman Katu Suite 38,,Lohja,Uusimaa,08680,Lohja,1a478aea-c490-4502-a2fc-9be82689186d
3075,155 Köping Katu,,Espoo,Uusimaa,02610,Espoo,a92e6824-358e-4c25-8cf9-1f4b259e2d50
3076,167 Mäki-Kulmala Katu,,Mäntsälä,Uusimaa,04920,Mäntsälä,2dbfdc60-a2b4-4498-ac74-495b3425b9e9
3077,685 Sorjamaa Katu,,Helsinki,Uusimaa,00890,Helsinki,47fe14f0-ec04-407a-b837-fe32ac7fd4ea
3078,1034 Guldén Katu Suite 82,,Helsinki,Uusimaa,00340,Helsinki,39e39743-2120-46c2-837a-2a6f2f2686df
3079,184 Lohiranta Katu Suite 14,,Raasepori,Uusimaa,10380,Raasepori,c402dd0d-cfce-4811-bb01-d49faee6940e
3080,1093 Larva Katu Suite 43,,Raasepori,Uusimaa,10410,Raasepori,fe483de5-0118-435e-a2ec-543ca71fb060
3081,212 Balk Katu,,Kerava,Uusimaa,04220,Kerava,6ae12c49-f4a6-4069-8d86-6a8f41c27422
3082,667 Maanselkä Katu,,Karkkila,Uusimaa,03600,Karkkila,1c3e45da-ef1c-45ff-ad28-823a72c27e2a
3083,987 Saarits Katu,,Helsinki,Uusimaa,00570,Helsinki,5a359b27-b380-41e2-a490-848584a8abf7
3084,498 Hukkinen Katu Apt 78,,Helsinki,Uusimaa,00700,Helsinki,97c187c9-4adf-450f-810b-d51c9b838255
3085,325 Peteri Katu Unit 53,,Helsinki,Uusimaa,00100,Helsinki,37db4575-6fcd-49a9-a705-5df7c1ff6155
3086,847 Lammintausta Katu,,Kerava,Uusimaa,04200,Kerava,5cd40b24-55f5-4976-b800-a8a7978eda34
3087,415 Rajaveräjä Katu,,Vantaa,Uusimaa,01720,Vantaa,6ebb8ba0-9798-4df8-9131-cbe775a6c9b8
3088,297 Lehtelä Katu Apt 52,,Helsinki,Uusimaa,00910,Helsinki,b191c4e1-6851-4d02-9d57-c922927f68d9
3089,973 Hietapakka Katu Unit 29,,Helsinki,Uusimaa,00900,Helsinki,4cabb5f6-a5c4-447a-be26-58bdada7206b
3090,601 Malleus Katu,,Helsinki,Uusimaa,00920,Helsinki,4235a4a2-cd1b-4c56-8113-81e293caa6ef
3091,243 Telenius Katu Apt 82,,Järvenpää,Uusimaa,04420,Järvenpää,f8aa2d20-3e54-4b28-8326-156c067161fd
3092,118 Yli-Villamo Katu,,Helsinki,Uusimaa,00400,Helsinki,dbb697e8-970e-4986-bc28-4956ca2bb156
3093,1006 Kaukanen Katu,,Tuusula,Uusimaa,04360,Tuusula,9480ba39-245c-4e8f-8d48-1b71e0897493
3094,772 Lähteilä Katu Unit 54,,Espoo,Uusimaa,02250,Espoo,c105cc12-3666-4718-aecf-88156758862c
3095,1096 Alhonmäki Katu Apt 55,,Espoo,Uusimaa,02290,Espoo,a1078988-3f12-4814-b6b8-496593216c76
3096,1056 Arpinen Katu Unit 59,,Helsinki,Uusimaa,00100,Helsinki,ae84b22d-e72b-41d9-9853-5e48fdbc2c36
3097,644 Fetula Katu Unit 11,,Helsinki,Uusimaa,00810,Helsinki,31f637b1-457e-4c07-a9ef-f2e02563291f
3098,261 Silpola Katu Apt 47,,Lohja,Uusimaa,03870,Lohja,54228bd3-8862-42bb-a6d2-6505650a2193
3099,669 Pelttari Katu,,Hyvinkää,Uusimaa,05800,Hyvinkää,f7e521ef-0ff2-41c9-8796-fdeaef349020
3100,383 Uusnäkki Katu Unit 41,,Helsinki,Uusimaa,00620,Helsinki,84e5d143-7905-44eb-9346-2c8fbeb6a4f7
3101,134 Uusi-Autti Katu,,Hyvinkää,Uusimaa,05820,Hyvinkää,349275b0-5f00-4f60-86f2-77be169c282c
