person_id,synthea_patient_id
413,5a99dfd4-3049-47ed-a10a-25e8ecccf6bf
414,1bcf6d56-4e43-42eb-a44e-dec52c98dc20
415,15652f84-3ebf-4ff1-8fbe-7e034ac2b1a5
416,11e68533-3bcc-4007-9e39-20f9b64d02fb
417,73e6ba23-75ca-4c13-8591-56dc6e4c5ac2
418,326c0596-d26c-4688-af7d-643cd4b80f3c
419,2e030a0e-af8d-417b-9cdb-e941d392fd37
420,3d6890b4-6f1c-4fa7-ae15-f7d9c026b021
421,73e2da88-dafa-4a2b-8de0-2f3750b7a6dd
422,05ccc38e-ef5a-4461-a6cd-dcc8c1291a58
423,aa7963ba-0ca1-4790-b144-6a0facce6c8f
424,966037e6-2ac7-483f-b8de-b6e41605734b
425,f6aefec5-14cc-4f5c-a858-047d5aec86ff
426,7f2cfedc-b050-4ce1-a453-dedbdca6564e
427,e27acefb-e48c-4c59-879f-64caddc15e5c
428,68e914d1-2a80-4636-9e08-d5d5246b0560
429,2db9c459-eeb1-4cab-a50e-af225e4a9abd
430,0a4b0876-98c7-47bb-a387-edfe3009cbb9
431,58231f68-3e10-404e-8c95-94aec983d200
432,b0fec3f3-c99e-4d7d-a590-ac71b3de63f6
433,47406f7d-3b18-4442-a0bd-8f3c4c1a31b4
434,cf590cf6-ac70-4f00-87d4-39124ea5b694
435,0dcd5ddf-3a64-46ff-8eae-a17089c5cbe8
436,f53279da-f510-4a92-8efb-9ee1631f0751
437,2b59133d-fe06-4560-aa5e-85465c334b6f
438,928ea815-8939-4b5c-8455-e4fecfc464f2
439,a57bfeff-4039-4dee-bd24-9190c0e403eb
440,68fd86fd-6d50-43ee-b580-37ce7bc6487f
441,42c59bc6-09f4-458a-8327-b18d80941c2f
442,39f406b2-1b97-40c7-9b35-1748e15a52f3
443,fa510bb1-339e-4757-b292-cc426dbd4701
444,9f7711d5-bed2-45dc-ba1b-c77547bee8c8
445,4243cb07-d94f-4a24-9c7a-622d3ed413d8
446,e2b8ad27-6207-4cac-8a6c-3ccc8342671a
447,750a5fd1-d06e-42b3-a642-bd790c87b890
448,996bac0d-c025-4adc-81cd-14752175c23a
449,b3a4cb78-e01a-4673-84bb-24e08c8e9626
450,b294b4d8-735a-450b-a624-806d04f1b590
451,a8fa6903-b986-459f-9b48-7e1ed57c33dc
452,3c70a77f-c06a-4cf6-a999-6234cf013816
453,13038f46-02d2-48d4-99b6-cfd7301ee24c
454,b2fa11c6-9a35-49c4-a154-5b35d66d4d3d
455,6270985f-8e43-4ff4-ac9a-cd271cd89471
456,a485019f-1bdf-4030-a6da-d8f41ca2bb42
457,4e0deb5d-37f6-4712-a9eb-9bbcfb4e16d1
458,c068ba67-9681-41fa-b211-ba4c99671ea4
459,617b9f64-b817-4cd5-8ab1-429f441045fb
460,e5cf68ee-74f0-4ede-bfdb-9f1222b2396c
461,a7138584-ea76-489e-9cab-161fe5de7312
462,ab1a5ee2-0195-4d45-b89a-caadfc4302ee
463,4e80e804-6d1b-4c77-bc74-b704742049d6
464,706f5caf-13e4-46c7-8483-a0837b292821
465,8db3d15f-2be0-4baa-99a4-fae739d36fe9
466,20ff78e9-e277-40c8-b4af-ff28b7c110e1
467,b99fa6e3-6fa4-487a-9db7-e43a0352adc6
468,26543f16-749d-40f8-8e11-9c31aa6a89cc
469,1769d759-0480-4627-bd78-dba72edb7354
470,b4ada774-edc0-4080-aee7-a14558801e46
471,9de2b06e-4273-4d35-b865-134c21b28faa
472,9469fc1b-c055-4abc-9b94-31ce8012d5ae
473,68652c57-a10a-4036-a48c-64cc43e5914b
474,ca8af4b0-4bde-442f-b5d5-cf54add98416
475,e5d7fdb4-9664-4f7c-bc8c-acbfc9a0294c
476,bee2a214-72cc-4a95-b0cd-b3027c1eccd7
477,e7808dac-0c3b-4fae-bb0e-c29bf6f8b400
478,dc2bc53c-5265-4ebb-b4d9-048d01aba8dd
479,ffab0e71-1970-421c-b539-e395c3e2e333
480,9f163ee3-2c4c-4a9f-b9bd-b8f6549530a4
481,694a02e8-00d1-41db-b63d-082e732371db
482,df7dc4f2-f51e-4af6-bcb4-0756c65ea62b
483,f9c899e2-ace1-40e8-b7ea-aebae2929d1b
484,69a8283a-9e8a-4e7d-a166-eeb58d343396
485,89854b83-a46f-4baf-b29e-a45d975272ff
486,1bd09768-59b4-414e-868d-2933b1a89873
487,355c7814-82f8-4dd8-a1c1-28a0b019f199
488,09d1a043-7155-4fff-965b-6821c5db6003
489,3bf53301-9b08-4847-a48d-6f616d43b060
490,35799836-9165-4d73-a863-6c674968082d
491,15231875-ad9e-4af6-b43f-0aa2b337bc6a
492,bab29a05-fcea-4e70-89ce-8bcbaf062330
493,21df276c-cf9e-48fe-a255-4989a9126419
494,8e0b1d8a-f40a-475b-889c-8f84cee6aa16
495,c6b005de-9d50-4f7d-9511-1b6cf00eaf26
496,823d3aba-c94d-4cc1-aaa8-95956b5a674a
497,562b1b9e-55a2-4c7b-a7e9-6831c61968c0
498,72d2768a-8a82-4455-a094-c8d4594b9c19
499,ba92efe8-62db-4eca-b79d-ae0560d65475
500,af074cee-57cb-46de-860a-0d01f31a82cf
501,4f49fb9c-7f32-400d-a9ab-3e5d5edd2dad
502,e805d1d6-f808-4f1a-884a-c2a24895d1e5
503,c434396d-21f7-4f8f-a98a-6147d8d6c8ef
504,0cd143ca-cdb6-4d6b-af9a-0474b4846923
505,d6a0a360-9dd4-47ba-8f2d-5ef56ba89eee
506,add505b6-a597-47f1-9d53-2121ef15fb5f
507,7e8260af-adf2-4b1b-8b48-61560b00d385
508,54c05c0c-9021-42c9-8adf-ca279dc360f3
509,84bc278f-3b46-4597-a96b-7efd080bec81
510,fa80a54c-4e95-4a4e-90c5-aa9d6cdede92
511,2df5ac15-494c-40f4-a1f1-5aa58bc71da4
512,8b1f5548-e60f-46bd-8d1d-54f5f247458f
513,48aa3796-699d-4732-aad1-684fed7194fa
514,c786250d-01f6-4940-8ccb-5e69d2112a8a
515,47651b78-73e7-4014-94a2-964d5c779408
516,48e22a6c-054e-44a1-8a6f-469e6c55195d
