location_id,address_1,address_2,city,state,zip,county,location_source_value
2174,733 Vesimäki Katu Unit 6,,Helsinki,Uusimaa,00410,Helsinki,59cc27ed-f169-4686-94bb-05c19ce7258c
2175,718 Paasolainen Katu,,Helsinki,Uusimaa,00120,Helsinki,657e9d29-d572-42ea-880f-d1aa5d85a900
2176,617 Martinsuo Katu,,Kerava,Uusimaa,04200,Kerava,5499a0eb-73d8-4486-be20-0e9ac1a759a3
2177,1092 Masanen Katu Unit 49,,Pukkila,Uusimaa,07550,Pukkila,d270f0a1-5408-4af8-a27b-ea9b63f9672c
2178,993 Liang Katu Suite 22,,Vantaa,Uusimaa,01610,Vantaa,3762eb85-5b54-44da-932d-f83f44a2df59
2179,267 Häkämies Katu Apt 48,,Helsinki,Uusimaa,00630,Helsinki,036311c3-a7a8-42d6-9e36-591259e8258d
2180,823 Vähä-Savo Katu,,Vantaa,Uusimaa,01260,Vantaa,773ee041-b573-4637-8d66-f4b1cc2eb761
2181,1048 Rikkola Katu Apt 49,,Helsinki,Uusimaa,00580,Helsinki,0b2f5550-b058-41d4-89bb-4af67449c8ba
2182,931 Kaunisvaara Katu Unit 88,,Sipoo,Uusimaa,04240,Sipoo,b3cb9290-14cd-4ead-b026-ef25f1964870
2183,440 Raitmaa Katu,,Helsinki,Uusimaa,00310,Helsinki,a5f52db4-422f-48a3-8dc4-7e7711f0b064
2184,151 Säiläkivi Katu,,Kerava,Uusimaa,04260,Kerava,8dab057c-8199-48fb-abb4-e1c61878810c
2185,232 Handolin Katu Unit 54,,Helsinki,Uusimaa,00880,Helsinki,9a9ba25b-9c29-41a7-b113-d30505dd4f71
2186,504 Alajärvi Katu Suite 17,,Helsinki,Uusimaa,00140,Helsinki,7eb2c8b3-425f-4f1c-9c6e-7abc79863e62
2187,762 Korppila Katu,,Lohja,Uusimaa,08350,Lohja,567b57db-4b91-412b-8341-d497dd112e4e
2188,463 Terva-aho Katu Apt 32,,Helsinki,Uusimaa,00890,Helsinki,17fa6c67-b5e0-449a-aa89-8701d17b5eac
2189,502 Lebeitsuk Katu,,Porvoo,Uusimaa,06200,Porvoo,62959c97-c25c-43f2-a82b-f839c264270c
2190,1050 Jalli Katu Apt 48,,Helsinki,Uusimaa,00990,Helsinki,2aa979e2-bb32-4a18-92c4-25a46d469361
2191,677 Hautajoki Katu Suite 47,,Helsinki,Uusimaa,00560,Helsinki,944f2e5a-0d30-4428-bc23-3289480cb8a2
2192,191 Meisalmi Katu,,Helsinki,Uusimaa,00200,Helsinki,4853c08a-b3ad-4cc7-92e5-8c7dd4e67633
2193,225 Kiljunen Katu Suite 79,,Hyvinkää,Uusimaa,05800,Hyvinkää,50cd3e0d-9941-441d-9032-fe29305bcc25
2194,281 Nivukoski Katu Apt 37,,Helsinki,Uusimaa,00760,Helsinki,e19dc66e-d9ff-4032-9024-f845af3ac33a
2195,463 Alaranta Katu,,Tuusula,Uusimaa,04390,Tuusula,ff45c369-ddaf-496f-806e-be243f05c008
2196,465 Ticklén Katu Unit 47,,Helsinki,Uusimaa,00370,Helsinki,c72b17c5-ebbe-4124-8326-581d6b8e8842
2197,588 Laukkarinen Katu Suite 82,,Helsinki,Uusimaa,00870,Helsinki,6a9a19f5-2706-4917-89f6-8456846acd77
2198,547 Torvikoski Katu Suite 80,,Vantaa,Uusimaa,01620,Vantaa,8d48a306-9e8c-45ca-9405-801b763d438e
2199,1083 Korkiakoski Katu Apt 48,,Vantaa,Uusimaa,01620,Vantaa,c7af3245-7634-4905-bd1f-c1b4a126187b
2200,604 Berry Katu Unit 3,,Espoo,Uusimaa,02680,Espoo,3e2e20ad-7cca-44f0-9544-e02630ad8707
2201,364 Gripenberg Katu,,Helsinki,Uusimaa,00890,Helsinki,865988e9-d851-4729-b46f-3d04b9b9c639
2202,492 Vihtamäki Katu Suite 77,,Helsinki,Uusimaa,00310,Helsinki,d6ab69ea-58b9-4f62-bd42-fad817598894
2203,883 Kupiainen Katu,,Espoo,Uusimaa,02860,Espoo,3f659d8a-79f1-4d3d-b039-eed74d2f27cf
2204,499 Grönfors Katu,,Nurmijärvi,Uusimaa,05200,Nurmijärvi,7f58c83a-493c-4695-a3f4-7fb4a0e23201
2205,858 Ruuhilehto Katu Apt 15,,Espoo,Uusimaa,02180,Espoo,c12ee90d-a641-42e6-b0ff-d0196fb64adc
2206,143 Näätsaari Katu,,Espoo,Uusimaa,02170,Espoo,ca689af2-cf5b-4f42-83ee-2edbc7035a2c
2207,280 Lappi Katu,,Kauniainen,Uusimaa,02700,Kauniainen,0ddecfce-1547-41c1-9710-f8600b7287f0
2208,825 Rotstén Katu Unit 20,,Porvoo,Uusimaa,07110,Porvoo,ae5f934d-5ed9-4528-b368-1013dd391426
2209,826 Matkala Katu,,Loviisa,Uusimaa,07700,Loviisa,55f1ea07-f227-4432-89b3-df62b0a55470
2210,280 Pöysä Katu Unit 68,,Helsinki,Uusimaa,00410,Helsinki,adbc6473-decb-4e47-8d69-bdd23c3e287d
2211,854 Yli-Hynnilä Katu,,Helsinki,Uusimaa,00350,Helsinki,d2f406c9-e8e0-438f-867f-ee3b495c4a23
2212,221 Kavasto Katu Unit 95,,Helsinki,Uusimaa,00500,Helsinki,b059d98e-a095-4558-9ea9-bf633cb553ae
2213,631 Koso Katu Apt 77,,Espoo,Uusimaa,02770,Espoo,8280bcf1-0013-4aeb-8cf7-b6f4d338ace1
2214,631 Kossi Katu,,Helsinki,Uusimaa,00730,Helsinki,c1306f9f-3d35-4cdd-814c-c2f747a6847b
2215,289 Akkoyun Katu Suite 23,,Espoo,Uusimaa,02940,Espoo,73c953b3-2541-4ab5-aeca-c6e700a52bc0
2216,182 Tiisanoja Katu,,Siuntio,Uusimaa,02590,Siuntio,400185a5-ed1b-46e9-8ecf-05deda235550
2217,289 Aksela Katu,,Helsinki,Uusimaa,00300,Helsinki,6af8caf4-eee4-4e05-ba3a-89ea13753892
2218,1020 Holtinkoski Katu,,Tuusula,Uusimaa,04340,Tuusula,3a1abaeb-d5b5-4973-b4b6-507802585e9b
2219,903 Roponen Katu,,Helsinki,Uusimaa,00610,Helsinki,8da1f8e3-6781-47f6-9412-3497eeb662de
2220,474 Lehesvuori Katu Apt 27,,Espoo,Uusimaa,02860,Espoo,663787bf-ac26-41ce-b62c-93a8e354f876
2221,1046 Rehman Katu,,Tuusula,Uusimaa,04500,Tuusula,b6f79101-c23a-46e6-914f-f46256f71ff9
2222,297 Launne Katu,,Kerava,Uusimaa,04220,Kerava,3f14d74f-f5e4-402c-892f-007e615f1b84
2223,164 Taulio Katu Suite 93,,Helsinki,Uusimaa,00510,Helsinki,cc219baa-e2ed-4b9c-80bb-e6b50c9c26c8
2224,235 Tyystälä Katu,,Espoo,Uusimaa,02250,Espoo,4527b795-b92f-4cf4-aed8-fdd75f5a1a68
2225,599 Hienola Katu,,Pornainen,Uusimaa,07170,Pornainen,b5d2315f-8364-4cdf-ad9b-b067a7babe7a
2226,778 Huhtelin Katu Unit 15,,Helsinki,Uusimaa,00640,Helsinki,9a78dfcd-04c8-49ba-87c0-93ca6b51cc0c
2227,678 Mänki Katu Unit 91,,Helsinki,Uusimaa,00700,Helsinki,5978064a-3aa5-4d4a-884b-83b9dced7000
2228,881 Stranius Katu,,Vantaa,Uusimaa,01620,Vantaa,07fd45ca-1f54-42a4-a563-254cfb94311c
2229,168 Perus Katu Apt 92,,Helsinki,Uusimaa,00760,Helsinki,89bbaf6d-ec42-4bf9-8d1f-f1d7efd75a90
2230,439 Laukala Katu Suite 37,,Helsinki,Uusimaa,00720,Helsinki,f2c45a4b-35dd-4c38-91f1-de91098b8f7e
2231,208 Raja Katu Suite 24,,Nurmijärvi,Uusimaa,05450,Nurmijärvi,981830bd-0f28-4503-bc86-5264e21807c4
2232,270 Hörkkö Katu,,Espoo,Uusimaa,02100,Espoo,291d0091-9059-4937-b171-0b4b2aeb145a
2233,117 Hagel Katu Unit 86,,Vantaa,Uusimaa,01630,Vantaa,2b6e5524-42a5-496f-b739-c1fe8e4e7aef
2234,501 Tyrmi Katu,,Espoo,Uusimaa,02820,Espoo,fd63d6d9-d7d8-45ab-b1d1-51d21726a359
2235,591 Högander Katu Unit 81,,Helsinki,Uusimaa,00930,Helsinki,d570a0f1-c0bc-4610-a1b4-e7d2e72af0e1
2236,608 Serguskin Katu Suite 64,,Helsinki,Uusimaa,00360,Helsinki,580127a7-267d-403b-ba09-510ec46c43e2
2237,155 Lumijärvi Katu Apt 63,,Helsinki,Uusimaa,00730,Helsinki,8a4ee05c-112d-4c40-b48c-72b86c84fa1d
2238,156 Kyrönen Katu Suite 41,,Nurmijärvi,Uusimaa,01810,Nurmijärvi,7db80192-030f-48f4-94e7-30a93e74dc79
2239,709 Haarahiltunen Katu,,Helsinki,Uusimaa,00790,Helsinki,209ccc6f-fb19-40f0-9175-5ba199b39dfe
2240,582 Pyrä Katu,,Helsinki,Uusimaa,00700,Helsinki,90cae139-0a72-47d7-8d01-3b0971b96f00
2241,483 Lumppio Katu Apt 71,,Helsinki,Uusimaa,00670,Helsinki,9837c302-1c71-4927-a535-2af8c2b61d46
2242,754 Cook Katu Apt 83,,Helsinki,Uusimaa,00750,Helsinki,6d4ad0b6-21b2-4ae3-b25a-f1f403d8a782
2243,193 Keppola Katu Unit 48,,Espoo,Uusimaa,02770,Espoo,bf3940d7-0cfe-4545-a684-43874e7de89e
2244,942 Rovio Katu,,Helsinki,Uusimaa,00200,Helsinki,205ba75b-ff67-453c-ba45-d6370720dabc
2245,556 Forsgård Katu,,Espoo,Uusimaa,02620,Espoo,a17f7215-87b7-4a45-87df-cc684a358cfa
2246,552 Al-Essa Katu,,Järvenpää,Uusimaa,04400,Järvenpää,882597fc-0129-4c2c-ab18-d9b3fa3e828d
2247,669 Maajärvi Katu,,Helsinki,Uusimaa,00750,Helsinki,0d802726-5041-4713-9dc2-d263ac5b97e1
2248,268 Saxlund Katu Unit 60,,Vantaa,Uusimaa,01490,Vantaa,3421cfe5-bee2-4142-bf52-45746e999d1f
2249,766 Huovari Katu,,Helsinki,Uusimaa,00760,Helsinki,9999f431-fc04-40a4-9ad6-417c3c4228a5
2250,594 Wichmann Katu Suite 52,,Helsinki,Uusimaa,00430,Helsinki,d13b304c-72bf-464d-90b8-be2a73647036
2251,592 Peura Katu Suite 95,,Helsinki,Uusimaa,00200,Helsinki,c6f5018d-ed24-47c4-ba8c-afa2742d3fe0
2252,616 Hurmola Katu Unit 82,,Hanko,Uusimaa,10820,Hanko,b06b1b17-b960-4f6e-988e-072c5a272327
2253,246 Välilä Katu,,Helsinki,Uusimaa,00770,Helsinki,d1baf617-2b2e-48b2-9060-b8fa1db8f49f
2254,582 Jousala Katu Unit 32,,Nurmijärvi,Uusimaa,05200,Nurmijärvi,f4aaf671-93c6-4525-bbd9-1c50bfb6cb00
2255,411 Paasikangas Katu,,Vantaa,Uusimaa,01650,Vantaa,47769031-ea95-4d9e-9e73-803e25081a8f
2256,961 Siltasalmi Katu,,Helsinki,Uusimaa,00660,Helsinki,ad54d1aa-f26a-4758-b729-e63c85c39fd4
2257,1093 Mertala Katu Suite 26,,Järvenpää,Uusimaa,04460,Järvenpää,971ffd36-6ef2-4091-a7a4-7f13e2a8a4be
2258,727 Lammia Katu Unit 44,,Helsinki,Uusimaa,00940,Helsinki,d6d55ed7-906e-4f90-8d65-0f6c14d288e5
2259,474 Koskensilta Katu Apt 9,,Espoo,Uusimaa,02230,Espoo,257c4dfe-ea55-43ef-80d6-2b4fcb31036a
2260,439 Sirenius Katu,,Helsinki,Uusimaa,00680,Helsinki,5a20cba9-bbe0-4479-aef4-0d7077f5c1ba
2261,738 Nivakoski Katu Apt 15,,Helsinki,Uusimaa,00700,Helsinki,12e8645c-7664-408c-a156-7500e915587a
2262,214 Wulff Katu,,Helsinki,Uusimaa,00240,Helsinki,31c7f4ad-e69a-45b5-b576-655e22829541
2263,798 Turvala Katu Suite 72,,Lohja,Uusimaa,08800,Lohja,b4260198-a002-4372-9082-c4ef7cda6c98
2264,428 Vorimo Katu,,Helsinki,Uusimaa,00990,Helsinki,e0790ec2-f12d-4443-ac21-3ef8c179b451
2265,512 Töppärä Katu,,Helsinki,Uusimaa,00900,Helsinki,9f9495b7-54b9-461f-8657-6ee2f68bfbf4
2266,176 Sankelo Katu,,Helsinki,Uusimaa,00940,Helsinki,3d093807-ca92-40f2-b539-0be066c4f19b
2267,623 Oikarainen Katu,,Helsinki,Uusimaa,00520,Helsinki,6e939c80-5c5a-4f73-a08a-8c8ce51af7e9
2268,578 Nyroos Katu,,Helsinki,Uusimaa,00270,Helsinki,86e983b8-a714-4b29-a855-267e0282867e
2269,106 Ahonpää Katu Unit 60,,Kauniainen,Uusimaa,02700,Kauniainen,c731e601-f708-4328-b4e4-153466be5467
2270,243 Ingves Katu,,Helsinki,Uusimaa,00630,Helsinki,4a9c8e6d-6f4b-4993-bd6f-b10fafb26773
2271,794 Tuokila Katu Suite 42,,Vantaa,Uusimaa,01230,Vantaa,0139cf58-c9f4-4d27-b226-01fcaf33d698
2272,358 Ivalo Katu Suite 95,,Helsinki,Uusimaa,00730,Helsinki,277e38cf-8197-4c26-9e4c-9bcffc1c56c7
2273,480 Klockars Katu Suite 75,,Helsinki,Uusimaa,00990,Helsinki,686db57a-6dd0-4f29-9ea1-be9a69835ed0
2274,485 Wargelin Katu,,Helsinki,Uusimaa,00690,Helsinki,52cf1539-47ed-4429-b3c0-f928eafe9bfd
2275,1091 Baron Katu,,Helsinki,Uusimaa,00500,Helsinki,dbd957f9-c6fb-4f74-a154-3b690909a98f
2276,835 Taskula Katu Suite 98,,Vantaa,Uusimaa,01420,Vantaa,a6244079-37f6-4021-80f2-7017ea36d05a
