START,STOP,PATIENT,ENCOUNTER,CODE,DESCRIPTION
2011-11-19,,2512ba69-6f6c-4112-aa3f-9f3ba27a6eaf,83c91ea8-fde1-4fe3-aee8-21a7a827e487,410429000,Cardiac Arrest
2011-11-19,,2512ba69-6f6c-4112-aa3f-9f3ba27a6eaf,83c91ea8-fde1-4fe3-aee8-21a7a827e487,429007001,History of cardiac arrest (situation)
2019-08-07,,bbfd1514-0f68-44c9-916e-abfd152b2a3a,dfe50af6-7432-4dc6-938d-77b1c94b508d,53741008,Coronary Heart Disease
2005-10-17,,566eb8d8-36bc-46d5-a987-51486b5ca0c8,e19c0e7c-df37-4324-a40e-3e67ec1163f6,49436004,Atrial Fibrillation
2017-10-30,,566eb8d8-36bc-46d5-a987-51486b5ca0c8,f18cf171-1a62-4d2d-bc29-4169a3f03c2a,230690007,Stroke
2012-11-06,,846dfcdb-d7d0-4c25-b9c5-b28982fab969,31d842a6-39ef-4a47-bd6b-bec55e38e2f6,53741008,Coronary Heart Disease
2004-12-27,,2e065a6e-bdc1-4275-838c-1d594c74fa7b,428634c9-dfd6-4cf0-b471-2c1c0e481d56,53741008,Coronary Heart Disease
2020-01-04,,fb78572e-c1a1-4fad-8568-7c679aadaadf,20d58ffe-18d6-4d5d-b993-1b0a6fb63983,68496003,Polyp of colon
2012-07-31,,0aa14e81-75c3-4a67-9c28-005170f4e1f0,d0c6d308-9347-49ad-a2f0-9927a4943ded,49436004,Atrial Fibrillation
2008-12-13,,c8f7f22a-36fc-4a6f-b08a-8d5d1f2ac7a4,8ba57c86-ad7b-40bc-87f2-50fa1acb35e3,53741008,Coronary Heart Disease
1977-05-16,,83cf7e94-3d54-40b7-a14d-c3ba32252c17,6f0ec74d-0b7c-4652-8aed-4d9791aefa05,22298006,Myocardial Infarction
1977-05-16,,83cf7e94-3d54-40b7-a14d-c3ba32252c17,6f0ec74d-0b7c-4652-8aed-4d9791aefa05,399211009,History of myocardial infarction (situation)
1977-05-23,,83cf7e94-3d54-40b7-a14d-c3ba32252c17,f8895232-743b-42ac-9198-fb389fab3544,53741008,Coronary Heart Disease
2007-04-25,,bcaded09-77e6-4796-987a-a05eeebce6c9,c676f795-c0ea-48e6-98dc-16f05f5e15b2,230690007,Stroke
2013-03-29,,96fbc23c-81c1-4f3f-a908-4069cdac6747,393bd23b-d73e-4204-bf85-b49af2c8a142,230690007,Stroke
2018-07-29,,29a02c48-faa6-45ed-a793-b33f73102622,0dd2a9f0-bad5-47bf-ae3a-7f19fb3757cf,230690007,Stroke
