START,STOP,PATIENT,PAYER,ENCOUNTER,CODE,DESCRIPTION,BASE_COST,PAYER_COVERAGE,DISPENSES,TOTALCOST,REASONCODE,REASONDESCRIPTION
2011-11-19,2011-11-19,2512ba69-6f6c-4112-aa3f-9f3ba27a6eaf,b1c428d6-4f07-31e0-90f0-68ffa6ff8c76,83c91ea8-fde1-4fe3-aee8-21a7a827e487,1660014,1 ML Epinephrine 1 MG/ML Injection,4.21,0.00,1,4.21,,
2011-11-19,2011-11-19,2512ba69-6f6c-4112-aa3f-9f3ba27a6eaf,b1c428d6-4f07-31e0-90f0-68ffa6ff8c76,83c91ea8-fde1-4fe3-aee8-21a7a827e487,834357,3 ML Amiodarone hydrocholoride 50 MG/ML Prefilled Syringe,237.58,0.00,1,237.58,,
2011-11-19,2011-11-19,2512ba69-6f6c-4112-aa3f-9f3ba27a6eaf,b1c428d6-4f07-31e0-90f0-68ffa6ff8c76,83c91ea8-fde1-4fe3-aee8-21a7a827e487,1190795,Atropine Sulfate 1 MG/ML Injectable Solution,16.92,0.00,1,16.92,,
2019-08-07,,bbfd1514-0f68-44c9-916e-abfd152b2a3a,b1c428d6-4f07-31e0-90f0-68ffa6ff8c76,dfe50af6-7432-4dc6-938d-77b1c94b508d,309362,Clopidogrel 75 MG Oral Tablet,26.42,0.00,7,184.94,,
2019-08-07,,bbfd1514-0f68-44c9-916e-abfd152b2a3a,b1c428d6-4f07-31e0-90f0-68ffa6ff8c76,dfe50af6-7432-4dc6-938d-77b1c94b508d,312961,Simvastatin 20 MG Oral Tablet,4.62,0.00,7,32.34,,
2019-08-07,,bbfd1514-0f68-44c9-916e-abfd152b2a3a,b1c428d6-4f07-31e0-90f0-68ffa6ff8c76,dfe50af6-7432-4dc6-938d-77b1c94b508d,197361,Amlodipine 5 MG Oral Tablet,25.64,0.00,7,179.48,,
2019-08-07,,bbfd1514-0f68-44c9-916e-abfd152b2a3a,b1c428d6-4f07-31e0-90f0-68ffa6ff8c76,dfe50af6-7432-4dc6-938d-77b1c94b508d,705129,Nitroglycerin 0.4 MG/ACTUAT Mucosal Spray,179.97,0.00,7,1259.79,,
2005-10-17,,566eb8d8-36bc-46d5-a987-51486b5ca0c8,b1c428d6-4f07-31e0-90f0-68ffa6ff8c76,e19c0e7c-df37-4324-a40e-3e67ec1163f6,855332,Warfarin Sodium 5 MG Oral Tablet,63.93,0.00,175,11187.75,,
2005-10-17,,566eb8d8-36bc-46d5-a987-51486b5ca0c8,b1c428d6-4f07-31e0-90f0-68ffa6ff8c76,e19c0e7c-df37-4324-a40e-3e67ec1163f6,897718,Verapamil Hydrochloride 40 MG,33.39,0.00,175,5843.25,,
2005-10-17,,566eb8d8-36bc-46d5-a987-51486b5ca0c8,b1c428d6-4f07-31e0-90f0-68ffa6ff8c76,e19c0e7c-df37-4324-a40e-3e67ec1163f6,197604,Digoxin 0.125 MG Oral Tablet,103.97,0.00,175,18194.75,,
2017-10-30,2017-10-30,566eb8d8-36bc-46d5-a987-51486b5ca0c8,b1c428d6-4f07-31e0-90f0-68ffa6ff8c76,f18cf171-1a62-4d2d-bc29-4169a3f03c2a,309362,Clopidogrel 75 MG Oral Tablet,136.41,0.00,1,136.41,,
2017-10-30,2017-10-30,566eb8d8-36bc-46d5-a987-51486b5ca0c8,b1c428d6-4f07-31e0-90f0-68ffa6ff8c76,f18cf171-1a62-4d2d-bc29-4169a3f03c2a,1804799,Alteplase 100 MG Injection,6187.17,0.00,1,6187.17,,
2012-11-06,,846dfcdb-d7d0-4c25-b9c5-b28982fab969,b1c428d6-4f07-31e0-90f0-68ffa6ff8c76,31d842a6-39ef-4a47-bd6b-bec55e38e2f6,309362,Clopidogrel 75 MG Oral Tablet,57.38,0.00,89,5106.82,,
2012-11-06,,846dfcdb-d7d0-4c25-b9c5-b28982fab969,b1c428d6-4f07-31e0-90f0-68ffa6ff8c76,31d842a6-39ef-4a47-bd6b-bec55e38e2f6,312961,Simvastatin 20 MG Oral Tablet,33.95,0.00,89,3021.55,,
2012-11-06,,846dfcdb-d7d0-4c25-b9c5-b28982fab969,b1c428d6-4f07-31e0-90f0-68ffa6ff8c76,31d842a6-39ef-4a47-bd6b-bec55e38e2f6,197361,Amlodipine 5 MG Oral Tablet,60.94,0.00,89,5423.66,,
2012-11-06,,846dfcdb-d7d0-4c25-b9c5-b28982fab969,b1c428d6-4f07-31e0-90f0-68ffa6ff8c76,31d842a6-39ef-4a47-bd6b-bec55e38e2f6,705129,Nitroglycerin 0.4 MG/ACTUAT Mucosal Spray,155.83,0.00,89,13868.87,,
2004-12-27,,2e065a6e-bdc1-4275-838c-1d594c74fa7b,b1c428d6-4f07-31e0-90f0-68ffa6ff8c76,428634c9-dfd6-4cf0-b471-2c1c0e481d56,309362,Clopidogrel 75 MG Oral Tablet,30.85,0.00,185,5707.25,,
2004-12-27,,2e065a6e-bdc1-4275-838c-1d594c74fa7b,b1c428d6-4f07-31e0-90f0-68ffa6ff8c76,428634c9-dfd6-4cf0-b471-2c1c0e481d56,312961,Simvastatin 20 MG Oral Tablet,7.92,0.00,185,1465.20,,
2004-12-27,,2e065a6e-bdc1-4275-838c-1d594c74fa7b,b1c428d6-4f07-31e0-90f0-68ffa6ff8c76,428634c9-dfd6-4cf0-b471-2c1c0e481d56,197361,Amlodipine 5 MG Oral Tablet,15.85,0.00,185,2932.25,,
2004-12-27,,2e065a6e-bdc1-4275-838c-1d594c74fa7b,b1c428d6-4f07-31e0-90f0-68ffa6ff8c76,428634c9-dfd6-4cf0-b471-2c1c0e481d56,705129,Nitroglycerin 0.4 MG/ACTUAT Mucosal Spray,197.93,0.00,185,36617.05,,
2012-07-31,,0aa14e81-75c3-4a67-9c28-005170f4e1f0,b1c428d6-4f07-31e0-90f0-68ffa6ff8c76,d0c6d308-9347-49ad-a2f0-9927a4943ded,855332,Warfarin Sodium 5 MG Oral Tablet,138.47,0.00,92,12739.24,,
2012-07-31,,0aa14e81-75c3-4a67-9c28-005170f4e1f0,b1c428d6-4f07-31e0-90f0-68ffa6ff8c76,d0c6d308-9347-49ad-a2f0-9927a4943ded,897718,Verapamil Hydrochloride 40 MG,94.35,0.00,92,8680.20,,
2012-07-31,,0aa14e81-75c3-4a67-9c28-005170f4e1f0,b1c428d6-4f07-31e0-90f0-68ffa6ff8c76,d0c6d308-9347-49ad-a2f0-9927a4943ded,197604,Digoxin 0.125 MG Oral Tablet,72.47,0.00,92,6667.24,,
2008-12-13,,c8f7f22a-36fc-4a6f-b08a-8d5d1f2ac7a4,b1c428d6-4f07-31e0-90f0-68ffa6ff8c76,8ba57c86-ad7b-40bc-87f2-50fa1acb35e3,309362,Clopidogrel 75 MG Oral Tablet,143.55,0.00,136,19522.80,,
2008-12-13,,c8f7f22a-36fc-4a6f-b08a-8d5d1f2ac7a4,b1c428d6-4f07-31e0-90f0-68ffa6ff8c76,8ba57c86-ad7b-40bc-87f2-50fa1acb35e3,312961,Simvastatin 20 MG Oral Tablet,16.04,0.00,136,2181.44,,
2008-12-13,,c8f7f22a-36fc-4a6f-b08a-8d5d1f2ac7a4,b1c428d6-4f07-31e0-90f0-68ffa6ff8c76,8ba57c86-ad7b-40bc-87f2-50fa1acb35e3,197361,Amlodipine 5 MG Oral Tablet,27.35,0.00,136,3719.60,,
2008-12-13,,c8f7f22a-36fc-4a6f-b08a-8d5d1f2ac7a4,b1c428d6-4f07-31e0-90f0-68ffa6ff8c76,8ba57c86-ad7b-40bc-87f2-50fa1acb35e3,705129,Nitroglycerin 0.4 MG/ACTUAT Mucosal Spray,21.61,0.00,136,2938.96,,
1977-05-23,1989-05-29,83cf7e94-3d54-40b7-a14d-c3ba32252c17,b1c428d6-4f07-31e0-90f0-68ffa6ff8c76,f8895232-743b-42ac-9198-fb389fab3544,705129,Nitroglycerin 0.4 MG/ACTUAT Mucosal Spray,35.63,0.00,146,5201.98,,
1989-05-29,1989-05-29,83cf7e94-3d54-40b7-a14d-c3ba32252c17,b1c428d6-4f07-31e0-90f0-68ffa6ff8c76,4517e5a6-ac42-4384-bd59-5da66e8838ac,833036,Captopril 25 MG Oral Tablet,26.72,0.00,1,26.72,,
2013-03-29,2013-03-29,96fbc23c-81c1-4f3f-a908-4069cdac6747,b1c428d6-4f07-31e0-90f0-68ffa6ff8c76,393bd23b-d73e-4204-bf85-b49af2c8a142,309362,Clopidogrel 75 MG Oral Tablet,103.65,0.00,1,103.65,,
2013-03-29,2013-03-29,96fbc23c-81c1-4f3f-a908-4069cdac6747,b1c428d6-4f07-31e0-90f0-68ffa6ff8c76,393bd23b-d73e-4204-bf85-b49af2c8a142,1804799,Alteplase 100 MG Injection,6541.47,0.00,1,6541.47,,
2018-07-29,2018-07-29,29a02c48-faa6-45ed-a793-b33f73102622,b1c428d6-4f07-31e0-90f0-68ffa6ff8c76,0dd2a9f0-bad5-47bf-ae3a-7f19fb3757cf,309362,Clopidogrel 75 MG Oral Tablet,49.40,0.00,1,49.40,,
2018-07-29,2018-07-29,29a02c48-faa6-45ed-a793-b33f73102622,b1c428d6-4f07-31e0-90f0-68ffa6ff8c76,0dd2a9f0-bad5-47bf-ae3a-7f19fb3757cf,1804799,Alteplase 100 MG Injection,6551.87,0.00,1,6551.87,,
