Id,NAME,ADDRESS,CITY,STATE,ZIP,LAT,LON,PHONE,REVENUE,UTILIZATION
175e90a7-2ac8-3a8e-b263-1dee1cae97e8,Eye and Ear Hospital,Haartmaninkatu 4C-4E,Helsinki,18,00290,60.18916,24.90908,+35894711,375.0,3
319baef9-e8e6-3320-9e0b-7991d9c167b8,Haartman hospital,Haartmaninkatu 4,Helsinki,18,00290,60.189159,24.909081,+35894711,250.0,2
d8f91bff-b1eb-3e4d-8936-10924c36977a,Skin and Allergy Hospital,Meilahdentie 2,Helsinki,18,00250,60.19263,24.89436,+358947186355,1000.0,8
410e8cf7-76a3-307f-b421-5fa7760177f1,Surgical Hospital,Kasarmikatu 11-13,Helsinki,18,00130,60.16102,24.94834,+358947188310,1500.0,12
39010280-b8e5-3b1a-b835-bafbeea21968,Jorvi Hospital,Turuntie 150,Espoo,18,02740,60.22589,24.77581,+35894711,750.0,6
7b74aa83-5335-38dd-a213-d6df36c7f627,Espoo Hospital,Karvasmäentie 6,Espoo,18,02740,60.22011,24.6848,+35894711,1250.0,10
af916982-f5f8-341b-b159-69e72695294c,Peijas Hospital,Sairaalakatu 1,Vantaa,18,01400,60.3299,25.0608,+358947167371,1500.0,12
b9b4f8d8-b4a7-3164-a21f-c57b0c40c3ff,Hyvinkää Hospital,Sairaalankatu 1,Hyvinkää,18,05830,60.612,24.82486,+3581945871,1250.0,10
8af774ed-7635-320a-ad8c-a63aa309a858,Lohja Hospital,Sairaalatie 8,Lohja,18,08200,60.2247,24.01885,+3581938011,750.0,6
d8b3cbb1-88db-3fc1-bb2b-6a9c0037e6e5,Porvoo Hospital,Sairaalantie 1,Porvoo,18,06200,60.37911,25.69576,+3581954821,625.0,5
738aef7e-a279-3f65-9dba-fead16b27400,Jorvi Hospital,Turuntie 150,Espoo,18,02740,60.22589,24.77581,+35894711,197500.0,1581
9a3e6919-4ed0-32fe-a1e2-7184b06c415f,Espoo Hospital,Karvasmäentie 6,Espoo,18,02740,60.22011,24.6848,+35894711,43625.0,349
a70486b2-c33a-37b3-a4cf-b3dc06cb9d84,Peijas Hospital,Sairaalakatu 1,Vantaa,18,01400,60.3299,25.0608,+358947167371,103500.0,828
bf25636d-50a4-3cf2-b937-0e59fd37503f,Hyvinkää Hospital,Sairaalankatu 1,Hyvinkää,18,05830,60.612,24.82486,+3581945871,41250.0,330
4eddd774-a01b-3a0b-b4c6-736a5581aba4,Kellokoski Hospital,Ohkolantie 10,Kellokoski,18,04500,60.53054,25.10548,+35894711,14125.0,113
942171f0-df04-34cc-9c85-1a11b2f08717,Lohja Hospital,Sairaalatie 8,Lohja,18,08200,60.2247,24.01885,+3581938011,18750.0,150
216a84b2-6287-356d-9bcf-655abf00debb,Porvoo Hospital,Sairaalantie 1,Porvoo,18,06200,60.37911,25.69576,+3581954821,40125.0,321
319baef9-e8e6-3320-9e0b-7991d9c167b8,Haartman hospital,Haartmaninkatu 4,Helsinki,18,00290,60.189159,24.909081,+35894711,250.0,2
39010280-b8e5-3b1a-b835-bafbeea21968,Jorvi Hospital,Turuntie 150,Espoo,18,02740,60.22589,24.77581,+35894711,125.0,1
