Id,BIRTHDATE,DEATHDATE,SSN,DRIVERS,PASSPORT,PREFIX,FIRST,LAST,SUFFIX,MAIDEN,MARITAL,RACE,ETHNICITY,GENDER,BIRTHPLACE,ADDRESS,CITY,STATE,COUNTY,ZIP,LAT,LON,HEALTHCARE_EXPENSES,HEALTHCARE_COVERAGE
75b1b060-0470-4c56-8d57-e41ba4a92999,2016-07-29,,999-86-1058,,,,Eeva-Liina,Harjukoski,,,,white,nonhispanic,F,Vantaa  Uusimaa  FI,612 Torvalds Katu,Helsinki,Uusimaa,Helsinki,00840,60.279448347641306,25.07424796939955,1500.0,0.0
e8346f19-1c83-4a62-aed3-ff013d37a82b,2016-06-28,,999-28-2359,,,,Josef,Niiniskorpi,,,,white,nonhispanic,M,Helsinki  Uusimaa  FI,674 Paturi Katu,Helsinki,Uusimaa,Helsinki,00570,60.17240662441223,24.89745340666716,1500.0,0.0
a1fec531-3f1c-402e-b356-54ddf74e7261,2006-02-05,,999-44-2058,,,,Nichlas,Ullberg,,,,white,nonhispanic,M,Järvenpää  Uusimaa  FI,1061 Ruostetoja Katu,Espoo,Uusimaa,Espoo,02110,60.29406811127849,24.784883938860908,2750.0,0.0
ce6c985c-f6f2-469c-a57d-6c779408776f,2005-06-28,,999-97-9952,,,,Maritsa,Aerila,,,,white,nonhispanic,F,Helsinki  Uusimaa  FI,262 Jalasjoki Katu Unit 97,Helsinki,Uusimaa,Helsinki,00740,60.27596832297985,24.85676040755357,2875.0,0.0
2512ba69-6f6c-4112-aa3f-9f3ba27a6eaf,1988-01-16,,999-78-5809,S99943223,X51804891X,Mr.,Nhu,Prinz,,,M,white,nonhispanic,M,Helsinki  Uusimaa  FI,462 Fågel Katu Unit 35,Helsinki,Uusimaa,Helsinki,00160,60.172094384340056,24.917219376473362,4383.71,0.0
cd1b44f1-5de0-49f7-aa68-90397aca1647,1970-02-05,,999-45-8937,S99981276,X63755065X,Mrs.,Suleiman,Tatti,,Mod,M,white,nonhispanic,F,Lohja  Uusimaa  FI,863 Warto Katu,Espoo,Uusimaa,Espoo,02810,60.06635155265314,24.695517738269295,5125.0,0.0
4362104c-1adb-406b-8830-77888e5fd9bb,1995-02-02,,999-27-2755,S99951362,X64244654X,Ms.,Mariya,Louhula,,,,white,nonhispanic,F,Vantaa  Uusimaa  FI,259 Sinervuo Katu Apt 0,Nurmijärvi,Uusimaa,Nurmijärvi,01800,60.420446188635914,24.730722177483802,3625.0,0.0
93b4d0a9-ac8a-4ab3-92aa-b27d3701a26a,1962-02-14,,999-68-8481,S99926835,X52558105X,Mrs.,Omar,Kalliainen,,Brunberg,M,white,nonhispanic,F,Lohja  Uusimaa  FI,381 Siikonen Katu Suite 77,Loviisa,Uusimaa,Loviisa,07720,60.58668543426845,26.41276264552237,5875.0,0.0
f3807714-b249-4a79-ace7-432d7d662e67,1967-05-24,,999-78-7477,S99979140,X66692602X,Mr.,Jegor,Laurmaa,,,S,white,nonhispanic,M,Vantaa  Uusimaa  FI,169 Kari Katu Unit 5,Espoo,Uusimaa,Espoo,02920,60.177690104317215,24.63482263529969,5375.0,0.0
8a947b75-a276-4679-ba93-7b2a55decba5,1957-01-31,,999-96-9120,S99992926,X13030424X,Mrs.,Faina,Rautjoki,,Uusi-Pietilä,M,white,nonhispanic,F,Tuusula  Uusimaa  FI,477 Tikkamäki Katu Apt 67,Hyvinkää,Uusimaa,Hyvinkää,05840,60.595912052075526,24.809142483439768,6875.0,0.0
bbfd1514-0f68-44c9-916e-abfd152b2a3a,1948-04-07,,999-50-8612,S99964717,X46919926X,Mr.,Ross,Otranen,,,S,white,nonhispanic,M,Helsinki  Uusimaa  FI,160 Tawast Katu,Raasepori,Uusimaa,Raasepori,10420,60.120856093731845,23.508371549285982,8250.0,0.0
a245d629-f519-4c89-bbb2-2c786c18d51e,1976-04-15,,999-77-7197,S99931188,X38235896X,Mrs.,Pirkko-Leena,Vierola,,Nuoranne,M,white,nonhispanic,F,Espoo  Uusimaa  FI,901 Nazari Katu,Espoo,Uusimaa,Espoo,02280,60.2074779502857,24.776407192858834,4500.0,0.0
01f63a94-f707-46ed-a528-2470f1e5f222,1999-04-07,,999-41-1340,S99928402,X80369369X,Ms.,Reijontytär,Pyky,,,,white,nonhispanic,F,Espoo  Uusimaa  FI,897 Rönneberg Katu,Kerava,Uusimaa,Kerava,04220,60.45376027532695,25.11535931777652,3500.0,0.0
1cfcf795-14c1-4cfa-846a-8fc9a34a69f3,1994-07-14,,999-51-3415,S99936606,X19806058X,Ms.,Daniel,Anjala,,,,white,nonhispanic,F,Pukkila  Uusimaa  FI,1033 Bär Katu,Helsinki,Uusimaa,Helsinki,00180,60.27302745276837,24.969434336301152,3750.0,0.0
92c2e50b-26cb-46fd-8856-f51ad45bb9ac,2011-07-19,,999-54-7304,,,,Mika-Juhani,Gustafsson,,,,white,nonhispanic,M,Vantaa  Uusimaa  FI,363 Jokineva Katu,Helsinki,Uusimaa,Helsinki,00130,60.14645715604973,24.98577784484017,2125.0,0.0
886b5813-18cc-41a7-9e2d-04f03491a4da,2003-01-18,,999-37-6178,S99954281,,,Linea,Ahl,,,,white,nonhispanic,F,Vantaa  Uusimaa  FI,707 Vaani Katu Unit 35,Järvenpää,Uusimaa,Järvenpää,04460,60.49103520227824,25.13222972301506,3250.0,0.0
4dd4c240-5d61-4e70-a7a4-b713b476371a,1946-07-16,,999-25-9438,S99987623,X74915317X,Ms.,Enya,Pihanurmi,,,S,white,nonhispanic,F,Kerava  Uusimaa  FI,580 Leinola Katu,Helsinki,Uusimaa,Helsinki,00660,60.239753848201104,25.023251008774466,8500.0,0.0
ad1090f1-2427-406b-b74c-e56dceb52c1d,1989-08-26,,999-51-6896,S99939428,X914054X,Mr.,Miilo,Pihkakoski,,,M,white,nonhispanic,M,Espoo  Uusimaa  FI,713 Nurmo Katu,Helsinki,Uusimaa,Helsinki,00640,60.234036995071456,24.87513205782079,3875.0,0.0
188cef62-b6f3-462b-b8ae-7c89852fadca,1976-08-18,,999-75-4224,S99960324,X11184411X,Mrs.,Asmaa,Areva,,Matikkala,M,white,nonhispanic,F,Espoo  Uusimaa  FI,541 Lemmetyinen Katu,Helsinki,Uusimaa,Helsinki,00810,60.15851232777347,24.937579845890202,4500.0,0.0
74dd8cfd-8edd-4e7e-84b8-95b6cf58f9a0,2020-01-17,,999-95-8055,,,,Efosa,Piho,,,,white,nonhispanic,M,Helsinki  Uusimaa  FI,689 Seljas Katu,Vantaa,Uusimaa,Vantaa,01640,60.28233658505713,24.791204977444046,250.0,0.0
255de6de-fbeb-4a86-b25d-095a76c5edd6,1965-04-19,,999-52-5643,S99977840,X78641846X,Mr.,Simeoni,Heinua,,,M,white,nonhispanic,M,Helsinki  Uusimaa  FI,1046 Alasjärvi Katu,Vantaa,Uusimaa,Vantaa,01630,60.353382486096386,25.030394104008465,5625.0,0.0
566eb8d8-36bc-46d5-a987-51486b5ca0c8,1948-09-06,,999-51-2901,S99958169,X57822573X,Mr.,Reda,Tahkoniemi,,,S,white,nonhispanic,M,Helsinki  Uusimaa  FI,316 Oivo Katu Unit 50,Helsinki,Uusimaa,Helsinki,00820,60.14055650947632,25.00352483046375,14073.58,0.0
38c97cfa-75f3-4e10-ba01-44560523577e,1979-06-20,,999-71-9593,S99996534,X13321026X,Mr.,Philip,Poola,,,M,white,nonhispanic,M,Mäntsälä  Uusimaa  FI,209 Ohinmaa Katu Suite 81,Helsinki,Uusimaa,Helsinki,00710,60.131373127729546,25.086125575990327,4375.0,0.0
c1cdf046-4e0d-4b3a-91fb-8e82617bb585,1991-12-23,,999-50-3619,S99974552,X84534201X,Mrs.,Arisa,Haanela,,Takanen,M,white,nonhispanic,F,Vantaa  Uusimaa  FI,504 Vinkanharju Katu,Järvenpää,Uusimaa,Järvenpää,04460,60.50242219846222,25.137882985059864,3875.0,0.0
9a7be0cc-6e61-4593-b7c2-ea27be5631ef,1970-03-09,,999-87-7126,S99957146,X74785280X,Mr.,Basil,Toro,,,S,white,nonhispanic,M,Espoo  Uusimaa  FI,324 Lehmusvaara Katu Apt 21,Helsinki,Uusimaa,Helsinki,00420,60.244540533771264,25.05544264925455,4875.0,0.0
f9bed800-ebf6-4127-8857-3e109dc5481b,1981-03-14,,999-80-7452,S99957657,X40043309X,Mr.,Harding,Meretniemi,,,M,white,nonhispanic,M,Vantaa  Uusimaa  FI,546 Hakosalo Katu Suite 18,Helsinki,Uusimaa,Helsinki,00740,60.23062895386544,25.00928731395561,4250.0,0.0
84e7e0e6-4f46-470e-a8c1-720f9bf3225c,1994-04-18,,999-79-7769,S99977033,X56368189X,Mr.,Juha-Tuomas,Wahlbeck,,,,white,nonhispanic,M,Helsinki  Uusimaa  FI,657 Viertorinne Katu,Vantaa,Uusimaa,Vantaa,01720,60.27493037289946,24.83947950635997,3750.0,0.0
3e20f48f-829f-4ff1-b047-7ea7dbd0f283,1958-09-06,,999-81-3015,S99956966,X29003553X,Mrs.,Ida-Liisa,Vainio-Mattila,,Warteva,M,white,nonhispanic,F,Vantaa  Uusimaa  FI,848 Pykilä Katu Suite 61,Helsinki,Uusimaa,Helsinki,00260,60.21731270380757,24.829951566177325,6750.0,0.0
0c73e92c-e0e9-475a-93af-9875f3e319ab,1945-07-07,,999-90-7854,S99972649,X4335649X,Mr.,Filipe,Hannuniemi,,,M,white,nonhispanic,M,Helsinki  Uusimaa  FI,137 Löfroth Katu,Hyvinkää,Uusimaa,Hyvinkää,05820,60.64726691334161,24.698900308083196,8000.0,0.0
124125c1-e422-422e-ae33-72bc786317d2,1987-04-01,,999-22-9648,S99937276,X69812837X,Mr.,Jens-Erik,Tarvainen,,,S,white,nonhispanic,M,Helsinki  Uusimaa  FI,926 Greijer Katu Unit 33,Espoo,Uusimaa,Espoo,02290,60.1162520869157,24.622932915039787,4000.0,0.0
a125626a-1b86-47bb-b320-e3af0fa5457e,1961-07-31,,999-40-5601,S99962587,X44495592X,Ms.,Elda,Småros,,,S,white,nonhispanic,F,Espoo  Uusimaa  FI,1096 Sundberg Katu,Helsinki,Uusimaa,Helsinki,00830,60.24945171705472,24.890105306873167,6000.0,0.0
f3abca11-feb0-49b8-91c8-d9da6274a8d7,2003-08-01,,999-68-9049,S99952906,,,Rodi,Toura,,,,white,nonhispanic,M,Raasepori  Uusimaa  FI,469 Laivo Katu,Helsinki,Uusimaa,Helsinki,00330,60.24495087375431,25.00829723645265,3125.0,0.0
2dc95c71-597f-450c-a82d-6d5dd30e0f90,1988-09-30,,999-57-4808,S99945488,X56315060X,Mrs.,Yara,Ikkeläjärvi,,Rahomäki,M,white,nonhispanic,F,Helsinki  Uusimaa  FI,872 Styrström Katu,Helsinki,Uusimaa,Helsinki,00800,60.17728496384451,24.860912256087882,4000.0,0.0
846dfcdb-d7d0-4c25-b9c5-b28982fab969,2004-11-09,,999-60-7881,,,,Sarianna,Muntola,,,,white,nonhispanic,F,Espoo  Uusimaa  FI,871 Båge Katu,Espoo,Uusimaa,Espoo,02780,60.171838644758544,24.712717004635763,3000.0,0.0
2e065a6e-bdc1-4275-838c-1d594c74fa7b,1946-11-11,,999-19-5354,S99968678,X39861509X,Ms.,Bao,Lahelma,,,S,white,nonhispanic,F,Helsinki  Uusimaa  FI,707 Viuhkola Katu Apt 18,Hyvinkää,Uusimaa,Hyvinkää,05510,60.59136134263138,24.887901793741577,8500.0,0.0
c016c2b7-d2ea-4a2c-92a7-d9b36a9a5cec,2015-04-04,,999-44-8985,,,,Antto,Hautajärvi,,,,white,nonhispanic,M,Helsinki  Uusimaa  FI,1031 Pirttikangas Katu Unit 43,Kerava,Uusimaa,Kerava,04250,60.33760413731784,25.128568223721963,1625.0,0.0
fb78572e-c1a1-4fad-8568-7c679aadaadf,1955-01-07,,999-80-7524,S99959082,X83608030X,Mrs.,Tuula-Maija,Gehör,,Keva,M,white,nonhispanic,F,Helsinki  Uusimaa  FI,121 Lehvonen Katu,Helsinki,Uusimaa,Helsinki,00700,60.208455131390224,25.043420484632612,7250.0,0.0
1cf3d8bd-b6a6-47b9-9c5a-e9217c263593,1999-03-20,,999-49-1678,S99945188,X59788147X,Ms.,Karima,Syed,,,,white,nonhispanic,F,Lohja  Uusimaa  FI,721 Grip Katu Suite 6,Helsinki,Uusimaa,Helsinki,00580,60.13020081990815,24.91615087133502,3500.0,0.0
0aa14e81-75c3-4a67-9c28-005170f4e1f0,1962-07-31,,999-35-2061,S99925773,X16529590X,Mrs.,Asad,Mäki-Panula,,Valpola,M,white,nonhispanic,F,Sipoo  Uusimaa  FI,967 Aarto Katu,Porvoo,Uusimaa,Porvoo,07110,60.42825518135518,25.495509479369666,5875.0,0.0
bce84ffa-b9f5-40de-88bf-b3cc51f21f5b,1981-03-11,,999-66-6149,S99941287,X86894787X,Mr.,Jimy,Kilkkilä,,,M,white,nonhispanic,M,Espoo  Uusimaa  FI,549 Äyhö Katu,Espoo,Uusimaa,Espoo,02860,60.13450997176638,24.761222841240368,4250.0,0.0
a66f7aa6-0b12-4968-9e14-3e86207f2f49,1991-04-05,,999-50-3807,S99965359,X20047749X,Mrs.,Marjo-Kaisa,Vuorilahti,,Laatta,M,white,nonhispanic,F,Vantaa  Uusimaa  FI,800 Ylipahkala Katu,Helsinki,Uusimaa,Helsinki,00150,60.18188901739503,24.97340264110165,3875.0,0.0
c4191f5b-b1c7-4952-918c-d6727f438e61,2008-07-14,,999-37-7972,,,,Jerome,Petlin,,,,white,nonhispanic,M,Helsinki  Uusimaa  FI,1005 Mäenalanen Katu,Vihti,Uusimaa,Vihti,03320,60.32756495954567,24.337884011312294,2500.0,0.0
c8f7f22a-36fc-4a6f-b08a-8d5d1f2ac7a4,1974-09-28,,999-64-7160,S99911757,X44469879X,Mr.,Lorens,Knuts,,,M,white,nonhispanic,M,Brasilia  Federal District  BR,569 Satukangas Katu Unit 52,Espoo,Uusimaa,Espoo,02300,60.21376043626131,24.760887573307755,5500.0,0.0
876d7deb-4f50-4a31-8198-c6c7e3664a11,1969-09-05,,999-68-9560,S99997758,X84557914X,Mr.,César,Ryytty,,,M,white,nonhispanic,M,Helsinki  Uusimaa  FI,472 Lainejoki Katu Apt 48,Porvoo,Uusimaa,Porvoo,06200,60.305562368478014,25.654949362533397,5125.0,0.0
38ca64f4-8015-4adc-b0f1-2680ee1e1877,2015-03-02,,999-81-9609,,,,Tytti,Cole,,,,white,nonhispanic,F,Järvenpää  Uusimaa  FI,466 Lantz Katu,Loviisa,Uusimaa,Loviisa,07880,60.45571632052204,26.178261577287575,1750.0,0.0
cbcc8aa9-a5b5-40eb-aef2-02f646c2819c,1977-06-21,,999-23-3893,S99975148,X75634858X,Mr.,Ramón,Saarenkylä,,,M,white,nonhispanic,M,Helsinki  Uusimaa  FI,1075 Post Katu,Helsinki,Uusimaa,Helsinki,00960,60.204614915574524,24.924882282055155,4500.0,0.0
b5efc273-8138-4fb3-811a-49c107f0b8db,2009-01-26,,999-96-4753,,,,Ikram,Tawast,,,,white,nonhispanic,F,Vantaa  Uusimaa  FI,652 Sarjanen Katu,Helsinki,Uusimaa,Helsinki,00820,60.198817979831865,24.820538646083314,2500.0,0.0
4e175bd8-f403-464c-8266-d055deea3cda,2014-07-12,,999-83-3715,,,,Savanna,Rytteri,,,,white,nonhispanic,F,Vantaa  Uusimaa  FI,886 Mursu Katu Apt 48,Espoo,Uusimaa,Espoo,02380,60.21687298464116,24.793211147016095,1750.0,0.0
c6fa3ac8-183c-4912-8d50-8820330e5220,1965-06-04,,999-48-7240,S99924257,X56046814X,Mrs.,Anna-Mia,Lehtomaa,PhD,Roslöf,M,white,nonhispanic,F,Helsinki  Uusimaa  FI,237 Kuljukka Katu Suite 65,Kirkkonummi,Uusimaa,Kirkkonummi,02390,60.256552572597556,24.38211026000824,5625.0,0.0
69bf1467-7c8d-4ec2-91db-e2a3dc481e3d,1993-04-14,,999-96-2335,S99911251,X55272183X,Mr.,Nizar,Jürgens,,,,white,nonhispanic,M,Porvoo  Uusimaa  FI,952 Kotro Katu Suite 98,Espoo,Uusimaa,Espoo,02280,60.15005120013598,24.803336193607166,3750.0,0.0
f0a3eb8f-65b9-4ce4-98ca-76bdb9f2f681,1969-09-16,,999-60-3983,S99977431,X62560835X,Mrs.,Nessi,Lumimäki,,Härkisuo,M,white,nonhispanic,F,Järvenpää  Uusimaa  FI,1058 Sonkamuotka Katu Apt 1,Vihti,Uusimaa,Vihti,03300,60.31495416602026,24.344321468904035,5125.0,0.0
31a27d5c-47d7-41ff-bcc4-f3c430e2ce03,1977-01-13,,999-95-4611,S99971211,X39702347X,Mr.,Jami,Greijula,,,M,white,nonhispanic,M,Helsinki  Uusimaa  FI,808 Saariokari Katu Apt 1,Porvoo,Uusimaa,Porvoo,01180,60.49991219144687,25.538978477865793,4500.0,0.0
9bc17ce3-ae10-4296-a39d-de951818bf92,1999-04-22,,999-45-5196,S99941976,X17488019X,Ms.,Bridget,Lapinmäki,,,,white,nonhispanic,F,Helsinki  Uusimaa  FI,478 Inkala Katu Suite 50,Helsinki,Uusimaa,Helsinki,00630,60.24141852696821,24.963504105671465,3500.0,0.0
30ef8f97-c04a-41f9-a110-e8afcae56560,1999-01-06,,999-14-6904,S99924042,X59354847X,Ms.,Salla-Maija,Lawrence,,,,white,nonhispanic,F,Helsinki  Uusimaa  FI,992 Tvilling Katu,Järvenpää,Uusimaa,Järvenpää,04430,60.51164282044757,25.149306420082087,3500.0,0.0
81296238-b5da-42a5-916b-19b3f750344d,1978-11-16,,999-17-7058,S99932721,X38851024X,Mr.,Joni-Pekka,Patovisti,,,M,white,nonhispanic,M,Vantaa  Uusimaa  FI,1013 Vahela Katu Apt 58,Nurmijärvi,Uusimaa,Nurmijärvi,01940,60.45103053592676,24.81585938385014,4375.0,0.0
a08b2991-58b0-4ee2-b2b1-9f69ef6a0e75,1972-09-20,,999-50-1297,S99936243,X33995802X,Mr.,Merri,Kylä-Utsuri,,,S,white,nonhispanic,M,Vantaa  Uusimaa  FI,681 Alanissi Katu,Espoo,Uusimaa,Espoo,02920,60.14587271011969,24.81659262033453,4750.0,0.0
2315da08-af80-418a-a6f8-467644435ce8,1952-02-14,,999-80-1783,S99931569,X81680798X,Mr.,Jerzy,Isrikki,,,M,white,nonhispanic,M,Helsinki  Uusimaa  FI,652 Jalaskoski Katu,Kirkkonummi,Uusimaa,Kirkkonummi,02430,60.309478059034966,24.418793340884434,7625.0,0.0
7645f52b-6fcc-42e8-b29f-0f8df4d3fb05,1956-02-21,,999-93-8094,S99969257,X29875079X,Mr.,Armando,Haapsaari,,,M,white,nonhispanic,M,Vantaa  Uusimaa  FI,140 Veki Katu,Helsinki,Uusimaa,Helsinki,00780,60.17235692365986,24.89230178881501,7000.0,0.0
cc6ad514-6c27-42e0-b486-4b65a45fd225,1953-10-19,,999-59-7371,S99917776,X70733483X,Mr.,Jukkapekka,Meripaasi,,,M,white,nonhispanic,M,Porvoo  Uusimaa  FI,313 Jousinen Katu Apt 10,Helsinki,Uusimaa,Helsinki,00350,60.15190016269951,24.834663767317405,7000.0,0.0
c419a6f6-b9f7-4455-8818-89b2b938b7f4,1986-01-26,,999-83-3239,S99956317,X67389106X,Mrs.,Amélia,Kauhava,,Wirtanen,M,white,nonhispanic,F,Helsinki  Uusimaa  FI,862 Hede Katu,Porvoo,Uusimaa,Porvoo,06100,60.33399143841615,25.637047137903934,4000.0,0.0
93ae458e-9598-43f5-999e-453c370e54a8,2013-11-21,,999-49-8676,,,,Virpi-Maria,Thiel,,,,white,nonhispanic,F,Helsinki  Uusimaa  FI,435 Kaisalmi Katu,Helsinki,Uusimaa,Helsinki,00630,60.151141625640186,24.913481159520725,1875.0,0.0
8c2a9d6c-cfaa-42ca-9268-10a4d8a9d95b,1987-02-21,,999-75-7422,S99942162,X16068324X,Mrs.,Mirina,Koivumetsä,,Rolin,M,white,nonhispanic,F,Tuusula  Uusimaa  FI,607 Paasilinna Katu Suite 1,Helsinki,Uusimaa,Helsinki,00210,60.17900939967272,24.861462530565138,4000.0,0.0
c9a310e1-7ece-4072-aa78-4eecb73b2ac9,1977-08-25,,999-19-4997,S99942661,X69124611X,Mr.,Kelvin,Armfelt,,,M,white,nonhispanic,M,Hanko  Uusimaa  FI,679 Ylä-Autio Katu Suite 2,Mäntsälä,Uusimaa,Mäntsälä,04680,60.72802500076179,25.487267792141125,4500.0,0.0
add5d476-c0d8-4b54-9b90-6189e129b0b0,1977-09-25,,999-12-1093,S99981359,X44793724X,Mr.,Sacha,Tammela,,,M,white,nonhispanic,M,Espoo  Uusimaa  FI,424 Fleming Katu Suite 64,Helsinki,Uusimaa,Helsinki,00790,60.23482237017376,24.911916010170238,4500.0,0.0
ac6cdd97-a678-4a53-af36-2050fc38bf88,1966-02-01,,999-36-5301,S99956456,X2295394X,Mr.,Yoonis,Luola,,,M,white,nonhispanic,M,Lohja  Uusimaa  FI,780 Avellan Katu Apt 3,Helsinki,Uusimaa,Helsinki,00700,60.16577212963794,24.855044762855382,5625.0,0.0
aa0b388d-50f4-4480-aa02-df4763547f59,1980-09-18,,999-61-2562,S99975310,X47967898X,Ms.,Ria-Maria,Punakivi,,,S,white,nonhispanic,F,Vantaa  Uusimaa  FI,372 Grof Katu Suite 46,Helsinki,Uusimaa,Helsinki,00660,60.156290661254005,24.918000318966538,4250.0,0.0
b1dda423-cbf7-4f43-8ff1-b2c7756c0637,1984-04-22,,999-43-3978,S99935080,X86905910X,Mrs.,Ene,Helala,,Lilli,M,white,nonhispanic,F,Kerava  Uusimaa  FI,384 Ahjoniemi Katu,Vantaa,Uusimaa,Vantaa,01420,60.290645348080346,24.995506257905156,4125.0,0.0
e4142e4c-b099-4b8b-af3c-698ea6d7c7f5,1993-03-15,,999-18-4714,S99958303,X13790800X,Mr.,Yrjänä,Kasanko,,,,white,nonhispanic,M,Raasepori  Uusimaa  FI,721 Davis Katu Unit 85,Helsinki,Uusimaa,Helsinki,00800,60.242821541510295,24.920638514715233,3750.0,0.0
39dba086-54c5-4e3c-bcda-9a3f3413f5c5,1961-07-25,,999-15-4059,S99923030,X83952611X,Mrs.,Pia-Sofia,Jokivarsi,,Mökkälä,M,white,nonhispanic,F,Lohja  Uusimaa  FI,436 Viitapohja Katu Unit 72,Helsinki,Uusimaa,Helsinki,00180,60.15945218837689,24.884850803480465,6000.0,0.0
e425303a-6c66-4b78-9d97-488540c8d9d3,1944-09-30,,999-54-8444,S99937927,X36310132X,Mr.,Singh,Isosomppi,,,M,white,nonhispanic,M,Raasepori  Uusimaa  FI,650 Nero Katu,Vantaa,Uusimaa,Vantaa,01510,60.31395350093815,25.10848327832725,8875.0,0.0
f72b64ca-bb94-4759-8e52-b72bc23bce19,1959-01-25,,999-17-9769,S99932572,X12447128X,Mr.,Vide,Luodelahti,,,M,white,nonhispanic,M,Vantaa  Uusimaa  FI,809 Tavaila Katu,Espoo,Uusimaa,Espoo,02120,60.1784811632519,24.746057383862876,6625.0,0.0
0c7d980b-418a-4cd6-988d-3c8d42644f52,1987-06-14,,999-54-2795,S99989094,X52754575X,Mr.,Veli-Erkki,Weiste,,,M,white,nonhispanic,M,Helsinki  Uusimaa  FI,327 Tiainen Katu,Espoo,Uusimaa,Espoo,02980,60.240779588600994,24.81654165225005,4000.0,0.0
dbf9ec73-47e0-421c-ac32-40151216ba2a,1955-08-23,,999-79-4508,S99971996,X50040168X,Mrs.,Ulla-Kaisa,Topio,,Rasilainen,M,white,nonhispanic,F,Espoo  Uusimaa  FI,568 Ponsi Katu Suite 5,Helsinki,Uusimaa,Helsinki,00970,60.20974913332881,24.909737955993737,7125.0,0.0
ea40bf75-635f-4c78-bdb4-43f886159f83,2009-05-10,,999-73-2182,,,,Ali,Imberg,,,,white,nonhispanic,F,Helsinki  Uusimaa  FI,1003 Kronholm Katu Suite 70,Espoo,Uusimaa,Espoo,02290,60.271667372307284,24.58424104355336,2375.0,0.0
83cf7e94-3d54-40b7-a14d-c3ba32252c17,1971-06-07,1989-05-29,999-23-5212,S99951892,,,Matvey,Gullblom,,,,white,nonhispanic,M,Kirkkonummi  Uusimaa  FI,145 Suittio Katu Suite 37,Helsinki,Uusimaa,Helsinki,00930,60.19529426707185,24.926838852693383,3605.95,0.0
a5a493cb-1c39-486e-a909-4b26207c4e26,1938-01-25,,999-24-5383,S99947798,X72361579X,Ms.,Rosina,Mire,,,S,white,nonhispanic,F,Helsinki  Uusimaa  FI,799 Tuisku Katu,Helsinki,Uusimaa,Helsinki,00990,60.12249437117683,24.959313326708283,8875.0,0.0
79bbfb86-5c79-4256-b3bd-61b637e31b66,2009-07-26,,999-19-6610,,,,Ethel,Otamo,,,,white,nonhispanic,F,Espoo  Uusimaa  FI,649 Joutsela Katu Apt 97,Loviisa,Uusimaa,Loviisa,07720,60.47051582431684,26.331300742071306,2375.0,0.0
ef352bb1-0b75-46d0-a218-6aca79155e06,2013-01-09,,999-45-6493,,,,Marja-Leena,Särkelä,,,,white,nonhispanic,F,Järvenpää  Uusimaa  FI,109 Gefwert Katu Unit 44,Espoo,Uusimaa,Espoo,02260,60.204812145086926,24.763607295938616,2000.0,0.0
bcaded09-77e6-4796-987a-a05eeebce6c9,1959-02-18,,999-88-4361,S99960933,X40852288X,Mr.,Samponpoika,Lepola,,,S,white,nonhispanic,M,Raasepori  Uusimaa  FI,162 Hiirisalmi Katu,Porvoo,Uusimaa,Porvoo,07410,60.227342747172756,25.39063686183235,13420.43,0.0
c0c0b08f-03df-489c-93d6-8a45a037d449,1995-10-11,,999-45-8400,S99967385,X31478924X,Ms.,Eeva-Reetta,Lähdeaho,,,,white,nonhispanic,F,Helsinki  Uusimaa  FI,494 Uschanoff Katu,Raasepori,Uusimaa,Raasepori,10480,60.1479723332791,23.85331310284426,3625.0,0.0
ef6ce806-d6a1-4490-99a1-6dffd83864d5,2007-03-20,,999-36-8544,,,,Torborg,Mäennenä,,,,white,nonhispanic,F,Espoo  Uusimaa  FI,846 Kurjenluoma Katu,Espoo,Uusimaa,Espoo,02810,60.25339770593211,24.778729654822353,2625.0,0.0
39ea9d1a-88aa-4dca-82b4-d9c1230063c0,2015-03-24,,999-38-3205,,,,Arvo,Kuusiaho,,,,white,nonhispanic,M,Helsinki  Uusimaa  FI,640 Loimusto Katu Unit 90,Espoo,Uusimaa,Espoo,02630,60.263793635663944,24.735675012533985,1750.0,0.0
81caf221-db3f-4968-bfe6-cde2c859601b,1998-12-18,,999-67-6670,S99995391,X40660023X,Mr.,Matti-Pekka,Alanissi,,,,white,nonhispanic,M,Vantaa  Uusimaa  FI,1023 Huhdanperä Katu,Espoo,Uusimaa,Espoo,02750,60.2390597375499,24.87455538869156,3500.0,0.0
96fbc23c-81c1-4f3f-a908-4069cdac6747,1923-09-14,,999-88-5796,S99933805,X11612170X,Mrs.,Lorna,Haasala,,Värnström,M,white,nonhispanic,F,Raasepori  Uusimaa  FI,711 Kyrö Katu,Hyvinkää,Uusimaa,Hyvinkää,05880,60.563275608163266,24.841080802869993,17395.12,0.0
b9a4ecc7-64c6-4694-a203-12cc1ed069dc,2002-04-12,,999-37-1591,S99943975,,,Talvikki,Pirttiaho,,,,white,nonhispanic,F,Espoo  Uusimaa  FI,1011 Kaisamatti Katu Unit 53,Vantaa,Uusimaa,Vantaa,01450,60.32349953589726,24.87922042790656,3250.0,0.0
618f723d-fd40-457c-8694-6f1895dedcde,2017-04-17,,999-84-1124,,,,Anja-Liisa,Sivonen,,,,white,nonhispanic,F,Espoo  Uusimaa  FI,889 Sottinen Katu,Espoo,Uusimaa,Espoo,02240,60.15909837526454,24.80684240921092,1250.0,0.0
4cd32702-c4a9-462c-aaea-591da3f65b01,2010-03-15,,999-11-9054,,,,Roope,Fant,,,,white,nonhispanic,M,Espoo  Uusimaa  FI,814 Aulen Katu,Vantaa,Uusimaa,Vantaa,01700,60.25838748786618,25.074503418272467,2250.0,0.0
01e7160a-6d0c-432d-b04f-c7f41a6d45d4,1988-07-14,,999-87-9453,S99925565,X76753497X,Mr.,Vincenzo,Vilhu,,,M,white,nonhispanic,M,Wrocław  Lower Silesian  PL,597 Sarén Katu Unit 75,Nurmijärvi,Uusimaa,Nurmijärvi,01940,60.49013426781303,24.782767908096474,4000.0,0.0
acab290a-b1b4-42d5-88a4-9df6108ec1e1,1967-08-07,,999-30-1750,S99941295,X43149176X,Mr.,Veli-Seppo,Taurén,,,M,white,nonhispanic,M,Helsinki  Uusimaa  FI,890 Santakallio Katu,Helsinki,Uusimaa,Helsinki,00140,60.183140075491536,25.037081356556826,5375.0,0.0
aad98720-06ab-46d5-b1ef-f7a3ef9b3576,2014-12-24,,999-20-7953,,,,Markos,Manner,,,,white,nonhispanic,M,Helsinki  Uusimaa  FI,831 Passiniemi Katu,Vantaa,Uusimaa,Vantaa,01720,60.27686479670868,24.897484323219885,1750.0,0.0
c4b4d8bc-6118-4527-8c28-b9b8b0b5636e,1971-06-07,,999-63-9180,S99945346,X85997377X,Mr.,Juha,Uljonen,,,M,white,nonhispanic,M,Vantaa  Uusimaa  FI,1056 Sherifi Katu Apt 93,Helsinki,Uusimaa,Helsinki,00780,60.29002697517687,24.93497269810125,4875.0,0.0
68626f5d-d308-4886-a26f-7186da76813f,1959-01-25,,999-47-9732,S99932824,X1038640X,Mr.,Venneri,Tynys,,,M,white,nonhispanic,M,Sipoo  Uusimaa  FI,451 Kuivamäki Katu,Espoo,Uusimaa,Espoo,02230,60.258598995053035,24.56774480218847,6625.0,0.0
5b07a95b-7101-4464-9ab8-c556e97283cc,1968-11-02,,999-76-1443,S99967262,X9353510X,Mr.,Mihkel,Jäppinen,,,M,white,nonhispanic,M,Mäntsälä  Uusimaa  FI,505 Marno Katu Unit 27,Espoo,Uusimaa,Espoo,02300,60.283499844560396,24.69577475562455,5125.0,0.0
897e03d2-b2df-44b6-98c4-89ef2edf11e7,1987-09-14,,999-79-8159,S99950336,X88544048X,Mr.,Esa-Petri,Vessonen,,,M,white,nonhispanic,M,Espoo  Uusimaa  FI,397 Pajuvirta Katu Apt 16,Helsinki,Uusimaa,Helsinki,00170,60.19854093048516,24.931776152124836,4000.0,0.0
3f5b2501-d70b-4e0d-a4b7-10b265a3f938,1965-04-10,,999-57-8206,S99914827,X32056952X,Mr.,Mateus,Aistola,,,M,white,nonhispanic,M,Järvenpää  Uusimaa  FI,168 Kurunlahti Katu Suite 58,Helsinki,Uusimaa,Helsinki,00200,60.16245530269846,25.01401342200017,5625.0,0.0
f65d5a23-b5fc-4efe-8d21-67bafb0cd03a,1947-05-06,,999-47-3210,S99952427,X78145667X,Mr.,Rauno,Ylä-Himanka,,,S,white,nonhispanic,M,Helsinki  Uusimaa  FI,681 Erholtz Katu Unit 85,Espoo,Uusimaa,Espoo,02860,60.212659297417844,24.797173364986868,7750.0,0.0
b451976a-dadf-47df-a9b9-df125f44b0bd,1965-04-30,,999-69-9273,S99911471,X200028X,Mrs.,Annariikka,Pohjoispää,,Andler,M,white,nonhispanic,F,Espoo  Uusimaa  FI,625 Godenhjelm Katu,Helsinki,Uusimaa,Helsinki,00350,60.16776632459791,24.90739113430863,5500.0,0.0
b3f0ab8a-bb80-418c-8a0e-e2e28c42aabd,1949-06-10,,999-26-3658,S99932424,X32929477X,Mrs.,Edita,Suppola,,Karhula,M,white,nonhispanic,F,Helsinki  Uusimaa  FI,348 Lotsari Katu,Helsinki,Uusimaa,Helsinki,00660,60.15610068817992,24.987239077804595,8125.0,0.0
29a02c48-faa6-45ed-a793-b33f73102622,1961-01-01,,999-79-7246,S99916028,X58938919X,Mrs.,Naomi,Haapala,,Nilimaa,M,white,nonhispanic,F,Helsinki  Uusimaa  FI,833 Liakka Katu Suite 77,Vantaa,Uusimaa,Vantaa,01650,60.279962680463846,24.81904234841259,12851.27,0.0
577685a3-6931-4c43-9868-e2951e9f603f,1968-08-18,,999-53-8930,S99948289,X48464210X,Mrs.,Onnia,Stenholm,PhD,Kellokangas,M,white,nonhispanic,F,Helsinki  Uusimaa  FI,711 Silvendoin Katu Apt 18,Helsinki,Uusimaa,Helsinki,00360,60.18990230377664,25.030496848066814,5250.0,0.0
8f2891bd-2025-450e-ab82-d6b6f5fa0f9d,1954-07-09,,999-67-9891,S99980041,X49215649X,Mrs.,Sanna-Kaisa,Finnbäck,,Tuutti,M,white,nonhispanic,F,Espoo  Uusimaa  FI,214 Marsch Katu,Helsinki,Uusimaa,Helsinki,00420,60.19102752026437,24.848580015623256,7375.0,0.0
