PATIENT,START_YEAR,END_YEAR,PAYER,OWNERSHIP
2512ba69-6f6c-4112-aa3f-9f3ba27a6eaf,1988,2006,e15e7b92-f376-374f-9285-2f59a38ad823,Guardian
cd1b44f1-5de0-49f7-aa68-90397aca1647,1970,1988,e15e7b92-f376-374f-9285-2f59a38ad823,Guardian
4362104c-1adb-406b-8830-77888e5fd9bb,1995,2013,e15e7b92-f376-374f-9285-2f59a38ad823,Guardian
93b4d0a9-ac8a-4ab3-92aa-b27d3701a26a,1962,1980,e15e7b92-f376-374f-9285-2f59a38ad823,Guardian
f3807714-b249-4a79-ace7-432d7d662e67,1967,1985,e15e7b92-f376-374f-9285-2f59a38ad823,Guardian
8a947b75-a276-4679-ba93-7b2a55decba5,1957,1975,e15e7b92-f376-374f-9285-2f59a38ad823,Guardian
bbfd1514-0f68-44c9-916e-abfd152b2a3a,1948,1966,e15e7b92-f376-374f-9285-2f59a38ad823,Guardian
a245d629-f519-4c89-bbb2-2c786c18d51e,1976,1994,e15e7b92-f376-374f-9285-2f59a38ad823,Guardian
01f63a94-f707-46ed-a528-2470f1e5f222,1999,2017,e15e7b92-f376-374f-9285-2f59a38ad823,Guardian
1cfcf795-14c1-4cfa-846a-8fc9a34a69f3,1994,2012,e15e7b92-f376-374f-9285-2f59a38ad823,Guardian
4dd4c240-5d61-4e70-a7a4-b713b476371a,1946,1964,e15e7b92-f376-374f-9285-2f59a38ad823,Guardian
ad1090f1-2427-406b-b74c-e56dceb52c1d,1989,1989,b1c428d6-4f07-31e0-90f0-68ffa6ff8c76,
ad1090f1-2427-406b-b74c-e56dceb52c1d,1990,1990,e15e7b92-f376-374f-9285-2f59a38ad823,
ad1090f1-2427-406b-b74c-e56dceb52c1d,1991,2007,e15e7b92-f376-374f-9285-2f59a38ad823,Guardian
188cef62-b6f3-462b-b8ae-7c89852fadca,1976,1994,e15e7b92-f376-374f-9285-2f59a38ad823,Guardian
255de6de-fbeb-4a86-b25d-095a76c5edd6,1965,1983,e15e7b92-f376-374f-9285-2f59a38ad823,Guardian
566eb8d8-36bc-46d5-a987-51486b5ca0c8,1948,1966,e15e7b92-f376-374f-9285-2f59a38ad823,Guardian
38c97cfa-75f3-4e10-ba01-44560523577e,1979,1997,e15e7b92-f376-374f-9285-2f59a38ad823,Guardian
c1cdf046-4e0d-4b3a-91fb-8e82617bb585,1991,2009,e15e7b92-f376-374f-9285-2f59a38ad823,Guardian
9a7be0cc-6e61-4593-b7c2-ea27be5631ef,1970,1988,e15e7b92-f376-374f-9285-2f59a38ad823,Guardian
f9bed800-ebf6-4127-8857-3e109dc5481b,1981,1999,e15e7b92-f376-374f-9285-2f59a38ad823,Guardian
84e7e0e6-4f46-470e-a8c1-720f9bf3225c,1994,2012,e15e7b92-f376-374f-9285-2f59a38ad823,Guardian
3e20f48f-829f-4ff1-b047-7ea7dbd0f283,1958,1976,e15e7b92-f376-374f-9285-2f59a38ad823,Guardian
0c73e92c-e0e9-475a-93af-9875f3e319ab,1945,1963,e15e7b92-f376-374f-9285-2f59a38ad823,Guardian
124125c1-e422-422e-ae33-72bc786317d2,1987,2005,e15e7b92-f376-374f-9285-2f59a38ad823,Guardian
a125626a-1b86-47bb-b320-e3af0fa5457e,1961,1979,e15e7b92-f376-374f-9285-2f59a38ad823,Guardian
2dc95c71-597f-450c-a82d-6d5dd30e0f90,1988,2006,e15e7b92-f376-374f-9285-2f59a38ad823,Guardian
2e065a6e-bdc1-4275-838c-1d594c74fa7b,1946,1964,e15e7b92-f376-374f-9285-2f59a38ad823,Guardian
fb78572e-c1a1-4fad-8568-7c679aadaadf,1955,1973,e15e7b92-f376-374f-9285-2f59a38ad823,Guardian
1cf3d8bd-b6a6-47b9-9c5a-e9217c263593,1999,2017,e15e7b92-f376-374f-9285-2f59a38ad823,Guardian
0aa14e81-75c3-4a67-9c28-005170f4e1f0,1962,1980,e15e7b92-f376-374f-9285-2f59a38ad823,Guardian
bce84ffa-b9f5-40de-88bf-b3cc51f21f5b,1981,1999,e15e7b92-f376-374f-9285-2f59a38ad823,Guardian
a66f7aa6-0b12-4968-9e14-3e86207f2f49,1991,2009,e15e7b92-f376-374f-9285-2f59a38ad823,Guardian
c8f7f22a-36fc-4a6f-b08a-8d5d1f2ac7a4,1974,1992,e15e7b92-f376-374f-9285-2f59a38ad823,Guardian
876d7deb-4f50-4a31-8198-c6c7e3664a11,1969,1987,e15e7b92-f376-374f-9285-2f59a38ad823,Guardian
cbcc8aa9-a5b5-40eb-aef2-02f646c2819c,1977,1995,e15e7b92-f376-374f-9285-2f59a38ad823,Guardian
c6fa3ac8-183c-4912-8d50-8820330e5220,1965,1983,e15e7b92-f376-374f-9285-2f59a38ad823,Guardian
69bf1467-7c8d-4ec2-91db-e2a3dc481e3d,1993,2011,e15e7b92-f376-374f-9285-2f59a38ad823,Guardian
f0a3eb8f-65b9-4ce4-98ca-76bdb9f2f681,1969,1987,e15e7b92-f376-374f-9285-2f59a38ad823,Guardian
31a27d5c-47d7-41ff-bcc4-f3c430e2ce03,1977,1995,e15e7b92-f376-374f-9285-2f59a38ad823,Guardian
9bc17ce3-ae10-4296-a39d-de951818bf92,1999,2017,e15e7b92-f376-374f-9285-2f59a38ad823,Guardian
30ef8f97-c04a-41f9-a110-e8afcae56560,1999,2017,e15e7b92-f376-374f-9285-2f59a38ad823,Guardian
81296238-b5da-42a5-916b-19b3f750344d,1978,1996,e15e7b92-f376-374f-9285-2f59a38ad823,Guardian
a08b2991-58b0-4ee2-b2b1-9f69ef6a0e75,1972,1990,e15e7b92-f376-374f-9285-2f59a38ad823,Guardian
2315da08-af80-418a-a6f8-467644435ce8,1952,1970,e15e7b92-f376-374f-9285-2f59a38ad823,Guardian
7645f52b-6fcc-42e8-b29f-0f8df4d3fb05,1956,1974,e15e7b92-f376-374f-9285-2f59a38ad823,Guardian
cc6ad514-6c27-42e0-b486-4b65a45fd225,1953,1971,e15e7b92-f376-374f-9285-2f59a38ad823,Guardian
c419a6f6-b9f7-4455-8818-89b2b938b7f4,1986,2004,e15e7b92-f376-374f-9285-2f59a38ad823,Guardian
8c2a9d6c-cfaa-42ca-9268-10a4d8a9d95b,1987,2005,e15e7b92-f376-374f-9285-2f59a38ad823,Guardian
c9a310e1-7ece-4072-aa78-4eecb73b2ac9,1977,1995,e15e7b92-f376-374f-9285-2f59a38ad823,Guardian
add5d476-c0d8-4b54-9b90-6189e129b0b0,1977,1995,e15e7b92-f376-374f-9285-2f59a38ad823,Guardian
ac6cdd97-a678-4a53-af36-2050fc38bf88,1966,1984,e15e7b92-f376-374f-9285-2f59a38ad823,Guardian
aa0b388d-50f4-4480-aa02-df4763547f59,1980,1998,e15e7b92-f376-374f-9285-2f59a38ad823,Guardian
b1dda423-cbf7-4f43-8ff1-b2c7756c0637,1984,2002,e15e7b92-f376-374f-9285-2f59a38ad823,Guardian
e4142e4c-b099-4b8b-af3c-698ea6d7c7f5,1993,2011,e15e7b92-f376-374f-9285-2f59a38ad823,Guardian
39dba086-54c5-4e3c-bcda-9a3f3413f5c5,1961,1979,e15e7b92-f376-374f-9285-2f59a38ad823,Guardian
e425303a-6c66-4b78-9d97-488540c8d9d3,1944,1962,e15e7b92-f376-374f-9285-2f59a38ad823,Guardian
f72b64ca-bb94-4759-8e52-b72bc23bce19,1959,1977,e15e7b92-f376-374f-9285-2f59a38ad823,Guardian
0c7d980b-418a-4cd6-988d-3c8d42644f52,1987,2005,e15e7b92-f376-374f-9285-2f59a38ad823,Guardian
dbf9ec73-47e0-421c-ac32-40151216ba2a,1955,1973,e15e7b92-f376-374f-9285-2f59a38ad823,Guardian
a5a493cb-1c39-486e-a909-4b26207c4e26,1938,1956,e15e7b92-f376-374f-9285-2f59a38ad823,Guardian
bcaded09-77e6-4796-987a-a05eeebce6c9,1959,1977,e15e7b92-f376-374f-9285-2f59a38ad823,Guardian
c0c0b08f-03df-489c-93d6-8a45a037d449,1995,2013,e15e7b92-f376-374f-9285-2f59a38ad823,Guardian
81caf221-db3f-4968-bfe6-cde2c859601b,1998,2016,e15e7b92-f376-374f-9285-2f59a38ad823,Guardian
96fbc23c-81c1-4f3f-a908-4069cdac6747,1923,1941,e15e7b92-f376-374f-9285-2f59a38ad823,Guardian
01e7160a-6d0c-432d-b04f-c7f41a6d45d4,1988,2006,e15e7b92-f376-374f-9285-2f59a38ad823,Guardian
acab290a-b1b4-42d5-88a4-9df6108ec1e1,1967,1985,e15e7b92-f376-374f-9285-2f59a38ad823,Guardian
c4b4d8bc-6118-4527-8c28-b9b8b0b5636e,1971,1989,e15e7b92-f376-374f-9285-2f59a38ad823,Guardian
68626f5d-d308-4886-a26f-7186da76813f,1959,1977,e15e7b92-f376-374f-9285-2f59a38ad823,Guardian
5b07a95b-7101-4464-9ab8-c556e97283cc,1968,1986,e15e7b92-f376-374f-9285-2f59a38ad823,Guardian
897e03d2-b2df-44b6-98c4-89ef2edf11e7,1987,2005,e15e7b92-f376-374f-9285-2f59a38ad823,Guardian
3f5b2501-d70b-4e0d-a4b7-10b265a3f938,1965,1983,e15e7b92-f376-374f-9285-2f59a38ad823,Guardian
f65d5a23-b5fc-4efe-8d21-67bafb0cd03a,1947,1965,e15e7b92-f376-374f-9285-2f59a38ad823,Guardian
b451976a-dadf-47df-a9b9-df125f44b0bd,1965,1983,e15e7b92-f376-374f-9285-2f59a38ad823,Guardian
b3f0ab8a-bb80-418c-8a0e-e2e28c42aabd,1949,1967,e15e7b92-f376-374f-9285-2f59a38ad823,Guardian
29a02c48-faa6-45ed-a793-b33f73102622,1961,1979,e15e7b92-f376-374f-9285-2f59a38ad823,Guardian
577685a3-6931-4c43-9868-e2951e9f603f,1968,1986,e15e7b92-f376-374f-9285-2f59a38ad823,Guardian
8f2891bd-2025-450e-ab82-d6b6f5fa0f9d,1954,1972,e15e7b92-f376-374f-9285-2f59a38ad823,Guardian
