DATE,PATIENT,ENCOUNTER,CODE,DESCRIPTION,BASE_COST,REASONCODE,REASONDESCRIPTION
2011-11-19,2512ba69-6f6c-4112-aa3f-9f3ba27a6eaf,83c91ea8-fde1-4fe3-aee8-21a7a827e487,40701008,Echocardiography (procedure),1343.45,410429000,Cardiac Arrest
2011-11-19,2512ba69-6f6c-4112-aa3f-9f3ba27a6eaf,83c91ea8-fde1-4fe3-aee8-21a7a827e487,447365002,Insertion of biventricular implantable cardioverter defibrillator,39159.22,410429000,Cardiac Arrest
2011-11-19,2512ba69-6f6c-4112-aa3f-9f3ba27a6eaf,83c91ea8-fde1-4fe3-aee8-21a7a827e487,18286008,Catheter ablation of tissue of heart,14783.98,410429000,Cardiac Arrest
2020-02-06,cd1b44f1-5de0-49f7-aa68-90397aca1647,5a3d25f7-6220-48cf-8d2b-ab4da2da2c1f,73761001,Colonoscopy,10529.58,,
2017-05-24,f3807714-b249-4a79-ace7-432d7d662e67,0de8cbd6-8903-413f-b7f8-759bcfa934d6,73761001,Colonoscopy,10547.65,,
2012-01-31,8a947b75-a276-4679-ba93-7b2a55decba5,ae2a3d59-e30f-4439-a2c4-a626a779858a,73761001,Colonoscopy,12928.97,,
2017-01-29,8a947b75-a276-4679-ba93-7b2a55decba5,55bdeb47-e2bf-4c40-a51e-a7013365d3b5,73761001,Colonoscopy,17058.68,,
2013-04-04,bbfd1514-0f68-44c9-916e-abfd152b2a3a,7492b6de-e1ab-4e3f-a4ca-3929b90d7486,73761001,Colonoscopy,9191.83,,
2018-04-03,bbfd1514-0f68-44c9-916e-abfd152b2a3a,781a27e3-a1d8-4b49-93b9-64e33bacc70f,73761001,Colonoscopy,13660.74,,
2011-07-13,4dd4c240-5d61-4e70-a7a4-b713b476371a,c5b75a39-5724-4c00-bda7-26ecbba526d5,73761001,Colonoscopy,13408.56,,
2016-07-11,4dd4c240-5d61-4e70-a7a4-b713b476371a,d4e4bc5f-5661-41a6-af2a-a5afb08358bf,73761001,Colonoscopy,16490.45,,
2015-04-20,255de6de-fbeb-4a86-b25d-095a76c5edd6,5529b0f0-faf0-492f-b32e-022388797d10,73761001,Colonoscopy,9932.03,,
2010-11-15,566eb8d8-36bc-46d5-a987-51486b5ca0c8,fe02d1e2-9131-491d-9621-5dbfa29457fd,180325003,Electrical cardioversion,26175.15,49436004,Atrial Fibrillation
2011-11-21,566eb8d8-36bc-46d5-a987-51486b5ca0c8,9f678ac7-3e6d-4f6e-8e77-81d2220a9b52,180325003,Electrical cardioversion,23725.41,49436004,Atrial Fibrillation
2012-11-26,566eb8d8-36bc-46d5-a987-51486b5ca0c8,6f11d207-bbcc-4813-bfe1-a1635cdf8a22,180325003,Electrical cardioversion,29877.68,49436004,Atrial Fibrillation
2013-12-02,566eb8d8-36bc-46d5-a987-51486b5ca0c8,fda97034-0f87-4718-af7e-ca725f11332c,180325003,Electrical cardioversion,36710.88,49436004,Atrial Fibrillation
2014-12-08,566eb8d8-36bc-46d5-a987-51486b5ca0c8,7ceba589-8008-4158-9f69-e9fd83ec4b42,180325003,Electrical cardioversion,20582.35,49436004,Atrial Fibrillation
2015-12-14,566eb8d8-36bc-46d5-a987-51486b5ca0c8,bac15f94-4554-43c6-b81c-61e9dac35937,180325003,Electrical cardioversion,28671.79,49436004,Atrial Fibrillation
2016-12-19,566eb8d8-36bc-46d5-a987-51486b5ca0c8,5e62b395-1f7e-4303-966e-58a938dddb7c,18286008,Catheter ablation of tissue of heart,14769.56,49436004,Atrial Fibrillation
2017-10-30,566eb8d8-36bc-46d5-a987-51486b5ca0c8,f18cf171-1a62-4d2d-bc29-4169a3f03c2a,40701008,Echocardiography (procedure),781.84,230690007,Stroke
2017-10-30,566eb8d8-36bc-46d5-a987-51486b5ca0c8,f18cf171-1a62-4d2d-bc29-4169a3f03c2a,433112001,Percutaneous mechanical thrombectomy of portal vein using fluoroscopic guidance,32969.92,230690007,Stroke
2017-12-25,566eb8d8-36bc-46d5-a987-51486b5ca0c8,1d6d92e5-fd13-4055-a242-4057b7bb1245,180325003,Electrical cardioversion,41936.90,49436004,Atrial Fibrillation
2018-12-31,566eb8d8-36bc-46d5-a987-51486b5ca0c8,4766799b-a836-43c7-a6f4-ed35fa743ced,180325003,Electrical cardioversion,21789.19,49436004,Atrial Fibrillation
2020-01-06,566eb8d8-36bc-46d5-a987-51486b5ca0c8,7ab25281-a7d9-466c-b436-9c9d9013a3ef,180325003,Electrical cardioversion,36474.41,49436004,Atrial Fibrillation
2013-09-05,3e20f48f-829f-4ff1-b047-7ea7dbd0f283,7a973ecc-8750-4ce6-becf-f2d75c098cf8,73761001,Colonoscopy,7793.75,,
2018-09-04,3e20f48f-829f-4ff1-b047-7ea7dbd0f283,96357b08-8c28-423f-8a20-2bed9c365e85,73761001,Colonoscopy,13151.36,,
2012-12-02,2e065a6e-bdc1-4275-838c-1d594c74fa7b,218bd2f8-ec41-42b6-90c7-fe0fbcac83a3,73761001,Colonoscopy,13447.31,,
2017-12-01,2e065a6e-bdc1-4275-838c-1d594c74fa7b,50ccc1e3-739d-4e6a-af4d-6837e278414b,73761001,Colonoscopy,10248.31,,
2015-01-05,fb78572e-c1a1-4fad-8568-7c679aadaadf,c98638c9-e282-4d66-8e1d-ce070088af27,73761001,Colonoscopy,13483.26,,
2020-01-04,fb78572e-c1a1-4fad-8568-7c679aadaadf,20d58ffe-18d6-4d5d-b993-1b0a6fb63983,73761001,Colonoscopy,10741.51,,
2020-01-04,fb78572e-c1a1-4fad-8568-7c679aadaadf,20d58ffe-18d6-4d5d-b993-1b0a6fb63983,104435004,Screening for occult blood in feces (procedure),7254.25,68496003,Polyp of colon
2020-01-04,fb78572e-c1a1-4fad-8568-7c679aadaadf,20d58ffe-18d6-4d5d-b993-1b0a6fb63983,274031008,Rectal polypectomy,15389.10,68496003,Polyp of colon
2012-07-31,0aa14e81-75c3-4a67-9c28-005170f4e1f0,d0c6d308-9347-49ad-a2f0-9927a4943ded,180325003,Electrical cardioversion,29812.68,49436004,Atrial Fibrillation
2013-08-06,0aa14e81-75c3-4a67-9c28-005170f4e1f0,a71f0c4c-e5de-4ac9-b948-db3f76b483c5,180325003,Electrical cardioversion,40110.31,49436004,Atrial Fibrillation
2014-08-12,0aa14e81-75c3-4a67-9c28-005170f4e1f0,c59718e3-07ba-4aba-8c4a-4707615a4bc2,180325003,Electrical cardioversion,25025.29,49436004,Atrial Fibrillation
2015-08-18,0aa14e81-75c3-4a67-9c28-005170f4e1f0,443cb95c-8390-416e-ba6a-686e45bcf9a9,180325003,Electrical cardioversion,20678.56,49436004,Atrial Fibrillation
2016-08-23,0aa14e81-75c3-4a67-9c28-005170f4e1f0,b29b336e-0098-4551-9fdd-3ade83b9cf83,18286008,Catheter ablation of tissue of heart,14162.26,49436004,Atrial Fibrillation
2017-08-29,0aa14e81-75c3-4a67-9c28-005170f4e1f0,0b8dc431-ae75-4f11-a193-81e086bee678,180325003,Electrical cardioversion,20452.18,49436004,Atrial Fibrillation
2018-09-04,0aa14e81-75c3-4a67-9c28-005170f4e1f0,71fc8203-156b-435f-bb88-1b96352ec544,180325003,Electrical cardioversion,36763.59,49436004,Atrial Fibrillation
2019-09-10,0aa14e81-75c3-4a67-9c28-005170f4e1f0,02250f80-af9f-4755-93d7-534595a8e17e,180325003,Electrical cardioversion,28510.73,49436004,Atrial Fibrillation
2019-09-06,876d7deb-4f50-4a31-8198-c6c7e3664a11,f6c4ddac-d2a0-43da-a458-7e3932b57840,73761001,Colonoscopy,10942.03,,
2015-06-05,c6fa3ac8-183c-4912-8d50-8820330e5220,d7b489f9-fa13-4ead-8c71-f6d783f5eb9d,73761001,Colonoscopy,12083.25,,
2019-09-17,f0a3eb8f-65b9-4ce4-98ca-76bdb9f2f681,bafe0e8b-4453-4510-9adb-d7c21cba4b63,73761001,Colonoscopy,16545.16,,
2012-02-12,2315da08-af80-418a-a6f8-467644435ce8,5496ef3f-acaa-4666-b927-0c696d30e698,73761001,Colonoscopy,11914.17,,
2017-02-10,2315da08-af80-418a-a6f8-467644435ce8,6744fe8d-370f-4e1a-a908-bd3dc4e1d2e4,73761001,Colonoscopy,16462.01,,
2011-02-20,7645f52b-6fcc-42e8-b29f-0f8df4d3fb05,9d58a16a-a9ff-4580-a615-06a382275497,73761001,Colonoscopy,20186.77,,
2016-02-19,7645f52b-6fcc-42e8-b29f-0f8df4d3fb05,fb2fc289-e7f5-491d-8557-317aec770378,73761001,Colonoscopy,13787.62,,
2016-02-02,ac6cdd97-a678-4a53-af36-2050fc38bf88,d7204be7-272e-4d59-9ff7-ca45fce8bd68,73761001,Colonoscopy,11230.54,,
2014-09-26,e425303a-6c66-4b78-9d97-488540c8d9d3,c8326355-a138-4619-949e-b8269cadeb25,73761001,Colonoscopy,8928.98,,
2019-09-25,e425303a-6c66-4b78-9d97-488540c8d9d3,dc28195c-0cc5-4702-845b-1893997a274a,73761001,Colonoscopy,14305.64,,
2014-01-24,f72b64ca-bb94-4759-8e52-b72bc23bce19,6655f1ff-4f10-453d-8d2b-6b102dad2ef1,73761001,Colonoscopy,14039.54,,
2019-01-23,f72b64ca-bb94-4759-8e52-b72bc23bce19,1e45ce94-0448-41f4-88c7-248b3fb99532,73761001,Colonoscopy,14930.25,,
2010-08-22,dbf9ec73-47e0-421c-ac32-40151216ba2a,bc9b34af-dbea-4e2d-81be-c1952da40d19,73761001,Colonoscopy,7208.63,,
2015-08-21,dbf9ec73-47e0-421c-ac32-40151216ba2a,99556acc-0804-46f3-819a-c506578947fc,73761001,Colonoscopy,11727.53,,
1989-05-29,83cf7e94-3d54-40b7-a14d-c3ba32252c17,4517e5a6-ac42-4384-bd59-5da66e8838ac,40701008,Echocardiography (procedure),1161.84,22298006,Myocardial Infarction
1989-05-29,83cf7e94-3d54-40b7-a14d-c3ba32252c17,4517e5a6-ac42-4384-bd59-5da66e8838ac,415070008,Percutaneous coronary intervention,20606.01,22298006,Myocardial Infarction
1989-05-29,83cf7e94-3d54-40b7-a14d-c3ba32252c17,4517e5a6-ac42-4384-bd59-5da66e8838ac,232717009,Coronary artery bypass grafting,62973.44,22298006,Myocardial Infarction
2014-02-17,bcaded09-77e6-4796-987a-a05eeebce6c9,e3773592-733d-43ae-87a4-f1a12425e42e,73761001,Colonoscopy,9602.71,,
2019-02-16,bcaded09-77e6-4796-987a-a05eeebce6c9,b348f233-48c7-41e0-b4ec-17c25724561b,73761001,Colonoscopy,9847.04,,
2013-03-29,96fbc23c-81c1-4f3f-a908-4069cdac6747,393bd23b-d73e-4204-bf85-b49af2c8a142,40701008,Echocardiography (procedure),1130.49,230690007,Stroke
2013-03-29,96fbc23c-81c1-4f3f-a908-4069cdac6747,393bd23b-d73e-4204-bf85-b49af2c8a142,433112001,Percutaneous mechanical thrombectomy of portal vein using fluoroscopic guidance,19521.38,230690007,Stroke
2017-08-07,acab290a-b1b4-42d5-88a4-9df6108ec1e1,8977ae7a-4c93-4853-9de4-2a59863ee215,73761001,Colonoscopy,15770.29,,
2014-01-24,68626f5d-d308-4886-a26f-7186da76813f,64c45052-dc47-459b-8b89-941cf2477b7f,73761001,Colonoscopy,19658.47,,
2019-01-23,68626f5d-d308-4886-a26f-7186da76813f,8e7096b3-76cc-43c5-838e-7dff1f177b95,73761001,Colonoscopy,12892.83,,
2015-04-11,3f5b2501-d70b-4e0d-a4b7-10b265a3f938,8f9877f9-4154-4a94-a95a-1dc4f656c5c1,73761001,Colonoscopy,21510.17,,
2014-06-07,b3f0ab8a-bb80-418c-8a0e-e2e28c42aabd,cf74fa2e-ff52-4334-82b2-bf27c7e5f0b4,73761001,Colonoscopy,19919.86,,
2019-06-06,b3f0ab8a-bb80-418c-8a0e-e2e28c42aabd,1629b6e6-302d-4a61-af0e-c8cd1e0cecee,73761001,Colonoscopy,17571.68,,
2018-07-29,29a02c48-faa6-45ed-a793-b33f73102622,0dd2a9f0-bad5-47bf-ae3a-7f19fb3757cf,40701008,Echocardiography (procedure),1141.89,230690007,Stroke
2018-07-29,29a02c48-faa6-45ed-a793-b33f73102622,0dd2a9f0-bad5-47bf-ae3a-7f19fb3757cf,433112001,Percutaneous mechanical thrombectomy of portal vein using fluoroscopic guidance,31505.90,230690007,Stroke
2018-08-19,577685a3-6931-4c43-9868-e2951e9f603f,4d5bef27-2e5a-465f-a759-10ecca71b83d,73761001,Colonoscopy,10216.40,,
2014-07-07,8f2891bd-2025-450e-ab82-d6b6f5fa0f9d,a82c28cd-b65e-41a9-80e1-5860316358ba,73761001,Colonoscopy,21128.14,,
2019-07-06,8f2891bd-2025-450e-ab82-d6b6f5fa0f9d,1cec5f0f-32e8-4921-8db4-958556fdb802,73761001,Colonoscopy,20725.44,,
