Id,ORGANIZATION,NAME,GENDER,SPECIALITY,ADDRESS,CITY,STATE,ZIP,LAT,LON,UTILIZATION
86e1ef50-3521-3c86-b422-b015bec90fe2,175e90a7-2ac8-3a8e-b263-1dee1cae97e8,Ha Nuorivuori,F,GENERAL PRACTICE,Haartmaninkatu 4C-4E,Helsinki,18,00290,60.18916,24.90908,3
da6a73aa-b35b-375c-a49e-a0bd24be8b8a,319baef9-e8e6-3320-9e0b-7991d9c167b8,Kaisu-Liisa Anetjärvi,F,GENERAL PRACTICE,Haartmaninkatu 4,Helsinki,18,00290,60.189159,24.909081,2
6aa28918-cdad-33f5-83a7-8c45c8b337b5,d8f91bff-b1eb-3e4d-8936-10924c36977a,Stefan Antonov,M,GENERAL PRACTICE,Meilahdentie 2,Helsinki,18,00250,60.19263,24.89436,8
d2b16f6b-3816-32cd-96c4-43bf65c83c33,410e8cf7-76a3-307f-b421-5fa7760177f1,Serafina Lisitsin,F,GENERAL PRACTICE,Kasarmikatu 11-13,Helsinki,18,00130,60.16102,24.94834,12
04ac056c-2185-3e81-8212-3f9a6e984cbc,39010280-b8e5-3b1a-b835-bafbeea21968,Joakim Savilahti,M,GENERAL PRACTICE,Turuntie 150,Espoo,18,02740,60.22589,24.77581,6
76704537-1734-3045-85ed-0bf61e31e8f5,7b74aa83-5335-38dd-a213-d6df36c7f627,Filomena Nyyssölä,F,GENERAL PRACTICE,Karvasmäentie 6,Espoo,18,02740,60.22011,24.6848,10
a6c1dc0f-f272-3b0e-b524-fbfb7f081598,af916982-f5f8-341b-b159-69e72695294c,Mai-Lis Pyymäki,F,GENERAL PRACTICE,Sairaalakatu 1,Vantaa,18,01400,60.3299,25.0608,12
9cae58d1-9762-32f4-90db-45b6325454e8,b9b4f8d8-b4a7-3164-a21f-c57b0c40c3ff,Sira Tuppi,F,GENERAL PRACTICE,Sairaalankatu 1,Hyvinkää,18,05830,60.612,24.82486,10
dece9729-f542-3154-a496-cb06c526386e,8af774ed-7635-320a-ad8c-a63aa309a858,Carmela Kaakkunen,F,GENERAL PRACTICE,Sairaalatie 8,Lohja,18,08200,60.2247,24.01885,6
58baeb45-3983-3163-81d1-be40c3c6c82a,d8b3cbb1-88db-3fc1-bb2b-6a9c0037e6e5,Shari Heittokangas,F,GENERAL PRACTICE,Sairaalantie 1,Porvoo,18,06200,60.37911,25.69576,5
6493f2ee-f975-30cd-a70e-4ca08255f727,738aef7e-a279-3f65-9dba-fead16b27400,Milja Ruokoniemi,F,GENERAL PRACTICE,Turuntie 150,Espoo,18,02740,60.22589,24.77581,1581
66322923-569f-32ac-9d4a-7d84e33e89ba,9a3e6919-4ed0-32fe-a1e2-7184b06c415f,Jannika Myllyneva,F,GENERAL PRACTICE,Karvasmäentie 6,Espoo,18,02740,60.22011,24.6848,349
0edf55ea-b28c-3f07-b532-54c54f2ac3c4,a70486b2-c33a-37b3-a4cf-b3dc06cb9d84,Ha Nuorivuori,F,GENERAL PRACTICE,Sairaalakatu 1,Vantaa,18,01400,60.3299,25.0608,828
c777d037-3382-3b13-9304-201b4a996082,bf25636d-50a4-3cf2-b937-0e59fd37503f,Kaisu-Liisa Anetjärvi,F,GENERAL PRACTICE,Sairaalankatu 1,Hyvinkää,18,05830,60.612,24.82486,330
2b88f645-f835-3aa8-aaf8-12ea4b9748ca,4eddd774-a01b-3a0b-b4c6-736a5581aba4,Merikki Jaako,F,GENERAL PRACTICE,Ohkolantie 10,Kellokoski,18,04500,60.53054,25.10548,113
d438c797-8886-3b48-8bc7-5090b2f93236,942171f0-df04-34cc-9c85-1a11b2f08717,Amjad Oinonen,M,GENERAL PRACTICE,Sairaalatie 8,Lohja,18,08200,60.2247,24.01885,150
8f074995-cd62-329c-8c88-c77a53c3c736,216a84b2-6287-356d-9bcf-655abf00debb,Jari-Markus Sipola,M,GENERAL PRACTICE,Sairaalantie 1,Porvoo,18,06200,60.37911,25.69576,321
854314c1-31ef-3fbb-be37-d70a36ac3d08,319baef9-e8e6-3320-9e0b-7991d9c167b8,Milja Ruokoniemi,F,GENERAL PRACTICE,Haartmaninkatu 4,Helsinki,18,00290,60.189159,24.909081,2
436c0e72-61c0-32df-a746-729a5610f667,39010280-b8e5-3b1a-b835-bafbeea21968,Ha Nuorivuori,F,GENERAL PRACTICE,Turuntie 150,Espoo,18,02740,60.22589,24.77581,1
