location_id,address_1,address_2,city,state,zip,county,location_source_value
4336,730 Luostarinen Katu Unit 40,,Espoo,Uusimaa,02860,Espoo,4890483f-5725-474b-9e16-031764cf67a2
4337,498 Lukki Katu Apt 24,,Raasepori,Uusimaa,10350,Raasepori,a344f629-46d3-4865-b21a-8e997c58b182
4338,919 Mannola Katu Suite 54,,Raasepori,Uusimaa,10420,Raasepori,43bf69b6-922b-4553-905a-dd1a2f8e6c33
4339,644 Ahnger Katu,,Helsinki,Uusimaa,00360,Helsinki,660b89e2-2381-4e5c-8e7f-0ef8677df99e
4340,571 Luomanpää Katu Unit 82,,Helsinki,Uusimaa,00690,Helsinki,4fa70522-adc8-4f17-bcb0-8d7f51611ab2
4341,260 Böhm Katu Apt 9,,Espoo,Uusimaa,02130,Espoo,ee334a09-becc-4eba-8280-7d2faf3591b7
4342,663 Schmitt Katu Suite 42,,Helsinki,Uusimaa,00160,Helsinki,27184afa-8d04-49c2-804a-d2b0d0103dd9
4343,483 Humaloja Katu Suite 77,,Kerava,Uusimaa,04230,Kerava,2bb0b6ee-6971-4963-ac42-0f963d818caf
4344,200 Purho Katu Suite 34,,Espoo,Uusimaa,02110,Espoo,89cc2412-5221-460d-bd7f-eded4fa79aeb
4345,1006 Päärnilä Katu,,Hyvinkää,Uusimaa,05460,Hyvinkää,df49397e-06d0-46e3-b828-725d76e96070
4346,479 Rautio Katu,,Helsinki,Uusimaa,00140,Helsinki,b2a02472-3ce3-4e17-927e-250e1251de66
4347,846 Rautila Katu Suite 63,,Helsinki,Uusimaa,00360,Helsinki,c34b7f74-6a26-469f-aba3-91943f9951d8
4348,262 Häti Katu,,Vantaa,Uusimaa,01660,Vantaa,9f062448-1992-4a5a-8f1d-ce6db9011d89
4349,709 Wirgentius Katu Unit 53,,Vantaa,Uusimaa,01300,Vantaa,f943683e-6f3c-463b-832b-3dd3c6382e0b
4350,566 Salokorpi Katu,,Helsinki,Uusimaa,00520,Helsinki,7cd36edc-101c-4a1f-94db-fd447c404821
4351,660 Wink Katu,,Espoo,Uusimaa,02860,Espoo,cb1b8fc2-0c18-47bb-b520-bca013e1a8b2
4352,944 Sillfors Katu Apt 25,,Nurmijärvi,Uusimaa,01800,Nurmijärvi,16038a8a-16ec-4e25-8fda-b177cfbc06b8
4353,445 Sipponen Katu Apt 70,,Vantaa,Uusimaa,01760,Vantaa,5a5cc561-36ed-4b16-a34b-f2743e32326c
4354,944 Kiss Katu,,Helsinki,Uusimaa,00200,Helsinki,299cd23e-474a-47e8-aedc-703f3b843771
4355,687 Salmelainen Katu Suite 63,,Järvenpää,Uusimaa,04410,Järvenpää,869f3fa7-8930-4828-a2a8-7356354f90fa
4356,542 Katainen Katu Unit 71,,Helsinki,Uusimaa,00740,Helsinki,94782479-b473-48f0-a24c-a3eca2fd281a
4357,570 Vehkakoski Katu Suite 82,,Helsinki,Uusimaa,00980,Helsinki,5c2b66e8-0f2b-4e8c-b303-9bd8106342d4
4358,977 Mökkälä Katu Suite 72,,Helsinki,Uusimaa,00920,Helsinki,9e7e710d-6585-4678-b5ac-0b7712cb024b
4359,289 Puroharju Katu,,Helsinki,Uusimaa,00440,Helsinki,7dc76b3e-7289-49f9-a661-19524617e00a
4360,482 Vigman Katu,,Espoo,Uusimaa,02600,Espoo,4b7ef061-75f4-471e-8d04-b1601a985e0f
4361,336 Kankaanranta Katu,,Porvoo,Uusimaa,07370,Porvoo,93a66a5f-76ba-4a61-b2ac-31f73b4806af
4362,819 Ärölä Katu,,Helsinki,Uusimaa,00220,Helsinki,6785d5ac-8ba8-497b-95da-2b5f33aad418
4363,313 Ylevä Katu Suite 10,,Espoo,Uusimaa,02300,Espoo,0f843ee5-1d18-41a2-88f8-113a1427a3fc
4364,1001 Jesiöjärvi Katu,,Helsinki,Uusimaa,00900,Helsinki,97f4235b-c5af-42f5-8177-4f4e9d2fd3f9
4365,1010 Takari Katu Suite 5,,Helsinki,Uusimaa,00680,Helsinki,c532a7bb-6963-4953-bc9a-4e916739a537
4366,234 Vaalamo Katu Unit 26,,Helsinki,Uusimaa,00870,Helsinki,64394d56-a2b7-47df-b370-f16bcd98c2f1
4367,323 Berndtsson Katu,,Nurmijärvi,Uusimaa,01900,Nurmijärvi,f805aead-4f84-4da2-9b2c-d60fdd6f4f34
4368,536 Pihlajisto Katu,,Helsinki,Uusimaa,00350,Helsinki,02f7889e-ac3c-4c8f-9a06-74e2ce02216b
4369,311 Yli-Juuti Katu,,Espoo,Uusimaa,02130,Espoo,4d2ed725-849c-4eb7-b2cd-0060e1e74a81
4370,1077 Riekkola Katu,,Espoo,Uusimaa,02980,Espoo,9ac6bcd5-fd48-448f-b18e-e72dfea68d98
4371,385 Ruottinen Katu Apt 53,,Vantaa,Uusimaa,01390,Vantaa,eddcfbcb-c011-4c06-a13e-98b2f0764444
4372,923 Priuska Katu Suite 85,,Hyvinkää,Uusimaa,05880,Hyvinkää,bce185e0-c1d5-4107-a67c-7795be23c646
4373,1011 Viukari Katu Apt 26,,Helsinki,Uusimaa,00780,Helsinki,65de19ee-4956-453f-9efd-972f13e4a49a
4374,410 Fleen Katu,,Vantaa,Uusimaa,01700,Vantaa,855af25c-c0d5-4bb2-92e1-2e32083008b6
4375,518 Laitinmäki Katu,,Helsinki,Uusimaa,00780,Helsinki,9f7b8f19-0d5c-4751-96b5-7184a1406c30
4376,171 Einistö Katu,,Vantaa,Uusimaa,01340,Vantaa,36d464d5-2b05-4bba-bae8-1e66d7309ebf
4377,335 Sora Katu,,Lohja,Uusimaa,09810,Lohja,2c311352-57c2-4815-bc77-aa8e383f565e
4378,562 Ahmajärvi Katu,,Espoo,Uusimaa,02940,Espoo,1ec5988e-66d2-490f-890a-1bfdfad00f0b
4379,878 Hobin Katu,,Vantaa,Uusimaa,01490,Vantaa,6464f673-ad23-42c5-b756-7d35bcd939df
4380,866 Aamurusko Katu Unit 19,,Porvoo,Uusimaa,01180,Porvoo,248f9052-e198-4870-a0c5-ab3e57a8419d
4381,166 Altis Katu,,Vantaa,Uusimaa,01280,Vantaa,35bfe1d3-bbb3-4c1e-a0c2-bf00b2769d8b
4382,896 Pouhula Katu,,Helsinki,Uusimaa,00380,Helsinki,c5de6564-9e11-469a-a4f0-837db55cee12
4383,657 Vilajoki Katu Apt 25,,Espoo,Uusimaa,02380,Espoo,a9bfac36-1cb5-41e9-9c2b-f16e0dbf5d98
4384,881 Hamarus Katu,,Porvoo,Uusimaa,07280,Porvoo,fe4220bf-0502-4cf8-a93a-530574ad6c35
4385,176 Kohomäki Katu,,Helsinki,Uusimaa,00600,Helsinki,69d30f3c-fe87-40d7-b472-7bd95ef04ca2
4386,219 Naumi Katu,,Espoo,Uusimaa,02980,Espoo,81413657-a23e-4f9c-bb59-bbaad8bf3e96
4387,143 Arvekari Katu,,Espoo,Uusimaa,02250,Espoo,f5f2a836-79a2-44f8-93c4-1017ba342999
4388,430 Raasakka Katu,,Espoo,Uusimaa,02750,Espoo,d4be9924-f295-4e74-948c-aeb619c1c182
4389,299 Kautto Katu,,Vantaa,Uusimaa,01640,Vantaa,237e3fe2-60df-442a-96a8-3df3645aeaa6
4390,829 Risunen Katu Apt 66,,Nurmijärvi,Uusimaa,05450,Nurmijärvi,d39d8d85-7b07-4142-813b-3577d16526b7
4391,841 Haapakorva Katu Apt 67,,Vantaa,Uusimaa,01350,Vantaa,1a07ed68-78af-49d3-9c18-e75341b3996c
4392,285 Rautakoura Katu Unit 98,,Helsinki,Uusimaa,00420,Helsinki,c5473da7-22bb-49e1-8e42-ca4472e844b2
4393,412 Lehtikuusi Katu,,Helsinki,Uusimaa,00410,Helsinki,62c03e6a-bc2e-4bf2-af27-ccc8e5c79b70
4394,195 Ylitalo Katu,,Helsinki,Uusimaa,00840,Helsinki,6a20ec39-8fae-433d-8093-57df2b3286df
4395,997 Räätäri Katu Unit 61,,Espoo,Uusimaa,02810,Espoo,e3dfd7ee-acf4-4cea-868a-a230b2c192f9
4396,769 Enlund Katu Apt 7,,Järvenpää,Uusimaa,04400,Järvenpää,3f420187-86cb-4e10-8743-18fceb9ca151
4397,982 Keikkala Katu,,Helsinki,Uusimaa,00900,Helsinki,a6b7c607-02a1-491c-b4c5-018f5bcec643
4398,710 Palola Katu Apt 31,,Helsinki,Uusimaa,00670,Helsinki,05802ed4-3393-4af0-a633-6919c538147c
4399,1058 Parmonen Katu Unit 95,,Vantaa,Uusimaa,01610,Vantaa,561933f1-e044-4a2d-8e8a-a2317a4c42a0
4400,157 Kirvesmies Katu Apt 13,,Porvoo,Uusimaa,07370,Porvoo,4a7abbd7-9c8b-4ca7-b217-f2ca4647a670
4401,1027 Malmikumpu Katu,,Helsinki,Uusimaa,00310,Helsinki,bad4a623-f8d7-45ad-b575-4b62c2abcbf1
4402,983 Pahlsten Katu Apt 40,,Helsinki,Uusimaa,00860,Helsinki,9270b2aa-ed20-425c-b222-4c870e3caa4e
4403,760 Herola Katu Unit 5,,Raasepori,Uusimaa,10680,Raasepori,c2916f80-f2b4-4d41-95c2-cb9687205b83
4404,166 Kess Katu,,Helsinki,Uusimaa,00990,Helsinki,cb2f3dd3-6dd8-4c6f-9ad6-f6fe6c380cf1
4405,422 Ravila Katu Unit 45,,Helsinki,Uusimaa,00910,Helsinki,7ab87d68-8682-403a-88ff-53d9148dacd7
4406,704 Myllymäki Katu Unit 27,,Vantaa,Uusimaa,01400,Vantaa,f7f1d33c-a09e-4cf2-9645-336f6e9fe65f
4407,897 Matthews Katu Unit 8,,Helsinki,Uusimaa,00850,Helsinki,173e0110-6fae-412c-a9a8-a92687e9c429
4408,819 Vogel Katu,,Espoo,Uusimaa,02730,Espoo,dc304a54-fbaf-42d9-80e9-dfd17077ce77
4409,558 Kirk Katu Apt 53,,Kerava,Uusimaa,04200,Kerava,f29862ba-2057-43fe-a488-cc24489912bd
4410,1023 Kannusmäki Katu,,Espoo,Uusimaa,02730,Espoo,0649766d-5802-4c1c-804e-3ad7cbdc1beb
4411,635 Uggeldahl Katu,,Helsinki,Uusimaa,00370,Helsinki,b4f06833-33bf-4dd5-ae59-5e4ff4bb423e
4412,432 Esko Katu Suite 28,,Helsinki,Uusimaa,00300,Helsinki,e1c9184b-bf40-4a3b-b947-be47af82535d
4413,285 Thun Katu,,Tuusula,Uusimaa,04340,Tuusula,464a6dc0-159e-449a-a86c-39ec83af6adf
4414,889 Mattas Katu,,Raasepori,Uusimaa,10660,Raasepori,5b636815-9a92-4f9d-baf9-b54a9054bf79
4415,902 Cajan Katu Suite 16,,Helsinki,Uusimaa,00820,Helsinki,0bfc3608-db13-4d06-bf9f-04065c8a9f83
4416,563 Borodulin Katu,,Helsinki,Uusimaa,00400,Helsinki,f8c7d95c-66eb-420f-b094-786d68461fc6
4417,1097 Torvelainen Katu,,Helsinki,Uusimaa,00820,Helsinki,3cf80cd0-2acf-4cb7-aca3-a14c91d7693b
4418,900 Nummi Katu Unit 58,,Helsinki,Uusimaa,00770,Helsinki,7fda8c4f-1eef-4b95-9db1-26c742235481
4419,595 Glantz Katu Unit 24,,Espoo,Uusimaa,02250,Espoo,fc361b12-00cb-4f74-a407-4da773fd4c57
4420,597 Haukkasalo Katu,,Espoo,Uusimaa,02340,Espoo,918e28b2-4135-454f-b59e-9c4bdecc705a
4421,632 Puhjo Katu Unit 74,,Espoo,Uusimaa,02100,Espoo,2a97ad96-2930-42ec-abf3-4b9465f18f6f
4422,146 Säteri Katu,,Espoo,Uusimaa,02340,Espoo,432c77d7-64c7-492d-94d9-9efd6e9edcca
4423,314 Alaruikka Katu,,Vantaa,Uusimaa,01740,Vantaa,f8c50458-355c-40a7-bbf1-9f6be3b79d57
4424,831 Isoeskeli Katu,,Espoo,Uusimaa,02920,Espoo,3e520aa4-0b05-4aac-8aa2-479bdfe8a8cf
4425,1024 Thitz Katu,,Helsinki,Uusimaa,00910,Helsinki,31a416eb-8c4d-42dc-a56d-e6402cccdba4
4426,550 Tiainen Katu Apt 19,,Järvenpää,Uusimaa,04440,Järvenpää,028a613a-5871-4410-a0ec-c09839e041a3
4427,872 Fromholdt Katu Apt 46,,Helsinki,Uusimaa,00590,Helsinki,96bc4a47-0884-49a7-ab52-1ff8594feaab
4428,1052 Vestberg Katu,,Vantaa,Uusimaa,01260,Vantaa,d8650f5d-e6f5-494b-ae7b-04cec9bcdde9
4429,472 Nurme Katu Suite 68,,Järvenpää,Uusimaa,04400,Järvenpää,3313a0a2-a98a-4eef-829b-9808c6a00fad
4430,337 Konstig Katu,,Hyvinkää,Uusimaa,05810,Hyvinkää,f32e0b7d-69ec-4126-b752-720badef2300
4431,575 Korkka Katu Apt 42,,Espoo,Uusimaa,02340,Espoo,7006c296-db7d-462f-b538-fc3735ba0ee0
4432,643 Vapaavuori Katu Unit 74,,Helsinki,Uusimaa,00780,Helsinki,0bd0a37d-fdb3-466c-b4f9-21dee96d4787
4433,1027 Hukka Katu,,Helsinki,Uusimaa,00960,Helsinki,7c2d95af-d535-4911-8374-80a80933cfb8
4434,432 Rautomaa Katu Unit 58,,Helsinki,Uusimaa,00190,Helsinki,bd504d4c-e58f-434b-b2c6-736c15101a50
4435,922 Kattilamäki Katu,,Raasepori,Uusimaa,10350,Raasepori,3754068d-2273-41cc-8e45-2576e0a65477
