person_id,gender_concept_id,year_of_birth,month_of_birth,day_of_birth,birth_datetime,race_concept_id,ethnicity_concept_id,location_id,provider_id,care_site_id,person_source_value,gender_source_value,gender_source_concept_id,race_source_value,race_source_concept_id,ethnicity_source_value,ethnicity_source_concept_id
4336,8507,2018,8,14,,8527,0,4336,,,4890483f-5725-474b-9e16-031764cf67a2,M,0,white,0,nonhispanic,0
4337,8507,2014,3,17,,8527,0,4337,,,a344f629-46d3-4865-b21a-8e997c58b182,M,0,white,0,nonhispanic,0
4338,8532,1994,3,9,,8527,0,4338,,,43bf69b6-922b-4553-905a-dd1a2f8e6c33,F,0,white,0,nonhispanic,0
4339,8507,1986,4,25,,8527,0,4339,,,660b89e2-2381-4e5c-8e7f-0ef8677df99e,M,0,white,0,nonhispanic,0
4340,8532,1977,7,14,,8527,0,4340,,,4fa70522-adc8-4f17-bcb0-8d7f51611ab2,F,0,white,0,nonhispanic,0
4341,8507,2015,6,3,,8527,0,4341,,,ee334a09-becc-4eba-8280-7d2faf3591b7,M,0,white,0,nonhispanic,0
4342,8507,1969,2,3,,8527,0,4342,,,27184afa-8d04-49c2-804a-d2b0d0103dd9,M,0,white,0,nonhispanic,0
4343,8507,1977,9,22,,8527,0,4343,,,2bb0b6ee-6971-4963-ac42-0f963d818caf,M,0,white,0,nonhispanic,0
4344,8532,1964,6,5,,8527,0,4344,,,89cc2412-5221-460d-bd7f-eded4fa79aeb,F,0,white,0,nonhispanic,0
4345,8507,2014,6,14,,8527,0,4345,,,df49397e-06d0-46e3-b828-725d76e96070,M,0,white,0,nonhispanic,0
4346,8507,1955,1,24,,8527,0,4346,,,b2a02472-3ce3-4e17-927e-250e1251de66,M,0,white,0,nonhispanic,0
4347,8532,1954,1,18,,8527,0,4347,,,c34b7f74-6a26-469f-aba3-91943f9951d8,F,0,white,0,nonhispanic,0
4348,8507,2015,3,4,,8527,0,4348,,,9f062448-1992-4a5a-8f1d-ce6db9011d89,M,0,white,0,nonhispanic,0
4349,8507,1984,10,10,,8527,0,4349,,,f943683e-6f3c-463b-832b-3dd3c6382e0b,M,0,white,0,nonhispanic,0
4350,8507,1983,1,5,,8527,0,4350,,,7cd36edc-101c-4a1f-94db-fd447c404821,M,0,white,0,nonhispanic,0
4351,8532,1963,7,31,,8527,0,4351,,,cb1b8fc2-0c18-47bb-b520-bca013e1a8b2,F,0,white,0,nonhispanic,0
4352,8507,1981,3,25,,8527,0,4352,,,16038a8a-16ec-4e25-8fda-b177cfbc06b8,M,0,white,0,nonhispanic,0
4353,8532,1986,6,24,,8527,0,4353,,,5a5cc561-36ed-4b16-a34b-f2743e32326c,F,0,white,0,nonhispanic,0
4354,8507,2000,8,15,,8527,0,4354,,,299cd23e-474a-47e8-aedc-703f3b843771,M,0,white,0,nonhispanic,0
4355,8507,1941,9,4,,8527,0,4355,,,869f3fa7-8930-4828-a2a8-7356354f90fa,M,0,white,0,nonhispanic,0
4356,8507,2001,10,12,,8527,0,4356,,,94782479-b473-48f0-a24c-a3eca2fd281a,M,0,white,0,nonhispanic,0
4357,8507,2010,3,1,,8527,0,4357,,,5c2b66e8-0f2b-4e8c-b303-9bd8106342d4,M,0,white,0,nonhispanic,0
4358,8507,1955,3,23,,8527,0,4358,,,9e7e710d-6585-4678-b5ac-0b7712cb024b,M,0,white,0,nonhispanic,0
4359,8532,1981,11,1,,8527,0,4359,,,7dc76b3e-7289-49f9-a661-19524617e00a,F,0,white,0,nonhispanic,0
4360,8532,1986,2,22,,8527,0,4360,,,4b7ef061-75f4-471e-8d04-b1601a985e0f,F,0,white,0,nonhispanic,0
4361,8532,1945,4,13,,8527,0,4361,,,93a66a5f-76ba-4a61-b2ac-31f73b4806af,F,0,white,0,nonhispanic,0
4362,8507,1964,5,20,,8527,0,4362,,,6785d5ac-8ba8-497b-95da-2b5f33aad418,M,0,white,0,nonhispanic,0
4363,8507,1991,7,10,,8527,0,4363,,,0f843ee5-1d18-41a2-88f8-113a1427a3fc,M,0,white,0,nonhispanic,0
4364,8507,1997,10,22,,8527,0,4364,,,97f4235b-c5af-42f5-8177-4f4e9d2fd3f9,M,0,white,0,nonhispanic,0
4365,8532,2017,8,8,,8527,0,4365,,,c532a7bb-6963-4953-bc9a-4e916739a537,F,0,white,0,nonhispanic,0
4366,8507,2019,7,9,,8527,0,4366,,,64394d56-a2b7-47df-b370-f16bcd98c2f1,M,0,white,0,nonhispanic,0
4367,8532,1974,3,26,,8527,0,4367,,,f805aead-4f84-4da2-9b2c-d60fdd6f4f34,F,0,white,0,nonhispanic,0
4368,8532,1930,6,26,,8527,0,4368,,,02f7889e-ac3c-4c8f-9a06-74e2ce02216b,F,0,white,0,nonhispanic,0
4369,8507,2002,11,9,,8527,0,4369,,,4d2ed725-849c-4eb7-b2cd-0060e1e74a81,M,0,white,0,nonhispanic,0
4370,8507,1945,4,15,,8527,0,4370,,,9ac6bcd5-fd48-448f-b18e-e72dfea68d98,M,0,white,0,nonhispanic,0
4371,8507,2013,7,21,,8527,0,4371,,,eddcfbcb-c011-4c06-a13e-98b2f0764444,M,0,white,0,nonhispanic,0
4372,8532,2003,7,8,,8527,0,4372,,,bce185e0-c1d5-4107-a67c-7795be23c646,F,0,white,0,nonhispanic,0
4373,8532,1949,10,31,,8527,0,4373,,,65de19ee-4956-453f-9efd-972f13e4a49a,F,0,white,0,nonhispanic,0
4374,8507,1966,2,28,,8527,0,4374,,,855af25c-c0d5-4bb2-92e1-2e32083008b6,M,0,white,0,nonhispanic,0
4375,8532,1953,5,15,,8527,0,4375,,,9f7b8f19-0d5c-4751-96b5-7184a1406c30,F,0,white,0,nonhispanic,0
4376,8507,1997,10,20,,8527,0,4376,,,36d464d5-2b05-4bba-bae8-1e66d7309ebf,M,0,white,0,nonhispanic,0
4377,8507,1980,10,8,,8527,0,4377,,,2c311352-57c2-4815-bc77-aa8e383f565e,M,0,white,0,nonhispanic,0
4378,8507,1971,5,20,,8527,0,4378,,,1ec5988e-66d2-490f-890a-1bfdfad00f0b,M,0,white,0,nonhispanic,0
4379,8532,1945,10,18,,8527,0,4379,,,6464f673-ad23-42c5-b756-7d35bcd939df,F,0,white,0,nonhispanic,0
4380,8532,1959,6,30,,8527,0,4380,,,248f9052-e198-4870-a0c5-ab3e57a8419d,F,0,white,0,nonhispanic,0
4381,8507,1998,3,7,,8527,0,4381,,,35bfe1d3-bbb3-4c1e-a0c2-bf00b2769d8b,M,0,white,0,nonhispanic,0
4382,8532,1988,2,6,,8527,0,4382,,,c5de6564-9e11-469a-a4f0-837db55cee12,F,0,white,0,nonhispanic,0
4383,8507,1979,9,7,,8527,0,4383,,,a9bfac36-1cb5-41e9-9c2b-f16e0dbf5d98,M,0,white,0,nonhispanic,0
4384,8507,2017,9,18,,8527,0,4384,,,fe4220bf-0502-4cf8-a93a-530574ad6c35,M,0,white,0,nonhispanic,0
4385,8532,1969,1,28,,8527,0,4385,,,69d30f3c-fe87-40d7-b472-7bd95ef04ca2,F,0,white,0,nonhispanic,0
4386,8507,2011,5,25,,8527,0,4386,,,81413657-a23e-4f9c-bb59-bbaad8bf3e96,M,0,white,0,nonhispanic,0
4387,8532,2004,12,25,,8527,0,4387,,,f5f2a836-79a2-44f8-93c4-1017ba342999,F,0,white,0,nonhispanic,0
4388,8532,2003,12,11,,8527,0,4388,,,d4be9924-f295-4e74-948c-aeb619c1c182,F,0,white,0,nonhispanic,0
4389,8532,2002,11,27,,8527,0,4389,,,237e3fe2-60df-442a-96a8-3df3645aeaa6,F,0,white,0,nonhispanic,0
4390,8532,1951,10,18,,8527,0,4390,,,d39d8d85-7b07-4142-813b-3577d16526b7,F,0,white,0,nonhispanic,0
4391,8532,1975,4,6,,8527,0,4391,,,1a07ed68-78af-49d3-9c18-e75341b3996c,F,0,white,0,nonhispanic,0
4392,8532,1959,12,2,,8527,0,4392,,,c5473da7-22bb-49e1-8e42-ca4472e844b2,F,0,white,0,nonhispanic,0
4393,8507,1967,9,25,,8527,0,4393,,,62c03e6a-bc2e-4bf2-af27-ccc8e5c79b70,M,0,white,0,nonhispanic,0
4394,8532,1967,10,30,,8527,0,4394,,,6a20ec39-8fae-433d-8093-57df2b3286df,F,0,white,0,nonhispanic,0
4395,8507,2011,11,18,,8527,0,4395,,,e3dfd7ee-acf4-4cea-868a-a230b2c192f9,M,0,white,0,nonhispanic,0
4396,8507,1980,8,29,,8527,0,4396,,,3f420187-86cb-4e10-8743-18fceb9ca151,M,0,white,0,nonhispanic,0
4397,8507,1991,8,24,,8527,0,4397,,,a6b7c607-02a1-491c-b4c5-018f5bcec643,M,0,white,0,nonhispanic,0
4398,8532,1974,5,6,,8527,0,4398,,,05802ed4-3393-4af0-a633-6919c538147c,F,0,white,0,nonhispanic,0
4399,8507,1965,7,28,,8527,0,4399,,,561933f1-e044-4a2d-8e8a-a2317a4c42a0,M,0,white,0,nonhispanic,0
4400,8507,1970,3,21,,8527,0,4400,,,4a7abbd7-9c8b-4ca7-b217-f2ca4647a670,M,0,white,0,nonhispanic,0
4401,8532,1986,11,22,,8527,0,4401,,,bad4a623-f8d7-45ad-b575-4b62c2abcbf1,F,0,white,0,nonhispanic,0
4402,8532,1972,2,19,,8527,0,4402,,,9270b2aa-ed20-425c-b222-4c870e3caa4e,F,0,white,0,nonhispanic,0
4403,8507,1960,11,24,,8527,0,4403,,,c2916f80-f2b4-4d41-95c2-cb9687205b83,M,0,white,0,nonhispanic,0
4404,8507,1950,4,28,,8527,0,4404,,,cb2f3dd3-6dd8-4c6f-9ad6-f6fe6c380cf1,M,0,white,0,nonhispanic,0
4405,8507,1969,12,26,,8527,0,4405,,,7ab87d68-8682-403a-88ff-53d9148dacd7,M,0,white,0,nonhispanic,0
4406,8507,1949,8,15,,8527,0,4406,,,f7f1d33c-a09e-4cf2-9645-336f6e9fe65f,M,0,white,0,nonhispanic,0
4407,8532,1967,2,9,,8527,0,4407,,,173e0110-6fae-412c-a9a8-a92687e9c429,F,0,white,0,nonhispanic,0
4408,8532,1991,12,25,,8527,0,4408,,,dc304a54-fbaf-42d9-80e9-dfd17077ce77,F,0,white,0,nonhispanic,0
4409,8532,1984,10,2,,8527,0,4409,,,f29862ba-2057-43fe-a488-cc24489912bd,F,0,white,0,nonhispanic,0
4410,8532,1970,10,20,,8527,0,4410,,,0649766d-5802-4c1c-804e-3ad7cbdc1beb,F,0,white,0,nonhispanic,0
4411,8532,1985,8,27,,8527,0,4411,,,b4f06833-33bf-4dd5-ae59-5e4ff4bb423e,F,0,white,0,nonhispanic,0
4412,8532,1952,5,19,,8527,0,4412,,,e1c9184b-bf40-4a3b-b947-be47af82535d,F,0,white,0,nonhispanic,0
4413,8532,2018,7,25,,8527,0,4413,,,464a6dc0-159e-449a-a86c-39ec83af6adf,F,0,white,0,nonhispanic,0
4414,8507,1950,9,3,,8527,0,4414,,,5b636815-9a92-4f9d-baf9-b54a9054bf79,M,0,white,0,nonhispanic,0
4415,8532,2003,12,27,,8527,0,4415,,,0bfc3608-db13-4d06-bf9f-04065c8a9f83,F,0,white,0,nonhispanic,0
4416,8507,1971,10,25,,8527,0,4416,,,f8c7d95c-66eb-420f-b094-786d68461fc6,M,0,white,0,nonhispanic,0
4417,8507,2018,5,11,,8527,0,4417,,,3cf80cd0-2acf-4cb7-aca3-a14c91d7693b,M,0,white,0,nonhispanic,0
4418,8532,1910,12,27,,8527,0,4418,,,7fda8c4f-1eef-4b95-9db1-26c742235481,F,0,white,0,nonhispanic,0
4419,8532,1983,4,22,,8527,0,4419,,,fc361b12-00cb-4f74-a407-4da773fd4c57,F,0,white,0,nonhispanic,0
4420,8532,1997,8,19,,8527,0,4420,,,918e28b2-4135-454f-b59e-9c4bdecc705a,F,0,white,0,nonhispanic,0
4421,8507,1977,12,13,,8527,0,4421,,,2a97ad96-2930-42ec-abf3-4b9465f18f6f,M,0,white,0,nonhispanic,0
4422,8532,1987,11,30,,8527,0,4422,,,432c77d7-64c7-492d-94d9-9efd6e9edcca,F,0,white,0,nonhispanic,0
4423,8532,1992,11,28,,8527,0,4423,,,f8c50458-355c-40a7-bbf1-9f6be3b79d57,F,0,white,0,nonhispanic,0
4424,8507,1987,2,1,,8527,0,4424,,,3e520aa4-0b05-4aac-8aa2-479bdfe8a8cf,M,0,white,0,nonhispanic,0
4425,8507,2004,9,21,,8527,0,4425,,,31a416eb-8c4d-42dc-a56d-e6402cccdba4,M,0,white,0,nonhispanic,0
4426,8532,1970,1,26,,8527,0,4426,,,028a613a-5871-4410-a0ec-c09839e041a3,F,0,white,0,nonhispanic,0
4427,8532,1967,5,11,,8527,0,4427,,,96bc4a47-0884-49a7-ab52-1ff8594feaab,F,0,white,0,nonhispanic,0
4428,8532,1998,9,21,,8527,0,4428,,,d8650f5d-e6f5-494b-ae7b-04cec9bcdde9,F,0,white,0,nonhispanic,0
4429,8532,1973,4,8,,8527,0,4429,,,3313a0a2-a98a-4eef-829b-9808c6a00fad,F,0,white,0,nonhispanic,0
4430,8507,1983,12,26,,8527,0,4430,,,f32e0b7d-69ec-4126-b752-720badef2300,M,0,white,0,nonhispanic,0
4431,8507,2004,5,3,,8527,0,4431,,,7006c296-db7d-462f-b538-fc3735ba0ee0,M,0,white,0,nonhispanic,0
4432,8532,1987,2,21,,8527,0,4432,,,0bd0a37d-fdb3-466c-b4f9-21dee96d4787,F,0,white,0,nonhispanic,0
4433,8507,1953,10,17,,8527,0,4433,,,7c2d95af-d535-4911-8374-80a80933cfb8,M,0,white,0,nonhispanic,0
4434,8507,1984,8,28,,8527,0,4434,,,bd504d4c-e58f-434b-b2c6-736c15101a50,M,0,white,0,nonhispanic,0
4435,8532,1947,10,2,,8527,0,4435,,,3754068d-2273-41cc-8e45-2576e0a65477,F,0,white,0,nonhispanic,0
