START,STOP,PATIENT,ENCOUNTER,CODE,DESCRIPTION
2011-10-03,,60deff10-4b4e-4f1b-a76b-54f0f41f9ad4,7c8dda35-c7cf-4fbc-9cdc-ba106ea7450e,230690007,Stroke
2010-03-29,,fc7e45bf-3efe-4769-823f-387e2fb898f9,e675fdb5-0e95-4613-94e1-3bb88fa47dbf,53741008,Coronary Heart Disease
1988-11-11,,e8e29c69-0943-429f-990a-4277f56bab59,a81a153f-f211-422b-a815-66d4628698b2,53741008,Coronary Heart Disease
2009-07-06,,767bcbf0-4e00-4ca5-9e33-8ee4f7740e84,1a4065eb-ab4c-4a7b-ab2c-a1a2fb9d7b42,53741008,Coronary Heart Disease
2016-02-22,,767bcbf0-4e00-4ca5-9e33-8ee4f7740e84,6630701f-f2c7-4b04-b3f9-44a11415532d,22298006,Myocardial Infarction
2016-02-22,,767bcbf0-4e00-4ca5-9e33-8ee4f7740e84,6630701f-f2c7-4b04-b3f9-44a11415532d,399211009,History of myocardial infarction (situation)
1960-12-14,,9c70c10f-299c-4bc8-8031-646601f3a1e2,4b73824e-eb2a-48a4-8ede-03f68b971550,53741008,Coronary Heart Disease
1964-08-26,,9c70c10f-299c-4bc8-8031-646601f3a1e2,27356d61-acda-4ed2-a896-a52186d22189,22298006,Myocardial Infarction
1964-08-26,,9c70c10f-299c-4bc8-8031-646601f3a1e2,27356d61-acda-4ed2-a896-a52186d22189,399211009,History of myocardial infarction (situation)
2013-09-09,,d05e0511-f60e-477c-8504-d515c8ea8bf9,5d45a67e-431b-40cd-8b87-84ca683a38d1,230690007,Stroke
2018-11-14,,60515b71-c40f-41fa-936e-82603a01f9ec,82b1d290-eca6-4501-8a0a-6b2a105dd884,410429000,Cardiac Arrest
2018-11-14,,60515b71-c40f-41fa-936e-82603a01f9ec,82b1d290-eca6-4501-8a0a-6b2a105dd884,429007001,History of cardiac arrest (situation)
2005-04-30,,2961a7b6-eb44-406e-812a-b96510d5aad7,25dac522-6e0b-415d-9359-c51410df0e62,53741008,Coronary Heart Disease
2007-07-21,,2961a7b6-eb44-406e-812a-b96510d5aad7,5ff8c18f-dd32-4719-8666-5c57df354a15,22298006,Myocardial Infarction
2007-07-21,,2961a7b6-eb44-406e-812a-b96510d5aad7,5ff8c18f-dd32-4719-8666-5c57df354a15,399211009,History of myocardial infarction (situation)
1981-02-08,,aa1ab836-942f-47d2-9b96-4c5663b44cb0,9b7c2da7-f227-4c12-abcc-b11027eed8ec,410429000,Cardiac Arrest
1981-02-08,,aa1ab836-942f-47d2-9b96-4c5663b44cb0,9b7c2da7-f227-4c12-abcc-b11027eed8ec,429007001,History of cardiac arrest (situation)
2015-06-18,,ac911c76-eb04-4438-85fa-cd24d30d7089,0a46e354-feea-4bb6-a24a-60d84c63336c,53741008,Coronary Heart Disease
1995-08-05,,8f16d8dc-d325-4c65-ba6c-b730597561f0,c6febbc6-9019-4e96-826b-ae62df8d486b,410429000,Cardiac Arrest
1995-08-05,,8f16d8dc-d325-4c65-ba6c-b730597561f0,c6febbc6-9019-4e96-826b-ae62df8d486b,429007001,History of cardiac arrest (situation)
