START,STOP,PATIENT,PAYER,ENCOUNTER,CODE,DESCRIPTION,BASE_COST,PAYER_COVERAGE,DISPENSES,TOTALCOST,REASONCODE,REASONDESCRIPTION
2011-10-03,2011-10-03,60deff10-4b4e-4f1b-a76b-54f0f41f9ad4,b1c428d6-4f07-31e0-90f0-68ffa6ff8c76,7c8dda35-c7cf-4fbc-9cdc-ba106ea7450e,309362,Clopidogrel 75 MG Oral Tablet,93.87,0.00,1,93.87,,
2011-10-03,2011-10-03,60deff10-4b4e-4f1b-a76b-54f0f41f9ad4,b1c428d6-4f07-31e0-90f0-68ffa6ff8c76,7c8dda35-c7cf-4fbc-9cdc-ba106ea7450e,1804799,Alteplase 100 MG Injection,6390.77,0.00,1,6390.77,,
2010-03-29,2010-03-29,fc7e45bf-3efe-4769-823f-387e2fb898f9,b1c428d6-4f07-31e0-90f0-68ffa6ff8c76,e675fdb5-0e95-4613-94e1-3bb88fa47dbf,309362,Clopidogrel 75 MG Oral Tablet,85.17,0.00,1,85.17,,
2010-03-29,2010-03-29,fc7e45bf-3efe-4769-823f-387e2fb898f9,b1c428d6-4f07-31e0-90f0-68ffa6ff8c76,e675fdb5-0e95-4613-94e1-3bb88fa47dbf,312961,Simvastatin 20 MG Oral Tablet,44.45,0.00,1,44.45,,
2010-03-29,2010-03-29,fc7e45bf-3efe-4769-823f-387e2fb898f9,b1c428d6-4f07-31e0-90f0-68ffa6ff8c76,e675fdb5-0e95-4613-94e1-3bb88fa47dbf,197361,Amlodipine 5 MG Oral Tablet,14.30,0.00,1,14.30,,
2010-03-29,2010-03-29,fc7e45bf-3efe-4769-823f-387e2fb898f9,b1c428d6-4f07-31e0-90f0-68ffa6ff8c76,e675fdb5-0e95-4613-94e1-3bb88fa47dbf,705129,Nitroglycerin 0.4 MG/ACTUAT Mucosal Spray,195.47,0.00,1,195.47,,
2010-03-29,2011-04-04,fc7e45bf-3efe-4769-823f-387e2fb898f9,b1c428d6-4f07-31e0-90f0-68ffa6ff8c76,e675fdb5-0e95-4613-94e1-3bb88fa47dbf,309362,Clopidogrel 75 MG Oral Tablet,27.62,0.00,12,331.44,,
2010-03-29,2011-04-04,fc7e45bf-3efe-4769-823f-387e2fb898f9,b1c428d6-4f07-31e0-90f0-68ffa6ff8c76,e675fdb5-0e95-4613-94e1-3bb88fa47dbf,705129,Nitroglycerin 0.4 MG/ACTUAT Mucosal Spray,189.55,0.00,12,2274.60,,
2010-03-29,2011-04-04,fc7e45bf-3efe-4769-823f-387e2fb898f9,b1c428d6-4f07-31e0-90f0-68ffa6ff8c76,e675fdb5-0e95-4613-94e1-3bb88fa47dbf,312961,Simvastatin 20 MG Oral Tablet,13.44,0.00,12,161.28,,
2010-03-29,2011-04-04,fc7e45bf-3efe-4769-823f-387e2fb898f9,b1c428d6-4f07-31e0-90f0-68ffa6ff8c76,e675fdb5-0e95-4613-94e1-3bb88fa47dbf,197361,Amlodipine 5 MG Oral Tablet,17.92,0.00,12,215.04,,
2011-04-04,2012-04-09,fc7e45bf-3efe-4769-823f-387e2fb898f9,b1c428d6-4f07-31e0-90f0-68ffa6ff8c76,a91e9904-4ef0-4a03-9c43-253233ddad09,309362,Clopidogrel 75 MG Oral Tablet,20.11,0.00,12,241.32,,
2011-04-04,2012-04-09,fc7e45bf-3efe-4769-823f-387e2fb898f9,b1c428d6-4f07-31e0-90f0-68ffa6ff8c76,a91e9904-4ef0-4a03-9c43-253233ddad09,705129,Nitroglycerin 0.4 MG/ACTUAT Mucosal Spray,149.94,0.00,12,1799.28,,
2011-04-04,2012-04-09,fc7e45bf-3efe-4769-823f-387e2fb898f9,b1c428d6-4f07-31e0-90f0-68ffa6ff8c76,a91e9904-4ef0-4a03-9c43-253233ddad09,312961,Simvastatin 20 MG Oral Tablet,16.29,0.00,12,195.48,,
2011-04-04,2012-04-09,fc7e45bf-3efe-4769-823f-387e2fb898f9,b1c428d6-4f07-31e0-90f0-68ffa6ff8c76,a91e9904-4ef0-4a03-9c43-253233ddad09,197361,Amlodipine 5 MG Oral Tablet,20.31,0.00,12,243.72,,
2012-04-09,2013-04-15,fc7e45bf-3efe-4769-823f-387e2fb898f9,b1c428d6-4f07-31e0-90f0-68ffa6ff8c76,4808c254-5d05-4d7a-8dc0-ec81963b2350,309362,Clopidogrel 75 MG Oral Tablet,81.03,0.00,12,972.36,,
2012-04-09,2013-04-15,fc7e45bf-3efe-4769-823f-387e2fb898f9,b1c428d6-4f07-31e0-90f0-68ffa6ff8c76,4808c254-5d05-4d7a-8dc0-ec81963b2350,705129,Nitroglycerin 0.4 MG/ACTUAT Mucosal Spray,141.58,0.00,12,1698.96,,
2012-04-09,2013-04-15,fc7e45bf-3efe-4769-823f-387e2fb898f9,b1c428d6-4f07-31e0-90f0-68ffa6ff8c76,4808c254-5d05-4d7a-8dc0-ec81963b2350,312961,Simvastatin 20 MG Oral Tablet,16.06,0.00,12,192.72,,
2012-04-09,2013-04-15,fc7e45bf-3efe-4769-823f-387e2fb898f9,b1c428d6-4f07-31e0-90f0-68ffa6ff8c76,4808c254-5d05-4d7a-8dc0-ec81963b2350,197361,Amlodipine 5 MG Oral Tablet,49.38,0.00,12,592.56,,
2013-04-15,2014-04-21,fc7e45bf-3efe-4769-823f-387e2fb898f9,b1c428d6-4f07-31e0-90f0-68ffa6ff8c76,00f54c8d-4fc5-4adc-8f32-824d53007fb6,309362,Clopidogrel 75 MG Oral Tablet,6.46,0.00,12,77.52,,
2013-04-15,2014-04-21,fc7e45bf-3efe-4769-823f-387e2fb898f9,b1c428d6-4f07-31e0-90f0-68ffa6ff8c76,00f54c8d-4fc5-4adc-8f32-824d53007fb6,705129,Nitroglycerin 0.4 MG/ACTUAT Mucosal Spray,204.94,0.00,12,2459.28,,
2013-04-15,2014-04-21,fc7e45bf-3efe-4769-823f-387e2fb898f9,b1c428d6-4f07-31e0-90f0-68ffa6ff8c76,00f54c8d-4fc5-4adc-8f32-824d53007fb6,312961,Simvastatin 20 MG Oral Tablet,27.53,0.00,12,330.36,,
2013-04-15,2014-04-21,fc7e45bf-3efe-4769-823f-387e2fb898f9,b1c428d6-4f07-31e0-90f0-68ffa6ff8c76,00f54c8d-4fc5-4adc-8f32-824d53007fb6,197361,Amlodipine 5 MG Oral Tablet,24.83,0.00,12,297.96,,
2014-04-21,2015-04-27,fc7e45bf-3efe-4769-823f-387e2fb898f9,b1c428d6-4f07-31e0-90f0-68ffa6ff8c76,4fc502ae-1114-49ea-8075-3d16a506a502,309362,Clopidogrel 75 MG Oral Tablet,42.16,0.00,12,505.92,,
2014-04-21,2015-04-27,fc7e45bf-3efe-4769-823f-387e2fb898f9,b1c428d6-4f07-31e0-90f0-68ffa6ff8c76,4fc502ae-1114-49ea-8075-3d16a506a502,705129,Nitroglycerin 0.4 MG/ACTUAT Mucosal Spray,218.21,0.00,12,2618.52,,
2014-04-21,2015-04-27,fc7e45bf-3efe-4769-823f-387e2fb898f9,b1c428d6-4f07-31e0-90f0-68ffa6ff8c76,4fc502ae-1114-49ea-8075-3d16a506a502,312961,Simvastatin 20 MG Oral Tablet,15.51,0.00,12,186.12,,
2014-04-21,2015-04-27,fc7e45bf-3efe-4769-823f-387e2fb898f9,b1c428d6-4f07-31e0-90f0-68ffa6ff8c76,4fc502ae-1114-49ea-8075-3d16a506a502,197361,Amlodipine 5 MG Oral Tablet,48.28,0.00,12,579.36,,
2015-04-27,2016-05-02,fc7e45bf-3efe-4769-823f-387e2fb898f9,b1c428d6-4f07-31e0-90f0-68ffa6ff8c76,f41e1e98-35a7-406b-96b2-d18fdb3e4740,309362,Clopidogrel 75 MG Oral Tablet,64.58,0.00,12,774.96,,
2015-04-27,2016-05-02,fc7e45bf-3efe-4769-823f-387e2fb898f9,b1c428d6-4f07-31e0-90f0-68ffa6ff8c76,f41e1e98-35a7-406b-96b2-d18fdb3e4740,705129,Nitroglycerin 0.4 MG/ACTUAT Mucosal Spray,140.35,0.00,12,1684.20,,
2015-04-27,2016-05-02,fc7e45bf-3efe-4769-823f-387e2fb898f9,b1c428d6-4f07-31e0-90f0-68ffa6ff8c76,f41e1e98-35a7-406b-96b2-d18fdb3e4740,312961,Simvastatin 20 MG Oral Tablet,14.86,0.00,12,178.32,,
2015-04-27,2016-05-02,fc7e45bf-3efe-4769-823f-387e2fb898f9,b1c428d6-4f07-31e0-90f0-68ffa6ff8c76,f41e1e98-35a7-406b-96b2-d18fdb3e4740,197361,Amlodipine 5 MG Oral Tablet,13.52,0.00,12,162.24,,
2016-05-02,2017-05-08,fc7e45bf-3efe-4769-823f-387e2fb898f9,b1c428d6-4f07-31e0-90f0-68ffa6ff8c76,6c6a0d57-320f-45dc-be9e-568fa857ffe5,309362,Clopidogrel 75 MG Oral Tablet,29.78,0.00,12,357.36,,
2016-05-02,2017-05-08,fc7e45bf-3efe-4769-823f-387e2fb898f9,b1c428d6-4f07-31e0-90f0-68ffa6ff8c76,6c6a0d57-320f-45dc-be9e-568fa857ffe5,705129,Nitroglycerin 0.4 MG/ACTUAT Mucosal Spray,165.13,0.00,12,1981.56,,
2016-05-02,2017-05-08,fc7e45bf-3efe-4769-823f-387e2fb898f9,b1c428d6-4f07-31e0-90f0-68ffa6ff8c76,6c6a0d57-320f-45dc-be9e-568fa857ffe5,312961,Simvastatin 20 MG Oral Tablet,18.08,0.00,12,216.96,,
2016-05-02,2017-05-08,fc7e45bf-3efe-4769-823f-387e2fb898f9,b1c428d6-4f07-31e0-90f0-68ffa6ff8c76,6c6a0d57-320f-45dc-be9e-568fa857ffe5,197361,Amlodipine 5 MG Oral Tablet,3.20,0.00,12,38.40,,
2017-05-08,2018-05-14,fc7e45bf-3efe-4769-823f-387e2fb898f9,b1c428d6-4f07-31e0-90f0-68ffa6ff8c76,42ea7f8a-dc5d-4c63-9b89-10605dc86aa6,309362,Clopidogrel 75 MG Oral Tablet,39.35,0.00,12,472.20,,
2017-05-08,2018-05-14,fc7e45bf-3efe-4769-823f-387e2fb898f9,b1c428d6-4f07-31e0-90f0-68ffa6ff8c76,42ea7f8a-dc5d-4c63-9b89-10605dc86aa6,705129,Nitroglycerin 0.4 MG/ACTUAT Mucosal Spray,50.94,0.00,12,611.28,,
2017-05-08,2018-05-14,fc7e45bf-3efe-4769-823f-387e2fb898f9,b1c428d6-4f07-31e0-90f0-68ffa6ff8c76,42ea7f8a-dc5d-4c63-9b89-10605dc86aa6,312961,Simvastatin 20 MG Oral Tablet,38.22,0.00,12,458.64,,
2017-05-08,2018-05-14,fc7e45bf-3efe-4769-823f-387e2fb898f9,b1c428d6-4f07-31e0-90f0-68ffa6ff8c76,42ea7f8a-dc5d-4c63-9b89-10605dc86aa6,197361,Amlodipine 5 MG Oral Tablet,80.26,0.00,12,963.12,,
2018-05-14,2019-05-20,fc7e45bf-3efe-4769-823f-387e2fb898f9,b1c428d6-4f07-31e0-90f0-68ffa6ff8c76,f2bbc58d-7504-41c5-885a-1c3612eb8aa8,309362,Clopidogrel 75 MG Oral Tablet,15.16,0.00,12,181.92,,
2018-05-14,2019-05-20,fc7e45bf-3efe-4769-823f-387e2fb898f9,b1c428d6-4f07-31e0-90f0-68ffa6ff8c76,f2bbc58d-7504-41c5-885a-1c3612eb8aa8,705129,Nitroglycerin 0.4 MG/ACTUAT Mucosal Spray,44.64,0.00,12,535.68,,
2018-05-14,2019-05-20,fc7e45bf-3efe-4769-823f-387e2fb898f9,b1c428d6-4f07-31e0-90f0-68ffa6ff8c76,f2bbc58d-7504-41c5-885a-1c3612eb8aa8,312961,Simvastatin 20 MG Oral Tablet,18.16,0.00,12,217.92,,
2018-05-14,2019-05-20,fc7e45bf-3efe-4769-823f-387e2fb898f9,b1c428d6-4f07-31e0-90f0-68ffa6ff8c76,f2bbc58d-7504-41c5-885a-1c3612eb8aa8,197361,Amlodipine 5 MG Oral Tablet,19.34,0.00,12,232.08,,
2019-05-20,,fc7e45bf-3efe-4769-823f-387e2fb898f9,b1c428d6-4f07-31e0-90f0-68ffa6ff8c76,e7f9476f-4dd8-4933-91b7-9e43c732659e,309362,Clopidogrel 75 MG Oral Tablet,71.85,0.00,9,646.65,,
2019-05-20,,fc7e45bf-3efe-4769-823f-387e2fb898f9,b1c428d6-4f07-31e0-90f0-68ffa6ff8c76,e7f9476f-4dd8-4933-91b7-9e43c732659e,705129,Nitroglycerin 0.4 MG/ACTUAT Mucosal Spray,225.56,0.00,9,2030.04,,
2019-05-20,,fc7e45bf-3efe-4769-823f-387e2fb898f9,b1c428d6-4f07-31e0-90f0-68ffa6ff8c76,e7f9476f-4dd8-4933-91b7-9e43c732659e,312961,Simvastatin 20 MG Oral Tablet,47.31,0.00,9,425.79,,
2019-05-20,,fc7e45bf-3efe-4769-823f-387e2fb898f9,b1c428d6-4f07-31e0-90f0-68ffa6ff8c76,e7f9476f-4dd8-4933-91b7-9e43c732659e,197361,Amlodipine 5 MG Oral Tablet,74.86,0.00,9,673.74,,
1988-11-11,1988-11-11,e8e29c69-0943-429f-990a-4277f56bab59,b1c428d6-4f07-31e0-90f0-68ffa6ff8c76,a81a153f-f211-422b-a815-66d4628698b2,705129,Nitroglycerin 0.4 MG/ACTUAT Mucosal Spray,19.10,0.00,1,19.10,,
1988-11-11,1989-11-17,e8e29c69-0943-429f-990a-4277f56bab59,b1c428d6-4f07-31e0-90f0-68ffa6ff8c76,a81a153f-f211-422b-a815-66d4628698b2,705129,Nitroglycerin 0.4 MG/ACTUAT Mucosal Spray,28.43,0.00,12,341.16,,
1989-11-17,1990-11-23,e8e29c69-0943-429f-990a-4277f56bab59,b1c428d6-4f07-31e0-90f0-68ffa6ff8c76,c14fc498-31cc-4828-99f0-253f3bd021bc,705129,Nitroglycerin 0.4 MG/ACTUAT Mucosal Spray,369.67,0.00,12,4436.04,,
1990-11-23,1991-11-29,e8e29c69-0943-429f-990a-4277f56bab59,b1c428d6-4f07-31e0-90f0-68ffa6ff8c76,f974b92c-37c2-40d0-8ec3-f2605fb4c142,705129,Nitroglycerin 0.4 MG/ACTUAT Mucosal Spray,58.79,0.00,12,705.48,,
1991-11-29,1991-11-29,e8e29c69-0943-429f-990a-4277f56bab59,b1c428d6-4f07-31e0-90f0-68ffa6ff8c76,8f8d3c38-5f9e-4f6e-bd46-8cf6c3fee5d9,312961,Simvastatin 20 MG Oral Tablet,15.52,0.00,1,15.52,,
1991-11-29,1992-12-04,e8e29c69-0943-429f-990a-4277f56bab59,b1c428d6-4f07-31e0-90f0-68ffa6ff8c76,8f8d3c38-5f9e-4f6e-bd46-8cf6c3fee5d9,705129,Nitroglycerin 0.4 MG/ACTUAT Mucosal Spray,60.90,0.00,12,730.80,,
1991-11-29,1992-12-04,e8e29c69-0943-429f-990a-4277f56bab59,b1c428d6-4f07-31e0-90f0-68ffa6ff8c76,8f8d3c38-5f9e-4f6e-bd46-8cf6c3fee5d9,312961,Simvastatin 20 MG Oral Tablet,12.40,0.00,12,148.80,,
1992-12-04,1993-12-10,e8e29c69-0943-429f-990a-4277f56bab59,b1c428d6-4f07-31e0-90f0-68ffa6ff8c76,75cfd01d-f75f-4c98-9b8a-45be4055a1ec,705129,Nitroglycerin 0.4 MG/ACTUAT Mucosal Spray,280.54,0.00,12,3366.48,,
1992-12-04,1993-12-10,e8e29c69-0943-429f-990a-4277f56bab59,b1c428d6-4f07-31e0-90f0-68ffa6ff8c76,75cfd01d-f75f-4c98-9b8a-45be4055a1ec,312961,Simvastatin 20 MG Oral Tablet,14.29,0.00,12,171.48,,
1993-12-10,1994-12-16,e8e29c69-0943-429f-990a-4277f56bab59,b1c428d6-4f07-31e0-90f0-68ffa6ff8c76,7f86256d-a6bc-4638-9350-cc986b06c736,705129,Nitroglycerin 0.4 MG/ACTUAT Mucosal Spray,221.55,0.00,12,2658.60,,
1993-12-10,1994-12-16,e8e29c69-0943-429f-990a-4277f56bab59,b1c428d6-4f07-31e0-90f0-68ffa6ff8c76,7f86256d-a6bc-4638-9350-cc986b06c736,312961,Simvastatin 20 MG Oral Tablet,15.33,0.00,12,183.96,,
1994-12-16,1994-12-16,e8e29c69-0943-429f-990a-4277f56bab59,b1c428d6-4f07-31e0-90f0-68ffa6ff8c76,e06045b7-b0cc-4e1d-8da5-c0044a326454,197361,Amlodipine 5 MG Oral Tablet,25.28,0.00,1,25.28,,
1994-12-16,1995-12-22,e8e29c69-0943-429f-990a-4277f56bab59,b1c428d6-4f07-31e0-90f0-68ffa6ff8c76,e06045b7-b0cc-4e1d-8da5-c0044a326454,705129,Nitroglycerin 0.4 MG/ACTUAT Mucosal Spray,85.57,0.00,12,1026.84,,
1994-12-16,1995-12-22,e8e29c69-0943-429f-990a-4277f56bab59,b1c428d6-4f07-31e0-90f0-68ffa6ff8c76,e06045b7-b0cc-4e1d-8da5-c0044a326454,312961,Simvastatin 20 MG Oral Tablet,40.03,0.00,12,480.36,,
1994-12-16,1995-12-22,e8e29c69-0943-429f-990a-4277f56bab59,b1c428d6-4f07-31e0-90f0-68ffa6ff8c76,e06045b7-b0cc-4e1d-8da5-c0044a326454,197361,Amlodipine 5 MG Oral Tablet,42.89,0.00,12,514.68,,
1995-12-22,1996-12-27,e8e29c69-0943-429f-990a-4277f56bab59,b1c428d6-4f07-31e0-90f0-68ffa6ff8c76,2beb20ae-3a46-44cd-8add-50960a608d9d,705129,Nitroglycerin 0.4 MG/ACTUAT Mucosal Spray,107.65,0.00,12,1291.80,,
1995-12-22,1996-12-27,e8e29c69-0943-429f-990a-4277f56bab59,b1c428d6-4f07-31e0-90f0-68ffa6ff8c76,2beb20ae-3a46-44cd-8add-50960a608d9d,312961,Simvastatin 20 MG Oral Tablet,28.39,0.00,12,340.68,,
1995-12-22,1996-12-27,e8e29c69-0943-429f-990a-4277f56bab59,b1c428d6-4f07-31e0-90f0-68ffa6ff8c76,2beb20ae-3a46-44cd-8add-50960a608d9d,197361,Amlodipine 5 MG Oral Tablet,43.55,0.00,12,522.60,,
1996-12-27,1998-01-02,e8e29c69-0943-429f-990a-4277f56bab59,b1c428d6-4f07-31e0-90f0-68ffa6ff8c76,0834f3d0-20a4-42d2-8f1e-9a37dfce9bdd,705129,Nitroglycerin 0.4 MG/ACTUAT Mucosal Spray,188.17,0.00,12,2258.04,,
1996-12-27,1998-01-02,e8e29c69-0943-429f-990a-4277f56bab59,b1c428d6-4f07-31e0-90f0-68ffa6ff8c76,0834f3d0-20a4-42d2-8f1e-9a37dfce9bdd,312961,Simvastatin 20 MG Oral Tablet,13.61,0.00,12,163.32,,
1996-12-27,1998-01-02,e8e29c69-0943-429f-990a-4277f56bab59,b1c428d6-4f07-31e0-90f0-68ffa6ff8c76,0834f3d0-20a4-42d2-8f1e-9a37dfce9bdd,197361,Amlodipine 5 MG Oral Tablet,50.70,0.00,12,608.40,,
1998-01-02,1998-01-02,e8e29c69-0943-429f-990a-4277f56bab59,b1c428d6-4f07-31e0-90f0-68ffa6ff8c76,81e0326a-2b75-4c3b-b703-4271a2715d1a,309362,Clopidogrel 75 MG Oral Tablet,41.37,0.00,1,41.37,,
1998-01-02,1999-01-08,e8e29c69-0943-429f-990a-4277f56bab59,b1c428d6-4f07-31e0-90f0-68ffa6ff8c76,81e0326a-2b75-4c3b-b703-4271a2715d1a,309362,Clopidogrel 75 MG Oral Tablet,17.71,0.00,12,212.52,,
1998-01-02,1999-01-08,e8e29c69-0943-429f-990a-4277f56bab59,b1c428d6-4f07-31e0-90f0-68ffa6ff8c76,81e0326a-2b75-4c3b-b703-4271a2715d1a,705129,Nitroglycerin 0.4 MG/ACTUAT Mucosal Spray,111.33,0.00,12,1335.96,,
1998-01-02,1999-01-08,e8e29c69-0943-429f-990a-4277f56bab59,b1c428d6-4f07-31e0-90f0-68ffa6ff8c76,81e0326a-2b75-4c3b-b703-4271a2715d1a,312961,Simvastatin 20 MG Oral Tablet,13.14,0.00,12,157.68,,
1998-01-02,1999-01-08,e8e29c69-0943-429f-990a-4277f56bab59,b1c428d6-4f07-31e0-90f0-68ffa6ff8c76,81e0326a-2b75-4c3b-b703-4271a2715d1a,197361,Amlodipine 5 MG Oral Tablet,57.29,0.00,12,687.48,,
1999-01-08,2000-01-14,e8e29c69-0943-429f-990a-4277f56bab59,b1c428d6-4f07-31e0-90f0-68ffa6ff8c76,73aa76a1-b497-4ec0-bc4c-e820967dae21,309362,Clopidogrel 75 MG Oral Tablet,98.16,0.00,12,1177.92,,
1999-01-08,2000-01-14,e8e29c69-0943-429f-990a-4277f56bab59,b1c428d6-4f07-31e0-90f0-68ffa6ff8c76,73aa76a1-b497-4ec0-bc4c-e820967dae21,705129,Nitroglycerin 0.4 MG/ACTUAT Mucosal Spray,70.03,0.00,12,840.36,,
1999-01-08,2000-01-14,e8e29c69-0943-429f-990a-4277f56bab59,b1c428d6-4f07-31e0-90f0-68ffa6ff8c76,73aa76a1-b497-4ec0-bc4c-e820967dae21,312961,Simvastatin 20 MG Oral Tablet,17.44,0.00,12,209.28,,
1999-01-08,2000-01-14,e8e29c69-0943-429f-990a-4277f56bab59,b1c428d6-4f07-31e0-90f0-68ffa6ff8c76,73aa76a1-b497-4ec0-bc4c-e820967dae21,197361,Amlodipine 5 MG Oral Tablet,44.88,0.00,12,538.56,,
2000-01-14,2001-01-19,e8e29c69-0943-429f-990a-4277f56bab59,b1c428d6-4f07-31e0-90f0-68ffa6ff8c76,29dd00c7-0016-4a03-9ce3-d3bcc56c4933,309362,Clopidogrel 75 MG Oral Tablet,89.84,0.00,12,1078.08,,
2000-01-14,2001-01-19,e8e29c69-0943-429f-990a-4277f56bab59,b1c428d6-4f07-31e0-90f0-68ffa6ff8c76,29dd00c7-0016-4a03-9ce3-d3bcc56c4933,705129,Nitroglycerin 0.4 MG/ACTUAT Mucosal Spray,199.92,0.00,12,2399.04,,
2000-01-14,2001-01-19,e8e29c69-0943-429f-990a-4277f56bab59,b1c428d6-4f07-31e0-90f0-68ffa6ff8c76,29dd00c7-0016-4a03-9ce3-d3bcc56c4933,312961,Simvastatin 20 MG Oral Tablet,7.62,0.00,12,91.44,,
2000-01-14,2001-01-19,e8e29c69-0943-429f-990a-4277f56bab59,b1c428d6-4f07-31e0-90f0-68ffa6ff8c76,29dd00c7-0016-4a03-9ce3-d3bcc56c4933,197361,Amlodipine 5 MG Oral Tablet,14.62,0.00,12,175.44,,
2001-01-19,2002-01-25,e8e29c69-0943-429f-990a-4277f56bab59,b1c428d6-4f07-31e0-90f0-68ffa6ff8c76,e7b02ee4-1560-48bc-b1f1-6b3ead1bb700,309362,Clopidogrel 75 MG Oral Tablet,97.64,0.00,12,1171.68,,
2001-01-19,2002-01-25,e8e29c69-0943-429f-990a-4277f56bab59,b1c428d6-4f07-31e0-90f0-68ffa6ff8c76,e7b02ee4-1560-48bc-b1f1-6b3ead1bb700,705129,Nitroglycerin 0.4 MG/ACTUAT Mucosal Spray,136.94,0.00,12,1643.28,,
2001-01-19,2002-01-25,e8e29c69-0943-429f-990a-4277f56bab59,b1c428d6-4f07-31e0-90f0-68ffa6ff8c76,e7b02ee4-1560-48bc-b1f1-6b3ead1bb700,312961,Simvastatin 20 MG Oral Tablet,10.79,0.00,12,129.48,,
2001-01-19,2002-01-25,e8e29c69-0943-429f-990a-4277f56bab59,b1c428d6-4f07-31e0-90f0-68ffa6ff8c76,e7b02ee4-1560-48bc-b1f1-6b3ead1bb700,197361,Amlodipine 5 MG Oral Tablet,2.64,0.00,12,31.68,,
2002-01-25,2003-01-31,e8e29c69-0943-429f-990a-4277f56bab59,b1c428d6-4f07-31e0-90f0-68ffa6ff8c76,88a923a4-f953-47fd-89d6-ae9359394fde,309362,Clopidogrel 75 MG Oral Tablet,86.89,0.00,12,1042.68,,
2002-01-25,2003-01-31,e8e29c69-0943-429f-990a-4277f56bab59,b1c428d6-4f07-31e0-90f0-68ffa6ff8c76,88a923a4-f953-47fd-89d6-ae9359394fde,705129,Nitroglycerin 0.4 MG/ACTUAT Mucosal Spray,40.21,0.00,12,482.52,,
2002-01-25,2003-01-31,e8e29c69-0943-429f-990a-4277f56bab59,b1c428d6-4f07-31e0-90f0-68ffa6ff8c76,88a923a4-f953-47fd-89d6-ae9359394fde,312961,Simvastatin 20 MG Oral Tablet,11.55,0.00,12,138.60,,
2002-01-25,2003-01-31,e8e29c69-0943-429f-990a-4277f56bab59,b1c428d6-4f07-31e0-90f0-68ffa6ff8c76,88a923a4-f953-47fd-89d6-ae9359394fde,197361,Amlodipine 5 MG Oral Tablet,33.76,0.00,12,405.12,,
2003-01-31,2004-02-06,e8e29c69-0943-429f-990a-4277f56bab59,b1c428d6-4f07-31e0-90f0-68ffa6ff8c76,424847d2-8a16-489f-a2bc-d5f08a3ff57f,309362,Clopidogrel 75 MG Oral Tablet,56.78,0.00,12,681.36,,
2003-01-31,2004-02-06,e8e29c69-0943-429f-990a-4277f56bab59,b1c428d6-4f07-31e0-90f0-68ffa6ff8c76,424847d2-8a16-489f-a2bc-d5f08a3ff57f,705129,Nitroglycerin 0.4 MG/ACTUAT Mucosal Spray,33.75,0.00,12,405.00,,
2003-01-31,2004-02-06,e8e29c69-0943-429f-990a-4277f56bab59,b1c428d6-4f07-31e0-90f0-68ffa6ff8c76,424847d2-8a16-489f-a2bc-d5f08a3ff57f,312961,Simvastatin 20 MG Oral Tablet,10.90,0.00,12,130.80,,
2003-01-31,2004-02-06,e8e29c69-0943-429f-990a-4277f56bab59,b1c428d6-4f07-31e0-90f0-68ffa6ff8c76,424847d2-8a16-489f-a2bc-d5f08a3ff57f,197361,Amlodipine 5 MG Oral Tablet,70.29,0.00,12,843.48,,
2004-02-06,2005-02-11,e8e29c69-0943-429f-990a-4277f56bab59,b1c428d6-4f07-31e0-90f0-68ffa6ff8c76,b1e09e07-550d-4090-891d-0f3a49e3c753,309362,Clopidogrel 75 MG Oral Tablet,85.51,0.00,12,1026.12,,
2004-02-06,2005-02-11,e8e29c69-0943-429f-990a-4277f56bab59,b1c428d6-4f07-31e0-90f0-68ffa6ff8c76,b1e09e07-550d-4090-891d-0f3a49e3c753,705129,Nitroglycerin 0.4 MG/ACTUAT Mucosal Spray,66.24,0.00,12,794.88,,
2004-02-06,2005-02-11,e8e29c69-0943-429f-990a-4277f56bab59,b1c428d6-4f07-31e0-90f0-68ffa6ff8c76,b1e09e07-550d-4090-891d-0f3a49e3c753,312961,Simvastatin 20 MG Oral Tablet,23.80,0.00,12,285.60,,
2004-02-06,2005-02-11,e8e29c69-0943-429f-990a-4277f56bab59,b1c428d6-4f07-31e0-90f0-68ffa6ff8c76,b1e09e07-550d-4090-891d-0f3a49e3c753,197361,Amlodipine 5 MG Oral Tablet,25.14,0.00,12,301.68,,
2005-02-11,2006-02-17,e8e29c69-0943-429f-990a-4277f56bab59,b1c428d6-4f07-31e0-90f0-68ffa6ff8c76,6f415494-caa8-41d7-a901-b5bb4a852d64,309362,Clopidogrel 75 MG Oral Tablet,100.35,0.00,12,1204.20,,
2005-02-11,2006-02-17,e8e29c69-0943-429f-990a-4277f56bab59,b1c428d6-4f07-31e0-90f0-68ffa6ff8c76,6f415494-caa8-41d7-a901-b5bb4a852d64,705129,Nitroglycerin 0.4 MG/ACTUAT Mucosal Spray,229.42,0.00,12,2753.04,,
2005-02-11,2006-02-17,e8e29c69-0943-429f-990a-4277f56bab59,b1c428d6-4f07-31e0-90f0-68ffa6ff8c76,6f415494-caa8-41d7-a901-b5bb4a852d64,312961,Simvastatin 20 MG Oral Tablet,11.94,0.00,12,143.28,,
2005-02-11,2006-02-17,e8e29c69-0943-429f-990a-4277f56bab59,b1c428d6-4f07-31e0-90f0-68ffa6ff8c76,6f415494-caa8-41d7-a901-b5bb4a852d64,197361,Amlodipine 5 MG Oral Tablet,63.55,0.00,12,762.60,,
2006-02-17,2007-02-23,e8e29c69-0943-429f-990a-4277f56bab59,b1c428d6-4f07-31e0-90f0-68ffa6ff8c76,27c8d332-3df1-4fa5-95be-5338d2ad8ff1,309362,Clopidogrel 75 MG Oral Tablet,89.11,0.00,12,1069.32,,
2006-02-17,2007-02-23,e8e29c69-0943-429f-990a-4277f56bab59,b1c428d6-4f07-31e0-90f0-68ffa6ff8c76,27c8d332-3df1-4fa5-95be-5338d2ad8ff1,705129,Nitroglycerin 0.4 MG/ACTUAT Mucosal Spray,165.10,0.00,12,1981.20,,
2006-02-17,2007-02-23,e8e29c69-0943-429f-990a-4277f56bab59,b1c428d6-4f07-31e0-90f0-68ffa6ff8c76,27c8d332-3df1-4fa5-95be-5338d2ad8ff1,312961,Simvastatin 20 MG Oral Tablet,36.00,0.00,12,432.00,,
2006-02-17,2007-02-23,e8e29c69-0943-429f-990a-4277f56bab59,b1c428d6-4f07-31e0-90f0-68ffa6ff8c76,27c8d332-3df1-4fa5-95be-5338d2ad8ff1,197361,Amlodipine 5 MG Oral Tablet,2.86,0.00,12,34.32,,
2007-02-23,2008-02-29,e8e29c69-0943-429f-990a-4277f56bab59,b1c428d6-4f07-31e0-90f0-68ffa6ff8c76,aaf2fae3-448b-4d9a-a416-af8e65fe86d9,309362,Clopidogrel 75 MG Oral Tablet,61.92,0.00,12,743.04,,
2007-02-23,2008-02-29,e8e29c69-0943-429f-990a-4277f56bab59,b1c428d6-4f07-31e0-90f0-68ffa6ff8c76,aaf2fae3-448b-4d9a-a416-af8e65fe86d9,705129,Nitroglycerin 0.4 MG/ACTUAT Mucosal Spray,288.02,0.00,12,3456.24,,
2007-02-23,2008-02-29,e8e29c69-0943-429f-990a-4277f56bab59,b1c428d6-4f07-31e0-90f0-68ffa6ff8c76,aaf2fae3-448b-4d9a-a416-af8e65fe86d9,312961,Simvastatin 20 MG Oral Tablet,8.50,0.00,12,102.00,,
2007-02-23,2008-02-29,e8e29c69-0943-429f-990a-4277f56bab59,b1c428d6-4f07-31e0-90f0-68ffa6ff8c76,aaf2fae3-448b-4d9a-a416-af8e65fe86d9,197361,Amlodipine 5 MG Oral Tablet,23.48,0.00,12,281.76,,
2008-02-29,2009-03-06,e8e29c69-0943-429f-990a-4277f56bab59,b1c428d6-4f07-31e0-90f0-68ffa6ff8c76,89759b33-f590-4682-a25e-9f9874287f5a,309362,Clopidogrel 75 MG Oral Tablet,68.91,0.00,12,826.92,,
2008-02-29,2009-03-06,e8e29c69-0943-429f-990a-4277f56bab59,b1c428d6-4f07-31e0-90f0-68ffa6ff8c76,89759b33-f590-4682-a25e-9f9874287f5a,705129,Nitroglycerin 0.4 MG/ACTUAT Mucosal Spray,130.92,0.00,12,1571.04,,
2008-02-29,2009-03-06,e8e29c69-0943-429f-990a-4277f56bab59,b1c428d6-4f07-31e0-90f0-68ffa6ff8c76,89759b33-f590-4682-a25e-9f9874287f5a,312961,Simvastatin 20 MG Oral Tablet,10.99,0.00,12,131.88,,
2008-02-29,2009-03-06,e8e29c69-0943-429f-990a-4277f56bab59,b1c428d6-4f07-31e0-90f0-68ffa6ff8c76,89759b33-f590-4682-a25e-9f9874287f5a,197361,Amlodipine 5 MG Oral Tablet,54.40,0.00,12,652.80,,
2009-03-06,2010-03-12,e8e29c69-0943-429f-990a-4277f56bab59,b1c428d6-4f07-31e0-90f0-68ffa6ff8c76,12489aa5-2386-49d0-9f0e-45bb97286c36,309362,Clopidogrel 75 MG Oral Tablet,78.33,0.00,12,939.96,,
2009-03-06,2010-03-12,e8e29c69-0943-429f-990a-4277f56bab59,b1c428d6-4f07-31e0-90f0-68ffa6ff8c76,12489aa5-2386-49d0-9f0e-45bb97286c36,705129,Nitroglycerin 0.4 MG/ACTUAT Mucosal Spray,27.63,0.00,12,331.56,,
2009-03-06,2010-03-12,e8e29c69-0943-429f-990a-4277f56bab59,b1c428d6-4f07-31e0-90f0-68ffa6ff8c76,12489aa5-2386-49d0-9f0e-45bb97286c36,312961,Simvastatin 20 MG Oral Tablet,40.85,0.00,12,490.20,,
2009-03-06,2010-03-12,e8e29c69-0943-429f-990a-4277f56bab59,b1c428d6-4f07-31e0-90f0-68ffa6ff8c76,12489aa5-2386-49d0-9f0e-45bb97286c36,197361,Amlodipine 5 MG Oral Tablet,57.67,0.00,12,692.04,,
2010-03-12,2011-03-18,e8e29c69-0943-429f-990a-4277f56bab59,b1c428d6-4f07-31e0-90f0-68ffa6ff8c76,7654872a-fe9b-4039-bb48-187171d16658,309362,Clopidogrel 75 MG Oral Tablet,68.33,0.00,12,819.96,,
2010-03-12,2011-03-18,e8e29c69-0943-429f-990a-4277f56bab59,b1c428d6-4f07-31e0-90f0-68ffa6ff8c76,7654872a-fe9b-4039-bb48-187171d16658,705129,Nitroglycerin 0.4 MG/ACTUAT Mucosal Spray,168.34,0.00,12,2020.08,,
2010-03-12,2011-03-18,e8e29c69-0943-429f-990a-4277f56bab59,b1c428d6-4f07-31e0-90f0-68ffa6ff8c76,7654872a-fe9b-4039-bb48-187171d16658,312961,Simvastatin 20 MG Oral Tablet,12.39,0.00,12,148.68,,
2010-03-12,2011-03-18,e8e29c69-0943-429f-990a-4277f56bab59,b1c428d6-4f07-31e0-90f0-68ffa6ff8c76,7654872a-fe9b-4039-bb48-187171d16658,197361,Amlodipine 5 MG Oral Tablet,24.39,0.00,12,292.68,,
2011-03-18,2012-03-23,e8e29c69-0943-429f-990a-4277f56bab59,b1c428d6-4f07-31e0-90f0-68ffa6ff8c76,6fb54fc1-dae3-4a5b-88ad-c1af6120b244,309362,Clopidogrel 75 MG Oral Tablet,94.18,0.00,12,1130.16,,
2011-03-18,2012-03-23,e8e29c69-0943-429f-990a-4277f56bab59,b1c428d6-4f07-31e0-90f0-68ffa6ff8c76,6fb54fc1-dae3-4a5b-88ad-c1af6120b244,705129,Nitroglycerin 0.4 MG/ACTUAT Mucosal Spray,98.39,0.00,12,1180.68,,
2011-03-18,2012-03-23,e8e29c69-0943-429f-990a-4277f56bab59,b1c428d6-4f07-31e0-90f0-68ffa6ff8c76,6fb54fc1-dae3-4a5b-88ad-c1af6120b244,312961,Simvastatin 20 MG Oral Tablet,13.65,0.00,12,163.80,,
2011-03-18,2012-03-23,e8e29c69-0943-429f-990a-4277f56bab59,b1c428d6-4f07-31e0-90f0-68ffa6ff8c76,6fb54fc1-dae3-4a5b-88ad-c1af6120b244,197361,Amlodipine 5 MG Oral Tablet,58.17,0.00,12,698.04,,
2012-03-23,2013-03-29,e8e29c69-0943-429f-990a-4277f56bab59,b1c428d6-4f07-31e0-90f0-68ffa6ff8c76,70862854-1342-4019-859a-0e84f92c2aad,309362,Clopidogrel 75 MG Oral Tablet,34.60,0.00,12,415.20,,
2012-03-23,2013-03-29,e8e29c69-0943-429f-990a-4277f56bab59,b1c428d6-4f07-31e0-90f0-68ffa6ff8c76,70862854-1342-4019-859a-0e84f92c2aad,705129,Nitroglycerin 0.4 MG/ACTUAT Mucosal Spray,145.85,0.00,12,1750.20,,
2012-03-23,2013-03-29,e8e29c69-0943-429f-990a-4277f56bab59,b1c428d6-4f07-31e0-90f0-68ffa6ff8c76,70862854-1342-4019-859a-0e84f92c2aad,312961,Simvastatin 20 MG Oral Tablet,32.04,0.00,12,384.48,,
2012-03-23,2013-03-29,e8e29c69-0943-429f-990a-4277f56bab59,b1c428d6-4f07-31e0-90f0-68ffa6ff8c76,70862854-1342-4019-859a-0e84f92c2aad,197361,Amlodipine 5 MG Oral Tablet,28.28,0.00,12,339.36,,
2013-03-29,2014-04-04,e8e29c69-0943-429f-990a-4277f56bab59,b1c428d6-4f07-31e0-90f0-68ffa6ff8c76,4d3ebc59-822e-443c-8c62-f711a52c3232,309362,Clopidogrel 75 MG Oral Tablet,109.92,0.00,12,1319.04,,
2013-03-29,2014-04-04,e8e29c69-0943-429f-990a-4277f56bab59,b1c428d6-4f07-31e0-90f0-68ffa6ff8c76,4d3ebc59-822e-443c-8c62-f711a52c3232,705129,Nitroglycerin 0.4 MG/ACTUAT Mucosal Spray,15.44,0.00,12,185.28,,
2013-03-29,2014-04-04,e8e29c69-0943-429f-990a-4277f56bab59,b1c428d6-4f07-31e0-90f0-68ffa6ff8c76,4d3ebc59-822e-443c-8c62-f711a52c3232,312961,Simvastatin 20 MG Oral Tablet,16.50,0.00,12,198.00,,
2013-03-29,2014-04-04,e8e29c69-0943-429f-990a-4277f56bab59,b1c428d6-4f07-31e0-90f0-68ffa6ff8c76,4d3ebc59-822e-443c-8c62-f711a52c3232,197361,Amlodipine 5 MG Oral Tablet,49.25,0.00,12,591.00,,
2014-04-04,2015-04-10,e8e29c69-0943-429f-990a-4277f56bab59,b1c428d6-4f07-31e0-90f0-68ffa6ff8c76,ebff1570-87b6-4f65-8ded-42b334d5b597,309362,Clopidogrel 75 MG Oral Tablet,26.50,0.00,12,318.00,,
2014-04-04,2015-04-10,e8e29c69-0943-429f-990a-4277f56bab59,b1c428d6-4f07-31e0-90f0-68ffa6ff8c76,ebff1570-87b6-4f65-8ded-42b334d5b597,705129,Nitroglycerin 0.4 MG/ACTUAT Mucosal Spray,31.06,0.00,12,372.72,,
2014-04-04,2015-04-10,e8e29c69-0943-429f-990a-4277f56bab59,b1c428d6-4f07-31e0-90f0-68ffa6ff8c76,ebff1570-87b6-4f65-8ded-42b334d5b597,312961,Simvastatin 20 MG Oral Tablet,49.55,0.00,12,594.60,,
2014-04-04,2015-04-10,e8e29c69-0943-429f-990a-4277f56bab59,b1c428d6-4f07-31e0-90f0-68ffa6ff8c76,ebff1570-87b6-4f65-8ded-42b334d5b597,197361,Amlodipine 5 MG Oral Tablet,43.29,0.00,12,519.48,,
2015-04-10,2016-04-15,e8e29c69-0943-429f-990a-4277f56bab59,b1c428d6-4f07-31e0-90f0-68ffa6ff8c76,6405b0d8-b7d0-45a2-a0e4-f71245a508bb,309362,Clopidogrel 75 MG Oral Tablet,36.08,0.00,12,432.96,,
2015-04-10,2016-04-15,e8e29c69-0943-429f-990a-4277f56bab59,b1c428d6-4f07-31e0-90f0-68ffa6ff8c76,6405b0d8-b7d0-45a2-a0e4-f71245a508bb,705129,Nitroglycerin 0.4 MG/ACTUAT Mucosal Spray,18.31,0.00,12,219.72,,
2015-04-10,2016-04-15,e8e29c69-0943-429f-990a-4277f56bab59,b1c428d6-4f07-31e0-90f0-68ffa6ff8c76,6405b0d8-b7d0-45a2-a0e4-f71245a508bb,312961,Simvastatin 20 MG Oral Tablet,34.76,0.00,12,417.12,,
2015-04-10,2016-04-15,e8e29c69-0943-429f-990a-4277f56bab59,b1c428d6-4f07-31e0-90f0-68ffa6ff8c76,6405b0d8-b7d0-45a2-a0e4-f71245a508bb,197361,Amlodipine 5 MG Oral Tablet,21.96,0.00,12,263.52,,
2016-04-15,2017-04-21,e8e29c69-0943-429f-990a-4277f56bab59,b1c428d6-4f07-31e0-90f0-68ffa6ff8c76,db32aa2f-16b3-45fd-b121-6b519dfa7f7d,309362,Clopidogrel 75 MG Oral Tablet,37.16,0.00,12,445.92,,
2016-04-15,2017-04-21,e8e29c69-0943-429f-990a-4277f56bab59,b1c428d6-4f07-31e0-90f0-68ffa6ff8c76,db32aa2f-16b3-45fd-b121-6b519dfa7f7d,705129,Nitroglycerin 0.4 MG/ACTUAT Mucosal Spray,182.73,0.00,12,2192.76,,
2016-04-15,2017-04-21,e8e29c69-0943-429f-990a-4277f56bab59,b1c428d6-4f07-31e0-90f0-68ffa6ff8c76,db32aa2f-16b3-45fd-b121-6b519dfa7f7d,312961,Simvastatin 20 MG Oral Tablet,30.65,0.00,12,367.80,,
2016-04-15,2017-04-21,e8e29c69-0943-429f-990a-4277f56bab59,b1c428d6-4f07-31e0-90f0-68ffa6ff8c76,db32aa2f-16b3-45fd-b121-6b519dfa7f7d,197361,Amlodipine 5 MG Oral Tablet,37.20,0.00,12,446.40,,
2017-04-21,2018-04-27,e8e29c69-0943-429f-990a-4277f56bab59,b1c428d6-4f07-31e0-90f0-68ffa6ff8c76,e186f8fb-3045-4274-a44f-8e50d45144e6,309362,Clopidogrel 75 MG Oral Tablet,46.21,0.00,12,554.52,,
2017-04-21,2018-04-27,e8e29c69-0943-429f-990a-4277f56bab59,b1c428d6-4f07-31e0-90f0-68ffa6ff8c76,e186f8fb-3045-4274-a44f-8e50d45144e6,705129,Nitroglycerin 0.4 MG/ACTUAT Mucosal Spray,64.96,0.00,12,779.52,,
2017-04-21,2018-04-27,e8e29c69-0943-429f-990a-4277f56bab59,b1c428d6-4f07-31e0-90f0-68ffa6ff8c76,e186f8fb-3045-4274-a44f-8e50d45144e6,312961,Simvastatin 20 MG Oral Tablet,10.98,0.00,12,131.76,,
2017-04-21,2018-04-27,e8e29c69-0943-429f-990a-4277f56bab59,b1c428d6-4f07-31e0-90f0-68ffa6ff8c76,e186f8fb-3045-4274-a44f-8e50d45144e6,197361,Amlodipine 5 MG Oral Tablet,57.58,0.00,12,690.96,,
2018-04-27,2019-05-03,e8e29c69-0943-429f-990a-4277f56bab59,b1c428d6-4f07-31e0-90f0-68ffa6ff8c76,440e54bc-e872-4d3d-812e-ff4d9e3d6ba5,309362,Clopidogrel 75 MG Oral Tablet,85.84,0.00,12,1030.08,,
2018-04-27,2019-05-03,e8e29c69-0943-429f-990a-4277f56bab59,b1c428d6-4f07-31e0-90f0-68ffa6ff8c76,440e54bc-e872-4d3d-812e-ff4d9e3d6ba5,705129,Nitroglycerin 0.4 MG/ACTUAT Mucosal Spray,126.28,0.00,12,1515.36,,
2018-04-27,2019-05-03,e8e29c69-0943-429f-990a-4277f56bab59,b1c428d6-4f07-31e0-90f0-68ffa6ff8c76,440e54bc-e872-4d3d-812e-ff4d9e3d6ba5,312961,Simvastatin 20 MG Oral Tablet,22.34,0.00,12,268.08,,
2018-04-27,2019-05-03,e8e29c69-0943-429f-990a-4277f56bab59,b1c428d6-4f07-31e0-90f0-68ffa6ff8c76,440e54bc-e872-4d3d-812e-ff4d9e3d6ba5,197361,Amlodipine 5 MG Oral Tablet,21.40,0.00,12,256.80,,
2019-05-03,,e8e29c69-0943-429f-990a-4277f56bab59,b1c428d6-4f07-31e0-90f0-68ffa6ff8c76,83e4e45a-2196-4638-b274-b77b7a994cf9,309362,Clopidogrel 75 MG Oral Tablet,38.34,0.00,10,383.40,,
2019-05-03,,e8e29c69-0943-429f-990a-4277f56bab59,b1c428d6-4f07-31e0-90f0-68ffa6ff8c76,83e4e45a-2196-4638-b274-b77b7a994cf9,705129,Nitroglycerin 0.4 MG/ACTUAT Mucosal Spray,23.05,0.00,10,230.50,,
2019-05-03,,e8e29c69-0943-429f-990a-4277f56bab59,b1c428d6-4f07-31e0-90f0-68ffa6ff8c76,83e4e45a-2196-4638-b274-b77b7a994cf9,312961,Simvastatin 20 MG Oral Tablet,18.22,0.00,10,182.20,,
2019-05-03,,e8e29c69-0943-429f-990a-4277f56bab59,b1c428d6-4f07-31e0-90f0-68ffa6ff8c76,83e4e45a-2196-4638-b274-b77b7a994cf9,197361,Amlodipine 5 MG Oral Tablet,13.89,0.00,10,138.90,,
2009-07-06,2009-07-06,767bcbf0-4e00-4ca5-9e33-8ee4f7740e84,b1c428d6-4f07-31e0-90f0-68ffa6ff8c76,1a4065eb-ab4c-4a7b-ab2c-a1a2fb9d7b42,309362,Clopidogrel 75 MG Oral Tablet,57.87,0.00,1,57.87,,
2009-07-06,2009-07-06,767bcbf0-4e00-4ca5-9e33-8ee4f7740e84,b1c428d6-4f07-31e0-90f0-68ffa6ff8c76,1a4065eb-ab4c-4a7b-ab2c-a1a2fb9d7b42,312961,Simvastatin 20 MG Oral Tablet,39.34,0.00,1,39.34,,
2009-07-06,2009-07-06,767bcbf0-4e00-4ca5-9e33-8ee4f7740e84,b1c428d6-4f07-31e0-90f0-68ffa6ff8c76,1a4065eb-ab4c-4a7b-ab2c-a1a2fb9d7b42,197361,Amlodipine 5 MG Oral Tablet,9.11,0.00,1,9.11,,
2009-07-06,2009-07-06,767bcbf0-4e00-4ca5-9e33-8ee4f7740e84,b1c428d6-4f07-31e0-90f0-68ffa6ff8c76,1a4065eb-ab4c-4a7b-ab2c-a1a2fb9d7b42,705129,Nitroglycerin 0.4 MG/ACTUAT Mucosal Spray,170.35,0.00,1,170.35,,
2009-07-06,2010-07-12,767bcbf0-4e00-4ca5-9e33-8ee4f7740e84,b1c428d6-4f07-31e0-90f0-68ffa6ff8c76,1a4065eb-ab4c-4a7b-ab2c-a1a2fb9d7b42,309362,Clopidogrel 75 MG Oral Tablet,49.55,0.00,12,594.60,,
2009-07-06,2010-07-12,767bcbf0-4e00-4ca5-9e33-8ee4f7740e84,b1c428d6-4f07-31e0-90f0-68ffa6ff8c76,1a4065eb-ab4c-4a7b-ab2c-a1a2fb9d7b42,705129,Nitroglycerin 0.4 MG/ACTUAT Mucosal Spray,101.30,0.00,12,1215.60,,
2009-07-06,2010-07-12,767bcbf0-4e00-4ca5-9e33-8ee4f7740e84,b1c428d6-4f07-31e0-90f0-68ffa6ff8c76,1a4065eb-ab4c-4a7b-ab2c-a1a2fb9d7b42,312961,Simvastatin 20 MG Oral Tablet,24.07,0.00,12,288.84,,
2009-07-06,2010-07-12,767bcbf0-4e00-4ca5-9e33-8ee4f7740e84,b1c428d6-4f07-31e0-90f0-68ffa6ff8c76,1a4065eb-ab4c-4a7b-ab2c-a1a2fb9d7b42,197361,Amlodipine 5 MG Oral Tablet,70.10,0.00,12,841.20,,
2010-07-12,2011-07-18,767bcbf0-4e00-4ca5-9e33-8ee4f7740e84,b1c428d6-4f07-31e0-90f0-68ffa6ff8c76,35af05ec-8a88-4c10-8259-cda47eac9de0,309362,Clopidogrel 75 MG Oral Tablet,77.97,0.00,12,935.64,,
2010-07-12,2011-07-18,767bcbf0-4e00-4ca5-9e33-8ee4f7740e84,b1c428d6-4f07-31e0-90f0-68ffa6ff8c76,35af05ec-8a88-4c10-8259-cda47eac9de0,705129,Nitroglycerin 0.4 MG/ACTUAT Mucosal Spray,106.11,0.00,12,1273.32,,
2010-07-12,2011-07-18,767bcbf0-4e00-4ca5-9e33-8ee4f7740e84,b1c428d6-4f07-31e0-90f0-68ffa6ff8c76,35af05ec-8a88-4c10-8259-cda47eac9de0,312961,Simvastatin 20 MG Oral Tablet,23.09,0.00,12,277.08,,
2010-07-12,2011-07-18,767bcbf0-4e00-4ca5-9e33-8ee4f7740e84,b1c428d6-4f07-31e0-90f0-68ffa6ff8c76,35af05ec-8a88-4c10-8259-cda47eac9de0,197361,Amlodipine 5 MG Oral Tablet,24.35,0.00,12,292.20,,
2011-07-18,2012-07-23,767bcbf0-4e00-4ca5-9e33-8ee4f7740e84,b1c428d6-4f07-31e0-90f0-68ffa6ff8c76,3a1628da-364f-438e-9766-5c2b7b313683,309362,Clopidogrel 75 MG Oral Tablet,57.87,0.00,12,694.44,,
2011-07-18,2012-07-23,767bcbf0-4e00-4ca5-9e33-8ee4f7740e84,b1c428d6-4f07-31e0-90f0-68ffa6ff8c76,3a1628da-364f-438e-9766-5c2b7b313683,705129,Nitroglycerin 0.4 MG/ACTUAT Mucosal Spray,31.97,0.00,12,383.64,,
2011-07-18,2012-07-23,767bcbf0-4e00-4ca5-9e33-8ee4f7740e84,b1c428d6-4f07-31e0-90f0-68ffa6ff8c76,3a1628da-364f-438e-9766-5c2b7b313683,312961,Simvastatin 20 MG Oral Tablet,16.90,0.00,12,202.80,,
2011-07-18,2012-07-23,767bcbf0-4e00-4ca5-9e33-8ee4f7740e84,b1c428d6-4f07-31e0-90f0-68ffa6ff8c76,3a1628da-364f-438e-9766-5c2b7b313683,197361,Amlodipine 5 MG Oral Tablet,4.85,0.00,12,58.20,,
2012-07-23,2013-07-29,767bcbf0-4e00-4ca5-9e33-8ee4f7740e84,b1c428d6-4f07-31e0-90f0-68ffa6ff8c76,7e71ae0f-8f46-488d-a5df-46e080aca106,309362,Clopidogrel 75 MG Oral Tablet,82.19,0.00,12,986.28,,
2012-07-23,2013-07-29,767bcbf0-4e00-4ca5-9e33-8ee4f7740e84,b1c428d6-4f07-31e0-90f0-68ffa6ff8c76,7e71ae0f-8f46-488d-a5df-46e080aca106,705129,Nitroglycerin 0.4 MG/ACTUAT Mucosal Spray,202.63,0.00,12,2431.56,,
2012-07-23,2013-07-29,767bcbf0-4e00-4ca5-9e33-8ee4f7740e84,b1c428d6-4f07-31e0-90f0-68ffa6ff8c76,7e71ae0f-8f46-488d-a5df-46e080aca106,312961,Simvastatin 20 MG Oral Tablet,16.62,0.00,12,199.44,,
2012-07-23,2013-07-29,767bcbf0-4e00-4ca5-9e33-8ee4f7740e84,b1c428d6-4f07-31e0-90f0-68ffa6ff8c76,7e71ae0f-8f46-488d-a5df-46e080aca106,197361,Amlodipine 5 MG Oral Tablet,8.95,0.00,12,107.40,,
2013-07-29,2014-08-04,767bcbf0-4e00-4ca5-9e33-8ee4f7740e84,b1c428d6-4f07-31e0-90f0-68ffa6ff8c76,69ddc787-7457-4112-aecd-cd8d53b18553,309362,Clopidogrel 75 MG Oral Tablet,49.32,0.00,12,591.84,,
2013-07-29,2014-08-04,767bcbf0-4e00-4ca5-9e33-8ee4f7740e84,b1c428d6-4f07-31e0-90f0-68ffa6ff8c76,69ddc787-7457-4112-aecd-cd8d53b18553,705129,Nitroglycerin 0.4 MG/ACTUAT Mucosal Spray,256.16,0.00,12,3073.92,,
2013-07-29,2014-08-04,767bcbf0-4e00-4ca5-9e33-8ee4f7740e84,b1c428d6-4f07-31e0-90f0-68ffa6ff8c76,69ddc787-7457-4112-aecd-cd8d53b18553,312961,Simvastatin 20 MG Oral Tablet,23.80,0.00,12,285.60,,
2013-07-29,2014-08-04,767bcbf0-4e00-4ca5-9e33-8ee4f7740e84,b1c428d6-4f07-31e0-90f0-68ffa6ff8c76,69ddc787-7457-4112-aecd-cd8d53b18553,197361,Amlodipine 5 MG Oral Tablet,83.03,0.00,12,996.36,,
2014-08-04,2015-08-10,767bcbf0-4e00-4ca5-9e33-8ee4f7740e84,b1c428d6-4f07-31e0-90f0-68ffa6ff8c76,6e2c9e3a-12b7-4ca9-b47a-c33b5e1bee71,309362,Clopidogrel 75 MG Oral Tablet,16.85,0.00,12,202.20,,
2014-08-04,2015-08-10,767bcbf0-4e00-4ca5-9e33-8ee4f7740e84,b1c428d6-4f07-31e0-90f0-68ffa6ff8c76,6e2c9e3a-12b7-4ca9-b47a-c33b5e1bee71,705129,Nitroglycerin 0.4 MG/ACTUAT Mucosal Spray,289.05,0.00,12,3468.60,,
2014-08-04,2015-08-10,767bcbf0-4e00-4ca5-9e33-8ee4f7740e84,b1c428d6-4f07-31e0-90f0-68ffa6ff8c76,6e2c9e3a-12b7-4ca9-b47a-c33b5e1bee71,312961,Simvastatin 20 MG Oral Tablet,10.53,0.00,12,126.36,,
2014-08-04,2015-08-10,767bcbf0-4e00-4ca5-9e33-8ee4f7740e84,b1c428d6-4f07-31e0-90f0-68ffa6ff8c76,6e2c9e3a-12b7-4ca9-b47a-c33b5e1bee71,197361,Amlodipine 5 MG Oral Tablet,9.37,0.00,12,112.44,,
2015-08-10,2016-02-22,767bcbf0-4e00-4ca5-9e33-8ee4f7740e84,b1c428d6-4f07-31e0-90f0-68ffa6ff8c76,79e62155-dd5b-4727-a454-75f14d1c39e5,309362,Clopidogrel 75 MG Oral Tablet,66.69,0.00,6,400.14,,
2015-08-10,2016-02-22,767bcbf0-4e00-4ca5-9e33-8ee4f7740e84,b1c428d6-4f07-31e0-90f0-68ffa6ff8c76,79e62155-dd5b-4727-a454-75f14d1c39e5,705129,Nitroglycerin 0.4 MG/ACTUAT Mucosal Spray,20.78,0.00,6,124.68,,
2015-08-10,,767bcbf0-4e00-4ca5-9e33-8ee4f7740e84,b1c428d6-4f07-31e0-90f0-68ffa6ff8c76,79e62155-dd5b-4727-a454-75f14d1c39e5,312961,Simvastatin 20 MG Oral Tablet,25.38,0.00,6,152.28,,
2015-08-10,,767bcbf0-4e00-4ca5-9e33-8ee4f7740e84,b1c428d6-4f07-31e0-90f0-68ffa6ff8c76,79e62155-dd5b-4727-a454-75f14d1c39e5,197361,Amlodipine 5 MG Oral Tablet,24.81,0.00,6,148.86,,
2016-02-22,2016-02-22,767bcbf0-4e00-4ca5-9e33-8ee4f7740e84,b1c428d6-4f07-31e0-90f0-68ffa6ff8c76,6630701f-f2c7-4b04-b3f9-44a11415532d,259255,Atorvastatin 80 MG Oral Tablet,57.43,0.00,1,57.43,,
2016-02-22,2016-02-22,767bcbf0-4e00-4ca5-9e33-8ee4f7740e84,b1c428d6-4f07-31e0-90f0-68ffa6ff8c76,6630701f-f2c7-4b04-b3f9-44a11415532d,833036,Captopril 25 MG Oral Tablet,74.80,0.00,1,74.80,,
1960-12-14,1960-12-14,9c70c10f-299c-4bc8-8031-646601f3a1e2,b1c428d6-4f07-31e0-90f0-68ffa6ff8c76,4b73824e-eb2a-48a4-8ede-03f68b971550,705129,Nitroglycerin 0.4 MG/ACTUAT Mucosal Spray,82.20,0.00,1,82.20,,
1960-12-14,1961-06-14,9c70c10f-299c-4bc8-8031-646601f3a1e2,b1c428d6-4f07-31e0-90f0-68ffa6ff8c76,4b73824e-eb2a-48a4-8ede-03f68b971550,705129,Nitroglycerin 0.4 MG/ACTUAT Mucosal Spray,87.65,0.00,6,525.90,,
1961-06-14,1961-12-13,9c70c10f-299c-4bc8-8031-646601f3a1e2,b1c428d6-4f07-31e0-90f0-68ffa6ff8c76,763b18e1-7472-43e2-b05e-1e3b8120dd3d,705129,Nitroglycerin 0.4 MG/ACTUAT Mucosal Spray,170.79,0.00,6,1024.74,,
1961-12-13,1962-06-13,9c70c10f-299c-4bc8-8031-646601f3a1e2,b1c428d6-4f07-31e0-90f0-68ffa6ff8c76,4e2d9f9b-ffed-4d54-9f92-de19d3347e8a,705129,Nitroglycerin 0.4 MG/ACTUAT Mucosal Spray,141.73,0.00,6,850.38,,
1962-06-13,1963-06-19,9c70c10f-299c-4bc8-8031-646601f3a1e2,b1c428d6-4f07-31e0-90f0-68ffa6ff8c76,b88b921f-123a-4e71-8fe4-2e1578f9f95d,705129,Nitroglycerin 0.4 MG/ACTUAT Mucosal Spray,73.58,0.00,12,882.96,,
1963-06-19,1964-06-24,9c70c10f-299c-4bc8-8031-646601f3a1e2,b1c428d6-4f07-31e0-90f0-68ffa6ff8c76,0ede8e33-9feb-43d9-b17d-7ecd3583ecf4,705129,Nitroglycerin 0.4 MG/ACTUAT Mucosal Spray,126.32,0.00,12,1515.84,,
1964-06-24,1964-08-26,9c70c10f-299c-4bc8-8031-646601f3a1e2,b1c428d6-4f07-31e0-90f0-68ffa6ff8c76,be20f32e-6676-4a77-9270-b3f7659e0b3d,705129,Nitroglycerin 0.4 MG/ACTUAT Mucosal Spray,15.03,0.00,2,30.06,,
2013-09-09,2013-09-09,d05e0511-f60e-477c-8504-d515c8ea8bf9,b1c428d6-4f07-31e0-90f0-68ffa6ff8c76,5d45a67e-431b-40cd-8b87-84ca683a38d1,309362,Clopidogrel 75 MG Oral Tablet,16.79,0.00,1,16.79,,
2013-09-09,2013-09-09,d05e0511-f60e-477c-8504-d515c8ea8bf9,b1c428d6-4f07-31e0-90f0-68ffa6ff8c76,5d45a67e-431b-40cd-8b87-84ca683a38d1,1804799,Alteplase 100 MG Injection,6173.10,0.00,1,6173.10,,
2018-11-14,2018-11-14,60515b71-c40f-41fa-936e-82603a01f9ec,b1c428d6-4f07-31e0-90f0-68ffa6ff8c76,82b1d290-eca6-4501-8a0a-6b2a105dd884,1660014,1 ML Epinephrine 1 MG/ML Injection,2.49,0.00,1,2.49,,
2018-11-14,2018-11-14,60515b71-c40f-41fa-936e-82603a01f9ec,b1c428d6-4f07-31e0-90f0-68ffa6ff8c76,82b1d290-eca6-4501-8a0a-6b2a105dd884,834357,3 ML Amiodarone hydrocholoride 50 MG/ML Prefilled Syringe,205.24,0.00,1,205.24,,
2018-11-14,2018-11-14,60515b71-c40f-41fa-936e-82603a01f9ec,b1c428d6-4f07-31e0-90f0-68ffa6ff8c76,82b1d290-eca6-4501-8a0a-6b2a105dd884,1190795,Atropine Sulfate 1 MG/ML Injectable Solution,31.98,0.00,1,31.98,,
2005-04-30,2005-04-30,2961a7b6-eb44-406e-812a-b96510d5aad7,b1c428d6-4f07-31e0-90f0-68ffa6ff8c76,25dac522-6e0b-415d-9359-c51410df0e62,309362,Clopidogrel 75 MG Oral Tablet,106.52,0.00,1,106.52,,
2005-04-30,2005-04-30,2961a7b6-eb44-406e-812a-b96510d5aad7,b1c428d6-4f07-31e0-90f0-68ffa6ff8c76,25dac522-6e0b-415d-9359-c51410df0e62,312961,Simvastatin 20 MG Oral Tablet,12.78,0.00,1,12.78,,
2005-04-30,2005-04-30,2961a7b6-eb44-406e-812a-b96510d5aad7,b1c428d6-4f07-31e0-90f0-68ffa6ff8c76,25dac522-6e0b-415d-9359-c51410df0e62,197361,Amlodipine 5 MG Oral Tablet,32.45,0.00,1,32.45,,
2005-04-30,2005-04-30,2961a7b6-eb44-406e-812a-b96510d5aad7,b1c428d6-4f07-31e0-90f0-68ffa6ff8c76,25dac522-6e0b-415d-9359-c51410df0e62,705129,Nitroglycerin 0.4 MG/ACTUAT Mucosal Spray,37.13,0.00,1,37.13,,
2005-04-30,2006-05-06,2961a7b6-eb44-406e-812a-b96510d5aad7,b1c428d6-4f07-31e0-90f0-68ffa6ff8c76,25dac522-6e0b-415d-9359-c51410df0e62,309362,Clopidogrel 75 MG Oral Tablet,42.18,0.00,12,506.16,,
2005-04-30,2006-05-06,2961a7b6-eb44-406e-812a-b96510d5aad7,b1c428d6-4f07-31e0-90f0-68ffa6ff8c76,25dac522-6e0b-415d-9359-c51410df0e62,705129,Nitroglycerin 0.4 MG/ACTUAT Mucosal Spray,45.79,0.00,12,549.48,,
2005-04-30,2006-05-06,2961a7b6-eb44-406e-812a-b96510d5aad7,b1c428d6-4f07-31e0-90f0-68ffa6ff8c76,25dac522-6e0b-415d-9359-c51410df0e62,312961,Simvastatin 20 MG Oral Tablet,35.56,0.00,12,426.72,,
2005-04-30,2006-05-06,2961a7b6-eb44-406e-812a-b96510d5aad7,b1c428d6-4f07-31e0-90f0-68ffa6ff8c76,25dac522-6e0b-415d-9359-c51410df0e62,197361,Amlodipine 5 MG Oral Tablet,4.98,0.00,12,59.76,,
2006-05-06,2007-05-12,2961a7b6-eb44-406e-812a-b96510d5aad7,b1c428d6-4f07-31e0-90f0-68ffa6ff8c76,a2edfd8b-1c7f-4669-9016-9f25a0fee4be,309362,Clopidogrel 75 MG Oral Tablet,32.76,0.00,12,393.12,,
2006-05-06,2007-05-12,2961a7b6-eb44-406e-812a-b96510d5aad7,b1c428d6-4f07-31e0-90f0-68ffa6ff8c76,a2edfd8b-1c7f-4669-9016-9f25a0fee4be,705129,Nitroglycerin 0.4 MG/ACTUAT Mucosal Spray,240.86,0.00,12,2890.32,,
2006-05-06,2007-05-12,2961a7b6-eb44-406e-812a-b96510d5aad7,b1c428d6-4f07-31e0-90f0-68ffa6ff8c76,a2edfd8b-1c7f-4669-9016-9f25a0fee4be,312961,Simvastatin 20 MG Oral Tablet,19.25,0.00,12,231.00,,
2006-05-06,2007-05-12,2961a7b6-eb44-406e-812a-b96510d5aad7,b1c428d6-4f07-31e0-90f0-68ffa6ff8c76,a2edfd8b-1c7f-4669-9016-9f25a0fee4be,197361,Amlodipine 5 MG Oral Tablet,27.10,0.00,12,325.20,,
2007-05-12,2007-07-21,2961a7b6-eb44-406e-812a-b96510d5aad7,b1c428d6-4f07-31e0-90f0-68ffa6ff8c76,d58ce02b-b421-4270-8cf3-096852d66e53,309362,Clopidogrel 75 MG Oral Tablet,34.96,0.00,2,69.92,,
2007-05-12,2007-07-21,2961a7b6-eb44-406e-812a-b96510d5aad7,b1c428d6-4f07-31e0-90f0-68ffa6ff8c76,d58ce02b-b421-4270-8cf3-096852d66e53,705129,Nitroglycerin 0.4 MG/ACTUAT Mucosal Spray,46.85,0.00,2,93.70,,
2007-05-12,,2961a7b6-eb44-406e-812a-b96510d5aad7,b1c428d6-4f07-31e0-90f0-68ffa6ff8c76,d58ce02b-b421-4270-8cf3-096852d66e53,312961,Simvastatin 20 MG Oral Tablet,29.39,0.00,2,58.78,,
2007-05-12,,2961a7b6-eb44-406e-812a-b96510d5aad7,b1c428d6-4f07-31e0-90f0-68ffa6ff8c76,d58ce02b-b421-4270-8cf3-096852d66e53,197361,Amlodipine 5 MG Oral Tablet,17.78,0.00,2,35.56,,
2007-07-21,2007-07-21,2961a7b6-eb44-406e-812a-b96510d5aad7,b1c428d6-4f07-31e0-90f0-68ffa6ff8c76,5ff8c18f-dd32-4719-8666-5c57df354a15,259255,Atorvastatin 80 MG Oral Tablet,256.72,0.00,1,256.72,,
2007-07-21,2007-07-21,2961a7b6-eb44-406e-812a-b96510d5aad7,b1c428d6-4f07-31e0-90f0-68ffa6ff8c76,5ff8c18f-dd32-4719-8666-5c57df354a15,833036,Captopril 25 MG Oral Tablet,134.95,0.00,1,134.95,,
2015-06-18,2015-06-18,ac911c76-eb04-4438-85fa-cd24d30d7089,b1c428d6-4f07-31e0-90f0-68ffa6ff8c76,0a46e354-feea-4bb6-a24a-60d84c63336c,309362,Clopidogrel 75 MG Oral Tablet,24.88,0.00,1,24.88,,
2015-06-18,2015-06-18,ac911c76-eb04-4438-85fa-cd24d30d7089,b1c428d6-4f07-31e0-90f0-68ffa6ff8c76,0a46e354-feea-4bb6-a24a-60d84c63336c,312961,Simvastatin 20 MG Oral Tablet,15.33,0.00,1,15.33,,
2015-06-18,2015-06-18,ac911c76-eb04-4438-85fa-cd24d30d7089,b1c428d6-4f07-31e0-90f0-68ffa6ff8c76,0a46e354-feea-4bb6-a24a-60d84c63336c,197361,Amlodipine 5 MG Oral Tablet,15.36,0.00,1,15.36,,
2015-06-18,2015-06-18,ac911c76-eb04-4438-85fa-cd24d30d7089,b1c428d6-4f07-31e0-90f0-68ffa6ff8c76,0a46e354-feea-4bb6-a24a-60d84c63336c,705129,Nitroglycerin 0.4 MG/ACTUAT Mucosal Spray,26.40,0.00,1,26.40,,
2015-06-18,2016-06-23,ac911c76-eb04-4438-85fa-cd24d30d7089,b1c428d6-4f07-31e0-90f0-68ffa6ff8c76,0a46e354-feea-4bb6-a24a-60d84c63336c,309362,Clopidogrel 75 MG Oral Tablet,30.28,0.00,12,363.36,,
2015-06-18,2016-06-23,ac911c76-eb04-4438-85fa-cd24d30d7089,b1c428d6-4f07-31e0-90f0-68ffa6ff8c76,0a46e354-feea-4bb6-a24a-60d84c63336c,705129,Nitroglycerin 0.4 MG/ACTUAT Mucosal Spray,278.15,0.00,12,3337.80,,
2015-06-18,2016-06-23,ac911c76-eb04-4438-85fa-cd24d30d7089,b1c428d6-4f07-31e0-90f0-68ffa6ff8c76,0a46e354-feea-4bb6-a24a-60d84c63336c,312961,Simvastatin 20 MG Oral Tablet,32.03,0.00,12,384.36,,
2015-06-18,2016-06-23,ac911c76-eb04-4438-85fa-cd24d30d7089,b1c428d6-4f07-31e0-90f0-68ffa6ff8c76,0a46e354-feea-4bb6-a24a-60d84c63336c,197361,Amlodipine 5 MG Oral Tablet,35.24,0.00,12,422.88,,
2016-06-23,2017-06-29,ac911c76-eb04-4438-85fa-cd24d30d7089,b1c428d6-4f07-31e0-90f0-68ffa6ff8c76,773092b2-b95b-4505-8513-f22e3f9ff8f6,309362,Clopidogrel 75 MG Oral Tablet,125.39,0.00,12,1504.68,,
2016-06-23,2017-06-29,ac911c76-eb04-4438-85fa-cd24d30d7089,b1c428d6-4f07-31e0-90f0-68ffa6ff8c76,773092b2-b95b-4505-8513-f22e3f9ff8f6,705129,Nitroglycerin 0.4 MG/ACTUAT Mucosal Spray,110.55,0.00,12,1326.60,,
2016-06-23,2017-06-29,ac911c76-eb04-4438-85fa-cd24d30d7089,b1c428d6-4f07-31e0-90f0-68ffa6ff8c76,773092b2-b95b-4505-8513-f22e3f9ff8f6,312961,Simvastatin 20 MG Oral Tablet,24.10,0.00,12,289.20,,
2016-06-23,2017-06-29,ac911c76-eb04-4438-85fa-cd24d30d7089,b1c428d6-4f07-31e0-90f0-68ffa6ff8c76,773092b2-b95b-4505-8513-f22e3f9ff8f6,197361,Amlodipine 5 MG Oral Tablet,14.74,0.00,12,176.88,,
2017-06-29,2018-07-05,ac911c76-eb04-4438-85fa-cd24d30d7089,b1c428d6-4f07-31e0-90f0-68ffa6ff8c76,7aab5a4d-9cfe-44eb-b43b-d33bfb4ecc74,309362,Clopidogrel 75 MG Oral Tablet,66.91,0.00,12,802.92,,
2017-06-29,2018-07-05,ac911c76-eb04-4438-85fa-cd24d30d7089,b1c428d6-4f07-31e0-90f0-68ffa6ff8c76,7aab5a4d-9cfe-44eb-b43b-d33bfb4ecc74,705129,Nitroglycerin 0.4 MG/ACTUAT Mucosal Spray,43.69,0.00,12,524.28,,
2017-06-29,2018-07-05,ac911c76-eb04-4438-85fa-cd24d30d7089,b1c428d6-4f07-31e0-90f0-68ffa6ff8c76,7aab5a4d-9cfe-44eb-b43b-d33bfb4ecc74,312961,Simvastatin 20 MG Oral Tablet,15.71,0.00,12,188.52,,
2017-06-29,2018-07-05,ac911c76-eb04-4438-85fa-cd24d30d7089,b1c428d6-4f07-31e0-90f0-68ffa6ff8c76,7aab5a4d-9cfe-44eb-b43b-d33bfb4ecc74,197361,Amlodipine 5 MG Oral Tablet,9.68,0.00,12,116.16,,
2018-07-05,2019-07-11,ac911c76-eb04-4438-85fa-cd24d30d7089,b1c428d6-4f07-31e0-90f0-68ffa6ff8c76,9cab3736-7937-42a0-9093-8ba7b00ccd58,309362,Clopidogrel 75 MG Oral Tablet,21.82,0.00,12,261.84,,
2018-07-05,2019-07-11,ac911c76-eb04-4438-85fa-cd24d30d7089,b1c428d6-4f07-31e0-90f0-68ffa6ff8c76,9cab3736-7937-42a0-9093-8ba7b00ccd58,705129,Nitroglycerin 0.4 MG/ACTUAT Mucosal Spray,55.46,0.00,12,665.52,,
2018-07-05,2019-07-11,ac911c76-eb04-4438-85fa-cd24d30d7089,b1c428d6-4f07-31e0-90f0-68ffa6ff8c76,9cab3736-7937-42a0-9093-8ba7b00ccd58,312961,Simvastatin 20 MG Oral Tablet,17.95,0.00,12,215.40,,
2018-07-05,2019-07-11,ac911c76-eb04-4438-85fa-cd24d30d7089,b1c428d6-4f07-31e0-90f0-68ffa6ff8c76,9cab3736-7937-42a0-9093-8ba7b00ccd58,197361,Amlodipine 5 MG Oral Tablet,36.06,0.00,12,432.72,,
2019-07-11,,ac911c76-eb04-4438-85fa-cd24d30d7089,b1c428d6-4f07-31e0-90f0-68ffa6ff8c76,e15c2578-7b21-47a7-b8a1-8cf886d1ec66,309362,Clopidogrel 75 MG Oral Tablet,38.24,0.00,8,305.92,,
2019-07-11,,ac911c76-eb04-4438-85fa-cd24d30d7089,b1c428d6-4f07-31e0-90f0-68ffa6ff8c76,e15c2578-7b21-47a7-b8a1-8cf886d1ec66,705129,Nitroglycerin 0.4 MG/ACTUAT Mucosal Spray,25.42,0.00,8,203.36,,
2019-07-11,,ac911c76-eb04-4438-85fa-cd24d30d7089,b1c428d6-4f07-31e0-90f0-68ffa6ff8c76,e15c2578-7b21-47a7-b8a1-8cf886d1ec66,312961,Simvastatin 20 MG Oral Tablet,12.60,0.00,8,100.80,,
2019-07-11,,ac911c76-eb04-4438-85fa-cd24d30d7089,b1c428d6-4f07-31e0-90f0-68ffa6ff8c76,e15c2578-7b21-47a7-b8a1-8cf886d1ec66,197361,Amlodipine 5 MG Oral Tablet,12.46,0.00,8,99.68,,
