Id,BIRTHDATE,DEATHDATE,SSN,DRIVERS,PASSPORT,PREFIX,FIRST,LAST,SUFFIX,MAIDEN,MARITAL,RACE,ETHNICITY,GENDER,BIRTHPLACE,ADDRESS,CITY,STATE,COUNTY,ZIP,LAT,LON,HEALTHCARE_EXPENSES,HEALTHCARE_COVERAGE
181008a4-7a36-4adc-a222-ac441c203e23,2015-09-22,,999-22-8989,,,,Lorentz,Itälä,,,,white,nonhispanic,M,Loviisa  Uusimaa  FI,1022 Weintraub Katu Unit 7,Espoo,Uusimaa,Espoo,02740,60.205660046374454,24.83675012223355,1625.0,0.0
6452dc9c-0b44-4660-968e-f2550f7f2d82,1993-12-01,,999-51-8123,S99924664,X28869212X,Mr.,Oo,Metsä-Ketelä,,,,white,nonhispanic,M,Porvoo  Uusimaa  FI,322 Suihkonen Katu Suite 54,Vantaa,Uusimaa,Vantaa,01610,60.300481208460404,25.07349563901762,3750.0,0.0
246f42dd-eed0-44c2-99c9-ec13e9f9f6f4,1990-08-09,,999-44-4122,S99922309,X83061021X,Mr.,Bekir,Puharinen,,,M,white,nonhispanic,M,Helsinki  Uusimaa  FI,699 Laihonen Katu,Espoo,Uusimaa,Espoo,02250,60.2181052598947,24.821390794100065,3875.0,0.0
591616b6-3e91-4f39-ada8-a3a89ad14d84,1988-07-30,,999-73-1072,S99915502,X869515X,Mrs.,Eevi,Isohanni,,Laherto,M,white,nonhispanic,F,Helsinki  Uusimaa  FI,908 Ekonen Katu,Helsinki,Uusimaa,Helsinki,00180,60.20086566650743,24.913659036461226,4000.0,0.0
0db8f2e4-bf0e-4f1c-97b8-289cbfd9bdbc,2013-03-30,,999-10-9011,,,,Kaisla-Kerttu,Langinen,,,,white,nonhispanic,F,Helsinki  Uusimaa  FI,872 Kovanen Katu,Helsinki,Uusimaa,Helsinki,00710,60.25791214183616,25.060359204147286,1875.0,0.0
caf024d7-7f7d-4d3d-8d03-d7e4c1379297,1980-02-28,,999-43-3775,S99996581,X43693873X,Ms.,Nataliya,Klimoff,,,S,white,nonhispanic,F,Helsinki  Uusimaa  FI,841 Sinervä Katu Apt 69,Vantaa,Uusimaa,Vantaa,01700,60.26982250137007,24.981652917171136,4375.0,0.0
f2f5d627-d241-4bc1-bd3f-5550d463b40c,1967-10-25,,999-23-1496,S99993994,X84897034X,Mrs.,Misa,Halinen,,Tapionlinna,M,white,nonhispanic,F,Espoo  Uusimaa  FI,205 Gustafsson Katu,Vantaa,Uusimaa,Vantaa,01380,60.34734397408985,25.05106901851884,5250.0,0.0
b8db241d-39f1-4a81-873f-d57f6fb3c3ab,2003-01-27,,999-62-4411,S99941273,,,Jan-Fredrik,Sauvola,,,,white,nonhispanic,M,Helsinki  Uusimaa  FI,154 Alhonpää Katu Suite 38,Helsinki,Uusimaa,Helsinki,00730,60.126078717389575,24.90555538823423,3125.0,0.0
35c4e7ff-2353-4234-a788-252c8bad0bc4,1970-09-27,,999-81-8362,S99994786,X29871423X,Mr.,Nikolas,Jåfs,,,M,white,nonhispanic,M,Espoo  Uusimaa  FI,105 Mikkola Katu,Mäntsälä,Uusimaa,Mäntsälä,04740,60.660459374895645,25.348920975602393,4875.0,0.0
0c065267-24d8-48d0-9109-2d7cfd648731,1971-03-31,,999-23-4489,S99984204,X70080229X,Mrs.,Eleonor,Kälkäinen,,Huhtaniemi,M,white,nonhispanic,F,Helsinki  Uusimaa  FI,1006 Kentta Katu,Lohja,Uusimaa,Lohja,08500,60.18942922874827,24.01190845949377,4875.0,0.0
36f4371b-b2e9-4588-b2a0-1e57de4afdbf,1960-03-23,,999-16-7522,S99982664,X26583674X,Ms.,Hibaaq,Arttola,,,S,white,nonhispanic,F,Espoo  Uusimaa  FI,197 Umpala Katu,Espoo,Uusimaa,Espoo,02330,60.144506143868426,24.810035321186813,6125.0,0.0
153855cb-ed12-4f11-a8a2-5dec1810fb6b,2003-08-22,,999-43-7002,S99995034,,,Lavinia,Talasoja,,,,white,nonhispanic,F,Helsinki  Uusimaa  FI,590 Hotokka Katu,Lohja,Uusimaa,Lohja,08680,60.3235301987231,24.046407254386203,3125.0,0.0
17ebc245-c1c4-484d-951a-90b156951a20,1989-02-07,,999-11-8871,S99927106,X41361837X,Mr.,Per-Håkan,Jyrkkänen,,,M,white,nonhispanic,M,Helsinki  Uusimaa  FI,584 Law Katu Unit 86,Helsinki,Uusimaa,Helsinki,00340,60.29250163118199,25.0117331330352,3875.0,0.0
24217286-e372-41dd-9101-229f34631698,1995-11-19,,999-52-6637,S99965605,X75316587X,Ms.,Juana,Kultima,,,,white,nonhispanic,F,Hyvinkää  Uusimaa  FI,678 Sarelin Katu Suite 52,Siuntio,Uusimaa,Siuntio,02580,60.100706948999076,24.208405956848903,3625.0,0.0
7f51ec99-0c3f-4cfe-bf4e-7e0ea245b96c,1994-10-08,,999-46-8745,S99946945,X44407840X,Mr.,Niels,Birkstedt,,,,white,nonhispanic,M,Espoo  Uusimaa  FI,747 Knudsen Katu,Helsinki,Uusimaa,Helsinki,00290,60.25825196371521,25.114294234100747,3750.0,0.0
d43abf67-9505-41f1-9bba-582aff3c6049,1963-03-19,,999-58-5727,S99959707,X20786535X,Mr.,Asser,Porspakka,,,S,white,nonhispanic,M,Nurmijärvi  Uusimaa  FI,294 Kytöniemi Katu,Helsinki,Uusimaa,Helsinki,00550,60.24586826770889,24.850785488615223,5750.0,0.0
cd8bfd3e-f033-4ac6-b7f4-406898b13b57,2000-06-20,,999-72-3559,S99952009,,Ms.,Nicole,Vesasto,,,,white,nonhispanic,F,Lohja  Uusimaa  FI,909 Repola Katu Apt 84,Espoo,Uusimaa,Espoo,02180,60.23754947097308,24.613208064762105,3500.0,0.0
60deff10-4b4e-4f1b-a76b-54f0f41f9ad4,1977-03-28,,999-38-2341,S99983438,X28483881X,Mrs.,Emmi-Karoliina,Heiti,,Karekivi,M,white,nonhispanic,F,Vantaa  Uusimaa  FI,858 Akhtar Katu,Kerava,Uusimaa,Kerava,04250,60.333478208363026,25.08167764882907,11109.64,0.0
c251df38-e906-48d5-8d3c-d8cd8f6a104e,2004-04-23,,999-22-8910,,,,Anne-Maaret,Väkevä,,,,white,nonhispanic,F,Helsinki  Uusimaa  FI,1028 Kunto Katu,Helsinki,Uusimaa,Helsinki,00610,60.195921485351946,25.022914933038642,3000.0,0.0
8c3a5daa-7640-4b53-8a98-9d9064430632,1961-06-02,,999-44-5135,S99941729,X86335342X,Mr.,Fuad,Jänönen,,,M,white,nonhispanic,M,Helsinki  Uusimaa  FI,587 Pyrhönen Katu Apt 53,Helsinki,Uusimaa,Helsinki,00170,60.1493381598397,24.825150558082964,6000.0,0.0
c6a16635-d1cf-4b5a-b617-631c7dc64588,1996-09-23,,999-85-1118,S99965341,X69312143X,Mr.,Erkko,Patovisti,,,,white,nonhispanic,M,Espoo  Uusimaa  FI,563 Hinkkanen Katu Suite 38,Espoo,Uusimaa,Espoo,02740,60.23247892682101,24.740825307182053,3625.0,0.0
233a5e31-b276-439c-8d11-962358db4d91,1986-09-03,,999-23-3798,S99996300,X53658867X,Mr.,Elja,Marander,,,M,white,nonhispanic,M,Hyvinkää  Uusimaa  FI,1042 Tiri Katu Suite 29,Helsinki,Uusimaa,Helsinki,00690,60.18763061235156,24.903244582781507,4000.0,0.0
896de2be-e20e-4882-86a3-36be21484f2e,1963-01-07,,999-44-7727,S99923317,X28642687X,Mrs.,Wenla,Loisko,,Nahkuri,M,white,nonhispanic,F,Nurmijärvi  Uusimaa  FI,496 Wink Katu Suite 44,Helsinki,Uusimaa,Helsinki,00360,60.164556183639334,24.937400695687387,5875.0,0.0
746bd785-2425-467b-a1d7-bd5c77961925,1964-11-29,,999-46-2128,S99938527,X15379477X,Mrs.,Rabab,Kemppaala,,Visavuori,M,white,nonhispanic,F,Järvenpää  Uusimaa  FI,372 Honkonen Katu Apt 9,Järvenpää,Uusimaa,Järvenpää,04400,60.50554828609284,25.083097490239318,5625.0,0.0
fc7e45bf-3efe-4769-823f-387e2fb898f9,1976-01-12,,999-84-6654,S99985689,X33828608X,Mr.,Lari-Petteri,Lounasranta,,,M,white,nonhispanic,M,Tuusula  Uusimaa  FI,268 George Katu,Hyvinkää,Uusimaa,Hyvinkää,05800,60.56868886946078,25.016876945477055,7676.11,0.0
a835d7bb-d6e9-4efa-b28b-904e39a69c57,2012-08-20,,999-96-9816,,,,Mollie,Kraft,,,,white,nonhispanic,F,Helsinki  Uusimaa  FI,856 Koukkari Katu,Helsinki,Uusimaa,Helsinki,00690,60.135313587580754,24.99677906407933,2000.0,0.0
3b5ab367-ffd3-496d-8b01-bf28e7b0332e,1998-03-20,,999-32-6696,S99998191,X82076858X,Mr.,Najib,Lomakin,,,,white,nonhispanic,M,Espoo  Uusimaa  FI,840 Maaronen Katu,Helsinki,Uusimaa,Helsinki,00120,60.19310842106695,24.919159987809373,3500.0,0.0
8787c7a6-cf79-4f52-889c-4caa917b3af3,1983-05-02,,999-57-7650,S99922451,X80392031X,Mr.,Iiska,Niinijärvi,,,M,white,nonhispanic,M,Vantaa  Uusimaa  FI,141 Sillanmikko Katu,Vantaa,Uusimaa,Vantaa,01520,60.29777339733597,25.112059236213913,4125.0,0.0
214d4e27-3c4b-439f-bb4d-dfc288d11de1,2020-02-25,,999-17-2953,,,,Bo-Johan,Kent,,,,white,nonhispanic,M,Kauniainen  Uusimaa  FI,302 Melamies Katu Suite 91,Helsinki,Uusimaa,Helsinki,00760,60.198877647573376,24.880173088431555,125.0,0.0
2ee9daa7-30d8-4836-8196-88ea36a224f5,1973-10-27,,999-51-6995,S99922127,X25740677X,Mr.,Nicky,Kirveskoski,,,M,white,nonhispanic,M,Helsinki  Uusimaa  FI,465 Köppä Katu,Nurmijärvi,Uusimaa,Nurmijärvi,01860,60.55772177446341,24.893156356996474,4750.0,0.0
e8e29c69-0943-429f-990a-4277f56bab59,1966-09-09,,999-95-3100,S99953439,X68704913X,Mr.,Quoc,Lagerstedt,,,M,white,nonhispanic,M,Espoo  Uusimaa  FI,766 Vesiluoma Katu,Tuusula,Uusimaa,Tuusula,04370,60.54232582347659,24.981230042077456,14178.05,0.0
66454b6d-7fa9-458d-9a87-25defc2ab2d3,1990-02-02,,999-99-7319,S99976474,X49907963X,Mr.,João,Hummelstedt,,,M,white,nonhispanic,M,Helsinki  Uusimaa  FI,362 Remander Katu,Helsinki,Uusimaa,Helsinki,00260,60.27193545670551,24.98735624696232,3875.0,0.0
9d12ccd5-c2bc-45ab-bf7c-cb0519fbf456,2014-11-01,,999-29-7194,,,,Sanna-Leena,Rättö,,,,white,nonhispanic,F,Helsinki  Uusimaa  FI,521 Grims Katu,Helsinki,Uusimaa,Helsinki,00140,60.3008777120754,25.05454228728713,1750.0,0.0
9e94989f-8b33-4df9-ab15-73db38ad9617,1988-11-22,,999-47-6098,S99989638,X32861512X,Mr.,Elsayed,Kuusela-Opas,,,M,white,nonhispanic,M,Espoo  Uusimaa  FI,345 Lillandt Katu Suite 72,Helsinki,Uusimaa,Helsinki,00220,60.23583821546934,24.90233739395132,4000.0,0.0
767bcbf0-4e00-4ca5-9e33-8ee4f7740e84,1936-02-24,2016-02-22,999-95-9340,S99964980,X55786090X,Mr.,Milad,Franke,,,M,white,nonhispanic,M,Kerava  Uusimaa  FI,610 Kaltiala Katu Unit 93,Helsinki,Uusimaa,Helsinki,00960,60.265314432758224,25.08829150465469,10883.0,0.0
41bc6069-fa84-429b-8dcf-f7b9adfe0249,1979-06-30,,999-76-1232,S99958627,X64038082X,Mrs.,Liana,Enckelman,,Alenius,M,white,nonhispanic,F,Helsinki  Uusimaa  FI,988 Hallén Katu Suite 5,Helsinki,Uusimaa,Helsinki,00840,60.23290266513798,24.891600666148424,4375.0,0.0
ee634bdf-fde5-4661-b9d3-f2fae874d89d,1962-09-24,,999-61-5563,S99973608,X62400371X,Mrs.,Henrintytär,Vähä-Jaakkola,,Leislahti,M,white,nonhispanic,F,Lohja  Uusimaa  FI,573 Sukanen Katu Unit 51,Helsinki,Uusimaa,Helsinki,00260,60.20239110010863,24.87657390661256,5875.0,0.0
9c70c10f-299c-4bc8-8031-646601f3a1e2,1958-07-09,1964-08-26,999-20-7125,,,,Kari-Jukka,Vaani,,,,white,nonhispanic,M,Helsinki  Uusimaa  FI,676 Lundahl Katu Unit 38,Hyvinkää,Uusimaa,Hyvinkää,05840,60.60086153431968,24.886040065329446,2697.3,0.0
24e13b1c-1340-4cfe-bc30-a75da317c384,1985-11-21,,999-54-7551,S99938884,X88587407X,Mr.,Donatus,Möykky,,,M,white,nonhispanic,M,Helsinki  Uusimaa  FI,764 Saahkari Katu,Helsinki,Uusimaa,Helsinki,00310,60.28325337959109,25.008117081785567,4125.0,0.0
4d59371a-a2ab-4ab8-a45e-c8c7a5bcd227,1981-07-11,,999-92-2818,S99915842,X56935831X,Mr.,Junnu,Poutiainen,,,S,white,nonhispanic,M,Espoo  Uusimaa  FI,566 Haikola Katu,Espoo,Uusimaa,Espoo,02720,60.16445179443641,24.66808932966095,4250.0,0.0
f9e2743f-7a83-4b2c-aeac-cfcb91832495,1956-09-01,,999-15-6976,S99977368,X27329888X,Mr.,Anselmo,Filatov,,,M,white,nonhispanic,M,Helsinki  Uusimaa  FI,123 Kaarlejärvi Katu,Helsinki,Uusimaa,Helsinki,00870,60.13635770056448,24.88490358683864,6625.0,0.0
83dc9ccc-7f8e-425a-9494-b4b375349fd8,2008-10-26,,999-65-9465,,,,Henriksdotter,Karmakka,,,,white,nonhispanic,F,Kirkkonummi  Uusimaa  FI,328 Rydenfelt Katu,Nurmijärvi,Uusimaa,Nurmijärvi,01830,60.40818245929942,24.639106950131325,2500.0,0.0
55878477-835e-4409-89c0-8c365a7696fd,2010-09-27,,999-20-8428,,,,Pekko,Nurmilaakso,,,,white,nonhispanic,M,Lohja  Uusimaa  FI,592 Lakkonen Katu Apt 45,Espoo,Uusimaa,Espoo,02200,60.160088689622555,24.780837749269182,2250.0,0.0
3d7dabef-eac4-4f2d-9b60-c0e37882ee1d,1953-04-29,,999-49-6089,S99969519,X36166492X,Mr.,Jani-Petri,Vesteri,,,M,white,nonhispanic,M,Vantaa  Uusimaa  FI,854 Ervasti Katu,Helsinki,Uusimaa,Helsinki,00790,60.18520323250398,24.937583196082468,7000.0,0.0
2cc190fe-e6db-4279-9c41-663a58fde8c6,1962-09-11,,999-60-7476,S99934254,X248366X,Mrs.,Jamelia,Gammals,,Ahovalli,M,white,nonhispanic,F,Espoo  Uusimaa  FI,1082 Arjanne Katu Suite 39,Helsinki,Uusimaa,Helsinki,00340,60.21275649295214,24.83347247297829,5875.0,0.0
7c176b56-58ef-4ae4-b23c-711fb63733ff,1965-09-23,,999-78-9371,S99969572,X78115195X,Mrs.,Taina-Liisa,Nurkki,,Säkäjärvi,M,white,nonhispanic,F,Vantaa  Uusimaa  FI,375 Rinta-Kokko Katu Unit 62,Espoo,Uusimaa,Espoo,02620,60.20270669425098,24.75250279223327,5500.0,0.0
6730d85e-2599-46be-bf07-c5cbcfca7916,2013-10-11,,999-49-1471,,,,Raakel,Iso-Tuisku,,,,white,nonhispanic,F,Novosibirsk  Novosibirsk Oblast  RU,840 Engberg Katu,Nurmijärvi,Uusimaa,Nurmijärvi,01820,60.40369283751659,24.76084534404589,1875.0,0.0
95598200-4a7d-41ad-a804-68f1cc90c928,2004-06-10,,999-48-6859,,,,Matti-Petteri,Vellinki,,,,white,nonhispanic,M,Espoo  Uusimaa  FI,257 Kugappi Katu Suite 89,Tuusula,Uusimaa,Tuusula,05430,60.382083086196076,25.019439518850838,3000.0,0.0
6c4641df-c583-4cec-bd96-4b3cc4cc8acc,2001-02-26,,999-15-7271,S99929936,,Ms.,Elaisa,Kaajakari,,,,white,nonhispanic,F,Espoo  Uusimaa  FI,1034 Soppela Katu Apt 31,Espoo,Uusimaa,Espoo,02720,60.181103471791765,24.766832347186245,3375.0,0.0
2f3c4288-c603-4da2-bc73-4a3133f033b6,2014-09-23,,999-81-5876,,,,Atef,Hämeenheimo,,,,white,nonhispanic,M,Helsinki  Uusimaa  FI,869 Majakangas Katu,Vantaa,Uusimaa,Vantaa,01230,60.33505657957753,25.09636054432587,1750.0,0.0
d05e0511-f60e-477c-8504-d515c8ea8bf9,1979-11-05,,999-49-5997,S99951384,X61588646X,Ms.,Esteriina,Säilynoja,,,S,white,nonhispanic,F,Helsinki  Uusimaa  FI,886 Hägen Katu Apt 76,Helsinki,Uusimaa,Helsinki,00540,60.21240270110547,24.96040451000769,10689.89,0.0
02e211b3-c7c0-4347-b859-edd54a1c1b46,1958-07-09,,999-50-2568,S99976381,X20314898X,Mr.,Van,Hymylä,,,M,white,nonhispanic,M,Hyvinkää  Uusimaa  FI,1040 Ylimaunu Katu,Hyvinkää,Uusimaa,Hyvinkää,05860,60.654958872438044,24.78641764172622,6375.0,0.0
c5ff187a-ad8c-4aee-b466-d242bc5b1688,1991-03-06,,999-82-2949,S99924387,X69021960X,Mrs.,Anna-Inkeri,Färling,,Hertell,M,white,nonhispanic,F,Lohja  Uusimaa  FI,281 Saralahti Katu Unit 24,Porvoo,Uusimaa,Porvoo,07410,60.38888234340381,25.425121057801174,3875.0,0.0
5f983320-1a1e-498e-8c5c-a8f0c6a052a6,1936-02-24,,999-15-6642,S99972614,X41502571X,Mr.,Sergio,Tauriala,,,M,white,nonhispanic,M,Vantaa  Uusimaa  FI,546 Raassina Katu,Helsinki,Uusimaa,Helsinki,00960,60.22655515137321,24.8742725462565,9125.0,0.0
af818120-8562-4965-9948-8704fef35a1d,1985-08-30,,999-68-6930,S99943277,X76112298X,Mrs.,Wilma,Kordelin,,Ainola,M,white,nonhispanic,F,Helsinki  Uusimaa  FI,622 Maisala Katu,Järvenpää,Uusimaa,Järvenpää,04410,60.48839627775948,25.1333192250982,4125.0,0.0
b51c8233-c73f-4e25-8352-9c509b19bf70,1959-07-03,,999-70-2746,S99974813,X16671040X,Mrs.,Soini,Ontronen,,Karisto,M,white,nonhispanic,F,Espoo  Uusimaa  FI,1002 Toivainen Katu,Porvoo,Uusimaa,Porvoo,06830,60.37087848454178,25.65450760003341,6250.0,0.0
6035c37c-f155-4ba5-90e0-4f80e0aa3464,1985-10-18,,999-97-9622,S99967068,X10068299X,Mrs.,Raika,Savakko,,Lösönen,M,white,nonhispanic,F,Helsinki  Uusimaa  FI,925 Ala-Kokkila Katu Apt 74,Espoo,Uusimaa,Espoo,02210,60.11058785080879,24.67925996914151,4125.0,0.0
0b9ef861-25ea-4e56-a4fa-03e9e39dc5f6,2007-03-02,,999-27-3324,,,,Liona,Luopajärvi,,,,white,nonhispanic,F,Porvoo  Uusimaa  FI,629 Silanen Katu,Lohja,Uusimaa,Lohja,09630,60.32347563673182,24.0225083990478,2625.0,0.0
cd94cb0d-000f-4549-944c-25078ca9c1d0,2008-06-13,,999-54-3812,,,,Ilhaan,Tuulenmäki,,,,white,nonhispanic,F,Pornainen  Uusimaa  FI,823 Hukkamäki Katu Unit 17,Vihti,Uusimaa,Vihti,03220,60.40758462867582,24.579194173715464,2500.0,0.0
a18deb5c-260a-4e22-8436-cda4fdcfb881,1991-05-30,,999-63-9592,S99929139,X24878065X,Mrs.,Thilda,Kaleton,,Ala-Aho,M,white,nonhispanic,F,Vihti  Uusimaa  FI,550 Pekonmäki Katu Unit 78,Espoo,Uusimaa,Espoo,02380,60.12533989510726,24.66465680015818,3875.0,0.0
0e29b3aa-378c-4568-8ba2-1cd2d7cd3504,1988-05-21,,999-67-3685,S99964988,X3521964X,Mrs.,Kaisi,Sarvijärvi,,Salonmaa,M,white,nonhispanic,F,Helsinki  Uusimaa  FI,545 Karkkonen Katu,Tuusula,Uusimaa,Tuusula,04350,60.339995732008326,24.981509870708894,4000.0,0.0
693d998a-d7ab-45b1-9492-517b0cf69e4e,1993-11-15,,999-84-4905,S99983311,X56044678X,Mr.,Bo-Gustav,Prinkkilä,,,,white,nonhispanic,M,Helsinki  Uusimaa  FI,532 Klén Katu Suite 78,Raasepori,Uusimaa,Raasepori,10480,60.00460495379075,23.63123595623289,3750.0,0.0
3c8eed1d-a7b9-4edb-9ea2-352d40334637,2015-02-19,,999-71-8979,,,,Marida,Rahi,,,,white,nonhispanic,F,Vantaa  Uusimaa  FI,740 Lappalainen Katu Suite 63,Espoo,Uusimaa,Espoo,02920,60.108290028091766,24.745252994281074,1750.0,0.0
a770f298-7cc6-4a26-a2f1-b50a90d2a4ae,1960-10-26,,999-37-4904,S99952995,X59913536X,Mr.,Edwin,Makslahti,,,M,white,nonhispanic,M,Karkkila  Uusimaa  FI,1030 Maunuaho Katu Unit 25,Raasepori,Uusimaa,Raasepori,10350,59.96968992099974,23.26514124707569,6125.0,0.0
60515b71-c40f-41fa-936e-82603a01f9ec,1971-04-07,,999-97-9297,S99965486,X12727576X,Mrs.,Emma-Kaisa,Kaske,,Vikstrand,M,white,nonhispanic,F,Espoo  Uusimaa  FI,798 Merimäki Katu Suite 94,Helsinki,Uusimaa,Helsinki,00690,60.15124000360588,24.895384746760758,5239.71,0.0
2cf5eccc-362f-41cf-afbe-f4f785e36540,1989-01-07,,999-16-3825,S99913241,X38337343X,Mr.,Dan-Anders,Klippi,,,M,white,nonhispanic,M,Helsinki  Uusimaa  FI,482 Kärkelä Katu,Espoo,Uusimaa,Espoo,02200,60.1853513687213,24.70798248944484,3875.0,0.0
fc24e37e-b129-4fb9-9c6a-d84174f77978,2011-03-26,,999-65-8740,,,,Jeremie,Ginlund,,,,white,nonhispanic,M,Helsinki  Uusimaa  FI,932 Yli-Pelkonen Katu Suite 77,Vantaa,Uusimaa,Vantaa,01380,60.25916996032564,24.821218822562702,2125.0,0.0
5a56fac3-1c2b-4f18-be34-cbf276550704,1979-06-19,,999-41-1282,S99940703,X20136840X,Mr.,Eikka,Parri,,,M,white,nonhispanic,M,Porvoo  Uusimaa  FI,665 Roslöf Katu,Espoo,Uusimaa,Espoo,02860,60.18357211275679,24.81243583589512,4375.0,0.0
2961a7b6-eb44-406e-812a-b96510d5aad7,1965-04-24,2007-07-21,999-26-3043,S99953146,X84918862X,Mr.,Bo-Anders,Salopuro,,,M,white,nonhispanic,M,Sao Paulo  Sao Paulo  BR,605 Perkinen Katu,Helsinki,Uusimaa,Helsinki,00610,60.141911542775276,24.984638147187518,5860.84,0.0
d6d26960-486c-4f35-b99d-59535888eecf,1961-08-13,,999-90-6193,S99930069,X66067473X,Mr.,Jomi,Lavio,,,M,white,nonhispanic,M,Hyvinkää  Uusimaa  FI,920 Pollari Katu Apt 12,Espoo,Uusimaa,Espoo,02210,60.327620123510286,24.761814419951293,6000.0,0.0
c68e4acf-e682-4c0f-9281-fa1a8e280c1f,2008-11-13,,999-10-1501,,,,Embla,Lähdeniemi,,,,white,nonhispanic,F,Vantaa  Uusimaa  FI,138 Aitola Katu Unit 36,Mäntsälä,Uusimaa,Mäntsälä,04820,60.57799091903755,25.303065824430014,2500.0,0.0
909e9530-026d-47f0-9307-9b00dad52a8e,1985-05-20,,999-78-3109,S99971249,X56940015X,Mrs.,Minna-Maaria,Pentikäinen,,Rumpu,M,white,nonhispanic,F,Sipoo  Uusimaa  FI,172 Lillkaas Katu,Helsinki,Uusimaa,Helsinki,00220,60.19813654376811,24.920112322575324,4125.0,0.0
e59d27ec-4c93-4a43-a63d-0c7b3525fb4d,2007-02-27,,999-66-4341,,,,Sándor,Tornberg,,,,white,nonhispanic,M,Helsinki  Uusimaa  FI,332 Niskala Katu Suite 89,Helsinki,Uusimaa,Helsinki,00640,60.27244453605829,24.916765837438415,2625.0,0.0
2bf39632-d042-4035-bd4a-7c8c7cd6489f,1965-07-10,,999-20-8602,S99914925,X56447988X,Mr.,Jaspar,Pälä,,,M,white,nonhispanic,M,Lohja  Uusimaa  FI,643 Vuononvirta Katu,Karkkila,Uusimaa,Karkkila,03710,60.58414452795815,24.20423909161489,5500.0,0.0
aa1ab836-942f-47d2-9b96-4c5663b44cb0,1980-07-20,,999-58-3999,S99990323,X60791198X,Mr.,Mustafa,Kulusjärvi,,,M,white,nonhispanic,M,Helsinki  Uusimaa  FI,233 Porvali Katu Suite 61,Helsinki,Uusimaa,Helsinki,00610,60.2834906119776,24.998344581771402,4465.89,0.0
ac911c76-eb04-4438-85fa-cd24d30d7089,1949-03-17,,999-95-2807,S99946426,X71684588X,Mr.,Gustavo,Utunen,,,M,white,nonhispanic,M,Espoo  Uusimaa  FI,231 Juntto Katu,Porvoo,Uusimaa,Porvoo,07410,60.31039465729727,25.7675670394893,8499.73,0.0
19df1c06-34ad-47b5-9dc6-849d5f07d8a5,1983-05-23,,999-54-9298,S99956339,X53098236X,Ms.,Lotta-Kaisa,Leivo,,,S,white,nonhispanic,F,Vihti  Uusimaa  FI,911 Sköld Katu,Espoo,Uusimaa,Espoo,02320,60.30140736419258,24.678272600838273,4125.0,0.0
8f16d8dc-d325-4c65-ba6c-b730597561f0,1962-08-25,,999-69-5409,S99952638,X19896192X,Mr.,Ilyas,Eloranta,,,M,white,nonhispanic,M,Tuusula  Uusimaa  FI,754 Rehnstrand Katu Unit 49,Helsinki,Uusimaa,Helsinki,00410,60.19569478381984,25.097894082114028,6086.5,0.0
4c6a6583-8f54-44d6-8510-6406208b47d7,2004-06-30,,999-85-2687,,,,Aliyah,Satama,,,,white,nonhispanic,F,Vantaa  Uusimaa  FI,604 Taiminen Katu Apt 91,Vantaa,Uusimaa,Vantaa,01770,60.31662238318592,25.078126695718307,3000.0,0.0
aed58d2f-72d3-409e-9d02-b76f3bf1e4a0,2016-09-20,,999-91-9172,,,,Righard,Wulff,,,,white,nonhispanic,M,Helsinki  Uusimaa  FI,199 Ilmavirta Katu Apt 17,Lohja,Uusimaa,Lohja,03870,60.35911368451783,24.006450826489484,1500.0,0.0
c55c7a01-5e00-4e5b-ae57-03259a7a5a89,1967-01-31,,999-56-6352,S99977125,X78631638X,Mrs.,Kaya,Bernard,,Jounela,M,white,nonhispanic,F,Helsinki  Uusimaa  FI,635 Yliranta Katu Apt 46,Helsinki,Uusimaa,Helsinki,00940,60.14296384400086,24.95433358639231,5375.0,0.0
e2f5e022-5275-42e3-9546-4a07a2de103a,1965-04-24,,999-73-6853,S99958124,X35272035X,Mr.,Ioan,Karlin,,,M,white,nonhispanic,M,Brasilia  Federal District  BR,172 Suuniittu Katu,Helsinki,Uusimaa,Helsinki,00870,60.20189719353857,25.032080913744565,5500.0,0.0
ec0f11cf-9d89-4933-a27b-2d8d31793913,1994-05-27,,999-20-4552,S99921705,X11646396X,Ms.,Katharine,Troberg,,,,white,nonhispanic,F,Vantaa  Uusimaa  FI,342 Helsto Katu Apt 16,Kerava,Uusimaa,Kerava,04220,60.45125019213858,25.13177939565804,3750.0,0.0
029905fb-a9d2-4e0d-88fd-1fe19c0b6f50,2011-01-14,,999-65-8152,,,,Lars-Gunnar,Ruotimo,,,,white,nonhispanic,M,Helsinki  Uusimaa  FI,481 Djupsund Katu,Kirkkonummi,Uusimaa,Kirkkonummi,02540,60.175949251218604,24.381542526582397,2250.0,0.0
0c310bb1-d8f6-4105-ace7-dbc007f14d06,1959-05-19,,999-76-6544,S99945202,X6072662X,Mrs.,Inka-Liina,Murto-Unkila,,Boijer-Spoof,M,white,nonhispanic,F,Mäntsälä  Uusimaa  FI,249 Davies Katu,Sipoo,Uusimaa,Sipoo,01150,60.25511418631292,25.314053166536446,6250.0,0.0
78f8dd92-81f3-4f2d-a392-c725371d95f7,2007-02-22,,999-26-7467,,,,Gunhild,Niemimäki,,,,white,nonhispanic,F,Tuusula  Uusimaa  FI,373 Jacobs Katu,Tuusula,Uusimaa,Tuusula,04320,60.43428349400803,25.05620857951775,2625.0,0.0
0aa8cbfa-3a48-4b99-b0c3-b93217648193,2013-04-10,,999-68-8922,,,,Iri,Kaukoniemi,,,,white,nonhispanic,F,Helsinki  Uusimaa  FI,854 Hakatie Katu Apt 37,Espoo,Uusimaa,Espoo,02180,60.20183627077452,24.794846851353896,1875.0,0.0
5ec7c64c-0240-4215-8087-56b01f0ce49d,2007-11-11,,999-15-9038,,,,Ida-Julia,Öström,,,,white,nonhispanic,F,Helsinki  Uusimaa  FI,498 Sarviluoma Katu,Espoo,Uusimaa,Espoo,02740,60.168630979103234,24.724493508284542,2625.0,0.0
6f52ed72-512c-4e19-bf42-9ef200ac5f68,1973-07-23,,999-33-9788,S99981232,X61259594X,Mrs.,Hannelore,Oivaranta,,Polsa,M,white,nonhispanic,F,Lohja  Uusimaa  FI,693 Kerätär Katu,Helsinki,Uusimaa,Helsinki,00860,60.179069066901185,25.178755843466202,4750.0,0.0
c5200c86-2711-4864-a5ea-84815d3ec143,1997-06-08,,999-94-4959,S99977144,X28681544X,Mr.,Tico,Nokso-Koivisto,,,,white,nonhispanic,M,Helsinki  Uusimaa  FI,428 Runni Katu,Helsinki,Uusimaa,Helsinki,00940,60.18415094398805,25.00978081261326,3625.0,0.0
4ec6167c-de72-4417-a086-fa551324ade9,1985-05-02,,999-88-5351,S99924986,X758015X,Mrs.,Annami,Lehtokannas,,Karikumpu,M,white,nonhispanic,F,Porvoo  Uusimaa  FI,923 Nilsén Katu,Helsinki,Uusimaa,Helsinki,00540,60.2505706070642,24.93454274878079,4125.0,0.0
b0f4e219-4e16-4f4b-8d93-6be6908a863d,1954-08-07,,999-15-8110,S99933671,X71028620X,Mrs.,Vienna,Hagert,,Piisku,M,white,nonhispanic,F,Kauniainen  Uusimaa  FI,777 Loimusto Katu Unit 98,Järvenpää,Uusimaa,Järvenpää,04460,60.45431578944762,25.107913630660313,6875.0,0.0
6f603992-1074-4113-bda2-60460922e76f,2012-09-05,,999-23-9950,,,,Elida,Pänkäläinen,,,,white,nonhispanic,F,Askola  Uusimaa  FI,375 Vähä-Peltomäki Katu Unit 77,Vantaa,Uusimaa,Vantaa,01690,60.327448918447,24.819802907691802,2000.0,0.0
af26ee5c-a58e-404c-9293-31a9208a97f5,1983-12-01,,999-10-2361,S99974278,X17248254X,Mr.,Emre,Kianen,,,M,white,nonhispanic,M,Nurmijärvi  Uusimaa  FI,1060 Aittolampi Katu,Vantaa,Uusimaa,Vantaa,01730,60.2760581922723,25.03756605832431,4125.0,0.0
74aac221-f8c7-4250-a407-146e504dc29a,1960-04-11,,999-35-9562,S99972631,X35596652X,Mr.,Hemmi,Silfvenius,JD,,M,white,nonhispanic,M,Helsinki  Uusimaa  FI,487 Saunala Katu Suite 8,Helsinki,Uusimaa,Helsinki,00980,60.167180063168644,25.090007581452017,6125.0,0.0
b6c8a6ab-81c6-48f4-87e7-9e20bdf81c7e,1983-03-26,,999-28-4422,S99921194,X15148749X,Ms.,Nina-Maria,Lavinen,,,S,white,nonhispanic,F,Espoo  Uusimaa  FI,1071 Sotamaa Katu,Helsinki,Uusimaa,Helsinki,00520,60.146203112892174,24.959543263085273,4125.0,0.0
68fcd0fd-58e1-4ff2-adc2-01691870cb4b,2003-03-11,,999-68-7588,S99938860,,,Aulona,Idström,,,,white,nonhispanic,F,Vantaa  Uusimaa  FI,234 Viljakka Katu,Porvoo,Uusimaa,Porvoo,07310,60.44512447787931,25.466145243863277,3125.0,0.0
9b96903e-cab4-49b6-8356-144e866083ae,1978-01-28,,999-39-2066,S99946287,X28465626X,Mr.,Santtu,Tolmunen,,,M,white,nonhispanic,M,Tuusula  Uusimaa  FI,1016 Henttonen Katu Suite 93,Helsinki,Uusimaa,Helsinki,00700,60.2023684780821,24.880918428750338,4500.0,0.0
f1872faa-b3e3-456f-940d-ff7b4cb274bf,1958-05-06,,999-69-2404,S99945860,X79008504X,Mr.,Petteri,Nurmikari,,,M,white,nonhispanic,M,Helsinki  Uusimaa  FI,475 Honkaniemi Katu Suite 53,Helsinki,Uusimaa,Helsinki,00420,60.13879592118256,25.091857345249323,6375.0,0.0
6660da8a-ff1b-4e26-9fcc-cbb1fd4e3f07,1977-12-24,,999-25-5176,S99936642,X83176719X,Mr.,Ernfrid,Forsvik,,,M,white,nonhispanic,M,Espoo  Uusimaa  FI,716 Hemgård Katu Suite 43,Helsinki,Uusimaa,Helsinki,00860,60.241861859292484,25.029068767166567,4500.0,0.0
39a70a32-becd-46f3-8224-5ee80525c8c8,1970-02-12,,999-19-4910,S99918885,X89505071X,Ms.,Shannon,Hakamaa,,,S,white,nonhispanic,F,Mäntsälä  Uusimaa  FI,380 Uggelberg Katu,Lohja,Uusimaa,Lohja,09630,60.363444443495496,24.019469272712573,5000.0,0.0
b7915731-9717-459c-86c4-c0bad50f665c,1960-05-04,,999-92-8367,S99985449,X57717608X,Mrs.,Ciara,Luonua,,Finholm,M,white,nonhispanic,F,Tuusula  Uusimaa  FI,285 Lantiainen Katu Apt 60,Espoo,Uusimaa,Espoo,02860,60.18633556664387,24.695505334160412,6125.0,0.0
4256e1f1-5643-4ae1-918c-e2e8b1bd792e,1975-08-04,,999-41-8120,S99958971,X53029459X,Mr.,Giovanni,Malander,,,M,white,nonhispanic,M,Lapinjärvi  Uusimaa  FI,853 Rantasuomela Katu Unit 53,Helsinki,Uusimaa,Helsinki,00830,60.266677336616276,24.95173079881834,4625.0,0.0
