PATIENT,START_YEAR,END_YEAR,PAYER,OWNERSHIP
6452dc9c-0b44-4660-968e-f2550f7f2d82,1993,2011,e15e7b92-f376-374f-9285-2f59a38ad823,Guardian
246f42dd-eed0-44c2-99c9-ec13e9f9f6f4,1990,2008,e15e7b92-f376-374f-9285-2f59a38ad823,Guardian
591616b6-3e91-4f39-ada8-a3a89ad14d84,1988,2006,e15e7b92-f376-374f-9285-2f59a38ad823,Guardian
caf024d7-7f7d-4d3d-8d03-d7e4c1379297,1980,1998,e15e7b92-f376-374f-9285-2f59a38ad823,Guardian
f2f5d627-d241-4bc1-bd3f-5550d463b40c,1967,1985,e15e7b92-f376-374f-9285-2f59a38ad823,Guardian
35c4e7ff-2353-4234-a788-252c8bad0bc4,1970,1988,e15e7b92-f376-374f-9285-2f59a38ad823,Guardian
0c065267-24d8-48d0-9109-2d7cfd648731,1971,1989,e15e7b92-f376-374f-9285-2f59a38ad823,Guardian
36f4371b-b2e9-4588-b2a0-1e57de4afdbf,1960,1978,e15e7b92-f376-374f-9285-2f59a38ad823,Guardian
17ebc245-c1c4-484d-951a-90b156951a20,1989,2007,e15e7b92-f376-374f-9285-2f59a38ad823,Guardian
24217286-e372-41dd-9101-229f34631698,1995,1995,b1c428d6-4f07-31e0-90f0-68ffa6ff8c76,
24217286-e372-41dd-9101-229f34631698,1996,1996,e15e7b92-f376-374f-9285-2f59a38ad823,
24217286-e372-41dd-9101-229f34631698,1997,2013,e15e7b92-f376-374f-9285-2f59a38ad823,Guardian
7f51ec99-0c3f-4cfe-bf4e-7e0ea245b96c,1994,2012,e15e7b92-f376-374f-9285-2f59a38ad823,Guardian
d43abf67-9505-41f1-9bba-582aff3c6049,1963,1981,e15e7b92-f376-374f-9285-2f59a38ad823,Guardian
cd8bfd3e-f033-4ac6-b7f4-406898b13b57,2000,2018,e15e7b92-f376-374f-9285-2f59a38ad823,Guardian
60deff10-4b4e-4f1b-a76b-54f0f41f9ad4,1977,1995,e15e7b92-f376-374f-9285-2f59a38ad823,Guardian
8c3a5daa-7640-4b53-8a98-9d9064430632,1961,1979,e15e7b92-f376-374f-9285-2f59a38ad823,Guardian
c6a16635-d1cf-4b5a-b617-631c7dc64588,1996,2014,e15e7b92-f376-374f-9285-2f59a38ad823,Guardian
233a5e31-b276-439c-8d11-962358db4d91,1986,2004,e15e7b92-f376-374f-9285-2f59a38ad823,Guardian
896de2be-e20e-4882-86a3-36be21484f2e,1963,1981,e15e7b92-f376-374f-9285-2f59a38ad823,Guardian
746bd785-2425-467b-a1d7-bd5c77961925,1964,1982,e15e7b92-f376-374f-9285-2f59a38ad823,Guardian
fc7e45bf-3efe-4769-823f-387e2fb898f9,1976,1994,e15e7b92-f376-374f-9285-2f59a38ad823,Guardian
3b5ab367-ffd3-496d-8b01-bf28e7b0332e,1998,2016,e15e7b92-f376-374f-9285-2f59a38ad823,Guardian
8787c7a6-cf79-4f52-889c-4caa917b3af3,1983,2001,e15e7b92-f376-374f-9285-2f59a38ad823,Guardian
2ee9daa7-30d8-4836-8196-88ea36a224f5,1973,1991,e15e7b92-f376-374f-9285-2f59a38ad823,Guardian
e8e29c69-0943-429f-990a-4277f56bab59,1966,1984,e15e7b92-f376-374f-9285-2f59a38ad823,Guardian
66454b6d-7fa9-458d-9a87-25defc2ab2d3,1990,2008,e15e7b92-f376-374f-9285-2f59a38ad823,Guardian
9e94989f-8b33-4df9-ab15-73db38ad9617,1988,2006,e15e7b92-f376-374f-9285-2f59a38ad823,Guardian
767bcbf0-4e00-4ca5-9e33-8ee4f7740e84,1936,1954,e15e7b92-f376-374f-9285-2f59a38ad823,Guardian
767bcbf0-4e00-4ca5-9e33-8ee4f7740e84,1955,2016,e15e7b92-f376-374f-9285-2f59a38ad823,Self
41bc6069-fa84-429b-8dcf-f7b9adfe0249,1979,1997,e15e7b92-f376-374f-9285-2f59a38ad823,Guardian
ee634bdf-fde5-4661-b9d3-f2fae874d89d,1962,1980,e15e7b92-f376-374f-9285-2f59a38ad823,Guardian
9c70c10f-299c-4bc8-8031-646601f3a1e2,1958,1964,e15e7b92-f376-374f-9285-2f59a38ad823,Guardian
24e13b1c-1340-4cfe-bc30-a75da317c384,1985,2003,e15e7b92-f376-374f-9285-2f59a38ad823,Guardian
4d59371a-a2ab-4ab8-a45e-c8c7a5bcd227,1981,1999,e15e7b92-f376-374f-9285-2f59a38ad823,Guardian
f9e2743f-7a83-4b2c-aeac-cfcb91832495,1956,1974,e15e7b92-f376-374f-9285-2f59a38ad823,Guardian
3d7dabef-eac4-4f2d-9b60-c0e37882ee1d,1953,1971,e15e7b92-f376-374f-9285-2f59a38ad823,Guardian
2cc190fe-e6db-4279-9c41-663a58fde8c6,1962,1980,e15e7b92-f376-374f-9285-2f59a38ad823,Guardian
7c176b56-58ef-4ae4-b23c-711fb63733ff,1965,1983,e15e7b92-f376-374f-9285-2f59a38ad823,Guardian
6c4641df-c583-4cec-bd96-4b3cc4cc8acc,2001,2019,e15e7b92-f376-374f-9285-2f59a38ad823,Guardian
d05e0511-f60e-477c-8504-d515c8ea8bf9,1979,1997,e15e7b92-f376-374f-9285-2f59a38ad823,Guardian
02e211b3-c7c0-4347-b859-edd54a1c1b46,1958,1976,e15e7b92-f376-374f-9285-2f59a38ad823,Guardian
c5ff187a-ad8c-4aee-b466-d242bc5b1688,1991,2009,e15e7b92-f376-374f-9285-2f59a38ad823,Guardian
5f983320-1a1e-498e-8c5c-a8f0c6a052a6,1936,1954,e15e7b92-f376-374f-9285-2f59a38ad823,Guardian
af818120-8562-4965-9948-8704fef35a1d,1985,2003,e15e7b92-f376-374f-9285-2f59a38ad823,Guardian
b51c8233-c73f-4e25-8352-9c509b19bf70,1959,1977,e15e7b92-f376-374f-9285-2f59a38ad823,Guardian
6035c37c-f155-4ba5-90e0-4f80e0aa3464,1985,2003,e15e7b92-f376-374f-9285-2f59a38ad823,Guardian
a18deb5c-260a-4e22-8436-cda4fdcfb881,1991,2009,e15e7b92-f376-374f-9285-2f59a38ad823,Guardian
0e29b3aa-378c-4568-8ba2-1cd2d7cd3504,1988,2006,e15e7b92-f376-374f-9285-2f59a38ad823,Guardian
693d998a-d7ab-45b1-9492-517b0cf69e4e,1993,2011,e15e7b92-f376-374f-9285-2f59a38ad823,Guardian
a770f298-7cc6-4a26-a2f1-b50a90d2a4ae,1960,1978,e15e7b92-f376-374f-9285-2f59a38ad823,Guardian
60515b71-c40f-41fa-936e-82603a01f9ec,1971,1989,e15e7b92-f376-374f-9285-2f59a38ad823,Guardian
2cf5eccc-362f-41cf-afbe-f4f785e36540,1989,2007,e15e7b92-f376-374f-9285-2f59a38ad823,Guardian
5a56fac3-1c2b-4f18-be34-cbf276550704,1979,1997,e15e7b92-f376-374f-9285-2f59a38ad823,Guardian
2961a7b6-eb44-406e-812a-b96510d5aad7,1965,1983,e15e7b92-f376-374f-9285-2f59a38ad823,Guardian
2961a7b6-eb44-406e-812a-b96510d5aad7,1984,2007,e15e7b92-f376-374f-9285-2f59a38ad823,Self
d6d26960-486c-4f35-b99d-59535888eecf,1961,1979,e15e7b92-f376-374f-9285-2f59a38ad823,Guardian
909e9530-026d-47f0-9307-9b00dad52a8e,1985,2003,e15e7b92-f376-374f-9285-2f59a38ad823,Guardian
2bf39632-d042-4035-bd4a-7c8c7cd6489f,1965,1983,e15e7b92-f376-374f-9285-2f59a38ad823,Guardian
aa1ab836-942f-47d2-9b96-4c5663b44cb0,1980,1998,e15e7b92-f376-374f-9285-2f59a38ad823,Guardian
ac911c76-eb04-4438-85fa-cd24d30d7089,1949,1967,e15e7b92-f376-374f-9285-2f59a38ad823,Guardian
19df1c06-34ad-47b5-9dc6-849d5f07d8a5,1983,2001,e15e7b92-f376-374f-9285-2f59a38ad823,Guardian
8f16d8dc-d325-4c65-ba6c-b730597561f0,1962,1980,e15e7b92-f376-374f-9285-2f59a38ad823,Guardian
c55c7a01-5e00-4e5b-ae57-03259a7a5a89,1967,1985,e15e7b92-f376-374f-9285-2f59a38ad823,Guardian
e2f5e022-5275-42e3-9546-4a07a2de103a,1965,1983,e15e7b92-f376-374f-9285-2f59a38ad823,Guardian
ec0f11cf-9d89-4933-a27b-2d8d31793913,1994,2012,e15e7b92-f376-374f-9285-2f59a38ad823,Guardian
0c310bb1-d8f6-4105-ace7-dbc007f14d06,1959,1977,e15e7b92-f376-374f-9285-2f59a38ad823,Guardian
6f52ed72-512c-4e19-bf42-9ef200ac5f68,1973,1991,e15e7b92-f376-374f-9285-2f59a38ad823,Guardian
c5200c86-2711-4864-a5ea-84815d3ec143,1997,2015,e15e7b92-f376-374f-9285-2f59a38ad823,Guardian
4ec6167c-de72-4417-a086-fa551324ade9,1985,2003,e15e7b92-f376-374f-9285-2f59a38ad823,Guardian
b0f4e219-4e16-4f4b-8d93-6be6908a863d,1954,1972,e15e7b92-f376-374f-9285-2f59a38ad823,Guardian
af26ee5c-a58e-404c-9293-31a9208a97f5,1983,2001,e15e7b92-f376-374f-9285-2f59a38ad823,Guardian
74aac221-f8c7-4250-a407-146e504dc29a,1960,1978,e15e7b92-f376-374f-9285-2f59a38ad823,Guardian
b6c8a6ab-81c6-48f4-87e7-9e20bdf81c7e,1983,2001,e15e7b92-f376-374f-9285-2f59a38ad823,Guardian
9b96903e-cab4-49b6-8356-144e866083ae,1978,1996,e15e7b92-f376-374f-9285-2f59a38ad823,Guardian
f1872faa-b3e3-456f-940d-ff7b4cb274bf,1958,1976,e15e7b92-f376-374f-9285-2f59a38ad823,Guardian
6660da8a-ff1b-4e26-9fcc-cbb1fd4e3f07,1977,1995,e15e7b92-f376-374f-9285-2f59a38ad823,Guardian
39a70a32-becd-46f3-8224-5ee80525c8c8,1970,1988,e15e7b92-f376-374f-9285-2f59a38ad823,Guardian
b7915731-9717-459c-86c4-c0bad50f665c,1960,1978,e15e7b92-f376-374f-9285-2f59a38ad823,Guardian
4256e1f1-5643-4ae1-918c-e2e8b1bd792e,1975,1993,e15e7b92-f376-374f-9285-2f59a38ad823,Guardian
