DATE,PATIENT,ENCOUNTER,CODE,DESCRIPTION,BASE_COST,REASONCODE,REASONDESCRIPTION
2011-10-03,60deff10-4b4e-4f1b-a76b-54f0f41f9ad4,7c8dda35-c7cf-4fbc-9cdc-ba106ea7450e,40701008,Echocardiography (procedure),1075.28,230690007,Stroke
2011-10-03,60deff10-4b4e-4f1b-a76b-54f0f41f9ad4,7c8dda35-c7cf-4fbc-9cdc-ba106ea7450e,433112001,Percutaneous mechanical thrombectomy of portal vein using fluoroscopic guidance,29115.51,230690007,Stroke
2016-02-22,767bcbf0-4e00-4ca5-9e33-8ee4f7740e84,6630701f-f2c7-4b04-b3f9-44a11415532d,40701008,Echocardiography (procedure),1529.68,22298006,Myocardial Infarction
2016-02-22,767bcbf0-4e00-4ca5-9e33-8ee4f7740e84,6630701f-f2c7-4b04-b3f9-44a11415532d,415070008,Percutaneous coronary intervention,27387.30,22298006,Myocardial Infarction
2016-02-22,767bcbf0-4e00-4ca5-9e33-8ee4f7740e84,6630701f-f2c7-4b04-b3f9-44a11415532d,232717009,Coronary artery bypass grafting,43189.98,22298006,Myocardial Infarction
1964-08-26,9c70c10f-299c-4bc8-8031-646601f3a1e2,27356d61-acda-4ed2-a896-a52186d22189,40701008,Echocardiography (procedure),1012.40,22298006,Myocardial Infarction
1964-08-26,9c70c10f-299c-4bc8-8031-646601f3a1e2,27356d61-acda-4ed2-a896-a52186d22189,415070008,Percutaneous coronary intervention,29661.36,22298006,Myocardial Infarction
1964-08-26,9c70c10f-299c-4bc8-8031-646601f3a1e2,27356d61-acda-4ed2-a896-a52186d22189,232717009,Coronary artery bypass grafting,40979.29,22298006,Myocardial Infarction
2013-09-09,d05e0511-f60e-477c-8504-d515c8ea8bf9,5d45a67e-431b-40cd-8b87-84ca683a38d1,40701008,Echocardiography (procedure),1318.81,230690007,Stroke
2013-09-09,d05e0511-f60e-477c-8504-d515c8ea8bf9,5d45a67e-431b-40cd-8b87-84ca683a38d1,433112001,Percutaneous mechanical thrombectomy of portal vein using fluoroscopic guidance,17523.28,230690007,Stroke
2018-11-14,60515b71-c40f-41fa-936e-82603a01f9ec,82b1d290-eca6-4501-8a0a-6b2a105dd884,40701008,Echocardiography (procedure),1493.85,410429000,Cardiac Arrest
2018-11-14,60515b71-c40f-41fa-936e-82603a01f9ec,82b1d290-eca6-4501-8a0a-6b2a105dd884,447365002,Insertion of biventricular implantable cardioverter defibrillator,35406.90,410429000,Cardiac Arrest
2018-11-14,60515b71-c40f-41fa-936e-82603a01f9ec,82b1d290-eca6-4501-8a0a-6b2a105dd884,18286008,Catheter ablation of tissue of heart,8622.60,410429000,Cardiac Arrest
2007-07-21,2961a7b6-eb44-406e-812a-b96510d5aad7,5ff8c18f-dd32-4719-8666-5c57df354a15,40701008,Echocardiography (procedure),1511.57,22298006,Myocardial Infarction
2007-07-21,2961a7b6-eb44-406e-812a-b96510d5aad7,5ff8c18f-dd32-4719-8666-5c57df354a15,415070008,Percutaneous coronary intervention,37908.78,22298006,Myocardial Infarction
2007-07-21,2961a7b6-eb44-406e-812a-b96510d5aad7,5ff8c18f-dd32-4719-8666-5c57df354a15,232717009,Coronary artery bypass grafting,47170.29,22298006,Myocardial Infarction
