Id,ORGANIZATION,NAME,GENDER,SPECIALITY,ADDRESS,CITY,STATE,ZIP,LAT,LON,UTILIZATION
777c09ed-3fae-3ff8-b7e0-6f4765b6b652,319baef9-e8e6-3320-9e0b-7991d9c167b8,Florent Lipiäinen,M,GENERAL PRACTICE,Haartmaninkatu 4,Helsinki,18,00290,60.189159,24.909081,1
adce1cb1-1f99-3379-8f1d-90e20dcb1f24,af916982-f5f8-341b-b159-69e72695294c,Salama Helisten,M,GENERAL PRACTICE,Sairaalakatu 1,Vantaa,18,01400,60.3299,25.0608,2
951808f4-020d-3af4-82e5-0e82c64e8e76,738aef7e-a279-3f65-9dba-fead16b27400,Andres Salmivalli,M,GENERAL PRACTICE,Turuntie 150,Espoo,18,02740,60.22589,24.77581,1178
e7ba3c24-112a-338b-8fd7-18c0ca4617f1,9a3e6919-4ed0-32fe-a1e2-7184b06c415f,Hanna-Lea Nyqvist,F,GENERAL PRACTICE,Karvasmäentie 6,Espoo,18,02740,60.22011,24.6848,318
b6055d7c-5b40-3043-8312-53ccc61ae36a,a70486b2-c33a-37b3-a4cf-b3dc06cb9d84,Hinda Vuorema,F,GENERAL PRACTICE,Sairaalakatu 1,Vantaa,18,01400,60.3299,25.0608,1109
a426c334-88b4-37ed-abe4-01df6dfa1211,bf25636d-50a4-3cf2-b937-0e59fd37503f,Florent Lipiäinen,M,GENERAL PRACTICE,Sairaalankatu 1,Hyvinkää,18,05830,60.612,24.82486,105
c3ea0407-5ca2-34db-bf74-8a7bc8548c1d,4eddd774-a01b-3a0b-b4c6-736a5581aba4,Karoline Loukola,F,GENERAL PRACTICE,Ohkolantie 10,Kellokoski,18,04500,60.53054,25.10548,323
548c0fcc-a51b-318e-adae-4008e162b9ae,942171f0-df04-34cc-9c85-1a11b2f08717,Antoine Ekroos,M,GENERAL PRACTICE,Sairaalatie 8,Lohja,18,08200,60.2247,24.01885,289
fa2b0f92-9093-3438-9d4e-4325e8f916cc,216a84b2-6287-356d-9bcf-655abf00debb,Chris Kuuttinen,M,GENERAL PRACTICE,Sairaalantie 1,Porvoo,18,06200,60.37911,25.69576,166
90a9b9a4-8573-324b-98b9-2b1e9e940245,319baef9-e8e6-3320-9e0b-7991d9c167b8,Andres Salmivalli,M,GENERAL PRACTICE,Haartmaninkatu 4,Helsinki,18,00290,60.189159,24.909081,2
6a1f2eda-7c75-380c-b5db-5b7a2ddea0d1,af916982-f5f8-341b-b159-69e72695294c,Karoline Loukola,F,GENERAL PRACTICE,Sairaalakatu 1,Vantaa,18,01400,60.3299,25.0608,2
8a6be7fd-200c-3908-b769-e1c1999ad4f2,b9b4f8d8-b4a7-3164-a21f-c57b0c40c3ff,Antoine Ekroos,M,GENERAL PRACTICE,Sairaalankatu 1,Hyvinkää,18,05830,60.612,24.82486,1
