START,STOP,PATIENT,ENCOUNTER,CODE,DESCRIPTION
2019-12-02,,a2c976dd-9857-4a8e-a59a-6fa0e818ca84,5600586e-b57c-41c2-8e3e-2dcbd0e42c85,49436004,Atrial Fibrillation
2017-09-18,,c5d75135-9ffd-4605-9034-1581707ebfa7,64a59337-a70f-4670-b5ae-c4e74ebe32be,410429000,Cardiac Arrest
2017-09-18,,c5d75135-9ffd-4605-9034-1581707ebfa7,64a59337-a70f-4670-b5ae-c4e74ebe32be,429007001,History of cardiac arrest (situation)
1991-12-09,,9eda1bb6-18be-4754-8f89-f3463cfac8fb,eac01ae6-466b-449d-8d78-adf8f02342fa,230690007,Stroke
1976-09-02,,817c2156-a958-47b2-a53d-f43417f46e20,2572c4df-adfd-4c21-88e7-943d19997dcc,230690007,Stroke
2015-07-09,,817c2156-a958-47b2-a53d-f43417f46e20,ddeee902-f688-4776-a258-f376305910ed,22298006,Myocardial Infarction
2015-07-09,,817c2156-a958-47b2-a53d-f43417f46e20,ddeee902-f688-4776-a258-f376305910ed,399211009,History of myocardial infarction (situation)
2005-07-26,,32f6f1d0-5dd0-424f-a1a2-2939339f1293,41559a25-6582-4ba0-95df-c48907ed0add,53741008,Coronary Heart Disease
2015-12-22,,32f6f1d0-5dd0-424f-a1a2-2939339f1293,9c29e780-ad7a-4b72-bc12-b9adaa630b2d,410429000,Cardiac Arrest
2015-12-22,,32f6f1d0-5dd0-424f-a1a2-2939339f1293,9c29e780-ad7a-4b72-bc12-b9adaa630b2d,429007001,History of cardiac arrest (situation)
2007-12-06,,dad1b7e2-8cd6-41a5-8286-5bcee53fbe43,344b11c9-2902-4ff5-8a97-80f7bfff3ac1,53741008,Coronary Heart Disease
2009-03-23,,1318c9d1-d54d-4602-84d6-1aeb737d3c49,6a0f30e6-e94b-4ac8-9f8f-2c7e9d7f1ffb,53741008,Coronary Heart Disease
2012-02-06,,139090f9-29d7-4567-9e8c-0cb4817da06a,c4b59737-143c-4571-aab3-9823e3ed1d19,230690007,Stroke
2010-12-16,,8d0bdbea-b972-4cf1-95ae-86e24c9e4376,df27a5b8-9cce-4f8b-bd02-e827d7b811de,53741008,Coronary Heart Disease
1996-09-02,,21adb0b4-9ee2-48f2-85e7-970b616cca39,e31ba5f3-419b-471f-bc6d-776d26dd879b,410429000,Cardiac Arrest
1996-09-02,,21adb0b4-9ee2-48f2-85e7-970b616cca39,e31ba5f3-419b-471f-bc6d-776d26dd879b,429007001,History of cardiac arrest (situation)
1973-12-01,,c4c6f58f-1343-436a-a66d-c5f7408fabd4,471b7e00-f066-4bed-b3a3-36b4c5376bfd,53741008,Coronary Heart Disease
2003-08-30,,c4c6f58f-1343-436a-a66d-c5f7408fabd4,3ee7d876-05ca-4fdf-9894-877dca65b3ce,22298006,Myocardial Infarction
2003-08-30,,c4c6f58f-1343-436a-a66d-c5f7408fabd4,3ee7d876-05ca-4fdf-9894-877dca65b3ce,399211009,History of myocardial infarction (situation)
2019-02-06,,ea8cd142-5ad9-4d55-b36e-cb4899bf078c,df8c5368-c252-48e1-9552-953ff8de2be4,49436004,Atrial Fibrillation
2012-12-26,,d716226c-85de-40ae-a343-79ea18d2791b,8a57dd79-44ca-44cd-a5fb-39d851061076,410429000,Cardiac Arrest
2012-12-26,,d716226c-85de-40ae-a343-79ea18d2791b,8a57dd79-44ca-44cd-a5fb-39d851061076,429007001,History of cardiac arrest (situation)
2016-12-10,,8e1aa536-e874-4713-873f-b31a30c72bcf,c999a54a-aa2e-48fa-8137-4da6c61d4acb,49436004,Atrial Fibrillation
2009-01-03,,f89f0216-23a4-466f-a949-6bc612ecf9fa,ee12d1e7-735d-48a9-8100-2be7952015b3,230690007,Stroke
1978-07-13,,0130e8e0-713c-4681-ab04-0fcbef48bd25,7262f445-bb70-4083-97ea-5e7f91f439b1,410429000,Cardiac Arrest
1978-07-13,,0130e8e0-713c-4681-ab04-0fcbef48bd25,7262f445-bb70-4083-97ea-5e7f91f439b1,429007001,History of cardiac arrest (situation)
1992-06-18,,0130e8e0-713c-4681-ab04-0fcbef48bd25,cddc22fd-45e0-42e1-af1d-a7a5750f91d4,230690007,Stroke
1947-12-15,,533d9b39-2d51-4027-8099-ee9ebcacf057,b4fdf880-be70-4b4b-8e97-fe46ac51d94e,53741008,Coronary Heart Disease
1990-10-01,,533d9b39-2d51-4027-8099-ee9ebcacf057,ad925c35-15ba-4879-9009-a88e2301d362,22298006,Myocardial Infarction
1990-10-01,,533d9b39-2d51-4027-8099-ee9ebcacf057,ad925c35-15ba-4879-9009-a88e2301d362,399211009,History of myocardial infarction (situation)
2012-01-24,,765456e3-534b-4c41-a505-b08611dbe4ee,081bb231-2cf8-46c3-bb74-17e46d7bcd46,53741008,Coronary Heart Disease
