START,STOP,PATIENT,PAYER,ENCOUNTER,CODE,DESCRIPTION,BASE_COST,PAYER_COVERAGE,DISPENSES,TOTALCOST,REASONCODE,REASONDESCRIPTION
2019-12-02,,a2c976dd-9857-4a8e-a59a-6fa0e818ca84,b1c428d6-4f07-31e0-90f0-68ffa6ff8c76,5600586e-b57c-41c2-8e3e-2dcbd0e42c85,855332,Warfarin Sodium 5 MG Oral Tablet,29.24,0.00,3,87.72,,
2019-12-02,,a2c976dd-9857-4a8e-a59a-6fa0e818ca84,b1c428d6-4f07-31e0-90f0-68ffa6ff8c76,5600586e-b57c-41c2-8e3e-2dcbd0e42c85,897718,Verapamil Hydrochloride 40 MG,171.49,0.00,3,514.47,,
2019-12-02,,a2c976dd-9857-4a8e-a59a-6fa0e818ca84,b1c428d6-4f07-31e0-90f0-68ffa6ff8c76,5600586e-b57c-41c2-8e3e-2dcbd0e42c85,197604,Digoxin 0.125 MG Oral Tablet,94.65,0.00,3,283.95,,
2017-09-18,2017-09-18,c5d75135-9ffd-4605-9034-1581707ebfa7,b1c428d6-4f07-31e0-90f0-68ffa6ff8c76,64a59337-a70f-4670-b5ae-c4e74ebe32be,1660014,1 ML Epinephrine 1 MG/ML Injection,4.74,0.00,1,4.74,,
2017-09-18,2017-09-18,c5d75135-9ffd-4605-9034-1581707ebfa7,b1c428d6-4f07-31e0-90f0-68ffa6ff8c76,64a59337-a70f-4670-b5ae-c4e74ebe32be,834357,3 ML Amiodarone hydrocholoride 50 MG/ML Prefilled Syringe,195.10,0.00,1,195.10,,
2017-09-18,2017-09-18,c5d75135-9ffd-4605-9034-1581707ebfa7,b1c428d6-4f07-31e0-90f0-68ffa6ff8c76,64a59337-a70f-4670-b5ae-c4e74ebe32be,1190795,Atropine Sulfate 1 MG/ML Injectable Solution,25.52,0.00,1,25.52,,
2015-07-09,2015-07-09,817c2156-a958-47b2-a53d-f43417f46e20,b1c428d6-4f07-31e0-90f0-68ffa6ff8c76,ddeee902-f688-4776-a258-f376305910ed,705129,Nitroglycerin 0.4 MG/ACTUAT Mucosal Spray,102.73,0.00,1,102.73,,
2015-07-09,2015-07-09,817c2156-a958-47b2-a53d-f43417f46e20,b1c428d6-4f07-31e0-90f0-68ffa6ff8c76,ddeee902-f688-4776-a258-f376305910ed,259255,Atorvastatin 80 MG Oral Tablet,291.87,0.00,1,291.87,,
2015-07-09,2015-07-09,817c2156-a958-47b2-a53d-f43417f46e20,b1c428d6-4f07-31e0-90f0-68ffa6ff8c76,ddeee902-f688-4776-a258-f376305910ed,833036,Captopril 25 MG Oral Tablet,67.16,0.00,1,67.16,,
2015-07-09,2015-07-09,817c2156-a958-47b2-a53d-f43417f46e20,b1c428d6-4f07-31e0-90f0-68ffa6ff8c76,ddeee902-f688-4776-a258-f376305910ed,309362,Clopidogrel 75 MG Oral Tablet,42.56,0.00,1,42.56,,
2005-07-26,,32f6f1d0-5dd0-424f-a1a2-2939339f1293,b1c428d6-4f07-31e0-90f0-68ffa6ff8c76,41559a25-6582-4ba0-95df-c48907ed0add,309362,Clopidogrel 75 MG Oral Tablet,27.35,0.00,178,4868.30,,
2005-07-26,,32f6f1d0-5dd0-424f-a1a2-2939339f1293,b1c428d6-4f07-31e0-90f0-68ffa6ff8c76,41559a25-6582-4ba0-95df-c48907ed0add,312961,Simvastatin 20 MG Oral Tablet,38.96,0.00,178,6934.88,,
2005-07-26,,32f6f1d0-5dd0-424f-a1a2-2939339f1293,b1c428d6-4f07-31e0-90f0-68ffa6ff8c76,41559a25-6582-4ba0-95df-c48907ed0add,197361,Amlodipine 5 MG Oral Tablet,23.13,0.00,178,4117.14,,
2005-07-26,,32f6f1d0-5dd0-424f-a1a2-2939339f1293,b1c428d6-4f07-31e0-90f0-68ffa6ff8c76,41559a25-6582-4ba0-95df-c48907ed0add,705129,Nitroglycerin 0.4 MG/ACTUAT Mucosal Spray,93.70,0.00,178,16678.60,,
2015-12-22,2015-12-22,32f6f1d0-5dd0-424f-a1a2-2939339f1293,b1c428d6-4f07-31e0-90f0-68ffa6ff8c76,9c29e780-ad7a-4b72-bc12-b9adaa630b2d,1660014,1 ML Epinephrine 1 MG/ML Injection,3.97,0.00,1,3.97,,
2015-12-22,2015-12-22,32f6f1d0-5dd0-424f-a1a2-2939339f1293,b1c428d6-4f07-31e0-90f0-68ffa6ff8c76,9c29e780-ad7a-4b72-bc12-b9adaa630b2d,834357,3 ML Amiodarone hydrocholoride 50 MG/ML Prefilled Syringe,86.89,0.00,1,86.89,,
2015-12-22,2015-12-22,32f6f1d0-5dd0-424f-a1a2-2939339f1293,b1c428d6-4f07-31e0-90f0-68ffa6ff8c76,9c29e780-ad7a-4b72-bc12-b9adaa630b2d,1190795,Atropine Sulfate 1 MG/ML Injectable Solution,13.47,0.00,1,13.47,,
2007-12-06,,dad1b7e2-8cd6-41a5-8286-5bcee53fbe43,b1c428d6-4f07-31e0-90f0-68ffa6ff8c76,344b11c9-2902-4ff5-8a97-80f7bfff3ac1,309362,Clopidogrel 75 MG Oral Tablet,22.15,0.00,149,3300.35,,
2007-12-06,,dad1b7e2-8cd6-41a5-8286-5bcee53fbe43,b1c428d6-4f07-31e0-90f0-68ffa6ff8c76,344b11c9-2902-4ff5-8a97-80f7bfff3ac1,312961,Simvastatin 20 MG Oral Tablet,40.11,0.00,149,5976.39,,
2007-12-06,,dad1b7e2-8cd6-41a5-8286-5bcee53fbe43,b1c428d6-4f07-31e0-90f0-68ffa6ff8c76,344b11c9-2902-4ff5-8a97-80f7bfff3ac1,197361,Amlodipine 5 MG Oral Tablet,77.00,0.00,149,11473.00,,
2007-12-06,,dad1b7e2-8cd6-41a5-8286-5bcee53fbe43,b1c428d6-4f07-31e0-90f0-68ffa6ff8c76,344b11c9-2902-4ff5-8a97-80f7bfff3ac1,705129,Nitroglycerin 0.4 MG/ACTUAT Mucosal Spray,138.00,0.00,149,20562.00,,
2009-03-23,,1318c9d1-d54d-4602-84d6-1aeb737d3c49,b1c428d6-4f07-31e0-90f0-68ffa6ff8c76,6a0f30e6-e94b-4ac8-9f8f-2c7e9d7f1ffb,309362,Clopidogrel 75 MG Oral Tablet,86.26,0.00,133,11472.58,,
2009-03-23,,1318c9d1-d54d-4602-84d6-1aeb737d3c49,b1c428d6-4f07-31e0-90f0-68ffa6ff8c76,6a0f30e6-e94b-4ac8-9f8f-2c7e9d7f1ffb,312961,Simvastatin 20 MG Oral Tablet,20.29,0.00,133,2698.57,,
2009-03-23,,1318c9d1-d54d-4602-84d6-1aeb737d3c49,b1c428d6-4f07-31e0-90f0-68ffa6ff8c76,6a0f30e6-e94b-4ac8-9f8f-2c7e9d7f1ffb,197361,Amlodipine 5 MG Oral Tablet,77.67,0.00,133,10330.11,,
2009-03-23,,1318c9d1-d54d-4602-84d6-1aeb737d3c49,b1c428d6-4f07-31e0-90f0-68ffa6ff8c76,6a0f30e6-e94b-4ac8-9f8f-2c7e9d7f1ffb,705129,Nitroglycerin 0.4 MG/ACTUAT Mucosal Spray,79.40,0.00,133,10560.20,,
2012-02-06,2012-02-06,139090f9-29d7-4567-9e8c-0cb4817da06a,b1c428d6-4f07-31e0-90f0-68ffa6ff8c76,c4b59737-143c-4571-aab3-9823e3ed1d19,309362,Clopidogrel 75 MG Oral Tablet,44.88,0.00,1,44.88,,
2012-02-06,2012-02-06,139090f9-29d7-4567-9e8c-0cb4817da06a,b1c428d6-4f07-31e0-90f0-68ffa6ff8c76,c4b59737-143c-4571-aab3-9823e3ed1d19,1804799,Alteplase 100 MG Injection,6536.25,0.00,1,6536.25,,
2010-12-16,,8d0bdbea-b972-4cf1-95ae-86e24c9e4376,b1c428d6-4f07-31e0-90f0-68ffa6ff8c76,df27a5b8-9cce-4f8b-bd02-e827d7b811de,309362,Clopidogrel 75 MG Oral Tablet,69.80,0.00,112,7817.60,,
2010-12-16,,8d0bdbea-b972-4cf1-95ae-86e24c9e4376,b1c428d6-4f07-31e0-90f0-68ffa6ff8c76,df27a5b8-9cce-4f8b-bd02-e827d7b811de,312961,Simvastatin 20 MG Oral Tablet,18.52,0.00,112,2074.24,,
2010-12-16,,8d0bdbea-b972-4cf1-95ae-86e24c9e4376,b1c428d6-4f07-31e0-90f0-68ffa6ff8c76,df27a5b8-9cce-4f8b-bd02-e827d7b811de,197361,Amlodipine 5 MG Oral Tablet,44.59,0.00,112,4994.08,,
2010-12-16,,8d0bdbea-b972-4cf1-95ae-86e24c9e4376,b1c428d6-4f07-31e0-90f0-68ffa6ff8c76,df27a5b8-9cce-4f8b-bd02-e827d7b811de,705129,Nitroglycerin 0.4 MG/ACTUAT Mucosal Spray,31.64,0.00,112,3543.68,,
1973-12-01,2003-08-30,c4c6f58f-1343-436a-a66d-c5f7408fabd4,b1c428d6-4f07-31e0-90f0-68ffa6ff8c76,471b7e00-f066-4bed-b3a3-36b4c5376bfd,705129,Nitroglycerin 0.4 MG/ACTUAT Mucosal Spray,108.55,0.00,362,39295.10,,
1991-03-09,,c4c6f58f-1343-436a-a66d-c5f7408fabd4,b1c428d6-4f07-31e0-90f0-68ffa6ff8c76,139db3fc-a60e-4db1-94e1-2b922a7af389,312961,Simvastatin 20 MG Oral Tablet,15.18,0.00,152,2307.36,,
1994-03-26,,c4c6f58f-1343-436a-a66d-c5f7408fabd4,b1c428d6-4f07-31e0-90f0-68ffa6ff8c76,75f2df95-4aa8-4911-a9b0-85bc430cfdce,197361,Amlodipine 5 MG Oral Tablet,14.59,0.00,115,1677.85,,
1997-04-12,2003-08-30,c4c6f58f-1343-436a-a66d-c5f7408fabd4,b1c428d6-4f07-31e0-90f0-68ffa6ff8c76,75252eb6-0064-487a-a7c2-691f75d9f4d4,309362,Clopidogrel 75 MG Oral Tablet,11.01,0.00,77,847.77,,
2003-08-30,2003-08-30,c4c6f58f-1343-436a-a66d-c5f7408fabd4,b1c428d6-4f07-31e0-90f0-68ffa6ff8c76,3ee7d876-05ca-4fdf-9894-877dca65b3ce,259255,Atorvastatin 80 MG Oral Tablet,124.43,0.00,1,124.43,,
2003-08-30,2003-08-30,c4c6f58f-1343-436a-a66d-c5f7408fabd4,b1c428d6-4f07-31e0-90f0-68ffa6ff8c76,3ee7d876-05ca-4fdf-9894-877dca65b3ce,833036,Captopril 25 MG Oral Tablet,56.58,0.00,1,56.58,,
2019-02-06,,ea8cd142-5ad9-4d55-b36e-cb4899bf078c,b1c428d6-4f07-31e0-90f0-68ffa6ff8c76,df8c5368-c252-48e1-9552-953ff8de2be4,855332,Warfarin Sodium 5 MG Oral Tablet,47.04,0.00,13,611.52,,
2019-02-06,,ea8cd142-5ad9-4d55-b36e-cb4899bf078c,b1c428d6-4f07-31e0-90f0-68ffa6ff8c76,df8c5368-c252-48e1-9552-953ff8de2be4,897718,Verapamil Hydrochloride 40 MG,17.40,0.00,13,226.20,,
2019-02-06,,ea8cd142-5ad9-4d55-b36e-cb4899bf078c,b1c428d6-4f07-31e0-90f0-68ffa6ff8c76,df8c5368-c252-48e1-9552-953ff8de2be4,197604,Digoxin 0.125 MG Oral Tablet,58.71,0.00,13,763.23,,
2012-12-26,2012-12-26,d716226c-85de-40ae-a343-79ea18d2791b,b1c428d6-4f07-31e0-90f0-68ffa6ff8c76,8a57dd79-44ca-44cd-a5fb-39d851061076,1660014,1 ML Epinephrine 1 MG/ML Injection,1.34,0.00,1,1.34,,
2012-12-26,2012-12-26,d716226c-85de-40ae-a343-79ea18d2791b,b1c428d6-4f07-31e0-90f0-68ffa6ff8c76,8a57dd79-44ca-44cd-a5fb-39d851061076,834357,3 ML Amiodarone hydrocholoride 50 MG/ML Prefilled Syringe,284.06,0.00,1,284.06,,
2012-12-26,2012-12-26,d716226c-85de-40ae-a343-79ea18d2791b,b1c428d6-4f07-31e0-90f0-68ffa6ff8c76,8a57dd79-44ca-44cd-a5fb-39d851061076,1190795,Atropine Sulfate 1 MG/ML Injectable Solution,29.98,0.00,1,29.98,,
2016-12-10,,8e1aa536-e874-4713-873f-b31a30c72bcf,b1c428d6-4f07-31e0-90f0-68ffa6ff8c76,c999a54a-aa2e-48fa-8137-4da6c61d4acb,855332,Warfarin Sodium 5 MG Oral Tablet,30.15,0.00,39,1175.85,,
2016-12-10,,8e1aa536-e874-4713-873f-b31a30c72bcf,b1c428d6-4f07-31e0-90f0-68ffa6ff8c76,c999a54a-aa2e-48fa-8137-4da6c61d4acb,897718,Verapamil Hydrochloride 40 MG,160.03,0.00,39,6241.17,,
2016-12-10,,8e1aa536-e874-4713-873f-b31a30c72bcf,b1c428d6-4f07-31e0-90f0-68ffa6ff8c76,c999a54a-aa2e-48fa-8137-4da6c61d4acb,197604,Digoxin 0.125 MG Oral Tablet,91.71,0.00,39,3576.69,,
1947-12-15,1990-10-01,533d9b39-2d51-4027-8099-ee9ebcacf057,b1c428d6-4f07-31e0-90f0-68ffa6ff8c76,b4fdf880-be70-4b4b-8e97-fe46ac51d94e,705129,Nitroglycerin 0.4 MG/ACTUAT Mucosal Spray,20.57,0.00,521,10716.97,,
1990-10-01,1990-10-01,533d9b39-2d51-4027-8099-ee9ebcacf057,b1c428d6-4f07-31e0-90f0-68ffa6ff8c76,ad925c35-15ba-4879-9009-a88e2301d362,833036,Captopril 25 MG Oral Tablet,64.03,0.00,1,64.03,,
2012-01-24,,765456e3-534b-4c41-a505-b08611dbe4ee,b1c428d6-4f07-31e0-90f0-68ffa6ff8c76,081bb231-2cf8-46c3-bb74-17e46d7bcd46,309362,Clopidogrel 75 MG Oral Tablet,51.35,0.00,98,5032.30,,
2012-01-24,,765456e3-534b-4c41-a505-b08611dbe4ee,b1c428d6-4f07-31e0-90f0-68ffa6ff8c76,081bb231-2cf8-46c3-bb74-17e46d7bcd46,312961,Simvastatin 20 MG Oral Tablet,9.00,0.00,98,882.00,,
2012-01-24,,765456e3-534b-4c41-a505-b08611dbe4ee,b1c428d6-4f07-31e0-90f0-68ffa6ff8c76,081bb231-2cf8-46c3-bb74-17e46d7bcd46,197361,Amlodipine 5 MG Oral Tablet,16.99,0.00,98,1665.02,,
2012-01-24,,765456e3-534b-4c41-a505-b08611dbe4ee,b1c428d6-4f07-31e0-90f0-68ffa6ff8c76,081bb231-2cf8-46c3-bb74-17e46d7bcd46,705129,Nitroglycerin 0.4 MG/ACTUAT Mucosal Spray,119.28,0.00,98,11689.44,,
