Id,BIRTHDATE,DEATHDATE,SSN,DRIVERS,PASSPORT,PREFIX,FIRST,LAST,SUFFIX,MAIDEN,MARITAL,RACE,ETHNICITY,GENDER,BIRTHPLACE,ADDRESS,CITY,STATE,COUNTY,ZIP,LAT,LON,HEALTHCARE_EXPENSES,HEALTHCARE_COVERAGE
c5fc4cbf-35f3-493e-afa3-12b5f6de9141,2009-05-02,,999-36-7390,,,,Stanislav,Hovikoski,,,,white,nonhispanic,M,Tuusula  Uusimaa  FI,1015 Helo Katu Unit 8,Porvoo,Uusimaa,Porvoo,06450,60.338972112263974,25.55671966816358,2375.0,0.0
2abe3540-f89a-40f4-9e15-49451db64832,1999-08-15,,999-38-5737,S99967341,X75596558X,Mr.,Melwin,Heliövaara,,,,white,nonhispanic,M,Kauniainen  Uusimaa  FI,673 Inhilä Katu,Vantaa,Uusimaa,Vantaa,01630,60.25190820836409,24.97741505243081,3500.0,0.0
4351433c-c6ec-42ed-bb12-6650d796ddd6,1995-12-08,,999-60-5936,S99936357,X49452152X,Mr.,Jari-Heikki,Niemioja,,,,white,nonhispanic,M,Helsinki  Uusimaa  FI,242 Yli-Mäyry Katu Apt 34,Helsinki,Uusimaa,Helsinki,00100,60.203348101307,24.98411091687727,3625.0,0.0
27e81449-2b76-4057-9937-74e0bd29ce66,1987-08-27,,999-67-6251,S99915286,X6201465X,Mr.,Per-Eric,Roihu,,,M,white,nonhispanic,M,Hyvinkää  Uusimaa  FI,543 Humalainen Katu Suite 62,Espoo,Uusimaa,Espoo,02160,60.24338323022076,24.865769914683302,4000.0,0.0
2b53a3d2-a065-4acb-82d0-3c69fd66addb,1980-03-09,,999-33-4023,S99967687,X46965234X,Mrs.,Daniela,Demirel,,Erviö,M,white,nonhispanic,F,Helsinki  Uusimaa  FI,903 Huczkowski Katu,Espoo,Uusimaa,Espoo,02290,60.20582940638393,24.736692594360157,4250.0,0.0
a2c976dd-9857-4a8e-a59a-6fa0e818ca84,1973-11-12,,999-10-5090,S99993990,X78659922X,Mr.,Fox,Kiintonen,,,M,white,nonhispanic,M,Helsinki  Uusimaa  FI,349 Pekarila Katu,Järvenpää,Uusimaa,Järvenpää,04440,60.49854130940118,25.122157310187248,4750.0,0.0
d05d228a-e848-46f5-ad74-20b84dabbc7b,2006-05-02,,999-92-7164,,,,Joonas-Petteri,Avara,,,,white,nonhispanic,M,Vantaa  Uusimaa  FI,253 Urkko Katu Suite 0,Kerava,Uusimaa,Kerava,04260,60.39891794469764,25.14172618479847,2750.0,0.0
6bdda938-7926-456b-b03b-25e16e34f5be,1969-02-28,,999-55-2330,S99982084,X52156415X,Mr.,Danel,Waarna,,,M,white,nonhispanic,M,Kerava  Uusimaa  FI,628 Paalijärvi Katu,Vantaa,Uusimaa,Vantaa,01280,60.248566662099414,25.04391340625649,5125.0,0.0
ebd0bd19-eefe-48cb-94da-4a334449a833,2005-04-08,,999-41-9969,,,,Reh,Talvisto,,,,white,nonhispanic,M,Espoo  Uusimaa  FI,348 Rajapolvi Katu,Helsinki,Uusimaa,Helsinki,00640,60.25795100461619,24.923500571682307,2875.0,0.0
90ceb26f-bc97-4a03-9021-bf478937365d,2019-03-26,,999-39-1831,,,,Eugén,Svanljung,,,,white,nonhispanic,M,Helsinki  Uusimaa  FI,232 Sneitz Katu Suite 52,Vantaa,Uusimaa,Vantaa,01400,60.340605659403536,24.742503849476645,750.0,0.0
9d3a02b3-ffd8-45b4-902a-6db63a8290a0,2009-07-30,,999-88-3042,,,,Anastasiya,Eteläperä,,,,white,nonhispanic,F,Mäntsälä  Uusimaa  FI,721 Juola Katu,Vantaa,Uusimaa,Vantaa,01530,60.35454580837552,24.9884875148032,2375.0,0.0
538bf59e-e502-421e-9c5e-e3e277775fc6,1968-07-17,,999-49-3128,S99997975,X44245524X,Ms.,Sisko-Liisa,Jukakoski,,,S,white,nonhispanic,F,Helsinki  Uusimaa  FI,437 Saraste Katu,Helsinki,Uusimaa,Helsinki,00650,60.1700866556861,24.9278758857276,5125.0,0.0
65ae3e1c-29d7-4087-bb64-cf40c1fb263e,1944-01-16,,999-85-9014,S99953759,X31632486X,Ms.,Galina,Arttola,,,S,white,nonhispanic,F,Helsinki  Uusimaa  FI,629 Pousi Katu Suite 32,Lapinjärvi,Uusimaa,Lapinjärvi,07830,60.689777398796586,26.282404161791483,8125.0,0.0
028a6f37-e34b-4081-966e-e9a5944952e8,1962-11-27,,999-60-7026,S99912815,X6402697X,Mr.,Henrikki,Aukeala,,,M,white,nonhispanic,M,Porvoo  Uusimaa  FI,407 Niemitalo Katu,Sipoo,Uusimaa,Sipoo,04170,60.48499307902533,25.201990511612383,5875.0,0.0
c5d75135-9ffd-4605-9034-1581707ebfa7,1982-02-08,,999-74-7324,S99977615,X515974X,Mrs.,Prisilla,Santaharju,,Hermans,M,white,nonhispanic,F,Mäntsälä  Uusimaa  FI,429 Ailus Katu,Helsinki,Uusimaa,Helsinki,00190,60.21004152990966,24.935460519399275,4600.36,0.0
d6dd56b3-5099-4701-ad62-81a7b451f1c4,2002-02-08,,999-93-3282,S99912308,,Mr.,Keijo,Pietilänaho,,,,white,nonhispanic,M,Hyvinkää  Uusimaa  FI,485 Syvälahti Katu Suite 64,Espoo,Uusimaa,Espoo,02660,60.116304957692286,24.786613442516824,3250.0,0.0
9eda1bb6-18be-4754-8f89-f3463cfac8fb,1959-05-18,,999-60-2962,S99998101,X48564809X,Mrs.,Merja-Anneli,Käld,,Labbas,M,white,nonhispanic,F,Järvenpää  Uusimaa  FI,285 Ilmakangas Katu Suite 27,Helsinki,Uusimaa,Helsinki,00990,60.13500812928614,24.876110749879796,12636.6,0.0
16e52a3d-b894-4392-bd03-efeadc573eff,1997-08-17,,999-29-4223,S99947476,X34976168X,Ms.,Lucie,Airto,,,,white,nonhispanic,F,Vantaa  Uusimaa  FI,982 Pinnioja Katu,Vantaa,Uusimaa,Vantaa,01350,60.35821658592878,24.810713657982607,3625.0,0.0
3a734362-fe1b-4dd3-bcf3-9966dbec4347,1982-01-19,,999-63-7399,S99913974,X65778691X,Mr.,Jakim,Lewis,MD,,M,white,nonhispanic,M,Helsinki  Uusimaa  FI,673 Heini Katu,Helsinki,Uusimaa,Helsinki,00130,60.23413464387513,24.831639386971965,4250.0,0.0
4d06a86b-8604-402d-b25b-32549836510c,1991-12-06,,999-57-1689,S99957988,X61869743X,Mrs.,Sanela,Ventilä,,Hakalax,M,white,nonhispanic,F,Espoo  Uusimaa  FI,130 Mäki-Korpela Katu,Järvenpää,Uusimaa,Järvenpää,04410,60.465185731274914,25.08239421858774,3875.0,0.0
2a73cbf4-da0c-44a0-ad97-f81cd6e01572,1988-01-11,,999-16-4763,S99953021,X35466391X,Mr.,Nedim,Vainio,,,S,white,nonhispanic,M,Helsinki  Uusimaa  FI,215 Teppana Katu Apt 95,Kirkkonummi,Uusimaa,Kirkkonummi,02470,60.06320991529756,24.36954309015279,4000.0,0.0
35c79ea0-6814-473e-a67e-356dc432f49f,1977-09-28,,999-73-8170,S99995492,X23085857X,Mrs.,Silja-Maaria,Säpyskä,,Kumpulainen,M,white,nonhispanic,F,Helsinki  Uusimaa  FI,679 Kaljunen Katu Apt 24,Espoo,Uusimaa,Espoo,02980,60.24141148938769,24.808972758167588,4500.0,0.0
9e95d120-22e2-41b8-9cb2-bf9ecf0f5cbf,1992-03-06,,999-47-5086,S99979542,X89147133X,Mr.,Alexei,Talola,,,M,white,nonhispanic,M,Helsinki  Uusimaa  FI,1035 Pasinen Katu Suite 37,Helsinki,Uusimaa,Helsinki,00730,60.161969425016544,24.919727736034112,3750.0,0.0
7ce04b73-f384-4ddc-afda-5c982a99f809,1955-02-22,,999-27-8443,S99990464,X26869065X,Mrs.,Hadi,Unhola,,Sutela,M,white,nonhispanic,F,Helsinki  Uusimaa  FI,689 Vilska Katu,Espoo,Uusimaa,Espoo,02600,60.19591664370807,24.84774890697747,6750.0,0.0
1ef6e337-28c0-408b-9fd2-06bf1a702f20,1997-06-26,,999-86-8626,S99983698,X86998319X,Ms.,Ibrahim,Kaivola,,,,white,nonhispanic,F,Hyvinkää  Uusimaa  FI,233 Vähä-Ettala Katu,Helsinki,Uusimaa,Helsinki,00330,60.237372997654646,25.00284784294636,3625.0,0.0
b9e010a0-43fc-4a76-bbeb-d667d8cc034a,2006-05-04,,999-50-4101,,,,Najib,Raistakka,,,,white,nonhispanic,M,Vantaa  Uusimaa  FI,838 Hyökki Katu Unit 21,Helsinki,Uusimaa,Helsinki,00120,60.21016788318334,24.850333261027966,2750.0,0.0
2af449aa-696a-479d-8105-f20b3de3b343,1994-09-18,,999-65-2269,S99933197,X63069155X,Mr.,Simon,Latvateikari,,,,white,nonhispanic,M,Espoo  Uusimaa  FI,245 Itäaho Katu,Helsinki,Uusimaa,Helsinki,00330,60.24629789999022,24.88507075203816,3750.0,0.0
cbb7a9c9-bc0b-4231-b1f0-149e4bc47d2e,2008-10-27,,999-91-6474,,,,Ami,Hussa,,,,white,nonhispanic,M,Espoo  Uusimaa  FI,522 Hernesniemi Katu Suite 79,Espoo,Uusimaa,Espoo,02140,60.227720149824414,24.67156889913663,2500.0,0.0
480244d2-bdbb-4087-aa2e-c9551dfad986,2016-08-06,,999-73-1488,,,,Sanna,Viitalähde,,,,white,nonhispanic,F,Helsinki  Uusimaa  FI,934 Sid Katu,Helsinki,Uusimaa,Helsinki,00940,60.242710610920795,24.939126824338395,1500.0,0.0
8a7bd123-77bf-478f-92d2-25ae9daa53bd,2017-03-31,,999-51-5505,,,,Gottfrid,Lamminluoto,,,,white,nonhispanic,M,Tuusula  Uusimaa  FI,189 Sopenlehto Katu Apt 98,Helsinki,Uusimaa,Helsinki,00620,60.1416907942662,25.095375722673488,1375.0,0.0
3b5df67d-aab8-423e-8b84-a373521a2a1a,1966-11-01,,999-85-7896,S99967848,X61132396X,Mrs.,Aarika,Vuorenranta,MD,Laatu,M,white,nonhispanic,F,Helsinki  Uusimaa  FI,451 Luomahaara Katu Apt 49,Vantaa,Uusimaa,Vantaa,01610,60.27186367732703,24.80719452307434,5375.0,0.0
817c2156-a958-47b2-a53d-f43417f46e20,1935-07-25,2015-07-09,999-95-5997,S99932694,X51550412X,Mr.,Asif,Lindelä,,,M,white,nonhispanic,M,Kerava  Uusimaa  FI,812 Kangaskortet Katu Unit 3,Nurmijärvi,Uusimaa,Nurmijärvi,01860,60.371002310588544,24.693760473651075,9379.32,0.0
32f6f1d0-5dd0-424f-a1a2-2939339f1293,1942-05-12,,999-79-3369,S99969202,X49107552X,Mr.,Furkan,Högnabba,,,M,white,nonhispanic,M,Helsinki  Uusimaa  FI,317 Sieviläinen Katu Unit 78,Espoo,Uusimaa,Espoo,02100,60.363879637158234,24.71301632854841,8604.33,0.0
dad1b7e2-8cd6-41a5-8286-5bcee53fbe43,1943-09-16,,999-91-8415,S99980952,X27231180X,Mr.,Veeli,Kohtalo,,,M,white,nonhispanic,M,Espoo  Uusimaa  FI,1077 Styrman Katu Unit 38,Helsinki,Uusimaa,Helsinki,00910,60.2176142084076,24.925130746001884,8250.0,0.0
1318c9d1-d54d-4602-84d6-1aeb737d3c49,1961-02-27,,999-38-1854,S99919553,X4373738X,Mr.,Hicham,Sandin,,,S,white,nonhispanic,M,Helsinki  Uusimaa  FI,126 Saija Katu Unit 41,Porvoo,Uusimaa,Porvoo,06450,60.29998882978268,25.84972633661352,6125.0,0.0
83869dc9-fefa-4fff-b5a0-796e80c49931,1969-01-02,,999-57-7657,S99973682,X14410457X,Ms.,Ann-Cathrine,Vuotikka,,,S,white,nonhispanic,F,Espoo  Uusimaa  FI,939 Paulus Katu,Siuntio,Uusimaa,Siuntio,02590,60.20572584784428,24.099540884793687,5125.0,0.0
3305c33c-7dde-4a09-b341-ebe7cad402e4,2016-02-29,,999-13-4751,,,,Hannaleena,Jammeh,,,,white,nonhispanic,F,Kirkkonummi  Uusimaa  FI,156 Temonen Katu,Kirkkonummi,Uusimaa,Kirkkonummi,02400,60.146289468736846,24.409228234297345,1625.0,0.0
37b9f427-e39e-401b-b01c-001d031c6a03,1962-05-03,,999-56-2695,S99965969,X2134324X,Mrs.,Ting,Backända,,Karumaa,M,white,nonhispanic,F,Vantaa  Uusimaa  FI,592 Valpola Katu Suite 51,Hyvinkää,Uusimaa,Hyvinkää,05880,60.62139323033335,24.81411613228069,5875.0,0.0
a32cfc42-e257-4b2f-808e-cf5c8d09c507,1962-05-13,,999-18-6207,S99951787,X55912988X,Mrs.,Säde,Pyötsiä,,Sjöholm,M,white,nonhispanic,F,Helsinki  Uusimaa  FI,825 Platan Katu,Loviisa,Uusimaa,Loviisa,07940,60.58869646494522,26.403128880380574,5875.0,0.0
c057ad57-0c9b-42c0-8de5-d0b5d394ff54,2010-11-21,,999-80-4960,,,,Hanna-Emilia,Ylivakeri,,,,white,nonhispanic,F,Kerava  Uusimaa  FI,771 Korkonen Katu,Vantaa,Uusimaa,Vantaa,01750,60.263364340415116,25.033489604226258,2250.0,0.0
2b9dff68-4dca-4c7b-81d9-0a7e11df9ff6,1975-02-13,,999-71-5991,S99952303,X12887377X,Mrs.,Siv-Britt,Soinio,,Fransila,M,white,nonhispanic,F,Kerava  Uusimaa  FI,936 Elomäki Katu Unit 85,Helsinki,Uusimaa,Helsinki,00730,60.1893289062579,24.91828865151471,4625.0,0.0
638b25ea-1f52-4fd8-9606-2d52d47964e2,1952-07-10,,999-12-9996,S99964165,X69252403X,Mrs.,Taina-Liisa,Rantio,,Mäntykorpi,M,white,nonhispanic,F,Järvenpää  Uusimaa  FI,981 Alaraasakka Katu,Espoo,Uusimaa,Espoo,02600,60.21746461932976,24.82374671491714,7125.0,0.0
139090f9-29d7-4567-9e8c-0cb4817da06a,1986-08-11,,999-40-6668,S99910301,X5920772X,Mr.,Jopi,Sarvikivi,,,M,white,nonhispanic,M,Helsinki  Uusimaa  FI,255 Gratschev Katu,Helsinki,Uusimaa,Helsinki,00300,60.20409834116507,24.9247138835639,10706.130000000001,0.0
8d0bdbea-b972-4cf1-95ae-86e24c9e4376,1935-07-25,,999-42-9561,S99959485,X70000638X,Mr.,Hugh,Knudsen,,,M,white,nonhispanic,M,Helsinki  Uusimaa  FI,392 Puttonen Katu Suite 61,Nurmijärvi,Uusimaa,Nurmijärvi,05250,60.45480413068189,24.854205790771257,9250.0,0.0
0d26877d-1ad6-46f6-9bed-d6f59bc7f61d,1980-08-17,,999-70-1390,S99944928,X16600734X,Mrs.,Kati,Turula,,Viitalähde,M,white,nonhispanic,F,Espoo  Uusimaa  FI,503 Sointu Katu Unit 32,Helsinki,Uusimaa,Helsinki,00390,60.229695839678385,24.834340108543074,4250.0,0.0
60002ba7-16fb-4c0d-9c61-3123b07d5f14,1995-07-24,,999-43-2280,S99930403,X82824637X,Ms.,Jamila,Haapajärvi,,,,white,nonhispanic,F,Espoo  Uusimaa  FI,264 Linjamäki Katu Unit 91,Hyvinkää,Uusimaa,Hyvinkää,05880,60.6205535674761,24.883804980368907,3625.0,0.0
21adb0b4-9ee2-48f2-85e7-970b616cca39,1948-12-06,,999-50-3033,S99976694,X59868436X,Mrs.,Ullariikka,Alalantela,,Thomé,M,white,nonhispanic,F,Hyvinkää  Uusimaa  FI,931 Saviharju Katu Apt 95,Helsinki,Uusimaa,Helsinki,00940,60.23941919399936,25.048576268597934,7763.46,0.0
798acaf6-a239-4d1e-9b6b-fc4e9bcc3c2a,1990-08-11,,999-13-6466,S99934144,X24049423X,Mr.,Erhan,Karppila,,,M,white,nonhispanic,M,Espoo  Uusimaa  FI,614 Vihtamäki Katu Unit 94,Helsinki,Uusimaa,Helsinki,00310,60.15917901266352,24.900710542242642,3875.0,0.0
23ad88cd-64c3-4128-8cb1-866cb56d45eb,1962-02-02,,999-25-3826,S99963957,X6676521X,Mrs.,Anni-Roosa,Pirttikangas,,Ritvanen,M,white,nonhispanic,F,Nurmijärvi  Uusimaa  FI,157 Boisman Katu Suite 71,Kerava,Uusimaa,Kerava,04260,60.40457204329369,25.04948899348942,5875.0,0.0
b85799d1-5440-4122-b2bf-f7ad503ed671,2018-08-30,,999-16-9342,,,,Tami,Kolhinen,,,,white,nonhispanic,M,Porvoo  Uusimaa  FI,398 Passila Katu,Nurmijärvi,Uusimaa,Nurmijärvi,05100,60.51418346953583,24.878645717526606,1000.0,0.0
f287f5a3-79d9-451c-bbad-3f4b82ea7969,1981-08-05,,999-43-2324,S99982888,X86201376X,Ms.,Phoebe,Huhtinen,,,S,white,nonhispanic,F,Vantaa  Uusimaa  FI,417 Kotamäki Katu,Helsinki,Uusimaa,Helsinki,00530,60.176572791850816,24.82500006352912,4250.0,0.0
c4c6f58f-1343-436a-a66d-c5f7408fabd4,1964-11-28,2003-08-30,999-92-7652,S99964193,X59560447X,Mr.,Villematti,Jykelä,,,M,white,nonhispanic,M,Helsinki  Uusimaa  FI,634 Kotamaa Katu,Helsinki,Uusimaa,Helsinki,00140,60.25119688836764,24.895796430974332,6300.57,0.0
9d4f12f8-4205-457f-9c47-c561ada891b7,2017-01-21,,999-33-7982,,,,Faina,Koitela,,,,white,nonhispanic,F,Porvoo  Uusimaa  FI,433 Rangell Katu,Espoo,Uusimaa,Espoo,02810,60.214618635043514,24.695455183416193,1375.0,0.0
6b0332e7-29d0-4823-b609-5b84db040f3e,1956-01-21,,999-22-3556,S99983790,X49708175X,Mrs.,Ullamaija,Gottschalk,,Uusi-Äijö,M,white,nonhispanic,F,Helsinki  Uusimaa  FI,748 Micklin Katu,Helsinki,Uusimaa,Helsinki,00970,60.2230764132322,24.8464638307015,6625.0,0.0
35d707e9-2a7a-416f-a7f2-57824ca9ea10,1998-09-25,,999-31-6352,S99930220,X83448453X,Mr.,Tien,Mättölä,,,,white,nonhispanic,M,Vantaa  Uusimaa  FI,189 Meisalmi Katu Suite 19,Helsinki,Uusimaa,Helsinki,00330,60.149481106623114,24.834040337604538,3500.0,0.0
5e90fde5-458c-406e-ba54-e3e74ed8f983,1997-06-23,,999-17-4627,S99915157,X57778076X,Ms.,Catriina,Jounela,,,,white,nonhispanic,F,Vihti  Uusimaa  FI,873 Berisha Katu Apt 66,Helsinki,Uusimaa,Helsinki,00100,60.15478316959618,24.997023455272114,3625.0,0.0
06e278cb-8d50-4d0b-83ec-0ad9af487105,1957-12-11,,999-79-9409,S99946041,X43527406X,Mrs.,Myrsky,Fuss,,Kaajakari,M,white,nonhispanic,F,Helsinki  Uusimaa  FI,770 Lilja Katu Apt 15,Helsinki,Uusimaa,Helsinki,00920,60.22470139542034,25.026515926121657,6500.0,0.0
ea8cd142-5ad9-4d55-b36e-cb4899bf078c,1940-08-28,,999-27-6175,S99943277,X12710445X,Mrs.,Jenita,Sulavuori,MD,Hannulabacka,M,white,nonhispanic,F,Helsinki  Uusimaa  FI,1028 Lepänkoski Katu Unit 18,Vantaa,Uusimaa,Vantaa,01620,60.319017888783264,24.77951815272745,8625.0,0.0
d716226c-85de-40ae-a343-79ea18d2791b,1989-05-31,,999-57-6717,S99940820,X56621091X,Mr.,Liban,Fonsén,,,M,white,nonhispanic,M,Rio de Janerio  Rio de Janerio  BR,113 Paattimäki Katu Suite 13,Espoo,Uusimaa,Espoo,02940,60.14692120160687,24.810017825307526,4315.38,0.0
67b34005-5e0b-4543-9659-029fc8b05494,1953-02-21,,999-91-5638,S99927696,X37825904X,Mr.,Terho,Brusila,,,M,white,nonhispanic,M,Vihti  Uusimaa  FI,767 Hauskamaa Katu,Vantaa,Uusimaa,Vantaa,01700,60.285401162141135,24.740960275839964,7000.0,0.0
8e1aa536-e874-4713-873f-b31a30c72bcf,1964-11-28,,999-56-9274,S99946455,X80347535X,Mr.,Abdalla,Takaeilola,,,M,white,nonhispanic,M,Helsinki  Uusimaa  FI,236 Gardberg Katu Suite 57,Helsinki,Uusimaa,Helsinki,00380,60.22318928066531,24.898021894485353,5625.0,0.0
8a3184f1-bba5-42fc-9aa3-3261798437c0,1988-11-22,,999-67-1654,S99930968,X77871611X,Mr.,Esu,Linderoos,,,M,white,nonhispanic,M,Siuntio  Uusimaa  FI,659 Axelsson Katu,Nurmijärvi,Uusimaa,Nurmijärvi,01860,60.33090885743157,24.79735350855362,4000.0,0.0
d447ba0a-005c-4194-a2ec-bc8ec8ece26f,1978-01-27,,999-57-8344,S99922106,X9008972X,Mr.,Jokke,Bexar,,,M,white,nonhispanic,M,Vantaa  Uusimaa  FI,403 Vuorensola Katu Unit 27,Helsinki,Uusimaa,Helsinki,00940,60.21208087402427,24.89753512419376,4500.0,0.0
fd9bdf29-3c56-4eec-baf3-1604e3f062c1,2005-10-23,,999-86-4690,,,,Elmiina,Wingren,,,,white,nonhispanic,F,Espoo  Uusimaa  FI,423 Charpentier Katu Apt 96,Hyvinkää,Uusimaa,Hyvinkää,05900,60.6188618031755,24.860661524676527,2875.0,0.0
869efe15-2137-400a-a9fb-8795e31098cc,1985-05-09,,999-61-5246,S99995904,X31751286X,Mr.,Vjatseslav,Mustamaa,,,S,white,nonhispanic,M,Vantaa  Uusimaa  FI,381 Åkesson Katu,Helsinki,Uusimaa,Helsinki,00640,60.18203802216483,24.873967565987787,4125.0,0.0
25660a34-467d-4e22-9bd7-ce934aad3c40,1943-06-28,,999-45-3704,S99942857,X78881748X,Ms.,Hilkka-Liisa,Kesä,,,S,white,nonhispanic,F,Vantaa  Uusimaa  FI,1016 Lehtilä Katu,Järvenpää,Uusimaa,Järvenpää,04410,60.55545227916796,25.132869078891595,8250.0,0.0
06ff660f-052f-4db5-95c0-9b6abd0448df,1950-11-13,,999-24-6733,S99931423,X77706530X,Ms.,Francisca,Tappola,,,S,white,nonhispanic,F,Vantaa  Uusimaa  FI,501 Varjos Katu Suite 4,Kirkkonummi,Uusimaa,Kirkkonummi,02430,60.248904397403635,24.41758304311111,7375.0,0.0
f89f0216-23a4-466f-a949-6bc612ecf9fa,1986-04-19,,999-87-8239,S99996680,X80287574X,Mrs.,Anttuuna,Lonkainen,,Virri,M,white,nonhispanic,F,Järvenpää  Uusimaa  FI,1058 Schrey Katu,Helsinki,Uusimaa,Helsinki,00160,60.245209637314474,25.192333881398135,10947.57,0.0
0130e8e0-713c-4681-ab04-0fcbef48bd25,1952-01-24,,999-75-5790,S99976458,X33642409X,Mr.,Lenni,Kullberg,,,M,white,nonhispanic,M,Helsinki  Uusimaa  FI,632 Meyer Katu Apt 70,Mäntsälä,Uusimaa,Mäntsälä,04630,60.54853271401496,25.313953429002662,13968.599999999999,0.0
13210c20-380d-4aa5-8d40-d1d6cec6f00c,1976-09-08,,999-92-7376,S99945149,X55408029X,Mrs.,Piiku,Brigatti,,Nihti,M,white,nonhispanic,F,Raasepori  Uusimaa  FI,1025 Naamanka Katu Apt 94,Helsinki,Uusimaa,Helsinki,00740,60.160554197661284,25.06843078839133,4500.0,0.0
7d188c99-14f0-42da-bee1-719adc1e1147,2009-02-11,,999-27-3821,,,,Solja,Järvimies,,,,white,nonhispanic,F,Espoo  Uusimaa  FI,658 Möttö Katu,Kirkkonummi,Uusimaa,Kirkkonummi,02410,60.306018425678324,24.381303598271057,2500.0,0.0
af4e446d-02b5-453c-8dae-44ee0cdc1907,2004-03-13,,999-82-4691,,,,Kaisa-Riitta,Cronstedt,,,,white,nonhispanic,F,Helsinki  Uusimaa  FI,422 Kantti Katu Apt 67,Kerava,Uusimaa,Kerava,04200,60.3753808262911,25.13955865324865,3000.0,0.0
95f9e4b9-b070-4a4d-a4d0-6487a8266283,1954-05-19,,999-60-1885,S99944492,X55850420X,Mrs.,Chantal,Kovamäki,,Kotipelto,M,white,nonhispanic,F,Vantaa  Uusimaa  FI,514 Kannela Katu Unit 77,Helsinki,Uusimaa,Helsinki,00160,60.199696394657224,24.85429857113338,6875.0,0.0
1ab1981e-51d8-4b92-9c8e-dea28bbf1a9b,2005-09-02,,999-56-1807,,,,Anna-Maj,Sotti,,,,white,nonhispanic,F,Helsinki  Uusimaa  FI,934 Juoperi Katu Suite 67,Helsinki,Uusimaa,Helsinki,00980,60.12740343166782,24.927189482369446,2875.0,0.0
b02c765b-9bb1-4b0b-9111-bd25649b83bc,1983-07-13,,999-90-1871,S99927122,X51847526X,Mr.,Pirkka-Pekka,Kummunsalo,,,M,white,nonhispanic,M,Espoo  Uusimaa  FI,1094 Skriko Katu,Espoo,Uusimaa,Espoo,02710,60.177762286969134,24.687129575747875,4125.0,0.0
2659b849-a096-4f61-8f00-6833578f4832,2009-03-17,,999-95-8529,,,,Shakira,Keto-Tokoi,,,,white,nonhispanic,F,Espoo  Uusimaa  FI,639 Merjamaa Katu Suite 80,Helsinki,Uusimaa,Helsinki,00150,60.21814052995474,25.005251159641208,2375.0,0.0
457e8eb1-a1bb-4d2f-a4a8-8c39e3b3961b,2019-03-08,,999-84-1219,,,,Maaretta,Skog,,,,white,nonhispanic,F,Helsinki  Uusimaa  FI,138 Kiviharju Katu Apt 96,Helsinki,Uusimaa,Helsinki,00280,60.293703156219145,25.06678673817205,750.0,0.0
4e505242-32d4-464d-a92d-3ee6796b01bc,1953-03-20,,999-20-7253,S99957338,X74635654X,Mr.,Cristiano,Suopuro,,,M,white,nonhispanic,M,Siuntio  Uusimaa  FI,357 Aunio Katu,Mäntsälä,Uusimaa,Mäntsälä,04940,60.691253668101815,25.351008066884578,7000.0,0.0
2ca5b391-076a-4193-b7fe-2770d32ed4de,1968-03-19,,999-49-9956,S99928754,X17840959X,Mr.,Kajo,Palmunen,,,M,white,nonhispanic,M,Helsinki  Uusimaa  FI,818 Buska Katu,Sipoo,Uusimaa,Sipoo,04170,60.36641133778735,25.41265371990429,5125.0,0.0
e2ec23b9-ebfb-43dd-9e24-48dccbd0a88c,1989-02-19,,999-73-8548,S99972753,X56765706X,Mr.,Joe,Saarnisto,,,M,white,nonhispanic,M,Helsinki  Uusimaa  FI,720 Haaksiala Katu Suite 94,Espoo,Uusimaa,Espoo,02290,60.19691682637107,24.763861629289163,3875.0,0.0
533d9b39-2d51-4027-8099-ee9ebcacf057,1946-07-08,1990-10-01,999-18-9554,S99998688,X64932389X,Mr.,Lenni-Kalle,Etu-Seppälä,,,M,white,nonhispanic,M,Helsinki  Uusimaa  FI,426 Törnkvist Katu Unit 46,Vantaa,Uusimaa,Vantaa,01710,60.29194851524326,24.754761299016554,6709.6,0.0
ebe84c66-2597-4a53-8314-6959234670a1,1969-01-16,,999-95-9163,S99914474,X71847292X,Mr.,Simo-Santeri,Valojärvi,,,M,white,nonhispanic,M,Helsinki  Uusimaa  FI,238 Helynen Katu Suite 48,Helsinki,Uusimaa,Helsinki,00740,60.224214624901244,25.107583239241972,5125.0,0.0
e1d778ab-54b0-492e-9cc3-dbe07be332cb,1950-06-09,,999-24-1642,S99919942,X71881263X,Mrs.,Lian,Lähteensuo,,Robertsson,M,white,nonhispanic,F,Helsinki  Uusimaa  FI,1001 Tran Katu Apt 74,Raasepori,Uusimaa,Raasepori,10380,60.15298201774916,23.468882332371937,7375.0,0.0
279dbacc-fb95-4c34-b110-bbd17efe967b,1997-10-20,,999-45-9653,S99933656,X53980312X,Mr.,Frits,Lemettilä,,,,white,nonhispanic,M,Järvenpää  Uusimaa  FI,432 Amnell Katu,Espoo,Uusimaa,Espoo,02660,60.22382465338697,24.77369352630765,3625.0,0.0
594d0355-40db-464e-bc09-5820ec452452,1949-06-13,,999-74-1823,S99922272,X26199412X,Mr.,Holger,Pasto,,,M,white,nonhispanic,M,Espoo  Uusimaa  FI,659 Pihlgren Katu,Porvoo,Uusimaa,Porvoo,06200,60.381337562968085,25.82681419963794,7500.0,0.0
9b25e8bd-3abe-4d0a-8c62-3ed57f5cdfba,1966-05-07,,999-79-7830,S99921473,X85778219X,Mr.,Jimmi,Askola,,,M,white,nonhispanic,M,Tuusula  Uusimaa  FI,845 Pentinmikko Katu,Helsinki,Uusimaa,Helsinki,00390,60.31354103807036,25.030511915102036,5375.0,0.0
3de2dd1f-fe14-4e61-a618-795b4af4a442,1958-10-07,,999-62-5912,S99949427,X63939770X,Mrs.,Manteli,Öling,,Mäki,M,white,nonhispanic,F,Vantaa  Uusimaa  FI,176 Näykki Katu,Kerava,Uusimaa,Kerava,04250,60.40689800706665,25.13417324623022,6375.0,0.0
440806fe-bd54-47c9-a16e-4cb8c25e7733,2012-09-01,,999-34-3073,,,,Hanh,Laivoranta,,,,white,nonhispanic,F,Helsinki  Uusimaa  FI,184 Häme Katu Unit 43,Vantaa,Uusimaa,Vantaa,01680,60.30225107449454,25.103106893503302,2000.0,0.0
d0553da2-241f-4d1d-9301-3e59ceb5ec64,2018-03-05,,999-79-4996,,,,Siimon,Rui,,,,white,nonhispanic,M,Porvoo  Uusimaa  FI,867 Wärnman Katu,Helsinki,Uusimaa,Helsinki,00650,60.27489555866416,24.97841653946706,1125.0,0.0
84042669-7844-4932-b4fa-74c97bd4a11e,1997-08-03,,999-37-4234,S99929191,X56000537X,Mr.,Yousuf,Nyfelt,,,,white,nonhispanic,M,Kerava  Uusimaa  FI,872 Jacklin Katu,Vantaa,Uusimaa,Vantaa,01680,60.31247887616086,24.82602761735083,3625.0,0.0
05aca627-9aa1-4026-bd58-51782c25fdcd,2012-06-25,,999-88-1816,,,,Inka-Liina,Ajanto,,,,white,nonhispanic,F,Tuusula  Uusimaa  FI,359 Naapuri Katu Apt 66,Espoo,Uusimaa,Espoo,02270,60.133459255217495,24.715535921572005,2000.0,0.0
e37f6f7e-5daf-4857-a846-ce5f2de6b7d6,1991-05-11,,999-74-3418,S99911293,X58208297X,Ms.,Violette,Riihilahti,,,S,white,nonhispanic,F,Helsinki  Uusimaa  FI,846 Veikkolainen Katu,Espoo,Uusimaa,Espoo,02860,60.214198388632866,24.796396237412946,3875.0,0.0
765456e3-534b-4c41-a505-b08611dbe4ee,1947-11-04,,999-22-1128,S99913021,X19730481X,Mr.,Teuvonpoika,Nevalainen,,,M,white,nonhispanic,M,Loviisa  Uusimaa  FI,335 Polus Katu,Lohja,Uusimaa,Lohja,09220,60.32315577261487,24.086421630377377,7625.0,0.0
07f2c5f1-c98a-412c-9ea1-bdbdd95e7c91,1985-11-01,,999-16-8911,S99957116,X14744462X,Mrs.,Mirva-Liisa,Erämaja,,af Hällström,M,white,nonhispanic,F,Vantaa  Uusimaa  FI,844 Ropo Katu Suite 88,Vantaa,Uusimaa,Vantaa,01530,60.254063974470505,24.97645442483411,4125.0,0.0
64a96a67-f15c-4462-a700-e8b495abca4f,1975-06-26,,999-59-2040,S99912798,X29437748X,Mr.,Taave,Santamaa,,,M,white,nonhispanic,M,Kirkkonummi  Uusimaa  FI,1063 Aminoff Katu Suite 88,Helsinki,Uusimaa,Helsinki,00280,60.1669857513787,24.989992256199603,4625.0,0.0
a4702d3b-3ab4-4837-9d1c-350fddc21835,2006-08-01,,999-25-8861,,,,Deni,Torstensson,,,,white,nonhispanic,M,Helsinki  Uusimaa  FI,359 Jacklin Katu Unit 91,Vantaa,Uusimaa,Vantaa,01400,60.31079125023177,24.864387573322865,2750.0,0.0
bce2aeef-2a45-44df-bc0c-0897d185239c,2008-10-15,,999-39-9019,,,,Anatoljevna,Holmbäck,,,,white,nonhispanic,F,Helsinki  Uusimaa  FI,295 Yli-Seppänen Katu Suite 39,Lapinjärvi,Uusimaa,Lapinjärvi,07840,60.56066730551229,26.255379933488733,2500.0,0.0
a55734ab-1938-47bf-a9bf-1d29f37e8e8a,1946-07-08,,999-68-7898,S99914219,X43314580X,Mr.,Hartvig,Kallberg,,,M,white,nonhispanic,M,Espoo  Uusimaa  FI,936 Kosunen Katu Apt 10,Vantaa,Uusimaa,Vantaa,01620,60.28666806532127,24.822157843316518,7875.0,0.0
64a995a7-1ba4-45ac-a0d9-877d2f713e24,1979-04-11,,999-63-9800,S99944596,X69388787X,Mrs.,Mariliina,Suojanen,,Linnainmaa,M,white,nonhispanic,F,Espoo  Uusimaa  FI,524 Honkakoski Katu,Helsinki,Uusimaa,Helsinki,00670,60.289317563667396,24.922659825415924,4375.0,0.0
971a2885-358c-43a7-a254-694dfc6b47f4,1957-06-15,,999-72-8257,S99989215,X67907795X,Ms.,Eerika,Kants,,,S,white,nonhispanic,F,Vantaa  Uusimaa  FI,929 Mörsäri Katu Apt 50,Kerava,Uusimaa,Kerava,04260,60.39164695612349,25.12825088288899,6500.0,0.0
93956cf9-8c3a-412c-b7d4-ba028c25f4ee,1986-03-20,,999-34-1640,S99991199,X44345884X,Mr.,Rasim,Alarauhio,,,M,white,nonhispanic,M,Espoo  Uusimaa  FI,1040 Kurkisuo Katu,Helsinki,Uusimaa,Helsinki,00670,60.19373225767363,24.93631562185827,4000.0,0.0
f1d4ff06-16e1-43a4-9141-4fa75f13f44d,1982-05-28,,999-10-5297,S99941918,X67999597X,Mrs.,A,Böling,,Flink,M,white,nonhispanic,F,Helsinki  Uusimaa  FI,164 Kanckos Katu Unit 13,Porvoo,Uusimaa,Porvoo,07350,60.42466139762726,25.590429897756255,4250.0,0.0
88a9009e-5af0-468f-962f-d89abb1a8d98,1936-12-25,,999-95-7648,S99976917,X74176862X,Mr.,Heino,Tarhonen,,,M,white,nonhispanic,M,Kirkkonummi  Uusimaa  FI,427 Remsu Katu Unit 17,Helsinki,Uusimaa,Helsinki,00260,60.260380374629655,25.07206215281119,9000.0,0.0
