PATIENT,START_YEAR,END_YEAR,PAYER,OWNERSHIP
2abe3540-f89a-40f4-9e15-49451db64832,1999,2017,e15e7b92-f376-374f-9285-2f59a38ad823,Guardian
4351433c-c6ec-42ed-bb12-6650d796ddd6,1995,2013,e15e7b92-f376-374f-9285-2f59a38ad823,Guardian
27e81449-2b76-4057-9937-74e0bd29ce66,1987,2005,e15e7b92-f376-374f-9285-2f59a38ad823,Guardian
2b53a3d2-a065-4acb-82d0-3c69fd66addb,1980,1998,e15e7b92-f376-374f-9285-2f59a38ad823,Guardian
a2c976dd-9857-4a8e-a59a-6fa0e818ca84,1973,1991,e15e7b92-f376-374f-9285-2f59a38ad823,Guardian
6bdda938-7926-456b-b03b-25e16e34f5be,1969,1987,e15e7b92-f376-374f-9285-2f59a38ad823,Guardian
538bf59e-e502-421e-9c5e-e3e277775fc6,1968,1986,e15e7b92-f376-374f-9285-2f59a38ad823,Guardian
65ae3e1c-29d7-4087-bb64-cf40c1fb263e,1944,1962,e15e7b92-f376-374f-9285-2f59a38ad823,Guardian
028a6f37-e34b-4081-966e-e9a5944952e8,1962,1980,e15e7b92-f376-374f-9285-2f59a38ad823,Guardian
d6dd56b3-5099-4701-ad62-81a7b451f1c4,2002,2020,e15e7b92-f376-374f-9285-2f59a38ad823,Guardian
c5d75135-9ffd-4605-9034-1581707ebfa7,1982,2000,e15e7b92-f376-374f-9285-2f59a38ad823,Guardian
9eda1bb6-18be-4754-8f89-f3463cfac8fb,1959,1977,e15e7b92-f376-374f-9285-2f59a38ad823,Guardian
9eda1bb6-18be-4754-8f89-f3463cfac8fb,1978,1991,b1c428d6-4f07-31e0-90f0-68ffa6ff8c76,Self
9eda1bb6-18be-4754-8f89-f3463cfac8fb,1992,1992,e15e7b92-f376-374f-9285-2f59a38ad823,
16e52a3d-b894-4392-bd03-efeadc573eff,1997,2015,e15e7b92-f376-374f-9285-2f59a38ad823,Guardian
3a734362-fe1b-4dd3-bcf3-9966dbec4347,1982,2000,e15e7b92-f376-374f-9285-2f59a38ad823,Guardian
4d06a86b-8604-402d-b25b-32549836510c,1991,2009,e15e7b92-f376-374f-9285-2f59a38ad823,Guardian
2a73cbf4-da0c-44a0-ad97-f81cd6e01572,1988,2006,e15e7b92-f376-374f-9285-2f59a38ad823,Guardian
35c79ea0-6814-473e-a67e-356dc432f49f,1977,1995,e15e7b92-f376-374f-9285-2f59a38ad823,Guardian
9e95d120-22e2-41b8-9cb2-bf9ecf0f5cbf,1992,2010,e15e7b92-f376-374f-9285-2f59a38ad823,Guardian
7ce04b73-f384-4ddc-afda-5c982a99f809,1955,1973,e15e7b92-f376-374f-9285-2f59a38ad823,Guardian
2af449aa-696a-479d-8105-f20b3de3b343,1994,2012,e15e7b92-f376-374f-9285-2f59a38ad823,Guardian
1ef6e337-28c0-408b-9fd2-06bf1a702f20,1997,2015,e15e7b92-f376-374f-9285-2f59a38ad823,Guardian
3b5df67d-aab8-423e-8b84-a373521a2a1a,1966,1984,e15e7b92-f376-374f-9285-2f59a38ad823,Guardian
817c2156-a958-47b2-a53d-f43417f46e20,1935,1953,e15e7b92-f376-374f-9285-2f59a38ad823,Guardian
32f6f1d0-5dd0-424f-a1a2-2939339f1293,1942,1960,e15e7b92-f376-374f-9285-2f59a38ad823,Guardian
dad1b7e2-8cd6-41a5-8286-5bcee53fbe43,1943,1961,e15e7b92-f376-374f-9285-2f59a38ad823,Guardian
1318c9d1-d54d-4602-84d6-1aeb737d3c49,1961,1979,e15e7b92-f376-374f-9285-2f59a38ad823,Guardian
83869dc9-fefa-4fff-b5a0-796e80c49931,1969,1987,e15e7b92-f376-374f-9285-2f59a38ad823,Guardian
37b9f427-e39e-401b-b01c-001d031c6a03,1962,1980,e15e7b92-f376-374f-9285-2f59a38ad823,Guardian
a32cfc42-e257-4b2f-808e-cf5c8d09c507,1962,1980,e15e7b92-f376-374f-9285-2f59a38ad823,Guardian
2b9dff68-4dca-4c7b-81d9-0a7e11df9ff6,1975,1993,e15e7b92-f376-374f-9285-2f59a38ad823,Guardian
638b25ea-1f52-4fd8-9606-2d52d47964e2,1952,1970,e15e7b92-f376-374f-9285-2f59a38ad823,Guardian
139090f9-29d7-4567-9e8c-0cb4817da06a,1986,2004,e15e7b92-f376-374f-9285-2f59a38ad823,Guardian
8d0bdbea-b972-4cf1-95ae-86e24c9e4376,1935,1953,e15e7b92-f376-374f-9285-2f59a38ad823,Guardian
0d26877d-1ad6-46f6-9bed-d6f59bc7f61d,1980,1998,e15e7b92-f376-374f-9285-2f59a38ad823,Guardian
60002ba7-16fb-4c0d-9c61-3123b07d5f14,1995,2013,e15e7b92-f376-374f-9285-2f59a38ad823,Guardian
21adb0b4-9ee2-48f2-85e7-970b616cca39,1948,1966,e15e7b92-f376-374f-9285-2f59a38ad823,Guardian
798acaf6-a239-4d1e-9b6b-fc4e9bcc3c2a,1990,2008,e15e7b92-f376-374f-9285-2f59a38ad823,Guardian
23ad88cd-64c3-4128-8cb1-866cb56d45eb,1962,1980,e15e7b92-f376-374f-9285-2f59a38ad823,Guardian
f287f5a3-79d9-451c-bbad-3f4b82ea7969,1981,1999,e15e7b92-f376-374f-9285-2f59a38ad823,Guardian
c4c6f58f-1343-436a-a66d-c5f7408fabd4,1964,1982,e15e7b92-f376-374f-9285-2f59a38ad823,Guardian
6b0332e7-29d0-4823-b609-5b84db040f3e,1956,1974,e15e7b92-f376-374f-9285-2f59a38ad823,Guardian
35d707e9-2a7a-416f-a7f2-57824ca9ea10,1998,2016,e15e7b92-f376-374f-9285-2f59a38ad823,Guardian
5e90fde5-458c-406e-ba54-e3e74ed8f983,1997,2015,e15e7b92-f376-374f-9285-2f59a38ad823,Guardian
06e278cb-8d50-4d0b-83ec-0ad9af487105,1957,1975,e15e7b92-f376-374f-9285-2f59a38ad823,Guardian
ea8cd142-5ad9-4d55-b36e-cb4899bf078c,1940,1958,e15e7b92-f376-374f-9285-2f59a38ad823,Guardian
d716226c-85de-40ae-a343-79ea18d2791b,1989,2007,e15e7b92-f376-374f-9285-2f59a38ad823,Guardian
67b34005-5e0b-4543-9659-029fc8b05494,1953,1971,e15e7b92-f376-374f-9285-2f59a38ad823,Guardian
8e1aa536-e874-4713-873f-b31a30c72bcf,1964,1982,e15e7b92-f376-374f-9285-2f59a38ad823,Guardian
8a3184f1-bba5-42fc-9aa3-3261798437c0,1988,2006,e15e7b92-f376-374f-9285-2f59a38ad823,Guardian
d447ba0a-005c-4194-a2ec-bc8ec8ece26f,1978,1996,e15e7b92-f376-374f-9285-2f59a38ad823,Guardian
869efe15-2137-400a-a9fb-8795e31098cc,1985,2003,e15e7b92-f376-374f-9285-2f59a38ad823,Guardian
25660a34-467d-4e22-9bd7-ce934aad3c40,1943,1961,e15e7b92-f376-374f-9285-2f59a38ad823,Guardian
06ff660f-052f-4db5-95c0-9b6abd0448df,1950,1968,e15e7b92-f376-374f-9285-2f59a38ad823,Guardian
f89f0216-23a4-466f-a949-6bc612ecf9fa,1986,2004,e15e7b92-f376-374f-9285-2f59a38ad823,Guardian
0130e8e0-713c-4681-ab04-0fcbef48bd25,1952,1970,e15e7b92-f376-374f-9285-2f59a38ad823,Guardian
13210c20-380d-4aa5-8d40-d1d6cec6f00c,1976,1994,e15e7b92-f376-374f-9285-2f59a38ad823,Guardian
95f9e4b9-b070-4a4d-a4d0-6487a8266283,1954,1972,e15e7b92-f376-374f-9285-2f59a38ad823,Guardian
b02c765b-9bb1-4b0b-9111-bd25649b83bc,1983,2001,e15e7b92-f376-374f-9285-2f59a38ad823,Guardian
4e505242-32d4-464d-a92d-3ee6796b01bc,1953,1971,e15e7b92-f376-374f-9285-2f59a38ad823,Guardian
2ca5b391-076a-4193-b7fe-2770d32ed4de,1968,1986,e15e7b92-f376-374f-9285-2f59a38ad823,Guardian
e2ec23b9-ebfb-43dd-9e24-48dccbd0a88c,1989,2007,e15e7b92-f376-374f-9285-2f59a38ad823,Guardian
533d9b39-2d51-4027-8099-ee9ebcacf057,1946,1964,e15e7b92-f376-374f-9285-2f59a38ad823,Guardian
533d9b39-2d51-4027-8099-ee9ebcacf057,1965,1990,e15e7b92-f376-374f-9285-2f59a38ad823,Self
ebe84c66-2597-4a53-8314-6959234670a1,1969,1987,e15e7b92-f376-374f-9285-2f59a38ad823,Guardian
e1d778ab-54b0-492e-9cc3-dbe07be332cb,1950,1968,e15e7b92-f376-374f-9285-2f59a38ad823,Guardian
279dbacc-fb95-4c34-b110-bbd17efe967b,1997,2015,e15e7b92-f376-374f-9285-2f59a38ad823,Guardian
594d0355-40db-464e-bc09-5820ec452452,1949,1967,e15e7b92-f376-374f-9285-2f59a38ad823,Guardian
9b25e8bd-3abe-4d0a-8c62-3ed57f5cdfba,1966,1984,e15e7b92-f376-374f-9285-2f59a38ad823,Guardian
3de2dd1f-fe14-4e61-a618-795b4af4a442,1958,1976,e15e7b92-f376-374f-9285-2f59a38ad823,Guardian
84042669-7844-4932-b4fa-74c97bd4a11e,1997,2015,e15e7b92-f376-374f-9285-2f59a38ad823,Guardian
e37f6f7e-5daf-4857-a846-ce5f2de6b7d6,1991,2009,e15e7b92-f376-374f-9285-2f59a38ad823,Guardian
765456e3-534b-4c41-a505-b08611dbe4ee,1947,1965,e15e7b92-f376-374f-9285-2f59a38ad823,Guardian
07f2c5f1-c98a-412c-9ea1-bdbdd95e7c91,1985,2003,e15e7b92-f376-374f-9285-2f59a38ad823,Guardian
64a96a67-f15c-4462-a700-e8b495abca4f,1975,1993,e15e7b92-f376-374f-9285-2f59a38ad823,Guardian
a55734ab-1938-47bf-a9bf-1d29f37e8e8a,1946,1964,e15e7b92-f376-374f-9285-2f59a38ad823,Guardian
971a2885-358c-43a7-a254-694dfc6b47f4,1957,1975,e15e7b92-f376-374f-9285-2f59a38ad823,Guardian
64a995a7-1ba4-45ac-a0d9-877d2f713e24,1979,1997,e15e7b92-f376-374f-9285-2f59a38ad823,Guardian
93956cf9-8c3a-412c-b7d4-ba028c25f4ee,1986,2004,e15e7b92-f376-374f-9285-2f59a38ad823,Guardian
f1d4ff06-16e1-43a4-9141-4fa75f13f44d,1982,2000,e15e7b92-f376-374f-9285-2f59a38ad823,Guardian
88a9009e-5af0-468f-962f-d89abb1a8d98,1936,1954,e15e7b92-f376-374f-9285-2f59a38ad823,Guardian
