DATE,PATIENT,ENCOUNTER,CODE,DESCRIPTION,BASE_COST,REASONCODE,REASONDESCRIPTION
2019-12-02,a2c976dd-9857-4a8e-a59a-6fa0e818ca84,5600586e-b57c-41c2-8e3e-2dcbd0e42c85,180325003,Electrical cardioversion,45337.93,49436004,Atrial Fibrillation
2017-09-18,c5d75135-9ffd-4605-9034-1581707ebfa7,64a59337-a70f-4670-b5ae-c4e74ebe32be,40701008,Echocardiography (procedure),651.61,410429000,Cardiac Arrest
2017-09-18,c5d75135-9ffd-4605-9034-1581707ebfa7,64a59337-a70f-4670-b5ae-c4e74ebe32be,447365002,Insertion of biventricular implantable cardioverter defibrillator,25412.11,410429000,Cardiac Arrest
2017-09-18,c5d75135-9ffd-4605-9034-1581707ebfa7,64a59337-a70f-4670-b5ae-c4e74ebe32be,18286008,Catheter ablation of tissue of heart,15697.28,410429000,Cardiac Arrest
2015-07-09,817c2156-a958-47b2-a53d-f43417f46e20,ddeee902-f688-4776-a258-f376305910ed,40701008,Echocardiography (procedure),1595.40,22298006,Myocardial Infarction
2015-07-09,817c2156-a958-47b2-a53d-f43417f46e20,ddeee902-f688-4776-a258-f376305910ed,415070008,Percutaneous coronary intervention,21318.94,22298006,Myocardial Infarction
2015-07-09,817c2156-a958-47b2-a53d-f43417f46e20,ddeee902-f688-4776-a258-f376305910ed,232717009,Coronary artery bypass grafting,49293.56,22298006,Myocardial Infarction
2015-12-22,32f6f1d0-5dd0-424f-a1a2-2939339f1293,9c29e780-ad7a-4b72-bc12-b9adaa630b2d,40701008,Echocardiography (procedure),1269.84,410429000,Cardiac Arrest
2015-12-22,32f6f1d0-5dd0-424f-a1a2-2939339f1293,9c29e780-ad7a-4b72-bc12-b9adaa630b2d,447365002,Insertion of biventricular implantable cardioverter defibrillator,34924.51,410429000,Cardiac Arrest
2015-12-22,32f6f1d0-5dd0-424f-a1a2-2939339f1293,9c29e780-ad7a-4b72-bc12-b9adaa630b2d,18286008,Catheter ablation of tissue of heart,10574.63,410429000,Cardiac Arrest
2012-02-06,139090f9-29d7-4567-9e8c-0cb4817da06a,c4b59737-143c-4571-aab3-9823e3ed1d19,40701008,Echocardiography (procedure),1079.50,230690007,Stroke
2012-02-06,139090f9-29d7-4567-9e8c-0cb4817da06a,c4b59737-143c-4571-aab3-9823e3ed1d19,433112001,Percutaneous mechanical thrombectomy of portal vein using fluoroscopic guidance,29718.20,230690007,Stroke
2003-08-30,c4c6f58f-1343-436a-a66d-c5f7408fabd4,3ee7d876-05ca-4fdf-9894-877dca65b3ce,40701008,Echocardiography (procedure),747.40,22298006,Myocardial Infarction
2003-08-30,c4c6f58f-1343-436a-a66d-c5f7408fabd4,3ee7d876-05ca-4fdf-9894-877dca65b3ce,415070008,Percutaneous coronary intervention,15657.88,22298006,Myocardial Infarction
2003-08-30,c4c6f58f-1343-436a-a66d-c5f7408fabd4,3ee7d876-05ca-4fdf-9894-877dca65b3ce,232717009,Coronary artery bypass grafting,42555.25,22298006,Myocardial Infarction
2019-02-06,ea8cd142-5ad9-4d55-b36e-cb4899bf078c,df8c5368-c252-48e1-9552-953ff8de2be4,180325003,Electrical cardioversion,20156.10,49436004,Atrial Fibrillation
2020-02-12,ea8cd142-5ad9-4d55-b36e-cb4899bf078c,90039f85-e241-44aa-983e-36be8e3be658,180325003,Electrical cardioversion,49381.28,49436004,Atrial Fibrillation
2012-12-26,d716226c-85de-40ae-a343-79ea18d2791b,8a57dd79-44ca-44cd-a5fb-39d851061076,40701008,Echocardiography (procedure),800.08,410429000,Cardiac Arrest
2012-12-26,d716226c-85de-40ae-a343-79ea18d2791b,8a57dd79-44ca-44cd-a5fb-39d851061076,447365002,Insertion of biventricular implantable cardioverter defibrillator,39781.60,410429000,Cardiac Arrest
2012-12-26,d716226c-85de-40ae-a343-79ea18d2791b,8a57dd79-44ca-44cd-a5fb-39d851061076,18286008,Catheter ablation of tissue of heart,10256.43,410429000,Cardiac Arrest
2016-12-10,8e1aa536-e874-4713-873f-b31a30c72bcf,c999a54a-aa2e-48fa-8137-4da6c61d4acb,180325003,Electrical cardioversion,46254.86,49436004,Atrial Fibrillation
2017-12-16,8e1aa536-e874-4713-873f-b31a30c72bcf,c83b4234-b739-4ffa-829e-0fd8f45ba83a,180325003,Electrical cardioversion,45123.50,49436004,Atrial Fibrillation
2018-12-22,8e1aa536-e874-4713-873f-b31a30c72bcf,8ec1233d-38cf-4e9b-9d6c-df29b38a56f1,180325003,Electrical cardioversion,20235.15,49436004,Atrial Fibrillation
2019-12-28,8e1aa536-e874-4713-873f-b31a30c72bcf,ed5cc00f-9afd-49d0-ada4-b1a2dccf6cf0,180325003,Electrical cardioversion,40960.07,49436004,Atrial Fibrillation
1990-10-01,533d9b39-2d51-4027-8099-ee9ebcacf057,ad925c35-15ba-4879-9009-a88e2301d362,40701008,Echocardiography (procedure),833.42,22298006,Myocardial Infarction
1990-10-01,533d9b39-2d51-4027-8099-ee9ebcacf057,ad925c35-15ba-4879-9009-a88e2301d362,415070008,Percutaneous coronary intervention,31541.19,22298006,Myocardial Infarction
1990-10-01,533d9b39-2d51-4027-8099-ee9ebcacf057,ad925c35-15ba-4879-9009-a88e2301d362,232717009,Coronary artery bypass grafting,50026.54,22298006,Myocardial Infarction
