Id,ORGANIZATION,NAME,GENDER,SPECIALITY,ADDRESS,CITY,STATE,ZIP,LAT,LON,UTILIZATION
18c0c5ac-df32-34c5-8778-d535cfba44ad,319baef9-e8e6-3320-9e0b-7991d9c167b8,Tuija-Liisa Haldin,F,GENERAL PRACTICE,Haartmaninkatu 4,Helsinki,18,00290,60.189159,24.909081,3
66649c27-ffc1-3ae0-93e2-af9cc4e25d47,7b74aa83-5335-38dd-a213-d6df36c7f627,Lotta-Maria Viro,F,GENERAL PRACTICE,Karvasmäentie 6,Espoo,18,02740,60.22011,24.6848,1
b63f126e-41e6-32e5-a56c-f6bf136939b9,af916982-f5f8-341b-b159-69e72695294c,Vanni Tuhola,F,GENERAL PRACTICE,Sairaalakatu 1,Vantaa,18,01400,60.3299,25.0608,1
5334bf27-02c5-3de2-a805-c955a7f65a82,294d60d6-0e2b-396b-a8bf-77998642f6b7,Paul-Erik Loukkaanhuhta,M,GENERAL PRACTICE,Ohkolantie 10,Kellokoski,18,04500,60.53054,25.10548,2
a5557896-3d2f-3930-b734-b5955dca22dc,738aef7e-a279-3f65-9dba-fead16b27400,Esa-Petri Sotkasiira,M,GENERAL PRACTICE,Turuntie 150,Espoo,18,02740,60.22589,24.77581,1614
0dff26ff-370b-3f87-9fa1-72168b84be52,9a3e6919-4ed0-32fe-a1e2-7184b06c415f,Asse Petäjistö,M,GENERAL PRACTICE,Karvasmäentie 6,Espoo,18,02740,60.22011,24.6848,341
6dfa25df-96a0-305a-9d86-c035ffc1d0b5,a70486b2-c33a-37b3-a4cf-b3dc06cb9d84,Saaramaria Jänönen,F,GENERAL PRACTICE,Sairaalakatu 1,Vantaa,18,01400,60.3299,25.0608,903
1907e424-d1f8-3fa1-9557-4c9ba2bd2131,bf25636d-50a4-3cf2-b937-0e59fd37503f,Tuija-Liisa Haldin,F,GENERAL PRACTICE,Sairaalankatu 1,Hyvinkää,18,05830,60.612,24.82486,181
19b9aa0b-e042-3491-a610-836f7535a4ec,4eddd774-a01b-3a0b-b4c6-736a5581aba4,Uriel Känsäkangas,M,GENERAL PRACTICE,Ohkolantie 10,Kellokoski,18,04500,60.53054,25.10548,295
8b797ccb-f5c9-384f-b8bc-84404a815ffb,942171f0-df04-34cc-9c85-1a11b2f08717,Noel Hukkila,M,GENERAL PRACTICE,Sairaalatie 8,Lohja,18,08200,60.2247,24.01885,161
ee563758-3402-3cda-b858-2bbd086d5d25,216a84b2-6287-356d-9bcf-655abf00debb,Emil Salmirinne,M,GENERAL PRACTICE,Sairaalantie 1,Porvoo,18,06200,60.37911,25.69576,335
4932fa37-a1c8-3c09-96a0-150d75a5c026,319baef9-e8e6-3320-9e0b-7991d9c167b8,Esa-Petri Sotkasiira,M,GENERAL PRACTICE,Haartmaninkatu 4,Helsinki,18,00290,60.189159,24.909081,1
5565a898-924f-322e-865c-ab6b336a2758,39010280-b8e5-3b1a-b835-bafbeea21968,Saaramaria Jänönen,F,GENERAL PRACTICE,Turuntie 150,Espoo,18,02740,60.22589,24.77581,2
40f3da78-5373-38c0-91b1-592d6f06cd64,7b74aa83-5335-38dd-a213-d6df36c7f627,Tuija-Liisa Haldin,F,GENERAL PRACTICE,Karvasmäentie 6,Espoo,18,02740,60.22011,24.6848,2
a27c21c7-1030-38e3-9406-dbb6fa35b78b,af916982-f5f8-341b-b159-69e72695294c,Uriel Känsäkangas,M,GENERAL PRACTICE,Sairaalakatu 1,Vantaa,18,01400,60.3299,25.0608,1
