location_id,address_1,address_2,city,state,zip,county,location_source_value
2378,612 Torvalds Katu,,Helsinki,Uusimaa,00840,Helsinki,75b1b060-0470-4c56-8d57-e41ba4a92999
2379,674 Paturi Katu,,Helsinki,Uusimaa,00570,Helsinki,e8346f19-1c83-4a62-aed3-ff013d37a82b
2380,1061 Ruostetoja Katu,,Espoo,Uusimaa,02110,Espoo,a1fec531-3f1c-402e-b356-54ddf74e7261
2381,262 Jalasjoki Katu Unit 97,,Helsinki,Uusimaa,00740,Helsinki,ce6c985c-f6f2-469c-a57d-6c779408776f
2382,462 Fågel Katu Unit 35,,Helsinki,Uusimaa,00160,Helsinki,2512ba69-6f6c-4112-aa3f-9f3ba27a6eaf
2383,863 Warto Katu,,Espoo,Uusimaa,02810,Espoo,cd1b44f1-5de0-49f7-aa68-90397aca1647
2384,259 Sinervuo Katu Apt 0,,Nurmijärvi,Uusimaa,01800,Nurmijärvi,4362104c-1adb-406b-8830-77888e5fd9bb
2385,381 Siikonen Katu Suite 77,,Loviisa,Uusimaa,07720,Loviisa,93b4d0a9-ac8a-4ab3-92aa-b27d3701a26a
2386,169 Kari Katu Unit 5,,Espoo,Uusimaa,02920,Espoo,f3807714-b249-4a79-ace7-432d7d662e67
2387,477 Tikkamäki Katu Apt 67,,Hyvinkää,Uusimaa,05840,Hyvinkää,8a947b75-a276-4679-ba93-7b2a55decba5
2388,160 Tawast Katu,,Raasepori,Uusimaa,10420,Raasepori,bbfd1514-0f68-44c9-916e-abfd152b2a3a
2389,901 Nazari Katu,,Espoo,Uusimaa,02280,Espoo,a245d629-f519-4c89-bbb2-2c786c18d51e
2390,897 Rönneberg Katu,,Kerava,Uusimaa,04220,Kerava,01f63a94-f707-46ed-a528-2470f1e5f222
2391,1033 Bär Katu,,Helsinki,Uusimaa,00180,Helsinki,1cfcf795-14c1-4cfa-846a-8fc9a34a69f3
2392,363 Jokineva Katu,,Helsinki,Uusimaa,00130,Helsinki,92c2e50b-26cb-46fd-8856-f51ad45bb9ac
2393,707 Vaani Katu Unit 35,,Järvenpää,Uusimaa,04460,Järvenpää,886b5813-18cc-41a7-9e2d-04f03491a4da
2394,580 Leinola Katu,,Helsinki,Uusimaa,00660,Helsinki,4dd4c240-5d61-4e70-a7a4-b713b476371a
2395,713 Nurmo Katu,,Helsinki,Uusimaa,00640,Helsinki,ad1090f1-2427-406b-b74c-e56dceb52c1d
2396,541 Lemmetyinen Katu,,Helsinki,Uusimaa,00810,Helsinki,188cef62-b6f3-462b-b8ae-7c89852fadca
2397,689 Seljas Katu,,Vantaa,Uusimaa,01640,Vantaa,74dd8cfd-8edd-4e7e-84b8-95b6cf58f9a0
2398,1046 Alasjärvi Katu,,Vantaa,Uusimaa,01630,Vantaa,255de6de-fbeb-4a86-b25d-095a76c5edd6
2399,316 Oivo Katu Unit 50,,Helsinki,Uusimaa,00820,Helsinki,566eb8d8-36bc-46d5-a987-51486b5ca0c8
2400,209 Ohinmaa Katu Suite 81,,Helsinki,Uusimaa,00710,Helsinki,38c97cfa-75f3-4e10-ba01-44560523577e
2401,504 Vinkanharju Katu,,Järvenpää,Uusimaa,04460,Järvenpää,c1cdf046-4e0d-4b3a-91fb-8e82617bb585
2402,324 Lehmusvaara Katu Apt 21,,Helsinki,Uusimaa,00420,Helsinki,9a7be0cc-6e61-4593-b7c2-ea27be5631ef
2403,546 Hakosalo Katu Suite 18,,Helsinki,Uusimaa,00740,Helsinki,f9bed800-ebf6-4127-8857-3e109dc5481b
2404,657 Viertorinne Katu,,Vantaa,Uusimaa,01720,Vantaa,84e7e0e6-4f46-470e-a8c1-720f9bf3225c
2405,848 Pykilä Katu Suite 61,,Helsinki,Uusimaa,00260,Helsinki,3e20f48f-829f-4ff1-b047-7ea7dbd0f283
2406,137 Löfroth Katu,,Hyvinkää,Uusimaa,05820,Hyvinkää,0c73e92c-e0e9-475a-93af-9875f3e319ab
2407,926 Greijer Katu Unit 33,,Espoo,Uusimaa,02290,Espoo,124125c1-e422-422e-ae33-72bc786317d2
2408,1096 Sundberg Katu,,Helsinki,Uusimaa,00830,Helsinki,a125626a-1b86-47bb-b320-e3af0fa5457e
2409,469 Laivo Katu,,Helsinki,Uusimaa,00330,Helsinki,f3abca11-feb0-49b8-91c8-d9da6274a8d7
2410,872 Styrström Katu,,Helsinki,Uusimaa,00800,Helsinki,2dc95c71-597f-450c-a82d-6d5dd30e0f90
2411,871 Båge Katu,,Espoo,Uusimaa,02780,Espoo,846dfcdb-d7d0-4c25-b9c5-b28982fab969
2412,707 Viuhkola Katu Apt 18,,Hyvinkää,Uusimaa,05510,Hyvinkää,2e065a6e-bdc1-4275-838c-1d594c74fa7b
2413,1031 Pirttikangas Katu Unit 43,,Kerava,Uusimaa,04250,Kerava,c016c2b7-d2ea-4a2c-92a7-d9b36a9a5cec
2414,121 Lehvonen Katu,,Helsinki,Uusimaa,00700,Helsinki,fb78572e-c1a1-4fad-8568-7c679aadaadf
2415,721 Grip Katu Suite 6,,Helsinki,Uusimaa,00580,Helsinki,1cf3d8bd-b6a6-47b9-9c5a-e9217c263593
2416,967 Aarto Katu,,Porvoo,Uusimaa,07110,Porvoo,0aa14e81-75c3-4a67-9c28-005170f4e1f0
2417,549 Äyhö Katu,,Espoo,Uusimaa,02860,Espoo,bce84ffa-b9f5-40de-88bf-b3cc51f21f5b
2418,800 Ylipahkala Katu,,Helsinki,Uusimaa,00150,Helsinki,a66f7aa6-0b12-4968-9e14-3e86207f2f49
2419,1005 Mäenalanen Katu,,Vihti,Uusimaa,03320,Vihti,c4191f5b-b1c7-4952-918c-d6727f438e61
2420,569 Satukangas Katu Unit 52,,Espoo,Uusimaa,02300,Espoo,c8f7f22a-36fc-4a6f-b08a-8d5d1f2ac7a4
2421,472 Lainejoki Katu Apt 48,,Porvoo,Uusimaa,06200,Porvoo,876d7deb-4f50-4a31-8198-c6c7e3664a11
2422,466 Lantz Katu,,Loviisa,Uusimaa,07880,Loviisa,38ca64f4-8015-4adc-b0f1-2680ee1e1877
2423,1075 Post Katu,,Helsinki,Uusimaa,00960,Helsinki,cbcc8aa9-a5b5-40eb-aef2-02f646c2819c
2424,652 Sarjanen Katu,,Helsinki,Uusimaa,00820,Helsinki,b5efc273-8138-4fb3-811a-49c107f0b8db
2425,886 Mursu Katu Apt 48,,Espoo,Uusimaa,02380,Espoo,4e175bd8-f403-464c-8266-d055deea3cda
2426,237 Kuljukka Katu Suite 65,,Kirkkonummi,Uusimaa,02390,Kirkkonummi,c6fa3ac8-183c-4912-8d50-8820330e5220
2427,952 Kotro Katu Suite 98,,Espoo,Uusimaa,02280,Espoo,69bf1467-7c8d-4ec2-91db-e2a3dc481e3d
2428,1058 Sonkamuotka Katu Apt 1,,Vihti,Uusimaa,03300,Vihti,f0a3eb8f-65b9-4ce4-98ca-76bdb9f2f681
2429,808 Saariokari Katu Apt 1,,Porvoo,Uusimaa,01180,Porvoo,31a27d5c-47d7-41ff-bcc4-f3c430e2ce03
2430,478 Inkala Katu Suite 50,,Helsinki,Uusimaa,00630,Helsinki,9bc17ce3-ae10-4296-a39d-de951818bf92
2431,992 Tvilling Katu,,Järvenpää,Uusimaa,04430,Järvenpää,30ef8f97-c04a-41f9-a110-e8afcae56560
2432,1013 Vahela Katu Apt 58,,Nurmijärvi,Uusimaa,01940,Nurmijärvi,81296238-b5da-42a5-916b-19b3f750344d
2433,681 Alanissi Katu,,Espoo,Uusimaa,02920,Espoo,a08b2991-58b0-4ee2-b2b1-9f69ef6a0e75
2434,652 Jalaskoski Katu,,Kirkkonummi,Uusimaa,02430,Kirkkonummi,2315da08-af80-418a-a6f8-467644435ce8
2435,140 Veki Katu,,Helsinki,Uusimaa,00780,Helsinki,7645f52b-6fcc-42e8-b29f-0f8df4d3fb05
2436,313 Jousinen Katu Apt 10,,Helsinki,Uusimaa,00350,Helsinki,cc6ad514-6c27-42e0-b486-4b65a45fd225
2437,862 Hede Katu,,Porvoo,Uusimaa,06100,Porvoo,c419a6f6-b9f7-4455-8818-89b2b938b7f4
2438,435 Kaisalmi Katu,,Helsinki,Uusimaa,00630,Helsinki,93ae458e-9598-43f5-999e-453c370e54a8
2439,607 Paasilinna Katu Suite 1,,Helsinki,Uusimaa,00210,Helsinki,8c2a9d6c-cfaa-42ca-9268-10a4d8a9d95b
2440,679 Ylä-Autio Katu Suite 2,,Mäntsälä,Uusimaa,04680,Mäntsälä,c9a310e1-7ece-4072-aa78-4eecb73b2ac9
2441,424 Fleming Katu Suite 64,,Helsinki,Uusimaa,00790,Helsinki,add5d476-c0d8-4b54-9b90-6189e129b0b0
2442,780 Avellan Katu Apt 3,,Helsinki,Uusimaa,00700,Helsinki,ac6cdd97-a678-4a53-af36-2050fc38bf88
2443,372 Grof Katu Suite 46,,Helsinki,Uusimaa,00660,Helsinki,aa0b388d-50f4-4480-aa02-df4763547f59
2444,384 Ahjoniemi Katu,,Vantaa,Uusimaa,01420,Vantaa,b1dda423-cbf7-4f43-8ff1-b2c7756c0637
2445,721 Davis Katu Unit 85,,Helsinki,Uusimaa,00800,Helsinki,e4142e4c-b099-4b8b-af3c-698ea6d7c7f5
2446,436 Viitapohja Katu Unit 72,,Helsinki,Uusimaa,00180,Helsinki,39dba086-54c5-4e3c-bcda-9a3f3413f5c5
2447,650 Nero Katu,,Vantaa,Uusimaa,01510,Vantaa,e425303a-6c66-4b78-9d97-488540c8d9d3
2448,809 Tavaila Katu,,Espoo,Uusimaa,02120,Espoo,f72b64ca-bb94-4759-8e52-b72bc23bce19
2449,327 Tiainen Katu,,Espoo,Uusimaa,02980,Espoo,0c7d980b-418a-4cd6-988d-3c8d42644f52
2450,568 Ponsi Katu Suite 5,,Helsinki,Uusimaa,00970,Helsinki,dbf9ec73-47e0-421c-ac32-40151216ba2a
2451,1003 Kronholm Katu Suite 70,,Espoo,Uusimaa,02290,Espoo,ea40bf75-635f-4c78-bdb4-43f886159f83
2452,145 Suittio Katu Suite 37,,Helsinki,Uusimaa,00930,Helsinki,83cf7e94-3d54-40b7-a14d-c3ba32252c17
2453,799 Tuisku Katu,,Helsinki,Uusimaa,00990,Helsinki,a5a493cb-1c39-486e-a909-4b26207c4e26
2454,649 Joutsela Katu Apt 97,,Loviisa,Uusimaa,07720,Loviisa,79bbfb86-5c79-4256-b3bd-61b637e31b66
2455,109 Gefwert Katu Unit 44,,Espoo,Uusimaa,02260,Espoo,ef352bb1-0b75-46d0-a218-6aca79155e06
2456,162 Hiirisalmi Katu,,Porvoo,Uusimaa,07410,Porvoo,bcaded09-77e6-4796-987a-a05eeebce6c9
2457,494 Uschanoff Katu,,Raasepori,Uusimaa,10480,Raasepori,c0c0b08f-03df-489c-93d6-8a45a037d449
2458,846 Kurjenluoma Katu,,Espoo,Uusimaa,02810,Espoo,ef6ce806-d6a1-4490-99a1-6dffd83864d5
2459,640 Loimusto Katu Unit 90,,Espoo,Uusimaa,02630,Espoo,39ea9d1a-88aa-4dca-82b4-d9c1230063c0
2460,1023 Huhdanperä Katu,,Espoo,Uusimaa,02750,Espoo,81caf221-db3f-4968-bfe6-cde2c859601b
2461,711 Kyrö Katu,,Hyvinkää,Uusimaa,05880,Hyvinkää,96fbc23c-81c1-4f3f-a908-4069cdac6747
2462,1011 Kaisamatti Katu Unit 53,,Vantaa,Uusimaa,01450,Vantaa,b9a4ecc7-64c6-4694-a203-12cc1ed069dc
2463,889 Sottinen Katu,,Espoo,Uusimaa,02240,Espoo,618f723d-fd40-457c-8694-6f1895dedcde
2464,814 Aulen Katu,,Vantaa,Uusimaa,01700,Vantaa,4cd32702-c4a9-462c-aaea-591da3f65b01
2465,597 Sarén Katu Unit 75,,Nurmijärvi,Uusimaa,01940,Nurmijärvi,01e7160a-6d0c-432d-b04f-c7f41a6d45d4
2466,890 Santakallio Katu,,Helsinki,Uusimaa,00140,Helsinki,acab290a-b1b4-42d5-88a4-9df6108ec1e1
2467,831 Passiniemi Katu,,Vantaa,Uusimaa,01720,Vantaa,aad98720-06ab-46d5-b1ef-f7a3ef9b3576
2468,1056 Sherifi Katu Apt 93,,Helsinki,Uusimaa,00780,Helsinki,c4b4d8bc-6118-4527-8c28-b9b8b0b5636e
2469,451 Kuivamäki Katu,,Espoo,Uusimaa,02230,Espoo,68626f5d-d308-4886-a26f-7186da76813f
2470,505 Marno Katu Unit 27,,Espoo,Uusimaa,02300,Espoo,5b07a95b-7101-4464-9ab8-c556e97283cc
2471,397 Pajuvirta Katu Apt 16,,Helsinki,Uusimaa,00170,Helsinki,897e03d2-b2df-44b6-98c4-89ef2edf11e7
2472,168 Kurunlahti Katu Suite 58,,Helsinki,Uusimaa,00200,Helsinki,3f5b2501-d70b-4e0d-a4b7-10b265a3f938
2473,681 Erholtz Katu Unit 85,,Espoo,Uusimaa,02860,Espoo,f65d5a23-b5fc-4efe-8d21-67bafb0cd03a
2474,625 Godenhjelm Katu,,Helsinki,Uusimaa,00350,Helsinki,b451976a-dadf-47df-a9b9-df125f44b0bd
2475,348 Lotsari Katu,,Helsinki,Uusimaa,00660,Helsinki,b3f0ab8a-bb80-418c-8a0e-e2e28c42aabd
2476,833 Liakka Katu Suite 77,,Vantaa,Uusimaa,01650,Vantaa,29a02c48-faa6-45ed-a793-b33f73102622
2477,711 Silvendoin Katu Apt 18,,Helsinki,Uusimaa,00360,Helsinki,577685a3-6931-4c43-9868-e2951e9f603f
2478,214 Marsch Katu,,Helsinki,Uusimaa,00420,Helsinki,8f2891bd-2025-450e-ab82-d6b6f5fa0f9d
