person_id,gender_concept_id,year_of_birth,month_of_birth,day_of_birth,birth_datetime,race_concept_id,ethnicity_concept_id,location_id,provider_id,care_site_id,person_source_value,gender_source_value,gender_source_concept_id,race_source_value,race_source_concept_id,ethnicity_source_value,ethnicity_source_concept_id
2378,8532,2016,7,29,,8527,0,2378,,,75b1b060-0470-4c56-8d57-e41ba4a92999,F,0,white,0,nonhispanic,0
2379,8507,2016,6,28,,8527,0,2379,,,e8346f19-1c83-4a62-aed3-ff013d37a82b,M,0,white,0,nonhispanic,0
2380,8507,2006,2,5,,8527,0,2380,,,a1fec531-3f1c-402e-b356-54ddf74e7261,M,0,white,0,nonhispanic,0
2381,8532,2005,6,28,,8527,0,2381,,,ce6c985c-f6f2-469c-a57d-6c779408776f,F,0,white,0,nonhispanic,0
2382,8507,1988,1,16,,8527,0,2382,,,2512ba69-6f6c-4112-aa3f-9f3ba27a6eaf,M,0,white,0,nonhispanic,0
2383,8532,1970,2,5,,8527,0,2383,,,cd1b44f1-5de0-49f7-aa68-90397aca1647,F,0,white,0,nonhispanic,0
2384,8532,1995,2,2,,8527,0,2384,,,4362104c-1adb-406b-8830-77888e5fd9bb,F,0,white,0,nonhispanic,0
2385,8532,1962,2,14,,8527,0,2385,,,93b4d0a9-ac8a-4ab3-92aa-b27d3701a26a,F,0,white,0,nonhispanic,0
2386,8507,1967,5,24,,8527,0,2386,,,f3807714-b249-4a79-ace7-432d7d662e67,M,0,white,0,nonhispanic,0
2387,8532,1957,1,31,,8527,0,2387,,,8a947b75-a276-4679-ba93-7b2a55decba5,F,0,white,0,nonhispanic,0
2388,8507,1948,4,7,,8527,0,2388,,,bbfd1514-0f68-44c9-916e-abfd152b2a3a,M,0,white,0,nonhispanic,0
2389,8532,1976,4,15,,8527,0,2389,,,a245d629-f519-4c89-bbb2-2c786c18d51e,F,0,white,0,nonhispanic,0
2390,8532,1999,4,7,,8527,0,2390,,,01f63a94-f707-46ed-a528-2470f1e5f222,F,0,white,0,nonhispanic,0
2391,8532,1994,7,14,,8527,0,2391,,,1cfcf795-14c1-4cfa-846a-8fc9a34a69f3,F,0,white,0,nonhispanic,0
2392,8507,2011,7,19,,8527,0,2392,,,92c2e50b-26cb-46fd-8856-f51ad45bb9ac,M,0,white,0,nonhispanic,0
2393,8532,2003,1,18,,8527,0,2393,,,886b5813-18cc-41a7-9e2d-04f03491a4da,F,0,white,0,nonhispanic,0
2394,8532,1946,7,16,,8527,0,2394,,,4dd4c240-5d61-4e70-a7a4-b713b476371a,F,0,white,0,nonhispanic,0
2395,8507,1989,8,26,,8527,0,2395,,,ad1090f1-2427-406b-b74c-e56dceb52c1d,M,0,white,0,nonhispanic,0
2396,8532,1976,8,18,,8527,0,2396,,,188cef62-b6f3-462b-b8ae-7c89852fadca,F,0,white,0,nonhispanic,0
2397,8507,2020,1,17,,8527,0,2397,,,74dd8cfd-8edd-4e7e-84b8-95b6cf58f9a0,M,0,white,0,nonhispanic,0
2398,8507,1965,4,19,,8527,0,2398,,,255de6de-fbeb-4a86-b25d-095a76c5edd6,M,0,white,0,nonhispanic,0
2399,8507,1948,9,6,,8527,0,2399,,,566eb8d8-36bc-46d5-a987-51486b5ca0c8,M,0,white,0,nonhispanic,0
2400,8507,1979,6,20,,8527,0,2400,,,38c97cfa-75f3-4e10-ba01-44560523577e,M,0,white,0,nonhispanic,0
2401,8532,1991,12,23,,8527,0,2401,,,c1cdf046-4e0d-4b3a-91fb-8e82617bb585,F,0,white,0,nonhispanic,0
2402,8507,1970,3,9,,8527,0,2402,,,9a7be0cc-6e61-4593-b7c2-ea27be5631ef,M,0,white,0,nonhispanic,0
2403,8507,1981,3,14,,8527,0,2403,,,f9bed800-ebf6-4127-8857-3e109dc5481b,M,0,white,0,nonhispanic,0
2404,8507,1994,4,18,,8527,0,2404,,,84e7e0e6-4f46-470e-a8c1-720f9bf3225c,M,0,white,0,nonhispanic,0
2405,8532,1958,9,6,,8527,0,2405,,,3e20f48f-829f-4ff1-b047-7ea7dbd0f283,F,0,white,0,nonhispanic,0
2406,8507,1945,7,7,,8527,0,2406,,,0c73e92c-e0e9-475a-93af-9875f3e319ab,M,0,white,0,nonhispanic,0
2407,8507,1987,4,1,,8527,0,2407,,,124125c1-e422-422e-ae33-72bc786317d2,M,0,white,0,nonhispanic,0
2408,8532,1961,7,31,,8527,0,2408,,,a125626a-1b86-47bb-b320-e3af0fa5457e,F,0,white,0,nonhispanic,0
2409,8507,2003,8,1,,8527,0,2409,,,f3abca11-feb0-49b8-91c8-d9da6274a8d7,M,0,white,0,nonhispanic,0
2410,8532,1988,9,30,,8527,0,2410,,,2dc95c71-597f-450c-a82d-6d5dd30e0f90,F,0,white,0,nonhispanic,0
2411,8532,2004,11,9,,8527,0,2411,,,846dfcdb-d7d0-4c25-b9c5-b28982fab969,F,0,white,0,nonhispanic,0
2412,8532,1946,11,11,,8527,0,2412,,,2e065a6e-bdc1-4275-838c-1d594c74fa7b,F,0,white,0,nonhispanic,0
2413,8507,2015,4,4,,8527,0,2413,,,c016c2b7-d2ea-4a2c-92a7-d9b36a9a5cec,M,0,white,0,nonhispanic,0
2414,8532,1955,1,7,,8527,0,2414,,,fb78572e-c1a1-4fad-8568-7c679aadaadf,F,0,white,0,nonhispanic,0
2415,8532,1999,3,20,,8527,0,2415,,,1cf3d8bd-b6a6-47b9-9c5a-e9217c263593,F,0,white,0,nonhispanic,0
2416,8532,1962,7,31,,8527,0,2416,,,0aa14e81-75c3-4a67-9c28-005170f4e1f0,F,0,white,0,nonhispanic,0
2417,8507,1981,3,11,,8527,0,2417,,,bce84ffa-b9f5-40de-88bf-b3cc51f21f5b,M,0,white,0,nonhispanic,0
2418,8532,1991,4,5,,8527,0,2418,,,a66f7aa6-0b12-4968-9e14-3e86207f2f49,F,0,white,0,nonhispanic,0
2419,8507,2008,7,14,,8527,0,2419,,,c4191f5b-b1c7-4952-918c-d6727f438e61,M,0,white,0,nonhispanic,0
2420,8507,1974,9,28,,8527,0,2420,,,c8f7f22a-36fc-4a6f-b08a-8d5d1f2ac7a4,M,0,white,0,nonhispanic,0
2421,8507,1969,9,5,,8527,0,2421,,,876d7deb-4f50-4a31-8198-c6c7e3664a11,M,0,white,0,nonhispanic,0
2422,8532,2015,3,2,,8527,0,2422,,,38ca64f4-8015-4adc-b0f1-2680ee1e1877,F,0,white,0,nonhispanic,0
2423,8507,1977,6,21,,8527,0,2423,,,cbcc8aa9-a5b5-40eb-aef2-02f646c2819c,M,0,white,0,nonhispanic,0
2424,8532,2009,1,26,,8527,0,2424,,,b5efc273-8138-4fb3-811a-49c107f0b8db,F,0,white,0,nonhispanic,0
2425,8532,2014,7,12,,8527,0,2425,,,4e175bd8-f403-464c-8266-d055deea3cda,F,0,white,0,nonhispanic,0
2426,8532,1965,6,4,,8527,0,2426,,,c6fa3ac8-183c-4912-8d50-8820330e5220,F,0,white,0,nonhispanic,0
2427,8507,1993,4,14,,8527,0,2427,,,69bf1467-7c8d-4ec2-91db-e2a3dc481e3d,M,0,white,0,nonhispanic,0
2428,8532,1969,9,16,,8527,0,2428,,,f0a3eb8f-65b9-4ce4-98ca-76bdb9f2f681,F,0,white,0,nonhispanic,0
2429,8507,1977,1,13,,8527,0,2429,,,31a27d5c-47d7-41ff-bcc4-f3c430e2ce03,M,0,white,0,nonhispanic,0
2430,8532,1999,4,22,,8527,0,2430,,,9bc17ce3-ae10-4296-a39d-de951818bf92,F,0,white,0,nonhispanic,0
2431,8532,1999,1,6,,8527,0,2431,,,30ef8f97-c04a-41f9-a110-e8afcae56560,F,0,white,0,nonhispanic,0
2432,8507,1978,11,16,,8527,0,2432,,,81296238-b5da-42a5-916b-19b3f750344d,M,0,white,0,nonhispanic,0
2433,8507,1972,9,20,,8527,0,2433,,,a08b2991-58b0-4ee2-b2b1-9f69ef6a0e75,M,0,white,0,nonhispanic,0
2434,8507,1952,2,14,,8527,0,2434,,,2315da08-af80-418a-a6f8-467644435ce8,M,0,white,0,nonhispanic,0
2435,8507,1956,2,21,,8527,0,2435,,,7645f52b-6fcc-42e8-b29f-0f8df4d3fb05,M,0,white,0,nonhispanic,0
2436,8507,1953,10,19,,8527,0,2436,,,cc6ad514-6c27-42e0-b486-4b65a45fd225,M,0,white,0,nonhispanic,0
2437,8532,1986,1,26,,8527,0,2437,,,c419a6f6-b9f7-4455-8818-89b2b938b7f4,F,0,white,0,nonhispanic,0
2438,8532,2013,11,21,,8527,0,2438,,,93ae458e-9598-43f5-999e-453c370e54a8,F,0,white,0,nonhispanic,0
2439,8532,1987,2,21,,8527,0,2439,,,8c2a9d6c-cfaa-42ca-9268-10a4d8a9d95b,F,0,white,0,nonhispanic,0
2440,8507,1977,8,25,,8527,0,2440,,,c9a310e1-7ece-4072-aa78-4eecb73b2ac9,M,0,white,0,nonhispanic,0
2441,8507,1977,9,25,,8527,0,2441,,,add5d476-c0d8-4b54-9b90-6189e129b0b0,M,0,white,0,nonhispanic,0
2442,8507,1966,2,1,,8527,0,2442,,,ac6cdd97-a678-4a53-af36-2050fc38bf88,M,0,white,0,nonhispanic,0
2443,8532,1980,9,18,,8527,0,2443,,,aa0b388d-50f4-4480-aa02-df4763547f59,F,0,white,0,nonhispanic,0
2444,8532,1984,4,22,,8527,0,2444,,,b1dda423-cbf7-4f43-8ff1-b2c7756c0637,F,0,white,0,nonhispanic,0
2445,8507,1993,3,15,,8527,0,2445,,,e4142e4c-b099-4b8b-af3c-698ea6d7c7f5,M,0,white,0,nonhispanic,0
2446,8532,1961,7,25,,8527,0,2446,,,39dba086-54c5-4e3c-bcda-9a3f3413f5c5,F,0,white,0,nonhispanic,0
2447,8507,1944,9,30,,8527,0,2447,,,e425303a-6c66-4b78-9d97-488540c8d9d3,M,0,white,0,nonhispanic,0
2448,8507,1959,1,25,,8527,0,2448,,,f72b64ca-bb94-4759-8e52-b72bc23bce19,M,0,white,0,nonhispanic,0
2449,8507,1987,6,14,,8527,0,2449,,,0c7d980b-418a-4cd6-988d-3c8d42644f52,M,0,white,0,nonhispanic,0
2450,8532,1955,8,23,,8527,0,2450,,,dbf9ec73-47e0-421c-ac32-40151216ba2a,F,0,white,0,nonhispanic,0
2451,8532,2009,5,10,,8527,0,2451,,,ea40bf75-635f-4c78-bdb4-43f886159f83,F,0,white,0,nonhispanic,0
2452,8507,1971,6,7,,8527,0,2452,,,83cf7e94-3d54-40b7-a14d-c3ba32252c17,M,0,white,0,nonhispanic,0
2453,8532,1938,1,25,,8527,0,2453,,,a5a493cb-1c39-486e-a909-4b26207c4e26,F,0,white,0,nonhispanic,0
2454,8532,2009,7,26,,8527,0,2454,,,79bbfb86-5c79-4256-b3bd-61b637e31b66,F,0,white,0,nonhispanic,0
2455,8532,2013,1,9,,8527,0,2455,,,ef352bb1-0b75-46d0-a218-6aca79155e06,F,0,white,0,nonhispanic,0
2456,8507,1959,2,18,,8527,0,2456,,,bcaded09-77e6-4796-987a-a05eeebce6c9,M,0,white,0,nonhispanic,0
2457,8532,1995,10,11,,8527,0,2457,,,c0c0b08f-03df-489c-93d6-8a45a037d449,F,0,white,0,nonhispanic,0
2458,8532,2007,3,20,,8527,0,2458,,,ef6ce806-d6a1-4490-99a1-6dffd83864d5,F,0,white,0,nonhispanic,0
2459,8507,2015,3,24,,8527,0,2459,,,39ea9d1a-88aa-4dca-82b4-d9c1230063c0,M,0,white,0,nonhispanic,0
2460,8507,1998,12,18,,8527,0,2460,,,81caf221-db3f-4968-bfe6-cde2c859601b,M,0,white,0,nonhispanic,0
2461,8532,1923,9,14,,8527,0,2461,,,96fbc23c-81c1-4f3f-a908-4069cdac6747,F,0,white,0,nonhispanic,0
2462,8532,2002,4,12,,8527,0,2462,,,b9a4ecc7-64c6-4694-a203-12cc1ed069dc,F,0,white,0,nonhispanic,0
2463,8532,2017,4,17,,8527,0,2463,,,618f723d-fd40-457c-8694-6f1895dedcde,F,0,white,0,nonhispanic,0
2464,8507,2010,3,15,,8527,0,2464,,,4cd32702-c4a9-462c-aaea-591da3f65b01,M,0,white,0,nonhispanic,0
2465,8507,1988,7,14,,8527,0,2465,,,01e7160a-6d0c-432d-b04f-c7f41a6d45d4,M,0,white,0,nonhispanic,0
2466,8507,1967,8,7,,8527,0,2466,,,acab290a-b1b4-42d5-88a4-9df6108ec1e1,M,0,white,0,nonhispanic,0
2467,8507,2014,12,24,,8527,0,2467,,,aad98720-06ab-46d5-b1ef-f7a3ef9b3576,M,0,white,0,nonhispanic,0
2468,8507,1971,6,7,,8527,0,2468,,,c4b4d8bc-6118-4527-8c28-b9b8b0b5636e,M,0,white,0,nonhispanic,0
2469,8507,1959,1,25,,8527,0,2469,,,68626f5d-d308-4886-a26f-7186da76813f,M,0,white,0,nonhispanic,0
2470,8507,1968,11,2,,8527,0,2470,,,5b07a95b-7101-4464-9ab8-c556e97283cc,M,0,white,0,nonhispanic,0
2471,8507,1987,9,14,,8527,0,2471,,,897e03d2-b2df-44b6-98c4-89ef2edf11e7,M,0,white,0,nonhispanic,0
2472,8507,1965,4,10,,8527,0,2472,,,3f5b2501-d70b-4e0d-a4b7-10b265a3f938,M,0,white,0,nonhispanic,0
2473,8507,1947,5,6,,8527,0,2473,,,f65d5a23-b5fc-4efe-8d21-67bafb0cd03a,M,0,white,0,nonhispanic,0
2474,8532,1965,4,30,,8527,0,2474,,,b451976a-dadf-47df-a9b9-df125f44b0bd,F,0,white,0,nonhispanic,0
2475,8532,1949,6,10,,8527,0,2475,,,b3f0ab8a-bb80-418c-8a0e-e2e28c42aabd,F,0,white,0,nonhispanic,0
2476,8532,1961,1,1,,8527,0,2476,,,29a02c48-faa6-45ed-a793-b33f73102622,F,0,white,0,nonhispanic,0
2477,8532,1968,8,18,,8527,0,2477,,,577685a3-6931-4c43-9868-e2951e9f603f,F,0,white,0,nonhispanic,0
2478,8532,1954,7,9,,8527,0,2478,,,8f2891bd-2025-450e-ab82-d6b6f5fa0f9d,F,0,white,0,nonhispanic,0
