START,STOP,PATIENT,ENCOUNTER,CODE,DESCRIPTION
1986-08-27,,9e7e710d-6585-4678-b5ac-0b7712cb024b,2a299781-ccbd-4029-818a-4d679bfc9c15,410429000,Cardiac Arrest
1986-08-27,,9e7e710d-6585-4678-b5ac-0b7712cb024b,2a299781-ccbd-4029-818a-4d679bfc9c15,429007001,History of cardiac arrest (situation)
1977-02-21,,65de19ee-4956-453f-9efd-972f13e4a49a,1c5043fd-3783-4168-b4fd-855e76a03321,410429000,Cardiac Arrest
1977-02-21,,65de19ee-4956-453f-9efd-972f13e4a49a,1c5043fd-3783-4168-b4fd-855e76a03321,429007001,History of cardiac arrest (situation)
2019-09-13,,a9bfac36-1cb5-41e9-9c2b-f16e0dbf5d98,ade17918-4baf-42f8-9db2-1ee3102a6685,53741008,Coronary Heart Disease
2006-06-18,,1a07ed68-78af-49d3-9c18-e75341b3996c,fc104566-848a-4540-929b-14eef68929d5,53741008,Coronary Heart Disease
2016-03-20,,1a07ed68-78af-49d3-9c18-e75341b3996c,37309224-4c9f-4f4d-a74b-948e1683f98f,22298006,Myocardial Infarction
2016-03-20,,1a07ed68-78af-49d3-9c18-e75341b3996c,37309224-4c9f-4f4d-a74b-948e1683f98f,399211009,History of myocardial infarction (situation)
2018-04-11,,561933f1-e044-4a2d-8e8a-a2317a4c42a0,f93f8527-a594-4e78-85fe-1bf3505d3fd0,230690007,Stroke
1966-09-15,,c2916f80-f2b4-4d41-95c2-cb9687205b83,68b40040-4aa8-4c2c-b034-0e8fe67fb4bd,410429000,Cardiac Arrest
1966-09-15,,c2916f80-f2b4-4d41-95c2-cb9687205b83,68b40040-4aa8-4c2c-b034-0e8fe67fb4bd,429007001,History of cardiac arrest (situation)
2016-12-04,,5b636815-9a92-4f9d-baf9-b54a9054bf79,0de3f0f7-3e30-400e-944e-286bc4b5c4ab,53741008,Coronary Heart Disease
1972-01-31,,f8c7d95c-66eb-420f-b094-786d68461fc6,d998fdf3-96c0-4ea7-a978-f30e270b6952,53741008,Coronary Heart Disease
2005-09-12,,d8650f5d-e6f5-494b-ae7b-04cec9bcdde9,894076be-8660-4c40-ad8f-544a1193e720,53741008,Coronary Heart Disease
