START,STOP,PATIENT,PAYER,ENCOUNTER,CODE,DESCRIPTION,BASE_COST,PAYER_COVERAGE,DISPENSES,TOTALCOST,REASONCODE,REASONDESCRIPTION
2019-09-13,,a9bfac36-1cb5-41e9-9c2b-f16e0dbf5d98,b1c428d6-4f07-31e0-90f0-68ffa6ff8c76,ade17918-4baf-42f8-9db2-1ee3102a6685,309362,Clopidogrel 75 MG Oral Tablet,85.90,0.00,6,515.40,,
2019-09-13,,a9bfac36-1cb5-41e9-9c2b-f16e0dbf5d98,b1c428d6-4f07-31e0-90f0-68ffa6ff8c76,ade17918-4baf-42f8-9db2-1ee3102a6685,312961,Simvastatin 20 MG Oral Tablet,13.36,0.00,6,80.16,,
2019-09-13,,a9bfac36-1cb5-41e9-9c2b-f16e0dbf5d98,b1c428d6-4f07-31e0-90f0-68ffa6ff8c76,ade17918-4baf-42f8-9db2-1ee3102a6685,197361,Amlodipine 5 MG Oral Tablet,11.42,0.00,6,68.52,,
2019-09-13,,a9bfac36-1cb5-41e9-9c2b-f16e0dbf5d98,b1c428d6-4f07-31e0-90f0-68ffa6ff8c76,ade17918-4baf-42f8-9db2-1ee3102a6685,705129,Nitroglycerin 0.4 MG/ACTUAT Mucosal Spray,83.35,0.00,6,500.10,,
2006-06-18,2016-03-20,1a07ed68-78af-49d3-9c18-e75341b3996c,b1c428d6-4f07-31e0-90f0-68ffa6ff8c76,fc104566-848a-4540-929b-14eef68929d5,309362,Clopidogrel 75 MG Oral Tablet,79.73,0.00,118,9408.14,,
2006-06-18,,1a07ed68-78af-49d3-9c18-e75341b3996c,b1c428d6-4f07-31e0-90f0-68ffa6ff8c76,fc104566-848a-4540-929b-14eef68929d5,312961,Simvastatin 20 MG Oral Tablet,50.14,0.00,167,8373.38,,
2006-06-18,,1a07ed68-78af-49d3-9c18-e75341b3996c,b1c428d6-4f07-31e0-90f0-68ffa6ff8c76,fc104566-848a-4540-929b-14eef68929d5,197361,Amlodipine 5 MG Oral Tablet,15.53,0.00,167,2593.51,,
2006-06-18,2016-03-20,1a07ed68-78af-49d3-9c18-e75341b3996c,b1c428d6-4f07-31e0-90f0-68ffa6ff8c76,fc104566-848a-4540-929b-14eef68929d5,705129,Nitroglycerin 0.4 MG/ACTUAT Mucosal Spray,309.09,0.00,118,36472.62,,
2016-03-20,2016-03-20,1a07ed68-78af-49d3-9c18-e75341b3996c,b1c428d6-4f07-31e0-90f0-68ffa6ff8c76,37309224-4c9f-4f4d-a74b-948e1683f98f,259255,Atorvastatin 80 MG Oral Tablet,94.47,0.00,1,94.47,,
2016-03-20,2016-03-20,1a07ed68-78af-49d3-9c18-e75341b3996c,b1c428d6-4f07-31e0-90f0-68ffa6ff8c76,37309224-4c9f-4f4d-a74b-948e1683f98f,833036,Captopril 25 MG Oral Tablet,55.41,0.00,1,55.41,,
2016-08-14,,1a07ed68-78af-49d3-9c18-e75341b3996c,b1c428d6-4f07-31e0-90f0-68ffa6ff8c76,c70e2e7d-ef45-4eb8-8b8a-48bad0e09b41,309362,Clopidogrel 75 MG Oral Tablet,43.54,0.00,43,1872.22,,
2016-08-14,,1a07ed68-78af-49d3-9c18-e75341b3996c,b1c428d6-4f07-31e0-90f0-68ffa6ff8c76,c70e2e7d-ef45-4eb8-8b8a-48bad0e09b41,705129,Nitroglycerin 0.4 MG/ACTUAT Mucosal Spray,57.31,0.00,43,2464.33,,
2018-04-11,2018-04-11,561933f1-e044-4a2d-8e8a-a2317a4c42a0,b1c428d6-4f07-31e0-90f0-68ffa6ff8c76,f93f8527-a594-4e78-85fe-1bf3505d3fd0,309362,Clopidogrel 75 MG Oral Tablet,109.09,0.00,1,109.09,,
2018-04-11,2018-04-11,561933f1-e044-4a2d-8e8a-a2317a4c42a0,b1c428d6-4f07-31e0-90f0-68ffa6ff8c76,f93f8527-a594-4e78-85fe-1bf3505d3fd0,1804799,Alteplase 100 MG Injection,6369.16,0.00,1,6369.16,,
2016-12-04,,5b636815-9a92-4f9d-baf9-b54a9054bf79,b1c428d6-4f07-31e0-90f0-68ffa6ff8c76,0de3f0f7-3e30-400e-944e-286bc4b5c4ab,309362,Clopidogrel 75 MG Oral Tablet,78.04,0.00,39,3043.56,,
2016-12-04,,5b636815-9a92-4f9d-baf9-b54a9054bf79,b1c428d6-4f07-31e0-90f0-68ffa6ff8c76,0de3f0f7-3e30-400e-944e-286bc4b5c4ab,312961,Simvastatin 20 MG Oral Tablet,34.45,0.00,39,1343.55,,
2016-12-04,,5b636815-9a92-4f9d-baf9-b54a9054bf79,b1c428d6-4f07-31e0-90f0-68ffa6ff8c76,0de3f0f7-3e30-400e-944e-286bc4b5c4ab,197361,Amlodipine 5 MG Oral Tablet,37.82,0.00,39,1474.98,,
2016-12-04,,5b636815-9a92-4f9d-baf9-b54a9054bf79,b1c428d6-4f07-31e0-90f0-68ffa6ff8c76,0de3f0f7-3e30-400e-944e-286bc4b5c4ab,705129,Nitroglycerin 0.4 MG/ACTUAT Mucosal Spray,38.13,0.00,39,1487.07,,
1972-01-31,,f8c7d95c-66eb-420f-b094-786d68461fc6,b1c428d6-4f07-31e0-90f0-68ffa6ff8c76,d998fdf3-96c0-4ea7-a978-f30e270b6952,705129,Nitroglycerin 0.4 MG/ACTUAT Mucosal Spray,117.19,0.00,585,68556.15,,
1991-12-30,,f8c7d95c-66eb-420f-b094-786d68461fc6,b1c428d6-4f07-31e0-90f0-68ffa6ff8c76,c862e131-0fd1-4f8c-bbb0-4cabd0b38dfb,312961,Simvastatin 20 MG Oral Tablet,14.30,0.00,343,4904.90,,
1994-01-10,,f8c7d95c-66eb-420f-b094-786d68461fc6,b1c428d6-4f07-31e0-90f0-68ffa6ff8c76,8ea5606d-99b8-4ad2-964b-258b6235bd97,197361,Amlodipine 5 MG Oral Tablet,45.58,0.00,318,14494.44,,
1997-01-27,,f8c7d95c-66eb-420f-b094-786d68461fc6,b1c428d6-4f07-31e0-90f0-68ffa6ff8c76,694b35a4-3460-4465-a3e7-09683b7de62d,309362,Clopidogrel 75 MG Oral Tablet,41.24,0.00,281,11588.44,,
2005-09-12,,d8650f5d-e6f5-494b-ae7b-04cec9bcdde9,b1c428d6-4f07-31e0-90f0-68ffa6ff8c76,894076be-8660-4c40-ad8f-544a1193e720,309362,Clopidogrel 75 MG Oral Tablet,63.37,0.00,176,11153.12,,
2005-09-12,,d8650f5d-e6f5-494b-ae7b-04cec9bcdde9,b1c428d6-4f07-31e0-90f0-68ffa6ff8c76,894076be-8660-4c40-ad8f-544a1193e720,312961,Simvastatin 20 MG Oral Tablet,29.30,0.00,176,5156.80,,
2005-09-12,,d8650f5d-e6f5-494b-ae7b-04cec9bcdde9,b1c428d6-4f07-31e0-90f0-68ffa6ff8c76,894076be-8660-4c40-ad8f-544a1193e720,197361,Amlodipine 5 MG Oral Tablet,45.86,0.00,176,8071.36,,
2005-09-12,,d8650f5d-e6f5-494b-ae7b-04cec9bcdde9,b1c428d6-4f07-31e0-90f0-68ffa6ff8c76,894076be-8660-4c40-ad8f-544a1193e720,705129,Nitroglycerin 0.4 MG/ACTUAT Mucosal Spray,104.34,0.00,176,18363.84,,
