Id,NAME,ADDRESS,CITY,STATE,ZIP,LAT,LON,PHONE,REVENUE,UTILIZATION
319baef9-e8e6-3320-9e0b-7991d9c167b8,Haartman hospital,Haartmaninkatu 4,Helsinki,18,00290,60.189159,24.909081,+35894711,250.0,2
738aef7e-a279-3f65-9dba-fead16b27400,Jorvi Hospital,Turuntie 150,Espoo,18,02740,60.22589,24.77581,+35894711,177000.0,1416
9a3e6919-4ed0-32fe-a1e2-7184b06c415f,Espoo Hospital,Karvasmäentie 6,Espoo,18,02740,60.22011,24.6848,+35894711,47500.0,380
a70486b2-c33a-37b3-a4cf-b3dc06cb9d84,Peijas Hospital,Sairaalakatu 1,Vantaa,18,01400,60.3299,25.0608,+358947167371,145125.0,1161
bf25636d-50a4-3cf2-b937-0e59fd37503f,Hyvinkää Hospital,Sairaalankatu 1,Hyvinkää,18,05830,60.612,24.82486,+3581945871,16250.0,130
4eddd774-a01b-3a0b-b4c6-736a5581aba4,Kellokoski Hospital,Ohkolantie 10,Kellokoski,18,04500,60.53054,25.10548,+35894711,23500.0,188
942171f0-df04-34cc-9c85-1a11b2f08717,Lohja Hospital,Sairaalatie 8,Lohja,18,08200,60.2247,24.01885,+3581938011,31125.0,249
216a84b2-6287-356d-9bcf-655abf00debb,Porvoo Hospital,Sairaalantie 1,Porvoo,18,06200,60.37911,25.69576,+3581954821,20375.0,163
319baef9-e8e6-3320-9e0b-7991d9c167b8,Haartman hospital,Haartmaninkatu 4,Helsinki,18,00290,60.189159,24.909081,+35894711,125.0,1
af916982-f5f8-341b-b159-69e72695294c,Peijas Hospital,Sairaalakatu 1,Vantaa,18,01400,60.3299,25.0608,+358947167371,125.0,1
8af774ed-7635-320a-ad8c-a63aa309a858,Lohja Hospital,Sairaalatie 8,Lohja,18,08200,60.2247,24.01885,+3581938011,125.0,1
