Id,BIRTHDATE,DEATHDATE,SSN,DRIVERS,PASSPORT,PREFIX,FIRST,LAST,SUFFIX,MAIDEN,MARITAL,RACE,ETHNICITY,GENDER,BIRTHPLACE,ADDRESS,CITY,STATE,COUNTY,ZIP,LAT,LON,HEALTHCARE_EXPENSES,HEALTHCARE_COVERAGE
4890483f-5725-474b-9e16-031764cf67a2,2018-08-14,,999-40-9224,,,,Latif,Aspinmaa,,,,white,nonhispanic,M,Helsinki  Uusimaa  FI,730 Luostarinen Katu Unit 40,Espoo,Uusimaa,Espoo,02860,60.17415148488086,24.711008414415986,1000.0,0.0
a344f629-46d3-4865-b21a-8e997c58b182,2014-03-17,,999-55-1935,,,,Miki,Jallinoja,,,,white,nonhispanic,M,Espoo  Uusimaa  FI,498 Lukki Katu Apt 24,Raasepori,Uusimaa,Raasepori,10350,60.093289379389816,23.301813573433037,1875.0,0.0
43bf69b6-922b-4553-905a-dd1a2f8e6c33,1994-03-09,,999-48-6519,S99981402,X33924863X,Ms.,Kaitlin,Kuonanoja,,,,white,nonhispanic,F,Nurmijärvi  Uusimaa  FI,919 Mannola Katu Suite 54,Raasepori,Uusimaa,Raasepori,10420,59.956551347900685,23.605170446601942,3750.0,0.0
660b89e2-2381-4e5c-8e7f-0ef8677df99e,1986-04-25,,999-96-5881,S99922729,X77970693X,Mr.,Cristian,Paasela,,,M,white,nonhispanic,M,Lohja  Uusimaa  FI,644 Ahnger Katu,Helsinki,Uusimaa,Helsinki,00360,60.214351892212,24.900187233511293,4000.0,0.0
4fa70522-adc8-4f17-bcb0-8d7f51611ab2,1977-07-14,,999-99-3656,S99941409,X69636922X,Mrs.,Marje,Lepikko,,Mukkulainen,M,white,nonhispanic,F,Vantaa  Uusimaa  FI,571 Luomanpää Katu Unit 82,Helsinki,Uusimaa,Helsinki,00690,60.261061719611085,24.848549658709747,4500.0,0.0
ee334a09-becc-4eba-8280-7d2faf3591b7,2015-06-03,,999-55-3662,,,,Alfred,Eloluoma,,,,white,nonhispanic,M,Helsinki  Uusimaa  FI,260 Böhm Katu Apt 9,Espoo,Uusimaa,Espoo,02130,60.12650661897491,24.711055917919715,1625.0,0.0
27184afa-8d04-49c2-804a-d2b0d0103dd9,1969-02-03,,999-50-1877,S99912536,X30866870X,Mr.,Jussi-Ville,Nemlander,,,M,white,nonhispanic,M,Raasepori  Uusimaa  FI,663 Schmitt Katu Suite 42,Helsinki,Uusimaa,Helsinki,00160,60.26528182881539,24.877569371785686,5125.0,0.0
2bb0b6ee-6971-4963-ac42-0f963d818caf,1977-09-22,,999-60-6739,S99931691,X35769909X,Mr.,Kastriot,Jähi,,,S,white,nonhispanic,M,Helsinki  Uusimaa  FI,483 Humaloja Katu Suite 77,Kerava,Uusimaa,Kerava,04230,60.36511085992006,25.158655183159368,4500.0,0.0
89cc2412-5221-460d-bd7f-eded4fa79aeb,1964-06-05,,999-81-2972,S99924141,X28264476X,Mrs.,Tilma,Nätynki,,Majasaari,M,white,nonhispanic,F,Helsinki  Uusimaa  FI,200 Purho Katu Suite 34,Espoo,Uusimaa,Espoo,02110,60.136316510460645,24.741302055390864,5625.0,0.0
df49397e-06d0-46e3-b828-725d76e96070,2014-06-14,,999-63-5108,,,,Artur,Leo,,,,white,nonhispanic,M,Vantaa  Uusimaa  FI,1006 Päärnilä Katu,Hyvinkää,Uusimaa,Hyvinkää,05460,60.58324355937065,24.804829418129028,1750.0,0.0
b2a02472-3ce3-4e17-927e-250e1251de66,1955-01-24,,999-13-3310,S99933041,X70709564X,Mr.,Kuno,Nyländen,,,S,white,nonhispanic,M,Helsinki  Uusimaa  FI,479 Rautio Katu,Helsinki,Uusimaa,Helsinki,00140,60.15153424928889,24.964357253442355,6750.0,0.0
c34b7f74-6a26-469f-aba3-91943f9951d8,1954-01-18,,999-97-2423,S99957913,X84087957X,Mrs.,Aimi,Humppi,,Petrell,M,white,nonhispanic,F,Helsinki  Uusimaa  FI,846 Rautila Katu Suite 63,Helsinki,Uusimaa,Helsinki,00360,60.21152397942473,24.95449785542293,6875.0,0.0
9f062448-1992-4a5a-8f1d-ce6db9011d89,2015-03-04,,999-24-9079,,,,Mohamad,Jämsen,,,,white,nonhispanic,M,Helsinki  Uusimaa  FI,262 Häti Katu,Vantaa,Uusimaa,Vantaa,01660,60.33342954284472,25.12131025251565,1750.0,0.0
f943683e-6f3c-463b-832b-3dd3c6382e0b,1984-10-10,,999-30-9899,S99912663,X25796731X,Mr.,Zachris,Alaharju,,,M,white,nonhispanic,M,Porvoo  Uusimaa  FI,709 Wirgentius Katu Unit 53,Vantaa,Uusimaa,Vantaa,01300,60.33131149908561,24.889593486776064,4125.0,0.0
7cd36edc-101c-4a1f-94db-fd447c404821,1983-01-05,,999-80-5953,S99996327,X78527148X,Mr.,Latif,Sténs,,,M,white,nonhispanic,M,Nurmijärvi  Uusimaa  FI,566 Salokorpi Katu,Helsinki,Uusimaa,Helsinki,00520,60.15514071123524,25.03318078462596,4125.0,0.0
cb1b8fc2-0c18-47bb-b520-bca013e1a8b2,1963-07-31,,999-83-7976,S99960801,X39562489X,Mrs.,Assi,Könni,,Wilskman,M,white,nonhispanic,F,Espoo  Uusimaa  FI,660 Wink Katu,Espoo,Uusimaa,Espoo,02860,60.1626553443195,24.67643234535304,5750.0,0.0
16038a8a-16ec-4e25-8fda-b177cfbc06b8,1981-03-25,,999-41-5153,S99916470,X60740619X,Mr.,Emanuele,Yli-Peltomaa,,,M,white,nonhispanic,M,Warsaw  Masovian  PL,944 Sillfors Katu Apt 25,Nurmijärvi,Uusimaa,Nurmijärvi,01800,60.40937838783989,24.71430545853861,4250.0,0.0
5a5cc561-36ed-4b16-a34b-f2743e32326c,1986-06-24,,999-62-5571,S99963728,X60120204X,Mrs.,Mya,Aninko,,Baumgartner,M,white,nonhispanic,F,Espoo  Uusimaa  FI,445 Sipponen Katu Apt 70,Vantaa,Uusimaa,Vantaa,01760,60.27829792830054,24.97261803653251,4000.0,0.0
299cd23e-474a-47e8-aedc-703f3b843771,2000-08-15,,999-83-4278,S99976427,,Mr.,Poju,Penna,,,,white,nonhispanic,M,Kirkkonummi  Uusimaa  FI,944 Kiss Katu,Helsinki,Uusimaa,Helsinki,00200,60.20818598210223,24.965318083899916,3500.0,0.0
869f3fa7-8930-4828-a2a8-7356354f90fa,1941-09-04,,999-69-5070,S99947891,X32329926X,Mr.,Aulis,Iskanius,,,S,white,nonhispanic,M,Helsinki  Uusimaa  FI,687 Salmelainen Katu Suite 63,Järvenpää,Uusimaa,Järvenpää,04410,60.504504612086805,25.13610536886499,8500.0,0.0
94782479-b473-48f0-a24c-a3eca2fd281a,2001-10-12,,999-54-5484,S99980336,,Mr.,Carl-Anders,Impponen,,,,white,nonhispanic,M,Loviisa  Uusimaa  FI,542 Katainen Katu Unit 71,Helsinki,Uusimaa,Helsinki,00740,60.26432320111747,25.007970150358798,3375.0,0.0
5c2b66e8-0f2b-4e8c-b303-9bd8106342d4,2010-03-01,,999-38-5164,,,,Dietrich,Luosto,,,,white,nonhispanic,M,Raasepori  Uusimaa  FI,570 Vehkakoski Katu Suite 82,Helsinki,Uusimaa,Helsinki,00980,60.1362169871199,24.965108574893762,2250.0,0.0
9e7e710d-6585-4678-b5ac-0b7712cb024b,1955-03-23,,999-35-3798,S99971960,X262969X,Mr.,Alexandre,Ahjokivi,,,S,white,nonhispanic,M,Hyvinkää  Uusimaa  FI,977 Mökkälä Katu Suite 72,Helsinki,Uusimaa,Helsinki,00920,60.23476576286695,25.00540885890927,7151.3,0.0
7dc76b3e-7289-49f9-a661-19524617e00a,1981-11-01,,999-67-3429,S99998084,X17078043X,Mrs.,Bridget,Kramer,,Avila,M,white,nonhispanic,F,Vantaa  Uusimaa  FI,289 Puroharju Katu,Helsinki,Uusimaa,Helsinki,00440,60.25448493288051,24.835357946543738,4250.0,0.0
4b7ef061-75f4-471e-8d04-b1601a985e0f,1986-02-22,,999-45-4124,S99977156,X86550906X,Mrs.,Dolly,Alvik,,Burakoff,M,white,nonhispanic,F,Helsinki  Uusimaa  FI,482 Vigman Katu,Espoo,Uusimaa,Espoo,02600,60.257468852083264,24.788750608719067,4000.0,0.0
93a66a5f-76ba-4a61-b2ac-31f73b4806af,1945-04-13,,999-62-4578,S99946172,X17744168X,Mrs.,Marianna,Petro,,Tukala,M,white,nonhispanic,F,Helsinki  Uusimaa  FI,336 Kankaanranta Katu,Porvoo,Uusimaa,Porvoo,07370,60.36015422301325,25.609462066486525,8000.0,0.0
6785d5ac-8ba8-497b-95da-2b5f33aad418,1964-05-20,,999-11-1253,S99963026,X30260693X,Mr.,Mikko-Oskari,Hellbom,,,M,white,nonhispanic,M,Vihti  Uusimaa  FI,819 Ärölä Katu,Helsinki,Uusimaa,Helsinki,00220,60.16085613765905,25.163389803372446,5625.0,0.0
0f843ee5-1d18-41a2-88f8-113a1427a3fc,1991-07-10,,999-31-8721,S99967453,X37579279X,Mr.,Maunu,Seimelä,,,M,white,nonhispanic,M,Helsinki  Uusimaa  FI,313 Ylevä Katu Suite 10,Espoo,Uusimaa,Espoo,02300,60.249362394032886,24.800386486880505,3875.0,0.0
97f4235b-c5af-42f5-8177-4f4e9d2fd3f9,1997-10-22,,999-71-3616,S99949611,X30703981X,Mr.,Akram,Anetjärvi,,,,white,nonhispanic,M,Kirkkonummi  Uusimaa  FI,1001 Jesiöjärvi Katu,Helsinki,Uusimaa,Helsinki,00900,60.13335296377226,24.94409341544216,3625.0,0.0
c532a7bb-6963-4953-bc9a-4e916739a537,2017-08-08,,999-88-9965,,,,Ruut,Vuorenmaa,,,,white,nonhispanic,F,Espoo  Uusimaa  FI,1010 Takari Katu Suite 5,Helsinki,Uusimaa,Helsinki,00680,60.11113867989677,24.897242715784472,1250.0,0.0
64394d56-a2b7-47df-b370-f16bcd98c2f1,2019-07-09,,999-38-2857,,,,Ernfrid,Rekinen,,,,white,nonhispanic,M,Helsinki  Uusimaa  FI,234 Vaalamo Katu Unit 26,Helsinki,Uusimaa,Helsinki,00870,60.170067504912524,24.924618651812466,500.0,0.0
f805aead-4f84-4da2-9b2c-d60fdd6f4f34,1974-03-26,,999-43-9887,S99965017,X56219912X,Mrs.,Ameliina,Tähkä,,Kiisseli,M,white,nonhispanic,F,Hyvinkää  Uusimaa  FI,323 Berndtsson Katu,Nurmijärvi,Uusimaa,Nurmijärvi,01900,60.390581917353025,24.749713335286252,4625.0,0.0
02f7889e-ac3c-4c8f-9a06-74e2ce02216b,1930-06-26,,999-39-6247,S99934223,X60107995X,Mrs.,Giia,Yli-Karro,,Viheriälehto,M,white,nonhispanic,F,Espoo  Uusimaa  FI,536 Pihlajisto Katu,Helsinki,Uusimaa,Helsinki,00350,60.25803637696931,24.91438482201921,9875.0,0.0
4d2ed725-849c-4eb7-b2cd-0060e1e74a81,2002-11-09,,999-43-4686,S99979608,,,Hemi,Punkanen,,,,white,nonhispanic,M,Helsinki  Uusimaa  FI,311 Yli-Juuti Katu,Espoo,Uusimaa,Espoo,02130,60.29758462804849,24.543380922764797,3250.0,0.0
9ac6bcd5-fd48-448f-b18e-e72dfea68d98,1945-04-15,,999-84-6089,S99955710,X79223254X,Mr.,Jussipekka,Orpo,,,M,white,nonhispanic,M,Vantaa  Uusimaa  FI,1077 Riekkola Katu,Espoo,Uusimaa,Espoo,02980,60.16465310107197,24.67562715091391,8000.0,0.0
eddcfbcb-c011-4c06-a13e-98b2f0764444,2013-07-21,,999-57-9641,,,,Arvi,Mankinen,,,,white,nonhispanic,M,Helsinki  Uusimaa  FI,385 Ruottinen Katu Apt 53,Vantaa,Uusimaa,Vantaa,01390,60.23793715494787,25.056162372476226,1875.0,0.0
bce185e0-c1d5-4107-a67c-7795be23c646,2003-07-08,,999-57-9418,S99948883,,,Reet,Häggvik,,,,white,nonhispanic,F,Porvoo  Uusimaa  FI,923 Priuska Katu Suite 85,Hyvinkää,Uusimaa,Hyvinkää,05880,60.57432434307006,24.85553072025025,3125.0,0.0
65de19ee-4956-453f-9efd-972f13e4a49a,1949-10-31,,999-33-1443,S99933313,X73416595X,Mrs.,Ann-Sofia,Rehvonen,,Hovikoski,M,white,nonhispanic,F,Tuusula  Uusimaa  FI,1011 Viukari Katu Apt 26,Helsinki,Uusimaa,Helsinki,00780,60.20013958882576,24.9604557737934,7712.53,0.0
855af25c-c0d5-4bb2-92e1-2e32083008b6,1966-02-28,,999-31-2317,S99961079,X58050887X,Mr.,Auno,Junttanen,,,M,white,nonhispanic,M,Vantaa  Uusimaa  FI,410 Fleen Katu,Vantaa,Uusimaa,Vantaa,01700,60.33502958632799,24.87408007060575,5375.0,0.0
9f7b8f19-0d5c-4751-96b5-7184a1406c30,1953-05-15,,999-13-4773,S99949372,X39544747X,Mrs.,Eva-Lotta,Riihikoski,,Montén,M,white,nonhispanic,F,Espoo  Uusimaa  FI,518 Laitinmäki Katu,Helsinki,Uusimaa,Helsinki,00780,60.162055922373405,24.92110328076419,7000.0,0.0
36d464d5-2b05-4bba-bae8-1e66d7309ebf,1997-10-20,,999-37-7057,S99926759,X42988563X,Mr.,Valio,Keva,,,,white,nonhispanic,M,Kerava  Uusimaa  FI,171 Einistö Katu,Vantaa,Uusimaa,Vantaa,01340,60.21805652919033,24.819809160292614,3625.0,0.0
2c311352-57c2-4815-bc77-aa8e383f565e,1980-10-08,,999-65-9385,S99952088,X80926918X,Mr.,Noël,Vallinoja,,,M,white,nonhispanic,M,Espoo  Uusimaa  FI,335 Sora Katu,Lohja,Uusimaa,Lohja,09810,60.18171030150128,23.852683226504865,4250.0,0.0
1ec5988e-66d2-490f-890a-1bfdfad00f0b,1971-05-20,,999-78-6332,S99953818,X8964043X,Mr.,Juha-Heikki,Solaranta,,,M,white,nonhispanic,M,Vantaa  Uusimaa  FI,562 Ahmajärvi Katu,Espoo,Uusimaa,Espoo,02940,60.1587381685489,24.65511327481228,4875.0,0.0
6464f673-ad23-42c5-b756-7d35bcd939df,1945-10-18,,999-44-5177,S99950356,X33920635X,Mrs.,Anna-Kaija,Nyfors,,Heittokangas,M,white,nonhispanic,F,Porvoo  Uusimaa  FI,878 Hobin Katu,Vantaa,Uusimaa,Vantaa,01490,60.316410167429275,24.849247829969524,8000.0,0.0
248f9052-e198-4870-a0c5-ab3e57a8419d,1959-06-30,,999-77-8540,S99934532,X23167568X,Mrs.,Elena,Parkkila,,Huikkala,M,white,nonhispanic,F,Helsinki  Uusimaa  FI,866 Aamurusko Katu Unit 19,Porvoo,Uusimaa,Porvoo,01180,60.42004254042848,25.78036069587874,6250.0,0.0
35bfe1d3-bbb3-4c1e-a0c2-bf00b2769d8b,1998-03-07,,999-43-7050,S99974832,X28504718X,Mr.,John,Oikarainen,,,,white,nonhispanic,M,Nurmijärvi  Uusimaa  FI,166 Altis Katu,Vantaa,Uusimaa,Vantaa,01280,60.33008203653287,24.839953042294578,3500.0,0.0
c5de6564-9e11-469a-a4f0-837db55cee12,1988-02-06,,999-81-5433,S99999787,X46602527X,Ms.,Liona,Sarelius,,,S,white,nonhispanic,F,Paris  Ile-de-France  FR,896 Pouhula Katu,Helsinki,Uusimaa,Helsinki,00380,60.251968929495206,25.060902320754646,4000.0,0.0
a9bfac36-1cb5-41e9-9c2b-f16e0dbf5d98,1979-09-07,,999-64-9658,S99945541,X57240876X,Mr.,Carolus,Martinsson,,,M,white,nonhispanic,M,Loviisa  Uusimaa  FI,657 Vilajoki Katu Apt 25,Espoo,Uusimaa,Espoo,02380,60.2583686788126,24.85284629711977,4375.0,0.0
fe4220bf-0502-4cf8-a93a-530574ad6c35,2017-09-18,,999-27-4447,,,,Vanja,Suomio,,,,white,nonhispanic,M,Helsinki  Uusimaa  FI,881 Hamarus Katu,Porvoo,Uusimaa,Porvoo,07280,60.350175405524645,25.643414766326128,1250.0,0.0
69d30f3c-fe87-40d7-b472-7bd95ef04ca2,1969-01-28,,999-86-8540,S99990148,X37083526X,Ms.,Cathrina,Niemetmaa,,,S,white,nonhispanic,F,Espoo  Uusimaa  FI,176 Kohomäki Katu,Helsinki,Uusimaa,Helsinki,00600,60.20034299166685,24.84233825499018,5125.0,0.0
81413657-a23e-4f9c-bb59-bbaad8bf3e96,2011-05-25,,999-75-4499,,,,Janus,Taube,,,,white,nonhispanic,M,Helsinki  Uusimaa  FI,219 Naumi Katu,Espoo,Uusimaa,Espoo,02980,60.216951270965104,24.778313809410204,2125.0,0.0
f5f2a836-79a2-44f8-93c4-1017ba342999,2004-12-25,,999-45-1435,,,,Suvi-Elina,Siusluoto,,,,white,nonhispanic,F,Espoo  Uusimaa  FI,143 Arvekari Katu,Espoo,Uusimaa,Espoo,02250,60.11993375601648,24.71968261671905,3000.0,0.0
d4be9924-f295-4e74-948c-aeb619c1c182,2003-12-11,,999-66-6188,S99949986,,,Henja,Keskitalo,,,,white,nonhispanic,F,Helsinki  Uusimaa  FI,430 Raasakka Katu,Espoo,Uusimaa,Espoo,02750,60.21521444144344,24.731425643251328,3125.0,0.0
237e3fe2-60df-442a-96a8-3df3645aeaa6,2002-11-27,,999-63-3512,S99967797,,,Malviina,Laitila,,,,white,nonhispanic,F,Järvenpää  Uusimaa  FI,299 Kautto Katu,Vantaa,Uusimaa,Vantaa,01640,60.366540385720725,25.07646093529514,3250.0,0.0
d39d8d85-7b07-4142-813b-3577d16526b7,1951-10-18,,999-35-7622,S99932803,X68512969X,Ms.,Neema,Björkgren,,,S,white,nonhispanic,F,Lohja  Uusimaa  FI,829 Risunen Katu Apt 66,Nurmijärvi,Uusimaa,Nurmijärvi,05450,60.477292295000595,24.639163416133638,7250.0,0.0
1a07ed68-78af-49d3-9c18-e75341b3996c,1975-04-06,,999-38-1907,S99933381,X80423917X,Ms.,Molla,Sinikumpu,,,S,white,nonhispanic,F,Helsinki  Uusimaa  FI,841 Haapakorva Katu Apt 67,Vantaa,Uusimaa,Vantaa,01350,60.368220324050476,25.134606396525466,6288.7,0.0
c5473da7-22bb-49e1-8e42-ca4472e844b2,1959-12-02,,999-33-5879,S99994792,X30090385X,Mrs.,Khalid,Naappi,,Alapekkala,M,white,nonhispanic,F,Espoo  Uusimaa  FI,285 Rautakoura Katu Unit 98,Helsinki,Uusimaa,Helsinki,00420,60.232255617534946,24.94570650592974,6250.0,0.0
62c03e6a-bc2e-4bf2-af27-ccc8e5c79b70,1967-09-25,,999-83-2079,S99923415,X46301562X,Mr.,Antti-Veikko,Kaipomäki,,,M,white,nonhispanic,M,Vantaa  Uusimaa  FI,412 Lehtikuusi Katu,Helsinki,Uusimaa,Helsinki,00410,60.16366593844112,24.92264743965214,5250.0,0.0
6a20ec39-8fae-433d-8093-57df2b3286df,1967-10-30,,999-91-4114,S99945311,X41289955X,Mrs.,Matilda,Rosi,,Hämälistö,M,white,nonhispanic,F,Nurmijärvi  Uusimaa  FI,195 Ylitalo Katu,Helsinki,Uusimaa,Helsinki,00840,60.123617425772196,24.959116217021183,5250.0,0.0
e3dfd7ee-acf4-4cea-868a-a230b2c192f9,2011-11-18,,999-88-2799,,,,Sergej,Mäkisalo,,,,white,nonhispanic,M,Kerava  Uusimaa  FI,997 Räätäri Katu Unit 61,Espoo,Uusimaa,Espoo,02810,60.11573226735856,24.832618245209456,2125.0,0.0
3f420187-86cb-4e10-8743-18fceb9ca151,1980-08-29,,999-28-7496,S99998157,X73824789X,Mr.,Rafi,Salah,,,S,white,nonhispanic,M,Helsinki  Uusimaa  FI,769 Enlund Katu Apt 7,Järvenpää,Uusimaa,Järvenpää,04400,60.510346202419626,25.102803193282746,4250.0,0.0
a6b7c607-02a1-491c-b4c5-018f5bcec643,1991-08-24,,999-62-4218,S99946523,X15510400X,Mr.,Jino,Rajasuo,,,M,white,nonhispanic,M,Vantaa  Uusimaa  FI,982 Keikkala Katu,Helsinki,Uusimaa,Helsinki,00900,60.175605226267685,24.81743694002293,3875.0,0.0
05802ed4-3393-4af0-a633-6919c538147c,1974-05-06,,999-58-9085,S99948386,X65878181X,Mrs.,Ulla-Kaarina,Bang,,Siidorov,M,white,nonhispanic,F,Espoo  Uusimaa  FI,710 Palola Katu Apt 31,Helsinki,Uusimaa,Helsinki,00670,60.24800403068112,25.01277538924899,4625.0,0.0
561933f1-e044-4a2d-8e8a-a2317a4c42a0,1965-07-28,,999-52-4399,S99959384,X35510084X,Mr.,Janne-Petteri,Ritanen,,,M,white,nonhispanic,M,Vantaa  Uusimaa  FI,1058 Parmonen Katu Unit 95,Vantaa,Uusimaa,Vantaa,01610,60.27576283777964,24.91084601858235,12103.25,0.0
4a7abbd7-9c8b-4ca7-b217-f2ca4647a670,1970-03-21,,999-75-2285,S99912057,X28995405X,Mr.,Juhani,Halenius,,,S,white,nonhispanic,M,Tuusula  Uusimaa  FI,157 Kirvesmies Katu Apt 13,Porvoo,Uusimaa,Porvoo,07370,60.340840278291374,25.821397417387384,4875.0,0.0
bad4a623-f8d7-45ad-b575-4b62c2abcbf1,1986-11-22,,999-64-1002,S99960284,X29292012X,Ms.,Adèle,Mäntynen,,,S,white,nonhispanic,F,Vantaa  Uusimaa  FI,1027 Malmikumpu Katu,Helsinki,Uusimaa,Helsinki,00310,60.17290595617378,24.90600535139133,4000.0,0.0
9270b2aa-ed20-425c-b222-4c870e3caa4e,1972-02-19,,999-21-8424,S99978797,X80150821X,Mrs.,Hannele,Helasmäki,,Kaipiainen,M,white,nonhispanic,F,Kerava  Uusimaa  FI,983 Pahlsten Katu Apt 40,Helsinki,Uusimaa,Helsinki,00860,60.12118440001684,24.942293411002936,4750.0,0.0
c2916f80-f2b4-4d41-95c2-cb9687205b83,1960-11-24,,999-42-2952,S99955962,X11168739X,Mr.,Simi,Pekola,,,M,white,nonhispanic,M,Helsinki  Uusimaa  FI,760 Herola Katu Unit 5,Raasepori,Uusimaa,Raasepori,10680,60.04449751337561,23.2836832494577,6313.56,0.0
cb2f3dd3-6dd8-4c6f-9ad6-f6fe6c380cf1,1950-04-28,,999-46-7763,S99972323,X74487608X,Mr.,Eilo,Yli-Hietanen,,,M,white,nonhispanic,M,Helsinki  Uusimaa  FI,166 Kess Katu,Helsinki,Uusimaa,Helsinki,00990,60.26427020989517,25.00680877901661,7375.0,0.0
7ab87d68-8682-403a-88ff-53d9148dacd7,1969-12-26,,999-69-7726,S99986888,X61081861X,Mr.,Artunpoika,Karjanmaa,,,M,white,nonhispanic,M,Espoo  Uusimaa  FI,422 Ravila Katu Unit 45,Helsinki,Uusimaa,Helsinki,00910,60.107748725891874,25.014662938907087,5000.0,0.0
f7f1d33c-a09e-4cf2-9645-336f6e9fe65f,1949-08-15,,999-45-3033,S99984140,X20775389X,Mr.,Veli-Mikko,Ellmén,,,M,white,nonhispanic,M,Helsinki  Uusimaa  FI,704 Myllymäki Katu Unit 27,Vantaa,Uusimaa,Vantaa,01400,60.35903685134175,25.00241075518412,7500.0,0.0
173e0110-6fae-412c-a9a8-a92687e9c429,1967-02-09,,999-78-2296,S99917291,X42363450X,Mrs.,Heidi-Susanna,Hirvilahti,,Ståhlstedt,M,white,nonhispanic,F,Vihti  Uusimaa  FI,897 Matthews Katu Unit 8,Helsinki,Uusimaa,Helsinki,00850,60.16741504304781,24.932312758267155,5375.0,0.0
dc304a54-fbaf-42d9-80e9-dfd17077ce77,1991-12-25,,999-91-3332,S99965727,X59601943X,Mrs.,Fiinu,Leppävirta,,Lemiläinen,M,white,nonhispanic,F,Kirkkonummi  Uusimaa  FI,819 Vogel Katu,Espoo,Uusimaa,Espoo,02730,60.218753736522075,24.56773946733642,3875.0,0.0
f29862ba-2057-43fe-a488-cc24489912bd,1984-10-02,,999-40-8802,S99916179,X86615243X,Mrs.,Sunneva,Sirola,,Niitynpää,M,white,nonhispanic,F,Helsinki  Uusimaa  FI,558 Kirk Katu Apt 53,Kerava,Uusimaa,Kerava,04200,60.3949282324072,25.126527897873828,4125.0,0.0
0649766d-5802-4c1c-804e-3ad7cbdc1beb,1970-10-20,,999-33-2217,S99999743,X18417383X,Mrs.,Enny,Mörttinen,,Ulfstedt,M,white,nonhispanic,F,Kirkkonummi  Uusimaa  FI,1023 Kannusmäki Katu,Espoo,Uusimaa,Espoo,02730,60.115499477235595,24.697511646441,4875.0,0.0
b4f06833-33bf-4dd5-ae59-5e4ff4bb423e,1985-08-27,,999-91-7696,S99940900,X16569534X,Mrs.,Gennadjevna,Valkoniemi,,Tuores,M,white,nonhispanic,F,Lohja  Uusimaa  FI,635 Uggeldahl Katu,Helsinki,Uusimaa,Helsinki,00370,60.25359221516824,24.86394374221313,4125.0,0.0
e1c9184b-bf40-4a3b-b947-be47af82535d,1952-05-19,,999-20-5068,S99974440,X24023935X,Mrs.,Tarja,Avola,,Bergvik,M,white,nonhispanic,F,Helsinki  Uusimaa  FI,432 Esko Katu Suite 28,Helsinki,Uusimaa,Helsinki,00300,60.29521576101965,24.870108539128566,7125.0,0.0
464a6dc0-159e-449a-a86c-39ec83af6adf,2018-07-25,,999-56-7964,,,,Dilek,Musturi,,,,white,nonhispanic,F,Espoo  Uusimaa  FI,285 Thun Katu,Tuusula,Uusimaa,Tuusula,04340,60.576508584827046,25.10697534844662,1000.0,0.0
5b636815-9a92-4f9d-baf9-b54a9054bf79,1950-09-03,,999-28-1248,S99980458,X71745085X,Mr.,Jarl,Kotkaniemi,,,S,white,nonhispanic,M,Järvenpää  Uusimaa  FI,889 Mattas Katu,Raasepori,Uusimaa,Raasepori,10660,60.12378755548331,23.52235705769124,7375.0,0.0
0bfc3608-db13-4d06-bf9f-04065c8a9f83,2003-12-27,,999-57-4475,S99950981,,,Marijaana,Ågrén,,,,white,nonhispanic,F,Loviisa  Uusimaa  FI,902 Cajan Katu Suite 16,Helsinki,Uusimaa,Helsinki,00820,60.23660291672225,25.0033651364803,3125.0,0.0
f8c7d95c-66eb-420f-b094-786d68461fc6,1971-10-25,,999-72-7892,S99933136,X39010004X,Mr.,Elmi,Pajuniemi,,,M,white,nonhispanic,M,Espoo  Uusimaa  FI,563 Borodulin Katu,Helsinki,Uusimaa,Helsinki,00400,60.196969688890114,25.002261337203514,7000.0,0.0
3cf80cd0-2acf-4cb7-aca3-a14c91d7693b,2018-05-11,,999-87-8961,,,,István,Aarninsalo,,,,white,nonhispanic,M,Lapinjärvi  Uusimaa  FI,1097 Torvelainen Katu,Helsinki,Uusimaa,Helsinki,00820,60.154639312654695,24.98261029559254,1000.0,0.0
7fda8c4f-1eef-4b95-9db1-26c742235481,1910-12-27,,999-97-2283,S99992262,X23955514X,Mrs.,Alaa,Carlsson,,Fälden,M,white,nonhispanic,F,Kerava  Uusimaa  FI,900 Nummi Katu Unit 58,Helsinki,Uusimaa,Helsinki,00770,60.204349682000995,24.974197382751644,12250.0,0.0
fc361b12-00cb-4f74-a407-4da773fd4c57,1983-04-22,,999-40-5889,S99971095,X81384126X,Mrs.,Lille-Mor,Mökkälä,,Koitto,M,white,nonhispanic,F,Helsinki  Uusimaa  FI,595 Glantz Katu Unit 24,Espoo,Uusimaa,Espoo,02250,60.174558882491,24.78253508722956,4125.0,0.0
918e28b2-4135-454f-b59e-9c4bdecc705a,1997-08-19,,999-81-3788,S99982172,X88790126X,Ms.,Marja-Kaarina,Vuorilahti,,,,white,nonhispanic,F,Hyvinkää  Uusimaa  FI,597 Haukkasalo Katu,Espoo,Uusimaa,Espoo,02340,60.19992874827477,24.85217439200026,3625.0,0.0
2a97ad96-2930-42ec-abf3-4b9465f18f6f,1977-12-13,,999-44-8925,S99939893,X8517861X,Mr.,Avi,Zittra,,,M,white,nonhispanic,M,Järvenpää  Uusimaa  FI,632 Puhjo Katu Unit 74,Espoo,Uusimaa,Espoo,02100,60.202989594076044,24.750899420365887,4500.0,0.0
432c77d7-64c7-492d-94d9-9efd6e9edcca,1987-11-30,,999-82-1536,S99923267,X40833792X,Mrs.,Viktorovna,Helavirta,,Veini,M,white,nonhispanic,F,Lohja  Uusimaa  FI,146 Säteri Katu,Espoo,Uusimaa,Espoo,02340,60.239176399559256,24.633041406385413,4000.0,0.0
f8c50458-355c-40a7-bbf1-9f6be3b79d57,1992-11-28,,999-88-4518,S99978867,X75538691X,Ms.,Huda,Pirttiniemi,,,S,white,nonhispanic,F,Espoo  Uusimaa  FI,314 Alaruikka Katu,Vantaa,Uusimaa,Vantaa,01740,60.28800627001515,25.064139171691686,3750.0,0.0
3e520aa4-0b05-4aac-8aa2-479bdfe8a8cf,1987-02-01,,999-70-6966,S99925329,X24648881X,Mr.,Kai-Erik,Lillandt,,,M,white,nonhispanic,M,Helsinki  Uusimaa  FI,831 Isoeskeli Katu,Espoo,Uusimaa,Espoo,02920,60.184775808480374,24.794258335666704,4000.0,0.0
31a416eb-8c4d-42dc-a56d-e6402cccdba4,2004-09-21,,999-89-7158,,,,Sacha,Leander,,,,white,nonhispanic,M,Helsinki  Uusimaa  FI,1024 Thitz Katu,Helsinki,Uusimaa,Helsinki,00910,60.2394305751424,24.925026475722397,3000.0,0.0
028a613a-5871-4410-a0ec-c09839e041a3,1970-01-26,,999-92-6651,S99982463,X38549694X,Ms.,Asteri,Westerback,,,S,white,nonhispanic,F,Helsinki  Uusimaa  FI,550 Tiainen Katu Apt 19,Järvenpää,Uusimaa,Järvenpää,04440,60.50472039711066,25.116109947065926,5000.0,0.0
96bc4a47-0884-49a7-ab52-1ff8594feaab,1967-05-11,,999-99-3751,S99911461,X81155365X,Ms.,Ira-Maria,Rouvari,,,S,white,nonhispanic,F,Helsinki  Uusimaa  FI,872 Fromholdt Katu Apt 46,Helsinki,Uusimaa,Helsinki,00590,60.254573671582065,25.1410220359153,5250.0,0.0
d8650f5d-e6f5-494b-ae7b-04cec9bcdde9,1998-09-21,,999-48-2554,S99939997,X55742390X,Ms.,Kasandra,Mustapää,,,,white,nonhispanic,F,Espoo  Uusimaa  FI,1052 Vestberg Katu,Vantaa,Uusimaa,Vantaa,01260,60.385452285402884,24.85212945353111,3750.0,0.0
3313a0a2-a98a-4eef-829b-9808c6a00fad,1973-04-08,,999-90-4924,S99965948,X35840425X,Ms.,Kirsimaria,Sjölund,,,S,white,nonhispanic,F,Hyvinkää  Uusimaa  FI,472 Nurme Katu Suite 68,Järvenpää,Uusimaa,Järvenpää,04400,60.42185410190829,25.148780561083477,4750.0,0.0
f32e0b7d-69ec-4126-b752-720badef2300,1983-12-26,,999-86-8337,S99997933,X15882708X,Mr.,Simeon,Takolander,,,M,white,nonhispanic,M,Vantaa  Uusimaa  FI,337 Konstig Katu,Hyvinkää,Uusimaa,Hyvinkää,05810,60.602981690440245,24.829890312689372,4125.0,0.0
7006c296-db7d-462f-b538-fc3735ba0ee0,2004-05-03,,999-80-6552,,,,Saleh,Töyri,,,,white,nonhispanic,M,Helsinki  Uusimaa  FI,575 Korkka Katu Apt 42,Espoo,Uusimaa,Espoo,02340,60.23636687100996,24.728097880986244,3000.0,0.0
0bd0a37d-fdb3-466c-b4f9-21dee96d4787,1987-02-21,,999-35-6183,S99997121,X89975758X,Mrs.,Sofía,Bibani,PhD,Asula,M,white,nonhispanic,F,Vantaa  Uusimaa  FI,643 Vapaavuori Katu Unit 74,Helsinki,Uusimaa,Helsinki,00780,60.162708635812976,25.014408450993926,4000.0,0.0
7c2d95af-d535-4911-8374-80a80933cfb8,1953-10-17,,999-96-3107,S99995288,X19675606X,Mr.,August,Svärd,,,S,white,nonhispanic,M,Vantaa  Uusimaa  FI,1027 Hukka Katu,Helsinki,Uusimaa,Helsinki,00960,60.16002384394581,25.156892181779405,7000.0,0.0
bd504d4c-e58f-434b-b2c6-736c15101a50,1984-08-28,,999-10-2837,S99960379,X1268468X,Mr.,Kim-Henrik,Hasselblatt,,,M,white,nonhispanic,M,Vantaa  Uusimaa  FI,432 Rautomaa Katu Unit 58,Helsinki,Uusimaa,Helsinki,00190,60.20718479499116,24.9464287476938,4125.0,0.0
3754068d-2273-41cc-8e45-2576e0a65477,1947-10-02,,999-72-6473,S99949828,X2617542X,Mrs.,Sulina,Paussoi,,Freyberg,M,white,nonhispanic,F,Helsinki  Uusimaa  FI,922 Kattilamäki Katu,Raasepori,Uusimaa,Raasepori,10350,60.07691073065241,23.513416974061315,7750.0,0.0
