PATIENT,START_YEAR,END_YEAR,PAYER,OWNERSHIP
43bf69b6-922b-4553-905a-dd1a2f8e6c33,1994,2012,e15e7b92-f376-374f-9285-2f59a38ad823,Guardian
660b89e2-2381-4e5c-8e7f-0ef8677df99e,1986,2004,e15e7b92-f376-374f-9285-2f59a38ad823,Guardian
4fa70522-adc8-4f17-bcb0-8d7f51611ab2,1977,1995,e15e7b92-f376-374f-9285-2f59a38ad823,Guardian
27184afa-8d04-49c2-804a-d2b0d0103dd9,1969,1987,e15e7b92-f376-374f-9285-2f59a38ad823,Guardian
2bb0b6ee-6971-4963-ac42-0f963d818caf,1977,1995,e15e7b92-f376-374f-9285-2f59a38ad823,Guardian
89cc2412-5221-460d-bd7f-eded4fa79aeb,1964,1982,e15e7b92-f376-374f-9285-2f59a38ad823,Guardian
b2a02472-3ce3-4e17-927e-250e1251de66,1955,1973,e15e7b92-f376-374f-9285-2f59a38ad823,Guardian
c34b7f74-6a26-469f-aba3-91943f9951d8,1954,1954,b1c428d6-4f07-31e0-90f0-68ffa6ff8c76,
c34b7f74-6a26-469f-aba3-91943f9951d8,1955,1955,e15e7b92-f376-374f-9285-2f59a38ad823,
c34b7f74-6a26-469f-aba3-91943f9951d8,1956,1972,e15e7b92-f376-374f-9285-2f59a38ad823,Guardian
f943683e-6f3c-463b-832b-3dd3c6382e0b,1984,2002,e15e7b92-f376-374f-9285-2f59a38ad823,Guardian
7cd36edc-101c-4a1f-94db-fd447c404821,1983,2001,e15e7b92-f376-374f-9285-2f59a38ad823,Guardian
cb1b8fc2-0c18-47bb-b520-bca013e1a8b2,1963,1981,e15e7b92-f376-374f-9285-2f59a38ad823,Guardian
16038a8a-16ec-4e25-8fda-b177cfbc06b8,1981,1999,e15e7b92-f376-374f-9285-2f59a38ad823,Guardian
5a5cc561-36ed-4b16-a34b-f2743e32326c,1986,2004,e15e7b92-f376-374f-9285-2f59a38ad823,Guardian
299cd23e-474a-47e8-aedc-703f3b843771,2000,2018,e15e7b92-f376-374f-9285-2f59a38ad823,Guardian
869f3fa7-8930-4828-a2a8-7356354f90fa,1941,1941,b1c428d6-4f07-31e0-90f0-68ffa6ff8c76,
869f3fa7-8930-4828-a2a8-7356354f90fa,1942,1943,e15e7b92-f376-374f-9285-2f59a38ad823,
869f3fa7-8930-4828-a2a8-7356354f90fa,1944,1959,e15e7b92-f376-374f-9285-2f59a38ad823,Guardian
94782479-b473-48f0-a24c-a3eca2fd281a,2001,2019,e15e7b92-f376-374f-9285-2f59a38ad823,Guardian
9e7e710d-6585-4678-b5ac-0b7712cb024b,1955,1973,e15e7b92-f376-374f-9285-2f59a38ad823,Guardian
7dc76b3e-7289-49f9-a661-19524617e00a,1981,1999,e15e7b92-f376-374f-9285-2f59a38ad823,Guardian
4b7ef061-75f4-471e-8d04-b1601a985e0f,1986,2004,e15e7b92-f376-374f-9285-2f59a38ad823,Guardian
93a66a5f-76ba-4a61-b2ac-31f73b4806af,1945,1963,e15e7b92-f376-374f-9285-2f59a38ad823,Guardian
6785d5ac-8ba8-497b-95da-2b5f33aad418,1964,1982,e15e7b92-f376-374f-9285-2f59a38ad823,Guardian
0f843ee5-1d18-41a2-88f8-113a1427a3fc,1991,2009,e15e7b92-f376-374f-9285-2f59a38ad823,Guardian
97f4235b-c5af-42f5-8177-4f4e9d2fd3f9,1997,2015,e15e7b92-f376-374f-9285-2f59a38ad823,Guardian
f805aead-4f84-4da2-9b2c-d60fdd6f4f34,1974,1992,e15e7b92-f376-374f-9285-2f59a38ad823,Guardian
02f7889e-ac3c-4c8f-9a06-74e2ce02216b,1930,1948,e15e7b92-f376-374f-9285-2f59a38ad823,Guardian
9ac6bcd5-fd48-448f-b18e-e72dfea68d98,1945,1963,e15e7b92-f376-374f-9285-2f59a38ad823,Guardian
65de19ee-4956-453f-9efd-972f13e4a49a,1949,1967,e15e7b92-f376-374f-9285-2f59a38ad823,Guardian
9f7b8f19-0d5c-4751-96b5-7184a1406c30,1953,1971,e15e7b92-f376-374f-9285-2f59a38ad823,Guardian
855af25c-c0d5-4bb2-92e1-2e32083008b6,1966,1984,e15e7b92-f376-374f-9285-2f59a38ad823,Guardian
36d464d5-2b05-4bba-bae8-1e66d7309ebf,1997,2015,e15e7b92-f376-374f-9285-2f59a38ad823,Guardian
2c311352-57c2-4815-bc77-aa8e383f565e,1980,1998,e15e7b92-f376-374f-9285-2f59a38ad823,Guardian
1ec5988e-66d2-490f-890a-1bfdfad00f0b,1971,1989,e15e7b92-f376-374f-9285-2f59a38ad823,Guardian
6464f673-ad23-42c5-b756-7d35bcd939df,1945,1963,e15e7b92-f376-374f-9285-2f59a38ad823,Guardian
248f9052-e198-4870-a0c5-ab3e57a8419d,1959,1977,e15e7b92-f376-374f-9285-2f59a38ad823,Guardian
35bfe1d3-bbb3-4c1e-a0c2-bf00b2769d8b,1998,2016,e15e7b92-f376-374f-9285-2f59a38ad823,Guardian
c5de6564-9e11-469a-a4f0-837db55cee12,1988,2006,e15e7b92-f376-374f-9285-2f59a38ad823,Guardian
a9bfac36-1cb5-41e9-9c2b-f16e0dbf5d98,1979,1997,e15e7b92-f376-374f-9285-2f59a38ad823,Guardian
69d30f3c-fe87-40d7-b472-7bd95ef04ca2,1969,1987,e15e7b92-f376-374f-9285-2f59a38ad823,Guardian
d39d8d85-7b07-4142-813b-3577d16526b7,1951,1969,e15e7b92-f376-374f-9285-2f59a38ad823,Guardian
1a07ed68-78af-49d3-9c18-e75341b3996c,1975,1993,e15e7b92-f376-374f-9285-2f59a38ad823,Guardian
c5473da7-22bb-49e1-8e42-ca4472e844b2,1959,1977,e15e7b92-f376-374f-9285-2f59a38ad823,Guardian
62c03e6a-bc2e-4bf2-af27-ccc8e5c79b70,1967,1985,e15e7b92-f376-374f-9285-2f59a38ad823,Guardian
6a20ec39-8fae-433d-8093-57df2b3286df,1967,1985,e15e7b92-f376-374f-9285-2f59a38ad823,Guardian
3f420187-86cb-4e10-8743-18fceb9ca151,1980,1998,e15e7b92-f376-374f-9285-2f59a38ad823,Guardian
a6b7c607-02a1-491c-b4c5-018f5bcec643,1991,2009,e15e7b92-f376-374f-9285-2f59a38ad823,Guardian
05802ed4-3393-4af0-a633-6919c538147c,1974,1992,e15e7b92-f376-374f-9285-2f59a38ad823,Guardian
561933f1-e044-4a2d-8e8a-a2317a4c42a0,1965,1983,e15e7b92-f376-374f-9285-2f59a38ad823,Guardian
4a7abbd7-9c8b-4ca7-b217-f2ca4647a670,1970,1988,e15e7b92-f376-374f-9285-2f59a38ad823,Guardian
bad4a623-f8d7-45ad-b575-4b62c2abcbf1,1986,2004,e15e7b92-f376-374f-9285-2f59a38ad823,Guardian
9270b2aa-ed20-425c-b222-4c870e3caa4e,1972,1990,e15e7b92-f376-374f-9285-2f59a38ad823,Guardian
c2916f80-f2b4-4d41-95c2-cb9687205b83,1960,1978,e15e7b92-f376-374f-9285-2f59a38ad823,Guardian
cb2f3dd3-6dd8-4c6f-9ad6-f6fe6c380cf1,1950,1968,e15e7b92-f376-374f-9285-2f59a38ad823,Guardian
7ab87d68-8682-403a-88ff-53d9148dacd7,1969,1987,e15e7b92-f376-374f-9285-2f59a38ad823,Guardian
f7f1d33c-a09e-4cf2-9645-336f6e9fe65f,1949,1967,e15e7b92-f376-374f-9285-2f59a38ad823,Guardian
173e0110-6fae-412c-a9a8-a92687e9c429,1967,1985,e15e7b92-f376-374f-9285-2f59a38ad823,Guardian
dc304a54-fbaf-42d9-80e9-dfd17077ce77,1991,2009,e15e7b92-f376-374f-9285-2f59a38ad823,Guardian
f29862ba-2057-43fe-a488-cc24489912bd,1984,2002,e15e7b92-f376-374f-9285-2f59a38ad823,Guardian
0649766d-5802-4c1c-804e-3ad7cbdc1beb,1970,1988,e15e7b92-f376-374f-9285-2f59a38ad823,Guardian
b4f06833-33bf-4dd5-ae59-5e4ff4bb423e,1985,2003,e15e7b92-f376-374f-9285-2f59a38ad823,Guardian
e1c9184b-bf40-4a3b-b947-be47af82535d,1952,1970,e15e7b92-f376-374f-9285-2f59a38ad823,Guardian
5b636815-9a92-4f9d-baf9-b54a9054bf79,1950,1968,e15e7b92-f376-374f-9285-2f59a38ad823,Guardian
f8c7d95c-66eb-420f-b094-786d68461fc6,1971,1989,e15e7b92-f376-374f-9285-2f59a38ad823,Guardian
7fda8c4f-1eef-4b95-9db1-26c742235481,1910,1928,e15e7b92-f376-374f-9285-2f59a38ad823,Guardian
fc361b12-00cb-4f74-a407-4da773fd4c57,1983,2001,e15e7b92-f376-374f-9285-2f59a38ad823,Guardian
918e28b2-4135-454f-b59e-9c4bdecc705a,1997,2015,e15e7b92-f376-374f-9285-2f59a38ad823,Guardian
2a97ad96-2930-42ec-abf3-4b9465f18f6f,1977,1995,e15e7b92-f376-374f-9285-2f59a38ad823,Guardian
432c77d7-64c7-492d-94d9-9efd6e9edcca,1987,2005,e15e7b92-f376-374f-9285-2f59a38ad823,Guardian
f8c50458-355c-40a7-bbf1-9f6be3b79d57,1992,2010,e15e7b92-f376-374f-9285-2f59a38ad823,Guardian
3e520aa4-0b05-4aac-8aa2-479bdfe8a8cf,1987,2005,e15e7b92-f376-374f-9285-2f59a38ad823,Guardian
028a613a-5871-4410-a0ec-c09839e041a3,1970,1988,e15e7b92-f376-374f-9285-2f59a38ad823,Guardian
96bc4a47-0884-49a7-ab52-1ff8594feaab,1967,1985,e15e7b92-f376-374f-9285-2f59a38ad823,Guardian
d8650f5d-e6f5-494b-ae7b-04cec9bcdde9,1998,2016,e15e7b92-f376-374f-9285-2f59a38ad823,Guardian
3313a0a2-a98a-4eef-829b-9808c6a00fad,1973,1991,e15e7b92-f376-374f-9285-2f59a38ad823,Guardian
f32e0b7d-69ec-4126-b752-720badef2300,1983,2001,e15e7b92-f376-374f-9285-2f59a38ad823,Guardian
0bd0a37d-fdb3-466c-b4f9-21dee96d4787,1987,2005,e15e7b92-f376-374f-9285-2f59a38ad823,Guardian
7c2d95af-d535-4911-8374-80a80933cfb8,1953,1971,e15e7b92-f376-374f-9285-2f59a38ad823,Guardian
bd504d4c-e58f-434b-b2c6-736c15101a50,1984,2002,e15e7b92-f376-374f-9285-2f59a38ad823,Guardian
3754068d-2273-41cc-8e45-2576e0a65477,1947,1965,e15e7b92-f376-374f-9285-2f59a38ad823,Guardian
