DATE,PATIENT,ENCOUNTER,CODE,DESCRIPTION,BASE_COST,REASONCODE,REASONDESCRIPTION
2016-03-20,1a07ed68-78af-49d3-9c18-e75341b3996c,37309224-4c9f-4f4d-a74b-948e1683f98f,40701008,Echocardiography (procedure),1547.05,22298006,Myocardial Infarction
2016-03-20,1a07ed68-78af-49d3-9c18-e75341b3996c,37309224-4c9f-4f4d-a74b-948e1683f98f,415070008,Percutaneous coronary intervention,24262.63,22298006,Myocardial Infarction
2016-03-20,1a07ed68-78af-49d3-9c18-e75341b3996c,37309224-4c9f-4f4d-a74b-948e1683f98f,232717009,Coronary artery bypass grafting,34478.98,22298006,Myocardial Infarction
2018-04-11,561933f1-e044-4a2d-8e8a-a2317a4c42a0,f93f8527-a594-4e78-85fe-1bf3505d3fd0,40701008,Echocardiography (procedure),1548.07,230690007,Stroke
2018-04-11,561933f1-e044-4a2d-8e8a-a2317a4c42a0,f93f8527-a594-4e78-85fe-1bf3505d3fd0,433112001,Percutaneous mechanical thrombectomy of portal vein using fluoroscopic guidance,19529.00,230690007,Stroke
