Id,ORGANIZATION,NAME,GENDER,SPECIALITY,ADDRESS,CITY,STATE,ZIP,LAT,LON,UTILIZATION
3cf190b0-83d9-3c94-bdd0-2875468d4006,319baef9-e8e6-3320-9e0b-7991d9c167b8,Mert Kaisto,M,GENERAL PRACTICE,Haartmaninkatu 4,Helsinki,18,00290,60.189159,24.909081,2
f5896957-09e3-340b-a0e1-c6b09c2b4a37,738aef7e-a279-3f65-9dba-fead16b27400,Cécilia Ylisipola,F,GENERAL PRACTICE,Turuntie 150,Espoo,18,02740,60.22589,24.77581,1416
23ff9af6-38ba-30e2-821b-996a1f1e5bba,9a3e6919-4ed0-32fe-a1e2-7184b06c415f,Veena Varho,F,GENERAL PRACTICE,Karvasmäentie 6,Espoo,18,02740,60.22011,24.6848,380
070c23ea-8a87-3fe5-bab7-cfce789c1584,a70486b2-c33a-37b3-a4cf-b3dc06cb9d84,Raivo Kahelin,M,GENERAL PRACTICE,Sairaalakatu 1,Vantaa,18,01400,60.3299,25.0608,1161
2fb4ace4-f465-3e11-b769-cf844a68005f,bf25636d-50a4-3cf2-b937-0e59fd37503f,Mert Kaisto,M,GENERAL PRACTICE,Sairaalankatu 1,Hyvinkää,18,05830,60.612,24.82486,130
7ab6cee2-64f6-3c31-be8d-348622181fd7,4eddd774-a01b-3a0b-b4c6-736a5581aba4,Eppu Sinnemäki,M,GENERAL PRACTICE,Ohkolantie 10,Kellokoski,18,04500,60.53054,25.10548,188
77cd163a-8f7c-363f-a485-f0280a3e8dd5,942171f0-df04-34cc-9c85-1a11b2f08717,Roki Högnäsbacka,M,GENERAL PRACTICE,Sairaalatie 8,Lohja,18,08200,60.2247,24.01885,249
d2377927-bd22-3497-a4f0-50baefec525f,216a84b2-6287-356d-9bcf-655abf00debb,Farhia Majamäki,F,GENERAL PRACTICE,Sairaalantie 1,Porvoo,18,06200,60.37911,25.69576,163
38cf668d-e99e-3b45-a6fc-823a160704c1,319baef9-e8e6-3320-9e0b-7991d9c167b8,Cécilia Ylisipola,F,GENERAL PRACTICE,Haartmaninkatu 4,Helsinki,18,00290,60.189159,24.909081,1
62fe5c7f-0209-3f3c-b995-bd8eb21021fb,af916982-f5f8-341b-b159-69e72695294c,Eppu Sinnemäki,M,GENERAL PRACTICE,Sairaalakatu 1,Vantaa,18,01400,60.3299,25.0608,1
b5225b10-1cb4-3336-b007-0017f35972ad,8af774ed-7635-320a-ad8c-a63aa309a858,Farhia Majamäki,F,GENERAL PRACTICE,Sairaalatie 8,Lohja,18,08200,60.2247,24.01885,1
