location_id,address_1,address_2,city,state,zip,county,location_source_value
4642,559 Mantere Katu,,Järvenpää,Uusimaa,04460,Järvenpää,08efe267-58f2-462f-869d-ffd333921056
4643,519 Muurikainen Katu Apt 28,,Vantaa,Uusimaa,01610,Vantaa,b84dab29-5cf8-40bc-b201-7c4becaae2fc
4644,780 Rimpiläinen Katu,,Vantaa,Uusimaa,01670,Vantaa,e8f23c90-f065-42b2-a0c9-e1c99f4183ee
4645,145 Pärnäjärvi Katu Suite 53,,Helsinki,Uusimaa,00530,Helsinki,a8d23103-703b-4810-8f8a-4540536c06e4
4646,842 Hannila Katu Unit 20,,Helsinki,Uusimaa,00310,Helsinki,6e0f5066-722a-4121-9b61-7f0e4fc53a2d
4647,898 Rahiala Katu Apt 52,,Helsinki,Uusimaa,00970,Helsinki,ddf6286d-bd7b-45d2-83ba-d2eadd1ff094
4648,904 Rosenius Katu Suite 77,,Kirkkonummi,Uusimaa,02480,Kirkkonummi,7e464f52-ba19-4b7b-9804-ae82c1a42b75
4649,470 Kotikangas Katu,,Helsinki,Uusimaa,00340,Helsinki,61647ffa-2668-4cf3-ad7b-558d17928cf0
4650,193 Sihto Katu Suite 45,,Vantaa,Uusimaa,01730,Vantaa,03d98c0e-5eb2-4256-b987-62848995bc76
4651,826 Ylén Katu Suite 26,,Helsinki,Uusimaa,00920,Helsinki,d9cbcabb-fa3d-433c-ae0d-f683df81b1b0
4652,952 Laasala Katu,,Vantaa,Uusimaa,01490,Vantaa,aea1ebca-a326-4bf0-aafe-f9b457cbbc8b
4653,522 Taskinen Katu,,Hyvinkää,Uusimaa,05880,Hyvinkää,23657142-916c-4d24-8a5b-4114ada2f53d
4654,231 Heinemaa Katu Apt 57,,Espoo,Uusimaa,02630,Espoo,a5c70a4b-6463-4f64-ac38-83ae2d7f321d
4655,555 Toljander Katu,,Järvenpää,Uusimaa,04460,Järvenpää,3650a907-e7b1-4ecf-b7e3-eae0bffdf2ed
4656,1009 Idman Katu Apt 14,,Kirkkonummi,Uusimaa,02460,Kirkkonummi,df6cd2fb-cf0b-4d36-80f0-f0a5f05b8803
4657,704 Moser Katu,,Järvenpää,Uusimaa,04460,Järvenpää,32cd08e4-e6cb-4a6d-8ec1-1fe696e5c272
4658,1053 Lohvansuu Katu Unit 8,,Porvoo,Uusimaa,07130,Porvoo,3e549b42-7385-42fe-859c-7cb6f3ad528b
4659,403 Katajala Katu,,Espoo,Uusimaa,02280,Espoo,0ecb22d9-0b83-4786-9d59-389fad9df96f
4660,759 Warren Katu Unit 73,,Helsinki,Uusimaa,00340,Helsinki,09f60217-3859-4fc8-9f55-f47936389d0a
4661,686 Lares Katu,,Helsinki,Uusimaa,00980,Helsinki,f75b6e38-50e9-48ff-ab5d-74c788580253
4662,982 Aukeala Katu,,Vantaa,Uusimaa,01720,Vantaa,65e4b675-2e52-463e-8e4d-fa971c6a7960
4663,389 Körmöläinen Katu,,Hyvinkää,Uusimaa,05880,Hyvinkää,86588496-feb1-4a77-a0a9-5d6d5b21239f
4664,943 Vana Katu Suite 49,,Helsinki,Uusimaa,00350,Helsinki,640a116e-c3c6-4c4e-89dd-e58b26234f65
4665,126 Läykki Katu,,Helsinki,Uusimaa,00520,Helsinki,ececcaa7-2a67-443f-8d4a-38a676b371c5
4666,430 Salervo Katu Unit 81,,Vantaa,Uusimaa,01350,Vantaa,45173694-87d3-4339-a503-314d1114d9de
4667,528 Long Katu,,Espoo,Uusimaa,02760,Espoo,787c25c3-7cba-4ced-8198-6fd9d3646e7b
4668,119 Altun Katu Apt 30,,Vantaa,Uusimaa,01670,Vantaa,bab0969e-1089-4710-b8b1-c0f2feeb4672
4669,866 Hanhijärvi Katu Unit 88,,Kerava,Uusimaa,04200,Kerava,9b93ec0e-7280-4a8f-ab0c-3d5eabf3db16
4670,445 Henriksén Katu Unit 97,,Vantaa,Uusimaa,01600,Vantaa,31704868-246d-45b0-b9d4-d39cfa303ac4
4671,302 Willgrén Katu Suite 42,,Espoo,Uusimaa,02940,Espoo,f07e0e15-fa3e-4565-a223-01c6e8f689f1
4672,603 Ahlman Katu,,Espoo,Uusimaa,02860,Espoo,2f6cc2ad-e3cf-49f7-b08b-00e4a1ae828f
4673,903 Puhilas Katu Unit 88,,Espoo,Uusimaa,02270,Espoo,ba8e4563-05f6-495c-a560-1a3ab14697bb
4674,617 Länsivaara Katu Unit 95,,Espoo,Uusimaa,02200,Espoo,7536763c-f630-4d07-a009-3e1b2734903c
4675,1009 Laxén Katu Suite 75,,Helsinki,Uusimaa,00600,Helsinki,aa337ea0-6a79-4927-a3a1-3b4f419c4e52
4676,462 Tulisalmi Katu,,Helsinki,Uusimaa,00510,Helsinki,07c81c69-2702-47b7-a6ef-4770a272e4d3
4677,675 Loskin Katu Unit 28,,Nurmijärvi,Uusimaa,01900,Nurmijärvi,740c93fc-7d80-457a-9e82-5fa7c9acb66c
4678,480 Lostedt Katu,,Kirkkonummi,Uusimaa,02400,Kirkkonummi,c4dc8d13-2f7e-4975-a796-5e7e935ed74a
4679,1066 Soutukorva Katu,,Espoo,Uusimaa,02240,Espoo,cc432be3-d2a2-410a-9542-bd5500911c46
4680,862 Kytöaho Katu Suite 19,,Espoo,Uusimaa,02740,Espoo,13837aeb-9666-49b3-8438-27be72c59602
4681,1022 Knip Katu Unit 7,,Loviisa,Uusimaa,07780,Loviisa,7f7ba825-a4d1-41ed-aefe-f00a790c0e0f
4682,815 Kunnamo Katu,,Helsinki,Uusimaa,00920,Helsinki,4cd0ff37-019a-478d-9261-e62a6a55019e
4683,1061 Siviranta Katu Apt 86,,Vantaa,Uusimaa,01520,Vantaa,ab9020cd-6bde-4232-8e70-31477c24a670
4684,778 Puronvarsi Katu,,Vantaa,Uusimaa,01450,Vantaa,345f8ea7-18d6-43d1-bdae-dac7fec21979
4685,884 Heinemaa Katu,,Vantaa,Uusimaa,01480,Vantaa,0c484535-1d32-4f6c-9fb9-60dbbca3dd21
4686,573 Malhonen Katu,,Helsinki,Uusimaa,00270,Helsinki,d0d237a1-996d-4cee-a361-dcf3777ec3c1
4687,306 Tuohimäki Katu Unit 39,,Raasepori,Uusimaa,10410,Raasepori,d7e70ceb-d9da-415d-b42f-566dacb4ab72
4688,1042 Pietari Katu Apt 85,,Vantaa,Uusimaa,01750,Vantaa,97bd00b5-21e5-4fe5-aa2a-5866a3878371
4689,322 Aakala Katu Apt 84,,Espoo,Uusimaa,02150,Espoo,d82a394b-bc1e-48f3-931c-f330421c503f
4690,1068 Peräinen Katu,,Helsinki,Uusimaa,00820,Helsinki,875d523f-1217-43de-8d89-470e26de2b1c
4691,271 Larva Katu Suite 41,,Helsinki,Uusimaa,00310,Helsinki,0176c620-2f24-4150-ae35-55d7b3036208
4692,666 Rentto Katu Apt 70,,Vantaa,Uusimaa,01420,Vantaa,9ee5e75d-2307-44a9-9eb0-f8edec73c1c1
4693,783 Ortiz Katu,,Vantaa,Uusimaa,01510,Vantaa,c1821e66-e68a-4ef4-833d-0d18d3b6b414
4694,263 Lammentausta Katu Apt 57,,Vantaa,Uusimaa,01390,Vantaa,50220e46-c8c7-482b-bca1-39c7c85a1932
4695,1042 Palletvuori Katu Suite 58,,Vantaa,Uusimaa,01510,Vantaa,9d240554-030a-46ab-9c6a-95b9dfe0bdc6
4696,700 Åvall Katu Apt 24,,Kirkkonummi,Uusimaa,02440,Kirkkonummi,4aaaef2d-7d41-4265-baa2-9779679e2780
4697,785 Majonen Katu Unit 5,,Helsinki,Uusimaa,00840,Helsinki,03dd123d-68f2-4523-8edf-94410996a89d
4698,468 Sinersaari Katu Apt 93,,Helsinki,Uusimaa,00220,Helsinki,629643c4-b529-4701-8730-4634c731f312
4699,663 Raitamäki Katu Suite 36,,Vantaa,Uusimaa,01610,Vantaa,89233b41-a620-429e-9720-cbe7a65f1763
4700,612 Ollinpoika Katu Suite 75,,Helsinki,Uusimaa,00900,Helsinki,21c000c2-4bbb-4e24-a117-23b9a248e50d
4701,314 Loimusalo Katu Apt 9,,Helsinki,Uusimaa,00270,Helsinki,6ec3cb94-c918-404b-b0e3-0957b32aebbb
4702,410 Pakarinen Katu,,Raasepori,Uusimaa,10300,Raasepori,1368b1f5-208d-4c3c-bfb4-0d21145350f7
4703,794 Kalilainen Katu,,Espoo,Uusimaa,02980,Espoo,44fffd07-f9e7-4e7d-b3f2-3b7bde09e553
4704,349 Gröning Katu Apt 97,,Helsinki,Uusimaa,00640,Helsinki,df4ac268-5763-4b82-9992-7b7b887fbb69
4705,738 Hanhisalo Katu Apt 83,,Espoo,Uusimaa,02710,Espoo,200bb13a-71fa-40be-8043-5b039280742b
4706,348 Dillström Katu,,Hanko,Uusimaa,10820,Hanko,7462195f-2af5-4f71-848f-9fe956c2b07f
4707,182 Pääsky Katu Apt 91,,Espoo,Uusimaa,02300,Espoo,488a4f9f-9bb8-490a-b52f-43691a3c1df7
4708,1070 Huikkonen Katu,,Kauniainen,Uusimaa,02700,Kauniainen,e3b004aa-d5ca-41b8-bf4f-d2cec61ae504
4709,346 Gåsström Katu,,Vantaa,Uusimaa,01710,Vantaa,8a3f5872-ad86-4e51-8761-91a6c7bf706d
4710,409 Hakatie Katu Unit 76,,Helsinki,Uusimaa,00360,Helsinki,647cf2f0-88de-435e-a20d-c756dadab25c
4711,250 Karmala Katu,,Sipoo,Uusimaa,01190,Sipoo,97ddc856-0e3f-4817-b33e-95d2b94c0164
4712,899 Alakahri Katu,,Espoo,Uusimaa,02860,Espoo,b0ce4837-d560-4329-8157-565cd74f301a
4713,723 Laukniemi Katu Unit 13,,Vantaa,Uusimaa,01300,Vantaa,a427e669-d1f4-48e3-b9b5-0657e930613d
4714,913 Merivalo Katu Unit 95,,Nurmijärvi,Uusimaa,01830,Nurmijärvi,0b6f2ebf-08d2-4a43-a49e-d5ad9634be77
4715,865 Kontolampi Katu,,Vantaa,Uusimaa,01700,Vantaa,ea2a916b-3caf-4cee-8ac6-e9bf872bef6c
4716,404 Talvela Katu,,Helsinki,Uusimaa,00710,Helsinki,23ac5133-1ca2-4df5-b9bc-96b2cb9ec2a7
4717,875 Huhta-aho Katu,,Helsinki,Uusimaa,00130,Helsinki,82f583be-ff1e-498b-97e1-8661b4b31c4e
4718,1001 Teirilä Katu,,Vantaa,Uusimaa,01300,Vantaa,30880b05-98ac-409a-8f6d-1610fb8cc322
4719,820 Alapirtti Katu Unit 57,,Hanko,Uusimaa,10940,Hanko,1aa3aff5-90c1-4ec1-8981-e7d94fe388da
4720,784 Kortekallio Katu,,Vantaa,Uusimaa,01760,Vantaa,abf281c2-394e-40ed-a7f7-99ba840d5b3f
4721,201 Joensivu Katu,,Porvoo,Uusimaa,07450,Porvoo,b3edb89a-04a0-47ce-834b-d879a294376f
4722,161 Riihiaho Katu,,Vantaa,Uusimaa,01740,Vantaa,d1d01410-b212-4c9c-998d-12a7960a4cbe
4723,142 Ahlmark Katu Apt 66,,Espoo,Uusimaa,02250,Espoo,291c60f5-2cb9-41be-8bf6-13659764cff4
4724,169 Renman Katu Suite 18,,Hyvinkää,Uusimaa,05510,Hyvinkää,e508dd6c-0721-4abf-9d6a-66427b38c337
4725,545 Merilä Katu,,Vantaa,Uusimaa,01630,Vantaa,bbc0e6e3-df75-4028-9518-965e593319b0
4726,818 Maurer Katu,,Lohja,Uusimaa,08700,Lohja,92ea2c38-8156-4fe1-8c58-7c2539ee5b82
4727,293 Honkasaari Katu,,Vantaa,Uusimaa,01230,Vantaa,53950bb5-d637-4c4d-8b48-a4b0a31c277d
4728,601 Jyrkänne Katu,,Helsinki,Uusimaa,00160,Helsinki,698b9498-bf29-4be3-a2bf-8d63f8b477cd
4729,691 Luhanka Katu Unit 29,,Helsinki,Uusimaa,00620,Helsinki,7a027d27-f044-47e8-855c-2b29158a21b4
4730,702 Uurasjärvi Katu,,Helsinki,Uusimaa,00420,Helsinki,959cd33d-eb2f-457e-9efb-6de14b22e3ee
4731,773 Solatie Katu Suite 75,,Espoo,Uusimaa,02810,Espoo,769a4007-2779-435a-91e3-68c8656129b6
4732,176 Hiittola Katu Unit 23,,Helsinki,Uusimaa,00780,Helsinki,a43c73e8-ec54-43c9-bdfd-67d8269d34f3
4733,133 Rytisalo Katu Apt 85,,Vantaa,Uusimaa,01490,Vantaa,6744aed0-d0dc-449d-be3e-854ba517c0f0
4734,462 Kuqi Katu Unit 98,,Helsinki,Uusimaa,00860,Helsinki,d9183156-aeb8-47e4-8d89-af0643bd0597
4735,319 Ala-Nissilä Katu,,Porvoo,Uusimaa,06400,Porvoo,f4416593-83ae-4eea-b654-90c30e6f4819
4736,425 Al-Tamimi Katu,,Kirkkonummi,Uusimaa,02540,Kirkkonummi,72199050-cfba-4269-8490-9cc47c8ce0bb
4737,919 Leppimaa Katu,,Helsinki,Uusimaa,00320,Helsinki,3ac9d0d5-ebc6-4486-83ce-81947140f059
4738,792 Hirvo Katu Unit 92,,Helsinki,Uusimaa,00570,Helsinki,965f5cec-179e-4701-81ac-80a994b58f53
4739,903 Taivalkoski Katu,,Espoo,Uusimaa,02360,Espoo,b9b9adc9-3e70-4ba0-be36-d1c9b57a496f
4740,231 Matokangas Katu,,Espoo,Uusimaa,02160,Espoo,b7977e52-bbff-4426-820a-29665514fe9d
4741,733 Häggqvist Katu,,Espoo,Uusimaa,02250,Espoo,688dda5e-5e5e-4ceb-80ef-37f100869caa
4742,251 Valtamo Katu Unit 84,,Vantaa,Uusimaa,01420,Vantaa,1d11f339-1dd5-4e9f-8d24-411692abd8db
4743,860 Lampiselkä Katu,,Kauniainen,Uusimaa,02700,Kauniainen,02467d72-55fe-45d1-80a3-a55884b3836f
