START,STOP,PATIENT,ENCOUNTER,CODE,DESCRIPTION
2012-05-28,,e134fd59-ccb3-4629-b78f-68c567cb7ee6,31077e01-2867-48ba-a8ab-7c76c8743864,410429000,Cardiac Arrest
2012-05-28,,e134fd59-ccb3-4629-b78f-68c567cb7ee6,31077e01-2867-48ba-a8ab-7c76c8743864,429007001,History of cardiac arrest (situation)
2019-12-19,,177e2cc0-5744-4a5d-a628-f2fe0c57f126,ac3b4e6a-37e6-4207-8634-374290df5891,49436004,Atrial Fibrillation
1998-05-02,,b49c1bbf-420c-4169-b3bc-a928c106850a,a412d476-929d-43c5-999c-00f141582999,53741008,Coronary Heart Disease
2009-04-11,,b49c1bbf-420c-4169-b3bc-a928c106850a,50d17c3a-aff9-460c-ba0b-4afb30222e17,22298006,Myocardial Infarction
2009-04-11,,b49c1bbf-420c-4169-b3bc-a928c106850a,50d17c3a-aff9-460c-ba0b-4afb30222e17,399211009,History of myocardial infarction (situation)
2004-11-23,,0256ba13-cb1d-4db6-bd4b-59026a78af58,bfd469ca-ee9d-4402-aa91-1e8d51176a20,230690007,Stroke
2010-08-15,,caec6a82-a9b3-4441-8218-cc33309e790d,45fcf1a1-b506-411d-917b-7fef31fe08d6,49436004,Atrial Fibrillation
1995-04-17,,a3cb56f8-9538-4c1a-a053-e83e434f5c3c,8d9af3ba-069d-49ff-b9a8-ea125d7b5c96,410429000,Cardiac Arrest
1995-04-17,,a3cb56f8-9538-4c1a-a053-e83e434f5c3c,8d9af3ba-069d-49ff-b9a8-ea125d7b5c96,429007001,History of cardiac arrest (situation)
2006-06-26,,0d6426a7-e113-40e5-b0a8-4a4523c1e1e2,06bc0766-4e03-4aee-aeca-710bb0ed7bdd,53741008,Coronary Heart Disease
1986-06-03,,efd4ac90-3645-49ea-bebb-30d0e737abb6,c5bafa7e-2b43-4c83-a3b1-e50db46b8600,410429000,Cardiac Arrest
1986-06-03,,efd4ac90-3645-49ea-bebb-30d0e737abb6,c5bafa7e-2b43-4c83-a3b1-e50db46b8600,429007001,History of cardiac arrest (situation)
1977-11-03,,6d062c19-b53c-4eef-80b4-a43254c28ce5,bd82764f-cca5-4690-98b8-821abd641063,53741008,Coronary Heart Disease
2001-03-22,,6d062c19-b53c-4eef-80b4-a43254c28ce5,f20480ee-ee1a-43d3-96b1-d9ef8d6a3e30,22298006,Myocardial Infarction
2001-03-22,,6d062c19-b53c-4eef-80b4-a43254c28ce5,f20480ee-ee1a-43d3-96b1-d9ef8d6a3e30,399211009,History of myocardial infarction (situation)
2018-08-24,,41039313-c824-4444-b525-f9ef6ea9fab4,a361e474-7e1c-4287-bf96-2f7ece3391c8,49436004,Atrial Fibrillation
2015-01-10,,47a6482e-379c-4799-8ea3-ff37c5a81ff8,46cc6b9e-f712-404d-b61e-10e61693b644,53741008,Coronary Heart Disease
2019-06-05,,582e14cd-4735-4816-b494-ea890f34915e,4aea37f5-7547-4a8b-a7e2-cb5c1ece55ba,49436004,Atrial Fibrillation
1983-08-31,,dd0316c6-18b7-4f88-b365-c6b49f5dd6e7,ec6dbb87-26e1-4662-a612-0b97514ec569,53741008,Coronary Heart Disease
2008-04-16,,dd0316c6-18b7-4f88-b365-c6b49f5dd6e7,d5928d50-f257-4604-9639-06d54b335955,22298006,Myocardial Infarction
2008-04-16,,dd0316c6-18b7-4f88-b365-c6b49f5dd6e7,d5928d50-f257-4604-9639-06d54b335955,399211009,History of myocardial infarction (situation)
2011-04-20,,dd0316c6-18b7-4f88-b365-c6b49f5dd6e7,9a482141-207f-4b26-b2c0-66f8b6fca3c5,230690007,Stroke
2017-01-21,,b43b1e2f-31a8-4a3e-9ff7-62b68ebfc427,90cdf1e9-de42-481e-8955-7b356dda9898,410429000,Cardiac Arrest
2017-01-21,,b43b1e2f-31a8-4a3e-9ff7-62b68ebfc427,90cdf1e9-de42-481e-8955-7b356dda9898,429007001,History of cardiac arrest (situation)
2009-09-22,,da0c2b51-d722-4e89-9cb0-3f13d6e78342,be4389ae-c7cd-45ae-9f45-0783c81b54da,49436004,Atrial Fibrillation
2018-08-14,,da0c2b51-d722-4e89-9cb0-3f13d6e78342,dec977b1-347f-4103-86c6-295c863dca29,230690007,Stroke
2011-11-01,,65f4e7f7-fa88-448e-a656-7047d2cf4545,074bfd31-82d8-4c5a-8580-529f74d3ec6f,49436004,Atrial Fibrillation
1996-02-01,,d39a7cd4-8e25-43c0-bd9a-87dbca62346e,0bb01c42-19d3-4dc9-88a9-36402eb68b92,53741008,Coronary Heart Disease
2012-07-05,,d39a7cd4-8e25-43c0-bd9a-87dbca62346e,a9e9f1fe-7ed9-489d-a230-c6e11e0c48b6,410429000,Cardiac Arrest
2012-07-05,,d39a7cd4-8e25-43c0-bd9a-87dbca62346e,a9e9f1fe-7ed9-489d-a230-c6e11e0c48b6,429007001,History of cardiac arrest (situation)
2011-09-27,,22516601-7bfa-419c-b978-8c4f0e431637,cf5bb184-d3a7-4c59-ad18-715a0328e573,49436004,Atrial Fibrillation
2016-05-10,,c4eb2a7b-0215-4a26-b39a-9492fe56a0d9,25f6be03-24b2-43c5-ad83-43c6eb57cebd,49436004,Atrial Fibrillation
