START,STOP,PATIENT,PAYER,ENCOUNTER,CODE,DESCRIPTION,BASE_COST,PAYER_COVERAGE,DISPENSES,TOTALCOST,REASONCODE,REASONDESCRIPTION
2012-05-28,2012-05-28,e134fd59-ccb3-4629-b78f-68c567cb7ee6,b1c428d6-4f07-31e0-90f0-68ffa6ff8c76,31077e01-2867-48ba-a8ab-7c76c8743864,1660014,1 ML Epinephrine 1 MG/ML Injection,4.21,0.00,1,4.21,,
2012-05-28,2012-05-28,e134fd59-ccb3-4629-b78f-68c567cb7ee6,b1c428d6-4f07-31e0-90f0-68ffa6ff8c76,31077e01-2867-48ba-a8ab-7c76c8743864,834357,3 ML Amiodarone hydrocholoride 50 MG/ML Prefilled Syringe,193.61,0.00,1,193.61,,
2012-05-28,2012-05-28,e134fd59-ccb3-4629-b78f-68c567cb7ee6,b1c428d6-4f07-31e0-90f0-68ffa6ff8c76,31077e01-2867-48ba-a8ab-7c76c8743864,1190795,Atropine Sulfate 1 MG/ML Injectable Solution,24.80,0.00,1,24.80,,
2019-12-19,,177e2cc0-5744-4a5d-a628-f2fe0c57f126,b1c428d6-4f07-31e0-90f0-68ffa6ff8c76,ac3b4e6a-37e6-4207-8634-374290df5891,855332,Warfarin Sodium 5 MG Oral Tablet,28.71,0.00,2,57.42,,
2019-12-19,,177e2cc0-5744-4a5d-a628-f2fe0c57f126,b1c428d6-4f07-31e0-90f0-68ffa6ff8c76,ac3b4e6a-37e6-4207-8634-374290df5891,897718,Verapamil Hydrochloride 40 MG,89.17,0.00,2,178.34,,
2019-12-19,,177e2cc0-5744-4a5d-a628-f2fe0c57f126,b1c428d6-4f07-31e0-90f0-68ffa6ff8c76,ac3b4e6a-37e6-4207-8634-374290df5891,197604,Digoxin 0.125 MG Oral Tablet,18.78,0.00,2,37.56,,
1998-05-02,2009-04-11,b49c1bbf-420c-4169-b3bc-a928c106850a,b1c428d6-4f07-31e0-90f0-68ffa6ff8c76,a412d476-929d-43c5-999c-00f141582999,309362,Clopidogrel 75 MG Oral Tablet,31.57,0.00,133,4198.81,,
1998-05-02,,b49c1bbf-420c-4169-b3bc-a928c106850a,b1c428d6-4f07-31e0-90f0-68ffa6ff8c76,a412d476-929d-43c5-999c-00f141582999,312961,Simvastatin 20 MG Oral Tablet,44.23,0.00,133,5882.59,,
1998-05-02,,b49c1bbf-420c-4169-b3bc-a928c106850a,b1c428d6-4f07-31e0-90f0-68ffa6ff8c76,a412d476-929d-43c5-999c-00f141582999,197361,Amlodipine 5 MG Oral Tablet,23.94,0.00,133,3184.02,,
1998-05-02,2009-04-11,b49c1bbf-420c-4169-b3bc-a928c106850a,b1c428d6-4f07-31e0-90f0-68ffa6ff8c76,a412d476-929d-43c5-999c-00f141582999,705129,Nitroglycerin 0.4 MG/ACTUAT Mucosal Spray,107.17,0.00,133,14253.61,,
2009-04-11,2009-04-11,b49c1bbf-420c-4169-b3bc-a928c106850a,b1c428d6-4f07-31e0-90f0-68ffa6ff8c76,50d17c3a-aff9-460c-ba0b-4afb30222e17,259255,Atorvastatin 80 MG Oral Tablet,362.14,0.00,1,362.14,,
2009-04-11,2009-04-11,b49c1bbf-420c-4169-b3bc-a928c106850a,b1c428d6-4f07-31e0-90f0-68ffa6ff8c76,50d17c3a-aff9-460c-ba0b-4afb30222e17,833036,Captopril 25 MG Oral Tablet,66.56,0.00,1,66.56,,
2010-08-15,,caec6a82-a9b3-4441-8218-cc33309e790d,b1c428d6-4f07-31e0-90f0-68ffa6ff8c76,45fcf1a1-b506-411d-917b-7fef31fe08d6,855332,Warfarin Sodium 5 MG Oral Tablet,159.73,0.00,116,18528.68,,
2010-08-15,,caec6a82-a9b3-4441-8218-cc33309e790d,b1c428d6-4f07-31e0-90f0-68ffa6ff8c76,45fcf1a1-b506-411d-917b-7fef31fe08d6,897718,Verapamil Hydrochloride 40 MG,78.25,0.00,116,9077.00,,
2010-08-15,,caec6a82-a9b3-4441-8218-cc33309e790d,b1c428d6-4f07-31e0-90f0-68ffa6ff8c76,45fcf1a1-b506-411d-917b-7fef31fe08d6,197604,Digoxin 0.125 MG Oral Tablet,116.84,0.00,116,13553.44,,
2006-06-26,,0d6426a7-e113-40e5-b0a8-4a4523c1e1e2,b1c428d6-4f07-31e0-90f0-68ffa6ff8c76,06bc0766-4e03-4aee-aeca-710bb0ed7bdd,309362,Clopidogrel 75 MG Oral Tablet,44.24,0.00,166,7343.84,,
2006-06-26,,0d6426a7-e113-40e5-b0a8-4a4523c1e1e2,b1c428d6-4f07-31e0-90f0-68ffa6ff8c76,06bc0766-4e03-4aee-aeca-710bb0ed7bdd,312961,Simvastatin 20 MG Oral Tablet,20.25,0.00,166,3361.50,,
2006-06-26,,0d6426a7-e113-40e5-b0a8-4a4523c1e1e2,b1c428d6-4f07-31e0-90f0-68ffa6ff8c76,06bc0766-4e03-4aee-aeca-710bb0ed7bdd,197361,Amlodipine 5 MG Oral Tablet,11.82,0.00,166,1962.12,,
2006-06-26,,0d6426a7-e113-40e5-b0a8-4a4523c1e1e2,b1c428d6-4f07-31e0-90f0-68ffa6ff8c76,06bc0766-4e03-4aee-aeca-710bb0ed7bdd,705129,Nitroglycerin 0.4 MG/ACTUAT Mucosal Spray,20.00,0.00,166,3320.00,,
1977-11-03,2001-03-22,6d062c19-b53c-4eef-80b4-a43254c28ce5,b1c428d6-4f07-31e0-90f0-68ffa6ff8c76,bd82764f-cca5-4690-98b8-821abd641063,705129,Nitroglycerin 0.4 MG/ACTUAT Mucosal Spray,238.65,0.00,284,67776.60,,
1991-01-17,,6d062c19-b53c-4eef-80b4-a43254c28ce5,b1c428d6-4f07-31e0-90f0-68ffa6ff8c76,f98f4dab-0c18-405a-8833-f5f3b0f8da44,312961,Simvastatin 20 MG Oral Tablet,39.59,0.00,124,4909.16,,
1994-02-03,,6d062c19-b53c-4eef-80b4-a43254c28ce5,b1c428d6-4f07-31e0-90f0-68ffa6ff8c76,10b0e76a-8b44-47a2-b3ad-4283ed349b42,197361,Amlodipine 5 MG Oral Tablet,66.83,0.00,87,5814.21,,
1997-02-20,2001-03-22,6d062c19-b53c-4eef-80b4-a43254c28ce5,b1c428d6-4f07-31e0-90f0-68ffa6ff8c76,aed86af7-5154-402d-9a44-8f820f839b46,309362,Clopidogrel 75 MG Oral Tablet,44.42,0.00,49,2176.58,,
2001-03-22,2001-03-22,6d062c19-b53c-4eef-80b4-a43254c28ce5,b1c428d6-4f07-31e0-90f0-68ffa6ff8c76,f20480ee-ee1a-43d3-96b1-d9ef8d6a3e30,259255,Atorvastatin 80 MG Oral Tablet,138.55,0.00,1,138.55,,
2001-03-22,2001-03-22,6d062c19-b53c-4eef-80b4-a43254c28ce5,b1c428d6-4f07-31e0-90f0-68ffa6ff8c76,f20480ee-ee1a-43d3-96b1-d9ef8d6a3e30,833036,Captopril 25 MG Oral Tablet,66.45,0.00,1,66.45,,
2018-08-24,,41039313-c824-4444-b525-f9ef6ea9fab4,b1c428d6-4f07-31e0-90f0-68ffa6ff8c76,a361e474-7e1c-4287-bf96-2f7ece3391c8,855332,Warfarin Sodium 5 MG Oral Tablet,91.97,0.00,18,1655.46,,
2018-08-24,,41039313-c824-4444-b525-f9ef6ea9fab4,b1c428d6-4f07-31e0-90f0-68ffa6ff8c76,a361e474-7e1c-4287-bf96-2f7ece3391c8,897718,Verapamil Hydrochloride 40 MG,238.18,0.00,18,4287.24,,
2018-08-24,,41039313-c824-4444-b525-f9ef6ea9fab4,b1c428d6-4f07-31e0-90f0-68ffa6ff8c76,a361e474-7e1c-4287-bf96-2f7ece3391c8,197604,Digoxin 0.125 MG Oral Tablet,37.85,0.00,18,681.30,,
2015-01-10,,47a6482e-379c-4799-8ea3-ff37c5a81ff8,b1c428d6-4f07-31e0-90f0-68ffa6ff8c76,46cc6b9e-f712-404d-b61e-10e61693b644,309362,Clopidogrel 75 MG Oral Tablet,25.46,0.00,63,1603.98,,
2015-01-10,,47a6482e-379c-4799-8ea3-ff37c5a81ff8,b1c428d6-4f07-31e0-90f0-68ffa6ff8c76,46cc6b9e-f712-404d-b61e-10e61693b644,312961,Simvastatin 20 MG Oral Tablet,23.26,0.00,63,1465.38,,
2015-01-10,,47a6482e-379c-4799-8ea3-ff37c5a81ff8,b1c428d6-4f07-31e0-90f0-68ffa6ff8c76,46cc6b9e-f712-404d-b61e-10e61693b644,197361,Amlodipine 5 MG Oral Tablet,82.64,0.00,63,5206.32,,
2015-01-10,,47a6482e-379c-4799-8ea3-ff37c5a81ff8,b1c428d6-4f07-31e0-90f0-68ffa6ff8c76,46cc6b9e-f712-404d-b61e-10e61693b644,705129,Nitroglycerin 0.4 MG/ACTUAT Mucosal Spray,229.51,0.00,63,14459.13,,
2019-06-05,,582e14cd-4735-4816-b494-ea890f34915e,b1c428d6-4f07-31e0-90f0-68ffa6ff8c76,4aea37f5-7547-4a8b-a7e2-cb5c1ece55ba,855332,Warfarin Sodium 5 MG Oral Tablet,165.66,0.00,9,1490.94,,
2019-06-05,,582e14cd-4735-4816-b494-ea890f34915e,b1c428d6-4f07-31e0-90f0-68ffa6ff8c76,4aea37f5-7547-4a8b-a7e2-cb5c1ece55ba,897718,Verapamil Hydrochloride 40 MG,57.12,0.00,9,514.08,,
2019-06-05,,582e14cd-4735-4816-b494-ea890f34915e,b1c428d6-4f07-31e0-90f0-68ffa6ff8c76,4aea37f5-7547-4a8b-a7e2-cb5c1ece55ba,197604,Digoxin 0.125 MG Oral Tablet,89.63,0.00,9,806.67,,
1983-08-31,2008-04-16,dd0316c6-18b7-4f88-b365-c6b49f5dd6e7,b1c428d6-4f07-31e0-90f0-68ffa6ff8c76,ec6dbb87-26e1-4662-a612-0b97514ec569,705129,Nitroglycerin 0.4 MG/ACTUAT Mucosal Spray,270.98,0.00,299,81023.02,,
1991-10-16,,dd0316c6-18b7-4f88-b365-c6b49f5dd6e7,b1c428d6-4f07-31e0-90f0-68ffa6ff8c76,d021e318-8926-4c14-8b06-bf5b1f7d5bd9,312961,Simvastatin 20 MG Oral Tablet,19.29,0.00,345,6655.05,,
1994-11-02,,dd0316c6-18b7-4f88-b365-c6b49f5dd6e7,b1c428d6-4f07-31e0-90f0-68ffa6ff8c76,7672fe2d-2129-4697-b57e-36d8ca5c917f,197361,Amlodipine 5 MG Oral Tablet,33.87,0.00,308,10431.96,,
1997-11-19,2008-04-16,dd0316c6-18b7-4f88-b365-c6b49f5dd6e7,b1c428d6-4f07-31e0-90f0-68ffa6ff8c76,42c02aa6-4b98-424b-84e3-4d574666c0c1,309362,Clopidogrel 75 MG Oral Tablet,89.16,0.00,126,11234.16,,
2009-01-21,2011-04-20,dd0316c6-18b7-4f88-b365-c6b49f5dd6e7,b1c428d6-4f07-31e0-90f0-68ffa6ff8c76,68b5bc2d-e17c-44d4-acae-91f286fcd8e5,309362,Clopidogrel 75 MG Oral Tablet,87.36,0.00,27,2358.72,,
2009-01-21,,dd0316c6-18b7-4f88-b365-c6b49f5dd6e7,b1c428d6-4f07-31e0-90f0-68ffa6ff8c76,68b5bc2d-e17c-44d4-acae-91f286fcd8e5,705129,Nitroglycerin 0.4 MG/ACTUAT Mucosal Spray,123.09,0.00,135,16617.15,,
2011-04-20,2011-04-20,dd0316c6-18b7-4f88-b365-c6b49f5dd6e7,b1c428d6-4f07-31e0-90f0-68ffa6ff8c76,9a482141-207f-4b26-b2c0-66f8b6fca3c5,1804799,Alteplase 100 MG Injection,6604.14,0.00,1,6604.14,,
2012-02-08,,dd0316c6-18b7-4f88-b365-c6b49f5dd6e7,b1c428d6-4f07-31e0-90f0-68ffa6ff8c76,7305f211-7f3f-4074-bb91-3297cbf5f41c,309362,Clopidogrel 75 MG Oral Tablet,72.15,0.00,98,7070.70,,
2017-01-21,2017-01-21,b43b1e2f-31a8-4a3e-9ff7-62b68ebfc427,b1c428d6-4f07-31e0-90f0-68ffa6ff8c76,90cdf1e9-de42-481e-8955-7b356dda9898,1660014,1 ML Epinephrine 1 MG/ML Injection,3.38,0.00,1,3.38,,
2017-01-21,2017-01-21,b43b1e2f-31a8-4a3e-9ff7-62b68ebfc427,b1c428d6-4f07-31e0-90f0-68ffa6ff8c76,90cdf1e9-de42-481e-8955-7b356dda9898,834357,3 ML Amiodarone hydrocholoride 50 MG/ML Prefilled Syringe,54.17,0.00,1,54.17,,
2017-01-21,2017-01-21,b43b1e2f-31a8-4a3e-9ff7-62b68ebfc427,b1c428d6-4f07-31e0-90f0-68ffa6ff8c76,90cdf1e9-de42-481e-8955-7b356dda9898,1190795,Atropine Sulfate 1 MG/ML Injectable Solution,28.22,0.00,1,28.22,,
2009-09-22,,da0c2b51-d722-4e89-9cb0-3f13d6e78342,b1c428d6-4f07-31e0-90f0-68ffa6ff8c76,be4389ae-c7cd-45ae-9f45-0783c81b54da,855332,Warfarin Sodium 5 MG Oral Tablet,176.27,0.00,127,22386.29,,
2009-09-22,,da0c2b51-d722-4e89-9cb0-3f13d6e78342,b1c428d6-4f07-31e0-90f0-68ffa6ff8c76,be4389ae-c7cd-45ae-9f45-0783c81b54da,897718,Verapamil Hydrochloride 40 MG,124.82,0.00,127,15852.14,,
2009-09-22,,da0c2b51-d722-4e89-9cb0-3f13d6e78342,b1c428d6-4f07-31e0-90f0-68ffa6ff8c76,be4389ae-c7cd-45ae-9f45-0783c81b54da,197604,Digoxin 0.125 MG Oral Tablet,64.81,0.00,127,8230.87,,
2018-08-14,2018-08-14,da0c2b51-d722-4e89-9cb0-3f13d6e78342,b1c428d6-4f07-31e0-90f0-68ffa6ff8c76,dec977b1-347f-4103-86c6-295c863dca29,309362,Clopidogrel 75 MG Oral Tablet,23.15,0.00,1,23.15,,
2018-08-14,2018-08-14,da0c2b51-d722-4e89-9cb0-3f13d6e78342,b1c428d6-4f07-31e0-90f0-68ffa6ff8c76,dec977b1-347f-4103-86c6-295c863dca29,1804799,Alteplase 100 MG Injection,6365.68,0.00,1,6365.68,,
2011-11-01,,65f4e7f7-fa88-448e-a656-7047d2cf4545,b1c428d6-4f07-31e0-90f0-68ffa6ff8c76,074bfd31-82d8-4c5a-8580-529f74d3ec6f,855332,Warfarin Sodium 5 MG Oral Tablet,99.69,0.00,101,10068.69,,
2011-11-01,,65f4e7f7-fa88-448e-a656-7047d2cf4545,b1c428d6-4f07-31e0-90f0-68ffa6ff8c76,074bfd31-82d8-4c5a-8580-529f74d3ec6f,897718,Verapamil Hydrochloride 40 MG,58.43,0.00,101,5901.43,,
2011-11-01,,65f4e7f7-fa88-448e-a656-7047d2cf4545,b1c428d6-4f07-31e0-90f0-68ffa6ff8c76,074bfd31-82d8-4c5a-8580-529f74d3ec6f,197604,Digoxin 0.125 MG Oral Tablet,109.11,0.00,101,11020.11,,
1996-02-01,,d39a7cd4-8e25-43c0-bd9a-87dbca62346e,b1c428d6-4f07-31e0-90f0-68ffa6ff8c76,0bb01c42-19d3-4dc9-88a9-36402eb68b92,312961,Simvastatin 20 MG Oral Tablet,19.95,0.00,200,3990.00,,
1996-02-01,,d39a7cd4-8e25-43c0-bd9a-87dbca62346e,b1c428d6-4f07-31e0-90f0-68ffa6ff8c76,0bb01c42-19d3-4dc9-88a9-36402eb68b92,197361,Amlodipine 5 MG Oral Tablet,16.52,0.00,200,3304.00,,
1996-02-01,,d39a7cd4-8e25-43c0-bd9a-87dbca62346e,b1c428d6-4f07-31e0-90f0-68ffa6ff8c76,0bb01c42-19d3-4dc9-88a9-36402eb68b92,705129,Nitroglycerin 0.4 MG/ACTUAT Mucosal Spray,78.66,0.00,200,15732.00,,
1997-02-06,,d39a7cd4-8e25-43c0-bd9a-87dbca62346e,b1c428d6-4f07-31e0-90f0-68ffa6ff8c76,2b49eed6-6bbe-4374-82df-418fe6a584b1,309362,Clopidogrel 75 MG Oral Tablet,34.25,0.00,187,6404.75,,
2012-07-05,2012-07-05,d39a7cd4-8e25-43c0-bd9a-87dbca62346e,b1c428d6-4f07-31e0-90f0-68ffa6ff8c76,a9e9f1fe-7ed9-489d-a230-c6e11e0c48b6,1660014,1 ML Epinephrine 1 MG/ML Injection,4.22,0.00,1,4.22,,
2012-07-05,2012-07-05,d39a7cd4-8e25-43c0-bd9a-87dbca62346e,b1c428d6-4f07-31e0-90f0-68ffa6ff8c76,a9e9f1fe-7ed9-489d-a230-c6e11e0c48b6,834357,3 ML Amiodarone hydrocholoride 50 MG/ML Prefilled Syringe,205.78,0.00,1,205.78,,
2012-07-05,2012-07-05,d39a7cd4-8e25-43c0-bd9a-87dbca62346e,b1c428d6-4f07-31e0-90f0-68ffa6ff8c76,a9e9f1fe-7ed9-489d-a230-c6e11e0c48b6,1190795,Atropine Sulfate 1 MG/ML Injectable Solution,24.77,0.00,1,24.77,,
2011-09-27,,22516601-7bfa-419c-b978-8c4f0e431637,b1c428d6-4f07-31e0-90f0-68ffa6ff8c76,cf5bb184-d3a7-4c59-ad18-715a0328e573,855332,Warfarin Sodium 5 MG Oral Tablet,104.44,0.00,102,10652.88,,
2011-09-27,,22516601-7bfa-419c-b978-8c4f0e431637,b1c428d6-4f07-31e0-90f0-68ffa6ff8c76,cf5bb184-d3a7-4c59-ad18-715a0328e573,897718,Verapamil Hydrochloride 40 MG,38.68,0.00,102,3945.36,,
2011-09-27,,22516601-7bfa-419c-b978-8c4f0e431637,b1c428d6-4f07-31e0-90f0-68ffa6ff8c76,cf5bb184-d3a7-4c59-ad18-715a0328e573,197604,Digoxin 0.125 MG Oral Tablet,24.69,0.00,102,2518.38,,
2016-05-10,,c4eb2a7b-0215-4a26-b39a-9492fe56a0d9,b1c428d6-4f07-31e0-90f0-68ffa6ff8c76,25f6be03-24b2-43c5-ad83-43c6eb57cebd,855332,Warfarin Sodium 5 MG Oral Tablet,62.40,0.00,46,2870.40,,
2016-05-10,,c4eb2a7b-0215-4a26-b39a-9492fe56a0d9,b1c428d6-4f07-31e0-90f0-68ffa6ff8c76,25f6be03-24b2-43c5-ad83-43c6eb57cebd,897718,Verapamil Hydrochloride 40 MG,47.75,0.00,46,2196.50,,
2016-05-10,,c4eb2a7b-0215-4a26-b39a-9492fe56a0d9,b1c428d6-4f07-31e0-90f0-68ffa6ff8c76,25f6be03-24b2-43c5-ad83-43c6eb57cebd,197604,Digoxin 0.125 MG Oral Tablet,44.36,0.00,46,2040.56,,
