Id,BIRTHDATE,DEATHDATE,SSN,DRIVERS,PASSPORT,PREFIX,FIRST,LAST,SUFFIX,MAIDEN,MARITAL,RACE,ETHNICITY,GENDER,BIRTHPLACE,ADDRESS,CITY,STATE,COUNTY,ZIP,LAT,LON,HEALTHCARE_EXPENSES,HEALTHCARE_COVERAGE
f84f51b4-8bcd-4dbf-8f54-3c900e592191,2014-06-06,,999-46-7206,,,,Sara-Tuulia,Byström,,,,white,nonhispanic,F,Helsinki  Uusimaa  FI,181 Mölsä Katu,Espoo,Uusimaa,Espoo,02750,60.28507684318256,24.71796534610217,1750.0,0.0
20e0fc70-eaef-449d-a389-b6baea716c1a,2004-08-09,,999-97-3943,,,,Augustin,Ankkuri,,,,white,nonhispanic,M,Vantaa  Uusimaa  FI,1013 Järvenkylä Katu Suite 95,Helsinki,Uusimaa,Helsinki,00580,60.191449407963226,24.946535168176027,3000.0,0.0
e17ccbe8-a167-4125-b252-540779226e91,1987-05-18,,999-19-3727,S99928263,X80697453X,Mr.,Matthew,Salmikunnas,,,S,white,nonhispanic,M,Vantaa  Uusimaa  FI,873 Polvi Katu Apt 88,Vantaa,Uusimaa,Vantaa,01700,60.369501565068205,24.794884289360954,4000.0,0.0
d30d2bb4-7fbc-421d-9aa3-af3a3e0bca7a,1990-02-17,,999-99-8228,S99913006,X11239496X,Mrs.,Alviina,Lifländer,,Kanervo,M,white,nonhispanic,F,Helsinki  Uusimaa  FI,358 Kaarlas Katu,Helsinki,Uusimaa,Helsinki,00990,60.21263640869178,24.89755858676656,3875.0,0.0
917dd99c-1343-4c09-9010-62e8cd566af0,1998-06-16,,999-17-9608,S99995315,X35433954X,Mr.,Elof,Raitoharju,,,,white,nonhispanic,M,Helsinki  Uusimaa  FI,252 Fetula Katu Suite 13,Helsinki,Uusimaa,Helsinki,00930,60.22554994413323,24.8716382361005,3500.0,0.0
20c01872-73c3-415a-989a-ff57148a1d26,1982-08-07,,999-32-7805,S99921743,X49957824X,Mrs.,Kristiin,Morgan,,Merivirta,M,white,nonhispanic,F,Helsinki  Uusimaa  FI,945 Lahikainen Katu Apt 1,Helsinki,Uusimaa,Helsinki,00690,60.277606973362026,24.85510872998019,4250.0,0.0
e134fd59-ccb3-4629-b78f-68c567cb7ee6,1982-07-19,,999-97-9182,S99958671,X48689101X,Ms.,Andréa,Hyvärinen,,,S,white,nonhispanic,F,Kirkkonummi  Uusimaa  FI,879 Seppälä Katu Unit 2,Helsinki,Uusimaa,Helsinki,00320,60.23080914447327,24.903692068121455,4597.62,0.0
0e1344c5-1648-48c0-8df9-c2f143844ce6,1973-03-22,,999-60-2516,S99954398,X18870135X,Mrs.,Janina,Siirtola,,Robertsson,M,white,nonhispanic,F,Porvoo  Uusimaa  FI,381 Huuskola Katu Suite 93,Vantaa,Uusimaa,Vantaa,01340,60.264345512260725,24.878436150157807,4750.0,0.0
dcb6c9f3-23e1-4ff8-800d-b6f4537c4352,2002-04-28,,999-83-1027,S99988534,,,Francilia,Mitts,,,,white,nonhispanic,F,Kerava  Uusimaa  FI,1019 Pohjois-Koivisto Katu Apt 95,Vantaa,Uusimaa,Vantaa,01660,60.266445683248946,25.12732822680546,3250.0,0.0
235a12c1-e835-4118-9748-5c542466da7d,1981-01-02,,999-68-4989,S99965035,X25697328X,Mrs.,Kyra,Kuusiaho,,Puukari,M,white,nonhispanic,F,Helsinki  Uusimaa  FI,938 Lokkila Katu Apt 66,Mäntsälä,Uusimaa,Mäntsälä,04940,60.67643559158,25.394191727476173,4250.0,0.0
177e2cc0-5744-4a5d-a628-f2fe0c57f126,1973-11-29,,999-21-7621,S99912404,X74522708X,Mr.,Alpo,Tuuttila,,,M,white,nonhispanic,M,Järvenpää  Uusimaa  FI,107 Ruusunen Katu,Porvoo,Uusimaa,Porvoo,07320,60.313677459508156,25.382630944599235,4750.0,0.0
16a74fbf-9615-4068-a40e-d095f707a4fd,1983-06-12,,999-32-6908,S99983569,X46895128X,Mrs.,Mohamed,Talaslahti,,Tiistola,M,white,nonhispanic,F,Espoo  Uusimaa  FI,646 Kraufvelin Katu,Helsinki,Uusimaa,Helsinki,00290,60.25369304786068,25.152203673980708,4125.0,0.0
40024868-a478-484a-b8f2-4c7ef4d1e189,1946-08-25,,999-50-3191,S99968798,X74188301X,Ms.,Elizabeth,Peppanen,,,S,white,nonhispanic,F,Sipoo  Uusimaa  FI,146 Riihijärvi Katu Apt 70,Espoo,Uusimaa,Espoo,02780,60.30410345472056,24.737440678698018,7875.0,0.0
b49c1bbf-420c-4169-b3bc-a928c106850a,1990-05-05,2009-04-11,999-44-4817,S99913989,,Mr.,Lars-Peter,Yritys,,,,white,nonhispanic,M,Vantaa  Uusimaa  FI,507 Kuurlunti Katu Apt 0,Helsinki,Uusimaa,Helsinki,00670,60.20492156087659,25.006478837130544,4067.44,0.0
aaf7f0a7-1b90-42f5-8ba8-ff09a281db3f,1958-07-05,,999-58-8468,S99958069,X78795024X,Mrs.,Inga-Lisa,Lamponen,,Ylander,M,white,nonhispanic,F,Helsinki  Uusimaa  FI,295 Tervaskanto Katu Apt 8,Helsinki,Uusimaa,Helsinki,00340,60.2245427273137,25.22033277068805,6375.0,0.0
2ab0a593-ea7c-4c5b-9e1e-a978c06bee80,1973-04-18,,999-97-8603,S99981684,X25890253X,Mr.,Gábor,Rönnqvist,,,M,white,nonhispanic,M,Helsinki  Uusimaa  FI,558 Järvirova Katu,Helsinki,Uusimaa,Helsinki,00510,60.24843110693726,24.86761675105673,4750.0,0.0
2aa947bd-7cf7-4df3-86de-273d70531f56,1982-07-29,,999-15-3448,S99997183,X6505226X,Mr.,Phuoc,Lehtilahti,,,M,white,nonhispanic,M,Vantaa  Uusimaa  FI,293 Bachmann Katu,Nurmijärvi,Uusimaa,Nurmijärvi,05100,60.46916837610322,24.883263410684073,4250.0,0.0
a74fb584-a922-4ddf-9832-7033fcf821cd,1990-05-05,,999-42-2426,S99931737,X51030795X,Mr.,Azad,Sairo,,,S,white,nonhispanic,M,Helsinki  Uusimaa  FI,882 Kivioja Katu,Helsinki,Uusimaa,Helsinki,00760,60.1463377982228,24.972997926273223,3875.0,0.0
0256ba13-cb1d-4db6-bd4b-59026a78af58,1978-08-15,,999-81-7494,S99957185,X15429214X,Mr.,Miliam,Damstén,,,M,white,nonhispanic,M,Kerava  Uusimaa  FI,675 Kuusenoja Katu,Helsinki,Uusimaa,Helsinki,00280,60.19826823082792,24.936166714951643,10833.470000000001,0.0
490b482d-b06e-4537-88bd-08f8fe00b2e2,1991-07-06,,999-40-5084,S99970736,X75673679X,Mrs.,Tiia-Sofia,Buchert,,Metsä-Tokila,M,white,nonhispanic,F,Helsinki  Uusimaa  FI,1091 Kristeri Katu,Helsinki,Uusimaa,Helsinki,00170,60.18868994642367,24.92044627631598,3875.0,0.0
8e5a0b43-dd06-4ad0-aa93-c9ff91925b26,1979-05-24,,999-66-6201,S99960814,X82159257X,Ms.,Willow,Samppa,,,S,white,nonhispanic,F,Helsinki  Uusimaa  FI,606 Saksholm Katu Unit 10,Helsinki,Uusimaa,Helsinki,00600,60.267184484908384,24.93216120390007,4375.0,0.0
27416ed8-83e7-44c2-b241-3d1f3ad2a3fe,2010-10-28,,999-22-4312,,,,Mirca,Pyörälä,,,,white,nonhispanic,F,Helsinki  Uusimaa  FI,774 Uusikoski Katu Suite 22,Hyvinkää,Uusimaa,Hyvinkää,05880,60.58356642046638,24.820832691039627,2250.0,0.0
e9ccad9b-c948-4d51-b7c3-5790514cd21e,1964-12-07,,999-42-5417,S99920012,X83314090X,Mrs.,Hailey,Rehvonen,,Finning,M,white,nonhispanic,F,Helsinki  Uusimaa  FI,745 Keto-Tokoi Katu,Espoo,Uusimaa,Espoo,02240,60.20636090627778,24.703289457271858,5625.0,0.0
bdd01371-b352-45fa-9d73-b2fa94e90d5e,1988-07-23,,999-28-1306,S99948800,X72301043X,Ms.,Ann-Maria,Salinmäki,,,S,white,nonhispanic,F,Lohja  Uusimaa  FI,583 Eloranta Katu,Helsinki,Uusimaa,Helsinki,00850,60.27157753390265,24.959803026076063,4000.0,0.0
7bf6019e-8d40-412c-b689-28b24366f196,1951-10-24,,999-43-2111,S99966959,X43333286X,Mr.,Helmer,Soilas,,,S,white,nonhispanic,M,Espoo  Uusimaa  FI,129 Saha Katu Suite 98,Helsinki,Uusimaa,Helsinki,00950,60.22852069510169,25.117048003306394,7250.0,0.0
445d3ce8-dc0a-4b52-9795-84cf680a06fb,1983-05-09,,999-24-1534,S99910439,X29358123X,Mrs.,Laura-Liisa,Jämsén,,Julmala,M,white,nonhispanic,F,Moscow  Moscow  RU,1009 Solkio Katu,Helsinki,Uusimaa,Helsinki,00210,60.13905570697768,25.085677547166803,4125.0,0.0
1e4bd39c-4662-4e90-8c0b-3502fa2c824f,1983-08-28,,999-82-2776,S99920054,X53735064X,Mrs.,Madina,Hannukkala,,Kalevi,M,white,nonhispanic,F,Funchal  Madeira  PT,933 Yasin Katu Apt 53,Helsinki,Uusimaa,Helsinki,00520,60.25884344443416,24.88867284728386,4125.0,0.0
e0deb70d-faa8-4852-9f8b-a6ac6a347ca6,1984-09-30,,999-27-2409,S99989477,X75540910X,Mrs.,Senia,Valkealahti,,Pöysti,M,white,nonhispanic,F,Helsinki  Uusimaa  FI,581 Kurttio Katu Apt 96,Vantaa,Uusimaa,Vantaa,01530,60.31628105897834,25.080426618657587,4125.0,0.0
caec6a82-a9b3-4441-8218-cc33309e790d,1913-11-23,,999-80-5743,S99956921,X42117874X,Mr.,Lars-Olof,Lohva,,,M,white,nonhispanic,M,Helsinki  Uusimaa  FI,473 Solismaa Katu Apt 71,Nurmijärvi,Uusimaa,Nurmijärvi,01820,60.32958336229423,24.731656550589065,11875.0,0.0
58f004f8-4d21-4142-b4bb-3deeca44fbe8,2018-09-22,,999-89-5065,,,,Marja,Tohola,,,,white,nonhispanic,F,Vantaa  Uusimaa  FI,324 Känsäkoski Katu,Tuusula,Uusimaa,Tuusula,04370,60.308942270436965,24.951707158754385,1000.0,0.0
0a2d6e69-9c84-4351-9a58-f8eec2568a31,1963-10-16,,999-41-6476,S99943986,X15305802X,Mrs.,Riikkamari,Saukoniemi,,Myllyneva,M,white,nonhispanic,F,Larissa  Larissa Prefecture  GR,160 Weisell Katu Apt 46,Espoo,Uusimaa,Espoo,02860,60.34790461295443,24.654064593025588,5750.0,0.0
3025918a-a6be-49fe-a797-3103d5777991,1994-01-03,,999-22-2413,S99987179,X47474302X,Mr.,Ramon,Antell,,,,white,nonhispanic,M,Nurmijärvi  Uusimaa  FI,882 Löytökorpi Katu,Helsinki,Uusimaa,Helsinki,00300,60.159551967347575,24.966212227166537,3750.0,0.0
b91cabc6-6917-4dbb-8295-c5094f44dfef,2012-02-12,,999-98-3757,,,,Leena-Kaisa,Poikelispää,,,,white,nonhispanic,F,Espoo  Uusimaa  FI,534 Kankala Katu Suite 75,Espoo,Uusimaa,Espoo,02630,60.256340513582934,24.803627796903896,2125.0,0.0
a3cb56f8-9538-4c1a-a053-e83e434f5c3c,1993-07-12,,999-56-7606,S99944934,X25717893X,Mr.,Ronan,Ala-Mutka,,,,white,nonhispanic,M,Espoo  Uusimaa  FI,436 Kuoppa-aho Katu,Vihti,Uusimaa,Vihti,03300,60.36741910976217,24.34933165439211,4029.2799999999997,0.0
179af1fa-9b5d-45a2-8993-088a565b48af,1941-11-03,,999-24-6204,S99963220,X75182401X,Mr.,Espen,Nykung,,,S,white,nonhispanic,M,Espoo  Uusimaa  FI,285 Apunen Katu Unit 54,Hyvinkää,Uusimaa,Hyvinkää,05800,60.6031333462556,24.808504388796045,8375.0,0.0
0d6426a7-e113-40e5-b0a8-4a4523c1e1e2,1966-06-20,,999-24-2961,S99961971,X77257187X,Mrs.,Margetta,Raekallio,,Rapa,M,white,nonhispanic,F,Helsinki  Uusimaa  FI,944 Poppius Katu Unit 92,Helsinki,Uusimaa,Helsinki,00900,60.17893589002899,24.875973429751994,6000.0,0.0
efd4ac90-3645-49ea-bebb-30d0e737abb6,1975-02-04,,999-32-3557,S99985165,X35826238X,Mrs.,Fang,Pohjoispää,,Köpman,M,white,nonhispanic,F,Nurmijärvi  Uusimaa  FI,636 Kiiski Katu Suite 60,Helsinki,Uusimaa,Helsinki,00540,60.18394451596067,25.026097511479982,4862.09,0.0
88aff3c6-474b-4a6a-a969-0012d8759d0f,1978-03-24,,999-49-1950,S99954711,X87328977X,Mr.,Jorma,Pistool,,,M,white,nonhispanic,M,Helsinki  Uusimaa  FI,256 Väntönen Katu,Espoo,Uusimaa,Espoo,02100,60.146957205819,24.673552063350535,4375.0,0.0
6d062c19-b53c-4eef-80b4-a43254c28ce5,1949-08-25,2001-03-22,999-62-6117,S99959291,X23071735X,Mr.,Pentti,Kenakkala,,,M,white,nonhispanic,M,Vantaa  Uusimaa  FI,400 Tiuttu Katu Suite 94,Espoo,Uusimaa,Espoo,02320,60.1780572837513,24.674311425805683,7363.07,0.0
41039313-c824-4444-b525-f9ef6ea9fab4,1951-05-18,,999-44-4878,S99992443,X67388915X,Mr.,Eldin,Sillanmikko,,,M,white,nonhispanic,M,Tuusula  Uusimaa  FI,643 Viskari Katu Suite 51,Sipoo,Uusimaa,Sipoo,01150,60.475349670372296,25.22195435970883,7250.0,0.0
c645b111-e0ee-49e4-87f6-e7c2d41ff010,1982-12-16,,999-94-2062,S99981483,X13722614X,Mr.,Karl-Göran,Remes,,,S,white,nonhispanic,M,Helsinki  Uusimaa  FI,451 Bolodin Katu Suite 98,Raasepori,Uusimaa,Raasepori,10600,60.09108088729862,23.33230781501845,4250.0,0.0
47a6482e-379c-4799-8ea3-ff37c5a81ff8,1960-12-17,,999-80-8216,S99962331,X50217607X,Mr.,Kaarel,Lielahti,,,S,white,nonhispanic,M,Helsinki  Uusimaa  FI,967 Uuro Katu,Helsinki,Uusimaa,Helsinki,00780,60.2216698526229,25.020687706655718,6125.0,0.0
23851b20-9b28-4c31-9e45-145d49e70b36,1965-11-02,,999-18-7208,S99986246,X69870802X,Mr.,Andréas,Kelin,,,M,white,nonhispanic,M,Espoo  Uusimaa  FI,266 Simos Katu,Helsinki,Uusimaa,Helsinki,00540,60.23188034180371,25.06045139615909,5500.0,0.0
c61629bb-fdf2-46d8-a7bf-42f8eaf1afa6,1968-08-26,,999-89-6040,S99920939,X78380768X,Ms.,Lumnije,Vesterback,,,S,white,nonhispanic,F,Helsinki  Uusimaa  FI,385 Pasonen Katu,Vantaa,Uusimaa,Vantaa,01530,60.32186704259342,24.929253914953843,5125.0,0.0
c044a55e-7d5c-40e0-ac36-3909a6d97d0e,1995-01-06,,999-44-5840,S99936441,X2922056X,Mr.,Marinus,Nakari,,,,white,nonhispanic,M,Siuntio  Uusimaa  FI,497 Wallis Katu,Helsinki,Uusimaa,Helsinki,00370,60.303748714563774,25.034607807897928,3625.0,0.0
582e14cd-4735-4816-b494-ea890f34915e,1948-02-04,,999-14-3157,S99953075,X33713918X,Mr.,Kiran,Saarno,,,M,white,nonhispanic,M,Vantaa  Uusimaa  FI,940 Vilppu Katu,Espoo,Uusimaa,Espoo,02780,60.22084070870385,24.573810797738002,7625.0,0.0
c0ebd364-43df-48f1-a350-b2fe51fc589b,2013-01-23,,999-20-1532,,,,Veli-Matias,Pitkäkari,,,,white,nonhispanic,M,Sipoo  Uusimaa  FI,128 Vieruaho Katu,Tuusula,Uusimaa,Tuusula,04320,60.404316580436436,24.964756145451684,2000.0,0.0
2d8421a9-742f-46f9-9743-d25b088e5c12,1990-05-16,,999-48-5178,S99970211,X3600104X,Ms.,Päivikki,Elgström,,,S,white,nonhispanic,F,Espoo  Uusimaa  FI,1011 Rinkelo Katu,Espoo,Uusimaa,Espoo,02330,60.232451565775854,24.82239033115618,3875.0,0.0
271c6c3e-c3da-452f-af00-ef1d445cd23e,1951-08-05,,999-19-5108,S99914987,X39632296X,Mrs.,Johansdotter,Vänttilä,,Haxhiu,M,white,nonhispanic,F,Sipoo  Uusimaa  FI,692 Frestadius Katu,Raasepori,Uusimaa,Raasepori,10380,60.05974155359627,23.81838734415557,7250.0,0.0
3117ae4e-fc6e-4434-9d07-4925f54d7e2c,1949-08-25,,999-95-8514,S99931015,X28785123X,Mr.,Jarl-Olof,Sorsa,,,M,white,nonhispanic,M,Tuusula  Uusimaa  FI,757 Pajasmaa Katu Suite 36,Espoo,Uusimaa,Espoo,02920,60.138532917875196,24.68391660823051,7500.0,0.0
5759cd68-395c-49d4-9fa8-fbd19e0140d6,1943-02-09,,999-67-8352,S99994262,X36710687X,Mr.,Ingemar,Mustasaari,,,M,white,nonhispanic,M,Helsinki  Uusimaa  FI,642 Reingoldt Katu Apt 73,Porvoo,Uusimaa,Porvoo,06500,60.33084945034946,25.850520451118452,8250.0,0.0
4cdb80ed-a3a1-4cd1-8a91-c34939f15bfe,2001-09-27,,999-74-9167,S99958726,,Mr.,Levente,Hamina,,,,white,nonhispanic,M,Vantaa  Uusimaa  FI,984 Jokisuo Katu,Vihti,Uusimaa,Vihti,03150,60.46465809872437,24.545419158678982,3375.0,0.0
7151c180-838a-4021-b663-63ad7d32a24d,1979-12-24,,999-72-5847,S99942387,X63136877X,Mr.,Alec,Kajakoski,,,M,white,nonhispanic,M,Kirkkonummi  Uusimaa  FI,1026 Mertaniemi Katu,Nurmijärvi,Uusimaa,Nurmijärvi,01820,60.38892191412016,24.739666124489236,4375.0,0.0
c9a64393-e75e-4710-a96a-fbeb4bd0ddb5,1998-01-16,,999-41-5100,S99936963,X66437106X,Mr.,Rene,Aivio,,,,white,nonhispanic,M,Helsinki  Uusimaa  FI,1076 Wallace Katu Suite 40,Helsinki,Uusimaa,Helsinki,00130,60.1695320114218,24.904724372828696,3500.0,0.0
a971d615-9117-4597-bc3a-ec3fbee52542,1988-06-06,,999-58-8878,S99971826,X56852808X,Mrs.,Timna,Gratscheff,,Aksila,M,white,nonhispanic,F,Helsinki  Uusimaa  FI,469 Smolander Katu Unit 56,Helsinki,Uusimaa,Helsinki,00740,60.25371443781118,24.86435986005973,4000.0,0.0
a6872f69-31a3-4b57-b28b-4cae2f05bcc9,1954-09-14,,999-18-8584,S99988157,X32612074X,Mrs.,Salad,Savikoski,,Laukka,M,white,nonhispanic,F,Helsinki  Uusimaa  FI,1037 Kaita Katu,Helsinki,Uusimaa,Helsinki,00370,60.231814388631335,24.923802721030835,6875.0,0.0
cbef5ace-6171-4c89-8419-4d9af1a13fe4,1964-01-21,,999-24-6222,S99925981,X86431084X,Mr.,Orvar,Hörkkö,,,M,white,nonhispanic,M,Vantaa  Uusimaa  FI,163 Rajanen Katu Unit 46,Espoo,Uusimaa,Espoo,02180,60.248345898234334,24.705812551352352,5750.0,0.0
a9b20d89-c73a-4524-b730-bf8712d4749d,1988-10-18,,999-88-1904,S99960532,X15239228X,Mr.,Gideon,Kallenautio,,,S,white,nonhispanic,M,Porvoo  Uusimaa  FI,177 Groth Katu,Vantaa,Uusimaa,Vantaa,01340,60.207231582168625,25.121440871502553,4000.0,0.0
e0c9ad20-465e-4b76-b84b-59925d079ccb,1966-10-15,,999-12-7961,S99989176,X65742461X,Mrs.,Miilia,Rajahuhta,,Nummiranta,M,white,nonhispanic,F,Espoo  Uusimaa  FI,887 Jänkälä Katu,Espoo,Uusimaa,Espoo,02280,60.19371004040363,24.613714024497,5375.0,0.0
2211d223-ff07-4250-8555-4c27a543a770,2010-08-30,,999-63-8417,,,,Carl-Wilhelm,Ylikruuvi,,,,white,nonhispanic,M,Kerava  Uusimaa  FI,157 Huuhtiainen Katu,Espoo,Uusimaa,Espoo,02280,60.22841613492922,24.769266871656203,2250.0,0.0
f4b62649-fb56-48ad-920d-d46b209d075e,1953-05-18,,999-15-2598,S99974659,X36992964X,Mr.,Asa,Itätalo,,,M,white,nonhispanic,M,Espoo  Uusimaa  FI,801 Tuomaila Katu Apt 45,Espoo,Uusimaa,Espoo,02150,60.161633959955864,24.70529280757866,7000.0,0.0
f82f8ded-3c63-454c-84b4-e7a350ffb286,1993-10-01,,999-95-5840,S99992309,X73816908X,Ms.,Aniina,Sanaksenaho,,,,white,nonhispanic,F,Hyvinkää  Uusimaa  FI,606 Pönni Katu Suite 73,Helsinki,Uusimaa,Helsinki,00600,60.3107946446135,25.039377293816532,3750.0,0.0
798cb48a-d195-49db-89c9-fbe705c4a9ac,2011-12-24,,999-94-4126,,,,Inge-Maj,Djerf,,,,white,nonhispanic,F,Espoo  Uusimaa  FI,548 Vartija Katu,Sipoo,Uusimaa,Sipoo,01190,60.280752887462455,25.438872127972942,2125.0,0.0
e8cbe0e4-6ff5-43b0-ae60-bcefa9cecf86,1988-05-03,,999-33-2047,S99971230,X77735639X,Ms.,Sabine,Grind,,,S,white,nonhispanic,F,Helsinki  Uusimaa  FI,116 Lapinoja Katu,Espoo,Uusimaa,Espoo,02970,60.17880378528316,24.732699246532903,4000.0,0.0
ddf66987-811b-4057-bb66-375ff0436d99,1991-02-11,,999-47-2033,S99974308,X7733822X,Mr.,Jimmy,Heinilehto,,,M,white,nonhispanic,M,Helsinki  Uusimaa  FI,1049 Varjakoski Katu,Helsinki,Uusimaa,Helsinki,00100,60.11831900547536,24.832938354117772,3875.0,0.0
51de15f9-b68d-4298-a21f-c4810ac691f3,1989-07-31,,999-97-9995,S99975839,X17675180X,Mr.,Kalev,Honkonen,,,M,white,nonhispanic,M,Helsinki  Uusimaa  FI,107 Ilmalahti Katu,Porvoo,Uusimaa,Porvoo,06530,60.36515881672626,25.84269092793528,3875.0,0.0
b7324ba4-718b-403c-9638-d8cec3443bc8,1996-04-17,,999-73-1123,S99948245,X47809786X,Ms.,Iira,Junnila,,,,white,nonhispanic,F,Nurmijärvi  Uusimaa  FI,1001 Kairus Katu,Espoo,Uusimaa,Espoo,02610,60.159083924890346,24.820769033018074,3625.0,0.0
fb57564d-ec58-43b7-b61c-bb8bdb72e21b,1979-03-16,,999-80-2835,S99976961,X70668542X,Mr.,Aiman,Kuuskoski,,,M,white,nonhispanic,M,Helsinki  Uusimaa  FI,955 Kautio Katu,Lohja,Uusimaa,Lohja,03810,60.2609867021808,24.10535193494736,4375.0,0.0
4913aad6-b0f5-4a79-a1d8-d4185863f7c1,1953-08-16,,999-19-4095,S99923046,X75880774X,Mrs.,Kavita,Ehovuo,,Helojoki,M,white,nonhispanic,F,Lohja  Uusimaa  FI,967 Helve Katu Suite 16,Lohja,Uusimaa,Lohja,08350,60.22453179977787,24.015100669793593,7000.0,0.0
dd0316c6-18b7-4f88-b365-c6b49f5dd6e7,1970-08-05,,999-21-5814,S99915643,X79898167X,Mrs.,Julanda,Wink,,Wilhelms,M,white,nonhispanic,F,Vantaa  Uusimaa  FI,756 Sora Katu,Lohja,Uusimaa,Lohja,09430,60.20554049059314,23.687902114787345,14593.130000000001,0.0
fea26a81-62c0-47b8-a77a-33cd47a676cc,2011-06-30,,999-63-8316,,,,Tiia-Riitta,Mutku,,,,white,nonhispanic,F,Vantaa  Uusimaa  FI,526 Vuorenoja Katu Apt 6,Helsinki,Uusimaa,Helsinki,00390,60.136099979899896,24.907592980726015,2125.0,0.0
b43b1e2f-31a8-4a3e-9ff7-62b68ebfc427,2005-09-03,,999-12-3547,,,,Anissa,Eräpolku,,,,white,nonhispanic,F,Nurmijärvi  Uusimaa  FI,544 Rietz Katu,Helsinki,Uusimaa,Helsinki,00520,60.2290504539258,24.879580903212403,3085.77,0.0
3aae8122-78c4-4cad-829f-344c564bd10c,2017-05-18,,999-23-6738,,,,Tomsson,Ola,,,,white,nonhispanic,M,Järvenpää  Uusimaa  FI,477 Saksio Katu Suite 9,Helsinki,Uusimaa,Helsinki,00410,60.22079059935112,24.95054852780072,1250.0,0.0
ef77e0be-7a7b-4402-98de-b8310b400eab,1991-11-04,,999-30-5322,S99963141,X78391814X,Mrs.,Leena-Marjatta,Kollin,,Ritvanen,M,white,nonhispanic,F,Helsinki  Uusimaa  FI,680 Saksio Katu,Tuusula,Uusimaa,Tuusula,04320,60.47912633799771,25.07689993627955,3875.0,0.0
123e6dd3-79cd-491b-8a19-e6fe607dca66,1947-07-29,,999-72-9942,S99938467,X27130393X,Mr.,Abukar,Peltokangas,,,M,white,nonhispanic,M,Vantaa  Uusimaa  FI,612 Tapiola Katu,Helsinki,Uusimaa,Helsinki,00570,60.18463539455155,24.894606371928564,7750.0,0.0
83fdcbb8-aa18-4b2a-b478-d948a1961d6c,1995-01-16,,999-55-1412,S99948625,X56777131X,Ms.,Shirley,Kurvi,,,,white,nonhispanic,F,Helsinki  Uusimaa  FI,460 Okuloff Katu Suite 89,Helsinki,Uusimaa,Helsinki,00580,60.23446457513931,25.059483082891596,3625.0,0.0
c2d3afd1-6965-4711-83e7-5dcfd46a95d9,1992-03-27,,999-86-8469,S99941956,X7540759X,Mr.,Toivonpoika,Silva,,,S,white,nonhispanic,M,Porvoo  Uusimaa  FI,388 Pöytäkivi Katu,Vantaa,Uusimaa,Vantaa,01480,60.278262204727106,25.130898879388674,3750.0,0.0
58e55eec-0b9d-4c5b-9c79-e09477a60619,2008-05-18,,999-27-1984,,,,Tiina-Sisko,Helojoki,,,,white,nonhispanic,F,Espoo  Uusimaa  FI,1021 Maansaari Katu Apt 61,Vantaa,Uusimaa,Vantaa,01710,60.27622991318981,24.988773790489265,2500.0,0.0
dd5f0772-9ca6-43d8-a6bf-eea57699be8e,1959-10-01,,999-22-3467,S99955583,X57949587X,Mr.,Orvar,Vihantola,,,S,white,nonhispanic,M,Helsinki  Uusimaa  FI,384 Narkaus Katu Unit 92,Espoo,Uusimaa,Espoo,02130,60.18148089336769,24.76425857994013,6250.0,0.0
df1046dc-9689-47c0-b18a-1513427656af,1969-12-08,,999-30-7198,S99949042,X51258922X,Mr.,Valteri,Avila,,,M,white,nonhispanic,M,Vantaa  Uusimaa  FI,330 Maantila Katu Suite 6,Vantaa,Uusimaa,Vantaa,01360,60.30857951025457,24.987194183465817,5000.0,0.0
e2dc6cbf-7cfb-4555-8c59-d26952c158f6,1955-01-09,,999-32-8317,S99942500,X31395448X,Mrs.,Lumimarja,Krigsholm,,Vaetoja,M,white,nonhispanic,F,Helsinki  Uusimaa  FI,338 Toivoniemi Katu Apt 49,Karkkila,Uusimaa,Karkkila,03600,60.58525133229445,24.169943668148225,6750.0,0.0
4bf04008-7d96-45c5-8377-65540600f4f6,1971-02-21,,999-71-8497,S99984956,X85143585X,Mr.,Luuka,Gräsbeck,,,M,white,nonhispanic,M,Vihti  Uusimaa  FI,826 Soinisalo Katu,Espoo,Uusimaa,Espoo,02920,60.26308367006203,24.870294547913513,4875.0,0.0
25e2b21e-3d48-41d1-82cf-bb808623a754,1961-09-23,,999-55-1108,S99964812,X57161469X,Mr.,Caspar,Denisov,,,M,white,nonhispanic,M,Helsinki  Uusimaa  FI,890 Flyckt Katu,Helsinki,Uusimaa,Helsinki,00850,60.289973627349134,24.90471664076072,6000.0,0.0
4aed94b3-b7f2-4a36-bc0a-91b50efdc4ec,2014-06-27,,999-48-1305,,,,Riitta-Kaarina,Falkenberg,,,,white,nonhispanic,F,Vantaa  Uusimaa  FI,544 Stevander Katu,Espoo,Uusimaa,Espoo,02980,60.2669250486703,24.5958421727075,1750.0,0.0
14c886a9-69e8-438a-b0af-083af199a5c8,1962-01-11,,999-76-5617,S99941275,X24657470X,Mr.,Wah,Topio,,,M,white,nonhispanic,M,Helsinki  Uusimaa  FI,894 Ahveninen Katu Unit 37,Helsinki,Uusimaa,Helsinki,00780,60.18981686825882,24.87099013415078,6000.0,0.0
8c913f37-661b-4687-875f-80c70957db5d,1969-09-21,,999-38-1207,S99986446,X8853223X,Mrs.,Aada,Ylämurto,,Vadén,M,white,nonhispanic,F,Vantaa  Uusimaa  FI,357 Ryhänen Katu Unit 11,Nurmijärvi,Uusimaa,Nurmijärvi,01830,60.578764824724445,24.760945711526297,5000.0,0.0
b4d9ee28-ffab-4a04-87b2-811239c633a0,1973-02-11,,999-55-1365,S99993737,X28870698X,Mrs.,Ildiko,Dunderfelt,,Tynnilä,M,white,nonhispanic,F,Kirkkonummi  Uusimaa  FI,1044 Jönsson Katu,Espoo,Uusimaa,Espoo,02980,60.221854308929835,24.846419846490736,4750.0,0.0
be1f9503-4423-44c4-9316-2fecdc1530ed,1939-09-30,,999-15-3727,S99931773,X48866434X,Ms.,Eeva-Lotta,Rose,,,S,white,nonhispanic,F,Helsinki  Uusimaa  FI,604 Tuurihalme Katu Apt 32,Tuusula,Uusimaa,Tuusula,04370,60.51068773223878,25.03437483199169,8625.0,0.0
da0c2b51-d722-4e89-9cb0-3f13d6e78342,1940-06-04,,999-38-6720,S99981999,X69425947X,Ms.,Sari-Anneli,Leppisaari,,,S,white,nonhispanic,F,Espoo  Uusimaa  FI,351 Westersund Katu Apt 21,Nurmijärvi,Uusimaa,Nurmijärvi,01830,60.37357268935285,24.751735828120857,15138.83,0.0
fe5b5a17-4dcf-4ae0-a9c6-e3801e3a560c,1956-06-18,,999-49-5883,S99913141,X59256798X,Ms.,Marijaana,Honkalinna,,,S,white,nonhispanic,F,Helsinki  Uusimaa  FI,605 Heusala Katu Apt 65,Raasepori,Uusimaa,Raasepori,10330,59.96062612865017,23.358824154900724,6625.0,0.0
94eee4ae-af8f-4116-b925-00b49dfb38a2,2015-03-31,,999-63-6211,,,,Benina,Tiittanen,,,,white,nonhispanic,F,Porvoo  Uusimaa  FI,840 Varala Katu,Nurmijärvi,Uusimaa,Nurmijärvi,05250,60.373121745749614,24.722635168189143,1625.0,0.0
314c57c3-8fef-4240-add4-a26d12dbfe8e,1989-09-09,,999-97-7975,S99934354,X38807652X,Mr.,Lars-Åke,Rantamaula,,,M,white,nonhispanic,M,Askola  Uusimaa  FI,247 Domander Katu,Helsinki,Uusimaa,Helsinki,00360,60.26888836966263,24.929807517146788,3875.0,0.0
65f4e7f7-fa88-448e-a656-7047d2cf4545,1945-07-31,,999-72-4598,S99961122,X73744627X,Mr.,Valdo,Kulppi,,,M,white,nonhispanic,M,Tuusula  Uusimaa  FI,100 Hilska Katu,Helsinki,Uusimaa,Helsinki,00700,60.29228439259737,24.977359254625174,8000.0,0.0
403927ac-ca43-4982-9458-8a830e4e4760,1958-08-06,,999-99-5007,S99931291,X27534970X,Mr.,Tahir,Majakangas,,,M,white,nonhispanic,M,Lohja  Uusimaa  FI,593 Kemppanen Katu,Hyvinkää,Uusimaa,Hyvinkää,05440,60.58294795651996,24.84084710174479,6375.0,0.0
1c5acf8d-1092-4f78-babd-b032a42d1f02,2011-06-14,,999-38-1720,,,,Lauri-Juhani,Pelamo,,,,white,nonhispanic,M,Vihti  Uusimaa  FI,416 Bhandari Katu,Espoo,Uusimaa,Espoo,02130,60.23947270785925,24.7983238972865,2125.0,0.0
fd4560c0-68fb-447c-bc0e-5bc32f70b87a,2005-07-23,,999-43-6520,,,,Galina,Honkiniemi,,,,white,nonhispanic,F,Helsinki  Uusimaa  FI,692 Reivo Katu Suite 16,Helsinki,Uusimaa,Helsinki,00270,60.20368400059734,24.95156283955743,2875.0,0.0
6aa2f83b-c8df-4854-8b37-4025236b7d91,1989-12-26,,999-28-3620,S99919981,X31206930X,Ms.,Kaisu-Liisa,Käri,,,S,white,nonhispanic,F,Vihti  Uusimaa  FI,644 Kesä Katu,Lohja,Uusimaa,Lohja,08360,60.461112994049856,23.759357546885067,3875.0,0.0
d39a7cd4-8e25-43c0-bd9a-87dbca62346e,1956-01-26,2012-07-05,999-75-9913,S99938430,X59488405X,Mr.,Boes,Topio,,,S,white,nonhispanic,M,Vantaa  Uusimaa  FI,879 Cajander Katu Suite 58,Loviisa,Uusimaa,Loviisa,07700,60.48277379730058,26.39855479751463,6734.77,0.0
22516601-7bfa-419c-b978-8c4f0e431637,1944-06-20,,999-98-6878,S99918805,X75704749X,Mr.,Martin,Havisto,,,M,white,nonhispanic,M,Porvoo  Uusimaa  FI,1097 Jokivalo Katu,Loviisa,Uusimaa,Loviisa,07920,60.60549720514311,26.038939725112826,8125.0,0.0
2ab691af-575b-43d3-aeb3-c023d921b8bf,2005-11-18,,999-74-1432,,,,Veetu,Tullinen,,,,white,nonhispanic,M,Hyvinkää  Uusimaa  FI,571 Ilmivalta Katu Unit 61,Lohja,Uusimaa,Lohja,08700,60.23734975358855,23.842414278693653,2875.0,0.0
08ca8efb-a126-444a-858b-4468cb0bb45c,1983-01-02,,999-24-8789,S99987291,X9867972X,Mr.,Abdelkarim,Loppukaarre,,,M,white,nonhispanic,M,Pukkila  Uusimaa  FI,509 Rivinen Katu Suite 58,Helsinki,Uusimaa,Helsinki,00620,60.21047221310735,25.022087456962446,4125.0,0.0
c4eb2a7b-0215-4a26-b39a-9492fe56a0d9,1952-02-19,,999-15-1853,S99971295,X41133770X,Mr.,Lare,Grönfors Palmroth,JD,,M,white,nonhispanic,M,Helsinki  Uusimaa  FI,213 Janhu Katu,Espoo,Uusimaa,Espoo,02330,60.203881053926715,24.754753644448122,7125.0,0.0
696a6153-37d8-496f-bfce-effc715ad907,1956-01-26,,999-31-1258,S99927483,X30783114X,Mr.,Iska,Ylinampa,,,M,white,nonhispanic,M,Kauniainen  Uusimaa  FI,456 Halko Katu Apt 65,Loviisa,Uusimaa,Loviisa,07880,60.479744205261774,26.27658989010604,6625.0,0.0
