PATIENT,START_YEAR,END_YEAR,PAYER,OWNERSHIP
d30d2bb4-7fbc-421d-9aa3-af3a3e0bca7a,1990,2008,e15e7b92-f376-374f-9285-2f59a38ad823,Guardian
e17ccbe8-a167-4125-b252-540779226e91,1987,2005,e15e7b92-f376-374f-9285-2f59a38ad823,Guardian
917dd99c-1343-4c09-9010-62e8cd566af0,1998,2016,e15e7b92-f376-374f-9285-2f59a38ad823,Guardian
20c01872-73c3-415a-989a-ff57148a1d26,1982,2000,e15e7b92-f376-374f-9285-2f59a38ad823,Guardian
e134fd59-ccb3-4629-b78f-68c567cb7ee6,1982,2000,e15e7b92-f376-374f-9285-2f59a38ad823,Guardian
0e1344c5-1648-48c0-8df9-c2f143844ce6,1973,1991,e15e7b92-f376-374f-9285-2f59a38ad823,Guardian
235a12c1-e835-4118-9748-5c542466da7d,1981,1999,e15e7b92-f376-374f-9285-2f59a38ad823,Guardian
177e2cc0-5744-4a5d-a628-f2fe0c57f126,1973,1991,e15e7b92-f376-374f-9285-2f59a38ad823,Guardian
16a74fbf-9615-4068-a40e-d095f707a4fd,1983,2001,e15e7b92-f376-374f-9285-2f59a38ad823,Guardian
40024868-a478-484a-b8f2-4c7ef4d1e189,1946,1964,e15e7b92-f376-374f-9285-2f59a38ad823,Guardian
aaf7f0a7-1b90-42f5-8ba8-ff09a281db3f,1958,1976,e15e7b92-f376-374f-9285-2f59a38ad823,Guardian
b49c1bbf-420c-4169-b3bc-a928c106850a,1990,2008,e15e7b92-f376-374f-9285-2f59a38ad823,Guardian
2ab0a593-ea7c-4c5b-9e1e-a978c06bee80,1973,1991,e15e7b92-f376-374f-9285-2f59a38ad823,Guardian
2aa947bd-7cf7-4df3-86de-273d70531f56,1982,1982,b1c428d6-4f07-31e0-90f0-68ffa6ff8c76,
2aa947bd-7cf7-4df3-86de-273d70531f56,1983,1986,e15e7b92-f376-374f-9285-2f59a38ad823,
2aa947bd-7cf7-4df3-86de-273d70531f56,1987,1991,b1c428d6-4f07-31e0-90f0-68ffa6ff8c76,Guardian
2aa947bd-7cf7-4df3-86de-273d70531f56,1992,2002,e15e7b92-f376-374f-9285-2f59a38ad823,
2aa947bd-7cf7-4df3-86de-273d70531f56,2003,2004,b1c428d6-4f07-31e0-90f0-68ffa6ff8c76,Self
2aa947bd-7cf7-4df3-86de-273d70531f56,2005,2005,e15e7b92-f376-374f-9285-2f59a38ad823,
2aa947bd-7cf7-4df3-86de-273d70531f56,2006,2007,b1c428d6-4f07-31e0-90f0-68ffa6ff8c76,Self
2aa947bd-7cf7-4df3-86de-273d70531f56,2008,2008,e15e7b92-f376-374f-9285-2f59a38ad823,
2aa947bd-7cf7-4df3-86de-273d70531f56,2009,2010,b1c428d6-4f07-31e0-90f0-68ffa6ff8c76,Self
2aa947bd-7cf7-4df3-86de-273d70531f56,2011,2011,e15e7b92-f376-374f-9285-2f59a38ad823,
2aa947bd-7cf7-4df3-86de-273d70531f56,2012,2013,b1c428d6-4f07-31e0-90f0-68ffa6ff8c76,Self
2aa947bd-7cf7-4df3-86de-273d70531f56,2014,2014,e15e7b92-f376-374f-9285-2f59a38ad823,
2aa947bd-7cf7-4df3-86de-273d70531f56,2015,2016,b1c428d6-4f07-31e0-90f0-68ffa6ff8c76,Self
2aa947bd-7cf7-4df3-86de-273d70531f56,2017,2017,e15e7b92-f376-374f-9285-2f59a38ad823,
2aa947bd-7cf7-4df3-86de-273d70531f56,2018,2019,b1c428d6-4f07-31e0-90f0-68ffa6ff8c76,Spouse
a74fb584-a922-4ddf-9832-7033fcf821cd,1990,2008,e15e7b92-f376-374f-9285-2f59a38ad823,Guardian
0256ba13-cb1d-4db6-bd4b-59026a78af58,1978,1996,e15e7b92-f376-374f-9285-2f59a38ad823,Guardian
490b482d-b06e-4537-88bd-08f8fe00b2e2,1991,2009,e15e7b92-f376-374f-9285-2f59a38ad823,Guardian
8e5a0b43-dd06-4ad0-aa93-c9ff91925b26,1979,1997,e15e7b92-f376-374f-9285-2f59a38ad823,Guardian
e9ccad9b-c948-4d51-b7c3-5790514cd21e,1964,1982,e15e7b92-f376-374f-9285-2f59a38ad823,Guardian
bdd01371-b352-45fa-9d73-b2fa94e90d5e,1988,2006,e15e7b92-f376-374f-9285-2f59a38ad823,Guardian
7bf6019e-8d40-412c-b689-28b24366f196,1951,1969,e15e7b92-f376-374f-9285-2f59a38ad823,Guardian
445d3ce8-dc0a-4b52-9795-84cf680a06fb,1983,2001,e15e7b92-f376-374f-9285-2f59a38ad823,Guardian
1e4bd39c-4662-4e90-8c0b-3502fa2c824f,1983,2001,e15e7b92-f376-374f-9285-2f59a38ad823,Guardian
e0deb70d-faa8-4852-9f8b-a6ac6a347ca6,1984,2002,e15e7b92-f376-374f-9285-2f59a38ad823,Guardian
caec6a82-a9b3-4441-8218-cc33309e790d,1913,1931,e15e7b92-f376-374f-9285-2f59a38ad823,Guardian
0a2d6e69-9c84-4351-9a58-f8eec2568a31,1963,1981,e15e7b92-f376-374f-9285-2f59a38ad823,Guardian
3025918a-a6be-49fe-a797-3103d5777991,1994,2012,e15e7b92-f376-374f-9285-2f59a38ad823,Guardian
a3cb56f8-9538-4c1a-a053-e83e434f5c3c,1993,2011,e15e7b92-f376-374f-9285-2f59a38ad823,Guardian
179af1fa-9b5d-45a2-8993-088a565b48af,1941,1959,e15e7b92-f376-374f-9285-2f59a38ad823,Guardian
0d6426a7-e113-40e5-b0a8-4a4523c1e1e2,1966,1984,e15e7b92-f376-374f-9285-2f59a38ad823,Guardian
efd4ac90-3645-49ea-bebb-30d0e737abb6,1975,1993,e15e7b92-f376-374f-9285-2f59a38ad823,Guardian
88aff3c6-474b-4a6a-a969-0012d8759d0f,1978,1996,e15e7b92-f376-374f-9285-2f59a38ad823,Guardian
6d062c19-b53c-4eef-80b4-a43254c28ce5,1949,1967,e15e7b92-f376-374f-9285-2f59a38ad823,Guardian
41039313-c824-4444-b525-f9ef6ea9fab4,1951,1969,e15e7b92-f376-374f-9285-2f59a38ad823,Guardian
c645b111-e0ee-49e4-87f6-e7c2d41ff010,1982,2000,e15e7b92-f376-374f-9285-2f59a38ad823,Guardian
47a6482e-379c-4799-8ea3-ff37c5a81ff8,1960,1978,e15e7b92-f376-374f-9285-2f59a38ad823,Guardian
23851b20-9b28-4c31-9e45-145d49e70b36,1965,1983,e15e7b92-f376-374f-9285-2f59a38ad823,Guardian
c61629bb-fdf2-46d8-a7bf-42f8eaf1afa6,1968,1986,e15e7b92-f376-374f-9285-2f59a38ad823,Guardian
c044a55e-7d5c-40e0-ac36-3909a6d97d0e,1995,2013,e15e7b92-f376-374f-9285-2f59a38ad823,Guardian
582e14cd-4735-4816-b494-ea890f34915e,1948,1966,e15e7b92-f376-374f-9285-2f59a38ad823,Guardian
2d8421a9-742f-46f9-9743-d25b088e5c12,1990,2008,e15e7b92-f376-374f-9285-2f59a38ad823,Guardian
271c6c3e-c3da-452f-af00-ef1d445cd23e,1951,1969,e15e7b92-f376-374f-9285-2f59a38ad823,Guardian
3117ae4e-fc6e-4434-9d07-4925f54d7e2c,1949,1967,e15e7b92-f376-374f-9285-2f59a38ad823,Guardian
5759cd68-395c-49d4-9fa8-fbd19e0140d6,1943,1961,e15e7b92-f376-374f-9285-2f59a38ad823,Guardian
4cdb80ed-a3a1-4cd1-8a91-c34939f15bfe,2001,2019,e15e7b92-f376-374f-9285-2f59a38ad823,Guardian
7151c180-838a-4021-b663-63ad7d32a24d,1979,1997,e15e7b92-f376-374f-9285-2f59a38ad823,Guardian
c9a64393-e75e-4710-a96a-fbeb4bd0ddb5,1998,2016,e15e7b92-f376-374f-9285-2f59a38ad823,Guardian
a971d615-9117-4597-bc3a-ec3fbee52542,1988,2006,e15e7b92-f376-374f-9285-2f59a38ad823,Guardian
a6872f69-31a3-4b57-b28b-4cae2f05bcc9,1954,1972,e15e7b92-f376-374f-9285-2f59a38ad823,Guardian
cbef5ace-6171-4c89-8419-4d9af1a13fe4,1964,1982,e15e7b92-f376-374f-9285-2f59a38ad823,Guardian
a9b20d89-c73a-4524-b730-bf8712d4749d,1988,2006,e15e7b92-f376-374f-9285-2f59a38ad823,Guardian
e0c9ad20-465e-4b76-b84b-59925d079ccb,1966,1984,e15e7b92-f376-374f-9285-2f59a38ad823,Guardian
f4b62649-fb56-48ad-920d-d46b209d075e,1953,1971,e15e7b92-f376-374f-9285-2f59a38ad823,Guardian
f82f8ded-3c63-454c-84b4-e7a350ffb286,1993,2011,e15e7b92-f376-374f-9285-2f59a38ad823,Guardian
e8cbe0e4-6ff5-43b0-ae60-bcefa9cecf86,1988,2006,e15e7b92-f376-374f-9285-2f59a38ad823,Guardian
ddf66987-811b-4057-bb66-375ff0436d99,1991,2009,e15e7b92-f376-374f-9285-2f59a38ad823,Guardian
51de15f9-b68d-4298-a21f-c4810ac691f3,1989,2007,e15e7b92-f376-374f-9285-2f59a38ad823,Guardian
b7324ba4-718b-403c-9638-d8cec3443bc8,1996,2014,e15e7b92-f376-374f-9285-2f59a38ad823,Guardian
fb57564d-ec58-43b7-b61c-bb8bdb72e21b,1979,1997,e15e7b92-f376-374f-9285-2f59a38ad823,Guardian
4913aad6-b0f5-4a79-a1d8-d4185863f7c1,1953,1971,e15e7b92-f376-374f-9285-2f59a38ad823,Guardian
dd0316c6-18b7-4f88-b365-c6b49f5dd6e7,1970,1988,e15e7b92-f376-374f-9285-2f59a38ad823,Guardian
ef77e0be-7a7b-4402-98de-b8310b400eab,1991,2009,e15e7b92-f376-374f-9285-2f59a38ad823,Guardian
83fdcbb8-aa18-4b2a-b478-d948a1961d6c,1995,2013,e15e7b92-f376-374f-9285-2f59a38ad823,Guardian
123e6dd3-79cd-491b-8a19-e6fe607dca66,1947,1965,e15e7b92-f376-374f-9285-2f59a38ad823,Guardian
c2d3afd1-6965-4711-83e7-5dcfd46a95d9,1992,2010,e15e7b92-f376-374f-9285-2f59a38ad823,Guardian
df1046dc-9689-47c0-b18a-1513427656af,1969,1987,e15e7b92-f376-374f-9285-2f59a38ad823,Guardian
dd5f0772-9ca6-43d8-a6bf-eea57699be8e,1959,1977,e15e7b92-f376-374f-9285-2f59a38ad823,Guardian
e2dc6cbf-7cfb-4555-8c59-d26952c158f6,1955,1973,e15e7b92-f376-374f-9285-2f59a38ad823,Guardian
4bf04008-7d96-45c5-8377-65540600f4f6,1971,1989,e15e7b92-f376-374f-9285-2f59a38ad823,Guardian
25e2b21e-3d48-41d1-82cf-bb808623a754,1961,1979,e15e7b92-f376-374f-9285-2f59a38ad823,Guardian
14c886a9-69e8-438a-b0af-083af199a5c8,1962,1962,b1c428d6-4f07-31e0-90f0-68ffa6ff8c76,
14c886a9-69e8-438a-b0af-083af199a5c8,1963,1967,e15e7b92-f376-374f-9285-2f59a38ad823,
14c886a9-69e8-438a-b0af-083af199a5c8,1968,1971,b1c428d6-4f07-31e0-90f0-68ffa6ff8c76,Guardian
14c886a9-69e8-438a-b0af-083af199a5c8,1972,1982,e15e7b92-f376-374f-9285-2f59a38ad823,
14c886a9-69e8-438a-b0af-083af199a5c8,1983,1984,b1c428d6-4f07-31e0-90f0-68ffa6ff8c76,Self
14c886a9-69e8-438a-b0af-083af199a5c8,1985,1985,e15e7b92-f376-374f-9285-2f59a38ad823,
14c886a9-69e8-438a-b0af-083af199a5c8,1986,1987,b1c428d6-4f07-31e0-90f0-68ffa6ff8c76,Self
14c886a9-69e8-438a-b0af-083af199a5c8,1988,1988,e15e7b92-f376-374f-9285-2f59a38ad823,
14c886a9-69e8-438a-b0af-083af199a5c8,1989,1990,b1c428d6-4f07-31e0-90f0-68ffa6ff8c76,Self
14c886a9-69e8-438a-b0af-083af199a5c8,1991,1991,e15e7b92-f376-374f-9285-2f59a38ad823,
14c886a9-69e8-438a-b0af-083af199a5c8,1992,1993,b1c428d6-4f07-31e0-90f0-68ffa6ff8c76,Spouse
14c886a9-69e8-438a-b0af-083af199a5c8,1994,1994,e15e7b92-f376-374f-9285-2f59a38ad823,
14c886a9-69e8-438a-b0af-083af199a5c8,1995,1996,b1c428d6-4f07-31e0-90f0-68ffa6ff8c76,Self
14c886a9-69e8-438a-b0af-083af199a5c8,1997,1997,e15e7b92-f376-374f-9285-2f59a38ad823,
14c886a9-69e8-438a-b0af-083af199a5c8,1998,1999,b1c428d6-4f07-31e0-90f0-68ffa6ff8c76,Self
14c886a9-69e8-438a-b0af-083af199a5c8,2000,2000,e15e7b92-f376-374f-9285-2f59a38ad823,
14c886a9-69e8-438a-b0af-083af199a5c8,2001,2002,b1c428d6-4f07-31e0-90f0-68ffa6ff8c76,Spouse
14c886a9-69e8-438a-b0af-083af199a5c8,2003,2003,e15e7b92-f376-374f-9285-2f59a38ad823,
14c886a9-69e8-438a-b0af-083af199a5c8,2004,2004,b1c428d6-4f07-31e0-90f0-68ffa6ff8c76,Self
14c886a9-69e8-438a-b0af-083af199a5c8,2005,2005,e15e7b92-f376-374f-9285-2f59a38ad823,
14c886a9-69e8-438a-b0af-083af199a5c8,2006,2006,b1c428d6-4f07-31e0-90f0-68ffa6ff8c76,Self
14c886a9-69e8-438a-b0af-083af199a5c8,2007,2007,e15e7b92-f376-374f-9285-2f59a38ad823,
14c886a9-69e8-438a-b0af-083af199a5c8,2008,2008,b1c428d6-4f07-31e0-90f0-68ffa6ff8c76,Spouse
14c886a9-69e8-438a-b0af-083af199a5c8,2009,2009,e15e7b92-f376-374f-9285-2f59a38ad823,
14c886a9-69e8-438a-b0af-083af199a5c8,2010,2010,b1c428d6-4f07-31e0-90f0-68ffa6ff8c76,Spouse
14c886a9-69e8-438a-b0af-083af199a5c8,2011,2011,e15e7b92-f376-374f-9285-2f59a38ad823,
14c886a9-69e8-438a-b0af-083af199a5c8,2012,2012,b1c428d6-4f07-31e0-90f0-68ffa6ff8c76,Self
14c886a9-69e8-438a-b0af-083af199a5c8,2013,2020,e15e7b92-f376-374f-9285-2f59a38ad823,
8c913f37-661b-4687-875f-80c70957db5d,1969,1987,e15e7b92-f376-374f-9285-2f59a38ad823,Guardian
b4d9ee28-ffab-4a04-87b2-811239c633a0,1973,1991,e15e7b92-f376-374f-9285-2f59a38ad823,Guardian
be1f9503-4423-44c4-9316-2fecdc1530ed,1939,1957,e15e7b92-f376-374f-9285-2f59a38ad823,Guardian
da0c2b51-d722-4e89-9cb0-3f13d6e78342,1940,1958,e15e7b92-f376-374f-9285-2f59a38ad823,Guardian
fe5b5a17-4dcf-4ae0-a9c6-e3801e3a560c,1956,1974,e15e7b92-f376-374f-9285-2f59a38ad823,Guardian
314c57c3-8fef-4240-add4-a26d12dbfe8e,1989,2007,e15e7b92-f376-374f-9285-2f59a38ad823,Guardian
65f4e7f7-fa88-448e-a656-7047d2cf4545,1945,1963,e15e7b92-f376-374f-9285-2f59a38ad823,Guardian
403927ac-ca43-4982-9458-8a830e4e4760,1958,1976,e15e7b92-f376-374f-9285-2f59a38ad823,Guardian
6aa2f83b-c8df-4854-8b37-4025236b7d91,1989,2007,e15e7b92-f376-374f-9285-2f59a38ad823,Guardian
d39a7cd4-8e25-43c0-bd9a-87dbca62346e,1956,1974,e15e7b92-f376-374f-9285-2f59a38ad823,Guardian
d39a7cd4-8e25-43c0-bd9a-87dbca62346e,1975,2012,e15e7b92-f376-374f-9285-2f59a38ad823,Self
22516601-7bfa-419c-b978-8c4f0e431637,1944,1962,e15e7b92-f376-374f-9285-2f59a38ad823,Guardian
08ca8efb-a126-444a-858b-4468cb0bb45c,1983,2001,e15e7b92-f376-374f-9285-2f59a38ad823,Guardian
c4eb2a7b-0215-4a26-b39a-9492fe56a0d9,1952,1970,e15e7b92-f376-374f-9285-2f59a38ad823,Guardian
696a6153-37d8-496f-bfce-effc715ad907,1956,1974,e15e7b92-f376-374f-9285-2f59a38ad823,Guardian
