DATE,PATIENT,ENCOUNTER,CODE,DESCRIPTION,BASE_COST,REASONCODE,REASONDESCRIPTION
2012-05-28,e134fd59-ccb3-4629-b78f-68c567cb7ee6,31077e01-2867-48ba-a8ab-7c76c8743864,40701008,Echocardiography (procedure),1667.56,410429000,Cardiac Arrest
2012-05-28,e134fd59-ccb3-4629-b78f-68c567cb7ee6,31077e01-2867-48ba-a8ab-7c76c8743864,447365002,Insertion of biventricular implantable cardioverter defibrillator,39841.75,410429000,Cardiac Arrest
2012-05-28,e134fd59-ccb3-4629-b78f-68c567cb7ee6,31077e01-2867-48ba-a8ab-7c76c8743864,18286008,Catheter ablation of tissue of heart,15575.76,410429000,Cardiac Arrest
2019-12-19,177e2cc0-5744-4a5d-a628-f2fe0c57f126,ac3b4e6a-37e6-4207-8634-374290df5891,18286008,Catheter ablation of tissue of heart,10229.58,49436004,Atrial Fibrillation
2009-04-11,b49c1bbf-420c-4169-b3bc-a928c106850a,50d17c3a-aff9-460c-ba0b-4afb30222e17,40701008,Echocardiography (procedure),591.33,22298006,Myocardial Infarction
2009-04-11,b49c1bbf-420c-4169-b3bc-a928c106850a,50d17c3a-aff9-460c-ba0b-4afb30222e17,415070008,Percutaneous coronary intervention,27845.07,22298006,Myocardial Infarction
2009-04-11,b49c1bbf-420c-4169-b3bc-a928c106850a,50d17c3a-aff9-460c-ba0b-4afb30222e17,232717009,Coronary artery bypass grafting,64695.26,22298006,Myocardial Infarction
2010-08-15,caec6a82-a9b3-4441-8218-cc33309e790d,45fcf1a1-b506-411d-917b-7fef31fe08d6,180325003,Electrical cardioversion,19984.14,49436004,Atrial Fibrillation
2011-08-21,caec6a82-a9b3-4441-8218-cc33309e790d,022e2f16-a537-48c4-9b7e-fd17b80e8348,180325003,Electrical cardioversion,17797.03,49436004,Atrial Fibrillation
2012-08-26,caec6a82-a9b3-4441-8218-cc33309e790d,58b174e5-e489-458e-86d5-a55a4e7c6cf9,180325003,Electrical cardioversion,27304.74,49436004,Atrial Fibrillation
2013-09-01,caec6a82-a9b3-4441-8218-cc33309e790d,64951166-c035-4df6-a0fe-59935955bd17,18286008,Catheter ablation of tissue of heart,9934.19,49436004,Atrial Fibrillation
2014-09-07,caec6a82-a9b3-4441-8218-cc33309e790d,6888edcc-8eab-489d-b9ee-f7bb3511757f,180325003,Electrical cardioversion,23652.69,49436004,Atrial Fibrillation
2015-09-13,caec6a82-a9b3-4441-8218-cc33309e790d,87410cbf-d563-4bcc-ac6a-670bc039bd88,180325003,Electrical cardioversion,27847.71,49436004,Atrial Fibrillation
2016-09-18,caec6a82-a9b3-4441-8218-cc33309e790d,be0a6f3d-bd82-4911-8b4f-f4dfa9463aa9,180325003,Electrical cardioversion,34978.32,49436004,Atrial Fibrillation
2017-09-24,caec6a82-a9b3-4441-8218-cc33309e790d,a5cef97d-674e-4ab8-99d7-01ab880fcedd,180325003,Electrical cardioversion,41284.34,49436004,Atrial Fibrillation
2018-09-30,caec6a82-a9b3-4441-8218-cc33309e790d,552de682-c2e2-40f3-af5d-22bd62e9fc52,18286008,Catheter ablation of tissue of heart,9214.24,49436004,Atrial Fibrillation
2019-10-06,caec6a82-a9b3-4441-8218-cc33309e790d,35fb82f9-3e4d-4fb8-a6b1-827cf5041dfc,180325003,Electrical cardioversion,36920.96,49436004,Atrial Fibrillation
2001-03-22,6d062c19-b53c-4eef-80b4-a43254c28ce5,f20480ee-ee1a-43d3-96b1-d9ef8d6a3e30,40701008,Echocardiography (procedure),1728.20,22298006,Myocardial Infarction
2001-03-22,6d062c19-b53c-4eef-80b4-a43254c28ce5,f20480ee-ee1a-43d3-96b1-d9ef8d6a3e30,415070008,Percutaneous coronary intervention,18747.15,22298006,Myocardial Infarction
2001-03-22,6d062c19-b53c-4eef-80b4-a43254c28ce5,f20480ee-ee1a-43d3-96b1-d9ef8d6a3e30,232717009,Coronary artery bypass grafting,50453.43,22298006,Myocardial Infarction
2018-08-24,41039313-c824-4444-b525-f9ef6ea9fab4,a361e474-7e1c-4287-bf96-2f7ece3391c8,180325003,Electrical cardioversion,41424.16,49436004,Atrial Fibrillation
2019-08-30,41039313-c824-4444-b525-f9ef6ea9fab4,cb0c2073-6838-452e-8faa-1165a305926b,180325003,Electrical cardioversion,26280.16,49436004,Atrial Fibrillation
2019-06-05,582e14cd-4735-4816-b494-ea890f34915e,4aea37f5-7547-4a8b-a7e2-cb5c1ece55ba,180325003,Electrical cardioversion,27317.90,49436004,Atrial Fibrillation
2011-04-20,dd0316c6-18b7-4f88-b365-c6b49f5dd6e7,9a482141-207f-4b26-b2c0-66f8b6fca3c5,40701008,Echocardiography (procedure),931.63,230690007,Stroke
2011-04-20,dd0316c6-18b7-4f88-b365-c6b49f5dd6e7,9a482141-207f-4b26-b2c0-66f8b6fca3c5,433112001,Percutaneous mechanical thrombectomy of portal vein using fluoroscopic guidance,20168.48,230690007,Stroke
2017-01-21,b43b1e2f-31a8-4a3e-9ff7-62b68ebfc427,90cdf1e9-de42-481e-8955-7b356dda9898,40701008,Echocardiography (procedure),884.25,410429000,Cardiac Arrest
2017-01-21,b43b1e2f-31a8-4a3e-9ff7-62b68ebfc427,90cdf1e9-de42-481e-8955-7b356dda9898,447365002,Insertion of biventricular implantable cardioverter defibrillator,29295.57,410429000,Cardiac Arrest
2017-01-21,b43b1e2f-31a8-4a3e-9ff7-62b68ebfc427,90cdf1e9-de42-481e-8955-7b356dda9898,18286008,Catheter ablation of tissue of heart,7888.98,410429000,Cardiac Arrest
2010-09-28,da0c2b51-d722-4e89-9cb0-3f13d6e78342,56e5dc02-1cbf-46c3-a669-449c16d60f8a,180325003,Electrical cardioversion,25666.48,49436004,Atrial Fibrillation
2011-10-04,da0c2b51-d722-4e89-9cb0-3f13d6e78342,98aa8c69-1681-4de1-875c-689103f80f45,180325003,Electrical cardioversion,35881.42,49436004,Atrial Fibrillation
2012-10-09,da0c2b51-d722-4e89-9cb0-3f13d6e78342,8c034253-32b8-4b0b-8946-bdec97fefad9,180325003,Electrical cardioversion,23789.04,49436004,Atrial Fibrillation
2013-10-15,da0c2b51-d722-4e89-9cb0-3f13d6e78342,43d83e2a-0d25-42ff-853d-081664bdd507,180325003,Electrical cardioversion,23567.09,49436004,Atrial Fibrillation
2014-10-21,da0c2b51-d722-4e89-9cb0-3f13d6e78342,7070e009-009f-4c0d-9bca-1c687641a7b9,18286008,Catheter ablation of tissue of heart,9581.93,49436004,Atrial Fibrillation
2015-10-27,da0c2b51-d722-4e89-9cb0-3f13d6e78342,79d6ab64-4576-42b3-8b59-22b762757275,180325003,Electrical cardioversion,37555.30,49436004,Atrial Fibrillation
2016-11-01,da0c2b51-d722-4e89-9cb0-3f13d6e78342,b0f9422f-2234-4297-b27b-aa0c1385b1cf,180325003,Electrical cardioversion,25878.47,49436004,Atrial Fibrillation
2017-11-07,da0c2b51-d722-4e89-9cb0-3f13d6e78342,01694ea1-035c-4c22-8279-4e47e31c9ac8,180325003,Electrical cardioversion,29749.39,49436004,Atrial Fibrillation
2018-08-14,da0c2b51-d722-4e89-9cb0-3f13d6e78342,dec977b1-347f-4103-86c6-295c863dca29,40701008,Echocardiography (procedure),1727.31,230690007,Stroke
2018-08-14,da0c2b51-d722-4e89-9cb0-3f13d6e78342,dec977b1-347f-4103-86c6-295c863dca29,433112001,Percutaneous mechanical thrombectomy of portal vein using fluoroscopic guidance,23421.30,230690007,Stroke
2018-11-13,da0c2b51-d722-4e89-9cb0-3f13d6e78342,c414f849-e972-4bdc-8462-0cddef1a917e,180325003,Electrical cardioversion,36116.53,49436004,Atrial Fibrillation
2019-11-19,da0c2b51-d722-4e89-9cb0-3f13d6e78342,b44f1d0e-79f1-4fb6-88af-3c72ea9166a3,180325003,Electrical cardioversion,29167.09,49436004,Atrial Fibrillation
2011-11-01,65f4e7f7-fa88-448e-a656-7047d2cf4545,074bfd31-82d8-4c5a-8580-529f74d3ec6f,180325003,Electrical cardioversion,27529.77,49436004,Atrial Fibrillation
2012-11-06,65f4e7f7-fa88-448e-a656-7047d2cf4545,2ceeb718-b5d9-4822-b4a6-0f1b0d473ded,180325003,Electrical cardioversion,16823.58,49436004,Atrial Fibrillation
2013-11-12,65f4e7f7-fa88-448e-a656-7047d2cf4545,5bb0dba9-b4b5-4c4e-a186-fb4bd7de5ebb,18286008,Catheter ablation of tissue of heart,6301.20,49436004,Atrial Fibrillation
2014-11-18,65f4e7f7-fa88-448e-a656-7047d2cf4545,4c261752-d9d9-48c5-81a3-4c0fda7edaa8,180325003,Electrical cardioversion,32890.98,49436004,Atrial Fibrillation
2015-11-24,65f4e7f7-fa88-448e-a656-7047d2cf4545,dbdf4f7d-7c7a-4cc8-917e-813b353f4db1,180325003,Electrical cardioversion,25498.94,49436004,Atrial Fibrillation
2016-11-29,65f4e7f7-fa88-448e-a656-7047d2cf4545,7a31370b-f776-4bdf-bb64-37480b7b96e4,180325003,Electrical cardioversion,34336.33,49436004,Atrial Fibrillation
2017-12-05,65f4e7f7-fa88-448e-a656-7047d2cf4545,99e69491-4765-4c23-a991-837ad70b2ffa,180325003,Electrical cardioversion,32434.58,49436004,Atrial Fibrillation
2018-12-11,65f4e7f7-fa88-448e-a656-7047d2cf4545,cd4b3b3c-dc5f-41f0-9393-61e0b12311b1,180325003,Electrical cardioversion,29128.06,49436004,Atrial Fibrillation
2019-12-17,65f4e7f7-fa88-448e-a656-7047d2cf4545,1095d3dd-9df9-4185-8875-85eb6c5d5176,180325003,Electrical cardioversion,25953.39,49436004,Atrial Fibrillation
2012-07-05,d39a7cd4-8e25-43c0-bd9a-87dbca62346e,a9e9f1fe-7ed9-489d-a230-c6e11e0c48b6,40701008,Echocardiography (procedure),567.90,410429000,Cardiac Arrest
2012-07-05,d39a7cd4-8e25-43c0-bd9a-87dbca62346e,a9e9f1fe-7ed9-489d-a230-c6e11e0c48b6,447365002,Insertion of biventricular implantable cardioverter defibrillator,34750.92,410429000,Cardiac Arrest
2012-07-05,d39a7cd4-8e25-43c0-bd9a-87dbca62346e,a9e9f1fe-7ed9-489d-a230-c6e11e0c48b6,18286008,Catheter ablation of tissue of heart,6647.14,410429000,Cardiac Arrest
2011-09-27,22516601-7bfa-419c-b978-8c4f0e431637,cf5bb184-d3a7-4c59-ad18-715a0328e573,180325003,Electrical cardioversion,32042.63,49436004,Atrial Fibrillation
2012-10-02,22516601-7bfa-419c-b978-8c4f0e431637,b375b950-48e0-471f-9afc-4bcd384b57e4,180325003,Electrical cardioversion,31605.99,49436004,Atrial Fibrillation
2013-10-08,22516601-7bfa-419c-b978-8c4f0e431637,c519f32a-9934-41e3-8520-dd44c17a60dc,18286008,Catheter ablation of tissue of heart,13998.22,49436004,Atrial Fibrillation
2014-10-14,22516601-7bfa-419c-b978-8c4f0e431637,787243a5-a740-4eda-8b96-6443bf82ae3a,180325003,Electrical cardioversion,33038.21,49436004,Atrial Fibrillation
2015-10-20,22516601-7bfa-419c-b978-8c4f0e431637,1e0843eb-1ab8-4266-90f2-dd1443572999,180325003,Electrical cardioversion,22317.14,49436004,Atrial Fibrillation
2016-10-25,22516601-7bfa-419c-b978-8c4f0e431637,6cc9db3b-7296-449e-8133-94d1a526ce5a,180325003,Electrical cardioversion,28746.71,49436004,Atrial Fibrillation
2017-10-31,22516601-7bfa-419c-b978-8c4f0e431637,253167bb-0438-44aa-b397-a6da72ff8094,180325003,Electrical cardioversion,23048.22,49436004,Atrial Fibrillation
2018-11-06,22516601-7bfa-419c-b978-8c4f0e431637,8d172fae-e933-4b0b-9e69-b327285ce5ed,180325003,Electrical cardioversion,29923.02,49436004,Atrial Fibrillation
2019-11-12,22516601-7bfa-419c-b978-8c4f0e431637,fea3929f-ee1e-4dca-b00d-e32f1461b73f,180325003,Electrical cardioversion,26087.52,49436004,Atrial Fibrillation
2016-05-10,c4eb2a7b-0215-4a26-b39a-9492fe56a0d9,25f6be03-24b2-43c5-ad83-43c6eb57cebd,180325003,Electrical cardioversion,16008.92,49436004,Atrial Fibrillation
2017-05-16,c4eb2a7b-0215-4a26-b39a-9492fe56a0d9,39b0dd3c-8b52-4da1-a4c0-a6613dd16c76,18286008,Catheter ablation of tissue of heart,5844.89,49436004,Atrial Fibrillation
2018-05-22,c4eb2a7b-0215-4a26-b39a-9492fe56a0d9,79337bf5-f3cf-4e37-824a-b5318d5b8f3e,18286008,Catheter ablation of tissue of heart,13486.90,49436004,Atrial Fibrillation
2019-05-28,c4eb2a7b-0215-4a26-b39a-9492fe56a0d9,12f21fc9-4ae1-4db1-8144-f19f901108ba,180325003,Electrical cardioversion,35809.00,49436004,Atrial Fibrillation
