Id,ORGANIZATION,NAME,GENDER,SPECIALITY,ADDRESS,CITY,STATE,ZIP,LAT,LON,UTILIZATION
4d28e0d0-1d8d-3db4-99ce-a7390167db0b,319baef9-e8e6-3320-9e0b-7991d9c167b8,Maria-Liisa Koskelo,F,GENERAL PRACTICE,Haartmaninkatu 4,Helsinki,18,00290,60.189159,24.909081,2
2f1590ed-54c6-31e0-aec0-ebebef452db5,39010280-b8e5-3b1a-b835-bafbeea21968,Khadar Yussuf,F,GENERAL PRACTICE,Turuntie 150,Espoo,18,02740,60.22589,24.77581,1
32943ed5-f4df-3c49-99de-26e45a2e6af9,8af774ed-7635-320a-ad8c-a63aa309a858,Arri Kurran-Kuusela,M,GENERAL PRACTICE,Sairaalatie 8,Lohja,18,08200,60.2247,24.01885,2
cdf93379-76bb-3014-bf72-c3c685a55fad,d8b3cbb1-88db-3fc1-bb2b-6a9c0037e6e5,Damian Sanchez,M,GENERAL PRACTICE,Sairaalantie 1,Porvoo,18,06200,60.37911,25.69576,1
74124e01-6122-3e32-995a-cfefd78bba1c,738aef7e-a279-3f65-9dba-fead16b27400,Milja-Maria Kentala,F,GENERAL PRACTICE,Turuntie 150,Espoo,18,02740,60.22589,24.77581,1321
34fc4bba-6cb0-3b35-8cc0-b5b8c657ed6e,9a3e6919-4ed0-32fe-a1e2-7184b06c415f,Kauri Verlin,M,GENERAL PRACTICE,Karvasmäentie 6,Espoo,18,02740,60.22011,24.6848,534
a135e1cd-da62-336c-8efa-7396e8f6411f,a70486b2-c33a-37b3-a4cf-b3dc06cb9d84,Bashir Laak,F,GENERAL PRACTICE,Sairaalakatu 1,Vantaa,18,01400,60.3299,25.0608,956
de6ddb78-a5e4-3b5d-b75c-57b99710f27d,bf25636d-50a4-3cf2-b937-0e59fd37503f,Maria-Liisa Koskelo,F,GENERAL PRACTICE,Sairaalankatu 1,Hyvinkää,18,05830,60.612,24.82486,210
e43f7546-fa60-3c3a-b45e-e0a8e0c88756,4eddd774-a01b-3a0b-b4c6-736a5581aba4,Yang Poutanen,M,GENERAL PRACTICE,Ohkolantie 10,Kellokoski,18,04500,60.53054,25.10548,192
ee234188-c5f6-3ad7-83ea-bb994f7f9fa0,942171f0-df04-34cc-9c85-1a11b2f08717,Taria Hauta,F,GENERAL PRACTICE,Sairaalatie 8,Lohja,18,08200,60.2247,24.01885,431
6d4da791-981b-3f6f-839a-681a5e2a0200,216a84b2-6287-356d-9bcf-655abf00debb,Annabell Ylisalo,F,GENERAL PRACTICE,Sairaalantie 1,Porvoo,18,06200,60.37911,25.69576,322
c2a72c44-2d13-3c70-9e05-4c028dfd92ca,319baef9-e8e6-3320-9e0b-7991d9c167b8,Milja-Maria Kentala,F,GENERAL PRACTICE,Haartmaninkatu 4,Helsinki,18,00290,60.189159,24.909081,3
04ae5052-11f8-38bc-be54-0f58be5fe175,7b74aa83-5335-38dd-a213-d6df36c7f627,Maria-Liisa Koskelo,F,GENERAL PRACTICE,Karvasmäentie 6,Espoo,18,02740,60.22011,24.6848,1
48781dce-9251-3c7e-a2ca-4090003a3506,8af774ed-7635-320a-ad8c-a63aa309a858,Annabell Ylisalo,F,GENERAL PRACTICE,Sairaalatie 8,Lohja,18,08200,60.2247,24.01885,1
