location_id,address_1,address_2,city,state,zip,county,location_source_value
1555,148 Prihti Katu,,Helsinki,Uusimaa,00420,Helsinki,b6f32ac0-f6c0-4df9-8754-031949f394c1
1556,764 Kaipomäki Katu,,Nurmijärvi,Uusimaa,01940,Nurmijärvi,a22ece88-44c4-4505-b8d9-83007d8489d7
1557,988 Reinistö Katu,,Hyvinkää,Uusimaa,05460,Hyvinkää,a25ced55-a19d-4548-9d43-1feb059a71fc
1558,836 Majoinen Katu Apt 85,,Porvoo,Uusimaa,07130,Porvoo,ebb640db-ec6b-4e90-98de-67ab94a32c40
1559,245 Jolma Katu,,Vantaa,Uusimaa,01490,Vantaa,20ed8bee-f636-4e97-9600-91a7239b12d2
1560,1011 Välilehto Katu Unit 17,,Espoo,Uusimaa,02740,Espoo,490cb520-565c-4df8-9c99-5dbbe4a43256
1561,381 Baran Katu Apt 92,,Espoo,Uusimaa,02610,Espoo,d8fcb0f5-a57f-42b4-ab31-5738136353fd
1562,861 Pelo Katu Apt 17,,Helsinki,Uusimaa,00320,Helsinki,c3f5df5d-d812-47df-baf5-12d20c74fac0
1563,127 Raikaa Katu Apt 16,,Kauniainen,Uusimaa,02700,Kauniainen,c6f0b576-d047-40c9-a857-c9a08ec69e1d
1564,1011 Rinttilä Katu Apt 8,,Helsinki,Uusimaa,00840,Helsinki,5340d6e0-fac2-4069-bace-c417cf3acff3
1565,202 Sarvijärvi Katu,,Vantaa,Uusimaa,01710,Vantaa,fa679baa-eade-42d9-9def-69057f00e807
1566,841 Kottila Katu,,Helsinki,Uusimaa,00230,Helsinki,62588c3a-8524-48a1-bf44-7530eaf0b941
1567,298 Torsti Katu,,Porvoo,Uusimaa,07320,Porvoo,289ae795-bd9b-46d9-8df1-70ef097de671
1568,791 Koimäki Katu Apt 66,,Vantaa,Uusimaa,01760,Vantaa,63f889b2-3a1a-4a3c-9d5b-28e64687203d
1569,567 Kumanto Katu Unit 24,,Helsinki,Uusimaa,00770,Helsinki,e059628b-a83d-441d-883b-5808eaab96a2
1570,227 Länsikallio Katu Suite 58,,Porvoo,Uusimaa,06950,Porvoo,8e494c3f-18eb-43ef-95ef-25c80bba275b
1571,247 Mäki-Ontto Katu,,Helsinki,Uusimaa,00540,Helsinki,b9aa6ce6-e1ee-4b77-b8c5-4603c3f83629
1572,991 Korsbäck Katu,,Helsinki,Uusimaa,00790,Helsinki,afbed943-535c-49c1-9c0a-14e006ff8c54
1573,1098 Uusiheimala Katu,,Helsinki,Uusimaa,00430,Helsinki,5cc5bd29-99b0-47ab-bc4a-ec84643189d8
1574,360 Nokua Katu,,Helsinki,Uusimaa,00740,Helsinki,54209af2-7e9b-4917-acfb-6dca36258640
1575,753 Järvirova Katu Apt 40,,Porvoo,Uusimaa,06400,Porvoo,300a6152-d81c-46c4-b7f8-f324c8f132b0
1576,1067 Evikoski Katu Suite 45,,Helsinki,Uusimaa,00330,Helsinki,117a5cb7-7ba6-4be7-892b-19b77b88b3e8
1577,525 Miihkinen Katu Apt 32,,Vantaa,Uusimaa,01640,Vantaa,b69443b4-8345-4a93-af11-7fc7c584a4ed
1578,999 Latva-Äijö Katu,,Porvoo,Uusimaa,07310,Porvoo,e56d881f-6d78-47c4-b6f1-c4ede580ad76
1579,112 Kajanto Katu Unit 71,,Espoo,Uusimaa,02780,Espoo,86a482ea-8f4a-4e55-86d7-074221ccd35c
1580,206 Tennilä Katu Unit 84,,Vantaa,Uusimaa,01300,Vantaa,93c93230-1c73-4f6c-81b4-d95cfcfb1502
1581,974 Isohaka Katu Apt 67,,Tuusula,Uusimaa,04380,Tuusula,521cb267-ae58-46af-a31b-2b3be6646f91
1582,662 Uusikangas Katu Suite 33,,Helsinki,Uusimaa,00720,Helsinki,96bc0e7e-2ddb-4707-aa96-d78709bd5c04
1583,686 Sarapää Katu Unit 41,,Lohja,Uusimaa,08450,Lohja,2dff2f30-a901-4692-a06f-ad0d4f094499
1584,107 Karjala Katu Unit 88,,Nurmijärvi,Uusimaa,05200,Nurmijärvi,1767ce53-3343-464d-b90f-8c64a93829d7
1585,1035 Keskiniva Katu Unit 59,,Tuusula,Uusimaa,04340,Tuusula,0e59ce51-5fd4-43fa-8020-4862fc2c7fc5
1586,292 Leistiö Katu Suite 7,,Nurmijärvi,Uusimaa,05450,Nurmijärvi,01f922a6-873f-4928-90b7-4790f1907bd6
1587,431 Mutkala Katu,,Helsinki,Uusimaa,00440,Helsinki,8701f103-37ec-4729-9f4e-4a9ed168b2da
1588,632 Kettumäki Katu Unit 8,,Raasepori,Uusimaa,10350,Raasepori,a2673229-3c53-4b6c-a876-0c02644f7996
1589,158 Vehnämäki Katu,,Helsinki,Uusimaa,00890,Helsinki,816894bd-f08c-4476-9d49-baef32bf15bd
1590,253 Neittaanmäki Katu Unit 72,,Helsinki,Uusimaa,00390,Helsinki,d8469f54-4256-463d-ae39-bdda86f2f340
1591,967 Karvo Katu Unit 13,,Helsinki,Uusimaa,00690,Helsinki,4e5ac83e-d347-4b3f-8da6-3665347f11f3
1592,1045 Tienpää Katu Suite 63,,Helsinki,Uusimaa,00410,Helsinki,352f2992-ff9c-433c-bc96-93b456c50941
1593,892 Lo Katu,,Vantaa,Uusimaa,01510,Vantaa,328b5d4b-197c-4bc5-adc9-f22c3a9b3572
1594,179 Ruutikainen Katu Apt 43,,Espoo,Uusimaa,02730,Espoo,cf7aaf9c-cec0-4b4c-9bda-9b15114821c7
1595,270 Valtiala Katu,,Espoo,Uusimaa,02360,Espoo,b135c486-2c5d-4573-be7e-c96f50d067e7
1596,202 Laihiainen Katu,,Helsinki,Uusimaa,00280,Helsinki,e8d650d9-ab43-4198-bbd0-11688ae7a3c0
1597,829 Kallionkieli Katu Apt 46,,Pornainen,Uusimaa,07150,Pornainen,552f27ad-c85f-48a6-abbf-fdec338b45c1
1598,616 Viertonen Katu,,Helsinki,Uusimaa,00240,Helsinki,da8b701a-b90f-4d41-be45-29f664810adb
1599,823 Ojuri Katu Apt 20,,Helsinki,Uusimaa,00820,Helsinki,6b77c37b-ef5e-483b-bec8-94eec448ea4d
1600,420 Haapsamo Katu,,Tuusula,Uusimaa,05430,Tuusula,60a7c0b1-902b-4c94-828f-cfca9ae1d5f2
1601,567 Yli-Alho Katu,,Helsinki,Uusimaa,00830,Helsinki,9148fce6-82c6-4d47-8be5-9c59f5313152
1602,651 Onatsu Katu,,Helsinki,Uusimaa,00430,Helsinki,cb10ee22-8029-48ce-ad47-aa8bf2739c61
1603,991 Puonti Katu,,Espoo,Uusimaa,02360,Espoo,ff35829a-7f04-4bbc-ae2f-cc3dc6b506cd
1604,452 Tarujoki Katu Apt 45,,Lohja,Uusimaa,08680,Lohja,c960aba3-d10a-4989-8b4e-23e6b7a90d29
1605,924 Rasilainen Katu Apt 85,,Helsinki,Uusimaa,00220,Helsinki,9e0a1310-8548-4561-8f8c-84a5e4058740
1606,350 Grof Katu,,Helsinki,Uusimaa,00190,Helsinki,1032ce73-b065-48fb-a89f-127f7c71570b
1607,724 Kiljunen Katu Suite 29,,Vantaa,Uusimaa,01740,Vantaa,7ea83985-d52c-4d37-a7af-3983ce8f8deb
1608,951 Likitalo Katu Suite 55,,Helsinki,Uusimaa,00790,Helsinki,2db337e4-daf5-4d7d-9c4a-e0609ba30b5b
1609,965 Lamu Katu,,Kirkkonummi,Uusimaa,02540,Kirkkonummi,0bf50dc6-26f4-4974-a043-f54bb2e0e41e
1610,563 Takasuo Katu Unit 13,,Helsinki,Uusimaa,00220,Helsinki,2da9e69d-d904-461b-9708-97b3e42df486
1611,847 Värn Katu,,Vantaa,Uusimaa,01700,Vantaa,cbbbfa8d-ea42-47f4-8cc4-3793e4e9c0a5
1612,867 Kent Katu,,Karkkila,Uusimaa,03620,Karkkila,e96511db-69c2-46dd-8315-d9c131833874
1613,421 Vara Katu Apt 64,,Helsinki,Uusimaa,00860,Helsinki,0f7bc7f1-a4e3-45be-8a6c-5781e991cbfe
1614,1021 Laajakallio Katu Unit 3,,Helsinki,Uusimaa,00170,Helsinki,bce37158-7adf-4ae3-ac4b-d4f42d28fc06
1615,930 Lindborg Katu Apt 52,,Hyvinkää,Uusimaa,05440,Hyvinkää,fd8e52d9-6be9-4365-91e6-fb3aff9c8971
1616,291 Airamaa Katu Apt 93,,Helsinki,Uusimaa,00230,Helsinki,411b9bb3-9e7d-4f5e-89b4-1aaa014b277b
1617,647 Pylvänen Katu,,Kauniainen,Uusimaa,02700,Kauniainen,4d311053-ba66-4428-82ca-0b2dc3dff10e
1618,890 Itäranta Katu Apt 15,,Hyvinkää,Uusimaa,05900,Hyvinkää,82a51071-7a44-46d6-b9f1-7792aad2f65f
1619,180 Lääveri Katu,,Vantaa,Uusimaa,01350,Vantaa,ec387500-4f8a-4fd4-bff3-5c01b5c14a21
1620,550 Ylituomaala Katu,,Helsinki,Uusimaa,00850,Helsinki,bd734ad2-a082-42cd-ae67-1b7a133ff903
1621,1050 Viirre Katu,,Nurmijärvi,Uusimaa,01900,Nurmijärvi,4a62acd4-e162-43e7-8182-53bed47b74a4
1622,687 Hukkila Katu Suite 39,,Helsinki,Uusimaa,00950,Helsinki,5cd3ba92-679e-4469-a6c2-1b29d76dc614
1623,401 Feldt Katu,,Helsinki,Uusimaa,00510,Helsinki,8257bbb8-219b-41f9-8381-d7bd059dce94
1624,956 Remula Katu,,Espoo,Uusimaa,02710,Espoo,8b6b11c3-bb3e-4e87-a407-28385cbbdde2
1625,442 Andronoff Katu Unit 60,,Espoo,Uusimaa,02210,Espoo,7d952409-5cf5-4c8b-b362-cefbf1466b4a
1626,1004 Freese Katu Unit 35,,Hyvinkää,Uusimaa,05820,Hyvinkää,1a0560c5-63ec-46c3-82d1-ff065fc59bd4
1627,132 Äärelä Katu,,Helsinki,Uusimaa,00690,Helsinki,bb454c29-8644-47fc-925d-9b626048f409
1628,759 Pöllä Katu,,Helsinki,Uusimaa,00870,Helsinki,d4b35b98-0591-40f1-9871-e06c83d900cd
1629,645 Jylhänkangas Katu Suite 28,,Kirkkonummi,Uusimaa,02470,Kirkkonummi,fce4160d-eacc-4d63-bc9c-e0ae580ad6a8
1630,436 Harberg Katu Unit 48,,Helsinki,Uusimaa,00860,Helsinki,0e6396b0-ea08-4d5c-9f9d-bf8766ffb651
1631,521 Maaninen Katu,,Siuntio,Uusimaa,02490,Siuntio,37b32457-6e78-4ede-90f2-ca521f3ca404
1632,796 Peromaa Katu,,Kauniainen,Uusimaa,02700,Kauniainen,e24cb950-c5d0-4a07-99d3-76086c81e8ab
1633,368 Kaatrakoski Katu,,Helsinki,Uusimaa,00130,Helsinki,91c7513d-531e-48ab-b850-3e4550288bc4
1634,1087 Nelson Katu,,Vihti,Uusimaa,03790,Vihti,a5221a81-b70a-4684-8a62-80d7484f278f
1635,621 Fältberg Katu Unit 46,,Espoo,Uusimaa,02290,Espoo,5b4af8e9-3bc0-4ac9-a059-03a98d1b52ee
1636,1076 Rasanen Katu,,Helsinki,Uusimaa,00320,Helsinki,d5761374-bb6e-42c7-ad29-17a58147e4be
1637,611 Kupsala Katu,,Helsinki,Uusimaa,00840,Helsinki,53aac0af-5aa2-4969-8d4d-7e8e51f800a4
1638,458 Kaunonen Katu Apt 61,,Helsinki,Uusimaa,00910,Helsinki,f1b89581-2003-4bd3-9ceb-2b990cb8b39d
1639,377 Ärmänen Katu Apt 57,,Järvenpää,Uusimaa,04440,Järvenpää,116b5efb-46ed-4e77-93b8-75b545a4534c
1640,873 Siironen Katu,,Espoo,Uusimaa,02740,Espoo,4f95bd55-e20b-4f6c-9a00-e019afc63227
1641,796 Kannala Katu Suite 37,,Helsinki,Uusimaa,00420,Helsinki,74e3b91f-fd91-4677-baef-aacde678b92d
1642,1090 Salomäki Katu Suite 32,,Hyvinkää,Uusimaa,05830,Hyvinkää,f8d8d9c9-b25d-4efe-8771-bdb573d6d54a
1643,833 Kopperi Katu Apt 72,,Helsinki,Uusimaa,00100,Helsinki,4f161059-cd7c-4bb2-8388-ac2b54a49baf
1644,1017 Hagelstam Katu,,Helsinki,Uusimaa,00870,Helsinki,b76e13c3-33f4-45b4-a00b-806c0c221d3d
1645,133 Post Katu Suite 76,,Helsinki,Uusimaa,00100,Helsinki,86ec86ab-885b-4b21-984d-8ca044838eaa
1646,749 Lähtinen Katu,,Porvoo,Uusimaa,07390,Porvoo,2ab038ae-7775-4401-8447-e08ad5f95c45
1647,492 Kronvall Katu Suite 99,,Espoo,Uusimaa,02760,Espoo,ad0b89fd-4a1c-4cf9-bf76-00641080c57f
1648,1002 Purakasmäki Katu Unit 44,,Espoo,Uusimaa,02940,Espoo,32e2e931-345a-45aa-9ee6-7bb47ba2ac9a
1649,525 Ingerström Katu Suite 74,,Espoo,Uusimaa,02660,Espoo,dfb5f3c1-5508-44e0-8f47-3a611d8f8852
1650,931 Fadjukoff Katu Unit 69,,Helsinki,Uusimaa,00420,Helsinki,a3c78df0-cbe4-4b63-a9b4-a0dba61435fe
1651,949 Halm Katu,,Vihti,Uusimaa,03300,Vihti,15ca94d8-d7f8-4249-a0ab-4ea5462031b3
1652,636 Tyyvi Katu Apt 32,,Espoo,Uusimaa,02130,Espoo,c0e029d0-0e3f-4445-8ff2-6c1682f2b46b
1653,908 Aivio Katu Unit 66,,Vantaa,Uusimaa,01370,Vantaa,1a0f1b6b-58cb-4118-b581-640ab8ba1808
1654,177 Sivén Katu,,Kirkkonummi,Uusimaa,02540,Kirkkonummi,9f95057d-3eac-41be-b798-c8e1fe548c4b
1655,502 Rogers Katu Apt 70,,Helsinki,Uusimaa,00210,Helsinki,a29015b4-0a5d-4e14-b288-952d1e85f248
