person_id,gender_concept_id,year_of_birth,month_of_birth,day_of_birth,birth_datetime,race_concept_id,ethnicity_concept_id,location_id,provider_id,care_site_id,person_source_value,gender_source_value,gender_source_concept_id,race_source_value,race_source_concept_id,ethnicity_source_value,ethnicity_source_concept_id
1555,8532,2006,1,7,,8527,0,1555,,,b6f32ac0-f6c0-4df9-8754-031949f394c1,F,0,white,0,nonhispanic,0
1556,8507,2004,4,9,,8527,0,1556,,,a22ece88-44c4-4505-b8d9-83007d8489d7,M,0,white,0,nonhispanic,0
1557,8507,2006,9,29,,8527,0,1557,,,a25ced55-a19d-4548-9d43-1feb059a71fc,M,0,white,0,nonhispanic,0
1558,8532,1997,3,1,,8527,0,1558,,,ebb640db-ec6b-4e90-98de-67ab94a32c40,F,0,white,0,nonhispanic,0
1559,8532,1993,6,12,,8527,0,1559,,,20ed8bee-f636-4e97-9600-91a7239b12d2,F,0,white,0,nonhispanic,0
1560,8507,2013,12,31,,8527,0,1560,,,490cb520-565c-4df8-9c99-5dbbe4a43256,M,0,white,0,nonhispanic,0
1561,8507,2007,12,26,,8527,0,1561,,,d8fcb0f5-a57f-42b4-ab31-5738136353fd,M,0,white,0,nonhispanic,0
1562,8532,1982,5,9,,8527,0,1562,,,c3f5df5d-d812-47df-baf5-12d20c74fac0,F,0,white,0,nonhispanic,0
1563,8532,2003,2,20,,8527,0,1563,,,c6f0b576-d047-40c9-a857-c9a08ec69e1d,F,0,white,0,nonhispanic,0
1564,8507,2003,4,1,,8527,0,1564,,,5340d6e0-fac2-4069-bace-c417cf3acff3,M,0,white,0,nonhispanic,0
1565,8507,2008,7,29,,8527,0,1565,,,fa679baa-eade-42d9-9def-69057f00e807,M,0,white,0,nonhispanic,0
1566,8532,1985,5,22,,8527,0,1566,,,62588c3a-8524-48a1-bf44-7530eaf0b941,F,0,white,0,nonhispanic,0
1567,8532,1961,4,30,,8527,0,1567,,,289ae795-bd9b-46d9-8df1-70ef097de671,F,0,white,0,nonhispanic,0
1568,8532,2002,3,22,,8527,0,1568,,,63f889b2-3a1a-4a3c-9d5b-28e64687203d,F,0,white,0,nonhispanic,0
1569,8532,1953,3,7,,8527,0,1569,,,e059628b-a83d-441d-883b-5808eaab96a2,F,0,white,0,nonhispanic,0
1570,8532,1968,10,7,,8527,0,1570,,,8e494c3f-18eb-43ef-95ef-25c80bba275b,F,0,white,0,nonhispanic,0
1571,8507,2007,3,29,,8527,0,1571,,,b9aa6ce6-e1ee-4b77-b8c5-4603c3f83629,M,0,white,0,nonhispanic,0
1572,8532,2002,2,24,,8527,0,1572,,,afbed943-535c-49c1-9c0a-14e006ff8c54,F,0,white,0,nonhispanic,0
1573,8532,2014,11,20,,8527,0,1573,,,5cc5bd29-99b0-47ab-bc4a-ec84643189d8,F,0,white,0,nonhispanic,0
1574,8507,1993,5,31,,8527,0,1574,,,54209af2-7e9b-4917-acfb-6dca36258640,M,0,white,0,nonhispanic,0
1575,8532,1953,10,20,,8527,0,1575,,,300a6152-d81c-46c4-b7f8-f324c8f132b0,F,0,white,0,nonhispanic,0
1576,8532,2013,2,6,,8527,0,1576,,,117a5cb7-7ba6-4be7-892b-19b77b88b3e8,F,0,white,0,nonhispanic,0
1577,8532,2004,11,1,,8527,0,1577,,,b69443b4-8345-4a93-af11-7fc7c584a4ed,F,0,white,0,nonhispanic,0
1578,8532,1962,8,19,,8527,0,1578,,,e56d881f-6d78-47c4-b6f1-c4ede580ad76,F,0,white,0,nonhispanic,0
1579,8507,1959,2,19,,8527,0,1579,,,86a482ea-8f4a-4e55-86d7-074221ccd35c,M,0,white,0,nonhispanic,0
1580,8507,2005,12,8,,8527,0,1580,,,93c93230-1c73-4f6c-81b4-d95cfcfb1502,M,0,white,0,nonhispanic,0
1581,8532,1985,10,15,,8527,0,1581,,,521cb267-ae58-46af-a31b-2b3be6646f91,F,0,white,0,nonhispanic,0
1582,8507,1980,5,31,,8527,0,1582,,,96bc0e7e-2ddb-4707-aa96-d78709bd5c04,M,0,white,0,nonhispanic,0
1583,8507,2010,8,31,,8527,0,1583,,,2dff2f30-a901-4692-a06f-ad0d4f094499,M,0,white,0,nonhispanic,0
1584,8532,1961,1,31,,8527,0,1584,,,1767ce53-3343-464d-b90f-8c64a93829d7,F,0,white,0,nonhispanic,0
1585,8532,2015,4,23,,8527,0,1585,,,0e59ce51-5fd4-43fa-8020-4862fc2c7fc5,F,0,white,0,nonhispanic,0
1586,8532,2004,10,25,,8527,0,1586,,,01f922a6-873f-4928-90b7-4790f1907bd6,F,0,white,0,nonhispanic,0
1587,8532,1993,9,5,,8527,0,1587,,,8701f103-37ec-4729-9f4e-4a9ed168b2da,F,0,white,0,nonhispanic,0
1588,8532,1990,10,25,,8527,0,1588,,,a2673229-3c53-4b6c-a876-0c02644f7996,F,0,white,0,nonhispanic,0
1589,8507,1949,2,23,,8527,0,1589,,,816894bd-f08c-4476-9d49-baef32bf15bd,M,0,white,0,nonhispanic,0
1590,8507,2006,6,2,,8527,0,1590,,,d8469f54-4256-463d-ae39-bdda86f2f340,M,0,white,0,nonhispanic,0
1591,8532,2005,6,25,,8527,0,1591,,,4e5ac83e-d347-4b3f-8da6-3665347f11f3,F,0,white,0,nonhispanic,0
1592,8532,1953,3,7,,8527,0,1592,,,352f2992-ff9c-433c-bc96-93b456c50941,F,0,white,0,nonhispanic,0
1593,8532,1983,9,9,,8527,0,1593,,,328b5d4b-197c-4bc5-adc9-f22c3a9b3572,F,0,white,0,nonhispanic,0
1594,8507,1970,10,22,,8527,0,1594,,,cf7aaf9c-cec0-4b4c-9bda-9b15114821c7,M,0,white,0,nonhispanic,0
1595,8532,1952,4,13,,8527,0,1595,,,b135c486-2c5d-4573-be7e-c96f50d067e7,F,0,white,0,nonhispanic,0
1596,8507,1941,11,20,,8527,0,1596,,,e8d650d9-ab43-4198-bbd0-11688ae7a3c0,M,0,white,0,nonhispanic,0
1597,8507,1969,11,14,,8527,0,1597,,,552f27ad-c85f-48a6-abbf-fdec338b45c1,M,0,white,0,nonhispanic,0
1598,8507,2003,3,22,,8527,0,1598,,,da8b701a-b90f-4d41-be45-29f664810adb,M,0,white,0,nonhispanic,0
1599,8507,2011,3,9,,8527,0,1599,,,6b77c37b-ef5e-483b-bec8-94eec448ea4d,M,0,white,0,nonhispanic,0
1600,8507,1940,4,11,,8527,0,1600,,,60a7c0b1-902b-4c94-828f-cfca9ae1d5f2,M,0,white,0,nonhispanic,0
1601,8507,1960,8,25,,8527,0,1601,,,9148fce6-82c6-4d47-8be5-9c59f5313152,M,0,white,0,nonhispanic,0
1602,8532,1962,8,5,,8527,0,1602,,,cb10ee22-8029-48ce-ad47-aa8bf2739c61,F,0,white,0,nonhispanic,0
1603,8532,1950,8,31,,8527,0,1603,,,ff35829a-7f04-4bbc-ae2f-cc3dc6b506cd,F,0,white,0,nonhispanic,0
1604,8507,2005,1,28,,8527,0,1604,,,c960aba3-d10a-4989-8b4e-23e6b7a90d29,M,0,white,0,nonhispanic,0
1605,8507,1950,5,4,,8527,0,1605,,,9e0a1310-8548-4561-8f8c-84a5e4058740,M,0,white,0,nonhispanic,0
1606,8532,1991,1,21,,8527,0,1606,,,1032ce73-b065-48fb-a89f-127f7c71570b,F,0,white,0,nonhispanic,0
1607,8507,1970,3,27,,8527,0,1607,,,7ea83985-d52c-4d37-a7af-3983ce8f8deb,M,0,white,0,nonhispanic,0
1608,8507,1941,11,20,,8527,0,1608,,,2db337e4-daf5-4d7d-9c4a-e0609ba30b5b,M,0,white,0,nonhispanic,0
1609,8507,1951,7,24,,8527,0,1609,,,0bf50dc6-26f4-4974-a043-f54bb2e0e41e,M,0,white,0,nonhispanic,0
1610,8507,2005,2,26,,8527,0,1610,,,2da9e69d-d904-461b-9708-97b3e42df486,M,0,white,0,nonhispanic,0
1611,8532,1957,8,20,,8527,0,1611,,,cbbbfa8d-ea42-47f4-8cc4-3793e4e9c0a5,F,0,white,0,nonhispanic,0
1612,8507,1981,12,5,,8527,0,1612,,,e96511db-69c2-46dd-8315-d9c131833874,M,0,white,0,nonhispanic,0
1613,8532,1951,10,15,,8527,0,1613,,,0f7bc7f1-a4e3-45be-8a6c-5781e991cbfe,F,0,white,0,nonhispanic,0
1614,8532,1990,1,16,,8527,0,1614,,,bce37158-7adf-4ae3-ac4b-d4f42d28fc06,F,0,white,0,nonhispanic,0
1615,8532,2019,1,13,,8527,0,1615,,,fd8e52d9-6be9-4365-91e6-fb3aff9c8971,F,0,white,0,nonhispanic,0
1616,8532,1990,11,12,,8527,0,1616,,,411b9bb3-9e7d-4f5e-89b4-1aaa014b277b,F,0,white,0,nonhispanic,0
1617,8507,1991,9,21,,8527,0,1617,,,4d311053-ba66-4428-82ca-0b2dc3dff10e,M,0,white,0,nonhispanic,0
1618,8532,1994,12,9,,8527,0,1618,,,82a51071-7a44-46d6-b9f1-7792aad2f65f,F,0,white,0,nonhispanic,0
1619,8532,1995,4,23,,8527,0,1619,,,ec387500-4f8a-4fd4-bff3-5c01b5c14a21,F,0,white,0,nonhispanic,0
1620,8532,1954,5,18,,8527,0,1620,,,bd734ad2-a082-42cd-ae67-1b7a133ff903,F,0,white,0,nonhispanic,0
1621,8507,1999,9,16,,8527,0,1621,,,4a62acd4-e162-43e7-8182-53bed47b74a4,M,0,white,0,nonhispanic,0
1622,8507,1976,3,20,,8527,0,1622,,,5cd3ba92-679e-4469-a6c2-1b29d76dc614,M,0,white,0,nonhispanic,0
1623,8507,1982,11,9,,8527,0,1623,,,8257bbb8-219b-41f9-8381-d7bd059dce94,M,0,white,0,nonhispanic,0
1624,8507,1991,5,27,,8527,0,1624,,,8b6b11c3-bb3e-4e87-a407-28385cbbdde2,M,0,white,0,nonhispanic,0
1625,8532,1980,10,28,,8527,0,1625,,,7d952409-5cf5-4c8b-b362-cefbf1466b4a,F,0,white,0,nonhispanic,0
1626,8532,1969,2,11,,8527,0,1626,,,1a0560c5-63ec-46c3-82d1-ff065fc59bd4,F,0,white,0,nonhispanic,0
1627,8532,1970,12,12,,8527,0,1627,,,bb454c29-8644-47fc-925d-9b626048f409,F,0,white,0,nonhispanic,0
1628,8532,1967,3,1,,8527,0,1628,,,d4b35b98-0591-40f1-9871-e06c83d900cd,F,0,white,0,nonhispanic,0
1629,8532,2001,12,21,,8527,0,1629,,,fce4160d-eacc-4d63-bc9c-e0ae580ad6a8,F,0,white,0,nonhispanic,0
1630,8532,1980,9,14,,8527,0,1630,,,0e6396b0-ea08-4d5c-9f9d-bf8766ffb651,F,0,white,0,nonhispanic,0
1631,8507,1944,10,26,,8527,0,1631,,,37b32457-6e78-4ede-90f2-ca521f3ca404,M,0,white,0,nonhispanic,0
1632,8507,1947,9,9,,8527,0,1632,,,e24cb950-c5d0-4a07-99d3-76086c81e8ab,M,0,white,0,nonhispanic,0
1633,8507,2017,6,5,,8527,0,1633,,,91c7513d-531e-48ab-b850-3e4550288bc4,M,0,white,0,nonhispanic,0
1634,8532,2013,7,11,,8527,0,1634,,,a5221a81-b70a-4684-8a62-80d7484f278f,F,0,white,0,nonhispanic,0
1635,8507,1948,12,21,,8527,0,1635,,,5b4af8e9-3bc0-4ac9-a059-03a98d1b52ee,M,0,white,0,nonhispanic,0
1636,8507,1935,10,8,,8527,0,1636,,,d5761374-bb6e-42c7-ad29-17a58147e4be,M,0,white,0,nonhispanic,0
1637,8507,1989,10,16,,8527,0,1637,,,53aac0af-5aa2-4969-8d4d-7e8e51f800a4,M,0,white,0,nonhispanic,0
1638,8532,1993,9,21,,8527,0,1638,,,f1b89581-2003-4bd3-9ceb-2b990cb8b39d,F,0,white,0,nonhispanic,0
1639,8532,1982,6,14,,8527,0,1639,,,116b5efb-46ed-4e77-93b8-75b545a4534c,F,0,white,0,nonhispanic,0
1640,8532,2013,5,24,,8527,0,1640,,,4f95bd55-e20b-4f6c-9a00-e019afc63227,F,0,white,0,nonhispanic,0
1641,8507,1976,9,28,,8527,0,1641,,,74e3b91f-fd91-4677-baef-aacde678b92d,M,0,white,0,nonhispanic,0
1642,8507,1982,7,30,,8527,0,1642,,,f8d8d9c9-b25d-4efe-8771-bdb573d6d54a,M,0,white,0,nonhispanic,0
1643,8532,1967,5,17,,8527,0,1643,,,4f161059-cd7c-4bb2-8388-ac2b54a49baf,F,0,white,0,nonhispanic,0
1644,8507,1998,10,9,,8527,0,1644,,,b76e13c3-33f4-45b4-a00b-806c0c221d3d,M,0,white,0,nonhispanic,0
1645,8507,2006,8,4,,8527,0,1645,,,86ec86ab-885b-4b21-984d-8ca044838eaa,M,0,white,0,nonhispanic,0
1646,8507,2003,11,8,,8527,0,1646,,,2ab038ae-7775-4401-8447-e08ad5f95c45,M,0,white,0,nonhispanic,0
1647,8507,1969,8,29,,8527,0,1647,,,ad0b89fd-4a1c-4cf9-bf76-00641080c57f,M,0,white,0,nonhispanic,0
1648,8507,1953,12,11,,8527,0,1648,,,32e2e931-345a-45aa-9ee6-7bb47ba2ac9a,M,0,white,0,nonhispanic,0
1649,8532,1976,3,18,,8527,0,1649,,,dfb5f3c1-5508-44e0-8f47-3a611d8f8852,F,0,white,0,nonhispanic,0
1650,8532,2005,3,9,,8527,0,1650,,,a3c78df0-cbe4-4b63-a9b4-a0dba61435fe,F,0,white,0,nonhispanic,0
1651,8532,1969,10,2,,8527,0,1651,,,15ca94d8-d7f8-4249-a0ab-4ea5462031b3,F,0,white,0,nonhispanic,0
1652,8532,1980,6,10,,8527,0,1652,,,c0e029d0-0e3f-4445-8ff2-6c1682f2b46b,F,0,white,0,nonhispanic,0
1653,8532,1957,2,6,,8527,0,1653,,,1a0f1b6b-58cb-4118-b581-640ab8ba1808,F,0,white,0,nonhispanic,0
1654,8507,1953,8,9,,8527,0,1654,,,9f95057d-3eac-41be-b798-c8e1fe548c4b,M,0,white,0,nonhispanic,0
1655,8532,1954,11,23,,8527,0,1655,,,a29015b4-0a5d-4e14-b288-952d1e85f248,F,0,white,0,nonhispanic,0
