location_id,address_1,address_2,city,state,zip,county,location_source_value
106,902 Sharif Katu,,Sipoo,Uusimaa,04150,Sipoo,11997d6d-2107-4b80-bea1-d3ada6a512da
107,817 Kaartoaho Katu,,Helsinki,Uusimaa,00320,Helsinki,67001bcb-bd89-4dad-8583-e58b756834a7
108,159 Apiainen Katu,,Hyvinkää,Uusimaa,05810,Hyvinkää,d8e6eea4-01f8-4fc5-948c-d5be791ff0b3
109,1098 Karkinen Katu Suite 25,,Kauniainen,Uusimaa,02700,Kauniainen,204a016e-9547-4488-8456-dc19f38d0e8f
110,339 Vilmi Katu,,Espoo,Uusimaa,02110,Espoo,cae6627d-0b98-4b4d-98ce-207b87f7addf
111,996 Enström Katu,,Helsinki,Uusimaa,00360,Helsinki,1aecd8c5-8e23-4b28-b724-e358e06f7c13
112,599 Pomrén Katu Suite 82,,Helsinki,Uusimaa,00270,Helsinki,b306f944-e341-44e5-8b28-43913a1bc53d
113,668 Westling Katu,,Helsinki,Uusimaa,00790,Helsinki,d565b1cf-29ed-4a22-8c4d-5a0973337df4
114,904 Laaja Katu,,Espoo,Uusimaa,02280,Espoo,8e4e2a90-474b-4e39-8d50-530e66c59ae3
115,1017 Uosukainen Katu Apt 53,,Helsinki,Uusimaa,00200,Helsinki,dfbd141b-1368-42d0-8318-ca1dd1eccbe5
116,1066 Haltsonen Katu Apt 75,,Vantaa,Uusimaa,01300,Vantaa,a514b435-9bcd-4671-bf32-faafc897dc7b
117,1000 Pensar Katu Apt 70,,Helsinki,Uusimaa,00690,Helsinki,5db05d74-caea-437c-8121-af1faf7ddece
118,572 Hancock Katu Unit 41,,Raasepori,Uusimaa,10680,Raasepori,a2bc8fa4-c1a0-4207-b7b5-a8b69dfe1d31
119,375 Ylälehto Katu,,Lohja,Uusimaa,08700,Lohja,2941b42d-0ea7-4586-9196-5309217b66cc
120,193 Hurmekoski Katu Suite 39,,Helsinki,Uusimaa,00580,Helsinki,d68312a2-5674-4a5f-b316-4cae9fc4f7ce
121,633 Fritsch Katu Suite 97,,Hyvinkää,Uusimaa,05460,Hyvinkää,666d9097-1216-4037-a67f-610159e4b3f2
122,469 Hellstedt Katu Apt 38,,Nurmijärvi,Uusimaa,01840,Nurmijärvi,195326a9-298e-4c25-991f-e550647da015
123,928 Yli-Kätkä Katu,,Helsinki,Uusimaa,00310,Helsinki,24903ed7-5a9d-4c05-ad3a-29f511b69313
124,691 Kasila Katu,,Siuntio,Uusimaa,02570,Siuntio,ba0ec56e-8f07-44ec-af02-b477a68ae9b6
125,591 Heinämäki Katu,,Espoo,Uusimaa,02170,Espoo,204490e4-b8b2-4b5f-be12-315493fdb83d
126,222 Virkola Katu Apt 5,,Espoo,Uusimaa,02360,Espoo,a100362a-e805-4efc-aad9-1f1adcbeabe3
127,315 Uuskartano Katu,,Lohja,Uusimaa,08480,Lohja,b19cf6e8-7797-4ea1-a29d-bd59d7b19aa9
128,574 Lindh Katu Unit 11,,Helsinki,Uusimaa,00330,Helsinki,10acb498-b28a-4bbf-9634-5aa4af4d81c5
129,253 Raukunen Katu,,Helsinki,Uusimaa,00360,Helsinki,6e59930b-7f73-4287-9b52-255aad9459a0
130,669 Huikari Katu Unit 24,,Vantaa,Uusimaa,01380,Vantaa,3b6f60ce-8432-403a-a13e-936a33c6dea2
131,441 Rintamäki Katu Suite 9,,Hyvinkää,Uusimaa,05460,Hyvinkää,72f86fce-6c19-4871-be2c-00b61ec1a297
132,121 Gullmes Katu,,Espoo,Uusimaa,02680,Espoo,359324c5-d06f-4222-87ec-ed4d595ef655
133,241 Talvisto Katu Apt 71,,Helsinki,Uusimaa,00820,Helsinki,d9b61710-d725-44c0-8d61-4341e3c68588
134,464 Oravisjärvi Katu,,Kirkkonummi,Uusimaa,02390,Kirkkonummi,0893a10b-01f0-48ec-a463-910435a95c87
135,481 Espo Katu,,Espoo,Uusimaa,02920,Espoo,33638356-b6d4-43d4-911c-724645102bc2
136,1068 Tarvaala Katu Unit 51,,Helsinki,Uusimaa,00740,Helsinki,9b06dc80-e6af-47c8-a9ec-695bf0e16a13
137,988 Assola Katu,,Järvenpää,Uusimaa,04410,Järvenpää,26710958-b585-4aa2-8d95-8db76306624a
138,145 Kaarnalehto Katu,,Karkkila,Uusimaa,03600,Karkkila,b40f7ea6-60b6-49dc-9fc0-f8fa0c6c2a21
139,199 Lähteenoja Katu Unit 7,,Lohja,Uusimaa,08360,Lohja,f4cfe7f3-913f-45ca-bfe0-fabeac4ad4a2
140,155 Enäsuo Katu,,Espoo,Uusimaa,02920,Espoo,545d8c83-1d00-4705-aaae-1b7afe8ee5c3
141,811 Hallanaro Katu,,Lohja,Uusimaa,03870,Lohja,d4562ad8-3ed1-4003-918e-9ea96718ffa9
142,132 Soidinaho Katu Suite 61,,Kirkkonummi,Uusimaa,02420,Kirkkonummi,dccd8889-c756-4f90-9b2d-870986c0d21f
143,178 Suuripää Katu,,Porvoo,Uusimaa,07350,Porvoo,372d854e-c77c-4a5b-a9e1-a6fcd2d7cc25
144,562 Viitanen Katu,,Nurmijärvi,Uusimaa,01940,Nurmijärvi,43ced9b2-e4b1-4d3d-8a3d-83ab93df4b76
145,321 Sopen-Luoma Katu Unit 19,,Hyvinkää,Uusimaa,05950,Hyvinkää,a90e96d2-81ec-488c-978d-f9d418b28609
146,1020 Aksela Katu,,Vantaa,Uusimaa,01720,Vantaa,d622b93f-4891-4d0f-87b2-9f1909e6ff6d
147,440 Aittola Katu,,Helsinki,Uusimaa,00570,Helsinki,21844254-a737-49d1-a2cb-3dab063fd7f7
148,698 Mankonen Katu Unit 49,,Kirkkonummi,Uusimaa,02480,Kirkkonummi,c5fb121d-a749-43be-bd6c-05aed23ef33b
149,527 Keltaniemi Katu Suite 38,,Lohja,Uusimaa,09120,Lohja,fc54c178-9471-414c-8f54-95caa0398074
150,907 Wahlgren Katu Apt 52,,Porvoo,Uusimaa,07350,Porvoo,285e1eb2-818d-4bdd-abce-d068b0f328e3
151,828 Jaakkola Katu,,Nurmijärvi,Uusimaa,01860,Nurmijärvi,17d75b00-949f-481f-a139-49daaec15e5d
152,917 Ala-Pietilä Katu Unit 49,,Helsinki,Uusimaa,00920,Helsinki,def9e113-a1e6-431f-914c-bb57b55c9172
153,902 Kolomainen Katu Apt 87,,Helsinki,Uusimaa,00770,Helsinki,e12a663c-3065-4192-86f8-2546b8b07556
154,941 Kekarainen Katu Apt 58,,Helsinki,Uusimaa,00680,Helsinki,12d588c8-d6e0-4251-acce-36e491d9a6a8
155,1052 Vikblom Katu Suite 3,,Vantaa,Uusimaa,01370,Vantaa,76b81abc-f317-424d-842b-a95b25f56052
156,536 Helläkoski Katu Suite 64,,Helsinki,Uusimaa,00300,Helsinki,bae950d6-8e58-4662-b35c-7da9c46516bf
157,758 Uunimäki Katu Apt 73,,Lohja,Uusimaa,09930,Lohja,7c675739-b401-4b92-9802-6d6cb941fdd2
158,221 Mankonen Katu Unit 91,,Vantaa,Uusimaa,01530,Vantaa,8a81ecf8-53f4-431a-9271-18922b14b802
159,288 Kruth Katu Unit 29,,Pornainen,Uusimaa,07150,Pornainen,2b8f146a-b603-4ed7-a23d-1c36ff7e549e
160,448 Paino Katu,,Vihti,Uusimaa,03790,Vihti,76a85069-49f6-4eff-a496-16dbf74d7404
161,998 Oravasaari Katu,,Helsinki,Uusimaa,00560,Helsinki,f56d4665-2d79-4672-a45f-4f5b0043a32d
162,753 Turku Katu Suite 30,,Helsinki,Uusimaa,00760,Helsinki,5c171521-85a4-4a9f-a7d8-8fa33492805f
163,336 Köresaar Katu Suite 74,,Espoo,Uusimaa,02970,Espoo,097bb786-d44d-4885-a10c-a527af8fc646
164,953 Tallbacka Katu,,Helsinki,Uusimaa,00400,Helsinki,4c92df23-9ab2-4db4-a8ac-f875f90a7a9d
165,335 Lukkaroinen Katu Apt 60,,Vantaa,Uusimaa,01370,Vantaa,3463235b-1e54-4efc-b486-13fec52450fd
166,206 Paimela Katu Apt 5,,Kerava,Uusimaa,04250,Kerava,01ca37e1-358b-4498-ba07-f7b5fa5c04f2
167,888 Lankinen Katu,,Helsinki,Uusimaa,00130,Helsinki,218673ae-9060-4a6a-be55-8f3ecacdf9a6
168,831 Koivuoja Katu,,Espoo,Uusimaa,02160,Espoo,e6724989-1455-46e9-8791-6b76edee8edd
169,694 von Haartman Katu Suite 64,,Raasepori,Uusimaa,10480,Raasepori,a9d4d1df-5826-4ae3-b400-43350063805a
170,229 Särkiniva Katu Unit 94,,Nurmijärvi,Uusimaa,01940,Nurmijärvi,ad89c5d3-a8a0-4293-af32-136aba17acbc
171,664 Innala Katu,,Vantaa,Uusimaa,01750,Vantaa,0dea3231-4143-45c3-8351-8f60daadb777
172,521 Karjarinta Katu,,Helsinki,Uusimaa,00570,Helsinki,f26af119-cc96-4c8b-8620-2acb65540d37
173,178 Jänismäki Katu,,Vihti,Uusimaa,03100,Vihti,3ea4a545-2a18-461f-ae8d-9d384c879ce6
174,761 Mäkirinne Katu Apt 8,,Helsinki,Uusimaa,00390,Helsinki,ec70d698-8d7e-4392-b317-24d635bff2f9
175,700 Mesiranta Katu Apt 99,,Vantaa,Uusimaa,01510,Vantaa,ec12f3fd-779e-43d4-9d7f-3db9ca7d497b
176,569 Lakka Katu Suite 50,,Nurmijärvi,Uusimaa,05200,Nurmijärvi,bee35c3a-c77d-492d-a701-71900dff1723
177,676 Fogelström Katu Apt 63,,Hyvinkää,Uusimaa,05880,Hyvinkää,7c16eab7-b23c-4161-b6b3-0787c3f81c8d
178,885 Littman Katu Unit 63,,Helsinki,Uusimaa,00300,Helsinki,36a5a47b-8b39-49ff-b935-7b67c2553eaa
179,263 Koskenkorva Katu Unit 36,,Helsinki,Uusimaa,00560,Helsinki,705260b5-98c6-4327-bc9f-17602dab99de
180,847 Kaipio Katu Unit 8,,Helsinki,Uusimaa,00950,Helsinki,cd5981ae-2fd1-421a-ad54-33ee162b2756
181,241 Syväniemi Katu,,Helsinki,Uusimaa,00400,Helsinki,d3788159-15d9-4338-9c0f-ca581dc01db2
182,288 Westergren Katu,,Kerava,Uusimaa,04220,Kerava,ba486d10-1faa-4ab9-a2da-506d2d60e281
183,195 Tyvelä Katu Suite 92,,Raasepori,Uusimaa,10420,Raasepori,8cef5178-3aa1-4146-b11c-3c5ef3a92e31
184,718 Kopakka Katu,,Järvenpää,Uusimaa,04430,Järvenpää,f42325d3-08e8-4814-aee8-013a73e41538
185,1090 Listenmaa Katu,,Espoo,Uusimaa,02360,Espoo,df22e54d-91a8-49d7-9d76-e15a3498418e
186,354 Arnold Katu Suite 6,,Helsinki,Uusimaa,00710,Helsinki,ada6f151-8d0f-428d-8cbe-c5bca33ebd8f
187,262 Kansanen Katu Apt 47,,Lohja,Uusimaa,08480,Lohja,026c5f93-04b9-404b-8f09-158ada351d33
188,653 Simojoki Katu,,Vantaa,Uusimaa,01610,Vantaa,1e92a82b-9f85-4e25-90b5-9d0c7ffe3ecd
189,997 Järnberg Katu Unit 37,,Järvenpää,Uusimaa,04410,Järvenpää,42ec5f3c-2e44-4e84-9081-91b76a0f6a54
190,246 Oraviita Katu,,Pornainen,Uusimaa,07190,Pornainen,7d935681-a868-4628-8760-5a37dfce7a46
191,143 Tanhuansuu Katu,,Helsinki,Uusimaa,00650,Helsinki,4b88883b-3936-4c8d-ba0b-1f9c75c80ab1
192,323 Mähönen Katu,,Helsinki,Uusimaa,00700,Helsinki,da804cd0-4647-4cce-856a-7a22a1515355
193,431 Rosenqvist Katu Unit 7,,Espoo,Uusimaa,02710,Espoo,3e8d4386-ce23-464c-bb3f-bfa5d309e7ec
194,827 Krüger Katu,,Vantaa,Uusimaa,01370,Vantaa,f75717d6-0bd0-4b81-b7cc-451b22cfc4cb
195,783 Malhonen Katu Suite 29,,Helsinki,Uusimaa,00360,Helsinki,172ea953-8042-4ca5-8bdd-fd2d960a06e4
196,1002 Järvenmäki Katu Unit 38,,Helsinki,Uusimaa,00250,Helsinki,868556fc-f456-48da-b8c7-afa4a6decac7
197,1079 Jääskeläinen Katu Suite 85,,Vantaa,Uusimaa,01760,Vantaa,a3914b63-ba65-4c73-af28-fbaa322b5f44
198,590 Liukas Katu Unit 8,,Helsinki,Uusimaa,00300,Helsinki,dc043919-54c0-49ec-84ba-ba3889a80db8
199,1043 Sarlund Katu,,Vihti,Uusimaa,03400,Vihti,c6fac47a-e1d9-4ec8-8d5d-e57fb36e4604
200,493 Nerdrum Katu,,Helsinki,Uusimaa,00710,Helsinki,dc6123f5-3f2b-49d7-a445-09a48345e072
201,978 Uustalo Katu Suite 74,,Helsinki,Uusimaa,00890,Helsinki,6d4bce86-fdb7-485b-86d0-e4908f098ed0
202,1061 Jokivaara Katu,,Espoo,Uusimaa,02750,Espoo,4237ca14-3d0b-482e-9ab0-67345a28eef6
203,1090 Haarahiltunen Katu Unit 45,,Helsinki,Uusimaa,00310,Helsinki,d1d73a69-a95c-4a98-8807-b93c9f534b49
204,528 Saareke Katu,,Espoo,Uusimaa,02180,Espoo,81d8e7b9-d519-4aba-84cd-e3c58ceb4954
205,728 Tiivola Katu Apt 81,,Helsinki,Uusimaa,00620,Helsinki,7e6a0246-5ba6-4521-b8e7-f6c7259e5eae
206,139 Reinikka Katu,,Helsinki,Uusimaa,00370,Helsinki,4a88838e-5aac-419e-92c9-89e0b7607677
207,766 Maristo Katu Apt 71,,Helsinki,Uusimaa,00220,Helsinki,d8ffd359-28a5-4ea7-a2c2-580a5f1c81bb
208,430 Laxell Katu,,Sipoo,Uusimaa,04240,Sipoo,6b12f61f-388d-4d3c-be88-aabb291820e6
209,274 Lager Katu,,Helsinki,Uusimaa,00700,Helsinki,ae52c667-7f39-4059-b087-048ecd3692d3
