person_id,gender_concept_id,year_of_birth,month_of_birth,day_of_birth,birth_datetime,race_concept_id,ethnicity_concept_id,location_id,provider_id,care_site_id,person_source_value,gender_source_value,gender_source_concept_id,race_source_value,race_source_concept_id,ethnicity_source_value,ethnicity_source_concept_id
106,8507,2016,1,6,,8527,0,106,,,11997d6d-2107-4b80-bea1-d3ada6a512da,M,0,white,0,nonhispanic,0
107,8507,2011,6,22,,8527,0,107,,,67001bcb-bd89-4dad-8583-e58b756834a7,M,0,white,0,nonhispanic,0
108,8532,2001,10,4,,8527,0,108,,,d8e6eea4-01f8-4fc5-948c-d5be791ff0b3,F,0,white,0,nonhispanic,0
109,8507,1996,9,10,,8527,0,109,,,204a016e-9547-4488-8456-dc19f38d0e8f,M,0,white,0,nonhispanic,0
110,8532,1967,4,4,,8527,0,110,,,cae6627d-0b98-4b4d-98ce-207b87f7addf,F,0,white,0,nonhispanic,0
111,8532,1972,11,29,,8527,0,111,,,1aecd8c5-8e23-4b28-b724-e358e06f7c13,F,0,white,0,nonhispanic,0
112,8507,1971,6,18,,8527,0,112,,,b306f944-e341-44e5-8b28-43913a1bc53d,M,0,white,0,nonhispanic,0
113,8532,2013,3,9,,8527,0,113,,,d565b1cf-29ed-4a22-8c4d-5a0973337df4,F,0,white,0,nonhispanic,0
114,8532,1998,12,25,,8527,0,114,,,8e4e2a90-474b-4e39-8d50-530e66c59ae3,F,0,white,0,nonhispanic,0
115,8532,1955,10,25,,8527,0,115,,,dfbd141b-1368-42d0-8318-ca1dd1eccbe5,F,0,white,0,nonhispanic,0
116,8507,1960,12,17,,8527,0,116,,,a514b435-9bcd-4671-bf32-faafc897dc7b,M,0,white,0,nonhispanic,0
117,8532,1995,7,22,,8527,0,117,,,5db05d74-caea-437c-8121-af1faf7ddece,F,0,white,0,nonhispanic,0
118,8507,1966,4,26,,8527,0,118,,,a2bc8fa4-c1a0-4207-b7b5-a8b69dfe1d31,M,0,white,0,nonhispanic,0
119,8532,1945,10,30,,8527,0,119,,,2941b42d-0ea7-4586-9196-5309217b66cc,F,0,white,0,nonhispanic,0
120,8507,1991,9,10,,8527,0,120,,,d68312a2-5674-4a5f-b316-4cae9fc4f7ce,M,0,white,0,nonhispanic,0
121,8507,1992,12,15,,8527,0,121,,,666d9097-1216-4037-a67f-610159e4b3f2,M,0,white,0,nonhispanic,0
122,8507,1991,1,26,,8527,0,122,,,195326a9-298e-4c25-991f-e550647da015,M,0,white,0,nonhispanic,0
123,8507,2002,1,21,,8527,0,123,,,24903ed7-5a9d-4c05-ad3a-29f511b69313,M,0,white,0,nonhispanic,0
124,8507,2007,10,9,,8527,0,124,,,ba0ec56e-8f07-44ec-af02-b477a68ae9b6,M,0,white,0,nonhispanic,0
125,8507,1992,10,20,,8527,0,125,,,204490e4-b8b2-4b5f-be12-315493fdb83d,M,0,white,0,nonhispanic,0
126,8507,2017,6,13,,8527,0,126,,,a100362a-e805-4efc-aad9-1f1adcbeabe3,M,0,white,0,nonhispanic,0
127,8507,2007,9,8,,8527,0,127,,,b19cf6e8-7797-4ea1-a29d-bd59d7b19aa9,M,0,white,0,nonhispanic,0
128,8532,1994,12,21,,8527,0,128,,,10acb498-b28a-4bbf-9634-5aa4af4d81c5,F,0,white,0,nonhispanic,0
129,8507,2010,10,13,,8527,0,129,,,6e59930b-7f73-4287-9b52-255aad9459a0,M,0,white,0,nonhispanic,0
130,8507,1961,7,30,,8527,0,130,,,3b6f60ce-8432-403a-a13e-936a33c6dea2,M,0,white,0,nonhispanic,0
131,8507,1995,12,21,,8527,0,131,,,72f86fce-6c19-4871-be2c-00b61ec1a297,M,0,white,0,nonhispanic,0
132,8507,2016,11,4,,8527,0,132,,,359324c5-d06f-4222-87ec-ed4d595ef655,M,0,white,0,nonhispanic,0
133,8507,1980,4,21,,8527,0,133,,,d9b61710-d725-44c0-8d61-4341e3c68588,M,0,white,0,nonhispanic,0
134,8532,1947,3,14,,8527,0,134,,,0893a10b-01f0-48ec-a463-910435a95c87,F,0,white,0,nonhispanic,0
135,8507,2013,3,6,,8527,0,135,,,33638356-b6d4-43d4-911c-724645102bc2,M,0,white,0,nonhispanic,0
136,8532,1957,5,25,,8527,0,136,,,9b06dc80-e6af-47c8-a9ec-695bf0e16a13,F,0,white,0,nonhispanic,0
137,8507,2016,2,16,,8527,0,137,,,26710958-b585-4aa2-8d95-8db76306624a,M,0,white,0,nonhispanic,0
138,8507,1998,4,28,,8527,0,138,,,b40f7ea6-60b6-49dc-9fc0-f8fa0c6c2a21,M,0,white,0,nonhispanic,0
139,8507,1999,4,25,,8527,0,139,,,f4cfe7f3-913f-45ca-bfe0-fabeac4ad4a2,M,0,white,0,nonhispanic,0
140,8532,1997,2,2,,8527,0,140,,,545d8c83-1d00-4705-aaae-1b7afe8ee5c3,F,0,white,0,nonhispanic,0
141,8532,1945,10,30,,8527,0,141,,,d4562ad8-3ed1-4003-918e-9ea96718ffa9,F,0,white,0,nonhispanic,0
142,8532,2012,7,28,,8527,0,142,,,dccd8889-c756-4f90-9b2d-870986c0d21f,F,0,white,0,nonhispanic,0
143,8532,2018,1,4,,8527,0,143,,,372d854e-c77c-4a5b-a9e1-a6fcd2d7cc25,F,0,white,0,nonhispanic,0
144,8532,1978,9,19,,8527,0,144,,,43ced9b2-e4b1-4d3d-8a3d-83ab93df4b76,F,0,white,0,nonhispanic,0
145,8507,2009,11,4,,8527,0,145,,,a90e96d2-81ec-488c-978d-f9d418b28609,M,0,white,0,nonhispanic,0
146,8507,1950,12,4,,8527,0,146,,,d622b93f-4891-4d0f-87b2-9f1909e6ff6d,M,0,white,0,nonhispanic,0
147,8507,1977,2,19,,8527,0,147,,,21844254-a737-49d1-a2cb-3dab063fd7f7,M,0,white,0,nonhispanic,0
148,8532,2017,5,26,,8527,0,148,,,c5fb121d-a749-43be-bd6c-05aed23ef33b,F,0,white,0,nonhispanic,0
149,8532,1994,4,22,,8527,0,149,,,fc54c178-9471-414c-8f54-95caa0398074,F,0,white,0,nonhispanic,0
150,8507,2004,7,23,,8527,0,150,,,285e1eb2-818d-4bdd-abce-d068b0f328e3,M,0,white,0,nonhispanic,0
151,8532,2011,9,3,,8527,0,151,,,17d75b00-949f-481f-a139-49daaec15e5d,F,0,white,0,nonhispanic,0
152,8507,2014,7,19,,8527,0,152,,,def9e113-a1e6-431f-914c-bb57b55c9172,M,0,white,0,nonhispanic,0
153,8507,2005,8,10,,8527,0,153,,,e12a663c-3065-4192-86f8-2546b8b07556,M,0,white,0,nonhispanic,0
154,8507,1973,6,23,,8527,0,154,,,12d588c8-d6e0-4251-acce-36e491d9a6a8,M,0,white,0,nonhispanic,0
155,8532,1958,7,28,,8527,0,155,,,76b81abc-f317-424d-842b-a95b25f56052,F,0,white,0,nonhispanic,0
156,8507,1970,4,23,,8527,0,156,,,bae950d6-8e58-4662-b35c-7da9c46516bf,M,0,white,0,nonhispanic,0
157,8532,1992,5,3,,8527,0,157,,,7c675739-b401-4b92-9802-6d6cb941fdd2,F,0,white,0,nonhispanic,0
158,8507,1946,2,24,,8527,0,158,,,8a81ecf8-53f4-431a-9271-18922b14b802,M,0,white,0,nonhispanic,0
159,8532,1986,10,11,,8527,0,159,,,2b8f146a-b603-4ed7-a23d-1c36ff7e549e,F,0,white,0,nonhispanic,0
160,8532,1976,12,12,,8527,0,160,,,76a85069-49f6-4eff-a496-16dbf74d7404,F,0,white,0,nonhispanic,0
161,8507,1971,1,4,,8527,0,161,,,f56d4665-2d79-4672-a45f-4f5b0043a32d,M,0,white,0,nonhispanic,0
162,8532,1976,9,5,,8527,0,162,,,5c171521-85a4-4a9f-a7d8-8fa33492805f,F,0,white,0,nonhispanic,0
163,8507,1963,9,29,,8527,0,163,,,097bb786-d44d-4885-a10c-a527af8fc646,M,0,white,0,nonhispanic,0
164,8532,1967,1,8,,8527,0,164,,,4c92df23-9ab2-4db4-a8ac-f875f90a7a9d,F,0,white,0,nonhispanic,0
165,8507,1998,12,7,,8527,0,165,,,3463235b-1e54-4efc-b486-13fec52450fd,M,0,white,0,nonhispanic,0
166,8507,1995,6,30,,8527,0,166,,,01ca37e1-358b-4498-ba07-f7b5fa5c04f2,M,0,white,0,nonhispanic,0
167,8532,1986,2,25,,8527,0,167,,,218673ae-9060-4a6a-be55-8f3ecacdf9a6,F,0,white,0,nonhispanic,0
168,8507,2017,7,8,,8527,0,168,,,e6724989-1455-46e9-8791-6b76edee8edd,M,0,white,0,nonhispanic,0
169,8507,1953,11,15,,8527,0,169,,,a9d4d1df-5826-4ae3-b400-43350063805a,M,0,white,0,nonhispanic,0
170,8532,1979,9,5,,8527,0,170,,,ad89c5d3-a8a0-4293-af32-136aba17acbc,F,0,white,0,nonhispanic,0
171,8507,2003,9,11,,8527,0,171,,,0dea3231-4143-45c3-8351-8f60daadb777,M,0,white,0,nonhispanic,0
172,8507,1977,12,20,,8527,0,172,,,f26af119-cc96-4c8b-8620-2acb65540d37,M,0,white,0,nonhispanic,0
173,8507,1988,12,28,,8527,0,173,,,3ea4a545-2a18-461f-ae8d-9d384c879ce6,M,0,white,0,nonhispanic,0
174,8507,2015,2,14,,8527,0,174,,,ec70d698-8d7e-4392-b317-24d635bff2f9,M,0,white,0,nonhispanic,0
175,8532,2009,1,30,,8527,0,175,,,ec12f3fd-779e-43d4-9d7f-3db9ca7d497b,F,0,white,0,nonhispanic,0
176,8532,1969,5,3,,8527,0,176,,,bee35c3a-c77d-492d-a701-71900dff1723,F,0,white,0,nonhispanic,0
177,8532,1945,3,11,,8527,0,177,,,7c16eab7-b23c-4161-b6b3-0787c3f81c8d,F,0,white,0,nonhispanic,0
178,8532,1963,10,31,,8527,0,178,,,36a5a47b-8b39-49ff-b935-7b67c2553eaa,F,0,white,0,nonhispanic,0
179,8532,2008,7,30,,8527,0,179,,,705260b5-98c6-4327-bc9f-17602dab99de,F,0,white,0,nonhispanic,0
180,8532,1962,9,3,,8527,0,180,,,cd5981ae-2fd1-421a-ad54-33ee162b2756,F,0,white,0,nonhispanic,0
181,8507,1991,5,19,,8527,0,181,,,d3788159-15d9-4338-9c0f-ca581dc01db2,M,0,white,0,nonhispanic,0
182,8507,2006,8,12,,8527,0,182,,,ba486d10-1faa-4ab9-a2da-506d2d60e281,M,0,white,0,nonhispanic,0
183,8507,1953,11,15,,8527,0,183,,,8cef5178-3aa1-4146-b11c-3c5ef3a92e31,M,0,white,0,nonhispanic,0
184,8507,1965,3,13,,8527,0,184,,,f42325d3-08e8-4814-aee8-013a73e41538,M,0,white,0,nonhispanic,0
185,8507,2009,4,16,,8527,0,185,,,df22e54d-91a8-49d7-9d76-e15a3498418e,M,0,white,0,nonhispanic,0
186,8507,1968,2,19,,8527,0,186,,,ada6f151-8d0f-428d-8cbe-c5bca33ebd8f,M,0,white,0,nonhispanic,0
187,8532,1986,1,5,,8527,0,187,,,026c5f93-04b9-404b-8f09-158ada351d33,F,0,white,0,nonhispanic,0
188,8507,1992,5,11,,8527,0,188,,,1e92a82b-9f85-4e25-90b5-9d0c7ffe3ecd,M,0,white,0,nonhispanic,0
189,8532,2004,10,22,,8527,0,189,,,42ec5f3c-2e44-4e84-9081-91b76a0f6a54,F,0,white,0,nonhispanic,0
190,8507,2001,2,7,,8527,0,190,,,7d935681-a868-4628-8760-5a37dfce7a46,M,0,white,0,nonhispanic,0
191,8507,1961,10,17,,8527,0,191,,,4b88883b-3936-4c8d-ba0b-1f9c75c80ab1,M,0,white,0,nonhispanic,0
192,8507,1939,1,4,,8527,0,192,,,da804cd0-4647-4cce-856a-7a22a1515355,M,0,white,0,nonhispanic,0
193,8532,1990,7,24,,8527,0,193,,,3e8d4386-ce23-464c-bb3f-bfa5d309e7ec,F,0,white,0,nonhispanic,0
194,8507,1985,6,26,,8527,0,194,,,f75717d6-0bd0-4b81-b7cc-451b22cfc4cb,M,0,white,0,nonhispanic,0
195,8507,1968,2,19,,8527,0,195,,,172ea953-8042-4ca5-8bdd-fd2d960a06e4,M,0,white,0,nonhispanic,0
196,8532,2011,8,30,,8527,0,196,,,868556fc-f456-48da-b8c7-afa4a6decac7,F,0,white,0,nonhispanic,0
197,8532,1998,1,12,,8527,0,197,,,a3914b63-ba65-4c73-af28-fbaa322b5f44,F,0,white,0,nonhispanic,0
198,8532,1959,4,23,,8527,0,198,,,dc043919-54c0-49ec-84ba-ba3889a80db8,F,0,white,0,nonhispanic,0
199,8532,1976,11,22,,8527,0,199,,,c6fac47a-e1d9-4ec8-8d5d-e57fb36e4604,F,0,white,0,nonhispanic,0
200,8507,2019,4,22,,8527,0,200,,,dc6123f5-3f2b-49d7-a445-09a48345e072,M,0,white,0,nonhispanic,0
201,8507,1941,7,28,,8527,0,201,,,6d4bce86-fdb7-485b-86d0-e4908f098ed0,M,0,white,0,nonhispanic,0
202,8532,2003,9,7,,8527,0,202,,,4237ca14-3d0b-482e-9ab0-67345a28eef6,F,0,white,0,nonhispanic,0
203,8507,1932,9,3,,8527,0,203,,,d1d73a69-a95c-4a98-8807-b93c9f534b49,M,0,white,0,nonhispanic,0
204,8507,1996,5,22,,8527,0,204,,,81d8e7b9-d519-4aba-84cd-e3c58ceb4954,M,0,white,0,nonhispanic,0
205,8507,1999,11,25,,8527,0,205,,,7e6a0246-5ba6-4521-b8e7-f6c7259e5eae,M,0,white,0,nonhispanic,0
206,8532,1946,6,12,,8527,0,206,,,4a88838e-5aac-419e-92c9-89e0b7607677,F,0,white,0,nonhispanic,0
207,8532,2008,8,11,,8527,0,207,,,d8ffd359-28a5-4ea7-a2c2-580a5f1c81bb,F,0,white,0,nonhispanic,0
208,8532,1945,10,19,,8527,0,208,,,6b12f61f-388d-4d3c-be88-aabb291820e6,F,0,white,0,nonhispanic,0
209,8507,1932,9,3,,8527,0,209,,,ae52c667-7f39-4059-b087-048ecd3692d3,M,0,white,0,nonhispanic,0
