location_id,address_1,address_2,city,state,zip,county,location_source_value
2277,889 Kännö Katu Suite 30,,Helsinki,Uusimaa,00150,Helsinki,96157711-86ad-4a13-adfa-80e771d33747
2278,458 Jaukkuri Katu Suite 75,,Vihti,Uusimaa,03400,Vihti,0e18790c-4af4-4c24-b221-bf463e8bb040
2279,478 Suninmäki Katu,,Espoo,Uusimaa,02260,Espoo,5e2bf06d-a821-4217-ba9c-bd32bf83d98e
2280,221 Ojajärvi Katu Unit 96,,Espoo,Uusimaa,02770,Espoo,ab7f5360-b6af-4efd-8998-7a2b240d4895
2281,865 Hellund Katu,,Järvenpää,Uusimaa,04440,Järvenpää,1554f525-f091-4a97-a2fa-5b6be27e16b7
2282,267 Ala-Salmi Katu Unit 0,,Espoo,Uusimaa,02130,Espoo,ae681439-05ab-441c-96f3-a046890810c2
2283,550 Louramo Katu Apt 19,,Helsinki,Uusimaa,00740,Helsinki,96502889-98ff-4a9e-ac78-c3de160784cc
2284,408 Ilva Katu Unit 23,,Porvoo,Uusimaa,07280,Porvoo,f93b563d-a909-48aa-a02d-8ed7108194c3
2285,979 Sinkman Katu,,Helsinki,Uusimaa,00740,Helsinki,e1af14cd-f5f1-445a-89d2-333d5941788b
2286,158 Luojola Katu Apt 78,,Kerava,Uusimaa,04230,Kerava,535fde2e-2a1c-47f7-b4af-f548850d6ef9
2287,625 Louhikoski Katu,,Vantaa,Uusimaa,01200,Vantaa,ada952ca-1107-4e18-83c4-adb04fd2d5af
2288,534 Linnala Katu,,Helsinki,Uusimaa,00640,Helsinki,6e1569a2-e4af-40bf-a5c4-e26fe2d11348
2289,314 Pelvo Katu,,Vantaa,Uusimaa,01420,Vantaa,b9a0f61f-2bcd-40d8-a8fc-7956c21ca832
2290,403 Piki Katu Apt 7,,Vantaa,Uusimaa,01360,Vantaa,58c007e1-4365-424d-a5a3-f857eb43dd9d
2291,652 Ladau Katu,,Helsinki,Uusimaa,00310,Helsinki,ce6623ab-1541-4de4-bf72-4d639d89a20f
2292,240 Mod Katu Apt 6,,Espoo,Uusimaa,02920,Espoo,7c6c32e1-a4b2-4b67-9159-4bcacd455fed
2293,571 Tulimäki Katu Suite 65,,Vantaa,Uusimaa,01340,Vantaa,1646a7e8-0064-4434-a1a6-7980fb1153b7
2294,813 Miettola Katu Suite 83,,Kirkkonummi,Uusimaa,02520,Kirkkonummi,60e74ad6-9f24-4ce8-aa13-0c10dc547eb8
2295,144 Ekqvist Katu Suite 91,,Espoo,Uusimaa,02160,Espoo,248f45df-d248-46b4-bf2b-9fe2df5cd236
2296,542 Haipus Katu Suite 76,,Espoo,Uusimaa,02820,Espoo,87ee844b-3af3-4b9c-9989-ccefd32d9a53
2297,242 Uunonen Katu,,Helsinki,Uusimaa,00160,Helsinki,eea87791-61e2-45d5-8292-ac881bda7ade
2298,869 Korkkanen Katu Suite 77,,Hyvinkää,Uusimaa,05460,Hyvinkää,2cd3affb-5725-4894-8025-3dab424b9b9f
2299,1096 Kaihola Katu Apt 41,,Nurmijärvi,Uusimaa,01820,Nurmijärvi,cb74877a-c91e-4f73-ac17-6c1679fe96c7
2300,935 Kyyny Katu Suite 40,,Helsinki,Uusimaa,00950,Helsinki,c5d8def2-1d68-48b1-9576-c959384a7982
2301,764 Storberg Katu,,Helsinki,Uusimaa,00310,Helsinki,459a78fc-3824-4334-84ed-4622ad05e37f
2302,1079 Pälvi Katu,,Helsinki,Uusimaa,00500,Helsinki,47bc4640-0af0-4f62-866c-e29d61b89b95
2303,516 Käenmäki Katu Apt 53,,Helsinki,Uusimaa,00620,Helsinki,a0a027b3-41dd-4eef-bdf0-e270fb71fe34
2304,194 Honkaperä Katu Suite 1,,Espoo,Uusimaa,02330,Espoo,352fa9eb-588d-4da5-a849-ec1f55f8539f
2305,1051 Piipponen Katu,,Nurmijärvi,Uusimaa,01830,Nurmijärvi,596a905d-512e-4439-9a15-df8ab1ab66ad
2306,324 Kenttämaa Katu Apt 78,,Vantaa,Uusimaa,01630,Vantaa,cadc83d1-e0d8-4987-a7e5-c1764732768d
2307,801 Yömaa Katu,,Nurmijärvi,Uusimaa,05100,Nurmijärvi,be63365e-5d65-4334-8c56-4a862136168c
2308,977 Lintula Katu,,Hyvinkää,Uusimaa,05440,Hyvinkää,7b0ec64a-0b8e-479c-aca8-b9690f3079d6
2309,168 Sirrola Katu,,Helsinki,Uusimaa,00990,Helsinki,10553d6c-b92e-409d-9c5d-fa5318dbda09
2310,418 Hienonen Katu Apt 54,,Helsinki,Uusimaa,00340,Helsinki,86f04596-a270-4f91-8590-742ead0e90b8
2311,185 Soitamo Katu Suite 49,,Vantaa,Uusimaa,01720,Vantaa,b62d674c-2441-4527-811e-b0078efa4e91
2312,883 Ulvinen Katu Suite 69,,Hyvinkää,Uusimaa,05830,Hyvinkää,be52d523-1d91-4a8d-9e92-86690ab286a9
2313,503 Haddas Katu,,Järvenpää,Uusimaa,04420,Järvenpää,91342c9c-01bc-4956-b9c9-2c3227c9608e
2314,842 Knopp Katu,,Porvoo,Uusimaa,07390,Porvoo,73461102-e1c9-4f26-ad0c-d139712a6f00
2315,487 Horppila Katu,,Hyvinkää,Uusimaa,05830,Hyvinkää,d29d2838-2fd6-4b09-9089-e4dd06db9d59
2316,835 Jurmu Katu,,Askola,Uusimaa,07230,Askola,6452776d-5cd9-4219-bf4e-d65af423ee9e
2317,944 Tähtisalmi Katu,,Espoo,Uusimaa,02300,Espoo,d088d83c-2e44-49ac-a6b1-4230e851a6c8
2318,263 Laapas Katu,,Helsinki,Uusimaa,00230,Helsinki,97432df2-3bc1-4226-bfe2-266ac24424d8
2319,952 Vikholm Katu,,Mäntsälä,Uusimaa,04530,Mäntsälä,da28a902-191e-4589-b0ee-d15ddaa8b6ac
2320,710 Auru Katu,,Siuntio,Uusimaa,02590,Siuntio,1f8c6413-ce03-4d1d-aacc-6609361c81d8
2321,148 Muoniovaara Katu,,Espoo,Uusimaa,02110,Espoo,6a8801e6-155e-4182-9622-0d539eadc5cd
2322,776 Tilvis Katu,,Espoo,Uusimaa,02270,Espoo,bdda2f10-3581-4263-9385-7e5b9bc3038c
2323,347 Lankanen Katu,,Vantaa,Uusimaa,01640,Vantaa,ec1ac815-8895-4fe4-b747-31583be72968
2324,908 Pyydysmäki Katu Apt 28,,Espoo,Uusimaa,02600,Espoo,327f7211-2280-492b-af4c-c66af5940915
2325,608 Varila Katu,,Helsinki,Uusimaa,00190,Helsinki,07e23802-41be-4bfc-a86f-559ac3697b6e
2326,1042 Mäntyharju Katu Unit 25,,Helsinki,Uusimaa,00420,Helsinki,c517b763-9488-4cd5-b42b-e2be4317bd8d
2327,206 Siidorow Katu,,Espoo,Uusimaa,02920,Espoo,50afda83-6fb6-45d5-9e6a-ea6040fdb799
2328,964 Intovuori Katu,,Espoo,Uusimaa,02360,Espoo,8afe9a3a-1a15-4393-bfba-83198f3c614b
2329,147 Ryösö Katu,,Helsinki,Uusimaa,00710,Helsinki,3a6e2496-1a38-4c4e-8aa8-9887cf789e2c
2330,504 Nevala Katu Suite 45,,Vantaa,Uusimaa,01520,Vantaa,27d100d0-025c-4bbc-a945-4f541668b840
2331,118 Uura Katu Suite 22,,Helsinki,Uusimaa,00420,Helsinki,875b1710-a52d-440e-b646-05feb5be8ab5
2332,195 Kaaronen Katu,,Helsinki,Uusimaa,00970,Helsinki,d77f1e6e-ddfe-4aa2-8ebf-55d62f842b03
2333,614 Bunda Katu,,Espoo,Uusimaa,02170,Espoo,8ab3ab20-243d-4d01-992c-fe2d75b00d1d
2334,376 Shrestha Katu Unit 28,,Vantaa,Uusimaa,01610,Vantaa,ff8930b9-b255-4ba2-8035-101dda3780cd
2335,236 Muikku Katu,,Helsinki,Uusimaa,00140,Helsinki,235bdfee-cde8-4856-be20-9a06efc47eba
2336,334 Silfsten Katu Suite 80,,Espoo,Uusimaa,02940,Espoo,2fb3e122-2926-4718-b58b-af3a0dce7b4e
2337,182 Åvist Katu,,Helsinki,Uusimaa,00380,Helsinki,537281c2-286b-4437-be63-5d1fde5f0cce
2338,276 Sundqvist Katu Unit 99,,Vihti,Uusimaa,03320,Vihti,b3bbdd86-9ba4-4268-9f99-1e6d818a4608
2339,496 Ylimys Katu,,Helsinki,Uusimaa,00910,Helsinki,6bd22320-ba01-4ce2-a77a-8e9975924879
2340,416 Ravio Katu Suite 64,,Porvoo,Uusimaa,06650,Porvoo,069ebbb3-1898-4e97-982c-34f50ab3b143
2341,386 Mahlberg Katu,,Helsinki,Uusimaa,00560,Helsinki,4a4b9b54-4125-46e7-bb54-d9d1b1693f53
2342,261 Reed Katu Unit 72,,Järvenpää,Uusimaa,04440,Järvenpää,2020938f-096c-4c55-841d-ad919e777bc3
2343,134 Hossa Katu,,Vantaa,Uusimaa,01260,Vantaa,7f5a8dcb-4c70-4e44-9283-2e6ddecc3f2c
2344,387 Noori Katu,,Kerava,Uusimaa,04220,Kerava,09559590-d139-4e22-bb08-ca3ce81f076a
2345,173 Koivuhuhta Katu,,Järvenpää,Uusimaa,04460,Järvenpää,6c254e14-bc16-41ed-991d-0cf3a89113bf
2346,878 Forssén Katu,,Helsinki,Uusimaa,00520,Helsinki,0a7d75dd-5166-47c1-a414-c54be5fbc3a6
2347,934 Vitie Katu,,Siuntio,Uusimaa,02580,Siuntio,5b0f6872-1b11-4143-b5e1-ae9e31ca0efd
2348,504 Tiiliharju Katu Suite 98,,Helsinki,Uusimaa,00330,Helsinki,35b40b07-2275-49dc-a852-a9ab613aa6d9
2349,200 Simsek Katu,,Espoo,Uusimaa,02270,Espoo,aebd1c22-c916-44b7-9e39-e0bf97edd634
2350,510 Lammenranta Katu Apt 7,,Porvoo,Uusimaa,06650,Porvoo,eed60db9-437b-4ad7-a07e-305ad7fc2971
2351,369 Hautaviita Katu Suite 62,,Espoo,Uusimaa,02300,Espoo,1e222221-2333-49ed-b88e-33b93a3f2f6c
2352,249 Laarko Katu Apt 26,,Sipoo,Uusimaa,01190,Sipoo,ca72ca02-a403-41d1-8d7a-7fd9e5784ac6
2353,929 Hamari Katu Unit 52,,Askola,Uusimaa,07230,Askola,371eee1d-2bef-4e7e-b52e-233645ffbc39
2354,956 Hakarinne Katu Suite 1,,Espoo,Uusimaa,02810,Espoo,144a134a-0688-4b31-98b8-a163945523b5
2355,395 Tobiasson Katu Unit 55,,Kerava,Uusimaa,04200,Kerava,49ab6f39-c167-42f2-ab81-88e4c003bee7
2356,153 Westerling Katu Suite 2,,Vantaa,Uusimaa,01760,Vantaa,b5ef93b6-3555-440e-87a2-1f965068e2c2
2357,748 Gerber Katu,,Espoo,Uusimaa,02720,Espoo,42a95498-0d55-411d-b504-4b78522965e3
2358,657 Maunola Katu,,Vantaa,Uusimaa,01680,Vantaa,20455f34-a63b-450b-a8e0-f3d5cf52fab6
2359,937 Hiuspää Katu,,Mäntsälä,Uusimaa,04630,Mäntsälä,39e7ccaf-c8be-4a3c-9c9d-7e7998d7f63c
2360,579 Austin Katu Apt 94,,Vantaa,Uusimaa,01340,Vantaa,bfe0338f-9eef-4cec-a908-c550faaa5874
2361,683 Ruukki Katu,,Helsinki,Uusimaa,00850,Helsinki,9b838cfe-685a-4513-baac-0aef57bdda57
2362,178 Mäki-Kauppila Katu,,Helsinki,Uusimaa,00120,Helsinki,6f165b5c-83e7-4d5f-8de1-24ff29550455
2363,938 Kalho Katu,,Helsinki,Uusimaa,00950,Helsinki,8fad39c0-1291-4265-8546-2b6f4a7f6570
2364,558 Lindstedt Katu Suite 7,,Helsinki,Uusimaa,00600,Helsinki,401b27d8-c97b-45af-90e6-4811657dd77d
2365,913 Uvanto Katu,,Nurmijärvi,Uusimaa,01860,Nurmijärvi,dc3a296f-e03b-47df-ae04-524d46b09c04
2366,751 Pihkola Katu Apt 36,,Kirkkonummi,Uusimaa,02540,Kirkkonummi,1383e0da-5311-4b44-862d-503d96b62106
2367,904 Kallunki Katu,,Karkkila,Uusimaa,03620,Karkkila,84677ef0-9f93-4cac-b568-3adc461d0eda
2368,174 Nickull Katu Unit 44,,Kirkkonummi,Uusimaa,02540,Kirkkonummi,ebf8fa32-d9e8-4d19-8410-faf1ee15a35f
2369,1087 Armstrong Katu Apt 78,,Espoo,Uusimaa,02150,Espoo,0a511ebe-cab6-4358-8618-3281aa09dd9c
2370,840 Lanu Katu,,Helsinki,Uusimaa,00410,Helsinki,f6ff8c63-a327-45ad-865c-1ecabbb840ea
2371,917 Lukkarla Katu,,Helsinki,Uusimaa,00980,Helsinki,b48d1305-df65-4a4f-8f24-1eba36a1d599
2372,422 Westerling Katu Unit 33,,Helsinki,Uusimaa,00260,Helsinki,6aea5974-86d3-4279-929a-c3c631031952
2373,330 Rose Katu Suite 73,,Helsinki,Uusimaa,00400,Helsinki,cc639de5-0937-4075-885b-ffd3553788b2
2374,748 Isokorpi Katu,,Espoo,Uusimaa,02280,Espoo,6534afc7-395f-4ead-b646-385a97bc0453
2375,1036 Arvilommi Katu Unit 39,,Porvoo,Uusimaa,07130,Porvoo,39290f81-f106-4f86-8ee6-2721516a8a55
2376,805 Aronoja Katu Unit 32,,Sipoo,Uusimaa,01120,Sipoo,157808a2-ebf3-4480-9e52-cebefc95464e
2377,417 Rummakko Katu,,Helsinki,Uusimaa,00520,Helsinki,f26f4add-d6f7-4a85-ae0d-1c3c6f35c689
