person_id,gender_concept_id,year_of_birth,month_of_birth,day_of_birth,birth_datetime,race_concept_id,ethnicity_concept_id,location_id,provider_id,care_site_id,person_source_value,gender_source_value,gender_source_concept_id,race_source_value,race_source_concept_id,ethnicity_source_value,ethnicity_source_concept_id
2277,8532,2017,10,8,,8527,0,2277,,,96157711-86ad-4a13-adfa-80e771d33747,F,0,white,0,nonhispanic,0
2278,8532,2005,11,3,,8527,0,2278,,,0e18790c-4af4-4c24-b221-bf463e8bb040,F,0,white,0,nonhispanic,0
2279,8507,2000,8,24,,8527,0,2279,,,5e2bf06d-a821-4217-ba9c-bd32bf83d98e,M,0,white,0,nonhispanic,0
2280,8532,1998,7,4,,8527,0,2280,,,ab7f5360-b6af-4efd-8998-7a2b240d4895,F,0,white,0,nonhispanic,0
2281,8532,2018,9,6,,8527,0,2281,,,1554f525-f091-4a97-a2fa-5b6be27e16b7,F,0,white,0,nonhispanic,0
2282,8532,2012,11,5,,8527,0,2282,,,ae681439-05ab-441c-96f3-a046890810c2,F,0,white,0,nonhispanic,0
2283,8507,2018,1,4,,8527,0,2283,,,96502889-98ff-4a9e-ac78-c3de160784cc,M,0,white,0,nonhispanic,0
2284,8507,1978,11,6,,8527,0,2284,,,f93b563d-a909-48aa-a02d-8ed7108194c3,M,0,white,0,nonhispanic,0
2285,8532,1975,7,27,,8527,0,2285,,,e1af14cd-f5f1-445a-89d2-333d5941788b,F,0,white,0,nonhispanic,0
2286,8507,1967,11,4,,8527,0,2286,,,535fde2e-2a1c-47f7-b4af-f548850d6ef9,M,0,white,0,nonhispanic,0
2287,8507,1966,6,16,,8527,0,2287,,,ada952ca-1107-4e18-83c4-adb04fd2d5af,M,0,white,0,nonhispanic,0
2288,8532,2006,9,29,,8527,0,2288,,,6e1569a2-e4af-40bf-a5c4-e26fe2d11348,F,0,white,0,nonhispanic,0
2289,8532,1988,12,10,,8527,0,2289,,,b9a0f61f-2bcd-40d8-a8fc-7956c21ca832,F,0,white,0,nonhispanic,0
2290,8532,1987,3,12,,8527,0,2290,,,58c007e1-4365-424d-a5a3-f857eb43dd9d,F,0,white,0,nonhispanic,0
2291,8507,1951,2,4,,8527,0,2291,,,ce6623ab-1541-4de4-bf72-4d639d89a20f,M,0,white,0,nonhispanic,0
2292,8507,1955,8,23,,8527,0,2292,,,7c6c32e1-a4b2-4b67-9159-4bcacd455fed,M,0,white,0,nonhispanic,0
2293,8507,1994,2,12,,8527,0,2293,,,1646a7e8-0064-4434-a1a6-7980fb1153b7,M,0,white,0,nonhispanic,0
2294,8507,1982,9,9,,8527,0,2294,,,60e74ad6-9f24-4ce8-aa13-0c10dc547eb8,M,0,white,0,nonhispanic,0
2295,8532,1992,1,18,,8527,0,2295,,,248f45df-d248-46b4-bf2b-9fe2df5cd236,F,0,white,0,nonhispanic,0
2296,8532,1997,10,6,,8527,0,2296,,,87ee844b-3af3-4b9c-9989-ccefd32d9a53,F,0,white,0,nonhispanic,0
2297,8507,1992,2,15,,8527,0,2297,,,eea87791-61e2-45d5-8292-ac881bda7ade,M,0,white,0,nonhispanic,0
2298,8532,1947,12,26,,8527,0,2298,,,2cd3affb-5725-4894-8025-3dab424b9b9f,F,0,white,0,nonhispanic,0
2299,8507,1980,8,27,,8527,0,2299,,,cb74877a-c91e-4f73-ac17-6c1679fe96c7,M,0,white,0,nonhispanic,0
2300,8507,1951,9,6,,8527,0,2300,,,c5d8def2-1d68-48b1-9576-c959384a7982,M,0,white,0,nonhispanic,0
2301,8532,1946,4,17,,8527,0,2301,,,459a78fc-3824-4334-84ed-4622ad05e37f,F,0,white,0,nonhispanic,0
2302,8507,1945,11,7,,8527,0,2302,,,47bc4640-0af0-4f62-866c-e29d61b89b95,M,0,white,0,nonhispanic,0
2303,8507,1953,10,7,,8527,0,2303,,,a0a027b3-41dd-4eef-bdf0-e270fb71fe34,M,0,white,0,nonhispanic,0
2304,8532,1982,2,28,,8527,0,2304,,,352fa9eb-588d-4da5-a849-ec1f55f8539f,F,0,white,0,nonhispanic,0
2305,8507,1945,6,17,,8527,0,2305,,,596a905d-512e-4439-9a15-df8ab1ab66ad,M,0,white,0,nonhispanic,0
2306,8532,1923,3,9,,8527,0,2306,,,cadc83d1-e0d8-4987-a7e5-c1764732768d,F,0,white,0,nonhispanic,0
2307,8507,1969,3,25,,8527,0,2307,,,be63365e-5d65-4334-8c56-4a862136168c,M,0,white,0,nonhispanic,0
2308,8532,1947,12,26,,8527,0,2308,,,7b0ec64a-0b8e-479c-aca8-b9690f3079d6,F,0,white,0,nonhispanic,0
2309,8507,1989,12,20,,8527,0,2309,,,10553d6c-b92e-409d-9c5d-fa5318dbda09,M,0,white,0,nonhispanic,0
2310,8532,1992,11,13,,8527,0,2310,,,86f04596-a270-4f91-8590-742ead0e90b8,F,0,white,0,nonhispanic,0
2311,8507,1974,8,29,,8527,0,2311,,,b62d674c-2441-4527-811e-b0078efa4e91,M,0,white,0,nonhispanic,0
2312,8532,1972,8,15,,8527,0,2312,,,be52d523-1d91-4a8d-9e92-86690ab286a9,F,0,white,0,nonhispanic,0
2313,8507,1952,6,3,,8527,0,2313,,,91342c9c-01bc-4956-b9c9-2c3227c9608e,M,0,white,0,nonhispanic,0
2314,8507,1967,8,5,,8527,0,2314,,,73461102-e1c9-4f26-ad0c-d139712a6f00,M,0,white,0,nonhispanic,0
2315,8507,1935,8,23,,8527,0,2315,,,d29d2838-2fd6-4b09-9089-e4dd06db9d59,M,0,white,0,nonhispanic,0
2316,8532,1957,2,21,,8527,0,2316,,,6452776d-5cd9-4219-bf4e-d65af423ee9e,F,0,white,0,nonhispanic,0
2317,8507,1994,8,25,,8527,0,2317,,,d088d83c-2e44-49ac-a6b1-4230e851a6c8,M,0,white,0,nonhispanic,0
2318,8532,1987,7,4,,8527,0,2318,,,97432df2-3bc1-4226-bfe2-266ac24424d8,F,0,white,0,nonhispanic,0
2319,8507,1985,4,16,,8527,0,2319,,,da28a902-191e-4589-b0ee-d15ddaa8b6ac,M,0,white,0,nonhispanic,0
2320,8532,1977,5,17,,8527,0,2320,,,1f8c6413-ce03-4d1d-aacc-6609361c81d8,F,0,white,0,nonhispanic,0
2321,8532,1946,10,24,,8527,0,2321,,,6a8801e6-155e-4182-9622-0d539eadc5cd,F,0,white,0,nonhispanic,0
2322,8507,1980,7,16,,8527,0,2322,,,bdda2f10-3581-4263-9385-7e5b9bc3038c,M,0,white,0,nonhispanic,0
2323,8532,1963,10,31,,8527,0,2323,,,ec1ac815-8895-4fe4-b747-31583be72968,F,0,white,0,nonhispanic,0
2324,8532,1999,9,27,,8527,0,2324,,,327f7211-2280-492b-af4c-c66af5940915,F,0,white,0,nonhispanic,0
2325,8507,1988,4,30,,8527,0,2325,,,07e23802-41be-4bfc-a86f-559ac3697b6e,M,0,white,0,nonhispanic,0
2326,8507,2000,1,19,,8527,0,2326,,,c517b763-9488-4cd5-b42b-e2be4317bd8d,M,0,white,0,nonhispanic,0
2327,8507,1962,5,30,,8527,0,2327,,,50afda83-6fb6-45d5-9e6a-ea6040fdb799,M,0,white,0,nonhispanic,0
2328,8532,1980,3,2,,8527,0,2328,,,8afe9a3a-1a15-4393-bfba-83198f3c614b,F,0,white,0,nonhispanic,0
2329,8532,1991,8,24,,8527,0,2329,,,3a6e2496-1a38-4c4e-8aa8-9887cf789e2c,F,0,white,0,nonhispanic,0
2330,8507,1955,6,27,,8527,0,2330,,,27d100d0-025c-4bbc-a945-4f541668b840,M,0,white,0,nonhispanic,0
2331,8507,1986,10,21,,8527,0,2331,,,875b1710-a52d-440e-b646-05feb5be8ab5,M,0,white,0,nonhispanic,0
2332,8507,1991,8,25,,8527,0,2332,,,d77f1e6e-ddfe-4aa2-8ebf-55d62f842b03,M,0,white,0,nonhispanic,0
2333,8507,1980,9,21,,8527,0,2333,,,8ab3ab20-243d-4d01-992c-fe2d75b00d1d,M,0,white,0,nonhispanic,0
2334,8532,1973,6,19,,8527,0,2334,,,ff8930b9-b255-4ba2-8035-101dda3780cd,F,0,white,0,nonhispanic,0
2335,8507,1975,11,8,,8527,0,2335,,,235bdfee-cde8-4856-be20-9a06efc47eba,M,0,white,0,nonhispanic,0
2336,8507,1959,8,28,,8527,0,2336,,,2fb3e122-2926-4718-b58b-af3a0dce7b4e,M,0,white,0,nonhispanic,0
2337,8532,2004,7,11,,8527,0,2337,,,537281c2-286b-4437-be63-5d1fde5f0cce,F,0,white,0,nonhispanic,0
2338,8507,1947,8,6,,8527,0,2338,,,b3bbdd86-9ba4-4268-9f99-1e6d818a4608,M,0,white,0,nonhispanic,0
2339,8507,1994,5,19,,8527,0,2339,,,6bd22320-ba01-4ce2-a77a-8e9975924879,M,0,white,0,nonhispanic,0
2340,8532,1995,11,19,,8527,0,2340,,,069ebbb3-1898-4e97-982c-34f50ab3b143,F,0,white,0,nonhispanic,0
2341,8532,1964,11,17,,8527,0,2341,,,4a4b9b54-4125-46e7-bb54-d9d1b1693f53,F,0,white,0,nonhispanic,0
2342,8507,1987,3,15,,8527,0,2342,,,2020938f-096c-4c55-841d-ad919e777bc3,M,0,white,0,nonhispanic,0
2343,8532,1961,1,29,,8527,0,2343,,,7f5a8dcb-4c70-4e44-9283-2e6ddecc3f2c,F,0,white,0,nonhispanic,0
2344,8507,2012,5,27,,8527,0,2344,,,09559590-d139-4e22-bb08-ca3ce81f076a,M,0,white,0,nonhispanic,0
2345,8532,1964,10,12,,8527,0,2345,,,6c254e14-bc16-41ed-991d-0cf3a89113bf,F,0,white,0,nonhispanic,0
2346,8532,2017,11,12,,8527,0,2346,,,0a7d75dd-5166-47c1-a414-c54be5fbc3a6,F,0,white,0,nonhispanic,0
2347,8507,1979,9,4,,8527,0,2347,,,5b0f6872-1b11-4143-b5e1-ae9e31ca0efd,M,0,white,0,nonhispanic,0
2348,8532,1980,12,2,,8527,0,2348,,,35b40b07-2275-49dc-a852-a9ab613aa6d9,F,0,white,0,nonhispanic,0
2349,8532,2011,6,26,,8527,0,2349,,,aebd1c22-c916-44b7-9e39-e0bf97edd634,F,0,white,0,nonhispanic,0
2350,8507,1991,9,12,,8527,0,2350,,,eed60db9-437b-4ad7-a07e-305ad7fc2971,M,0,white,0,nonhispanic,0
2351,8507,1941,6,19,,8527,0,2351,,,1e222221-2333-49ed-b88e-33b93a3f2f6c,M,0,white,0,nonhispanic,0
2352,8507,2001,8,18,,8527,0,2352,,,ca72ca02-a403-41d1-8d7a-7fd9e5784ac6,M,0,white,0,nonhispanic,0
2353,8507,2001,1,26,,8527,0,2353,,,371eee1d-2bef-4e7e-b52e-233645ffbc39,M,0,white,0,nonhispanic,0
2354,8507,1978,2,26,,8527,0,2354,,,144a134a-0688-4b31-98b8-a163945523b5,M,0,white,0,nonhispanic,0
2355,8507,1936,6,12,,8527,0,2355,,,49ab6f39-c167-42f2-ab81-88e4c003bee7,M,0,white,0,nonhispanic,0
2356,8532,1968,2,24,,8527,0,2356,,,b5ef93b6-3555-440e-87a2-1f965068e2c2,F,0,white,0,nonhispanic,0
2357,8507,2004,1,1,,8527,0,2357,,,42a95498-0d55-411d-b504-4b78522965e3,M,0,white,0,nonhispanic,0
2358,8532,2006,12,21,,8527,0,2358,,,20455f34-a63b-450b-a8e0-f3d5cf52fab6,F,0,white,0,nonhispanic,0
2359,8532,1943,10,13,,8527,0,2359,,,39e7ccaf-c8be-4a3c-9c9d-7e7998d7f63c,F,0,white,0,nonhispanic,0
2360,8507,1995,3,5,,8527,0,2360,,,bfe0338f-9eef-4cec-a908-c550faaa5874,M,0,white,0,nonhispanic,0
2361,8532,1976,4,21,,8527,0,2361,,,9b838cfe-685a-4513-baac-0aef57bdda57,F,0,white,0,nonhispanic,0
2362,8507,1983,7,10,,8527,0,2362,,,6f165b5c-83e7-4d5f-8de1-24ff29550455,M,0,white,0,nonhispanic,0
2363,8532,1990,7,5,,8527,0,2363,,,8fad39c0-1291-4265-8546-2b6f4a7f6570,F,0,white,0,nonhispanic,0
2364,8507,1998,2,22,,8527,0,2364,,,401b27d8-c97b-45af-90e6-4811657dd77d,M,0,white,0,nonhispanic,0
2365,8507,1981,1,19,,8527,0,2365,,,dc3a296f-e03b-47df-ae04-524d46b09c04,M,0,white,0,nonhispanic,0
2366,8532,1968,5,5,,8527,0,2366,,,1383e0da-5311-4b44-862d-503d96b62106,F,0,white,0,nonhispanic,0
2367,8507,1985,3,23,,8527,0,2367,,,84677ef0-9f93-4cac-b568-3adc461d0eda,M,0,white,0,nonhispanic,0
2368,8507,1973,10,2,,8527,0,2368,,,ebf8fa32-d9e8-4d19-8410-faf1ee15a35f,M,0,white,0,nonhispanic,0
2369,8532,2014,8,22,,8527,0,2369,,,0a511ebe-cab6-4358-8618-3281aa09dd9c,F,0,white,0,nonhispanic,0
2370,8532,1954,10,1,,8527,0,2370,,,f6ff8c63-a327-45ad-865c-1ecabbb840ea,F,0,white,0,nonhispanic,0
2371,8507,1979,11,25,,8527,0,2371,,,b48d1305-df65-4a4f-8f24-1eba36a1d599,M,0,white,0,nonhispanic,0
2372,8507,1974,1,28,,8527,0,2372,,,6aea5974-86d3-4279-929a-c3c631031952,M,0,white,0,nonhispanic,0
2373,8532,1979,6,23,,8527,0,2373,,,cc639de5-0937-4075-885b-ffd3553788b2,F,0,white,0,nonhispanic,0
2374,8532,1960,12,10,,8527,0,2374,,,6534afc7-395f-4ead-b646-385a97bc0453,F,0,white,0,nonhispanic,0
2375,8532,1972,7,15,,8527,0,2375,,,39290f81-f106-4f86-8ee6-2721516a8a55,F,0,white,0,nonhispanic,0
2376,8532,1939,11,14,,8527,0,2376,,,157808a2-ebf3-4480-9e52-cebefc95464e,F,0,white,0,nonhispanic,0
2377,8507,1958,6,11,,8527,0,2377,,,f26f4add-d6f7-4a85-ae0d-1c3c6f35c689,M,0,white,0,nonhispanic,0
