START,STOP,PATIENT,ENCOUNTER,CODE,DESCRIPTION
2005-01-06,,ef9b88ed-1369-4a6f-ad2b-330b7477f76a,46a68864-d3ef-4f6a-b2ec-969cbbeb2ca7,162864005,Body mass index 30+ - obesity (finding)
2002-09-07,,ead7c369-121d-40c0-8319-0c1c93d33102,8eca2a6a-1234-4448-af96-1a38660fdbc3,162864005,Body mass index 30+ - obesity (finding)
1921-12-23,,248a379e-b099-420c-ae7c-8637ee529fb9,92db0695-13ba-4bd7-b231-81d074a367fe,162864005,Body mass index 30+ - obesity (finding)
1939-02-17,,248a379e-b099-420c-ae7c-8637ee529fb9,aec5c9da-0a80-4452-bae9-2f7b8ab77a78,53741008,Coronary Heart Disease
1955-06-03,,248a379e-b099-420c-ae7c-8637ee529fb9,257ca4dc-2df9-4a83-a393-a624662a2007,230690007,Stroke
2007-08-18,,e5a33ff3-90b9-45e3-80de-a03a1b88047f,b5707525-ca87-4e23-80f9-891094d902fb,162864005,Body mass index 30+ - obesity (finding)
1989-04-21,,ba6acbf3-2b12-494b-9fc7-f92d086109d7,20b12c04-44f6-4e76-b786-ff6a1b0c250e,162864005,Body mass index 30+ - obesity (finding)
2003-11-13,,19842940-9883-4d2c-8f38-0abb5e79e7e4,877dbd85-a607-473a-be3e-8bdf71540e19,162864005,Body mass index 30+ - obesity (finding)
1968-09-03,,d46faef5-8def-4c6b-90c7-ea8082f62586,63e461af-fe85-4cc5-9555-33724834a579,162864005,Body mass index 30+ - obesity (finding)
1999-03-25,,a486fb5a-2dc6-4083-93e7-03af5dffeb30,18ba06ac-912e-4ef9-a4db-4461083432ef,162864005,Body mass index 30+ - obesity (finding)
1955-11-21,,ce867cd2-f1b4-493b-bff8-d8d714277a66,6799bf55-f099-48e4-b2de-0d126a0c6711,53741008,Coronary Heart Disease
1974-11-25,,ce867cd2-f1b4-493b-bff8-d8d714277a66,de56036f-3139-4678-965d-3725b4ff500d,22298006,Myocardial Infarction
1974-11-25,,ce867cd2-f1b4-493b-bff8-d8d714277a66,de56036f-3139-4678-965d-3725b4ff500d,399211009,History of myocardial infarction (situation)
1978-03-13,,ce867cd2-f1b4-493b-bff8-d8d714277a66,f4f7f7f5-c6f5-47dd-98cb-31f51f259d9a,162864005,Body mass index 30+ - obesity (finding)
1986-11-01,,c41e1653-69b9-4e4c-a380-93ff335e9cc3,838dfc23-0393-404a-a7c2-d9da9b8a9341,410429000,Cardiac Arrest
1986-11-01,,c41e1653-69b9-4e4c-a380-93ff335e9cc3,838dfc23-0393-404a-a7c2-d9da9b8a9341,429007001,History of cardiac arrest (situation)
1999-07-18,,694f04ce-ed9c-4636-94c4-9801bc19ef72,e2438ab1-dc00-43bf-90b7-a4cb7e0cf2fa,162864005,Body mass index 30+ - obesity (finding)
1998-03-30,,5eed30c7-f104-45e1-a3e4-ee233be1d392,a2303845-1b72-4c66-b8c0-88c39a3538b0,162864005,Body mass index 30+ - obesity (finding)
2013-07-28,,afcaf062-7ea0-43c5-a033-aa24b6523bff,252b7cc6-b874-4aa5-a59f-280905c8832a,162864005,Body mass index 30+ - obesity (finding)
1929-02-01,,7456eba3-8d69-4acb-98eb-f7b4a00fa091,5327e305-f819-406b-9716-782474cb2d36,162864005,Body mass index 30+ - obesity (finding)
1991-11-22,,7456eba3-8d69-4acb-98eb-f7b4a00fa091,e58e2b76-13b0-49b9-9dbc-4c5583360249,230690007,Stroke
1985-03-19,,0e3957a2-b3c2-4782-aeea-91003d1a620f,504af30e-338e-4d68-9b61-b63df5118c02,162864005,Body mass index 30+ - obesity (finding)
2018-05-01,,0e3957a2-b3c2-4782-aeea-91003d1a620f,570f53ef-124f-48a8-8bd7-1111e073a6c5,230690007,Stroke
2018-07-24,,0e3957a2-b3c2-4782-aeea-91003d1a620f,4df3ec79-bb05-4268-be95-c3d7a140ce12,49436004,Atrial Fibrillation
1984-10-29,,b491c5e8-f2cc-44c7-bccb-9c781f2ea46a,d6ba73c0-6eb8-451c-8894-4e3cadf320a2,162864005,Body mass index 30+ - obesity (finding)
2019-03-25,,b491c5e8-f2cc-44c7-bccb-9c781f2ea46a,3ba9b31f-5f20-4bff-9501-54fd3800b260,49436004,Atrial Fibrillation
2006-11-28,,20133e45-f809-4601-80e0-bde4491d051a,ec7066a1-40cc-41b2-855a-7534e442837b,162864005,Body mass index 30+ - obesity (finding)
1977-12-09,,7b5e9586-5eed-4e5b-8727-382ec45e1c4e,e842de34-e261-4470-a345-1bc3e6a57563,162864005,Body mass index 30+ - obesity (finding)
1978-12-15,,7b5e9586-5eed-4e5b-8727-382ec45e1c4e,1fdadfd0-8e21-4243-a2be-4d05ea8cd7f6,408512008,Body mass index 40+ - severely obese (finding)
1991-12-24,,27187efb-03be-4f65-b43e-6cc0d89815af,6b38df25-3f61-4b1f-9ff8-48d000d44914,162864005,Body mass index 30+ - obesity (finding)
1971-08-03,,3f03ce59-6847-4c44-b8ac-38f368b9b40e,94b2c614-32a3-4eff-918d-3c4ace3afdd2,162864005,Body mass index 30+ - obesity (finding)
1999-07-13,,3f03ce59-6847-4c44-b8ac-38f368b9b40e,559bea03-4e3a-4e31-9739-e6d1ceeaabd1,230690007,Stroke
1985-05-31,,a6b74944-39c1-49e8-bb3e-4289a495bed5,232cf866-8ca1-4c24-a9de-784daf8d3d94,162864005,Body mass index 30+ - obesity (finding)
2019-05-31,,a6b74944-39c1-49e8-bb3e-4289a495bed5,a9da7ef1-c6c7-4526-818e-63b1beab29c2,53741008,Coronary Heart Disease
2010-12-09,,7f3f291c-83b5-4d2b-899b-c7bebaf2ca15,1ad1eb0d-869f-4b66-b232-fdd1501be671,162864005,Body mass index 30+ - obesity (finding)
2009-12-01,,835140ab-0c9f-4f92-9aa1-9a562b56a895,c23b935e-3b61-4283-bd7e-bfcf384e78ac,162864005,Body mass index 30+ - obesity (finding)
1989-03-22,,ab804245-dc17-4339-bb93-d32266848ee4,c5554942-b1c7-4216-9d79-d5e85265cb96,162864005,Body mass index 30+ - obesity (finding)
2009-02-05,,9157b8dd-6c3a-468b-ae06-2651c3a389d4,bef97dd9-4555-4357-bf2c-f5c94ef8a502,162864005,Body mass index 30+ - obesity (finding)
1988-09-07,,dd743995-860e-46cd-9918-324717084dfd,b110c31e-6edd-44ad-b0a1-670ae7ab9f15,162864005,Body mass index 30+ - obesity (finding)
1991-12-09,,722402d3-2138-44a6-a958-6bbb57e81f2e,83dfd5f5-4c62-4d89-8e27-0f67477a69ff,162864005,Body mass index 30+ - obesity (finding)
1980-02-22,,e5552e01-9bfb-41af-9db4-35765f9b2849,c3a59e37-5505-4ecb-9161-ae6696232cab,162864005,Body mass index 30+ - obesity (finding)
2007-08-17,,e5552e01-9bfb-41af-9db4-35765f9b2849,3f898b34-8665-4c94-83d4-d10190469a4c,230690007,Stroke
1979-01-01,,4296fafa-7ff6-4a3a-91a6-b75e8a2210c2,c579ab34-cd14-46ae-8c4f-341183655ce3,410429000,Cardiac Arrest
1979-01-01,,4296fafa-7ff6-4a3a-91a6-b75e8a2210c2,c579ab34-cd14-46ae-8c4f-341183655ce3,429007001,History of cardiac arrest (situation)
2003-02-03,,4296fafa-7ff6-4a3a-91a6-b75e8a2210c2,cb88d7b7-b8fd-454a-af82-534b69fd49e3,162864005,Body mass index 30+ - obesity (finding)
2015-06-12,,3100dea9-c670-4459-ba31-0ef0d0084a19,01a1ac46-1ac4-4dfc-8fce-d636a01c9a38,162864005,Body mass index 30+ - obesity (finding)
2000-07-16,,ec8b023d-a60a-43c3-bbc0-763bc1069d5f,826bb472-a016-4062-bbd9-7cd1c251f598,162864005,Body mass index 30+ - obesity (finding)
2008-09-17,,c3430f6e-6e19-434e-829a-ea8deddd69f9,34236364-ba48-4d93-9c73-8691aef913ef,162864005,Body mass index 30+ - obesity (finding)
2016-10-03,,02afa97d-85a3-46d2-874d-22ebe2a8b827,4f04a53f-cb54-48d1-a7a9-6e3651ce518e,162864005,Body mass index 30+ - obesity (finding)
1984-04-11,,658afba2-2588-4f5b-8e15-e08a0f6a15b5,4c506aac-8ff6-420c-92ca-2fec59f71cb0,162864005,Body mass index 30+ - obesity (finding)
1986-07-31,,e281b9c6-d609-4c22-853d-144abe6cecfe,d6d65aed-a187-480a-abb0-b29493adc321,230690007,Stroke
1993-06-30,,fdb84e14-83cf-4192-aa03-73223db75d4c,891466ca-a540-448b-a9da-008ff3201ed0,162864005,Body mass index 30+ - obesity (finding)
2019-04-04,,7acb42ae-4986-4fea-bfff-4d43197df4a6,ebdbc2cd-23d8-4ef9-b93c-6dbef878855d,162864005,Body mass index 30+ - obesity (finding)
1986-11-18,,d08e4836-f80b-400f-bb2b-6d1d06d767ac,f960519d-e062-4c78-8611-7dbd4f170230,162864005,Body mass index 30+ - obesity (finding)
2012-10-16,,d08e4836-f80b-400f-bb2b-6d1d06d767ac,f6f6ac40-6713-48b3-a888-6324ddf8d93d,53741008,Coronary Heart Disease
2013-09-10,,d08e4836-f80b-400f-bb2b-6d1d06d767ac,7d2bd2c5-b558-44ea-b9d1-704011959047,22298006,Myocardial Infarction
2013-09-10,,d08e4836-f80b-400f-bb2b-6d1d06d767ac,7d2bd2c5-b558-44ea-b9d1-704011959047,399211009,History of myocardial infarction (situation)
2014-03-14,,02df4ff6-0fc4-4a9a-b2af-799a095b26f9,a5d6907b-346a-411c-82c4-7e2249bbf9db,162864005,Body mass index 30+ - obesity (finding)
1966-09-18,,fb0eaf78-2256-49e8-84c2-371abe6912ef,b12e9261-5b38-4c5f-a79b-9b441e069c7f,162864005,Body mass index 30+ - obesity (finding)
2002-06-28,,8955f4d2-3de1-4aaf-80c6-cc7427201f39,04d86c89-a018-4865-9ee7-99f6f4159c74,162864005,Body mass index 30+ - obesity (finding)
2002-01-12,,e6edcf33-3eda-42a4-911e-b2a7a293adc1,a42eb2ca-64fd-4ddc-93c0-5caa891574d9,162864005,Body mass index 30+ - obesity (finding)
2018-09-26,,3001350b-03ed-4044-b3be-50d8c0a55add,98d67739-ecb6-4950-93f9-ca48fc0dd4fc,162864005,Body mass index 30+ - obesity (finding)
1989-06-29,,f15b5a73-c5fc-44c6-939e-f45938fb0744,280130fc-6f6a-406f-bb4c-44ae8e34986e,162864005,Body mass index 30+ - obesity (finding)
2014-10-30,,87247886-3fa2-4397-b454-f42af1619caf,4d9f4829-68c7-4b25-bc89-5a3acd1b6ed2,162864005,Body mass index 30+ - obesity (finding)
2006-09-25,,5649ef54-7982-46c4-a711-5792d8bed9cc,84ee57de-b069-44e9-88ae-aa6f8f84aa6a,162864005,Body mass index 30+ - obesity (finding)
2018-02-03,,5484b715-fe74-46ed-98e5-0d62c8196b39,3de8f527-b7cd-424f-b505-641272a7a63f,162864005,Body mass index 30+ - obesity (finding)
1986-07-16,,1fbd4d92-d89d-4365-a9d1-e0cc6029f807,04da132e-22fc-4966-a385-11dc7cd6ece5,162864005,Body mass index 30+ - obesity (finding)
2005-06-29,,3b69bd90-d7c5-4f51-9d42-63d407add172,b9cbe957-7b38-43a3-86c7-4400864e45d1,162864005,Body mass index 30+ - obesity (finding)
1999-07-16,,26ac3195-edd3-4875-948d-cd5f56cb132b,d4b9803f-a446-4d9f-ba47-06b32e8e6ffe,162864005,Body mass index 30+ - obesity (finding)
1993-02-20,,1ccbf35c-cc18-41d4-a29d-48161e2b75da,0c2a6f6d-15dc-4180-a3a4-b4728e113a24,162864005,Body mass index 30+ - obesity (finding)
1998-01-17,,1ccbf35c-cc18-41d4-a29d-48161e2b75da,d44a4631-0cd6-4208-896a-e3e4dd1c1ba9,230690007,Stroke
1977-09-20,,eebadf33-315e-4865-8e4d-3b42a87cf2a5,fcb82182-2c75-48c6-8ce1-b1185394719b,162864005,Body mass index 30+ - obesity (finding)
2008-08-06,,c9b108ed-4bfd-43f1-a1d3-da07750a4db0,a7f42af7-77bc-4a43-b74e-02c3e97f6e9c,162864005,Body mass index 30+ - obesity (finding)
1997-10-21,,5870bd77-ce94-4b80-9b6f-3f9538d3c6a2,a7cffba8-3a31-4ea6-8803-54cf452dc6d9,162864005,Body mass index 30+ - obesity (finding)
2011-12-20,,5870bd77-ce94-4b80-9b6f-3f9538d3c6a2,fcd50334-2566-4532-b431-eee60a75041d,230690007,Stroke
2004-09-27,,3586fa14-77b7-4908-8d87-b65d9abdf396,73fbad30-676a-4f48-a58b-55eb29a80447,162864005,Body mass index 30+ - obesity (finding)
2009-05-04,,8223691b-3c35-4adf-ae99-591411db681b,3d6e0b08-a3db-480f-be5f-9cd687121d65,162864005,Body mass index 30+ - obesity (finding)
1994-06-11,,f2243bd2-f43f-45c5-92ad-d7e0a6d15ff9,4cd6d6c1-d945-4787-ab95-89735d4ded84,162864005,Body mass index 30+ - obesity (finding)
