START,STOP,PATIENT,PAYER,ENCOUNTER,CODE,DESCRIPTION,BASE_COST,PAYER_COVERAGE,DISPENSES,TOTALCOST,REASONCODE,REASONDESCRIPTION
1939-02-17,1939-02-17,248a379e-b099-420c-ae7c-8637ee529fb9,b1c428d6-4f07-31e0-90f0-68ffa6ff8c76,aec5c9da-0a80-4452-bae9-2f7b8ab77a78,705129,Nitroglycerin 0.4 MG/ACTUAT Mucosal Spray,83.59,0.00,1,83.59,,
1939-02-17,1940-02-23,248a379e-b099-420c-ae7c-8637ee529fb9,b1c428d6-4f07-31e0-90f0-68ffa6ff8c76,aec5c9da-0a80-4452-bae9-2f7b8ab77a78,705129,Nitroglycerin 0.4 MG/ACTUAT Mucosal Spray,248.06,0.00,12,2976.72,,
1940-02-23,1941-02-28,248a379e-b099-420c-ae7c-8637ee529fb9,b1c428d6-4f07-31e0-90f0-68ffa6ff8c76,4b78b066-d577-403f-a7e4-409597035a69,705129,Nitroglycerin 0.4 MG/ACTUAT Mucosal Spray,305.54,0.00,12,3666.48,,
1941-02-28,1942-03-06,248a379e-b099-420c-ae7c-8637ee529fb9,b1c428d6-4f07-31e0-90f0-68ffa6ff8c76,15e56196-dca2-4e9b-b893-f028dd265d9e,705129,Nitroglycerin 0.4 MG/ACTUAT Mucosal Spray,45.63,0.00,12,547.56,,
1942-03-06,1943-03-12,248a379e-b099-420c-ae7c-8637ee529fb9,b1c428d6-4f07-31e0-90f0-68ffa6ff8c76,ea159a8c-3c6f-4526-aa3f-a48e528515b8,705129,Nitroglycerin 0.4 MG/ACTUAT Mucosal Spray,199.78,0.00,12,2397.36,,
1943-03-12,1944-03-17,248a379e-b099-420c-ae7c-8637ee529fb9,b1c428d6-4f07-31e0-90f0-68ffa6ff8c76,158fdb9f-0be3-44e7-a4c3-eb0a6de1284b,705129,Nitroglycerin 0.4 MG/ACTUAT Mucosal Spray,51.74,0.00,12,620.88,,
1944-03-17,1945-03-23,248a379e-b099-420c-ae7c-8637ee529fb9,b1c428d6-4f07-31e0-90f0-68ffa6ff8c76,e4ee4161-c547-4fef-9662-3b1dee4050ae,705129,Nitroglycerin 0.4 MG/ACTUAT Mucosal Spray,97.74,0.00,12,1172.88,,
1945-03-23,1946-03-29,248a379e-b099-420c-ae7c-8637ee529fb9,b1c428d6-4f07-31e0-90f0-68ffa6ff8c76,7ee132c7-aa48-4bf0-9c22-d84813fc3ff4,705129,Nitroglycerin 0.4 MG/ACTUAT Mucosal Spray,218.26,0.00,12,2619.12,,
1946-03-29,1947-04-04,248a379e-b099-420c-ae7c-8637ee529fb9,b1c428d6-4f07-31e0-90f0-68ffa6ff8c76,7768f7b6-0bf1-4a1a-b82a-564f48bd1b9d,705129,Nitroglycerin 0.4 MG/ACTUAT Mucosal Spray,69.87,0.00,12,838.44,,
1947-04-04,1948-04-09,248a379e-b099-420c-ae7c-8637ee529fb9,b1c428d6-4f07-31e0-90f0-68ffa6ff8c76,4fc52e89-d819-48cf-9db6-216d2d85a8a3,705129,Nitroglycerin 0.4 MG/ACTUAT Mucosal Spray,273.49,0.00,12,3281.88,,
1948-04-09,1949-04-15,248a379e-b099-420c-ae7c-8637ee529fb9,b1c428d6-4f07-31e0-90f0-68ffa6ff8c76,b577c0d4-ecd5-4107-ab20-dbd3828d99e5,705129,Nitroglycerin 0.4 MG/ACTUAT Mucosal Spray,150.88,0.00,12,1810.56,,
1949-04-15,1950-04-21,248a379e-b099-420c-ae7c-8637ee529fb9,b1c428d6-4f07-31e0-90f0-68ffa6ff8c76,f7c110cd-06ea-4173-9d78-e719962e1a63,705129,Nitroglycerin 0.4 MG/ACTUAT Mucosal Spray,36.77,0.00,12,441.24,,
1950-04-21,1951-04-27,248a379e-b099-420c-ae7c-8637ee529fb9,b1c428d6-4f07-31e0-90f0-68ffa6ff8c76,089f8c0e-6b4e-4d30-af6b-3bfb96b87fc1,705129,Nitroglycerin 0.4 MG/ACTUAT Mucosal Spray,93.01,0.00,12,1116.12,,
1951-04-27,1952-05-02,248a379e-b099-420c-ae7c-8637ee529fb9,b1c428d6-4f07-31e0-90f0-68ffa6ff8c76,428f4f7b-36cd-495c-b8e3-7ae48ffb34fb,705129,Nitroglycerin 0.4 MG/ACTUAT Mucosal Spray,118.89,0.00,12,1426.68,,
1952-05-02,1953-05-08,248a379e-b099-420c-ae7c-8637ee529fb9,b1c428d6-4f07-31e0-90f0-68ffa6ff8c76,88a7675d-778e-4259-9af3-c6013307655f,705129,Nitroglycerin 0.4 MG/ACTUAT Mucosal Spray,150.72,0.00,12,1808.64,,
1953-05-08,1954-05-14,248a379e-b099-420c-ae7c-8637ee529fb9,b1c428d6-4f07-31e0-90f0-68ffa6ff8c76,a227b0d3-a43b-4f0d-8e78-4d0a983988d0,705129,Nitroglycerin 0.4 MG/ACTUAT Mucosal Spray,124.23,0.00,12,1490.76,,
1954-05-14,1955-05-20,248a379e-b099-420c-ae7c-8637ee529fb9,b1c428d6-4f07-31e0-90f0-68ffa6ff8c76,a00f6b89-ff15-4f93-b0fe-6d74983efbc5,705129,Nitroglycerin 0.4 MG/ACTUAT Mucosal Spray,229.86,0.00,12,2758.32,,
1955-05-20,,248a379e-b099-420c-ae7c-8637ee529fb9,b1c428d6-4f07-31e0-90f0-68ffa6ff8c76,36d8c8ac-2893-402b-9294-3cc24bf10191,705129,Nitroglycerin 0.4 MG/ACTUAT Mucosal Spray,214.01,0.00,1,214.01,,
1970-02-09,1971-02-15,ce867cd2-f1b4-493b-bff8-d8d714277a66,b1c428d6-4f07-31e0-90f0-68ffa6ff8c76,5580dcbe-2637-4a4c-b314-9df38fd6d7b5,705129,Nitroglycerin 0.4 MG/ACTUAT Mucosal Spray,84.28,0.00,12,1011.36,,
1971-02-15,1972-02-21,ce867cd2-f1b4-493b-bff8-d8d714277a66,b1c428d6-4f07-31e0-90f0-68ffa6ff8c76,669c8521-5a78-4795-bcbf-eb24b2fe7f48,705129,Nitroglycerin 0.4 MG/ACTUAT Mucosal Spray,317.17,0.00,12,3806.04,,
1972-02-21,1973-02-26,ce867cd2-f1b4-493b-bff8-d8d714277a66,b1c428d6-4f07-31e0-90f0-68ffa6ff8c76,4e023b0a-c9e3-411f-a35e-c01bbbdb61e8,705129,Nitroglycerin 0.4 MG/ACTUAT Mucosal Spray,317.95,0.00,12,3815.40,,
1973-02-26,1974-03-04,ce867cd2-f1b4-493b-bff8-d8d714277a66,b1c428d6-4f07-31e0-90f0-68ffa6ff8c76,4ad66812-246d-4f7e-8884-e22bf1f4e1b1,705129,Nitroglycerin 0.4 MG/ACTUAT Mucosal Spray,195.34,0.00,12,2344.08,,
1974-03-04,1974-11-25,ce867cd2-f1b4-493b-bff8-d8d714277a66,b1c428d6-4f07-31e0-90f0-68ffa6ff8c76,84625780-99d6-477a-ac9b-fae09807de19,705129,Nitroglycerin 0.4 MG/ACTUAT Mucosal Spray,110.54,0.00,8,884.32,,
1977-03-07,1977-03-07,ce867cd2-f1b4-493b-bff8-d8d714277a66,b1c428d6-4f07-31e0-90f0-68ffa6ff8c76,eed24743-f8fc-4adc-86c8-f68198f96c75,705129,Nitroglycerin 0.4 MG/ACTUAT Mucosal Spray,243.64,0.00,1,243.64,,
1977-03-07,1978-03-13,ce867cd2-f1b4-493b-bff8-d8d714277a66,b1c428d6-4f07-31e0-90f0-68ffa6ff8c76,eed24743-f8fc-4adc-86c8-f68198f96c75,705129,Nitroglycerin 0.4 MG/ACTUAT Mucosal Spray,42.44,0.00,12,509.28,,
1978-03-13,1979-03-19,ce867cd2-f1b4-493b-bff8-d8d714277a66,b1c428d6-4f07-31e0-90f0-68ffa6ff8c76,f4f7f7f5-c6f5-47dd-98cb-31f51f259d9a,705129,Nitroglycerin 0.4 MG/ACTUAT Mucosal Spray,272.16,0.00,12,3265.92,,
1979-03-19,1980-03-24,ce867cd2-f1b4-493b-bff8-d8d714277a66,b1c428d6-4f07-31e0-90f0-68ffa6ff8c76,18a5ae2c-f020-496a-addd-fc7a6a760091,705129,Nitroglycerin 0.4 MG/ACTUAT Mucosal Spray,200.37,0.00,12,2404.44,,
1980-03-24,1981-01-05,ce867cd2-f1b4-493b-bff8-d8d714277a66,b1c428d6-4f07-31e0-90f0-68ffa6ff8c76,bf42d825-5c28-4219-92d0-a6350d5acd29,705129,Nitroglycerin 0.4 MG/ACTUAT Mucosal Spray,228.98,0.00,9,2060.82,,
1981-01-05,1981-01-05,ce867cd2-f1b4-493b-bff8-d8d714277a66,b1c428d6-4f07-31e0-90f0-68ffa6ff8c76,3943f0c8-302c-4770-a1fd-09fafcaf720d,833036,Captopril 25 MG Oral Tablet,28.34,0.00,1,28.34,,
2018-05-01,2018-05-01,0e3957a2-b3c2-4782-aeea-91003d1a620f,b1c428d6-4f07-31e0-90f0-68ffa6ff8c76,570f53ef-124f-48a8-8bd7-1111e073a6c5,309362,Clopidogrel 75 MG Oral Tablet,62.85,0.00,1,62.85,,
2018-05-01,2018-05-01,0e3957a2-b3c2-4782-aeea-91003d1a620f,b1c428d6-4f07-31e0-90f0-68ffa6ff8c76,570f53ef-124f-48a8-8bd7-1111e073a6c5,1804799,Alteplase 100 MG Injection,6181.72,0.00,1,6181.72,,
2018-07-24,2018-07-24,0e3957a2-b3c2-4782-aeea-91003d1a620f,b1c428d6-4f07-31e0-90f0-68ffa6ff8c76,4df3ec79-bb05-4268-be95-c3d7a140ce12,855332,Warfarin Sodium 5 MG Oral Tablet,85.07,0.00,1,85.07,,
2018-07-24,2018-07-24,0e3957a2-b3c2-4782-aeea-91003d1a620f,b1c428d6-4f07-31e0-90f0-68ffa6ff8c76,4df3ec79-bb05-4268-be95-c3d7a140ce12,897718,Verapamil Hydrochloride 40 MG,168.63,0.00,1,168.63,,
2018-07-24,2018-07-24,0e3957a2-b3c2-4782-aeea-91003d1a620f,b1c428d6-4f07-31e0-90f0-68ffa6ff8c76,4df3ec79-bb05-4268-be95-c3d7a140ce12,197604,Digoxin 0.125 MG Oral Tablet,105.62,0.00,1,105.62,,
2018-07-24,2019-07-30,0e3957a2-b3c2-4782-aeea-91003d1a620f,b1c428d6-4f07-31e0-90f0-68ffa6ff8c76,4df3ec79-bb05-4268-be95-c3d7a140ce12,897718,Verapamil Hydrochloride 40 MG,51.60,0.00,12,619.20,,
2018-07-24,2019-07-30,0e3957a2-b3c2-4782-aeea-91003d1a620f,b1c428d6-4f07-31e0-90f0-68ffa6ff8c76,4df3ec79-bb05-4268-be95-c3d7a140ce12,197604,Digoxin 0.125 MG Oral Tablet,67.02,0.00,12,804.24,,
2018-07-24,2019-07-30,0e3957a2-b3c2-4782-aeea-91003d1a620f,b1c428d6-4f07-31e0-90f0-68ffa6ff8c76,4df3ec79-bb05-4268-be95-c3d7a140ce12,855332,Warfarin Sodium 5 MG Oral Tablet,95.73,0.00,12,1148.76,,
2019-07-30,,0e3957a2-b3c2-4782-aeea-91003d1a620f,b1c428d6-4f07-31e0-90f0-68ffa6ff8c76,3949cc1a-dfe4-4e90-b5d4-89e270de7c86,897718,Verapamil Hydrochloride 40 MG,39.47,0.00,7,276.29,,
2019-07-30,,0e3957a2-b3c2-4782-aeea-91003d1a620f,b1c428d6-4f07-31e0-90f0-68ffa6ff8c76,3949cc1a-dfe4-4e90-b5d4-89e270de7c86,197604,Digoxin 0.125 MG Oral Tablet,42.07,0.00,7,294.49,,
2019-07-30,,0e3957a2-b3c2-4782-aeea-91003d1a620f,b1c428d6-4f07-31e0-90f0-68ffa6ff8c76,3949cc1a-dfe4-4e90-b5d4-89e270de7c86,855332,Warfarin Sodium 5 MG Oral Tablet,75.67,0.00,7,529.69,,
2019-03-25,2019-03-25,b491c5e8-f2cc-44c7-bccb-9c781f2ea46a,b1c428d6-4f07-31e0-90f0-68ffa6ff8c76,3ba9b31f-5f20-4bff-9501-54fd3800b260,855332,Warfarin Sodium 5 MG Oral Tablet,13.23,0.00,1,13.23,,
2019-03-25,2019-03-25,b491c5e8-f2cc-44c7-bccb-9c781f2ea46a,b1c428d6-4f07-31e0-90f0-68ffa6ff8c76,3ba9b31f-5f20-4bff-9501-54fd3800b260,897718,Verapamil Hydrochloride 40 MG,35.70,0.00,1,35.70,,
2019-03-25,2019-03-25,b491c5e8-f2cc-44c7-bccb-9c781f2ea46a,b1c428d6-4f07-31e0-90f0-68ffa6ff8c76,3ba9b31f-5f20-4bff-9501-54fd3800b260,197604,Digoxin 0.125 MG Oral Tablet,61.80,0.00,1,61.80,,
2019-03-25,,b491c5e8-f2cc-44c7-bccb-9c781f2ea46a,b1c428d6-4f07-31e0-90f0-68ffa6ff8c76,3ba9b31f-5f20-4bff-9501-54fd3800b260,897718,Verapamil Hydrochloride 40 MG,64.98,0.00,11,714.78,,
2019-03-25,,b491c5e8-f2cc-44c7-bccb-9c781f2ea46a,b1c428d6-4f07-31e0-90f0-68ffa6ff8c76,3ba9b31f-5f20-4bff-9501-54fd3800b260,197604,Digoxin 0.125 MG Oral Tablet,64.66,0.00,11,711.26,,
2019-03-25,,b491c5e8-f2cc-44c7-bccb-9c781f2ea46a,b1c428d6-4f07-31e0-90f0-68ffa6ff8c76,3ba9b31f-5f20-4bff-9501-54fd3800b260,855332,Warfarin Sodium 5 MG Oral Tablet,219.65,0.00,11,2416.15,,
1999-07-13,1999-07-13,3f03ce59-6847-4c44-b8ac-38f368b9b40e,b1c428d6-4f07-31e0-90f0-68ffa6ff8c76,559bea03-4e3a-4e31-9739-e6d1ceeaabd1,309362,Clopidogrel 75 MG Oral Tablet,37.98,0.00,1,37.98,,
1999-07-13,1999-07-13,3f03ce59-6847-4c44-b8ac-38f368b9b40e,b1c428d6-4f07-31e0-90f0-68ffa6ff8c76,559bea03-4e3a-4e31-9739-e6d1ceeaabd1,1804799,Alteplase 100 MG Injection,6080.70,0.00,1,6080.70,,
2019-05-31,2019-05-31,a6b74944-39c1-49e8-bb3e-4289a495bed5,b1c428d6-4f07-31e0-90f0-68ffa6ff8c76,a9da7ef1-c6c7-4526-818e-63b1beab29c2,309362,Clopidogrel 75 MG Oral Tablet,37.64,0.00,1,37.64,,
2019-05-31,2019-05-31,a6b74944-39c1-49e8-bb3e-4289a495bed5,b1c428d6-4f07-31e0-90f0-68ffa6ff8c76,a9da7ef1-c6c7-4526-818e-63b1beab29c2,312961,Simvastatin 20 MG Oral Tablet,5.63,0.00,1,5.63,,
2019-05-31,2019-05-31,a6b74944-39c1-49e8-bb3e-4289a495bed5,b1c428d6-4f07-31e0-90f0-68ffa6ff8c76,a9da7ef1-c6c7-4526-818e-63b1beab29c2,197361,Amlodipine 5 MG Oral Tablet,36.80,0.00,1,36.80,,
2019-05-31,2019-05-31,a6b74944-39c1-49e8-bb3e-4289a495bed5,b1c428d6-4f07-31e0-90f0-68ffa6ff8c76,a9da7ef1-c6c7-4526-818e-63b1beab29c2,705129,Nitroglycerin 0.4 MG/ACTUAT Mucosal Spray,49.18,0.00,1,49.18,,
2019-05-31,,a6b74944-39c1-49e8-bb3e-4289a495bed5,b1c428d6-4f07-31e0-90f0-68ffa6ff8c76,a9da7ef1-c6c7-4526-818e-63b1beab29c2,309362,Clopidogrel 75 MG Oral Tablet,65.52,0.00,9,589.68,,
2019-05-31,,a6b74944-39c1-49e8-bb3e-4289a495bed5,b1c428d6-4f07-31e0-90f0-68ffa6ff8c76,a9da7ef1-c6c7-4526-818e-63b1beab29c2,705129,Nitroglycerin 0.4 MG/ACTUAT Mucosal Spray,50.41,0.00,9,453.69,,
2019-05-31,,a6b74944-39c1-49e8-bb3e-4289a495bed5,b1c428d6-4f07-31e0-90f0-68ffa6ff8c76,a9da7ef1-c6c7-4526-818e-63b1beab29c2,312961,Simvastatin 20 MG Oral Tablet,16.19,0.00,9,145.71,,
2019-05-31,,a6b74944-39c1-49e8-bb3e-4289a495bed5,b1c428d6-4f07-31e0-90f0-68ffa6ff8c76,a9da7ef1-c6c7-4526-818e-63b1beab29c2,197361,Amlodipine 5 MG Oral Tablet,22.61,0.00,9,203.49,,
2012-10-16,2012-10-16,d08e4836-f80b-400f-bb2b-6d1d06d767ac,b1c428d6-4f07-31e0-90f0-68ffa6ff8c76,f6f6ac40-6713-48b3-a888-6324ddf8d93d,309362,Clopidogrel 75 MG Oral Tablet,66.10,0.00,1,66.10,,
2012-10-16,2012-10-16,d08e4836-f80b-400f-bb2b-6d1d06d767ac,b1c428d6-4f07-31e0-90f0-68ffa6ff8c76,f6f6ac40-6713-48b3-a888-6324ddf8d93d,312961,Simvastatin 20 MG Oral Tablet,11.48,0.00,1,11.48,,
2012-10-16,2012-10-16,d08e4836-f80b-400f-bb2b-6d1d06d767ac,b1c428d6-4f07-31e0-90f0-68ffa6ff8c76,f6f6ac40-6713-48b3-a888-6324ddf8d93d,197361,Amlodipine 5 MG Oral Tablet,43.38,0.00,1,43.38,,
2012-10-16,2012-10-16,d08e4836-f80b-400f-bb2b-6d1d06d767ac,b1c428d6-4f07-31e0-90f0-68ffa6ff8c76,f6f6ac40-6713-48b3-a888-6324ddf8d93d,705129,Nitroglycerin 0.4 MG/ACTUAT Mucosal Spray,29.87,0.00,1,29.87,,
2012-10-16,2013-09-10,d08e4836-f80b-400f-bb2b-6d1d06d767ac,b1c428d6-4f07-31e0-90f0-68ffa6ff8c76,f6f6ac40-6713-48b3-a888-6324ddf8d93d,309362,Clopidogrel 75 MG Oral Tablet,37.04,0.00,10,370.40,,
2012-10-16,2013-09-10,d08e4836-f80b-400f-bb2b-6d1d06d767ac,b1c428d6-4f07-31e0-90f0-68ffa6ff8c76,f6f6ac40-6713-48b3-a888-6324ddf8d93d,705129,Nitroglycerin 0.4 MG/ACTUAT Mucosal Spray,100.58,0.00,10,1005.80,,
2012-10-16,,d08e4836-f80b-400f-bb2b-6d1d06d767ac,b1c428d6-4f07-31e0-90f0-68ffa6ff8c76,f6f6ac40-6713-48b3-a888-6324ddf8d93d,312961,Simvastatin 20 MG Oral Tablet,9.68,0.00,11,106.48,,
2012-10-16,,d08e4836-f80b-400f-bb2b-6d1d06d767ac,b1c428d6-4f07-31e0-90f0-68ffa6ff8c76,f6f6ac40-6713-48b3-a888-6324ddf8d93d,197361,Amlodipine 5 MG Oral Tablet,22.06,0.00,11,242.66,,
2013-09-10,2013-09-10,d08e4836-f80b-400f-bb2b-6d1d06d767ac,b1c428d6-4f07-31e0-90f0-68ffa6ff8c76,7d2bd2c5-b558-44ea-b9d1-704011959047,259255,Atorvastatin 80 MG Oral Tablet,127.11,0.00,1,127.11,,
2013-09-10,2013-09-10,d08e4836-f80b-400f-bb2b-6d1d06d767ac,b1c428d6-4f07-31e0-90f0-68ffa6ff8c76,7d2bd2c5-b558-44ea-b9d1-704011959047,833036,Captopril 25 MG Oral Tablet,51.84,0.00,1,51.84,,
2011-12-20,2011-12-20,5870bd77-ce94-4b80-9b6f-3f9538d3c6a2,b1c428d6-4f07-31e0-90f0-68ffa6ff8c76,fcd50334-2566-4532-b431-eee60a75041d,309362,Clopidogrel 75 MG Oral Tablet,26.34,0.00,1,26.34,,
2011-12-20,2011-12-20,5870bd77-ce94-4b80-9b6f-3f9538d3c6a2,b1c428d6-4f07-31e0-90f0-68ffa6ff8c76,fcd50334-2566-4532-b431-eee60a75041d,1804799,Alteplase 100 MG Injection,6153.08,0.00,1,6153.08,,
