Id,BIRTHDATE,DEATHDATE,SSN,DRIVERS,PASSPORT,PREFIX,FIRST,LAST,SUFFIX,MAIDEN,MARITAL,RACE,ETHNICITY,GENDER,BIRTHPLACE,ADDRESS,CITY,STATE,COUNTY,ZIP,LAT,LON,HEALTHCARE_EXPENSES,HEALTHCARE_COVERAGE
ad579940-626f-4906-999a-60e59bbe1711,2012-11-25,,999-76-7751,,,,Merike,Klinkmann,,,,white,nonhispanic,F,Helsinki  Uusimaa  FI,376 Kulkas Katu,Helsinki,Uusimaa,Helsinki,00750,60.152093617998545,25.05454430185562,2000.0,0.0
aecab01d-1e80-410d-b03f-8e68f7f4d774,2000-11-15,,999-89-3398,S99942202,,Ms.,Magnusdotter,Savander,,,,white,nonhispanic,F,Porvoo  Uusimaa  FI,524 Hihnala Katu,Vantaa,Uusimaa,Vantaa,01530,60.38892601899437,25.138411599038623,3500.0,0.0
31dad168-a41f-4497-a95d-8f94f1139287,2001-02-06,,999-87-5712,S99988808,,Ms.,Yasin,Törnvall,,,,white,nonhispanic,F,Helsinki  Uusimaa  FI,943 Vuolahti Katu,Vantaa,Uusimaa,Vantaa,01640,60.29441907659602,24.776200896553785,3375.0,0.0
2f3640e3-738f-4339-88f6-4d3495270a60,1998-12-14,,999-47-5001,S99912981,X76974739X,Mr.,Auvonpoika,Aapro,,,,white,nonhispanic,M,Helsinki  Uusimaa  FI,144 Kusmin Katu Suite 42,Helsinki,Uusimaa,Helsinki,00780,60.23448573097835,24.87047512388349,3500.0,0.0
ef9b88ed-1369-4a6f-ad2b-330b7477f76a,1994-12-29,,999-10-2418,S99960155,X26908982X,Ms.,Tiia-Leena,Matinlassi,,,,white,nonhispanic,F,Vantaa  Uusimaa  FI,212 Paloneva Katu,Helsinki,Uusimaa,Helsinki,00850,60.23868629210827,25.066249293710737,3750.0,0.0
fb0228b8-b0b5-4fd7-a9a9-2708dc08982f,2005-12-01,,999-57-4647,,,,Lita,Björkstam,,,,white,nonhispanic,F,Helsinki  Uusimaa  FI,601 Palkki Katu,Vantaa,Uusimaa,Vantaa,01650,60.319183990291165,24.914486101420458,2875.0,0.0
ead7c369-121d-40c0-8319-0c1c93d33102,1984-07-14,,999-32-8170,S99948130,X5576465X,Mr.,Rikard,Kortelahti,,,M,white,nonhispanic,M,Espoo  Uusimaa  FI,447 Jern Katu,Vantaa,Uusimaa,Vantaa,01260,60.346594468438894,24.884340634202037,4125.0,0.0
0ce71596-6f47-413c-a742-60acaf3dd180,2004-07-31,,999-74-9608,,,,Charlott,Suvanne,,,,white,nonhispanic,F,Kerava  Uusimaa  FI,189 Nåhls Katu,Helsinki,Uusimaa,Helsinki,00560,60.16170647602743,24.923183748711235,3000.0,0.0
248a379e-b099-420c-ae7c-8637ee529fb9,1910-12-09,1955-06-03,999-67-7803,S99989896,X5574348X,Mr.,Ahmet,Tyyvi,,,M,white,nonhispanic,M,Espoo  Uusimaa  FI,646 Pihkakoski Katu Suite 7,Kerava,Uusimaa,Kerava,04220,60.43616301047776,25.080293240168633,8498.06,0.0
e5a33ff3-90b9-45e3-80de-a03a1b88047f,1963-08-03,,999-28-6898,S99952033,X74581996X,Ms.,Minnie,Veckman,,,S,white,nonhispanic,F,Vantaa  Uusimaa  FI,1015 Nybond Katu,Järvenpää,Uusimaa,Järvenpää,04410,60.486197277114954,25.098609759293648,5750.0,0.0
202cfad8-cc69-4f36-ac32-b30eab008024,1980-12-10,,999-14-7384,S99960148,X31617283X,Mrs.,Kaisli,Vanhatupa,,Tervaportti,M,white,nonhispanic,F,Helsinki  Uusimaa  FI,663 Jeromaa Katu,Helsinki,Uusimaa,Helsinki,00140,60.28610128811983,25.00366975632997,4250.0,0.0
01108486-43bc-4ed1-a619-2c8b33b6f3f2,1997-12-14,,999-16-7042,S99971008,X56133446X,Mr.,Lawrence,Pitkämäki,,,,white,nonhispanic,M,Espoo  Uusimaa  FI,1023 Apponen Katu Apt 25,Kerava,Uusimaa,Kerava,04200,60.37289370131323,25.157218063302093,3625.0,0.0
3d24e9d0-1154-49b7-b9f0-0436082f725e,2007-09-30,,999-53-5211,,,,Mija,Pitkämö,,,,white,nonhispanic,F,Helsinki  Uusimaa  FI,653 Koskenmaa Katu,Espoo,Uusimaa,Espoo,02110,60.190759480358125,24.865202949830273,2625.0,0.0
ba6acbf3-2b12-494b-9fc7-f92d086109d7,1973-03-09,,999-91-6712,S99943923,X25306564X,Mr.,Lukas,Aro-Koivisto,,,S,white,nonhispanic,M,Helsinki  Uusimaa  FI,1032 Bergbacka Katu,Vantaa,Uusimaa,Vantaa,01610,60.33968686924824,25.124427003710718,4750.0,0.0
19842940-9883-4d2c-8f38-0abb5e79e7e4,1963-11-07,,999-81-2175,S99987626,X72221721X,Mrs.,Elmiira,Lambacka,,Manner-Raappana,M,white,nonhispanic,F,Helsinki  Uusimaa  FI,580 Nikara Katu Apt 20,Järvenpää,Uusimaa,Järvenpää,04430,60.46784133760184,25.067139120782702,5750.0,0.0
d46faef5-8def-4c6b-90c7-ea8082f62586,1943-06-29,,999-93-2292,S99949513,X41790504X,Mr.,Kami,Klefström,,,S,white,nonhispanic,M,Vantaa  Uusimaa  FI,930 Solkinen Katu,Helsinki,Uusimaa,Helsinki,00890,60.15946974477041,25.0137672474924,8250.0,0.0
a486fb5a-2dc6-4083-93e7-03af5dffeb30,1959-03-19,,999-66-7580,S99924553,X47779737X,Mr.,Cengiz,Sinkman,,,M,white,nonhispanic,M,Sipoo  Uusimaa  FI,527 Valtoaho Katu,Karkkila,Uusimaa,Karkkila,03710,60.595089366350535,24.32412886648131,6250.0,0.0
ce867cd2-f1b4-493b-bff8-d8d714277a66,1940-10-14,1981-01-05,999-13-7323,S99911810,X49357891X,Mr.,Erkka-Pekka,Sopenkivi,,,S,white,nonhispanic,M,Hyvinkää  Uusimaa  FI,748 Hyörtti Katu,Pornainen,Uusimaa,Pornainen,07150,60.476965053155915,25.41296237565026,10769.32,0.0
fd70bd1e-8c88-44e2-9640-7efa074bdd43,2017-12-14,,999-43-5322,,,,Venni,Äkräs,,,,white,nonhispanic,M,Espoo  Uusimaa  FI,609 Luomanperä Katu,Raasepori,Uusimaa,Raasepori,10440,60.04600175689635,23.638452118924132,1125.0,0.0
c41e1653-69b9-4e4c-a380-93ff335e9cc3,1985-09-07,,999-18-6496,S99996844,X66667787X,Mr.,Kian,Ahvenus,,,M,white,nonhispanic,M,Espoo  Uusimaa  FI,483 Bogdanoff Katu,Espoo,Uusimaa,Espoo,02740,60.19272357526185,24.810247042414627,4477.52,0.0
88f42f8b-28a0-40ea-89ef-bf0f45501107,2009-08-08,,999-55-3345,,,,Anna-Reetta,Töppärä,,,,white,nonhispanic,F,Helsinki  Uusimaa  FI,358 Keveri Katu,Helsinki,Uusimaa,Helsinki,00660,60.23124469668323,24.900537057596658,2375.0,0.0
694f04ce-ed9c-4636-94c4-9801bc19ef72,1959-07-12,,999-70-8132,S99929952,X26749479X,Mr.,Niilas,Valaranta,,,M,white,nonhispanic,M,Vihti  Uusimaa  FI,508 Kriikku Katu,Kerava,Uusimaa,Kerava,04250,60.37186725219055,25.078567149525234,6250.0,0.0
abc45649-d0af-4bf0-8434-c9563bb65e03,1959-06-08,,999-47-2851,S99999025,X81959903X,Mrs.,Samina,Summala,,Hopeasaari,M,white,nonhispanic,F,Espoo  Uusimaa  FI,1029 Pilviö Katu Suite 51,Helsinki,Uusimaa,Helsinki,00260,60.23496670569538,25.051086909427504,6250.0,0.0
665602c3-0905-423c-ac40-ccad11776f7e,1995-08-09,,999-94-5092,S99986911,X82300495X,Mr.,Verneri,Punna,,,,white,nonhispanic,M,Helsinki  Uusimaa  FI,159 Kairamo Katu Unit 65,Tuusula,Uusimaa,Tuusula,05400,60.44422787710727,25.050637331449998,3625.0,0.0
ce859557-219f-4b16-9f83-2ddeb45b2afa,2012-04-30,,999-85-8084,,,,Malou,Boije af Gennäs,,,,white,nonhispanic,F,Helsinki  Uusimaa  FI,559 Oinasmaa Katu Unit 71,Helsinki,Uusimaa,Helsinki,00730,60.1717492807335,24.97401485697948,2000.0,0.0
5eed30c7-f104-45e1-a3e4-ee233be1d392,1982-02-15,,999-95-1416,S99965261,X37772341X,Mrs.,Vlada,Ontronen,MD,Piippanen,M,white,nonhispanic,F,Helsinki  Uusimaa  FI,381 Hollanti Katu Suite 2,Espoo,Uusimaa,Espoo,02710,60.12065489139473,24.658323150409366,4250.0,0.0
333c93f9-ae39-4647-885f-0e885ba3445f,2000-06-29,,999-53-8561,S99958874,,Ms.,Kathrine,Gilbert,,,,white,nonhispanic,F,Helsinki  Uusimaa  FI,253 Kuhlberg Katu,Helsinki,Uusimaa,Helsinki,00780,60.213614154021414,24.956806392152203,3500.0,0.0
d988223f-6ec7-4984-a0e4-09341b7e3cfa,2000-04-14,,999-33-9786,S99946522,,Mr.,Holgersson,Karesto,,,,white,nonhispanic,M,Helsinki  Uusimaa  FI,443 Komscha Katu Suite 92,Helsinki,Uusimaa,Helsinki,00870,60.21269297755366,24.879743999770948,3500.0,0.0
afcaf062-7ea0-43c5-a033-aa24b6523bff,1979-05-13,,999-56-9443,S99927157,X88700840X,Mrs.,Aino-Riitta,Leskisenoja,,Virhiä,M,white,nonhispanic,F,Espoo  Uusimaa  FI,996 Häyrynen Katu Suite 65,Helsinki,Uusimaa,Helsinki,00260,60.15836880459151,24.904723764809983,4375.0,0.0
22259d75-e610-45ef-9861-8ad452383920,1989-12-18,,999-77-6233,S99971031,X70974393X,Mr.,Jooel,Brand,,,M,white,nonhispanic,M,Helsinki  Uusimaa  FI,409 Onatsu Katu,Helsinki,Uusimaa,Helsinki,00410,60.23469332740725,24.997006406144912,3875.0,0.0
7456eba3-8d69-4acb-98eb-f7b4a00fa091,1910-12-09,,999-63-5722,S99964647,X55818061X,Mr.,Augustus,Inborr,,,M,white,nonhispanic,M,Helsinki  Uusimaa  FI,592 Kaipiainen Katu Suite 53,Kerava,Uusimaa,Kerava,04250,60.420058551131305,25.158279932642863,18805.88,0.0
0e3957a2-b3c2-4782-aeea-91003d1a620f,1945-03-13,,999-72-8609,S99982802,X5678245X,Mr.,Ekrem,Vehkamäki,,,M,white,nonhispanic,M,Helsinki  Uusimaa  FI,126 Markovaara Katu Suite 40,Lohja,Uusimaa,Lohja,08680,60.3564510256038,23.914410817694584,14943.240000000002,0.0
b491c5e8-f2cc-44c7-bccb-9c781f2ea46a,1940-10-14,,999-74-8811,S99964168,X62298755X,Mr.,Nikolaus,Issa,,,M,white,nonhispanic,M,Helsinki  Uusimaa  FI,181 Kuivala Katu,Pornainen,Uusimaa,Pornainen,07190,60.540757500555806,25.33790493393769,8610.73,0.0
20133e45-f809-4601-80e0-bde4491d051a,1991-10-22,,999-50-5590,S99969272,X70246255X,Mr.,Jyry,Vesander,,,M,white,nonhispanic,M,Espoo  Uusimaa  FI,222 Adolfsson Katu Apt 57,Espoo,Uusimaa,Espoo,02820,60.30029173188091,24.79723232273598,3875.0,0.0
7b5e9586-5eed-4e5b-8727-382ec45e1c4e,1961-10-27,,999-35-1920,S99914724,X10250753X,Ms.,Neena,Sippo,,,S,white,nonhispanic,F,Helsinki  Uusimaa  FI,947 Thörnroos Katu,Espoo,Uusimaa,Espoo,02650,60.1726345834249,24.662416668480862,6000.0,0.0
27187efb-03be-4f65-b43e-6cc0d89815af,1966-10-18,,999-23-4499,S99912155,X73965521X,Mrs.,Liisa-Maria,Liukkala,,Nore,M,white,nonhispanic,F,Espoo  Uusimaa  FI,358 Nybond Katu Unit 96,Raasepori,Uusimaa,Raasepori,10410,60.03153869164116,23.32993476178744,5375.0,0.0
3f03ce59-6847-4c44-b8ac-38f368b9b40e,1946-05-28,1999-07-13,999-51-1859,S99930279,X43466511X,Mrs.,Noora,Pohjanvesi,,Thun,M,white,nonhispanic,F,Helsinki  Uusimaa  FI,921 Katajala Katu,Helsinki,Uusimaa,Helsinki,00850,60.149941475516755,24.898329897296207,11618.68,0.0
a6b74944-39c1-49e8-bb3e-4289a495bed5,1957-03-22,,999-58-8511,S99993554,X61693925X,Mrs.,Katianna,Ängeslevä,,Maury,M,white,nonhispanic,F,Helsinki  Uusimaa  FI,492 Teperi Katu Unit 57,Vihti,Uusimaa,Vihti,03320,60.47290446641786,24.204254083468935,6629.25,0.0
7f3f291c-83b5-4d2b-899b-c7bebaf2ca15,1973-09-20,,999-31-5255,S99958977,X77130712X,Mrs.,Luminia,Matinpalo,,Souranto,M,white,nonhispanic,F,Espoo  Uusimaa  FI,354 Franzen Katu Apt 87,Loviisa,Uusimaa,Loviisa,07980,60.3286079622955,25.96591502265982,4750.0,0.0
835140ab-0c9f-4f92-9aa1-9a562b56a895,1969-11-25,,999-75-8428,S99917083,X73791197X,Mrs.,Mariita,Tutti,,Inberg,M,white,nonhispanic,F,Espoo  Uusimaa  FI,245 Sorsamäki Katu Apt 2,Vantaa,Uusimaa,Vantaa,01630,60.25815406830106,24.831300676827393,5000.0,0.0
ab804245-dc17-4339-bb93-d32266848ee4,1970-01-21,,999-31-9225,S99940339,X65542581X,Mrs.,Joline,Taimioja,,Arrenius,M,white,nonhispanic,F,Helsinki  Uusimaa  FI,761 Ääri Katu,Vantaa,Uusimaa,Vantaa,01450,60.228144472097576,24.80210234678346,5000.0,0.0
9d81221e-cea6-4cf3-8752-bf4b86b94fc3,1952-11-26,,999-20-1662,S99968412,X39228691X,Mrs.,Hanna-Leena,Poikselkä,,Langen,M,white,nonhispanic,F,Tuusula  Uusimaa  FI,333 Stude Katu Suite 36,Helsinki,Uusimaa,Helsinki,00430,60.207370598155904,24.80999448704623,7125.0,0.0
9157b8dd-6c3a-468b-ae06-2651c3a389d4,1974-11-21,,999-90-6098,S99962493,X77975680X,Mrs.,Mairi,Linnala,,Pilli,M,white,nonhispanic,F,Helsinki  Uusimaa  FI,305 Patola Katu Suite 30,Helsinki,Uusimaa,Helsinki,00630,60.21627409218985,24.940255114198578,4625.0,0.0
dd743995-860e-46cd-9918-324717084dfd,1969-07-09,,999-43-2364,S99965855,X80780923X,Mrs.,Eleni,Epäilys,,Koto,M,white,nonhispanic,F,Helsinki  Uusimaa  FI,779 Laakeristo Katu,Helsinki,Uusimaa,Helsinki,00130,60.26280473640553,25.060370800097903,5000.0,0.0
722402d3-2138-44a6-a958-6bbb57e81f2e,1947-11-24,,999-77-6584,S99980463,X43082571X,Ms.,Thelma,Keimiöniemi,,,S,white,nonhispanic,F,Vantaa  Uusimaa  FI,359 Haapaniemi Katu Suite 63,Espoo,Uusimaa,Espoo,02380,60.12380894047109,24.67093266308568,7625.0,0.0
e5552e01-9bfb-41af-9db4-35765f9b2849,1967-01-27,,999-56-7920,S99939165,X76914223X,Mr.,Asla,Sohlman,,,M,white,nonhispanic,M,Helsinki  Uusimaa  FI,733 Koppström Katu,Helsinki,Uusimaa,Helsinki,00390,60.15174288338414,25.09762543552462,12114.310000000001,0.0
4296fafa-7ff6-4a3a-91a6-b75e8a2210c2,1968-11-18,,999-59-9103,S99950377,X53978680X,Mr.,Stanislav,Hagberg,,,M,white,nonhispanic,M,Porvoo  Uusimaa  FI,850 Lassinniemi Katu Unit 96,Espoo,Uusimaa,Espoo,02210,60.142662954801004,24.668616876319927,5432.28,0.0
cd344317-f465-473e-b37b-b12514656011,2017-11-12,,999-50-6525,,,,Essi-Maria,Ylismäki,,,,white,nonhispanic,F,Tuusula  Uusimaa  FI,194 Sederqvist Katu,Espoo,Uusimaa,Espoo,02120,60.14987235042658,24.822073375453233,1125.0,0.0
781e2603-c48b-4970-b24a-cda157bd7585,1946-05-28,,999-30-1490,S99929037,X23848718X,Ms.,Marju,Järviaho,,,S,white,nonhispanic,F,Helsinki  Uusimaa  FI,249 Pulsa Katu,Helsinki,Uusimaa,Helsinki,00250,60.218990153684636,24.99732001152279,7875.0,0.0
3100dea9-c670-4459-ba31-0ef0d0084a19,1978-03-24,,999-65-4079,S99973905,X61619364X,Mr.,Usama,Lammia,,,M,white,nonhispanic,M,Espoo  Uusimaa  FI,676 Niskala Katu Apt 41,Helsinki,Uusimaa,Helsinki,00320,60.21582164848274,25.016644796789627,4375.0,0.0
ec8b023d-a60a-43c3-bbc0-763bc1069d5f,1958-07-06,,999-98-6919,S99954168,X1510997X,Mrs.,Selin,Dahlros,,Sääksniemi,M,white,nonhispanic,F,Loviisa  Uusimaa  FI,847 Suotula Katu Suite 48,Helsinki,Uusimaa,Helsinki,00630,60.28277717753195,24.811223018049056,6375.0,0.0
116b12a7-b6ef-4664-88b7-ece1230a7721,1998-04-25,,999-76-5872,S99912535,X23863028X,Mr.,Valerio,Kolonen,,,,white,nonhispanic,M,Helsinki  Uusimaa  FI,849 Sotisaari Katu,Helsinki,Uusimaa,Helsinki,00780,60.265358493785726,24.97355593011521,3500.0,0.0
2aec62c3-f8b2-4afd-9695-05a92c8a3866,2002-02-07,,999-95-3218,S99917472,,Ms.,Lumi-Lilja,Luiro,,,,white,nonhispanic,F,Vantaa  Uusimaa  FI,619 Löfdahl Katu Unit 98,Vantaa,Uusimaa,Vantaa,01530,60.27807166359429,25.091185280073674,3250.0,0.0
5833c5f2-19d3-409b-a26e-aba2da64cca6,2005-04-20,,999-60-5320,,,,Rosalyn,Tenkula,,,,white,nonhispanic,F,Helsinki  Uusimaa  FI,435 Mensakov Katu,Espoo,Uusimaa,Espoo,02810,60.17768431190368,24.799458760411376,2875.0,0.0
e3b03ff6-4ea9-44c3-801e-9e9faa7cf784,1992-07-03,,999-53-1061,S99939770,X47343738X,Ms.,Neela,Ahmajärvi,,,S,white,nonhispanic,F,Helsinki  Uusimaa  FI,691 Korosuo Katu,Hyvinkää,Uusimaa,Hyvinkää,05720,60.65798869362627,24.87719869232135,3750.0,0.0
c3430f6e-6e19-434e-829a-ea8deddd69f9,1986-07-16,,999-87-6502,S99974660,X43816395X,Mr.,Aryan,Harsia,,,M,white,nonhispanic,M,Lohja  Uusimaa  FI,813 Solala Katu,Vantaa,Uusimaa,Vantaa,01360,60.277748089344364,24.833133543777706,4000.0,0.0
32dbab55-f39e-4960-b40b-c84e78544a0a,1983-01-30,,999-60-6978,S99920865,X56985528X,Mrs.,Alva,Kautto,,Varttila,M,white,nonhispanic,F,Helsinki  Uusimaa  FI,897 Tullila Katu,Espoo,Uusimaa,Espoo,02740,60.169661386977516,24.868117368587694,4125.0,0.0
02afa97d-85a3-46d2-874d-22ebe2a8b827,1970-09-14,,999-38-5808,S99920940,X51603079X,Mrs.,Fatimah,Vaaranen,,Minkkinen,M,white,nonhispanic,F,Helsinki  Uusimaa  FI,292 Hovivuori Katu Apt 80,Vantaa,Uusimaa,Vantaa,01370,60.247655203328954,24.773264708871245,4875.0,0.0
3f947bbd-a31b-4c63-8338-cf9448bbd9dd,1960-05-24,,999-33-7611,S99949304,X62222033X,Ms.,Salla-Sofia,Sorvo,,,S,white,nonhispanic,F,Espoo  Uusimaa  FI,836 Katila Katu Apt 52,Kirkkonummi,Uusimaa,Kirkkonummi,02470,60.111949807378465,24.398769201150014,6125.0,0.0
658afba2-2588-4f5b-8e15-e08a0f6a15b5,1959-02-04,,999-12-3916,S99923766,X45667783X,Mr.,Akunpoika,Mokko,,,M,white,nonhispanic,M,Hyvinkää  Uusimaa  FI,863 Martola Katu,Helsinki,Uusimaa,Helsinki,00900,60.126155962170934,24.904810074165447,6250.0,0.0
bb45e1ac-ad79-4114-9ffe-f34eedbbecd3,1997-11-23,,999-92-9459,S99912516,X50910284X,Mr.,Tane,Hangasmaa,,,,white,nonhispanic,M,Järvenpää  Uusimaa  FI,696 Kannasto Katu Suite 23,Espoo,Uusimaa,Espoo,02620,60.20185396428601,24.77014172498361,3625.0,0.0
58776ff2-af05-4385-9fc9-9978a197d0f6,2019-10-18,,999-30-4983,,,,Ulpukka,Roihas,,,,white,nonhispanic,F,Vantaa  Uusimaa  FI,752 Karjanlahti Katu Apt 26,Hyvinkää,Uusimaa,Hyvinkää,05470,60.59180109572688,24.930288932682508,375.0,0.0
e281b9c6-d609-4c22-853d-144abe6cecfe,1921-07-28,,999-53-1763,S99943339,X15211664X,Mrs.,Sabriina,Kännö,,Teno,M,white,nonhispanic,F,Kerava  Uusimaa  FI,479 Madekivi Katu Apt 35,Helsinki,Uusimaa,Helsinki,00580,60.25735725767568,24.8890599421506,11000.0,0.0
fdb84e14-83cf-4192-aa03-73223db75d4c,1949-06-15,,999-72-6692,S99917366,X35225762X,Mr.,Kassu,Kurvi,,,M,white,nonhispanic,M,Espoo  Uusimaa  FI,969 Pulkkis Katu Apt 77,Helsinki,Uusimaa,Helsinki,00640,60.2507738283726,24.91203085403253,7500.0,0.0
45437858-f42e-4297-943d-4e1256125c80,1997-10-16,,999-19-5375,S99994010,X9195342X,Mr.,Maks,Aurén,,,,white,nonhispanic,M,Porvoo  Uusimaa  FI,664 Viiltola Katu,Helsinki,Uusimaa,Helsinki,00530,60.17721613974864,24.865625681846975,3625.0,0.0
7acb42ae-4986-4fea-bfff-4d43197df4a6,1985-01-17,,999-60-1674,S99939795,X55292774X,Mrs.,Piia-Maarit,Vakkinen,,Kyyny,M,white,nonhispanic,F,Lohja  Uusimaa  FI,379 Karukoski Katu,Helsinki,Uusimaa,Helsinki,00390,60.2412135952737,24.952191658192778,4125.0,0.0
0de4e5e1-ab49-49e6-84c8-34e65345dcfd,1999-05-26,,999-42-1055,S99990858,X78879236X,Mr.,Thorvald,Kukkohovi,,,,white,nonhispanic,M,Helsinki  Uusimaa  FI,409 Karjala Katu Unit 24,Helsinki,Uusimaa,Helsinki,00380,60.221010629255105,24.915436539012877,3500.0,0.0
d08e4836-f80b-400f-bb2b-6d1d06d767ac,1955-09-06,2013-09-10,999-13-9894,S99989583,X72246107X,Mr.,Augusti,Kiiala,,,S,white,nonhispanic,M,Munich  Bavaria  DE,151 Beqiri Katu Suite 76,Helsinki,Uusimaa,Helsinki,00180,60.155781363284824,24.981434405916666,6467.4,0.0
b76615a9-2e20-4c03-a2f4-77145147d50d,1987-11-28,,999-16-8866,S99994355,X32625208X,Ms.,Marjaliisa,Uusi-Illikainen,JD,,S,white,nonhispanic,F,Raasepori  Uusimaa  FI,890 Lillrank Katu Unit 64,Hyvinkää,Uusimaa,Hyvinkää,05900,60.626557550765824,25.044641377632768,4000.0,0.0
c0698862-6a41-47d5-afac-64b8cbcdf64b,1986-12-20,,999-85-4355,S99936040,X11341154X,Ms.,Gwen,Martomaa,,,S,white,nonhispanic,F,Kerava  Uusimaa  FI,272 Niittymaa Katu,Helsinki,Uusimaa,Helsinki,00830,60.25583177620351,24.917001271556764,4000.0,0.0
02df4ff6-0fc4-4a9a-b2af-799a095b26f9,1989-01-06,,999-15-8289,S99950984,X21770424X,Mr.,Jafet,Kokkala,,,S,white,nonhispanic,M,Porvoo  Uusimaa  FI,449 Rautomäki Katu Suite 24,Raasepori,Uusimaa,Raasepori,10660,60.17918304246558,23.61517892488753,3875.0,0.0
32c2a2b7-5723-42ac-b4aa-17d6558ec8a6,1994-11-19,,999-61-7355,S99956936,X57951882X,Mr.,Ensti,Kuismanen,,,,white,nonhispanic,M,Helsinki  Uusimaa  FI,873 Karppanen Katu Unit 79,Loviisa,Uusimaa,Loviisa,07910,60.33311290055922,26.170321154292935,3750.0,0.0
fb0eaf78-2256-49e8-84c2-371abe6912ef,1950-08-06,,999-26-7367,S99932103,X10145453X,Mrs.,Sara-Maaria,Lahdentausta,,Vahla,M,white,nonhispanic,F,Vantaa  Uusimaa  FI,801 Viljaniemi Katu,Hyvinkää,Uusimaa,Hyvinkää,05800,60.63355882499908,24.859754688454256,7375.0,0.0
8955f4d2-3de1-4aaf-80c6-cc7427201f39,1965-04-09,,999-36-5851,S99926068,X37312528X,Mr.,Gerd,Alhonen,,,M,white,nonhispanic,M,Espoo  Uusimaa  FI,525 Grommi Katu,Espoo,Uusimaa,Espoo,02120,60.163945103275346,24.655364002563353,5500.0,0.0
cd676176-dde5-49d4-b909-df5e7e64b783,1997-10-10,,999-81-2823,S99928714,X4758776X,Ms.,Unna,Kroksjö,,,,white,nonhispanic,F,Helsinki  Uusimaa  FI,331 Reed Katu Apt 13,Helsinki,Uusimaa,Helsinki,00690,60.270496477731115,25.027635886488262,3625.0,0.0
e6edcf33-3eda-42a4-911e-b2a7a293adc1,1976-11-06,,999-37-1215,S99913057,X7543360X,Mr.,Ben-Erik,Heinua,,,S,white,nonhispanic,M,Helsinki  Uusimaa  FI,1026 Martiskin Katu Unit 84,Vantaa,Uusimaa,Vantaa,01340,60.32019950208047,25.09197965515143,4500.0,0.0
3001350b-03ed-4044-b3be-50d8c0a55add,2005-08-31,,999-58-5046,,,,Disa,Pursiainen,,,,white,nonhispanic,F,Helsinki  Uusimaa  FI,484 Åkesson Katu Apt 57,Vantaa,Uusimaa,Vantaa,01710,60.35909344408828,25.059577550753268,2875.0,0.0
f15b5a73-c5fc-44c6-939e-f45938fb0744,1976-06-03,,999-44-8367,S99961801,X73731118X,Mrs.,Nima,Ranta-Korpi,,Nedermo,M,white,nonhispanic,F,Espoo  Uusimaa  FI,472 Luokkamäki Katu Unit 67,Espoo,Uusimaa,Espoo,02170,60.207118696691985,24.79076937533979,4500.0,0.0
0bb9388f-e1cb-4f8e-8970-af1ba2cfd2c3,1989-04-26,,999-15-4450,S99958348,X49657653X,Mrs.,Mariam,Vikstedt,,Uskelin,M,white,nonhispanic,F,Hanko  Uusimaa  FI,1023 Yhtiö Katu Apt 23,Espoo,Uusimaa,Espoo,02280,60.169383825866774,24.727084884081474,3875.0,0.0
9327f885-67a8-4f07-b604-f7a80f4bafb3,2002-10-25,,999-84-1839,S99986058,,,Arja-Leena,Smal,,,,white,nonhispanic,F,Helsinki  Uusimaa  FI,367 Pohjaranta Katu Apt 75,Helsinki,Uusimaa,Helsinki,00980,60.172898341903476,24.85855917335482,3250.0,0.0
c7a4326e-7d4d-4365-bc7a-32e824bb38ba,2000-04-19,,999-93-6649,S99995747,,Ms.,Patricia,Silokunnas,,,,white,nonhispanic,F,Loviisa  Uusimaa  FI,237 Salama Katu,Vantaa,Uusimaa,Vantaa,01380,60.24769774507805,24.9121325346043,3500.0,0.0
87247886-3fa2-4397-b454-f42af1619caf,1980-08-14,,999-81-4595,S99949546,X64075079X,Mr.,Ludvig,Muotkavaara,,,S,white,nonhispanic,M,Helsinki  Uusimaa  FI,730 Ääritalo Katu,Espoo,Uusimaa,Espoo,02160,60.21536794063607,24.788708275238317,4250.0,0.0
1049aa82-580e-465e-9f63-38668fcff696,1955-09-06,,999-52-6242,S99947513,X69105013X,Mr.,Pirkka,Käräjähonka,,,M,white,nonhispanic,M,Munich  Bavaria  DE,429 Vähälummukka Katu,Helsinki,Uusimaa,Helsinki,00530,60.128911843939726,24.944878289285736,6750.0,0.0
38dbaee2-a297-42c2-9a02-db981f063c7f,1986-07-16,,999-74-2543,S99964728,X67896088X,Mr.,Tapaninpoika,Niinivuori,,,M,white,nonhispanic,M,Helsinki  Uusimaa  FI,851 Mäkikallio Katu,Raasepori,Uusimaa,Raasepori,10480,60.05874129308641,23.34754403538323,4000.0,0.0
dbc31f5c-45c5-4ff5-b118-f14168c8c534,2013-04-04,,999-88-5175,,,,Hind,Karasti,,,,white,nonhispanic,F,Espoo  Uusimaa  FI,100 Fisher Katu Unit 71,Vantaa,Uusimaa,Vantaa,01350,60.23809974308645,25.06089501053387,1875.0,0.0
5649ef54-7982-46c4-a711-5792d8bed9cc,1975-07-14,,999-17-2381,S99969679,X59751687X,Mrs.,Silja-Maria,Wiss,,Väike,M,white,nonhispanic,F,Vantaa  Uusimaa  FI,365 Yli-Peltomaa Katu,Espoo,Uusimaa,Espoo,02170,60.16979223376874,24.79641331107068,4625.0,0.0
1f0c4acd-2bce-4cd9-934a-55e49a8f394e,2015-05-10,,999-39-7533,,,,Roosamari,Tuohisaari,,,,white,nonhispanic,F,Helsinki  Uusimaa  FI,695 Kritz Katu Apt 32,Helsinki,Uusimaa,Helsinki,00190,60.15562703168474,24.933424487923645,1625.0,0.0
5484b715-fe74-46ed-98e5-0d62c8196b39,1983-11-19,,999-22-4914,S99974430,X56510529X,Mrs.,Amilia,Nurmio,,Pouhula,M,white,nonhispanic,F,Helsinki  Uusimaa  FI,379 Virko Katu Unit 41,Helsinki,Uusimaa,Helsinki,00120,60.25215659902386,25.012445789411196,4125.0,0.0
7477f853-7f04-478c-aa0f-875646ba958d,1988-10-15,,999-88-3874,S99919492,X77094252X,Mrs.,Eva,Löfs,,Branders,M,white,nonhispanic,F,Helsinki  Uusimaa  FI,452 Kuhalampi Katu,Helsinki,Uusimaa,Helsinki,00990,60.177791206813275,24.854680664927994,4000.0,0.0
1fbd4d92-d89d-4365-a9d1-e0cc6029f807,1940-06-26,,999-25-7700,S99912085,X66133998X,Mr.,Marco,Helttunen,MD,,S,white,nonhispanic,M,Kerava  Uusimaa  FI,947 Kella Katu,Helsinki,Uusimaa,Helsinki,00250,60.130650289437455,24.95408575961384,8625.0,0.0
3b69bd90-d7c5-4f51-9d42-63d407add172,1968-04-10,,999-31-6111,S99974217,X8605550X,Mrs.,Kastanja,Lehtivuori,,Bexar,M,white,nonhispanic,F,Espoo  Uusimaa  FI,243 Mentu Katu Suite 20,Helsinki,Uusimaa,Helsinki,00650,60.250739179757176,24.95727654048575,5125.0,0.0
26ac3195-edd3-4875-948d-cd5f56cb132b,1957-07-05,,999-80-5468,S99922434,X12163520X,Mr.,Saleban,Hovén,,,M,white,nonhispanic,M,Kerava  Uusimaa  FI,771 Kiintonen Katu Unit 84,Lohja,Uusimaa,Lohja,09520,60.19417766913582,23.919409527765872,6500.0,0.0
1ccbf35c-cc18-41d4-a29d-48161e2b75da,1955-12-03,,999-82-2724,S99951916,X73124821X,Mr.,Kanervo,Treuthardt,,,M,white,nonhispanic,M,Espoo  Uusimaa  FI,166 Öhrnberg Katu,Helsinki,Uusimaa,Helsinki,00300,60.16086455077304,24.973445465285714,13285.25,0.0
f0a25291-18e5-4d10-ab6b-431da6fd3d99,2017-07-14,,999-89-3081,,,,Atte-Pekka,Tantarimäki,,,,white,nonhispanic,M,Järvenpää  Uusimaa  FI,966 Watia Katu Apt 56,Espoo,Uusimaa,Espoo,02180,60.11480387716601,24.605511779617576,1250.0,0.0
eebadf33-315e-4865-8e4d-3b42a87cf2a5,1952-07-15,,999-91-4405,S99930975,X70955849X,Mr.,Dag,Eero,,,M,white,nonhispanic,M,Helsinki  Uusimaa  FI,290 Lahdenvuo Katu Apt 47,Lohja,Uusimaa,Lohja,09520,60.482424145605904,24.01898474964493,7125.0,0.0
fbea85d7-d250-4deb-b492-890f2073376c,1995-03-12,,999-11-6155,S99937799,X24081808X,Mr.,Ari-Matti,Savinko,,,,white,nonhispanic,M,Espoo  Uusimaa  FI,997 Jukola Katu Apt 91,Helsinki,Uusimaa,Helsinki,00900,60.20638196747982,24.956451269608873,3625.0,0.0
c9b108ed-4bfd-43f1-a1d3-da07750a4db0,1968-07-31,,999-34-5635,S99988974,X50403570X,Mrs.,Viva,Arvinen,,Salimi,M,white,nonhispanic,F,Helsinki  Uusimaa  FI,558 Koskimo Katu Suite 73,Helsinki,Uusimaa,Helsinki,00210,60.215779742923154,25.040580633450652,5125.0,0.0
968d5122-e09f-4666-950b-518d3d822244,2017-09-04,,999-58-3599,,,,Yohannes,Willberg,,,,white,nonhispanic,M,Helsinki  Uusimaa  FI,1046 Leikas Katu Suite 72,Kerava,Uusimaa,Kerava,04230,60.382053426934924,25.180939735308264,1250.0,0.0
5870bd77-ce94-4b80-9b6f-3f9538d3c6a2,1969-08-12,,999-44-4168,S99998098,X87631014X,Mr.,Ollipekka,Lihavainen,,,S,white,nonhispanic,M,Hyvinkää  Uusimaa  FI,162 Tirronen Katu Unit 31,Raasepori,Uusimaa,Raasepori,10660,59.929940542131135,23.46727849122424,11304.42,0.0
bddf7845-eaaa-4081-94a3-cf998afc6587,1967-06-21,,999-61-9594,S99940812,X26382835X,Mr.,Fredrikki,Vickholm,,,S,white,nonhispanic,M,Helsinki  Uusimaa  FI,1017 Taha Katu,Helsinki,Uusimaa,Helsinki,00730,60.1794227783574,24.975681706730395,5250.0,0.0
3586fa14-77b7-4908-8d87-b65d9abdf396,1987-08-10,,999-90-1424,S99998629,X38883852X,Mr.,Lennard,Vallamo,,,M,white,nonhispanic,M,Espoo  Uusimaa  FI,148 Lainas Katu Apt 52,Kirkkonummi,Uusimaa,Kirkkonummi,02440,60.09155375176852,24.57231784877108,4000.0,0.0
6d66033b-1c53-4500-aa02-2ca4333a31d9,1992-10-11,,999-68-5750,S99965352,X21971653X,Mrs.,Donika,Mughal,,Luther,M,white,nonhispanic,F,Porvoo  Uusimaa  FI,223 Hautojärvi Katu,Tuusula,Uusimaa,Tuusula,04360,60.46825631894193,24.94283907906712,3750.0,0.0
8223691b-3c35-4adf-ae99-591411db681b,1969-04-28,,999-82-5248,S99951389,X78280425X,Mr.,Roland,Berggren,,,S,white,nonhispanic,M,Vihti  Uusimaa  FI,523 Yli-Korpela Katu,Helsinki,Uusimaa,Helsinki,00520,60.1619183067083,24.915641891116813,5000.0,0.0
f2243bd2-f43f-45c5-92ad-d7e0a6d15ff9,1946-05-18,,999-77-7120,S99958718,X42680877X,Mrs.,Annabelle,Parrila,,Junnilainen,M,white,nonhispanic,F,Raasepori  Uusimaa  FI,161 Toivomäki Katu Unit 26,Espoo,Uusimaa,Espoo,02760,60.17296639912046,24.6919171181669,7875.0,0.0
