DATE,PATIENT,ENCOUNTER,CODE,DESCRIPTION,BASE_COST,REASONCODE,REASONDESCRIPTION
1955-06-03,248a379e-b099-420c-ae7c-8637ee529fb9,257ca4dc-2df9-4a83-a393-a624662a2007,40701008,Echocardiography (procedure),1200.51,230690007,Stroke
1955-06-03,248a379e-b099-420c-ae7c-8637ee529fb9,257ca4dc-2df9-4a83-a393-a624662a2007,433112001,Percutaneous mechanical thrombectomy of portal vein using fluoroscopic guidance,24861.28,230690007,Stroke
1974-11-25,ce867cd2-f1b4-493b-bff8-d8d714277a66,de56036f-3139-4678-965d-3725b4ff500d,40701008,Echocardiography (procedure),1512.83,22298006,Myocardial Infarction
1974-11-25,ce867cd2-f1b4-493b-bff8-d8d714277a66,de56036f-3139-4678-965d-3725b4ff500d,415070008,Percutaneous coronary intervention,26777.18,22298006,Myocardial Infarction
1974-11-25,ce867cd2-f1b4-493b-bff8-d8d714277a66,de56036f-3139-4678-965d-3725b4ff500d,232717009,Coronary artery bypass grafting,35482.69,22298006,Myocardial Infarction
1981-01-05,ce867cd2-f1b4-493b-bff8-d8d714277a66,3943f0c8-302c-4770-a1fd-09fafcaf720d,40701008,Echocardiography (procedure),1247.65,22298006,Myocardial Infarction
1981-01-05,ce867cd2-f1b4-493b-bff8-d8d714277a66,3943f0c8-302c-4770-a1fd-09fafcaf720d,415070008,Percutaneous coronary intervention,33449.54,22298006,Myocardial Infarction
1981-01-05,ce867cd2-f1b4-493b-bff8-d8d714277a66,3943f0c8-302c-4770-a1fd-09fafcaf720d,232717009,Coronary artery bypass grafting,68353.47,22298006,Myocardial Infarction
2018-05-01,0e3957a2-b3c2-4782-aeea-91003d1a620f,570f53ef-124f-48a8-8bd7-1111e073a6c5,40701008,Echocardiography (procedure),1290.68,230690007,Stroke
2018-05-01,0e3957a2-b3c2-4782-aeea-91003d1a620f,570f53ef-124f-48a8-8bd7-1111e073a6c5,433112001,Percutaneous mechanical thrombectomy of portal vein using fluoroscopic guidance,32074.27,230690007,Stroke
2018-07-24,0e3957a2-b3c2-4782-aeea-91003d1a620f,4df3ec79-bb05-4268-be95-c3d7a140ce12,180325003,Electrical cardioversion,19888.61,49436004,Atrial Fibrillation
2019-07-30,0e3957a2-b3c2-4782-aeea-91003d1a620f,3949cc1a-dfe4-4e90-b5d4-89e270de7c86,180325003,Electrical cardioversion,25020.07,49436004,Atrial Fibrillation
2019-03-25,b491c5e8-f2cc-44c7-bccb-9c781f2ea46a,3ba9b31f-5f20-4bff-9501-54fd3800b260,180325003,Electrical cardioversion,22067.82,49436004,Atrial Fibrillation
1999-07-13,3f03ce59-6847-4c44-b8ac-38f368b9b40e,559bea03-4e3a-4e31-9739-e6d1ceeaabd1,40701008,Echocardiography (procedure),978.55,230690007,Stroke
1999-07-13,3f03ce59-6847-4c44-b8ac-38f368b9b40e,559bea03-4e3a-4e31-9739-e6d1ceeaabd1,433112001,Percutaneous mechanical thrombectomy of portal vein using fluoroscopic guidance,18216.32,230690007,Stroke
2013-09-10,d08e4836-f80b-400f-bb2b-6d1d06d767ac,7d2bd2c5-b558-44ea-b9d1-704011959047,40701008,Echocardiography (procedure),488.56,22298006,Myocardial Infarction
2013-09-10,d08e4836-f80b-400f-bb2b-6d1d06d767ac,7d2bd2c5-b558-44ea-b9d1-704011959047,415070008,Percutaneous coronary intervention,33124.98,22298006,Myocardial Infarction
2013-09-10,d08e4836-f80b-400f-bb2b-6d1d06d767ac,7d2bd2c5-b558-44ea-b9d1-704011959047,232717009,Coronary artery bypass grafting,52455.38,22298006,Myocardial Infarction
2011-12-20,5870bd77-ce94-4b80-9b6f-3f9538d3c6a2,fcd50334-2566-4532-b431-eee60a75041d,40701008,Echocardiography (procedure),1027.41,230690007,Stroke
2011-12-20,5870bd77-ce94-4b80-9b6f-3f9538d3c6a2,fcd50334-2566-4532-b431-eee60a75041d,433112001,Percutaneous mechanical thrombectomy of portal vein using fluoroscopic guidance,17610.03,230690007,Stroke
