Id,ORGANIZATION,NAME,GENDER,SPECIALITY,ADDRESS,CITY,STATE,ZIP,LAT,LON,UTILIZATION
9403dd16-8d39-33e4-b421-196ce3f4acc3,319baef9-e8e6-3320-9e0b-7991d9c167b8,Jarkko Risikko,M,GENERAL PRACTICE,Haartmaninkatu 4,Helsinki,18,00290,60.189159,24.909081,4
f96787b6-b561-3270-9ddc-d6465d705c84,39010280-b8e5-3b1a-b835-bafbeea21968,Mui Jalova,F,GENERAL PRACTICE,Turuntie 150,Espoo,18,02740,60.22589,24.77581,1
35055598-0b74-30e6-8e8e-e0b0da0ac017,af916982-f5f8-341b-b159-69e72695294c,Kaintytär Nuotio,F,GENERAL PRACTICE,Sairaalakatu 1,Vantaa,18,01400,60.3299,25.0608,1
6749c465-3353-348c-b68e-eb98bdd98f9f,294d60d6-0e2b-396b-a8bf-77998642f6b7,Sisu Alaspää,M,GENERAL PRACTICE,Ohkolantie 10,Kellokoski,18,04500,60.53054,25.10548,2
466a703d-264e-37c9-9eaa-b0ada4b241eb,8af774ed-7635-320a-ad8c-a63aa309a858,Lenna Veirto,M,GENERAL PRACTICE,Sairaalatie 8,Lohja,18,08200,60.2247,24.01885,1
12ba69cf-8f60-3967-b02c-c7fbaad4454f,738aef7e-a279-3f65-9dba-fead16b27400,Dan-Olof Teppo,M,GENERAL PRACTICE,Turuntie 150,Espoo,18,02740,60.22589,24.77581,1368
8de0c602-c92a-31e9-8d1a-02ea4772c647,9a3e6919-4ed0-32fe-a1e2-7184b06c415f,Outi-Leena Paju,F,GENERAL PRACTICE,Karvasmäentie 6,Espoo,18,02740,60.22011,24.6848,413
f234ed9e-6ad1-3221-8f2e-6cbf1309c47c,a70486b2-c33a-37b3-a4cf-b3dc06cb9d84,Liselott Salvén,F,GENERAL PRACTICE,Sairaalakatu 1,Vantaa,18,01400,60.3299,25.0608,1108
2e5800f6-6130-3b3d-9586-ea68b1e021bb,bf25636d-50a4-3cf2-b937-0e59fd37503f,Jarkko Risikko,M,GENERAL PRACTICE,Sairaalankatu 1,Hyvinkää,18,05830,60.612,24.82486,92
2b99d444-d0e7-3f3c-b97b-941057da70a4,4eddd774-a01b-3a0b-b4c6-736a5581aba4,Arttu-Pekka Korhola,M,GENERAL PRACTICE,Ohkolantie 10,Kellokoski,18,04500,60.53054,25.10548,397
9c4263ff-5662-3691-a07a-f18336871d7d,942171f0-df04-34cc-9c85-1a11b2f08717,Ellevi Nevanlinna,F,GENERAL PRACTICE,Sairaalatie 8,Lohja,18,08200,60.2247,24.01885,430
2ba64fb1-9a86-31f5-8313-7ca8e7521575,216a84b2-6287-356d-9bcf-655abf00debb,Salla-Maria Uusi-Rasi,F,GENERAL PRACTICE,Sairaalantie 1,Porvoo,18,06200,60.37911,25.69576,115
f9297b51-affd-3121-a0eb-6315aeabf83c,7b74aa83-5335-38dd-a213-d6df36c7f627,Jarkko Risikko,M,GENERAL PRACTICE,Karvasmäentie 6,Espoo,18,02740,60.22011,24.6848,1
3b8ca745-c203-3e7c-b2d6-af34e462dbf0,8af774ed-7635-320a-ad8c-a63aa309a858,Salla-Maria Uusi-Rasi,F,GENERAL PRACTICE,Sairaalatie 8,Lohja,18,08200,60.2247,24.01885,1
c824f230-3c42-3cc1-99a3-7a7d9b8e4708,d8b3cbb1-88db-3fc1-bb2b-6a9c0037e6e5,Sevgi Sahonen,F,GENERAL PRACTICE,Sairaalantie 1,Porvoo,18,06200,60.37911,25.69576,2
