location_id,address_1,address_2,city,state,zip,county,location_source_value
1447,661 Karpov Katu Unit 4,,Vantaa,Uusimaa,01360,Vantaa,38c3d13b-10fc-43b7-b5c2-edf425dcbd54
1448,522 Kulkki Katu Apt 57,,Helsinki,Uusimaa,00940,Helsinki,21ad24e5-5a4e-4630-adfa-affba9fd7181
1449,571 Outila Katu Unit 75,,Espoo,Uusimaa,02210,Espoo,78f61d16-7aa3-4ff1-8fa1-bd1761276b24
1450,349 Degerström Katu,,Vantaa,Uusimaa,01480,Vantaa,1069d247-c2d0-4b51-b3aa-32b54026440d
1451,475 Nahkiaisoja Katu,,Espoo,Uusimaa,02940,Espoo,3813ba61-a423-4e93-8d54-1a8d74941578
1452,1080 Liang Katu,,Helsinki,Uusimaa,00990,Helsinki,7e8223c7-fa33-48d9-bbe2-19d4aec38299
1453,454 Kuustie Katu,,Järvenpää,Uusimaa,04440,Järvenpää,0622e9b2-f492-4ddc-a7b4-2953a5bfef16
1454,624 Uusipaavalniemi Katu,,Helsinki,Uusimaa,00260,Helsinki,173210d6-cef0-45f4-bb0a-405e272e10d9
1455,142 Ukskoski Katu,,Vantaa,Uusimaa,01600,Vantaa,a44ab89f-40eb-40c7-b5d6-8f2f565cad38
1456,988 Latvajärvi Katu Suite 43,,Järvenpää,Uusimaa,04430,Järvenpää,bf1263c8-3e7e-403f-a6e9-6aeb71c31e94
1457,488 Hahl Katu Suite 62,,Helsinki,Uusimaa,00930,Helsinki,3257fd5a-b68f-4a3a-adec-2b9f0619bc2f
1458,772 Jänisoja Katu,,Vantaa,Uusimaa,01420,Vantaa,078f81a8-d986-467f-9e1d-5e2065526f73
1459,257 Hypén Katu Suite 83,,Kirkkonummi,Uusimaa,02480,Kirkkonummi,c8b0a217-fe74-4fa3-b800-840bb30091cc
1460,966 Trogen Katu Unit 88,,Vantaa,Uusimaa,01690,Vantaa,ebe6f8b8-5207-41c8-96a3-e3bac428266b
1461,436 Suojala Katu,,Helsinki,Uusimaa,00210,Helsinki,3399bb83-5602-4663-a7c8-d0a5a26d5b5e
1462,232 Arino Katu,,Vihti,Uusimaa,03100,Vihti,6c4a562b-37b7-4e4d-a939-d7f71e3e5a6f
1463,439 Länsivuori Katu Unit 45,,Espoo,Uusimaa,02720,Espoo,6789afb5-7357-43a0-bf82-ac3ed10ca08d
1464,1071 Puputti Katu,,Hyvinkää,Uusimaa,05800,Hyvinkää,78e564c4-c5e2-4f99-bb3b-88a45ceb224f
1465,664 Vesala Katu Unit 19,,Järvenpää,Uusimaa,04420,Järvenpää,0a7337a4-c897-45a2-b7a4-212693a30995
1466,508 Kerimaa Katu Unit 57,,Helsinki,Uusimaa,00190,Helsinki,554aac9d-f755-4bed-98ac-27fa10606e27
1467,443 Nicklén Katu,,Helsinki,Uusimaa,00960,Helsinki,6841f9f8-455a-4860-aebb-74ce4ff2d968
1468,1009 Maatraiva Katu,,Espoo,Uusimaa,02630,Espoo,038d29a5-5cb8-40dd-b1c5-6066790ab4fb
1469,394 Kusmin Katu,,Helsinki,Uusimaa,00900,Helsinki,0d1da049-0e2e-438b-9813-76bebf6b94f3
1470,262 Honga Katu Unit 91,,Helsinki,Uusimaa,00550,Helsinki,a0a9ebf5-3ae1-4e25-87ed-20b1728dc0c4
1471,920 Vetola Katu,,Helsinki,Uusimaa,00690,Helsinki,31a57aca-925f-4f24-a57c-66bff3734333
1472,128 Apponen Katu,,Espoo,Uusimaa,02330,Espoo,520e17dc-0f68-4d7f-9aa3-7c1012878097
1473,396 Latva-Rasula Katu Unit 59,,Mäntsälä,Uusimaa,04820,Mäntsälä,8efddc4d-2cb6-40e1-9c15-9dd590a2dd4d
1474,933 Hossaini Katu Suite 60,,Espoo,Uusimaa,02300,Espoo,a389b16f-8acf-495a-af0b-7ee8534af40d
1475,384 Priha Katu,,Tuusula,Uusimaa,04350,Tuusula,63c322ea-4a7d-430e-b345-7aefc78f4b53
1476,947 Tammenoja Katu Unit 17,,Espoo,Uusimaa,02380,Espoo,47149490-8f26-4ed8-80a9-af82da25a231
1477,1048 Lyhtelä Katu,,Vantaa,Uusimaa,01600,Vantaa,4bb45bf2-1a5a-4d7d-8cab-d1c40992ad5e
1478,739 Vallila Katu,,Sipoo,Uusimaa,01190,Sipoo,fd46327d-7c54-40c0-9e09-d0e0feb19b3a
1479,1033 Jetsonen Katu Apt 2,,Siuntio,Uusimaa,02580,Siuntio,57764acb-a2e0-4094-b1a6-83983b973cc5
1480,345 Södervall Katu Suite 10,,Vantaa,Uusimaa,01480,Vantaa,9345b067-32b7-4aa5-8dfb-c4afa0080610
1481,1049 Murtoo Katu,,Lohja,Uusimaa,08360,Lohja,6f437c11-c92e-4a84-bc3c-86cf60580727
1482,376 Välisaari Katu Suite 18,,Vantaa,Uusimaa,01770,Vantaa,7cddb477-092b-419d-b4b7-7a3980d596df
1483,693 Abraham Katu,,Espoo,Uusimaa,02170,Espoo,61cad935-749a-4bda-946f-11a4b271eb91
1484,549 Kalaniemi Katu Apt 14,,Helsinki,Uusimaa,00610,Helsinki,098ad43a-2246-41b1-9caf-1cf2133f6c73
1485,972 Metsikkö Katu,,Vihti,Uusimaa,03790,Vihti,8ec5d154-9d0b-4b79-9f7c-7276a8c65185
1486,495 Tura Katu,,Hyvinkää,Uusimaa,05830,Hyvinkää,bc0add3c-427a-4602-8de5-58615532db90
1487,960 Sarkanen Katu Suite 43,,Vantaa,Uusimaa,01340,Vantaa,82707260-33cb-4127-866e-2bbab8c67913
1488,330 Pakarainen Katu Unit 58,,Helsinki,Uusimaa,00860,Helsinki,89200ee1-6f6a-4f1e-98e4-ae3be576c7d2
1489,534 Strander Katu Apt 36,,Helsinki,Uusimaa,00970,Helsinki,b69863c8-189b-47a6-be11-a9449f79d740
1490,341 Rosén Katu Apt 65,,Espoo,Uusimaa,02210,Espoo,1a92dcc0-41c5-4c30-89ef-c14a3557827c
1491,653 Tuulari Katu,,Kirkkonummi,Uusimaa,02550,Kirkkonummi,3489deb6-18c9-41f7-b970-b62d9421df69
1492,538 Kyöttinen Katu,,Helsinki,Uusimaa,00280,Helsinki,9d48a208-6b2f-46e8-acd0-abbca8f72400
1493,262 Sallanne Katu Unit 11,,Helsinki,Uusimaa,00160,Helsinki,edd63f48-f961-4d30-a64a-51adc3ff5dcf
1494,1033 Sarvilahti Katu Apt 82,,Helsinki,Uusimaa,00680,Helsinki,de88688d-5a84-4a90-939a-545de696e6f9
1495,788 Likander Katu Apt 66,,Espoo,Uusimaa,02200,Espoo,eaede75d-cf9c-42bd-ba1e-ea37e1ee5205
1496,982 Somiska Katu,,Helsinki,Uusimaa,00610,Helsinki,9a82e89e-aa4d-49b8-be66-f507b989358a
1497,1040 Kåhre Katu,,Lohja,Uusimaa,08480,Lohja,80083dd7-4ee0-4d96-b13c-b08bf3f80e8d
1498,486 Tuohiluoma Katu Unit 82,,Helsinki,Uusimaa,00810,Helsinki,3322ff86-3b43-44ab-9dc4-c181eb99cbaf
1499,246 Reijonen Katu,,Helsinki,Uusimaa,00200,Helsinki,2519e5ff-9b68-443a-9981-66191171c1e3
1500,584 Norrlund Katu,,Helsinki,Uusimaa,00260,Helsinki,1ebb0155-3860-467f-9ff3-dd4a059a9f15
1501,367 Hamilo Katu Unit 86,,Helsinki,Uusimaa,00960,Helsinki,46bfc78b-1b7d-4066-9c33-31df717fe3f1
1502,509 Strandell Katu,,Kirkkonummi,Uusimaa,02520,Kirkkonummi,8377b903-c1c0-42ec-bfa0-42d0ab80f4a0
1503,969 Wollsten Katu Apt 10,,Mäntsälä,Uusimaa,04530,Mäntsälä,efd5994e-4abb-4d4a-a7f0-97cb9fccea1f
1504,287 Luojukoski Katu,,Helsinki,Uusimaa,00760,Helsinki,365fbf6c-3530-42e1-8c5c-f4b7c9827c66
1505,625 Kiltti Katu,,Kirkkonummi,Uusimaa,02410,Kirkkonummi,5a246261-1a47-4566-be29-8c564ff9218d
1506,898 Löytty Katu,,Hyvinkää,Uusimaa,05720,Hyvinkää,1406c9b8-bdff-447f-a868-877ecc844800
1507,636 Värre Katu,,Espoo,Uusimaa,02630,Espoo,d13ce295-76c1-45ea-8c06-0c0aa54a5476
1508,565 Lintukangas Katu Unit 31,,Espoo,Uusimaa,02330,Espoo,84b8247f-1958-4161-bd6e-06a3ec416ad5
1509,206 Sinersaari Katu,,Helsinki,Uusimaa,00350,Helsinki,dc486ce2-a6ce-4e00-8e46-ff86542176ce
1510,719 Viertorinne Katu Unit 44,,Helsinki,Uusimaa,00820,Helsinki,52c3252a-3bb7-4427-8a7e-40d1d7aeac7a
1511,1025 Toivakainen Katu Unit 6,,Raasepori,Uusimaa,10470,Raasepori,25fce318-0a46-4221-9f53-263efb5ba3c6
1512,188 Suurkaulio Katu Suite 9,,Helsinki,Uusimaa,00410,Helsinki,e28d701b-0bea-4175-9be0-4b767601b700
1513,470 Lönnrot Katu,,Tuusula,Uusimaa,04500,Tuusula,2480fa0f-a7cb-4d3f-9a95-989942d63cd6
1514,1076 Aurio Katu,,Helsinki,Uusimaa,00420,Helsinki,88e757e0-0fce-43d5-85ba-e778ba814059
1515,764 Jalomäki Katu Suite 82,,Siuntio,Uusimaa,02580,Siuntio,252423e2-3c4d-4815-b924-4cd7972616ea
1516,1077 Vehmola Katu Suite 19,,Helsinki,Uusimaa,00760,Helsinki,2a8d21ff-77ba-4644-93ec-0d407cbd8452
1517,237 Lajunen Katu,,Helsinki,Uusimaa,00170,Helsinki,697240a1-565c-4a57-acc2-1fbc280d8dd2
1518,594 Ranki Katu Unit 4,,Helsinki,Uusimaa,00900,Helsinki,768b209b-471d-4d73-bfca-25442baf07fc
1519,685 Lukka Katu Unit 32,,Vantaa,Uusimaa,01510,Vantaa,d31174dd-297b-4d83-bef3-4265d1c32770
1520,952 Kadir Katu Unit 74,,Helsinki,Uusimaa,00610,Helsinki,ff9d18b9-4796-4826-9002-6702ca1fb5de
1521,790 Sinjoi Katu,,Espoo,Uusimaa,02300,Espoo,799600dd-cc3d-495c-b796-f23127ab9242
1522,925 Vilokki Katu,,Helsinki,Uusimaa,00750,Helsinki,5c22a040-0e26-43cc-b84c-a9264481149d
1523,249 Kärsämänoja Katu Suite 98,,Vantaa,Uusimaa,01640,Vantaa,b6a10980-25ae-4d53-8096-258d1d91db02
1524,139 Alamartimo Katu Unit 31,,Helsinki,Uusimaa,00650,Helsinki,40f3a4d5-b4da-455b-a342-a0c067a0235c
1525,233 Töppärä Katu Unit 26,,Nurmijärvi,Uusimaa,01860,Nurmijärvi,c7a0b711-8f1e-4e9b-b0b2-0e1842505e40
1526,538 Virhiä Katu,,Vihti,Uusimaa,03430,Vihti,d439e67f-7175-46f4-afac-2c6b3be9f764
1527,570 Nykung Katu,,Helsinki,Uusimaa,00440,Helsinki,363e6c3c-8c7a-43df-946d-470e3c8d1c98
1528,291 Juusonen Katu Suite 42,,Vantaa,Uusimaa,01670,Vantaa,313ccb28-e5c3-48a6-a933-f22eb0dd22ab
1529,210 Gäddnäs Katu Suite 51,,Nurmijärvi,Uusimaa,05200,Nurmijärvi,3b60eace-a44a-4e69-bbe6-6dced94d5f4c
1530,806 Karkamo Katu Apt 70,,Espoo,Uusimaa,02330,Espoo,2846e6a3-595e-4d90-92d9-5715e2637519
1531,879 Goldberg Katu,,Askola,Uusimaa,07580,Askola,6d3e9892-2b47-4a12-a2b3-0fcea1da13e7
1532,561 Yli-Uotila Katu Suite 27,,Kirkkonummi,Uusimaa,02540,Kirkkonummi,d0d13230-3ab7-4428-8092-3453b5f26ad0
1533,701 Haukilehto Katu,,Espoo,Uusimaa,02810,Espoo,fe1ed84f-0615-4c84-82ae-b6bef25c597c
1534,278 Vesaluoma Katu Suite 72,,Helsinki,Uusimaa,00890,Helsinki,07c49858-e86d-4d69-9e19-405096100750
1535,199 Vihanta Katu,,Vantaa,Uusimaa,01530,Vantaa,678af75d-ec05-4aad-a1fa-0b4714c389cc
1536,851 Gerdt Katu Unit 9,,Helsinki,Uusimaa,00710,Helsinki,3d8bea9c-200b-41e9-8be0-295f5ceb5082
1537,477 Ray Katu Suite 45,,Helsinki,Uusimaa,00980,Helsinki,e2f99b15-9f58-42ef-822c-168ff130fce0
1538,1072 Piirto Katu Unit 40,,Sipoo,Uusimaa,01150,Sipoo,367ab981-199d-4b56-b14c-7cfb74b191b2
1539,156 Kutinlahti Katu,,Helsinki,Uusimaa,00440,Helsinki,f008204c-c0e0-454c-a2b3-3be2a8df3365
1540,530 Nurmio Katu Suite 28,,Vantaa,Uusimaa,01350,Vantaa,138a2a95-00bc-4488-bd1b-4445e8f01c06
1541,385 Kivimurto Katu Suite 37,,Helsinki,Uusimaa,00240,Helsinki,50217c6c-30c9-4806-938e-299c00e6e1db
1542,367 Krannila Katu Apt 55,,Espoo,Uusimaa,02760,Espoo,1e61a523-27dd-4cbe-8c34-48bc5ffae0f0
1543,1066 Jokipakka Katu,,Helsinki,Uusimaa,00740,Helsinki,c6d5474a-bf92-4825-b854-10b418c50f8b
1544,681 Tapioharju Katu,,Nurmijärvi,Uusimaa,05450,Nurmijärvi,9614ec55-748d-46d3-88bd-a5f2f9536f12
1545,659 Haapakangas Katu Suite 2,,Helsinki,Uusimaa,00690,Helsinki,2954c798-473a-4618-bae0-196171b38a29
1546,834 Varjo Katu Apt 14,,Helsinki,Uusimaa,00400,Helsinki,060d5c5a-1ee4-4ba3-9474-d767740da7cf
1547,903 Vehmaa Katu,,Helsinki,Uusimaa,00850,Helsinki,3a9f3de4-d07a-43d5-a8d1-a3e03dfdb169
1548,734 Jokiperä Katu Unit 51,,Helsinki,Uusimaa,00590,Helsinki,fe219fac-79d8-48e5-a849-c7837db5439b
1549,565 Lujanen Katu,,Espoo,Uusimaa,02250,Espoo,8fcbebd7-5c5a-45e3-ac8c-9868d8d0a7bd
1550,416 Luolamo Katu Suite 63,,Espoo,Uusimaa,02970,Espoo,13de8c9d-949c-4cdf-8d8f-9f4ae1f6aa71
1551,848 Blomvall Katu Suite 87,,Vantaa,Uusimaa,01630,Vantaa,3ecc5cae-fe52-4875-a066-152fc8c9e098
1552,126 Haapakka Katu Apt 32,,Helsinki,Uusimaa,00400,Helsinki,92b8b4a0-9704-45e1-9527-0f43e4c8a55b
1553,632 Lehtovaara Katu,,Helsinki,Uusimaa,00850,Helsinki,0bfcb413-d1b3-4f93-b592-c3cbc81e5756
1554,647 Kiiltomäki Katu Unit 14,,Vantaa,Uusimaa,01700,Vantaa,8fc6a85c-8662-48de-89dd-5d97d02f0bee
