person_id,gender_concept_id,year_of_birth,month_of_birth,day_of_birth,birth_datetime,race_concept_id,ethnicity_concept_id,location_id,provider_id,care_site_id,person_source_value,gender_source_value,gender_source_concept_id,race_source_value,race_source_concept_id,ethnicity_source_value,ethnicity_source_concept_id
1447,8532,2001,1,13,,8527,0,1447,,,38c3d13b-10fc-43b7-b5c2-edf425dcbd54,F,0,white,0,nonhispanic,0
1448,8532,2002,10,16,,8527,0,1448,,,21ad24e5-5a4e-4630-adfa-affba9fd7181,F,0,white,0,nonhispanic,0
1449,8532,1995,12,19,,8527,0,1449,,,78f61d16-7aa3-4ff1-8fa1-bd1761276b24,F,0,white,0,nonhispanic,0
1450,8507,1959,2,1,,8527,0,1450,,,1069d247-c2d0-4b51-b3aa-32b54026440d,M,0,white,0,nonhispanic,0
1451,8532,1966,3,10,,8527,0,1451,,,3813ba61-a423-4e93-8d54-1a8d74941578,F,0,white,0,nonhispanic,0
1452,8532,1962,9,8,,8527,0,1452,,,7e8223c7-fa33-48d9-bbe2-19d4aec38299,F,0,white,0,nonhispanic,0
1453,8507,1961,11,18,,8527,0,1453,,,0622e9b2-f492-4ddc-a7b4-2953a5bfef16,M,0,white,0,nonhispanic,0
1454,8532,1955,3,2,,8527,0,1454,,,173210d6-cef0-45f4-bb0a-405e272e10d9,F,0,white,0,nonhispanic,0
1455,8532,1962,2,16,,8527,0,1455,,,a44ab89f-40eb-40c7-b5d6-8f2f565cad38,F,0,white,0,nonhispanic,0
1456,8507,1997,6,1,,8527,0,1456,,,bf1263c8-3e7e-403f-a6e9-6aeb71c31e94,M,0,white,0,nonhispanic,0
1457,8507,1986,5,25,,8527,0,1457,,,3257fd5a-b68f-4a3a-adec-2b9f0619bc2f,M,0,white,0,nonhispanic,0
1458,8507,1989,8,31,,8527,0,1458,,,078f81a8-d986-467f-9e1d-5e2065526f73,M,0,white,0,nonhispanic,0
1459,8532,2014,2,15,,8527,0,1459,,,c8b0a217-fe74-4fa3-b800-840bb30091cc,F,0,white,0,nonhispanic,0
1460,8532,2005,1,29,,8527,0,1460,,,ebe6f8b8-5207-41c8-96a3-e3bac428266b,F,0,white,0,nonhispanic,0
1461,8507,2009,10,11,,8527,0,1461,,,3399bb83-5602-4663-a7c8-d0a5a26d5b5e,M,0,white,0,nonhispanic,0
1462,8532,2018,5,28,,8527,0,1462,,,6c4a562b-37b7-4e4d-a939-d7f71e3e5a6f,F,0,white,0,nonhispanic,0
1463,8507,1972,2,5,,8527,0,1463,,,6789afb5-7357-43a0-bf82-ac3ed10ca08d,M,0,white,0,nonhispanic,0
1464,8532,1940,2,8,,8527,0,1464,,,78e564c4-c5e2-4f99-bb3b-88a45ceb224f,F,0,white,0,nonhispanic,0
1465,8507,1961,11,18,,8527,0,1465,,,0a7337a4-c897-45a2-b7a4-212693a30995,M,0,white,0,nonhispanic,0
1466,8507,1989,1,19,,8527,0,1466,,,554aac9d-f755-4bed-98ac-27fa10606e27,M,0,white,0,nonhispanic,0
1467,8507,1924,3,28,,8527,0,1467,,,6841f9f8-455a-4860-aebb-74ce4ff2d968,M,0,white,0,nonhispanic,0
1468,8532,1983,6,4,,8527,0,1468,,,038d29a5-5cb8-40dd-b1c5-6066790ab4fb,F,0,white,0,nonhispanic,0
1469,8507,1989,1,1,,8527,0,1469,,,0d1da049-0e2e-438b-9813-76bebf6b94f3,M,0,white,0,nonhispanic,0
1470,8507,2012,1,12,,8527,0,1470,,,a0a9ebf5-3ae1-4e25-87ed-20b1728dc0c4,M,0,white,0,nonhispanic,0
1471,8532,1946,11,30,,8527,0,1471,,,31a57aca-925f-4f24-a57c-66bff3734333,F,0,white,0,nonhispanic,0
1472,8532,2003,1,22,,8527,0,1472,,,520e17dc-0f68-4d7f-9aa3-7c1012878097,F,0,white,0,nonhispanic,0
1473,8507,1993,12,26,,8527,0,1473,,,8efddc4d-2cb6-40e1-9c15-9dd590a2dd4d,M,0,white,0,nonhispanic,0
1474,8507,2007,4,17,,8527,0,1474,,,a389b16f-8acf-495a-af0b-7ee8534af40d,M,0,white,0,nonhispanic,0
1475,8507,1955,11,5,,8527,0,1475,,,63c322ea-4a7d-430e-b345-7aefc78f4b53,M,0,white,0,nonhispanic,0
1476,8532,2008,11,12,,8527,0,1476,,,47149490-8f26-4ed8-80a9-af82da25a231,F,0,white,0,nonhispanic,0
1477,8507,2018,12,13,,8527,0,1477,,,4bb45bf2-1a5a-4d7d-8cab-d1c40992ad5e,M,0,white,0,nonhispanic,0
1478,8507,2012,3,20,,8527,0,1478,,,fd46327d-7c54-40c0-9e09-d0e0feb19b3a,M,0,white,0,nonhispanic,0
1479,8507,1953,9,27,,8527,0,1479,,,57764acb-a2e0-4094-b1a6-83983b973cc5,M,0,white,0,nonhispanic,0
1480,8507,1965,5,20,,8527,0,1480,,,9345b067-32b7-4aa5-8dfb-c4afa0080610,M,0,white,0,nonhispanic,0
1481,8532,1966,1,17,,8527,0,1481,,,6f437c11-c92e-4a84-bc3c-86cf60580727,F,0,white,0,nonhispanic,0
1482,8532,1952,11,10,,8527,0,1482,,,7cddb477-092b-419d-b4b7-7a3980d596df,F,0,white,0,nonhispanic,0
1483,8507,1986,10,3,,8527,0,1483,,,61cad935-749a-4bda-946f-11a4b271eb91,M,0,white,0,nonhispanic,0
1484,8507,1924,3,28,,8527,0,1484,,,098ad43a-2246-41b1-9caf-1cf2133f6c73,M,0,white,0,nonhispanic,0
1485,8507,1941,2,11,,8527,0,1485,,,8ec5d154-9d0b-4b79-9f7c-7276a8c65185,M,0,white,0,nonhispanic,0
1486,8507,2004,12,18,,8527,0,1486,,,bc0add3c-427a-4602-8de5-58615532db90,M,0,white,0,nonhispanic,0
1487,8532,1951,5,1,,8527,0,1487,,,82707260-33cb-4127-866e-2bbab8c67913,F,0,white,0,nonhispanic,0
1488,8532,2001,7,17,,8527,0,1488,,,89200ee1-6f6a-4f1e-98e4-ae3be576c7d2,F,0,white,0,nonhispanic,0
1489,8532,2005,4,11,,8527,0,1489,,,b69863c8-189b-47a6-be11-a9449f79d740,F,0,white,0,nonhispanic,0
1490,8507,2001,10,16,,8527,0,1490,,,1a92dcc0-41c5-4c30-89ef-c14a3557827c,M,0,white,0,nonhispanic,0
1491,8532,2016,2,7,,8527,0,1491,,,3489deb6-18c9-41f7-b970-b62d9421df69,F,0,white,0,nonhispanic,0
1492,8532,1957,3,9,,8527,0,1492,,,9d48a208-6b2f-46e8-acd0-abbca8f72400,F,0,white,0,nonhispanic,0
1493,8507,1999,11,27,,8527,0,1493,,,edd63f48-f961-4d30-a64a-51adc3ff5dcf,M,0,white,0,nonhispanic,0
1494,8532,1994,9,6,,8527,0,1494,,,de88688d-5a84-4a90-939a-545de696e6f9,F,0,white,0,nonhispanic,0
1495,8532,1990,11,10,,8527,0,1495,,,eaede75d-cf9c-42bd-ba1e-ea37e1ee5205,F,0,white,0,nonhispanic,0
1496,8507,2016,2,5,,8527,0,1496,,,9a82e89e-aa4d-49b8-be66-f507b989358a,M,0,white,0,nonhispanic,0
1497,8507,1980,12,27,,8527,0,1497,,,80083dd7-4ee0-4d96-b13c-b08bf3f80e8d,M,0,white,0,nonhispanic,0
1498,8507,1974,3,9,,8527,0,1498,,,3322ff86-3b43-44ab-9dc4-c181eb99cbaf,M,0,white,0,nonhispanic,0
1499,8532,2017,9,5,,8527,0,1499,,,2519e5ff-9b68-443a-9981-66191171c1e3,F,0,white,0,nonhispanic,0
1500,8507,1982,6,16,,8527,0,1500,,,1ebb0155-3860-467f-9ff3-dd4a059a9f15,M,0,white,0,nonhispanic,0
1501,8507,1924,3,28,,8527,0,1501,,,46bfc78b-1b7d-4066-9c33-31df717fe3f1,M,0,white,0,nonhispanic,0
1502,8507,1966,5,27,,8527,0,1502,,,8377b903-c1c0-42ec-bfa0-42d0ab80f4a0,M,0,white,0,nonhispanic,0
1503,8507,1954,6,5,,8527,0,1503,,,efd5994e-4abb-4d4a-a7f0-97cb9fccea1f,M,0,white,0,nonhispanic,0
1504,8532,1969,9,3,,8527,0,1504,,,365fbf6c-3530-42e1-8c5c-f4b7c9827c66,F,0,white,0,nonhispanic,0
1505,8532,1965,6,9,,8527,0,1505,,,5a246261-1a47-4566-be29-8c564ff9218d,F,0,white,0,nonhispanic,0
1506,8532,1997,4,11,,8527,0,1506,,,1406c9b8-bdff-447f-a868-877ecc844800,F,0,white,0,nonhispanic,0
1507,8532,1965,9,4,,8527,0,1507,,,d13ce295-76c1-45ea-8c06-0c0aa54a5476,F,0,white,0,nonhispanic,0
1508,8532,1936,2,23,,8527,0,1508,,,84b8247f-1958-4161-bd6e-06a3ec416ad5,F,0,white,0,nonhispanic,0
1509,8532,1957,1,21,,8527,0,1509,,,dc486ce2-a6ce-4e00-8e46-ff86542176ce,F,0,white,0,nonhispanic,0
1510,8532,1946,9,4,,8527,0,1510,,,52c3252a-3bb7-4427-8a7e-40d1d7aeac7a,F,0,white,0,nonhispanic,0
1511,8532,2016,4,27,,8527,0,1511,,,25fce318-0a46-4221-9f53-263efb5ba3c6,F,0,white,0,nonhispanic,0
1512,8532,1981,4,3,,8527,0,1512,,,e28d701b-0bea-4175-9be0-4b767601b700,F,0,white,0,nonhispanic,0
1513,8532,1954,9,17,,8527,0,1513,,,2480fa0f-a7cb-4d3f-9a95-989942d63cd6,F,0,white,0,nonhispanic,0
1514,8507,2011,4,16,,8527,0,1514,,,88e757e0-0fce-43d5-85ba-e778ba814059,M,0,white,0,nonhispanic,0
1515,8507,2000,8,9,,8527,0,1515,,,252423e2-3c4d-4815-b924-4cd7972616ea,M,0,white,0,nonhispanic,0
1516,8507,2013,9,9,,8527,0,1516,,,2a8d21ff-77ba-4644-93ec-0d407cbd8452,M,0,white,0,nonhispanic,0
1517,8507,1924,3,28,,8527,0,1517,,,697240a1-565c-4a57-acc2-1fbc280d8dd2,M,0,white,0,nonhispanic,0
1518,8532,1988,12,4,,8527,0,1518,,,768b209b-471d-4d73-bfca-25442baf07fc,F,0,white,0,nonhispanic,0
1519,8507,1970,7,26,,8527,0,1519,,,d31174dd-297b-4d83-bef3-4265d1c32770,M,0,white,0,nonhispanic,0
1520,8532,1944,6,20,,8527,0,1520,,,ff9d18b9-4796-4826-9002-6702ca1fb5de,F,0,white,0,nonhispanic,0
1521,8532,1996,12,13,,8527,0,1521,,,799600dd-cc3d-495c-b796-f23127ab9242,F,0,white,0,nonhispanic,0
1522,8507,1990,3,29,,8527,0,1522,,,5c22a040-0e26-43cc-b84c-a9264481149d,M,0,white,0,nonhispanic,0
1523,8507,2002,5,15,,8527,0,1523,,,b6a10980-25ae-4d53-8096-258d1d91db02,M,0,white,0,nonhispanic,0
1524,8507,1985,8,31,,8527,0,1524,,,40f3a4d5-b4da-455b-a342-a0c067a0235c,M,0,white,0,nonhispanic,0
1525,8507,1972,2,28,,8527,0,1525,,,c7a0b711-8f1e-4e9b-b0b2-0e1842505e40,M,0,white,0,nonhispanic,0
1526,8532,2017,10,2,,8527,0,1526,,,d439e67f-7175-46f4-afac-2c6b3be9f764,F,0,white,0,nonhispanic,0
1527,8532,1938,9,22,,8527,0,1527,,,363e6c3c-8c7a-43df-946d-470e3c8d1c98,F,0,white,0,nonhispanic,0
1528,8532,1964,9,17,,8527,0,1528,,,313ccb28-e5c3-48a6-a933-f22eb0dd22ab,F,0,white,0,nonhispanic,0
1529,8507,1959,12,6,,8527,0,1529,,,3b60eace-a44a-4e69-bbe6-6dced94d5f4c,M,0,white,0,nonhispanic,0
1530,8532,1957,8,27,,8527,0,1530,,,2846e6a3-595e-4d90-92d9-5715e2637519,F,0,white,0,nonhispanic,0
1531,8507,2016,12,27,,8527,0,1531,,,6d3e9892-2b47-4a12-a2b3-0fcea1da13e7,M,0,white,0,nonhispanic,0
1532,8507,1988,12,18,,8527,0,1532,,,d0d13230-3ab7-4428-8092-3453b5f26ad0,M,0,white,0,nonhispanic,0
1533,8532,1947,5,2,,8527,0,1533,,,fe1ed84f-0615-4c84-82ae-b6bef25c597c,F,0,white,0,nonhispanic,0
1534,8507,1924,3,28,,8527,0,1534,,,07c49858-e86d-4d69-9e19-405096100750,M,0,white,0,nonhispanic,0
1535,8507,1991,3,10,,8527,0,1535,,,678af75d-ec05-4aad-a1fa-0b4714c389cc,M,0,white,0,nonhispanic,0
1536,8532,1993,12,17,,8527,0,1536,,,3d8bea9c-200b-41e9-8be0-295f5ceb5082,F,0,white,0,nonhispanic,0
1537,8507,1995,6,11,,8527,0,1537,,,e2f99b15-9f58-42ef-822c-168ff130fce0,M,0,white,0,nonhispanic,0
1538,8507,2005,1,26,,8527,0,1538,,,367ab981-199d-4b56-b14c-7cfb74b191b2,M,0,white,0,nonhispanic,0
1539,8507,1910,8,24,,8527,0,1539,,,f008204c-c0e0-454c-a2b3-3be2a8df3365,M,0,white,0,nonhispanic,0
1540,8507,1973,9,19,,8527,0,1540,,,138a2a95-00bc-4488-bd1b-4445e8f01c06,M,0,white,0,nonhispanic,0
1541,8532,1950,8,20,,8527,0,1541,,,50217c6c-30c9-4806-938e-299c00e6e1db,F,0,white,0,nonhispanic,0
1542,8532,1941,5,25,,8527,0,1542,,,1e61a523-27dd-4cbe-8c34-48bc5ffae0f0,F,0,white,0,nonhispanic,0
1543,8507,1989,3,21,,8527,0,1543,,,c6d5474a-bf92-4825-b854-10b418c50f8b,M,0,white,0,nonhispanic,0
1544,8532,1966,8,20,,8527,0,1544,,,9614ec55-748d-46d3-88bd-a5f2f9536f12,F,0,white,0,nonhispanic,0
1545,8532,1975,5,10,,8527,0,1545,,,2954c798-473a-4618-bae0-196171b38a29,F,0,white,0,nonhispanic,0
1546,8507,2000,5,12,,8527,0,1546,,,060d5c5a-1ee4-4ba3-9474-d767740da7cf,M,0,white,0,nonhispanic,0
1547,8507,2001,6,28,,8527,0,1547,,,3a9f3de4-d07a-43d5-a8d1-a3e03dfdb169,M,0,white,0,nonhispanic,0
1548,8507,1924,3,28,,8527,0,1548,,,fe219fac-79d8-48e5-a849-c7837db5439b,M,0,white,0,nonhispanic,0
1549,8507,1935,8,1,,8527,0,1549,,,8fcbebd7-5c5a-45e3-ac8c-9868d8d0a7bd,M,0,white,0,nonhispanic,0
1550,8532,1965,5,18,,8527,0,1550,,,13de8c9d-949c-4cdf-8d8f-9f4ae1f6aa71,F,0,white,0,nonhispanic,0
1551,8532,1948,9,1,,8527,0,1551,,,3ecc5cae-fe52-4875-a066-152fc8c9e098,F,0,white,0,nonhispanic,0
1552,8507,1946,2,19,,8527,0,1552,,,92b8b4a0-9704-45e1-9527-0f43e4c8a55b,M,0,white,0,nonhispanic,0
1553,8507,1924,3,28,,8527,0,1553,,,0bfcb413-d1b3-4f93-b592-c3cbc81e5756,M,0,white,0,nonhispanic,0
1554,8532,1948,9,1,,8527,0,1554,,,8fc6a85c-8662-48de-89dd-5d97d02f0bee,F,0,white,0,nonhispanic,0
