START,STOP,PATIENT,ENCOUNTER,CODE,DESCRIPTION
2012-04-18,,0011951b-83d4-4baa-9d74-3860c03e6064,76a31b1f-f454-4ec5-8ba9-a6b4745ac0f2,53741008,Coronary Heart Disease
2016-07-06,,0011951b-83d4-4baa-9d74-3860c03e6064,40fe2686-8274-40d6-8379-1eb95febb3f5,22298006,Myocardial Infarction
2016-07-06,,0011951b-83d4-4baa-9d74-3860c03e6064,40fe2686-8274-40d6-8379-1eb95febb3f5,399211009,History of myocardial infarction (situation)
2012-10-31,,af8b753a-f078-46f3-9f95-d4f80a51d3f8,07aa2d52-33c1-42bf-bfad-41245254a253,230690007,Stroke
2016-01-07,,74f31d1e-252d-4176-b8fa-d9593bede612,6b7df663-35d9-4577-a58f-3f0318bcfd81,53741008,Coronary Heart Disease
2019-10-17,,74f31d1e-252d-4176-b8fa-d9593bede612,f6663d8c-2ce2-4d8a-aadb-d271556bbc7b,410429000,Cardiac Arrest
2019-10-17,,74f31d1e-252d-4176-b8fa-d9593bede612,f6663d8c-2ce2-4d8a-aadb-d271556bbc7b,429007001,History of cardiac arrest (situation)
2009-01-10,,cab70a29-fbfc-4430-a1d8-655eee6daba8,f9e80be2-9db0-4bb9-a531-5f642e2a1190,49436004,Atrial Fibrillation
1991-11-05,,5b2a26a6-e1df-4df1-bd29-18a08b4b4776,1d89019f-6fbd-4457-bce0-1414fa63a007,230690007,Stroke
2013-09-11,,14ab9132-65c2-4145-9004-14c7f3c0ef2b,cd8c3c74-948a-4692-809f-9c8d1a4f01a8,230690007,Stroke
2010-09-06,,d17c10f0-7874-41a2-adce-7ff71c005b9a,c5153e29-72ba-498a-865c-7c39d0a93abf,230690007,Stroke
2014-08-05,2014-08-05,a7fadb88-18e3-4c06-bba3-736dd29d62a5,177a2d2a-9add-4581-898d-7ea6c078648a,271737000,Anemia (disorder)
2018-07-01,,f07e6d48-681e-43d9-95a4-4ae0eb1cb4be,910eb44d-d9ae-487a-9911-6ae88030cf17,53741008,Coronary Heart Disease
2017-04-08,,5d2bec29-6ee1-48a2-a22d-54f07f481a1c,9189a193-5ba3-4693-87d7-3561c3b50b4b,49436004,Atrial Fibrillation
1993-12-01,,6d687ed7-e5b8-4648-8907-a5f6b9e44248,7ea31c89-9ae0-4d28-be63-52f969cf652e,230690007,Stroke
2006-04-05,,6d687ed7-e5b8-4648-8907-a5f6b9e44248,c6d58981-2dfa-41cf-b4d3-3855cfefc80b,49436004,Atrial Fibrillation
1996-01-09,,acfc6191-559c-4c02-bebf-a8ce43c42fed,a0cdaee8-4f45-4e27-8f76-5bc5f8755c9c,53741008,Coronary Heart Disease
2005-07-19,,acfc6191-559c-4c02-bebf-a8ce43c42fed,20391963-3332-43ff-908f-a074364a6645,22298006,Myocardial Infarction
2005-07-19,,acfc6191-559c-4c02-bebf-a8ce43c42fed,20391963-3332-43ff-908f-a074364a6645,399211009,History of myocardial infarction (situation)
