START,STOP,PATIENT,PAYER,ENCOUNTER,CODE,DESCRIPTION,BASE_COST,PAYER_COVERAGE,DISPENSES,TOTALCOST,REASONCODE,REASONDESCRIPTION
2012-04-18,2016-07-06,0011951b-83d4-4baa-9d74-3860c03e6064,b1c428d6-4f07-31e0-90f0-68ffa6ff8c76,76a31b1f-f454-4ec5-8ba9-a6b4745ac0f2,309362,Clopidogrel 75 MG Oral Tablet,52.40,0.00,51,2672.40,,
2012-04-18,,0011951b-83d4-4baa-9d74-3860c03e6064,b1c428d6-4f07-31e0-90f0-68ffa6ff8c76,76a31b1f-f454-4ec5-8ba9-a6b4745ac0f2,312961,Simvastatin 20 MG Oral Tablet,15.36,0.00,51,783.36,,
2012-04-18,,0011951b-83d4-4baa-9d74-3860c03e6064,b1c428d6-4f07-31e0-90f0-68ffa6ff8c76,76a31b1f-f454-4ec5-8ba9-a6b4745ac0f2,197361,Amlodipine 5 MG Oral Tablet,26.80,0.00,51,1366.80,,
2012-04-18,2016-07-06,0011951b-83d4-4baa-9d74-3860c03e6064,b1c428d6-4f07-31e0-90f0-68ffa6ff8c76,76a31b1f-f454-4ec5-8ba9-a6b4745ac0f2,705129,Nitroglycerin 0.4 MG/ACTUAT Mucosal Spray,179.28,0.00,51,9143.28,,
2016-07-06,2016-07-06,0011951b-83d4-4baa-9d74-3860c03e6064,b1c428d6-4f07-31e0-90f0-68ffa6ff8c76,40fe2686-8274-40d6-8379-1eb95febb3f5,259255,Atorvastatin 80 MG Oral Tablet,47.72,0.00,1,47.72,,
2016-07-06,2016-07-06,0011951b-83d4-4baa-9d74-3860c03e6064,b1c428d6-4f07-31e0-90f0-68ffa6ff8c76,40fe2686-8274-40d6-8379-1eb95febb3f5,833036,Captopril 25 MG Oral Tablet,24.50,0.00,1,24.50,,
2012-10-31,2012-10-31,af8b753a-f078-46f3-9f95-d4f80a51d3f8,b1c428d6-4f07-31e0-90f0-68ffa6ff8c76,07aa2d52-33c1-42bf-bfad-41245254a253,309362,Clopidogrel 75 MG Oral Tablet,46.21,0.00,1,46.21,,
2012-10-31,2012-10-31,af8b753a-f078-46f3-9f95-d4f80a51d3f8,b1c428d6-4f07-31e0-90f0-68ffa6ff8c76,07aa2d52-33c1-42bf-bfad-41245254a253,1804799,Alteplase 100 MG Injection,6456.27,0.00,1,6456.27,,
2016-01-07,,74f31d1e-252d-4176-b8fa-d9593bede612,b1c428d6-4f07-31e0-90f0-68ffa6ff8c76,6b7df663-35d9-4577-a58f-3f0318bcfd81,309362,Clopidogrel 75 MG Oral Tablet,49.95,0.00,46,2297.70,,
2016-01-07,,74f31d1e-252d-4176-b8fa-d9593bede612,b1c428d6-4f07-31e0-90f0-68ffa6ff8c76,6b7df663-35d9-4577-a58f-3f0318bcfd81,312961,Simvastatin 20 MG Oral Tablet,14.53,0.00,46,668.38,,
2016-01-07,,74f31d1e-252d-4176-b8fa-d9593bede612,b1c428d6-4f07-31e0-90f0-68ffa6ff8c76,6b7df663-35d9-4577-a58f-3f0318bcfd81,197361,Amlodipine 5 MG Oral Tablet,45.57,0.00,46,2096.22,,
2016-01-07,,74f31d1e-252d-4176-b8fa-d9593bede612,b1c428d6-4f07-31e0-90f0-68ffa6ff8c76,6b7df663-35d9-4577-a58f-3f0318bcfd81,705129,Nitroglycerin 0.4 MG/ACTUAT Mucosal Spray,110.01,0.00,46,5060.46,,
2019-10-17,2019-10-17,74f31d1e-252d-4176-b8fa-d9593bede612,b1c428d6-4f07-31e0-90f0-68ffa6ff8c76,f6663d8c-2ce2-4d8a-aadb-d271556bbc7b,1660014,1 ML Epinephrine 1 MG/ML Injection,4.19,0.00,1,4.19,,
2019-10-17,2019-10-17,74f31d1e-252d-4176-b8fa-d9593bede612,b1c428d6-4f07-31e0-90f0-68ffa6ff8c76,f6663d8c-2ce2-4d8a-aadb-d271556bbc7b,834357,3 ML Amiodarone hydrocholoride 50 MG/ML Prefilled Syringe,209.33,0.00,1,209.33,,
2019-10-17,2019-10-17,74f31d1e-252d-4176-b8fa-d9593bede612,b1c428d6-4f07-31e0-90f0-68ffa6ff8c76,f6663d8c-2ce2-4d8a-aadb-d271556bbc7b,1190795,Atropine Sulfate 1 MG/ML Injectable Solution,27.60,0.00,1,27.60,,
2009-01-10,,cab70a29-fbfc-4430-a1d8-655eee6daba8,b1c428d6-4f07-31e0-90f0-68ffa6ff8c76,f9e80be2-9db0-4bb9-a531-5f642e2a1190,855332,Warfarin Sodium 5 MG Oral Tablet,84.60,0.00,136,11505.60,,
2009-01-10,,cab70a29-fbfc-4430-a1d8-655eee6daba8,b1c428d6-4f07-31e0-90f0-68ffa6ff8c76,f9e80be2-9db0-4bb9-a531-5f642e2a1190,897718,Verapamil Hydrochloride 40 MG,133.65,0.00,136,18176.40,,
2009-01-10,,cab70a29-fbfc-4430-a1d8-655eee6daba8,b1c428d6-4f07-31e0-90f0-68ffa6ff8c76,f9e80be2-9db0-4bb9-a531-5f642e2a1190,197604,Digoxin 0.125 MG Oral Tablet,10.44,0.00,136,1419.84,,
2013-09-11,2013-09-11,14ab9132-65c2-4145-9004-14c7f3c0ef2b,b1c428d6-4f07-31e0-90f0-68ffa6ff8c76,cd8c3c74-948a-4692-809f-9c8d1a4f01a8,309362,Clopidogrel 75 MG Oral Tablet,31.41,0.00,1,31.41,,
2013-09-11,2013-09-11,14ab9132-65c2-4145-9004-14c7f3c0ef2b,b1c428d6-4f07-31e0-90f0-68ffa6ff8c76,cd8c3c74-948a-4692-809f-9c8d1a4f01a8,1804799,Alteplase 100 MG Injection,6209.54,0.00,1,6209.54,,
2010-09-06,2010-09-06,d17c10f0-7874-41a2-adce-7ff71c005b9a,b1c428d6-4f07-31e0-90f0-68ffa6ff8c76,c5153e29-72ba-498a-865c-7c39d0a93abf,309362,Clopidogrel 75 MG Oral Tablet,11.61,0.00,1,11.61,,
2010-09-06,2010-09-06,d17c10f0-7874-41a2-adce-7ff71c005b9a,b1c428d6-4f07-31e0-90f0-68ffa6ff8c76,c5153e29-72ba-498a-865c-7c39d0a93abf,1804799,Alteplase 100 MG Injection,6200.29,0.00,1,6200.29,,
2018-07-01,,f07e6d48-681e-43d9-95a4-4ae0eb1cb4be,b1c428d6-4f07-31e0-90f0-68ffa6ff8c76,910eb44d-d9ae-487a-9911-6ae88030cf17,309362,Clopidogrel 75 MG Oral Tablet,41.29,0.00,20,825.80,,
2018-07-01,,f07e6d48-681e-43d9-95a4-4ae0eb1cb4be,b1c428d6-4f07-31e0-90f0-68ffa6ff8c76,910eb44d-d9ae-487a-9911-6ae88030cf17,312961,Simvastatin 20 MG Oral Tablet,9.81,0.00,20,196.20,,
2018-07-01,,f07e6d48-681e-43d9-95a4-4ae0eb1cb4be,b1c428d6-4f07-31e0-90f0-68ffa6ff8c76,910eb44d-d9ae-487a-9911-6ae88030cf17,197361,Amlodipine 5 MG Oral Tablet,44.86,0.00,20,897.20,,
2018-07-01,,f07e6d48-681e-43d9-95a4-4ae0eb1cb4be,b1c428d6-4f07-31e0-90f0-68ffa6ff8c76,910eb44d-d9ae-487a-9911-6ae88030cf17,705129,Nitroglycerin 0.4 MG/ACTUAT Mucosal Spray,207.20,0.00,20,4144.00,,
2017-04-08,,5d2bec29-6ee1-48a2-a22d-54f07f481a1c,b1c428d6-4f07-31e0-90f0-68ffa6ff8c76,9189a193-5ba3-4693-87d7-3561c3b50b4b,855332,Warfarin Sodium 5 MG Oral Tablet,30.51,0.00,35,1067.85,,
2017-04-08,,5d2bec29-6ee1-48a2-a22d-54f07f481a1c,b1c428d6-4f07-31e0-90f0-68ffa6ff8c76,9189a193-5ba3-4693-87d7-3561c3b50b4b,897718,Verapamil Hydrochloride 40 MG,53.61,0.00,35,1876.35,,
2017-04-08,,5d2bec29-6ee1-48a2-a22d-54f07f481a1c,b1c428d6-4f07-31e0-90f0-68ffa6ff8c76,9189a193-5ba3-4693-87d7-3561c3b50b4b,197604,Digoxin 0.125 MG Oral Tablet,38.19,0.00,35,1336.65,,
2006-04-05,,6d687ed7-e5b8-4648-8907-a5f6b9e44248,b1c428d6-4f07-31e0-90f0-68ffa6ff8c76,c6d58981-2dfa-41cf-b4d3-3855cfefc80b,855332,Warfarin Sodium 5 MG Oral Tablet,35.72,0.00,169,6036.68,,
2006-04-05,,6d687ed7-e5b8-4648-8907-a5f6b9e44248,b1c428d6-4f07-31e0-90f0-68ffa6ff8c76,c6d58981-2dfa-41cf-b4d3-3855cfefc80b,897718,Verapamil Hydrochloride 40 MG,119.96,0.00,169,20273.24,,
2006-04-05,,6d687ed7-e5b8-4648-8907-a5f6b9e44248,b1c428d6-4f07-31e0-90f0-68ffa6ff8c76,c6d58981-2dfa-41cf-b4d3-3855cfefc80b,197604,Digoxin 0.125 MG Oral Tablet,33.69,0.00,169,5693.61,,
2015-04-01,2015-04-01,6d687ed7-e5b8-4648-8907-a5f6b9e44248,b1c428d6-4f07-31e0-90f0-68ffa6ff8c76,6c9c3658-c1d1-44aa-b4d3-bac58b9f09b9,309362,Clopidogrel 75 MG Oral Tablet,72.71,0.00,1,72.71,,
2015-04-01,2015-04-01,6d687ed7-e5b8-4648-8907-a5f6b9e44248,b1c428d6-4f07-31e0-90f0-68ffa6ff8c76,6c9c3658-c1d1-44aa-b4d3-bac58b9f09b9,1804799,Alteplase 100 MG Injection,6176.27,0.00,1,6176.27,,
1996-01-09,,acfc6191-559c-4c02-bebf-a8ce43c42fed,b1c428d6-4f07-31e0-90f0-68ffa6ff8c76,a0cdaee8-4f45-4e27-8f76-5bc5f8755c9c,312961,Simvastatin 20 MG Oral Tablet,29.85,0.00,116,3462.60,,
1996-01-09,,acfc6191-559c-4c02-bebf-a8ce43c42fed,b1c428d6-4f07-31e0-90f0-68ffa6ff8c76,a0cdaee8-4f45-4e27-8f76-5bc5f8755c9c,197361,Amlodipine 5 MG Oral Tablet,29.03,0.00,116,3367.48,,
1996-01-09,2005-07-19,acfc6191-559c-4c02-bebf-a8ce43c42fed,b1c428d6-4f07-31e0-90f0-68ffa6ff8c76,a0cdaee8-4f45-4e27-8f76-5bc5f8755c9c,705129,Nitroglycerin 0.4 MG/ACTUAT Mucosal Spray,82.87,0.00,115,9530.05,,
1997-01-14,2005-07-19,acfc6191-559c-4c02-bebf-a8ce43c42fed,b1c428d6-4f07-31e0-90f0-68ffa6ff8c76,e278d073-2fff-4ade-84e1-2ad1632606f5,309362,Clopidogrel 75 MG Oral Tablet,32.22,0.00,103,3318.66,,
2005-07-19,2005-07-19,acfc6191-559c-4c02-bebf-a8ce43c42fed,b1c428d6-4f07-31e0-90f0-68ffa6ff8c76,20391963-3332-43ff-908f-a074364a6645,259255,Atorvastatin 80 MG Oral Tablet,570.57,0.00,1,570.57,,
2005-07-19,2005-07-19,acfc6191-559c-4c02-bebf-a8ce43c42fed,b1c428d6-4f07-31e0-90f0-68ffa6ff8c76,20391963-3332-43ff-908f-a074364a6645,833036,Captopril 25 MG Oral Tablet,46.30,0.00,1,46.30,,
