Id,BIRTHDATE,DEATHDATE,SSN,DRIVERS,PASSPORT,PREFIX,FIRST,LAST,SUFFIX,MAIDEN,MARITAL,RACE,ETHNICITY,GENDER,BIRTHPLACE,ADDRESS,CITY,STATE,COUNTY,ZIP,LAT,LON,HEALTHCARE_EXPENSES,HEALTHCARE_COVERAGE
87a40540-1e44-4897-8419-47701820f1cd,2003-06-11,,999-55-2726,S99968506,,,Otava,Jokela,,,,white,nonhispanic,M,Espoo  Uusimaa  FI,441 Afflekt Katu Unit 30,Helsinki,Uusimaa,Helsinki,00930,60.259945807359976,24.80901301923733,3125.0,0.0
0011951b-83d4-4baa-9d74-3860c03e6064,1972-04-12,2016-07-06,999-38-8442,S99948490,X8045602X,Mrs.,Anna-Leena,Pelimanni,,Nietula,M,white,nonhispanic,F,Kirkkonummi  Uusimaa  FI,763 Lindgren Katu Apt 29,Nurmijärvi,Uusimaa,Nurmijärvi,01820,60.45364508680913,24.84005058476156,5303.9,0.0
169e19a8-6b33-48ff-9716-7de7da4c76a8,1972-01-13,,999-88-4224,S99929278,X69944725X,Mrs.,Grete,Ylikarjula,,Kurjenluoma,M,white,nonhispanic,F,Helsinki  Uusimaa  FI,451 Kangasmetsä Katu,Hyvinkää,Uusimaa,Hyvinkää,05880,60.61825790770378,25.027139829858747,4875.0,0.0
ffc3b733-ca49-4a21-82f6-81be4d195229,1970-07-24,,999-57-9200,S99942869,X82495785X,Mr.,Pedro,Sirpoma,,,M,white,nonhispanic,M,Helsinki  Uusimaa  FI,244 Olamo Katu Unit 42,Helsinki,Uusimaa,Helsinki,00190,60.18099306249929,24.952713744894652,4875.0,0.0
e457392e-87f6-4210-ae5a-a1898cc251b2,1964-05-15,,999-75-1535,S99919447,X13555031X,Mrs.,Lahja,Hynnälä,,Ranta-aho,M,white,nonhispanic,F,Helsinki  Uusimaa  FI,267 Teliö Katu,Vantaa,Uusimaa,Vantaa,01680,60.32435541477608,25.05212678421716,5625.0,0.0
775e45c7-9d0f-4318-91a0-295a8152cf84,1964-06-10,,999-31-6511,S99952770,X7060674X,Mr.,Launo,Hötti,,,M,white,nonhispanic,M,Helsinki  Uusimaa  FI,467 Raassina Katu Suite 26,Nurmijärvi,Uusimaa,Nurmijärvi,05200,60.50538879798112,24.640297669243317,5625.0,0.0
ccb8b607-bcad-4ccc-a3de-cb69ced56c3f,1961-04-20,,999-48-3655,S99964050,X44272313X,Mrs.,Louhi,Päivike,,Yli-Junnila,M,white,nonhispanic,F,Vantaa  Uusimaa  FI,1029 Haukkovaara Katu,Vantaa,Uusimaa,Vantaa,01770,60.28580924455602,24.799745124417385,6000.0,0.0
5b20884a-aeb9-43e5-b3c1-a4770ad7376b,2014-04-17,,999-89-3024,,,,Eelu,Jalo,,,,white,nonhispanic,M,Sipoo  Uusimaa  FI,126 Hartus Katu Unit 10,Vihti,Uusimaa,Vihti,03100,60.38661759406859,24.20890406139576,1750.0,0.0
f7774f0c-0838-4cf5-a52d-cb01d18589cf,2014-06-05,,999-55-7113,,,,Alexandr,Rahunen,,,,white,nonhispanic,M,Espoo  Uusimaa  FI,1097 Kannelniemi Katu Suite 30,Helsinki,Uusimaa,Helsinki,00920,60.169171788211855,24.980325238669618,1750.0,0.0
d54461f8-6104-49aa-b152-e0d5fea8d8bf,1984-06-15,,999-36-4707,S99912349,X60915073X,Mrs.,Gül,Filander,,Attila,M,white,nonhispanic,F,Vantaa  Uusimaa  FI,843 Harden Katu,Helsinki,Uusimaa,Helsinki,00420,60.125033594978156,25.03518047806923,4125.0,0.0
a3b0c9d9-9c28-436d-9db3-72f92617e189,1946-10-10,,999-31-7557,S99986909,X42403568X,Ms.,Hillamaria,Ottola,,,S,white,nonhispanic,F,Järvenpää  Uusimaa  FI,909 Uronen Katu,Helsinki,Uusimaa,Helsinki,00880,60.157491366724415,24.94399075505767,7875.0,0.0
af8b753a-f078-46f3-9f95-d4f80a51d3f8,1972-04-12,,999-72-5472,S99937495,X69936610X,Mrs.,Jabbar,Pöllä,,Heimberg,M,white,nonhispanic,F,Vantaa  Uusimaa  FI,695 Enbuska Katu,Nurmijärvi,Uusimaa,Nurmijärvi,01820,60.35156598946424,24.695067572264403,11377.48,0.0
6f23c4aa-6ac9-430e-9054-2d556bddcaf8,1976-03-06,,999-76-4859,S99930319,X23901121X,Mr.,Mamdouh,Lenkkeri,,,S,white,nonhispanic,M,Helsinki  Uusimaa  FI,395 Topi Katu Unit 42,Helsinki,Uusimaa,Helsinki,00970,60.12043034963471,24.83425377592997,4500.0,0.0
986b0874-80ca-42a9-b261-c4b82fb97ebb,1989-02-27,,999-16-6940,S99982034,X77177121X,Mr.,Kevin,von Martens,,,S,white,nonhispanic,M,Helsinki  Uusimaa  FI,356 Antere Katu,Helsinki,Uusimaa,Helsinki,00920,60.17880681483851,24.96039651670079,3875.0,0.0
de2ae4b8-626c-481c-baf6-5a8ba8415ad1,1993-05-21,,999-43-8511,S99978828,X32715442X,Ms.,Elida,Katajalaakso,,,,white,nonhispanic,F,Helsinki  Uusimaa  FI,285 Pihlamaa Katu,Helsinki,Uusimaa,Helsinki,00140,60.15703273609245,25.058308661976763,3750.0,0.0
9cffe3ad-ee30-4441-96a3-76752f1a9d39,2015-12-21,,999-10-3405,,,,Wilhelm,Mäki-Runsas,,,,white,nonhispanic,M,Helsinki  Uusimaa  FI,865 Tiirinki Katu Apt 12,Helsinki,Uusimaa,Helsinki,00350,60.1859324256778,24.815602092993803,1625.0,0.0
0c3811bc-de3a-48f5-91d2-89a7d943832b,1966-04-13,,999-21-3404,S99916536,X48387823X,Mrs.,Pirkko-Maija,Haapamaa,,Zeqiri,M,white,nonhispanic,F,Helsinki  Uusimaa  FI,503 Widing Katu Unit 1,Kirkkonummi,Uusimaa,Kirkkonummi,02480,60.246291191735764,24.47562973686821,5375.0,0.0
74f31d1e-252d-4176-b8fa-d9593bede612,1955-11-10,2019-10-17,999-99-1498,S99978963,X89429261X,Mr.,Dario,Kilpiäinen,,,M,white,nonhispanic,M,Mäntsälä  Uusimaa  FI,638 Turpeinen Katu Unit 24,Vantaa,Uusimaa,Vantaa,01380,60.2717017106432,25.086467900144363,6991.12,0.0
5b26b233-2782-4cc6-a905-fa0e142d6561,1982-12-08,,999-33-7296,S99928330,X86120744X,Mr.,Berk,Kaapu,,,S,white,nonhispanic,M,Helsinki  Uusimaa  FI,335 Lehmusjärvi Katu,Helsinki,Uusimaa,Helsinki,00380,60.180383161462714,24.82403001932647,4250.0,0.0
9116502b-9cc9-46fa-abdd-cbeb2fa302dd,1977-10-08,,999-20-2670,S99985955,X82363327X,Mr.,Adem,Nisumaa,,,M,white,nonhispanic,M,Helsinki  Uusimaa  FI,230 Vähäpesola Katu,Helsinki,Uusimaa,Helsinki,00330,60.19270809697502,25.099547301356125,4500.0,0.0
210fea80-8675-4c6e-bf59-23256c837ed1,1941-03-19,,999-39-5323,S99936969,X88031107X,Mrs.,Sävy,Uusi-Kouvo,,Yliluoma,M,white,nonhispanic,F,Porvoo  Uusimaa  FI,460 Muurinen Katu Unit 53,Helsinki,Uusimaa,Helsinki,00860,60.20018323315468,24.981790529881195,8500.0,0.0
928e340b-a575-4c9f-8357-2b3390c7dd66,1959-05-31,,999-95-6879,S99944091,X40486247X,Mrs.,Raakkeli,Melasalmi,,Ahrens,M,white,nonhispanic,F,Porvoo  Uusimaa  FI,329 Maloku Katu,Helsinki,Uusimaa,Helsinki,00160,60.17032347369131,24.979585431438334,6250.0,0.0
4205d9a9-dc4a-4021-9035-b2d0d5c77571,1996-09-03,,999-69-9329,S99949919,X47607963X,Mr.,Per-Erik,Päärnilä,,,,white,nonhispanic,M,Järvenpää  Uusimaa  FI,902 Porkholm Katu Apt 27,Espoo,Uusimaa,Espoo,02130,60.14500217485177,24.656938294629427,3625.0,0.0
cab4f653-51f7-4062-bb44-089b118e19cd,1977-11-14,,999-12-6295,S99943711,X85307842X,Mr.,Pyry-Pekka,Eerikkilä,,,M,white,nonhispanic,M,Helsinki  Uusimaa  FI,327 Lallukka Katu Apt 66,Helsinki,Uusimaa,Helsinki,00980,60.2270220211791,24.956517242624493,4500.0,0.0
22786aaf-8689-422f-8a0a-cf529ed99b58,2005-09-07,,999-41-1566,,,,Hans-Peter,Vikstrand,,,,white,nonhispanic,M,Helsinki  Uusimaa  FI,1046 Lääkkölä Katu,Nurmijärvi,Uusimaa,Nurmijärvi,05200,60.48422630506375,24.780845164511074,2875.0,0.0
76ac4600-2242-43ae-84e8-2bc88cba0f66,1959-04-19,,999-41-7121,S99921481,X9995934X,Mr.,Thore,Tuohenmaa,,,M,white,nonhispanic,M,Myrskylä  Uusimaa  FI,365 Saksa Katu,Nurmijärvi,Uusimaa,Nurmijärvi,01940,60.5409396819012,24.628098475295825,6250.0,0.0
094fb8f1-a26d-44d1-860d-6a4df03d8ebb,1996-03-18,,999-48-9649,S99931164,X30535463X,Mr.,Vesteri,Kaurinkoski,,,,white,nonhispanic,M,Helsinki  Uusimaa  FI,512 Lange Katu Suite 47,Kirkkonummi,Uusimaa,Kirkkonummi,02550,60.008455590142056,24.369409923400156,3625.0,0.0
a40e7d08-b04b-42c1-afcf-aebc8ad95ffa,1956-11-02,,999-15-5817,S99988108,X14292166X,Mrs.,Valonia,Kirveskari,,Tarvo,M,white,nonhispanic,F,Espoo  Uusimaa  FI,513 Lennes Katu,Helsinki,Uusimaa,Helsinki,00580,60.163087724252485,24.950156086558724,6625.0,0.0
ecf8caa9-f42f-46cb-9870-ea4454bd4c3a,2016-08-16,,999-55-5970,,,,Eben,Ljungkvist,,,,white,nonhispanic,M,Espoo  Uusimaa  FI,921 Viitaluoma Katu,Raasepori,Uusimaa,Raasepori,10330,59.9684388011824,23.389182220041473,1500.0,0.0
91a7dd5a-66af-4ae1-a18b-8c45da93f19e,2017-06-30,,999-51-7367,,,,Jekaterina,Aarresuo,,,,white,nonhispanic,F,Lohja  Uusimaa  FI,1059 Hughes Katu,Järvenpää,Uusimaa,Järvenpää,04420,60.451146091837835,25.17243296551776,1250.0,0.0
290ab112-2ddf-43d5-aee0-cf23c03a92f3,2010-04-08,,999-96-4159,,,,Pyry-Pekka,Asuja,,,,white,nonhispanic,M,Helsinki  Uusimaa  FI,1018 Kauppila Katu Suite 38,Helsinki,Uusimaa,Helsinki,00310,60.151697528682284,24.999904375079236,2250.0,0.0
d01c1e1c-cf98-4449-8c82-271510bc9582,1955-11-10,,999-64-7543,S99929497,X69567109X,Mr.,Einojuhani,Karisola,,,M,white,nonhispanic,M,Helsinki  Uusimaa  FI,975 Södö Katu Unit 30,Vantaa,Uusimaa,Vantaa,01340,60.23073416697012,25.080699982923754,6750.0,0.0
16ba1a02-f88a-4122-95b8-bb8e81a485eb,2016-11-06,,999-23-9193,,,,Muniira,Ikäheimonen,,,,white,nonhispanic,F,Helsinki  Uusimaa  FI,474 Peltoniemi Katu,Helsinki,Uusimaa,Helsinki,00430,60.284457545319576,24.880139654898763,1375.0,0.0
ab2ec9ae-8a32-4383-8806-c5229793294e,1959-07-08,,999-24-4732,S99923219,X43932914X,Mr.,Anastasios,Frost,,,M,white,nonhispanic,M,Nurmijärvi  Uusimaa  FI,454 Breitenstein Katu,Porvoo,Uusimaa,Porvoo,06100,60.31748650852944,25.814633353127068,6250.0,0.0
f36c5471-7c01-4de7-8889-40502ae35832,1987-03-26,,999-89-8654,S99940046,X24017589X,Mr.,Gert,Oikkonen,,,M,white,nonhispanic,M,Espoo  Uusimaa  FI,757 Pykäläniemi Katu,Vihti,Uusimaa,Vihti,03320,60.48889245905614,24.334743357228064,4000.0,0.0
9ff4f33c-ff6c-44e0-86b2-628e3fba16de,1957-03-15,,999-39-3189,S99932133,X38972977X,Mrs.,Marit,Luokkanen,,Hagelstam,M,white,nonhispanic,F,Helsinki  Uusimaa  FI,439 Konttaniemi Katu,Helsinki,Uusimaa,Helsinki,00130,60.19062929625521,24.893363288042,6500.0,0.0
30f07d90-ebba-458d-aa94-982d9a5bb4fa,1949-06-08,,999-77-9999,S99978709,X13517062X,Mr.,Davin,Havola,,,S,white,nonhispanic,M,Espoo  Uusimaa  FI,132 Kurtelius Katu,Helsinki,Uusimaa,Helsinki,00520,60.23322397226695,25.06357906791154,7500.0,0.0
a37a2ca7-b8fb-42b5-8800-6b0f079b71bc,1941-10-19,,999-39-7948,S99920202,X61894205X,Mrs.,Helma,Lehtinen,,Rajalahti,M,white,nonhispanic,F,Helsinki  Uusimaa  FI,989 Tavaila Katu Suite 95,Helsinki,Uusimaa,Helsinki,00170,60.2877636267756,24.862465646898745,8375.0,0.0
d846ab29-f2a6-4833-b3d4-265d6bf7b6be,1982-09-23,,999-73-3570,S99933834,X46404660X,Mr.,Nick,Hämälistö,,,M,white,nonhispanic,M,Nurmijärvi  Uusimaa  FI,801 Tomperi Katu Apt 13,Helsinki,Uusimaa,Helsinki,00320,60.20480019407118,24.912044189852857,4250.0,0.0
29dcd6fb-e0d1-4808-b4a8-0caeff27e0b5,1988-05-23,,999-74-3129,S99976172,X39427153X,Mr.,Juho-Veikko,Franke,,,M,white,nonhispanic,M,Nurmijärvi  Uusimaa  FI,341 Keiski Katu,Espoo,Uusimaa,Espoo,02630,60.183323168793706,24.760505775950048,4000.0,0.0
0b59c2b9-5254-4217-989f-538644feeea7,2015-06-13,,999-82-2543,,,,Emmanuel,Ylioinas,,,,white,nonhispanic,M,Nurmijärvi  Uusimaa  FI,462 Krogars Katu,Espoo,Uusimaa,Espoo,02620,60.24402762799033,24.7022857701541,1625.0,0.0
030dcbc2-90b6-4f2d-972e-6c33daadc357,1992-02-20,,999-52-3838,S99968995,X40234082X,Ms.,Emili,Piisilä,,,S,white,nonhispanic,F,Helsinki  Uusimaa  FI,1005 Willgren Katu,Helsinki,Uusimaa,Helsinki,00750,60.241551120479414,24.944953528502793,3750.0,0.0
16eb6e31-b9b1-4c67-a278-5f320f1c0d0f,2006-04-26,,999-68-8279,,,,Claudine,Saressalo,,,,white,nonhispanic,F,Espoo  Uusimaa  FI,553 Punna Katu Suite 29,Porvoo,Uusimaa,Porvoo,06450,60.38456744156432,25.472110820509297,2750.0,0.0
1bb98935-398c-4727-b614-df5c8ee52f23,1936-02-26,,999-15-4277,S99917137,X39460923X,Mr.,Anthon,Kuusimäki,,,M,white,nonhispanic,M,Espoo  Uusimaa  FI,336 Vesanen Katu,Espoo,Uusimaa,Espoo,02260,60.18728060955796,24.8500240660392,9125.0,0.0
298c5c27-8f8c-45f8-9b80-90bf87e82228,1978-06-22,,999-70-5723,S99935481,X46468357X,Ms.,Svitlana,Komaro,,,S,white,nonhispanic,F,Espoo  Uusimaa  FI,946 Salmivainio Katu,Kirkkonummi,Uusimaa,Kirkkonummi,02400,60.10415444972073,24.61088373756384,4375.0,0.0
bb4e1040-d564-4332-880f-f09e09bace78,2013-08-08,,999-99-6660,,,,Antti-Eemeli,Peuhu,,,,white,nonhispanic,M,Helsinki  Uusimaa  FI,1031 Heikinmatti Katu,Järvenpää,Uusimaa,Järvenpää,04410,60.503367285725766,25.124426437794877,1875.0,0.0
4513d6e6-26d4-47f2-a702-48b2ba967698,1991-09-04,,999-20-4909,S99995270,X29270461X,Mr.,Clas,Flöjt,,,M,white,nonhispanic,M,Helsinki  Uusimaa  FI,845 Hyyrynen Katu Apt 60,Järvenpää,Uusimaa,Järvenpää,04400,60.4169844016079,25.11564268575224,3875.0,0.0
08a157a3-9ea9-4e16-b480-83b191dbd146,2000-01-17,,999-79-6619,S99995213,X61983129X,Ms.,Milaja,Lokka,,,,white,nonhispanic,F,Kerava  Uusimaa  FI,137 Talvasto Katu,Espoo,Uusimaa,Espoo,02650,60.23937644498059,24.74573443986448,3500.0,0.0
747710a0-e618-4d3f-87f8-d5d3cbdc15dd,2011-06-10,,999-28-8808,,,,Savanna,Fagersund,,,,white,nonhispanic,F,Nurmijärvi  Uusimaa  FI,863 Tervaportti Katu Apt 14,Helsinki,Uusimaa,Helsinki,00390,60.24395213675392,25.203026034776975,2125.0,0.0
6cf78085-0d36-4f08-82e2-5e210736afe6,1954-03-04,,999-73-9079,S99950298,X51428963X,Mrs.,Adéle,Peuramäki,,Korventausta,M,white,nonhispanic,F,Helsinki  Uusimaa  FI,386 Erlin Katu,Helsinki,Uusimaa,Helsinki,00150,60.18565697094796,25.116797337029904,6875.0,0.0
17263137-aa58-4f1e-9468-4abf155084f4,1952-11-14,,999-37-4087,S99953345,X56463502X,Mr.,Zachary,Karlsson,,,M,white,nonhispanic,M,Vantaa  Uusimaa  FI,352 Tukio Katu,Espoo,Uusimaa,Espoo,02760,60.33221514683966,24.484469964170966,7125.0,0.0
f6f0202b-e98b-4283-b89a-e004a0413273,1984-04-30,,999-90-2308,S99984491,X49897806X,Ms.,Vaili,Pursio,,,S,white,nonhispanic,F,Helsinki  Uusimaa  FI,914 Pukaralammi Katu,Nurmijärvi,Uusimaa,Nurmijärvi,05250,60.559165003103644,24.89721231771287,4125.0,0.0
b2e4e1ab-1dd8-4c30-88ef-216ac2dfef2c,2004-02-16,,999-64-1445,S99946669,,,Tetti,Suurpää,,,,white,nonhispanic,F,Helsinki  Uusimaa  FI,961 Salmivaara Katu Apt 92,Espoo,Uusimaa,Espoo,02300,60.13161839777162,24.822427331174833,3000.0,0.0
988e6912-bfe8-4d6d-85f6-e3c6acfe0f8f,2011-05-02,,999-81-8177,,,,Teresa,Enlund,,,,white,nonhispanic,F,Helsinki  Uusimaa  FI,1099 Torppala Katu,Helsinki,Uusimaa,Helsinki,00440,60.19108184469471,24.921939435475636,2125.0,0.0
cab70a29-fbfc-4430-a1d8-655eee6daba8,1955-12-24,,999-47-9431,S99986147,X30651314X,Mrs.,Kitta,Länsimaa,,Aukia,M,white,nonhispanic,F,Helsinki  Uusimaa  FI,746 Iivonen Katu,Vantaa,Uusimaa,Vantaa,01670,60.34290419332392,25.093125399884055,6625.0,0.0
fa6bb93d-ac8c-4c1f-93f0-dcea55576de3,1978-12-14,,999-25-3080,S99914938,X88118445X,Mr.,Gunvald,Kaivo-oja,,,M,white,nonhispanic,M,Hanko  Uusimaa  FI,1075 Lakka Katu,Vihti,Uusimaa,Vihti,03100,60.413667661397746,24.523048244172646,4375.0,0.0
5b2a26a6-e1df-4df1-bd29-18a08b4b4776,1959-06-09,,999-72-6881,S99996365,X2304137X,Mrs.,Bertina,Svenström,,Mutka,M,white,nonhispanic,F,Helsinki  Uusimaa  FI,870 Ruoppa Katu Unit 17,Helsinki,Uusimaa,Helsinki,00150,60.159266860353405,25.052447690287295,12721.32,0.0
7667f9da-f56f-44cc-99e1-a504b6cc0f4f,1996-08-01,,999-10-8257,S99992550,X78091961X,Ms.,Sarra,Hanén,,,,white,nonhispanic,F,Vantaa  Uusimaa  FI,546 Oikuri Katu Unit 97,Kirkkonummi,Uusimaa,Kirkkonummi,02420,60.207021729441166,24.566014190087138,3625.0,0.0
5cb79905-63e1-45e9-b730-9977e7b52328,1959-12-02,,999-32-7295,S99987836,X14287552X,Mr.,Kyrö,Rintalahti,,,M,white,nonhispanic,M,Helsinki  Uusimaa  FI,939 Saarelma Katu,Raasepori,Uusimaa,Raasepori,10620,60.065891584259795,23.778778552417027,6250.0,0.0
fa95009e-f7d6-47d1-8921-b45724b6ea33,1993-01-20,,999-85-6737,S99915398,X85587824X,Mrs.,Pihla,Hanelius,,Rahi,M,white,nonhispanic,F,Hyvinkää  Uusimaa  FI,244 Larsson Katu,Vantaa,Uusimaa,Vantaa,01230,60.30814349511909,24.99544172058486,3750.0,0.0
66d14765-5160-4553-81f6-7a98dcdfafd7,1977-06-20,,999-92-7964,S99973186,X54204183X,Ms.,Devi,Fedotov,,,S,white,nonhispanic,F,Espoo  Uusimaa  FI,257 Auramaa Katu,Helsinki,Uusimaa,Helsinki,00370,60.200550789683085,24.825005827993422,4500.0,0.0
3e9a0ab3-a948-46a5-a350-d3dca812b3a0,1983-06-03,,999-68-1003,S99958251,X59525098X,Mr.,Kelpo,Ahokainen,,,M,white,nonhispanic,M,Helsinki  Uusimaa  FI,588 Voltti Katu,Porvoo,Uusimaa,Porvoo,06830,60.38568070926495,25.778841865347175,4125.0,0.0
288bd4e1-6150-48cc-bce7-979be02aa565,1971-01-30,,999-45-3408,S99933235,X45412465X,Mr.,Esa-Jussi,Parttimaa,,,M,white,nonhispanic,M,Vantaa  Uusimaa  FI,148 Ikäheimonen Katu,Tuusula,Uusimaa,Tuusula,04330,60.43787810239112,25.078713870202915,4875.0,0.0
f83beebd-9842-409d-9232-d5819b1048ea,1976-07-29,,999-91-8898,S99997369,X33132731X,Mr.,Nikola,Sääksvuori,,,M,white,nonhispanic,M,Helsinki  Uusimaa  FI,375 Harno Katu,Helsinki,Uusimaa,Helsinki,00320,60.18284298835998,24.973107488297384,4500.0,0.0
f0ad0f78-f596-417a-b4a0-56778138033b,1993-06-18,,999-21-3368,S99965283,X63641268X,Ms.,Meerika,Vuorialho,,,,white,nonhispanic,F,Sipoo  Uusimaa  FI,328 Ruhtinas Katu,Vantaa,Uusimaa,Vantaa,01380,60.36294639964162,25.138009977518468,3750.0,0.0
a10b5671-5d2b-494f-8eb9-ab9c7c585a86,1964-11-23,,999-69-8355,S99952999,X42936389X,Mr.,Kenth,Hietakoivisto,,,M,white,nonhispanic,M,Helsinki  Uusimaa  FI,580 Sukari Katu,Espoo,Uusimaa,Espoo,02730,60.195011165076416,24.830201113967927,5625.0,0.0
907e7697-0945-4090-a3ac-27997e484a3d,1980-10-07,,999-59-8456,S99924129,X74891088X,Mr.,Jens-Erik,Viinikanoja,,,M,white,nonhispanic,M,Espoo  Uusimaa  FI,749 Kiviluoma Katu Apt 99,Tuusula,Uusimaa,Tuusula,04310,60.537578005839784,25.162943207462366,4250.0,0.0
c2265ed1-3953-47b1-b018-ed27da66e915,1979-01-03,,999-33-5995,S99942055,X20764574X,Mrs.,Saga-Sofia,Helin,,Vähälummukka,M,white,nonhispanic,F,Hanko  Uusimaa  FI,212 Puodinketo Katu,Helsinki,Uusimaa,Helsinki,00420,60.288810708546066,24.83490715936056,4375.0,0.0
ed4f1128-8781-4a7e-b464-ec9a7ff270c0,1968-06-12,,999-95-4125,S99986806,X48511323X,Mrs.,Hannika,Aukee,,Levlin,M,white,nonhispanic,F,Espoo  Uusimaa  FI,471 Alaperä Katu,Järvenpää,Uusimaa,Järvenpää,04400,60.552849876528484,25.07310002080228,5125.0,0.0
240a96fb-daae-495b-914e-d8d058b7c86b,2008-10-19,,999-87-6256,,,,Anna-Julia,Itänen,,,,white,nonhispanic,F,Lohja  Uusimaa  FI,639 Vallinmäki Katu Apt 79,Helsinki,Uusimaa,Helsinki,00350,60.19703419829349,24.96150116385131,2500.0,0.0
c3cd38d2-145b-40e4-a9b4-8b9d5c56d8c4,1984-01-30,,999-79-1962,S99944877,X24110156X,Mr.,Haidar,Strömbäck,,,M,white,nonhispanic,M,Espoo  Uusimaa  FI,908 Yrtti Katu Suite 8,Helsinki,Uusimaa,Helsinki,00730,60.13384754985519,24.897979607436305,4125.0,0.0
52e403dc-8fb8-4e2c-87d0-b2c656bd4811,1977-09-21,,999-32-1857,S99931148,X51593148X,Mr.,Azad,Kultala,,,M,white,nonhispanic,M,Loviisa  Uusimaa  FI,739 Ruotsala Katu Suite 73,Vantaa,Uusimaa,Vantaa,01710,60.29376897981352,25.06997578709199,4500.0,0.0
de69e8eb-703c-4447-a571-06bf38f46924,1997-06-30,,999-62-2302,S99934707,X16675725X,Ms.,Thordis,Leiniäinen,,,,white,nonhispanic,F,Kirkkonummi  Uusimaa  FI,742 Koppeli Katu Suite 0,Vantaa,Uusimaa,Vantaa,01520,60.331985040689766,25.142740323551838,3625.0,0.0
a3ddff9e-5dc6-45dd-a38a-fec0cffa2610,2015-05-01,,999-82-8985,,,,Saranda,Paakkarinen,,,,white,nonhispanic,F,Vantaa  Uusimaa  FI,528 Hiekkataipale Katu Unit 53,Vantaa,Uusimaa,Vantaa,01650,60.30266548575958,24.77301515342884,1625.0,0.0
fc85b681-e6e6-4887-a2b7-7af707609233,2002-07-22,,999-38-4429,S99969007,,,Wilson,Thurén,,,,white,nonhispanic,M,Helsinki  Uusimaa  FI,639 Sirkiä Katu,Espoo,Uusimaa,Espoo,02130,60.11301556697481,24.705188993072866,3250.0,0.0
7ede2c55-efb6-4f18-8e28-8cb8f0d571dc,2012-07-14,,999-36-3417,,,,Kultimo,Häli,,,,white,nonhispanic,M,Vantaa  Uusimaa  FI,227 Hamppula Katu Unit 50,Espoo,Uusimaa,Espoo,02650,60.27110794960984,24.65748245416315,2000.0,0.0
05e93261-4f9e-4532-becb-5eab900b6a87,1992-05-23,,999-70-7742,S99968787,X48082918X,Mrs.,Salla-Riikka,Brännkärr,,Timmerbacka,M,white,nonhispanic,F,Espoo  Uusimaa  FI,666 Mettala Katu Unit 95,Espoo,Uusimaa,Espoo,02760,60.21830020041649,24.855168623333093,3750.0,0.0
ea363004-c391-4405-b209-6e4091a37568,1990-03-30,,999-55-8314,S99984913,X10754989X,Mrs.,Ama,Virtanen,,Paulaharju,M,white,nonhispanic,F,Porvoo  Uusimaa  FI,557 Näppi Katu Suite 50,Kirkkonummi,Uusimaa,Kirkkonummi,02470,60.11824104681861,24.51642490712876,3875.0,0.0
485e9ed9-81e1-4801-aea5-a7b1d43aa711,2001-06-10,,999-24-7190,S99917968,,Ms.,Jekateriina,Rantapirkola,,,,white,nonhispanic,F,Järvenpää  Uusimaa  FI,160 Gratscheff Katu,Helsinki,Uusimaa,Helsinki,00740,60.122898692378755,25.01358912302512,3375.0,0.0
14ab9132-65c2-4145-9004-14c7f3c0ef2b,1951-03-07,2013-09-11,999-38-8982,S99950726,X28616047X,Mr.,Arturo,Nietola,,,M,white,nonhispanic,M,Helsinki  Uusimaa  FI,938 Palokoski Katu Apt 28,Helsinki,Uusimaa,Helsinki,00190,60.18754492623539,24.906448272973922,12865.95,0.0
d17c10f0-7874-41a2-adce-7ff71c005b9a,1967-01-23,,999-61-3661,S99917803,X56821293X,Mr.,Alve,Ikonen,,,S,white,nonhispanic,M,Helsinki  Uusimaa  FI,545 Kanamäki Katu,Helsinki,Uusimaa,Helsinki,00760,60.18264116359041,24.91697422178226,11711.9,0.0
6672e6ef-c24c-4676-bf32-4455f481a254,2006-01-16,,999-42-3078,,,,Ninni-Maria,Haikonen,,,,white,nonhispanic,F,Järvenpää  Uusimaa  FI,483 Willström Katu Suite 39,Porvoo,Uusimaa,Porvoo,07350,60.244737311702735,25.92413047924862,2875.0,0.0
82f8b2ca-1543-4647-9269-760fee5fad42,1997-07-28,,999-38-4789,S99940696,X39300083X,Mr.,Auli,Pätäri,,,,white,nonhispanic,M,Kirkkonummi  Uusimaa  FI,983 Bal Katu,Nurmijärvi,Uusimaa,Nurmijärvi,01940,60.50049164765164,24.768822338175525,3625.0,0.0
a7fadb88-18e3-4c06-bba3-736dd29d62a5,1964-08-17,,999-87-2770,S99950997,X74098287X,Mrs.,Nahid,Rantakaulio,,Keskiniva,M,white,nonhispanic,F,Vantaa  Uusimaa  FI,413 Tschokkinen Katu,Lohja,Uusimaa,Lohja,08480,60.246382553396046,23.92705027869431,5750.0,0.0
2aef48b7-4177-4fc7-ab5c-1fd841bc1f0a,2012-10-09,,999-96-9686,,,,Erkintytär,Onkamo,,,,white,nonhispanic,F,Espoo  Uusimaa  FI,720 Shaw Katu Apt 52,Helsinki,Uusimaa,Helsinki,00440,60.176555761790986,25.026778379094957,2000.0,0.0
d317b597-2c8a-48a0-b3ec-df870c7f2e83,1993-11-07,,999-41-8582,S99972556,X73492221X,Mr.,Pekanpoika,Paajala,,,,white,nonhispanic,M,Helsinki  Uusimaa  FI,165 Ylänkö Katu Unit 29,Vantaa,Uusimaa,Vantaa,01640,60.293296308434876,25.059548061116033,3750.0,0.0
35a3d49b-c5e5-4843-a3a1-d7163b4aec41,2010-01-24,,999-69-6766,,,,Päivyt,Kekko,,,,white,nonhispanic,F,Helsinki  Uusimaa  FI,280 Mäkivuoti Katu,Loviisa,Uusimaa,Loviisa,07920,60.484373115029236,26.259471579953537,2375.0,0.0
f07e6d48-681e-43d9-95a4-4ae0eb1cb4be,1942-02-01,,999-68-3997,S99951940,X84627095X,Mr.,Danil,Greijula,,,M,white,nonhispanic,M,Helsinki  Uusimaa  FI,658 Peltoluhta Katu,Helsinki,Uusimaa,Helsinki,00130,60.24948963842638,24.912462764779484,8375.0,0.0
5d2bec29-6ee1-48a2-a22d-54f07f481a1c,1943-11-27,,999-49-8271,S99923642,X5498580X,Mr.,Iska,Prittinen,,,M,white,nonhispanic,M,Kerava  Uusimaa  FI,482 Hoskonen Katu,Hyvinkää,Uusimaa,Hyvinkää,05840,60.702440388771414,24.815579174440998,8125.0,0.0
6d687ed7-e5b8-4648-8907-a5f6b9e44248,1951-03-07,,999-57-1976,S99969493,X55469384X,Mr.,Olov,Killinen,,,M,white,nonhispanic,M,Vantaa  Uusimaa  FI,313 Guillou Katu,Helsinki,Uusimaa,Helsinki,00630,60.23356635905271,25.025878606117075,19974.940000000002,0.0
acd6641a-5c26-4b5b-a214-5af1776a919b,1949-04-22,,999-48-8125,S99937545,X256676X,Mr.,Dariush,Metsä-Heikkilä,,,M,white,nonhispanic,M,Vantaa  Uusimaa  FI,970 Jokilahti Katu Unit 40,Vihti,Uusimaa,Vihti,03250,60.3709927224012,24.364684914572685,7500.0,0.0
4fb6623c-3600-42b1-b687-5ed69acc1197,1972-04-24,,999-71-2623,S99960411,X44205328X,Mrs.,Sinituuli,Takatalo,,Huhtasaari,M,white,nonhispanic,F,Helsinki  Uusimaa  FI,298 Alamikkelä Katu Suite 78,Vantaa,Uusimaa,Vantaa,01490,60.365430239379236,25.054836721820255,4750.0,0.0
5f957a45-70b9-40c1-9d69-9d20e599a76a,1954-06-17,,999-19-7693,S99915521,X17261709X,Mrs.,Johanna,Venhomaa,,Sevänen,M,white,nonhispanic,F,Helsinki  Uusimaa  FI,602 Hakoköngäs Katu Suite 66,Helsinki,Uusimaa,Helsinki,00220,60.21230621880991,24.889352981796634,6875.0,0.0
a3389366-a0b3-47d8-9045-443eaf33dad1,1963-07-28,,999-99-5783,S99929680,X65073597X,Ms.,Syrilla,Haavasoja,,,S,white,nonhispanic,F,Vantaa  Uusimaa  FI,354 Siegfrids Katu Suite 24,Vantaa,Uusimaa,Vantaa,01230,60.276836215161566,25.072757877687742,5750.0,0.0
5e625a15-e4d3-419b-b446-c5eafa686547,1986-07-07,,999-97-6310,S99937301,X8235643X,Mrs.,Hannariikka,Vaahtera,,Kalliolevo,M,white,nonhispanic,F,Helsinki  Uusimaa  FI,265 Viljava Katu Suite 55,Espoo,Uusimaa,Espoo,02940,60.175725899305334,24.62185426400412,4000.0,0.0
e72ad49e-513d-4d1c-bad2-3c673d6ded49,1991-12-05,,999-80-6257,S99967202,X36242807X,Ms.,Minca,Alfthan,,,S,white,nonhispanic,F,Karkkila  Uusimaa  FI,110 Uusimäki Katu Suite 34,Vantaa,Uusimaa,Vantaa,01380,60.2739861154087,25.17692540701074,3875.0,0.0
fb850f0a-671e-4fd0-82f8-0e70905a0edc,2009-05-06,,999-63-2020,,,,Siiri-Maria,Orjatsalo,,,,white,nonhispanic,F,Helsinki  Uusimaa  FI,1097 Änkiläinen Katu Apt 54,Tuusula,Uusimaa,Tuusula,05400,60.383250693399624,24.994572724858013,2375.0,0.0
acfc6191-559c-4c02-bebf-a8ce43c42fed,1947-12-16,2005-07-19,999-96-5961,S99941207,X89891711X,Mr.,Mikko-Jussi,Kata,MD,,S,white,nonhispanic,M,Helsinki  Uusimaa  FI,976 Veräjänkorva Katu,Espoo,Uusimaa,Espoo,02360,60.329881691137324,24.48497618396365,6856.96,0.0
2bc98eff-5e09-4785-8de4-a6166ad39711,1990-01-17,,999-69-2244,S99947787,X60772634X,Mr.,Elja,Honkio,,,M,white,nonhispanic,M,Porvoo  Uusimaa  FI,701 Purmola Katu,Helsinki,Uusimaa,Helsinki,00900,60.28736047459778,25.025205610102752,3875.0,0.0
97316d7b-0d32-4cf2-aa9d-a247f1cf138c,1960-03-26,,999-18-9415,S99922019,X53017329X,Mr.,Chandra,Kasvinen,,,M,white,nonhispanic,M,Espoo  Uusimaa  FI,104 Hirviniemi Katu,Vantaa,Uusimaa,Vantaa,01690,60.31292027318183,24.869947152946217,6125.0,0.0
2bb56f83-d41f-4217-a378-abf5908bc1d8,1945-04-03,,999-79-2898,S99922881,X66865519X,Mrs.,Alison,Soikka,,Sulkanen,M,white,nonhispanic,F,Helsinki  Uusimaa  FI,572 Silen Katu Apt 54,Espoo,Uusimaa,Espoo,02160,60.15864974080149,24.77756881684536,8000.0,0.0
3d713095-5da0-493b-913b-eb0a735384c2,1942-12-18,,999-10-7245,S99938047,X44692702X,Mrs.,Dea,Reinonen,,Harjunpää,M,white,nonhispanic,F,Helsinki  Uusimaa  FI,734 Jokipelto Katu,Helsinki,Uusimaa,Helsinki,00860,60.24351157927496,25.054643621205425,8250.0,0.0
1fb15e4d-199d-4c97-9e9c-f275c9bae163,1947-12-16,,999-25-3774,S99998081,X25401231X,Mr.,Sami-Jussi,Väliniemi,MD,,M,white,nonhispanic,M,Vantaa  Uusimaa  FI,298 Uhlgren Katu Suite 81,Espoo,Uusimaa,Espoo,02750,60.15028215417592,24.844914682997032,7625.0,0.0
4b4d8457-82c3-4dde-bf96-271b2d1edc2d,1920-07-18,,999-89-6930,S99985505,X65049887X,Mrs.,Pirita,Lystilä,,Ylä-Soini,M,white,nonhispanic,F,Järvenpää  Uusimaa  FI,490 Lyhty Katu Unit 2,Helsinki,Uusimaa,Helsinki,00680,60.129176594001514,25.021708771453568,11000.0,0.0
