PATIENT,START_YEAR,END_YEAR,PAYER,OWNERSHIP
0011951b-83d4-4baa-9d74-3860c03e6064,1972,1990,e15e7b92-f376-374f-9285-2f59a38ad823,Guardian
0011951b-83d4-4baa-9d74-3860c03e6064,1991,2016,e15e7b92-f376-374f-9285-2f59a38ad823,Self
169e19a8-6b33-48ff-9716-7de7da4c76a8,1972,1990,e15e7b92-f376-374f-9285-2f59a38ad823,Guardian
ffc3b733-ca49-4a21-82f6-81be4d195229,1970,1988,e15e7b92-f376-374f-9285-2f59a38ad823,Guardian
e457392e-87f6-4210-ae5a-a1898cc251b2,1964,1982,e15e7b92-f376-374f-9285-2f59a38ad823,Guardian
775e45c7-9d0f-4318-91a0-295a8152cf84,1964,1982,e15e7b92-f376-374f-9285-2f59a38ad823,Guardian
ccb8b607-bcad-4ccc-a3de-cb69ced56c3f,1961,1979,e15e7b92-f376-374f-9285-2f59a38ad823,Guardian
d54461f8-6104-49aa-b152-e0d5fea8d8bf,1984,2002,e15e7b92-f376-374f-9285-2f59a38ad823,Guardian
a3b0c9d9-9c28-436d-9db3-72f92617e189,1946,1964,e15e7b92-f376-374f-9285-2f59a38ad823,Guardian
af8b753a-f078-46f3-9f95-d4f80a51d3f8,1972,1990,e15e7b92-f376-374f-9285-2f59a38ad823,Guardian
6f23c4aa-6ac9-430e-9054-2d556bddcaf8,1976,1994,e15e7b92-f376-374f-9285-2f59a38ad823,Guardian
986b0874-80ca-42a9-b261-c4b82fb97ebb,1989,2007,e15e7b92-f376-374f-9285-2f59a38ad823,Guardian
de2ae4b8-626c-481c-baf6-5a8ba8415ad1,1993,2011,e15e7b92-f376-374f-9285-2f59a38ad823,Guardian
0c3811bc-de3a-48f5-91d2-89a7d943832b,1966,1984,e15e7b92-f376-374f-9285-2f59a38ad823,Guardian
74f31d1e-252d-4176-b8fa-d9593bede612,1955,1973,e15e7b92-f376-374f-9285-2f59a38ad823,Guardian
5b26b233-2782-4cc6-a905-fa0e142d6561,1982,2000,e15e7b92-f376-374f-9285-2f59a38ad823,Guardian
9116502b-9cc9-46fa-abdd-cbeb2fa302dd,1977,1995,e15e7b92-f376-374f-9285-2f59a38ad823,Guardian
928e340b-a575-4c9f-8357-2b3390c7dd66,1959,1977,e15e7b92-f376-374f-9285-2f59a38ad823,Guardian
210fea80-8675-4c6e-bf59-23256c837ed1,1941,1959,e15e7b92-f376-374f-9285-2f59a38ad823,Guardian
cab4f653-51f7-4062-bb44-089b118e19cd,1977,1995,e15e7b92-f376-374f-9285-2f59a38ad823,Guardian
4205d9a9-dc4a-4021-9035-b2d0d5c77571,1996,2014,e15e7b92-f376-374f-9285-2f59a38ad823,Guardian
76ac4600-2242-43ae-84e8-2bc88cba0f66,1959,1977,e15e7b92-f376-374f-9285-2f59a38ad823,Guardian
094fb8f1-a26d-44d1-860d-6a4df03d8ebb,1996,2014,e15e7b92-f376-374f-9285-2f59a38ad823,Guardian
a40e7d08-b04b-42c1-afcf-aebc8ad95ffa,1956,1974,e15e7b92-f376-374f-9285-2f59a38ad823,Guardian
d01c1e1c-cf98-4449-8c82-271510bc9582,1955,1973,e15e7b92-f376-374f-9285-2f59a38ad823,Guardian
ab2ec9ae-8a32-4383-8806-c5229793294e,1959,1977,e15e7b92-f376-374f-9285-2f59a38ad823,Guardian
f36c5471-7c01-4de7-8889-40502ae35832,1987,2005,e15e7b92-f376-374f-9285-2f59a38ad823,Guardian
9ff4f33c-ff6c-44e0-86b2-628e3fba16de,1957,1975,e15e7b92-f376-374f-9285-2f59a38ad823,Guardian
30f07d90-ebba-458d-aa94-982d9a5bb4fa,1949,1967,e15e7b92-f376-374f-9285-2f59a38ad823,Guardian
a37a2ca7-b8fb-42b5-8800-6b0f079b71bc,1941,1959,e15e7b92-f376-374f-9285-2f59a38ad823,Guardian
d846ab29-f2a6-4833-b3d4-265d6bf7b6be,1982,2000,e15e7b92-f376-374f-9285-2f59a38ad823,Guardian
29dcd6fb-e0d1-4808-b4a8-0caeff27e0b5,1988,2006,e15e7b92-f376-374f-9285-2f59a38ad823,Guardian
030dcbc2-90b6-4f2d-972e-6c33daadc357,1992,2010,e15e7b92-f376-374f-9285-2f59a38ad823,Guardian
1bb98935-398c-4727-b614-df5c8ee52f23,1936,1954,e15e7b92-f376-374f-9285-2f59a38ad823,Guardian
298c5c27-8f8c-45f8-9b80-90bf87e82228,1978,1996,e15e7b92-f376-374f-9285-2f59a38ad823,Guardian
4513d6e6-26d4-47f2-a702-48b2ba967698,1991,2009,e15e7b92-f376-374f-9285-2f59a38ad823,Guardian
08a157a3-9ea9-4e16-b480-83b191dbd146,2000,2018,e15e7b92-f376-374f-9285-2f59a38ad823,Guardian
6cf78085-0d36-4f08-82e2-5e210736afe6,1954,1972,e15e7b92-f376-374f-9285-2f59a38ad823,Guardian
17263137-aa58-4f1e-9468-4abf155084f4,1952,1970,e15e7b92-f376-374f-9285-2f59a38ad823,Guardian
f6f0202b-e98b-4283-b89a-e004a0413273,1984,2002,e15e7b92-f376-374f-9285-2f59a38ad823,Guardian
cab70a29-fbfc-4430-a1d8-655eee6daba8,1955,1973,e15e7b92-f376-374f-9285-2f59a38ad823,Guardian
fa6bb93d-ac8c-4c1f-93f0-dcea55576de3,1978,1996,e15e7b92-f376-374f-9285-2f59a38ad823,Guardian
5b2a26a6-e1df-4df1-bd29-18a08b4b4776,1959,1977,e15e7b92-f376-374f-9285-2f59a38ad823,Guardian
7667f9da-f56f-44cc-99e1-a504b6cc0f4f,1996,2014,e15e7b92-f376-374f-9285-2f59a38ad823,Guardian
5cb79905-63e1-45e9-b730-9977e7b52328,1959,1977,e15e7b92-f376-374f-9285-2f59a38ad823,Guardian
fa95009e-f7d6-47d1-8921-b45724b6ea33,1993,2011,e15e7b92-f376-374f-9285-2f59a38ad823,Guardian
66d14765-5160-4553-81f6-7a98dcdfafd7,1977,1995,e15e7b92-f376-374f-9285-2f59a38ad823,Guardian
3e9a0ab3-a948-46a5-a350-d3dca812b3a0,1983,2001,e15e7b92-f376-374f-9285-2f59a38ad823,Guardian
288bd4e1-6150-48cc-bce7-979be02aa565,1971,1989,e15e7b92-f376-374f-9285-2f59a38ad823,Guardian
f83beebd-9842-409d-9232-d5819b1048ea,1976,1994,e15e7b92-f376-374f-9285-2f59a38ad823,Guardian
f0ad0f78-f596-417a-b4a0-56778138033b,1993,2011,e15e7b92-f376-374f-9285-2f59a38ad823,Guardian
a10b5671-5d2b-494f-8eb9-ab9c7c585a86,1964,1982,e15e7b92-f376-374f-9285-2f59a38ad823,Guardian
907e7697-0945-4090-a3ac-27997e484a3d,1980,1998,e15e7b92-f376-374f-9285-2f59a38ad823,Guardian
c2265ed1-3953-47b1-b018-ed27da66e915,1979,1997,e15e7b92-f376-374f-9285-2f59a38ad823,Guardian
ed4f1128-8781-4a7e-b464-ec9a7ff270c0,1968,1986,e15e7b92-f376-374f-9285-2f59a38ad823,Guardian
c3cd38d2-145b-40e4-a9b4-8b9d5c56d8c4,1984,2002,e15e7b92-f376-374f-9285-2f59a38ad823,Guardian
52e403dc-8fb8-4e2c-87d0-b2c656bd4811,1977,1995,e15e7b92-f376-374f-9285-2f59a38ad823,Guardian
de69e8eb-703c-4447-a571-06bf38f46924,1997,2015,e15e7b92-f376-374f-9285-2f59a38ad823,Guardian
05e93261-4f9e-4532-becb-5eab900b6a87,1992,2010,e15e7b92-f376-374f-9285-2f59a38ad823,Guardian
ea363004-c391-4405-b209-6e4091a37568,1990,2008,e15e7b92-f376-374f-9285-2f59a38ad823,Guardian
485e9ed9-81e1-4801-aea5-a7b1d43aa711,2001,2019,e15e7b92-f376-374f-9285-2f59a38ad823,Guardian
14ab9132-65c2-4145-9004-14c7f3c0ef2b,1951,1969,e15e7b92-f376-374f-9285-2f59a38ad823,Guardian
14ab9132-65c2-4145-9004-14c7f3c0ef2b,1970,2013,e15e7b92-f376-374f-9285-2f59a38ad823,Self
d17c10f0-7874-41a2-adce-7ff71c005b9a,1967,1985,e15e7b92-f376-374f-9285-2f59a38ad823,Guardian
82f8b2ca-1543-4647-9269-760fee5fad42,1997,2015,e15e7b92-f376-374f-9285-2f59a38ad823,Guardian
a7fadb88-18e3-4c06-bba3-736dd29d62a5,1964,1982,e15e7b92-f376-374f-9285-2f59a38ad823,Guardian
d317b597-2c8a-48a0-b3ec-df870c7f2e83,1993,2011,e15e7b92-f376-374f-9285-2f59a38ad823,Guardian
f07e6d48-681e-43d9-95a4-4ae0eb1cb4be,1942,1960,e15e7b92-f376-374f-9285-2f59a38ad823,Guardian
5d2bec29-6ee1-48a2-a22d-54f07f481a1c,1943,1961,e15e7b92-f376-374f-9285-2f59a38ad823,Guardian
6d687ed7-e5b8-4648-8907-a5f6b9e44248,1951,1969,e15e7b92-f376-374f-9285-2f59a38ad823,Guardian
acd6641a-5c26-4b5b-a214-5af1776a919b,1949,1967,e15e7b92-f376-374f-9285-2f59a38ad823,Guardian
4fb6623c-3600-42b1-b687-5ed69acc1197,1972,1990,e15e7b92-f376-374f-9285-2f59a38ad823,Guardian
5f957a45-70b9-40c1-9d69-9d20e599a76a,1954,1972,e15e7b92-f376-374f-9285-2f59a38ad823,Guardian
a3389366-a0b3-47d8-9045-443eaf33dad1,1963,1981,e15e7b92-f376-374f-9285-2f59a38ad823,Guardian
5e625a15-e4d3-419b-b446-c5eafa686547,1986,2004,e15e7b92-f376-374f-9285-2f59a38ad823,Guardian
e72ad49e-513d-4d1c-bad2-3c673d6ded49,1991,2009,e15e7b92-f376-374f-9285-2f59a38ad823,Guardian
acfc6191-559c-4c02-bebf-a8ce43c42fed,1947,1965,e15e7b92-f376-374f-9285-2f59a38ad823,Guardian
2bc98eff-5e09-4785-8de4-a6166ad39711,1990,2008,e15e7b92-f376-374f-9285-2f59a38ad823,Guardian
97316d7b-0d32-4cf2-aa9d-a247f1cf138c,1960,1978,e15e7b92-f376-374f-9285-2f59a38ad823,Guardian
2bb56f83-d41f-4217-a378-abf5908bc1d8,1945,1963,e15e7b92-f376-374f-9285-2f59a38ad823,Guardian
3d713095-5da0-493b-913b-eb0a735384c2,1942,1960,e15e7b92-f376-374f-9285-2f59a38ad823,Guardian
1fb15e4d-199d-4c97-9e9c-f275c9bae163,1947,1965,e15e7b92-f376-374f-9285-2f59a38ad823,Guardian
4b4d8457-82c3-4dde-bf96-271b2d1edc2d,1920,1938,e15e7b92-f376-374f-9285-2f59a38ad823,Guardian
