DATE,PATIENT,ENCOUNTER,CODE,DESCRIPTION,BASE_COST,REASONCODE,REASONDESCRIPTION
2016-07-06,0011951b-83d4-4baa-9d74-3860c03e6064,40fe2686-8274-40d6-8379-1eb95febb3f5,40701008,Echocardiography (procedure),1055.97,22298006,Myocardial Infarction
2016-07-06,0011951b-83d4-4baa-9d74-3860c03e6064,40fe2686-8274-40d6-8379-1eb95febb3f5,415070008,Percutaneous coronary intervention,26492.37,22298006,Myocardial Infarction
2016-07-06,0011951b-83d4-4baa-9d74-3860c03e6064,40fe2686-8274-40d6-8379-1eb95febb3f5,232717009,Coronary artery bypass grafting,43597.55,22298006,Myocardial Infarction
2012-10-31,af8b753a-f078-46f3-9f95-d4f80a51d3f8,07aa2d52-33c1-42bf-bfad-41245254a253,40701008,Echocardiography (procedure),1113.54,230690007,Stroke
2012-10-31,af8b753a-f078-46f3-9f95-d4f80a51d3f8,07aa2d52-33c1-42bf-bfad-41245254a253,433112001,Percutaneous mechanical thrombectomy of portal vein using fluoroscopic guidance,27389.73,230690007,Stroke
2019-10-17,74f31d1e-252d-4176-b8fa-d9593bede612,f6663d8c-2ce2-4d8a-aadb-d271556bbc7b,40701008,Echocardiography (procedure),1494.35,410429000,Cardiac Arrest
2019-10-17,74f31d1e-252d-4176-b8fa-d9593bede612,f6663d8c-2ce2-4d8a-aadb-d271556bbc7b,447365002,Insertion of biventricular implantable cardioverter defibrillator,42428.35,410429000,Cardiac Arrest
2019-10-17,74f31d1e-252d-4176-b8fa-d9593bede612,f6663d8c-2ce2-4d8a-aadb-d271556bbc7b,18286008,Catheter ablation of tissue of heart,12957.93,410429000,Cardiac Arrest
2011-01-22,cab70a29-fbfc-4430-a1d8-655eee6daba8,cada904b-1f34-459d-b960-e07930dcaa22,18286008,Catheter ablation of tissue of heart,12436.54,49436004,Atrial Fibrillation
2012-01-28,cab70a29-fbfc-4430-a1d8-655eee6daba8,2b4d0db2-6ee9-47a6-a5d1-4b8e48e85c11,180325003,Electrical cardioversion,40621.41,49436004,Atrial Fibrillation
2013-02-02,cab70a29-fbfc-4430-a1d8-655eee6daba8,68d67e47-1f97-4dbe-a8fb-60fe4ddbd536,180325003,Electrical cardioversion,33189.48,49436004,Atrial Fibrillation
2014-02-08,cab70a29-fbfc-4430-a1d8-655eee6daba8,9031c736-c861-42eb-9672-fb49375e5a4f,18286008,Catheter ablation of tissue of heart,14741.95,49436004,Atrial Fibrillation
2015-02-14,cab70a29-fbfc-4430-a1d8-655eee6daba8,3197dc35-d3fe-4aff-8265-196bf9c10d2e,180325003,Electrical cardioversion,30053.57,49436004,Atrial Fibrillation
2016-02-20,cab70a29-fbfc-4430-a1d8-655eee6daba8,6f2cd8f2-1603-4862-b31e-e538c70e2ff2,180325003,Electrical cardioversion,18028.75,49436004,Atrial Fibrillation
2017-02-25,cab70a29-fbfc-4430-a1d8-655eee6daba8,97565c64-099b-4461-a1bc-fc5b3403f81e,180325003,Electrical cardioversion,41513.34,49436004,Atrial Fibrillation
2018-03-03,cab70a29-fbfc-4430-a1d8-655eee6daba8,5ad6e2ec-172a-4fb1-bdf8-bea69de00ef8,180325003,Electrical cardioversion,29153.83,49436004,Atrial Fibrillation
2019-03-09,cab70a29-fbfc-4430-a1d8-655eee6daba8,450aa82d-01c6-44bb-addc-88e5e3f48eaf,180325003,Electrical cardioversion,29446.91,49436004,Atrial Fibrillation
2013-09-11,14ab9132-65c2-4145-9004-14c7f3c0ef2b,cd8c3c74-948a-4692-809f-9c8d1a4f01a8,40701008,Echocardiography (procedure),684.20,230690007,Stroke
2013-09-11,14ab9132-65c2-4145-9004-14c7f3c0ef2b,cd8c3c74-948a-4692-809f-9c8d1a4f01a8,433112001,Percutaneous mechanical thrombectomy of portal vein using fluoroscopic guidance,22852.05,230690007,Stroke
2010-09-06,d17c10f0-7874-41a2-adce-7ff71c005b9a,c5153e29-72ba-498a-865c-7c39d0a93abf,40701008,Echocardiography (procedure),815.11,230690007,Stroke
2010-09-06,d17c10f0-7874-41a2-adce-7ff71c005b9a,c5153e29-72ba-498a-865c-7c39d0a93abf,433112001,Percutaneous mechanical thrombectomy of portal vein using fluoroscopic guidance,14238.43,230690007,Stroke
2014-08-05,a7fadb88-18e3-4c06-bba3-736dd29d62a5,7d74d74a-1b45-4234-9c28-f992ed39499e,14768001,Peripheral blood smear interpretation,500.00,,
2014-08-05,a7fadb88-18e3-4c06-bba3-736dd29d62a5,7d74d74a-1b45-4234-9c28-f992ed39499e,415300000,Review of systems (procedure),500.00,,
2014-08-05,a7fadb88-18e3-4c06-bba3-736dd29d62a5,7d74d74a-1b45-4234-9c28-f992ed39499e,430193006,Medication Reconciliation (procedure),554.89,,
2014-08-05,a7fadb88-18e3-4c06-bba3-736dd29d62a5,7d74d74a-1b45-4234-9c28-f992ed39499e,162676008,Brief general examination (procedure),500.00,,
2017-04-08,5d2bec29-6ee1-48a2-a22d-54f07f481a1c,9189a193-5ba3-4693-87d7-3561c3b50b4b,18286008,Catheter ablation of tissue of heart,15277.03,49436004,Atrial Fibrillation
2018-04-14,5d2bec29-6ee1-48a2-a22d-54f07f481a1c,d32abaed-6f52-4d45-b99d-354a914e5ec1,180325003,Electrical cardioversion,40103.95,49436004,Atrial Fibrillation
2019-04-20,5d2bec29-6ee1-48a2-a22d-54f07f481a1c,e775f4b4-93a2-48d0-aceb-d22fafaac970,180325003,Electrical cardioversion,38210.66,49436004,Atrial Fibrillation
2010-04-28,6d687ed7-e5b8-4648-8907-a5f6b9e44248,a1e8ed1a-c760-4b57-b3bb-5325ef1f9826,180325003,Electrical cardioversion,31721.25,49436004,Atrial Fibrillation
2011-05-04,6d687ed7-e5b8-4648-8907-a5f6b9e44248,62b8eda0-aaed-4cb3-9ea0-49a3e4f3b04f,180325003,Electrical cardioversion,32424.02,49436004,Atrial Fibrillation
2012-05-09,6d687ed7-e5b8-4648-8907-a5f6b9e44248,1e68be04-dc11-4396-96df-90a2c05bc7cf,180325003,Electrical cardioversion,23104.44,49436004,Atrial Fibrillation
2013-05-15,6d687ed7-e5b8-4648-8907-a5f6b9e44248,73e45a80-e4d3-443a-a80d-8c55f4fd5fb6,180325003,Electrical cardioversion,31770.63,49436004,Atrial Fibrillation
2014-05-21,6d687ed7-e5b8-4648-8907-a5f6b9e44248,2bcb25a3-cb6b-44a1-8e78-8cf091c26a77,180325003,Electrical cardioversion,24203.87,49436004,Atrial Fibrillation
2015-04-01,6d687ed7-e5b8-4648-8907-a5f6b9e44248,6c9c3658-c1d1-44aa-b4d3-bac58b9f09b9,40701008,Echocardiography (procedure),1171.51,230690007,Stroke
2015-04-01,6d687ed7-e5b8-4648-8907-a5f6b9e44248,6c9c3658-c1d1-44aa-b4d3-bac58b9f09b9,433112001,Percutaneous mechanical thrombectomy of portal vein using fluoroscopic guidance,23294.02,230690007,Stroke
2015-05-27,6d687ed7-e5b8-4648-8907-a5f6b9e44248,3418de3e-eb34-478f-9873-0bc4b5d5649a,180325003,Electrical cardioversion,24883.11,49436004,Atrial Fibrillation
2016-06-01,6d687ed7-e5b8-4648-8907-a5f6b9e44248,9ccef0e4-45a9-4955-b053-83a06179ffed,180325003,Electrical cardioversion,17708.65,49436004,Atrial Fibrillation
2017-06-07,6d687ed7-e5b8-4648-8907-a5f6b9e44248,eb38b34f-8436-4d98-ab91-1d5d795886fd,180325003,Electrical cardioversion,20604.83,49436004,Atrial Fibrillation
2018-06-13,6d687ed7-e5b8-4648-8907-a5f6b9e44248,bc03f447-5927-4b6b-b3fc-e55cf582ca9e,180325003,Electrical cardioversion,22761.25,49436004,Atrial Fibrillation
2019-06-19,6d687ed7-e5b8-4648-8907-a5f6b9e44248,0a972d50-1491-453b-bc73-75364354ac5c,180325003,Electrical cardioversion,33293.38,49436004,Atrial Fibrillation
2005-07-19,acfc6191-559c-4c02-bebf-a8ce43c42fed,20391963-3332-43ff-908f-a074364a6645,40701008,Echocardiography (procedure),991.29,22298006,Myocardial Infarction
2005-07-19,acfc6191-559c-4c02-bebf-a8ce43c42fed,20391963-3332-43ff-908f-a074364a6645,415070008,Percutaneous coronary intervention,26789.15,22298006,Myocardial Infarction
2005-07-19,acfc6191-559c-4c02-bebf-a8ce43c42fed,20391963-3332-43ff-908f-a074364a6645,232717009,Coronary artery bypass grafting,30434.78,22298006,Myocardial Infarction
