Id,ORGANIZATION,NAME,GENDER,SPECIALITY,ADDRESS,CITY,STATE,ZIP,LAT,LON,UTILIZATION
4e2bb21b-3e4e-360a-bc98-5d4a403b05b4,319baef9-e8e6-3320-9e0b-7991d9c167b8,Amon Logrén,M,GENERAL PRACTICE,Haartmaninkatu 4,Helsinki,18,00290,60.189159,24.909081,3
80898045-c8f6-3a6f-8525-a906c2b8bdf2,7b74aa83-5335-38dd-a213-d6df36c7f627,Dilan Mämmelä,M,GENERAL PRACTICE,Karvasmäentie 6,Espoo,18,02740,60.22011,24.6848,1
ba1f0061-d6e9-3b82-a343-487a2ff16c87,8af774ed-7635-320a-ad8c-a63aa309a858,Abdirisaq Tuunala,F,GENERAL PRACTICE,Sairaalatie 8,Lohja,18,08200,60.2247,24.01885,1
49cb9978-bbb4-3147-bffd-b3f5a9e40b15,738aef7e-a279-3f65-9dba-fead16b27400,Mia-Marika Afflekt,F,GENERAL PRACTICE,Turuntie 150,Espoo,18,02740,60.22589,24.77581,1233
8b286777-8285-3a90-9c73-604fde488b6e,9a3e6919-4ed0-32fe-a1e2-7184b06c415f,Misa Karlakari,M,GENERAL PRACTICE,Karvasmäentie 6,Espoo,18,02740,60.22011,24.6848,522
ab74b25e-7950-3ebc-a3d4-7ef3dea721a5,a70486b2-c33a-37b3-a4cf-b3dc06cb9d84,Nils-Johan Jakala,M,GENERAL PRACTICE,Sairaalakatu 1,Vantaa,18,01400,60.3299,25.0608,1396
0da10d31-1094-333e-92b8-ddfcf787e0d5,bf25636d-50a4-3cf2-b937-0e59fd37503f,Amon Logrén,M,GENERAL PRACTICE,Sairaalankatu 1,Hyvinkää,18,05830,60.612,24.82486,285
a7dfa1b6-3248-360c-b571-71f56371b8be,4eddd774-a01b-3a0b-b4c6-736a5581aba4,Armin Svala,M,GENERAL PRACTICE,Ohkolantie 10,Kellokoski,18,04500,60.53054,25.10548,178
1ec6a7e1-33ce-39ff-ac69-3d609dd8123b,942171f0-df04-34cc-9c85-1a11b2f08717,Kamau Keskilammi,M,GENERAL PRACTICE,Sairaalatie 8,Lohja,18,08200,60.2247,24.01885,153
35c6b0b0-e8dc-3b0b-8cc4-9edcdc3c5179,216a84b2-6287-356d-9bcf-655abf00debb,Vilpas Humaloja,M,GENERAL PRACTICE,Sairaalantie 1,Porvoo,18,06200,60.37911,25.69576,147
037bd805-b651-3d49-bb71-6be35abf231f,7b74aa83-5335-38dd-a213-d6df36c7f627,Amon Logrén,M,GENERAL PRACTICE,Karvasmäentie 6,Espoo,18,02740,60.22011,24.6848,1
abe8db8a-114b-39be-a384-02e0094d0cc1,af916982-f5f8-341b-b159-69e72695294c,Armin Svala,M,GENERAL PRACTICE,Sairaalakatu 1,Vantaa,18,01400,60.3299,25.0608,3
62f67d69-92a6-3e0a-8556-9e945c96eb8f,b9b4f8d8-b4a7-3164-a21f-c57b0c40c3ff,Kamau Keskilammi,M,GENERAL PRACTICE,Sairaalankatu 1,Hyvinkää,18,05830,60.612,24.82486,1
