START,STOP,PATIENT,ENCOUNTER,CODE,DESCRIPTION
2018-12-13,,52aa335c-0508-4632-86d8-824e69df708d,8d502b25-4352-4903-aafa-8a1d65832405,230690007,Stroke
2006-08-10,,ee064682-5e40-4801-a4fd-b22fa0a1dc00,f566d9ea-3719-41b7-b44e-3b03e1115d35,128613002,Seizure disorder
2006-08-10,,ee064682-5e40-4801-a4fd-b22fa0a1dc00,f566d9ea-3719-41b7-b44e-3b03e1115d35,703151001,History of single seizure (situation)
2001-02-21,,7c786168-a99e-47d4-be53-e1ff2adeafce,4db8338f-d34f-4035-9fc2-59a8828765a1,230690007,Stroke
2015-10-09,,aa0162cd-9c8e-4580-8ec1-5909334d4b11,b54abcdb-38e1-4f4a-b9f4-f8a12665c888,53741008,Coronary Heart Disease
1970-08-01,,ad139c20-bdc4-48b2-920f-1468ca749503,05f5e2a3-7f15-4d45-be03-82277d7e522d,128613002,Seizure disorder
1970-08-01,,ad139c20-bdc4-48b2-920f-1468ca749503,05f5e2a3-7f15-4d45-be03-82277d7e522d,703151001,History of single seizure (situation)
2017-07-18,,db2442f1-b420-46b7-91cb-2e2ff5578ac6,209a4bd2-9f4d-427d-9d85-8d8669cdc29d,53741008,Coronary Heart Disease
1997-09-02,,4e6567ed-ec19-43c9-905d-188a58d3c2ed,ac70c905-d709-4f15-ab95-0b71cc06e54e,128613002,Seizure disorder
1997-09-02,,4e6567ed-ec19-43c9-905d-188a58d3c2ed,ac70c905-d709-4f15-ab95-0b71cc06e54e,703151001,History of single seizure (situation)
1997-09-02,,4e6567ed-ec19-43c9-905d-188a58d3c2ed,ac70c905-d709-4f15-ab95-0b71cc06e54e,84757009,Epilepsy
2009-06-14,,fe725240-23b3-4165-9bdc-0f49f1395dfb,5723b970-d83b-42f6-9e69-d3fa1b361103,49436004,Atrial Fibrillation
2016-02-18,,04328ee5-dc93-471d-9b99-fb1712508916,c65e337f-28ed-4b26-b44c-0191084c271c,230690007,Stroke
2014-12-29,,0b5f8ad5-cc58-4bb9-88fb-4fcf4cb0c0c4,49c05d50-39f5-443f-a465-1931e2a4f587,230690007,Stroke
2012-04-14,,e3fa4445-21b9-42f1-8316-aaec1d61ed21,bd4d212b-c770-4766-9a4e-bb5f66044988,410429000,Cardiac Arrest
2012-04-14,,e3fa4445-21b9-42f1-8316-aaec1d61ed21,bd4d212b-c770-4766-9a4e-bb5f66044988,429007001,History of cardiac arrest (situation)
2015-06-09,,04414a90-96a1-46bb-8389-38f052af2544,64c42006-8dc1-4670-9c68-008f246a9c3a,410429000,Cardiac Arrest
2015-06-09,,04414a90-96a1-46bb-8389-38f052af2544,64c42006-8dc1-4670-9c68-008f246a9c3a,429007001,History of cardiac arrest (situation)
1986-09-01,,d5fd29c7-6e8c-4635-867c-95a570c3ed8a,dd8b3f4d-ba68-482c-8f10-32033cd513d2,53741008,Coronary Heart Disease
2007-06-26,,ba4e60f5-657e-48b6-a6ab-74041ea6b7a3,89d2d425-c1e4-4057-a422-844316656609,53741008,Coronary Heart Disease
2011-05-10,,ba4e60f5-657e-48b6-a6ab-74041ea6b7a3,f37355c3-7f20-4b78-a43f-275154b2a815,22298006,Myocardial Infarction
2011-05-10,,ba4e60f5-657e-48b6-a6ab-74041ea6b7a3,f37355c3-7f20-4b78-a43f-275154b2a815,399211009,History of myocardial infarction (situation)
1980-06-20,,d9a23e59-e069-4d30-b5eb-683c24e81408,d2f5b826-b9a7-4fb3-8bdc-6d7e6541ebf2,53741008,Coronary Heart Disease
1990-08-24,,d9a23e59-e069-4d30-b5eb-683c24e81408,ea12a71d-8338-424b-809a-5191fb1a7f32,22298006,Myocardial Infarction
1990-08-24,,d9a23e59-e069-4d30-b5eb-683c24e81408,ea12a71d-8338-424b-809a-5191fb1a7f32,399211009,History of myocardial infarction (situation)
1940-03-19,,966aaf86-03be-48c7-92a2-0ec0c130f4ed,fdc0c3a3-bf66-468b-9dfe-e3e3d9f60afe,128613002,Seizure disorder
1940-03-19,,966aaf86-03be-48c7-92a2-0ec0c130f4ed,fdc0c3a3-bf66-468b-9dfe-e3e3d9f60afe,703151001,History of single seizure (situation)
1940-12-24,,966aaf86-03be-48c7-92a2-0ec0c130f4ed,ac125e2c-c2fe-4838-b38d-2bc4444ac277,84757009,Epilepsy
2013-07-30,,966aaf86-03be-48c7-92a2-0ec0c130f4ed,f28efdf6-8183-4939-afa4-225b7caa880d,49436004,Atrial Fibrillation
2015-06-29,,e9aefcb2-1917-4366-8d14-e9b6b1f2deae,26aaa245-ed2e-45da-866f-8c9d810d18f3,49436004,Atrial Fibrillation
2016-07-04,,e9aefcb2-1917-4366-8d14-e9b6b1f2deae,4cf91113-01a8-4d98-b686-5426c8675318,230690007,Stroke
2016-06-02,,951f425e-3360-480e-8955-43bc8b980ec2,a67fd133-c201-4e12-9648-c696bfc2a4a8,53741008,Coronary Heart Disease
2005-07-09,,7ad2a3d6-a117-47ce-b537-d7047c817a55,d98c13ec-7374-4f2e-977b-f3ca8d94cb0c,410429000,Cardiac Arrest
2005-07-09,,7ad2a3d6-a117-47ce-b537-d7047c817a55,d98c13ec-7374-4f2e-977b-f3ca8d94cb0c,429007001,History of cardiac arrest (situation)
2004-04-26,,aef6448c-c06a-48e0-917f-1edde02dd69b,428f67c2-2263-4296-954e-6fb365dffcbf,53741008,Coronary Heart Disease
2014-08-04,,aef6448c-c06a-48e0-917f-1edde02dd69b,122c8638-4c18-49c4-b2f0-e74ee5de6076,22298006,Myocardial Infarction
2014-08-04,,aef6448c-c06a-48e0-917f-1edde02dd69b,122c8638-4c18-49c4-b2f0-e74ee5de6076,399211009,History of myocardial infarction (situation)
2019-03-04,,aef6448c-c06a-48e0-917f-1edde02dd69b,3c083911-bcdb-4cbb-bf48-320f71be5278,230690007,Stroke
2002-04-09,,a5d775b7-d91e-42ec-a37a-6291d00eb51a,3fee1049-0379-4326-a5cc-ff3a77df31e4,53741008,Coronary Heart Disease
2011-06-14,,a5d775b7-d91e-42ec-a37a-6291d00eb51a,65bca3da-c67d-40c5-a34b-f6a3b649e694,22298006,Myocardial Infarction
2011-06-14,,a5d775b7-d91e-42ec-a37a-6291d00eb51a,65bca3da-c67d-40c5-a34b-f6a3b649e694,399211009,History of myocardial infarction (situation)
