START,STOP,PATIENT,PAYER,ENCOUNTER,CODE,DESCRIPTION,BASE_COST,PAYER_COVERAGE,DISPENSES,TOTALCOST,REASONCODE,REASONDESCRIPTION
2018-12-13,2018-12-13,52aa335c-0508-4632-86d8-824e69df708d,b1c428d6-4f07-31e0-90f0-68ffa6ff8c76,8d502b25-4352-4903-aafa-8a1d65832405,309362,Clopidogrel 75 MG Oral Tablet,27.86,0.00,1,27.86,,
2018-12-13,2018-12-13,52aa335c-0508-4632-86d8-824e69df708d,b1c428d6-4f07-31e0-90f0-68ffa6ff8c76,8d502b25-4352-4903-aafa-8a1d65832405,1804799,Alteplase 100 MG Injection,6784.64,0.00,1,6784.64,,
2015-10-09,,aa0162cd-9c8e-4580-8ec1-5909334d4b11,b1c428d6-4f07-31e0-90f0-68ffa6ff8c76,b54abcdb-38e1-4f4a-b9f4-f8a12665c888,309362,Clopidogrel 75 MG Oral Tablet,85.06,0.00,53,4508.18,,
2015-10-09,,aa0162cd-9c8e-4580-8ec1-5909334d4b11,b1c428d6-4f07-31e0-90f0-68ffa6ff8c76,b54abcdb-38e1-4f4a-b9f4-f8a12665c888,312961,Simvastatin 20 MG Oral Tablet,26.15,0.00,53,1385.95,,
2015-10-09,,aa0162cd-9c8e-4580-8ec1-5909334d4b11,b1c428d6-4f07-31e0-90f0-68ffa6ff8c76,b54abcdb-38e1-4f4a-b9f4-f8a12665c888,197361,Amlodipine 5 MG Oral Tablet,35.44,0.00,53,1878.32,,
2015-10-09,,aa0162cd-9c8e-4580-8ec1-5909334d4b11,b1c428d6-4f07-31e0-90f0-68ffa6ff8c76,b54abcdb-38e1-4f4a-b9f4-f8a12665c888,705129,Nitroglycerin 0.4 MG/ACTUAT Mucosal Spray,178.78,0.00,53,9475.34,,
1970-08-01,,ad139c20-bdc4-48b2-920f-1468ca749503,b1c428d6-4f07-31e0-90f0-68ffa6ff8c76,05f5e2a3-7f15-4d45-be03-82277d7e522d,197591,Diazepam 5 MG Oral Tablet,174.62,0.00,7,1222.34,,
2017-07-18,,db2442f1-b420-46b7-91cb-2e2ff5578ac6,b1c428d6-4f07-31e0-90f0-68ffa6ff8c76,209a4bd2-9f4d-427d-9d85-8d8669cdc29d,309362,Clopidogrel 75 MG Oral Tablet,53.94,0.00,32,1726.08,,
2017-07-18,,db2442f1-b420-46b7-91cb-2e2ff5578ac6,b1c428d6-4f07-31e0-90f0-68ffa6ff8c76,209a4bd2-9f4d-427d-9d85-8d8669cdc29d,312961,Simvastatin 20 MG Oral Tablet,11.26,0.00,32,360.32,,
2017-07-18,,db2442f1-b420-46b7-91cb-2e2ff5578ac6,b1c428d6-4f07-31e0-90f0-68ffa6ff8c76,209a4bd2-9f4d-427d-9d85-8d8669cdc29d,197361,Amlodipine 5 MG Oral Tablet,7.42,0.00,32,237.44,,
2017-07-18,,db2442f1-b420-46b7-91cb-2e2ff5578ac6,b1c428d6-4f07-31e0-90f0-68ffa6ff8c76,209a4bd2-9f4d-427d-9d85-8d8669cdc29d,705129,Nitroglycerin 0.4 MG/ACTUAT Mucosal Spray,275.49,0.00,32,8815.68,,
2009-06-14,,fe725240-23b3-4165-9bdc-0f49f1395dfb,b1c428d6-4f07-31e0-90f0-68ffa6ff8c76,5723b970-d83b-42f6-9e69-d3fa1b361103,855332,Warfarin Sodium 5 MG Oral Tablet,79.32,0.00,130,10311.60,,
2009-06-14,,fe725240-23b3-4165-9bdc-0f49f1395dfb,b1c428d6-4f07-31e0-90f0-68ffa6ff8c76,5723b970-d83b-42f6-9e69-d3fa1b361103,897718,Verapamil Hydrochloride 40 MG,106.44,0.00,130,13837.20,,
2009-06-14,,fe725240-23b3-4165-9bdc-0f49f1395dfb,b1c428d6-4f07-31e0-90f0-68ffa6ff8c76,5723b970-d83b-42f6-9e69-d3fa1b361103,197604,Digoxin 0.125 MG Oral Tablet,34.92,0.00,130,4539.60,,
2016-02-18,2016-02-18,04328ee5-dc93-471d-9b99-fb1712508916,b1c428d6-4f07-31e0-90f0-68ffa6ff8c76,c65e337f-28ed-4b26-b44c-0191084c271c,309362,Clopidogrel 75 MG Oral Tablet,81.08,0.00,1,81.08,,
2016-02-18,2016-02-18,04328ee5-dc93-471d-9b99-fb1712508916,b1c428d6-4f07-31e0-90f0-68ffa6ff8c76,c65e337f-28ed-4b26-b44c-0191084c271c,1804799,Alteplase 100 MG Injection,6538.16,0.00,1,6538.16,,
2014-12-29,2014-12-29,0b5f8ad5-cc58-4bb9-88fb-4fcf4cb0c0c4,b1c428d6-4f07-31e0-90f0-68ffa6ff8c76,49c05d50-39f5-443f-a465-1931e2a4f587,309362,Clopidogrel 75 MG Oral Tablet,36.43,0.00,1,36.43,,
2014-12-29,2014-12-29,0b5f8ad5-cc58-4bb9-88fb-4fcf4cb0c0c4,b1c428d6-4f07-31e0-90f0-68ffa6ff8c76,49c05d50-39f5-443f-a465-1931e2a4f587,1804799,Alteplase 100 MG Injection,6228.86,0.00,1,6228.86,,
2012-04-14,2012-04-14,e3fa4445-21b9-42f1-8316-aaec1d61ed21,b1c428d6-4f07-31e0-90f0-68ffa6ff8c76,bd4d212b-c770-4766-9a4e-bb5f66044988,1660014,1 ML Epinephrine 1 MG/ML Injection,2.33,0.00,1,2.33,,
2012-04-14,2012-04-14,e3fa4445-21b9-42f1-8316-aaec1d61ed21,b1c428d6-4f07-31e0-90f0-68ffa6ff8c76,bd4d212b-c770-4766-9a4e-bb5f66044988,834357,3 ML Amiodarone hydrocholoride 50 MG/ML Prefilled Syringe,24.17,0.00,1,24.17,,
2012-04-14,2012-04-14,e3fa4445-21b9-42f1-8316-aaec1d61ed21,b1c428d6-4f07-31e0-90f0-68ffa6ff8c76,bd4d212b-c770-4766-9a4e-bb5f66044988,1190795,Atropine Sulfate 1 MG/ML Injectable Solution,31.29,0.00,1,31.29,,
2015-06-09,2015-06-09,04414a90-96a1-46bb-8389-38f052af2544,b1c428d6-4f07-31e0-90f0-68ffa6ff8c76,64c42006-8dc1-4670-9c68-008f246a9c3a,1660014,1 ML Epinephrine 1 MG/ML Injection,4.91,0.00,1,4.91,,
2015-06-09,2015-06-09,04414a90-96a1-46bb-8389-38f052af2544,b1c428d6-4f07-31e0-90f0-68ffa6ff8c76,64c42006-8dc1-4670-9c68-008f246a9c3a,834357,3 ML Amiodarone hydrocholoride 50 MG/ML Prefilled Syringe,127.40,0.00,1,127.40,,
2015-06-09,2015-06-09,04414a90-96a1-46bb-8389-38f052af2544,b1c428d6-4f07-31e0-90f0-68ffa6ff8c76,64c42006-8dc1-4670-9c68-008f246a9c3a,1190795,Atropine Sulfate 1 MG/ML Injectable Solution,26.68,0.00,1,26.68,,
1986-09-01,,d5fd29c7-6e8c-4635-867c-95a570c3ed8a,b1c428d6-4f07-31e0-90f0-68ffa6ff8c76,dd8b3f4d-ba68-482c-8f10-32033cd513d2,705129,Nitroglycerin 0.4 MG/ACTUAT Mucosal Spray,277.68,0.00,408,113293.44,,
1991-09-30,,d5fd29c7-6e8c-4635-867c-95a570c3ed8a,b1c428d6-4f07-31e0-90f0-68ffa6ff8c76,7a9cf65a-2981-4bc4-a61c-1ceb906628e2,312961,Simvastatin 20 MG Oral Tablet,27.57,0.00,346,9539.22,,
1994-10-17,,d5fd29c7-6e8c-4635-867c-95a570c3ed8a,b1c428d6-4f07-31e0-90f0-68ffa6ff8c76,ffee2285-33bd-4b3f-945b-f5059798a45e,197361,Amlodipine 5 MG Oral Tablet,64.02,0.00,309,19782.18,,
1997-11-03,,d5fd29c7-6e8c-4635-867c-95a570c3ed8a,b1c428d6-4f07-31e0-90f0-68ffa6ff8c76,1606d8ce-20ac-4d48-88fb-88c32639a403,309362,Clopidogrel 75 MG Oral Tablet,18.37,0.00,272,4996.64,,
2007-06-26,2011-05-10,ba4e60f5-657e-48b6-a6ab-74041ea6b7a3,b1c428d6-4f07-31e0-90f0-68ffa6ff8c76,89d2d425-c1e4-4057-a422-844316656609,309362,Clopidogrel 75 MG Oral Tablet,89.56,0.00,47,4209.32,,
2007-06-26,,ba4e60f5-657e-48b6-a6ab-74041ea6b7a3,b1c428d6-4f07-31e0-90f0-68ffa6ff8c76,89d2d425-c1e4-4057-a422-844316656609,312961,Simvastatin 20 MG Oral Tablet,39.31,0.00,47,1847.57,,
2007-06-26,,ba4e60f5-657e-48b6-a6ab-74041ea6b7a3,b1c428d6-4f07-31e0-90f0-68ffa6ff8c76,89d2d425-c1e4-4057-a422-844316656609,197361,Amlodipine 5 MG Oral Tablet,78.10,0.00,47,3670.70,,
2007-06-26,2011-05-10,ba4e60f5-657e-48b6-a6ab-74041ea6b7a3,b1c428d6-4f07-31e0-90f0-68ffa6ff8c76,89d2d425-c1e4-4057-a422-844316656609,705129,Nitroglycerin 0.4 MG/ACTUAT Mucosal Spray,130.37,0.00,47,6127.39,,
2011-05-10,2011-05-10,ba4e60f5-657e-48b6-a6ab-74041ea6b7a3,b1c428d6-4f07-31e0-90f0-68ffa6ff8c76,f37355c3-7f20-4b78-a43f-275154b2a815,259255,Atorvastatin 80 MG Oral Tablet,343.87,0.00,1,343.87,,
2011-05-10,2011-05-10,ba4e60f5-657e-48b6-a6ab-74041ea6b7a3,b1c428d6-4f07-31e0-90f0-68ffa6ff8c76,f37355c3-7f20-4b78-a43f-275154b2a815,833036,Captopril 25 MG Oral Tablet,85.42,0.00,1,85.42,,
1980-06-20,1990-08-24,d9a23e59-e069-4d30-b5eb-683c24e81408,b1c428d6-4f07-31e0-90f0-68ffa6ff8c76,d2f5b826-b9a7-4fb3-8bdc-6d7e6541ebf2,705129,Nitroglycerin 0.4 MG/ACTUAT Mucosal Spray,92.73,0.00,123,11405.79,,
1990-08-24,1990-08-24,d9a23e59-e069-4d30-b5eb-683c24e81408,b1c428d6-4f07-31e0-90f0-68ffa6ff8c76,ea12a71d-8338-424b-809a-5191fb1a7f32,833036,Captopril 25 MG Oral Tablet,48.99,0.00,1,48.99,,
1940-03-19,,966aaf86-03be-48c7-92a2-0ec0c130f4ed,b1c428d6-4f07-31e0-90f0-68ffa6ff8c76,fdc0c3a3-bf66-468b-9dfe-e3e3d9f60afe,204892,clonazePAM 0.25 MG Oral Tablet,4.45,0.00,973,4329.85,,
1940-08-06,,966aaf86-03be-48c7-92a2-0ec0c130f4ed,b1c428d6-4f07-31e0-90f0-68ffa6ff8c76,9e60a0cd-45d4-40b5-a311-58449e1c734b,308971,Carbamazepine[Tegretol],206.49,0.00,969,200088.81,,
2013-07-30,,966aaf86-03be-48c7-92a2-0ec0c130f4ed,b1c428d6-4f07-31e0-90f0-68ffa6ff8c76,f28efdf6-8183-4939-afa4-225b7caa880d,855332,Warfarin Sodium 5 MG Oral Tablet,48.58,0.00,80,3886.40,,
2013-07-30,,966aaf86-03be-48c7-92a2-0ec0c130f4ed,b1c428d6-4f07-31e0-90f0-68ffa6ff8c76,f28efdf6-8183-4939-afa4-225b7caa880d,897718,Verapamil Hydrochloride 40 MG,108.15,0.00,80,8652.00,,
2013-07-30,,966aaf86-03be-48c7-92a2-0ec0c130f4ed,b1c428d6-4f07-31e0-90f0-68ffa6ff8c76,f28efdf6-8183-4939-afa4-225b7caa880d,197604,Digoxin 0.125 MG Oral Tablet,26.42,0.00,80,2113.60,,
2015-06-29,,e9aefcb2-1917-4366-8d14-e9b6b1f2deae,b1c428d6-4f07-31e0-90f0-68ffa6ff8c76,26aaa245-ed2e-45da-866f-8c9d810d18f3,855332,Warfarin Sodium 5 MG Oral Tablet,33.18,0.00,40,1327.20,,
2015-06-29,,e9aefcb2-1917-4366-8d14-e9b6b1f2deae,b1c428d6-4f07-31e0-90f0-68ffa6ff8c76,26aaa245-ed2e-45da-866f-8c9d810d18f3,897718,Verapamil Hydrochloride 40 MG,144.76,0.00,40,5790.40,,
2015-06-29,,e9aefcb2-1917-4366-8d14-e9b6b1f2deae,b1c428d6-4f07-31e0-90f0-68ffa6ff8c76,26aaa245-ed2e-45da-866f-8c9d810d18f3,197604,Digoxin 0.125 MG Oral Tablet,19.30,0.00,40,772.00,,
2016-07-04,2016-07-04,e9aefcb2-1917-4366-8d14-e9b6b1f2deae,b1c428d6-4f07-31e0-90f0-68ffa6ff8c76,4cf91113-01a8-4d98-b686-5426c8675318,309362,Clopidogrel 75 MG Oral Tablet,76.15,0.00,1,76.15,,
2016-07-04,2016-07-04,e9aefcb2-1917-4366-8d14-e9b6b1f2deae,b1c428d6-4f07-31e0-90f0-68ffa6ff8c76,4cf91113-01a8-4d98-b686-5426c8675318,1804799,Alteplase 100 MG Injection,6219.22,0.00,1,6219.22,,
2018-10-29,2018-10-29,e9aefcb2-1917-4366-8d14-e9b6b1f2deae,b1c428d6-4f07-31e0-90f0-68ffa6ff8c76,074ef2fc-a504-48e8-9796-d03bb163e5a6,309362,Clopidogrel 75 MG Oral Tablet,72.67,0.00,1,72.67,,
2018-10-29,2018-10-29,e9aefcb2-1917-4366-8d14-e9b6b1f2deae,b1c428d6-4f07-31e0-90f0-68ffa6ff8c76,074ef2fc-a504-48e8-9796-d03bb163e5a6,1804799,Alteplase 100 MG Injection,6511.35,0.00,1,6511.35,,
2016-06-02,,951f425e-3360-480e-8955-43bc8b980ec2,b1c428d6-4f07-31e0-90f0-68ffa6ff8c76,a67fd133-c201-4e12-9648-c696bfc2a4a8,309362,Clopidogrel 75 MG Oral Tablet,68.16,0.00,45,3067.20,,
2016-06-02,,951f425e-3360-480e-8955-43bc8b980ec2,b1c428d6-4f07-31e0-90f0-68ffa6ff8c76,a67fd133-c201-4e12-9648-c696bfc2a4a8,312961,Simvastatin 20 MG Oral Tablet,25.36,0.00,45,1141.20,,
2016-06-02,,951f425e-3360-480e-8955-43bc8b980ec2,b1c428d6-4f07-31e0-90f0-68ffa6ff8c76,a67fd133-c201-4e12-9648-c696bfc2a4a8,197361,Amlodipine 5 MG Oral Tablet,10.89,0.00,45,490.05,,
2016-06-02,,951f425e-3360-480e-8955-43bc8b980ec2,b1c428d6-4f07-31e0-90f0-68ffa6ff8c76,a67fd133-c201-4e12-9648-c696bfc2a4a8,705129,Nitroglycerin 0.4 MG/ACTUAT Mucosal Spray,182.01,0.00,45,8190.45,,
2004-04-26,2014-08-04,aef6448c-c06a-48e0-917f-1edde02dd69b,b1c428d6-4f07-31e0-90f0-68ffa6ff8c76,428f67c2-2263-4296-954e-6fb365dffcbf,309362,Clopidogrel 75 MG Oral Tablet,59.38,0.00,125,7422.50,,
2004-04-26,,aef6448c-c06a-48e0-917f-1edde02dd69b,b1c428d6-4f07-31e0-90f0-68ffa6ff8c76,428f67c2-2263-4296-954e-6fb365dffcbf,312961,Simvastatin 20 MG Oral Tablet,49.04,0.00,193,9464.72,,
2004-04-26,,aef6448c-c06a-48e0-917f-1edde02dd69b,b1c428d6-4f07-31e0-90f0-68ffa6ff8c76,428f67c2-2263-4296-954e-6fb365dffcbf,197361,Amlodipine 5 MG Oral Tablet,46.13,0.00,193,8903.09,,
2004-04-26,2014-08-04,aef6448c-c06a-48e0-917f-1edde02dd69b,b1c428d6-4f07-31e0-90f0-68ffa6ff8c76,428f67c2-2263-4296-954e-6fb365dffcbf,705129,Nitroglycerin 0.4 MG/ACTUAT Mucosal Spray,93.27,0.00,125,11658.75,,
2014-08-04,2014-08-04,aef6448c-c06a-48e0-917f-1edde02dd69b,b1c428d6-4f07-31e0-90f0-68ffa6ff8c76,122c8638-4c18-49c4-b2f0-e74ee5de6076,259255,Atorvastatin 80 MG Oral Tablet,13.70,0.00,1,13.70,,
2014-08-04,2014-08-04,aef6448c-c06a-48e0-917f-1edde02dd69b,b1c428d6-4f07-31e0-90f0-68ffa6ff8c76,122c8638-4c18-49c4-b2f0-e74ee5de6076,833036,Captopril 25 MG Oral Tablet,99.74,0.00,1,99.74,,
2015-06-29,2019-03-04,aef6448c-c06a-48e0-917f-1edde02dd69b,b1c428d6-4f07-31e0-90f0-68ffa6ff8c76,c4d96340-e5df-44ee-a95a-72767326a771,309362,Clopidogrel 75 MG Oral Tablet,29.23,0.00,44,1286.12,,
2015-06-29,,aef6448c-c06a-48e0-917f-1edde02dd69b,b1c428d6-4f07-31e0-90f0-68ffa6ff8c76,c4d96340-e5df-44ee-a95a-72767326a771,705129,Nitroglycerin 0.4 MG/ACTUAT Mucosal Spray,46.12,0.00,57,2628.84,,
2019-03-04,2019-03-04,aef6448c-c06a-48e0-917f-1edde02dd69b,b1c428d6-4f07-31e0-90f0-68ffa6ff8c76,3c083911-bcdb-4cbb-bf48-320f71be5278,1804799,Alteplase 100 MG Injection,6154.70,0.00,1,6154.70,,
2019-07-22,,aef6448c-c06a-48e0-917f-1edde02dd69b,b1c428d6-4f07-31e0-90f0-68ffa6ff8c76,394e8707-3f70-4873-9abd-7d146b514cc2,309362,Clopidogrel 75 MG Oral Tablet,43.29,0.00,7,303.03,,
2002-04-09,2011-06-14,a5d775b7-d91e-42ec-a37a-6291d00eb51a,b1c428d6-4f07-31e0-90f0-68ffa6ff8c76,3fee1049-0379-4326-a5cc-ff3a77df31e4,309362,Clopidogrel 75 MG Oral Tablet,41.38,0.00,111,4593.18,,
2002-04-09,,a5d775b7-d91e-42ec-a37a-6291d00eb51a,b1c428d6-4f07-31e0-90f0-68ffa6ff8c76,3fee1049-0379-4326-a5cc-ff3a77df31e4,312961,Simvastatin 20 MG Oral Tablet,34.21,0.00,112,3831.52,,
2002-04-09,,a5d775b7-d91e-42ec-a37a-6291d00eb51a,b1c428d6-4f07-31e0-90f0-68ffa6ff8c76,3fee1049-0379-4326-a5cc-ff3a77df31e4,197361,Amlodipine 5 MG Oral Tablet,56.36,0.00,112,6312.32,,
2002-04-09,2011-06-14,a5d775b7-d91e-42ec-a37a-6291d00eb51a,b1c428d6-4f07-31e0-90f0-68ffa6ff8c76,3fee1049-0379-4326-a5cc-ff3a77df31e4,705129,Nitroglycerin 0.4 MG/ACTUAT Mucosal Spray,222.11,0.00,111,24654.21,,
2011-06-14,2011-06-14,a5d775b7-d91e-42ec-a37a-6291d00eb51a,b1c428d6-4f07-31e0-90f0-68ffa6ff8c76,65bca3da-c67d-40c5-a34b-f6a3b649e694,259255,Atorvastatin 80 MG Oral Tablet,346.38,0.00,1,346.38,,
2011-06-14,2011-06-14,a5d775b7-d91e-42ec-a37a-6291d00eb51a,b1c428d6-4f07-31e0-90f0-68ffa6ff8c76,65bca3da-c67d-40c5-a34b-f6a3b649e694,833036,Captopril 25 MG Oral Tablet,41.48,0.00,1,41.48,,
