Id,BIRTHDATE,DEATHDATE,SSN,DRIVERS,PASSPORT,PREFIX,FIRST,LAST,SUFFIX,MAIDEN,MARITAL,RACE,ETHNICITY,GENDER,BIRTHPLACE,ADDRESS,CITY,STATE,COUNTY,ZIP,LAT,LON,HEALTHCARE_EXPENSES,HEALTHCARE_COVERAGE
acfd7772-7619-406b-bd3e-fd9213181c4d,1984-01-09,,999-17-8121,S99967015,X30236852X,Mrs.,Nata,Pahula,,Kraufvelin,M,white,nonhispanic,F,Helsinki  Uusimaa  FI,1059 Rimali Katu Suite 84,Mäntsälä,Uusimaa,Mäntsälä,04820,60.667065853886776,25.154061870948407,4125.0,0.0
cb5e9d08-71e9-4da9-90cc-45171cdac23e,1971-02-24,,999-73-6514,S99949373,X79283842X,Ms.,Catriona,Torenius,,,S,white,nonhispanic,F,Espoo  Uusimaa  FI,226 Kalkela Katu Apt 21,Espoo,Uusimaa,Espoo,02720,60.270101491643494,24.66469035915625,4875.0,0.0
c9648bd6-8e4b-42dd-ae78-a69d009b5ccd,1964-07-27,,999-91-8592,S99915274,X74586929X,Mrs.,Aino-Maija,Kantsila,,Kaijalainen,M,white,nonhispanic,F,Helsinki  Uusimaa  FI,476 Lauraeus Katu Unit 20,Helsinki,Uusimaa,Helsinki,00250,60.17269045037964,25.000806824794527,5625.0,0.0
77cda4e2-91e3-4fd9-8a25-5ad226900458,1954-09-06,,999-17-2266,S99984685,X87281123X,Mrs.,Eloisa,Kaaretkoski,,Heilanen,M,white,nonhispanic,F,Espoo  Uusimaa  FI,822 Maavirta Katu Suite 94,Järvenpää,Uusimaa,Järvenpää,04430,60.433156740510306,25.152710016477002,6875.0,0.0
cfdecc37-d9ad-4891-aa7a-f8a890f207ff,1957-01-25,,999-83-2298,S99981102,X44415438X,Mr.,Jaki,Shwe,,,M,white,nonhispanic,M,Helsinki  Uusimaa  FI,218 Perkiökangas Katu Unit 66,Kauniainen,Uusimaa,Kauniainen,02700,60.20311567570695,24.76048995000815,6500.0,0.0
9b8a82c4-2c38-435a-bb98-3321dcc697f8,1944-03-25,,999-45-1711,S99958675,X10162062X,Mrs.,Emiliina,Varttinen,,Viisainen,M,white,nonhispanic,F,Vantaa  Uusimaa  FI,123 Frusti Katu Suite 75,Hyvinkää,Uusimaa,Hyvinkää,05810,60.5760123794443,24.83390713836711,8125.0,0.0
52aa335c-0508-4632-86d8-824e69df708d,1946-09-05,,999-75-1236,S99943301,X8255853X,Mrs.,Mina,Widd,JD,Tuurala,M,white,nonhispanic,F,Helsinki  Uusimaa  FI,798 Vuopala Katu Suite 54,Vantaa,Uusimaa,Vantaa,01420,60.32113884559719,24.748465017522353,14812.5,0.0
821cc792-7258-4187-bf15-b29fdc6ac461,1946-05-15,,999-44-2025,S99957485,X454346X,Mr.,Zackarias,Vasenkari,,,M,white,nonhispanic,M,Espoo  Uusimaa  FI,835 Silius Katu Unit 56,Lohja,Uusimaa,Lohja,09520,60.49757293009486,24.13779130675811,7875.0,0.0
ee064682-5e40-4801-a4fd-b22fa0a1dc00,1995-08-13,,999-66-5255,S99954602,X7973334X,Mr.,Yasir,Sipolainen,,,,white,nonhispanic,M,Hyvinkää  Uusimaa  FI,760 Kielosto Katu Suite 17,Helsinki,Uusimaa,Helsinki,00630,60.28530688315349,25.005886914237315,3816.81,0.0
708c8187-87ca-41a6-992e-83551566c81d,1990-02-04,,999-34-9204,S99962329,X27329582X,Mr.,Jimy,Hyyryläinen,,,M,white,nonhispanic,M,Helsinki  Uusimaa  FI,391 Okkonen Katu,Hyvinkää,Uusimaa,Hyvinkää,05880,60.61486775978547,24.817251606757363,3875.0,0.0
7c786168-a99e-47d4-be53-e1ff2adeafce,1960-12-21,,999-96-1939,S99986974,X73121496X,Mrs.,Sessa,Särkioja,,Sulosaari,M,white,nonhispanic,F,Helsinki  Uusimaa  FI,174 Mäkiniemi Katu,Helsinki,Uusimaa,Helsinki,00420,60.22234705078318,24.84300141821417,12680.5,0.0
dcd5a754-b9bb-420a-b730-58c11f7532e9,1996-12-05,,999-59-4930,S99995982,X9183897X,Mr.,Steffan,Jyrä,,,,white,nonhispanic,M,Helsinki  Uusimaa  FI,310 Lihr Katu,Helsinki,Uusimaa,Helsinki,00440,60.122148813529655,24.98724601146898,3625.0,0.0
bf7f9e85-9d8d-4297-899e-9035c1ef5fad,2005-05-25,,999-72-8602,,,,Jannu,Jutila,,,,white,nonhispanic,M,Helsinki  Uusimaa  FI,142 Korjansalo Katu Unit 66,Lohja,Uusimaa,Lohja,08150,60.239341418808806,23.852231938124774,2875.0,0.0
5d04f0fb-ce77-48bb-a382-f79e04d715e6,1985-06-17,,999-93-2596,S99940655,X62206525X,Mrs.,Aimée,Liusvaara,,Yussuf,M,white,nonhispanic,F,Helsinki  Uusimaa  FI,202 Kyntäjä Katu,Espoo,Uusimaa,Espoo,02620,60.10772624024136,24.74760640264666,4125.0,0.0
48972980-f755-4ce1-b165-46b1a09d1521,1998-03-25,,999-19-7939,S99981294,X66093783X,Ms.,Kasimiira,Taini,,,,white,nonhispanic,F,Helsinki  Uusimaa  FI,565 Hietula Katu,Lohja,Uusimaa,Lohja,08150,60.41962348940969,24.161147861088676,3500.0,0.0
fd977778-558c-4001-850e-a3827ba55234,1983-05-23,,999-43-5442,S99971202,X48487551X,Mr.,Torstenson,Nurmiainen,,,M,white,nonhispanic,M,Helsinki  Uusimaa  FI,731 Wallén Katu,Espoo,Uusimaa,Espoo,02660,60.10207423671588,24.76027656220952,4125.0,0.0
ead035b4-4db5-4d9e-be5d-735e721cbbbb,1975-11-17,,999-30-2243,S99994125,X77755328X,Mrs.,Mohammed,Rosberg,,Mansikka,M,white,nonhispanic,F,Helsinki  Uusimaa  FI,669 Jokiperä Katu Unit 84,Vantaa,Uusimaa,Vantaa,01200,60.353960410258644,25.089097092574885,4625.0,0.0
89b1e9de-d6f3-424d-92f2-dd5fb68e282d,2013-04-02,,999-27-6292,,,,Aappo,Lamminkangas,,,,white,nonhispanic,M,Helsinki  Uusimaa  FI,765 Vuolukka Katu,Helsinki,Uusimaa,Helsinki,00410,60.14327289445725,24.997023336991326,1875.0,0.0
86de062c-3771-4c95-a2c7-871b5803f030,1951-08-25,,999-48-9917,S99972701,X26903790X,Mrs.,Ilhan,Sträng,,Krakau,M,white,nonhispanic,F,Espoo  Uusimaa  FI,1047 Välkkilä Katu Apt 30,Helsinki,Uusimaa,Helsinki,00300,60.20172478290972,25.14728325904909,7250.0,0.0
22b816ef-fd1a-4119-8fa9-f5b1199b0fad,2007-03-30,,999-35-9470,,,,Niko-Markus,Lisko,,,,white,nonhispanic,M,Helsinki  Uusimaa  FI,566 Poimaa Katu Apt 72,Espoo,Uusimaa,Espoo,02660,60.152583500672314,24.74375535467894,2625.0,0.0
49492bc7-2bbc-49bc-b9dc-ccdbfb596200,1988-09-09,,999-72-2202,S99957131,X38106230X,Mr.,Harrison,Ingström,JD,,S,white,nonhispanic,M,Järvenpää  Uusimaa  FI,353 Vetola Katu,Vantaa,Uusimaa,Vantaa,01680,60.280695992303,24.94999822042102,4000.0,0.0
c51530f9-eeae-472a-ae06-5ea97d1b2641,2010-03-03,,999-75-1780,,,,Hiep,Hautalaakso,,,,white,nonhispanic,M,Helsinki  Uusimaa  FI,125 Gallén Katu,Nurmijärvi,Uusimaa,Nurmijärvi,05100,60.41233626042846,24.78298277695196,2250.0,0.0
5c0ffb9d-dc6a-4282-9edc-7d74249eea85,1979-11-22,,999-92-9524,S99971342,X8752932X,Mrs.,Ulla-Riikka,Arvelin,,Katajainen,M,white,nonhispanic,F,Espoo  Uusimaa  FI,442 Vinblad Katu Suite 26,Espoo,Uusimaa,Espoo,02210,60.192626863701804,24.782228093069417,4375.0,0.0
aa0162cd-9c8e-4580-8ec1-5909334d4b11,1923-02-09,,999-45-5362,S99918209,X87409208X,Ms.,Saleban,Sebbas,,,S,white,nonhispanic,F,Helsinki  Uusimaa  FI,815 Lehmann Katu,Helsinki,Uusimaa,Helsinki,00670,60.15759621864809,24.945546465665256,10750.0,0.0
ccd11ad9-2a9e-4af6-af8b-33dd59d509a6,1956-03-22,,999-24-9118,S99998981,X76681273X,Mrs.,Abdisalam,Lemmetty,,Hamina,M,white,nonhispanic,F,Vihti  Uusimaa  FI,407 Sievilä Katu Suite 82,Helsinki,Uusimaa,Helsinki,00340,60.13595584021488,25.043568256487767,6625.0,0.0
881d9ac8-fad0-4807-b589-f9c716b2c4f4,2000-01-09,,999-72-4004,S99922945,X65432433X,Mr.,Pellervo,Misukka,,,,white,nonhispanic,M,Helsinki  Uusimaa  FI,1084 Hangasmäki Katu Suite 37,Kirkkonummi,Uusimaa,Kirkkonummi,02410,60.19078237558197,24.43420748546866,3500.0,0.0
acd039ef-8462-4e34-be85-6f125444ee38,1978-01-30,,999-37-3644,S99916417,X65949522X,Mr.,Xuan,Teelahti,,,M,white,nonhispanic,M,Kirkkonummi  Uusimaa  FI,871 Latosaari Katu Unit 20,Espoo,Uusimaa,Espoo,02270,60.2348432573984,24.748730746294118,4500.0,0.0
ab20c0fc-957c-49a2-ac9e-e98fdb304303,1986-12-07,,999-95-3052,S99942253,X32512157X,Mrs.,Gertrude,Simonsen,,Sellmer,M,white,nonhispanic,F,Hyvinkää  Uusimaa  FI,928 Hankia Katu,Helsinki,Uusimaa,Helsinki,00780,60.21707047325126,24.884506275428546,4000.0,0.0
49da6d9a-c6e4-40f3-be2d-3094a1e4551c,1977-05-05,,999-78-8839,S99993929,X33889097X,Mrs.,Vadelma,Ylikärppä,,Majlander,M,white,nonhispanic,F,Helsinki  Uusimaa  FI,308 Rönning Katu,Kauniainen,Uusimaa,Kauniainen,02700,60.23391269624158,24.73988676647981,4500.0,0.0
2841c130-3a04-4826-9901-2537dc88c7c0,1992-10-25,,999-57-8071,S99926094,X56739383X,Mrs.,Vivianna,Mäentaus,,Vanha-Perttula,M,white,nonhispanic,F,Vantaa  Uusimaa  FI,759 Hahl Katu,Helsinki,Uusimaa,Helsinki,00520,60.11659982769869,25.061074226925363,3750.0,0.0
011a151c-3d7d-4952-86ca-ddc9847c21f7,2002-08-30,,999-73-8011,S99991842,,,Phat,Näremaa,,,,white,nonhispanic,M,St Petersburg  St Petersburg  RU,569 Laukka Katu Suite 9,Vantaa,Uusimaa,Vantaa,01650,60.238640193802134,24.864349904587087,3250.0,0.0
6c92ba21-c795-4a39-80ff-13d538bcd370,1946-10-12,,999-22-8446,S99982685,X55780594X,Mr.,Jouni-Pekka,Sorokin,,,M,white,nonhispanic,M,Hyvinkää  Uusimaa  FI,586 Viukari Katu Suite 61,Hanko,Uusimaa,Hanko,10900,59.83485698690833,22.965795679565822,7875.0,0.0
ad139c20-bdc4-48b2-920f-1468ca749503,1958-08-04,1971-03-13,999-98-6656,,,,Ossi-Pekka,Alanissi,,,,white,nonhispanic,M,Nurmijärvi  Uusimaa  FI,147 Poutanen Katu,Tuusula,Uusimaa,Tuusula,04340,60.424325546410785,25.02128224666986,2750.0,0.0
db2442f1-b420-46b7-91cb-2e2ff5578ac6,2003-06-17,,999-84-1011,S99939226,,,Beeda,Myötyri,,,,white,nonhispanic,F,Espoo  Uusimaa  FI,154 Huttula Katu,Helsinki,Uusimaa,Helsinki,00940,60.167511428823595,24.867889525456814,3125.0,0.0
09961169-3321-432a-99f5-4638aa3a4029,1935-08-08,,999-89-3727,S99964635,X76594302X,Mrs.,Anne-Mai,Kaukinen,,Hulsi,M,white,nonhispanic,F,Helsinki  Uusimaa  FI,657 Vallas Katu Unit 63,Espoo,Uusimaa,Espoo,02240,60.149526992904995,24.67464015275928,9250.0,0.0
4dd102b6-0eec-4b3f-8747-3562a513ad7e,1998-07-10,,999-79-1542,S99928695,X55140473X,Mr.,Mathew,Vuorre,,,,white,nonhispanic,M,Helsinki  Uusimaa  FI,986 Liekkinen Katu Suite 30,Helsinki,Uusimaa,Helsinki,00800,60.18760182445523,24.935596148975673,3500.0,0.0
4e6567ed-ec19-43c9-905d-188a58d3c2ed,1985-09-05,,999-64-9156,S99936380,X72422154X,Mrs.,Apila,Lounaskorpi,,Istolainen,M,white,nonhispanic,F,Nurmijärvi  Uusimaa  FI,968 Kerokoski Katu Apt 55,Helsinki,Uusimaa,Helsinki,00680,60.135269590038206,25.009147672590366,4455.3,0.0
2b2130c5-541d-4493-ad6f-20be333cda6d,1949-09-06,,999-41-5904,S99992540,X30588551X,Mr.,Axu,Linsén,,,M,white,nonhispanic,M,Espoo  Uusimaa  FI,183 Laitio Katu,Vantaa,Uusimaa,Vantaa,01280,60.24583829560751,25.042569889366792,7500.0,0.0
fe725240-23b3-4165-9bdc-0f49f1395dfb,1952-05-04,,999-69-9493,S99965437,X42387524X,Mr.,Joni-Pekka,Ahokannas,,,M,white,nonhispanic,M,Loviisa  Uusimaa  FI,170 Viinikangas Katu,Vantaa,Uusimaa,Vantaa,01770,60.25874313188065,24.922481138785027,7125.0,0.0
2b19d587-73c6-4fc5-934b-b7b0dc261294,1982-04-11,,999-85-9164,S99936547,X71606614X,Mr.,Bart,Pylväläinen,,,M,white,nonhispanic,M,Vantaa  Uusimaa  FI,1052 Huhtahaara Katu Apt 36,Kerava,Uusimaa,Kerava,04260,60.33573989287547,25.136786447400183,4250.0,0.0
4cc2467b-faa5-4909-a0ff-f658e3e34451,2005-12-03,,999-99-7278,,,,Viggo,Syväsalo,,,,white,nonhispanic,M,Espoo  Uusimaa  FI,126 Asiainen Katu Unit 73,Espoo,Uusimaa,Espoo,02980,60.22043655823714,24.703330288128463,2875.0,0.0
50bb3795-96a7-44c4-a6b4-0b74e6070d93,1993-06-18,,999-87-9851,S99987308,X27279590X,Mr.,Fabian,Istukaissaari,,,,white,nonhispanic,M,Espoo  Uusimaa  FI,574 Puuri Katu Suite 19,Vantaa,Uusimaa,Vantaa,01710,60.280985086430405,24.843205968065778,3750.0,0.0
04328ee5-dc93-471d-9b99-fb1712508916,1940-06-13,,999-87-1509,S99959176,X551799X,Mrs.,Helfrid,Laalahti,,Saranki,M,white,nonhispanic,F,Kirkkonummi  Uusimaa  FI,625 Watts Katu Unit 52,Kerava,Uusimaa,Kerava,04220,60.400188543498025,25.116652092361154,15369.24,0.0
a7e336e4-cdca-4fa6-a541-59aa317fa8d7,1984-07-17,,999-22-8580,S99938305,X36917817X,Mr.,Maximiliam,Imberg,,,M,white,nonhispanic,M,Helsinki  Uusimaa  FI,1071 Vyhtinen Katu Apt 97,Helsinki,Uusimaa,Helsinki,00870,60.19756410940312,25.00182452639787,4125.0,0.0
90cfbf84-a054-486b-93d4-f56be6acc0f6,1973-03-28,,999-63-9848,S99943294,X77133454X,Mrs.,Kara,Kursukangas,,Kiukas,M,white,nonhispanic,F,Helsinki  Uusimaa  FI,298 Al-Essa Katu Apt 61,Helsinki,Uusimaa,Helsinki,00440,60.241395231235146,25.042201526251656,4750.0,0.0
0b5f8ad5-cc58-4bb9-88fb-4fcf4cb0c0c4,1958-08-04,,999-57-5025,S99957637,X3091262X,Mr.,Teijonpoika,Pentinmäki,,,M,white,nonhispanic,M,Vantaa  Uusimaa  FI,604 Kianen Katu Suite 75,Tuusula,Uusimaa,Tuusula,04300,60.479927916296276,25.046960777066616,12765.29,0.0
ecd6a691-4156-4d9d-bbea-2e9faa938279,2019-12-22,,999-48-2375,,,,Karo,Sheikh Musse,,,,white,nonhispanic,M,Helsinki  Uusimaa  FI,747 Luonuansuu Katu Apt 2,Vantaa,Uusimaa,Vantaa,01340,60.33324776136491,25.050058403261975,250.0,0.0
14c97af9-2cb9-4775-b7ac-4ea92081b558,2000-08-15,,999-97-3243,S99964851,,Mr.,Rostislav,Niittunen,,,,white,nonhispanic,M,Tuusula  Uusimaa  FI,433 Syrjä Katu,Helsinki,Uusimaa,Helsinki,00120,60.23098578628601,25.08588290605087,3500.0,0.0
5e207dc0-204e-43f4-9514-f546ba3ec474,1980-10-03,,999-66-4063,S99916009,X15292799X,Mrs.,Ciara,Koskipaasi,,Huynh,M,white,nonhispanic,F,Tuusula  Uusimaa  FI,459 Toljamo Katu,Helsinki,Uusimaa,Helsinki,00600,60.184318054843544,24.908766941794163,4250.0,0.0
e3fa4445-21b9-42f1-8316-aaec1d61ed21,1994-01-15,,999-13-2151,S99935394,X84685995X,Ms.,Kathy,Hilpinen,,,,white,nonhispanic,F,Helsinki  Uusimaa  FI,481 Atkins Katu Unit 37,Nurmijärvi,Uusimaa,Nurmijärvi,05250,60.35314622876544,24.61199094112019,3932.79,0.0
4779238c-0841-4131-a2f9-dc43fb8d6ce4,1984-11-08,,999-65-7929,S99926413,X1749675X,Mr.,Logan,Metsä-Ketelä,,,M,white,nonhispanic,M,Helsinki  Uusimaa  FI,535 Kesälahti Katu Unit 73,Espoo,Uusimaa,Espoo,02680,60.17175595859175,24.78815496609061,4125.0,0.0
66778d84-fac2-4bce-b5ad-4b41dee0a766,2017-07-03,,999-16-8451,,,,Niia,Apiainen,,,,white,nonhispanic,F,Järvenpää  Uusimaa  FI,612 Leman Katu Suite 8,Espoo,Uusimaa,Espoo,02650,60.15666692463583,24.750570447092315,1250.0,0.0
3b70e90a-2c82-455b-98f8-767ee3ff355d,1968-09-05,,999-98-2897,S99946144,X924204X,Mrs.,Alexina,Lammassaari,,Autiomäki,M,white,nonhispanic,F,Helsinki  Uusimaa  FI,333 Kööpikkä Katu Apt 3,Helsinki,Uusimaa,Helsinki,00900,60.19682579780362,25.11900087364599,5125.0,0.0
b6413621-2ff4-4461-ab16-55c9d7b6c5d0,1983-08-07,,999-56-7495,S99931580,X9107309X,Mr.,Jussipekka,Aura,,,M,white,nonhispanic,M,Helsinki  Uusimaa  FI,134 Ruosteenoja Katu,Helsinki,Uusimaa,Helsinki,00530,60.23063107540563,24.929619759045387,4125.0,0.0
04414a90-96a1-46bb-8389-38f052af2544,1988-06-07,,999-70-1420,S99967067,X70310042X,Mrs.,Tea,Boij,,Korpelainen,M,white,nonhispanic,F,Helsinki  Uusimaa  FI,917 Uponen Katu,Nurmijärvi,Uusimaa,Nurmijärvi,01800,60.41414365990142,24.84005673421643,4283.99,0.0
aa133cc7-4620-4910-86b5-7a27a8caf2ce,2004-02-19,,999-25-4380,S99959112,,,Arna,Kyttä,,,,white,nonhispanic,F,Sipoo  Uusimaa  FI,239 Kurjenniemi Katu Suite 92,Tuusula,Uusimaa,Tuusula,04330,60.554003939647636,25.084655186429323,3000.0,0.0
eb98f3e3-98e6-4372-b462-7bb14ecf1893,1976-07-21,,999-36-6897,S99918525,X32343834X,Mrs.,Wilhelmine,Jäätteenmäki,PhD,Mäki-Kokkila,M,white,nonhispanic,F,Mäntsälä  Uusimaa  FI,376 Kinkki Katu,Vantaa,Uusimaa,Vantaa,01280,60.25683906999481,25.119992203703575,4500.0,0.0
ce3b4519-fd73-4ae2-9c6a-a0a858f727e2,1993-10-14,,999-32-2987,S99961663,X38835233X,Mr.,Harrison,Tuomilaakso,,,,white,nonhispanic,M,Helsinki  Uusimaa  FI,562 Peritalo Katu,Pornainen,Uusimaa,Pornainen,07190,60.44478541747924,25.36570855072018,3750.0,0.0
468028f2-5b37-48cb-8887-e1c740e2623c,1965-01-18,,999-77-7291,S99958923,X69136794X,Mrs.,Faisa,Kallunki,,Aso,M,white,nonhispanic,F,Helsinki  Uusimaa  FI,1012 Nikanto Katu Apt 82,Helsinki,Uusimaa,Helsinki,00120,60.22031162185598,24.92913086662772,5625.0,0.0
d5fd29c7-6e8c-4635-867c-95a570c3ed8a,1976-08-23,,999-54-8863,S99929253,X41761311X,Mrs.,Liljan,Blomerus,JD,Sotka,M,white,nonhispanic,F,Espoo  Uusimaa  FI,824 Palmroos Katu Unit 76,Helsinki,Uusimaa,Helsinki,00250,60.210497333425955,24.92639914371792,6375.0,0.0
ba4e60f5-657e-48b6-a6ab-74041ea6b7a3,1940-03-19,2011-05-10,999-78-5197,S99922664,X80486133X,Mr.,Tord,Varhe,,,M,white,nonhispanic,M,Espoo  Uusimaa  FI,628 Seestie Katu,Helsinki,Uusimaa,Helsinki,00390,60.23675258651032,25.099110719083676,8274.22,0.0
98be60dc-729d-4b15-835c-b4e0ab16848c,1961-03-07,,999-94-7755,S99929333,X42430610X,Mrs.,Maija-Liisa,Riihelä,,Koivunoro,M,white,nonhispanic,F,Porvoo  Uusimaa  FI,298 Lintelä Katu Suite 49,Lohja,Uusimaa,Lohja,08480,60.284029105031095,24.22431749483537,6000.0,0.0
d9a23e59-e069-4d30-b5eb-683c24e81408,1958-04-18,1990-08-24,999-72-6139,S99952778,X26225000X,Mr.,Elon,Willgren,,,S,white,nonhispanic,M,Helsinki  Uusimaa  FI,334 Lintusaari Katu Unit 93,Helsinki,Uusimaa,Helsinki,00980,60.31703112607304,25.03709986115563,5141.72,0.0
a7b56a7a-e0d3-409c-9390-8109d170cd0e,1977-09-13,,999-11-1210,S99918928,X17753881X,Mr.,Lennard,Mönttinen,,,M,white,nonhispanic,M,Espoo  Uusimaa  FI,507 Jyrkkiö Katu Suite 70,Espoo,Uusimaa,Espoo,02780,60.203712636896455,24.65636346099109,4500.0,0.0
a0701ef3-6a06-4a5f-8e97-adcf56cb4542,2014-10-30,,999-67-8780,,,,Anima,Haapaharju,,,,white,nonhispanic,F,Vantaa  Uusimaa  FI,102 Parkkisenniemi Katu,Järvenpää,Uusimaa,Järvenpää,04440,60.54063786700039,25.069070641735237,1750.0,0.0
6b71fecb-34c6-4053-968c-32fbe43f1a29,1964-08-27,,999-99-7852,S99957452,X58427424X,Mrs.,Iiri,Laasonen,,Hautasuo,M,white,nonhispanic,F,Nurmijärvi  Uusimaa  FI,360 Suopajärvi Katu,Tuusula,Uusimaa,Tuusula,04370,60.53980952628747,24.958542784701486,5625.0,0.0
55a0bf2e-e6c8-42ab-817b-f97419b3a953,1945-02-16,,999-49-8714,S99921400,X24848796X,Mrs.,Ann-Christina,Lindgren,,Harsunen,M,white,nonhispanic,F,Helsinki  Uusimaa  FI,319 Jänne Katu Unit 99,Helsinki,Uusimaa,Helsinki,00240,60.23026989485946,25.061265385166852,8000.0,0.0
bc074483-7a28-4e79-ad05-012a445f9201,2005-02-24,,999-95-5082,,,,Seea,Ahovalli,,,,white,nonhispanic,F,Helsinki  Uusimaa  FI,1097 Roine Katu Apt 91,Kerava,Uusimaa,Kerava,04220,60.35430721285561,25.082098729396026,2875.0,0.0
982014c1-632f-498c-a65e-256f029cd5da,1971-03-15,,999-64-5090,S99929578,X29549523X,Mr.,Elis,Longi,,,M,white,nonhispanic,M,Espoo  Uusimaa  FI,370 Oksaharju Katu,Vantaa,Uusimaa,Vantaa,01450,60.356410962138334,25.080208146520626,4875.0,0.0
2f15bb4c-e3dc-4e6b-a5eb-b43fbc09d67c,1975-05-14,,999-53-1670,S99927755,X51411046X,Mrs.,Eliida,Kylmäoja,,Yrttimaa,M,white,nonhispanic,F,Helsinki  Uusimaa  FI,545 Laisaari Katu,Helsinki,Uusimaa,Helsinki,00140,60.16331480367224,24.88244837649963,4625.0,0.0
9dfa20d9-9aec-455b-a820-2abce786594d,1995-01-31,,999-54-2347,S99921308,X15153614X,Mr.,Armo,Stepanow,,,,white,nonhispanic,M,Nurmijärvi  Uusimaa  FI,653 Hanhinen Katu Suite 58,Vantaa,Uusimaa,Vantaa,01300,60.33040074313326,24.828606375887098,3625.0,0.0
c58fd178-66c4-4118-a90c-65d075f9780c,1932-08-03,,999-67-3952,S99989510,X87663198X,Ms.,Fiona,Carlsson,,,S,white,nonhispanic,F,Espoo  Uusimaa  FI,268 Kyötikki Katu,Helsinki,Uusimaa,Helsinki,00190,60.287019174845646,24.9056487107581,9625.0,0.0
2cf36914-4ee0-4515-afde-d2d0b6366d7e,1997-12-08,,999-68-2940,S99958290,X82232844X,Ms.,Anmari,Kärkkänen,,,,white,nonhispanic,F,Espoo  Uusimaa  FI,415 Romppanen Katu,Helsinki,Uusimaa,Helsinki,00670,60.1566800523697,24.9925524901256,3625.0,0.0
86489b56-49a9-4044-b569-bebe2ffa91fd,1958-04-18,,999-73-8383,S99952987,X58343720X,Mr.,Umberto,Vikars,,,M,white,nonhispanic,M,Espoo  Uusimaa  FI,577 Falk Katu,Helsinki,Uusimaa,Helsinki,00140,60.16926513691365,24.965347890220876,6375.0,0.0
555030d9-a5d1-4181-b5a6-470e07aa8497,1980-07-16,,999-59-2242,S99929948,X37104572X,Mr.,Remo,Veijalainen,,,M,white,nonhispanic,M,Brasilia  Federal District  BR,228 Laesvuori Katu,Raasepori,Uusimaa,Raasepori,10470,60.12200878765273,23.810457803488816,4250.0,0.0
db52f752-794f-4051-84fe-095bdda3a71e,1968-03-02,,999-94-3266,S99992909,X73459177X,Mrs.,Yael,Eld,,Korkee,M,white,nonhispanic,F,Helsinki  Uusimaa  FI,920 Humaloja Katu,Helsinki,Uusimaa,Helsinki,00970,60.19418057289648,24.92477601013676,5125.0,0.0
966aaf86-03be-48c7-92a2-0ec0c130f4ed,1940-03-19,,999-85-5112,S99993755,X2359933X,Mr.,Ram,Puheloinen,,,M,white,nonhispanic,M,Porvoo  Uusimaa  FI,622 Suvanto Katu,Helsinki,Uusimaa,Helsinki,00400,60.14907561314889,25.081495489099705,11881.15,0.0
34fe686d-6672-4528-8bbc-db1da5249fed,1993-02-28,,999-52-2197,S99924577,X88345883X,Ms.,Rosie,Marjeta,,,S,white,nonhispanic,F,Helsinki  Uusimaa  FI,306 Antikainen Katu,Espoo,Uusimaa,Espoo,02340,60.214337474855746,24.773764571173118,3750.0,0.0
0911a9c1-cac6-4a9e-a5cb-e8d75504f452,2007-04-19,,999-86-5475,,,,Gabriella,Mihailov,,,,white,nonhispanic,F,Kerava  Uusimaa  FI,400 Alakarhu Katu,Helsinki,Uusimaa,Helsinki,00660,60.22641873074049,24.973009026191384,2625.0,0.0
752f6ee3-e6b9-485a-a71d-7763890093b1,1996-06-26,,999-59-7613,S99922839,X25287067X,Ms.,Inge-May,Kunnari,,,,white,nonhispanic,F,Vantaa  Uusimaa  FI,837 Löf Katu Suite 18,Porvoo,Uusimaa,Porvoo,07310,60.514848862864866,25.747822982629216,3625.0,0.0
e9aefcb2-1917-4366-8d14-e9b6b1f2deae,1937-01-18,2018-10-29,999-62-3367,S99986886,X46316064X,Mr.,Cooper,Massala,,,M,white,nonhispanic,M,Lohja  Uusimaa  FI,471 Ruostetoja Katu,Helsinki,Uusimaa,Helsinki,00100,60.14126964605581,24.98126217548605,21879.39,0.0
f6440be9-ca2a-47ef-babb-a0d0424dc416,1964-12-13,,999-37-1413,S99984473,X5106832X,Mr.,Saleban,Lehesvirta,,,S,white,nonhispanic,M,Vantaa  Uusimaa  FI,387 Astala Katu Apt 23,Raasepori,Uusimaa,Raasepori,10680,60.130479042669116,23.712215971889904,5625.0,0.0
951f425e-3360-480e-8955-43bc8b980ec2,1974-05-23,,999-95-1857,S99982900,X36444348X,Mrs.,Semra,Lillvis,,Bernas,M,white,nonhispanic,F,Kirkkonummi  Uusimaa  FI,450 Jussilainen Katu,Helsinki,Uusimaa,Helsinki,00370,60.208258829739684,24.907493642621098,4875.0,0.0
887c739d-d9ec-44ae-b8fb-7807303518d7,2000-07-27,,999-48-4647,S99994060,,Ms.,Sanna-Elina,Uusipaikka,,,,white,nonhispanic,F,Helsinki  Uusimaa  FI,671 Lipitsäinen Katu,Nurmijärvi,Uusimaa,Nurmijärvi,01860,60.375271133322215,24.715696382760527,3500.0,0.0
34242169-399f-4adb-9449-5004cf54ecc9,1956-09-22,,999-94-7962,S99966629,X31449659X,Mrs.,Lovis,Sommardahl,,Paski,M,white,nonhispanic,F,Helsinki  Uusimaa  FI,784 Vahlberg Katu,Järvenpää,Uusimaa,Järvenpää,04410,60.52585358052439,25.13729186836973,6625.0,0.0
e13e7758-7192-48bb-bd1a-b7facbfd856e,1989-10-12,,999-45-7643,S99952852,X20415984X,Mrs.,Rahel,Lintala,,Vase,M,white,nonhispanic,F,Järvenpää  Uusimaa  FI,947 Järviaho Katu Suite 79,Kirkkonummi,Uusimaa,Kirkkonummi,02450,60.10269846727955,24.597126111999316,3875.0,0.0
84413d09-879c-4d65-920d-8ae54c45df55,1945-03-16,,999-77-9505,S99918024,X31332235X,Ms.,Riina-Lotta,Liius,,,S,white,nonhispanic,F,Pornainen  Uusimaa  FI,798 Jerkku Katu Suite 71,Vantaa,Uusimaa,Vantaa,01450,60.216981853845766,25.14322691845701,8000.0,0.0
49bb818e-6360-4154-9357-0bea7dade06e,1983-04-22,,999-15-1530,S99947150,X28264249X,Mrs.,Linda-Marie,Långvik,,Kaakkolammi,M,white,nonhispanic,F,Raasepori  Uusimaa  FI,956 Jousa Katu Apt 89,Helsinki,Uusimaa,Helsinki,00870,60.23779453083643,25.16640479454683,4125.0,0.0
d8f89147-3427-4d5c-b78f-9eb3a287d419,1973-08-17,,999-58-4006,S99927697,X72014546X,Mrs.,Jenita,Vasara,,Helevä,M,white,nonhispanic,F,Helsinki  Uusimaa  FI,681 Piilikangas Katu Suite 13,Helsinki,Uusimaa,Helsinki,00760,60.27714118196342,25.029602920145773,4750.0,0.0
8879d43e-5908-4996-ae1c-5ea63ae2f9a5,1957-06-13,,999-59-1907,S99932865,X62537926X,Mr.,Leimu,Mortensen,,,M,white,nonhispanic,M,Vantaa  Uusimaa  FI,317 Kojola Katu Unit 66,Hyvinkää,Uusimaa,Hyvinkää,05620,60.67396163399299,24.938288637862296,6500.0,0.0
16b8add0-a1ef-4c7d-a1d8-cb6117515c66,1983-08-06,,999-29-7387,S99921949,X21901100X,Mr.,Karl-Olof,Suurpää,,,M,white,nonhispanic,M,Espoo  Uusimaa  FI,511 Ryynänen Katu Suite 72,Vihti,Uusimaa,Vihti,03320,60.354260029465166,24.471312078073684,4125.0,0.0
4279624d-07fa-42df-850e-115aaf1698c7,1989-08-23,,999-52-5356,S99973342,X14993613X,Mrs.,Izabela,Geust,,Eeronheimo,M,white,nonhispanic,F,Tuusula  Uusimaa  FI,729 Turpeinen Katu Apt 8,Helsinki,Uusimaa,Helsinki,00950,60.21363177402013,24.90320876029595,3875.0,0.0
7ad2a3d6-a117-47ce-b537-d7047c817a55,1994-12-03,,999-45-6364,S99994133,X68554618X,Ms.,Jannika,Salmia,,,,white,nonhispanic,F,Raasepori  Uusimaa  FI,858 Merkkiniemi Katu Unit 83,Kerava,Uusimaa,Kerava,04230,60.43485477334806,25.107523193800187,4001.9,0.0
d1843a94-a10a-4357-93f1-ca024966dfdf,1982-07-14,,999-31-9486,S99944581,X29781700X,Mr.,Emrik,Koli,,,M,white,nonhispanic,M,Järvenpää  Uusimaa  FI,743 Yli-Länttä Katu Apt 96,Vantaa,Uusimaa,Vantaa,01630,60.28424832888439,25.022924479234135,4250.0,0.0
54507060-768c-49f2-b455-9fc87d95472f,1987-09-03,,999-41-6065,S99932445,X72836803X,Mrs.,Kaisu-Leena,Jokirinta,,Vesterinen,M,white,nonhispanic,F,Sipoo  Uusimaa  FI,261 Näyhä Katu Unit 63,Järvenpää,Uusimaa,Järvenpää,04400,60.41560761482622,25.11842234021264,4000.0,0.0
1218fc59-309a-49ee-98be-aef5b248c42a,2018-06-09,,999-58-5403,,,,Annea,Jäkkö,,,,white,nonhispanic,F,Helsinki  Uusimaa  FI,528 Särkimäki Katu,Kirkkonummi,Uusimaa,Kirkkonummi,02470,60.186110306135234,24.487533811178817,1000.0,0.0
aef6448c-c06a-48e0-917f-1edde02dd69b,1937-01-18,,999-98-2402,S99976881,X5156926X,Mr.,Valter,Kuustonen,,,M,white,nonhispanic,M,Helsinki  Uusimaa  FI,510 Tunturila Katu,Helsinki,Uusimaa,Helsinki,00640,60.244684718692966,24.9853570122285,15700.02,0.0
cde58499-a7e8-43ff-971b-5051d07e0836,1981-06-08,,999-68-9512,S99992129,X55437416X,Mrs.,Faye,Brooks,,Nivalinna,M,white,nonhispanic,F,Karkkila  Uusimaa  FI,461 Cavenius Katu Suite 23,Vantaa,Uusimaa,Vantaa,01260,60.27595663689216,25.113676315847986,4250.0,0.0
ae8a022f-c198-4150-8001-61df62bb9402,1973-08-05,,999-42-4763,S99911300,X502968X,Mr.,Hamze,Kurran-Kuusela,,,M,white,nonhispanic,M,Nurmijärvi  Uusimaa  FI,865 Demirel Katu,Helsinki,Uusimaa,Helsinki,00840,60.22717953475233,24.904186159953316,4750.0,0.0
4aee02fb-ee15-41e9-92da-6a95bf3012d0,1955-10-06,,999-87-1856,S99977059,X5780877X,Mrs.,Faisa,Riento,,Heinälehto,M,white,nonhispanic,F,Helsinki  Uusimaa  FI,462 Jyväkorpi Katu,Hyvinkää,Uusimaa,Hyvinkää,05880,60.57928497186339,24.886225461250334,6750.0,0.0
9fa4dcfb-ab36-4b81-8295-93166b4be586,1987-02-18,,999-76-9713,S99931615,X7762443X,Mr.,Eemili,Soldan,,,M,white,nonhispanic,M,Vihti  Uusimaa  FI,988 Tollola Katu,Loviisa,Uusimaa,Loviisa,07700,60.30789015747848,26.25040686652634,4000.0,0.0
e2297268-1612-44c4-9d47-5e4cf8e79db5,1961-02-12,,999-81-7848,S99928805,X17647207X,Mrs.,Ainoliisa,Aittapelto,,Mursunen,M,white,nonhispanic,F,Mäntsälä  Uusimaa  FI,974 Vuoto Katu Apt 16,Helsinki,Uusimaa,Helsinki,00770,60.1508563250674,24.902922112766706,6000.0,0.0
a5d775b7-d91e-42ec-a37a-6291d00eb51a,1946-03-05,2011-06-14,999-15-4307,S99910517,X60276692X,Mrs.,Minette,Pörhönen,,Ackrén,M,white,nonhispanic,F,Helsinki  Uusimaa  FI,116 Palmgrén Katu,Askola,Uusimaa,Askola,07230,60.5551039849147,25.61035855691052,7651.35,0.0
3944027e-a4b9-4cfb-8ca4-e52718c2659f,1946-04-26,,999-68-3358,S99916458,X27066855X,Mrs.,Jonna-Mari,Mäkipää,,Varteva,M,white,nonhispanic,F,Nurmijärvi  Uusimaa  FI,541 Snårbacka Katu Apt 9,Helsinki,Uusimaa,Helsinki,00130,60.1555203501988,25.09859731627916,7875.0,0.0
2a01d8ab-ff27-4c61-a150-c11afe43dee8,1946-03-05,,999-99-7681,S99994968,X58500702X,Mrs.,Inga,Ratus,,Harri,M,white,nonhispanic,F,Helsinki  Uusimaa  FI,780 Lindgrén Katu,Askola,Uusimaa,Askola,07580,60.47951682315973,25.514246510893013,7875.0,0.0
