PATIENT,START_YEAR,END_YEAR,PAYER,OWNERSHIP
acfd7772-7619-406b-bd3e-fd9213181c4d,1984,2002,e15e7b92-f376-374f-9285-2f59a38ad823,Guardian
cb5e9d08-71e9-4da9-90cc-45171cdac23e,1971,1989,e15e7b92-f376-374f-9285-2f59a38ad823,Guardian
c9648bd6-8e4b-42dd-ae78-a69d009b5ccd,1964,1982,e15e7b92-f376-374f-9285-2f59a38ad823,Guardian
77cda4e2-91e3-4fd9-8a25-5ad226900458,1954,1972,e15e7b92-f376-374f-9285-2f59a38ad823,Guardian
cfdecc37-d9ad-4891-aa7a-f8a890f207ff,1957,1975,e15e7b92-f376-374f-9285-2f59a38ad823,Guardian
9b8a82c4-2c38-435a-bb98-3321dcc697f8,1944,1962,e15e7b92-f376-374f-9285-2f59a38ad823,Guardian
52aa335c-0508-4632-86d8-824e69df708d,1946,1964,e15e7b92-f376-374f-9285-2f59a38ad823,Guardian
821cc792-7258-4187-bf15-b29fdc6ac461,1946,1964,e15e7b92-f376-374f-9285-2f59a38ad823,Guardian
ee064682-5e40-4801-a4fd-b22fa0a1dc00,1995,2013,e15e7b92-f376-374f-9285-2f59a38ad823,Guardian
708c8187-87ca-41a6-992e-83551566c81d,1990,2008,e15e7b92-f376-374f-9285-2f59a38ad823,Guardian
7c786168-a99e-47d4-be53-e1ff2adeafce,1960,1978,e15e7b92-f376-374f-9285-2f59a38ad823,Guardian
dcd5a754-b9bb-420a-b730-58c11f7532e9,1996,1996,b1c428d6-4f07-31e0-90f0-68ffa6ff8c76,
dcd5a754-b9bb-420a-b730-58c11f7532e9,1997,1997,e15e7b92-f376-374f-9285-2f59a38ad823,
dcd5a754-b9bb-420a-b730-58c11f7532e9,1998,2014,e15e7b92-f376-374f-9285-2f59a38ad823,Guardian
5d04f0fb-ce77-48bb-a382-f79e04d715e6,1985,2003,e15e7b92-f376-374f-9285-2f59a38ad823,Guardian
48972980-f755-4ce1-b165-46b1a09d1521,1998,2016,e15e7b92-f376-374f-9285-2f59a38ad823,Guardian
fd977778-558c-4001-850e-a3827ba55234,1983,2001,e15e7b92-f376-374f-9285-2f59a38ad823,Guardian
ead035b4-4db5-4d9e-be5d-735e721cbbbb,1975,1993,e15e7b92-f376-374f-9285-2f59a38ad823,Guardian
86de062c-3771-4c95-a2c7-871b5803f030,1951,1969,e15e7b92-f376-374f-9285-2f59a38ad823,Guardian
49492bc7-2bbc-49bc-b9dc-ccdbfb596200,1988,2006,e15e7b92-f376-374f-9285-2f59a38ad823,Guardian
5c0ffb9d-dc6a-4282-9edc-7d74249eea85,1979,1997,e15e7b92-f376-374f-9285-2f59a38ad823,Guardian
aa0162cd-9c8e-4580-8ec1-5909334d4b11,1923,1941,e15e7b92-f376-374f-9285-2f59a38ad823,Guardian
ccd11ad9-2a9e-4af6-af8b-33dd59d509a6,1956,1974,e15e7b92-f376-374f-9285-2f59a38ad823,Guardian
881d9ac8-fad0-4807-b589-f9c716b2c4f4,2000,2018,e15e7b92-f376-374f-9285-2f59a38ad823,Guardian
acd039ef-8462-4e34-be85-6f125444ee38,1978,1996,e15e7b92-f376-374f-9285-2f59a38ad823,Guardian
ab20c0fc-957c-49a2-ac9e-e98fdb304303,1986,2004,e15e7b92-f376-374f-9285-2f59a38ad823,Guardian
49da6d9a-c6e4-40f3-be2d-3094a1e4551c,1977,1995,e15e7b92-f376-374f-9285-2f59a38ad823,Guardian
2841c130-3a04-4826-9901-2537dc88c7c0,1992,2010,e15e7b92-f376-374f-9285-2f59a38ad823,Guardian
6c92ba21-c795-4a39-80ff-13d538bcd370,1946,1964,e15e7b92-f376-374f-9285-2f59a38ad823,Guardian
09961169-3321-432a-99f5-4638aa3a4029,1935,1953,e15e7b92-f376-374f-9285-2f59a38ad823,Guardian
4dd102b6-0eec-4b3f-8747-3562a513ad7e,1998,2016,e15e7b92-f376-374f-9285-2f59a38ad823,Guardian
4e6567ed-ec19-43c9-905d-188a58d3c2ed,1985,2003,e15e7b92-f376-374f-9285-2f59a38ad823,Guardian
2b2130c5-541d-4493-ad6f-20be333cda6d,1949,1967,e15e7b92-f376-374f-9285-2f59a38ad823,Guardian
fe725240-23b3-4165-9bdc-0f49f1395dfb,1952,1970,e15e7b92-f376-374f-9285-2f59a38ad823,Guardian
2b19d587-73c6-4fc5-934b-b7b0dc261294,1982,2000,e15e7b92-f376-374f-9285-2f59a38ad823,Guardian
50bb3795-96a7-44c4-a6b4-0b74e6070d93,1993,2011,e15e7b92-f376-374f-9285-2f59a38ad823,Guardian
04328ee5-dc93-471d-9b99-fb1712508916,1940,1958,e15e7b92-f376-374f-9285-2f59a38ad823,Guardian
a7e336e4-cdca-4fa6-a541-59aa317fa8d7,1984,2002,e15e7b92-f376-374f-9285-2f59a38ad823,Guardian
90cfbf84-a054-486b-93d4-f56be6acc0f6,1973,1991,e15e7b92-f376-374f-9285-2f59a38ad823,Guardian
0b5f8ad5-cc58-4bb9-88fb-4fcf4cb0c0c4,1958,1976,e15e7b92-f376-374f-9285-2f59a38ad823,Guardian
14c97af9-2cb9-4775-b7ac-4ea92081b558,2000,2018,e15e7b92-f376-374f-9285-2f59a38ad823,Guardian
5e207dc0-204e-43f4-9514-f546ba3ec474,1980,1998,e15e7b92-f376-374f-9285-2f59a38ad823,Guardian
e3fa4445-21b9-42f1-8316-aaec1d61ed21,1994,2012,e15e7b92-f376-374f-9285-2f59a38ad823,Guardian
4779238c-0841-4131-a2f9-dc43fb8d6ce4,1984,2002,e15e7b92-f376-374f-9285-2f59a38ad823,Guardian
3b70e90a-2c82-455b-98f8-767ee3ff355d,1968,1986,e15e7b92-f376-374f-9285-2f59a38ad823,Guardian
b6413621-2ff4-4461-ab16-55c9d7b6c5d0,1983,2001,e15e7b92-f376-374f-9285-2f59a38ad823,Guardian
04414a90-96a1-46bb-8389-38f052af2544,1988,2006,e15e7b92-f376-374f-9285-2f59a38ad823,Guardian
eb98f3e3-98e6-4372-b462-7bb14ecf1893,1976,1994,e15e7b92-f376-374f-9285-2f59a38ad823,Guardian
ce3b4519-fd73-4ae2-9c6a-a0a858f727e2,1993,2011,e15e7b92-f376-374f-9285-2f59a38ad823,Guardian
468028f2-5b37-48cb-8887-e1c740e2623c,1965,1983,e15e7b92-f376-374f-9285-2f59a38ad823,Guardian
d5fd29c7-6e8c-4635-867c-95a570c3ed8a,1976,1994,e15e7b92-f376-374f-9285-2f59a38ad823,Guardian
ba4e60f5-657e-48b6-a6ab-74041ea6b7a3,1940,1958,e15e7b92-f376-374f-9285-2f59a38ad823,Guardian
ba4e60f5-657e-48b6-a6ab-74041ea6b7a3,1959,2011,e15e7b92-f376-374f-9285-2f59a38ad823,Self
98be60dc-729d-4b15-835c-b4e0ab16848c,1961,1979,e15e7b92-f376-374f-9285-2f59a38ad823,Guardian
d9a23e59-e069-4d30-b5eb-683c24e81408,1958,1976,e15e7b92-f376-374f-9285-2f59a38ad823,Guardian
d9a23e59-e069-4d30-b5eb-683c24e81408,1977,1990,e15e7b92-f376-374f-9285-2f59a38ad823,Self
a7b56a7a-e0d3-409c-9390-8109d170cd0e,1977,1995,e15e7b92-f376-374f-9285-2f59a38ad823,Guardian
6b71fecb-34c6-4053-968c-32fbe43f1a29,1964,1982,e15e7b92-f376-374f-9285-2f59a38ad823,Guardian
55a0bf2e-e6c8-42ab-817b-f97419b3a953,1945,1963,e15e7b92-f376-374f-9285-2f59a38ad823,Guardian
982014c1-632f-498c-a65e-256f029cd5da,1971,1989,e15e7b92-f376-374f-9285-2f59a38ad823,Guardian
2f15bb4c-e3dc-4e6b-a5eb-b43fbc09d67c,1975,1993,e15e7b92-f376-374f-9285-2f59a38ad823,Guardian
9dfa20d9-9aec-455b-a820-2abce786594d,1995,2013,e15e7b92-f376-374f-9285-2f59a38ad823,Guardian
c58fd178-66c4-4118-a90c-65d075f9780c,1932,1950,e15e7b92-f376-374f-9285-2f59a38ad823,Guardian
2cf36914-4ee0-4515-afde-d2d0b6366d7e,1997,2015,e15e7b92-f376-374f-9285-2f59a38ad823,Guardian
86489b56-49a9-4044-b569-bebe2ffa91fd,1958,1976,e15e7b92-f376-374f-9285-2f59a38ad823,Guardian
555030d9-a5d1-4181-b5a6-470e07aa8497,1980,1998,e15e7b92-f376-374f-9285-2f59a38ad823,Guardian
db52f752-794f-4051-84fe-095bdda3a71e,1968,1986,e15e7b92-f376-374f-9285-2f59a38ad823,Guardian
966aaf86-03be-48c7-92a2-0ec0c130f4ed,1940,1958,e15e7b92-f376-374f-9285-2f59a38ad823,Guardian
34fe686d-6672-4528-8bbc-db1da5249fed,1993,2011,e15e7b92-f376-374f-9285-2f59a38ad823,Guardian
752f6ee3-e6b9-485a-a71d-7763890093b1,1996,2014,e15e7b92-f376-374f-9285-2f59a38ad823,Guardian
e9aefcb2-1917-4366-8d14-e9b6b1f2deae,1937,1955,e15e7b92-f376-374f-9285-2f59a38ad823,Guardian
e9aefcb2-1917-4366-8d14-e9b6b1f2deae,1956,2018,e15e7b92-f376-374f-9285-2f59a38ad823,Self
f6440be9-ca2a-47ef-babb-a0d0424dc416,1964,1982,e15e7b92-f376-374f-9285-2f59a38ad823,Guardian
951f425e-3360-480e-8955-43bc8b980ec2,1974,1992,e15e7b92-f376-374f-9285-2f59a38ad823,Guardian
887c739d-d9ec-44ae-b8fb-7807303518d7,2000,2018,e15e7b92-f376-374f-9285-2f59a38ad823,Guardian
34242169-399f-4adb-9449-5004cf54ecc9,1956,1974,e15e7b92-f376-374f-9285-2f59a38ad823,Guardian
e13e7758-7192-48bb-bd1a-b7facbfd856e,1989,2007,e15e7b92-f376-374f-9285-2f59a38ad823,Guardian
84413d09-879c-4d65-920d-8ae54c45df55,1945,1963,e15e7b92-f376-374f-9285-2f59a38ad823,Guardian
49bb818e-6360-4154-9357-0bea7dade06e,1983,2001,e15e7b92-f376-374f-9285-2f59a38ad823,Guardian
d8f89147-3427-4d5c-b78f-9eb3a287d419,1973,1991,e15e7b92-f376-374f-9285-2f59a38ad823,Guardian
8879d43e-5908-4996-ae1c-5ea63ae2f9a5,1957,1975,e15e7b92-f376-374f-9285-2f59a38ad823,Guardian
16b8add0-a1ef-4c7d-a1d8-cb6117515c66,1983,2001,e15e7b92-f376-374f-9285-2f59a38ad823,Guardian
4279624d-07fa-42df-850e-115aaf1698c7,1989,2007,e15e7b92-f376-374f-9285-2f59a38ad823,Guardian
7ad2a3d6-a117-47ce-b537-d7047c817a55,1994,2012,e15e7b92-f376-374f-9285-2f59a38ad823,Guardian
d1843a94-a10a-4357-93f1-ca024966dfdf,1982,2000,e15e7b92-f376-374f-9285-2f59a38ad823,Guardian
54507060-768c-49f2-b455-9fc87d95472f,1987,2005,e15e7b92-f376-374f-9285-2f59a38ad823,Guardian
aef6448c-c06a-48e0-917f-1edde02dd69b,1937,1955,e15e7b92-f376-374f-9285-2f59a38ad823,Guardian
cde58499-a7e8-43ff-971b-5051d07e0836,1981,1999,e15e7b92-f376-374f-9285-2f59a38ad823,Guardian
ae8a022f-c198-4150-8001-61df62bb9402,1973,1991,e15e7b92-f376-374f-9285-2f59a38ad823,Guardian
4aee02fb-ee15-41e9-92da-6a95bf3012d0,1955,1973,e15e7b92-f376-374f-9285-2f59a38ad823,Guardian
9fa4dcfb-ab36-4b81-8295-93166b4be586,1987,2005,e15e7b92-f376-374f-9285-2f59a38ad823,Guardian
e2297268-1612-44c4-9d47-5e4cf8e79db5,1961,1979,e15e7b92-f376-374f-9285-2f59a38ad823,Guardian
a5d775b7-d91e-42ec-a37a-6291d00eb51a,1946,1964,e15e7b92-f376-374f-9285-2f59a38ad823,Guardian
a5d775b7-d91e-42ec-a37a-6291d00eb51a,1965,2011,e15e7b92-f376-374f-9285-2f59a38ad823,Self
3944027e-a4b9-4cfb-8ca4-e52718c2659f,1946,1964,e15e7b92-f376-374f-9285-2f59a38ad823,Guardian
2a01d8ab-ff27-4c61-a150-c11afe43dee8,1946,1964,e15e7b92-f376-374f-9285-2f59a38ad823,Guardian
