DATE,PATIENT,ENCOUNTER,CODE,DESCRIPTION,BASE_COST,REASONCODE,REASONDESCRIPTION
2018-12-13,52aa335c-0508-4632-86d8-824e69df708d,8d502b25-4352-4903-aafa-8a1d65832405,40701008,Echocardiography (procedure),600.66,230690007,Stroke
2018-12-13,52aa335c-0508-4632-86d8-824e69df708d,8d502b25-4352-4903-aafa-8a1d65832405,433112001,Percutaneous mechanical thrombectomy of portal vein using fluoroscopic guidance,15478.63,230690007,Stroke
1970-08-01,ad139c20-bdc4-48b2-920f-1468ca749503,05f5e2a3-7f15-4d45-be03-82277d7e522d,54550000,Seizure Count Cerebral Cortex Electroencephalogram (EEG),10210.99,,
2010-06-20,fe725240-23b3-4165-9bdc-0f49f1395dfb,1b6f229d-6226-495d-92d3-c8891dbf636a,18286008,Catheter ablation of tissue of heart,10232.68,49436004,Atrial Fibrillation
2011-06-26,fe725240-23b3-4165-9bdc-0f49f1395dfb,d49b0f53-3304-47f5-b6e3-f5447ddc59ce,180325003,Electrical cardioversion,14490.28,49436004,Atrial Fibrillation
2012-07-01,fe725240-23b3-4165-9bdc-0f49f1395dfb,41ca7e2a-e997-4e19-bb4f-bdf1b226bf29,180325003,Electrical cardioversion,29276.27,49436004,Atrial Fibrillation
2013-07-07,fe725240-23b3-4165-9bdc-0f49f1395dfb,2513a251-f9dd-4e8d-bce2-0e5d61054ed4,180325003,Electrical cardioversion,25871.52,49436004,Atrial Fibrillation
2014-07-13,fe725240-23b3-4165-9bdc-0f49f1395dfb,8514a08c-d4eb-40a5-a519-a16865d7dc17,180325003,Electrical cardioversion,27348.19,49436004,Atrial Fibrillation
2015-07-19,fe725240-23b3-4165-9bdc-0f49f1395dfb,b69c213b-334c-4540-8a87-ff2502b51dc8,180325003,Electrical cardioversion,26901.64,49436004,Atrial Fibrillation
2016-07-24,fe725240-23b3-4165-9bdc-0f49f1395dfb,b01ce98f-4a67-4749-a357-9c6d6d298175,180325003,Electrical cardioversion,28808.49,49436004,Atrial Fibrillation
2017-07-30,fe725240-23b3-4165-9bdc-0f49f1395dfb,9978a933-4b12-476c-b09e-ca38b0db84f8,180325003,Electrical cardioversion,33755.22,49436004,Atrial Fibrillation
2018-08-05,fe725240-23b3-4165-9bdc-0f49f1395dfb,72ba9399-436e-463d-9e0d-0b3352af0a0b,180325003,Electrical cardioversion,34942.66,49436004,Atrial Fibrillation
2019-08-11,fe725240-23b3-4165-9bdc-0f49f1395dfb,aeb78234-bd78-4c51-bc75-64cf87da177f,18286008,Catheter ablation of tissue of heart,13976.39,49436004,Atrial Fibrillation
2016-02-18,04328ee5-dc93-471d-9b99-fb1712508916,c65e337f-28ed-4b26-b44c-0191084c271c,40701008,Echocardiography (procedure),601.97,230690007,Stroke
2016-02-18,04328ee5-dc93-471d-9b99-fb1712508916,c65e337f-28ed-4b26-b44c-0191084c271c,433112001,Percutaneous mechanical thrombectomy of portal vein using fluoroscopic guidance,25654.73,230690007,Stroke
2014-12-29,0b5f8ad5-cc58-4bb9-88fb-4fcf4cb0c0c4,49c05d50-39f5-443f-a465-1931e2a4f587,40701008,Echocardiography (procedure),1160.48,230690007,Stroke
2014-12-29,0b5f8ad5-cc58-4bb9-88fb-4fcf4cb0c0c4,49c05d50-39f5-443f-a465-1931e2a4f587,433112001,Percutaneous mechanical thrombectomy of portal vein using fluoroscopic guidance,21323.93,230690007,Stroke
2012-04-14,e3fa4445-21b9-42f1-8316-aaec1d61ed21,bd4d212b-c770-4766-9a4e-bb5f66044988,40701008,Echocardiography (procedure),1108.55,410429000,Cardiac Arrest
2012-04-14,e3fa4445-21b9-42f1-8316-aaec1d61ed21,bd4d212b-c770-4766-9a4e-bb5f66044988,447365002,Insertion of biventricular implantable cardioverter defibrillator,21642.72,410429000,Cardiac Arrest
2012-04-14,e3fa4445-21b9-42f1-8316-aaec1d61ed21,bd4d212b-c770-4766-9a4e-bb5f66044988,18286008,Catheter ablation of tissue of heart,8374.66,410429000,Cardiac Arrest
2015-06-09,04414a90-96a1-46bb-8389-38f052af2544,64c42006-8dc1-4670-9c68-008f246a9c3a,40701008,Echocardiography (procedure),1141.46,410429000,Cardiac Arrest
2015-06-09,04414a90-96a1-46bb-8389-38f052af2544,64c42006-8dc1-4670-9c68-008f246a9c3a,447365002,Insertion of biventricular implantable cardioverter defibrillator,26747.04,410429000,Cardiac Arrest
2015-06-09,04414a90-96a1-46bb-8389-38f052af2544,64c42006-8dc1-4670-9c68-008f246a9c3a,18286008,Catheter ablation of tissue of heart,6745.70,410429000,Cardiac Arrest
2011-05-10,ba4e60f5-657e-48b6-a6ab-74041ea6b7a3,f37355c3-7f20-4b78-a43f-275154b2a815,40701008,Echocardiography (procedure),1167.44,22298006,Myocardial Infarction
2011-05-10,ba4e60f5-657e-48b6-a6ab-74041ea6b7a3,f37355c3-7f20-4b78-a43f-275154b2a815,415070008,Percutaneous coronary intervention,22691.28,22298006,Myocardial Infarction
2011-05-10,ba4e60f5-657e-48b6-a6ab-74041ea6b7a3,f37355c3-7f20-4b78-a43f-275154b2a815,232717009,Coronary artery bypass grafting,59102.93,22298006,Myocardial Infarction
1990-08-24,d9a23e59-e069-4d30-b5eb-683c24e81408,ea12a71d-8338-424b-809a-5191fb1a7f32,40701008,Echocardiography (procedure),977.13,22298006,Myocardial Infarction
1990-08-24,d9a23e59-e069-4d30-b5eb-683c24e81408,ea12a71d-8338-424b-809a-5191fb1a7f32,415070008,Percutaneous coronary intervention,14744.19,22298006,Myocardial Infarction
1990-08-24,d9a23e59-e069-4d30-b5eb-683c24e81408,ea12a71d-8338-424b-809a-5191fb1a7f32,232717009,Coronary artery bypass grafting,51248.29,22298006,Myocardial Infarction
2013-07-30,966aaf86-03be-48c7-92a2-0ec0c130f4ed,f28efdf6-8183-4939-afa4-225b7caa880d,180325003,Electrical cardioversion,24883.77,49436004,Atrial Fibrillation
2014-08-05,966aaf86-03be-48c7-92a2-0ec0c130f4ed,dc1d70b4-586e-443d-b433-9538468cad66,180325003,Electrical cardioversion,23408.55,49436004,Atrial Fibrillation
2015-08-11,966aaf86-03be-48c7-92a2-0ec0c130f4ed,7e3c4f00-02e0-4345-a782-bece326a3da8,180325003,Electrical cardioversion,45810.35,49436004,Atrial Fibrillation
2016-08-16,966aaf86-03be-48c7-92a2-0ec0c130f4ed,f1420234-3cd8-4d52-bff4-7896ba35f91c,180325003,Electrical cardioversion,27850.00,49436004,Atrial Fibrillation
2017-08-22,966aaf86-03be-48c7-92a2-0ec0c130f4ed,518ffe1e-687c-425f-8ab4-406a995af9cc,180325003,Electrical cardioversion,31140.14,49436004,Atrial Fibrillation
2018-08-28,966aaf86-03be-48c7-92a2-0ec0c130f4ed,3052bc93-1a31-4e54-8ff2-fb602bd45788,18286008,Catheter ablation of tissue of heart,10392.67,49436004,Atrial Fibrillation
2019-09-03,966aaf86-03be-48c7-92a2-0ec0c130f4ed,ef3de1d9-c798-49a0-bb0e-b0ecc678ded2,180325003,Electrical cardioversion,29201.09,49436004,Atrial Fibrillation
2015-06-29,e9aefcb2-1917-4366-8d14-e9b6b1f2deae,26aaa245-ed2e-45da-866f-8c9d810d18f3,180325003,Electrical cardioversion,23638.65,49436004,Atrial Fibrillation
2016-07-04,e9aefcb2-1917-4366-8d14-e9b6b1f2deae,4cf91113-01a8-4d98-b686-5426c8675318,180325003,Electrical cardioversion,42042.72,49436004,Atrial Fibrillation
2016-07-04,e9aefcb2-1917-4366-8d14-e9b6b1f2deae,4cf91113-01a8-4d98-b686-5426c8675318,40701008,Echocardiography (procedure),997.73,230690007,Stroke
2016-07-04,e9aefcb2-1917-4366-8d14-e9b6b1f2deae,4cf91113-01a8-4d98-b686-5426c8675318,433112001,Percutaneous mechanical thrombectomy of portal vein using fluoroscopic guidance,26732.86,230690007,Stroke
2017-07-10,e9aefcb2-1917-4366-8d14-e9b6b1f2deae,2614e7c3-0203-43da-a81a-cf086ff33d09,18286008,Catheter ablation of tissue of heart,12296.41,49436004,Atrial Fibrillation
2018-07-16,e9aefcb2-1917-4366-8d14-e9b6b1f2deae,b0d5cafe-ac34-40e9-9525-fe39e7df1ff1,180325003,Electrical cardioversion,45589.44,49436004,Atrial Fibrillation
2018-10-29,e9aefcb2-1917-4366-8d14-e9b6b1f2deae,074ef2fc-a504-48e8-9796-d03bb163e5a6,40701008,Echocardiography (procedure),1523.03,230690007,Stroke
2018-10-29,e9aefcb2-1917-4366-8d14-e9b6b1f2deae,074ef2fc-a504-48e8-9796-d03bb163e5a6,433112001,Percutaneous mechanical thrombectomy of portal vein using fluoroscopic guidance,33653.36,230690007,Stroke
2014-08-04,aef6448c-c06a-48e0-917f-1edde02dd69b,122c8638-4c18-49c4-b2f0-e74ee5de6076,40701008,Echocardiography (procedure),1652.08,22298006,Myocardial Infarction
2014-08-04,aef6448c-c06a-48e0-917f-1edde02dd69b,122c8638-4c18-49c4-b2f0-e74ee5de6076,415070008,Percutaneous coronary intervention,21602.90,22298006,Myocardial Infarction
2014-08-04,aef6448c-c06a-48e0-917f-1edde02dd69b,122c8638-4c18-49c4-b2f0-e74ee5de6076,232717009,Coronary artery bypass grafting,32668.96,22298006,Myocardial Infarction
2019-03-04,aef6448c-c06a-48e0-917f-1edde02dd69b,3c083911-bcdb-4cbb-bf48-320f71be5278,40701008,Echocardiography (procedure),1288.42,230690007,Stroke
2019-03-04,aef6448c-c06a-48e0-917f-1edde02dd69b,3c083911-bcdb-4cbb-bf48-320f71be5278,433112001,Percutaneous mechanical thrombectomy of portal vein using fluoroscopic guidance,18450.18,230690007,Stroke
2011-06-14,a5d775b7-d91e-42ec-a37a-6291d00eb51a,65bca3da-c67d-40c5-a34b-f6a3b649e694,40701008,Echocardiography (procedure),1463.45,22298006,Myocardial Infarction
2011-06-14,a5d775b7-d91e-42ec-a37a-6291d00eb51a,65bca3da-c67d-40c5-a34b-f6a3b649e694,415070008,Percutaneous coronary intervention,17198.20,22298006,Myocardial Infarction
2011-06-14,a5d775b7-d91e-42ec-a37a-6291d00eb51a,65bca3da-c67d-40c5-a34b-f6a3b649e694,232717009,Coronary artery bypass grafting,64965.27,22298006,Myocardial Infarction
