Id,ORGANIZATION,NAME,GENDER,SPECIALITY,ADDRESS,CITY,STATE,ZIP,LAT,LON,UTILIZATION
b0484728-5f9d-3f5d-80c4-d24bedc301ce,319baef9-e8e6-3320-9e0b-7991d9c167b8,Taneli Labba,M,GENERAL PRACTICE,Haartmaninkatu 4,Helsinki,18,00290,60.189159,24.909081,7
94e9779c-2a4f-3d2a-ad33-9632c241ddd2,af916982-f5f8-341b-b159-69e72695294c,Hong Huopana,F,GENERAL PRACTICE,Sairaalakatu 1,Vantaa,18,01400,60.3299,25.0608,2
b6e67aa2-9228-3147-a2ff-9c81187229d2,b9b4f8d8-b4a7-3164-a21f-c57b0c40c3ff,Rafael Nyroos,M,GENERAL PRACTICE,Sairaalankatu 1,Hyvinkää,18,05830,60.612,24.82486,1
d7dfa61e-1182-3152-9f4f-7372677818fb,294d60d6-0e2b-396b-a8bf-77998642f6b7,Antero Deng,M,GENERAL PRACTICE,Ohkolantie 10,Kellokoski,18,04500,60.53054,25.10548,1
803c431c-fc30-3a1e-990b-44afc6e48cbb,738aef7e-a279-3f65-9dba-fead16b27400,Aiden Ylisuutari,M,GENERAL PRACTICE,Turuntie 150,Espoo,18,02740,60.22589,24.77581,1236
22baaa30-e501-3a93-995d-9c79d7326f7b,9a3e6919-4ed0-32fe-a1e2-7184b06c415f,Almir Tanhuala,M,GENERAL PRACTICE,Karvasmäentie 6,Espoo,18,02740,60.22011,24.6848,330
04b7451a-57c0-3f4a-9bf4-815daf115f74,a70486b2-c33a-37b3-a4cf-b3dc06cb9d84,Faina Nousu,F,GENERAL PRACTICE,Sairaalakatu 1,Vantaa,18,01400,60.3299,25.0608,1563
7c52dd6a-ffda-3296-9f7f-a916c50e7bf0,bf25636d-50a4-3cf2-b937-0e59fd37503f,Taneli Labba,M,GENERAL PRACTICE,Sairaalankatu 1,Hyvinkää,18,05830,60.612,24.82486,234
a1a55545-5117-349b-bcc0-b0756173553a,4eddd774-a01b-3a0b-b4c6-736a5581aba4,Berfin Niiles,F,GENERAL PRACTICE,Ohkolantie 10,Kellokoski,18,04500,60.53054,25.10548,335
2a47608f-f238-3318-a374-c519eb639cc9,942171f0-df04-34cc-9c85-1a11b2f08717,Etienne Jähi,M,GENERAL PRACTICE,Sairaalatie 8,Lohja,18,08200,60.2247,24.01885,304
e55b6ac7-3c82-37d3-87bc-b39e0af99305,216a84b2-6287-356d-9bcf-655abf00debb,Nils-Olof Kuoppala,M,GENERAL PRACTICE,Sairaalantie 1,Porvoo,18,06200,60.37911,25.69576,180
323eebfe-ad0c-3a30-91e4-20b15fc361d7,39010280-b8e5-3b1a-b835-bafbeea21968,Faina Nousu,F,GENERAL PRACTICE,Turuntie 150,Espoo,18,02740,60.22589,24.77581,2
487ed77b-7a9e-34e3-aa49-e3569f7e316d,7b74aa83-5335-38dd-a213-d6df36c7f627,Taneli Labba,M,GENERAL PRACTICE,Karvasmäentie 6,Espoo,18,02740,60.22011,24.6848,1
c3ab1984-7f2f-3c18-9d22-dfbdacd33e5a,af916982-f5f8-341b-b159-69e72695294c,Berfin Niiles,F,GENERAL PRACTICE,Sairaalakatu 1,Vantaa,18,01400,60.3299,25.0608,3
75f67890-6671-3dbd-bb57-f4495f0fcd0f,294d60d6-0e2b-396b-a8bf-77998642f6b7,Lalita Pekkanen,F,GENERAL PRACTICE,Ohkolantie 10,Kellokoski,18,04500,60.53054,25.10548,1
ab7db050-2db2-3b0a-9b9a-61d4020528f3,d8b3cbb1-88db-3fc1-bb2b-6a9c0037e6e5,Rock Lahnalammi,M,GENERAL PRACTICE,Sairaalantie 1,Porvoo,18,06200,60.37911,25.69576,1
