location_id,address_1,address_2,city,state,zip,county,location_source_value
1346,574 Mutenia Katu Unit 44,,Hyvinkää,Uusimaa,05950,Hyvinkää,992cd90b-49a2-4ec0-bc1c-b9624c9ec57a
1347,126 Siirtonen Katu,,Järvenpää,Uusimaa,04400,Järvenpää,40038dde-d0bb-40dd-a77b-bb31411389bd
1348,1048 Mämmelä Katu,,Helsinki,Uusimaa,00430,Helsinki,c1fcca76-52d7-4e2b-8879-bc1c9dcdf741
1349,959 Petäjämäki Katu Unit 79,,Helsinki,Uusimaa,00580,Helsinki,2cb5b3d7-a55d-4936-9693-0a6604e3dd4f
1350,449 Antson Katu Suite 39,,Vantaa,Uusimaa,01490,Vantaa,208dfd23-9c1d-4e81-af8f-75d66f50742a
1351,446 Pälvilä Katu Suite 1,,Kerava,Uusimaa,04200,Kerava,20e30659-d63e-49e1-b6a1-5c55552e5458
1352,942 Taurén Katu Suite 97,,Vantaa,Uusimaa,01670,Vantaa,9092fad2-efe2-421f-842c-9ca78edb608c
1353,925 Suorsa Katu Suite 56,,Espoo,Uusimaa,02140,Espoo,17550d84-ea57-4515-b539-f2c8ea4a6e91
1354,962 Taivaloja Katu Unit 72,,Espoo,Uusimaa,02630,Espoo,9f1fb009-28d5-4e1c-ac43-642c8836a0c6
1355,1049 Wickstrand Katu Unit 54,,Helsinki,Uusimaa,00880,Helsinki,385dbe2c-6f74-4b75-aca8-a773cbfe3a5b
1356,432 Bahne Katu Unit 66,,Vantaa,Uusimaa,01700,Vantaa,fae3e6cb-b6b0-45bb-829a-a534ea11a9b8
1357,542 Ojanpää Katu,,Sipoo,Uusimaa,01190,Sipoo,165de532-00b9-4484-a601-ffbe3aef1395
1358,467 Järvenkallas Katu Unit 29,,Vantaa,Uusimaa,01670,Vantaa,67d9d9e0-f9a8-4d98-9a8f-5b6a3e7d445d
1359,1026 Lidman Katu,,Helsinki,Uusimaa,00580,Helsinki,a25b94b5-961f-4fd5-aa51-01aef466aa39
1360,646 Reuter Katu,,Espoo,Uusimaa,02140,Espoo,ae10d44b-b2f1-4f98-ba2d-38123a47287e
1361,512 Jaronen Katu,,Helsinki,Uusimaa,00910,Helsinki,f3a22cdb-3054-4c0e-af00-b0d3a7d36498
1362,227 Hopsu Katu,,Sipoo,Uusimaa,01190,Sipoo,fe9857dc-006b-468b-b113-70c025dfb3a3
1363,776 Varala Katu Apt 60,,Espoo,Uusimaa,02130,Espoo,f6399020-03b5-4d7f-bfde-3fb78ac9daac
1364,825 Rouvala Katu Apt 2,,Vantaa,Uusimaa,01360,Vantaa,8d994ecf-ae1a-4626-a164-afa8ec969f4e
1365,385 Yli-Heikkuri Katu Unit 60,,Vantaa,Uusimaa,01450,Vantaa,700c1df7-7dad-47c8-b320-c40c99f50b6b
1366,262 Siikaoja Katu Suite 26,,Espoo,Uusimaa,02680,Espoo,ccd14749-f8b7-448e-a2e1-ca34a1602d13
1367,881 Ala Katu,,Tuusula,Uusimaa,04320,Tuusula,afa29e74-f122-49ec-99cf-199aabbcefb3
1368,296 Hauninen Katu Suite 71,,Espoo,Uusimaa,02320,Espoo,7ef1d662-d666-4f7f-9ef1-0c638ccdfd04
1369,715 Harlamow Katu Apt 5,,Kauniainen,Uusimaa,02700,Kauniainen,50744cfa-9f2b-442f-8dc6-8e76a6d569a1
1370,162 Kurtto Katu Suite 8,,Vantaa,Uusimaa,01650,Vantaa,0663baff-3b01-4345-9d0f-127e09620dc8
1371,651 Morri Katu Unit 21,,Helsinki,Uusimaa,00730,Helsinki,4dffbfcc-b270-4116-9df6-2baee2ad3bcf
1372,724 Hummelin Katu Unit 7,,Myrskylä,Uusimaa,07690,Myrskylä,a06b249c-c36f-47f8-8b37-17ce05920dc0
1373,561 Molkkari Katu,,Helsinki,Uusimaa,00850,Helsinki,f2a7e54f-1715-44c8-bf21-f517c0981b74
1374,313 Suorauha Katu,,Espoo,Uusimaa,02360,Espoo,a64c0f78-7a5a-4e2b-b3f3-9d351ad3319a
1375,799 Erikkilä Katu,,Mäntsälä,Uusimaa,04940,Mäntsälä,70a2a698-a4dc-4de7-a0d2-c42b05df1e8c
1376,918 Koukkunen Katu,,Espoo,Uusimaa,02250,Espoo,f4929a41-77fb-4322-8443-a158e2726e72
1377,651 Åkers Katu Suite 14,,Vantaa,Uusimaa,01620,Vantaa,8451b8a1-8ecc-45f0-bc9b-e33b0f88f4b0
1378,1047 Krouvi Katu,,Helsinki,Uusimaa,00440,Helsinki,b0c2352a-5ff5-48d6-bfb9-0ab88aad68d1
1379,710 Vartinen Katu Apt 71,,Lohja,Uusimaa,08680,Lohja,ddd866bf-7fac-4df8-94b0-d4da3b7dcc18
1380,758 Siikaniemi Katu Unit 80,,Sipoo,Uusimaa,04150,Sipoo,60238a7b-ed00-4c39-bb71-647acb4e3c4b
1381,296 Reipas Katu,,Helsinki,Uusimaa,00540,Helsinki,cbfd3de8-53dc-45d0-b31b-f43816052cdd
1382,727 Savukoski Katu,,Espoo,Uusimaa,02150,Espoo,41af91f3-c00a-4696-b1e3-4ef62fdd71c6
1383,403 Velikainen Katu Suite 43,,Helsinki,Uusimaa,00130,Helsinki,740d7c84-8708-4644-bb5f-0fc1a3d5a924
1384,430 Rönö Katu Apt 79,,Helsinki,Uusimaa,00210,Helsinki,d26bd7ca-e3e1-4720-bc0d-091b6051ccd0
1385,737 Djerf Katu Apt 20,,Helsinki,Uusimaa,00820,Helsinki,c0719308-7eb1-42d6-bddd-011970ab7e60
1386,365 Nyfelt Katu,,Vantaa,Uusimaa,01650,Vantaa,ad444647-283f-4469-9cfe-750fa5297e73
1387,846 Slussnäs Katu Suite 73,,Espoo,Uusimaa,02730,Espoo,f4bc6bcc-ad69-463f-adc2-1969b8c4a212
1388,948 Rudanko Katu Apt 52,,Espoo,Uusimaa,02630,Espoo,930a43ec-3c79-4b7f-a6c2-6e537f68f660
1389,365 Harilo Katu Unit 60,,Espoo,Uusimaa,02980,Espoo,90707b42-1f3c-48ef-9f5c-fe7be37097f9
1390,888 Vaarala Katu,,Vantaa,Uusimaa,01400,Vantaa,493919c7-caa5-485a-bf50-959ad9d92f6c
1391,1076 Mäkimartti Katu Apt 68,,Helsinki,Uusimaa,00550,Helsinki,274c2a8d-30ed-43a2-91b1-496160846d3e
1392,299 Nokia Katu,,Espoo,Uusimaa,02130,Espoo,2b22fb32-412b-4717-a930-ec0dd16ab46d
1393,776 Liukkunen Katu,,Helsinki,Uusimaa,00350,Helsinki,393db574-3079-4be6-8808-37b491fd9c04
1394,977 Paaskoski Katu Unit 73,,Tuusula,Uusimaa,04390,Tuusula,4862eec1-21d9-43ce-8c93-baaa90e2b3a2
1395,623 Railio Katu Apt 61,,Helsinki,Uusimaa,00830,Helsinki,6d602954-2e8c-4ea8-b60b-8ebfce305757
1396,467 Musta Katu Unit 77,,Espoo,Uusimaa,02150,Espoo,9e736075-121e-4490-9539-3a553f6c9649
1397,1022 Romakkaniemi Katu,,Porvoo,Uusimaa,07220,Porvoo,4ec74c4c-3f4f-412d-a153-204f5e0dd033
1398,115 Parkkila Katu Suite 37,,Espoo,Uusimaa,02710,Espoo,495f6fa6-24a2-49d6-9c5d-c1fa345b05b2
1399,288 Nalli Katu Apt 9,,Helsinki,Uusimaa,00900,Helsinki,7e3ef6d2-83cf-48ea-86f6-a0e038e5f00c
1400,313 Rönngård Katu,,Vantaa,Uusimaa,01370,Vantaa,bbfb9b7e-c409-4b86-bef1-9079b0d2441f
1401,677 Joutsalainen Katu Unit 49,,Sipoo,Uusimaa,01120,Sipoo,ad489b81-9ec0-4bbf-8147-441d974b2bbf
1402,264 Lupsakko Katu,,Espoo,Uusimaa,02360,Espoo,f8b2ef74-b4a2-470f-a6a4-dc3af6cc1846
1403,561 Kaunisvesi Katu Unit 79,,Vantaa,Uusimaa,01750,Vantaa,762e959a-0dc8-47ef-a037-935c58054898
1404,175 Hagelin Katu Suite 64,,Helsinki,Uusimaa,00690,Helsinki,533bd6f7-5acf-40d7-9274-99ba2ccc3a9e
1405,656 Kuuslampi Katu Unit 64,,Helsinki,Uusimaa,00350,Helsinki,1ebcab28-f654-48c6-86a7-70cef2b4bf94
1406,471 Nuikkinen Katu Suite 70,,Vantaa,Uusimaa,01720,Vantaa,eb8e6a52-ddad-4508-9b12-73e02d20c22d
1407,1028 Pistokoski Katu,,Helsinki,Uusimaa,00160,Helsinki,9b33cff6-3ebb-4057-bdea-77cfc9fe4647
1408,248 Taurovaara Katu Suite 54,,Hanko,Uusimaa,10900,Hanko,0b152ef6-97c7-4209-83a2-daec95d60569
1409,715 Nuottimäki Katu,,Raasepori,Uusimaa,10660,Raasepori,e637dfa4-1fbf-4bd5-854a-fb955206f58e
1410,817 Halmejärvi Katu Suite 85,,Helsinki,Uusimaa,00820,Helsinki,9e507d38-56dc-4316-8f2f-ac84e23a7285
1411,276 Silonsaari Katu Suite 13,,Tuusula,Uusimaa,04350,Tuusula,c95d93e0-fded-477e-865d-424045954fcd
1412,656 Luoto Katu Apt 35,,Espoo,Uusimaa,02720,Espoo,270af7a5-1b18-4a9e-bd8c-d3412ee4534f
1413,549 Miinin Katu Apt 29,,Kerava,Uusimaa,04200,Kerava,299c6818-30c4-4e20-a906-39149f920ea1
1414,1024 Vairinen Katu,,Helsinki,Uusimaa,00970,Helsinki,99c14878-0e5c-457b-9d55-09887d94f59a
1415,975 Puitti Katu Apt 31,,Vantaa,Uusimaa,01760,Vantaa,399ce088-0b41-42b8-9d48-d0188b0efa99
1416,1046 Etelä-Aho Katu Apt 21,,Hyvinkää,Uusimaa,05820,Hyvinkää,f8cd0b90-e1d4-451a-a6f8-5f897e1ad7c8
1417,775 Lehikoinen Katu,,Helsinki,Uusimaa,00720,Helsinki,5158b727-7b09-4178-97d7-9fd130f44449
1418,375 Blåfield Katu,,Vantaa,Uusimaa,01390,Vantaa,9f16af3b-dfcf-462b-8f16-04bb6239ebb7
1419,924 Leskisenoja Katu,,Espoo,Uusimaa,02250,Espoo,c7fa023c-f033-4e6c-bc1f-a57c0d755366
1420,951 Joki-Huuki Katu Unit 66,,Vantaa,Uusimaa,01640,Vantaa,8499d4c9-3757-4bac-8148-69cc5a2d6e65
1421,710 Haukka Katu Apt 75,,Helsinki,Uusimaa,00250,Helsinki,22cbe583-f29d-446a-a9c1-72287816b373
1422,464 Wederhorn Katu,,Helsinki,Uusimaa,00260,Helsinki,7ca5b181-c05a-4282-b795-ed972d220271
1423,1069 Maarala Katu,,Helsinki,Uusimaa,00760,Helsinki,fbe5542b-a694-4c26-91f8-26f41963645b
1424,811 Långvik Katu,,Helsinki,Uusimaa,00180,Helsinki,509c1e31-26a8-427a-a1bd-5cfdcf09e9d6
1425,966 Uppa Katu,,Kauniainen,Uusimaa,02700,Kauniainen,6ec56802-b052-42f2-9899-a288b417bff1
1426,1069 Enäsuo Katu Suite 54,,Nurmijärvi,Uusimaa,01860,Nurmijärvi,b29c90cc-562d-4628-b871-9d6509fa5e24
1427,688 Tepponen Katu,,Helsinki,Uusimaa,00930,Helsinki,250ec70b-50cd-4f2a-b635-17bc2934dd23
1428,695 Vihersola Katu Unit 76,,Järvenpää,Uusimaa,04460,Järvenpää,35a6a641-c5e9-4acd-8fdf-4ed82a5c5882
1429,703 Cronstedt Katu,,Helsinki,Uusimaa,00290,Helsinki,cff83ee4-214e-4ed8-a74c-0dc1409938ae
1430,647 Talamo Katu Apt 47,,Helsinki,Uusimaa,00180,Helsinki,95302efb-947c-4c00-be0a-4fa1bc223511
1431,573 Gummerus Katu,,Helsinki,Uusimaa,00710,Helsinki,b7248380-f161-473a-babe-53b859482d08
1432,705 Tervasmäki Katu,,Helsinki,Uusimaa,00420,Helsinki,a229e4a9-a3fd-49b8-af76-b19eef599d11
1433,757 Pyyluoma Katu Unit 77,,Vantaa,Uusimaa,01680,Vantaa,2a671d69-bec7-4bc8-8ad8-46f716be2eaf
1434,236 Hyttilä Katu Suite 69,,Kirkkonummi,Uusimaa,02390,Kirkkonummi,c4cd1b0f-4274-4227-bf84-6cc046802e4f
1435,313 Mahamud Katu Suite 7,,Hanko,Uusimaa,10940,Hanko,2accfe2e-ab40-479d-9cba-470133961156
1436,840 Chang Katu Suite 49,,Lohja,Uusimaa,09630,Lohja,f614f675-3862-4b06-8b21-69f2f502368f
1437,730 Welander Katu Apt 85,,Nurmijärvi,Uusimaa,01860,Nurmijärvi,ca5032da-99a6-4155-9292-576f0848be7e
1438,852 Jomppanen Katu Suite 22,,Helsinki,Uusimaa,00600,Helsinki,2b5069ca-4f37-454d-ad6c-79c31a19d8c6
1439,765 Klinga Katu,,Tuusula,Uusimaa,05430,Tuusula,4cfc8d8e-8019-4a64-9431-bfcdfffc6e50
1440,916 Matalamäki Katu Unit 65,,Helsinki,Uusimaa,00340,Helsinki,a44e84a6-b243-4ac6-b228-3a99e9e9a73b
1441,269 Rantasila Katu Unit 36,,Helsinki,Uusimaa,00710,Helsinki,7acfe9b4-553b-4572-9105-ff329c70ad3e
1442,704 Eteläaho Katu Suite 15,,Helsinki,Uusimaa,00340,Helsinki,ea66f9e1-505f-4939-906d-8ef9d48bed3c
1443,285 Kalaja Katu Suite 17,,Helsinki,Uusimaa,00800,Helsinki,4f8ab318-b7ea-4ec6-92da-50e67b710abc
1444,559 Kecklund Katu,,Helsinki,Uusimaa,00250,Helsinki,7f5d1d68-1481-46ab-b80a-e51ad73a38ac
1445,609 Ala-Turkia Katu Apt 45,,Helsinki,Uusimaa,00380,Helsinki,c4362152-3b63-47f0-ada9-2d350bc5ad06
1446,877 Porokka Katu Unit 10,,Espoo,Uusimaa,02130,Espoo,070326f6-b7f5-4b07-8f75-e9c76e87c3fc
