person_id,gender_concept_id,year_of_birth,month_of_birth,day_of_birth,birth_datetime,race_concept_id,ethnicity_concept_id,location_id,provider_id,care_site_id,person_source_value,gender_source_value,gender_source_concept_id,race_source_value,race_source_concept_id,ethnicity_source_value,ethnicity_source_concept_id
1346,8532,2017,1,23,,8527,0,1346,,,992cd90b-49a2-4ec0-bc1c-b9624c9ec57a,F,0,white,0,nonhispanic,0
1347,8507,2017,9,28,,8527,0,1347,,,40038dde-d0bb-40dd-a77b-bb31411389bd,M,0,white,0,nonhispanic,0
1348,8532,2013,9,25,,8527,0,1348,,,c1fcca76-52d7-4e2b-8879-bc1c9dcdf741,F,0,white,0,nonhispanic,0
1349,8532,2012,8,8,,8527,0,1349,,,2cb5b3d7-a55d-4936-9693-0a6604e3dd4f,F,0,white,0,nonhispanic,0
1350,8532,2006,5,21,,8527,0,1350,,,208dfd23-9c1d-4e81-af8f-75d66f50742a,F,0,white,0,nonhispanic,0
1351,8507,1984,5,12,,8527,0,1351,,,20e30659-d63e-49e1-b6a1-5c55552e5458,M,0,white,0,nonhispanic,0
1352,8507,1991,5,23,,8527,0,1352,,,9092fad2-efe2-421f-842c-9ca78edb608c,M,0,white,0,nonhispanic,0
1353,8507,1979,5,1,,8527,0,1353,,,17550d84-ea57-4515-b539-f2c8ea4a6e91,M,0,white,0,nonhispanic,0
1354,8507,1994,1,6,,8527,0,1354,,,9f1fb009-28d5-4e1c-ac43-642c8836a0c6,M,0,white,0,nonhispanic,0
1355,8532,1958,3,8,,8527,0,1355,,,385dbe2c-6f74-4b75-aca8-a773cbfe3a5b,F,0,white,0,nonhispanic,0
1356,8532,1980,5,23,,8527,0,1356,,,fae3e6cb-b6b0-45bb-829a-a534ea11a9b8,F,0,white,0,nonhispanic,0
1357,8532,1955,2,21,,8527,0,1357,,,165de532-00b9-4484-a601-ffbe3aef1395,F,0,white,0,nonhispanic,0
1358,8532,1945,12,17,,8527,0,1358,,,67d9d9e0-f9a8-4d98-9a8f-5b6a3e7d445d,F,0,white,0,nonhispanic,0
1359,8532,1938,8,15,,8527,0,1359,,,a25b94b5-961f-4fd5-aa51-01aef466aa39,F,0,white,0,nonhispanic,0
1360,8507,2017,1,11,,8527,0,1360,,,ae10d44b-b2f1-4f98-ba2d-38123a47287e,M,0,white,0,nonhispanic,0
1361,8507,1974,4,20,,8527,0,1361,,,f3a22cdb-3054-4c0e-af00-b0d3a7d36498,M,0,white,0,nonhispanic,0
1362,8532,1966,5,5,,8527,0,1362,,,fe9857dc-006b-468b-b113-70c025dfb3a3,F,0,white,0,nonhispanic,0
1363,8532,2003,2,19,,8527,0,1363,,,f6399020-03b5-4d7f-bfde-3fb78ac9daac,F,0,white,0,nonhispanic,0
1364,8507,2012,9,3,,8527,0,1364,,,8d994ecf-ae1a-4626-a164-afa8ec969f4e,M,0,white,0,nonhispanic,0
1365,8532,1957,4,11,,8527,0,1365,,,700c1df7-7dad-47c8-b320-c40c99f50b6b,F,0,white,0,nonhispanic,0
1366,8532,2006,12,7,,8527,0,1366,,,ccd14749-f8b7-448e-a2e1-ca34a1602d13,F,0,white,0,nonhispanic,0
1367,8507,1974,11,9,,8527,0,1367,,,afa29e74-f122-49ec-99cf-199aabbcefb3,M,0,white,0,nonhispanic,0
1368,8507,1990,6,16,,8527,0,1368,,,7ef1d662-d666-4f7f-9ef1-0c638ccdfd04,M,0,white,0,nonhispanic,0
1369,8507,2014,1,12,,8527,0,1369,,,50744cfa-9f2b-442f-8dc6-8e76a6d569a1,M,0,white,0,nonhispanic,0
1370,8532,1957,8,8,,8527,0,1370,,,0663baff-3b01-4345-9d0f-127e09620dc8,F,0,white,0,nonhispanic,0
1371,8507,1986,7,17,,8527,0,1371,,,4dffbfcc-b270-4116-9df6-2baee2ad3bcf,M,0,white,0,nonhispanic,0
1372,8532,1960,7,7,,8527,0,1372,,,a06b249c-c36f-47f8-8b37-17ce05920dc0,F,0,white,0,nonhispanic,0
1373,8532,1984,3,22,,8527,0,1373,,,f2a7e54f-1715-44c8-bf21-f517c0981b74,F,0,white,0,nonhispanic,0
1374,8532,1987,4,9,,8527,0,1374,,,a64c0f78-7a5a-4e2b-b3f3-9d351ad3319a,F,0,white,0,nonhispanic,0
1375,8507,2006,8,29,,8527,0,1375,,,70a2a698-a4dc-4de7-a0d2-c42b05df1e8c,M,0,white,0,nonhispanic,0
1376,8532,1938,7,28,,8527,0,1376,,,f4929a41-77fb-4322-8443-a158e2726e72,F,0,white,0,nonhispanic,0
1377,8532,2010,9,15,,8527,0,1377,,,8451b8a1-8ecc-45f0-bc9b-e33b0f88f4b0,F,0,white,0,nonhispanic,0
1378,8532,1936,6,30,,8527,0,1378,,,b0c2352a-5ff5-48d6-bfb9-0ab88aad68d1,F,0,white,0,nonhispanic,0
1379,8532,2008,3,18,,8527,0,1379,,,ddd866bf-7fac-4df8-94b0-d4da3b7dcc18,F,0,white,0,nonhispanic,0
1380,8507,1977,1,5,,8527,0,1380,,,60238a7b-ed00-4c39-bb71-647acb4e3c4b,M,0,white,0,nonhispanic,0
1381,8507,1923,3,27,,8527,0,1381,,,cbfd3de8-53dc-45d0-b31b-f43816052cdd,M,0,white,0,nonhispanic,0
1382,8507,1979,9,3,,8527,0,1382,,,41af91f3-c00a-4696-b1e3-4ef62fdd71c6,M,0,white,0,nonhispanic,0
1383,8507,1962,1,14,,8527,0,1383,,,740d7c84-8708-4644-bb5f-0fc1a3d5a924,M,0,white,0,nonhispanic,0
1384,8532,1981,3,31,,8527,0,1384,,,d26bd7ca-e3e1-4720-bc0d-091b6051ccd0,F,0,white,0,nonhispanic,0
1385,8507,1938,9,16,,8527,0,1385,,,c0719308-7eb1-42d6-bddd-011970ab7e60,M,0,white,0,nonhispanic,0
1386,8532,1983,10,24,,8527,0,1386,,,ad444647-283f-4469-9cfe-750fa5297e73,F,0,white,0,nonhispanic,0
1387,8532,1941,1,26,,8527,0,1387,,,f4bc6bcc-ad69-463f-adc2-1969b8c4a212,F,0,white,0,nonhispanic,0
1388,8507,2013,2,14,,8527,0,1388,,,930a43ec-3c79-4b7f-a6c2-6e537f68f660,M,0,white,0,nonhispanic,0
1389,8507,1990,6,1,,8527,0,1389,,,90707b42-1f3c-48ef-9f5c-fe7be37097f9,M,0,white,0,nonhispanic,0
1390,8532,1970,1,7,,8527,0,1390,,,493919c7-caa5-485a-bf50-959ad9d92f6c,F,0,white,0,nonhispanic,0
1391,8507,1976,10,21,,8527,0,1391,,,274c2a8d-30ed-43a2-91b1-496160846d3e,M,0,white,0,nonhispanic,0
1392,8532,1975,12,21,,8527,0,1392,,,2b22fb32-412b-4717-a930-ec0dd16ab46d,F,0,white,0,nonhispanic,0
1393,8507,2002,3,9,,8527,0,1393,,,393db574-3079-4be6-8808-37b491fd9c04,M,0,white,0,nonhispanic,0
1394,8532,1953,11,23,,8527,0,1394,,,4862eec1-21d9-43ce-8c93-baaa90e2b3a2,F,0,white,0,nonhispanic,0
1395,8532,1976,3,27,,8527,0,1395,,,6d602954-2e8c-4ea8-b60b-8ebfce305757,F,0,white,0,nonhispanic,0
1396,8532,1949,1,26,,8527,0,1396,,,9e736075-121e-4490-9539-3a553f6c9649,F,0,white,0,nonhispanic,0
1397,8507,1956,6,10,,8527,0,1397,,,4ec74c4c-3f4f-412d-a153-204f5e0dd033,M,0,white,0,nonhispanic,0
1398,8507,2006,2,8,,8527,0,1398,,,495f6fa6-24a2-49d6-9c5d-c1fa345b05b2,M,0,white,0,nonhispanic,0
1399,8507,1946,5,15,,8527,0,1399,,,7e3ef6d2-83cf-48ea-86f6-a0e038e5f00c,M,0,white,0,nonhispanic,0
1400,8507,1989,6,20,,8527,0,1400,,,bbfb9b7e-c409-4b86-bef1-9079b0d2441f,M,0,white,0,nonhispanic,0
1401,8532,1965,12,2,,8527,0,1401,,,ad489b81-9ec0-4bbf-8147-441d974b2bbf,F,0,white,0,nonhispanic,0
1402,8507,2006,11,15,,8527,0,1402,,,f8b2ef74-b4a2-470f-a6a4-dc3af6cc1846,M,0,white,0,nonhispanic,0
1403,8507,2007,8,1,,8527,0,1403,,,762e959a-0dc8-47ef-a037-935c58054898,M,0,white,0,nonhispanic,0
1404,8532,1988,8,3,,8527,0,1404,,,533bd6f7-5acf-40d7-9274-99ba2ccc3a9e,F,0,white,0,nonhispanic,0
1405,8507,1941,5,7,,8527,0,1405,,,1ebcab28-f654-48c6-86a7-70cef2b4bf94,M,0,white,0,nonhispanic,0
1406,8507,2012,4,13,,8527,0,1406,,,eb8e6a52-ddad-4508-9b12-73e02d20c22d,M,0,white,0,nonhispanic,0
1407,8507,1972,11,9,,8527,0,1407,,,9b33cff6-3ebb-4057-bdea-77cfc9fe4647,M,0,white,0,nonhispanic,0
1408,8507,1939,1,16,,8527,0,1408,,,0b152ef6-97c7-4209-83a2-daec95d60569,M,0,white,0,nonhispanic,0
1409,8532,1980,10,19,,8527,0,1409,,,e637dfa4-1fbf-4bd5-854a-fb955206f58e,F,0,white,0,nonhispanic,0
1410,8507,1961,5,20,,8527,0,1410,,,9e507d38-56dc-4316-8f2f-ac84e23a7285,M,0,white,0,nonhispanic,0
1411,8532,2011,4,2,,8527,0,1411,,,c95d93e0-fded-477e-865d-424045954fcd,F,0,white,0,nonhispanic,0
1412,8507,1935,12,12,,8527,0,1412,,,270af7a5-1b18-4a9e-bd8c-d3412ee4534f,M,0,white,0,nonhispanic,0
1413,8507,1988,6,28,,8527,0,1413,,,299c6818-30c4-4e20-a906-39149f920ea1,M,0,white,0,nonhispanic,0
1414,8532,2002,9,26,,8527,0,1414,,,99c14878-0e5c-457b-9d55-09887d94f59a,F,0,white,0,nonhispanic,0
1415,8507,2012,4,14,,8527,0,1415,,,399ce088-0b41-42b8-9d48-d0188b0efa99,M,0,white,0,nonhispanic,0
1416,8507,1983,7,12,,8527,0,1416,,,f8cd0b90-e1d4-451a-a6f8-5f897e1ad7c8,M,0,white,0,nonhispanic,0
1417,8532,1984,12,26,,8527,0,1417,,,5158b727-7b09-4178-97d7-9fd130f44449,F,0,white,0,nonhispanic,0
1418,8507,1961,11,30,,8527,0,1418,,,9f16af3b-dfcf-462b-8f16-04bb6239ebb7,M,0,white,0,nonhispanic,0
1419,8507,1971,10,31,,8527,0,1419,,,c7fa023c-f033-4e6c-bc1f-a57c0d755366,M,0,white,0,nonhispanic,0
1420,8532,1952,9,4,,8527,0,1420,,,8499d4c9-3757-4bac-8148-69cc5a2d6e65,F,0,white,0,nonhispanic,0
1421,8532,1977,8,23,,8527,0,1421,,,22cbe583-f29d-446a-a9c1-72287816b373,F,0,white,0,nonhispanic,0
1422,8532,1946,1,31,,8527,0,1422,,,7ca5b181-c05a-4282-b795-ed972d220271,F,0,white,0,nonhispanic,0
1423,8507,1941,5,7,,8527,0,1423,,,fbe5542b-a694-4c26-91f8-26f41963645b,M,0,white,0,nonhispanic,0
1424,8532,1991,1,11,,8527,0,1424,,,509c1e31-26a8-427a-a1bd-5cfdcf09e9d6,F,0,white,0,nonhispanic,0
1425,8507,2002,12,10,,8527,0,1425,,,6ec56802-b052-42f2-9899-a288b417bff1,M,0,white,0,nonhispanic,0
1426,8532,1973,7,8,,8527,0,1426,,,b29c90cc-562d-4628-b871-9d6509fa5e24,F,0,white,0,nonhispanic,0
1427,8507,1970,3,27,,8527,0,1427,,,250ec70b-50cd-4f2a-b635-17bc2934dd23,M,0,white,0,nonhispanic,0
1428,8532,1988,3,1,,8527,0,1428,,,35a6a641-c5e9-4acd-8fdf-4ed82a5c5882,F,0,white,0,nonhispanic,0
1429,8507,1980,4,2,,8527,0,1429,,,cff83ee4-214e-4ed8-a74c-0dc1409938ae,M,0,white,0,nonhispanic,0
1430,8532,1983,5,8,,8527,0,1430,,,95302efb-947c-4c00-be0a-4fa1bc223511,F,0,white,0,nonhispanic,0
1431,8507,1966,8,25,,8527,0,1431,,,b7248380-f161-473a-babe-53b859482d08,M,0,white,0,nonhispanic,0
1432,8507,1993,12,20,,8527,0,1432,,,a229e4a9-a3fd-49b8-af76-b19eef599d11,M,0,white,0,nonhispanic,0
1433,8532,1991,4,24,,8527,0,1433,,,2a671d69-bec7-4bc8-8ad8-46f716be2eaf,F,0,white,0,nonhispanic,0
1434,8532,2009,1,7,,8527,0,1434,,,c4cd1b0f-4274-4227-bf84-6cc046802e4f,F,0,white,0,nonhispanic,0
1435,8532,2009,11,4,,8527,0,1435,,,2accfe2e-ab40-479d-9cba-470133961156,F,0,white,0,nonhispanic,0
1436,8507,1956,6,1,,8527,0,1436,,,f614f675-3862-4b06-8b21-69f2f502368f,M,0,white,0,nonhispanic,0
1437,8507,1983,8,10,,8527,0,1437,,,ca5032da-99a6-4155-9292-576f0848be7e,M,0,white,0,nonhispanic,0
1438,8532,1950,2,18,,8527,0,1438,,,2b5069ca-4f37-454d-ad6c-79c31a19d8c6,F,0,white,0,nonhispanic,0
1439,8532,1973,12,19,,8527,0,1439,,,4cfc8d8e-8019-4a64-9431-bfcdfffc6e50,F,0,white,0,nonhispanic,0
1440,8507,1970,11,25,,8527,0,1440,,,a44e84a6-b243-4ac6-b228-3a99e9e9a73b,M,0,white,0,nonhispanic,0
1441,8507,2011,6,15,,8527,0,1441,,,7acfe9b4-553b-4572-9105-ff329c70ad3e,M,0,white,0,nonhispanic,0
1442,8532,1934,12,18,,8527,0,1442,,,ea66f9e1-505f-4939-906d-8ef9d48bed3c,F,0,white,0,nonhispanic,0
1443,8532,1945,12,31,,8527,0,1443,,,4f8ab318-b7ea-4ec6-92da-50e67b710abc,F,0,white,0,nonhispanic,0
1444,8507,1963,5,23,,8527,0,1444,,,7f5d1d68-1481-46ab-b80a-e51ad73a38ac,M,0,white,0,nonhispanic,0
1445,8532,1958,6,26,,8527,0,1445,,,c4362152-3b63-47f0-ada9-2d350bc5ad06,F,0,white,0,nonhispanic,0
1446,8532,1947,12,31,,8527,0,1446,,,070326f6-b7f5-4b07-8f75-e9c76e87c3fc,F,0,white,0,nonhispanic,0
