location_id,address_1,address_2,city,state,zip,county,location_source_value
1029,551 Sarkala Katu Unit 84,,Vantaa,Uusimaa,01630,Vantaa,8882bd4c-c09d-4b26-a6e7-d906aaee90c1
1030,377 Asunen Katu,,Helsinki,Uusimaa,00770,Helsinki,cfced192-4634-409b-84e7-e96b9c2fd42b
1031,376 Leisiö Katu,,Helsinki,Uusimaa,00270,Helsinki,1757bab7-5bef-48b7-beef-de233dda13d8
1032,684 Saksa Katu,,Järvenpää,Uusimaa,04410,Järvenpää,9dc69d89-bed7-480c-9b0a-2a50972902e0
1033,764 Peurakoski Katu Unit 3,,Nurmijärvi,Uusimaa,01860,Nurmijärvi,013a9648-924a-4d45-b9c0-fbf4e37a1f62
1034,366 Haliseva Katu Unit 39,,Helsinki,Uusimaa,00190,Helsinki,3f0b6a61-afae-4f34-972b-0090a2e9c01b
1035,993 Rive Katu Apt 80,,Helsinki,Uusimaa,00180,Helsinki,d1377409-3767-4676-b5dc-3b8ebd41213a
1036,913 Abbas Katu,,Järvenpää,Uusimaa,04420,Järvenpää,2da4350e-09f4-43e2-8b61-9e147905954a
1037,700 Uusipaikka Katu Suite 10,,Espoo,Uusimaa,02660,Espoo,c91a9c83-67cd-4ab0-af9f-455073ed0704
1038,611 Storskrubb Katu,,Hyvinkää,Uusimaa,05840,Hyvinkää,c60fa542-7594-4cf5-9ab0-f2505164778a
1039,481 Lindroos Katu,,Porvoo,Uusimaa,06650,Porvoo,78772ca8-2fec-40de-ad4f-eb9b9785d263
1040,528 Fröjdlund Katu Unit 39,,Hyvinkää,Uusimaa,05900,Hyvinkää,7614ca16-46ac-446d-be44-65c5f8e8c548
1041,962 Ivars Katu,,Espoo,Uusimaa,02710,Espoo,9f9a8ad4-5e84-4cae-b40a-6f5e85de229e
1042,682 Ilkko Katu Apt 99,,Helsinki,Uusimaa,00150,Helsinki,9014c554-5a31-45b8-b603-73942bc92cf0
1043,214 Leppälammi Katu Apt 92,,Porvoo,Uusimaa,06830,Porvoo,7e46e5c0-da4c-4dc3-baf4-0b4a78d13502
1044,403 Valkeasuo Katu Apt 30,,Helsinki,Uusimaa,00190,Helsinki,6ae14988-2390-4427-8f61-2320509efb80
1045,234 Saviharju Katu Unit 39,,Helsinki,Uusimaa,00400,Helsinki,f8c062d2-0f7f-401d-b91a-8af2e12c7645
1046,849 Tiltti Katu,,Helsinki,Uusimaa,00910,Helsinki,bcd514b2-1818-4920-b9b4-5447967369e8
1047,155 Harmainen Katu,,Espoo,Uusimaa,02200,Espoo,2d63b02c-1a46-4eb6-89e9-ac96304e3d89
1048,913 Kimanen Katu Apt 15,,Siuntio,Uusimaa,02570,Siuntio,52b69b32-1efe-442d-af66-c21a94c50244
1049,978 Juonoja Katu,,Espoo,Uusimaa,02860,Espoo,e1db2ee8-6c41-48d4-b375-af90e3bf37a0
1050,591 Elopuro Katu,,Vantaa,Uusimaa,01370,Vantaa,6fe13394-6330-43ba-926a-041321f6f45a
1051,498 Ellmén Katu Apt 84,,Helsinki,Uusimaa,00140,Helsinki,bacb1758-9e1a-46ae-b92c-5eb55f9929ae
1052,1097 Villanen Katu,,Kerava,Uusimaa,04250,Kerava,f3bb78e4-7793-4d90-a505-afd145f7ef45
1053,173 Urvanta Katu,,Vantaa,Uusimaa,01690,Vantaa,c386df22-7582-44a3-973b-d4e71d214d3f
1054,925 Storås Katu,,Järvenpää,Uusimaa,04410,Järvenpää,0d38f572-5322-48b3-9bc5-24cb8a4391c4
1055,961 Kieslich Katu,,Espoo,Uusimaa,02760,Espoo,f1295c42-5ed3-433f-973b-b58c368dbc95
1056,489 Sompi Katu Unit 12,,Porvoo,Uusimaa,06850,Porvoo,977520a2-b1a4-4df2-a2be-fa9ad31209c1
1057,142 Kronbäck Katu Unit 91,,Vantaa,Uusimaa,01640,Vantaa,a5beed6b-96ef-41f8-9cc6-df00cbeb6eae
1058,779 Evilä Katu,,Espoo,Uusimaa,02360,Espoo,60a44691-ab2f-44e8-8ed2-969a63c1efe6
1059,188 Hujakka Katu,,Hyvinkää,Uusimaa,05860,Hyvinkää,bd9b6563-25c6-4bae-822d-c0ce80bc8bf2
1060,132 Granat Katu Suite 8,,Helsinki,Uusimaa,00430,Helsinki,c1eda501-b65a-4d6d-8207-28a95dc9f1c2
1061,694 Rinta-Kyttä Katu,,Helsinki,Uusimaa,00550,Helsinki,3886cfcf-238a-4a72-9a5e-fdcb3978b0ed
1062,1037 Mäki-Uuro Katu Unit 75,,Hyvinkää,Uusimaa,05810,Hyvinkää,b7b65378-7c18-4d18-a283-5d425b8b3dca
1063,1010 Pihlman Katu Unit 1,,Lohja,Uusimaa,09120,Lohja,5009576b-f683-424e-ac04-68c68fed95ce
1064,804 Keihtä Katu,,Kerava,Uusimaa,04260,Kerava,7f7e8afd-623e-47c6-be54-dae4d452c7ac
1065,841 Apilo Katu,,Raasepori,Uusimaa,10650,Raasepori,ce63f09f-72b1-41fd-ba09-a53ca223adde
1066,805 Seipäjärvi Katu Apt 76,,Vantaa,Uusimaa,01510,Vantaa,7532eff2-f2d1-4052-aedd-daf8b9a2e321
1067,650 Tuohisto-Kokko Katu,,Espoo,Uusimaa,02320,Espoo,8b3c5d67-ff00-427a-bbfb-f2fef9ed017f
1068,460 Helmikkala Katu Apt 34,,Nurmijärvi,Uusimaa,01810,Nurmijärvi,87c8970e-dcdf-4419-b3cd-95b681088040
1069,773 Rautoma Katu,,Vantaa,Uusimaa,01520,Vantaa,864c7b2f-9358-4e63-b24e-0d45ced266e8
1070,884 Karsten Katu Apt 67,,Hyvinkää,Uusimaa,05510,Hyvinkää,5ad27c8b-f34f-4430-94e7-2991ec22f7ef
1071,585 Kuronen Katu,,Järvenpää,Uusimaa,04440,Järvenpää,3701bbac-30b3-4c55-aa26-479fdd4c1681
1072,134 Holmila Katu,,Espoo,Uusimaa,02750,Espoo,657ab840-df8f-4c87-b05b-9b89067f3a5e
1073,1065 Puntti Katu,,Kauniainen,Uusimaa,02700,Kauniainen,859c11b7-ce19-404a-bca6-da2df6645f36
1074,399 Wörlund Katu,,Vantaa,Uusimaa,01740,Vantaa,f657708b-473c-434f-80ec-58ce4d68ffa2
1075,297 Gleisner Katu,,Porvoo,Uusimaa,06150,Porvoo,bcfa4e34-3043-43d7-8ea0-f800fa2baf41
1076,279 Heininen Katu,,Vantaa,Uusimaa,01620,Vantaa,8b56ac98-72c7-4a1d-9ad9-73f17d600339
1077,573 Perkkalainen Katu,,Pukkila,Uusimaa,07565,Pukkila,bfd50d8e-3b7a-4e5b-a702-76ef1d24b747
1078,280 Edström Katu Unit 98,,Helsinki,Uusimaa,00760,Helsinki,6e9a4ee0-41d5-4be7-9545-ed488a962aac
1079,640 Vaurio Katu,,Tuusula,Uusimaa,04310,Tuusula,8f52b2a5-7adb-4c13-af5a-f0b9bb474554
1080,852 Lievetmursu Katu Unit 31,,Espoo,Uusimaa,02380,Espoo,0c1802cf-5e68-45ed-99ed-2b974eb25fa1
1081,468 Kallioaho Katu Suite 40,,Helsinki,Uusimaa,00130,Helsinki,80d9932b-7397-4fe7-b6b6-a75f2e77324e
1082,1030 Ellmén Katu,,Helsinki,Uusimaa,00820,Helsinki,6a7c8578-9004-4502-ae71-09e987bf0529
1083,1060 Nevanpää Katu Apt 48,,Mäntsälä,Uusimaa,04680,Mäntsälä,5c91c4b1-d4c2-4522-a2e0-7781a9d630ab
1084,357 Yli-Kuivila Katu,,Nurmijärvi,Uusimaa,05250,Nurmijärvi,61902866-8869-4f60-b40a-ad52c1daa6bd
1085,348 Alaverronen Katu Suite 6,,Vantaa,Uusimaa,01730,Vantaa,8c484712-8100-4916-ba85-89bf66640c5a
1086,945 Sarkaranta Katu,,Helsinki,Uusimaa,00610,Helsinki,f3155995-2087-415a-8c64-7fc301c2ca5d
1087,983 Siirilä Katu,,Helsinki,Uusimaa,00550,Helsinki,18550ed7-26e0-4f7c-b61d-213bf598ecc5
1088,509 Kaivokallio Katu,,Järvenpää,Uusimaa,04430,Järvenpää,8b4fe999-2c2c-46e5-87b4-a5091b5441f4
1089,418 Vainioniemi Katu,,Helsinki,Uusimaa,00850,Helsinki,cdc1d92c-a566-4552-a90b-c26f69032fbe
1090,200 Juupaluoma Katu,,Helsinki,Uusimaa,00800,Helsinki,50b8b881-bcc8-4e55-9dfc-381524b71f66
1091,460 Lövdahl Katu,,Helsinki,Uusimaa,00180,Helsinki,58f4672e-12d0-442c-8f27-3d688f235cfb
1092,687 Turku Katu,,Espoo,Uusimaa,02270,Espoo,0875dab8-4adb-4898-80b8-3e58dd588993
1093,489 Heijala Katu,,Espoo,Uusimaa,02340,Espoo,21aff8af-00b2-408c-9aba-b6ebd3b5b699
1094,1072 Kampman Katu Unit 41,,Vantaa,Uusimaa,01200,Vantaa,e892988d-47a2-4be4-9f76-000a1a7c91d5
1095,1040 Lehtikuusi Katu,,Vihti,Uusimaa,03400,Vihti,c5d10f8f-1554-4d62-9ad3-2b9a1ccaf38d
1096,914 Taavo Katu Unit 12,,Espoo,Uusimaa,02810,Espoo,daa0415b-0383-4d55-a2b2-671c36ab7585
1097,467 Granfelt Katu,,Tuusula,Uusimaa,04310,Tuusula,12678e95-582d-4513-9a1e-924c5a570a09
1098,1015 Söderström Katu Apt 5,,Helsinki,Uusimaa,00540,Helsinki,876ea084-d431-41c8-bc0e-f0b5fc1d02e2
1099,452 Mannio Katu,,Mäntsälä,Uusimaa,04940,Mäntsälä,fbe05646-5d39-4396-8780-7892f7153c97
1100,519 Lamminpää Katu,,Espoo,Uusimaa,02780,Espoo,f48d422e-0d76-4bc3-90cc-695ba7a3dfba
1101,511 Selkee Katu Unit 92,,Raasepori,Uusimaa,10360,Raasepori,a8af3261-ceb4-420c-ad4e-b918516ae33f
1102,349 Laurén Katu,,Vantaa,Uusimaa,01770,Vantaa,3c1ddfec-b896-4b0c-b850-b0a3e8b7a64e
1103,1065 Ohls Katu,,Helsinki,Uusimaa,00730,Helsinki,eaf78777-adfc-40db-b13a-6f844f901a0b
1104,474 Ala-Hynnilä Katu,,Hanko,Uusimaa,10820,Hanko,1a3269f3-6f1d-464e-a366-950fc940a21f
1105,915 Ratala Katu Unit 61,,Porvoo,Uusimaa,06100,Porvoo,651b5013-a73c-433b-935f-74f0743f1a45
1106,1096 Järvikuona Katu,,Helsinki,Uusimaa,00410,Helsinki,8ad5334b-78f3-45e9-879c-0363963a8b36
1107,780 Invenius Katu,,Helsinki,Uusimaa,00310,Helsinki,f4f37bd0-dad9-4996-9d6e-f8dff0e5206f
1108,309 Tuoretmaa Katu,,Helsinki,Uusimaa,00160,Helsinki,748c11bc-95c7-44c2-9b07-98a623e68291
1109,598 Keskikastari Katu,,Helsinki,Uusimaa,00330,Helsinki,c737c9dc-ef43-454f-b7aa-3052497295c8
1110,105 Humala Katu Apt 60,,Mäntsälä,Uusimaa,04660,Mäntsälä,2865e43b-132e-4a01-aa3b-2408dc09c9da
1111,891 Kalijärvi Katu,,Helsinki,Uusimaa,00240,Helsinki,e210a64a-8c54-4e2a-ac7e-3dc15c7c4ada
1112,232 Silander Katu,,Raasepori,Uusimaa,10350,Raasepori,8f1ddd28-7637-4782-aa5b-2f11e7aa3ff6
1113,1063 Jurkko Katu Apt 26,,Porvoo,Uusimaa,06950,Porvoo,983f0eab-ba28-443d-9046-6f672f6d930c
1114,993 Yli-Hemminki Katu,,Karkkila,Uusimaa,03710,Karkkila,ae444202-a10e-4b1c-bea7-e4ae540cb8c9
1115,501 Sälli Katu,,Helsinki,Uusimaa,00540,Helsinki,da29225c-b60f-463b-b28d-6b3c63029ee4
1116,973 Hätelä Katu Suite 55,,Kerava,Uusimaa,04230,Kerava,da95a780-bd21-4876-b021-2d80ceb8d6df
1117,485 Kalli Katu Apt 30,,Helsinki,Uusimaa,00350,Helsinki,aff1631c-deab-4d42-8b39-2bafde0e4c10
1118,426 Uurtamo Katu,,Kauniainen,Uusimaa,02700,Kauniainen,1aefbf91-2957-4d06-9eeb-7e64ec9ce965
1119,751 Stranius Katu,,Helsinki,Uusimaa,00140,Helsinki,1a47bd19-e236-4080-9973-6f28d6116150
1120,661 Kelho Katu Unit 75,,Espoo,Uusimaa,02770,Espoo,661ee981-b354-4d1a-8e10-df348cc8a0fd
1121,697 Ilvonsalo Katu,,Lohja,Uusimaa,09810,Lohja,34eeaed6-2884-4332-ab41-fcdf77f07a40
1122,118 Pärnä Katu Suite 99,,Helsinki,Uusimaa,00710,Helsinki,b0bf2724-6fe4-4c91-8b8b-a40b1b8a7f90
1123,1090 Häggström Katu,,Askola,Uusimaa,07510,Askola,ef821d04-e587-4fb3-9f3f-8003f95d65c0
1124,624 Vistilä Katu Apt 23,,Helsinki,Uusimaa,00660,Helsinki,923f804c-4802-4ed2-b4c5-c5a9934879f5
1125,648 Kass Katu,,Helsinki,Uusimaa,00120,Helsinki,ca9b1ba8-4019-43c9-9092-90d50dc1f200
1126,294 Marjola Katu,,Askola,Uusimaa,07530,Askola,b056228d-814b-4f8c-969d-ab270bcf545c
1127,774 Suuripää Katu,,Helsinki,Uusimaa,00560,Helsinki,2ff76e19-f036-4d49-bbe6-067276b87e7d
1128,853 Sario Katu,,Espoo,Uusimaa,02780,Espoo,c6fce536-6186-4731-b0e3-217b525c34ee
1129,254 Brigatti Katu Apt 17,,Helsinki,Uusimaa,00160,Helsinki,01e2d529-ed67-4812-bf78-fc4529aed326
1130,899 Marjusaari Katu Unit 76,,Vantaa,Uusimaa,01740,Vantaa,503ecf25-234f-423b-84a5-ea4e476fb5d5
1131,677 Meloni Katu,,Vantaa,Uusimaa,01510,Vantaa,f13d54cd-ea7d-4625-a892-aed169b99f5b
1132,637 Kiviluoto Katu Apt 11,,Vantaa,Uusimaa,01480,Vantaa,5eb2fa0e-3803-40b7-8f30-db8ee5d87320
1133,1042 Hyökki Katu Apt 45,,Vantaa,Uusimaa,01750,Vantaa,e1368406-0c5c-4c32-a411-1bdebcf71ee5
