person_id,gender_concept_id,year_of_birth,month_of_birth,day_of_birth,birth_datetime,race_concept_id,ethnicity_concept_id,location_id,provider_id,care_site_id,person_source_value,gender_source_value,gender_source_concept_id,race_source_value,race_source_concept_id,ethnicity_source_value,ethnicity_source_concept_id
1029,8532,2018,8,10,,8527,0,1029,,,8882bd4c-c09d-4b26-a6e7-d906aaee90c1,F,0,white,0,nonhispanic,0
1030,8507,1989,1,31,,8527,0,1030,,,cfced192-4634-409b-84e7-e96b9c2fd42b,M,0,white,0,nonhispanic,0
1031,8532,2017,11,13,,8527,0,1031,,,1757bab7-5bef-48b7-beef-de233dda13d8,F,0,white,0,nonhispanic,0
1032,8507,1977,10,19,,8527,0,1032,,,9dc69d89-bed7-480c-9b0a-2a50972902e0,M,0,white,0,nonhispanic,0
1033,8532,1964,4,24,,8527,0,1033,,,013a9648-924a-4d45-b9c0-fbf4e37a1f62,F,0,white,0,nonhispanic,0
1034,8532,1997,7,29,,8527,0,1034,,,3f0b6a61-afae-4f34-972b-0090a2e9c01b,F,0,white,0,nonhispanic,0
1035,8507,1959,9,27,,8527,0,1035,,,d1377409-3767-4676-b5dc-3b8ebd41213a,M,0,white,0,nonhispanic,0
1036,8507,1957,4,6,,8527,0,1036,,,2da4350e-09f4-43e2-8b61-9e147905954a,M,0,white,0,nonhispanic,0
1037,8507,1953,6,12,,8527,0,1037,,,c91a9c83-67cd-4ab0-af9f-455073ed0704,M,0,white,0,nonhispanic,0
1038,8507,1946,4,8,,8527,0,1038,,,c60fa542-7594-4cf5-9ab0-f2505164778a,M,0,white,0,nonhispanic,0
1039,8532,2008,10,31,,8527,0,1039,,,78772ca8-2fec-40de-ad4f-eb9b9785d263,F,0,white,0,nonhispanic,0
1040,8532,1978,5,20,,8527,0,1040,,,7614ca16-46ac-446d-be44-65c5f8e8c548,F,0,white,0,nonhispanic,0
1041,8532,1999,8,31,,8527,0,1041,,,9f9a8ad4-5e84-4cae-b40a-6f5e85de229e,F,0,white,0,nonhispanic,0
1042,8532,1987,5,10,,8527,0,1042,,,9014c554-5a31-45b8-b603-73942bc92cf0,F,0,white,0,nonhispanic,0
1043,8507,1914,4,7,,8527,0,1043,,,7e46e5c0-da4c-4dc3-baf4-0b4a78d13502,M,0,white,0,nonhispanic,0
1044,8532,1992,2,2,,8527,0,1044,,,6ae14988-2390-4427-8f61-2320509efb80,F,0,white,0,nonhispanic,0
1045,8532,1998,9,27,,8527,0,1045,,,f8c062d2-0f7f-401d-b91a-8af2e12c7645,F,0,white,0,nonhispanic,0
1046,8532,1981,6,29,,8527,0,1046,,,bcd514b2-1818-4920-b9b4-5447967369e8,F,0,white,0,nonhispanic,0
1047,8507,1986,7,16,,8527,0,1047,,,2d63b02c-1a46-4eb6-89e9-ac96304e3d89,M,0,white,0,nonhispanic,0
1048,8507,1943,8,9,,8527,0,1048,,,52b69b32-1efe-442d-af66-c21a94c50244,M,0,white,0,nonhispanic,0
1049,8532,1990,1,10,,8527,0,1049,,,e1db2ee8-6c41-48d4-b375-af90e3bf37a0,F,0,white,0,nonhispanic,0
1050,8507,1996,10,16,,8527,0,1050,,,6fe13394-6330-43ba-926a-041321f6f45a,M,0,white,0,nonhispanic,0
1051,8507,1940,1,29,,8527,0,1051,,,bacb1758-9e1a-46ae-b92c-5eb55f9929ae,M,0,white,0,nonhispanic,0
1052,8532,2004,5,15,,8527,0,1052,,,f3bb78e4-7793-4d90-a505-afd145f7ef45,F,0,white,0,nonhispanic,0
1053,8507,1973,6,10,,8527,0,1053,,,c386df22-7582-44a3-973b-d4e71d214d3f,M,0,white,0,nonhispanic,0
1054,8532,2010,3,4,,8527,0,1054,,,0d38f572-5322-48b3-9bc5-24cb8a4391c4,F,0,white,0,nonhispanic,0
1055,8532,1987,12,28,,8527,0,1055,,,f1295c42-5ed3-433f-973b-b58c368dbc95,F,0,white,0,nonhispanic,0
1056,8507,1914,4,7,,8527,0,1056,,,977520a2-b1a4-4df2-a2be-fa9ad31209c1,M,0,white,0,nonhispanic,0
1057,8507,2005,4,14,,8527,0,1057,,,a5beed6b-96ef-41f8-9cc6-df00cbeb6eae,M,0,white,0,nonhispanic,0
1058,8532,1974,6,20,,8527,0,1058,,,60a44691-ab2f-44e8-8ed2-969a63c1efe6,F,0,white,0,nonhispanic,0
1059,8532,1910,12,1,,8527,0,1059,,,bd9b6563-25c6-4bae-822d-c0ce80bc8bf2,F,0,white,0,nonhispanic,0
1060,8507,1976,3,20,,8527,0,1060,,,c1eda501-b65a-4d6d-8207-28a95dc9f1c2,M,0,white,0,nonhispanic,0
1061,8507,1949,3,23,,8527,0,1061,,,3886cfcf-238a-4a72-9a5e-fdcb3978b0ed,M,0,white,0,nonhispanic,0
1062,8507,1963,5,31,,8527,0,1062,,,b7b65378-7c18-4d18-a283-5d425b8b3dca,M,0,white,0,nonhispanic,0
1063,8507,1971,6,6,,8527,0,1063,,,5009576b-f683-424e-ac04-68c68fed95ce,M,0,white,0,nonhispanic,0
1064,8507,1999,7,14,,8527,0,1064,,,7f7e8afd-623e-47c6-be54-dae4d452c7ac,M,0,white,0,nonhispanic,0
1065,8507,1978,12,8,,8527,0,1065,,,ce63f09f-72b1-41fd-ba09-a53ca223adde,M,0,white,0,nonhispanic,0
1066,8507,1974,7,12,,8527,0,1066,,,7532eff2-f2d1-4052-aedd-daf8b9a2e321,M,0,white,0,nonhispanic,0
1067,8532,1974,3,22,,8527,0,1067,,,8b3c5d67-ff00-427a-bbfb-f2fef9ed017f,F,0,white,0,nonhispanic,0
1068,8532,2009,8,25,,8527,0,1068,,,87c8970e-dcdf-4419-b3cd-95b681088040,F,0,white,0,nonhispanic,0
1069,8532,1997,5,3,,8527,0,1069,,,864c7b2f-9358-4e63-b24e-0d45ced266e8,F,0,white,0,nonhispanic,0
1070,8507,1945,8,16,,8527,0,1070,,,5ad27c8b-f34f-4430-94e7-2991ec22f7ef,M,0,white,0,nonhispanic,0
1071,8507,1948,11,26,,8527,0,1071,,,3701bbac-30b3-4c55-aa26-479fdd4c1681,M,0,white,0,nonhispanic,0
1072,8532,2012,11,23,,8527,0,1072,,,657ab840-df8f-4c87-b05b-9b89067f3a5e,F,0,white,0,nonhispanic,0
1073,8532,1948,4,25,,8527,0,1073,,,859c11b7-ce19-404a-bca6-da2df6645f36,F,0,white,0,nonhispanic,0
1074,8507,1992,5,25,,8527,0,1074,,,f657708b-473c-434f-80ec-58ce4d68ffa2,M,0,white,0,nonhispanic,0
1075,8507,1914,4,7,,8527,0,1075,,,bcfa4e34-3043-43d7-8ea0-f800fa2baf41,M,0,white,0,nonhispanic,0
1076,8532,1992,9,27,,8527,0,1076,,,8b56ac98-72c7-4a1d-9ad9-73f17d600339,F,0,white,0,nonhispanic,0
1077,8532,2003,7,7,,8527,0,1077,,,bfd50d8e-3b7a-4e5b-a702-76ef1d24b747,F,0,white,0,nonhispanic,0
1078,8507,1987,7,24,,8527,0,1078,,,6e9a4ee0-41d5-4be7-9545-ed488a962aac,M,0,white,0,nonhispanic,0
1079,8507,1971,2,21,,8527,0,1079,,,8f52b2a5-7adb-4c13-af5a-f0b9bb474554,M,0,white,0,nonhispanic,0
1080,8507,2006,10,9,,8527,0,1080,,,0c1802cf-5e68-45ed-99ed-2b974eb25fa1,M,0,white,0,nonhispanic,0
1081,8507,1961,9,10,,8527,0,1081,,,80d9932b-7397-4fe7-b6b6-a75f2e77324e,M,0,white,0,nonhispanic,0
1082,8532,1974,10,9,,8527,0,1082,,,6a7c8578-9004-4502-ae71-09e987bf0529,F,0,white,0,nonhispanic,0
1083,8507,2005,3,13,,8527,0,1083,,,5c91c4b1-d4c2-4522-a2e0-7781a9d630ab,M,0,white,0,nonhispanic,0
1084,8532,1931,9,13,,8527,0,1084,,,61902866-8869-4f60-b40a-ad52c1daa6bd,F,0,white,0,nonhispanic,0
1085,8532,1977,4,24,,8527,0,1085,,,8c484712-8100-4916-ba85-89bf66640c5a,F,0,white,0,nonhispanic,0
1086,8532,1993,5,23,,8527,0,1086,,,f3155995-2087-415a-8c64-7fc301c2ca5d,F,0,white,0,nonhispanic,0
1087,8532,2014,1,21,,8527,0,1087,,,18550ed7-26e0-4f7c-b61d-213bf598ecc5,F,0,white,0,nonhispanic,0
1088,8507,2006,10,18,,8527,0,1088,,,8b4fe999-2c2c-46e5-87b4-a5091b5441f4,M,0,white,0,nonhispanic,0
1089,8507,1959,2,8,,8527,0,1089,,,cdc1d92c-a566-4552-a90b-c26f69032fbe,M,0,white,0,nonhispanic,0
1090,8507,1992,5,30,,8527,0,1090,,,50b8b881-bcc8-4e55-9dfc-381524b71f66,M,0,white,0,nonhispanic,0
1091,8532,1981,5,12,,8527,0,1091,,,58f4672e-12d0-442c-8f27-3d688f235cfb,F,0,white,0,nonhispanic,0
1092,8507,2016,2,22,,8527,0,1092,,,0875dab8-4adb-4898-80b8-3e58dd588993,M,0,white,0,nonhispanic,0
1093,8507,1979,11,26,,8527,0,1093,,,21aff8af-00b2-408c-9aba-b6ebd3b5b699,M,0,white,0,nonhispanic,0
1094,8532,1945,12,9,,8527,0,1094,,,e892988d-47a2-4be4-9f76-000a1a7c91d5,F,0,white,0,nonhispanic,0
1095,8507,1995,3,26,,8527,0,1095,,,c5d10f8f-1554-4d62-9ad3-2b9a1ccaf38d,M,0,white,0,nonhispanic,0
1096,8532,1954,4,26,,8527,0,1096,,,daa0415b-0383-4d55-a2b2-671c36ab7585,F,0,white,0,nonhispanic,0
1097,8507,1975,1,27,,8527,0,1097,,,12678e95-582d-4513-9a1e-924c5a570a09,M,0,white,0,nonhispanic,0
1098,8532,1975,9,15,,8527,0,1098,,,876ea084-d431-41c8-bc0e-f0b5fc1d02e2,F,0,white,0,nonhispanic,0
1099,8532,2016,10,18,,8527,0,1099,,,fbe05646-5d39-4396-8780-7892f7153c97,F,0,white,0,nonhispanic,0
1100,8532,1983,10,31,,8527,0,1100,,,f48d422e-0d76-4bc3-90cc-695ba7a3dfba,F,0,white,0,nonhispanic,0
1101,8507,1966,10,13,,8527,0,1101,,,a8af3261-ceb4-420c-ad4e-b918516ae33f,M,0,white,0,nonhispanic,0
1102,8532,1935,9,12,,8527,0,1102,,,3c1ddfec-b896-4b0c-b850-b0a3e8b7a64e,F,0,white,0,nonhispanic,0
1103,8507,2013,3,1,,8527,0,1103,,,eaf78777-adfc-40db-b13a-6f844f901a0b,M,0,white,0,nonhispanic,0
1104,8532,1946,2,2,,8527,0,1104,,,1a3269f3-6f1d-464e-a366-950fc940a21f,F,0,white,0,nonhispanic,0
1105,8507,1998,1,16,,8527,0,1105,,,651b5013-a73c-433b-935f-74f0743f1a45,M,0,white,0,nonhispanic,0
1106,8532,1970,3,14,,8527,0,1106,,,8ad5334b-78f3-45e9-879c-0363963a8b36,F,0,white,0,nonhispanic,0
1107,8532,2019,12,21,,8527,0,1107,,,f4f37bd0-dad9-4996-9d6e-f8dff0e5206f,F,0,white,0,nonhispanic,0
1108,8507,1947,12,12,,8527,0,1108,,,748c11bc-95c7-44c2-9b07-98a623e68291,M,0,white,0,nonhispanic,0
1109,8532,1967,10,16,,8527,0,1109,,,c737c9dc-ef43-454f-b7aa-3052497295c8,F,0,white,0,nonhispanic,0
1110,8532,1931,12,2,,8527,0,1110,,,2865e43b-132e-4a01-aa3b-2408dc09c9da,F,0,white,0,nonhispanic,0
1111,8507,1980,11,30,,8527,0,1111,,,e210a64a-8c54-4e2a-ac7e-3dc15c7c4ada,M,0,white,0,nonhispanic,0
1112,8532,1976,9,25,,8527,0,1112,,,8f1ddd28-7637-4782-aa5b-2f11e7aa3ff6,F,0,white,0,nonhispanic,0
1113,8507,1958,6,1,,8527,0,1113,,,983f0eab-ba28-443d-9046-6f672f6d930c,M,0,white,0,nonhispanic,0
1114,8532,2018,7,24,,8527,0,1114,,,ae444202-a10e-4b1c-bea7-e4ae540cb8c9,F,0,white,0,nonhispanic,0
1115,8532,1965,1,27,,8527,0,1115,,,da29225c-b60f-463b-b28d-6b3c63029ee4,F,0,white,0,nonhispanic,0
1116,8532,2017,11,26,,8527,0,1116,,,da95a780-bd21-4876-b021-2d80ceb8d6df,F,0,white,0,nonhispanic,0
1117,8507,1992,7,30,,8527,0,1117,,,aff1631c-deab-4d42-8b39-2bafde0e4c10,M,0,white,0,nonhispanic,0
1118,8507,1999,10,10,,8527,0,1118,,,1aefbf91-2957-4d06-9eeb-7e64ec9ce965,M,0,white,0,nonhispanic,0
1119,8507,1965,9,28,,8527,0,1119,,,1a47bd19-e236-4080-9973-6f28d6116150,M,0,white,0,nonhispanic,0
1120,8507,1967,4,24,,8527,0,1120,,,661ee981-b354-4d1a-8e10-df348cc8a0fd,M,0,white,0,nonhispanic,0
1121,8532,1997,10,19,,8527,0,1121,,,34eeaed6-2884-4332-ab41-fcdf77f07a40,F,0,white,0,nonhispanic,0
1122,8507,1955,12,19,,8527,0,1122,,,b0bf2724-6fe4-4c91-8b8b-a40b1b8a7f90,M,0,white,0,nonhispanic,0
1123,8532,1950,9,21,,8527,0,1123,,,ef821d04-e587-4fb3-9f3f-8003f95d65c0,F,0,white,0,nonhispanic,0
1124,8507,1987,1,11,,8527,0,1124,,,923f804c-4802-4ed2-b4c5-c5a9934879f5,M,0,white,0,nonhispanic,0
1125,8532,1995,11,4,,8527,0,1125,,,ca9b1ba8-4019-43c9-9092-90d50dc1f200,F,0,white,0,nonhispanic,0
1126,8532,1936,4,12,,8527,0,1126,,,b056228d-814b-4f8c-969d-ab270bcf545c,F,0,white,0,nonhispanic,0
1127,8507,1984,12,11,,8527,0,1127,,,2ff76e19-f036-4d49-bbe6-067276b87e7d,M,0,white,0,nonhispanic,0
1128,8532,1961,11,20,,8527,0,1128,,,c6fce536-6186-4731-b0e3-217b525c34ee,F,0,white,0,nonhispanic,0
1129,8532,1950,9,24,,8527,0,1129,,,01e2d529-ed67-4812-bf78-fc4529aed326,F,0,white,0,nonhispanic,0
1130,8507,1911,11,10,,8527,0,1130,,,503ecf25-234f-423b-84a5-ea4e476fb5d5,M,0,white,0,nonhispanic,0
1131,8507,1911,11,10,,8527,0,1131,,,f13d54cd-ea7d-4625-a892-aed169b99f5b,M,0,white,0,nonhispanic,0
1132,8507,1911,11,10,,8527,0,1132,,,5eb2fa0e-3803-40b7-8f30-db8ee5d87320,M,0,white,0,nonhispanic,0
1133,8507,1911,11,10,,8527,0,1133,,,e1368406-0c5c-4c32-a411-1bdebcf71ee5,M,0,white,0,nonhispanic,0
