START,STOP,PATIENT,ENCOUNTER,CODE,DESCRIPTION
1972-04-10,,165de532-00b9-4484-a601-ffbe3aef1395,9857eea5-4078-41ac-8282-a1d6b365a2b1,53741008,Coronary Heart Disease
1964-12-28,,67d9d9e0-f9a8-4d98-9a8f-5b6a3e7d445d,1ddc1ca0-5ce9-41d6-8e50-53167e166c6d,410429000,Cardiac Arrest
1964-12-28,,67d9d9e0-f9a8-4d98-9a8f-5b6a3e7d445d,1ddc1ca0-5ce9-41d6-8e50-53167e166c6d,429007001,History of cardiac arrest (situation)
2003-09-16,,cbfd3de8-53dc-45d0-b31b-f43816052cdd,dbe7323e-8aff-4085-ae0f-417d22d553d4,49436004,Atrial Fibrillation
2013-04-02,,cbfd3de8-53dc-45d0-b31b-f43816052cdd,9234a53f-3a23-44a2-90c8-903c808fc6c1,230690007,Stroke
1981-07-10,,c0719308-7eb1-42d6-bddd-011970ab7e60,145b778e-3adb-4050-ab84-5f1139e0a455,230690007,Stroke
2018-03-02,,c0719308-7eb1-42d6-bddd-011970ab7e60,460898f3-b4a5-4022-914a-90ac22e7d2f9,49436004,Atrial Fibrillation
2017-12-18,,ad444647-283f-4469-9cfe-750fa5297e73,ae5fceb0-c900-40dc-8514-df505e894e0f,410429000,Cardiac Arrest
2017-12-18,,ad444647-283f-4469-9cfe-750fa5297e73,ae5fceb0-c900-40dc-8514-df505e894e0f,429007001,History of cardiac arrest (situation)
1967-04-02,,f4bc6bcc-ad69-463f-adc2-1969b8c4a212,507fe74b-6846-4a22-9579-4392331d20ef,410429000,Cardiac Arrest
1967-04-02,,f4bc6bcc-ad69-463f-adc2-1969b8c4a212,507fe74b-6846-4a22-9579-4392331d20ef,429007001,History of cardiac arrest (situation)
1966-08-24,,7e3ef6d2-83cf-48ea-86f6-a0e038e5f00c,8f4c0c4f-f379-4a87-96ab-a13e92140397,410429000,Cardiac Arrest
1966-08-24,,7e3ef6d2-83cf-48ea-86f6-a0e038e5f00c,8f4c0c4f-f379-4a87-96ab-a13e92140397,429007001,History of cardiac arrest (situation)
2005-07-27,,1ebcab28-f654-48c6-86a7-70cef2b4bf94,0b775fa0-eff3-42f4-bc71-301b3b312b18,53741008,Coronary Heart Disease
2006-08-30,,1ebcab28-f654-48c6-86a7-70cef2b4bf94,6a248bf6-8421-4521-9624-0d5197250790,410429000,Cardiac Arrest
2006-08-30,,1ebcab28-f654-48c6-86a7-70cef2b4bf94,6a248bf6-8421-4521-9624-0d5197250790,429007001,History of cardiac arrest (situation)
2016-06-20,,0b152ef6-97c7-4209-83a2-daec95d60569,5a238298-3d22-4d39-8813-ddd199946531,53741008,Coronary Heart Disease
2018-12-06,,8499d4c9-3757-4bac-8148-69cc5a2d6e65,3490ce0b-9211-4b85-a543-064d6a05adcd,49436004,Atrial Fibrillation
1999-06-23,,fbe5542b-a694-4c26-91f8-26f41963645b,1b45f5ba-f522-4c42-94da-fc49335f0dbf,53741008,Coronary Heart Disease
1997-03-12,,ca5032da-99a6-4155-9292-576f0848be7e,21509642-81fe-4eb1-a1be-bc46323cc917,410429000,Cardiac Arrest
1997-03-12,,ca5032da-99a6-4155-9292-576f0848be7e,21509642-81fe-4eb1-a1be-bc46323cc917,429007001,History of cardiac arrest (situation)
