START,STOP,PATIENT,PAYER,ENCOUNTER,CODE,DESCRIPTION,BASE_COST,PAYER_COVERAGE,DISPENSES,TOTALCOST,REASONCODE,REASONDESCRIPTION
1972-04-10,1972-04-10,165de532-00b9-4484-a601-ffbe3aef1395,b1c428d6-4f07-31e0-90f0-68ffa6ff8c76,9857eea5-4078-41ac-8282-a1d6b365a2b1,705129,Nitroglycerin 0.4 MG/ACTUAT Mucosal Spray,22.42,0.00,1,22.42,,
1972-04-10,1973-04-16,165de532-00b9-4484-a601-ffbe3aef1395,b1c428d6-4f07-31e0-90f0-68ffa6ff8c76,9857eea5-4078-41ac-8282-a1d6b365a2b1,705129,Nitroglycerin 0.4 MG/ACTUAT Mucosal Spray,132.84,0.00,12,1594.08,,
1973-04-16,1974-04-22,165de532-00b9-4484-a601-ffbe3aef1395,b1c428d6-4f07-31e0-90f0-68ffa6ff8c76,3db31f4f-26d6-4951-b398-657362c724f5,705129,Nitroglycerin 0.4 MG/ACTUAT Mucosal Spray,39.62,0.00,12,475.44,,
1974-04-22,1975-04-28,165de532-00b9-4484-a601-ffbe3aef1395,b1c428d6-4f07-31e0-90f0-68ffa6ff8c76,7c8ff72a-7678-499a-a6f1-c75c6ff5adc3,705129,Nitroglycerin 0.4 MG/ACTUAT Mucosal Spray,196.06,0.00,12,2352.72,,
1975-04-28,1976-05-03,165de532-00b9-4484-a601-ffbe3aef1395,b1c428d6-4f07-31e0-90f0-68ffa6ff8c76,5d8d0297-1562-47a9-aa12-7ec1c9602b84,705129,Nitroglycerin 0.4 MG/ACTUAT Mucosal Spray,101.39,0.00,12,1216.68,,
1976-05-03,1977-05-09,165de532-00b9-4484-a601-ffbe3aef1395,b1c428d6-4f07-31e0-90f0-68ffa6ff8c76,8b6809b9-294f-440c-b3eb-6770a9d15acf,705129,Nitroglycerin 0.4 MG/ACTUAT Mucosal Spray,196.72,0.00,12,2360.64,,
1977-05-09,1978-05-15,165de532-00b9-4484-a601-ffbe3aef1395,b1c428d6-4f07-31e0-90f0-68ffa6ff8c76,6cad7101-424d-4d39-a6d8-5155ed2eb691,705129,Nitroglycerin 0.4 MG/ACTUAT Mucosal Spray,239.67,0.00,12,2876.04,,
1978-05-15,1979-05-21,165de532-00b9-4484-a601-ffbe3aef1395,b1c428d6-4f07-31e0-90f0-68ffa6ff8c76,011c21fb-26f6-4bf4-9a6a-fa07c6661334,705129,Nitroglycerin 0.4 MG/ACTUAT Mucosal Spray,112.88,0.00,12,1354.56,,
1979-05-21,1980-05-26,165de532-00b9-4484-a601-ffbe3aef1395,b1c428d6-4f07-31e0-90f0-68ffa6ff8c76,67f8e969-506d-4440-8cb8-977d57e11f84,705129,Nitroglycerin 0.4 MG/ACTUAT Mucosal Spray,110.05,0.00,12,1320.60,,
1980-05-26,1981-06-01,165de532-00b9-4484-a601-ffbe3aef1395,b1c428d6-4f07-31e0-90f0-68ffa6ff8c76,d1e09127-65f3-4cee-aff9-128eb1d6f5bf,705129,Nitroglycerin 0.4 MG/ACTUAT Mucosal Spray,26.12,0.00,12,313.44,,
1981-06-01,1982-06-07,165de532-00b9-4484-a601-ffbe3aef1395,b1c428d6-4f07-31e0-90f0-68ffa6ff8c76,1b411992-2232-4d02-8179-dfe31dd3f196,705129,Nitroglycerin 0.4 MG/ACTUAT Mucosal Spray,189.15,0.00,12,2269.80,,
1982-06-07,1983-06-13,165de532-00b9-4484-a601-ffbe3aef1395,b1c428d6-4f07-31e0-90f0-68ffa6ff8c76,150f1212-92da-46c3-b401-123d985298f8,705129,Nitroglycerin 0.4 MG/ACTUAT Mucosal Spray,87.88,0.00,12,1054.56,,
1983-06-13,1984-06-18,165de532-00b9-4484-a601-ffbe3aef1395,b1c428d6-4f07-31e0-90f0-68ffa6ff8c76,50fc1eba-fea0-4aaa-a7cc-f85fc633cc83,705129,Nitroglycerin 0.4 MG/ACTUAT Mucosal Spray,165.34,0.00,12,1984.08,,
1984-06-18,1985-06-24,165de532-00b9-4484-a601-ffbe3aef1395,b1c428d6-4f07-31e0-90f0-68ffa6ff8c76,6a77873d-d754-451b-86e5-1abb8ab3e770,705129,Nitroglycerin 0.4 MG/ACTUAT Mucosal Spray,124.73,0.00,12,1496.76,,
1985-06-24,1986-06-30,165de532-00b9-4484-a601-ffbe3aef1395,b1c428d6-4f07-31e0-90f0-68ffa6ff8c76,2f1c7359-8263-44db-9919-e01497e6a8d8,705129,Nitroglycerin 0.4 MG/ACTUAT Mucosal Spray,87.60,0.00,12,1051.20,,
1986-06-30,1987-07-06,165de532-00b9-4484-a601-ffbe3aef1395,b1c428d6-4f07-31e0-90f0-68ffa6ff8c76,e122cd66-e80a-4eab-8743-b90c7da1d9e5,705129,Nitroglycerin 0.4 MG/ACTUAT Mucosal Spray,74.52,0.00,12,894.24,,
1987-07-06,1988-07-11,165de532-00b9-4484-a601-ffbe3aef1395,b1c428d6-4f07-31e0-90f0-68ffa6ff8c76,fb3aebf2-0dd7-4499-ac18-ec9cd7caa50e,705129,Nitroglycerin 0.4 MG/ACTUAT Mucosal Spray,44.10,0.00,12,529.20,,
1988-07-11,1989-07-17,165de532-00b9-4484-a601-ffbe3aef1395,b1c428d6-4f07-31e0-90f0-68ffa6ff8c76,deb642c1-6459-4388-8f83-886fccdad49b,705129,Nitroglycerin 0.4 MG/ACTUAT Mucosal Spray,169.70,0.00,12,2036.40,,
1989-07-17,1990-07-23,165de532-00b9-4484-a601-ffbe3aef1395,b1c428d6-4f07-31e0-90f0-68ffa6ff8c76,2c131354-0303-4a58-b15c-68d703ad45a7,705129,Nitroglycerin 0.4 MG/ACTUAT Mucosal Spray,21.67,0.00,12,260.04,,
1990-07-23,1991-07-29,165de532-00b9-4484-a601-ffbe3aef1395,b1c428d6-4f07-31e0-90f0-68ffa6ff8c76,dc0bef82-3ef2-417a-be57-5bb6db783e93,705129,Nitroglycerin 0.4 MG/ACTUAT Mucosal Spray,154.45,0.00,12,1853.40,,
1991-07-29,1991-07-29,165de532-00b9-4484-a601-ffbe3aef1395,b1c428d6-4f07-31e0-90f0-68ffa6ff8c76,23044023-d204-49bb-a181-d8bc5a44e30f,312961,Simvastatin 20 MG Oral Tablet,8.32,0.00,1,8.32,,
1991-07-29,1992-08-03,165de532-00b9-4484-a601-ffbe3aef1395,b1c428d6-4f07-31e0-90f0-68ffa6ff8c76,23044023-d204-49bb-a181-d8bc5a44e30f,705129,Nitroglycerin 0.4 MG/ACTUAT Mucosal Spray,292.81,0.00,12,3513.72,,
1991-07-29,1992-08-03,165de532-00b9-4484-a601-ffbe3aef1395,b1c428d6-4f07-31e0-90f0-68ffa6ff8c76,23044023-d204-49bb-a181-d8bc5a44e30f,312961,Simvastatin 20 MG Oral Tablet,30.52,0.00,12,366.24,,
1992-08-03,1993-08-09,165de532-00b9-4484-a601-ffbe3aef1395,b1c428d6-4f07-31e0-90f0-68ffa6ff8c76,e8ebaf60-57b2-4456-b847-4c92e08af7ed,705129,Nitroglycerin 0.4 MG/ACTUAT Mucosal Spray,36.45,0.00,12,437.40,,
1992-08-03,1993-08-09,165de532-00b9-4484-a601-ffbe3aef1395,b1c428d6-4f07-31e0-90f0-68ffa6ff8c76,e8ebaf60-57b2-4456-b847-4c92e08af7ed,312961,Simvastatin 20 MG Oral Tablet,26.45,0.00,12,317.40,,
1993-08-09,1994-08-15,165de532-00b9-4484-a601-ffbe3aef1395,b1c428d6-4f07-31e0-90f0-68ffa6ff8c76,81adc35f-f095-4266-b08e-a86be2991f9b,705129,Nitroglycerin 0.4 MG/ACTUAT Mucosal Spray,20.98,0.00,12,251.76,,
1993-08-09,1994-08-15,165de532-00b9-4484-a601-ffbe3aef1395,b1c428d6-4f07-31e0-90f0-68ffa6ff8c76,81adc35f-f095-4266-b08e-a86be2991f9b,312961,Simvastatin 20 MG Oral Tablet,10.17,0.00,12,122.04,,
1994-08-15,1994-08-15,165de532-00b9-4484-a601-ffbe3aef1395,b1c428d6-4f07-31e0-90f0-68ffa6ff8c76,785f0dc3-c6f9-4428-a4d2-22a2918481aa,197361,Amlodipine 5 MG Oral Tablet,8.85,0.00,1,8.85,,
1994-08-15,1995-08-21,165de532-00b9-4484-a601-ffbe3aef1395,b1c428d6-4f07-31e0-90f0-68ffa6ff8c76,785f0dc3-c6f9-4428-a4d2-22a2918481aa,705129,Nitroglycerin 0.4 MG/ACTUAT Mucosal Spray,250.89,0.00,12,3010.68,,
1994-08-15,1995-08-21,165de532-00b9-4484-a601-ffbe3aef1395,b1c428d6-4f07-31e0-90f0-68ffa6ff8c76,785f0dc3-c6f9-4428-a4d2-22a2918481aa,312961,Simvastatin 20 MG Oral Tablet,16.47,0.00,12,197.64,,
1994-08-15,1995-08-21,165de532-00b9-4484-a601-ffbe3aef1395,b1c428d6-4f07-31e0-90f0-68ffa6ff8c76,785f0dc3-c6f9-4428-a4d2-22a2918481aa,197361,Amlodipine 5 MG Oral Tablet,31.82,0.00,12,381.84,,
1995-08-21,1996-08-26,165de532-00b9-4484-a601-ffbe3aef1395,b1c428d6-4f07-31e0-90f0-68ffa6ff8c76,da91f1d3-8b44-4e74-9db2-d994fd27debf,705129,Nitroglycerin 0.4 MG/ACTUAT Mucosal Spray,210.08,0.00,12,2520.96,,
1995-08-21,1996-08-26,165de532-00b9-4484-a601-ffbe3aef1395,b1c428d6-4f07-31e0-90f0-68ffa6ff8c76,da91f1d3-8b44-4e74-9db2-d994fd27debf,312961,Simvastatin 20 MG Oral Tablet,9.80,0.00,12,117.60,,
1995-08-21,1996-08-26,165de532-00b9-4484-a601-ffbe3aef1395,b1c428d6-4f07-31e0-90f0-68ffa6ff8c76,da91f1d3-8b44-4e74-9db2-d994fd27debf,197361,Amlodipine 5 MG Oral Tablet,48.21,0.00,12,578.52,,
1996-08-26,1997-09-01,165de532-00b9-4484-a601-ffbe3aef1395,b1c428d6-4f07-31e0-90f0-68ffa6ff8c76,0ace7084-b4dc-4bb5-91a2-43ac433e5a32,705129,Nitroglycerin 0.4 MG/ACTUAT Mucosal Spray,185.75,0.00,12,2229.00,,
1996-08-26,1997-09-01,165de532-00b9-4484-a601-ffbe3aef1395,b1c428d6-4f07-31e0-90f0-68ffa6ff8c76,0ace7084-b4dc-4bb5-91a2-43ac433e5a32,312961,Simvastatin 20 MG Oral Tablet,9.98,0.00,12,119.76,,
1996-08-26,1997-09-01,165de532-00b9-4484-a601-ffbe3aef1395,b1c428d6-4f07-31e0-90f0-68ffa6ff8c76,0ace7084-b4dc-4bb5-91a2-43ac433e5a32,197361,Amlodipine 5 MG Oral Tablet,21.74,0.00,12,260.88,,
1997-09-01,1997-09-01,165de532-00b9-4484-a601-ffbe3aef1395,b1c428d6-4f07-31e0-90f0-68ffa6ff8c76,31b91477-c6be-4d4b-bd73-64e739926701,309362,Clopidogrel 75 MG Oral Tablet,49.95,0.00,1,49.95,,
1997-09-01,1998-09-07,165de532-00b9-4484-a601-ffbe3aef1395,b1c428d6-4f07-31e0-90f0-68ffa6ff8c76,31b91477-c6be-4d4b-bd73-64e739926701,309362,Clopidogrel 75 MG Oral Tablet,81.80,0.00,12,981.60,,
1997-09-01,1998-09-07,165de532-00b9-4484-a601-ffbe3aef1395,b1c428d6-4f07-31e0-90f0-68ffa6ff8c76,31b91477-c6be-4d4b-bd73-64e739926701,705129,Nitroglycerin 0.4 MG/ACTUAT Mucosal Spray,147.61,0.00,12,1771.32,,
1997-09-01,1998-09-07,165de532-00b9-4484-a601-ffbe3aef1395,b1c428d6-4f07-31e0-90f0-68ffa6ff8c76,31b91477-c6be-4d4b-bd73-64e739926701,312961,Simvastatin 20 MG Oral Tablet,12.94,0.00,12,155.28,,
1997-09-01,1998-09-07,165de532-00b9-4484-a601-ffbe3aef1395,b1c428d6-4f07-31e0-90f0-68ffa6ff8c76,31b91477-c6be-4d4b-bd73-64e739926701,197361,Amlodipine 5 MG Oral Tablet,21.14,0.00,12,253.68,,
1998-09-07,1999-09-13,165de532-00b9-4484-a601-ffbe3aef1395,b1c428d6-4f07-31e0-90f0-68ffa6ff8c76,c17ba193-f24a-4e87-8cb7-20790a63f262,309362,Clopidogrel 75 MG Oral Tablet,73.81,0.00,12,885.72,,
1998-09-07,1999-09-13,165de532-00b9-4484-a601-ffbe3aef1395,b1c428d6-4f07-31e0-90f0-68ffa6ff8c76,c17ba193-f24a-4e87-8cb7-20790a63f262,705129,Nitroglycerin 0.4 MG/ACTUAT Mucosal Spray,110.37,0.00,12,1324.44,,
1998-09-07,1999-09-13,165de532-00b9-4484-a601-ffbe3aef1395,b1c428d6-4f07-31e0-90f0-68ffa6ff8c76,c17ba193-f24a-4e87-8cb7-20790a63f262,312961,Simvastatin 20 MG Oral Tablet,6.60,0.00,12,79.20,,
1998-09-07,1999-09-13,165de532-00b9-4484-a601-ffbe3aef1395,b1c428d6-4f07-31e0-90f0-68ffa6ff8c76,c17ba193-f24a-4e87-8cb7-20790a63f262,197361,Amlodipine 5 MG Oral Tablet,26.51,0.00,12,318.12,,
1999-09-13,2000-09-18,165de532-00b9-4484-a601-ffbe3aef1395,b1c428d6-4f07-31e0-90f0-68ffa6ff8c76,7c877d44-62d1-43ba-8bd9-354b70a651ae,309362,Clopidogrel 75 MG Oral Tablet,107.86,0.00,12,1294.32,,
1999-09-13,2000-09-18,165de532-00b9-4484-a601-ffbe3aef1395,b1c428d6-4f07-31e0-90f0-68ffa6ff8c76,7c877d44-62d1-43ba-8bd9-354b70a651ae,705129,Nitroglycerin 0.4 MG/ACTUAT Mucosal Spray,77.48,0.00,12,929.76,,
1999-09-13,2000-09-18,165de532-00b9-4484-a601-ffbe3aef1395,b1c428d6-4f07-31e0-90f0-68ffa6ff8c76,7c877d44-62d1-43ba-8bd9-354b70a651ae,312961,Simvastatin 20 MG Oral Tablet,17.04,0.00,12,204.48,,
1999-09-13,2000-09-18,165de532-00b9-4484-a601-ffbe3aef1395,b1c428d6-4f07-31e0-90f0-68ffa6ff8c76,7c877d44-62d1-43ba-8bd9-354b70a651ae,197361,Amlodipine 5 MG Oral Tablet,52.35,0.00,12,628.20,,
2000-09-18,2001-09-24,165de532-00b9-4484-a601-ffbe3aef1395,b1c428d6-4f07-31e0-90f0-68ffa6ff8c76,8b630ee7-3977-4bd6-9f12-2e780eb39cc7,309362,Clopidogrel 75 MG Oral Tablet,26.75,0.00,12,321.00,,
2000-09-18,2001-09-24,165de532-00b9-4484-a601-ffbe3aef1395,b1c428d6-4f07-31e0-90f0-68ffa6ff8c76,8b630ee7-3977-4bd6-9f12-2e780eb39cc7,705129,Nitroglycerin 0.4 MG/ACTUAT Mucosal Spray,29.81,0.00,12,357.72,,
2000-09-18,2001-09-24,165de532-00b9-4484-a601-ffbe3aef1395,b1c428d6-4f07-31e0-90f0-68ffa6ff8c76,8b630ee7-3977-4bd6-9f12-2e780eb39cc7,312961,Simvastatin 20 MG Oral Tablet,36.77,0.00,12,441.24,,
2000-09-18,2001-09-24,165de532-00b9-4484-a601-ffbe3aef1395,b1c428d6-4f07-31e0-90f0-68ffa6ff8c76,8b630ee7-3977-4bd6-9f12-2e780eb39cc7,197361,Amlodipine 5 MG Oral Tablet,66.03,0.00,12,792.36,,
2001-09-24,2002-09-30,165de532-00b9-4484-a601-ffbe3aef1395,b1c428d6-4f07-31e0-90f0-68ffa6ff8c76,248aeaf3-1b84-4db3-8532-993e51bc550c,309362,Clopidogrel 75 MG Oral Tablet,95.00,0.00,12,1140.00,,
2001-09-24,2002-09-30,165de532-00b9-4484-a601-ffbe3aef1395,b1c428d6-4f07-31e0-90f0-68ffa6ff8c76,248aeaf3-1b84-4db3-8532-993e51bc550c,705129,Nitroglycerin 0.4 MG/ACTUAT Mucosal Spray,26.17,0.00,12,314.04,,
2001-09-24,2002-09-30,165de532-00b9-4484-a601-ffbe3aef1395,b1c428d6-4f07-31e0-90f0-68ffa6ff8c76,248aeaf3-1b84-4db3-8532-993e51bc550c,312961,Simvastatin 20 MG Oral Tablet,24.67,0.00,12,296.04,,
2001-09-24,2002-09-30,165de532-00b9-4484-a601-ffbe3aef1395,b1c428d6-4f07-31e0-90f0-68ffa6ff8c76,248aeaf3-1b84-4db3-8532-993e51bc550c,197361,Amlodipine 5 MG Oral Tablet,12.31,0.00,12,147.72,,
2002-09-30,2003-10-06,165de532-00b9-4484-a601-ffbe3aef1395,b1c428d6-4f07-31e0-90f0-68ffa6ff8c76,a2301f24-ab74-4fd2-8c53-abe5b9d8d93b,309362,Clopidogrel 75 MG Oral Tablet,47.39,0.00,12,568.68,,
2002-09-30,2003-10-06,165de532-00b9-4484-a601-ffbe3aef1395,b1c428d6-4f07-31e0-90f0-68ffa6ff8c76,a2301f24-ab74-4fd2-8c53-abe5b9d8d93b,705129,Nitroglycerin 0.4 MG/ACTUAT Mucosal Spray,20.13,0.00,12,241.56,,
2002-09-30,2003-10-06,165de532-00b9-4484-a601-ffbe3aef1395,b1c428d6-4f07-31e0-90f0-68ffa6ff8c76,a2301f24-ab74-4fd2-8c53-abe5b9d8d93b,312961,Simvastatin 20 MG Oral Tablet,29.09,0.00,12,349.08,,
2002-09-30,2003-10-06,165de532-00b9-4484-a601-ffbe3aef1395,b1c428d6-4f07-31e0-90f0-68ffa6ff8c76,a2301f24-ab74-4fd2-8c53-abe5b9d8d93b,197361,Amlodipine 5 MG Oral Tablet,25.14,0.00,12,301.68,,
2003-10-06,2004-10-11,165de532-00b9-4484-a601-ffbe3aef1395,b1c428d6-4f07-31e0-90f0-68ffa6ff8c76,aac319b3-a269-4444-8b7c-c9501b89f1ea,309362,Clopidogrel 75 MG Oral Tablet,39.63,0.00,12,475.56,,
2003-10-06,2004-10-11,165de532-00b9-4484-a601-ffbe3aef1395,b1c428d6-4f07-31e0-90f0-68ffa6ff8c76,aac319b3-a269-4444-8b7c-c9501b89f1ea,705129,Nitroglycerin 0.4 MG/ACTUAT Mucosal Spray,196.52,0.00,12,2358.24,,
2003-10-06,2004-10-11,165de532-00b9-4484-a601-ffbe3aef1395,b1c428d6-4f07-31e0-90f0-68ffa6ff8c76,aac319b3-a269-4444-8b7c-c9501b89f1ea,312961,Simvastatin 20 MG Oral Tablet,46.50,0.00,12,558.00,,
2003-10-06,2004-10-11,165de532-00b9-4484-a601-ffbe3aef1395,b1c428d6-4f07-31e0-90f0-68ffa6ff8c76,aac319b3-a269-4444-8b7c-c9501b89f1ea,197361,Amlodipine 5 MG Oral Tablet,16.34,0.00,12,196.08,,
2004-10-11,2005-10-17,165de532-00b9-4484-a601-ffbe3aef1395,b1c428d6-4f07-31e0-90f0-68ffa6ff8c76,848b3a53-f7be-4d30-b2b9-072f10e32bdd,309362,Clopidogrel 75 MG Oral Tablet,85.33,0.00,12,1023.96,,
2004-10-11,2005-10-17,165de532-00b9-4484-a601-ffbe3aef1395,b1c428d6-4f07-31e0-90f0-68ffa6ff8c76,848b3a53-f7be-4d30-b2b9-072f10e32bdd,705129,Nitroglycerin 0.4 MG/ACTUAT Mucosal Spray,61.61,0.00,12,739.32,,
2004-10-11,2005-10-17,165de532-00b9-4484-a601-ffbe3aef1395,b1c428d6-4f07-31e0-90f0-68ffa6ff8c76,848b3a53-f7be-4d30-b2b9-072f10e32bdd,312961,Simvastatin 20 MG Oral Tablet,7.58,0.00,12,90.96,,
2004-10-11,2005-10-17,165de532-00b9-4484-a601-ffbe3aef1395,b1c428d6-4f07-31e0-90f0-68ffa6ff8c76,848b3a53-f7be-4d30-b2b9-072f10e32bdd,197361,Amlodipine 5 MG Oral Tablet,37.53,0.00,12,450.36,,
2005-10-17,2006-10-23,165de532-00b9-4484-a601-ffbe3aef1395,b1c428d6-4f07-31e0-90f0-68ffa6ff8c76,4f2ee72f-3774-432e-8e53-403d75c782ad,309362,Clopidogrel 75 MG Oral Tablet,43.96,0.00,12,527.52,,
2005-10-17,2006-10-23,165de532-00b9-4484-a601-ffbe3aef1395,b1c428d6-4f07-31e0-90f0-68ffa6ff8c76,4f2ee72f-3774-432e-8e53-403d75c782ad,705129,Nitroglycerin 0.4 MG/ACTUAT Mucosal Spray,15.52,0.00,12,186.24,,
2005-10-17,2006-10-23,165de532-00b9-4484-a601-ffbe3aef1395,b1c428d6-4f07-31e0-90f0-68ffa6ff8c76,4f2ee72f-3774-432e-8e53-403d75c782ad,312961,Simvastatin 20 MG Oral Tablet,9.91,0.00,12,118.92,,
2005-10-17,2006-10-23,165de532-00b9-4484-a601-ffbe3aef1395,b1c428d6-4f07-31e0-90f0-68ffa6ff8c76,4f2ee72f-3774-432e-8e53-403d75c782ad,197361,Amlodipine 5 MG Oral Tablet,56.08,0.00,12,672.96,,
2006-10-23,2007-10-29,165de532-00b9-4484-a601-ffbe3aef1395,b1c428d6-4f07-31e0-90f0-68ffa6ff8c76,8f812324-9a1d-4e87-b140-ea62db02ab61,309362,Clopidogrel 75 MG Oral Tablet,44.61,0.00,12,535.32,,
2006-10-23,2007-10-29,165de532-00b9-4484-a601-ffbe3aef1395,b1c428d6-4f07-31e0-90f0-68ffa6ff8c76,8f812324-9a1d-4e87-b140-ea62db02ab61,705129,Nitroglycerin 0.4 MG/ACTUAT Mucosal Spray,199.56,0.00,12,2394.72,,
2006-10-23,2007-10-29,165de532-00b9-4484-a601-ffbe3aef1395,b1c428d6-4f07-31e0-90f0-68ffa6ff8c76,8f812324-9a1d-4e87-b140-ea62db02ab61,312961,Simvastatin 20 MG Oral Tablet,14.30,0.00,12,171.60,,
2006-10-23,2007-10-29,165de532-00b9-4484-a601-ffbe3aef1395,b1c428d6-4f07-31e0-90f0-68ffa6ff8c76,8f812324-9a1d-4e87-b140-ea62db02ab61,197361,Amlodipine 5 MG Oral Tablet,11.57,0.00,12,138.84,,
2007-10-29,2008-11-03,165de532-00b9-4484-a601-ffbe3aef1395,b1c428d6-4f07-31e0-90f0-68ffa6ff8c76,0e53caf4-a829-4d16-a897-9e3052517bfa,309362,Clopidogrel 75 MG Oral Tablet,30.86,0.00,12,370.32,,
2007-10-29,2008-11-03,165de532-00b9-4484-a601-ffbe3aef1395,b1c428d6-4f07-31e0-90f0-68ffa6ff8c76,0e53caf4-a829-4d16-a897-9e3052517bfa,705129,Nitroglycerin 0.4 MG/ACTUAT Mucosal Spray,110.51,0.00,12,1326.12,,
2007-10-29,2008-11-03,165de532-00b9-4484-a601-ffbe3aef1395,b1c428d6-4f07-31e0-90f0-68ffa6ff8c76,0e53caf4-a829-4d16-a897-9e3052517bfa,312961,Simvastatin 20 MG Oral Tablet,31.07,0.00,12,372.84,,
2007-10-29,2008-11-03,165de532-00b9-4484-a601-ffbe3aef1395,b1c428d6-4f07-31e0-90f0-68ffa6ff8c76,0e53caf4-a829-4d16-a897-9e3052517bfa,197361,Amlodipine 5 MG Oral Tablet,85.15,0.00,12,1021.80,,
2008-11-03,2009-11-09,165de532-00b9-4484-a601-ffbe3aef1395,b1c428d6-4f07-31e0-90f0-68ffa6ff8c76,190c57c6-606d-434c-9d6d-1b784373d7cf,309362,Clopidogrel 75 MG Oral Tablet,54.98,0.00,12,659.76,,
2008-11-03,2009-11-09,165de532-00b9-4484-a601-ffbe3aef1395,b1c428d6-4f07-31e0-90f0-68ffa6ff8c76,190c57c6-606d-434c-9d6d-1b784373d7cf,705129,Nitroglycerin 0.4 MG/ACTUAT Mucosal Spray,122.51,0.00,12,1470.12,,
2008-11-03,2009-11-09,165de532-00b9-4484-a601-ffbe3aef1395,b1c428d6-4f07-31e0-90f0-68ffa6ff8c76,190c57c6-606d-434c-9d6d-1b784373d7cf,312961,Simvastatin 20 MG Oral Tablet,41.59,0.00,12,499.08,,
2008-11-03,2009-11-09,165de532-00b9-4484-a601-ffbe3aef1395,b1c428d6-4f07-31e0-90f0-68ffa6ff8c76,190c57c6-606d-434c-9d6d-1b784373d7cf,197361,Amlodipine 5 MG Oral Tablet,27.50,0.00,12,330.00,,
2009-11-09,2010-11-15,165de532-00b9-4484-a601-ffbe3aef1395,b1c428d6-4f07-31e0-90f0-68ffa6ff8c76,59e574e5-7f0b-4040-8ab1-bf26ffeae43f,309362,Clopidogrel 75 MG Oral Tablet,70.44,0.00,12,845.28,,
2009-11-09,2010-11-15,165de532-00b9-4484-a601-ffbe3aef1395,b1c428d6-4f07-31e0-90f0-68ffa6ff8c76,59e574e5-7f0b-4040-8ab1-bf26ffeae43f,705129,Nitroglycerin 0.4 MG/ACTUAT Mucosal Spray,279.56,0.00,12,3354.72,,
2009-11-09,2010-11-15,165de532-00b9-4484-a601-ffbe3aef1395,b1c428d6-4f07-31e0-90f0-68ffa6ff8c76,59e574e5-7f0b-4040-8ab1-bf26ffeae43f,312961,Simvastatin 20 MG Oral Tablet,25.49,0.00,12,305.88,,
2009-11-09,2010-11-15,165de532-00b9-4484-a601-ffbe3aef1395,b1c428d6-4f07-31e0-90f0-68ffa6ff8c76,59e574e5-7f0b-4040-8ab1-bf26ffeae43f,197361,Amlodipine 5 MG Oral Tablet,64.25,0.00,12,771.00,,
2010-11-15,2011-11-21,165de532-00b9-4484-a601-ffbe3aef1395,b1c428d6-4f07-31e0-90f0-68ffa6ff8c76,5cd5376f-18c5-4523-9e65-b13cd891bef5,309362,Clopidogrel 75 MG Oral Tablet,78.83,0.00,12,945.96,,
2010-11-15,2011-11-21,165de532-00b9-4484-a601-ffbe3aef1395,b1c428d6-4f07-31e0-90f0-68ffa6ff8c76,5cd5376f-18c5-4523-9e65-b13cd891bef5,705129,Nitroglycerin 0.4 MG/ACTUAT Mucosal Spray,42.83,0.00,12,513.96,,
2010-11-15,2011-11-21,165de532-00b9-4484-a601-ffbe3aef1395,b1c428d6-4f07-31e0-90f0-68ffa6ff8c76,5cd5376f-18c5-4523-9e65-b13cd891bef5,312961,Simvastatin 20 MG Oral Tablet,21.11,0.00,12,253.32,,
2010-11-15,2011-11-21,165de532-00b9-4484-a601-ffbe3aef1395,b1c428d6-4f07-31e0-90f0-68ffa6ff8c76,5cd5376f-18c5-4523-9e65-b13cd891bef5,197361,Amlodipine 5 MG Oral Tablet,40.66,0.00,12,487.92,,
2011-11-21,2012-11-26,165de532-00b9-4484-a601-ffbe3aef1395,b1c428d6-4f07-31e0-90f0-68ffa6ff8c76,970ece52-16c7-4fb8-b3a5-968a0864100e,309362,Clopidogrel 75 MG Oral Tablet,67.37,0.00,12,808.44,,
2011-11-21,2012-11-26,165de532-00b9-4484-a601-ffbe3aef1395,b1c428d6-4f07-31e0-90f0-68ffa6ff8c76,970ece52-16c7-4fb8-b3a5-968a0864100e,705129,Nitroglycerin 0.4 MG/ACTUAT Mucosal Spray,200.66,0.00,12,2407.92,,
2011-11-21,2012-11-26,165de532-00b9-4484-a601-ffbe3aef1395,b1c428d6-4f07-31e0-90f0-68ffa6ff8c76,970ece52-16c7-4fb8-b3a5-968a0864100e,312961,Simvastatin 20 MG Oral Tablet,30.44,0.00,12,365.28,,
2011-11-21,2012-11-26,165de532-00b9-4484-a601-ffbe3aef1395,b1c428d6-4f07-31e0-90f0-68ffa6ff8c76,970ece52-16c7-4fb8-b3a5-968a0864100e,197361,Amlodipine 5 MG Oral Tablet,29.34,0.00,12,352.08,,
2012-11-26,2013-12-02,165de532-00b9-4484-a601-ffbe3aef1395,b1c428d6-4f07-31e0-90f0-68ffa6ff8c76,6ec4855f-c66c-4549-81cb-64006c95e5d3,309362,Clopidogrel 75 MG Oral Tablet,51.50,0.00,12,618.00,,
2012-11-26,2013-12-02,165de532-00b9-4484-a601-ffbe3aef1395,b1c428d6-4f07-31e0-90f0-68ffa6ff8c76,6ec4855f-c66c-4549-81cb-64006c95e5d3,705129,Nitroglycerin 0.4 MG/ACTUAT Mucosal Spray,55.43,0.00,12,665.16,,
2012-11-26,2013-12-02,165de532-00b9-4484-a601-ffbe3aef1395,b1c428d6-4f07-31e0-90f0-68ffa6ff8c76,6ec4855f-c66c-4549-81cb-64006c95e5d3,312961,Simvastatin 20 MG Oral Tablet,27.33,0.00,12,327.96,,
2012-11-26,2013-12-02,165de532-00b9-4484-a601-ffbe3aef1395,b1c428d6-4f07-31e0-90f0-68ffa6ff8c76,6ec4855f-c66c-4549-81cb-64006c95e5d3,197361,Amlodipine 5 MG Oral Tablet,43.85,0.00,12,526.20,,
2013-12-02,2014-12-08,165de532-00b9-4484-a601-ffbe3aef1395,b1c428d6-4f07-31e0-90f0-68ffa6ff8c76,ff5640c2-f09f-4318-acd3-5ea1d82a2f33,309362,Clopidogrel 75 MG Oral Tablet,58.23,0.00,12,698.76,,
2013-12-02,2014-12-08,165de532-00b9-4484-a601-ffbe3aef1395,b1c428d6-4f07-31e0-90f0-68ffa6ff8c76,ff5640c2-f09f-4318-acd3-5ea1d82a2f33,705129,Nitroglycerin 0.4 MG/ACTUAT Mucosal Spray,216.67,0.00,12,2600.04,,
2013-12-02,2014-12-08,165de532-00b9-4484-a601-ffbe3aef1395,b1c428d6-4f07-31e0-90f0-68ffa6ff8c76,ff5640c2-f09f-4318-acd3-5ea1d82a2f33,312961,Simvastatin 20 MG Oral Tablet,21.40,0.00,12,256.80,,
2013-12-02,2014-12-08,165de532-00b9-4484-a601-ffbe3aef1395,b1c428d6-4f07-31e0-90f0-68ffa6ff8c76,ff5640c2-f09f-4318-acd3-5ea1d82a2f33,197361,Amlodipine 5 MG Oral Tablet,13.46,0.00,12,161.52,,
2014-12-08,2015-12-14,165de532-00b9-4484-a601-ffbe3aef1395,b1c428d6-4f07-31e0-90f0-68ffa6ff8c76,b1fbc442-7305-4027-aa8b-09e1fc3420da,309362,Clopidogrel 75 MG Oral Tablet,34.34,0.00,12,412.08,,
2014-12-08,2015-12-14,165de532-00b9-4484-a601-ffbe3aef1395,b1c428d6-4f07-31e0-90f0-68ffa6ff8c76,b1fbc442-7305-4027-aa8b-09e1fc3420da,705129,Nitroglycerin 0.4 MG/ACTUAT Mucosal Spray,264.48,0.00,12,3173.76,,
2014-12-08,2015-12-14,165de532-00b9-4484-a601-ffbe3aef1395,b1c428d6-4f07-31e0-90f0-68ffa6ff8c76,b1fbc442-7305-4027-aa8b-09e1fc3420da,312961,Simvastatin 20 MG Oral Tablet,11.10,0.00,12,133.20,,
2014-12-08,2015-12-14,165de532-00b9-4484-a601-ffbe3aef1395,b1c428d6-4f07-31e0-90f0-68ffa6ff8c76,b1fbc442-7305-4027-aa8b-09e1fc3420da,197361,Amlodipine 5 MG Oral Tablet,23.49,0.00,12,281.88,,
2015-12-14,2016-12-19,165de532-00b9-4484-a601-ffbe3aef1395,b1c428d6-4f07-31e0-90f0-68ffa6ff8c76,b773a55f-3547-411d-ba5b-376a2f0e04f8,309362,Clopidogrel 75 MG Oral Tablet,31.86,0.00,12,382.32,,
2015-12-14,2016-12-19,165de532-00b9-4484-a601-ffbe3aef1395,b1c428d6-4f07-31e0-90f0-68ffa6ff8c76,b773a55f-3547-411d-ba5b-376a2f0e04f8,705129,Nitroglycerin 0.4 MG/ACTUAT Mucosal Spray,67.98,0.00,12,815.76,,
2015-12-14,2016-12-19,165de532-00b9-4484-a601-ffbe3aef1395,b1c428d6-4f07-31e0-90f0-68ffa6ff8c76,b773a55f-3547-411d-ba5b-376a2f0e04f8,312961,Simvastatin 20 MG Oral Tablet,29.44,0.00,12,353.28,,
2015-12-14,2016-12-19,165de532-00b9-4484-a601-ffbe3aef1395,b1c428d6-4f07-31e0-90f0-68ffa6ff8c76,b773a55f-3547-411d-ba5b-376a2f0e04f8,197361,Amlodipine 5 MG Oral Tablet,11.17,0.00,12,134.04,,
2016-12-19,2017-12-25,165de532-00b9-4484-a601-ffbe3aef1395,b1c428d6-4f07-31e0-90f0-68ffa6ff8c76,8e0dc84d-7e43-4515-bc7d-9ab3f0a86ffa,309362,Clopidogrel 75 MG Oral Tablet,18.12,0.00,12,217.44,,
2016-12-19,2017-12-25,165de532-00b9-4484-a601-ffbe3aef1395,b1c428d6-4f07-31e0-90f0-68ffa6ff8c76,8e0dc84d-7e43-4515-bc7d-9ab3f0a86ffa,705129,Nitroglycerin 0.4 MG/ACTUAT Mucosal Spray,152.12,0.00,12,1825.44,,
2016-12-19,2017-12-25,165de532-00b9-4484-a601-ffbe3aef1395,b1c428d6-4f07-31e0-90f0-68ffa6ff8c76,8e0dc84d-7e43-4515-bc7d-9ab3f0a86ffa,312961,Simvastatin 20 MG Oral Tablet,35.51,0.00,12,426.12,,
2016-12-19,2017-12-25,165de532-00b9-4484-a601-ffbe3aef1395,b1c428d6-4f07-31e0-90f0-68ffa6ff8c76,8e0dc84d-7e43-4515-bc7d-9ab3f0a86ffa,197361,Amlodipine 5 MG Oral Tablet,85.88,0.00,12,1030.56,,
2017-12-25,2018-12-31,165de532-00b9-4484-a601-ffbe3aef1395,b1c428d6-4f07-31e0-90f0-68ffa6ff8c76,e097a4fc-8402-4885-a541-57a0953e7bda,309362,Clopidogrel 75 MG Oral Tablet,36.02,0.00,12,432.24,,
2017-12-25,2018-12-31,165de532-00b9-4484-a601-ffbe3aef1395,b1c428d6-4f07-31e0-90f0-68ffa6ff8c76,e097a4fc-8402-4885-a541-57a0953e7bda,705129,Nitroglycerin 0.4 MG/ACTUAT Mucosal Spray,100.73,0.00,12,1208.76,,
2017-12-25,2018-12-31,165de532-00b9-4484-a601-ffbe3aef1395,b1c428d6-4f07-31e0-90f0-68ffa6ff8c76,e097a4fc-8402-4885-a541-57a0953e7bda,312961,Simvastatin 20 MG Oral Tablet,14.42,0.00,12,173.04,,
2017-12-25,2018-12-31,165de532-00b9-4484-a601-ffbe3aef1395,b1c428d6-4f07-31e0-90f0-68ffa6ff8c76,e097a4fc-8402-4885-a541-57a0953e7bda,197361,Amlodipine 5 MG Oral Tablet,4.72,0.00,12,56.64,,
2018-12-31,2020-01-06,165de532-00b9-4484-a601-ffbe3aef1395,b1c428d6-4f07-31e0-90f0-68ffa6ff8c76,e0ce95c2-8bef-47f2-acad-9647404a6519,309362,Clopidogrel 75 MG Oral Tablet,36.69,0.00,12,440.28,,
2018-12-31,2020-01-06,165de532-00b9-4484-a601-ffbe3aef1395,b1c428d6-4f07-31e0-90f0-68ffa6ff8c76,e0ce95c2-8bef-47f2-acad-9647404a6519,705129,Nitroglycerin 0.4 MG/ACTUAT Mucosal Spray,44.86,0.00,12,538.32,,
2018-12-31,2020-01-06,165de532-00b9-4484-a601-ffbe3aef1395,b1c428d6-4f07-31e0-90f0-68ffa6ff8c76,e0ce95c2-8bef-47f2-acad-9647404a6519,312961,Simvastatin 20 MG Oral Tablet,12.24,0.00,12,146.88,,
2018-12-31,2020-01-06,165de532-00b9-4484-a601-ffbe3aef1395,b1c428d6-4f07-31e0-90f0-68ffa6ff8c76,e0ce95c2-8bef-47f2-acad-9647404a6519,197361,Amlodipine 5 MG Oral Tablet,71.42,0.00,12,857.04,,
2020-01-06,,165de532-00b9-4484-a601-ffbe3aef1395,b1c428d6-4f07-31e0-90f0-68ffa6ff8c76,9a3f5771-501b-4704-8d51-8279f75d9e08,309362,Clopidogrel 75 MG Oral Tablet,21.54,0.00,2,43.08,,
2020-01-06,,165de532-00b9-4484-a601-ffbe3aef1395,b1c428d6-4f07-31e0-90f0-68ffa6ff8c76,9a3f5771-501b-4704-8d51-8279f75d9e08,705129,Nitroglycerin 0.4 MG/ACTUAT Mucosal Spray,335.05,0.00,2,670.10,,
2020-01-06,,165de532-00b9-4484-a601-ffbe3aef1395,b1c428d6-4f07-31e0-90f0-68ffa6ff8c76,9a3f5771-501b-4704-8d51-8279f75d9e08,312961,Simvastatin 20 MG Oral Tablet,26.55,0.00,2,53.10,,
2020-01-06,,165de532-00b9-4484-a601-ffbe3aef1395,b1c428d6-4f07-31e0-90f0-68ffa6ff8c76,9a3f5771-501b-4704-8d51-8279f75d9e08,197361,Amlodipine 5 MG Oral Tablet,7.41,0.00,2,14.82,,
2003-09-16,2003-09-16,cbfd3de8-53dc-45d0-b31b-f43816052cdd,b1c428d6-4f07-31e0-90f0-68ffa6ff8c76,dbe7323e-8aff-4085-ae0f-417d22d553d4,855332,Warfarin Sodium 5 MG Oral Tablet,135.55,0.00,1,135.55,,
2003-09-16,2003-09-16,cbfd3de8-53dc-45d0-b31b-f43816052cdd,b1c428d6-4f07-31e0-90f0-68ffa6ff8c76,dbe7323e-8aff-4085-ae0f-417d22d553d4,897718,Verapamil Hydrochloride 40 MG,127.29,0.00,1,127.29,,
2003-09-16,2003-09-16,cbfd3de8-53dc-45d0-b31b-f43816052cdd,b1c428d6-4f07-31e0-90f0-68ffa6ff8c76,dbe7323e-8aff-4085-ae0f-417d22d553d4,197604,Digoxin 0.125 MG Oral Tablet,56.97,0.00,1,56.97,,
2003-09-16,2004-09-21,cbfd3de8-53dc-45d0-b31b-f43816052cdd,b1c428d6-4f07-31e0-90f0-68ffa6ff8c76,dbe7323e-8aff-4085-ae0f-417d22d553d4,897718,Verapamil Hydrochloride 40 MG,142.97,0.00,12,1715.64,,
2003-09-16,2004-09-21,cbfd3de8-53dc-45d0-b31b-f43816052cdd,b1c428d6-4f07-31e0-90f0-68ffa6ff8c76,dbe7323e-8aff-4085-ae0f-417d22d553d4,197604,Digoxin 0.125 MG Oral Tablet,72.97,0.00,12,875.64,,
2003-09-16,2004-09-21,cbfd3de8-53dc-45d0-b31b-f43816052cdd,b1c428d6-4f07-31e0-90f0-68ffa6ff8c76,dbe7323e-8aff-4085-ae0f-417d22d553d4,855332,Warfarin Sodium 5 MG Oral Tablet,160.68,0.00,12,1928.16,,
2004-09-21,2005-09-27,cbfd3de8-53dc-45d0-b31b-f43816052cdd,b1c428d6-4f07-31e0-90f0-68ffa6ff8c76,91204f43-a809-4761-a51b-a78349471578,897718,Verapamil Hydrochloride 40 MG,8.56,0.00,12,102.72,,
2004-09-21,2005-09-27,cbfd3de8-53dc-45d0-b31b-f43816052cdd,b1c428d6-4f07-31e0-90f0-68ffa6ff8c76,91204f43-a809-4761-a51b-a78349471578,197604,Digoxin 0.125 MG Oral Tablet,48.03,0.00,12,576.36,,
2004-09-21,2005-09-27,cbfd3de8-53dc-45d0-b31b-f43816052cdd,b1c428d6-4f07-31e0-90f0-68ffa6ff8c76,91204f43-a809-4761-a51b-a78349471578,855332,Warfarin Sodium 5 MG Oral Tablet,7.84,0.00,12,94.08,,
2005-09-27,2006-10-03,cbfd3de8-53dc-45d0-b31b-f43816052cdd,b1c428d6-4f07-31e0-90f0-68ffa6ff8c76,5ce8e7a8-7fc8-462f-8648-2d10cae791bc,897718,Verapamil Hydrochloride 40 MG,257.52,0.00,12,3090.24,,
2005-09-27,2006-10-03,cbfd3de8-53dc-45d0-b31b-f43816052cdd,b1c428d6-4f07-31e0-90f0-68ffa6ff8c76,5ce8e7a8-7fc8-462f-8648-2d10cae791bc,197604,Digoxin 0.125 MG Oral Tablet,100.24,0.00,12,1202.88,,
2005-09-27,2006-10-03,cbfd3de8-53dc-45d0-b31b-f43816052cdd,b1c428d6-4f07-31e0-90f0-68ffa6ff8c76,5ce8e7a8-7fc8-462f-8648-2d10cae791bc,855332,Warfarin Sodium 5 MG Oral Tablet,19.40,0.00,12,232.80,,
2006-10-03,2007-10-09,cbfd3de8-53dc-45d0-b31b-f43816052cdd,b1c428d6-4f07-31e0-90f0-68ffa6ff8c76,ae6d63b1-a68f-4b62-916f-627f401f51cb,897718,Verapamil Hydrochloride 40 MG,220.08,0.00,12,2640.96,,
2006-10-03,2007-10-09,cbfd3de8-53dc-45d0-b31b-f43816052cdd,b1c428d6-4f07-31e0-90f0-68ffa6ff8c76,ae6d63b1-a68f-4b62-916f-627f401f51cb,197604,Digoxin 0.125 MG Oral Tablet,106.76,0.00,12,1281.12,,
2006-10-03,2007-10-09,cbfd3de8-53dc-45d0-b31b-f43816052cdd,b1c428d6-4f07-31e0-90f0-68ffa6ff8c76,ae6d63b1-a68f-4b62-916f-627f401f51cb,855332,Warfarin Sodium 5 MG Oral Tablet,20.67,0.00,12,248.04,,
2007-10-09,2008-10-14,cbfd3de8-53dc-45d0-b31b-f43816052cdd,b1c428d6-4f07-31e0-90f0-68ffa6ff8c76,3a5f8f23-d5e4-4c3d-967e-824f1f97765c,897718,Verapamil Hydrochloride 40 MG,24.24,0.00,12,290.88,,
2007-10-09,2008-10-14,cbfd3de8-53dc-45d0-b31b-f43816052cdd,b1c428d6-4f07-31e0-90f0-68ffa6ff8c76,3a5f8f23-d5e4-4c3d-967e-824f1f97765c,197604,Digoxin 0.125 MG Oral Tablet,113.61,0.00,12,1363.32,,
2007-10-09,2008-10-14,cbfd3de8-53dc-45d0-b31b-f43816052cdd,b1c428d6-4f07-31e0-90f0-68ffa6ff8c76,3a5f8f23-d5e4-4c3d-967e-824f1f97765c,855332,Warfarin Sodium 5 MG Oral Tablet,134.88,0.00,12,1618.56,,
2008-10-14,2009-10-20,cbfd3de8-53dc-45d0-b31b-f43816052cdd,b1c428d6-4f07-31e0-90f0-68ffa6ff8c76,2fb30e4e-80c2-4039-98f4-b6ac4f457334,897718,Verapamil Hydrochloride 40 MG,162.14,0.00,12,1945.68,,
2008-10-14,2009-10-20,cbfd3de8-53dc-45d0-b31b-f43816052cdd,b1c428d6-4f07-31e0-90f0-68ffa6ff8c76,2fb30e4e-80c2-4039-98f4-b6ac4f457334,197604,Digoxin 0.125 MG Oral Tablet,111.20,0.00,12,1334.40,,
2008-10-14,2009-10-20,cbfd3de8-53dc-45d0-b31b-f43816052cdd,b1c428d6-4f07-31e0-90f0-68ffa6ff8c76,2fb30e4e-80c2-4039-98f4-b6ac4f457334,855332,Warfarin Sodium 5 MG Oral Tablet,166.09,0.00,12,1993.08,,
2009-10-20,2010-10-26,cbfd3de8-53dc-45d0-b31b-f43816052cdd,b1c428d6-4f07-31e0-90f0-68ffa6ff8c76,2a97ed9e-f910-4afd-9531-905579a32234,897718,Verapamil Hydrochloride 40 MG,110.06,0.00,12,1320.72,,
2009-10-20,2010-10-26,cbfd3de8-53dc-45d0-b31b-f43816052cdd,b1c428d6-4f07-31e0-90f0-68ffa6ff8c76,2a97ed9e-f910-4afd-9531-905579a32234,197604,Digoxin 0.125 MG Oral Tablet,97.28,0.00,12,1167.36,,
2009-10-20,2010-10-26,cbfd3de8-53dc-45d0-b31b-f43816052cdd,b1c428d6-4f07-31e0-90f0-68ffa6ff8c76,2a97ed9e-f910-4afd-9531-905579a32234,855332,Warfarin Sodium 5 MG Oral Tablet,82.55,0.00,12,990.60,,
2010-10-26,2011-11-01,cbfd3de8-53dc-45d0-b31b-f43816052cdd,b1c428d6-4f07-31e0-90f0-68ffa6ff8c76,3d32a752-ff76-4417-9381-fd16a264d410,897718,Verapamil Hydrochloride 40 MG,69.68,0.00,12,836.16,,
2010-10-26,2011-11-01,cbfd3de8-53dc-45d0-b31b-f43816052cdd,b1c428d6-4f07-31e0-90f0-68ffa6ff8c76,3d32a752-ff76-4417-9381-fd16a264d410,197604,Digoxin 0.125 MG Oral Tablet,60.31,0.00,12,723.72,,
2010-10-26,2011-11-01,cbfd3de8-53dc-45d0-b31b-f43816052cdd,b1c428d6-4f07-31e0-90f0-68ffa6ff8c76,3d32a752-ff76-4417-9381-fd16a264d410,855332,Warfarin Sodium 5 MG Oral Tablet,187.74,0.00,12,2252.88,,
2011-11-01,2012-11-06,cbfd3de8-53dc-45d0-b31b-f43816052cdd,b1c428d6-4f07-31e0-90f0-68ffa6ff8c76,63a77ae0-4620-4d73-9d6c-cc5141e28bf3,897718,Verapamil Hydrochloride 40 MG,98.46,0.00,12,1181.52,,
2011-11-01,2012-11-06,cbfd3de8-53dc-45d0-b31b-f43816052cdd,b1c428d6-4f07-31e0-90f0-68ffa6ff8c76,63a77ae0-4620-4d73-9d6c-cc5141e28bf3,197604,Digoxin 0.125 MG Oral Tablet,17.46,0.00,12,209.52,,
2011-11-01,2012-11-06,cbfd3de8-53dc-45d0-b31b-f43816052cdd,b1c428d6-4f07-31e0-90f0-68ffa6ff8c76,63a77ae0-4620-4d73-9d6c-cc5141e28bf3,855332,Warfarin Sodium 5 MG Oral Tablet,130.56,0.00,12,1566.72,,
2012-11-06,2013-11-12,cbfd3de8-53dc-45d0-b31b-f43816052cdd,b1c428d6-4f07-31e0-90f0-68ffa6ff8c76,23d9836a-dfd0-4e0c-8a6c-fe195090f195,897718,Verapamil Hydrochloride 40 MG,204.79,0.00,12,2457.48,,
2012-11-06,2013-11-12,cbfd3de8-53dc-45d0-b31b-f43816052cdd,b1c428d6-4f07-31e0-90f0-68ffa6ff8c76,23d9836a-dfd0-4e0c-8a6c-fe195090f195,197604,Digoxin 0.125 MG Oral Tablet,116.28,0.00,12,1395.36,,
2012-11-06,2013-11-12,cbfd3de8-53dc-45d0-b31b-f43816052cdd,b1c428d6-4f07-31e0-90f0-68ffa6ff8c76,23d9836a-dfd0-4e0c-8a6c-fe195090f195,855332,Warfarin Sodium 5 MG Oral Tablet,141.68,0.00,12,1700.16,,
2013-04-02,2013-04-02,cbfd3de8-53dc-45d0-b31b-f43816052cdd,b1c428d6-4f07-31e0-90f0-68ffa6ff8c76,9234a53f-3a23-44a2-90c8-903c808fc6c1,309362,Clopidogrel 75 MG Oral Tablet,9.43,0.00,1,9.43,,
2013-04-02,2013-04-02,cbfd3de8-53dc-45d0-b31b-f43816052cdd,b1c428d6-4f07-31e0-90f0-68ffa6ff8c76,9234a53f-3a23-44a2-90c8-903c808fc6c1,1804799,Alteplase 100 MG Injection,6494.28,0.00,1,6494.28,,
2013-11-12,2014-11-18,cbfd3de8-53dc-45d0-b31b-f43816052cdd,b1c428d6-4f07-31e0-90f0-68ffa6ff8c76,7f2ae001-8549-4d3f-8a0f-9f2d58306af4,897718,Verapamil Hydrochloride 40 MG,35.52,0.00,12,426.24,,
2013-11-12,2014-11-18,cbfd3de8-53dc-45d0-b31b-f43816052cdd,b1c428d6-4f07-31e0-90f0-68ffa6ff8c76,7f2ae001-8549-4d3f-8a0f-9f2d58306af4,197604,Digoxin 0.125 MG Oral Tablet,42.86,0.00,12,514.32,,
2013-11-12,2014-11-18,cbfd3de8-53dc-45d0-b31b-f43816052cdd,b1c428d6-4f07-31e0-90f0-68ffa6ff8c76,7f2ae001-8549-4d3f-8a0f-9f2d58306af4,855332,Warfarin Sodium 5 MG Oral Tablet,79.77,0.00,12,957.24,,
2014-11-18,2015-11-24,cbfd3de8-53dc-45d0-b31b-f43816052cdd,b1c428d6-4f07-31e0-90f0-68ffa6ff8c76,97707789-3058-41b9-ba8a-6b59252d08f0,897718,Verapamil Hydrochloride 40 MG,24.94,0.00,12,299.28,,
2014-11-18,2015-11-24,cbfd3de8-53dc-45d0-b31b-f43816052cdd,b1c428d6-4f07-31e0-90f0-68ffa6ff8c76,97707789-3058-41b9-ba8a-6b59252d08f0,197604,Digoxin 0.125 MG Oral Tablet,40.47,0.00,12,485.64,,
2014-11-18,2015-11-24,cbfd3de8-53dc-45d0-b31b-f43816052cdd,b1c428d6-4f07-31e0-90f0-68ffa6ff8c76,97707789-3058-41b9-ba8a-6b59252d08f0,855332,Warfarin Sodium 5 MG Oral Tablet,39.07,0.00,12,468.84,,
2015-11-24,2016-11-29,cbfd3de8-53dc-45d0-b31b-f43816052cdd,b1c428d6-4f07-31e0-90f0-68ffa6ff8c76,021fbb46-2100-486b-ac5f-630fe1f8db48,897718,Verapamil Hydrochloride 40 MG,43.45,0.00,12,521.40,,
2015-11-24,2016-11-29,cbfd3de8-53dc-45d0-b31b-f43816052cdd,b1c428d6-4f07-31e0-90f0-68ffa6ff8c76,021fbb46-2100-486b-ac5f-630fe1f8db48,197604,Digoxin 0.125 MG Oral Tablet,36.81,0.00,12,441.72,,
2015-11-24,2016-11-29,cbfd3de8-53dc-45d0-b31b-f43816052cdd,b1c428d6-4f07-31e0-90f0-68ffa6ff8c76,021fbb46-2100-486b-ac5f-630fe1f8db48,855332,Warfarin Sodium 5 MG Oral Tablet,72.42,0.00,12,869.04,,
2016-11-29,2017-12-05,cbfd3de8-53dc-45d0-b31b-f43816052cdd,b1c428d6-4f07-31e0-90f0-68ffa6ff8c76,5d4be352-8384-48f6-8b57-48c1939710a4,897718,Verapamil Hydrochloride 40 MG,85.32,0.00,12,1023.84,,
2016-11-29,2017-12-05,cbfd3de8-53dc-45d0-b31b-f43816052cdd,b1c428d6-4f07-31e0-90f0-68ffa6ff8c76,5d4be352-8384-48f6-8b57-48c1939710a4,197604,Digoxin 0.125 MG Oral Tablet,49.15,0.00,12,589.80,,
2016-11-29,2017-12-05,cbfd3de8-53dc-45d0-b31b-f43816052cdd,b1c428d6-4f07-31e0-90f0-68ffa6ff8c76,5d4be352-8384-48f6-8b57-48c1939710a4,855332,Warfarin Sodium 5 MG Oral Tablet,8.50,0.00,12,102.00,,
2017-12-05,2018-12-11,cbfd3de8-53dc-45d0-b31b-f43816052cdd,b1c428d6-4f07-31e0-90f0-68ffa6ff8c76,e9172849-463d-4be7-b126-5452cf5179d5,897718,Verapamil Hydrochloride 40 MG,16.26,0.00,12,195.12,,
2017-12-05,2018-12-11,cbfd3de8-53dc-45d0-b31b-f43816052cdd,b1c428d6-4f07-31e0-90f0-68ffa6ff8c76,e9172849-463d-4be7-b126-5452cf5179d5,197604,Digoxin 0.125 MG Oral Tablet,56.27,0.00,12,675.24,,
2017-12-05,2018-12-11,cbfd3de8-53dc-45d0-b31b-f43816052cdd,b1c428d6-4f07-31e0-90f0-68ffa6ff8c76,e9172849-463d-4be7-b126-5452cf5179d5,855332,Warfarin Sodium 5 MG Oral Tablet,44.20,0.00,12,530.40,,
2018-12-11,2019-12-17,cbfd3de8-53dc-45d0-b31b-f43816052cdd,b1c428d6-4f07-31e0-90f0-68ffa6ff8c76,2232285d-f328-4432-ba62-1bc5b11ccfb7,897718,Verapamil Hydrochloride 40 MG,53.88,0.00,12,646.56,,
2018-12-11,2019-12-17,cbfd3de8-53dc-45d0-b31b-f43816052cdd,b1c428d6-4f07-31e0-90f0-68ffa6ff8c76,2232285d-f328-4432-ba62-1bc5b11ccfb7,197604,Digoxin 0.125 MG Oral Tablet,60.77,0.00,12,729.24,,
2018-12-11,2019-12-17,cbfd3de8-53dc-45d0-b31b-f43816052cdd,b1c428d6-4f07-31e0-90f0-68ffa6ff8c76,2232285d-f328-4432-ba62-1bc5b11ccfb7,855332,Warfarin Sodium 5 MG Oral Tablet,135.08,0.00,12,1620.96,,
2019-12-17,,cbfd3de8-53dc-45d0-b31b-f43816052cdd,b1c428d6-4f07-31e0-90f0-68ffa6ff8c76,5ca5de15-3774-4880-9c84-706575b2b095,897718,Verapamil Hydrochloride 40 MG,218.60,0.00,2,437.20,,
2019-12-17,,cbfd3de8-53dc-45d0-b31b-f43816052cdd,b1c428d6-4f07-31e0-90f0-68ffa6ff8c76,5ca5de15-3774-4880-9c84-706575b2b095,197604,Digoxin 0.125 MG Oral Tablet,32.39,0.00,2,64.78,,
2019-12-17,,cbfd3de8-53dc-45d0-b31b-f43816052cdd,b1c428d6-4f07-31e0-90f0-68ffa6ff8c76,5ca5de15-3774-4880-9c84-706575b2b095,855332,Warfarin Sodium 5 MG Oral Tablet,111.33,0.00,2,222.66,,
2018-03-02,2018-03-02,c0719308-7eb1-42d6-bddd-011970ab7e60,b1c428d6-4f07-31e0-90f0-68ffa6ff8c76,460898f3-b4a5-4022-914a-90ac22e7d2f9,855332,Warfarin Sodium 5 MG Oral Tablet,70.00,0.00,1,70.00,,
2018-03-02,2018-03-02,c0719308-7eb1-42d6-bddd-011970ab7e60,b1c428d6-4f07-31e0-90f0-68ffa6ff8c76,460898f3-b4a5-4022-914a-90ac22e7d2f9,897718,Verapamil Hydrochloride 40 MG,39.51,0.00,1,39.51,,
2018-03-02,2018-03-02,c0719308-7eb1-42d6-bddd-011970ab7e60,b1c428d6-4f07-31e0-90f0-68ffa6ff8c76,460898f3-b4a5-4022-914a-90ac22e7d2f9,197604,Digoxin 0.125 MG Oral Tablet,104.17,0.00,1,104.17,,
2018-03-02,2019-03-08,c0719308-7eb1-42d6-bddd-011970ab7e60,b1c428d6-4f07-31e0-90f0-68ffa6ff8c76,460898f3-b4a5-4022-914a-90ac22e7d2f9,897718,Verapamil Hydrochloride 40 MG,183.97,0.00,12,2207.64,,
2018-03-02,2019-03-08,c0719308-7eb1-42d6-bddd-011970ab7e60,b1c428d6-4f07-31e0-90f0-68ffa6ff8c76,460898f3-b4a5-4022-914a-90ac22e7d2f9,197604,Digoxin 0.125 MG Oral Tablet,62.28,0.00,12,747.36,,
2018-03-02,2019-03-08,c0719308-7eb1-42d6-bddd-011970ab7e60,b1c428d6-4f07-31e0-90f0-68ffa6ff8c76,460898f3-b4a5-4022-914a-90ac22e7d2f9,855332,Warfarin Sodium 5 MG Oral Tablet,183.50,0.00,12,2202.00,,
2019-03-08,,c0719308-7eb1-42d6-bddd-011970ab7e60,b1c428d6-4f07-31e0-90f0-68ffa6ff8c76,9aa9ab17-e220-49ae-b955-91262727eabd,897718,Verapamil Hydrochloride 40 MG,164.32,0.00,12,1971.84,,
2019-03-08,,c0719308-7eb1-42d6-bddd-011970ab7e60,b1c428d6-4f07-31e0-90f0-68ffa6ff8c76,9aa9ab17-e220-49ae-b955-91262727eabd,197604,Digoxin 0.125 MG Oral Tablet,77.88,0.00,12,934.56,,
2019-03-08,,c0719308-7eb1-42d6-bddd-011970ab7e60,b1c428d6-4f07-31e0-90f0-68ffa6ff8c76,9aa9ab17-e220-49ae-b955-91262727eabd,855332,Warfarin Sodium 5 MG Oral Tablet,84.97,0.00,12,1019.64,,
2017-12-18,2017-12-18,ad444647-283f-4469-9cfe-750fa5297e73,b1c428d6-4f07-31e0-90f0-68ffa6ff8c76,ae5fceb0-c900-40dc-8514-df505e894e0f,1660014,1 ML Epinephrine 1 MG/ML Injection,2.27,0.00,1,2.27,,
2017-12-18,2017-12-18,ad444647-283f-4469-9cfe-750fa5297e73,b1c428d6-4f07-31e0-90f0-68ffa6ff8c76,ae5fceb0-c900-40dc-8514-df505e894e0f,834357,3 ML Amiodarone hydrocholoride 50 MG/ML Prefilled Syringe,107.35,0.00,1,107.35,,
2017-12-18,2017-12-18,ad444647-283f-4469-9cfe-750fa5297e73,b1c428d6-4f07-31e0-90f0-68ffa6ff8c76,ae5fceb0-c900-40dc-8514-df505e894e0f,1190795,Atropine Sulfate 1 MG/ML Injectable Solution,15.90,0.00,1,15.90,,
2005-07-27,2005-07-27,1ebcab28-f654-48c6-86a7-70cef2b4bf94,b1c428d6-4f07-31e0-90f0-68ffa6ff8c76,0b775fa0-eff3-42f4-bc71-301b3b312b18,309362,Clopidogrel 75 MG Oral Tablet,24.35,0.00,1,24.35,,
2005-07-27,2005-07-27,1ebcab28-f654-48c6-86a7-70cef2b4bf94,b1c428d6-4f07-31e0-90f0-68ffa6ff8c76,0b775fa0-eff3-42f4-bc71-301b3b312b18,312961,Simvastatin 20 MG Oral Tablet,19.23,0.00,1,19.23,,
2005-07-27,2005-07-27,1ebcab28-f654-48c6-86a7-70cef2b4bf94,b1c428d6-4f07-31e0-90f0-68ffa6ff8c76,0b775fa0-eff3-42f4-bc71-301b3b312b18,197361,Amlodipine 5 MG Oral Tablet,34.78,0.00,1,34.78,,
2005-07-27,2005-07-27,1ebcab28-f654-48c6-86a7-70cef2b4bf94,b1c428d6-4f07-31e0-90f0-68ffa6ff8c76,0b775fa0-eff3-42f4-bc71-301b3b312b18,705129,Nitroglycerin 0.4 MG/ACTUAT Mucosal Spray,158.28,0.00,1,158.28,,
2005-07-27,2006-08-02,1ebcab28-f654-48c6-86a7-70cef2b4bf94,b1c428d6-4f07-31e0-90f0-68ffa6ff8c76,0b775fa0-eff3-42f4-bc71-301b3b312b18,309362,Clopidogrel 75 MG Oral Tablet,23.29,0.00,12,279.48,,
2005-07-27,2006-08-02,1ebcab28-f654-48c6-86a7-70cef2b4bf94,b1c428d6-4f07-31e0-90f0-68ffa6ff8c76,0b775fa0-eff3-42f4-bc71-301b3b312b18,705129,Nitroglycerin 0.4 MG/ACTUAT Mucosal Spray,104.71,0.00,12,1256.52,,
2005-07-27,2006-08-02,1ebcab28-f654-48c6-86a7-70cef2b4bf94,b1c428d6-4f07-31e0-90f0-68ffa6ff8c76,0b775fa0-eff3-42f4-bc71-301b3b312b18,312961,Simvastatin 20 MG Oral Tablet,16.95,0.00,12,203.40,,
2005-07-27,2006-08-02,1ebcab28-f654-48c6-86a7-70cef2b4bf94,b1c428d6-4f07-31e0-90f0-68ffa6ff8c76,0b775fa0-eff3-42f4-bc71-301b3b312b18,197361,Amlodipine 5 MG Oral Tablet,27.47,0.00,12,329.64,,
2006-08-02,,1ebcab28-f654-48c6-86a7-70cef2b4bf94,b1c428d6-4f07-31e0-90f0-68ffa6ff8c76,4673b912-341c-4678-bc2f-f61b6e80373a,309362,Clopidogrel 75 MG Oral Tablet,126.12,0.00,1,126.12,,
2006-08-02,,1ebcab28-f654-48c6-86a7-70cef2b4bf94,b1c428d6-4f07-31e0-90f0-68ffa6ff8c76,4673b912-341c-4678-bc2f-f61b6e80373a,705129,Nitroglycerin 0.4 MG/ACTUAT Mucosal Spray,59.18,0.00,1,59.18,,
2006-08-02,,1ebcab28-f654-48c6-86a7-70cef2b4bf94,b1c428d6-4f07-31e0-90f0-68ffa6ff8c76,4673b912-341c-4678-bc2f-f61b6e80373a,312961,Simvastatin 20 MG Oral Tablet,41.06,0.00,1,41.06,,
2006-08-02,,1ebcab28-f654-48c6-86a7-70cef2b4bf94,b1c428d6-4f07-31e0-90f0-68ffa6ff8c76,4673b912-341c-4678-bc2f-f61b6e80373a,197361,Amlodipine 5 MG Oral Tablet,9.92,0.00,1,9.92,,
2006-08-30,2006-08-30,1ebcab28-f654-48c6-86a7-70cef2b4bf94,b1c428d6-4f07-31e0-90f0-68ffa6ff8c76,6a248bf6-8421-4521-9624-0d5197250790,1660014,1 ML Epinephrine 1 MG/ML Injection,3.34,0.00,1,3.34,,
2006-08-30,2006-08-30,1ebcab28-f654-48c6-86a7-70cef2b4bf94,b1c428d6-4f07-31e0-90f0-68ffa6ff8c76,6a248bf6-8421-4521-9624-0d5197250790,834357,3 ML Amiodarone hydrocholoride 50 MG/ML Prefilled Syringe,43.88,0.00,1,43.88,,
2006-08-30,2006-08-30,1ebcab28-f654-48c6-86a7-70cef2b4bf94,b1c428d6-4f07-31e0-90f0-68ffa6ff8c76,6a248bf6-8421-4521-9624-0d5197250790,1190795,Atropine Sulfate 1 MG/ML Injectable Solution,19.47,0.00,1,19.47,,
2016-06-20,2016-06-20,0b152ef6-97c7-4209-83a2-daec95d60569,b1c428d6-4f07-31e0-90f0-68ffa6ff8c76,5a238298-3d22-4d39-8813-ddd199946531,309362,Clopidogrel 75 MG Oral Tablet,27.59,0.00,1,27.59,,
2016-06-20,2016-06-20,0b152ef6-97c7-4209-83a2-daec95d60569,b1c428d6-4f07-31e0-90f0-68ffa6ff8c76,5a238298-3d22-4d39-8813-ddd199946531,312961,Simvastatin 20 MG Oral Tablet,17.16,0.00,1,17.16,,
2016-06-20,2016-06-20,0b152ef6-97c7-4209-83a2-daec95d60569,b1c428d6-4f07-31e0-90f0-68ffa6ff8c76,5a238298-3d22-4d39-8813-ddd199946531,197361,Amlodipine 5 MG Oral Tablet,38.27,0.00,1,38.27,,
2016-06-20,2016-06-20,0b152ef6-97c7-4209-83a2-daec95d60569,b1c428d6-4f07-31e0-90f0-68ffa6ff8c76,5a238298-3d22-4d39-8813-ddd199946531,705129,Nitroglycerin 0.4 MG/ACTUAT Mucosal Spray,27.52,0.00,1,27.52,,
2016-06-20,2017-06-26,0b152ef6-97c7-4209-83a2-daec95d60569,b1c428d6-4f07-31e0-90f0-68ffa6ff8c76,5a238298-3d22-4d39-8813-ddd199946531,309362,Clopidogrel 75 MG Oral Tablet,29.89,0.00,12,358.68,,
2016-06-20,2017-06-26,0b152ef6-97c7-4209-83a2-daec95d60569,b1c428d6-4f07-31e0-90f0-68ffa6ff8c76,5a238298-3d22-4d39-8813-ddd199946531,705129,Nitroglycerin 0.4 MG/ACTUAT Mucosal Spray,120.03,0.00,12,1440.36,,
2016-06-20,2017-06-26,0b152ef6-97c7-4209-83a2-daec95d60569,b1c428d6-4f07-31e0-90f0-68ffa6ff8c76,5a238298-3d22-4d39-8813-ddd199946531,312961,Simvastatin 20 MG Oral Tablet,24.93,0.00,12,299.16,,
2016-06-20,2017-06-26,0b152ef6-97c7-4209-83a2-daec95d60569,b1c428d6-4f07-31e0-90f0-68ffa6ff8c76,5a238298-3d22-4d39-8813-ddd199946531,197361,Amlodipine 5 MG Oral Tablet,11.35,0.00,12,136.20,,
2017-06-26,2018-07-02,0b152ef6-97c7-4209-83a2-daec95d60569,b1c428d6-4f07-31e0-90f0-68ffa6ff8c76,3657aeb8-057c-4fea-90c3-d09c9dcd9510,309362,Clopidogrel 75 MG Oral Tablet,87.14,0.00,12,1045.68,,
2017-06-26,2018-07-02,0b152ef6-97c7-4209-83a2-daec95d60569,b1c428d6-4f07-31e0-90f0-68ffa6ff8c76,3657aeb8-057c-4fea-90c3-d09c9dcd9510,705129,Nitroglycerin 0.4 MG/ACTUAT Mucosal Spray,243.13,0.00,12,2917.56,,
2017-06-26,2018-07-02,0b152ef6-97c7-4209-83a2-daec95d60569,b1c428d6-4f07-31e0-90f0-68ffa6ff8c76,3657aeb8-057c-4fea-90c3-d09c9dcd9510,312961,Simvastatin 20 MG Oral Tablet,17.59,0.00,12,211.08,,
2017-06-26,2018-07-02,0b152ef6-97c7-4209-83a2-daec95d60569,b1c428d6-4f07-31e0-90f0-68ffa6ff8c76,3657aeb8-057c-4fea-90c3-d09c9dcd9510,197361,Amlodipine 5 MG Oral Tablet,8.62,0.00,12,103.44,,
2018-07-02,2019-07-08,0b152ef6-97c7-4209-83a2-daec95d60569,b1c428d6-4f07-31e0-90f0-68ffa6ff8c76,88ee2fac-4c8b-40f3-92a7-dfc3059491fa,309362,Clopidogrel 75 MG Oral Tablet,48.55,0.00,12,582.60,,
2018-07-02,2019-07-08,0b152ef6-97c7-4209-83a2-daec95d60569,b1c428d6-4f07-31e0-90f0-68ffa6ff8c76,88ee2fac-4c8b-40f3-92a7-dfc3059491fa,705129,Nitroglycerin 0.4 MG/ACTUAT Mucosal Spray,175.40,0.00,12,2104.80,,
2018-07-02,2019-07-08,0b152ef6-97c7-4209-83a2-daec95d60569,b1c428d6-4f07-31e0-90f0-68ffa6ff8c76,88ee2fac-4c8b-40f3-92a7-dfc3059491fa,312961,Simvastatin 20 MG Oral Tablet,16.37,0.00,12,196.44,,
2018-07-02,2019-07-08,0b152ef6-97c7-4209-83a2-daec95d60569,b1c428d6-4f07-31e0-90f0-68ffa6ff8c76,88ee2fac-4c8b-40f3-92a7-dfc3059491fa,197361,Amlodipine 5 MG Oral Tablet,59.88,0.00,12,718.56,,
2019-07-08,,0b152ef6-97c7-4209-83a2-daec95d60569,b1c428d6-4f07-31e0-90f0-68ffa6ff8c76,8e508ba9-8861-48ce-8a66-d5cdf3580f42,309362,Clopidogrel 75 MG Oral Tablet,41.60,0.00,8,332.80,,
2019-07-08,,0b152ef6-97c7-4209-83a2-daec95d60569,b1c428d6-4f07-31e0-90f0-68ffa6ff8c76,8e508ba9-8861-48ce-8a66-d5cdf3580f42,705129,Nitroglycerin 0.4 MG/ACTUAT Mucosal Spray,119.16,0.00,8,953.28,,
2019-07-08,,0b152ef6-97c7-4209-83a2-daec95d60569,b1c428d6-4f07-31e0-90f0-68ffa6ff8c76,8e508ba9-8861-48ce-8a66-d5cdf3580f42,312961,Simvastatin 20 MG Oral Tablet,18.07,0.00,8,144.56,,
2019-07-08,,0b152ef6-97c7-4209-83a2-daec95d60569,b1c428d6-4f07-31e0-90f0-68ffa6ff8c76,8e508ba9-8861-48ce-8a66-d5cdf3580f42,197361,Amlodipine 5 MG Oral Tablet,13.80,0.00,8,110.40,,
2018-12-06,2018-12-06,8499d4c9-3757-4bac-8148-69cc5a2d6e65,b1c428d6-4f07-31e0-90f0-68ffa6ff8c76,3490ce0b-9211-4b85-a543-064d6a05adcd,855332,Warfarin Sodium 5 MG Oral Tablet,16.64,0.00,1,16.64,,
2018-12-06,2018-12-06,8499d4c9-3757-4bac-8148-69cc5a2d6e65,b1c428d6-4f07-31e0-90f0-68ffa6ff8c76,3490ce0b-9211-4b85-a543-064d6a05adcd,897718,Verapamil Hydrochloride 40 MG,102.71,0.00,1,102.71,,
2018-12-06,2018-12-06,8499d4c9-3757-4bac-8148-69cc5a2d6e65,b1c428d6-4f07-31e0-90f0-68ffa6ff8c76,3490ce0b-9211-4b85-a543-064d6a05adcd,197604,Digoxin 0.125 MG Oral Tablet,73.27,0.00,1,73.27,,
2018-12-06,2019-12-12,8499d4c9-3757-4bac-8148-69cc5a2d6e65,b1c428d6-4f07-31e0-90f0-68ffa6ff8c76,3490ce0b-9211-4b85-a543-064d6a05adcd,897718,Verapamil Hydrochloride 40 MG,54.92,0.00,12,659.04,,
2018-12-06,2019-12-12,8499d4c9-3757-4bac-8148-69cc5a2d6e65,b1c428d6-4f07-31e0-90f0-68ffa6ff8c76,3490ce0b-9211-4b85-a543-064d6a05adcd,197604,Digoxin 0.125 MG Oral Tablet,61.12,0.00,12,733.44,,
2018-12-06,2019-12-12,8499d4c9-3757-4bac-8148-69cc5a2d6e65,b1c428d6-4f07-31e0-90f0-68ffa6ff8c76,3490ce0b-9211-4b85-a543-064d6a05adcd,855332,Warfarin Sodium 5 MG Oral Tablet,49.93,0.00,12,599.16,,
2019-12-12,,8499d4c9-3757-4bac-8148-69cc5a2d6e65,b1c428d6-4f07-31e0-90f0-68ffa6ff8c76,97a6e700-1132-43b7-a2fc-47417c7af56a,897718,Verapamil Hydrochloride 40 MG,25.81,0.00,3,77.43,,
2019-12-12,,8499d4c9-3757-4bac-8148-69cc5a2d6e65,b1c428d6-4f07-31e0-90f0-68ffa6ff8c76,97a6e700-1132-43b7-a2fc-47417c7af56a,197604,Digoxin 0.125 MG Oral Tablet,118.74,0.00,3,356.22,,
2019-12-12,,8499d4c9-3757-4bac-8148-69cc5a2d6e65,b1c428d6-4f07-31e0-90f0-68ffa6ff8c76,97a6e700-1132-43b7-a2fc-47417c7af56a,855332,Warfarin Sodium 5 MG Oral Tablet,74.69,0.00,3,224.07,,
1999-06-23,1999-06-23,fbe5542b-a694-4c26-91f8-26f41963645b,b1c428d6-4f07-31e0-90f0-68ffa6ff8c76,1b45f5ba-f522-4c42-94da-fc49335f0dbf,309362,Clopidogrel 75 MG Oral Tablet,48.59,0.00,1,48.59,,
1999-06-23,1999-06-23,fbe5542b-a694-4c26-91f8-26f41963645b,b1c428d6-4f07-31e0-90f0-68ffa6ff8c76,1b45f5ba-f522-4c42-94da-fc49335f0dbf,312961,Simvastatin 20 MG Oral Tablet,33.97,0.00,1,33.97,,
1999-06-23,1999-06-23,fbe5542b-a694-4c26-91f8-26f41963645b,b1c428d6-4f07-31e0-90f0-68ffa6ff8c76,1b45f5ba-f522-4c42-94da-fc49335f0dbf,197361,Amlodipine 5 MG Oral Tablet,35.82,0.00,1,35.82,,
1999-06-23,1999-06-23,fbe5542b-a694-4c26-91f8-26f41963645b,b1c428d6-4f07-31e0-90f0-68ffa6ff8c76,1b45f5ba-f522-4c42-94da-fc49335f0dbf,705129,Nitroglycerin 0.4 MG/ACTUAT Mucosal Spray,193.56,0.00,1,193.56,,
1999-06-23,2000-06-28,fbe5542b-a694-4c26-91f8-26f41963645b,b1c428d6-4f07-31e0-90f0-68ffa6ff8c76,1b45f5ba-f522-4c42-94da-fc49335f0dbf,309362,Clopidogrel 75 MG Oral Tablet,93.04,0.00,12,1116.48,,
1999-06-23,2000-06-28,fbe5542b-a694-4c26-91f8-26f41963645b,b1c428d6-4f07-31e0-90f0-68ffa6ff8c76,1b45f5ba-f522-4c42-94da-fc49335f0dbf,705129,Nitroglycerin 0.4 MG/ACTUAT Mucosal Spray,314.08,0.00,12,3768.96,,
1999-06-23,2000-06-28,fbe5542b-a694-4c26-91f8-26f41963645b,b1c428d6-4f07-31e0-90f0-68ffa6ff8c76,1b45f5ba-f522-4c42-94da-fc49335f0dbf,312961,Simvastatin 20 MG Oral Tablet,38.90,0.00,12,466.80,,
1999-06-23,2000-06-28,fbe5542b-a694-4c26-91f8-26f41963645b,b1c428d6-4f07-31e0-90f0-68ffa6ff8c76,1b45f5ba-f522-4c42-94da-fc49335f0dbf,197361,Amlodipine 5 MG Oral Tablet,40.68,0.00,12,488.16,,
2000-06-28,2001-07-04,fbe5542b-a694-4c26-91f8-26f41963645b,b1c428d6-4f07-31e0-90f0-68ffa6ff8c76,3a3d03d3-58e0-49a5-b028-caf6f5ec9938,309362,Clopidogrel 75 MG Oral Tablet,110.59,0.00,12,1327.08,,
2000-06-28,2001-07-04,fbe5542b-a694-4c26-91f8-26f41963645b,b1c428d6-4f07-31e0-90f0-68ffa6ff8c76,3a3d03d3-58e0-49a5-b028-caf6f5ec9938,705129,Nitroglycerin 0.4 MG/ACTUAT Mucosal Spray,178.29,0.00,12,2139.48,,
2000-06-28,2001-07-04,fbe5542b-a694-4c26-91f8-26f41963645b,b1c428d6-4f07-31e0-90f0-68ffa6ff8c76,3a3d03d3-58e0-49a5-b028-caf6f5ec9938,312961,Simvastatin 20 MG Oral Tablet,51.84,0.00,12,622.08,,
2000-06-28,2001-07-04,fbe5542b-a694-4c26-91f8-26f41963645b,b1c428d6-4f07-31e0-90f0-68ffa6ff8c76,3a3d03d3-58e0-49a5-b028-caf6f5ec9938,197361,Amlodipine 5 MG Oral Tablet,34.93,0.00,12,419.16,,
2001-07-04,2002-07-10,fbe5542b-a694-4c26-91f8-26f41963645b,b1c428d6-4f07-31e0-90f0-68ffa6ff8c76,355ef868-21af-4720-9e19-4b3e9c356e86,309362,Clopidogrel 75 MG Oral Tablet,118.40,0.00,12,1420.80,,
2001-07-04,2002-07-10,fbe5542b-a694-4c26-91f8-26f41963645b,b1c428d6-4f07-31e0-90f0-68ffa6ff8c76,355ef868-21af-4720-9e19-4b3e9c356e86,705129,Nitroglycerin 0.4 MG/ACTUAT Mucosal Spray,64.34,0.00,12,772.08,,
2001-07-04,2002-07-10,fbe5542b-a694-4c26-91f8-26f41963645b,b1c428d6-4f07-31e0-90f0-68ffa6ff8c76,355ef868-21af-4720-9e19-4b3e9c356e86,312961,Simvastatin 20 MG Oral Tablet,23.94,0.00,12,287.28,,
2001-07-04,2002-07-10,fbe5542b-a694-4c26-91f8-26f41963645b,b1c428d6-4f07-31e0-90f0-68ffa6ff8c76,355ef868-21af-4720-9e19-4b3e9c356e86,197361,Amlodipine 5 MG Oral Tablet,83.75,0.00,12,1005.00,,
2002-07-10,2003-07-16,fbe5542b-a694-4c26-91f8-26f41963645b,b1c428d6-4f07-31e0-90f0-68ffa6ff8c76,441a3f52-0820-469f-969b-9fbd43607dd9,309362,Clopidogrel 75 MG Oral Tablet,63.51,0.00,12,762.12,,
2002-07-10,2003-07-16,fbe5542b-a694-4c26-91f8-26f41963645b,b1c428d6-4f07-31e0-90f0-68ffa6ff8c76,441a3f52-0820-469f-969b-9fbd43607dd9,705129,Nitroglycerin 0.4 MG/ACTUAT Mucosal Spray,63.76,0.00,12,765.12,,
2002-07-10,2003-07-16,fbe5542b-a694-4c26-91f8-26f41963645b,b1c428d6-4f07-31e0-90f0-68ffa6ff8c76,441a3f52-0820-469f-969b-9fbd43607dd9,312961,Simvastatin 20 MG Oral Tablet,36.60,0.00,12,439.20,,
2002-07-10,2003-07-16,fbe5542b-a694-4c26-91f8-26f41963645b,b1c428d6-4f07-31e0-90f0-68ffa6ff8c76,441a3f52-0820-469f-969b-9fbd43607dd9,197361,Amlodipine 5 MG Oral Tablet,41.58,0.00,12,498.96,,
2003-07-16,2004-07-21,fbe5542b-a694-4c26-91f8-26f41963645b,b1c428d6-4f07-31e0-90f0-68ffa6ff8c76,ed7924d8-4e3f-4b80-b311-e547f753add6,309362,Clopidogrel 75 MG Oral Tablet,67.57,0.00,12,810.84,,
2003-07-16,2004-07-21,fbe5542b-a694-4c26-91f8-26f41963645b,b1c428d6-4f07-31e0-90f0-68ffa6ff8c76,ed7924d8-4e3f-4b80-b311-e547f753add6,705129,Nitroglycerin 0.4 MG/ACTUAT Mucosal Spray,81.22,0.00,12,974.64,,
2003-07-16,2004-07-21,fbe5542b-a694-4c26-91f8-26f41963645b,b1c428d6-4f07-31e0-90f0-68ffa6ff8c76,ed7924d8-4e3f-4b80-b311-e547f753add6,312961,Simvastatin 20 MG Oral Tablet,31.01,0.00,12,372.12,,
2003-07-16,2004-07-21,fbe5542b-a694-4c26-91f8-26f41963645b,b1c428d6-4f07-31e0-90f0-68ffa6ff8c76,ed7924d8-4e3f-4b80-b311-e547f753add6,197361,Amlodipine 5 MG Oral Tablet,27.17,0.00,12,326.04,,
2004-07-21,2005-07-27,fbe5542b-a694-4c26-91f8-26f41963645b,b1c428d6-4f07-31e0-90f0-68ffa6ff8c76,478ebb5f-7cb7-406e-8e1c-890a43a503fb,309362,Clopidogrel 75 MG Oral Tablet,16.49,0.00,12,197.88,,
2004-07-21,2005-07-27,fbe5542b-a694-4c26-91f8-26f41963645b,b1c428d6-4f07-31e0-90f0-68ffa6ff8c76,478ebb5f-7cb7-406e-8e1c-890a43a503fb,705129,Nitroglycerin 0.4 MG/ACTUAT Mucosal Spray,255.17,0.00,12,3062.04,,
2004-07-21,2005-07-27,fbe5542b-a694-4c26-91f8-26f41963645b,b1c428d6-4f07-31e0-90f0-68ffa6ff8c76,478ebb5f-7cb7-406e-8e1c-890a43a503fb,312961,Simvastatin 20 MG Oral Tablet,44.48,0.00,12,533.76,,
2004-07-21,2005-07-27,fbe5542b-a694-4c26-91f8-26f41963645b,b1c428d6-4f07-31e0-90f0-68ffa6ff8c76,478ebb5f-7cb7-406e-8e1c-890a43a503fb,197361,Amlodipine 5 MG Oral Tablet,47.46,0.00,12,569.52,,
2005-07-27,2006-08-02,fbe5542b-a694-4c26-91f8-26f41963645b,b1c428d6-4f07-31e0-90f0-68ffa6ff8c76,c4ecb448-5f26-494d-b489-f700280fc73a,309362,Clopidogrel 75 MG Oral Tablet,33.33,0.00,12,399.96,,
2005-07-27,2006-08-02,fbe5542b-a694-4c26-91f8-26f41963645b,b1c428d6-4f07-31e0-90f0-68ffa6ff8c76,c4ecb448-5f26-494d-b489-f700280fc73a,705129,Nitroglycerin 0.4 MG/ACTUAT Mucosal Spray,83.04,0.00,12,996.48,,
2005-07-27,2006-08-02,fbe5542b-a694-4c26-91f8-26f41963645b,b1c428d6-4f07-31e0-90f0-68ffa6ff8c76,c4ecb448-5f26-494d-b489-f700280fc73a,312961,Simvastatin 20 MG Oral Tablet,7.70,0.00,12,92.40,,
2005-07-27,2006-08-02,fbe5542b-a694-4c26-91f8-26f41963645b,b1c428d6-4f07-31e0-90f0-68ffa6ff8c76,c4ecb448-5f26-494d-b489-f700280fc73a,197361,Amlodipine 5 MG Oral Tablet,37.72,0.00,12,452.64,,
2006-08-02,2007-08-08,fbe5542b-a694-4c26-91f8-26f41963645b,b1c428d6-4f07-31e0-90f0-68ffa6ff8c76,5377f523-64df-4a6a-87fe-2bd8b23b32c3,309362,Clopidogrel 75 MG Oral Tablet,57.09,0.00,12,685.08,,
2006-08-02,2007-08-08,fbe5542b-a694-4c26-91f8-26f41963645b,b1c428d6-4f07-31e0-90f0-68ffa6ff8c76,5377f523-64df-4a6a-87fe-2bd8b23b32c3,705129,Nitroglycerin 0.4 MG/ACTUAT Mucosal Spray,119.85,0.00,12,1438.20,,
2006-08-02,2007-08-08,fbe5542b-a694-4c26-91f8-26f41963645b,b1c428d6-4f07-31e0-90f0-68ffa6ff8c76,5377f523-64df-4a6a-87fe-2bd8b23b32c3,312961,Simvastatin 20 MG Oral Tablet,9.02,0.00,12,108.24,,
2006-08-02,2007-08-08,fbe5542b-a694-4c26-91f8-26f41963645b,b1c428d6-4f07-31e0-90f0-68ffa6ff8c76,5377f523-64df-4a6a-87fe-2bd8b23b32c3,197361,Amlodipine 5 MG Oral Tablet,9.49,0.00,12,113.88,,
2007-08-08,2008-08-13,fbe5542b-a694-4c26-91f8-26f41963645b,b1c428d6-4f07-31e0-90f0-68ffa6ff8c76,c6ba95dc-4390-4e55-85ed-aa9efa9ae69d,309362,Clopidogrel 75 MG Oral Tablet,39.48,0.00,12,473.76,,
2007-08-08,2008-08-13,fbe5542b-a694-4c26-91f8-26f41963645b,b1c428d6-4f07-31e0-90f0-68ffa6ff8c76,c6ba95dc-4390-4e55-85ed-aa9efa9ae69d,705129,Nitroglycerin 0.4 MG/ACTUAT Mucosal Spray,124.00,0.00,12,1488.00,,
2007-08-08,2008-08-13,fbe5542b-a694-4c26-91f8-26f41963645b,b1c428d6-4f07-31e0-90f0-68ffa6ff8c76,c6ba95dc-4390-4e55-85ed-aa9efa9ae69d,312961,Simvastatin 20 MG Oral Tablet,13.02,0.00,12,156.24,,
2007-08-08,2008-08-13,fbe5542b-a694-4c26-91f8-26f41963645b,b1c428d6-4f07-31e0-90f0-68ffa6ff8c76,c6ba95dc-4390-4e55-85ed-aa9efa9ae69d,197361,Amlodipine 5 MG Oral Tablet,8.86,0.00,12,106.32,,
2008-08-13,2009-08-19,fbe5542b-a694-4c26-91f8-26f41963645b,b1c428d6-4f07-31e0-90f0-68ffa6ff8c76,a036387e-76e1-45c9-b415-952eadb68744,309362,Clopidogrel 75 MG Oral Tablet,50.04,0.00,12,600.48,,
2008-08-13,2009-08-19,fbe5542b-a694-4c26-91f8-26f41963645b,b1c428d6-4f07-31e0-90f0-68ffa6ff8c76,a036387e-76e1-45c9-b415-952eadb68744,705129,Nitroglycerin 0.4 MG/ACTUAT Mucosal Spray,113.59,0.00,12,1363.08,,
2008-08-13,2009-08-19,fbe5542b-a694-4c26-91f8-26f41963645b,b1c428d6-4f07-31e0-90f0-68ffa6ff8c76,a036387e-76e1-45c9-b415-952eadb68744,312961,Simvastatin 20 MG Oral Tablet,17.80,0.00,12,213.60,,
2008-08-13,2009-08-19,fbe5542b-a694-4c26-91f8-26f41963645b,b1c428d6-4f07-31e0-90f0-68ffa6ff8c76,a036387e-76e1-45c9-b415-952eadb68744,197361,Amlodipine 5 MG Oral Tablet,40.79,0.00,12,489.48,,
2009-08-19,2010-08-25,fbe5542b-a694-4c26-91f8-26f41963645b,b1c428d6-4f07-31e0-90f0-68ffa6ff8c76,a4b6f07d-2a9e-4fda-b343-6bb4e24455f6,309362,Clopidogrel 75 MG Oral Tablet,69.04,0.00,12,828.48,,
2009-08-19,2010-08-25,fbe5542b-a694-4c26-91f8-26f41963645b,b1c428d6-4f07-31e0-90f0-68ffa6ff8c76,a4b6f07d-2a9e-4fda-b343-6bb4e24455f6,705129,Nitroglycerin 0.4 MG/ACTUAT Mucosal Spray,145.67,0.00,12,1748.04,,
2009-08-19,2010-08-25,fbe5542b-a694-4c26-91f8-26f41963645b,b1c428d6-4f07-31e0-90f0-68ffa6ff8c76,a4b6f07d-2a9e-4fda-b343-6bb4e24455f6,312961,Simvastatin 20 MG Oral Tablet,5.08,0.00,12,60.96,,
2009-08-19,2010-08-25,fbe5542b-a694-4c26-91f8-26f41963645b,b1c428d6-4f07-31e0-90f0-68ffa6ff8c76,a4b6f07d-2a9e-4fda-b343-6bb4e24455f6,197361,Amlodipine 5 MG Oral Tablet,30.77,0.00,12,369.24,,
2010-08-25,2011-08-31,fbe5542b-a694-4c26-91f8-26f41963645b,b1c428d6-4f07-31e0-90f0-68ffa6ff8c76,2397a30e-75e2-4f13-99c7-7b20971cb11f,309362,Clopidogrel 75 MG Oral Tablet,35.01,0.00,12,420.12,,
2010-08-25,2011-08-31,fbe5542b-a694-4c26-91f8-26f41963645b,b1c428d6-4f07-31e0-90f0-68ffa6ff8c76,2397a30e-75e2-4f13-99c7-7b20971cb11f,705129,Nitroglycerin 0.4 MG/ACTUAT Mucosal Spray,74.37,0.00,12,892.44,,
2010-08-25,2011-08-31,fbe5542b-a694-4c26-91f8-26f41963645b,b1c428d6-4f07-31e0-90f0-68ffa6ff8c76,2397a30e-75e2-4f13-99c7-7b20971cb11f,312961,Simvastatin 20 MG Oral Tablet,26.73,0.00,12,320.76,,
2010-08-25,2011-08-31,fbe5542b-a694-4c26-91f8-26f41963645b,b1c428d6-4f07-31e0-90f0-68ffa6ff8c76,2397a30e-75e2-4f13-99c7-7b20971cb11f,197361,Amlodipine 5 MG Oral Tablet,33.83,0.00,12,405.96,,
2011-08-31,2012-09-05,fbe5542b-a694-4c26-91f8-26f41963645b,b1c428d6-4f07-31e0-90f0-68ffa6ff8c76,d63f8bb6-6d41-4128-993b-5bb07907656a,309362,Clopidogrel 75 MG Oral Tablet,24.74,0.00,12,296.88,,
2011-08-31,2012-09-05,fbe5542b-a694-4c26-91f8-26f41963645b,b1c428d6-4f07-31e0-90f0-68ffa6ff8c76,d63f8bb6-6d41-4128-993b-5bb07907656a,705129,Nitroglycerin 0.4 MG/ACTUAT Mucosal Spray,36.84,0.00,12,442.08,,
2011-08-31,2012-09-05,fbe5542b-a694-4c26-91f8-26f41963645b,b1c428d6-4f07-31e0-90f0-68ffa6ff8c76,d63f8bb6-6d41-4128-993b-5bb07907656a,312961,Simvastatin 20 MG Oral Tablet,9.61,0.00,12,115.32,,
2011-08-31,2012-09-05,fbe5542b-a694-4c26-91f8-26f41963645b,b1c428d6-4f07-31e0-90f0-68ffa6ff8c76,d63f8bb6-6d41-4128-993b-5bb07907656a,197361,Amlodipine 5 MG Oral Tablet,41.88,0.00,12,502.56,,
2012-09-05,2013-09-11,fbe5542b-a694-4c26-91f8-26f41963645b,b1c428d6-4f07-31e0-90f0-68ffa6ff8c76,905227fb-9a02-46d2-9aa3-8cd08455c5c8,309362,Clopidogrel 75 MG Oral Tablet,96.25,0.00,12,1155.00,,
2012-09-05,2013-09-11,fbe5542b-a694-4c26-91f8-26f41963645b,b1c428d6-4f07-31e0-90f0-68ffa6ff8c76,905227fb-9a02-46d2-9aa3-8cd08455c5c8,705129,Nitroglycerin 0.4 MG/ACTUAT Mucosal Spray,60.36,0.00,12,724.32,,
2012-09-05,2013-09-11,fbe5542b-a694-4c26-91f8-26f41963645b,b1c428d6-4f07-31e0-90f0-68ffa6ff8c76,905227fb-9a02-46d2-9aa3-8cd08455c5c8,312961,Simvastatin 20 MG Oral Tablet,44.83,0.00,12,537.96,,
2012-09-05,2013-09-11,fbe5542b-a694-4c26-91f8-26f41963645b,b1c428d6-4f07-31e0-90f0-68ffa6ff8c76,905227fb-9a02-46d2-9aa3-8cd08455c5c8,197361,Amlodipine 5 MG Oral Tablet,4.10,0.00,12,49.20,,
2013-09-11,2014-09-17,fbe5542b-a694-4c26-91f8-26f41963645b,b1c428d6-4f07-31e0-90f0-68ffa6ff8c76,b01b52a3-8961-486c-94bb-4f2d36666613,309362,Clopidogrel 75 MG Oral Tablet,91.80,0.00,12,1101.60,,
2013-09-11,2014-09-17,fbe5542b-a694-4c26-91f8-26f41963645b,b1c428d6-4f07-31e0-90f0-68ffa6ff8c76,b01b52a3-8961-486c-94bb-4f2d36666613,705129,Nitroglycerin 0.4 MG/ACTUAT Mucosal Spray,310.62,0.00,12,3727.44,,
2013-09-11,2014-09-17,fbe5542b-a694-4c26-91f8-26f41963645b,b1c428d6-4f07-31e0-90f0-68ffa6ff8c76,b01b52a3-8961-486c-94bb-4f2d36666613,312961,Simvastatin 20 MG Oral Tablet,23.44,0.00,12,281.28,,
2013-09-11,2014-09-17,fbe5542b-a694-4c26-91f8-26f41963645b,b1c428d6-4f07-31e0-90f0-68ffa6ff8c76,b01b52a3-8961-486c-94bb-4f2d36666613,197361,Amlodipine 5 MG Oral Tablet,14.13,0.00,12,169.56,,
2014-09-17,2015-09-23,fbe5542b-a694-4c26-91f8-26f41963645b,b1c428d6-4f07-31e0-90f0-68ffa6ff8c76,253b5df9-1f64-4ebe-b828-99712e124fca,309362,Clopidogrel 75 MG Oral Tablet,50.80,0.00,12,609.60,,
2014-09-17,2015-09-23,fbe5542b-a694-4c26-91f8-26f41963645b,b1c428d6-4f07-31e0-90f0-68ffa6ff8c76,253b5df9-1f64-4ebe-b828-99712e124fca,705129,Nitroglycerin 0.4 MG/ACTUAT Mucosal Spray,190.51,0.00,12,2286.12,,
2014-09-17,2015-09-23,fbe5542b-a694-4c26-91f8-26f41963645b,b1c428d6-4f07-31e0-90f0-68ffa6ff8c76,253b5df9-1f64-4ebe-b828-99712e124fca,312961,Simvastatin 20 MG Oral Tablet,10.80,0.00,12,129.60,,
2014-09-17,2015-09-23,fbe5542b-a694-4c26-91f8-26f41963645b,b1c428d6-4f07-31e0-90f0-68ffa6ff8c76,253b5df9-1f64-4ebe-b828-99712e124fca,197361,Amlodipine 5 MG Oral Tablet,33.25,0.00,12,399.00,,
2015-09-23,2016-09-28,fbe5542b-a694-4c26-91f8-26f41963645b,b1c428d6-4f07-31e0-90f0-68ffa6ff8c76,34c55993-59ef-4175-bfc9-b1365f820421,309362,Clopidogrel 75 MG Oral Tablet,50.74,0.00,12,608.88,,
2015-09-23,2016-09-28,fbe5542b-a694-4c26-91f8-26f41963645b,b1c428d6-4f07-31e0-90f0-68ffa6ff8c76,34c55993-59ef-4175-bfc9-b1365f820421,705129,Nitroglycerin 0.4 MG/ACTUAT Mucosal Spray,194.12,0.00,12,2329.44,,
2015-09-23,2016-09-28,fbe5542b-a694-4c26-91f8-26f41963645b,b1c428d6-4f07-31e0-90f0-68ffa6ff8c76,34c55993-59ef-4175-bfc9-b1365f820421,312961,Simvastatin 20 MG Oral Tablet,17.00,0.00,12,204.00,,
2015-09-23,2016-09-28,fbe5542b-a694-4c26-91f8-26f41963645b,b1c428d6-4f07-31e0-90f0-68ffa6ff8c76,34c55993-59ef-4175-bfc9-b1365f820421,197361,Amlodipine 5 MG Oral Tablet,10.19,0.00,12,122.28,,
2016-09-28,2017-10-04,fbe5542b-a694-4c26-91f8-26f41963645b,b1c428d6-4f07-31e0-90f0-68ffa6ff8c76,f3810faa-b035-4b8f-9312-2cb3e4dd1859,309362,Clopidogrel 75 MG Oral Tablet,19.64,0.00,12,235.68,,
2016-09-28,2017-10-04,fbe5542b-a694-4c26-91f8-26f41963645b,b1c428d6-4f07-31e0-90f0-68ffa6ff8c76,f3810faa-b035-4b8f-9312-2cb3e4dd1859,705129,Nitroglycerin 0.4 MG/ACTUAT Mucosal Spray,61.55,0.00,12,738.60,,
2016-09-28,2017-10-04,fbe5542b-a694-4c26-91f8-26f41963645b,b1c428d6-4f07-31e0-90f0-68ffa6ff8c76,f3810faa-b035-4b8f-9312-2cb3e4dd1859,312961,Simvastatin 20 MG Oral Tablet,38.79,0.00,12,465.48,,
2016-09-28,2017-10-04,fbe5542b-a694-4c26-91f8-26f41963645b,b1c428d6-4f07-31e0-90f0-68ffa6ff8c76,f3810faa-b035-4b8f-9312-2cb3e4dd1859,197361,Amlodipine 5 MG Oral Tablet,18.73,0.00,12,224.76,,
2017-10-04,2018-10-10,fbe5542b-a694-4c26-91f8-26f41963645b,b1c428d6-4f07-31e0-90f0-68ffa6ff8c76,ef16727b-db0a-4c96-a00c-5bcab36cba66,309362,Clopidogrel 75 MG Oral Tablet,34.16,0.00,12,409.92,,
2017-10-04,2018-10-10,fbe5542b-a694-4c26-91f8-26f41963645b,b1c428d6-4f07-31e0-90f0-68ffa6ff8c76,ef16727b-db0a-4c96-a00c-5bcab36cba66,705129,Nitroglycerin 0.4 MG/ACTUAT Mucosal Spray,53.24,0.00,12,638.88,,
2017-10-04,2018-10-10,fbe5542b-a694-4c26-91f8-26f41963645b,b1c428d6-4f07-31e0-90f0-68ffa6ff8c76,ef16727b-db0a-4c96-a00c-5bcab36cba66,312961,Simvastatin 20 MG Oral Tablet,23.59,0.00,12,283.08,,
2017-10-04,2018-10-10,fbe5542b-a694-4c26-91f8-26f41963645b,b1c428d6-4f07-31e0-90f0-68ffa6ff8c76,ef16727b-db0a-4c96-a00c-5bcab36cba66,197361,Amlodipine 5 MG Oral Tablet,27.05,0.00,12,324.60,,
2018-10-10,2019-10-16,fbe5542b-a694-4c26-91f8-26f41963645b,b1c428d6-4f07-31e0-90f0-68ffa6ff8c76,ad789d7a-a59d-4d9c-bdd8-f533b641e556,309362,Clopidogrel 75 MG Oral Tablet,42.20,0.00,12,506.40,,
2018-10-10,2019-10-16,fbe5542b-a694-4c26-91f8-26f41963645b,b1c428d6-4f07-31e0-90f0-68ffa6ff8c76,ad789d7a-a59d-4d9c-bdd8-f533b641e556,705129,Nitroglycerin 0.4 MG/ACTUAT Mucosal Spray,146.15,0.00,12,1753.80,,
2018-10-10,2019-10-16,fbe5542b-a694-4c26-91f8-26f41963645b,b1c428d6-4f07-31e0-90f0-68ffa6ff8c76,ad789d7a-a59d-4d9c-bdd8-f533b641e556,312961,Simvastatin 20 MG Oral Tablet,9.37,0.00,12,112.44,,
2018-10-10,2019-10-16,fbe5542b-a694-4c26-91f8-26f41963645b,b1c428d6-4f07-31e0-90f0-68ffa6ff8c76,ad789d7a-a59d-4d9c-bdd8-f533b641e556,197361,Amlodipine 5 MG Oral Tablet,53.03,0.00,12,636.36,,
2019-10-16,,fbe5542b-a694-4c26-91f8-26f41963645b,b1c428d6-4f07-31e0-90f0-68ffa6ff8c76,e01a2cb9-a550-479d-b1b9-edc92bee69df,309362,Clopidogrel 75 MG Oral Tablet,51.68,0.00,4,206.72,,
2019-10-16,,fbe5542b-a694-4c26-91f8-26f41963645b,b1c428d6-4f07-31e0-90f0-68ffa6ff8c76,e01a2cb9-a550-479d-b1b9-edc92bee69df,705129,Nitroglycerin 0.4 MG/ACTUAT Mucosal Spray,25.97,0.00,4,103.88,,
2019-10-16,,fbe5542b-a694-4c26-91f8-26f41963645b,b1c428d6-4f07-31e0-90f0-68ffa6ff8c76,e01a2cb9-a550-479d-b1b9-edc92bee69df,312961,Simvastatin 20 MG Oral Tablet,32.02,0.00,4,128.08,,
2019-10-16,,fbe5542b-a694-4c26-91f8-26f41963645b,b1c428d6-4f07-31e0-90f0-68ffa6ff8c76,e01a2cb9-a550-479d-b1b9-edc92bee69df,197361,Amlodipine 5 MG Oral Tablet,18.08,0.00,4,72.32,,
