Id,BIRTHDATE,DEATHDATE,SSN,DRIVERS,PASSPORT,PREFIX,FIRST,LAST,SUFFIX,MAIDEN,MARITAL,RACE,ETHNICITY,GENDER,BIRTHPLACE,ADDRESS,CITY,STATE,COUNTY,ZIP,LAT,LON,HEALTHCARE_EXPENSES,HEALTHCARE_COVERAGE
992cd90b-49a2-4ec0-bc1c-b9624c9ec57a,2017-01-23,,999-92-4191,,,,Sari-Anne,Kellokumpu,,,,white,nonhispanic,F,Helsinki  Uusimaa  FI,574 Mutenia Katu Unit 44,Hyvinkää,Uusimaa,Hyvinkää,05950,60.64129459358144,24.883495256143476,1375.0,0.0
40038dde-d0bb-40dd-a77b-bb31411389bd,2017-09-28,,999-35-9628,,,,Hieu,Härme,,,,white,nonhispanic,M,Nurmijärvi  Uusimaa  FI,126 Siirtonen Katu,Järvenpää,Uusimaa,Järvenpää,04400,60.552503866690934,25.01518970749512,1250.0,0.0
c1fcca76-52d7-4e2b-8879-bc1c9dcdf741,2013-09-25,,999-45-6106,,,,Elwiira,Keski-Heikkilä,,,,white,nonhispanic,F,Espoo  Uusimaa  FI,1048 Mämmelä Katu,Helsinki,Uusimaa,Helsinki,00430,60.23551782585711,24.94600143727301,1875.0,0.0
2cb5b3d7-a55d-4936-9693-0a6604e3dd4f,2012-08-08,,999-85-5999,,,,Aino-Helena,Laisalmi,,,,white,nonhispanic,F,Helsinki  Uusimaa  FI,959 Petäjämäki Katu Unit 79,Helsinki,Uusimaa,Helsinki,00580,60.23229040053876,25.09920947556458,2000.0,0.0
208dfd23-9c1d-4e81-af8f-75d66f50742a,2006-05-21,,999-78-3085,,,,Ilmatar,Griinari,,,,white,nonhispanic,F,Helsinki  Uusimaa  FI,449 Antson Katu Suite 39,Vantaa,Uusimaa,Vantaa,01490,60.29088774293967,25.133865235100487,2750.0,0.0
20e30659-d63e-49e1-b6a1-5c55552e5458,1984-05-12,,999-65-3547,S99990808,X48506594X,Mr.,Buster,Loukia,,,M,white,nonhispanic,M,Helsinki  Uusimaa  FI,446 Pälvilä Katu Suite 1,Kerava,Uusimaa,Kerava,04200,60.440533062175774,25.11754366903262,4125.0,0.0
9092fad2-efe2-421f-842c-9ca78edb608c,1991-05-23,,999-61-3118,S99984442,X73752320X,Mr.,Imre,Kirveskoski,,,S,white,nonhispanic,M,Helsinki  Uusimaa  FI,942 Taurén Katu Suite 97,Vantaa,Uusimaa,Vantaa,01670,60.367522556056024,25.06482820874763,3875.0,0.0
17550d84-ea57-4515-b539-f2c8ea4a6e91,1979-05-01,,999-56-9938,S99978957,X48109103X,Mr.,Maximo,Kumpumäki,,,S,white,nonhispanic,M,Järvenpää  Uusimaa  FI,925 Suorsa Katu Suite 56,Espoo,Uusimaa,Espoo,02140,60.23050321395291,24.76878073926673,4375.0,0.0
9f1fb009-28d5-4e1c-ac43-642c8836a0c6,1994-01-06,,999-77-4064,S99994416,X52305913X,Mr.,Hendry,Kalkas,,,,white,nonhispanic,M,Vihti  Uusimaa  FI,962 Taivaloja Katu Unit 72,Espoo,Uusimaa,Espoo,02630,60.1288013528432,24.65756466690089,3750.0,0.0
385dbe2c-6f74-4b75-aca8-a773cbfe3a5b,1958-03-08,,999-85-4971,S99944988,X16584666X,Mrs.,Babette,Rovala,,Girs,M,white,nonhispanic,F,Espoo  Uusimaa  FI,1049 Wickstrand Katu Unit 54,Helsinki,Uusimaa,Helsinki,00880,60.28785868792477,25.05483490802048,6375.0,0.0
fae3e6cb-b6b0-45bb-829a-a534ea11a9b8,1980-05-23,,999-40-7124,S99938774,X51486617X,Ms.,Madelene,Suopelto,,,S,white,nonhispanic,F,Tuusula  Uusimaa  FI,432 Bahne Katu Unit 66,Vantaa,Uusimaa,Vantaa,01700,60.27990910722494,24.965839378722404,4250.0,0.0
165de532-00b9-4484-a601-ffbe3aef1395,1955-02-21,,999-41-9347,S99988151,X27396743X,Ms.,Leenu,Sulanterä,,,S,white,nonhispanic,F,Helsinki  Uusimaa  FI,542 Ojanpää Katu,Sipoo,Uusimaa,Sipoo,01190,60.39893174088834,25.202469020382978,17782.08,0.0
67d9d9e0-f9a8-4d98-9a8f-5b6a3e7d445d,1945-12-17,,999-86-5469,S99919135,X80280976X,Mrs.,Arja-Terttu,Pirttilahti,,Wirman,M,white,nonhispanic,F,Helsinki  Uusimaa  FI,467 Järvenkallas Katu Unit 29,Vantaa,Uusimaa,Vantaa,01670,60.33163853795297,24.92376770250549,8163.16,0.0
a25b94b5-961f-4fd5-aa51-01aef466aa39,1938-08-15,,999-51-9111,S99964120,X43782016X,Ms.,Gunvor,Pirttikangas,,,S,white,nonhispanic,F,Helsinki  Uusimaa  FI,1026 Lidman Katu,Helsinki,Uusimaa,Helsinki,00580,60.21274270428022,24.812456420924992,8875.0,0.0
ae10d44b-b2f1-4f98-ba2d-38123a47287e,2017-01-11,,999-37-7310,,,,Gunder,Ruostetsaari,,,,white,nonhispanic,M,Nurmijärvi  Uusimaa  FI,646 Reuter Katu,Espoo,Uusimaa,Espoo,02140,60.17590932721775,24.70221996135589,1375.0,0.0
f3a22cdb-3054-4c0e-af00-b0d3a7d36498,1974-04-20,,999-75-6240,S99954416,X83066920X,Mr.,Kwaku,Jalaskoski,,,M,white,nonhispanic,M,Järvenpää  Uusimaa  FI,512 Jaronen Katu,Helsinki,Uusimaa,Helsinki,00910,60.24191236509645,24.87095077726732,4625.0,0.0
fe9857dc-006b-468b-b113-70c025dfb3a3,1966-05-05,,999-74-9249,S99928420,X68819140X,Mrs.,Kamal,Kyllästinen,,Bom,M,white,nonhispanic,F,Helsinki  Uusimaa  FI,227 Hopsu Katu,Sipoo,Uusimaa,Sipoo,01190,60.42158756083314,25.169378376564293,5375.0,0.0
f6399020-03b5-4d7f-bfde-3fb78ac9daac,2003-02-19,,999-45-2401,S99930462,,,Anni-Julia,Omenainen,,,,white,nonhispanic,F,Hanko  Uusimaa  FI,776 Varala Katu Apt 60,Espoo,Uusimaa,Espoo,02130,60.20989643602378,24.71368932144844,3125.0,0.0
8d994ecf-ae1a-4626-a164-afa8ec969f4e,2012-09-03,,999-50-2308,,,,Yasin,Stelander,,,,white,nonhispanic,M,Espoo  Uusimaa  FI,825 Rouvala Katu Apt 2,Vantaa,Uusimaa,Vantaa,01360,60.293777280678746,25.066887662396436,2000.0,0.0
700c1df7-7dad-47c8-b320-c40c99f50b6b,1957-04-11,,999-12-4428,S99959427,X38706744X,Mrs.,Aniita,Silver,,Jekunen,M,white,nonhispanic,F,Raasepori  Uusimaa  FI,385 Yli-Heikkuri Katu Unit 60,Vantaa,Uusimaa,Vantaa,01450,60.268771870955476,24.757693968946462,6500.0,0.0
ccd14749-f8b7-448e-a2e1-ca34a1602d13,2006-12-07,,999-61-4762,,,,Tindra,Stewen,,,,white,nonhispanic,F,Kerava  Uusimaa  FI,262 Siikaoja Katu Suite 26,Espoo,Uusimaa,Espoo,02680,60.152057778598454,24.646190411119065,2750.0,0.0
afa29e74-f122-49ec-99cf-199aabbcefb3,1974-11-09,,999-31-1168,S99999327,X66898521X,Mr.,Yan,Mänttäri,,,M,white,nonhispanic,M,Raasepori  Uusimaa  FI,881 Ala Katu,Tuusula,Uusimaa,Tuusula,04320,60.45689403555342,24.988876011029962,4625.0,0.0
7ef1d662-d666-4f7f-9ef1-0c638ccdfd04,1990-06-16,,999-26-6420,S99955251,X81839717X,Mr.,Juuso,Martinsaari,,,M,white,nonhispanic,M,Nurmijärvi  Uusimaa  FI,296 Hauninen Katu Suite 71,Espoo,Uusimaa,Espoo,02320,60.187393333278756,24.713448155932944,3875.0,0.0
50744cfa-9f2b-442f-8dc6-8e76a6d569a1,2014-01-12,,999-54-3364,,,,Teemu-Petteri,Vallinheimo,,,,white,nonhispanic,M,Hyvinkää  Uusimaa  FI,715 Harlamow Katu Apt 5,Kauniainen,Uusimaa,Kauniainen,02700,60.166105336468675,24.75578332855606,1875.0,0.0
0663baff-3b01-4345-9d0f-127e09620dc8,1957-08-08,,999-80-7132,S99972517,X30416397X,Ms.,Ane,Popov,,,S,white,nonhispanic,F,Helsinki  Uusimaa  FI,162 Kurtto Katu Suite 8,Vantaa,Uusimaa,Vantaa,01650,60.280814802731435,25.096875271274087,6500.0,0.0
4dffbfcc-b270-4116-9df6-2baee2ad3bcf,1986-07-17,,999-35-1733,S99920698,X7382938X,Mr.,Konstantin,Vilkkilä,,,M,white,nonhispanic,M,Helsinki  Uusimaa  FI,651 Morri Katu Unit 21,Helsinki,Uusimaa,Helsinki,00730,60.28810543047263,24.97235471542257,4000.0,0.0
a06b249c-c36f-47f8-8b37-17ce05920dc0,1960-07-07,,999-33-2318,S99970805,X9950119X,Mrs.,Gretel,Hatanmaa,,Boberg,M,white,nonhispanic,F,Helsinki  Uusimaa  FI,724 Hummelin Katu Unit 7,Myrskylä,Uusimaa,Myrskylä,07690,60.57492358046697,25.699124132807615,6125.0,0.0
f2a7e54f-1715-44c8-bf21-f517c0981b74,1984-03-22,,999-95-5292,S99950651,X75509555X,Mrs.,Marjukka,Varteva,,Halvorsen,M,white,nonhispanic,F,Espoo  Uusimaa  FI,561 Molkkari Katu,Helsinki,Uusimaa,Helsinki,00850,60.21723455734678,25.01302741894263,4125.0,0.0
a64c0f78-7a5a-4e2b-b3f3-9d351ad3319a,1987-04-09,,999-90-5087,S99971544,X18993491X,Ms.,Anthea,Himberg,,,S,white,nonhispanic,F,Helsinki  Uusimaa  FI,313 Suorauha Katu,Espoo,Uusimaa,Espoo,02360,60.1490807570064,24.674284163692864,4000.0,0.0
70a2a698-a4dc-4de7-a0d2-c42b05df1e8c,2006-08-29,,999-67-5630,,,,Sampsa,Järvimäki,,,,white,nonhispanic,M,Vantaa  Uusimaa  FI,799 Erikkilä Katu,Mäntsälä,Uusimaa,Mäntsälä,04940,60.60592956074569,25.32773661601039,2750.0,0.0
f4929a41-77fb-4322-8443-a158e2726e72,1938-07-28,,999-58-7114,S99994133,X23534364X,Mrs.,Mia-Marika,Pienimäki,PhD,Asunmaa,M,white,nonhispanic,F,Helsinki  Uusimaa  FI,918 Koukkunen Katu,Espoo,Uusimaa,Espoo,02250,60.2497096151658,24.65706507038722,8875.0,0.0
8451b8a1-8ecc-45f0-bc9b-e33b0f88f4b0,2010-09-15,,999-72-9031,,,,Satu-Kaarina,Seikkala,,,,white,nonhispanic,F,Hamburg  Hamburg  DE,651 Åkers Katu Suite 14,Vantaa,Uusimaa,Vantaa,01620,60.30819144923848,25.034889861104908,2250.0,0.0
b0c2352a-5ff5-48d6-bfb9-0ab88aad68d1,1936-06-30,,999-45-5086,S99997654,X44346197X,Mrs.,Mirika,Haurunen,,En,M,white,nonhispanic,F,Helsinki  Uusimaa  FI,1047 Krouvi Katu,Helsinki,Uusimaa,Helsinki,00440,60.21339428694218,25.10122890163441,9125.0,0.0
ddd866bf-7fac-4df8-94b0-d4da3b7dcc18,2008-03-18,,999-93-7785,,,,Ann-Jeanette,Hankaniemi,,,,white,nonhispanic,F,Helsinki  Uusimaa  FI,710 Vartinen Katu Apt 71,Lohja,Uusimaa,Lohja,08680,60.25267162977607,23.75466369827545,2500.0,0.0
60238a7b-ed00-4c39-bb71-647acb4e3c4b,1977-01-05,,999-74-7751,S99921606,X65713854X,Mr.,Camilo,Bragge,,,M,white,nonhispanic,M,Helsinki  Uusimaa  FI,758 Siikaniemi Katu Unit 80,Sipoo,Uusimaa,Sipoo,04150,60.41180916815601,25.190329357338175,4500.0,0.0
cbfd3de8-53dc-45d0-b31b-f43816052cdd,1923-03-27,,999-96-2177,S99956830,X61460850X,Mr.,Kare,Hautasuo,,,M,white,nonhispanic,M,Helsinki  Uusimaa  FI,296 Reipas Katu,Helsinki,Uusimaa,Helsinki,00540,60.24169860550472,25.006919846714627,21817.99,0.0
41af91f3-c00a-4696-b1e3-4ef62fdd71c6,1979-09-03,,999-69-2162,S99977602,X10338671X,Mr.,Ilya,Kaitosaari,,,M,white,nonhispanic,M,Helsinki  Uusimaa  FI,727 Savukoski Katu,Espoo,Uusimaa,Espoo,02150,60.27191333244838,24.81517082731017,4375.0,0.0
740d7c84-8708-4644-bb5f-0fc1a3d5a924,1962-01-14,,999-66-1294,S99980134,X79252617X,Mr.,Graham,Näräkkä,,,M,white,nonhispanic,M,Helsinki  Uusimaa  FI,403 Velikainen Katu Suite 43,Helsinki,Uusimaa,Helsinki,00130,60.19403654987294,24.914813077446862,6000.0,0.0
d26bd7ca-e3e1-4720-bc0d-091b6051ccd0,1981-03-31,,999-56-7979,S99913559,X19491250X,Mrs.,Elle,Vihtkari,,Jäderholm,M,white,nonhispanic,F,Loviisa  Uusimaa  FI,430 Rönö Katu Apt 79,Helsinki,Uusimaa,Helsinki,00210,60.120004319892224,24.917540023153293,4250.0,0.0
c0719308-7eb1-42d6-bddd-011970ab7e60,1938-09-16,,999-60-8809,S99994833,X83217974X,Mr.,Micky,Hellbom,,,M,white,nonhispanic,M,Raasepori  Uusimaa  FI,737 Djerf Katu Apt 20,Helsinki,Uusimaa,Helsinki,00820,60.26584729688313,25.006753600668457,9518.43,0.0
ad444647-283f-4469-9cfe-750fa5297e73,1983-10-24,,999-60-9027,S99920773,X82558259X,Mrs.,Ann-Louis,Pyhäjoki,,Lillas,M,white,nonhispanic,F,Kerava  Uusimaa  FI,365 Nyfelt Katu,Vantaa,Uusimaa,Vantaa,01650,60.24792147991267,25.12505513538957,4375.52,0.0
f4bc6bcc-ad69-463f-adc2-1969b8c4a212,1941-01-26,,999-46-9431,S99993049,X45100998X,Mrs.,Eeva-Marjatta,Karlén,,Hakavuori,M,white,nonhispanic,F,Helsinki  Uusimaa  FI,846 Slussnäs Katu Suite 73,Espoo,Uusimaa,Espoo,02730,60.24038728277339,24.582439729158622,8812.95,0.0
930a43ec-3c79-4b7f-a6c2-6e537f68f660,2013-02-14,,999-82-2161,,,,Torolf,Alvik,,,,white,nonhispanic,M,Vantaa  Uusimaa  FI,948 Rudanko Katu Apt 52,Espoo,Uusimaa,Espoo,02630,60.21079404617811,24.83019307375166,2000.0,0.0
90707b42-1f3c-48ef-9f5c-fe7be37097f9,1990-06-01,,999-72-4560,S99931680,X45867174X,Mr.,Armend,Moller,,,M,white,nonhispanic,M,Tuusula  Uusimaa  FI,365 Harilo Katu Unit 60,Espoo,Uusimaa,Espoo,02980,60.251723391569165,24.657317154517532,3875.0,0.0
493919c7-caa5-485a-bf50-959ad9d92f6c,1970-01-07,,999-27-8167,S99961198,X44723083X,Mrs.,Pamela,Turunen,,Jaskara,M,white,nonhispanic,F,Lohja  Uusimaa  FI,888 Vaarala Katu,Vantaa,Uusimaa,Vantaa,01400,60.3572856320005,25.140625723928373,5000.0,0.0
274c2a8d-30ed-43a2-91b1-496160846d3e,1976-10-21,,999-77-7738,S99946665,X62931800X,Mr.,René,Vuoksenranta,,,M,white,nonhispanic,M,Loviisa  Uusimaa  FI,1076 Mäkimartti Katu Apt 68,Helsinki,Uusimaa,Helsinki,00550,60.19977695571235,24.8948658201752,4500.0,0.0
2b22fb32-412b-4717-a930-ec0dd16ab46d,1975-12-21,,999-77-9337,S99940781,X65988857X,Ms.,Leena-Marjatta,Serola,,,S,white,nonhispanic,F,Helsinki  Uusimaa  FI,299 Nokia Katu,Espoo,Uusimaa,Espoo,02130,60.228874416107956,24.641148647879888,4625.0,0.0
393db574-3079-4be6-8808-37b491fd9c04,2002-03-09,,999-32-1316,S99985686,,,Mauritz,Jakosuo,,,,white,nonhispanic,M,Espoo  Uusimaa  FI,776 Liukkunen Katu,Helsinki,Uusimaa,Helsinki,00350,60.22565401473149,24.901100976509667,3250.0,0.0
4862eec1-21d9-43ce-8c93-baaa90e2b3a2,1953-11-23,,999-76-9928,S99967326,X87384862X,Mrs.,Sara-Lotta,Haapakka,,Hummel,M,white,nonhispanic,F,Helsinki  Uusimaa  FI,977 Paaskoski Katu Unit 73,Tuusula,Uusimaa,Tuusula,04390,60.379239900183705,25.024325326420655,7000.0,0.0
6d602954-2e8c-4ea8-b60b-8ebfce305757,1976-03-27,,999-56-9536,S99978716,X86820150X,Mrs.,Amaliina,Sirelius,,Tinnilä,M,white,nonhispanic,F,Porvoo  Uusimaa  FI,623 Railio Katu Apt 61,Helsinki,Uusimaa,Helsinki,00830,60.22849842567811,25.102515113968664,4500.0,0.0
9e736075-121e-4490-9539-3a553f6c9649,1949-01-26,,999-78-2408,S99974576,X16078070X,Mrs.,Madelen,Moderus,,Niemelin,M,white,nonhispanic,F,Hyvinkää  Uusimaa  FI,467 Musta Katu Unit 77,Espoo,Uusimaa,Espoo,02150,60.26239776522322,24.7457599608994,7500.0,0.0
4ec74c4c-3f4f-412d-a153-204f5e0dd033,1956-06-10,,999-87-4667,S99961619,X24929427X,Mr.,Steve,Heikkeri,,,M,white,nonhispanic,M,Porvoo  Uusimaa  FI,1022 Romakkaniemi Katu,Porvoo,Uusimaa,Porvoo,07220,60.23097765488075,25.931820960464503,6625.0,0.0
495f6fa6-24a2-49d6-9c5d-c1fa345b05b2,2006-02-08,,999-94-8303,,,,Dimitrij,Koimäki,,,,white,nonhispanic,M,Kirkkonummi  Uusimaa  FI,115 Parkkila Katu Suite 37,Espoo,Uusimaa,Espoo,02710,60.35901262664434,24.761143874736288,2750.0,0.0
7e3ef6d2-83cf-48ea-86f6-a0e038e5f00c,1946-05-15,,999-12-5765,S99989618,X11858565X,Mr.,Touko,Ressler,,,S,white,nonhispanic,M,Tuusula  Uusimaa  FI,288 Nalli Katu Apt 9,Helsinki,Uusimaa,Helsinki,00900,60.22518094957289,24.859504559103666,8067.72,0.0
bbfb9b7e-c409-4b86-bef1-9079b0d2441f,1989-06-20,,999-23-6165,S99926576,X61204382X,Mr.,Widar,Keihtä,,,M,white,nonhispanic,M,Vantaa  Uusimaa  FI,313 Rönngård Katu,Vantaa,Uusimaa,Vantaa,01370,60.310310124344184,24.84326139357909,3875.0,0.0
ad489b81-9ec0-4bbf-8147-441d974b2bbf,1965-12-02,,999-10-8388,S99911973,X15586190X,Mrs.,Anni-Mari,Hiekkamäki,,Viherlampi,M,white,nonhispanic,F,Nurmijärvi  Uusimaa  FI,677 Joutsalainen Katu Unit 49,Sipoo,Uusimaa,Sipoo,01120,60.38223893933583,25.28732343661793,5500.0,0.0
f8b2ef74-b4a2-470f-a6a4-dc3af6cc1846,2006-11-15,,999-65-6897,,,,Karl-Mikael,Jokiperä,,,,white,nonhispanic,M,Helsinki  Uusimaa  FI,264 Lupsakko Katu,Espoo,Uusimaa,Espoo,02360,60.34832091357326,24.765251026092567,2750.0,0.0
762e959a-0dc8-47ef-a037-935c58054898,2007-08-01,,999-86-2287,,,,Juho-Oskari,Airisniemi,,,,white,nonhispanic,M,Helsinki  Uusimaa  FI,561 Kaunisvesi Katu Unit 79,Vantaa,Uusimaa,Vantaa,01750,60.31004678487671,24.88595063049954,2625.0,0.0
533bd6f7-5acf-40d7-9274-99ba2ccc3a9e,1988-08-03,,999-78-2001,S99960376,X85385074X,Mrs.,Aino-Riitta,Luukela,JD,Kiikeri,M,white,nonhispanic,F,Helsinki  Uusimaa  FI,175 Hagelin Katu Suite 64,Helsinki,Uusimaa,Helsinki,00690,60.165104753181915,25.172083712532007,4000.0,0.0
1ebcab28-f654-48c6-86a7-70cef2b4bf94,1941-05-07,2006-08-30,999-40-7273,S99973621,X83266032X,Mr.,Serhat,Sarttila,,,M,white,nonhispanic,M,Järvenpää  Uusimaa  FI,656 Kuuslampi Katu Unit 64,Helsinki,Uusimaa,Helsinki,00350,60.20098950926514,24.94391498961861,7475.75,0.0
eb8e6a52-ddad-4508-9b12-73e02d20c22d,2012-04-13,,999-69-4757,,,,Edson,Mujunen,,,,white,nonhispanic,M,Hyvinkää  Uusimaa  FI,471 Nuikkinen Katu Suite 70,Vantaa,Uusimaa,Vantaa,01720,60.30411175330941,24.80736415917507,2000.0,0.0
9b33cff6-3ebb-4057-bdea-77cfc9fe4647,1972-11-09,,999-14-7849,S99956302,X30800555X,Mr.,Henrique,Kaartinen,,,M,white,nonhispanic,M,Karkkila  Uusimaa  FI,1028 Pistokoski Katu,Helsinki,Uusimaa,Helsinki,00160,60.207209429526046,24.95918211747911,4750.0,0.0
0b152ef6-97c7-4209-83a2-daec95d60569,1939-01-16,,999-47-5327,S99915666,X59429120X,Mr.,Kain,Karling,,,M,white,nonhispanic,M,Helsinki  Uusimaa  FI,248 Taurovaara Katu Suite 54,Hanko,Uusimaa,Hanko,10900,59.81668532968637,23.130649791714973,9703.42,0.0
e637dfa4-1fbf-4bd5-854a-fb955206f58e,1980-10-19,,999-92-1989,S99987380,X16167630X,Mrs.,Mare,Pihanperä,,Raussi,M,white,nonhispanic,F,Lohja  Uusimaa  FI,715 Nuottimäki Katu,Raasepori,Uusimaa,Raasepori,10660,60.104670471636496,23.840313253066213,4250.0,0.0
9e507d38-56dc-4316-8f2f-ac84e23a7285,1961-05-20,,999-92-8366,S99916037,X38066164X,Mr.,Shawn,Rähmönen,,,M,white,nonhispanic,M,Helsinki  Uusimaa  FI,817 Halmejärvi Katu Suite 85,Helsinki,Uusimaa,Helsinki,00820,60.17913593010689,24.85466957105965,6000.0,0.0
c95d93e0-fded-477e-865d-424045954fcd,2011-04-02,,999-52-9455,,,,Dilan,Västilä,,,,white,nonhispanic,F,Helsinki  Uusimaa  FI,276 Silonsaari Katu Suite 13,Tuusula,Uusimaa,Tuusula,04350,60.506743367547955,24.961385436134034,2125.0,0.0
270af7a5-1b18-4a9e-bd8c-d3412ee4534f,1935-12-12,,999-21-9974,S99912487,X76874841X,Mr.,Mickel,Lillhonga,,,S,white,nonhispanic,M,Vantaa  Uusimaa  FI,656 Luoto Katu Apt 35,Espoo,Uusimaa,Espoo,02720,60.21064666132073,24.61893567665098,9125.0,0.0
299c6818-30c4-4e20-a906-39149f920ea1,1988-06-28,,999-25-6222,S99943854,X4972023X,Mr.,Fidel,Marander,,,S,white,nonhispanic,M,Vantaa  Uusimaa  FI,549 Miinin Katu Apt 29,Kerava,Uusimaa,Kerava,04200,60.42625138961202,25.100894676255564,4000.0,0.0
99c14878-0e5c-457b-9d55-09887d94f59a,2002-09-26,,999-72-2486,S99924540,,,Edith,Rauva,,,,white,nonhispanic,F,Järvenpää  Uusimaa  FI,1024 Vairinen Katu,Helsinki,Uusimaa,Helsinki,00970,60.21594386976442,24.94394697759184,3250.0,0.0
399ce088-0b41-42b8-9d48-d0188b0efa99,2012-04-14,,999-28-3987,,,,Puja,Tähkävuori,,,,white,nonhispanic,M,Sipoo  Uusimaa  FI,975 Puitti Katu Apt 31,Vantaa,Uusimaa,Vantaa,01760,60.33847287573943,25.091488200766946,2000.0,0.0
f8cd0b90-e1d4-451a-a6f8-5f897e1ad7c8,1983-07-12,,999-35-1678,S99917157,X38511763X,Mr.,Bedri,Tallroth,,,M,white,nonhispanic,M,Helsinki  Uusimaa  FI,1046 Etelä-Aho Katu Apt 21,Hyvinkää,Uusimaa,Hyvinkää,05820,60.65252585924262,24.791294967861965,4125.0,0.0
5158b727-7b09-4178-97d7-9fd130f44449,1984-12-26,,999-17-8675,S99988276,X62730606X,Mrs.,Wiola,Weber,,Eksymä,M,white,nonhispanic,F,Mäntsälä  Uusimaa  FI,775 Lehikoinen Katu,Helsinki,Uusimaa,Helsinki,00720,60.18275685414409,25.059795056649723,4125.0,0.0
9f16af3b-dfcf-462b-8f16-04bb6239ebb7,1961-11-30,,999-92-3660,S99986735,X4042712X,Mr.,Amr,Ostamo,,,S,white,nonhispanic,M,Helsinki  Uusimaa  FI,375 Blåfield Katu,Vantaa,Uusimaa,Vantaa,01390,60.362385769119975,25.03106664149417,6000.0,0.0
c7fa023c-f033-4e6c-bc1f-a57c0d755366,1971-10-31,,999-96-4105,S99944324,X7833085X,Mr.,Haitham,Kurkimäki,,,M,white,nonhispanic,M,Hyvinkää  Uusimaa  FI,924 Leskisenoja Katu,Espoo,Uusimaa,Espoo,02250,60.24325224561509,24.77248249948903,4875.0,0.0
8499d4c9-3757-4bac-8148-69cc5a2d6e65,1952-09-04,,999-55-6500,S99978453,X57174377X,Mrs.,Edel,Kohijoki,,Urpunen,M,white,nonhispanic,F,Kerava  Uusimaa  FI,951 Joki-Huuki Katu Unit 66,Vantaa,Uusimaa,Vantaa,01640,60.32941372425213,24.784345559091232,7483.59,0.0
22cbe583-f29d-446a-a9c1-72287816b373,1977-08-23,,999-10-9190,S99937686,X51046269X,Mrs.,Elida,Silakka,,Röning,M,white,nonhispanic,F,Helsinki  Uusimaa  FI,710 Haukka Katu Apt 75,Helsinki,Uusimaa,Helsinki,00250,60.21305595406252,24.938747416176824,4500.0,0.0
7ca5b181-c05a-4282-b795-ed972d220271,1946-01-31,,999-76-5666,S99950958,X64912359X,Mrs.,Anselika,Viljanmaa,,Köykkä,M,white,nonhispanic,F,Paris  Ile-de-France  FR,464 Wederhorn Katu,Helsinki,Uusimaa,Helsinki,00260,60.237036378652604,25.069327909696895,7875.0,0.0
fbe5542b-a694-4c26-91f8-26f41963645b,1941-05-07,,999-33-8908,S99994772,X33616571X,Mr.,Olai,Bjolin,,,M,white,nonhispanic,M,Tuusula  Uusimaa  FI,1069 Maarala Katu,Helsinki,Uusimaa,Helsinki,00760,60.25123362766796,25.007483324155704,13769.57,0.0
509c1e31-26a8-427a-a1bd-5cfdcf09e9d6,1991-01-11,,999-46-3692,S99991164,X53044297X,Mrs.,Amadea,Äyhynmäki,,Judén,M,white,nonhispanic,F,Espoo  Uusimaa  FI,811 Långvik Katu,Helsinki,Uusimaa,Helsinki,00180,60.20456263204139,25.00156111718189,3875.0,0.0
6ec56802-b052-42f2-9899-a288b417bff1,2002-12-10,,999-85-2879,S99932593,,,Niko-Joonas,Bergenwall,,,,white,nonhispanic,M,Espoo  Uusimaa  FI,966 Uppa Katu,Kauniainen,Uusimaa,Kauniainen,02700,60.25760610360425,24.74766087180888,3250.0,0.0
b29c90cc-562d-4628-b871-9d6509fa5e24,1973-07-08,,999-43-5278,S99971551,X21311083X,Mrs.,Aale,Santaholma,,Fri,M,white,nonhispanic,F,Vantaa  Uusimaa  FI,1069 Enäsuo Katu Suite 54,Nurmijärvi,Uusimaa,Nurmijärvi,01860,60.53761865543127,24.729348432644212,4750.0,0.0
250ec70b-50cd-4f2a-b635-17bc2934dd23,1970-03-27,,999-58-5236,S99918935,X60502685X,Mr.,Juhaninpoika,Lampi,,,M,white,nonhispanic,M,Helsinki  Uusimaa  FI,688 Tepponen Katu,Helsinki,Uusimaa,Helsinki,00930,60.234086285853394,25.010788367343732,4875.0,0.0
35a6a641-c5e9-4acd-8fdf-4ed82a5c5882,1988-03-01,,999-23-7261,S99938862,X23406679X,Ms.,Ming,Tiikkaja,,,S,white,nonhispanic,F,Espoo  Uusimaa  FI,695 Vihersola Katu Unit 76,Järvenpää,Uusimaa,Järvenpää,04460,60.50122591274133,25.087893219868327,4000.0,0.0
cff83ee4-214e-4ed8-a74c-0dc1409938ae,1980-04-02,,999-50-4863,S99976486,X74527665X,Mr.,Emiliano,Hultholm,,,M,white,nonhispanic,M,Tuusula  Uusimaa  FI,703 Cronstedt Katu,Helsinki,Uusimaa,Helsinki,00290,60.239494006763394,24.945832525128253,4250.0,0.0
95302efb-947c-4c00-be0a-4fa1bc223511,1983-05-08,,999-74-4709,S99934282,X50671905X,Mrs.,Sarina,Segerström,MD,Kantonen,M,white,nonhispanic,F,Espoo  Uusimaa  FI,647 Talamo Katu Apt 47,Helsinki,Uusimaa,Helsinki,00180,60.21829323171795,24.916705366553586,4125.0,0.0
b7248380-f161-473a-babe-53b859482d08,1966-08-25,,999-71-7916,S99923581,X84491866X,Mr.,Jirko,Flygar,,,M,white,nonhispanic,M,Espoo  Uusimaa  FI,573 Gummerus Katu,Helsinki,Uusimaa,Helsinki,00710,60.25680112212288,25.01004651187651,5375.0,0.0
a229e4a9-a3fd-49b8-af76-b19eef599d11,1993-12-20,,999-55-5420,S99914703,X15669622X,Mr.,Ristomatti,Tevajärvi,,,,white,nonhispanic,M,Espoo  Uusimaa  FI,705 Tervasmäki Katu,Helsinki,Uusimaa,Helsinki,00420,60.24073005428053,24.815751747394174,3750.0,0.0
2a671d69-bec7-4bc8-8ad8-46f716be2eaf,1991-04-24,,999-95-4640,S99911675,X47319702X,Ms.,Anna-Juulia,Labbas,,,S,white,nonhispanic,F,Espoo  Uusimaa  FI,757 Pyyluoma Katu Unit 77,Vantaa,Uusimaa,Vantaa,01680,60.26545914170075,24.811626886955818,3875.0,0.0
c4cd1b0f-4274-4227-bf84-6cc046802e4f,2009-01-07,,999-91-7965,,,,Aurinko,Sivola,,,,white,nonhispanic,F,Kirkkonummi  Uusimaa  FI,236 Hyttilä Katu Suite 69,Kirkkonummi,Uusimaa,Kirkkonummi,02390,60.11017336107332,24.432855373882397,2500.0,0.0
2accfe2e-ab40-479d-9cba-470133961156,2009-11-04,,999-88-3697,,,,Vaula,Hanna,,,,white,nonhispanic,F,Espoo  Uusimaa  FI,313 Mahamud Katu Suite 7,Hanko,Uusimaa,Hanko,10940,59.80889257470304,23.160870183212865,2375.0,0.0
f614f675-3862-4b06-8b21-69f2f502368f,1956-06-01,,999-45-7103,S99962421,X21550536X,Mr.,Donatus,Kivivuori,,,S,white,nonhispanic,M,Järvenpää  Uusimaa  FI,840 Chang Katu Suite 49,Lohja,Uusimaa,Lohja,09630,60.458274759161014,23.757060304813532,6625.0,0.0
ca5032da-99a6-4155-9292-576f0848be7e,1983-08-10,,999-47-1202,S99922746,X21671214X,Mr.,Patu,Marola,,,M,white,nonhispanic,M,Helsinki  Uusimaa  FI,730 Welander Katu Apt 85,Nurmijärvi,Uusimaa,Nurmijärvi,01860,60.48851820445002,24.791346621629177,4373.13,0.0
2b5069ca-4f37-454d-ad6c-79c31a19d8c6,1950-02-18,,999-27-8770,S99963615,X23543811X,Mrs.,Silmu,And,,Hakopuro,M,white,nonhispanic,F,Vantaa  Uusimaa  FI,852 Jomppanen Katu Suite 22,Helsinki,Uusimaa,Helsinki,00600,60.14487771707556,25.04786824697524,7375.0,0.0
4cfc8d8e-8019-4a64-9431-bfcdfffc6e50,1973-12-19,,999-48-4506,S99993832,X30869498X,Mrs.,Abdirahman,Vaittinen,,Vorne,M,white,nonhispanic,F,Kirkkonummi  Uusimaa  FI,765 Klinga Katu,Tuusula,Uusimaa,Tuusula,05430,60.552818029004705,24.92824954536763,4750.0,0.0
a44e84a6-b243-4ac6-b228-3a99e9e9a73b,1970-11-25,,999-93-3858,S99939540,X71137777X,Mr.,Max,Kurila,,,M,white,nonhispanic,M,Lohja  Uusimaa  FI,916 Matalamäki Katu Unit 65,Helsinki,Uusimaa,Helsinki,00340,60.19196741605412,24.86317233101344,4875.0,0.0
7acfe9b4-553b-4572-9105-ff329c70ad3e,2011-06-15,,999-49-7294,,,,Ari-Petri,Arminen,,,,white,nonhispanic,M,Porvoo  Uusimaa  FI,269 Rantasila Katu Unit 36,Helsinki,Uusimaa,Helsinki,00710,60.22594480181827,24.85894780677871,2125.0,0.0
ea66f9e1-505f-4939-906d-8ef9d48bed3c,1934-12-18,,999-58-5016,S99924112,X6653779X,Mrs.,Nani,Pärkinen,,Piirinen,M,white,nonhispanic,F,Helsinki  Uusimaa  FI,704 Eteläaho Katu Suite 15,Helsinki,Uusimaa,Helsinki,00340,60.213390494182725,25.01832357520568,9250.0,0.0
4f8ab318-b7ea-4ec6-92da-50e67b710abc,1945-12-31,,999-54-4349,S99920625,X66437927X,Ms.,Else-Maj,Huhmarniemi,,,S,white,nonhispanic,F,Vihti  Uusimaa  FI,285 Kalaja Katu Suite 17,Helsinki,Uusimaa,Helsinki,00800,60.13915856107457,24.90108938130374,7875.0,0.0
7f5d1d68-1481-46ab-b80a-e51ad73a38ac,1963-05-23,,999-73-4849,S99921363,X26246710X,Mr.,Kert,Porsanger,,,M,white,nonhispanic,M,Helsinki  Uusimaa  FI,559 Kecklund Katu,Helsinki,Uusimaa,Helsinki,00250,60.29028806020054,25.03267557318449,5750.0,0.0
c4362152-3b63-47f0-ada9-2d350bc5ad06,1958-06-26,,999-21-6295,S99914500,X45768411X,Mrs.,Oodi,Karstunen,,Rihkajärvi,M,white,nonhispanic,F,Helsinki  Uusimaa  FI,609 Ala-Turkia Katu Apt 45,Helsinki,Uusimaa,Helsinki,00380,60.27851944373752,24.817215965989075,6375.0,0.0
070326f6-b7f5-4b07-8f75-e9c76e87c3fc,1947-12-31,,999-22-2766,S99914808,X84566930X,Mrs.,Catherine,Risula,,Thomsson,M,white,nonhispanic,F,Vantaa  Uusimaa  FI,877 Porokka Katu Unit 10,Espoo,Uusimaa,Espoo,02130,60.29091173812347,24.69461557585244,7625.0,0.0
