PATIENT,START_YEAR,END_YEAR,PAYER,OWNERSHIP
20e30659-d63e-49e1-b6a1-5c55552e5458,1984,2002,e15e7b92-f376-374f-9285-2f59a38ad823,Guardian
9092fad2-efe2-421f-842c-9ca78edb608c,1991,2009,e15e7b92-f376-374f-9285-2f59a38ad823,Guardian
17550d84-ea57-4515-b539-f2c8ea4a6e91,1979,1997,e15e7b92-f376-374f-9285-2f59a38ad823,Guardian
9f1fb009-28d5-4e1c-ac43-642c8836a0c6,1994,2012,e15e7b92-f376-374f-9285-2f59a38ad823,Guardian
385dbe2c-6f74-4b75-aca8-a773cbfe3a5b,1958,1976,e15e7b92-f376-374f-9285-2f59a38ad823,Guardian
fae3e6cb-b6b0-45bb-829a-a534ea11a9b8,1980,1998,e15e7b92-f376-374f-9285-2f59a38ad823,Guardian
67d9d9e0-f9a8-4d98-9a8f-5b6a3e7d445d,1945,1963,e15e7b92-f376-374f-9285-2f59a38ad823,Guardian
a25b94b5-961f-4fd5-aa51-01aef466aa39,1938,1956,e15e7b92-f376-374f-9285-2f59a38ad823,Guardian
165de532-00b9-4484-a601-ffbe3aef1395,1955,1973,e15e7b92-f376-374f-9285-2f59a38ad823,Guardian
f3a22cdb-3054-4c0e-af00-b0d3a7d36498,1974,1992,e15e7b92-f376-374f-9285-2f59a38ad823,Guardian
fe9857dc-006b-468b-b113-70c025dfb3a3,1966,1984,e15e7b92-f376-374f-9285-2f59a38ad823,Guardian
700c1df7-7dad-47c8-b320-c40c99f50b6b,1957,1975,e15e7b92-f376-374f-9285-2f59a38ad823,Guardian
afa29e74-f122-49ec-99cf-199aabbcefb3,1974,1992,e15e7b92-f376-374f-9285-2f59a38ad823,Guardian
7ef1d662-d666-4f7f-9ef1-0c638ccdfd04,1990,2008,e15e7b92-f376-374f-9285-2f59a38ad823,Guardian
0663baff-3b01-4345-9d0f-127e09620dc8,1957,1975,e15e7b92-f376-374f-9285-2f59a38ad823,Guardian
4dffbfcc-b270-4116-9df6-2baee2ad3bcf,1986,2004,e15e7b92-f376-374f-9285-2f59a38ad823,Guardian
a06b249c-c36f-47f8-8b37-17ce05920dc0,1960,1978,e15e7b92-f376-374f-9285-2f59a38ad823,Guardian
f2a7e54f-1715-44c8-bf21-f517c0981b74,1984,2002,e15e7b92-f376-374f-9285-2f59a38ad823,Guardian
a64c0f78-7a5a-4e2b-b3f3-9d351ad3319a,1987,2005,e15e7b92-f376-374f-9285-2f59a38ad823,Guardian
f4929a41-77fb-4322-8443-a158e2726e72,1938,1956,e15e7b92-f376-374f-9285-2f59a38ad823,Guardian
b0c2352a-5ff5-48d6-bfb9-0ab88aad68d1,1936,1954,e15e7b92-f376-374f-9285-2f59a38ad823,Guardian
60238a7b-ed00-4c39-bb71-647acb4e3c4b,1977,1995,e15e7b92-f376-374f-9285-2f59a38ad823,Guardian
cbfd3de8-53dc-45d0-b31b-f43816052cdd,1923,1941,e15e7b92-f376-374f-9285-2f59a38ad823,Guardian
41af91f3-c00a-4696-b1e3-4ef62fdd71c6,1979,1997,e15e7b92-f376-374f-9285-2f59a38ad823,Guardian
740d7c84-8708-4644-bb5f-0fc1a3d5a924,1962,1980,e15e7b92-f376-374f-9285-2f59a38ad823,Guardian
d26bd7ca-e3e1-4720-bc0d-091b6051ccd0,1981,1999,e15e7b92-f376-374f-9285-2f59a38ad823,Guardian
c0719308-7eb1-42d6-bddd-011970ab7e60,1938,1956,e15e7b92-f376-374f-9285-2f59a38ad823,Guardian
ad444647-283f-4469-9cfe-750fa5297e73,1983,2001,e15e7b92-f376-374f-9285-2f59a38ad823,Guardian
f4bc6bcc-ad69-463f-adc2-1969b8c4a212,1941,1959,e15e7b92-f376-374f-9285-2f59a38ad823,Guardian
90707b42-1f3c-48ef-9f5c-fe7be37097f9,1990,2008,e15e7b92-f376-374f-9285-2f59a38ad823,Guardian
493919c7-caa5-485a-bf50-959ad9d92f6c,1970,1988,e15e7b92-f376-374f-9285-2f59a38ad823,Guardian
274c2a8d-30ed-43a2-91b1-496160846d3e,1976,1994,e15e7b92-f376-374f-9285-2f59a38ad823,Guardian
2b22fb32-412b-4717-a930-ec0dd16ab46d,1975,1993,e15e7b92-f376-374f-9285-2f59a38ad823,Guardian
393db574-3079-4be6-8808-37b491fd9c04,2002,2020,e15e7b92-f376-374f-9285-2f59a38ad823,Guardian
4862eec1-21d9-43ce-8c93-baaa90e2b3a2,1953,1971,e15e7b92-f376-374f-9285-2f59a38ad823,Guardian
6d602954-2e8c-4ea8-b60b-8ebfce305757,1976,1994,e15e7b92-f376-374f-9285-2f59a38ad823,Guardian
9e736075-121e-4490-9539-3a553f6c9649,1949,1967,e15e7b92-f376-374f-9285-2f59a38ad823,Guardian
4ec74c4c-3f4f-412d-a153-204f5e0dd033,1956,1974,e15e7b92-f376-374f-9285-2f59a38ad823,Guardian
7e3ef6d2-83cf-48ea-86f6-a0e038e5f00c,1946,1964,e15e7b92-f376-374f-9285-2f59a38ad823,Guardian
bbfb9b7e-c409-4b86-bef1-9079b0d2441f,1989,2007,e15e7b92-f376-374f-9285-2f59a38ad823,Guardian
ad489b81-9ec0-4bbf-8147-441d974b2bbf,1965,1983,e15e7b92-f376-374f-9285-2f59a38ad823,Guardian
533bd6f7-5acf-40d7-9274-99ba2ccc3a9e,1988,2006,e15e7b92-f376-374f-9285-2f59a38ad823,Guardian
1ebcab28-f654-48c6-86a7-70cef2b4bf94,1941,1959,e15e7b92-f376-374f-9285-2f59a38ad823,Guardian
1ebcab28-f654-48c6-86a7-70cef2b4bf94,1960,2006,e15e7b92-f376-374f-9285-2f59a38ad823,Self
9b33cff6-3ebb-4057-bdea-77cfc9fe4647,1972,1990,e15e7b92-f376-374f-9285-2f59a38ad823,Guardian
0b152ef6-97c7-4209-83a2-daec95d60569,1939,1957,e15e7b92-f376-374f-9285-2f59a38ad823,Guardian
e637dfa4-1fbf-4bd5-854a-fb955206f58e,1980,1998,e15e7b92-f376-374f-9285-2f59a38ad823,Guardian
9e507d38-56dc-4316-8f2f-ac84e23a7285,1961,1979,e15e7b92-f376-374f-9285-2f59a38ad823,Guardian
270af7a5-1b18-4a9e-bd8c-d3412ee4534f,1935,1953,e15e7b92-f376-374f-9285-2f59a38ad823,Guardian
299c6818-30c4-4e20-a906-39149f920ea1,1988,2006,e15e7b92-f376-374f-9285-2f59a38ad823,Guardian
f8cd0b90-e1d4-451a-a6f8-5f897e1ad7c8,1983,2001,e15e7b92-f376-374f-9285-2f59a38ad823,Guardian
5158b727-7b09-4178-97d7-9fd130f44449,1984,2002,e15e7b92-f376-374f-9285-2f59a38ad823,Guardian
9f16af3b-dfcf-462b-8f16-04bb6239ebb7,1961,1979,e15e7b92-f376-374f-9285-2f59a38ad823,Guardian
c7fa023c-f033-4e6c-bc1f-a57c0d755366,1971,1989,e15e7b92-f376-374f-9285-2f59a38ad823,Guardian
8499d4c9-3757-4bac-8148-69cc5a2d6e65,1952,1970,e15e7b92-f376-374f-9285-2f59a38ad823,Guardian
22cbe583-f29d-446a-a9c1-72287816b373,1977,1995,e15e7b92-f376-374f-9285-2f59a38ad823,Guardian
7ca5b181-c05a-4282-b795-ed972d220271,1946,1964,e15e7b92-f376-374f-9285-2f59a38ad823,Guardian
fbe5542b-a694-4c26-91f8-26f41963645b,1941,1959,e15e7b92-f376-374f-9285-2f59a38ad823,Guardian
509c1e31-26a8-427a-a1bd-5cfdcf09e9d6,1991,2009,e15e7b92-f376-374f-9285-2f59a38ad823,Guardian
b29c90cc-562d-4628-b871-9d6509fa5e24,1973,1991,e15e7b92-f376-374f-9285-2f59a38ad823,Guardian
250ec70b-50cd-4f2a-b635-17bc2934dd23,1970,1988,e15e7b92-f376-374f-9285-2f59a38ad823,Guardian
35a6a641-c5e9-4acd-8fdf-4ed82a5c5882,1988,2006,e15e7b92-f376-374f-9285-2f59a38ad823,Guardian
cff83ee4-214e-4ed8-a74c-0dc1409938ae,1980,1980,b1c428d6-4f07-31e0-90f0-68ffa6ff8c76,
cff83ee4-214e-4ed8-a74c-0dc1409938ae,1981,1981,e15e7b92-f376-374f-9285-2f59a38ad823,
cff83ee4-214e-4ed8-a74c-0dc1409938ae,1982,1998,e15e7b92-f376-374f-9285-2f59a38ad823,Guardian
95302efb-947c-4c00-be0a-4fa1bc223511,1983,2001,e15e7b92-f376-374f-9285-2f59a38ad823,Guardian
a229e4a9-a3fd-49b8-af76-b19eef599d11,1993,2011,e15e7b92-f376-374f-9285-2f59a38ad823,Guardian
b7248380-f161-473a-babe-53b859482d08,1966,1984,e15e7b92-f376-374f-9285-2f59a38ad823,Guardian
2a671d69-bec7-4bc8-8ad8-46f716be2eaf,1991,2009,e15e7b92-f376-374f-9285-2f59a38ad823,Guardian
f614f675-3862-4b06-8b21-69f2f502368f,1956,1974,e15e7b92-f376-374f-9285-2f59a38ad823,Guardian
ca5032da-99a6-4155-9292-576f0848be7e,1983,2001,e15e7b92-f376-374f-9285-2f59a38ad823,Guardian
2b5069ca-4f37-454d-ad6c-79c31a19d8c6,1950,1968,e15e7b92-f376-374f-9285-2f59a38ad823,Guardian
4cfc8d8e-8019-4a64-9431-bfcdfffc6e50,1973,1991,e15e7b92-f376-374f-9285-2f59a38ad823,Guardian
a44e84a6-b243-4ac6-b228-3a99e9e9a73b,1970,1988,e15e7b92-f376-374f-9285-2f59a38ad823,Guardian
ea66f9e1-505f-4939-906d-8ef9d48bed3c,1934,1952,e15e7b92-f376-374f-9285-2f59a38ad823,Guardian
4f8ab318-b7ea-4ec6-92da-50e67b710abc,1945,1963,e15e7b92-f376-374f-9285-2f59a38ad823,Guardian
7f5d1d68-1481-46ab-b80a-e51ad73a38ac,1963,1981,e15e7b92-f376-374f-9285-2f59a38ad823,Guardian
c4362152-3b63-47f0-ada9-2d350bc5ad06,1958,1976,e15e7b92-f376-374f-9285-2f59a38ad823,Guardian
070326f6-b7f5-4b07-8f75-e9c76e87c3fc,1947,1965,e15e7b92-f376-374f-9285-2f59a38ad823,Guardian
