DATE,PATIENT,ENCOUNTER,CODE,DESCRIPTION,BASE_COST,REASONCODE,REASONDESCRIPTION
2017-02-27,992cd90b-49a2-4ec0-bc1c-b9624c9ec57a,56950a9f-396e-45b5-8aef-66e8076bfed6,430193006,Medication Reconciliation (procedure),628.18,,
2018-01-01,992cd90b-49a2-4ec0-bc1c-b9624c9ec57a,617a9795-f0f7-4c1d-8678-17ba2a6bb056,430193006,Medication Reconciliation (procedure),504.76,,
2018-04-02,992cd90b-49a2-4ec0-bc1c-b9624c9ec57a,2bd50300-f7e4-436d-8cd6-3e5b90a21eff,430193006,Medication Reconciliation (procedure),563.56,,
2018-07-02,992cd90b-49a2-4ec0-bc1c-b9624c9ec57a,7bb2a636-6c6d-4e31-a1c5-4854a9b0a189,430193006,Medication Reconciliation (procedure),414.83,,
2019-12-30,992cd90b-49a2-4ec0-bc1c-b9624c9ec57a,c3a14af9-5a0c-49c3-a4b8-c2789f3915dd,430193006,Medication Reconciliation (procedure),429.87,,
2017-09-28,40038dde-d0bb-40dd-a77b-bb31411389bd,01736ee5-1617-4418-b221-ae970ce20ee8,430193006,Medication Reconciliation (procedure),661.65,,
2018-01-04,40038dde-d0bb-40dd-a77b-bb31411389bd,25835b8f-6edb-404d-993f-969c6696dc71,430193006,Medication Reconciliation (procedure),852.30,,
2018-06-07,40038dde-d0bb-40dd-a77b-bb31411389bd,9703c9db-7eaf-4e1b-80be-a5abe77515c9,430193006,Medication Reconciliation (procedure),503.74,,
2018-09-06,40038dde-d0bb-40dd-a77b-bb31411389bd,b64c08cc-4f4f-410d-86ae-8130dd849098,430193006,Medication Reconciliation (procedure),584.46,,
2018-12-06,40038dde-d0bb-40dd-a77b-bb31411389bd,49e5f7dd-073a-4650-a96d-faa69ea76511,430193006,Medication Reconciliation (procedure),495.61,,
2019-03-07,40038dde-d0bb-40dd-a77b-bb31411389bd,66f307f2-c80c-4c24-bc5b-404909a7c88b,430193006,Medication Reconciliation (procedure),675.48,,
2019-09-05,40038dde-d0bb-40dd-a77b-bb31411389bd,b9e6d703-ad03-4767-b561-93e2c1cd48ab,430193006,Medication Reconciliation (procedure),340.05,,
2013-10-30,c1fcca76-52d7-4e2b-8879-bc1c9dcdf741,aa4619d3-916d-43f1-ba40-21d37bfe6dd6,430193006,Medication Reconciliation (procedure),383.31,,
2015-03-04,c1fcca76-52d7-4e2b-8879-bc1c9dcdf741,5ad64dbe-c0c0-49ba-84ba-a95b3511ad86,430193006,Medication Reconciliation (procedure),412.73,,
2016-08-31,c1fcca76-52d7-4e2b-8879-bc1c9dcdf741,24eaac4d-95d3-4c69-b027-76f608dafb50,430193006,Medication Reconciliation (procedure),698.05,,
2017-03-01,c1fcca76-52d7-4e2b-8879-bc1c9dcdf741,73c23f47-f452-4344-baab-320c23a6ee39,430193006,Medication Reconciliation (procedure),581.46,,
2017-08-30,c1fcca76-52d7-4e2b-8879-bc1c9dcdf741,68f71073-f604-43eb-ace2-37e64c0e7c6e,430193006,Medication Reconciliation (procedure),513.65,,
2018-09-05,c1fcca76-52d7-4e2b-8879-bc1c9dcdf741,393103b0-e652-436c-ac34-be4b49e4ad67,430193006,Medication Reconciliation (procedure),391.61,,
2012-09-12,2cb5b3d7-a55d-4936-9693-0a6604e3dd4f,0a3efeb0-be2d-424e-9f1f-16d81ecfd03d,430193006,Medication Reconciliation (procedure),577.23,,
2012-11-14,2cb5b3d7-a55d-4936-9693-0a6604e3dd4f,0d007732-bbe2-40fd-b7bd-4936b0952cf7,430193006,Medication Reconciliation (procedure),497.79,,
2013-04-17,2cb5b3d7-a55d-4936-9693-0a6604e3dd4f,873fa8f9-8668-417e-99f4-5b3e8f12f69c,430193006,Medication Reconciliation (procedure),367.62,,
2016-01-13,2cb5b3d7-a55d-4936-9693-0a6604e3dd4f,63af106e-4a0d-4c14-8592-00e1e4617a57,430193006,Medication Reconciliation (procedure),540.42,,
2016-07-13,2cb5b3d7-a55d-4936-9693-0a6604e3dd4f,31b9d4b3-60dc-470a-8335-359d2b824470,430193006,Medication Reconciliation (procedure),552.85,,
2017-07-19,2cb5b3d7-a55d-4936-9693-0a6604e3dd4f,63ca2a46-69ec-4574-90f5-5c8cfacdd0fa,430193006,Medication Reconciliation (procedure),584.07,,
2018-07-25,2cb5b3d7-a55d-4936-9693-0a6604e3dd4f,3a8b6b90-258a-4145-8928-8353dadda773,430193006,Medication Reconciliation (procedure),490.50,,
2019-07-31,2cb5b3d7-a55d-4936-9693-0a6604e3dd4f,799e347f-4a4d-4841-8241-068b27fa68b3,430193006,Medication Reconciliation (procedure),371.67,,
2010-04-25,208dfd23-9c1d-4e81-af8f-75d66f50742a,13a64683-4f1b-450e-ac80-7ed7b37309a6,430193006,Medication Reconciliation (procedure),587.74,,
2012-05-06,208dfd23-9c1d-4e81-af8f-75d66f50742a,1c08dbe0-4b8b-477a-b87a-7bb9be57cdf4,430193006,Medication Reconciliation (procedure),345.01,,
2013-05-12,208dfd23-9c1d-4e81-af8f-75d66f50742a,487b420a-6f5a-4d58-815b-0dd6ad727b29,430193006,Medication Reconciliation (procedure),440.38,,
2014-05-18,208dfd23-9c1d-4e81-af8f-75d66f50742a,235f10b8-3bd7-47df-b674-7db135a693f1,430193006,Medication Reconciliation (procedure),588.13,,
2015-05-24,208dfd23-9c1d-4e81-af8f-75d66f50742a,0cfcb8aa-0c68-409c-b68d-dfac6681e9ce,430193006,Medication Reconciliation (procedure),732.44,,
2017-06-04,208dfd23-9c1d-4e81-af8f-75d66f50742a,a7e3bc19-fe4e-4d0e-a5c0-280e1d5a5c17,430193006,Medication Reconciliation (procedure),663.71,,
2015-07-25,20e30659-d63e-49e1-b6a1-5c55552e5458,31380861-c578-47bd-a7ab-9151edf4f6ae,430193006,Medication Reconciliation (procedure),283.31,,
2019-08-01,9092fad2-efe2-421f-842c-9ca78edb608c,55e06fc2-3117-4ef6-b0b6-3e139348e8ce,430193006,Medication Reconciliation (procedure),908.56,,
2016-07-19,17550d84-ea57-4515-b539-f2c8ea4a6e91,1f18fb64-2a8e-4a1e-9916-d45dab79cc73,430193006,Medication Reconciliation (procedure),409.74,,
2019-05-07,17550d84-ea57-4515-b539-f2c8ea4a6e91,51ec27ea-0e56-4715-a524-1051a455aee5,430193006,Medication Reconciliation (procedure),748.69,,
2011-02-24,9f1fb009-28d5-4e1c-ac43-642c8836a0c6,7a8c04f0-8587-4882-b47e-88acf096fabb,430193006,Medication Reconciliation (procedure),760.40,,
2012-03-01,9f1fb009-28d5-4e1c-ac43-642c8836a0c6,61c85545-6c01-4bb4-8d3e-087877d515a5,430193006,Medication Reconciliation (procedure),479.85,,
2013-03-07,9f1fb009-28d5-4e1c-ac43-642c8836a0c6,b41dd858-62a3-4baf-8181-eef7839685c8,430193006,Medication Reconciliation (procedure),748.82,,
2019-03-14,9f1fb009-28d5-4e1c-ac43-642c8836a0c6,bef7cb23-d135-4db1-9ebc-53c0bba92f81,430193006,Medication Reconciliation (procedure),790.59,,
2010-03-20,385dbe2c-6f74-4b75-aca8-a773cbfe3a5b,45c84162-21c1-4aa8-a0a0-646bc5ed1c31,430193006,Medication Reconciliation (procedure),532.94,,
2011-03-26,385dbe2c-6f74-4b75-aca8-a773cbfe3a5b,3e997a2b-a832-43cc-9e34-ccedff2c39a5,430193006,Medication Reconciliation (procedure),449.24,,
2012-03-31,385dbe2c-6f74-4b75-aca8-a773cbfe3a5b,d06201b7-eded-4ce1-940c-c9f6634e1d84,430193006,Medication Reconciliation (procedure),337.59,,
2013-04-06,385dbe2c-6f74-4b75-aca8-a773cbfe3a5b,9fb3c028-7f77-48d3-8b25-88a83d9a1066,430193006,Medication Reconciliation (procedure),844.85,,
2015-04-18,385dbe2c-6f74-4b75-aca8-a773cbfe3a5b,42900423-3502-4451-b2ec-8611a089a994,430193006,Medication Reconciliation (procedure),492.01,,
2018-05-05,385dbe2c-6f74-4b75-aca8-a773cbfe3a5b,0f68a21d-34ba-409c-ab28-5c1c91d5d6f5,430193006,Medication Reconciliation (procedure),623.31,,
2017-08-11,fae3e6cb-b6b0-45bb-829a-a534ea11a9b8,ab0f6fd6-19bd-4764-850f-fba2fea42688,430193006,Medication Reconciliation (procedure),800.40,,
2017-04-17,67d9d9e0-f9a8-4d98-9a8f-5b6a3e7d445d,91ae9bfa-9262-436c-9dcd-9f8f422ec9b6,430193006,Medication Reconciliation (procedure),547.39,,
2012-12-31,a25b94b5-961f-4fd5-aa51-01aef466aa39,bd9e8413-74c6-467d-9b56-c3924883399e,430193006,Medication Reconciliation (procedure),574.06,,
2015-01-12,a25b94b5-961f-4fd5-aa51-01aef466aa39,7f1b77d5-647a-4046-8e31-42729399c40e,430193006,Medication Reconciliation (procedure),714.13,,
2018-01-29,a25b94b5-961f-4fd5-aa51-01aef466aa39,cd17f385-62f5-4ba7-9f1e-46e8bee36c5c,430193006,Medication Reconciliation (procedure),893.05,,
2020-02-10,a25b94b5-961f-4fd5-aa51-01aef466aa39,5ec8b79e-1632-4a85-848a-e4d3517f9308,430193006,Medication Reconciliation (procedure),526.64,,
2010-11-15,165de532-00b9-4484-a601-ffbe3aef1395,5cd5376f-18c5-4523-9e65-b13cd891bef5,430193006,Medication Reconciliation (procedure),463.78,,
2011-11-21,165de532-00b9-4484-a601-ffbe3aef1395,970ece52-16c7-4fb8-b3a5-968a0864100e,430193006,Medication Reconciliation (procedure),920.21,,
2015-12-14,165de532-00b9-4484-a601-ffbe3aef1395,b773a55f-3547-411d-ba5b-376a2f0e04f8,430193006,Medication Reconciliation (procedure),847.98,,
2016-12-19,165de532-00b9-4484-a601-ffbe3aef1395,8e0dc84d-7e43-4515-bc7d-9ab3f0a86ffa,430193006,Medication Reconciliation (procedure),582.02,,
2017-04-19,ae10d44b-b2f1-4f98-ba2d-38123a47287e,fbd2877c-0c9c-45b6-9072-cdf5391c748a,430193006,Medication Reconciliation (procedure),745.13,,
2017-06-21,ae10d44b-b2f1-4f98-ba2d-38123a47287e,09220ad2-e756-4ef9-ba35-8586d0d03db8,430193006,Medication Reconciliation (procedure),646.88,,
2017-09-20,ae10d44b-b2f1-4f98-ba2d-38123a47287e,8d8e2ba1-96c9-4467-ae74-1624787b7a77,430193006,Medication Reconciliation (procedure),717.56,,
2018-03-21,ae10d44b-b2f1-4f98-ba2d-38123a47287e,fd4bc19a-2563-4156-b87f-e100dadfb1a4,430193006,Medication Reconciliation (procedure),655.53,,
2018-06-20,ae10d44b-b2f1-4f98-ba2d-38123a47287e,89a8524f-ec83-4c6a-8971-f1a31be8e34f,430193006,Medication Reconciliation (procedure),655.57,,
2018-12-19,ae10d44b-b2f1-4f98-ba2d-38123a47287e,ec2fb220-a0de-4ce8-8283-2d1e168933ca,430193006,Medication Reconciliation (procedure),380.09,,
2019-06-19,ae10d44b-b2f1-4f98-ba2d-38123a47287e,fae453b1-2dfb-49ec-86f0-e94155761cfb,430193006,Medication Reconciliation (procedure),734.12,,
2011-07-09,f3a22cdb-3054-4c0e-af00-b0d3a7d36498,a589919a-b6b6-4c32-8230-227e2b5c7eea,430193006,Medication Reconciliation (procedure),478.58,,
2014-04-26,f3a22cdb-3054-4c0e-af00-b0d3a7d36498,8f080c49-6480-458c-9733-155ff85c241a,430193006,Medication Reconciliation (procedure),543.96,,
2016-04-30,f3a22cdb-3054-4c0e-af00-b0d3a7d36498,7345bba5-1833-4789-86a6-b07afdd13fd6,430193006,Medication Reconciliation (procedure),330.23,,
2012-05-24,fe9857dc-006b-468b-b113-70c025dfb3a3,e4a90ee1-3b74-47b4-886f-4dd2553c3d0d,430193006,Medication Reconciliation (procedure),419.09,,
2016-05-05,fe9857dc-006b-468b-b113-70c025dfb3a3,1ab632fb-61e4-40f3-a309-903436c6a41a,430193006,Medication Reconciliation (procedure),526.19,,
2011-02-16,f6399020-03b5-4d7f-bfde-3fb78ac9daac,02f39527-71fc-4b81-8616-5aaffe59d835,430193006,Medication Reconciliation (procedure),622.61,,
2017-03-22,f6399020-03b5-4d7f-bfde-3fb78ac9daac,995ff439-391a-4fe7-8d97-263f3fed3873,430193006,Medication Reconciliation (procedure),503.38,,
2018-03-28,f6399020-03b5-4d7f-bfde-3fb78ac9daac,7b443f13-01c5-4dd9-9713-560629971471,430193006,Medication Reconciliation (procedure),736.05,,
2019-04-03,f6399020-03b5-4d7f-bfde-3fb78ac9daac,1710ff6f-e7ae-4e26-822f-1fbbb16ff3e2,430193006,Medication Reconciliation (procedure),361.72,,
2013-02-11,8d994ecf-ae1a-4626-a164-afa8ec969f4e,e1ea20e9-be74-48ef-833e-c6d185e2c493,430193006,Medication Reconciliation (procedure),688.02,,
2014-02-10,8d994ecf-ae1a-4626-a164-afa8ec969f4e,28d2ef3c-fedd-49ae-9a8d-26bae3c2b5ab,430193006,Medication Reconciliation (procedure),460.75,,
2015-08-10,8d994ecf-ae1a-4626-a164-afa8ec969f4e,b5b2ccd2-473b-4fed-9902-e12973c85cdf,430193006,Medication Reconciliation (procedure),563.10,,
2018-08-20,8d994ecf-ae1a-4626-a164-afa8ec969f4e,d1ae04d6-9c84-4220-a086-1a95056aeb45,430193006,Medication Reconciliation (procedure),519.11,,
2019-08-26,8d994ecf-ae1a-4626-a164-afa8ec969f4e,3bd09ae6-523e-45bb-8ed7-3dc96363fae0,430193006,Medication Reconciliation (procedure),658.18,,
2010-04-29,700c1df7-7dad-47c8-b320-c40c99f50b6b,1b62298e-a903-4c32-922f-4b9e44e81bf6,430193006,Medication Reconciliation (procedure),660.83,,
2013-05-16,700c1df7-7dad-47c8-b320-c40c99f50b6b,bf11a31c-83e3-4d3e-a3b3-918828f639a3,430193006,Medication Reconciliation (procedure),754.70,,
2017-06-08,700c1df7-7dad-47c8-b320-c40c99f50b6b,23703fef-d2e8-4e7e-ad43-8b7ea4c58f01,430193006,Medication Reconciliation (procedure),323.95,,
2010-11-11,ccd14749-f8b7-448e-a2e1-ca34a1602d13,7d873727-2405-48b2-ad0a-880ddcf2762d,430193006,Medication Reconciliation (procedure),580.42,,
2012-11-22,ccd14749-f8b7-448e-a2e1-ca34a1602d13,ce6c15b5-011e-44f8-9382-325bccc924ed,430193006,Medication Reconciliation (procedure),512.45,,
2013-11-28,ccd14749-f8b7-448e-a2e1-ca34a1602d13,17ac7c03-d293-4afa-8c5c-611bd7783e93,430193006,Medication Reconciliation (procedure),411.26,,
2017-12-21,ccd14749-f8b7-448e-a2e1-ca34a1602d13,3bf5ffac-98cd-48f3-9e24-536ff261df14,430193006,Medication Reconciliation (procedure),578.50,,
2016-11-19,afa29e74-f122-49ec-99cf-199aabbcefb3,a253daec-372f-4425-a0a9-f872620fd377,430193006,Medication Reconciliation (procedure),384.12,,
2015-08-22,7ef1d662-d666-4f7f-9ef1-0c638ccdfd04,6c3f925c-f72e-4882-b66e-d340e47c3b99,430193006,Medication Reconciliation (procedure),891.24,,
2018-08-25,7ef1d662-d666-4f7f-9ef1-0c638ccdfd04,621a98f4-5999-4685-8d8a-2fe25625d774,430193006,Medication Reconciliation (procedure),355.09,,
2014-01-12,50744cfa-9f2b-442f-8dc6-8e76a6d569a1,3e4d3606-6586-4226-aa13-ed440518d764,430193006,Medication Reconciliation (procedure),708.15,,
2014-02-16,50744cfa-9f2b-442f-8dc6-8e76a6d569a1,2f948d44-311f-4070-b04c-2bd8d4517f39,430193006,Medication Reconciliation (procedure),815.20,,
2014-12-21,50744cfa-9f2b-442f-8dc6-8e76a6d569a1,ed77830d-6d61-4832-9879-c3fc2141cd1e,430193006,Medication Reconciliation (procedure),443.26,,
2016-06-19,50744cfa-9f2b-442f-8dc6-8e76a6d569a1,f9c28dae-5dd3-4f57-a72f-1cecd71ffcf1,430193006,Medication Reconciliation (procedure),450.78,,
2016-12-18,50744cfa-9f2b-442f-8dc6-8e76a6d569a1,7ad24c22-0e11-46d5-8ed0-8bcda24de27d,430193006,Medication Reconciliation (procedure),624.46,,
2017-12-17,50744cfa-9f2b-442f-8dc6-8e76a6d569a1,789aad83-4133-4dbb-bad2-7fdba622a822,430193006,Medication Reconciliation (procedure),557.20,,
2010-08-26,0663baff-3b01-4345-9d0f-127e09620dc8,d480a992-e7e3-47c6-a6d2-c9815a6488a7,430193006,Medication Reconciliation (procedure),324.37,,
2013-09-12,0663baff-3b01-4345-9d0f-127e09620dc8,f5bf53e2-b60e-4e88-a55a-f9c5fd9497b3,430193006,Medication Reconciliation (procedure),632.37,,
2017-10-05,0663baff-3b01-4345-9d0f-127e09620dc8,8b30588a-b591-4d16-b346-9a0016363e95,430193006,Medication Reconciliation (procedure),587.61,,
2018-10-11,0663baff-3b01-4345-9d0f-127e09620dc8,41e5792c-89cf-4eb3-a632-c087768c7b4c,430193006,Medication Reconciliation (procedure),292.37,,
2019-10-17,0663baff-3b01-4345-9d0f-127e09620dc8,560a82fd-b08a-4c47-a6c6-967b4fd6e423,430193006,Medication Reconciliation (procedure),782.76,,
2014-09-25,4dffbfcc-b270-4116-9df6-2baee2ad3bcf,8dee914c-e6de-40c7-a7b0-2724f48a3678,430193006,Medication Reconciliation (procedure),493.83,,
2013-07-25,a06b249c-c36f-47f8-8b37-17ce05920dc0,05ed66bb-2f43-4b96-b6a8-f07d31603b09,430193006,Medication Reconciliation (procedure),767.47,,
2014-07-31,a06b249c-c36f-47f8-8b37-17ce05920dc0,2d7bd264-b8ab-4955-86b4-5abdeba0e25c,430193006,Medication Reconciliation (procedure),312.03,,
2016-08-11,a06b249c-c36f-47f8-8b37-17ce05920dc0,910e392f-2cbe-4b3f-b65b-d0c43e800672,430193006,Medication Reconciliation (procedure),498.35,,
2012-05-31,f2a7e54f-1715-44c8-bf21-f517c0981b74,648b45c5-e173-4b91-8936-fa1150be9ade,430193006,Medication Reconciliation (procedure),830.40,,
2015-06-04,f2a7e54f-1715-44c8-bf21-f517c0981b74,cdfb3dba-5be7-4244-977c-f8545d2e65c6,430193006,Medication Reconciliation (procedure),423.67,,
2015-06-18,a64c0f78-7a5a-4e2b-b3f3-9d351ad3319a,2006ee73-d64c-4c84-83ba-133b1f3f0c7f,430193006,Medication Reconciliation (procedure),681.91,,
2018-06-21,a64c0f78-7a5a-4e2b-b3f3-9d351ad3319a,da4ee77b-7ea6-4d00-87a6-6307933f3be3,430193006,Medication Reconciliation (procedure),873.09,,
2014-08-26,70a2a698-a4dc-4de7-a0d2-c42b05df1e8c,a01e7876-b1b2-452b-9101-ccf2dc78839b,430193006,Medication Reconciliation (procedure),369.25,,
2016-09-06,70a2a698-a4dc-4de7-a0d2-c42b05df1e8c,0d9b6af2-17a3-433f-b444-ae88e94b6962,430193006,Medication Reconciliation (procedure),702.69,,
2018-09-18,70a2a698-a4dc-4de7-a0d2-c42b05df1e8c,81bdb29d-c126-4ed5-a051-cb3c0ae541dd,430193006,Medication Reconciliation (procedure),919.90,,
2019-09-24,70a2a698-a4dc-4de7-a0d2-c42b05df1e8c,7ed5dcc9-2aa1-4495-8d2a-4c4b94b19401,430193006,Medication Reconciliation (procedure),741.40,,
2011-12-08,f4929a41-77fb-4322-8443-a158e2726e72,7be3daa3-cfc0-4a81-902a-f0f69287f2fd,430193006,Medication Reconciliation (procedure),418.85,,
2014-12-25,f4929a41-77fb-4322-8443-a158e2726e72,9a22df25-ed3c-4f64-82a6-7c8d2f9ef893,430193006,Medication Reconciliation (procedure),489.08,,
2017-01-05,f4929a41-77fb-4322-8443-a158e2726e72,611f0828-948d-40d0-93cb-1cc1b3e2e168,430193006,Medication Reconciliation (procedure),481.25,,
2019-01-17,f4929a41-77fb-4322-8443-a158e2726e72,c83492b9-19e8-4717-b496-83e979ee7bf0,430193006,Medication Reconciliation (procedure),486.33,,
2020-01-23,f4929a41-77fb-4322-8443-a158e2726e72,62c2e398-a001-47e1-8e25-48570db337c7,430193006,Medication Reconciliation (procedure),597.84,,
2011-02-23,8451b8a1-8ecc-45f0-bc9b-e33b0f88f4b0,7084daa8-9821-4e0a-95cc-871d2a380d9b,430193006,Medication Reconciliation (procedure),547.13,,
2011-05-25,8451b8a1-8ecc-45f0-bc9b-e33b0f88f4b0,ec578250-1cd0-46eb-8b3e-fbe641ce0526,430193006,Medication Reconciliation (procedure),546.55,,
2012-02-22,8451b8a1-8ecc-45f0-bc9b-e33b0f88f4b0,33dea133-5c06-4760-a44d-45b4e9cf082a,430193006,Medication Reconciliation (procedure),434.68,,
2012-08-22,8451b8a1-8ecc-45f0-bc9b-e33b0f88f4b0,14deb9ff-dd4a-4cff-993a-67281703c7ce,430193006,Medication Reconciliation (procedure),830.15,,
2013-08-21,8451b8a1-8ecc-45f0-bc9b-e33b0f88f4b0,16f7d407-c470-4abd-893a-857ec7d5ae3b,430193006,Medication Reconciliation (procedure),554.38,,
2014-08-20,8451b8a1-8ecc-45f0-bc9b-e33b0f88f4b0,1c94f5dd-98a5-48b8-b9d7-524ff2e1c5c6,430193006,Medication Reconciliation (procedure),568.30,,
2016-08-31,8451b8a1-8ecc-45f0-bc9b-e33b0f88f4b0,d1c38080-91d4-4a1d-974c-fc210ec1feab,430193006,Medication Reconciliation (procedure),466.22,,
2010-11-16,b0c2352a-5ff5-48d6-bfb9-0ab88aad68d1,d18866c4-ce8a-454d-bda6-b0b2a49ef980,430193006,Medication Reconciliation (procedure),312.87,,
2011-11-22,b0c2352a-5ff5-48d6-bfb9-0ab88aad68d1,ba193f4e-676c-4d3f-a566-4a255f45329c,430193006,Medication Reconciliation (procedure),689.62,,
2014-12-09,b0c2352a-5ff5-48d6-bfb9-0ab88aad68d1,fadfd82e-31cc-4585-9c9d-b82b5f5310fa,430193006,Medication Reconciliation (procedure),853.58,,
2020-01-07,b0c2352a-5ff5-48d6-bfb9-0ab88aad68d1,b8b45c09-b362-4b73-9189-e286129cf7d2,430193006,Medication Reconciliation (procedure),634.21,,
2011-08-23,ddd866bf-7fac-4df8-94b0-d4da3b7dcc18,dc58d44b-c88c-4d0e-9c54-28b42f4db189,430193006,Medication Reconciliation (procedure),678.46,,
2012-02-21,ddd866bf-7fac-4df8-94b0-d4da3b7dcc18,b95335d3-7df2-4a60-883d-fe5d5fccc96b,430193006,Medication Reconciliation (procedure),654.31,,
2015-03-10,ddd866bf-7fac-4df8-94b0-d4da3b7dcc18,494f0b07-0e7f-4603-a828-d7acd1d7905c,430193006,Medication Reconciliation (procedure),497.73,,
2016-03-15,ddd866bf-7fac-4df8-94b0-d4da3b7dcc18,498a136a-3efc-41ea-9ec0-5a8da660f70b,430193006,Medication Reconciliation (procedure),587.22,,
2017-03-21,ddd866bf-7fac-4df8-94b0-d4da3b7dcc18,05e150ee-9cb9-4b78-ab64-ae50460dfd52,430193006,Medication Reconciliation (procedure),726.11,,
2019-04-02,ddd866bf-7fac-4df8-94b0-d4da3b7dcc18,4263c1c9-021a-4a50-9a3c-01a7d0a1c0c9,430193006,Medication Reconciliation (procedure),682.61,,
2011-03-23,60238a7b-ed00-4c39-bb71-647acb4e3c4b,e7e840f7-daf5-4674-bdc6-bd8a06576463,430193006,Medication Reconciliation (procedure),459.19,,
2017-01-11,60238a7b-ed00-4c39-bb71-647acb4e3c4b,4a0f0446-ac8b-42cf-9065-e566c67f775b,430193006,Medication Reconciliation (procedure),647.96,,
2010-10-26,cbfd3de8-53dc-45d0-b31b-f43816052cdd,3d32a752-ff76-4417-9381-fd16a264d410,180325003,Electrical cardioversion,33537.75,49436004,Atrial Fibrillation
2011-11-01,cbfd3de8-53dc-45d0-b31b-f43816052cdd,63a77ae0-4620-4d73-9d6c-cc5141e28bf3,180325003,Electrical cardioversion,35443.44,49436004,Atrial Fibrillation
2011-11-01,cbfd3de8-53dc-45d0-b31b-f43816052cdd,63a77ae0-4620-4d73-9d6c-cc5141e28bf3,430193006,Medication Reconciliation (procedure),453.15,,
2012-11-06,cbfd3de8-53dc-45d0-b31b-f43816052cdd,23d9836a-dfd0-4e0c-8a6c-fe195090f195,180325003,Electrical cardioversion,24191.91,49436004,Atrial Fibrillation
2013-04-02,cbfd3de8-53dc-45d0-b31b-f43816052cdd,9234a53f-3a23-44a2-90c8-903c808fc6c1,40701008,Echocardiography (procedure),671.66,230690007,Stroke
2013-04-02,cbfd3de8-53dc-45d0-b31b-f43816052cdd,9234a53f-3a23-44a2-90c8-903c808fc6c1,433112001,Percutaneous mechanical thrombectomy of portal vein using fluoroscopic guidance,36657.18,230690007,Stroke
2013-11-12,cbfd3de8-53dc-45d0-b31b-f43816052cdd,7f2ae001-8549-4d3f-8a0f-9f2d58306af4,180325003,Electrical cardioversion,21011.55,49436004,Atrial Fibrillation
2013-11-12,cbfd3de8-53dc-45d0-b31b-f43816052cdd,7f2ae001-8549-4d3f-8a0f-9f2d58306af4,430193006,Medication Reconciliation (procedure),612.83,,
2014-11-18,cbfd3de8-53dc-45d0-b31b-f43816052cdd,97707789-3058-41b9-ba8a-6b59252d08f0,180325003,Electrical cardioversion,40311.85,49436004,Atrial Fibrillation
2015-11-24,cbfd3de8-53dc-45d0-b31b-f43816052cdd,021fbb46-2100-486b-ac5f-630fe1f8db48,180325003,Electrical cardioversion,45849.12,49436004,Atrial Fibrillation
2016-11-29,cbfd3de8-53dc-45d0-b31b-f43816052cdd,5d4be352-8384-48f6-8b57-48c1939710a4,18286008,Catheter ablation of tissue of heart,12557.48,49436004,Atrial Fibrillation
2016-11-29,cbfd3de8-53dc-45d0-b31b-f43816052cdd,5d4be352-8384-48f6-8b57-48c1939710a4,430193006,Medication Reconciliation (procedure),559.45,,
2017-12-05,cbfd3de8-53dc-45d0-b31b-f43816052cdd,e9172849-463d-4be7-b126-5452cf5179d5,180325003,Electrical cardioversion,36698.39,49436004,Atrial Fibrillation
2018-12-11,cbfd3de8-53dc-45d0-b31b-f43816052cdd,2232285d-f328-4432-ba62-1bc5b11ccfb7,180325003,Electrical cardioversion,33542.36,49436004,Atrial Fibrillation
2018-12-11,cbfd3de8-53dc-45d0-b31b-f43816052cdd,2232285d-f328-4432-ba62-1bc5b11ccfb7,430193006,Medication Reconciliation (procedure),333.82,,
2019-12-17,cbfd3de8-53dc-45d0-b31b-f43816052cdd,5ca5de15-3774-4880-9c84-706575b2b095,180325003,Electrical cardioversion,32779.74,49436004,Atrial Fibrillation
2010-11-15,41af91f3-c00a-4696-b1e3-4ef62fdd71c6,26443462-ab82-48f7-a359-acc54afaf13b,430193006,Medication Reconciliation (procedure),306.31,,
2012-01-15,740d7c84-8708-4644-bb5f-0fc1a3d5a924,fe1b10b5-7a60-41b4-a34c-210596297e4e,430193006,Medication Reconciliation (procedure),357.02,,
2013-01-20,740d7c84-8708-4644-bb5f-0fc1a3d5a924,c1caf69b-a1b7-40d1-b1e7-b89435ffe4eb,430193006,Medication Reconciliation (procedure),552.15,,
2017-02-12,740d7c84-8708-4644-bb5f-0fc1a3d5a924,0724fd36-4bdd-49a2-aa04-934b04aee79f,430193006,Medication Reconciliation (procedure),426.36,,
2018-02-18,740d7c84-8708-4644-bb5f-0fc1a3d5a924,c52786cf-b0e8-4bc5-a4b7-f1b3999988d0,430193006,Medication Reconciliation (procedure),330.63,,
2019-02-24,740d7c84-8708-4644-bb5f-0fc1a3d5a924,7b2bdd7d-7f83-4180-9d6f-4da2e1b573c9,430193006,Medication Reconciliation (procedure),397.36,,
2020-03-01,740d7c84-8708-4644-bb5f-0fc1a3d5a924,b840427f-78dd-4b98-a7f8-d889baf51b60,430193006,Medication Reconciliation (procedure),634.50,,
2018-06-19,d26bd7ca-e3e1-4720-bc0d-091b6051ccd0,ac4abb44-6bd7-49d7-941b-746d7999aaf8,430193006,Medication Reconciliation (procedure),505.37,,
2011-01-21,c0719308-7eb1-42d6-bddd-011970ab7e60,c5806d69-c5de-43b3-9c01-135b958b367c,430193006,Medication Reconciliation (procedure),434.47,,
2012-01-27,c0719308-7eb1-42d6-bddd-011970ab7e60,0cb70950-84d5-481e-820d-72d156e0278a,430193006,Medication Reconciliation (procedure),634.11,,
2014-02-07,c0719308-7eb1-42d6-bddd-011970ab7e60,ff3630f8-2409-48a8-953b-db8ac5fae169,430193006,Medication Reconciliation (procedure),455.60,,
2016-02-19,c0719308-7eb1-42d6-bddd-011970ab7e60,59d7da82-d132-4a4b-a826-5b86196fc98e,430193006,Medication Reconciliation (procedure),723.10,,
2018-03-02,c0719308-7eb1-42d6-bddd-011970ab7e60,460898f3-b4a5-4022-914a-90ac22e7d2f9,180325003,Electrical cardioversion,23554.38,49436004,Atrial Fibrillation
2018-03-02,c0719308-7eb1-42d6-bddd-011970ab7e60,460898f3-b4a5-4022-914a-90ac22e7d2f9,430193006,Medication Reconciliation (procedure),626.02,,
2019-03-08,c0719308-7eb1-42d6-bddd-011970ab7e60,9aa9ab17-e220-49ae-b955-91262727eabd,180325003,Electrical cardioversion,26215.57,49436004,Atrial Fibrillation
2015-01-05,ad444647-283f-4469-9cfe-750fa5297e73,7962f90e-756d-4d6b-9109-50fcb9ad18ff,430193006,Medication Reconciliation (procedure),678.07,,
2017-12-18,ad444647-283f-4469-9cfe-750fa5297e73,ae5fceb0-c900-40dc-8514-df505e894e0f,40701008,Echocardiography (procedure),1447.23,410429000,Cardiac Arrest
2017-12-18,ad444647-283f-4469-9cfe-750fa5297e73,ae5fceb0-c900-40dc-8514-df505e894e0f,447365002,Insertion of biventricular implantable cardioverter defibrillator,19168.51,410429000,Cardiac Arrest
2017-12-18,ad444647-283f-4469-9cfe-750fa5297e73,ae5fceb0-c900-40dc-8514-df505e894e0f,18286008,Catheter ablation of tissue of heart,12387.58,410429000,Cardiac Arrest
2018-01-08,ad444647-283f-4469-9cfe-750fa5297e73,9136f1e8-6b7a-43e9-ab52-3c919dbb2cfd,430193006,Medication Reconciliation (procedure),367.95,,
2011-05-22,f4bc6bcc-ad69-463f-adc2-1969b8c4a212,b4e0f0c3-8abe-4384-b733-420652d42e85,430193006,Medication Reconciliation (procedure),639.97,,
2012-05-27,f4bc6bcc-ad69-463f-adc2-1969b8c4a212,1563f664-6ca9-4d1b-ab48-8020af96828c,430193006,Medication Reconciliation (procedure),527.16,,
2015-06-14,f4bc6bcc-ad69-463f-adc2-1969b8c4a212,b1e4fe71-2ede-46b1-8bac-40a8e2214c7d,430193006,Medication Reconciliation (procedure),649.56,,
2017-06-25,f4bc6bcc-ad69-463f-adc2-1969b8c4a212,948e4b66-00a1-4bb4-85b9-d89bee5aacee,430193006,Medication Reconciliation (procedure),565.26,,
2013-02-14,930a43ec-3c79-4b7f-a6c2-6e537f68f660,5faf1562-f789-4b0a-93b5-3eccb58cdd40,430193006,Medication Reconciliation (procedure),930.63,,
2013-03-21,930a43ec-3c79-4b7f-a6c2-6e537f68f660,4a1b7148-9ece-4924-a714-4053bedb7f51,430193006,Medication Reconciliation (procedure),588.15,,
2013-05-23,930a43ec-3c79-4b7f-a6c2-6e537f68f660,24ed0586-00d8-4df5-a55d-da47a05590d5,430193006,Medication Reconciliation (procedure),640.83,,
2013-07-25,930a43ec-3c79-4b7f-a6c2-6e537f68f660,f62dba51-ea26-4616-931d-0eaea2958343,430193006,Medication Reconciliation (procedure),716.30,,
2014-07-24,930a43ec-3c79-4b7f-a6c2-6e537f68f660,d0651021-f552-49aa-baaa-60dff053f159,430193006,Medication Reconciliation (procedure),325.44,,
2015-01-22,930a43ec-3c79-4b7f-a6c2-6e537f68f660,0fccbde2-79eb-4d38-b4fb-e825c41449bf,430193006,Medication Reconciliation (procedure),486.33,,
2015-07-23,930a43ec-3c79-4b7f-a6c2-6e537f68f660,88e9d820-953a-441e-8d27-87c8a3e00508,430193006,Medication Reconciliation (procedure),579.35,,
2016-07-21,930a43ec-3c79-4b7f-a6c2-6e537f68f660,272b370a-0de9-46b8-ab9b-6e99058b8943,430193006,Medication Reconciliation (procedure),879.60,,
2017-01-19,930a43ec-3c79-4b7f-a6c2-6e537f68f660,63d9dabb-2447-4ee0-b105-6ba062103fa3,430193006,Medication Reconciliation (procedure),318.41,,
2012-08-03,90707b42-1f3c-48ef-9f5c-fe7be37097f9,90ea13cf-f574-453b-91da-5eee6d751ed0,430193006,Medication Reconciliation (procedure),658.74,,
2015-08-07,90707b42-1f3c-48ef-9f5c-fe7be37097f9,71f14c39-e4ed-4f93-bf53-b16b6f754276,430193006,Medication Reconciliation (procedure),818.71,,
2018-08-10,90707b42-1f3c-48ef-9f5c-fe7be37097f9,e6ac251e-287d-4e4c-9b13-6811ebf51682,430193006,Medication Reconciliation (procedure),687.88,,
2014-01-22,493919c7-caa5-485a-bf50-959ad9d92f6c,bf8d12d9-24dc-4e15-8bf0-55bff53d0d81,430193006,Medication Reconciliation (procedure),718.21,,
2016-01-27,493919c7-caa5-485a-bf50-959ad9d92f6c,fd0a0209-35fd-435a-91d9-1e75ecf5781f,430193006,Medication Reconciliation (procedure),698.80,,
2018-01-31,493919c7-caa5-485a-bf50-959ad9d92f6c,5de9016d-78c5-4de1-a1f9-16a2a9994fdd,430193006,Medication Reconciliation (procedure),941.43,,
2020-01-08,493919c7-caa5-485a-bf50-959ad9d92f6c,cccce4bc-5acb-4bd9-bd5a-2fbf20472445,430193006,Medication Reconciliation (procedure),507.57,,
2011-01-06,274c2a8d-30ed-43a2-91b1-496160846d3e,058442a1-73dc-48f3-ac6c-de3c7f86c5d0,430193006,Medication Reconciliation (procedure),558.87,,
2016-10-27,274c2a8d-30ed-43a2-91b1-496160846d3e,1699b77d-b721-4f00-9146-b5f88aed9f10,430193006,Medication Reconciliation (procedure),487.42,,
2018-11-01,274c2a8d-30ed-43a2-91b1-496160846d3e,b9cdadd2-5b98-4c4f-b210-2dc8ad245f6a,430193006,Medication Reconciliation (procedure),378.72,,
2020-01-05,2b22fb32-412b-4717-a930-ec0dd16ab46d,049a3437-46e4-4a85-8727-1251a67307e1,430193006,Medication Reconciliation (procedure),659.11,,
2014-03-29,393db574-3079-4be6-8808-37b491fd9c04,e9c6f776-2a73-4fa9-b9e3-5302524af7b8,430193006,Medication Reconciliation (procedure),566.15,,
2015-04-04,393db574-3079-4be6-8808-37b491fd9c04,e4fbc936-b3a2-4185-b1d4-c1dd383a1725,430193006,Medication Reconciliation (procedure),654.08,,
2019-04-27,393db574-3079-4be6-8808-37b491fd9c04,59a623ad-6c19-47e1-b8f3-59a3a63018b9,430193006,Medication Reconciliation (procedure),560.51,,
2013-01-14,4862eec1-21d9-43ce-8c93-baaa90e2b3a2,9a2fa468-4a34-43d4-a41b-e906a00247f5,430193006,Medication Reconciliation (procedure),742.62,,
2016-02-01,4862eec1-21d9-43ce-8c93-baaa90e2b3a2,3b0ccf38-dc35-46e6-af75-acdbdb33114d,430193006,Medication Reconciliation (procedure),711.10,,
2019-02-18,4862eec1-21d9-43ce-8c93-baaa90e2b3a2,f927f193-1c51-42a5-9f4a-7ac9ab81019b,430193006,Medication Reconciliation (procedure),888.49,,
2020-02-24,4862eec1-21d9-43ce-8c93-baaa90e2b3a2,b9aa2bcc-f606-418d-89d0-22bb1d2b7207,430193006,Medication Reconciliation (procedure),458.32,,
2010-06-12,6d602954-2e8c-4ea8-b60b-8ebfce305757,45e4e3ae-cb3d-423f-ad3a-4fd2da3a86a2,430193006,Medication Reconciliation (procedure),609.45,,
2011-04-06,9e736075-121e-4490-9539-3a553f6c9649,2176e5a8-cd77-4545-a547-3ab9ac2aeded,430193006,Medication Reconciliation (procedure),598.79,,
2012-04-11,9e736075-121e-4490-9539-3a553f6c9649,540f62a1-7905-432d-8133-6c3a78b81d3c,430193006,Medication Reconciliation (procedure),528.72,,
2014-04-23,9e736075-121e-4490-9539-3a553f6c9649,d4b87517-f890-4465-8351-17eac49a2a9b,430193006,Medication Reconciliation (procedure),821.03,,
2016-05-04,9e736075-121e-4490-9539-3a553f6c9649,3a3b4efc-9e97-4a8e-8df9-2af8bb26e566,430193006,Medication Reconciliation (procedure),695.31,,
2018-05-16,9e736075-121e-4490-9539-3a553f6c9649,62afce55-4f75-47bf-bff3-7f278071ea9e,430193006,Medication Reconciliation (procedure),797.78,,
2019-05-22,9e736075-121e-4490-9539-3a553f6c9649,7e5d5af6-a838-4bee-aa4a-891c3bc5f159,430193006,Medication Reconciliation (procedure),539.39,,
2015-08-02,4ec74c4c-3f4f-412d-a153-204f5e0dd033,7bb70141-3865-4671-85a3-ef7a9f5aa06b,430193006,Medication Reconciliation (procedure),549.68,,
2016-08-07,4ec74c4c-3f4f-412d-a153-204f5e0dd033,0b043b1a-1caa-407a-a89e-797258112f2c,430193006,Medication Reconciliation (procedure),408.32,,
2017-08-13,4ec74c4c-3f4f-412d-a153-204f5e0dd033,2ae4facb-0a99-48d5-b3aa-e915e5868704,430193006,Medication Reconciliation (procedure),567.00,,
2018-08-19,4ec74c4c-3f4f-412d-a153-204f5e0dd033,bf6f8c9d-8434-4f56-85e0-9da654dfbf46,430193006,Medication Reconciliation (procedure),398.81,,
2019-08-25,4ec74c4c-3f4f-412d-a153-204f5e0dd033,d7a1ed9f-41ce-4af2-ad63-d01b4a28a97c,430193006,Medication Reconciliation (procedure),442.14,,
2012-01-25,495f6fa6-24a2-49d6-9c5d-c1fa345b05b2,03983371-1880-4c25-95a4-4fe2d5105a62,430193006,Medication Reconciliation (procedure),442.38,,
2018-02-28,495f6fa6-24a2-49d6-9c5d-c1fa345b05b2,d71930ee-523a-4ba5-9d71-fc193bf261cc,430193006,Medication Reconciliation (procedure),796.02,,
2011-08-10,7e3ef6d2-83cf-48ea-86f6-a0e038e5f00c,59c584bb-9ca8-4374-b9a9-2805bd81596a,430193006,Medication Reconciliation (procedure),563.35,,
2012-08-15,7e3ef6d2-83cf-48ea-86f6-a0e038e5f00c,f5edd84f-2c81-4c42-8b6b-24cada1d7a5c,430193006,Medication Reconciliation (procedure),416.25,,
2013-08-21,7e3ef6d2-83cf-48ea-86f6-a0e038e5f00c,89d77168-1afc-47d4-bf26-ffcfe7cc7450,430193006,Medication Reconciliation (procedure),326.64,,
2014-08-27,7e3ef6d2-83cf-48ea-86f6-a0e038e5f00c,bacff064-1eb7-498a-ae9c-445bd294f524,430193006,Medication Reconciliation (procedure),911.72,,
2015-09-02,7e3ef6d2-83cf-48ea-86f6-a0e038e5f00c,f502581f-44d8-4096-8f05-84ca9b9a598a,430193006,Medication Reconciliation (procedure),536.32,,
2018-09-19,7e3ef6d2-83cf-48ea-86f6-a0e038e5f00c,49650539-490e-4384-a587-61cfe4d426de,430193006,Medication Reconciliation (procedure),599.37,,
2011-08-23,bbfb9b7e-c409-4b86-bef1-9079b0d2441f,58b07404-8ed4-4b5d-820a-b7547a41cc60,430193006,Medication Reconciliation (procedure),749.35,,
2011-12-22,ad489b81-9ec0-4bbf-8147-441d974b2bbf,d0b4312e-1d77-4474-8cd5-2d3963e99971,430193006,Medication Reconciliation (procedure),769.84,,
2017-12-14,ad489b81-9ec0-4bbf-8147-441d974b2bbf,5a2ef046-19c8-4ccb-a69e-fc72ec69e993,430193006,Medication Reconciliation (procedure),474.38,,
2010-04-21,f8b2ef74-b4a2-470f-a6a4-dc3af6cc1846,d76efdf2-1ca8-4c48-9637-e2796dc3e745,430193006,Medication Reconciliation (procedure),692.74,,
2011-10-26,f8b2ef74-b4a2-470f-a6a4-dc3af6cc1846,4b159c2e-4ccd-49ab-9043-b4a7d8b31af5,430193006,Medication Reconciliation (procedure),771.54,,
2013-11-06,f8b2ef74-b4a2-470f-a6a4-dc3af6cc1846,b76c06b2-efdf-4d37-a5a0-3aed860a1d09,430193006,Medication Reconciliation (procedure),545.70,,
2015-11-18,f8b2ef74-b4a2-470f-a6a4-dc3af6cc1846,859b6148-2f1e-4916-adc8-3d282938da4d,430193006,Medication Reconciliation (procedure),389.15,,
2018-12-05,f8b2ef74-b4a2-470f-a6a4-dc3af6cc1846,7ca9b380-6390-453e-ad3f-c10cf4a32e45,430193006,Medication Reconciliation (procedure),671.29,,
2019-12-11,f8b2ef74-b4a2-470f-a6a4-dc3af6cc1846,f1b1843d-8d32-45c4-b6f1-1ad289b71d9d,430193006,Medication Reconciliation (procedure),657.37,,
2010-07-07,762e959a-0dc8-47ef-a037-935c58054898,1d48091e-651b-4e53-9c0d-1f41c6e5d6b7,430193006,Medication Reconciliation (procedure),655.59,,
2011-01-05,762e959a-0dc8-47ef-a037-935c58054898,fd457d96-0c9f-4afb-ab1c-b4337221695f,430193006,Medication Reconciliation (procedure),881.45,,
2013-07-17,762e959a-0dc8-47ef-a037-935c58054898,4fca9c16-a042-49eb-af0a-697137594357,430193006,Medication Reconciliation (procedure),498.97,,
2014-07-23,762e959a-0dc8-47ef-a037-935c58054898,0aad202e-8f65-4816-aa66-f846bf1cad4d,430193006,Medication Reconciliation (procedure),489.77,,
2015-07-29,762e959a-0dc8-47ef-a037-935c58054898,a2def03e-82ed-4d91-a729-a39fe2019d59,430193006,Medication Reconciliation (procedure),619.77,,
2016-08-03,762e959a-0dc8-47ef-a037-935c58054898,280b9605-49b0-4522-85ad-1ef22d2e1ef7,430193006,Medication Reconciliation (procedure),735.50,,
2018-08-15,762e959a-0dc8-47ef-a037-935c58054898,935719b6-9bd1-4f5c-83fa-493b9a3cee4c,430193006,Medication Reconciliation (procedure),806.96,,
2016-10-12,533bd6f7-5acf-40d7-9274-99ba2ccc3a9e,2783dad5-ada1-448e-bfd7-f5258413840c,430193006,Medication Reconciliation (procedure),477.23,,
1999-06-23,1ebcab28-f654-48c6-86a7-70cef2b4bf94,b8c61176-39f5-4b8f-8f05-7a9301b38c52,430193006,Medication Reconciliation (procedure),534.06,,
2000-06-28,1ebcab28-f654-48c6-86a7-70cef2b4bf94,512aa068-17a4-4172-b43b-fe4dcd187816,430193006,Medication Reconciliation (procedure),568.83,,
2001-07-04,1ebcab28-f654-48c6-86a7-70cef2b4bf94,33db83c4-835c-4808-8a97-f0f049154232,430193006,Medication Reconciliation (procedure),589.02,,
2002-07-10,1ebcab28-f654-48c6-86a7-70cef2b4bf94,7bb748ff-30a9-46b1-876e-836eac520cbb,430193006,Medication Reconciliation (procedure),754.77,,
2003-07-16,1ebcab28-f654-48c6-86a7-70cef2b4bf94,144dd274-a563-47aa-9be3-c107462b8a82,430193006,Medication Reconciliation (procedure),425.55,,
2005-07-27,1ebcab28-f654-48c6-86a7-70cef2b4bf94,0b775fa0-eff3-42f4-bc71-301b3b312b18,430193006,Medication Reconciliation (procedure),843.13,,
2006-08-30,1ebcab28-f654-48c6-86a7-70cef2b4bf94,6a248bf6-8421-4521-9624-0d5197250790,40701008,Echocardiography (procedure),1080.40,410429000,Cardiac Arrest
2006-08-30,1ebcab28-f654-48c6-86a7-70cef2b4bf94,6a248bf6-8421-4521-9624-0d5197250790,447365002,Insertion of biventricular implantable cardioverter defibrillator,17870.66,410429000,Cardiac Arrest
2006-08-30,1ebcab28-f654-48c6-86a7-70cef2b4bf94,6a248bf6-8421-4521-9624-0d5197250790,18286008,Catheter ablation of tissue of heart,7016.89,410429000,Cardiac Arrest
2012-04-13,eb8e6a52-ddad-4508-9b12-73e02d20c22d,e18c9a4b-57b3-4cd6-86b0-a9bbdad1af00,430193006,Medication Reconciliation (procedure),766.45,,
2012-07-20,eb8e6a52-ddad-4508-9b12-73e02d20c22d,d7c9d53a-c5ca-44ca-b136-4a0bc86164b5,430193006,Medication Reconciliation (procedure),681.59,,
2014-03-21,eb8e6a52-ddad-4508-9b12-73e02d20c22d,e1ca7ac1-2417-4425-9a33-f255c58a131a,430193006,Medication Reconciliation (procedure),829.39,,
2016-03-18,eb8e6a52-ddad-4508-9b12-73e02d20c22d,f9f4ffa1-0a7d-4d55-9f3a-b60c72dca684,430193006,Medication Reconciliation (procedure),592.17,,
2018-03-30,eb8e6a52-ddad-4508-9b12-73e02d20c22d,0dbf0e2d-99f4-4141-9c5c-beddb963f2a7,430193006,Medication Reconciliation (procedure),330.32,,
2012-11-15,9b33cff6-3ebb-4057-bdea-77cfc9fe4647,550500e1-aff2-4f09-a335-fdb55ff04a3e,430193006,Medication Reconciliation (procedure),375.52,,
2016-11-24,9b33cff6-3ebb-4057-bdea-77cfc9fe4647,95aab16e-45d7-48b4-9a30-81743b13422f,430193006,Medication Reconciliation (procedure),940.02,,
2018-11-29,9b33cff6-3ebb-4057-bdea-77cfc9fe4647,0b57cb05-7f89-4750-a391-4fcd742be941,430193006,Medication Reconciliation (procedure),310.31,,
2011-05-23,0b152ef6-97c7-4209-83a2-daec95d60569,2e10571a-5e5c-417b-b07b-2f2a8af5c622,430193006,Medication Reconciliation (procedure),814.37,,
2012-05-28,0b152ef6-97c7-4209-83a2-daec95d60569,d0cde7c6-a120-4245-815b-c7d333e2ded3,430193006,Medication Reconciliation (procedure),418.23,,
2015-06-15,0b152ef6-97c7-4209-83a2-daec95d60569,ee2f2573-d2c4-4fb5-9a72-466073e38965,430193006,Medication Reconciliation (procedure),823.57,,
2016-06-20,0b152ef6-97c7-4209-83a2-daec95d60569,5a238298-3d22-4d39-8813-ddd199946531,430193006,Medication Reconciliation (procedure),577.20,,
2018-07-02,0b152ef6-97c7-4209-83a2-daec95d60569,88ee2fac-4c8b-40f3-92a7-dfc3059491fa,430193006,Medication Reconciliation (procedure),691.23,,
2019-07-08,0b152ef6-97c7-4209-83a2-daec95d60569,8e508ba9-8861-48ce-8a66-d5cdf3580f42,430193006,Medication Reconciliation (procedure),368.64,,
2018-01-07,e637dfa4-1fbf-4bd5-854a-fb955206f58e,804368f1-419a-4e6d-9c05-1edf63d6db53,430193006,Medication Reconciliation (procedure),274.17,,
2013-06-01,9e507d38-56dc-4316-8f2f-ac84e23a7285,5cec8fad-a271-43d8-9280-b6be3f3a4421,430193006,Medication Reconciliation (procedure),510.30,,
2015-06-13,9e507d38-56dc-4316-8f2f-ac84e23a7285,429ec45d-60e1-48de-8469-2ddf83664a75,430193006,Medication Reconciliation (procedure),466.18,,
2016-06-18,9e507d38-56dc-4316-8f2f-ac84e23a7285,d0eda2b8-873f-437c-bde8-fce654a60bcd,430193006,Medication Reconciliation (procedure),460.63,,
2019-07-06,9e507d38-56dc-4316-8f2f-ac84e23a7285,9af3034e-484a-4705-a78a-ca99afd2264c,430193006,Medication Reconciliation (procedure),663.52,,
2011-04-02,c95d93e0-fded-477e-865d-424045954fcd,3bb1fbd7-48cd-423f-bd46-89094771105d,430193006,Medication Reconciliation (procedure),463.71,,
2011-05-07,c95d93e0-fded-477e-865d-424045954fcd,6957e948-e915-4717-9fc9-e101082ef276,430193006,Medication Reconciliation (procedure),388.40,,
2012-06-09,c95d93e0-fded-477e-865d-424045954fcd,24ef1fa0-8de3-40c6-b7dc-0c956a366d61,430193006,Medication Reconciliation (procedure),431.22,,
2012-09-08,c95d93e0-fded-477e-865d-424045954fcd,7ab5a13b-e1fc-4fe9-b03d-7292da0149bc,430193006,Medication Reconciliation (procedure),713.79,,
2014-03-08,c95d93e0-fded-477e-865d-424045954fcd,7aff8cb7-ee76-47ac-8089-31a63c7e2f96,430193006,Medication Reconciliation (procedure),835.58,,
2016-03-12,c95d93e0-fded-477e-865d-424045954fcd,fe151a62-709e-428d-b5bd-5376f2c75bdd,430193006,Medication Reconciliation (procedure),503.10,,
2017-03-18,c95d93e0-fded-477e-865d-424045954fcd,2c3a9e29-a3dc-465c-92e4-cda5be2538f2,430193006,Medication Reconciliation (procedure),613.01,,
2010-04-29,270af7a5-1b18-4a9e-bd8c-d3412ee4534f,47d56862-7760-4c26-9704-079bd936910c,430193006,Medication Reconciliation (procedure),372.68,,
2019-06-20,270af7a5-1b18-4a9e-bd8c-d3412ee4534f,b67c8b43-a40b-47df-a5bf-49c09089fcb2,430193006,Medication Reconciliation (procedure),473.71,,
2019-09-10,299c6818-30c4-4e20-a906-39149f920ea1,76e70b43-dcf8-4872-9dc3-2dab582ca2e2,430193006,Medication Reconciliation (procedure),432.39,,
2010-09-23,99c14878-0e5c-457b-9d55-09887d94f59a,8f18dff5-ed32-40c0-96cf-f603ee14c0ae,430193006,Medication Reconciliation (procedure),464.33,,
2012-10-04,99c14878-0e5c-457b-9d55-09887d94f59a,03f241d5-6f95-4a97-8a9c-f19b654b63b0,430193006,Medication Reconciliation (procedure),582.56,,
2014-10-16,99c14878-0e5c-457b-9d55-09887d94f59a,0015bcf0-1426-4d19-91a7-e2a5e0c3f738,430193006,Medication Reconciliation (procedure),927.26,,
2015-10-22,99c14878-0e5c-457b-9d55-09887d94f59a,ce466be1-914f-4564-b587-9e7982fe7f51,430193006,Medication Reconciliation (procedure),488.32,,
2017-11-02,99c14878-0e5c-457b-9d55-09887d94f59a,8788717d-2878-46bd-9557-b5f2212d49f8,430193006,Medication Reconciliation (procedure),383.62,,
2019-11-14,99c14878-0e5c-457b-9d55-09887d94f59a,49f0ffdd-7ce9-454c-8f53-30afae58cb54,430193006,Medication Reconciliation (procedure),755.64,,
2012-04-14,399ce088-0b41-42b8-9d48-d0188b0efa99,4be24814-83b8-4775-9e35-6cc3f95accc5,430193006,Medication Reconciliation (procedure),846.85,,
2012-09-22,399ce088-0b41-42b8-9d48-d0188b0efa99,87dde156-ee5b-4e1a-a05e-e747088baefa,430193006,Medication Reconciliation (procedure),325.55,,
2012-12-22,399ce088-0b41-42b8-9d48-d0188b0efa99,a803799e-17fa-4282-b2e4-a148c795ca7d,430193006,Medication Reconciliation (procedure),483.08,,
2014-09-20,399ce088-0b41-42b8-9d48-d0188b0efa99,d998dc7d-5e9b-474a-807c-8d36405d62fd,430193006,Medication Reconciliation (procedure),707.53,,
2015-03-21,399ce088-0b41-42b8-9d48-d0188b0efa99,2b6fc0fb-e0fa-447a-a62c-545af4c33436,430193006,Medication Reconciliation (procedure),820.97,,
2015-09-19,399ce088-0b41-42b8-9d48-d0188b0efa99,553be6f9-88e9-4424-9bc8-45b61ebb37d3,430193006,Medication Reconciliation (procedure),657.53,,
2017-03-25,399ce088-0b41-42b8-9d48-d0188b0efa99,6f70b9fa-8c7d-4545-a0a2-798ee26503dc,430193006,Medication Reconciliation (procedure),455.20,,
2011-09-20,f8cd0b90-e1d4-451a-a6f8-5f897e1ad7c8,f7e09ba7-1ef8-427a-855b-2863ebc93884,430193006,Medication Reconciliation (procedure),445.19,,
2012-12-06,9f16af3b-dfcf-462b-8f16-04bb6239ebb7,14ec2c6d-8ee1-4bcc-b23d-9ecc5e7ecd59,430193006,Medication Reconciliation (procedure),560.30,,
2013-12-12,9f16af3b-dfcf-462b-8f16-04bb6239ebb7,931852cd-d09f-44a7-9e5c-dfc22d4c9775,430193006,Medication Reconciliation (procedure),608.27,,
2016-12-29,9f16af3b-dfcf-462b-8f16-04bb6239ebb7,7d4630e8-d7de-404b-8ea4-7425451133ad,430193006,Medication Reconciliation (procedure),278.26,,
2018-01-04,9f16af3b-dfcf-462b-8f16-04bb6239ebb7,4f4e59a6-f78d-4787-a86c-ccd78ccf7af2,430193006,Medication Reconciliation (procedure),293.49,,
2019-01-10,9f16af3b-dfcf-462b-8f16-04bb6239ebb7,f8f0aa61-fd01-49d8-b29f-ea724cf1e030,430193006,Medication Reconciliation (procedure),855.73,,
2020-01-16,9f16af3b-dfcf-462b-8f16-04bb6239ebb7,1a895c00-57ca-4433-9f49-af367e298d75,430193006,Medication Reconciliation (procedure),552.61,,
2015-11-15,c7fa023c-f033-4e6c-bc1f-a57c0d755366,e83f7087-37ef-4c0b-a4c3-1a2abc239056,430193006,Medication Reconciliation (procedure),363.72,,
2010-10-21,8499d4c9-3757-4bac-8148-69cc5a2d6e65,69d9188d-439c-407d-b5bc-d692f2874575,430193006,Medication Reconciliation (procedure),870.79,,
2011-10-27,8499d4c9-3757-4bac-8148-69cc5a2d6e65,154ebf99-69d6-43fb-854c-dca0c21b4f89,430193006,Medication Reconciliation (procedure),404.01,,
2012-11-01,8499d4c9-3757-4bac-8148-69cc5a2d6e65,b0ecc7c9-9a9a-4156-bc12-17898461e68c,430193006,Medication Reconciliation (procedure),397.86,,
2014-11-13,8499d4c9-3757-4bac-8148-69cc5a2d6e65,c6c6c711-aaed-405f-b32e-625279a722b6,430193006,Medication Reconciliation (procedure),877.92,,
2016-11-24,8499d4c9-3757-4bac-8148-69cc5a2d6e65,afea9c6b-2e08-47a3-8be4-67e0ebdbebe5,430193006,Medication Reconciliation (procedure),663.85,,
2017-11-30,8499d4c9-3757-4bac-8148-69cc5a2d6e65,ea41cc94-2f66-473e-a99f-569b75887ed0,430193006,Medication Reconciliation (procedure),485.29,,
2018-12-06,8499d4c9-3757-4bac-8148-69cc5a2d6e65,3490ce0b-9211-4b85-a543-064d6a05adcd,180325003,Electrical cardioversion,28261.49,49436004,Atrial Fibrillation
2019-12-12,8499d4c9-3757-4bac-8148-69cc5a2d6e65,97a6e700-1132-43b7-a2fc-47417c7af56a,180325003,Electrical cardioversion,42662.48,49436004,Atrial Fibrillation
2019-12-12,8499d4c9-3757-4bac-8148-69cc5a2d6e65,97a6e700-1132-43b7-a2fc-47417c7af56a,430193006,Medication Reconciliation (procedure),431.61,,
2011-11-08,22cbe583-f29d-446a-a9c1-72287816b373,f1091248-2b28-4b0c-a5aa-74d97a53dee3,430193006,Medication Reconciliation (procedure),698.91,,
2014-11-11,22cbe583-f29d-446a-a9c1-72287816b373,4c01646a-0cf3-416a-8a6c-7f9eb8d0bd12,430193006,Medication Reconciliation (procedure),501.15,,
2019-09-03,22cbe583-f29d-446a-a9c1-72287816b373,7835e7df-66e1-4ac5-8120-b957950642fe,430193006,Medication Reconciliation (procedure),779.07,,
2010-04-22,7ca5b181-c05a-4282-b795-ed972d220271,84c0ad35-fb5b-4cf3-b504-43075ad49bbf,430193006,Medication Reconciliation (procedure),459.14,,
2012-05-03,7ca5b181-c05a-4282-b795-ed972d220271,5e493a4b-a300-4920-9cad-8782f093df70,430193006,Medication Reconciliation (procedure),526.76,,
2014-05-15,7ca5b181-c05a-4282-b795-ed972d220271,f0907c99-e17d-4f41-b750-4739a356d684,430193006,Medication Reconciliation (procedure),669.14,,
2015-05-21,7ca5b181-c05a-4282-b795-ed972d220271,9eda1ff3-c1a7-4242-a5ed-e6df61ebe28a,430193006,Medication Reconciliation (procedure),637.77,,
2018-06-07,7ca5b181-c05a-4282-b795-ed972d220271,cd196751-608b-457f-8dff-4b9ee6164ee7,430193006,Medication Reconciliation (procedure),692.22,,
2019-06-13,7ca5b181-c05a-4282-b795-ed972d220271,b2edacdf-a244-48b5-b957-1272d24b3aa4,430193006,Medication Reconciliation (procedure),463.97,,
2010-08-25,fbe5542b-a694-4c26-91f8-26f41963645b,2397a30e-75e2-4f13-99c7-7b20971cb11f,430193006,Medication Reconciliation (procedure),300.17,,
2011-08-31,fbe5542b-a694-4c26-91f8-26f41963645b,d63f8bb6-6d41-4128-993b-5bb07907656a,430193006,Medication Reconciliation (procedure),470.15,,
2012-09-05,fbe5542b-a694-4c26-91f8-26f41963645b,905227fb-9a02-46d2-9aa3-8cd08455c5c8,430193006,Medication Reconciliation (procedure),968.34,,
2015-09-23,fbe5542b-a694-4c26-91f8-26f41963645b,34c55993-59ef-4175-bfc9-b1365f820421,430193006,Medication Reconciliation (procedure),863.43,,
2011-12-13,6ec56802-b052-42f2-9899-a288b417bff1,8318939d-3af6-41b6-a987-b34f5b557d07,430193006,Medication Reconciliation (procedure),445.41,,
2012-12-18,6ec56802-b052-42f2-9899-a288b417bff1,1bed0360-aab5-4ca1-8dea-c3c8d23e31bd,430193006,Medication Reconciliation (procedure),617.66,,
2016-01-05,6ec56802-b052-42f2-9899-a288b417bff1,f83f2849-6e81-4709-b9a2-6f3cb2113585,430193006,Medication Reconciliation (procedure),496.01,,
2017-01-10,6ec56802-b052-42f2-9899-a288b417bff1,5a9f00a5-3257-417a-acf9-9e37a051112b,430193006,Medication Reconciliation (procedure),587.85,,
2020-01-28,6ec56802-b052-42f2-9899-a288b417bff1,487efe69-dc10-4ce6-a4d9-1017c5b373aa,430193006,Medication Reconciliation (procedure),789.72,,
2013-07-14,b29c90cc-562d-4628-b871-9d6509fa5e24,bbf0603f-9295-431b-a1eb-9a4b699a558a,430193006,Medication Reconciliation (procedure),548.60,,
2015-07-19,b29c90cc-562d-4628-b871-9d6509fa5e24,5fac3a95-6196-4a59-b0c5-dc9107417645,430193006,Medication Reconciliation (procedure),608.29,,
2019-07-28,b29c90cc-562d-4628-b871-9d6509fa5e24,2968f975-ed18-40b7-84f6-e354fab92286,430193006,Medication Reconciliation (procedure),377.67,,
2012-04-06,250ec70b-50cd-4f2a-b635-17bc2934dd23,22097e7d-1704-4934-ac58-35cc2cc9d829,430193006,Medication Reconciliation (procedure),667.80,,
2018-04-20,250ec70b-50cd-4f2a-b635-17bc2934dd23,87227dc5-baa4-46ab-a589-5bd0da68d840,430193006,Medication Reconciliation (procedure),362.50,,
2010-05-04,35a6a641-c5e9-4acd-8fdf-4ed82a5c5882,d04a2b64-b43b-45eb-8841-90432f821676,430193006,Medication Reconciliation (procedure),612.91,,
2011-06-15,cff83ee4-214e-4ed8-a74c-0dc1409938ae,4aa1ca32-c1c7-45b0-86ba-c87173259311,430193006,Medication Reconciliation (procedure),883.57,,
2014-06-18,cff83ee4-214e-4ed8-a74c-0dc1409938ae,32720f27-0dc6-4fbd-ac61-5d465366067d,430193006,Medication Reconciliation (procedure),516.50,,
2014-07-20,95302efb-947c-4c00-be0a-4fa1bc223511,e4bd5c51-0cb2-47f2-ba8b-1278c8a13ebd,430193006,Medication Reconciliation (procedure),501.68,,
2012-09-13,b7248380-f161-473a-babe-53b859482d08,ef324e2d-1a05-48c7-9e8e-3eb1acbaeacf,430193006,Medication Reconciliation (procedure),558.32,,
2016-08-25,b7248380-f161-473a-babe-53b859482d08,46bf4375-baea-466c-95c8-5ea79d5b4a64,430193006,Medication Reconciliation (procedure),633.85,,
2017-08-31,b7248380-f161-473a-babe-53b859482d08,abe2dd45-5f86-46dc-aa84-5b65c2f882c6,430193006,Medication Reconciliation (procedure),725.50,,
2018-09-06,b7248380-f161-473a-babe-53b859482d08,0bcfbf99-948a-47e6-a5a7-d9364e67259d,430193006,Medication Reconciliation (procedure),351.16,,
2012-02-13,a229e4a9-a3fd-49b8-af76-b19eef599d11,8f12d975-8b14-46c3-8293-805d09e6ceda,430193006,Medication Reconciliation (procedure),665.44,,
2016-02-22,a229e4a9-a3fd-49b8-af76-b19eef599d11,8c798037-f477-42c8-82bf-30ba4d42ce02,430193006,Medication Reconciliation (procedure),927.43,,
2010-06-23,2a671d69-bec7-4bc8-8ad8-46f716be2eaf,849844df-1f97-4606-86c8-5958dd41d48d,430193006,Medication Reconciliation (procedure),705.79,,
2013-06-26,2a671d69-bec7-4bc8-8ad8-46f716be2eaf,96b09cee-dd99-4816-9c58-be297e414188,430193006,Medication Reconciliation (procedure),851.44,,
2016-06-29,2a671d69-bec7-4bc8-8ad8-46f716be2eaf,2a3a0c27-0458-4a09-b30a-9e1b004f7621,430193006,Medication Reconciliation (procedure),509.29,,
2019-07-03,2a671d69-bec7-4bc8-8ad8-46f716be2eaf,963f0a46-b313-428c-a1e7-514736706e81,430193006,Medication Reconciliation (procedure),665.40,,
2010-06-16,c4cd1b0f-4274-4227-bf84-6cc046802e4f,aae592ed-0827-4099-a909-16fea99f1d02,430193006,Medication Reconciliation (procedure),493.62,,
2011-06-15,c4cd1b0f-4274-4227-bf84-6cc046802e4f,9827885a-f063-4995-9148-2c14434de095,430193006,Medication Reconciliation (procedure),710.61,,
2011-12-14,c4cd1b0f-4274-4227-bf84-6cc046802e4f,0278a448-d5e4-411e-95e0-5c954f84032b,430193006,Medication Reconciliation (procedure),482.94,,
2013-12-18,c4cd1b0f-4274-4227-bf84-6cc046802e4f,34f8d001-8269-4679-96af-c8351adda27e,430193006,Medication Reconciliation (procedure),337.49,,
2017-01-04,c4cd1b0f-4274-4227-bf84-6cc046802e4f,719f9fec-872b-4057-9695-89d22a366ae5,430193006,Medication Reconciliation (procedure),453.71,,
2018-01-10,c4cd1b0f-4274-4227-bf84-6cc046802e4f,32dcbbd5-d0bb-49c9-99f3-b56fb049fe63,430193006,Medication Reconciliation (procedure),601.93,,
2010-04-14,2accfe2e-ab40-479d-9cba-470133961156,67225a27-d32c-4711-a60f-d4060577fa17,430193006,Medication Reconciliation (procedure),626.20,,
2010-07-14,2accfe2e-ab40-479d-9cba-470133961156,f4b8562b-5970-4610-b8aa-6475fceb0010,430193006,Medication Reconciliation (procedure),584.75,,
2010-10-13,2accfe2e-ab40-479d-9cba-470133961156,234ee3e0-552b-4a29-bafb-9b5a55182692,430193006,Medication Reconciliation (procedure),485.10,,
2012-04-11,2accfe2e-ab40-479d-9cba-470133961156,4aa69197-ef26-4efc-92a7-c1ebd0ec9b16,430193006,Medication Reconciliation (procedure),676.03,,
2013-04-10,2accfe2e-ab40-479d-9cba-470133961156,6f4fd5a5-3aba-4369-aae2-95e7833737cc,430193006,Medication Reconciliation (procedure),331.55,,
2018-11-07,2accfe2e-ab40-479d-9cba-470133961156,caa14b70-83f0-40c1-9703-fc8d0f9081c9,430193006,Medication Reconciliation (procedure),713.92,,
2010-06-25,f614f675-3862-4b06-8b21-69f2f502368f,f6af5f92-4fe7-4bde-967f-36aeb0f7a4b6,430193006,Medication Reconciliation (procedure),467.71,,
2013-07-12,f614f675-3862-4b06-8b21-69f2f502368f,7932526d-19e9-4016-b689-400b83dc464d,430193006,Medication Reconciliation (procedure),355.14,,
2015-07-24,f614f675-3862-4b06-8b21-69f2f502368f,fca47045-5e67-4ca9-baa8-0f7ae89ba2bf,430193006,Medication Reconciliation (procedure),528.09,,
2017-08-04,f614f675-3862-4b06-8b21-69f2f502368f,3b8b3305-a396-4e08-9bc8-3632e9a2cac6,430193006,Medication Reconciliation (procedure),591.42,,
2018-08-10,f614f675-3862-4b06-8b21-69f2f502368f,907043fc-51c9-4cac-8987-0423a4698b17,430193006,Medication Reconciliation (procedure),648.91,,
2011-10-19,ca5032da-99a6-4155-9292-576f0848be7e,8f075d40-7fbb-40f1-a773-2678334188b2,430193006,Medication Reconciliation (procedure),413.15,,
2011-04-23,2b5069ca-4f37-454d-ad6c-79c31a19d8c6,7e90f5a0-c632-4eb2-96db-95bbd37ec489,430193006,Medication Reconciliation (procedure),379.17,,
2013-05-04,2b5069ca-4f37-454d-ad6c-79c31a19d8c6,55e31867-12ec-42a4-9d77-3ae04e7b3d43,430193006,Medication Reconciliation (procedure),808.11,,
2019-06-08,2b5069ca-4f37-454d-ad6c-79c31a19d8c6,c4c0b63e-8c5e-44b9-bb88-70698f11e0e6,430193006,Medication Reconciliation (procedure),612.87,,
2011-03-09,4cfc8d8e-8019-4a64-9431-bfcdfffc6e50,ae306a9d-d13e-4f84-854c-3c0ad120cb0a,430193006,Medication Reconciliation (procedure),457.73,,
2013-12-25,4cfc8d8e-8019-4a64-9431-bfcdfffc6e50,7acec4f4-5007-49a7-8f4e-735b173e1973,430193006,Medication Reconciliation (procedure),695.95,,
2018-01-03,4cfc8d8e-8019-4a64-9431-bfcdfffc6e50,17a1c11a-a7de-497b-8589-8fc0f89908d2,430193006,Medication Reconciliation (procedure),304.67,,
2020-01-08,4cfc8d8e-8019-4a64-9431-bfcdfffc6e50,a8feb656-c855-4ce8-9fbd-d5cfeb83f67c,430193006,Medication Reconciliation (procedure),404.08,,
2012-12-05,a44e84a6-b243-4ac6-b228-3a99e9e9a73b,7912171c-b7ad-426f-a868-7cde0a7a5470,430193006,Medication Reconciliation (procedure),668.94,,
2014-12-10,a44e84a6-b243-4ac6-b228-3a99e9e9a73b,f00c2031-25ae-4a63-8190-c5b10fde4794,430193006,Medication Reconciliation (procedure),380.10,,
2011-06-15,7acfe9b4-553b-4572-9105-ff329c70ad3e,fa46594b-b181-4932-b1d9-b7586d8fa520,430193006,Medication Reconciliation (procedure),849.36,,
2011-11-23,7acfe9b4-553b-4572-9105-ff329c70ad3e,615dba82-e134-4375-a8fa-e8bbddc448cb,430193006,Medication Reconciliation (procedure),293.97,,
2012-02-22,7acfe9b4-553b-4572-9105-ff329c70ad3e,92e1da70-b75f-430f-8152-120ab7a27565,430193006,Medication Reconciliation (procedure),420.03,,
2012-05-23,7acfe9b4-553b-4572-9105-ff329c70ad3e,4303180c-7f96-4a00-a77f-123313f0f165,430193006,Medication Reconciliation (procedure),910.35,,
2012-11-21,7acfe9b4-553b-4572-9105-ff329c70ad3e,382e5c46-fb96-4e3f-8479-d4c2111f021a,430193006,Medication Reconciliation (procedure),675.35,,
2013-11-20,7acfe9b4-553b-4572-9105-ff329c70ad3e,47cb3289-c728-4858-b897-1f334793dd1c,430193006,Medication Reconciliation (procedure),651.10,,
2014-11-19,7acfe9b4-553b-4572-9105-ff329c70ad3e,0ee75495-5af3-4f31-9b7f-b19fba96d450,430193006,Medication Reconciliation (procedure),377.79,,
2016-05-25,7acfe9b4-553b-4572-9105-ff329c70ad3e,01f6b15e-5501-4e76-94e0-09f55e303fbc,430193006,Medication Reconciliation (procedure),417.42,,
2018-06-06,7acfe9b4-553b-4572-9105-ff329c70ad3e,6c618c07-98c7-4a12-ac95-ca6749180683,430193006,Medication Reconciliation (procedure),771.78,,
2013-05-28,ea66f9e1-505f-4939-906d-8ef9d48bed3c,e8068309-cae3-4cff-8fa6-d40936851549,430193006,Medication Reconciliation (procedure),687.72,,
2015-06-09,ea66f9e1-505f-4939-906d-8ef9d48bed3c,9dbbe065-181f-48d8-b4db-db9fc2bd9ae3,430193006,Medication Reconciliation (procedure),813.87,,
2016-06-14,ea66f9e1-505f-4939-906d-8ef9d48bed3c,dd40bfe9-38eb-4d2b-bddb-8a9d4f4d4e84,430193006,Medication Reconciliation (procedure),708.46,,
2017-06-20,ea66f9e1-505f-4939-906d-8ef9d48bed3c,b3f99fe4-a72e-4cf4-9072-b1324709ec41,430193006,Medication Reconciliation (procedure),497.33,,
2010-03-22,4f8ab318-b7ea-4ec6-92da-50e67b710abc,05ffef29-6175-4f0c-8c88-47ba6f7a5885,430193006,Medication Reconciliation (procedure),643.88,,
2011-03-28,4f8ab318-b7ea-4ec6-92da-50e67b710abc,164c35f7-5bad-414d-a4f9-ed4cbbf07694,430193006,Medication Reconciliation (procedure),483.48,,
2015-04-20,4f8ab318-b7ea-4ec6-92da-50e67b710abc,0ac44021-1cb0-403b-96de-cdebbe6cfb33,430193006,Medication Reconciliation (procedure),469.88,,
2017-05-01,4f8ab318-b7ea-4ec6-92da-50e67b710abc,4dc98d03-a0cd-46cd-8194-566f06c55ea4,430193006,Medication Reconciliation (procedure),483.03,,
2011-06-16,7f5d1d68-1481-46ab-b80a-e51ad73a38ac,ae1f1846-847d-43c4-b331-ed01447e55fa,430193006,Medication Reconciliation (procedure),759.91,,
2014-05-29,7f5d1d68-1481-46ab-b80a-e51ad73a38ac,72893d72-5f3a-43af-a2d0-e388018af213,430193006,Medication Reconciliation (procedure),563.72,,
2015-06-04,7f5d1d68-1481-46ab-b80a-e51ad73a38ac,de330f43-b8e8-4ad1-8d21-c077790baf81,430193006,Medication Reconciliation (procedure),342.62,,
2016-06-09,7f5d1d68-1481-46ab-b80a-e51ad73a38ac,859ab791-7f6f-4749-8c32-d9695a728cf2,430193006,Medication Reconciliation (procedure),782.22,,
2017-06-15,7f5d1d68-1481-46ab-b80a-e51ad73a38ac,a4751ea0-7a23-4eca-a703-1ab3fb30c57f,430193006,Medication Reconciliation (procedure),322.58,,
2019-06-27,7f5d1d68-1481-46ab-b80a-e51ad73a38ac,6cbc1d50-7217-44fb-ae03-3b7c2e28e0b9,430193006,Medication Reconciliation (procedure),445.47,,
2010-07-08,c4362152-3b63-47f0-ada9-2d350bc5ad06,1b4dedce-e826-420c-b506-cfbd942d510c,430193006,Medication Reconciliation (procedure),360.95,,
2011-07-14,c4362152-3b63-47f0-ada9-2d350bc5ad06,6db59476-f140-476a-bea5-1883accf48f2,430193006,Medication Reconciliation (procedure),537.99,,
2012-07-19,c4362152-3b63-47f0-ada9-2d350bc5ad06,7872f7d2-9427-4711-99cf-6807145dea3c,430193006,Medication Reconciliation (procedure),776.85,,
2014-07-31,c4362152-3b63-47f0-ada9-2d350bc5ad06,9b6d5d2b-cfae-481a-a2ba-78ce3893d431,430193006,Medication Reconciliation (procedure),475.49,,
2015-08-06,c4362152-3b63-47f0-ada9-2d350bc5ad06,48541983-7d7d-42bf-a517-81a34d4365c6,430193006,Medication Reconciliation (procedure),829.50,,
2016-08-11,c4362152-3b63-47f0-ada9-2d350bc5ad06,434bc576-172d-4328-9156-4e079e585e8e,430193006,Medication Reconciliation (procedure),434.82,,
2019-08-29,c4362152-3b63-47f0-ada9-2d350bc5ad06,67436909-aa2f-405f-9bb5-ff0ff6b0c720,430193006,Medication Reconciliation (procedure),532.78,,
2015-04-08,070326f6-b7f5-4b07-8f75-e9c76e87c3fc,4422a3b5-0eb6-40bb-a3b7-947ac8426274,430193006,Medication Reconciliation (procedure),510.15,,
2016-04-13,070326f6-b7f5-4b07-8f75-e9c76e87c3fc,4e4e69c2-8524-4034-9483-6a73a3c0aa1c,430193006,Medication Reconciliation (procedure),484.77,,
2018-04-25,070326f6-b7f5-4b07-8f75-e9c76e87c3fc,e78e4b1e-4de0-4183-9a5f-75d040b72b19,430193006,Medication Reconciliation (procedure),768.21,,
