Id,ORGANIZATION,NAME,GENDER,SPECIALITY,ADDRESS,CITY,STATE,ZIP,LAT,LON,UTILIZATION
68cac461-c713-3332-9e64-f615cb2b15cb,319baef9-e8e6-3320-9e0b-7991d9c167b8,Dawit Salinmäki,M,GENERAL PRACTICE,Haartmaninkatu 4,Helsinki,18,00290,60.189159,24.909081,1
7d666005-f05a-39de-a51f-9d1cf8aa6233,af916982-f5f8-341b-b159-69e72695294c,Henrick Palmu,M,GENERAL PRACTICE,Sairaalakatu 1,Vantaa,18,01400,60.3299,25.0608,3
c96e295d-a7d4-3ce1-80a3-d7385cf36880,b9b4f8d8-b4a7-3164-a21f-c57b0c40c3ff,Martha Räike,F,GENERAL PRACTICE,Sairaalankatu 1,Hyvinkää,18,05830,60.612,24.82486,1
2cdab172-f04c-35d5-a494-4f6f295c5baa,738aef7e-a279-3f65-9dba-fead16b27400,Vaito Mutka,M,GENERAL PRACTICE,Turuntie 150,Espoo,18,02740,60.22589,24.77581,1166
98a9eb6c-e559-3f04-9b28-6e849503ae53,9a3e6919-4ed0-32fe-a1e2-7184b06c415f,Mette Näkki,F,GENERAL PRACTICE,Karvasmäentie 6,Espoo,18,02740,60.22011,24.6848,512
e1570ca4-bf87-31a8-a04e-2cdfc9f98bfb,a70486b2-c33a-37b3-a4cf-b3dc06cb9d84,Cornelia Liski,F,GENERAL PRACTICE,Sairaalakatu 1,Vantaa,18,01400,60.3299,25.0608,1576
c199caff-ebbd-3907-8484-a136aa8d8574,bf25636d-50a4-3cf2-b937-0e59fd37503f,Dawit Salinmäki,M,GENERAL PRACTICE,Sairaalankatu 1,Hyvinkää,18,05830,60.612,24.82486,153
4ab4b622-889d-3f27-87c9-352f35a3fe2d,4eddd774-a01b-3a0b-b4c6-736a5581aba4,Lis-Beth Tiinanen,F,GENERAL PRACTICE,Ohkolantie 10,Kellokoski,18,04500,60.53054,25.10548,230
e34fbf79-20c6-3575-bda7-6507bb5db6c2,942171f0-df04-34cc-9c85-1a11b2f08717,Piia-Maria Lindegren,F,GENERAL PRACTICE,Sairaalatie 8,Lohja,18,08200,60.2247,24.01885,196
eb9f8079-d61e-35c6-b895-456f19b3a9a2,216a84b2-6287-356d-9bcf-655abf00debb,Anseli Alha,M,GENERAL PRACTICE,Sairaalantie 1,Porvoo,18,06200,60.37911,25.69576,102
e78c4203-c52b-3181-92c2-ec243704756c,319baef9-e8e6-3320-9e0b-7991d9c167b8,Vaito Mutka,M,GENERAL PRACTICE,Haartmaninkatu 4,Helsinki,18,00290,60.189159,24.909081,1
a69c4337-f259-3d6e-9642-4c4986ff17c6,7b74aa83-5335-38dd-a213-d6df36c7f627,Dawit Salinmäki,M,GENERAL PRACTICE,Karvasmäentie 6,Espoo,18,02740,60.22011,24.6848,1
e7bab713-80dc-3dd2-bb73-153cc4b6509a,af916982-f5f8-341b-b159-69e72695294c,Lis-Beth Tiinanen,F,GENERAL PRACTICE,Sairaalakatu 1,Vantaa,18,01400,60.3299,25.0608,1
