START,STOP,PATIENT,ENCOUNTER,CODE,DESCRIPTION
2013-08-23,,81962d7b-bc7a-486d-8f2c-9b1f5b2eb83e,601727c5-8d88-4686-9f37-3842d86bad1b,53741008,Coronary Heart Disease
2015-06-04,,69c80609-feec-4c66-8c61-799b3f1f0100,bd091851-3a60-46ee-b912-4e6dfc97e05c,53741008,Coronary Heart Disease
1981-03-23,,d49a553e-2075-4d7c-b24b-c90721f735e1,90c24402-7a84-4b27-8241-6109ce82bc55,53741008,Coronary Heart Disease
1983-03-07,,d49a553e-2075-4d7c-b24b-c90721f735e1,c83c1fb3-42b4-4586-a081-85ffc215072b,22298006,Myocardial Infarction
1983-03-07,,d49a553e-2075-4d7c-b24b-c90721f735e1,c83c1fb3-42b4-4586-a081-85ffc215072b,399211009,History of myocardial infarction (situation)
2020-01-31,,66e9934b-b0a5-4231-aa35-a9d2389bb294,16bad190-6b46-4de2-b184-b58469c74999,230690007,Stroke
2011-12-16,,5cd99ee8-b277-4ac0-8279-b548facfb887,39f8db79-1895-4e37-9bf0-b3f378af3ae5,410429000,Cardiac Arrest
2011-12-16,,5cd99ee8-b277-4ac0-8279-b548facfb887,39f8db79-1895-4e37-9bf0-b3f378af3ae5,429007001,History of cardiac arrest (situation)
1977-05-24,,60820eea-463f-4282-bca6-41e98d493c82,2a4c5cbd-c2c4-4c01-9ddb-624234625610,410429000,Cardiac Arrest
1977-05-24,,60820eea-463f-4282-bca6-41e98d493c82,2a4c5cbd-c2c4-4c01-9ddb-624234625610,429007001,History of cardiac arrest (situation)
