START,STOP,PATIENT,PAYER,ENCOUNTER,CODE,DESCRIPTION,BASE_COST,PAYER_COVERAGE,DISPENSES,TOTALCOST,REASONCODE,REASONDESCRIPTION
2013-08-23,,81962d7b-bc7a-486d-8f2c-9b1f5b2eb83e,b1c428d6-4f07-31e0-90f0-68ffa6ff8c76,601727c5-8d88-4686-9f37-3842d86bad1b,309362,Clopidogrel 75 MG Oral Tablet,81.31,0.00,79,6423.49,,
2013-08-23,,81962d7b-bc7a-486d-8f2c-9b1f5b2eb83e,b1c428d6-4f07-31e0-90f0-68ffa6ff8c76,601727c5-8d88-4686-9f37-3842d86bad1b,312961,Simvastatin 20 MG Oral Tablet,21.86,0.00,79,1726.94,,
2013-08-23,,81962d7b-bc7a-486d-8f2c-9b1f5b2eb83e,b1c428d6-4f07-31e0-90f0-68ffa6ff8c76,601727c5-8d88-4686-9f37-3842d86bad1b,197361,Amlodipine 5 MG Oral Tablet,20.22,0.00,79,1597.38,,
2013-08-23,,81962d7b-bc7a-486d-8f2c-9b1f5b2eb83e,b1c428d6-4f07-31e0-90f0-68ffa6ff8c76,601727c5-8d88-4686-9f37-3842d86bad1b,705129,Nitroglycerin 0.4 MG/ACTUAT Mucosal Spray,183.24,0.00,79,14475.96,,
2015-06-04,,69c80609-feec-4c66-8c61-799b3f1f0100,b1c428d6-4f07-31e0-90f0-68ffa6ff8c76,bd091851-3a60-46ee-b912-4e6dfc97e05c,309362,Clopidogrel 75 MG Oral Tablet,93.85,0.00,58,5443.30,,
2015-06-04,,69c80609-feec-4c66-8c61-799b3f1f0100,b1c428d6-4f07-31e0-90f0-68ffa6ff8c76,bd091851-3a60-46ee-b912-4e6dfc97e05c,312961,Simvastatin 20 MG Oral Tablet,26.91,0.00,58,1560.78,,
2015-06-04,,69c80609-feec-4c66-8c61-799b3f1f0100,b1c428d6-4f07-31e0-90f0-68ffa6ff8c76,bd091851-3a60-46ee-b912-4e6dfc97e05c,197361,Amlodipine 5 MG Oral Tablet,30.52,0.00,58,1770.16,,
2015-06-04,,69c80609-feec-4c66-8c61-799b3f1f0100,b1c428d6-4f07-31e0-90f0-68ffa6ff8c76,bd091851-3a60-46ee-b912-4e6dfc97e05c,705129,Nitroglycerin 0.4 MG/ACTUAT Mucosal Spray,39.98,0.00,58,2318.84,,
1981-03-23,1983-03-07,d49a553e-2075-4d7c-b24b-c90721f735e1,b1c428d6-4f07-31e0-90f0-68ffa6ff8c76,90c24402-7a84-4b27-8241-6109ce82bc55,705129,Nitroglycerin 0.4 MG/ACTUAT Mucosal Spray,359.06,0.00,23,8258.38,,
1983-03-07,1983-03-07,d49a553e-2075-4d7c-b24b-c90721f735e1,b1c428d6-4f07-31e0-90f0-68ffa6ff8c76,c83c1fb3-42b4-4586-a081-85ffc215072b,833036,Captopril 25 MG Oral Tablet,43.34,0.00,1,43.34,,
2020-01-31,2020-01-31,66e9934b-b0a5-4231-aa35-a9d2389bb294,b1c428d6-4f07-31e0-90f0-68ffa6ff8c76,16bad190-6b46-4de2-b184-b58469c74999,309362,Clopidogrel 75 MG Oral Tablet,113.40,0.00,1,113.40,,
2020-01-31,2020-01-31,66e9934b-b0a5-4231-aa35-a9d2389bb294,b1c428d6-4f07-31e0-90f0-68ffa6ff8c76,16bad190-6b46-4de2-b184-b58469c74999,1804799,Alteplase 100 MG Injection,6376.64,0.00,1,6376.64,,
2011-12-16,2011-12-16,5cd99ee8-b277-4ac0-8279-b548facfb887,b1c428d6-4f07-31e0-90f0-68ffa6ff8c76,39f8db79-1895-4e37-9bf0-b3f378af3ae5,1660014,1 ML Epinephrine 1 MG/ML Injection,4.17,0.00,1,4.17,,
2011-12-16,2011-12-16,5cd99ee8-b277-4ac0-8279-b548facfb887,b1c428d6-4f07-31e0-90f0-68ffa6ff8c76,39f8db79-1895-4e37-9bf0-b3f378af3ae5,834357,3 ML Amiodarone hydrocholoride 50 MG/ML Prefilled Syringe,90.74,0.00,1,90.74,,
2011-12-16,2011-12-16,5cd99ee8-b277-4ac0-8279-b548facfb887,b1c428d6-4f07-31e0-90f0-68ffa6ff8c76,39f8db79-1895-4e37-9bf0-b3f378af3ae5,1190795,Atropine Sulfate 1 MG/ML Injectable Solution,28.69,0.00,1,28.69,,
