Id,BIRTHDATE,DEATHDATE,SSN,DRIVERS,PASSPORT,PREFIX,FIRST,LAST,SUFFIX,MAIDEN,MARITAL,RACE,ETHNICITY,GENDER,BIRTHPLACE,ADDRESS,CITY,STATE,COUNTY,ZIP,LAT,LON,HEALTHCARE_EXPENSES,HEALTHCARE_COVERAGE
9d4189de-b016-4514-9f77-d134ed47bf33,2017-05-15,,999-49-8790,,,,Aadalmiina,Kulpakko,,,,white,nonhispanic,F,Espoo  Uusimaa  FI,548 Yläkäs Katu,Espoo,Uusimaa,Espoo,02940,60.216930751308915,24.78044570954002,1250.0,0.0
94e45650-aec1-463e-8f8a-343d81a6d34e,2002-05-07,,999-14-6228,S99916686,,,Simo,Ylioinas,,,,white,nonhispanic,M,Mäntsälä  Uusimaa  FI,926 Huhtamaa Katu,Helsinki,Uusimaa,Helsinki,00150,60.14606499543734,24.888433983224846,3250.0,0.0
7a825f6e-5465-4b03-97b2-d7f23ec6c7f9,1997-12-07,,999-56-3488,S99953394,X75431267X,Mr.,Widar,Kummunmäki,,,,white,nonhispanic,M,Vantaa  Uusimaa  FI,443 Ylesmäki Katu,Järvenpää,Uusimaa,Järvenpää,04440,60.46311982607687,25.051451437038757,3625.0,0.0
84885083-d8b1-485d-834e-424e034ea0c7,1993-03-25,,999-22-2703,S99928688,X34545683X,Ms.,Enne-Liisa,Malmihuhta,,,,white,nonhispanic,F,Lohja  Uusimaa  FI,915 Friari Katu,Espoo,Uusimaa,Espoo,02270,60.18966397534226,24.77025983652048,3750.0,0.0
2ee05cd8-ab06-40a3-86b4-8c0d745b642d,1984-11-06,,999-90-5566,S99971497,X81360795X,Mrs.,Virpi-Liisa,Launiemi,,Rajakko,M,white,nonhispanic,F,Helsinki  Uusimaa  FI,652 Hilla Katu Apt 96,Järvenpää,Uusimaa,Järvenpää,04430,60.48059491010788,25.096014447492518,4125.0,0.0
9b9e40da-d399-44b8-b5e9-e565df86dda2,1980-01-14,,999-97-9530,S99972974,X44094422X,Mr.,Karzan,Vapamaa,,,S,white,nonhispanic,M,Espoo  Uusimaa  FI,640 Turkkinen Katu Unit 76,Loviisa,Uusimaa,Loviisa,07750,60.44745461357086,26.127799801883985,4375.0,0.0
155f6608-5ad1-498c-8c62-215ef2f1b24b,1979-04-06,,999-71-1268,S99922430,X7270675X,Ms.,Kristiina,Varhe,,,S,white,nonhispanic,F,Porvoo  Uusimaa  FI,797 Helling Katu,Helsinki,Uusimaa,Helsinki,00160,60.18011291231212,24.96092855514653,4375.0,0.0
655f4733-bed2-4cec-9e1a-39dd66819634,2001-07-05,,999-12-9720,S99949815,,Ms.,Arla,Laatikainen,,,,white,nonhispanic,F,Helsinki  Uusimaa  FI,630 Kuhna Katu,Lohja,Uusimaa,Lohja,08150,60.27837142806984,23.682766026012413,3375.0,0.0
c92ae6cb-ac42-42d2-8ddf-2276502f0360,1965-10-29,,999-43-4425,S99966500,X13251167X,Mr.,Aren,Vahertimo,,,M,white,nonhispanic,M,Vihti  Uusimaa  FI,744 Surma-aho Katu Unit 36,Helsinki,Uusimaa,Helsinki,00810,60.178663547685424,25.213249199536193,5500.0,0.0
62544f23-b0b1-4de8-9346-ddd348d56d35,1956-02-05,,999-18-1115,S99938585,X16193535X,Mrs.,Sahara,Jashari,,Lähdemäki,M,white,nonhispanic,F,Helsinki  Uusimaa  FI,891 Davies Katu,Helsinki,Uusimaa,Helsinki,00350,60.1744555434649,24.947807963542008,6625.0,0.0
e1ff9ef4-95dc-4754-9822-a6ff00f0675d,1983-08-25,,999-77-6835,S99942313,X70824884X,Mr.,Reo,Heinilehto,,,M,white,nonhispanic,M,Espoo  Uusimaa  FI,953 Waenerberg Katu,Kerava,Uusimaa,Kerava,04220,60.396051739587854,25.041624974487313,4125.0,0.0
295223ed-caa9-40c3-9d0b-be07568d5d6e,1970-07-06,,999-18-4454,S99937865,X56361712X,Mr.,Jaromir,Huhmarniemi,,,M,white,nonhispanic,M,Espoo  Uusimaa  FI,253 Könnölä Katu,Vantaa,Uusimaa,Vantaa,01420,60.29196754597123,25.156394491317503,4875.0,0.0
3605378d-54bb-47c3-b3f9-88fcfb834efd,1992-03-08,,999-78-1561,S99986649,X86683069X,Mrs.,Tyyni,Rouhe,,Björkholm,M,white,nonhispanic,F,Helsinki  Uusimaa  FI,1097 Sundén Katu Unit 53,Espoo,Uusimaa,Espoo,02170,60.24980614541611,24.716457269976047,3750.0,0.0
aa61cbfa-05b7-47d9-b5fa-95e71928d89b,1988-03-28,,999-22-1076,S99949328,X10162459X,Mrs.,Kaisu,Orasmaa,,Weintraub,M,white,nonhispanic,F,Patras  Achaea  GR,823 Rönni Katu Suite 46,Vantaa,Uusimaa,Vantaa,01420,60.26234236943289,25.07377926575765,4000.0,0.0
f67ed82d-9eda-4143-90a0-c97b9321be40,2016-08-15,,999-35-3794,,,,Josse,Moukola,,,,white,nonhispanic,M,Porvoo  Uusimaa  FI,1027 Kotamies Katu Apt 50,Helsinki,Uusimaa,Helsinki,00780,60.215869415519016,25.162245714064802,1500.0,0.0
879b137d-406b-4ecb-a399-bba9a0bf19bb,1987-11-20,,999-77-4722,S99973909,X19235445X,Mrs.,Olesia,Lindevall,,Kerimaa,M,white,nonhispanic,F,Vantaa  Uusimaa  FI,986 Koivujärvi Katu Unit 14,Raasepori,Uusimaa,Raasepori,10680,60.09434924351289,23.492564382411885,4000.0,0.0
5f29acb0-9ce8-47b3-80d7-8aaec92c6908,2012-03-03,,999-74-3315,,,,Miiku,Rimpioja,,,,white,nonhispanic,M,Vantaa  Uusimaa  FI,144 Lundahl Katu Unit 39,Helsinki,Uusimaa,Helsinki,00210,60.260163253713515,24.894054374453283,2125.0,0.0
b551ab56-4fa5-4d20-b7cd-02cff03555c1,1994-08-18,,999-45-9272,S99984910,X27163691X,Mr.,Kamel,Hiissa,,,,white,nonhispanic,M,Espoo  Uusimaa  FI,887 Lotta Katu,Helsinki,Uusimaa,Helsinki,00380,60.20836599599521,24.965330617905092,3750.0,0.0
10c684e1-d0fe-4187-b9d3-24e6bab522e4,2018-03-03,,999-64-1481,,,,Mariina,Takkinen,,,,white,nonhispanic,F,Järvenpää  Uusimaa  FI,660 Mäensalo Katu Suite 16,Helsinki,Uusimaa,Helsinki,00100,60.18546652723569,24.99337224122283,1125.0,0.0
ec133002-335c-41e2-9419-856e1ba7c732,1971-11-27,,999-77-4886,S99990419,X60984634X,Mrs.,Kaija-Leena,Fortelius,,Niitynperä,M,white,nonhispanic,F,Helsinki  Uusimaa  FI,172 Odell Katu,Mäntsälä,Uusimaa,Mäntsälä,04680,60.68090093936962,25.33150571063131,4875.0,0.0
de9c7563-d7ef-48c4-9a69-2ee140db014d,1993-02-06,,999-46-5978,S99925404,X78468500X,Ms.,Teresa,Hilliaho,,,S,white,nonhispanic,F,Järvenpää  Uusimaa  FI,762 Tuokkola Katu Unit 76,Lohja,Uusimaa,Lohja,08480,60.398381296544095,24.116459488596174,3750.0,0.0
3505e2d5-6338-43d2-a59e-ce0dd1e61cdc,2015-06-24,,999-86-6271,,,,Otso,Jarkko,,,,white,nonhispanic,M,Helsinki  Uusimaa  FI,674 Syring Katu,Vantaa,Uusimaa,Vantaa,01740,60.34417530188749,25.116177080103824,1625.0,0.0
a4466cef-365f-4a9f-99af-7b62bdf2e412,1982-05-06,,999-76-8945,S99911309,X50961633X,Mrs.,Anna-Liina,Edén,,Luusua,M,white,nonhispanic,F,Järvenpää  Uusimaa  FI,324 Collins Katu Unit 3,Vantaa,Uusimaa,Vantaa,01680,60.23302168815583,24.920160598428744,4250.0,0.0
5e0b7227-f85b-4d81-ad83-d8d9017be4c7,1999-10-27,,999-19-1054,S99914561,X65520515X,Mr.,Mikko-Matti,Majorin,,,,white,nonhispanic,M,Helsinki  Uusimaa  FI,156 From Katu,Espoo,Uusimaa,Espoo,02730,60.09299358856135,24.700832136737727,3500.0,0.0
59ff7aaa-2145-44da-b0b0-bc517b435a7f,2003-11-10,,999-53-7443,S99958011,,,Katina,Clemes,,,,white,nonhispanic,F,Vantaa  Uusimaa  FI,940 Mäntyvaara Katu Suite 48,Järvenpää,Uusimaa,Järvenpää,04410,60.516960260996235,25.11499220142109,3125.0,0.0
3b86dbf6-ec7c-4ad9-b21a-32ee6bb80a30,1961-03-18,,999-67-7391,S99948585,X80123193X,Ms.,Sannika,Juslén,,,S,white,nonhispanic,F,Kirkkonummi  Uusimaa  FI,624 Lötjönen Katu,Helsinki,Uusimaa,Helsinki,00580,60.147920952774314,24.958152965926708,6000.0,0.0
feb4f499-0f3e-483d-9e58-1c1230b55677,1994-03-17,,999-91-5261,S99912764,X2710486X,Mr.,Till,Noor,,,,white,nonhispanic,M,Porvoo  Uusimaa  FI,1012 Konster Katu,Porvoo,Uusimaa,Porvoo,07130,60.30930404160653,25.424787068706053,3750.0,0.0
d34da7c8-43f5-4822-ac66-09b9d149e27b,2015-04-13,,999-58-2890,,,,Simopekka,Iikkanen,,,,white,nonhispanic,M,Helsinki  Uusimaa  FI,178 Vattu Katu,Espoo,Uusimaa,Espoo,02740,60.21597989908298,24.64933646096707,1625.0,0.0
2b080a40-e803-47af-91d4-09e9a0504c0c,1980-09-01,,999-56-6637,S99999423,X69101856X,Mr.,Issa,Haapavaara,,,M,white,nonhispanic,M,Helsinki  Uusimaa  FI,768 Saaranluoma Katu,Tuusula,Uusimaa,Tuusula,05430,60.36404609869716,25.073407335897304,4250.0,0.0
96f929f3-fc2f-430d-87bb-588293d071e3,1951-10-10,,999-36-9388,S99955124,X46706172X,Mr.,Ilkanpoika,Jäkärä,,,M,white,nonhispanic,M,Lohja  Uusimaa  FI,624 Pendolin Katu Suite 46,Vantaa,Uusimaa,Vantaa,01770,60.31956095838724,25.049881075665674,7250.0,0.0
17f84c09-db6c-4f93-8ebe-3fc3cac3e8f8,1959-09-05,,999-87-4618,S99980883,X77158102X,Mrs.,Anett,Kitti,,Piri,M,white,nonhispanic,F,Vantaa  Uusimaa  FI,857 Yli-Kivistö Katu Suite 13,Vantaa,Uusimaa,Vantaa,01730,60.337037788589484,25.11832596017497,6250.0,0.0
ddc2399a-20d9-478f-b1d8-27eafa7d505c,1980-05-23,,999-88-8177,S99949890,X52835037X,Mr.,Samsa,Hell,,,M,white,nonhispanic,M,Tuusula  Uusimaa  FI,999 Viljanen Katu Suite 86,Porvoo,Uusimaa,Porvoo,07360,60.335751230443805,25.868805060794244,4250.0,0.0
6802ca41-3eac-45d2-9ae3-055e38239d48,1951-08-01,,999-90-8655,S99939752,X20883291X,Ms.,Eeva-Marja,Hansén,,,S,white,nonhispanic,F,Kauniainen  Uusimaa  FI,380 Fellman Katu,Helsinki,Uusimaa,Helsinki,00250,60.13422222618547,25.01356422462569,7250.0,0.0
09c5bb44-ac86-4a92-b384-037624b3a7a4,1987-04-15,,999-87-1420,S99964289,X58267731X,Mr.,Willjam,Patrikka,,,S,white,nonhispanic,M,Järvenpää  Uusimaa  FI,1057 Hertsi Katu,Helsinki,Uusimaa,Helsinki,00890,60.17819002836219,24.978921193284616,4000.0,0.0
61e5498a-3f65-4d5b-8462-b18d8277576c,1947-04-05,,999-44-6090,S99989041,X40938633X,Mrs.,Dalia,Iljina,,Janttonen,M,white,nonhispanic,F,Lapinjärvi  Uusimaa  FI,1005 Kangasniemi Katu,Vantaa,Uusimaa,Vantaa,01520,60.24254447226853,24.923413950791463,7750.0,0.0
3c26cb20-a4e7-4cbf-a03a-3aca6b6649a0,1958-08-12,,999-26-5585,S99987087,X8129741X,Mr.,Toni-Kristian,Matihaldi,,,S,white,nonhispanic,M,Lohja  Uusimaa  FI,633 Oura Katu Suite 7,Helsinki,Uusimaa,Helsinki,00300,60.16534380379018,24.91531856902537,6375.0,0.0
71b1ef24-63cb-432a-83ff-99acd833aeda,2012-08-12,,999-26-1350,,,,Nils-Göran,Ervamaa,,,,white,nonhispanic,M,Nurmijärvi  Uusimaa  FI,289 Joutsa Katu Apt 95,Vantaa,Uusimaa,Vantaa,01360,60.227756592980505,24.85940156970775,2000.0,0.0
491245a0-6489-4df5-8ecf-482d108320bb,1988-12-23,,999-65-5998,S99910346,X28085900X,Mrs.,Nicole,Huggare,,Karumaa,M,white,nonhispanic,F,Kerava  Uusimaa  FI,1072 Latifi Katu Suite 67,Helsinki,Uusimaa,Helsinki,00140,60.176338700873146,25.026576134421056,4000.0,0.0
5ee59a72-1e61-4b00-a80a-85a8c52dcdfb,1948-01-16,,999-46-2771,S99948396,X46370807X,Mr.,Jesse-Juhani,Harrivaara,,,S,white,nonhispanic,M,Espoo  Uusimaa  FI,972 Söderbacka Katu,Helsinki,Uusimaa,Helsinki,00840,60.235667475449354,24.975678722497946,7625.0,0.0
2fbde509-297d-44cc-9df8-a60dc90eee85,1949-01-14,,999-34-4712,S99962455,X53843767X,Mr.,Sidney,Ehn,,,M,white,nonhispanic,M,Vihti  Uusimaa  FI,143 Raikas Katu,Kirkkonummi,Uusimaa,Kirkkonummi,02520,60.05005471612943,24.447384954218762,7500.0,0.0
81962d7b-bc7a-486d-8f2c-9b1f5b2eb83e,1969-08-08,,999-98-6648,S99969064,X50795933X,Mrs.,Lien,Haahkola,,Ylimaa,M,white,nonhispanic,F,Kirkkonummi  Uusimaa  FI,343 Österbacka Katu Apt 77,Vantaa,Uusimaa,Vantaa,01660,60.33104880598013,24.922896124456553,5375.0,0.0
4029611d-df55-4e3c-8d3a-88dc82186880,1982-08-03,,999-58-3301,S99966598,X37998489X,Mr.,Zekij,Adamsson,,,M,white,nonhispanic,M,Espoo  Uusimaa  FI,873 Salvén Katu,Helsinki,Uusimaa,Helsinki,00200,60.249230701746235,25.22038207959316,4250.0,0.0
5972291c-66b7-448f-bf6a-2425b2ada5e4,1945-12-24,,999-44-5108,S99924619,X20646078X,Mrs.,Vendela,Pekki,,Taavitsainen,M,white,nonhispanic,F,Helsinki  Uusimaa  FI,1008 Nordkvist Katu,Loviisa,Uusimaa,Loviisa,07955,60.541319443891155,26.159550716268424,7875.0,0.0
7107885a-358f-4665-ba27-9a25aca6a5b2,2007-05-11,,999-82-2566,,,,Faik,Gordon,,,,white,nonhispanic,M,Novosibirsk  Novosibirsk Oblast  RU,198 Knichter Katu Unit 91,Vantaa,Uusimaa,Vantaa,01380,60.40318693565852,25.06666798560444,2625.0,0.0
2444df42-c419-4534-a42b-9d5b09bd162f,1970-12-05,,999-24-8727,S99914444,X5125845X,Mr.,Nuuti,Tajakka,,,M,white,nonhispanic,M,Espoo  Uusimaa  FI,159 Kronvall Katu Unit 82,Vantaa,Uusimaa,Vantaa,01600,60.28747988889656,24.78038466455679,4875.0,0.0
641254b2-a337-4866-96d9-a202472c5ca0,1971-10-23,,999-30-6321,S99919719,X40761106X,Mr.,Aivar,Vanha-Similä,,,M,white,nonhispanic,M,Lohja  Uusimaa  FI,225 Kaaranen Katu Unit 66,Helsinki,Uusimaa,Helsinki,00880,60.231555833389606,24.8875131557361,4875.0,0.0
ae9849d5-001f-4d87-830e-f39d6da8e37c,1939-10-08,,999-59-8257,S99984665,X8453590X,Mr.,Johan,Oikarainen,,,M,white,nonhispanic,M,Espoo  Uusimaa  FI,169 Maalahti Katu Suite 64,Espoo,Uusimaa,Espoo,02360,60.17047557503004,24.76525451391315,8625.0,0.0
a88597f1-2d07-41ab-9248-d3613dc49830,2018-08-14,,999-11-7592,,,,Sigbritt,Harper,,,,white,nonhispanic,F,Vantaa  Uusimaa  FI,451 Sammatti Katu,Helsinki,Uusimaa,Helsinki,00140,60.219713507950544,24.99507213005979,1000.0,0.0
e6cd6502-1f36-456c-b117-0447c5f7d961,2006-10-03,,999-76-5272,,,,Ea,Riihinen,,,,white,nonhispanic,F,Espoo  Uusimaa  FI,1078 Alkio Katu,Kirkkonummi,Uusimaa,Kirkkonummi,02480,60.14047620099777,24.40657559275296,2750.0,0.0
69c80609-feec-4c66-8c61-799b3f1f0100,1951-03-15,,999-54-5890,S99999454,X27131936X,Mr.,Jouni-Pekka,Merivuori,,,M,white,nonhispanic,M,Nurmijärvi  Uusimaa  FI,834 Maantila Katu,Karkkila,Uusimaa,Karkkila,03620,60.578454247040376,24.1925049267392,7250.0,0.0
225781a7-ecee-4027-9a8e-a14efe301a86,1966-05-30,,999-61-6066,S99991299,X88466220X,Mrs.,Sadia,Läksy,,Itäaho,M,white,nonhispanic,F,Helsinki  Uusimaa  FI,163 Eräranta Katu Apt 40,Espoo,Uusimaa,Espoo,02110,60.34763875379319,24.55946952691976,5375.0,0.0
64c0a3fe-bdbd-45ab-ae53-6383193ed2a5,1979-02-12,,999-28-7700,S99972093,X9537419X,Mrs.,Elli-Maija,Liukkonen,,Arala,M,white,nonhispanic,F,Vantaa  Uusimaa  FI,222 Mökkälä Katu,Helsinki,Uusimaa,Helsinki,00510,60.26541854913018,24.99429778137948,4375.0,0.0
98534e74-2af6-4880-a0a8-adb1459be68d,2011-05-30,,999-81-5180,,,,Sirkka,Eikkula,,,,white,nonhispanic,F,Sipoo  Uusimaa  FI,511 Siitari Katu Suite 55,Vantaa,Uusimaa,Vantaa,01640,60.283853000973366,24.809625725015223,2125.0,0.0
d00a69e9-0ba7-403b-a058-b4661287e120,1995-07-29,,999-50-5671,S99931625,X14976574X,Mr.,Jens-Erik,Björn,,,,white,nonhispanic,M,Kauniainen  Uusimaa  FI,841 Halmeenmäki Katu Unit 87,Helsinki,Uusimaa,Helsinki,00240,60.15161489244289,24.94544114844914,3625.0,0.0
34b5c609-5c58-4a83-b38b-45af565fea7c,1996-11-11,,999-91-1513,S99931353,X41343366X,Ms.,Sulamith,Barrow,,,,white,nonhispanic,F,Helsinki  Uusimaa  FI,375 Pöntinen Katu,Sipoo,Uusimaa,Sipoo,01120,60.39909744230874,25.23063212683216,3625.0,0.0
9716396c-a7e7-4491-a62d-c321556bd827,1978-06-01,,999-37-3801,S99967379,X13633952X,Mr.,Raunonpoika,Huikku,,,M,white,nonhispanic,M,Helsinki  Uusimaa  FI,105 Huhdanperä Katu Unit 61,Helsinki,Uusimaa,Helsinki,00780,60.24620961600618,24.978390112599534,4375.0,0.0
3a10daee-5081-4418-a128-afcc8e3a9b6e,2001-07-02,,999-32-7602,S99969744,,Ms.,Neena,Pajunoja,,,,white,nonhispanic,F,Helsinki  Uusimaa  FI,360 Sow Katu Apt 62,Hyvinkää,Uusimaa,Hyvinkää,05470,60.625658675029996,24.669457912273238,3375.0,0.0
d75207fc-d605-4217-a642-31003a0f07a8,1986-03-20,,999-67-3915,S99940874,X19360093X,Ms.,Keth,Kurkkio,,,S,white,nonhispanic,F,Helsinki  Uusimaa  FI,230 Böhme Katu,Vantaa,Uusimaa,Vantaa,01670,60.24608751233561,24.7985838621432,4000.0,0.0
2b2cd5b5-d3fd-459f-9a62-7dc2c5ae87cd,1949-11-11,,999-32-3920,S99942276,X16243466X,Mrs.,Estrid,Aimo,,Kontro,M,white,nonhispanic,F,Kerava  Uusimaa  FI,667 Roukka Katu,Helsinki,Uusimaa,Helsinki,00410,60.17446607207921,25.00574467393222,7500.0,0.0
d49a553e-2075-4d7c-b24b-c90721f735e1,1953-01-12,1983-03-07,999-70-4580,S99964839,X43087555X,Mr.,Teri,Seitaniemi,,,M,white,nonhispanic,M,Berlin  Berlin  DE,668 Kollani Katu,Helsinki,Uusimaa,Helsinki,00280,60.27032509228149,24.883565043841042,4527.4,0.0
5d9aef6b-b1fd-41fe-946c-a0ce55475643,1980-10-22,,999-99-5982,S99929390,X18789370X,Mr.,Jussi-Mikko,Hovinen,,,M,white,nonhispanic,M,Helsinki  Uusimaa  FI,302 Ylimäinen Katu Apt 67,Helsinki,Uusimaa,Helsinki,00340,60.21144151692319,24.96480794466838,4250.0,0.0
eefbff60-731e-47d9-b6c5-b998220e52a7,2019-12-17,,999-65-7862,,,,Ilhan,Päärnilä,,,,white,nonhispanic,F,Espoo  Uusimaa  FI,243 Majorin Katu,Vantaa,Uusimaa,Vantaa,01380,60.29471375225832,24.849099520397445,250.0,0.0
1e7b54c0-a436-4d05-9880-8a40432f06e9,1965-01-29,,999-92-6302,S99926248,X60449278X,Mr.,Dieter,Collan,,,S,white,nonhispanic,M,Espoo  Uusimaa  FI,434 Muroma Katu,Porvoo,Uusimaa,Porvoo,06400,60.24629108787989,25.42649919377076,5625.0,0.0
bc0a8cad-13f4-458a-8eb1-9b12c10f72b9,2000-01-13,,999-60-5507,S99920326,X41094858X,Ms.,Peppi-Lotta,Kuttila,,,,white,nonhispanic,F,Helsinki  Uusimaa  FI,451 Roslander Katu Unit 23,Vantaa,Uusimaa,Vantaa,01350,60.2635201651915,24.740617032291947,3500.0,0.0
62a2cfed-d107-4011-a7e8-6f94136621d6,1971-08-14,,999-50-1916,S99975501,X80182257X,Ms.,Jonna-Mari,Buckman,,,S,white,nonhispanic,F,Helsinki  Uusimaa  FI,562 Stråka Katu Apt 30,Espoo,Uusimaa,Espoo,02140,60.0828218880004,24.691643695794532,4875.0,0.0
d7788732-6750-45fb-adf4-250bd3b90b6d,1962-08-29,,999-17-5041,S99950253,X33109345X,Mrs.,Tiia-Riikka,Tsokkinen,,Knutas,M,white,nonhispanic,F,Espoo  Uusimaa  FI,404 Korja Katu Unit 50,Kirkkonummi,Uusimaa,Kirkkonummi,02880,60.059196839357554,24.580248570420803,5875.0,0.0
35bc89b2-067f-44d5-9718-1d7ca4963716,1963-09-30,,999-68-3291,S99913408,X56106539X,Mrs.,Petersdotter,Rotkus,,Karhinen,M,white,nonhispanic,F,Espoo  Uusimaa  FI,294 Myllykoski Katu Unit 39,Vantaa,Uusimaa,Vantaa,01360,60.333819441179166,24.899416058044974,5750.0,0.0
32472273-c19c-445c-b13a-306179a2d886,1978-11-24,,999-59-5218,S99970009,X23245028X,Mrs.,Rosa-Linda,Vacklin,,Kempe,M,white,nonhispanic,F,Helsinki  Uusimaa  FI,799 Kassem Katu,Helsinki,Uusimaa,Helsinki,00650,60.242841121744526,24.843311069191607,4375.0,0.0
66e9934b-b0a5-4231-aa35-a9d2389bb294,1996-06-21,,999-44-5043,S99994441,X36505710X,Ms.,Eveliina,Lusikka,,,,white,nonhispanic,F,Espoo  Uusimaa  FI,316 Vähämöttönen Katu,Vantaa,Uusimaa,Vantaa,01750,60.27102886663478,24.748228934948628,10240.04,0.0
bd0ac6b0-0bea-46b6-b78f-37a14b6389c3,2003-10-02,,999-96-7334,S99947380,,,Ele,Löytäinen,,,,white,nonhispanic,M,Espoo  Uusimaa  FI,778 Korkea-aho Katu Suite 75,Helsinki,Uusimaa,Helsinki,00800,60.18959720711022,24.882824395817114,3125.0,0.0
632ab23e-1d5b-4f94-a6a8-5ee3d9f9f4da,1981-11-30,,999-59-4110,S99955383,X27350837X,Mr.,Saminpoika,Tukkimäki,,,M,white,nonhispanic,M,Kirkkonummi  Uusimaa  FI,562 Karas Katu Suite 92,Helsinki,Uusimaa,Helsinki,00770,60.20224394809342,24.988919182741213,4250.0,0.0
243dc642-21b3-4595-a636-722e3104bedf,1979-08-11,,999-28-4110,S99933931,X21578358X,Mr.,Verneri,Breider,,,M,white,nonhispanic,M,Vantaa  Uusimaa  FI,366 Etelätalo Katu,Vantaa,Uusimaa,Vantaa,01730,60.28232563593584,24.76119086376047,4375.0,0.0
157fe561-600d-4451-9589-b623b5bda5fc,1986-02-14,,999-60-4591,S99970252,X694140X,Mrs.,Sisilia,Mertsalmi,,Antson,M,white,nonhispanic,F,Helsinki  Uusimaa  FI,738 Vierros Katu,Helsinki,Uusimaa,Helsinki,00250,60.187737117515944,24.9024812972088,4000.0,0.0
67987d84-598c-44a4-80b6-25f7044dc664,1953-01-12,,999-51-4024,S99952041,X21610079X,Mr.,Elwin,Rähmönen,,,M,white,nonhispanic,M,Cologne  North Rhine-Westphalia  DE,467 Neitola Katu Unit 12,Helsinki,Uusimaa,Helsinki,00310,60.239645682371226,24.930484552271814,7000.0,0.0
6cff2627-d16c-4cbc-8ebf-d5cfeca922e7,1942-04-03,,999-63-5094,S99931679,X23256727X,Mr.,Noël,Silfsten,,,M,white,nonhispanic,M,Espoo  Uusimaa  FI,1087 Kukkoaho Katu Unit 23,Tuusula,Uusimaa,Tuusula,04390,60.57832312805836,24.96528288112398,8375.0,0.0
221c14af-93c2-43be-8bbd-cc72378693ae,1965-10-18,,999-93-7353,S99984936,X37533463X,Mrs.,Michal,Kull,,Mikkolanaho,M,white,nonhispanic,F,Helsinki  Uusimaa  FI,1011 Siljanto Katu,Myrskylä,Uusimaa,Myrskylä,07690,60.612007582368264,25.85105734936414,5500.0,0.0
f3e51f39-7599-4a0d-8cd4-a7dee1cadd6f,1981-01-23,,999-33-6302,S99922925,X38702189X,Mrs.,Onnia,Syring,,Leppälä,M,white,nonhispanic,F,Porvoo  Uusimaa  FI,1031 Hakoneva Katu Suite 48,Helsinki,Uusimaa,Helsinki,00150,60.161169825424736,24.833824318135207,4250.0,0.0
4b6580ec-8e0d-44d1-86b5-ad5ef34f45e1,1979-02-21,,999-30-7936,S99944016,X60627128X,Mrs.,Aniitta,Reittonen,,Angervo,M,white,nonhispanic,F,Espoo  Uusimaa  FI,787 Nässling Katu Apt 73,Helsinki,Uusimaa,Helsinki,00210,60.21314574365515,24.994540603174016,4375.0,0.0
5e45c4d2-4300-4e9d-b76e-aaef5b56d20e,1954-12-08,,999-80-5234,S99929874,X61273635X,Mr.,Leif,Välikorpi,,,S,white,nonhispanic,M,Vantaa  Uusimaa  FI,462 Syrjäpalo Katu,Helsinki,Uusimaa,Helsinki,00590,60.21106387085726,25.100634740247738,6875.0,0.0
3480f5d4-2b6d-416d-91b6-4cf5b4a32884,1975-02-15,,999-78-2899,S99936110,X16310919X,Mrs.,Suvi-Tuuli,Ala-Mattinen,,Korkka,M,white,nonhispanic,F,Helsinki  Uusimaa  FI,274 Miekkala Katu Suite 1,Helsinki,Uusimaa,Helsinki,00520,60.23750112177526,24.846005600532386,4625.0,0.0
c934fe6d-f010-4a30-b35f-e443094567f6,1983-01-20,,999-26-9747,S99928750,X48581591X,Mr.,Esa,Alinen,,,M,white,nonhispanic,M,Vantaa  Uusimaa  FI,386 Putkisto Katu,Espoo,Uusimaa,Espoo,02810,60.17160433453228,24.740118150360182,4125.0,0.0
f73f36a4-ba1c-49af-8356-e2013158a553,1970-07-24,,999-28-7591,S99922905,X66425232X,Mr.,Jussi-Tapio,Väkeväinen,,,M,white,nonhispanic,M,Helsinki  Uusimaa  FI,1078 Köykkäri Katu,Espoo,Uusimaa,Espoo,02240,60.280376894698705,24.686135103271784,4875.0,0.0
6c4b3be4-90f9-4a97-af7d-c44d0ed55e1e,1955-06-11,,999-88-6383,S99944965,X59314971X,Mrs.,Heloisa,Hurmola,,Latvio,M,white,nonhispanic,F,Lapinjärvi  Uusimaa  FI,249 Huju Katu,Helsinki,Uusimaa,Helsinki,00550,60.11936824421113,24.902855920102805,6750.0,0.0
a8681e7d-2203-4212-b3f6-8b5e2e28b942,1946-09-02,,999-28-2816,S99977970,X28591684X,Ms.,Elli-Sofia,Primietta,,,S,white,nonhispanic,F,Hanko  Uusimaa  FI,300 Sylvander Katu,Helsinki,Uusimaa,Helsinki,00190,60.177715280960896,24.937314672924565,7875.0,0.0
be0f5fe9-3bf3-41bc-81bf-b2821d3f792d,2019-04-20,,999-45-4526,,,,Kamil,Kulonen,,,,white,nonhispanic,M,Helsinki  Uusimaa  FI,342 Skrifvars Katu,Espoo,Uusimaa,Espoo,02100,60.18037111073144,24.78019069564552,625.0,0.0
d6c0dfff-b1e0-4a86-bd7e-064d6fea7245,1954-07-30,,999-63-9540,S99931421,X2728224X,Mrs.,Eirin,Maansalo,,Reenpää,M,white,nonhispanic,F,Lohja  Uusimaa  FI,934 Lindros Katu,Helsinki,Uusimaa,Helsinki,00330,60.16791968398117,24.983833682555886,6875.0,0.0
95edfa70-d589-41a2-82fe-87c8dbb73cb9,1979-12-20,,999-85-3395,S99989163,X85197967X,Ms.,Elicia,Aarnisalo,,,S,white,nonhispanic,F,Helsinki  Uusimaa  FI,569 Viertola Katu Suite 86,Helsinki,Uusimaa,Helsinki,00380,60.173851530190326,24.964204110508177,4375.0,0.0
a5fcfa20-03e6-4759-8d90-1f9d9dc7bf79,1982-09-16,,999-61-3924,S99924391,X5586001X,Mrs.,Kevät,Harteva,,Bärlund,M,white,nonhispanic,F,Espoo  Uusimaa  FI,257 Engren Katu,Espoo,Uusimaa,Espoo,02680,60.13551646556738,24.723913222640974,4250.0,0.0
b21fbf75-ec90-4b5f-9b5b-d392b299b3f2,1938-08-26,,999-37-2388,S99948760,X10170977X,Mrs.,Adora,Heilimö,,Romanova,M,white,nonhispanic,F,Lohja  Uusimaa  FI,725 Dromberg Katu,Nurmijärvi,Uusimaa,Nurmijärvi,05250,60.499636801625094,24.91828483999835,8875.0,0.0
05c79f84-ca20-4488-8479-cefa307b1b09,1991-07-24,,999-71-5629,S99922703,X81882459X,Mr.,Abiel,Hattuniemi,,,M,white,nonhispanic,M,Tuusula  Uusimaa  FI,198 Kulkki Katu,Helsinki,Uusimaa,Helsinki,00390,60.208115035237796,24.97923408790521,3875.0,0.0
2a40e8cf-1bfc-4536-a4cc-b5d888a8db0b,1986-08-23,,999-27-6699,S99933423,X57692473X,Mrs.,Ragna,Haapahuhta,,Poikala,M,white,nonhispanic,F,Helsinki  Uusimaa  FI,715 Långskog Katu Unit 26,Lohja,Uusimaa,Lohja,09930,60.299808414066256,23.822004723417784,4000.0,0.0
a38d2a5c-401c-42cd-9b00-6245d55e2c6d,1987-03-18,,999-93-5773,S99933917,X61594222X,Mrs.,Anni-Eveliina,Carter,,Korttinen,M,white,nonhispanic,F,Espoo  Uusimaa  FI,867 Brisk Katu Apt 42,Vantaa,Uusimaa,Vantaa,01610,60.29194790588174,25.024418327051055,4000.0,0.0
5cd99ee8-b277-4ac0-8279-b548facfb887,1973-10-26,,999-62-8341,S99979546,X578890X,Mrs.,Anna-Kaarina,Euren,,Huisman,M,white,nonhispanic,F,Helsinki  Uusimaa  FI,158 Huolman Katu,Vantaa,Uusimaa,Vantaa,01770,60.27145676699674,24.868357404278264,4998.6,0.0
60820eea-463f-4282-bca6-41e98d493c82,1935-10-22,,999-17-5059,S99921770,X81072181X,Mr.,Ville-Martti,Tuokkola,,,M,white,nonhispanic,M,Järvenpää  Uusimaa  FI,251 Ala-Jokimäki Katu Suite 4,Vihti,Uusimaa,Vihti,03300,60.37049885944743,24.269793398384916,9491.39,0.0
911f46cb-0c57-4f36-9db8-d40bbb0b3e19,1977-08-06,,999-12-6110,S99916169,X89422215X,Mr.,Christiansson,Auvinen,,,M,white,nonhispanic,M,Espoo  Uusimaa  FI,990 Uusi-Simola Katu Unit 7,Helsinki,Uusimaa,Helsinki,00860,60.172816330069864,24.85542335272753,4500.0,0.0
463ec299-5455-483a-a9de-5de287469247,1971-01-25,,999-94-5535,S99914848,X43277010X,Mrs.,Franseska,Falkenberg,,Tamio,M,white,nonhispanic,F,Helsinki  Uusimaa  FI,402 Söderling Katu Apt 30,Espoo,Uusimaa,Espoo,02720,60.2444209060745,24.789046719545905,4875.0,0.0
e3f16713-e112-4faa-a473-e7b56756dcd5,2003-05-02,,999-45-3421,S99970293,,,Katrine,Lindquist,,,,white,nonhispanic,F,Helsinki  Uusimaa  FI,766 Ginström Katu Suite 72,Espoo,Uusimaa,Espoo,02320,60.179297008743,24.726724112262183,3125.0,0.0
6d919718-a3bb-4fc7-9afd-665120e4e0bd,1990-10-26,,999-36-1694,S99978057,X56829340X,Mr.,Abdulaahi,Kaidesoja,,,S,white,nonhispanic,M,Espoo  Uusimaa  FI,569 Larsen Katu,Vantaa,Uusimaa,Vantaa,01730,60.30901945834608,24.97825516180756,3875.0,0.0
c04f8ca7-ba51-464a-a923-56deb5810dab,1968-01-02,,999-44-1624,S99964058,X31308438X,Mr.,Joackim,Arosilta,,,M,white,nonhispanic,M,Helsinki  Uusimaa  FI,867 Mannukka Katu Unit 39,Espoo,Uusimaa,Espoo,02740,60.13180852344598,24.719183052298042,5250.0,0.0
4cb6bdae-b70e-4648-a469-33ff2f01151c,1965-11-03,,999-47-4695,S99980794,X46159255X,Mrs.,Angie,Haapakka,,Heilanen,M,white,nonhispanic,F,Nizhny Novgorod  Nizhny Novgorod Oblast  RU,759 Vähäkari Katu Apt 43,Espoo,Uusimaa,Espoo,02860,60.230216622876235,24.78890562096635,5500.0,0.0
4e5e0a34-3e52-4779-91d0-860a58a131f7,1954-10-28,,999-69-9834,S99924139,X30680841X,Mr.,Apollo,al-Amarah,,,M,white,nonhispanic,M,Vantaa  Uusimaa  FI,209 Ylilauri Katu Unit 49,Vantaa,Uusimaa,Vantaa,01600,60.28884150917293,24.92692656449256,6875.0,0.0
