PATIENT,START_YEAR,END_YEAR,PAYER,OWNERSHIP
7a825f6e-5465-4b03-97b2-d7f23ec6c7f9,1997,2015,e15e7b92-f376-374f-9285-2f59a38ad823,Guardian
84885083-d8b1-485d-834e-424e034ea0c7,1993,2011,e15e7b92-f376-374f-9285-2f59a38ad823,Guardian
2ee05cd8-ab06-40a3-86b4-8c0d745b642d,1984,2002,e15e7b92-f376-374f-9285-2f59a38ad823,Guardian
9b9e40da-d399-44b8-b5e9-e565df86dda2,1980,1998,e15e7b92-f376-374f-9285-2f59a38ad823,Guardian
155f6608-5ad1-498c-8c62-215ef2f1b24b,1979,1997,e15e7b92-f376-374f-9285-2f59a38ad823,Guardian
655f4733-bed2-4cec-9e1a-39dd66819634,2001,2019,e15e7b92-f376-374f-9285-2f59a38ad823,Guardian
c92ae6cb-ac42-42d2-8ddf-2276502f0360,1965,1983,e15e7b92-f376-374f-9285-2f59a38ad823,Guardian
62544f23-b0b1-4de8-9346-ddd348d56d35,1956,1974,e15e7b92-f376-374f-9285-2f59a38ad823,Guardian
e1ff9ef4-95dc-4754-9822-a6ff00f0675d,1983,2001,e15e7b92-f376-374f-9285-2f59a38ad823,Guardian
295223ed-caa9-40c3-9d0b-be07568d5d6e,1970,1988,e15e7b92-f376-374f-9285-2f59a38ad823,Guardian
3605378d-54bb-47c3-b3f9-88fcfb834efd,1992,2010,e15e7b92-f376-374f-9285-2f59a38ad823,Guardian
aa61cbfa-05b7-47d9-b5fa-95e71928d89b,1988,2006,e15e7b92-f376-374f-9285-2f59a38ad823,Guardian
879b137d-406b-4ecb-a399-bba9a0bf19bb,1987,2005,e15e7b92-f376-374f-9285-2f59a38ad823,Guardian
b551ab56-4fa5-4d20-b7cd-02cff03555c1,1994,2012,e15e7b92-f376-374f-9285-2f59a38ad823,Guardian
ec133002-335c-41e2-9419-856e1ba7c732,1971,1989,e15e7b92-f376-374f-9285-2f59a38ad823,Guardian
de9c7563-d7ef-48c4-9a69-2ee140db014d,1993,2011,e15e7b92-f376-374f-9285-2f59a38ad823,Guardian
a4466cef-365f-4a9f-99af-7b62bdf2e412,1982,2000,e15e7b92-f376-374f-9285-2f59a38ad823,Guardian
5e0b7227-f85b-4d81-ad83-d8d9017be4c7,1999,2017,e15e7b92-f376-374f-9285-2f59a38ad823,Guardian
3b86dbf6-ec7c-4ad9-b21a-32ee6bb80a30,1961,1979,e15e7b92-f376-374f-9285-2f59a38ad823,Guardian
feb4f499-0f3e-483d-9e58-1c1230b55677,1994,2012,e15e7b92-f376-374f-9285-2f59a38ad823,Guardian
2b080a40-e803-47af-91d4-09e9a0504c0c,1980,1998,e15e7b92-f376-374f-9285-2f59a38ad823,Guardian
96f929f3-fc2f-430d-87bb-588293d071e3,1951,1969,e15e7b92-f376-374f-9285-2f59a38ad823,Guardian
17f84c09-db6c-4f93-8ebe-3fc3cac3e8f8,1959,1977,e15e7b92-f376-374f-9285-2f59a38ad823,Guardian
ddc2399a-20d9-478f-b1d8-27eafa7d505c,1980,1998,e15e7b92-f376-374f-9285-2f59a38ad823,Guardian
6802ca41-3eac-45d2-9ae3-055e38239d48,1951,1969,e15e7b92-f376-374f-9285-2f59a38ad823,Guardian
09c5bb44-ac86-4a92-b384-037624b3a7a4,1987,2005,e15e7b92-f376-374f-9285-2f59a38ad823,Guardian
61e5498a-3f65-4d5b-8462-b18d8277576c,1947,1947,b1c428d6-4f07-31e0-90f0-68ffa6ff8c76,
61e5498a-3f65-4d5b-8462-b18d8277576c,1948,1948,e15e7b92-f376-374f-9285-2f59a38ad823,
61e5498a-3f65-4d5b-8462-b18d8277576c,1949,1965,e15e7b92-f376-374f-9285-2f59a38ad823,Guardian
3c26cb20-a4e7-4cbf-a03a-3aca6b6649a0,1958,1976,e15e7b92-f376-374f-9285-2f59a38ad823,Guardian
491245a0-6489-4df5-8ecf-482d108320bb,1988,2006,e15e7b92-f376-374f-9285-2f59a38ad823,Guardian
5ee59a72-1e61-4b00-a80a-85a8c52dcdfb,1948,1966,e15e7b92-f376-374f-9285-2f59a38ad823,Guardian
2fbde509-297d-44cc-9df8-a60dc90eee85,1949,1967,e15e7b92-f376-374f-9285-2f59a38ad823,Guardian
81962d7b-bc7a-486d-8f2c-9b1f5b2eb83e,1969,1987,e15e7b92-f376-374f-9285-2f59a38ad823,Guardian
4029611d-df55-4e3c-8d3a-88dc82186880,1982,2000,e15e7b92-f376-374f-9285-2f59a38ad823,Guardian
5972291c-66b7-448f-bf6a-2425b2ada5e4,1945,1963,e15e7b92-f376-374f-9285-2f59a38ad823,Guardian
2444df42-c419-4534-a42b-9d5b09bd162f,1970,1988,e15e7b92-f376-374f-9285-2f59a38ad823,Guardian
641254b2-a337-4866-96d9-a202472c5ca0,1971,1989,e15e7b92-f376-374f-9285-2f59a38ad823,Guardian
ae9849d5-001f-4d87-830e-f39d6da8e37c,1939,1957,e15e7b92-f376-374f-9285-2f59a38ad823,Guardian
69c80609-feec-4c66-8c61-799b3f1f0100,1951,1969,e15e7b92-f376-374f-9285-2f59a38ad823,Guardian
225781a7-ecee-4027-9a8e-a14efe301a86,1966,1984,e15e7b92-f376-374f-9285-2f59a38ad823,Guardian
64c0a3fe-bdbd-45ab-ae53-6383193ed2a5,1979,1997,e15e7b92-f376-374f-9285-2f59a38ad823,Guardian
d00a69e9-0ba7-403b-a058-b4661287e120,1995,2013,e15e7b92-f376-374f-9285-2f59a38ad823,Guardian
34b5c609-5c58-4a83-b38b-45af565fea7c,1996,2014,e15e7b92-f376-374f-9285-2f59a38ad823,Guardian
9716396c-a7e7-4491-a62d-c321556bd827,1978,1996,e15e7b92-f376-374f-9285-2f59a38ad823,Guardian
3a10daee-5081-4418-a128-afcc8e3a9b6e,2001,2019,e15e7b92-f376-374f-9285-2f59a38ad823,Guardian
d75207fc-d605-4217-a642-31003a0f07a8,1986,2004,e15e7b92-f376-374f-9285-2f59a38ad823,Guardian
2b2cd5b5-d3fd-459f-9a62-7dc2c5ae87cd,1949,1967,e15e7b92-f376-374f-9285-2f59a38ad823,Guardian
d49a553e-2075-4d7c-b24b-c90721f735e1,1953,1971,e15e7b92-f376-374f-9285-2f59a38ad823,Guardian
d49a553e-2075-4d7c-b24b-c90721f735e1,1972,1983,e15e7b92-f376-374f-9285-2f59a38ad823,Self
5d9aef6b-b1fd-41fe-946c-a0ce55475643,1980,1998,e15e7b92-f376-374f-9285-2f59a38ad823,Guardian
1e7b54c0-a436-4d05-9880-8a40432f06e9,1965,1983,e15e7b92-f376-374f-9285-2f59a38ad823,Guardian
bc0a8cad-13f4-458a-8eb1-9b12c10f72b9,2000,2018,e15e7b92-f376-374f-9285-2f59a38ad823,Guardian
62a2cfed-d107-4011-a7e8-6f94136621d6,1971,1989,e15e7b92-f376-374f-9285-2f59a38ad823,Guardian
d7788732-6750-45fb-adf4-250bd3b90b6d,1962,1980,e15e7b92-f376-374f-9285-2f59a38ad823,Guardian
35bc89b2-067f-44d5-9718-1d7ca4963716,1963,1981,e15e7b92-f376-374f-9285-2f59a38ad823,Guardian
32472273-c19c-445c-b13a-306179a2d886,1978,1996,e15e7b92-f376-374f-9285-2f59a38ad823,Guardian
66e9934b-b0a5-4231-aa35-a9d2389bb294,1996,2014,e15e7b92-f376-374f-9285-2f59a38ad823,Guardian
632ab23e-1d5b-4f94-a6a8-5ee3d9f9f4da,1981,1999,e15e7b92-f376-374f-9285-2f59a38ad823,Guardian
243dc642-21b3-4595-a636-722e3104bedf,1979,1997,e15e7b92-f376-374f-9285-2f59a38ad823,Guardian
157fe561-600d-4451-9589-b623b5bda5fc,1986,2004,e15e7b92-f376-374f-9285-2f59a38ad823,Guardian
67987d84-598c-44a4-80b6-25f7044dc664,1953,1971,e15e7b92-f376-374f-9285-2f59a38ad823,Guardian
6cff2627-d16c-4cbc-8ebf-d5cfeca922e7,1942,1960,e15e7b92-f376-374f-9285-2f59a38ad823,Guardian
221c14af-93c2-43be-8bbd-cc72378693ae,1965,1983,e15e7b92-f376-374f-9285-2f59a38ad823,Guardian
f3e51f39-7599-4a0d-8cd4-a7dee1cadd6f,1981,1999,e15e7b92-f376-374f-9285-2f59a38ad823,Guardian
4b6580ec-8e0d-44d1-86b5-ad5ef34f45e1,1979,1997,e15e7b92-f376-374f-9285-2f59a38ad823,Guardian
5e45c4d2-4300-4e9d-b76e-aaef5b56d20e,1954,1972,e15e7b92-f376-374f-9285-2f59a38ad823,Guardian
3480f5d4-2b6d-416d-91b6-4cf5b4a32884,1975,1993,e15e7b92-f376-374f-9285-2f59a38ad823,Guardian
c934fe6d-f010-4a30-b35f-e443094567f6,1983,2001,e15e7b92-f376-374f-9285-2f59a38ad823,Guardian
f73f36a4-ba1c-49af-8356-e2013158a553,1970,1988,e15e7b92-f376-374f-9285-2f59a38ad823,Guardian
6c4b3be4-90f9-4a97-af7d-c44d0ed55e1e,1955,1973,e15e7b92-f376-374f-9285-2f59a38ad823,Guardian
a8681e7d-2203-4212-b3f6-8b5e2e28b942,1946,1964,e15e7b92-f376-374f-9285-2f59a38ad823,Guardian
d6c0dfff-b1e0-4a86-bd7e-064d6fea7245,1954,1972,e15e7b92-f376-374f-9285-2f59a38ad823,Guardian
95edfa70-d589-41a2-82fe-87c8dbb73cb9,1979,1997,e15e7b92-f376-374f-9285-2f59a38ad823,Guardian
a5fcfa20-03e6-4759-8d90-1f9d9dc7bf79,1982,2000,e15e7b92-f376-374f-9285-2f59a38ad823,Guardian
b21fbf75-ec90-4b5f-9b5b-d392b299b3f2,1938,1956,e15e7b92-f376-374f-9285-2f59a38ad823,Guardian
05c79f84-ca20-4488-8479-cefa307b1b09,1991,2009,e15e7b92-f376-374f-9285-2f59a38ad823,Guardian
2a40e8cf-1bfc-4536-a4cc-b5d888a8db0b,1986,2004,e15e7b92-f376-374f-9285-2f59a38ad823,Guardian
a38d2a5c-401c-42cd-9b00-6245d55e2c6d,1987,2005,e15e7b92-f376-374f-9285-2f59a38ad823,Guardian
5cd99ee8-b277-4ac0-8279-b548facfb887,1973,1991,e15e7b92-f376-374f-9285-2f59a38ad823,Guardian
60820eea-463f-4282-bca6-41e98d493c82,1935,1953,e15e7b92-f376-374f-9285-2f59a38ad823,Guardian
911f46cb-0c57-4f36-9db8-d40bbb0b3e19,1977,1995,e15e7b92-f376-374f-9285-2f59a38ad823,Guardian
463ec299-5455-483a-a9de-5de287469247,1971,1989,e15e7b92-f376-374f-9285-2f59a38ad823,Guardian
6d919718-a3bb-4fc7-9afd-665120e4e0bd,1990,2008,e15e7b92-f376-374f-9285-2f59a38ad823,Guardian
c04f8ca7-ba51-464a-a923-56deb5810dab,1968,1986,e15e7b92-f376-374f-9285-2f59a38ad823,Guardian
4cb6bdae-b70e-4648-a469-33ff2f01151c,1965,1983,e15e7b92-f376-374f-9285-2f59a38ad823,Guardian
4e5e0a34-3e52-4779-91d0-860a58a131f7,1954,1972,e15e7b92-f376-374f-9285-2f59a38ad823,Guardian
