DATE,PATIENT,ENCOUNTER,CODE,DESCRIPTION,BASE_COST,REASONCODE,REASONDESCRIPTION
1983-03-07,d49a553e-2075-4d7c-b24b-c90721f735e1,c83c1fb3-42b4-4586-a081-85ffc215072b,40701008,Echocardiography (procedure),1237.12,22298006,Myocardial Infarction
1983-03-07,d49a553e-2075-4d7c-b24b-c90721f735e1,c83c1fb3-42b4-4586-a081-85ffc215072b,415070008,Percutaneous coronary intervention,17887.51,22298006,Myocardial Infarction
1983-03-07,d49a553e-2075-4d7c-b24b-c90721f735e1,c83c1fb3-42b4-4586-a081-85ffc215072b,232717009,Coronary artery bypass grafting,40708.03,22298006,Myocardial Infarction
2020-01-31,66e9934b-b0a5-4231-aa35-a9d2389bb294,16bad190-6b46-4de2-b184-b58469c74999,40701008,Echocardiography (procedure),1041.65,230690007,Stroke
2020-01-31,66e9934b-b0a5-4231-aa35-a9d2389bb294,16bad190-6b46-4de2-b184-b58469c74999,433112001,Percutaneous mechanical thrombectomy of portal vein using fluoroscopic guidance,19241.83,230690007,Stroke
2011-12-16,5cd99ee8-b277-4ac0-8279-b548facfb887,39f8db79-1895-4e37-9bf0-b3f378af3ae5,40701008,Echocardiography (procedure),1373.07,410429000,Cardiac Arrest
2011-12-16,5cd99ee8-b277-4ac0-8279-b548facfb887,39f8db79-1895-4e37-9bf0-b3f378af3ae5,447365002,Insertion of biventricular implantable cardioverter defibrillator,16544.61,410429000,Cardiac Arrest
2011-12-16,5cd99ee8-b277-4ac0-8279-b548facfb887,39f8db79-1895-4e37-9bf0-b3f378af3ae5,18286008,Catheter ablation of tissue of heart,11436.14,410429000,Cardiac Arrest
