Id,ORGANIZATION,NAME,GENDER,SPECIALITY,ADDRESS,CITY,STATE,ZIP,LAT,LON,UTILIZATION
42d24786-a1b1-3692-81b9-5605fa0257b0,319baef9-e8e6-3320-9e0b-7991d9c167b8,Otieno Suonvieri,M,GENERAL PRACTICE,Haartmaninkatu 4,Helsinki,18,00290,60.189159,24.909081,1
75f3483d-9d21-3a17-9e9b-226d319dd8c4,39010280-b8e5-3b1a-b835-bafbeea21968,Delal Kalliola,F,GENERAL PRACTICE,Turuntie 150,Espoo,18,02740,60.22589,24.77581,1
4d2d273e-7349-39b3-9d50-75f4318f139a,8af774ed-7635-320a-ad8c-a63aa309a858,Max Lehmus,M,GENERAL PRACTICE,Sairaalatie 8,Lohja,18,08200,60.2247,24.01885,1
942e526d-7b8a-30be-be2d-b64ab0a196b7,738aef7e-a279-3f65-9dba-fead16b27400,Arwen Tuori,F,GENERAL PRACTICE,Turuntie 150,Espoo,18,02740,60.22589,24.77581,1230
66ccf18c-a760-3b2a-8463-de7d8bd20e89,9a3e6919-4ed0-32fe-a1e2-7184b06c415f,Onni-Ilmari Grimm,M,GENERAL PRACTICE,Karvasmäentie 6,Espoo,18,02740,60.22011,24.6848,422
9ea6fe53-d6c9-311a-b3fa-e756509fcf6e,a70486b2-c33a-37b3-a4cf-b3dc06cb9d84,Säde Länsimaa,F,GENERAL PRACTICE,Sairaalakatu 1,Vantaa,18,01400,60.3299,25.0608,1251
e746198c-423d-3289-ad71-8d017328e39c,bf25636d-50a4-3cf2-b937-0e59fd37503f,Otieno Suonvieri,M,GENERAL PRACTICE,Sairaalankatu 1,Hyvinkää,18,05830,60.612,24.82486,165
9b6893d5-a6f0-31f1-a573-988ce4008700,4eddd774-a01b-3a0b-b4c6-736a5581aba4,Basilius Karhe,M,GENERAL PRACTICE,Ohkolantie 10,Kellokoski,18,04500,60.53054,25.10548,155
1eb47e62-3630-3446-b417-2494f29da7e7,942171f0-df04-34cc-9c85-1a11b2f08717,Zoran Alahäivälä,M,GENERAL PRACTICE,Sairaalatie 8,Lohja,18,08200,60.2247,24.01885,252
7e51dbd4-d0b4-317c-8f3b-a8c61f973f34,216a84b2-6287-356d-9bcf-655abf00debb,Danial Jantunen,M,GENERAL PRACTICE,Sairaalantie 1,Porvoo,18,06200,60.37911,25.69576,251
5619212a-7007-3223-b8d4-c7ca9e79c7cd,319baef9-e8e6-3320-9e0b-7991d9c167b8,Arwen Tuori,F,GENERAL PRACTICE,Haartmaninkatu 4,Helsinki,18,00290,60.189159,24.909081,1
