person_id,gender_concept_id,year_of_birth,month_of_birth,day_of_birth,birth_datetime,race_concept_id,ethnicity_concept_id,location_id,provider_id,care_site_id,person_source_value,gender_source_value,gender_source_concept_id,race_source_value,race_source_concept_id,ethnicity_source_value,ethnicity_source_concept_id
4128,8532,1984,1,9,,8527,0,4128,,,acfd7772-7619-406b-bd3e-fd9213181c4d,F,0,white,0,nonhispanic,0
4129,8532,1971,2,24,,8527,0,4129,,,cb5e9d08-71e9-4da9-90cc-45171cdac23e,F,0,white,0,nonhispanic,0
4130,8532,1964,7,27,,8527,0,4130,,,c9648bd6-8e4b-42dd-ae78-a69d009b5ccd,F,0,white,0,nonhispanic,0
4131,8532,1954,9,6,,8527,0,4131,,,77cda4e2-91e3-4fd9-8a25-5ad226900458,F,0,white,0,nonhispanic,0
4132,8507,1957,1,25,,8527,0,4132,,,cfdecc37-d9ad-4891-aa7a-f8a890f207ff,M,0,white,0,nonhispanic,0
4133,8532,1944,3,25,,8527,0,4133,,,9b8a82c4-2c38-435a-bb98-3321dcc697f8,F,0,white,0,nonhispanic,0
4134,8532,1946,9,5,,8527,0,4134,,,52aa335c-0508-4632-86d8-824e69df708d,F,0,white,0,nonhispanic,0
4135,8507,1946,5,15,,8527,0,4135,,,821cc792-7258-4187-bf15-b29fdc6ac461,M,0,white,0,nonhispanic,0
4136,8507,1995,8,13,,8527,0,4136,,,ee064682-5e40-4801-a4fd-b22fa0a1dc00,M,0,white,0,nonhispanic,0
4137,8507,1990,2,4,,8527,0,4137,,,708c8187-87ca-41a6-992e-83551566c81d,M,0,white,0,nonhispanic,0
4138,8532,1960,12,21,,8527,0,4138,,,7c786168-a99e-47d4-be53-e1ff2adeafce,F,0,white,0,nonhispanic,0
4139,8507,1996,12,5,,8527,0,4139,,,dcd5a754-b9bb-420a-b730-58c11f7532e9,M,0,white,0,nonhispanic,0
4140,8507,2005,5,25,,8527,0,4140,,,bf7f9e85-9d8d-4297-899e-9035c1ef5fad,M,0,white,0,nonhispanic,0
4141,8532,1985,6,17,,8527,0,4141,,,5d04f0fb-ce77-48bb-a382-f79e04d715e6,F,0,white,0,nonhispanic,0
4142,8532,1998,3,25,,8527,0,4142,,,48972980-f755-4ce1-b165-46b1a09d1521,F,0,white,0,nonhispanic,0
4143,8507,1983,5,23,,8527,0,4143,,,fd977778-558c-4001-850e-a3827ba55234,M,0,white,0,nonhispanic,0
4144,8532,1975,11,17,,8527,0,4144,,,ead035b4-4db5-4d9e-be5d-735e721cbbbb,F,0,white,0,nonhispanic,0
4145,8507,2013,4,2,,8527,0,4145,,,89b1e9de-d6f3-424d-92f2-dd5fb68e282d,M,0,white,0,nonhispanic,0
4146,8532,1951,8,25,,8527,0,4146,,,86de062c-3771-4c95-a2c7-871b5803f030,F,0,white,0,nonhispanic,0
4147,8507,2007,3,30,,8527,0,4147,,,22b816ef-fd1a-4119-8fa9-f5b1199b0fad,M,0,white,0,nonhispanic,0
4148,8507,1988,9,9,,8527,0,4148,,,49492bc7-2bbc-49bc-b9dc-ccdbfb596200,M,0,white,0,nonhispanic,0
4149,8507,2010,3,3,,8527,0,4149,,,c51530f9-eeae-472a-ae06-5ea97d1b2641,M,0,white,0,nonhispanic,0
4150,8532,1979,11,22,,8527,0,4150,,,5c0ffb9d-dc6a-4282-9edc-7d74249eea85,F,0,white,0,nonhispanic,0
4151,8532,1923,2,9,,8527,0,4151,,,aa0162cd-9c8e-4580-8ec1-5909334d4b11,F,0,white,0,nonhispanic,0
4152,8532,1956,3,22,,8527,0,4152,,,ccd11ad9-2a9e-4af6-af8b-33dd59d509a6,F,0,white,0,nonhispanic,0
4153,8507,2000,1,9,,8527,0,4153,,,881d9ac8-fad0-4807-b589-f9c716b2c4f4,M,0,white,0,nonhispanic,0
4154,8507,1978,1,30,,8527,0,4154,,,acd039ef-8462-4e34-be85-6f125444ee38,M,0,white,0,nonhispanic,0
4155,8532,1986,12,7,,8527,0,4155,,,ab20c0fc-957c-49a2-ac9e-e98fdb304303,F,0,white,0,nonhispanic,0
4156,8532,1977,5,5,,8527,0,4156,,,49da6d9a-c6e4-40f3-be2d-3094a1e4551c,F,0,white,0,nonhispanic,0
4157,8532,1992,10,25,,8527,0,4157,,,2841c130-3a04-4826-9901-2537dc88c7c0,F,0,white,0,nonhispanic,0
4158,8507,2002,8,30,,8527,0,4158,,,011a151c-3d7d-4952-86ca-ddc9847c21f7,M,0,white,0,nonhispanic,0
4159,8507,1946,10,12,,8527,0,4159,,,6c92ba21-c795-4a39-80ff-13d538bcd370,M,0,white,0,nonhispanic,0
4160,8507,1958,8,4,,8527,0,4160,,,ad139c20-bdc4-48b2-920f-1468ca749503,M,0,white,0,nonhispanic,0
4161,8532,2003,6,17,,8527,0,4161,,,db2442f1-b420-46b7-91cb-2e2ff5578ac6,F,0,white,0,nonhispanic,0
4162,8532,1935,8,8,,8527,0,4162,,,09961169-3321-432a-99f5-4638aa3a4029,F,0,white,0,nonhispanic,0
4163,8507,1998,7,10,,8527,0,4163,,,4dd102b6-0eec-4b3f-8747-3562a513ad7e,M,0,white,0,nonhispanic,0
4164,8532,1985,9,5,,8527,0,4164,,,4e6567ed-ec19-43c9-905d-188a58d3c2ed,F,0,white,0,nonhispanic,0
4165,8507,1949,9,6,,8527,0,4165,,,2b2130c5-541d-4493-ad6f-20be333cda6d,M,0,white,0,nonhispanic,0
4166,8507,1952,5,4,,8527,0,4166,,,fe725240-23b3-4165-9bdc-0f49f1395dfb,M,0,white,0,nonhispanic,0
4167,8507,1982,4,11,,8527,0,4167,,,2b19d587-73c6-4fc5-934b-b7b0dc261294,M,0,white,0,nonhispanic,0
4168,8507,2005,12,3,,8527,0,4168,,,4cc2467b-faa5-4909-a0ff-f658e3e34451,M,0,white,0,nonhispanic,0
4169,8507,1993,6,18,,8527,0,4169,,,50bb3795-96a7-44c4-a6b4-0b74e6070d93,M,0,white,0,nonhispanic,0
4170,8532,1940,6,13,,8527,0,4170,,,04328ee5-dc93-471d-9b99-fb1712508916,F,0,white,0,nonhispanic,0
4171,8507,1984,7,17,,8527,0,4171,,,a7e336e4-cdca-4fa6-a541-59aa317fa8d7,M,0,white,0,nonhispanic,0
4172,8532,1973,3,28,,8527,0,4172,,,90cfbf84-a054-486b-93d4-f56be6acc0f6,F,0,white,0,nonhispanic,0
4173,8507,1958,8,4,,8527,0,4173,,,0b5f8ad5-cc58-4bb9-88fb-4fcf4cb0c0c4,M,0,white,0,nonhispanic,0
4174,8507,2019,12,22,,8527,0,4174,,,ecd6a691-4156-4d9d-bbea-2e9faa938279,M,0,white,0,nonhispanic,0
4175,8507,2000,8,15,,8527,0,4175,,,14c97af9-2cb9-4775-b7ac-4ea92081b558,M,0,white,0,nonhispanic,0
4176,8532,1980,10,3,,8527,0,4176,,,5e207dc0-204e-43f4-9514-f546ba3ec474,F,0,white,0,nonhispanic,0
4177,8532,1994,1,15,,8527,0,4177,,,e3fa4445-21b9-42f1-8316-aaec1d61ed21,F,0,white,0,nonhispanic,0
4178,8507,1984,11,8,,8527,0,4178,,,4779238c-0841-4131-a2f9-dc43fb8d6ce4,M,0,white,0,nonhispanic,0
4179,8532,2017,7,3,,8527,0,4179,,,66778d84-fac2-4bce-b5ad-4b41dee0a766,F,0,white,0,nonhispanic,0
4180,8532,1968,9,5,,8527,0,4180,,,3b70e90a-2c82-455b-98f8-767ee3ff355d,F,0,white,0,nonhispanic,0
4181,8507,1983,8,7,,8527,0,4181,,,b6413621-2ff4-4461-ab16-55c9d7b6c5d0,M,0,white,0,nonhispanic,0
4182,8532,1988,6,7,,8527,0,4182,,,04414a90-96a1-46bb-8389-38f052af2544,F,0,white,0,nonhispanic,0
4183,8532,2004,2,19,,8527,0,4183,,,aa133cc7-4620-4910-86b5-7a27a8caf2ce,F,0,white,0,nonhispanic,0
4184,8532,1976,7,21,,8527,0,4184,,,eb98f3e3-98e6-4372-b462-7bb14ecf1893,F,0,white,0,nonhispanic,0
4185,8507,1993,10,14,,8527,0,4185,,,ce3b4519-fd73-4ae2-9c6a-a0a858f727e2,M,0,white,0,nonhispanic,0
4186,8532,1965,1,18,,8527,0,4186,,,468028f2-5b37-48cb-8887-e1c740e2623c,F,0,white,0,nonhispanic,0
4187,8532,1976,8,23,,8527,0,4187,,,d5fd29c7-6e8c-4635-867c-95a570c3ed8a,F,0,white,0,nonhispanic,0
4188,8507,1940,3,19,,8527,0,4188,,,ba4e60f5-657e-48b6-a6ab-74041ea6b7a3,M,0,white,0,nonhispanic,0
4189,8532,1961,3,7,,8527,0,4189,,,98be60dc-729d-4b15-835c-b4e0ab16848c,F,0,white,0,nonhispanic,0
4190,8507,1958,4,18,,8527,0,4190,,,d9a23e59-e069-4d30-b5eb-683c24e81408,M,0,white,0,nonhispanic,0
4191,8507,1977,9,13,,8527,0,4191,,,a7b56a7a-e0d3-409c-9390-8109d170cd0e,M,0,white,0,nonhispanic,0
4192,8532,2014,10,30,,8527,0,4192,,,a0701ef3-6a06-4a5f-8e97-adcf56cb4542,F,0,white,0,nonhispanic,0
4193,8532,1964,8,27,,8527,0,4193,,,6b71fecb-34c6-4053-968c-32fbe43f1a29,F,0,white,0,nonhispanic,0
4194,8532,1945,2,16,,8527,0,4194,,,55a0bf2e-e6c8-42ab-817b-f97419b3a953,F,0,white,0,nonhispanic,0
4195,8532,2005,2,24,,8527,0,4195,,,bc074483-7a28-4e79-ad05-012a445f9201,F,0,white,0,nonhispanic,0
4196,8507,1971,3,15,,8527,0,4196,,,982014c1-632f-498c-a65e-256f029cd5da,M,0,white,0,nonhispanic,0
4197,8532,1975,5,14,,8527,0,4197,,,2f15bb4c-e3dc-4e6b-a5eb-b43fbc09d67c,F,0,white,0,nonhispanic,0
4198,8507,1995,1,31,,8527,0,4198,,,9dfa20d9-9aec-455b-a820-2abce786594d,M,0,white,0,nonhispanic,0
4199,8532,1932,8,3,,8527,0,4199,,,c58fd178-66c4-4118-a90c-65d075f9780c,F,0,white,0,nonhispanic,0
4200,8532,1997,12,8,,8527,0,4200,,,2cf36914-4ee0-4515-afde-d2d0b6366d7e,F,0,white,0,nonhispanic,0
4201,8507,1958,4,18,,8527,0,4201,,,86489b56-49a9-4044-b569-bebe2ffa91fd,M,0,white,0,nonhispanic,0
4202,8507,1980,7,16,,8527,0,4202,,,555030d9-a5d1-4181-b5a6-470e07aa8497,M,0,white,0,nonhispanic,0
4203,8532,1968,3,2,,8527,0,4203,,,db52f752-794f-4051-84fe-095bdda3a71e,F,0,white,0,nonhispanic,0
4204,8507,1940,3,19,,8527,0,4204,,,966aaf86-03be-48c7-92a2-0ec0c130f4ed,M,0,white,0,nonhispanic,0
4205,8532,1993,2,28,,8527,0,4205,,,34fe686d-6672-4528-8bbc-db1da5249fed,F,0,white,0,nonhispanic,0
4206,8532,2007,4,19,,8527,0,4206,,,0911a9c1-cac6-4a9e-a5cb-e8d75504f452,F,0,white,0,nonhispanic,0
4207,8532,1996,6,26,,8527,0,4207,,,752f6ee3-e6b9-485a-a71d-7763890093b1,F,0,white,0,nonhispanic,0
4208,8507,1937,1,18,,8527,0,4208,,,e9aefcb2-1917-4366-8d14-e9b6b1f2deae,M,0,white,0,nonhispanic,0
4209,8507,1964,12,13,,8527,0,4209,,,f6440be9-ca2a-47ef-babb-a0d0424dc416,M,0,white,0,nonhispanic,0
4210,8532,1974,5,23,,8527,0,4210,,,951f425e-3360-480e-8955-43bc8b980ec2,F,0,white,0,nonhispanic,0
4211,8532,2000,7,27,,8527,0,4211,,,887c739d-d9ec-44ae-b8fb-7807303518d7,F,0,white,0,nonhispanic,0
4212,8532,1956,9,22,,8527,0,4212,,,34242169-399f-4adb-9449-5004cf54ecc9,F,0,white,0,nonhispanic,0
4213,8532,1989,10,12,,8527,0,4213,,,e13e7758-7192-48bb-bd1a-b7facbfd856e,F,0,white,0,nonhispanic,0
4214,8532,1945,3,16,,8527,0,4214,,,84413d09-879c-4d65-920d-8ae54c45df55,F,0,white,0,nonhispanic,0
4215,8532,1983,4,22,,8527,0,4215,,,49bb818e-6360-4154-9357-0bea7dade06e,F,0,white,0,nonhispanic,0
4216,8532,1973,8,17,,8527,0,4216,,,d8f89147-3427-4d5c-b78f-9eb3a287d419,F,0,white,0,nonhispanic,0
4217,8507,1957,6,13,,8527,0,4217,,,8879d43e-5908-4996-ae1c-5ea63ae2f9a5,M,0,white,0,nonhispanic,0
4218,8507,1983,8,6,,8527,0,4218,,,16b8add0-a1ef-4c7d-a1d8-cb6117515c66,M,0,white,0,nonhispanic,0
4219,8532,1989,8,23,,8527,0,4219,,,4279624d-07fa-42df-850e-115aaf1698c7,F,0,white,0,nonhispanic,0
4220,8532,1994,12,3,,8527,0,4220,,,7ad2a3d6-a117-47ce-b537-d7047c817a55,F,0,white,0,nonhispanic,0
4221,8507,1982,7,14,,8527,0,4221,,,d1843a94-a10a-4357-93f1-ca024966dfdf,M,0,white,0,nonhispanic,0
4222,8532,1987,9,3,,8527,0,4222,,,54507060-768c-49f2-b455-9fc87d95472f,F,0,white,0,nonhispanic,0
4223,8532,2018,6,9,,8527,0,4223,,,1218fc59-309a-49ee-98be-aef5b248c42a,F,0,white,0,nonhispanic,0
4224,8507,1937,1,18,,8527,0,4224,,,aef6448c-c06a-48e0-917f-1edde02dd69b,M,0,white,0,nonhispanic,0
4225,8532,1981,6,8,,8527,0,4225,,,cde58499-a7e8-43ff-971b-5051d07e0836,F,0,white,0,nonhispanic,0
4226,8507,1973,8,5,,8527,0,4226,,,ae8a022f-c198-4150-8001-61df62bb9402,M,0,white,0,nonhispanic,0
4227,8532,1955,10,6,,8527,0,4227,,,4aee02fb-ee15-41e9-92da-6a95bf3012d0,F,0,white,0,nonhispanic,0
4228,8507,1987,2,18,,8527,0,4228,,,9fa4dcfb-ab36-4b81-8295-93166b4be586,M,0,white,0,nonhispanic,0
4229,8532,1961,2,12,,8527,0,4229,,,e2297268-1612-44c4-9d47-5e4cf8e79db5,F,0,white,0,nonhispanic,0
4230,8532,1946,3,5,,8527,0,4230,,,a5d775b7-d91e-42ec-a37a-6291d00eb51a,F,0,white,0,nonhispanic,0
4231,8532,1946,4,26,,8527,0,4231,,,3944027e-a4b9-4cfb-8ca4-e52718c2659f,F,0,white,0,nonhispanic,0
4232,8532,1946,3,5,,8527,0,4232,,,2a01d8ab-ff27-4c61-a150-c11afe43dee8,F,0,white,0,nonhispanic,0
